<?xml version="1.0" encoding="UTF-8"?>
<alto xmlns:xsi="http://www.w3.org/2001/XMLSchema-instance" xsi:noNamespaceSchemaLocation="http://www.bl.uk/schemas/alto/alto-1-4.xsd" xmlns:xlink="http://www.w3.org/1999/xlink">
	<Description>
		<MeasurementUnit>mm10</MeasurementUnit>
		<sourceImageInformation>
			<fileName>//head1/IN/2007-46/A0010888503.1/009711.jp2</fileName>
		</sourceImageInformation>
		<OCRProcessing ID="OCRPROCESSING_1">
			<preProcessingStep>
				<processingSoftware>
					<softwareCreator>CCS Content Conversion Specialists GmbH, Germany</softwareCreator>
					<softwareName>CCS docWORKS</softwareName>
					<softwareVersion>6.1-0.61</softwareVersion>
				</processingSoftware>
			</preProcessingStep>
			<ocrProcessingStep>
				<processingSoftware>
					<softwareCreator>ABBYY (BIT Software), Russia</softwareCreator>
					<softwareName>Finereader</softwareName>
				</processingSoftware>
			</ocrProcessingStep>
		</OCRProcessing>
	</Description>
	<Styles>
		<TextStyle ID="TXT_0" FONTSIZE="11" FONTFAMILY="Courier New"/>
		<TextStyle ID="TXT_1" FONTSIZE="9" FONTFAMILY="Courier New"/>
		<ParagraphStyle ID="PAR_RIGHT" ALIGN="Right"/>
		<ParagraphStyle ID="PAR_CENTER" ALIGN="Center"/>
		<ParagraphStyle ID="PAR_LEFT" ALIGN="Left"/>
	</Styles>
	<Layout>
		<Page ID="P175" PHYSICAL_IMG_NR="175" HEIGHT="1740" WIDTH="1090" PRINTED_IMG_NR="163" POSITION="Right" ACCURACY="72.64">
			<TopMargin ID="P175_TM00001" HPOS="0" VPOS="0" WIDTH="1089" HEIGHT="126">
				<TextBlock ID="P175_TB00001" HPOS="887" VPOS="99" WIDTH="51" HEIGHT="25" STYLEREFS="TXT_0 PAR_RIGHT">
					<TextLine ID="P175_TL00001" HPOS="887" VPOS="99" WIDTH="51" HEIGHT="25">
						<String ID="P175_ST00001" HPOS="887" VPOS="99" WIDTH="51" HEIGHT="25" CONTENT="163" WC="1.00" CC="000"/>
					</TextLine>
				</TextBlock>
				<TextBlock ID="P175_TB00002" HPOS="295" VPOS="101" WIDTH="470" HEIGHT="23" STYLEREFS="TXT_1 PAR_CENTER">
					<TextLine ID="P175_TL00002" HPOS="296" VPOS="102" WIDTH="469" HEIGHT="22">
						<String ID="P175_ST00002" HPOS="296" VPOS="102" WIDTH="170" HEIGHT="21" CONTENT="IMITATION" WC="0.71" CC="100604039"/>
						<SP ID="P175_SP00001" HPOS="466" VPOS="123" WIDTH="24"/>
						<String ID="P175_ST00003" HPOS="490" VPOS="103" WIDTH="275" HEIGHT="21" CONTENT="RESPECTABILITY." WC="0.70" CC="616700004322460"/>
					</TextLine>
				</TextBlock>
			</TopMargin>
			<LeftMargin ID="P175_LM00001" HPOS="0" VPOS="126" WIDTH="115" HEIGHT="1475"/>
			<RightMargin ID="P175_RM00001" HPOS="944" VPOS="126" WIDTH="145" HEIGHT="1475"/>
			<BottomMargin ID="P175_BM00001" HPOS="0" VPOS="1601" WIDTH="1089" HEIGHT="138"/>
			<PrintSpace ID="P175_PS00001" HPOS="115" VPOS="126" WIDTH="829" HEIGHT="1475">
				<TextBlock ID="P175_TB00003" HPOS="118" VPOS="176" WIDTH="826" HEIGHT="105" STYLEREFS="TXT_1 PAR_LEFT">
					<TextLine ID="P175_TL00003" HPOS="119" VPOS="177" WIDTH="825" HEIGHT="43">
						<String ID="P175_ST00004" HPOS="119" VPOS="177" WIDTH="91" HEIGHT="32" CONTENT="made" WC="1.00" CC="0000"/>
						<SP ID="P175_SP00002" HPOS="210" VPOS="209" WIDTH="22"/>
						<String ID="P175_ST00005" HPOS="232" VPOS="189" WIDTH="85" HEIGHT="31" CONTENT="away" WC="0.76" CC="0900"/>
						<SP ID="P175_SP00003" HPOS="317" VPOS="220" WIDTH="24"/>
						<String ID="P175_ST00006" HPOS="341" VPOS="178" WIDTH="73" HEIGHT="32" CONTENT="with" WC="0.78" CC="0107"/>
						<SP ID="P175_SP00004" HPOS="414" VPOS="220" WIDTH="26"/>
						<String ID="P175_ST00007" HPOS="440" VPOS="190" WIDTH="40" HEIGHT="20" CONTENT="no" WC="0.71" CC="50"/>
						<SP ID="P175_SP00005" HPOS="480" VPOS="220" WIDTH="18"/>
						<String ID="P175_ST00008" HPOS="498" VPOS="178" WIDTH="240" HEIGHT="33" CONTENT="inconsiderable" WC="0.83" CC="44006330000000"/>
						<SP ID="P175_SP00006" HPOS="738" VPOS="220" WIDTH="23"/>
						<String ID="P175_ST00009" HPOS="761" VPOS="184" WIDTH="126" HEIGHT="32" CONTENT="amount" WC="0.65" CC="001774"/>
						<SP ID="P175_SP00007" HPOS="887" VPOS="220" WIDTH="24"/>
						<String ID="P175_ST00010" HPOS="911" VPOS="180" WIDTH="33" HEIGHT="31" CONTENT="of" WC="1.00" CC="00"/>
					</TextLine>
					<TextLine ID="P175_TL00004" HPOS="120" VPOS="238" WIDTH="277" HEIGHT="43">
						<String ID="P175_ST00011" HPOS="120" VPOS="238" WIDTH="84" HEIGHT="33" CONTENT="linen" WC="0.74" CC="40007"/>
						<SP ID="P175_SP00008" HPOS="204" VPOS="271" WIDTH="22"/>
						<String ID="P175_ST00012" HPOS="226" VPOS="240" WIDTH="60" HEIGHT="31" CONTENT="and" WC="0.79" CC="060"/>
						<SP ID="P175_SP00009" HPOS="286" VPOS="271" WIDTH="23"/>
						<String ID="P175_ST00013" HPOS="309" VPOS="240" WIDTH="88" HEIGHT="41" CONTENT="plate." WC="0.93" CC="040000"/>
					</TextLine>
				</TextBlock>
				<TextBlock ID="P175_TB00004" HPOS="115" VPOS="300" WIDTH="823" HEIGHT="1261" STYLEREFS="TXT_1 PAR_LEFT">
					<TextLine ID="P175_TL00005" HPOS="163" VPOS="300" WIDTH="775" HEIGHT="43">
						<String ID="P175_ST00014" HPOS="163" VPOS="300" WIDTH="42" HEIGHT="32" CONTENT="M." WC="0.78" CC="04"/>
						<SP ID="P175_SP00010" HPOS="205" VPOS="332" WIDTH="26"/>
						<String ID="P175_ST00015" HPOS="231" VPOS="301" WIDTH="37" HEIGHT="32" CONTENT="de" WC="1.00" CC="00"/>
						<SP ID="P175_SP00011" HPOS="268" VPOS="333" WIDTH="30"/>
						<String ID="P175_ST00016" HPOS="298" VPOS="302" WIDTH="166" HEIGHT="41" CONTENT="Moranges" WC="0.81" CC="00607001"/>
						<SP ID="P175_SP00012" HPOS="464" VPOS="343" WIDTH="29"/>
						<String ID="P175_ST00017" HPOS="493" VPOS="302" WIDTH="143" HEIGHT="31" CONTENT="modified" WC="0.93" CC="03010000"/>
						<SP ID="P175_SP00013" HPOS="636" VPOS="343" WIDTH="33"/>
						<String ID="P175_ST00018" HPOS="669" VPOS="302" WIDTH="46" HEIGHT="32" CONTENT="his" WC="0.33" CC="766"/>
						<SP ID="P175_SP00014" HPOS="715" VPOS="343" WIDTH="34"/>
						<String ID="P175_ST00019" HPOS="749" VPOS="303" WIDTH="106" HEIGHT="31" CONTENT="tactics" WC="0.99" CC="0000000"/>
						<SP ID="P175_SP00015" HPOS="855" VPOS="343" WIDTH="23"/>
						<String ID="P175_ST00020" HPOS="878" VPOS="303" WIDTH="60" HEIGHT="31" CONTENT="and" WC="0.76" CC="070"/>
					</TextLine>
					<TextLine ID="P175_TL00006" HPOS="119" VPOS="363" WIDTH="819" HEIGHT="42">
						<String ID="P175_ST00021" HPOS="119" VPOS="363" WIDTH="156" HEIGHT="32" CONTENT="conceded" WC="0.81" CC="70700000"/>
						<SP ID="P175_SP00016" HPOS="275" VPOS="395" WIDTH="23"/>
						<String ID="P175_ST00022" HPOS="298" VPOS="375" WIDTH="17" HEIGHT="20" CONTENT="a" WC="1.00" CC="0"/>
						<SP ID="P175_SP00017" HPOS="315" VPOS="395" WIDTH="22"/>
						<String ID="P175_ST00023" HPOS="337" VPOS="364" WIDTH="83" HEIGHT="41" CONTENT="point" WC="0.81" CC="00270"/>
						<SP ID="P175_SP00018" HPOS="420" VPOS="405" WIDTH="23"/>
						<String ID="P175_ST00024" HPOS="443" VPOS="376" WIDTH="33" HEIGHT="19" CONTENT="or" WC="0.80" CC="03"/>
						<SP ID="P175_SP00019" HPOS="476" VPOS="405" WIDTH="22"/>
						<String ID="P175_ST00025" HPOS="498" VPOS="369" WIDTH="70" HEIGHT="27" CONTENT="two." WC="0.96" CC="0010"/>
						<SP ID="P175_SP00020" HPOS="568" VPOS="405" WIDTH="48"/>
						<String ID="P175_ST00026" HPOS="616" VPOS="365" WIDTH="124" HEIGHT="31" CONTENT="Instead" WC="0.78" CC="0760100"/>
						<SP ID="P175_SP00021" HPOS="740" VPOS="405" WIDTH="23"/>
						<String ID="P175_ST00027" HPOS="763" VPOS="365" WIDTH="33" HEIGHT="31" CONTENT="of" WC="0.67" CC="42"/>
						<SP ID="P175_SP00022" HPOS="796" VPOS="405" WIDTH="19"/>
						<String ID="P175_ST00028" HPOS="815" VPOS="365" WIDTH="123" HEIGHT="40" CONTENT="seeking" WC="0.61" CC="4003169"/>
					</TextLine>
					<TextLine ID="P175_TL00007" HPOS="117" VPOS="423" WIDTH="821" HEIGHT="43">
						<String ID="P175_ST00029" HPOS="117" VPOS="423" WIDTH="48" HEIGHT="32" CONTENT="for" WC="0.65" CC="630"/>
						<SP ID="P175_SP00023" HPOS="165" VPOS="455" WIDTH="36"/>
						<String ID="P175_ST00030" HPOS="201" VPOS="425" WIDTH="53" HEIGHT="31" CONTENT="the" WC="0.49" CC="770"/>
						<SP ID="P175_SP00024" HPOS="254" VPOS="456" WIDTH="38"/>
						<String ID="P175_ST00031" HPOS="292" VPOS="425" WIDTH="225" HEIGHT="41" CONTENT="respectability" WC="0.87" CC="20700000050000"/>
						<SP ID="P175_SP00025" HPOS="517" VPOS="466" WIDTH="38"/>
						<String ID="P175_ST00032" HPOS="555" VPOS="425" WIDTH="100" HEIGHT="32" CONTENT="which" WC="0.45" CC="97207"/>
						<SP ID="P175_SP00026" HPOS="655" VPOS="466" WIDTH="30"/>
						<String ID="P175_ST00033" HPOS="685" VPOS="426" WIDTH="110" HEIGHT="31" CONTENT="turned" WC="0.75" CC="044600"/>
						<SP ID="P175_SP00027" HPOS="795" VPOS="466" WIDTH="38"/>
						<String ID="P175_ST00034" HPOS="833" VPOS="430" WIDTH="52" HEIGHT="27" CONTENT="out" WC="0.69" CC="350"/>
						<SP ID="P175_SP00028" HPOS="885" VPOS="466" WIDTH="21"/>
						<String ID="P175_ST00035" HPOS="906" VPOS="431" WIDTH="32" HEIGHT="26" CONTENT="to" WC="0.73" CC="50"/>
					</TextLine>
					<TextLine ID="P175_TL00008" HPOS="118" VPOS="485" WIDTH="819" HEIGHT="43">
						<String ID="P175_ST00036" HPOS="118" VPOS="485" WIDTH="39" HEIGHT="31" CONTENT="be" WC="0.63" CC="70"/>
						<SP ID="P175_SP00029" HPOS="157" VPOS="516" WIDTH="17"/>
						<String ID="P175_ST00037" HPOS="174" VPOS="497" WIDTH="18" HEIGHT="20" CONTENT="a" WC="1.00" CC="0"/>
						<SP ID="P175_SP00030" HPOS="192" VPOS="517" WIDTH="23"/>
						<String ID="P175_ST00038" HPOS="215" VPOS="497" WIDTH="83" HEIGHT="20" CONTENT="mere" WC="0.83" CC="0060"/>
						<SP ID="P175_SP00031" HPOS="298" VPOS="517" WIDTH="26"/>
						<String ID="P175_ST00039" HPOS="324" VPOS="486" WIDTH="88" HEIGHT="31" CONTENT="mask" WC="0.96" CC="0010"/>
						<SP ID="P175_SP00032" HPOS="412" VPOS="517" WIDTH="24"/>
						<String ID="P175_ST00040" HPOS="436" VPOS="486" WIDTH="45" HEIGHT="31" CONTENT="for" WC="0.47" CC="059"/>
						<SP ID="P175_SP00033" HPOS="481" VPOS="517" WIDTH="26"/>
						<String ID="P175_ST00041" HPOS="507" VPOS="486" WIDTH="189" HEIGHT="42" CONTENT="speculation" WC="0.71" CC="40205703107"/>
						<SP ID="P175_SP00034" HPOS="696" VPOS="528" WIDTH="18"/>
						<String ID="P175_ST00042" HPOS="714" VPOS="486" WIDTH="60" HEIGHT="32" CONTENT="and" WC="0.76" CC="070"/>
						<SP ID="P175_SP00035" HPOS="774" VPOS="528" WIDTH="22"/>
						<String ID="P175_ST00043" HPOS="796" VPOS="486" WIDTH="141" HEIGHT="41" CONTENT="intrigue," WC="0.67" CC="375440400"/>
					</TextLine>
					<TextLine ID="P175_TL00009" HPOS="120" VPOS="546" WIDTH="818" HEIGHT="42">
						<String ID="P175_ST00044" HPOS="120" VPOS="546" WIDTH="39" HEIGHT="31" CONTENT="he" WC="0.63" CC="70"/>
						<SP ID="P175_SP00036" HPOS="159" VPOS="577" WIDTH="17"/>
						<String ID="P175_ST00045" HPOS="176" VPOS="546" WIDTH="126" HEIGHT="32" CONTENT="decided" WC="1.00" CC="0000000"/>
						<SP ID="P175_SP00037" HPOS="302" VPOS="578" WIDTH="19"/>
						<String ID="P175_ST00046" HPOS="321" VPOS="558" WIDTH="82" HEIGHT="30" CONTENT="upon" WC="0.67" CC="7006"/>
						<SP ID="P175_SP00038" HPOS="403" VPOS="588" WIDTH="17"/>
						<String ID="P175_ST00047" HPOS="420" VPOS="547" WIDTH="104" HEIGHT="41" CONTENT="trying" WC="0.66" CC="170460"/>
						<SP ID="P175_SP00039" HPOS="524" VPOS="588" WIDTH="23"/>
						<String ID="P175_ST00048" HPOS="547" VPOS="547" WIDTH="82" HEIGHT="31" CONTENT="what" WC="0.81" CC="0700"/>
						<SP ID="P175_SP00040" HPOS="629" VPOS="588" WIDTH="17"/>
						<String ID="P175_ST00049" HPOS="646" VPOS="547" WIDTH="88" HEIGHT="31" CONTENT="could" WC="0.86" CC="00600"/>
						<SP ID="P175_SP00041" HPOS="734" VPOS="588" WIDTH="17"/>
						<String ID="P175_ST00050" HPOS="751" VPOS="547" WIDTH="38" HEIGHT="31" CONTENT="be" WC="0.66" CC="60"/>
						<SP ID="P175_SP00042" HPOS="789" VPOS="588" WIDTH="23"/>
						<String ID="P175_ST00051" HPOS="812" VPOS="547" WIDTH="78" HEIGHT="31" CONTENT="done" WC="0.77" CC="0062"/>
						<SP ID="P175_SP00043" HPOS="890" VPOS="588" WIDTH="18"/>
						<String ID="P175_ST00052" HPOS="908" VPOS="547" WIDTH="30" HEIGHT="31" CONTENT="in" WC="0.62" CC="07"/>
					</TextLine>
					<TextLine ID="P175_TL00010" HPOS="117" VPOS="606" WIDTH="821" HEIGHT="43">
						<String ID="P175_ST00053" HPOS="117" VPOS="606" WIDTH="54" HEIGHT="32" CONTENT="the" WC="0.44" CC="771"/>
						<SP ID="P175_SP00044" HPOS="171" VPOS="638" WIDTH="23"/>
						<String ID="P175_ST00054" HPOS="194" VPOS="618" WIDTH="69" HEIGHT="30" CONTENT="way" WC="0.67" CC="900"/>
						<SP ID="P175_SP00045" HPOS="263" VPOS="648" WIDTH="24"/>
						<String ID="P175_ST00055" HPOS="287" VPOS="607" WIDTH="33" HEIGHT="31" CONTENT="of" WC="1.00" CC="00"/>
						<SP ID="P175_SP00046" HPOS="320" VPOS="648" WIDTH="18"/>
						<String ID="P175_ST00056" HPOS="338" VPOS="607" WIDTH="126" HEIGHT="31" CONTENT="relative" WC="0.78" CC="00202371"/>
						<SP ID="P175_SP00047" HPOS="464" VPOS="648" WIDTH="24"/>
						<String ID="P175_ST00057" HPOS="488" VPOS="607" WIDTH="130" HEIGHT="41" CONTENT="honesty" WC="0.68" CC="7250420"/>
						<SP ID="P175_SP00048" HPOS="618" VPOS="648" WIDTH="22"/>
						<String ID="P175_ST00058" HPOS="640" VPOS="607" WIDTH="94" HEIGHT="32" CONTENT="based" WC="0.73" CC="70600"/>
						<SP ID="P175_SP00049" HPOS="734" VPOS="648" WIDTH="23"/>
						<String ID="P175_ST00059" HPOS="757" VPOS="619" WIDTH="82" HEIGHT="30" CONTENT="upon" WC="0.63" CC="7007"/>
						<SP ID="P175_SP00050" HPOS="839" VPOS="649" WIDTH="32"/>
						<String ID="P175_ST00060" HPOS="871" VPOS="608" WIDTH="67" HEIGHT="31" CONTENT="self" SUBS_TYPE="HypPart1" SUBS_CONTENT="selfinterest." WC="0.79" CC="50050"/>
						<HYP CONTENT="-"/>
					</TextLine>
					<TextLine ID="P175_TL00011" HPOS="120" VPOS="667" WIDTH="818" HEIGHT="43">
						<String ID="P175_ST00061" HPOS="120" VPOS="667" WIDTH="135" HEIGHT="33" CONTENT="interest." SUBS_TYPE="HypPart2" SUBS_CONTENT="selfinterest." WC="0.82" CC="440020500"/>
						<SP ID="P175_SP00051" HPOS="255" VPOS="700" WIDTH="48"/>
						<String ID="P175_ST00062" HPOS="303" VPOS="668" WIDTH="66" HEIGHT="32" CONTENT="The" WC="0.75" CC="070"/>
						<SP ID="P175_SP00052" HPOS="369" VPOS="700" WIDTH="15"/>
						<String ID="P175_ST00063" HPOS="384" VPOS="669" WIDTH="73" HEIGHT="41" CONTENT="plan" WC="0.70" CC="0407"/>
						<SP ID="P175_SP00053" HPOS="457" VPOS="710" WIDTH="16"/>
						<String ID="P175_ST00064" HPOS="473" VPOS="668" WIDTH="171" HEIGHT="32" CONTENT="succeeded" WC="0.94" CC="050000000"/>
						<SP ID="P175_SP00054" HPOS="644" VPOS="710" WIDTH="15"/>
						<String ID="P175_ST00065" HPOS="659" VPOS="669" WIDTH="108" HEIGHT="31" CONTENT="better." WC="0.85" CC="4000050"/>
						<SP ID="P175_SP00055" HPOS="767" VPOS="710" WIDTH="39"/>
						<String ID="P175_ST00066" HPOS="806" VPOS="669" WIDTH="30" HEIGHT="30" CONTENT="A" WC="1.00" CC="0"/>
						<SP ID="P175_SP00056" HPOS="836" VPOS="710" WIDTH="17"/>
						<String ID="P175_ST00067" HPOS="853" VPOS="669" WIDTH="85" HEIGHT="30" CONTENT="Paris" WC="0.49" CC="70637"/>
					</TextLine>
					<TextLine ID="P175_TL00012" HPOS="119" VPOS="728" WIDTH="817" HEIGHT="42">
						<String ID="P175_ST00068" HPOS="119" VPOS="728" WIDTH="203" HEIGHT="32" CONTENT="tradesman's" WC="0.74" CC="15020602604"/>
						<SP ID="P175_SP00057" HPOS="322" VPOS="760" WIDTH="16"/>
						<String ID="P175_ST00069" HPOS="338" VPOS="729" WIDTH="159" HEIGHT="41" CONTENT="daughter," WC="0.66" CC="075071060"/>
						<SP ID="P175_SP00058" HPOS="497" VPOS="770" WIDTH="23"/>
						<String ID="P175_ST00070" HPOS="520" VPOS="729" WIDTH="148" HEIGHT="41" CONTENT="tolerably" WC="0.77" CC="005010660"/>
						<SP ID="P175_SP00059" HPOS="668" VPOS="770" WIDTH="26"/>
						<String ID="P175_ST00071" HPOS="694" VPOS="729" WIDTH="70" HEIGHT="31" CONTENT="well" WC="0.63" CC="9021"/>
						<SP ID="P175_SP00060" HPOS="764" VPOS="770" WIDTH="16"/>
						<String ID="P175_ST00072" HPOS="780" VPOS="729" WIDTH="156" HEIGHT="39" CONTENT="educated," WC="0.92" CC="005000002"/>
					</TextLine>
					<TextLine ID="P175_TL00013" HPOS="119" VPOS="789" WIDTH="819" HEIGHT="42">
						<String ID="P175_ST00073" HPOS="119" VPOS="789" WIDTH="62" HEIGHT="31" CONTENT="and" WC="0.42" CC="970"/>
						<SP ID="P175_SP00061" HPOS="181" VPOS="820" WIDTH="15"/>
						<String ID="P175_ST00074" HPOS="196" VPOS="790" WIDTH="103" HEIGHT="31" CONTENT="whose" WC="0.57" CC="97030"/>
						<SP ID="P175_SP00062" HPOS="299" VPOS="821" WIDTH="21"/>
						<String ID="P175_ST00075" HPOS="320" VPOS="790" WIDTH="176" HEIGHT="41" CONTENT="experience" WC="0.87" CC="0000060600"/>
						<SP ID="P175_SP00063" HPOS="496" VPOS="831" WIDTH="17"/>
						<String ID="P175_ST00076" HPOS="513" VPOS="790" WIDTH="34" HEIGHT="31" CONTENT="of" WC="0.33" CC="39"/>
						<SP ID="P175_SP00064" HPOS="547" VPOS="831" WIDTH="17"/>
						<String ID="P175_ST00077" HPOS="564" VPOS="790" WIDTH="50" HEIGHT="31" CONTENT="life" WC="0.76" CC="3500"/>
						<SP ID="P175_SP00065" HPOS="614" VPOS="831" WIDTH="16"/>
						<String ID="P175_ST00078" HPOS="630" VPOS="801" WIDTH="63" HEIGHT="20" CONTENT="was" WC="0.61" CC="901"/>
						<SP ID="P175_SP00066" HPOS="693" VPOS="831" WIDTH="15"/>
						<String ID="P175_ST00079" HPOS="708" VPOS="790" WIDTH="84" HEIGHT="39" CONTENT="hard," WC="0.65" CC="74400"/>
						<SP ID="P175_SP00067" HPOS="792" VPOS="831" WIDTH="19"/>
						<String ID="P175_ST00080" HPOS="811" VPOS="801" WIDTH="17" HEIGHT="19" CONTENT="a" WC="1.00" CC="0"/>
						<SP ID="P175_SP00068" HPOS="828" VPOS="831" WIDTH="15"/>
						<String ID="P175_ST00081" HPOS="843" VPOS="790" WIDTH="95" HEIGHT="40" CONTENT="good" SUBS_TYPE="HypPart1" SUBS_CONTENT="goodlooking" WC="0.69" CC="92002"/>
						<HYP CONTENT="-"/>
					</TextLine>
					<TextLine ID="P175_TL00014" HPOS="121" VPOS="850" WIDTH="817" HEIGHT="41">
						<String ID="P175_ST00082" HPOS="121" VPOS="850" WIDTH="125" HEIGHT="40" CONTENT="looking" SUBS_TYPE="HypPart2" SUBS_CONTENT="goodlooking" WC="0.68" CC="5300570"/>
						<SP ID="P175_SP00069" HPOS="246" VPOS="890" WIDTH="30"/>
						<String ID="P175_ST00083" HPOS="276" VPOS="862" WIDTH="103" HEIGHT="29" CONTENT="young" WC="0.77" CC="00550"/>
						<SP ID="P175_SP00070" HPOS="379" VPOS="891" WIDTH="29"/>
						<String ID="P175_ST00084" HPOS="408" VPOS="862" WIDTH="120" HEIGHT="19" CONTENT="Avoman" WC="0.88" CC="001005"/>
						<SP ID="P175_SP00071" HPOS="528" VPOS="891" WIDTH="25"/>
						<String ID="P175_ST00085" HPOS="553" VPOS="850" WIDTH="65" HEIGHT="41" CONTENT="just" WC="0.68" CC="0516"/>
						<SP ID="P175_SP00072" HPOS="618" VPOS="891" WIDTH="29"/>
						<String ID="P175_ST00086" HPOS="647" VPOS="850" WIDTH="110" HEIGHT="31" CONTENT="turned" WC="0.70" CC="055600"/>
						<SP ID="P175_SP00073" HPOS="757" VPOS="891" WIDTH="30"/>
						<String ID="P175_ST00087" HPOS="787" VPOS="850" WIDTH="103" HEIGHT="41" CONTENT="thirty," WC="0.50" CC="4759403"/>
						<SP ID="P175_SP00074" HPOS="890" VPOS="891" WIDTH="18"/>
						<String ID="P175_ST00088" HPOS="908" VPOS="850" WIDTH="30" HEIGHT="30" CONTENT="in" WC="0.40" CC="47"/>
					</TextLine>
					<TextLine ID="P175_TL00015" HPOS="121" VPOS="910" WIDTH="817" HEIGHT="41">
						<String ID="P175_ST00089" HPOS="121" VPOS="910" WIDTH="104" HEIGHT="31" CONTENT="whose" WC="0.61" CC="97010"/>
						<SP ID="P175_SP00075" HPOS="225" VPOS="941" WIDTH="25"/>
						<String ID="P175_ST00090" HPOS="250" VPOS="910" WIDTH="199" HEIGHT="41" CONTENT="composition" WC="0.81" CC="04002060006"/>
						<SP ID="P175_SP00076" HPOS="449" VPOS="951" WIDTH="23"/>
						<String ID="P175_ST00091" HPOS="472" VPOS="910" WIDTH="163" HEIGHT="31" CONTENT="sentiment" WC="0.76" CC="505030060"/>
						<SP ID="P175_SP00077" HPOS="635" VPOS="951" WIDTH="22"/>
						<String ID="P175_ST00092" HPOS="657" VPOS="910" WIDTH="61" HEIGHT="31" CONTENT="had" WC="0.44" CC="709"/>
						<SP ID="P175_SP00078" HPOS="718" VPOS="951" WIDTH="15"/>
						<String ID="P175_ST00093" HPOS="733" VPOS="922" WIDTH="39" HEIGHT="19" CONTENT="no" WC="0.38" CC="75"/>
						<SP ID="P175_SP00079" HPOS="772" VPOS="951" WIDTH="16"/>
						<String ID="P175_ST00094" HPOS="788" VPOS="914" WIDTH="77" HEIGHT="37" CONTENT="part," WC="0.97" CC="00100"/>
						<SP ID="P175_SP00080" HPOS="865" VPOS="951" WIDTH="18"/>
						<String ID="P175_ST00095" HPOS="883" VPOS="922" WIDTH="55" HEIGHT="19" CONTENT="un" SUBS_TYPE="HypPart1" SUBS_CONTENT="undertook" WC="0.61" CC="460"/>
						<HYP CONTENT="-"/>
					</TextLine>
					<TextLine ID="P175_TL00016" HPOS="120" VPOS="970" WIDTH="817" HEIGHT="41">
						<String ID="P175_ST00096" HPOS="120" VPOS="971" WIDTH="129" HEIGHT="31" CONTENT="dertook" SUBS_TYPE="HypPart2" SUBS_CONTENT="undertook" WC="0.94" CC="0030000"/>
						<SP ID="P175_SP00081" HPOS="249" VPOS="1002" WIDTH="29"/>
						<String ID="P175_ST00097" HPOS="278" VPOS="971" WIDTH="53" HEIGHT="31" CONTENT="the" WC="0.73" CC="070"/>
						<SP ID="P175_SP00082" HPOS="331" VPOS="1002" WIDTH="31"/>
						<String ID="P175_ST00098" HPOS="362" VPOS="971" WIDTH="111" HEIGHT="40" CONTENT="charge" WC="0.76" CC="070600"/>
						<SP ID="P175_SP00083" HPOS="473" VPOS="1011" WIDTH="35"/>
						<String ID="P175_ST00099" HPOS="508" VPOS="971" WIDTH="33" HEIGHT="31" CONTENT="of" WC="1.00" CC="00"/>
						<SP ID="P175_SP00084" HPOS="541" VPOS="1011" WIDTH="33"/>
						<String ID="P175_ST00100" HPOS="574" VPOS="971" WIDTH="92" HEIGHT="40" CONTENT="being" WC="0.76" CC="40070"/>
						<SP ID="P175_SP00085" HPOS="666" VPOS="1011" WIDTH="30"/>
						<String ID="P175_ST00101" HPOS="696" VPOS="970" WIDTH="179" HEIGHT="41" CONTENT="companion" WC="0.70" CC="000077206"/>
						<SP ID="P175_SP00086" HPOS="875" VPOS="1011" WIDTH="30"/>
						<String ID="P175_ST00102" HPOS="905" VPOS="976" WIDTH="32" HEIGHT="25" CONTENT="to" WC="0.91" CC="10"/>
					</TextLine>
					<TextLine ID="P175_TL00017" HPOS="121" VPOS="1031" WIDTH="815" HEIGHT="41">
						<String ID="P175_ST00103" HPOS="121" VPOS="1033" WIDTH="143" HEIGHT="31" CONTENT="Madame" WC="0.85" CC="800000"/>
						<SP ID="P175_SP00087" HPOS="264" VPOS="1064" WIDTH="25"/>
						<String ID="P175_ST00104" HPOS="289" VPOS="1032" WIDTH="157" HEIGHT="32" CONTENT="Claudine." WC="0.78" CC="400502600"/>
						<SP ID="P175_SP00088" HPOS="446" VPOS="1064" WIDTH="47"/>
						<String ID="P175_ST00105" HPOS="493" VPOS="1032" WIDTH="124" HEIGHT="31" CONTENT="Certain" WC="0.67" CC="6012066"/>
						<SP ID="P175_SP00089" HPOS="617" VPOS="1064" WIDTH="26"/>
						<String ID="P175_ST00106" HPOS="643" VPOS="1031" WIDTH="193" HEIGHT="31" CONTENT="unfortunate" WC="0.53" CC="67016067770"/>
						<SP ID="P175_SP00090" HPOS="836" VPOS="1064" WIDTH="30"/>
						<String ID="P175_ST00107" HPOS="866" VPOS="1043" WIDTH="70" HEIGHT="29" CONTENT="pas" SUBS_TYPE="HypPart1" SUBS_CONTENT="passages" WC="0.84" CC="0060"/>
						<HYP CONTENT="-"/>
					</TextLine>
					<TextLine ID="P175_TL00018" HPOS="119" VPOS="1092" WIDTH="819" HEIGHT="42">
						<String ID="P175_ST00108" HPOS="119" VPOS="1105" WIDTH="90" HEIGHT="29" CONTENT="sages" SUBS_TYPE="HypPart2" SUBS_CONTENT="passages" WC="0.75" CC="60005"/>
						<SP ID="P175_SP00091" HPOS="209" VPOS="1134" WIDTH="23"/>
						<String ID="P175_ST00109" HPOS="232" VPOS="1093" WIDTH="31" HEIGHT="31" CONTENT="in" WC="0.47" CC="37"/>
						<SP ID="P175_SP00092" HPOS="263" VPOS="1134" WIDTH="15"/>
						<String ID="P175_ST00110" HPOS="278" VPOS="1093" WIDTH="61" HEIGHT="31" CONTENT="this" WC="0.63" CC="0733"/>
						<SP ID="P175_SP00093" HPOS="339" VPOS="1134" WIDTH="24"/>
						<String ID="P175_ST00111" HPOS="363" VPOS="1104" WIDTH="104" HEIGHT="30" CONTENT="young" WC="0.59" CC="06670"/>
						<SP ID="P175_SP00094" HPOS="467" VPOS="1134" WIDTH="22"/>
						<String ID="P175_ST00112" HPOS="489" VPOS="1092" WIDTH="96" HEIGHT="41" CONTENT="lady's" WC="0.75" CC="700015"/>
						<SP ID="P175_SP00095" HPOS="585" VPOS="1134" WIDTH="16"/>
						<String ID="P175_ST00113" HPOS="601" VPOS="1097" WIDTH="77" HEIGHT="37" CONTENT="past," WC="0.88" CC="00302"/>
						<SP ID="P175_SP00096" HPOS="678" VPOS="1134" WIDTH="18"/>
						<String ID="P175_ST00114" HPOS="696" VPOS="1093" WIDTH="30" HEIGHT="30" CONTENT="in" WC="0.55" CC="17"/>
						<SP ID="P175_SP00097" HPOS="726" VPOS="1134" WIDTH="15"/>
						<String ID="P175_ST00115" HPOS="741" VPOS="1092" WIDTH="98" HEIGHT="31" CONTENT="which" WC="0.62" CC="07307"/>
						<SP ID="P175_SP00098" HPOS="839" VPOS="1134" WIDTH="16"/>
						<String ID="P175_ST00116" HPOS="855" VPOS="1103" WIDTH="83" HEIGHT="20" CONTENT="mere" WC="0.82" CC="0070"/>
					</TextLine>
					<TextLine ID="P175_TL00019" HPOS="118" VPOS="1153" WIDTH="819" HEIGHT="33">
						<String ID="P175_ST00117" HPOS="118" VPOS="1154" WIDTH="241" HEIGHT="32" CONTENT="miscalculation" WC="0.77" CC="00000506002547"/>
						<SP ID="P175_SP00099" HPOS="359" VPOS="1186" WIDTH="27"/>
						<String ID="P175_ST00118" HPOS="386" VPOS="1154" WIDTH="60" HEIGHT="31" CONTENT="had" WC="0.75" CC="700"/>
						<SP ID="P175_SP00100" HPOS="446" VPOS="1186" WIDTH="30"/>
						<String ID="P175_ST00119" HPOS="476" VPOS="1153" WIDTH="146" HEIGHT="32" CONTENT="achieved" WC="0.73" CC="00760700"/>
						<SP ID="P175_SP00101" HPOS="622" VPOS="1186" WIDTH="25"/>
						<String ID="P175_ST00120" HPOS="647" VPOS="1153" WIDTH="52" HEIGHT="32" CONTENT="the" WC="0.66" CC="270"/>
						<SP ID="P175_SP00102" HPOS="699" VPOS="1186" WIDTH="30"/>
						<String ID="P175_ST00121" HPOS="729" VPOS="1153" WIDTH="84" HEIGHT="31" CONTENT="work" WC="0.91" CC="0300"/>
						<SP ID="P175_SP00103" HPOS="813" VPOS="1186" WIDTH="24"/>
						<String ID="P175_ST00122" HPOS="837" VPOS="1153" WIDTH="34" HEIGHT="31" CONTENT="of" WC="1.00" CC="00"/>
						<SP ID="P175_SP00104" HPOS="871" VPOS="1186" WIDTH="18"/>
						<String ID="P175_ST00123" HPOS="889" VPOS="1164" WIDTH="48" HEIGHT="20" CONTENT="so" SUBS_TYPE="HypPart1" SUBS_CONTENT="socalled" WC="0.74" CC="070"/>
						<HYP CONTENT="-"/>
					</TextLine>
					<TextLine ID="P175_TL00020" HPOS="121" VPOS="1214" WIDTH="816" HEIGHT="40">
						<String ID="P175_ST00124" HPOS="121" VPOS="1215" WIDTH="96" HEIGHT="32" CONTENT="called" SUBS_TYPE="HypPart2" SUBS_CONTENT="socalled" WC="0.94" CC="012000"/>
						<SP ID="P175_SP00105" HPOS="217" VPOS="1247" WIDTH="30"/>
						<String ID="P175_ST00125" HPOS="247" VPOS="1215" WIDTH="152" HEIGHT="39" CONTENT="devotion," WC="0.76" CC="007005062"/>
						<SP ID="P175_SP00106" HPOS="399" VPOS="1254" WIDTH="29"/>
						<String ID="P175_ST00126" HPOS="428" VPOS="1214" WIDTH="62" HEIGHT="31" CONTENT="had" WC="0.62" CC="730"/>
						<SP ID="P175_SP00107" HPOS="490" VPOS="1254" WIDTH="29"/>
						<String ID="P175_ST00127" HPOS="519" VPOS="1214" WIDTH="203" HEIGHT="31" CONTENT="transformed" WC="0.73" CC="36061055000"/>
						<SP ID="P175_SP00108" HPOS="722" VPOS="1254" WIDTH="26"/>
						<String ID="P175_ST00128" HPOS="748" VPOS="1214" WIDTH="54" HEIGHT="31" CONTENT="her" WC="0.59" CC="704"/>
						<SP ID="P175_SP00109" HPOS="802" VPOS="1254" WIDTH="30"/>
						<String ID="P175_ST00129" HPOS="832" VPOS="1214" WIDTH="63" HEIGHT="31" CONTENT="into" WC="0.59" CC="5351"/>
						<SP ID="P175_SP00110" HPOS="895" VPOS="1254" WIDTH="23"/>
						<String ID="P175_ST00130" HPOS="918" VPOS="1225" WIDTH="19" HEIGHT="19" CONTENT="a" WC="0.11" CC="8"/>
					</TextLine>
					<TextLine ID="P175_TL00021" HPOS="117" VPOS="1274" WIDTH="820" HEIGHT="43">
						<String ID="P175_ST00131" HPOS="117" VPOS="1287" WIDTH="102" HEIGHT="21" CONTENT="sworn" WC="0.60" CC="60066"/>
						<SP ID="P175_SP00111" HPOS="219" VPOS="1308" WIDTH="24"/>
						<String ID="P175_ST00132" HPOS="243" VPOS="1287" WIDTH="110" HEIGHT="30" CONTENT="enemy" WC="0.88" CC="06000"/>
						<SP ID="P175_SP00112" HPOS="353" VPOS="1317" WIDTH="22"/>
						<String ID="P175_ST00133" HPOS="375" VPOS="1280" WIDTH="33" HEIGHT="26" CONTENT="to" WC="0.59" CC="80"/>
						<SP ID="P175_SP00113" HPOS="408" VPOS="1317" WIDTH="27"/>
						<String ID="P175_ST00134" HPOS="435" VPOS="1275" WIDTH="39" HEIGHT="31" CONTENT="all" WC="0.93" CC="002"/>
						<SP ID="P175_SP00114" HPOS="474" VPOS="1317" WIDTH="23"/>
						<String ID="P175_ST00135" HPOS="497" VPOS="1286" WIDTH="153" HEIGHT="29" CONTENT="romance," WC="0.82" CC="60006100"/>
						<SP ID="P175_SP00115" HPOS="650" VPOS="1317" WIDTH="18"/>
						<String ID="P175_ST00136" HPOS="668" VPOS="1274" WIDTH="59" HEIGHT="31" CONTENT="and" WC="0.78" CC="060"/>
						<SP ID="P175_SP00116" HPOS="727" VPOS="1317" WIDTH="24"/>
						<String ID="P175_ST00137" HPOS="751" VPOS="1274" WIDTH="53" HEIGHT="31" CONTENT="she" WC="0.59" CC="470"/>
						<SP ID="P175_SP00117" HPOS="804" VPOS="1317" WIDTH="23"/>
						<String ID="P175_ST00138" HPOS="827" VPOS="1274" WIDTH="110" HEIGHT="32" CONTENT="earned" WC="0.79" CC="005600"/>
					</TextLine>
					<TextLine ID="P175_TL00022" HPOS="118" VPOS="1336" WIDTH="817" HEIGHT="42">
						<String ID="P175_ST00139" HPOS="118" VPOS="1337" WIDTH="56" HEIGHT="32" CONTENT="her" WC="0.63" CC="703"/>
						<SP ID="P175_SP00118" HPOS="174" VPOS="1369" WIDTH="15"/>
						<String ID="P175_ST00140" HPOS="189" VPOS="1348" WIDTH="104" HEIGHT="30" CONTENT="wages" WC="0.89" CC="00005"/>
						<SP ID="P175_SP00119" HPOS="293" VPOS="1378" WIDTH="22"/>
						<String ID="P175_ST00141" HPOS="315" VPOS="1337" WIDTH="142" HEIGHT="41" CONTENT="honestly" WC="0.71" CC="70705020"/>
						<SP ID="P175_SP00120" HPOS="457" VPOS="1378" WIDTH="17"/>
						<String ID="P175_ST00142" HPOS="474" VPOS="1336" WIDTH="129" HEIGHT="41" CONTENT="enough," WC="0.69" CC="0615070"/>
						<SP ID="P175_SP00121" HPOS="603" VPOS="1378" WIDTH="18"/>
						<String ID="P175_ST00143" HPOS="621" VPOS="1336" WIDTH="92" HEIGHT="41" CONTENT="being" WC="0.61" CC="70470"/>
						<SP ID="P175_SP00122" HPOS="713" VPOS="1378" WIDTH="18"/>
						<String ID="P175_ST00144" HPOS="731" VPOS="1336" WIDTH="31" HEIGHT="31" CONTENT="in" WC="0.51" CC="36"/>
						<SP ID="P175_SP00123" HPOS="762" VPOS="1378" WIDTH="25"/>
						<String ID="P175_ST00145" HPOS="787" VPOS="1336" WIDTH="108" HEIGHT="41" CONTENT="reality" WC="0.73" CC="6006400"/>
						<SP ID="P175_SP00124" HPOS="895" VPOS="1378" WIDTH="23"/>
						<String ID="P175_ST00146" HPOS="918" VPOS="1348" WIDTH="17" HEIGHT="19" CONTENT="a" WC="1.00" CC="0"/>
					</TextLine>
					<TextLine ID="P175_TL00023" HPOS="118" VPOS="1397" WIDTH="814" HEIGHT="42">
						<String ID="P175_ST00147" HPOS="118" VPOS="1397" WIDTH="62" HEIGHT="33" CONTENT="safe" WC="0.88" CC="4000"/>
						<SP ID="P175_SP00125" HPOS="180" VPOS="1430" WIDTH="35"/>
						<String ID="P175_ST00148" HPOS="215" VPOS="1397" WIDTH="181" HEIGHT="42" CONTENT="companion" WC="0.81" CC="000006306"/>
						<SP ID="P175_SP00126" HPOS="396" VPOS="1439" WIDTH="31"/>
						<String ID="P175_ST00149" HPOS="427" VPOS="1397" WIDTH="60" HEIGHT="32" CONTENT="and" WC="0.81" CC="050"/>
						<SP ID="P175_SP00127" HPOS="487" VPOS="1439" WIDTH="37"/>
						<String ID="P175_ST00150" HPOS="524" VPOS="1397" WIDTH="149" HEIGHT="31" CONTENT="associate" WC="0.88" CC="000006030"/>
						<SP ID="P175_SP00128" HPOS="673" VPOS="1439" WIDTH="33"/>
						<String ID="P175_ST00151" HPOS="706" VPOS="1397" WIDTH="45" HEIGHT="31" CONTENT="for" WC="0.76" CC="123"/>
						<SP ID="P175_SP00129" HPOS="751" VPOS="1439" WIDTH="27"/>
						<String ID="P175_ST00152" HPOS="778" VPOS="1397" WIDTH="154" HEIGHT="32" CONTENT="Claudine." WC="0.74" CC="160600700"/>
					</TextLine>
					<TextLine ID="P175_TL00024" HPOS="117" VPOS="1458" WIDTH="818" HEIGHT="42">
						<String ID="P175_ST00153" HPOS="117" VPOS="1459" WIDTH="64" HEIGHT="33" CONTENT="She" WC="0.37" CC="674"/>
						<SP ID="P175_SP00130" HPOS="181" VPOS="1492" WIDTH="23"/>
						<String ID="P175_ST00154" HPOS="204" VPOS="1458" WIDTH="126" HEIGHT="32" CONTENT="dressed" WC="0.94" CC="0000300"/>
						<SP ID="P175_SP00131" HPOS="330" VPOS="1492" WIDTH="21"/>
						<String ID="P175_ST00155" HPOS="351" VPOS="1458" WIDTH="79" HEIGHT="40" CONTENT="well," WC="0.96" CC="00002"/>
						<SP ID="P175_SP00132" HPOS="430" VPOS="1498" WIDTH="25"/>
						<String ID="P175_ST00156" HPOS="455" VPOS="1458" WIDTH="103" HEIGHT="42" CONTENT="spoke," WC="0.89" CC="300300"/>
						<SP ID="P175_SP00133" HPOS="558" VPOS="1500" WIDTH="26"/>
						<String ID="P175_ST00157" HPOS="584" VPOS="1458" WIDTH="60" HEIGHT="31" CONTENT="and" WC="0.78" CC="060"/>
						<SP ID="P175_SP00134" HPOS="644" VPOS="1500" WIDTH="23"/>
						<String ID="P175_ST00158" HPOS="667" VPOS="1469" WIDTH="76" HEIGHT="21" CONTENT="even" WC="0.67" CC="0606"/>
						<SP ID="P175_SP00135" HPOS="743" VPOS="1500" WIDTH="21"/>
						<String ID="P175_ST00159" HPOS="764" VPOS="1463" WIDTH="93" HEIGHT="26" CONTENT="wrote" WC="0.43" CC="86354"/>
						<SP ID="P175_SP00136" HPOS="857" VPOS="1500" WIDTH="23"/>
						<String ID="P175_ST00160" HPOS="880" VPOS="1458" WIDTH="55" HEIGHT="32" CONTENT="her" WC="0.75" CC="700"/>
					</TextLine>
					<TextLine ID="P175_TL00025" HPOS="115" VPOS="1519" WIDTH="821" HEIGHT="42">
						<String ID="P175_ST00161" HPOS="115" VPOS="1532" WIDTH="72" HEIGHT="20" CONTENT="OAvn" WC="0.19" CC="7797"/>
						<SP ID="P175_SP00137" HPOS="187" VPOS="1552" WIDTH="22"/>
						<String ID="P175_ST00162" HPOS="209" VPOS="1519" WIDTH="154" HEIGHT="42" CONTENT="language" WC="0.74" CC="70507000"/>
						<SP ID="P175_SP00138" HPOS="363" VPOS="1561" WIDTH="22"/>
						<String ID="P175_ST00163" HPOS="385" VPOS="1523" WIDTH="55" HEIGHT="28" CONTENT="not" WC="0.52" CC="707"/>
						<SP ID="P175_SP00139" HPOS="440" VPOS="1561" WIDTH="14"/>
						<String ID="P175_ST00164" HPOS="454" VPOS="1524" WIDTH="51" HEIGHT="27" CONTENT="too" WC="0.97" CC="000"/>
						<SP ID="P175_SP00140" HPOS="505" VPOS="1561" WIDTH="16"/>
						<String ID="P175_ST00165" HPOS="521" VPOS="1519" WIDTH="190" HEIGHT="42" CONTENT="incorrectly," WC="0.68" CC="560755000502"/>
						<SP ID="P175_SP00141" HPOS="711" VPOS="1561" WIDTH="18"/>
						<String ID="P175_ST00166" HPOS="729" VPOS="1519" WIDTH="59" HEIGHT="32" CONTENT="and" WC="0.76" CC="070"/>
						<SP ID="P175_SP00142" HPOS="788" VPOS="1561" WIDTH="16"/>
						<String ID="P175_ST00167" HPOS="804" VPOS="1530" WIDTH="63" HEIGHT="21" CONTENT="was" WC="1.00" CC="000"/>
						<SP ID="P175_SP00143" HPOS="867" VPOS="1561" WIDTH="16"/>
						<String ID="P175_ST00168" HPOS="883" VPOS="1530" WIDTH="53" HEIGHT="21" CONTENT="ex-" WC="0.61" CC="082"/>
					</TextLine>
				</TextBlock>
				<TextBlock ID="P175_TB00005" HPOS="803" VPOS="1582" WIDTH="46" HEIGHT="19" STYLEREFS="TXT_1 PAR_RIGHT">
					<TextLine ID="P175_TL00026" HPOS="804" VPOS="1582" WIDTH="45" HEIGHT="19">
						<String ID="P175_ST00169" HPOS="804" VPOS="1585" WIDTH="18" HEIGHT="16" CONTENT="M" WC="0.24" CC="7"/>
						<SP ID="P175_SP00144" HPOS="822" VPOS="1601" WIDTH="17"/>
						<String ID="P175_ST00170" HPOS="839" VPOS="1582" WIDTH="10" HEIGHT="19" CONTENT="2" WC="0.01" CC="9"/>
					</TextLine>
				</TextBlock>
			</PrintSpace>
		</Page>
	</Layout>
</alto>
