<?xml version="1.0" encoding="UTF-8"?>
<alto xmlns:xsi="http://www.w3.org/2001/XMLSchema-instance" xsi:noNamespaceSchemaLocation="http://www.bl.uk/schemas/alto/alto-1-4.xsd" xmlns:xlink="http://www.w3.org/1999/xlink">
	<Description>
		<MeasurementUnit>mm10</MeasurementUnit>
		<sourceImageInformation>
			<fileName>//head1/IN/2007-46/A0010888503.1/009776.jp2</fileName>
		</sourceImageInformation>
		<OCRProcessing ID="OCRPROCESSING_1">
			<preProcessingStep>
				<processingSoftware>
					<softwareCreator>CCS Content Conversion Specialists GmbH, Germany</softwareCreator>
					<softwareName>CCS docWORKS</softwareName>
					<softwareVersion>6.1-0.61</softwareVersion>
				</processingSoftware>
			</preProcessingStep>
			<ocrProcessingStep>
				<processingSoftware>
					<softwareCreator>ABBYY (BIT Software), Russia</softwareCreator>
					<softwareName>Finereader</softwareName>
				</processingSoftware>
			</ocrProcessingStep>
		</OCRProcessing>
	</Description>
	<Styles>
		<TextStyle ID="TXT_0" FONTSIZE="11" FONTFAMILY="Courier New"/>
		<TextStyle ID="TXT_1" FONTSIZE="10" FONTFAMILY="Courier New"/>
		<ParagraphStyle ID="PAR_LEFT" ALIGN="Left"/>
		<ParagraphStyle ID="PAR_CENTER" ALIGN="Center"/>
	</Styles>
	<Layout>
		<Page ID="P240" PHYSICAL_IMG_NR="240" HEIGHT="1740" WIDTH="1090" PRINTED_IMG_NR="228" POSITION="Left" ACCURACY="71.29">
			<TopMargin ID="P240_TM00001" HPOS="0" VPOS="0" WIDTH="1089" HEIGHT="136">
				<TextBlock ID="P240_TB00001" HPOS="142" VPOS="109" WIDTH="51" HEIGHT="25" STYLEREFS="TXT_0 PAR_LEFT">
					<TextLine ID="P240_TL00001" HPOS="142" VPOS="109" WIDTH="51" HEIGHT="25">
						<String ID="P240_ST00001" HPOS="142" VPOS="109" WIDTH="51" HEIGHT="25" CONTENT="228" WC="1.00" CC="000"/>
					</TextLine>
				</TextBlock>
				<TextBlock ID="P240_TB00002" HPOS="369" VPOS="110" WIDTH="356" HEIGHT="25" STYLEREFS="TXT_1 PAR_CENTER">
					<TextLine ID="P240_TL00002" HPOS="370" VPOS="111" WIDTH="355" HEIGHT="24">
						<String ID="P240_ST00002" HPOS="370" VPOS="115" WIDTH="84" HEIGHT="20" CONTENT="LOVE" WC="0.81" CC="1050"/>
						<SP ID="P240_SP00001" HPOS="454" VPOS="135" WIDTH="23"/>
						<String ID="P240_ST00003" HPOS="477" VPOS="114" WIDTH="64" HEIGHT="20" CONTENT="THE" WC="0.70" CC="044"/>
						<SP ID="P240_SP00002" HPOS="541" VPOS="135" WIDTH="22"/>
						<String ID="P240_ST00004" HPOS="563" VPOS="111" WIDTH="162" HEIGHT="22" CONTENT="AVENGER." WC="0.67" CC="07207602"/>
					</TextLine>
				</TextBlock>
			</TopMargin>
			<LeftMargin ID="P240_LM00001" HPOS="0" VPOS="136" WIDTH="141" HEIGHT="1443"/>
			<RightMargin ID="P240_RM00001" HPOS="969" VPOS="136" WIDTH="120" HEIGHT="1443"/>
			<BottomMargin ID="P240_BM00001" HPOS="0" VPOS="1579" WIDTH="1089" HEIGHT="160"/>
			<PrintSpace ID="P240_PS00001" HPOS="141" VPOS="136" WIDTH="828" HEIGHT="1443">
				<TextBlock ID="P240_TB00003" HPOS="141" VPOS="180" WIDTH="828" HEIGHT="727" STYLEREFS="TXT_1 PAR_LEFT">
					<TextLine ID="P240_TL00003" HPOS="142" VPOS="180" WIDTH="827" HEIGHT="52">
						<String ID="P240_ST00005" HPOS="142" VPOS="191" WIDTH="38" HEIGHT="32" CONTENT="he" WC="0.63" CC="70"/>
						<SP ID="P240_SP00003" HPOS="180" VPOS="223" WIDTH="26"/>
						<String ID="P240_ST00006" HPOS="206" VPOS="192" WIDTH="73" HEIGHT="40" CONTENT="said," WC="0.47" CC="66353"/>
						<SP ID="P240_SP00004" HPOS="279" VPOS="232" WIDTH="29"/>
						<String ID="P240_ST00007" HPOS="308" VPOS="195" WIDTH="105" HEIGHT="28" CONTENT="meant" WC="0.82" CC="00530"/>
						<SP ID="P240_SP00005" HPOS="413" VPOS="232" WIDTH="26"/>
						<String ID="P240_ST00008" HPOS="439" VPOS="190" WIDTH="90" HEIGHT="31" CONTENT="those" WC="0.72" CC="07060"/>
						<SP ID="P240_SP00006" HPOS="529" VPOS="232" WIDTH="24"/>
						<String ID="P240_ST00009" HPOS="553" VPOS="187" WIDTH="70" HEIGHT="33" CONTENT="who" WC="0.73" CC="070"/>
						<SP ID="P240_SP00007" HPOS="623" VPOS="232" WIDTH="28"/>
						<String ID="P240_ST00010" HPOS="651" VPOS="186" WIDTH="61" HEIGHT="32" CONTENT="had" WC="0.75" CC="700"/>
						<SP ID="P240_SP00008" HPOS="712" VPOS="232" WIDTH="29"/>
						<String ID="P240_ST00011" HPOS="741" VPOS="183" WIDTH="140" HEIGHT="42" CONTENT="nothing," WC="0.71" CC="70071600"/>
						<SP ID="P240_SP00009" HPOS="881" VPOS="232" WIDTH="28"/>
						<String ID="P240_ST00012" HPOS="909" VPOS="180" WIDTH="60" HEIGHT="34" CONTENT="and" WC="0.77" CC="060"/>
					</TextLine>
					<TextLine ID="P240_TL00004" HPOS="143" VPOS="246" WIDTH="826" HEIGHT="47">
						<String ID="P240_ST00013" HPOS="143" VPOS="265" WIDTH="79" HEIGHT="20" CONTENT="were" WC="0.85" CC="0050"/>
						<SP ID="P240_SP00010" HPOS="222" VPOS="285" WIDTH="15"/>
						<String ID="P240_ST00014" HPOS="237" VPOS="253" WIDTH="140" HEIGHT="40" CONTENT="nothing." WC="0.61" CC="70474600"/>
						<SP ID="P240_SP00011" HPOS="377" VPOS="293" WIDTH="48"/>
						<String ID="P240_ST00015" HPOS="425" VPOS="251" WIDTH="50" HEIGHT="31" CONTENT="He" WC="0.69" CC="60"/>
						<SP ID="P240_SP00012" HPOS="475" VPOS="293" WIDTH="17"/>
						<String ID="P240_ST00016" HPOS="492" VPOS="247" WIDTH="199" HEIGHT="45" CONTENT="represented" WC="0.79" CC="70000505500"/>
						<SP ID="P240_SP00013" HPOS="691" VPOS="293" WIDTH="15"/>
						<String ID="P240_ST00017" HPOS="706" VPOS="247" WIDTH="53" HEIGHT="32" CONTENT="the" WC="0.73" CC="070"/>
						<SP ID="P240_SP00014" HPOS="759" VPOS="293" WIDTH="16"/>
						<String ID="P240_ST00018" HPOS="775" VPOS="246" WIDTH="152" HEIGHT="42" CONTENT="Emperor" WC="0.76" CC="2400504"/>
						<SP ID="P240_SP00015" HPOS="927" VPOS="293" WIDTH="10"/>
						<String ID="P240_ST00019" HPOS="937" VPOS="255" WIDTH="32" HEIGHT="21" CONTENT="as" WC="0.67" CC="06"/>
					</TextLine>
					<TextLine ID="P240_TL00005" HPOS="143" VPOS="307" WIDTH="826" HEIGHT="47">
						<String ID="P240_ST00020" HPOS="143" VPOS="326" WIDTH="18" HEIGHT="20" CONTENT="a" WC="1.00" CC="0"/>
						<SP ID="P240_SP00016" HPOS="161" VPOS="346" WIDTH="23"/>
						<String ID="P240_ST00021" HPOS="184" VPOS="315" WIDTH="142" HEIGHT="39" CONTENT="socialist," WC="0.67" CC="6006055701"/>
						<SP ID="P240_SP00017" HPOS="326" VPOS="354" WIDTH="30"/>
						<String ID="P240_ST00022" HPOS="356" VPOS="326" WIDTH="19" HEIGHT="19" CONTENT="a" WC="0.37" CC="6"/>
						<SP ID="P240_SP00018" HPOS="375" VPOS="354" WIDTH="30"/>
						<String ID="P240_ST00023" HPOS="405" VPOS="314" WIDTH="197" HEIGHT="38" CONTENT="Freemason," WC="0.82" CC="1000005073"/>
						<SP ID="P240_SP00019" HPOS="602" VPOS="354" WIDTH="27"/>
						<String ID="P240_ST00024" HPOS="629" VPOS="310" WIDTH="61" HEIGHT="33" CONTENT="and" WC="0.80" CC="050"/>
						<SP ID="P240_SP00020" HPOS="690" VPOS="354" WIDTH="23"/>
						<String ID="P240_ST00025" HPOS="713" VPOS="321" WIDTH="19" HEIGHT="20" CONTENT="a" WC="1.00" CC="0"/>
						<SP ID="P240_SP00021" HPOS="732" VPOS="354" WIDTH="22"/>
						<String ID="P240_ST00026" HPOS="754" VPOS="309" WIDTH="63" HEIGHT="32" CONTENT="free" WC="0.83" CC="0600"/>
						<SP ID="P240_SP00022" HPOS="817" VPOS="354" WIDTH="19"/>
						<String ID="P240_ST00027" HPOS="836" VPOS="307" WIDTH="133" HEIGHT="40" CONTENT="thinker," WC="0.68" CC="07160062"/>
					</TextLine>
					<TextLine ID="P240_TL00006" HPOS="143" VPOS="369" WIDTH="826" HEIGHT="48">
						<String ID="P240_ST00028" HPOS="143" VPOS="376" WIDTH="60" HEIGHT="32" CONTENT="and" WC="0.79" CC="060"/>
						<SP ID="P240_SP00023" HPOS="203" VPOS="408" WIDTH="27"/>
						<String ID="P240_ST00029" HPOS="230" VPOS="375" WIDTH="113" HEIGHT="42" CONTENT="quoted" WC="0.81" CC="064000"/>
						<SP ID="P240_SP00024" HPOS="343" VPOS="417" WIDTH="27"/>
						<String ID="P240_ST00030" HPOS="370" VPOS="379" WIDTH="83" HEIGHT="27" CONTENT="texts" WC="0.76" CC="50204"/>
						<SP ID="P240_SP00025" HPOS="453" VPOS="417" WIDTH="24"/>
						<String ID="P240_ST00031" HPOS="477" VPOS="374" WIDTH="42" HEIGHT="41" CONTENT="by" WC="0.63" CC="70"/>
						<SP ID="P240_SP00026" HPOS="519" VPOS="417" WIDTH="16"/>
						<String ID="P240_ST00032" HPOS="535" VPOS="373" WIDTH="51" HEIGHT="31" CONTENT="the" WC="0.74" CC="070"/>
						<SP ID="P240_SP00027" HPOS="586" VPOS="417" WIDTH="27"/>
						<String ID="P240_ST00033" HPOS="613" VPOS="372" WIDTH="78" HEIGHT="32" CONTENT="hour" WC="0.40" CC="7079"/>
						<SP ID="P240_SP00028" HPOS="691" VPOS="417" WIDTH="24"/>
						<String ID="P240_ST00034" HPOS="715" VPOS="371" WIDTH="78" HEIGHT="32" CONTENT="from" WC="0.64" CC="0625"/>
						<SP ID="P240_SP00029" HPOS="793" VPOS="417" WIDTH="25"/>
						<String ID="P240_ST00035" HPOS="818" VPOS="370" WIDTH="54" HEIGHT="32" CONTENT="the" WC="0.58" CC="470"/>
						<SP ID="P240_SP00030" HPOS="872" VPOS="417" WIDTH="22"/>
						<String ID="P240_ST00036" HPOS="894" VPOS="369" WIDTH="75" HEIGHT="31" CONTENT="Em" SUBS_TYPE="HypPart1" SUBS_CONTENT="Emperor's" WC="0.92" CC="200"/>
						<HYP CONTENT="-"/>
					</TextLine>
					<TextLine ID="P240_TL00007" HPOS="142" VPOS="431" WIDTH="827" HEIGHT="49">
						<String ID="P240_ST00037" HPOS="142" VPOS="438" WIDTH="116" HEIGHT="42" CONTENT="peror's" SUBS_TYPE="HypPart2" SUBS_CONTENT="Emperor's" WC="0.64" CC="8063005"/>
						<SP ID="P240_SP00031" HPOS="258" VPOS="480" WIDTH="17"/>
						<String ID="P240_ST00038" HPOS="275" VPOS="448" WIDTH="67" HEIGHT="21" CONTENT="own" WC="0.16" CC="797"/>
						<SP ID="P240_SP00032" HPOS="342" VPOS="480" WIDTH="16"/>
						<String ID="P240_ST00039" HPOS="358" VPOS="437" WIDTH="138" HEIGHT="41" CONTENT="writings" WC="0.45" CC="96201796"/>
						<SP ID="P240_SP00033" HPOS="496" VPOS="480" WIDTH="23"/>
						<String ID="P240_ST00040" HPOS="519" VPOS="436" WIDTH="32" HEIGHT="30" CONTENT="in" WC="0.49" CC="36"/>
						<SP ID="P240_SP00034" HPOS="551" VPOS="480" WIDTH="20"/>
						<String ID="P240_ST00041" HPOS="571" VPOS="433" WIDTH="93" HEIGHT="44" CONTENT="proof" WC="0.87" CC="06000"/>
						<SP ID="P240_SP00035" HPOS="664" VPOS="480" WIDTH="12"/>
						<String ID="P240_ST00042" HPOS="676" VPOS="433" WIDTH="33" HEIGHT="32" CONTENT="of" WC="0.73" CC="13"/>
						<SP ID="P240_SP00036" HPOS="709" VPOS="480" WIDTH="14"/>
						<String ID="P240_ST00043" HPOS="723" VPOS="433" WIDTH="48" HEIGHT="31" CONTENT="his" WC="0.59" CC="722"/>
						<SP ID="P240_SP00037" HPOS="771" VPOS="480" WIDTH="13"/>
						<String ID="P240_ST00044" HPOS="784" VPOS="431" WIDTH="165" HEIGHT="33" CONTENT="assertions" WC="0.68" CC="0730404155"/>
						<SP ID="P240_SP00038" HPOS="949" VPOS="480" WIDTH="12"/>
						<String ID="P240_ST00045" HPOS="961" VPOS="444" WIDTH="8" HEIGHT="27" CONTENT=";" WC="0.60" CC="3"/>
					</TextLine>
					<TextLine ID="P240_TL00008" HPOS="143" VPOS="492" WIDTH="826" HEIGHT="39">
						<String ID="P240_ST00046" HPOS="143" VPOS="499" WIDTH="61" HEIGHT="32" CONTENT="and" WC="0.89" CC="030"/>
						<SP ID="P240_SP00039" HPOS="204" VPOS="531" WIDTH="16"/>
						<String ID="P240_ST00047" HPOS="220" VPOS="498" WIDTH="89" HEIGHT="33" CONTENT="when" WC="0.64" CC="0706"/>
						<SP ID="P240_SP00040" HPOS="309" VPOS="531" WIDTH="22"/>
						<String ID="P240_ST00048" HPOS="331" VPOS="498" WIDTH="25" HEIGHT="32" CONTENT="it" WC="0.86" CC="20"/>
						<SP ID="P240_SP00041" HPOS="356" VPOS="531" WIDTH="15"/>
						<String ID="P240_ST00049" HPOS="371" VPOS="509" WIDTH="65" HEIGHT="21" CONTENT="was" WC="0.82" CC="005"/>
						<SP ID="P240_SP00042" HPOS="436" VPOS="531" WIDTH="22"/>
						<String ID="P240_ST00050" HPOS="458" VPOS="496" WIDTH="164" HEIGHT="33" CONTENT="rumoured" WC="0.76" CC="65005200"/>
						<SP ID="P240_SP00043" HPOS="622" VPOS="531" WIDTH="23"/>
						<String ID="P240_ST00051" HPOS="645" VPOS="496" WIDTH="68" HEIGHT="31" CONTENT="that" WC="0.71" CC="0703"/>
						<SP ID="P240_SP00044" HPOS="713" VPOS="531" WIDTH="22"/>
						<String ID="P240_ST00052" HPOS="735" VPOS="495" WIDTH="38" HEIGHT="31" CONTENT="he" WC="0.63" CC="70"/>
						<SP ID="P240_SP00045" HPOS="773" VPOS="531" WIDTH="17"/>
						<String ID="P240_ST00053" HPOS="790" VPOS="498" WIDTH="96" HEIGHT="28" CONTENT="wrote" WC="0.77" CC="05050"/>
						<SP ID="P240_SP00046" HPOS="886" VPOS="531" WIDTH="16"/>
						<String ID="P240_ST00054" HPOS="902" VPOS="492" WIDTH="32" HEIGHT="33" CONTENT="in" WC="0.68" CC="05"/>
						<SP ID="P240_SP00047" HPOS="934" VPOS="531" WIDTH="16"/>
						<String ID="P240_ST00055" HPOS="950" VPOS="504" WIDTH="19" HEIGHT="21" CONTENT="a" WC="1.00" CC="0"/>
					</TextLine>
					<TextLine ID="P240_TL00009" HPOS="143" VPOS="555" WIDTH="826" HEIGHT="47">
						<String ID="P240_ST00056" HPOS="143" VPOS="571" WIDTH="181" HEIGHT="31" CONTENT="newspaper" WC="0.85" CC="400502000"/>
						<SP ID="P240_SP00048" HPOS="324" VPOS="602" WIDTH="16"/>
						<String ID="P240_ST00057" HPOS="340" VPOS="559" WIDTH="133" HEIGHT="32" CONTENT="devoted" WC="0.86" CC="0060200"/>
						<SP ID="P240_SP00049" HPOS="473" VPOS="602" WIDTH="14"/>
						<String ID="P240_ST00058" HPOS="487" VPOS="564" WIDTH="32" HEIGHT="27" CONTENT="to" WC="0.69" CC="60"/>
						<SP ID="P240_SP00050" HPOS="519" VPOS="602" WIDTH="24"/>
						<String ID="P240_ST00059" HPOS="543" VPOS="558" WIDTH="53" HEIGHT="33" CONTENT="the" WC="0.69" CC="170"/>
						<SP ID="P240_SP00051" HPOS="596" VPOS="602" WIDTH="18"/>
						<String ID="P240_ST00060" HPOS="614" VPOS="557" WIDTH="206" HEIGHT="43" CONTENT="propagation" WC="0.84" CC="00000050613"/>
						<SP ID="P240_SP00052" HPOS="820" VPOS="602" WIDTH="17"/>
						<String ID="P240_ST00061" HPOS="837" VPOS="555" WIDTH="34" HEIGHT="32" CONTENT="of" WC="0.76" CC="04"/>
						<SP ID="P240_SP00053" HPOS="871" VPOS="602" WIDTH="12"/>
						<String ID="P240_ST00062" HPOS="883" VPOS="555" WIDTH="86" HEIGHT="31" CONTENT="athe" SUBS_TYPE="HypPart1" SUBS_CONTENT="atheistical" WC="0.79" CC="00702"/>
						<HYP CONTENT="-"/>
					</TextLine>
					<TextLine ID="P240_TL00010" HPOS="143" VPOS="617" WIDTH="825" HEIGHT="45">
						<String ID="P240_ST00063" HPOS="143" VPOS="622" WIDTH="96" HEIGHT="31" CONTENT="istical" SUBS_TYPE="HypPart2" SUBS_CONTENT="atheistical" WC="0.65" CC="1750061"/>
						<SP ID="P240_SP00054" HPOS="239" VPOS="653" WIDTH="26"/>
						<String ID="P240_ST00064" HPOS="265" VPOS="621" WIDTH="163" HEIGHT="41" CONTENT="doctrines," WC="0.73" CC="0005555050"/>
						<SP ID="P240_SP00055" HPOS="428" VPOS="662" WIDTH="26"/>
						<String ID="P240_ST00065" HPOS="454" VPOS="621" WIDTH="38" HEIGHT="31" CONTENT="he" WC="0.64" CC="70"/>
						<SP ID="P240_SP00056" HPOS="492" VPOS="662" WIDTH="29"/>
						<String ID="P240_ST00066" HPOS="521" VPOS="620" WIDTH="50" HEIGHT="32" CONTENT="did" WC="0.55" CC="930"/>
						<SP ID="P240_SP00057" HPOS="571" VPOS="662" WIDTH="21"/>
						<String ID="P240_ST00067" HPOS="592" VPOS="625" WIDTH="55" HEIGHT="27" CONTENT="not" WC="0.83" CC="005"/>
						<SP ID="P240_SP00058" HPOS="647" VPOS="662" WIDTH="24"/>
						<String ID="P240_ST00068" HPOS="671" VPOS="619" WIDTH="80" HEIGHT="42" CONTENT="deny" WC="0.82" CC="0070"/>
						<SP ID="P240_SP00059" HPOS="751" VPOS="662" WIDTH="12"/>
						<String ID="P240_ST00069" HPOS="763" VPOS="619" WIDTH="33" HEIGHT="31" CONTENT="it." WC="0.81" CC="500"/>
						<SP ID="P240_SP00060" HPOS="796" VPOS="662" WIDTH="48"/>
						<String ID="P240_ST00070" HPOS="844" VPOS="617" WIDTH="76" HEIGHT="32" CONTENT="This" WC="0.51" CC="0765"/>
						<SP ID="P240_SP00061" HPOS="920" VPOS="662" WIDTH="24"/>
						<String ID="P240_ST00071" HPOS="944" VPOS="617" WIDTH="24" HEIGHT="31" CONTENT="it" WC="0.70" CC="05"/>
					</TextLine>
					<TextLine ID="P240_TL00011" HPOS="143" VPOS="679" WIDTH="826" HEIGHT="44">
						<String ID="P240_ST00072" HPOS="143" VPOS="694" WIDTH="63" HEIGHT="20" CONTENT="was" WC="0.89" CC="003"/>
						<SP ID="P240_SP00062" HPOS="206" VPOS="714" WIDTH="27"/>
						<String ID="P240_ST00073" HPOS="233" VPOS="682" WIDTH="110" HEIGHT="41" CONTENT="which," WC="0.56" CC="851072"/>
						<SP ID="P240_SP00063" HPOS="343" VPOS="723" WIDTH="29"/>
						<String ID="P240_ST00074" HPOS="372" VPOS="694" WIDTH="33" HEIGHT="20" CONTENT="as" WC="0.72" CC="05"/>
						<SP ID="P240_SP00064" HPOS="405" VPOS="723" WIDTH="27"/>
						<String ID="P240_ST00075" HPOS="432" VPOS="694" WIDTH="47" HEIGHT="20" CONTENT="we" WC="1.00" CC="00"/>
						<SP ID="P240_SP00065" HPOS="479" VPOS="723" WIDTH="27"/>
						<String ID="P240_ST00076" HPOS="506" VPOS="681" WIDTH="78" HEIGHT="32" CONTENT="shall" WC="0.63" CC="77004"/>
						<SP ID="P240_SP00066" HPOS="584" VPOS="723" WIDTH="28"/>
						<String ID="P240_ST00077" HPOS="612" VPOS="692" WIDTH="50" HEIGHT="21" CONTENT="see" WC="0.78" CC="600"/>
						<SP ID="P240_SP00067" HPOS="662" VPOS="723" WIDTH="27"/>
						<String ID="P240_ST00078" HPOS="689" VPOS="680" WIDTH="187" HEIGHT="42" CONTENT="by-and-by," WC="0.76" CC="7020500700"/>
						<SP ID="P240_SP00068" HPOS="876" VPOS="723" WIDTH="26"/>
						<String ID="P240_ST00079" HPOS="902" VPOS="679" WIDTH="67" HEIGHT="31" CONTENT="first" WC="0.78" CC="00531"/>
					</TextLine>
					<TextLine ID="P240_TL00012" HPOS="143" VPOS="741" WIDTH="825" HEIGHT="44">
						<String ID="P240_ST00080" HPOS="143" VPOS="745" WIDTH="133" HEIGHT="40" CONTENT="brought" WC="0.57" CC="0507970"/>
						<SP ID="P240_SP00069" HPOS="276" VPOS="785" WIDTH="22"/>
						<String ID="P240_ST00081" HPOS="298" VPOS="745" WIDTH="43" HEIGHT="31" CONTENT="M." WC="1.00" CC="00"/>
						<SP ID="P240_SP00070" HPOS="341" VPOS="785" WIDTH="18"/>
						<String ID="P240_ST00082" HPOS="359" VPOS="743" WIDTH="170" HEIGHT="42" CONTENT="Theophile" WC="0.67" CC="070307612"/>
						<SP ID="P240_SP00071" HPOS="529" VPOS="785" WIDTH="23"/>
						<String ID="P240_ST00083" HPOS="552" VPOS="743" WIDTH="63" HEIGHT="31" CONTENT="into" WC="0.76" CC="0503"/>
						<SP ID="P240_SP00072" HPOS="615" VPOS="785" WIDTH="16"/>
						<String ID="P240_ST00084" HPOS="631" VPOS="742" WIDTH="53" HEIGHT="32" CONTENT="the" WC="0.66" CC="270"/>
						<SP ID="P240_SP00073" HPOS="684" VPOS="785" WIDTH="25"/>
						<String ID="P240_ST00085" HPOS="709" VPOS="741" WIDTH="109" HEIGHT="43" CONTENT="sphere" WC="0.73" CC="707010"/>
						<SP ID="P240_SP00074" HPOS="818" VPOS="785" WIDTH="16"/>
						<String ID="P240_ST00086" HPOS="834" VPOS="741" WIDTH="134" HEIGHT="32" CONTENT="wherein" WC="0.53" CC="9706025"/>
					</TextLine>
					<TextLine ID="P240_TL00013" HPOS="143" VPOS="803" WIDTH="825" HEIGHT="45">
						<String ID="P240_ST00087" HPOS="143" VPOS="807" WIDTH="111" HEIGHT="32" CONTENT="moved" WC="0.86" CC="00600"/>
						<SP ID="P240_SP00075" HPOS="254" VPOS="839" WIDTH="38"/>
						<String ID="P240_ST00088" HPOS="292" VPOS="807" WIDTH="53" HEIGHT="31" CONTENT="the" WC="0.54" CC="670"/>
						<SP ID="P240_SP00076" HPOS="345" VPOS="839" WIDTH="41"/>
						<String ID="P240_ST00089" HPOS="386" VPOS="807" WIDTH="171" HEIGHT="41" CONTENT="faultlessly" WC="0.72" CC="20660004620"/>
						<SP ID="P240_SP00077" HPOS="557" VPOS="848" WIDTH="30"/>
						<String ID="P240_ST00090" HPOS="587" VPOS="805" WIDTH="151" HEIGHT="32" CONTENT="educated" WC="0.87" CC="00600300"/>
						<SP ID="P240_SP00078" HPOS="738" VPOS="848" WIDTH="30"/>
						<String ID="P240_ST00091" HPOS="768" VPOS="816" WIDTH="55" HEIGHT="20" CONTENT="son" WC="0.53" CC="607"/>
						<SP ID="P240_SP00079" HPOS="823" VPOS="848" WIDTH="32"/>
						<String ID="P240_ST00092" HPOS="855" VPOS="804" WIDTH="34" HEIGHT="32" CONTENT="of" WC="0.97" CC="00"/>
						<SP ID="P240_SP00080" HPOS="889" VPOS="848" WIDTH="25"/>
						<String ID="P240_ST00093" HPOS="914" VPOS="803" WIDTH="54" HEIGHT="32" CONTENT="the" WC="0.58" CC="371"/>
					</TextLine>
					<TextLine ID="P240_TL00014" HPOS="143" VPOS="867" WIDTH="418" HEIGHT="40">
						<String ID="P240_ST00094" HPOS="143" VPOS="868" WIDTH="154" HEIGHT="39" CONTENT="DoAvager" WC="0.63" CC="70005906"/>
						<SP ID="P240_SP00081" HPOS="297" VPOS="907" WIDTH="16"/>
						<String ID="P240_ST00095" HPOS="313" VPOS="868" WIDTH="37" HEIGHT="32" CONTENT="de" WC="0.86" CC="02"/>
						<SP ID="P240_SP00082" HPOS="350" VPOS="907" WIDTH="15"/>
						<String ID="P240_ST00096" HPOS="365" VPOS="867" WIDTH="196" HEIGHT="32" CONTENT="Beauvoisin." WC="0.68" CC="60253006620"/>
					</TextLine>
				</TextBlock>
				<TextBlock ID="P240_TB00004" HPOS="143" VPOS="926" WIDTH="826" HEIGHT="653" STYLEREFS="TXT_1 PAR_LEFT">
					<TextLine ID="P240_TL00015" HPOS="189" VPOS="927" WIDTH="780" HEIGHT="42">
						<String ID="P240_ST00097" HPOS="189" VPOS="928" WIDTH="116" HEIGHT="34" CONTENT="Olivier" WC="0.60" CC="4203636"/>
						<SP ID="P240_SP00083" HPOS="305" VPOS="962" WIDTH="29"/>
						<String ID="P240_ST00098" HPOS="334" VPOS="928" WIDTH="36" HEIGHT="33" CONTENT="de" WC="1.00" CC="00"/>
						<SP ID="P240_SP00084" HPOS="370" VPOS="962" WIDTH="32"/>
						<String ID="P240_ST00099" HPOS="402" VPOS="928" WIDTH="184" HEIGHT="33" CONTENT="Beauvoisin" WC="0.57" CC="6006630567"/>
						<SP ID="P240_SP00085" HPOS="586" VPOS="962" WIDTH="30"/>
						<String ID="P240_ST00100" HPOS="616" VPOS="927" WIDTH="131" HEIGHT="42" CONTENT="rejoiced" WC="0.86" CC="00135000"/>
						<SP ID="P240_SP00086" HPOS="747" VPOS="969" WIDTH="31"/>
						<String ID="P240_ST00101" HPOS="778" VPOS="927" WIDTH="31" HEIGHT="31" CONTENT="in" WC="0.55" CC="44"/>
						<SP ID="P240_SP00087" HPOS="809" VPOS="969" WIDTH="30"/>
						<String ID="P240_ST00102" HPOS="839" VPOS="938" WIDTH="17" HEIGHT="20" CONTENT="a" WC="1.00" CC="0"/>
						<SP ID="P240_SP00088" HPOS="856" VPOS="969" WIDTH="30"/>
						<String ID="P240_ST00103" HPOS="886" VPOS="931" WIDTH="83" HEIGHT="27" CONTENT="tutor" WC="0.74" CC="05006"/>
					</TextLine>
					<TextLine ID="P240_TL00016" HPOS="144" VPOS="989" WIDTH="825" HEIGHT="33">
						<String ID="P240_ST00104" HPOS="144" VPOS="990" WIDTH="101" HEIGHT="32" CONTENT="whom" WC="0.81" CC="0700"/>
						<SP ID="P240_SP00089" HPOS="245" VPOS="1022" WIDTH="36"/>
						<String ID="P240_ST00105" HPOS="281" VPOS="990" WIDTH="47" HEIGHT="32" CONTENT="his" WC="0.42" CC="736"/>
						<SP ID="P240_SP00090" HPOS="328" VPOS="1022" WIDTH="41"/>
						<String ID="P240_ST00106" HPOS="369" VPOS="990" WIDTH="121" HEIGHT="32" CONTENT="mother" WC="0.68" CC="004707"/>
						<SP ID="P240_SP00091" HPOS="490" VPOS="1022" WIDTH="38"/>
						<String ID="P240_ST00107" HPOS="528" VPOS="989" WIDTH="62" HEIGHT="33" CONTENT="had" WC="0.75" CC="700"/>
						<SP ID="P240_SP00092" HPOS="590" VPOS="1022" WIDTH="30"/>
						<String ID="P240_ST00108" HPOS="620" VPOS="989" WIDTH="113" HEIGHT="33" CONTENT="chosen" WC="0.78" CC="070203"/>
						<SP ID="P240_SP00093" HPOS="733" VPOS="1022" WIDTH="30"/>
						<String ID="P240_ST00109" HPOS="763" VPOS="989" WIDTH="47" HEIGHT="32" CONTENT="for" WC="0.81" CC="005"/>
						<SP ID="P240_SP00094" HPOS="810" VPOS="1022" WIDTH="30"/>
						<String ID="P240_ST00110" HPOS="840" VPOS="989" WIDTH="65" HEIGHT="31" CONTENT="him" WC="0.61" CC="640"/>
						<SP ID="P240_SP00095" HPOS="905" VPOS="1022" WIDTH="30"/>
						<String ID="P240_ST00111" HPOS="935" VPOS="1000" WIDTH="34" HEIGHT="20" CONTENT="as" WC="1.00" CC="00"/>
					</TextLine>
					<TextLine ID="P240_TL00017" HPOS="144" VPOS="1050" WIDTH="822" HEIGHT="44">
						<String ID="P240_ST00112" HPOS="144" VPOS="1051" WIDTH="197" HEIGHT="43" CONTENT="particularly" WC="0.68" CC="004540662420"/>
						<SP ID="P240_SP00096" HPOS="341" VPOS="1094" WIDTH="27"/>
						<String ID="P240_ST00113" HPOS="368" VPOS="1051" WIDTH="71" HEIGHT="32" CONTENT="safe." WC="0.93" CC="30000"/>
						<SP ID="P240_SP00097" HPOS="439" VPOS="1094" WIDTH="46"/>
						<String ID="P240_ST00114" HPOS="485" VPOS="1050" WIDTH="74" HEIGHT="32" CONTENT="This" WC="0.61" CC="0715"/>
						<SP ID="P240_SP00098" HPOS="559" VPOS="1094" WIDTH="28"/>
						<String ID="P240_ST00115" HPOS="587" VPOS="1062" WIDTH="63" HEIGHT="21" CONTENT="Avas" WC="0.75" CC="0036"/>
						<SP ID="P240_SP00099" HPOS="650" VPOS="1094" WIDTH="31"/>
						<String ID="P240_ST00116" HPOS="681" VPOS="1062" WIDTH="19" HEIGHT="20" CONTENT="a" WC="0.26" CC="7"/>
						<SP ID="P240_SP00100" HPOS="700" VPOS="1094" WIDTH="30"/>
						<String ID="P240_ST00117" HPOS="730" VPOS="1050" WIDTH="117" HEIGHT="32" CONTENT="certain" WC="0.68" CC="0052166"/>
						<SP ID="P240_SP00101" HPOS="847" VPOS="1094" WIDTH="30"/>
						<String ID="P240_ST00118" HPOS="877" VPOS="1050" WIDTH="89" HEIGHT="32" CONTENT="Abbe*" WC="0.64" CC="07207"/>
					</TextLine>
					<TextLine ID="P240_TL00018" HPOS="145" VPOS="1111" WIDTH="824" HEIGHT="43">
						<String ID="P240_ST00119" HPOS="145" VPOS="1111" WIDTH="150" HEIGHT="40" CONTENT="Lannion," WC="0.60" CC="07546070"/>
						<SP ID="P240_SP00102" HPOS="295" VPOS="1151" WIDTH="28"/>
						<String ID="P240_ST00120" HPOS="323" VPOS="1116" WIDTH="54" HEIGHT="28" CONTENT="not" WC="0.63" CC="136"/>
						<SP ID="P240_SP00103" HPOS="377" VPOS="1151" WIDTH="24"/>
						<String ID="P240_ST00121" HPOS="401" VPOS="1123" WIDTH="18" HEIGHT="21" CONTENT="a" WC="1.00" CC="0"/>
						<SP ID="P240_SP00104" HPOS="419" VPOS="1151" WIDTH="24"/>
						<String ID="P240_ST00122" HPOS="443" VPOS="1111" WIDTH="60" HEIGHT="33" CONTENT="bad" WC="0.76" CC="700"/>
						<SP ID="P240_SP00105" HPOS="503" VPOS="1151" WIDTH="20"/>
						<String ID="P240_ST00123" HPOS="523" VPOS="1123" WIDTH="73" HEIGHT="20" CONTENT="man" WC="0.95" CC="001"/>
						<SP ID="P240_SP00106" HPOS="596" VPOS="1151" WIDTH="22"/>
						<String ID="P240_ST00124" HPOS="618" VPOS="1111" WIDTH="43" HEIGHT="43" CONTENT="by" WC="0.75" CC="50"/>
						<SP ID="P240_SP00107" HPOS="661" VPOS="1154" WIDTH="26"/>
						<String ID="P240_ST00125" HPOS="687" VPOS="1123" WIDTH="62" HEIGHT="30" CONTENT="any" WC="0.73" CC="070"/>
						<SP ID="P240_SP00108" HPOS="749" VPOS="1154" WIDTH="23"/>
						<String ID="P240_ST00126" HPOS="772" VPOS="1122" WIDTH="116" HEIGHT="29" CONTENT="means," WC="0.84" CC="000440"/>
						<SP ID="P240_SP00109" HPOS="888" VPOS="1154" WIDTH="26"/>
						<String ID="P240_ST00127" HPOS="914" VPOS="1111" WIDTH="55" HEIGHT="33" CONTENT="but" WC="0.65" CC="055"/>
					</TextLine>
					<TextLine ID="P240_TL00019" HPOS="145" VPOS="1172" WIDTH="821" HEIGHT="43">
						<String ID="P240_ST00128" HPOS="145" VPOS="1173" WIDTH="103" HEIGHT="32" CONTENT="rather" WC="0.64" CC="704702"/>
						<SP ID="P240_SP00110" HPOS="248" VPOS="1205" WIDTH="19"/>
						<String ID="P240_ST00129" HPOS="267" VPOS="1172" WIDTH="119" HEIGHT="32" CONTENT="zealous" WC="0.76" CC="5000073"/>
						<SP ID="P240_SP00111" HPOS="386" VPOS="1205" WIDTH="23"/>
						<String ID="P240_ST00130" HPOS="409" VPOS="1172" WIDTH="76" HEIGHT="32" CONTENT="than" WC="0.48" CC="3727"/>
						<SP ID="P240_SP00112" HPOS="485" VPOS="1205" WIDTH="23"/>
						<String ID="P240_ST00131" HPOS="508" VPOS="1172" WIDTH="82" HEIGHT="41" CONTENT="wise," WC="0.48" CC="96602"/>
						<SP ID="P240_SP00113" HPOS="590" VPOS="1213" WIDTH="19"/>
						<String ID="P240_ST00132" HPOS="609" VPOS="1172" WIDTH="61" HEIGHT="33" CONTENT="and" WC="0.79" CC="060"/>
						<SP ID="P240_SP00114" HPOS="670" VPOS="1213" WIDTH="24"/>
						<String ID="P240_ST00133" HPOS="694" VPOS="1172" WIDTH="144" HEIGHT="42" CONTENT="deeming" WC="0.83" CC="0001270"/>
						<SP ID="P240_SP00115" HPOS="838" VPOS="1214" WIDTH="23"/>
						<String ID="P240_ST00134" HPOS="861" VPOS="1184" WIDTH="105" HEIGHT="31" CONTENT="every" SUBS_TYPE="HypPart1" SUBS_CONTENT="everything" WC="0.79" CC="060500"/>
						<HYP CONTENT="-"/>
					</TextLine>
					<TextLine ID="P240_TL00020" HPOS="144" VPOS="1233" WIDTH="825" HEIGHT="42">
						<String ID="P240_ST00135" HPOS="144" VPOS="1234" WIDTH="89" HEIGHT="41" CONTENT="thing" SUBS_TYPE="HypPart2" SUBS_CONTENT="everything" WC="0.42" CC="77670"/>
						<SP ID="P240_SP00116" HPOS="233" VPOS="1275" WIDTH="27"/>
						<String ID="P240_ST00136" HPOS="260" VPOS="1233" WIDTH="159" HEIGHT="32" CONTENT="allowable" WC="0.76" CC="020150720"/>
						<SP ID="P240_SP00117" HPOS="419" VPOS="1275" WIDTH="24"/>
						<String ID="P240_ST00137" HPOS="443" VPOS="1233" WIDTH="67" HEIGHT="32" CONTENT="that" WC="0.71" CC="0703"/>
						<SP ID="P240_SP00118" HPOS="510" VPOS="1275" WIDTH="26"/>
						<String ID="P240_ST00138" HPOS="536" VPOS="1245" WIDTH="65" HEIGHT="20" CONTENT="was" WC="0.47" CC="905"/>
						<SP ID="P240_SP00119" HPOS="601" VPOS="1275" WIDTH="23"/>
						<String ID="P240_ST00139" HPOS="624" VPOS="1233" WIDTH="193" HEIGHT="33" CONTENT="undertaken" WC="0.69" CC="8000460306"/>
						<SP ID="P240_SP00120" HPOS="817" VPOS="1275" WIDTH="26"/>
						<String ID="P240_ST00140" HPOS="843" VPOS="1233" WIDTH="47" HEIGHT="33" CONTENT="for" WC="0.80" CC="104"/>
						<SP ID="P240_SP00121" HPOS="890" VPOS="1275" WIDTH="26"/>
						<String ID="P240_ST00141" HPOS="916" VPOS="1233" WIDTH="53" HEIGHT="33" CONTENT="the" WC="0.56" CC="570"/>
					</TextLine>
					<TextLine ID="P240_TL00021" HPOS="145" VPOS="1294" WIDTH="824" HEIGHT="44">
						<String ID="P240_ST00142" HPOS="145" VPOS="1295" WIDTH="88" HEIGHT="42" CONTENT="glory" WC="0.82" CC="04040"/>
						<SP ID="P240_SP00122" HPOS="233" VPOS="1337" WIDTH="15"/>
						<String ID="P240_ST00143" HPOS="248" VPOS="1294" WIDTH="33" HEIGHT="32" CONTENT="of" WC="0.80" CC="04"/>
						<SP ID="P240_SP00123" HPOS="281" VPOS="1337" WIDTH="11"/>
						<String ID="P240_ST00144" HPOS="292" VPOS="1294" WIDTH="52" HEIGHT="32" CONTENT="the" WC="0.57" CC="273"/>
						<SP ID="P240_SP00124" HPOS="344" VPOS="1337" WIDTH="17"/>
						<String ID="P240_ST00145" HPOS="361" VPOS="1294" WIDTH="121" HEIGHT="32" CONTENT="church." WC="0.57" CC="0775270"/>
						<SP ID="P240_SP00125" HPOS="482" VPOS="1337" WIDTH="48"/>
						<String ID="P240_ST00146" HPOS="530" VPOS="1294" WIDTH="80" HEIGHT="32" CONTENT="Noav" WC="0.58" CC="0096"/>
						<SP ID="P240_SP00126" HPOS="610" VPOS="1337" WIDTH="15"/>
						<String ID="P240_ST00147" HPOS="625" VPOS="1295" WIDTH="25" HEIGHT="32" CONTENT="it" WC="0.73" CC="50"/>
						<SP ID="P240_SP00127" HPOS="650" VPOS="1337" WIDTH="9"/>
						<String ID="P240_ST00148" HPOS="659" VPOS="1308" WIDTH="63" HEIGHT="19" CONTENT="Avas" WC="0.84" CC="0006"/>
						<SP ID="P240_SP00128" HPOS="722" VPOS="1337" WIDTH="16"/>
						<String ID="P240_ST00149" HPOS="738" VPOS="1296" WIDTH="95" HEIGHT="31" CONTENT="borne" WC="0.75" CC="30260"/>
						<SP ID="P240_SP00129" HPOS="833" VPOS="1337" WIDTH="11"/>
						<String ID="P240_ST00150" HPOS="844" VPOS="1296" WIDTH="32" HEIGHT="31" CONTENT="in" WC="0.34" CC="66"/>
						<SP ID="P240_SP00130" HPOS="876" VPOS="1337" WIDTH="10"/>
						<String ID="P240_ST00151" HPOS="886" VPOS="1308" WIDTH="83" HEIGHT="30" CONTENT="upon" WC="0.67" CC="6006"/>
					</TextLine>
					<TextLine ID="P240_TL00022" HPOS="144" VPOS="1355" WIDTH="825" HEIGHT="42">
						<String ID="P240_ST00152" HPOS="144" VPOS="1355" WIDTH="52" HEIGHT="32" CONTENT="the" WC="0.69" CC="071"/>
						<SP ID="P240_SP00131" HPOS="196" VPOS="1387" WIDTH="15"/>
						<String ID="P240_ST00153" HPOS="211" VPOS="1355" WIDTH="120" HEIGHT="42" CONTENT="worthy" WC="0.83" CC="002070"/>
						<SP ID="P240_SP00132" HPOS="331" VPOS="1397" WIDTH="15"/>
						<String ID="P240_ST00154" HPOS="346" VPOS="1355" WIDTH="117" HEIGHT="32" CONTENT="Abbe's" WC="0.74" CC="070033"/>
						<SP ID="P240_SP00133" HPOS="463" VPOS="1397" WIDTH="22"/>
						<String ID="P240_ST00155" HPOS="485" VPOS="1355" WIDTH="84" HEIGHT="32" CONTENT="mind" WC="0.80" CC="0160"/>
						<SP ID="P240_SP00134" HPOS="569" VPOS="1397" WIDTH="22"/>
						<String ID="P240_ST00156" HPOS="591" VPOS="1355" WIDTH="68" HEIGHT="32" CONTENT="that" WC="0.58" CC="0790"/>
						<SP ID="P240_SP00135" HPOS="659" VPOS="1397" WIDTH="15"/>
						<String ID="P240_ST00157" HPOS="674" VPOS="1356" WIDTH="39" HEIGHT="31" CONTENT="he" WC="0.61" CC="70"/>
						<SP ID="P240_SP00136" HPOS="713" VPOS="1397" WIDTH="25"/>
						<String ID="P240_ST00158" HPOS="738" VPOS="1361" WIDTH="83" HEIGHT="26" CONTENT="must" WC="0.63" CC="0437"/>
						<SP ID="P240_SP00137" HPOS="821" VPOS="1397" WIDTH="22"/>
						<String ID="P240_ST00159" HPOS="843" VPOS="1361" WIDTH="126" HEIGHT="27" CONTENT="convert" WC="0.66" CC="0026265"/>
					</TextLine>
					<TextLine ID="P240_TL00023" HPOS="146" VPOS="1416" WIDTH="823" HEIGHT="41">
						<String ID="P240_ST00160" HPOS="146" VPOS="1416" WIDTH="167" HEIGHT="41" CONTENT="Theophile" WC="0.75" CC="070077000"/>
						<SP ID="P240_SP00138" HPOS="313" VPOS="1457" WIDTH="17"/>
						<String ID="P240_ST00161" HPOS="330" VPOS="1416" WIDTH="191" HEIGHT="40" CONTENT="Mardonnet," WC="0.75" CC="0900045500"/>
						<SP ID="P240_SP00139" HPOS="521" VPOS="1457" WIDTH="19"/>
						<String ID="P240_ST00162" HPOS="540" VPOS="1416" WIDTH="60" HEIGHT="32" CONTENT="and" WC="0.48" CC="860"/>
						<SP ID="P240_SP00140" HPOS="600" VPOS="1457" WIDTH="21"/>
						<String ID="P240_ST00163" HPOS="621" VPOS="1420" WIDTH="31" HEIGHT="28" CONTENT="to" WC="1.00" CC="00"/>
						<SP ID="P240_SP00141" HPOS="652" VPOS="1457" WIDTH="19"/>
						<String ID="P240_ST00164" HPOS="671" VPOS="1416" WIDTH="61" HEIGHT="32" CONTENT="this" WC="0.48" CC="4725"/>
						<SP ID="P240_SP00142" HPOS="732" VPOS="1457" WIDTH="17"/>
						<String ID="P240_ST00165" HPOS="749" VPOS="1417" WIDTH="86" HEIGHT="31" CONTENT="Avork" WC="0.88" CC="04010"/>
						<SP ID="P240_SP00143" HPOS="835" VPOS="1457" WIDTH="17"/>
						<String ID="P240_ST00166" HPOS="852" VPOS="1417" WIDTH="35" HEIGHT="31" CONTENT="of" WC="0.94" CC="01"/>
						<SP ID="P240_SP00144" HPOS="887" VPOS="1457" WIDTH="11"/>
						<String ID="P240_ST00167" HPOS="898" VPOS="1428" WIDTH="71" HEIGHT="20" CONTENT="con" SUBS_TYPE="HypPart1" SUBS_CONTENT="conversion" WC="0.79" CC="0160"/>
						<HYP CONTENT="-"/>
					</TextLine>
					<TextLine ID="P240_TL00024" HPOS="146" VPOS="1477" WIDTH="823" HEIGHT="43">
						<String ID="P240_ST00168" HPOS="146" VPOS="1477" WIDTH="118" HEIGHT="32" CONTENT="version" SUBS_TYPE="HypPart2" SUBS_CONTENT="conversion" WC="0.55" CC="7037048"/>
						<SP ID="P240_SP00145" HPOS="264" VPOS="1509" WIDTH="18"/>
						<String ID="P240_ST00169" HPOS="282" VPOS="1477" WIDTH="38" HEIGHT="31" CONTENT="he" WC="0.42" CC="73"/>
						<SP ID="P240_SP00146" HPOS="320" VPOS="1509" WIDTH="27"/>
						<String ID="P240_ST00170" HPOS="347" VPOS="1477" WIDTH="195" HEIGHT="42" CONTENT="accordingly" WC="0.74" CC="00066048020"/>
						<SP ID="P240_SP00147" HPOS="542" VPOS="1519" WIDTH="23"/>
						<String ID="P240_ST00171" HPOS="565" VPOS="1482" WIDTH="45" HEIGHT="27" CONTENT="set" WC="0.71" CC="601"/>
						<String ID="P240_ST00172" HPOS="623" VPOS="1491" WIDTH="6" HEIGHT="18" CONTENT=":" WC="1.00" CC="0"/>
						<SP ID="P240_SP00148" HPOS="629" VPOS="1519" WIDTH="27"/>
						<String ID="P240_ST00173" HPOS="656" VPOS="1479" WIDTH="139" HEIGHT="41" CONTENT="secretly," WC="0.86" CC="600300002"/>
						<SP ID="P240_SP00149" HPOS="795" VPOS="1520" WIDTH="22"/>
						<String ID="P240_ST00174" HPOS="817" VPOS="1479" WIDTH="56" HEIGHT="31" CONTENT="but" WC="0.48" CC="743"/>
						<SP ID="P240_SP00150" HPOS="873" VPOS="1520" WIDTH="21"/>
						<String ID="P240_ST00175" HPOS="894" VPOS="1479" WIDTH="75" HEIGHT="31" CONTENT="with" WC="0.72" CC="0406"/>
					</TextLine>
					<TextLine ID="P240_TL00025" HPOS="147" VPOS="1537" WIDTH="822" HEIGHT="42">
						<String ID="P240_ST00176" HPOS="147" VPOS="1537" WIDTH="86" HEIGHT="32" CONTENT="tooth" WC="0.74" CC="03107"/>
						<SP ID="P240_SP00151" HPOS="233" VPOS="1569" WIDTH="27"/>
						<String ID="P240_ST00177" HPOS="260" VPOS="1538" WIDTH="59" HEIGHT="31" CONTENT="and" WC="0.63" CC="630"/>
						<SP ID="P240_SP00152" HPOS="319" VPOS="1569" WIDTH="29"/>
						<String ID="P240_ST00178" HPOS="348" VPOS="1538" WIDTH="68" HEIGHT="31" CONTENT="nail." WC="0.70" CC="65020"/>
						<SP ID="P240_SP00153" HPOS="416" VPOS="1569" WIDTH="58"/>
						<String ID="P240_ST00179" HPOS="474" VPOS="1538" WIDTH="66" HEIGHT="31" CONTENT="The" WC="0.76" CC="070"/>
						<SP ID="P240_SP00154" HPOS="540" VPOS="1569" WIDTH="28"/>
						<String ID="P240_ST00180" HPOS="568" VPOS="1539" WIDTH="152" HEIGHT="40" CONTENT="DoAvager" WC="0.90" CC="00060001"/>
						<SP ID="P240_SP00155" HPOS="720" VPOS="1579" WIDTH="31"/>
						<String ID="P240_ST00181" HPOS="751" VPOS="1552" WIDTH="72" HEIGHT="27" CONTENT="Avas," WC="0.57" CC="94050"/>
						<SP ID="P240_SP00156" HPOS="823" VPOS="1579" WIDTH="34"/>
						<String ID="P240_ST00182" HPOS="857" VPOS="1553" WIDTH="34" HEIGHT="19" CONTENT="as" WC="1.00" CC="00"/>
						<SP ID="P240_SP00157" HPOS="891" VPOS="1579" WIDTH="31"/>
						<String ID="P240_ST00183" HPOS="922" VPOS="1553" WIDTH="47" HEIGHT="19" CONTENT="Ave" WC="0.33" CC="990"/>
					</TextLine>
				</TextBlock>
			</PrintSpace>
		</Page>
	</Layout>
</alto>
