<?xml version="1.0" encoding="UTF-8"?>
<alto xmlns:xsi="http://www.w3.org/2001/XMLSchema-instance" xsi:noNamespaceSchemaLocation="http://www.bl.uk/schemas/alto/alto-1-4.xsd" xmlns:xlink="http://www.w3.org/1999/xlink">
	<Description>
		<MeasurementUnit>mm10</MeasurementUnit>
		<sourceImageInformation>
			<fileName>//head1/IN/2007-46/A0010888503.1/009821.jp2</fileName>
		</sourceImageInformation>
		<OCRProcessing ID="OCRPROCESSING_1">
			<preProcessingStep>
				<processingSoftware>
					<softwareCreator>CCS Content Conversion Specialists GmbH, Germany</softwareCreator>
					<softwareName>CCS docWORKS</softwareName>
					<softwareVersion>6.1-0.61</softwareVersion>
				</processingSoftware>
			</preProcessingStep>
			<ocrProcessingStep>
				<processingSoftware>
					<softwareCreator>ABBYY (BIT Software), Russia</softwareCreator>
					<softwareName>Finereader</softwareName>
				</processingSoftware>
			</ocrProcessingStep>
		</OCRProcessing>
	</Description>
	<Styles>
		<TextStyle ID="TXT_0" FONTSIZE="10" FONTFAMILY="Courier New"/>
		<TextStyle ID="TXT_1" FONTSIZE="11" FONTFAMILY="Courier New"/>
		<ParagraphStyle ID="PAR_CENTER" ALIGN="Center"/>
		<ParagraphStyle ID="PAR_RIGHT" ALIGN="Right"/>
		<ParagraphStyle ID="PAR_LEFT" ALIGN="Left"/>
	</Styles>
	<Layout>
		<Page ID="P277" PHYSICAL_IMG_NR="277" HEIGHT="1740" WIDTH="1090" PRINTED_IMG_NR="265" POSITION="Right" ACCURACY="72.71">
			<TopMargin ID="P277_TM00001" HPOS="0" VPOS="0" WIDTH="1089" HEIGHT="128">
				<TextBlock ID="P277_TB00001" HPOS="395" VPOS="107" WIDTH="251" HEIGHT="21" STYLEREFS="TXT_0 PAR_CENTER">
					<TextLine ID="P277_TL00001" HPOS="396" VPOS="108" WIDTH="250" HEIGHT="20">
						<String ID="P277_ST00001" HPOS="396" VPOS="109" WIDTH="63" HEIGHT="19" CONTENT="THE" WC="0.75" CC="240"/>
						<SP ID="P277_SP00001" HPOS="459" VPOS="128" WIDTH="23"/>
						<String ID="P277_ST00002" HPOS="482" VPOS="108" WIDTH="164" HEIGHT="20" CONTENT="DOWAGER." WC="0.68" CC="70905002"/>
					</TextLine>
				</TextBlock>
				<TextBlock ID="P277_TB00002" HPOS="877" VPOS="102" WIDTH="52" HEIGHT="25" STYLEREFS="TXT_1 PAR_RIGHT">
					<TextLine ID="P277_TL00002" HPOS="877" VPOS="102" WIDTH="52" HEIGHT="25">
						<String ID="P277_ST00003" HPOS="877" VPOS="102" WIDTH="52" HEIGHT="25" CONTENT="265" WC="1.00" CC="000"/>
					</TextLine>
				</TextBlock>
			</TopMargin>
			<LeftMargin ID="P277_LM00001" HPOS="0" VPOS="128" WIDTH="103" HEIGHT="1436"/>
			<RightMargin ID="P277_RM00001" HPOS="933" VPOS="128" WIDTH="156" HEIGHT="1436"/>
			<BottomMargin ID="P277_BM00001" HPOS="0" VPOS="1564" WIDTH="1089" HEIGHT="175"/>
			<PrintSpace ID="P277_PS00001" HPOS="103" VPOS="128" WIDTH="830" HEIGHT="1436">
				<TextBlock ID="P277_TB00003" HPOS="110" VPOS="181" WIDTH="823" HEIGHT="581" STYLEREFS="TXT_0 PAR_LEFT">
					<TextLine ID="P277_TL00003" HPOS="112" VPOS="181" WIDTH="821" HEIGHT="44">
						<String ID="P277_ST00004" HPOS="112" VPOS="181" WIDTH="151" HEIGHT="43" CONTENT="Mourjon," WC="0.77" CC="00540070"/>
						<SP ID="P277_SP00002" HPOS="263" VPOS="224" WIDTH="48"/>
						<String ID="P277_ST00005" HPOS="311" VPOS="183" WIDTH="98" HEIGHT="32" CONTENT="called" WC="0.90" CC="004100"/>
						<SP ID="P277_SP00003" HPOS="409" VPOS="224" WIDTH="44"/>
						<String ID="P277_ST00006" HPOS="453" VPOS="183" WIDTH="228" HEIGHT="32" CONTENT="Mademoiselle" WC="0.89" CC="000000150050"/>
						<SP ID="P277_SP00004" HPOS="681" VPOS="224" WIDTH="42"/>
						<String ID="P277_ST00007" HPOS="723" VPOS="182" WIDTH="130" HEIGHT="43" CONTENT="Aspasie" WC="0.79" CC="0008320"/>
						<SP ID="P277_SP00005" HPOS="853" VPOS="225" WIDTH="42"/>
						<String ID="P277_ST00008" HPOS="895" VPOS="182" WIDTH="38" HEIGHT="32" CONTENT="de" WC="0.89" CC="02"/>
					</TextLine>
					<TextLine ID="P277_TL00004" HPOS="112" VPOS="243" WIDTH="821" HEIGHT="43">
						<String ID="P277_ST00009" HPOS="112" VPOS="243" WIDTH="226" HEIGHT="43" CONTENT="Mourjonville," WC="0.75" CC="0064007722000"/>
						<SP ID="P277_SP00006" HPOS="338" VPOS="286" WIDTH="32"/>
						<String ID="P277_ST00010" HPOS="370" VPOS="246" WIDTH="26" HEIGHT="31" CONTENT="is" WC="0.45" CC="55"/>
						<SP ID="P277_SP00007" HPOS="396" VPOS="286" WIDTH="36"/>
						<String ID="P277_ST00011" HPOS="432" VPOS="245" WIDTH="170" HEIGHT="41" CONTENT="altogether" WC="0.68" CC="0660005705"/>
						<SP ID="P277_SP00008" HPOS="602" VPOS="286" WIDTH="37"/>
						<String ID="P277_ST00012" HPOS="639" VPOS="244" WIDTH="127" HEIGHT="32" CONTENT="another" WC="0.76" CC="0530700"/>
						<SP ID="P277_SP00009" HPOS="766" VPOS="286" WIDTH="36"/>
						<String ID="P277_ST00013" HPOS="802" VPOS="248" WIDTH="63" HEIGHT="27" CONTENT="sort" WC="0.69" CC="6050"/>
						<SP ID="P277_SP00010" HPOS="865" VPOS="286" WIDTH="38"/>
						<String ID="P277_ST00014" HPOS="903" VPOS="243" WIDTH="30" HEIGHT="32" CONTENT="of" WC="1.00" CC="00"/>
					</TextLine>
					<TextLine ID="P277_TL00005" HPOS="111" VPOS="305" WIDTH="821" HEIGHT="43">
						<String ID="P277_ST00015" HPOS="111" VPOS="314" WIDTH="121" HEIGHT="31" CONTENT="person." WC="0.80" CC="0041070"/>
						<SP ID="P277_SP00011" HPOS="232" VPOS="345" WIDTH="65"/>
						<String ID="P277_ST00016" HPOS="297" VPOS="306" WIDTH="61" HEIGHT="32" CONTENT="She" WC="0.50" CC="770"/>
						<SP ID="P277_SP00012" HPOS="358" VPOS="345" WIDTH="38"/>
						<String ID="P277_ST00017" HPOS="396" VPOS="306" WIDTH="172" HEIGHT="42" CONTENT="patronizes" WC="0.62" CC="9156176000"/>
						<SP ID="P277_SP00013" HPOS="568" VPOS="348" WIDTH="28"/>
						<String ID="P277_ST00018" HPOS="596" VPOS="318" WIDTH="50" HEIGHT="19" CONTENT="me" WC="1.00" CC="00"/>
						<SP ID="P277_SP00014" HPOS="646" VPOS="348" WIDTH="29"/>
						<String ID="P277_ST00019" HPOS="675" VPOS="305" WIDTH="120" HEIGHT="42" CONTENT="hugely," WC="0.69" CC="7800500"/>
						<SP ID="P277_SP00015" HPOS="795" VPOS="348" WIDTH="33"/>
						<String ID="P277_ST00020" HPOS="828" VPOS="305" WIDTH="59" HEIGHT="32" CONTENT="and" WC="0.80" CC="050"/>
						<SP ID="P277_SP00016" HPOS="887" VPOS="348" WIDTH="29"/>
						<String ID="P277_ST00021" HPOS="916" VPOS="305" WIDTH="16" HEIGHT="31" CONTENT="I" WC="0.48" CC="5"/>
					</TextLine>
					<TextLine ID="P277_TL00006" HPOS="115" VPOS="366" WIDTH="817" HEIGHT="33">
						<String ID="P277_ST00022" HPOS="115" VPOS="366" WIDTH="175" HEIGHT="32" CONTENT="sometimes" WC="0.86" CC="600003001"/>
						<SP ID="P277_SP00017" HPOS="290" VPOS="398" WIDTH="24"/>
						<String ID="P277_ST00023" HPOS="314" VPOS="372" WIDTH="80" HEIGHT="27" CONTENT="stare" WC="0.75" CC="55100"/>
						<SP ID="P277_SP00018" HPOS="394" VPOS="399" WIDTH="23"/>
						<String ID="P277_ST00024" HPOS="417" VPOS="368" WIDTH="30" HEIGHT="30" CONTENT="in" WC="0.42" CC="55"/>
						<SP ID="P277_SP00019" HPOS="447" VPOS="399" WIDTH="24"/>
						<String ID="P277_ST00025" HPOS="471" VPOS="367" WIDTH="219" HEIGHT="31" CONTENT="astonishment" WC="0.71" CC="030073470070"/>
						<SP ID="P277_SP00020" HPOS="690" VPOS="399" WIDTH="15"/>
						<String ID="P277_ST00026" HPOS="705" VPOS="372" WIDTH="31" HEIGHT="26" CONTENT="at" WC="1.00" CC="00"/>
						<SP ID="P277_SP00021" HPOS="736" VPOS="399" WIDTH="17"/>
						<String ID="P277_ST00027" HPOS="753" VPOS="367" WIDTH="53" HEIGHT="31" CONTENT="the" WC="0.68" CC="170"/>
						<SP ID="P277_SP00022" HPOS="806" VPOS="399" WIDTH="22"/>
						<String ID="P277_ST00028" HPOS="828" VPOS="366" WIDTH="104" HEIGHT="31" CONTENT="native" WC="0.65" CC="700670"/>
					</TextLine>
					<TextLine ID="P277_TL00007" HPOS="113" VPOS="425" WIDTH="819" HEIGHT="43">
						<String ID="P277_ST00029" HPOS="113" VPOS="425" WIDTH="195" HEIGHT="43" CONTENT="intelligence" WC="0.83" CC="060020400500"/>
						<SP ID="P277_SP00023" HPOS="308" VPOS="468" WIDTH="17"/>
						<String ID="P277_ST00030" HPOS="325" VPOS="428" WIDTH="34" HEIGHT="31" CONTENT="of" WC="0.84" CC="03"/>
						<SP ID="P277_SP00024" HPOS="359" VPOS="468" WIDTH="11"/>
						<String ID="P277_ST00031" HPOS="370" VPOS="428" WIDTH="52" HEIGHT="31" CONTENT="the" WC="0.65" CC="370"/>
						<SP ID="P277_SP00025" HPOS="422" VPOS="468" WIDTH="16"/>
						<String ID="P277_ST00032" HPOS="438" VPOS="440" WIDTH="129" HEIGHT="19" CONTENT="woman." WC="0.82" CC="030070"/>
						<SP ID="P277_SP00026" HPOS="567" VPOS="468" WIDTH="46"/>
						<String ID="P277_ST00033" HPOS="613" VPOS="427" WIDTH="32" HEIGHT="31" CONTENT="If" WC="0.75" CC="40"/>
						<SP ID="P277_SP00027" HPOS="645" VPOS="468" WIDTH="15"/>
						<String ID="P277_ST00034" HPOS="660" VPOS="428" WIDTH="42" HEIGHT="31" CONTENT="M." WC="1.00" CC="00"/>
						<SP ID="P277_SP00028" HPOS="702" VPOS="468" WIDTH="13"/>
						<String ID="P277_ST00035" HPOS="715" VPOS="427" WIDTH="36" HEIGHT="32" CONTENT="de" WC="1.00" CC="00"/>
						<SP ID="P277_SP00029" HPOS="751" VPOS="468" WIDTH="16"/>
						<String ID="P277_ST00036" HPOS="767" VPOS="428" WIDTH="165" HEIGHT="40" CONTENT="Moranges" WC="0.71" CC="04417005"/>
					</TextLine>
					<TextLine ID="P277_TL00008" HPOS="113" VPOS="487" WIDTH="819" HEIGHT="42">
						<String ID="P277_ST00037" HPOS="113" VPOS="487" WIDTH="61" HEIGHT="31" CONTENT="had" WC="0.74" CC="700"/>
						<SP ID="P277_SP00030" HPOS="174" VPOS="518" WIDTH="30"/>
						<String ID="P277_ST00038" HPOS="204" VPOS="493" WIDTH="55" HEIGHT="36" CONTENT="put" WC="0.55" CC="076"/>
						<SP ID="P277_SP00031" HPOS="259" VPOS="529" WIDTH="30"/>
						<String ID="P277_ST00039" HPOS="289" VPOS="488" WIDTH="54" HEIGHT="31" CONTENT="her" WC="0.53" CC="706"/>
						<SP ID="P277_SP00032" HPOS="343" VPOS="529" WIDTH="31"/>
						<String ID="P277_ST00040" HPOS="374" VPOS="488" WIDTH="31" HEIGHT="31" CONTENT="in" WC="0.49" CC="36"/>
						<SP ID="P277_SP00033" HPOS="405" VPOS="529" WIDTH="31"/>
						<String ID="P277_ST00041" HPOS="436" VPOS="488" WIDTH="174" HEIGHT="32" CONTENT="Claudine's" WC="0.63" CC="6206057025"/>
						<SP ID="P277_SP00034" HPOS="610" VPOS="529" WIDTH="37"/>
						<String ID="P277_ST00042" HPOS="647" VPOS="488" WIDTH="95" HEIGHT="41" CONTENT="place," WC="0.90" CC="000600"/>
						<SP ID="P277_SP00035" HPOS="742" VPOS="529" WIDTH="32"/>
						<String ID="P277_ST00043" HPOS="774" VPOS="489" WIDTH="15" HEIGHT="30" CONTENT="I" WC="1.00" CC="0"/>
						<SP ID="P277_SP00036" HPOS="789" VPOS="529" WIDTH="34"/>
						<String ID="P277_ST00044" HPOS="823" VPOS="488" WIDTH="109" HEIGHT="31" CONTENT="should" WC="0.67" CC="570600"/>
					</TextLine>
					<TextLine ID="P277_TL00009" HPOS="112" VPOS="549" WIDTH="820" HEIGHT="41">
						<String ID="P277_ST00045" HPOS="112" VPOS="549" WIDTH="129" HEIGHT="31" CONTENT="tremble" WC="0.94" CC="1000010"/>
						<String ID="P277_ST00046" HPOS="243" VPOS="568" WIDTH="43" HEIGHT="4" CONTENT="—" WC="0.20" CC="8"/>
						<String ID="P277_ST00047" HPOS="286" VPOS="549" WIDTH="130" HEIGHT="31" CONTENT="tremble" WC="0.64" CC="6501730"/>
						<SP ID="P277_SP00037" HPOS="416" VPOS="580" WIDTH="27"/>
						<String ID="P277_ST00048" HPOS="443" VPOS="549" WIDTH="46" HEIGHT="31" CONTENT="for" WC="0.69" CC="305"/>
						<SP ID="P277_SP00038" HPOS="489" VPOS="580" WIDTH="26"/>
						<String ID="P277_ST00049" HPOS="515" VPOS="561" WIDTH="76" HEIGHT="29" CONTENT="your" WC="0.77" CC="0260"/>
						<SP ID="P277_SP00039" HPOS="591" VPOS="590" WIDTH="26"/>
						<String ID="P277_ST00050" HPOS="617" VPOS="554" WIDTH="98" HEIGHT="36" CONTENT="party," WC="0.91" CC="005000"/>
						<SP ID="P277_SP00040" HPOS="715" VPOS="590" WIDTH="23"/>
						<String ID="P277_ST00051" HPOS="738" VPOS="549" WIDTH="143" HEIGHT="31" CONTENT="Madame" WC="0.87" CC="020301"/>
						<SP ID="P277_SP00041" HPOS="881" VPOS="590" WIDTH="20"/>
						<String ID="P277_ST00052" HPOS="901" VPOS="549" WIDTH="31" HEIGHT="31" CONTENT="la" WC="0.72" CC="50"/>
					</TextLine>
					<TextLine ID="P277_TL00010" HPOS="112" VPOS="609" WIDTH="820" HEIGHT="42">
						<String ID="P277_ST00053" HPOS="112" VPOS="610" WIDTH="165" HEIGHT="41" CONTENT="Marquise," WC="0.74" CC="006074401"/>
						<SP ID="P277_SP00042" HPOS="277" VPOS="651" WIDTH="26"/>
						<String ID="P277_ST00054" HPOS="303" VPOS="609" WIDTH="54" HEIGHT="41" CONTENT="for," WC="0.84" CC="0042"/>
						<SP ID="P277_SP00043" HPOS="357" VPOS="651" WIDTH="24"/>
						<String ID="P277_ST00055" HPOS="381" VPOS="610" WIDTH="16" HEIGHT="30" CONTENT="I" WC="0.60" CC="3"/>
						<SP ID="P277_SP00044" HPOS="397" VPOS="651" WIDTH="23"/>
						<String ID="P277_ST00056" HPOS="420" VPOS="609" WIDTH="127" HEIGHT="38" CONTENT="believe," WC="0.74" CC="20600704"/>
						<SP ID="P277_SP00045" HPOS="547" VPOS="651" WIDTH="16"/>
						<String ID="P277_ST00057" HPOS="563" VPOS="609" WIDTH="39" HEIGHT="31" CONTENT="he" WC="0.63" CC="70"/>
						<SP ID="P277_SP00046" HPOS="602" VPOS="651" WIDTH="16"/>
						<String ID="P277_ST00058" HPOS="618" VPOS="609" WIDTH="102" HEIGHT="31" CONTENT="would" WC="0.86" CC="00600"/>
						<SP ID="P277_SP00047" HPOS="720" VPOS="651" WIDTH="22"/>
						<String ID="P277_ST00059" HPOS="742" VPOS="609" WIDTH="38" HEIGHT="31" CONTENT="be" WC="0.63" CC="70"/>
						<SP ID="P277_SP00048" HPOS="780" VPOS="651" WIDTH="24"/>
						<String ID="P277_ST00060" HPOS="804" VPOS="621" WIDTH="18" HEIGHT="19" CONTENT="a" WC="1.00" CC="0"/>
						<SP ID="P277_SP00049" HPOS="822" VPOS="651" WIDTH="22"/>
						<String ID="P277_ST00061" HPOS="844" VPOS="614" WIDTH="88" HEIGHT="36" CONTENT="great" WC="0.78" CC="03070"/>
					</TextLine>
					<TextLine ID="P277_TL00011" HPOS="111" VPOS="669" WIDTH="820" HEIGHT="42">
						<String ID="P277_ST00062" HPOS="111" VPOS="675" WIDTH="170" HEIGHT="27" CONTENT="statesman" WC="0.79" CC="301600007"/>
						<SP ID="P277_SP00050" HPOS="281" VPOS="702" WIDTH="12"/>
						<String ID="P277_ST00063" HPOS="293" VPOS="675" WIDTH="60" HEIGHT="36" CONTENT="yet," WC="0.83" CC="0060"/>
						<SP ID="P277_SP00051" HPOS="353" VPOS="711" WIDTH="16"/>
						<String ID="P277_ST00064" HPOS="369" VPOS="670" WIDTH="60" HEIGHT="31" CONTENT="and" WC="0.76" CC="070"/>
						<SP ID="P277_SP00052" HPOS="429" VPOS="711" WIDTH="16"/>
						<String ID="P277_ST00065" HPOS="445" VPOS="682" WIDTH="115" HEIGHT="29" CONTENT="govern" WC="0.57" CC="037076"/>
						<SP ID="P277_SP00053" HPOS="560" VPOS="711" WIDTH="13"/>
						<String ID="P277_ST00066" HPOS="573" VPOS="670" WIDTH="115" HEIGHT="31" CONTENT="France" WC="0.74" CC="460500"/>
						<String ID="P277_ST00067" HPOS="689" VPOS="689" WIDTH="44" HEIGHT="3" CONTENT="—" WC="0.20" CC="8"/>
						<String ID="P277_ST00068" HPOS="733" VPOS="669" WIDTH="67" HEIGHT="32" CONTENT="that" WC="0.79" CC="1600"/>
						<SP ID="P277_SP00054" HPOS="800" VPOS="711" WIDTH="12"/>
						<String ID="P277_ST00069" HPOS="812" VPOS="681" WIDTH="119" HEIGHT="19" CONTENT="woman" WC="0.83" CC="00017"/>
					</TextLine>
					<TextLine ID="P277_TL00012" HPOS="111" VPOS="731" WIDTH="219" HEIGHT="31">
						<String ID="P277_ST00070" HPOS="111" VPOS="731" WIDTH="26" HEIGHT="30" CONTENT="is" WC="0.73" CC="50"/>
						<SP ID="P277_SP00055" HPOS="137" VPOS="761" WIDTH="15"/>
						<String ID="P277_ST00071" HPOS="152" VPOS="731" WIDTH="178" HEIGHT="31" CONTENT='first-rate."' WC="0.85" CC="006000503001"/>
					</TextLine>
				</TextBlock>
				<TextBlock ID="P277_TB00004" HPOS="155" VPOS="789" WIDTH="470" HEIGHT="42" STYLEREFS="TXT_0 PAR_LEFT">
					<TextLine ID="P277_TL00013" HPOS="156" VPOS="790" WIDTH="469" HEIGHT="41">
						<String ID="P277_ST00072" HPOS="156" VPOS="792" WIDTH="17" HEIGHT="14" CONTENT='"' WC="0.55" CC="4"/>
						<SP ID="P277_SP00056" HPOS="173" VPOS="806" WIDTH="13"/>
						<String ID="P277_ST00073" HPOS="186" VPOS="791" WIDTH="73" HEIGHT="31" CONTENT="And" WC="0.78" CC="060"/>
						<SP ID="P277_SP00057" HPOS="259" VPOS="822" WIDTH="16"/>
						<String ID="P277_ST00074" HPOS="275" VPOS="795" WIDTH="131" HEIGHT="36" CONTENT="corrupt," WC="0.79" CC="00416040"/>
						<SP ID="P277_SP00058" HPOS="406" VPOS="831" WIDTH="19"/>
						<String ID="P277_ST00075" HPOS="425" VPOS="790" WIDTH="33" HEIGHT="32" CONTENT="of" WC="1.00" CC="00"/>
						<SP ID="P277_SP00059" HPOS="458" VPOS="831" WIDTH="11"/>
						<String ID="P277_ST00076" HPOS="469" VPOS="802" WIDTH="105" HEIGHT="20" CONTENT="course" WC="0.72" CC="005640"/>
						<SP ID="P277_SP00060" HPOS="574" VPOS="831" WIDTH="12"/>
						<String ID="P277_ST00077" HPOS="586" VPOS="792" WIDTH="14" HEIGHT="30" CONTENT="?" WC="1.00" CC="0"/>
						<SP ID="P277_SP00061" HPOS="600" VPOS="831" WIDTH="12"/>
						<String ID="P277_ST00078" HPOS="612" VPOS="791" WIDTH="13" HEIGHT="11" CONTENT='"' WC="0.39" CC="6"/>
					</TextLine>
				</TextBlock>
				<TextBlock ID="P277_TB00005" HPOS="107" VPOS="850" WIDTH="822" HEIGHT="226" STYLEREFS="TXT_0 PAR_LEFT">
					<TextLine ID="P277_TL00014" HPOS="157" VPOS="850" WIDTH="772" HEIGHT="43">
						<String ID="P277_ST00079" HPOS="157" VPOS="854" WIDTH="17" HEIGHT="13" CONTENT='"' WC="0.53" CC="4"/>
						<SP ID="P277_SP00062" HPOS="174" VPOS="867" WIDTH="14"/>
						<String ID="P277_ST00080" HPOS="188" VPOS="852" WIDTH="80" HEIGHT="31" CONTENT="That" WC="0.72" CC="3700"/>
						<SP ID="P277_SP00063" HPOS="268" VPOS="883" WIDTH="31"/>
						<String ID="P277_ST00081" HPOS="299" VPOS="852" WIDTH="134" HEIGHT="41" CONTENT="depends" WC="0.88" CC="0003005"/>
						<SP ID="P277_SP00064" HPOS="433" VPOS="893" WIDTH="32"/>
						<String ID="P277_ST00082" HPOS="465" VPOS="863" WIDTH="39" HEIGHT="19" CONTENT="on" WC="0.57" CC="35"/>
						<SP ID="P277_SP00065" HPOS="504" VPOS="893" WIDTH="31"/>
						<String ID="P277_ST00083" HPOS="535" VPOS="851" WIDTH="51" HEIGHT="31" CONTENT="the" WC="0.63" CC="370"/>
						<SP ID="P277_SP00066" HPOS="586" VPOS="893" WIDTH="32"/>
						<String ID="P277_ST00084" HPOS="618" VPOS="862" WIDTH="87" HEIGHT="20" CONTENT="sense" WC="0.76" CC="40700"/>
						<SP ID="P277_SP00067" HPOS="705" VPOS="893" WIDTH="27"/>
						<String ID="P277_ST00085" HPOS="732" VPOS="850" WIDTH="63" HEIGHT="32" CONTENT="lent" WC="0.56" CC="6073"/>
						<SP ID="P277_SP00068" HPOS="795" VPOS="893" WIDTH="26"/>
						<String ID="P277_ST00086" HPOS="821" VPOS="855" WIDTH="31" HEIGHT="27" CONTENT="to" WC="0.72" CC="05"/>
						<SP ID="P277_SP00069" HPOS="852" VPOS="893" WIDTH="26"/>
						<String ID="P277_ST00087" HPOS="878" VPOS="850" WIDTH="51" HEIGHT="32" CONTENT="the" WC="0.62" CC="370"/>
					</TextLine>
					<TextLine ID="P277_TL00015" HPOS="110" VPOS="910" WIDTH="819" HEIGHT="43">
						<String ID="P277_ST00088" HPOS="110" VPOS="913" WIDTH="85" HEIGHT="31" CONTENT="Avord" WC="0.91" CC="00040"/>
						<String ID="P277_ST00089" HPOS="208" VPOS="927" WIDTH="5" HEIGHT="18" CONTENT=":" WC="0.69" CC="3"/>
						<SP ID="P277_SP00070" HPOS="213" VPOS="945" WIDTH="33"/>
						<String ID="P277_ST00090" HPOS="246" VPOS="913" WIDTH="29" HEIGHT="30" CONTENT="in" WC="0.63" CC="07"/>
						<SP ID="P277_SP00071" HPOS="275" VPOS="945" WIDTH="32"/>
						<String ID="P277_ST00091" HPOS="307" VPOS="912" WIDTH="52" HEIGHT="32" CONTENT="the" WC="0.53" CC="670"/>
						<SP ID="P277_SP00072" HPOS="359" VPOS="945" WIDTH="33"/>
						<String ID="P277_ST00092" HPOS="392" VPOS="912" WIDTH="142" HEIGHT="41" CONTENT="ordinary" WC="0.70" CC="15027060"/>
						<SP ID="P277_SP00073" HPOS="534" VPOS="953" WIDTH="25"/>
						<String ID="P277_ST00093" HPOS="559" VPOS="923" WIDTH="87" HEIGHT="20" CONTENT="sense" WC="0.76" CC="20720"/>
						<SP ID="P277_SP00074" HPOS="646" VPOS="953" WIDTH="31"/>
						<String ID="P277_ST00094" HPOS="677" VPOS="923" WIDTH="48" HEIGHT="28" CONTENT="no," WC="0.73" CC="601"/>
						<SP ID="P277_SP00075" HPOS="725" VPOS="953" WIDTH="28"/>
						<String ID="P277_ST00095" HPOS="753" VPOS="910" WIDTH="46" HEIGHT="32" CONTENT="for" WC="0.76" CC="007"/>
						<SP ID="P277_SP00076" HPOS="799" VPOS="953" WIDTH="26"/>
						<String ID="P277_ST00096" HPOS="825" VPOS="910" WIDTH="53" HEIGHT="33" CONTENT="she" WC="0.57" CC="470"/>
						<SP ID="P277_SP00077" HPOS="878" VPOS="953" WIDTH="27"/>
						<String ID="P277_ST00097" HPOS="905" VPOS="911" WIDTH="24" HEIGHT="31" CONTENT="is" WC="0.93" CC="10"/>
					</TextLine>
					<TextLine ID="P277_TL00016" HPOS="110" VPOS="971" WIDTH="819" HEIGHT="45">
						<String ID="P277_ST00098" HPOS="110" VPOS="975" WIDTH="115" HEIGHT="41" CONTENT="wholly" WC="0.79" CC="074000"/>
						<SP ID="P277_SP00078" HPOS="225" VPOS="1016" WIDTH="29"/>
						<String ID="P277_ST00099" HPOS="254" VPOS="974" WIDTH="186" HEIGHT="41" CONTENT="passionless" WC="0.66" CC="05445044023"/>
						<String ID="P277_ST00100" HPOS="441" VPOS="993" WIDTH="43" HEIGHT="2" CONTENT="—" WC="0.20" CC="8"/>
						<String ID="P277_ST00101" HPOS="485" VPOS="973" WIDTH="55" HEIGHT="31" CONTENT="but" WC="0.54" CC="660"/>
						<SP ID="P277_SP00079" HPOS="540" VPOS="1016" WIDTH="31"/>
						<String ID="P277_ST00102" HPOS="571" VPOS="972" WIDTH="54" HEIGHT="32" CONTENT="she" WC="0.57" CC="570"/>
						<SP ID="P277_SP00080" HPOS="625" VPOS="1016" WIDTH="30"/>
						<String ID="P277_ST00103" HPOS="655" VPOS="972" WIDTH="25" HEIGHT="32" CONTENT="is" WC="0.56" CC="17"/>
						<SP ID="P277_SP00081" HPOS="680" VPOS="1016" WIDTH="30"/>
						<String ID="P277_ST00104" HPOS="710" VPOS="971" WIDTH="55" HEIGHT="32" CONTENT="full" WC="0.70" CC="0713"/>
						<SP ID="P277_SP00082" HPOS="765" VPOS="1016" WIDTH="30"/>
						<String ID="P277_ST00105" HPOS="795" VPOS="972" WIDTH="34" HEIGHT="32" CONTENT="of" WC="0.78" CC="21"/>
						<SP ID="P277_SP00083" HPOS="829" VPOS="1016" WIDTH="32"/>
						<String ID="P277_ST00106" HPOS="861" VPOS="984" WIDTH="68" HEIGHT="30" CONTENT="per" SUBS_TYPE="HypPart1" SUBS_CONTENT="perversity" WC="0.87" CC="0050"/>
						<HYP CONTENT="-"/>
					</TextLine>
					<TextLine ID="P277_TL00017" HPOS="109" VPOS="1036" WIDTH="115" HEIGHT="40">
						<String ID="P277_ST00107" HPOS="109" VPOS="1036" WIDTH="115" HEIGHT="40" CONTENT="versity" SUBS_TYPE="HypPart2" SUBS_CONTENT="perversity" WC="0.58" CC="7056143"/>
						<SP ID="P277_SP00084" HPOS="224" VPOS="1076" WIDTH="0"/>
					</TextLine>
				</TextBlock>
				<TextBlock ID="P277_TB00006" HPOS="106" VPOS="1093" WIDTH="822" HEIGHT="106" STYLEREFS="TXT_0 PAR_LEFT">
					<TextLine ID="P277_TL00018" HPOS="155" VPOS="1094" WIDTH="773" HEIGHT="43">
						<String ID="P277_ST00108" HPOS="155" VPOS="1098" WIDTH="17" HEIGHT="14" CONTENT='"' WC="0.89" CC="1"/>
						<SP ID="P277_SP00085" HPOS="172" VPOS="1112" WIDTH="11"/>
						<String ID="P277_ST00109" HPOS="183" VPOS="1098" WIDTH="73" HEIGHT="31" CONTENT="And" WC="0.76" CC="070"/>
						<SP ID="P277_SP00086" HPOS="256" VPOS="1129" WIDTH="16"/>
						<String ID="P277_ST00110" HPOS="272" VPOS="1097" WIDTH="102" HEIGHT="31" CONTENT="Avould" WC="0.76" CC="900400"/>
						<SP ID="P277_SP00087" HPOS="374" VPOS="1129" WIDTH="16"/>
						<String ID="P277_ST00111" HPOS="390" VPOS="1097" WIDTH="38" HEIGHT="31" CONTENT="do" WC="0.82" CC="03"/>
						<SP ID="P277_SP00088" HPOS="428" VPOS="1129" WIDTH="16"/>
						<String ID="P277_ST00112" HPOS="444" VPOS="1095" WIDTH="152" HEIGHT="42" CONTENT="anything" WC="0.59" CC="03007479"/>
						<SP ID="P277_SP00089" HPOS="596" VPOS="1137" WIDTH="18"/>
						<String ID="P277_ST00113" HPOS="614" VPOS="1094" WIDTH="46" HEIGHT="31" CONTENT="for" WC="0.76" CC="007"/>
						<SP ID="P277_SP00090" HPOS="660" VPOS="1137" WIDTH="20"/>
						<String ID="P277_ST00114" HPOS="680" VPOS="1094" WIDTH="139" HEIGHT="42" CONTENT='money,"' WC="0.68" CC="9070005"/>
						<SP ID="P277_SP00091" HPOS="819" VPOS="1137" WIDTH="18"/>
						<String ID="P277_ST00115" HPOS="837" VPOS="1094" WIDTH="91" HEIGHT="32" CONTENT="inter" SUBS_TYPE="HypPart1" SUBS_CONTENT="interrupted" WC="0.61" CC="671033"/>
						<HYP CONTENT="-"/>
					</TextLine>
					<TextLine ID="P277_TL00019" HPOS="107" VPOS="1158" WIDTH="359" HEIGHT="41">
						<String ID="P277_ST00116" HPOS="107" VPOS="1158" WIDTH="111" HEIGHT="41" CONTENT="rupted" SUBS_TYPE="HypPart2" SUBS_CONTENT="interrupted" WC="0.72" CC="709000"/>
						<SP ID="P277_SP00092" HPOS="218" VPOS="1199" WIDTH="16"/>
						<String ID="P277_ST00117" HPOS="234" VPOS="1158" WIDTH="52" HEIGHT="32" CONTENT="the" WC="0.75" CC="070"/>
						<SP ID="P277_SP00093" HPOS="286" VPOS="1199" WIDTH="17"/>
						<String ID="P277_ST00118" HPOS="303" VPOS="1158" WIDTH="163" HEIGHT="40" CONTENT="Marquise." WC="0.79" CC="007050500"/>
					</TextLine>
				</TextBlock>
				<TextBlock ID="P277_TB00007" HPOS="103" VPOS="1215" WIDTH="824" HEIGHT="289" STYLEREFS="TXT_0 PAR_LEFT">
					<TextLine ID="P277_TL00020" HPOS="154" VPOS="1216" WIDTH="773" HEIGHT="43">
						<String ID="P277_ST00119" HPOS="154" VPOS="1219" WIDTH="143" HEIGHT="40" CONTENT='"Well,"' WC="0.77" CC="0002542"/>
						<SP ID="P277_SP00094" HPOS="297" VPOS="1259" WIDTH="29"/>
						<String ID="P277_ST00120" HPOS="326" VPOS="1219" WIDTH="60" HEIGHT="31" CONTENT="and" WC="0.60" CC="470"/>
						<SP ID="P277_SP00095" HPOS="386" VPOS="1259" WIDTH="27"/>
						<String ID="P277_ST00121" HPOS="413" VPOS="1218" WIDTH="38" HEIGHT="31" CONTENT="he" WC="0.63" CC="70"/>
						<SP ID="P277_SP00096" HPOS="451" VPOS="1259" WIDTH="27"/>
						<String ID="P277_ST00122" HPOS="478" VPOS="1216" WIDTH="168" HEIGHT="41" CONTENT="hesitated;" WC="0.74" CC="7035700001"/>
						<SP ID="P277_SP00097" HPOS="646" VPOS="1259" WIDTH="41"/>
						<String ID="P277_ST00123" HPOS="687" VPOS="1216" WIDTH="43" HEIGHT="31" CONTENT='"I' WC="0.93" CC="10"/>
						<SP ID="P277_SP00098" HPOS="730" VPOS="1259" WIDTH="29"/>
						<String ID="P277_ST00124" HPOS="759" VPOS="1216" WIDTH="91" HEIGHT="42" CONTENT="fancy" WC="0.93" CC="00300"/>
						<SP ID="P277_SP00099" HPOS="850" VPOS="1259" WIDTH="26"/>
						<String ID="P277_ST00125" HPOS="876" VPOS="1216" WIDTH="51" HEIGHT="32" CONTENT="she" WC="0.37" CC="674"/>
					</TextLine>
					<TextLine ID="P277_TL00021" HPOS="107" VPOS="1277" WIDTH="820" HEIGHT="43">
						<String ID="P277_ST00126" HPOS="107" VPOS="1280" WIDTH="100" HEIGHT="33" CONTENT="would" WC="0.76" CC="02440"/>
						<SP ID="P277_SP00100" HPOS="207" VPOS="1313" WIDTH="31"/>
						<String ID="P277_ST00127" HPOS="238" VPOS="1280" WIDTH="39" HEIGHT="32" CONTENT="do" WC="0.82" CC="03"/>
						<SP ID="P277_SP00101" HPOS="277" VPOS="1313" WIDTH="32"/>
						<String ID="P277_ST00128" HPOS="309" VPOS="1280" WIDTH="111" HEIGHT="31" CONTENT="almost" WC="0.86" CC="000025"/>
						<SP ID="P277_SP00102" HPOS="420" VPOS="1313" WIDTH="31"/>
						<String ID="P277_ST00129" HPOS="451" VPOS="1278" WIDTH="150" HEIGHT="42" CONTENT="anything" WC="0.52" CC="07907670"/>
						<SP ID="P277_SP00103" HPOS="601" VPOS="1320" WIDTH="36"/>
						<String ID="P277_ST00130" HPOS="637" VPOS="1278" WIDTH="46" HEIGHT="30" CONTENT="for" WC="0.69" CC="026"/>
						<SP ID="P277_SP00104" HPOS="683" VPOS="1320" WIDTH="36"/>
						<String ID="P277_ST00131" HPOS="719" VPOS="1289" WIDTH="111" HEIGHT="30" CONTENT="money" WC="0.85" CC="00700"/>
						<String ID="P277_ST00132" HPOS="831" VPOS="1297" WIDTH="42" HEIGHT="3" CONTENT="—" WC="0.20" CC="8"/>
						<String ID="P277_ST00133" HPOS="873" VPOS="1277" WIDTH="54" HEIGHT="32" CONTENT="but" WC="0.47" CC="743"/>
					</TextLine>
					<TextLine ID="P277_TL00022" HPOS="105" VPOS="1338" WIDTH="822" HEIGHT="42">
						<String ID="P277_ST00134" HPOS="105" VPOS="1354" WIDTH="85" HEIGHT="20" CONTENT="more" WC="0.98" CC="0000"/>
						<SP ID="P277_SP00105" HPOS="190" VPOS="1374" WIDTH="24"/>
						<String ID="P277_ST00135" HPOS="214" VPOS="1341" WIDTH="46" HEIGHT="32" CONTENT="for" WC="0.79" CC="006"/>
						<SP ID="P277_SP00106" HPOS="260" VPOS="1374" WIDTH="24"/>
						<String ID="P277_ST00136" HPOS="284" VPOS="1341" WIDTH="147" HEIGHT="32" CONTENT="ambition" WC="0.68" CC="00760523"/>
						<String ID="P277_ST00137" HPOS="443" VPOS="1352" WIDTH="6" HEIGHT="28" CONTENT=";" WC="0.74" CC="2"/>
						<SP ID="P277_SP00107" HPOS="449" VPOS="1380" WIDTH="26"/>
						<String ID="P277_ST00138" HPOS="475" VPOS="1339" WIDTH="80" HEIGHT="31" CONTENT="she's" WC="0.59" CC="67023"/>
						<SP ID="P277_SP00108" HPOS="555" VPOS="1380" WIDTH="21"/>
						<String ID="P277_ST00139" HPOS="576" VPOS="1350" WIDTH="18" HEIGHT="19" CONTENT="a" WC="1.00" CC="0"/>
						<SP ID="P277_SP00109" HPOS="594" VPOS="1380" WIDTH="19"/>
						<String ID="P277_ST00140" HPOS="613" VPOS="1338" WIDTH="118" HEIGHT="31" CONTENT="curious" WC="0.61" CC="0653064"/>
						<SP ID="P277_SP00110" HPOS="731" VPOS="1380" WIDTH="17"/>
						<String ID="P277_ST00141" HPOS="748" VPOS="1338" WIDTH="179" HEIGHT="41" CONTENT="compound," WC="0.67" CC="002006794"/>
					</TextLine>
					<TextLine ID="P277_TL00023" HPOS="105" VPOS="1400" WIDTH="822" HEIGHT="43">
						<String ID="P277_ST00142" HPOS="105" VPOS="1404" WIDTH="61" HEIGHT="31" CONTENT="and" WC="0.76" CC="070"/>
						<SP ID="P277_SP00111" HPOS="166" VPOS="1435" WIDTH="16"/>
						<String ID="P277_ST00143" HPOS="182" VPOS="1414" WIDTH="122" HEIGHT="21" CONTENT="amuses" WC="0.82" CC="006004"/>
						<SP ID="P277_SP00112" HPOS="304" VPOS="1435" WIDTH="21"/>
						<String ID="P277_ST00144" HPOS="325" VPOS="1413" WIDTH="50" HEIGHT="21" CONTENT="me" WC="1.00" CC="00"/>
						<SP ID="P277_SP00113" HPOS="375" VPOS="1435" WIDTH="22"/>
						<String ID="P277_ST00145" HPOS="397" VPOS="1401" WIDTH="180" HEIGHT="42" CONTENT="immensely" WC="0.78" CC="300040019"/>
						<SP ID="P277_SP00114" HPOS="577" VPOS="1443" WIDTH="12"/>
						<String ID="P277_ST00146" HPOS="589" VPOS="1414" WIDTH="6" HEIGHT="26" CONTENT=";" WC="1.00" CC="0"/>
						<SP ID="P277_SP00115" HPOS="595" VPOS="1443" WIDTH="24"/>
						<String ID="P277_ST00147" HPOS="619" VPOS="1400" WIDTH="55" HEIGHT="31" CONTENT="but" WC="0.66" CC="540"/>
						<SP ID="P277_SP00116" HPOS="674" VPOS="1443" WIDTH="16"/>
						<String ID="P277_ST00148" HPOS="690" VPOS="1400" WIDTH="72" HEIGHT="31" CONTENT="take" WC="0.92" CC="0002"/>
						<SP ID="P277_SP00117" HPOS="762" VPOS="1443" WIDTH="15"/>
						<String ID="P277_ST00149" HPOS="777" VPOS="1411" WIDTH="52" HEIGHT="30" CONTENT="my" WC="0.50" CC="90"/>
						<SP ID="P277_SP00118" HPOS="829" VPOS="1443" WIDTH="15"/>
						<String ID="P277_ST00150" HPOS="844" VPOS="1401" WIDTH="83" HEIGHT="30" CONTENT="word" WC="0.92" CC="0030"/>
					</TextLine>
					<TextLine ID="P277_TL00024" HPOS="104" VPOS="1462" WIDTH="615" HEIGHT="42">
						<String ID="P277_ST00151" HPOS="104" VPOS="1465" WIDTH="48" HEIGHT="32" CONTENT="for" WC="0.82" CC="050"/>
						<SP ID="P277_SP00119" HPOS="152" VPOS="1497" WIDTH="14"/>
						<String ID="P277_ST00152" HPOS="166" VPOS="1465" WIDTH="33" HEIGHT="39" CONTENT="it," WC="0.86" CC="400"/>
						<SP ID="P277_SP00120" HPOS="199" VPOS="1504" WIDTH="19"/>
						<String ID="P277_ST00153" HPOS="218" VPOS="1464" WIDTH="54" HEIGHT="32" CONTENT="she" WC="0.65" CC="370"/>
						<SP ID="P277_SP00121" HPOS="272" VPOS="1504" WIDTH="16"/>
						<String ID="P277_ST00154" HPOS="288" VPOS="1463" WIDTH="26" HEIGHT="32" CONTENT="is" WC="0.69" CC="05"/>
						<SP ID="P277_SP00122" HPOS="314" VPOS="1504" WIDTH="15"/>
						<String ID="P277_ST00155" HPOS="329" VPOS="1475" WIDTH="41" HEIGHT="20" CONTENT="no" WC="0.57" CC="61"/>
						<SP ID="P277_SP00123" HPOS="370" VPOS="1504" WIDTH="16"/>
						<String ID="P277_ST00156" HPOS="386" VPOS="1473" WIDTH="93" HEIGHT="31" CONTENT="every" WC="0.72" CC="07060"/>
						<SP ID="P277_SP00124" HPOS="479" VPOS="1504" WIDTH="16"/>
						<String ID="P277_ST00157" HPOS="495" VPOS="1462" WIDTH="60" HEIGHT="41" CONTENT="day" WC="1.00" CC="000"/>
						<SP ID="P277_SP00125" HPOS="555" VPOS="1504" WIDTH="15"/>
						<String ID="P277_ST00158" HPOS="570" VPOS="1462" WIDTH="149" HEIGHT="31" CONTENT='woman."' WC="0.83" CC="0000605"/>
					</TextLine>
				</TextBlock>
				<TextBlock ID="P277_TB00008" HPOS="149" VPOS="1522" WIDTH="776" HEIGHT="42" STYLEREFS="TXT_0 PAR_CENTER">
					<TextLine ID="P277_TL00025" HPOS="150" VPOS="1523" WIDTH="775" HEIGHT="41">
						<String ID="P277_ST00159" HPOS="150" VPOS="1528" WIDTH="17" HEIGHT="13" CONTENT='"' WC="0.53" CC="4"/>
						<SP ID="P277_SP00126" HPOS="167" VPOS="1541" WIDTH="14"/>
						<String ID="P277_ST00160" HPOS="181" VPOS="1526" WIDTH="51" HEIGHT="31" CONTENT="Ah" WC="0.62" CC="07"/>
						<String ID="P277_ST00161" HPOS="246" VPOS="1527" WIDTH="6" HEIGHT="30" CONTENT="!" WC="1.00" CC="0"/>
						<String ID="P277_ST00162" HPOS="266" VPOS="1526" WIDTH="16" HEIGHT="12" CONTENT='"' WC="0.66" CC="3"/>
						<SP ID="P277_SP00127" HPOS="282" VPOS="1557" WIDTH="40"/>
						<String ID="P277_ST00163" HPOS="322" VPOS="1525" WIDTH="53" HEIGHT="31" CONTENT="the" WC="0.58" CC="650"/>
						<SP ID="P277_SP00128" HPOS="375" VPOS="1557" WIDTH="31"/>
						<String ID="P277_ST00164" HPOS="406" VPOS="1523" WIDTH="155" HEIGHT="41" CONTENT="Marquise" WC="0.87" CC="00105120"/>
						<SP ID="P277_SP00129" HPOS="561" VPOS="1564" WIDTH="32"/>
						<String ID="P277_ST00165" HPOS="593" VPOS="1523" WIDTH="49" HEIGHT="31" CONTENT="did" WC="0.90" CC="030"/>
						<SP ID="P277_SP00130" HPOS="642" VPOS="1564" WIDTH="31"/>
						<String ID="P277_ST00166" HPOS="673" VPOS="1523" WIDTH="50" HEIGHT="41" CONTENT="lay" WC="0.78" CC="600"/>
						<SP ID="P277_SP00131" HPOS="723" VPOS="1564" WIDTH="30"/>
						<String ID="P277_ST00167" HPOS="753" VPOS="1523" WIDTH="89" HEIGHT="31" CONTENT="down" WC="0.57" CC="0097"/>
						<SP ID="P277_SP00132" HPOS="842" VPOS="1564" WIDTH="30"/>
						<String ID="P277_ST00168" HPOS="872" VPOS="1523" WIDTH="53" HEIGHT="32" CONTENT="her" WC="0.51" CC="707"/>
					</TextLine>
				</TextBlock>
			</PrintSpace>
		</Page>
	</Layout>
</alto>
