<?xml version="1.0" encoding="UTF-8"?>
<alto xmlns:xsi="http://www.w3.org/2001/XMLSchema-instance" xsi:noNamespaceSchemaLocation="http://www.bl.uk/schemas/alto/alto-1-4.xsd" xmlns:xlink="http://www.w3.org/1999/xlink">
	<Description>
		<MeasurementUnit>mm10</MeasurementUnit>
		<sourceImageInformation>
			<fileName>//head1/IN/2007-46/A0010888503.1/009620.jp2</fileName>
		</sourceImageInformation>
		<OCRProcessing ID="OCRPROCESSING_1">
			<preProcessingStep>
				<processingSoftware>
					<softwareCreator>CCS Content Conversion Specialists GmbH, Germany</softwareCreator>
					<softwareName>CCS docWORKS</softwareName>
					<softwareVersion>6.1-0.61</softwareVersion>
				</processingSoftware>
			</preProcessingStep>
			<ocrProcessingStep>
				<processingSoftware>
					<softwareCreator>ABBYY (BIT Software), Russia</softwareCreator>
					<softwareName>Finereader</softwareName>
				</processingSoftware>
			</ocrProcessingStep>
		</OCRProcessing>
	</Description>
	<Styles>
		<TextStyle ID="TXT_0" FONTSIZE="11" FONTFAMILY="Courier New"/>
		<TextStyle ID="TXT_1" FONTSIZE="9" FONTFAMILY="Courier New"/>
		<ParagraphStyle ID="PAR_LEFT" ALIGN="Left"/>
		<ParagraphStyle ID="PAR_CENTER" ALIGN="Center"/>
	</Styles>
	<Layout>
		<Page ID="P84" PHYSICAL_IMG_NR="84" HEIGHT="1740" WIDTH="1090" PRINTED_IMG_NR="72" POSITION="Left" ACCURACY="73.39">
			<TopMargin ID="P84_TM00001" HPOS="0" VPOS="0" WIDTH="1089" HEIGHT="115">
				<TextBlock ID="P84_TB00001" HPOS="121" VPOS="88" WIDTH="32" HEIGHT="26" STYLEREFS="TXT_0 PAR_LEFT">
					<TextLine ID="P84_TL00001" HPOS="121" VPOS="88" WIDTH="32" HEIGHT="26">
						<String ID="P84_ST00001" HPOS="121" VPOS="88" WIDTH="32" HEIGHT="26" CONTENT="72" WC="1.00" CC="00"/>
					</TextLine>
				</TextBlock>
				<TextBlock ID="P84_TB00002" HPOS="350" VPOS="93" WIDTH="355" HEIGHT="22" STYLEREFS="TXT_1 PAR_CENTER">
					<TextLine ID="P84_TL00002" HPOS="351" VPOS="94" WIDTH="354" HEIGHT="21">
						<String ID="P84_ST00002" HPOS="351" VPOS="94" WIDTH="83" HEIGHT="21" CONTENT="LOVE" WC="0.54" CC="3490"/>
						<SP ID="P84_SP00001" HPOS="434" VPOS="115" WIDTH="22"/>
						<String ID="P84_ST00003" HPOS="456" VPOS="95" WIDTH="64" HEIGHT="20" CONTENT="THE" WC="0.51" CC="806"/>
						<SP ID="P84_SP00002" HPOS="520" VPOS="115" WIDTH="23"/>
						<String ID="P84_ST00004" HPOS="543" VPOS="94" WIDTH="162" HEIGHT="21" CONTENT="AVENGER." WC="0.57" CC="70097170"/>
					</TextLine>
				</TextBlock>
			</TopMargin>
			<LeftMargin ID="P84_LM00001" HPOS="0" VPOS="115" WIDTH="117" HEIGHT="1446"/>
			<RightMargin ID="P84_RM00001" HPOS="947" VPOS="115" WIDTH="142" HEIGHT="1446"/>
			<BottomMargin ID="P84_BM00001" HPOS="0" VPOS="1561" WIDTH="1089" HEIGHT="178"/>
			<PrintSpace ID="P84_PS00001" HPOS="117" VPOS="115" WIDTH="830" HEIGHT="1446">
				<TextBlock ID="P84_TB00003" HPOS="117" VPOS="165" WIDTH="826" HEIGHT="100" STYLEREFS="TXT_1 PAR_LEFT">
					<TextLine ID="P84_TL00003" HPOS="119" VPOS="166" WIDTH="824" HEIGHT="47">
						<String ID="P84_ST00005" HPOS="119" VPOS="170" WIDTH="221" HEIGHT="43" CONTENT="extinguished," WC="0.74" CC="0236601607000"/>
						<SP ID="P84_SP00003" HPOS="340" VPOS="213" WIDTH="27"/>
						<String ID="P84_ST00006" HPOS="367" VPOS="172" WIDTH="122" HEIGHT="32" CONTENT="seemed" WC="0.91" CC="500000"/>
						<SP ID="P84_SP00004" HPOS="489" VPOS="213" WIDTH="29"/>
						<String ID="P84_ST00007" HPOS="518" VPOS="171" WIDTH="90" HEIGHT="42" CONTENT="again" WC="0.92" CC="00040"/>
						<SP ID="P84_SP00005" HPOS="608" VPOS="213" WIDTH="24"/>
						<String ID="P84_ST00008" HPOS="632" VPOS="175" WIDTH="32" HEIGHT="28" CONTENT="to" WC="0.89" CC="11"/>
						<SP ID="P84_SP00006" HPOS="664" VPOS="213" WIDTH="30"/>
						<String ID="P84_ST00009" HPOS="694" VPOS="180" WIDTH="71" HEIGHT="32" CONTENT="pass" WC="0.60" CC="0842"/>
						<SP ID="P84_SP00007" HPOS="765" VPOS="213" WIDTH="28"/>
						<String ID="P84_ST00010" HPOS="793" VPOS="178" WIDTH="74" HEIGHT="21" CONTENT="over" WC="0.60" CC="0905"/>
						<SP ID="P84_SP00008" HPOS="867" VPOS="213" WIDTH="22"/>
						<String ID="P84_ST00011" HPOS="889" VPOS="166" WIDTH="54" HEIGHT="32" CONTENT="her" WC="0.58" CC="704"/>
					</TextLine>
					<TextLine ID="P84_TL00004" HPOS="118" VPOS="232" WIDTH="139" HEIGHT="33">
						<String ID="P84_ST00012" HPOS="118" VPOS="232" WIDTH="139" HEIGHT="33" CONTENT="features." WC="0.83" CC="000053050"/>
					</TextLine>
				</TextBlock>
				<TextBlock ID="P84_TB00004" HPOS="117" VPOS="288" WIDTH="830" HEIGHT="598" STYLEREFS="TXT_1 PAR_LEFT">
					<TextLine ID="P84_TL00005" HPOS="161" VPOS="288" WIDTH="786" HEIGHT="48">
						<String ID="P84_ST00013" HPOS="161" VPOS="294" WIDTH="65" HEIGHT="32" CONTENT="The" WC="0.84" CC="040"/>
						<SP ID="P84_SP00009" HPOS="226" VPOS="326" WIDTH="22"/>
						<String ID="P84_ST00014" HPOS="248" VPOS="294" WIDTH="117" HEIGHT="42" CONTENT="vulgar," WC="0.53" CC="3469900"/>
						<SP ID="P84_SP00010" HPOS="365" VPOS="336" WIDTH="19"/>
						<String ID="P84_ST00015" HPOS="384" VPOS="294" WIDTH="68" HEIGHT="32" CONTENT="who" WC="0.75" CC="070"/>
						<SP ID="P84_SP00011" HPOS="452" VPOS="336" WIDTH="23"/>
						<String ID="P84_ST00016" HPOS="475" VPOS="294" WIDTH="118" HEIGHT="32" CONTENT="believe" WC="0.93" CC="0210000"/>
						<SP ID="P84_SP00012" HPOS="593" VPOS="336" WIDTH="24"/>
						<String ID="P84_ST00017" HPOS="617" VPOS="294" WIDTH="31" HEIGHT="32" CONTENT="in" WC="0.84" CC="20"/>
						<SP ID="P84_SP00013" HPOS="648" VPOS="336" WIDTH="23"/>
						<String ID="P84_ST00018" HPOS="671" VPOS="304" WIDTH="57" HEIGHT="21" CONTENT="one" WC="0.62" CC="074"/>
						<SP ID="P84_SP00014" HPOS="728" VPOS="336" WIDTH="22"/>
						<String ID="P84_ST00019" HPOS="750" VPOS="296" WIDTH="48" HEIGHT="28" CONTENT="set" WC="0.49" CC="780"/>
						<SP ID="P84_SP00015" HPOS="798" VPOS="336" WIDTH="21"/>
						<String ID="P84_ST00020" HPOS="819" VPOS="290" WIDTH="78" HEIGHT="32" CONTENT="form" WC="0.58" CC="0960"/>
						<SP ID="P84_SP00016" HPOS="897" VPOS="336" WIDTH="17"/>
						<String ID="P84_ST00021" HPOS="914" VPOS="288" WIDTH="33" HEIGHT="33" CONTENT="of" WC="1.00" CC="00"/>
					</TextLine>
					<TextLine ID="P84_TL00006" HPOS="118" VPOS="349" WIDTH="829" HEIGHT="49">
						<String ID="P84_ST00022" HPOS="118" VPOS="355" WIDTH="171" HEIGHT="42" CONTENT="mourning," WC="0.78" CC="006033600"/>
						<SP ID="P84_SP00017" HPOS="289" VPOS="397" WIDTH="18"/>
						<String ID="P84_ST00023" HPOS="307" VPOS="367" WIDTH="93" HEIGHT="20" CONTENT="never" WC="0.67" CC="40606"/>
						<SP ID="P84_SP00018" HPOS="400" VPOS="397" WIDTH="28"/>
						<String ID="P84_ST00024" HPOS="428" VPOS="367" WIDTH="92" HEIGHT="31" CONTENT="guess" WC="0.76" CC="07022"/>
						<SP ID="P84_SP00019" HPOS="520" VPOS="398" WIDTH="24"/>
						<String ID="P84_ST00025" HPOS="544" VPOS="360" WIDTH="31" HEIGHT="27" CONTENT="at" WC="0.88" CC="02"/>
						<SP ID="P84_SP00020" HPOS="575" VPOS="398" WIDTH="23"/>
						<String ID="P84_ST00026" HPOS="598" VPOS="355" WIDTH="52" HEIGHT="32" CONTENT="the" WC="0.75" CC="070"/>
						<SP ID="P84_SP00021" HPOS="650" VPOS="398" WIDTH="20"/>
						<String ID="P84_ST00027" HPOS="670" VPOS="354" WIDTH="73" HEIGHT="42" CONTENT="holy" WC="0.73" CC="7300"/>
						<SP ID="P84_SP00022" HPOS="743" VPOS="398" WIDTH="16"/>
						<String ID="P84_ST00028" HPOS="759" VPOS="352" WIDTH="138" HEIGHT="33" CONTENT="illusions" WC="0.62" CC="210556253"/>
						<SP ID="P84_SP00023" HPOS="897" VPOS="398" WIDTH="17"/>
						<String ID="P84_ST00029" HPOS="914" VPOS="349" WIDTH="33" HEIGHT="33" CONTENT="of" WC="0.98" CC="00"/>
					</TextLine>
					<TextLine ID="P84_TL00007" HPOS="118" VPOS="414" WIDTH="825" HEIGHT="45">
						<String ID="P84_ST00030" HPOS="118" VPOS="416" WIDTH="227" HEIGHT="43" CONTENT="insupportable" WC="0.73" CC="2734000500550"/>
						<SP ID="P84_SP00024" HPOS="345" VPOS="459" WIDTH="17"/>
						<String ID="P84_ST00031" HPOS="362" VPOS="416" WIDTH="94" HEIGHT="42" CONTENT="grief;" WC="0.77" CC="052004"/>
						<SP ID="P84_SP00025" HPOS="456" VPOS="459" WIDTH="25"/>
						<String ID="P84_ST00032" HPOS="481" VPOS="428" WIDTH="94" HEIGHT="21" CONTENT="never" WC="0.81" CC="00404"/>
						<SP ID="P84_SP00026" HPOS="575" VPOS="459" WIDTH="19"/>
						<String ID="P84_ST00033" HPOS="594" VPOS="415" WIDTH="187" HEIGHT="33" CONTENT="understand" WC="0.74" CC="2200750070"/>
						<SP ID="P84_SP00027" HPOS="781" VPOS="459" WIDTH="21"/>
						<String ID="P84_ST00034" HPOS="802" VPOS="414" WIDTH="69" HEIGHT="32" CONTENT="that" WC="0.66" CC="0705"/>
						<SP ID="P84_SP00028" HPOS="871" VPOS="459" WIDTH="18"/>
						<String ID="P84_ST00035" HPOS="889" VPOS="424" WIDTH="54" HEIGHT="20" CONTENT="ex" SUBS_TYPE="HypPart1" SUBS_CONTENT="excess" WC="0.99" CC="000"/>
						<HYP CONTENT="-"/>
					</TextLine>
					<TextLine ID="P84_TL00008" HPOS="119" VPOS="474" WIDTH="823" HEIGHT="46">
						<String ID="P84_ST00036" HPOS="119" VPOS="488" WIDTH="65" HEIGHT="20" CONTENT="cess" SUBS_TYPE="HypPart2" SUBS_CONTENT="excess" WC="0.96" CC="0010"/>
						<SP ID="P84_SP00029" HPOS="184" VPOS="508" WIDTH="31"/>
						<String ID="P84_ST00037" HPOS="215" VPOS="476" WIDTH="33" HEIGHT="32" CONTENT="of" WC="1.00" CC="00"/>
						<SP ID="P84_SP00030" HPOS="248" VPOS="508" WIDTH="26"/>
						<String ID="P84_ST00038" HPOS="274" VPOS="477" WIDTH="67" HEIGHT="32" CONTENT="love" WC="0.86" CC="1300"/>
						<String ID="P84_ST00039" HPOS="343" VPOS="497" WIDTH="42" HEIGHT="3" CONTENT="—" WC="0.20" CC="8"/>
						<String ID="P84_ST00040" HPOS="387" VPOS="477" WIDTH="60" HEIGHT="31" CONTENT="and" WC="0.78" CC="060"/>
						<SP ID="P84_SP00031" HPOS="447" VPOS="509" WIDTH="29"/>
						<String ID="P84_ST00041" HPOS="476" VPOS="489" WIDTH="75" HEIGHT="31" CONTENT="pure" WC="0.43" CC="9650"/>
						<SP ID="P84_SP00032" HPOS="551" VPOS="520" WIDTH="31"/>
						<String ID="P84_ST00042" HPOS="582" VPOS="477" WIDTH="68" HEIGHT="31" CONTENT="love" WC="0.71" CC="4240"/>
						<String ID="P84_ST00043" HPOS="652" VPOS="496" WIDTH="42" HEIGHT="3" CONTENT="—" WC="0.20" CC="8"/>
						<String ID="P84_ST00044" HPOS="696" VPOS="475" WIDTH="110" HEIGHT="33" CONTENT="admits" WC="0.70" CC="000656"/>
						<SP ID="P84_SP00033" HPOS="806" VPOS="520" WIDTH="32"/>
						<String ID="P84_ST00045" HPOS="838" VPOS="474" WIDTH="34" HEIGHT="32" CONTENT="of" WC="0.94" CC="10"/>
						<SP ID="P84_SP00034" HPOS="872" VPOS="520" WIDTH="30"/>
						<String ID="P84_ST00046" HPOS="902" VPOS="485" WIDTH="40" HEIGHT="20" CONTENT="no" WC="0.60" CC="61"/>
					</TextLine>
					<TextLine ID="P84_TL00009" HPOS="119" VPOS="536" WIDTH="821" HEIGHT="45">
						<String ID="P84_ST00047" HPOS="119" VPOS="538" WIDTH="179" HEIGHT="42" CONTENT="separation," WC="0.69" CC="70035015270"/>
						<SP ID="P84_SP00035" HPOS="298" VPOS="580" WIDTH="37"/>
						<String ID="P84_ST00048" HPOS="335" VPOS="540" WIDTH="60" HEIGHT="30" CONTENT="and" WC="0.77" CC="060"/>
						<SP ID="P84_SP00036" HPOS="395" VPOS="580" WIDTH="32"/>
						<String ID="P84_ST00049" HPOS="427" VPOS="539" WIDTH="95" HEIGHT="42" CONTENT="really" WC="0.71" CC="600460"/>
						<SP ID="P84_SP00037" HPOS="522" VPOS="581" WIDTH="33"/>
						<String ID="P84_ST00050" HPOS="555" VPOS="539" WIDTH="72" HEIGHT="32" CONTENT="does" WC="0.89" CC="0004"/>
						<SP ID="P84_SP00038" HPOS="627" VPOS="581" WIDTH="31"/>
						<String ID="P84_ST00051" HPOS="658" VPOS="537" WIDTH="152" HEIGHT="43" CONTENT="vanquish" WC="0.54" CC="90606137"/>
						<SP ID="P84_SP00039" HPOS="810" VPOS="581" WIDTH="28"/>
						<String ID="P84_ST00052" HPOS="838" VPOS="536" WIDTH="102" HEIGHT="33" CONTENT="death." WC="0.72" CC="040470"/>
					</TextLine>
					<TextLine ID="P84_TL00010" HPOS="118" VPOS="597" WIDTH="824" HEIGHT="44">
						<String ID="P84_ST00053" HPOS="118" VPOS="599" WIDTH="115" HEIGHT="32" CONTENT="Where" WC="0.85" CC="07000"/>
						<SP ID="P84_SP00040" HPOS="233" VPOS="631" WIDTH="15"/>
						<String ID="P84_ST00054" HPOS="248" VPOS="600" WIDTH="69" HEIGHT="31" CONTENT="love" WC="0.88" CC="4000"/>
						<SP ID="P84_SP00041" HPOS="317" VPOS="631" WIDTH="24"/>
						<String ID="P84_ST00055" HPOS="341" VPOS="600" WIDTH="75" HEIGHT="31" CONTENT="rises" WC="0.65" CC="44403"/>
						<SP ID="P84_SP00042" HPOS="416" VPOS="631" WIDTH="24"/>
						<String ID="P84_ST00056" HPOS="440" VPOS="612" WIDTH="32" HEIGHT="19" CONTENT="so" WC="0.51" CC="63"/>
						<SP ID="P84_SP00043" HPOS="472" VPOS="631" WIDTH="22"/>
						<String ID="P84_ST00057" HPOS="494" VPOS="600" WIDTH="83" HEIGHT="41" CONTENT="high," WC="0.59" CC="75070"/>
						<SP ID="P84_SP00044" HPOS="577" VPOS="641" WIDTH="18"/>
						<String ID="P84_ST00058" HPOS="595" VPOS="599" WIDTH="60" HEIGHT="32" CONTENT="and" WC="1.00" CC="000"/>
						<SP ID="P84_SP00045" HPOS="655" VPOS="641" WIDTH="21"/>
						<String ID="P84_ST00059" HPOS="676" VPOS="599" WIDTH="101" HEIGHT="31" CONTENT="where" WC="0.79" CC="07020"/>
						<SP ID="P84_SP00046" HPOS="777" VPOS="641" WIDTH="21"/>
						<String ID="P84_ST00060" HPOS="798" VPOS="597" WIDTH="54" HEIGHT="33" CONTENT="the" WC="0.53" CC="670"/>
						<SP ID="P84_SP00047" HPOS="852" VPOS="641" WIDTH="18"/>
						<String ID="P84_ST00061" HPOS="870" VPOS="608" WIDTH="72" HEIGHT="21" CONTENT="one" SUBS_TYPE="HypPart1" SUBS_CONTENT="oneness" WC="0.82" CC="0501"/>
						<HYP CONTENT="-"/>
					</TextLine>
					<TextLine ID="P84_TL00011" HPOS="118" VPOS="658" WIDTH="825" HEIGHT="42">
						<String ID="P84_ST00062" HPOS="118" VPOS="672" WIDTH="70" HEIGHT="20" CONTENT="ness" SUBS_TYPE="HypPart2" SUBS_CONTENT="oneness" WC="0.53" CC="7055"/>
						<SP ID="P84_SP00048" HPOS="188" VPOS="692" WIDTH="26"/>
						<String ID="P84_ST00063" HPOS="214" VPOS="661" WIDTH="25" HEIGHT="31" CONTENT="it" WC="0.76" CC="40"/>
						<SP ID="P84_SP00049" HPOS="239" VPOS="692" WIDTH="24"/>
						<String ID="P84_ST00064" HPOS="263" VPOS="666" WIDTH="117" HEIGHT="27" CONTENT="creates" WC="0.80" CC="0510005"/>
						<SP ID="P84_SP00050" HPOS="380" VPOS="693" WIDTH="31"/>
						<String ID="P84_ST00065" HPOS="411" VPOS="661" WIDTH="26" HEIGHT="31" CONTENT="is" WC="0.55" CC="53"/>
						<SP ID="P84_SP00051" HPOS="437" VPOS="693" WIDTH="31"/>
						<String ID="P84_ST00066" HPOS="468" VPOS="673" WIDTH="32" HEIGHT="19" CONTENT="so" WC="0.67" CC="60"/>
						<SP ID="P84_SP00052" HPOS="500" VPOS="693" WIDTH="32"/>
						<String ID="P84_ST00067" HPOS="532" VPOS="661" WIDTH="149" HEIGHT="39" CONTENT="absolute," WC="0.78" CC="045006300"/>
						<SP ID="P84_SP00053" HPOS="681" VPOS="700" WIDTH="29"/>
						<String ID="P84_ST00068" HPOS="710" VPOS="659" WIDTH="82" HEIGHT="32" CONTENT="what" WC="0.82" CC="0700"/>
						<SP ID="P84_SP00054" HPOS="792" VPOS="700" WIDTH="28"/>
						<String ID="P84_ST00069" HPOS="820" VPOS="658" WIDTH="38" HEIGHT="32" CONTENT="do" WC="1.00" CC="00"/>
						<SP ID="P84_SP00055" HPOS="858" VPOS="700" WIDTH="23"/>
						<String ID="P84_ST00070" HPOS="881" VPOS="669" WIDTH="62" HEIGHT="31" CONTENT="you" WC="0.89" CC="003"/>
					</TextLine>
					<TextLine ID="P84_TL00012" HPOS="118" VPOS="719" WIDTH="825" HEIGHT="34">
						<String ID="P84_ST00071" HPOS="118" VPOS="723" WIDTH="90" HEIGHT="30" CONTENT="know" WC="1.00" CC="0000"/>
						<SP ID="P84_SP00056" HPOS="208" VPOS="753" WIDTH="32"/>
						<String ID="P84_ST00072" HPOS="240" VPOS="722" WIDTH="33" HEIGHT="31" CONTENT="of" WC="0.95" CC="00"/>
						<SP ID="P84_SP00057" HPOS="273" VPOS="753" WIDTH="26"/>
						<String ID="P84_ST00073" HPOS="299" VPOS="722" WIDTH="36" HEIGHT="31" CONTENT="its" WC="0.48" CC="464"/>
						<SP ID="P84_SP00058" HPOS="335" VPOS="753" WIDTH="32"/>
						<String ID="P84_ST00074" HPOS="367" VPOS="726" WIDTH="113" HEIGHT="27" CONTENT="secrets" WC="0.67" CC="5102057"/>
						<SP ID="P84_SP00059" HPOS="480" VPOS="753" WIDTH="31"/>
						<String ID="P84_ST00075" HPOS="511" VPOS="733" WIDTH="34" HEIGHT="20" CONTENT="or" WC="0.54" CC="35"/>
						<SP ID="P84_SP00060" HPOS="545" VPOS="753" WIDTH="30"/>
						<String ID="P84_ST00076" HPOS="575" VPOS="721" WIDTH="35" HEIGHT="32" CONTENT="of" WC="1.00" CC="00"/>
						<SP ID="P84_SP00061" HPOS="610" VPOS="753" WIDTH="32"/>
						<String ID="P84_ST00077" HPOS="642" VPOS="721" WIDTH="39" HEIGHT="31" CONTENT="its" WC="0.70" CC="305"/>
						<SP ID="P84_SP00062" HPOS="681" VPOS="753" WIDTH="31"/>
						<String ID="P84_ST00078" HPOS="712" VPOS="719" WIDTH="231" HEIGHT="33" CONTENT="consolations?" WC="0.73" CC="0055050340027"/>
					</TextLine>
					<TextLine ID="P84_TL00013" HPOS="118" VPOS="782" WIDTH="824" HEIGHT="44">
						<String ID="P84_ST00079" HPOS="118" VPOS="784" WIDTH="87" HEIGHT="31" CONTENT="Look" WC="0.78" CC="0350"/>
						<SP ID="P84_SP00063" HPOS="205" VPOS="815" WIDTH="21"/>
						<String ID="P84_ST00080" HPOS="226" VPOS="796" WIDTH="38" HEIGHT="20" CONTENT="on" WC="0.89" CC="20"/>
						<SP ID="P84_SP00064" HPOS="264" VPOS="816" WIDTH="23"/>
						<String ID="P84_ST00081" HPOS="287" VPOS="796" WIDTH="61" HEIGHT="30" CONTENT="yon" WC="0.62" CC="038"/>
						<SP ID="P84_SP00065" HPOS="348" VPOS="826" WIDTH="25"/>
						<String ID="P84_ST00082" HPOS="373" VPOS="785" WIDTH="117" HEIGHT="39" CONTENT="Avidow," WC="0.72" CC="0810090"/>
						<SP ID="P84_SP00066" HPOS="490" VPOS="826" WIDTH="18"/>
						<String ID="P84_ST00083" HPOS="508" VPOS="784" WIDTH="62" HEIGHT="31" CONTENT="and" WC="0.83" CC="050"/>
						<SP ID="P84_SP00067" HPOS="570" VPOS="826" WIDTH="21"/>
						<String ID="P84_ST00084" HPOS="591" VPOS="788" WIDTH="49" HEIGHT="37" CONTENT="try" WC="0.84" CC="040"/>
						<SP ID="P84_SP00068" HPOS="640" VPOS="826" WIDTH="19"/>
						<String ID="P84_ST00085" HPOS="659" VPOS="788" WIDTH="32" HEIGHT="26" CONTENT="to" WC="0.50" CC="63"/>
						<SP ID="P84_SP00069" HPOS="691" VPOS="826" WIDTH="22"/>
						<String ID="P84_ST00086" HPOS="713" VPOS="786" WIDTH="160" HEIGHT="38" CONTENT="penetrate" WC="0.72" CC="066047000"/>
						<SP ID="P84_SP00070" HPOS="873" VPOS="826" WIDTH="16"/>
						<String ID="P84_ST00087" HPOS="889" VPOS="782" WIDTH="53" HEIGHT="32" CONTENT="the" WC="0.40" CC="566"/>
					</TextLine>
					<TextLine ID="P84_TL00014" HPOS="119" VPOS="843" WIDTH="823" HEIGHT="43">
						<String ID="P84_ST00088" HPOS="119" VPOS="856" WIDTH="89" HEIGHT="21" CONTENT="cause" WC="0.79" CC="00621"/>
						<SP ID="P84_SP00071" HPOS="208" VPOS="877" WIDTH="17"/>
						<String ID="P84_ST00089" HPOS="225" VPOS="845" WIDTH="35" HEIGHT="32" CONTENT="of" WC="1.00" CC="00"/>
						<SP ID="P84_SP00072" HPOS="260" VPOS="877" WIDTH="19"/>
						<String ID="P84_ST00090" HPOS="279" VPOS="845" WIDTH="55" HEIGHT="32" CONTENT="her" WC="0.54" CC="706"/>
						<SP ID="P84_SP00073" HPOS="334" VPOS="877" WIDTH="19"/>
						<String ID="P84_ST00091" HPOS="353" VPOS="845" WIDTH="74" HEIGHT="41" CONTENT="long" WC="0.68" CC="5060"/>
						<SP ID="P84_SP00074" HPOS="427" VPOS="886" WIDTH="18"/>
						<String ID="P84_ST00092" HPOS="445" VPOS="845" WIDTH="60" HEIGHT="32" CONTENT="and" WC="0.78" CC="051"/>
						<SP ID="P84_SP00075" HPOS="505" VPOS="886" WIDTH="17"/>
						<String ID="P84_ST00093" HPOS="522" VPOS="845" WIDTH="99" HEIGHT="41" CONTENT="placid" WC="0.90" CC="000050"/>
						<SP ID="P84_SP00076" HPOS="621" VPOS="886" WIDTH="22"/>
						<String ID="P84_ST00094" HPOS="643" VPOS="845" WIDTH="172" HEIGHT="31" CONTENT="endurance" WC="0.75" CC="030550700"/>
						<SP ID="P84_SP00077" HPOS="815" VPOS="886" WIDTH="25"/>
						<String ID="P84_ST00095" HPOS="840" VPOS="843" WIDTH="34" HEIGHT="32" CONTENT="of" WC="0.90" CC="10"/>
						<SP ID="P84_SP00078" HPOS="874" VPOS="886" WIDTH="18"/>
						<String ID="P84_ST00096" HPOS="892" VPOS="843" WIDTH="50" HEIGHT="31" CONTENT="life" WC="0.58" CC="6603"/>
					</TextLine>
				</TextBlock>
				<TextBlock ID="P84_TB00005" HPOS="118" VPOS="904" WIDTH="823" HEIGHT="288" STYLEREFS="TXT_1 PAR_LEFT">
					<TextLine ID="P84_TL00015" HPOS="118" VPOS="904" WIDTH="822" HEIGHT="44">
						<String ID="P84_ST00097" HPOS="118" VPOS="925" WIDTH="41" HEIGHT="4" CONTENT="—" WC="0.20" CC="8"/>
						<String ID="P84_ST00098" HPOS="162" VPOS="906" WIDTH="34" HEIGHT="32" CONTENT="of" WC="1.00" CC="00"/>
						<SP ID="P84_SP00079" HPOS="196" VPOS="938" WIDTH="26"/>
						<String ID="P84_ST00099" HPOS="222" VPOS="906" WIDTH="52" HEIGHT="32" CONTENT="the" WC="0.62" CC="470"/>
						<SP ID="P84_SP00080" HPOS="274" VPOS="938" WIDTH="33"/>
						<String ID="P84_ST00100" HPOS="307" VPOS="906" WIDTH="142" HEIGHT="42" CONTENT="ordinary" WC="0.80" CC="25000070"/>
						<SP ID="P84_SP00081" HPOS="449" VPOS="948" WIDTH="23"/>
						<String ID="P84_ST00101" HPOS="472" VPOS="906" WIDTH="49" HEIGHT="32" CONTENT="life" WC="0.93" CC="0200"/>
						<SP ID="P84_SP00082" HPOS="521" VPOS="948" WIDTH="31"/>
						<String ID="P84_ST00102" HPOS="552" VPOS="906" WIDTH="35" HEIGHT="32" CONTENT="of" WC="0.80" CC="40"/>
						<SP ID="P84_SP00083" HPOS="587" VPOS="948" WIDTH="25"/>
						<String ID="P84_ST00103" HPOS="612" VPOS="906" WIDTH="88" HEIGHT="32" CONTENT="those" WC="0.62" CC="47015"/>
						<SP ID="P84_SP00084" HPOS="700" VPOS="948" WIDTH="32"/>
						<String ID="P84_ST00104" HPOS="732" VPOS="905" WIDTH="118" HEIGHT="32" CONTENT="around" WC="0.82" CC="020620"/>
						<SP ID="P84_SP00085" HPOS="850" VPOS="948" WIDTH="26"/>
						<String ID="P84_ST00105" HPOS="876" VPOS="904" WIDTH="64" HEIGHT="32" CONTENT="her." WC="0.65" CC="7060"/>
					</TextLine>
					<TextLine ID="P84_TL00016" HPOS="119" VPOS="967" WIDTH="822" HEIGHT="40">
						<String ID="P84_ST00106" HPOS="119" VPOS="967" WIDTH="63" HEIGHT="32" CONTENT="The" WC="0.76" CC="070"/>
						<SP ID="P84_SP00086" HPOS="182" VPOS="999" WIDTH="28"/>
						<String ID="P84_ST00107" HPOS="210" VPOS="978" WIDTH="90" HEIGHT="22" CONTENT="cause" WC="0.80" CC="00512"/>
						<SP ID="P84_SP00087" HPOS="300" VPOS="1000" WIDTH="23"/>
						<String ID="P84_ST00108" HPOS="323" VPOS="967" WIDTH="55" HEIGHT="33" CONTENT="lies" WC="0.75" CC="2403"/>
						<SP ID="P84_SP00088" HPOS="378" VPOS="1000" WIDTH="18"/>
						<String ID="P84_ST00109" HPOS="396" VPOS="967" WIDTH="128" HEIGHT="40" CONTENT="therein," WC="0.68" CC="07050650"/>
						<SP ID="P84_SP00089" HPOS="524" VPOS="1007" WIDTH="18"/>
						<String ID="P84_ST00110" HPOS="542" VPOS="967" WIDTH="68" HEIGHT="32" CONTENT="that" WC="0.64" CC="6700"/>
						<SP ID="P84_SP00090" HPOS="610" VPOS="1007" WIDTH="15"/>
						<String ID="P84_ST00111" HPOS="625" VPOS="967" WIDTH="86" HEIGHT="32" CONTENT="there" WC="0.77" CC="07030"/>
						<SP ID="P84_SP00091" HPOS="711" VPOS="1007" WIDTH="21"/>
						<String ID="P84_ST00112" HPOS="732" VPOS="967" WIDTH="56" HEIGHT="31" CONTENT="has" WC="0.65" CC="703"/>
						<SP ID="P84_SP00092" HPOS="788" VPOS="1007" WIDTH="19"/>
						<String ID="P84_ST00113" HPOS="807" VPOS="967" WIDTH="79" HEIGHT="31" CONTENT="been" WC="0.68" CC="6005"/>
						<SP ID="P84_SP00093" HPOS="886" VPOS="1007" WIDTH="16"/>
						<String ID="P84_ST00114" HPOS="902" VPOS="977" WIDTH="39" HEIGHT="20" CONTENT="no" WC="0.33" CC="66"/>
					</TextLine>
					<TextLine ID="P84_TL00017" HPOS="119" VPOS="1028" WIDTH="822" HEIGHT="33">
						<String ID="P84_ST00115" HPOS="119" VPOS="1040" WIDTH="162" HEIGHT="20" CONTENT="severance" WC="0.89" CC="500040000"/>
						<SP ID="P84_SP00094" HPOS="281" VPOS="1060" WIDTH="22"/>
						<String ID="P84_ST00116" HPOS="303" VPOS="1028" WIDTH="34" HEIGHT="32" CONTENT="of" WC="0.86" CC="11"/>
						<SP ID="P84_SP00095" HPOS="337" VPOS="1060" WIDTH="15"/>
						<String ID="P84_ST00117" HPOS="352" VPOS="1028" WIDTH="52" HEIGHT="33" CONTENT="the" WC="0.53" CC="670"/>
						<SP ID="P84_SP00096" HPOS="404" VPOS="1061" WIDTH="20"/>
						<String ID="P84_ST00118" HPOS="424" VPOS="1033" WIDTH="62" HEIGHT="28" CONTENT="two" WC="0.90" CC="300"/>
						<SP ID="P84_SP00097" HPOS="486" VPOS="1061" WIDTH="17"/>
						<String ID="P84_ST00119" HPOS="503" VPOS="1028" WIDTH="140" HEIGHT="33" CONTENT="Infinites" WC="0.74" CC="041155004"/>
						<SP ID="P84_SP00098" HPOS="643" VPOS="1061" WIDTH="14"/>
						<String ID="P84_ST00120" HPOS="657" VPOS="1041" WIDTH="6" HEIGHT="20" CONTENT=":" WC="1.00" CC="0"/>
						<SP ID="P84_SP00099" HPOS="663" VPOS="1061" WIDTH="25"/>
						<String ID="P84_ST00121" HPOS="688" VPOS="1028" WIDTH="88" HEIGHT="33" CONTENT="Love" WC="1.00" CC="0000"/>
						<SP ID="P84_SP00100" HPOS="776" VPOS="1061" WIDTH="16"/>
						<String ID="P84_ST00122" HPOS="792" VPOS="1028" WIDTH="56" HEIGHT="32" CONTENT="has" WC="0.51" CC="706"/>
						<SP ID="P84_SP00101" HPOS="848" VPOS="1061" WIDTH="16"/>
						<String ID="P84_ST00123" HPOS="864" VPOS="1028" WIDTH="77" HEIGHT="32" CONTENT="been" WC="0.68" CC="5007"/>
					</TextLine>
					<TextLine ID="P84_TL00018" HPOS="119" VPOS="1089" WIDTH="822" HEIGHT="43">
						<String ID="P84_ST00124" HPOS="119" VPOS="1089" WIDTH="51" HEIGHT="32" CONTENT="the" WC="0.53" CC="670"/>
						<SP ID="P84_SP00102" HPOS="170" VPOS="1121" WIDTH="17"/>
						<String ID="P84_ST00125" HPOS="187" VPOS="1089" WIDTH="96" HEIGHT="32" CONTENT="victor" WC="0.78" CC="200027"/>
						<SP ID="P84_SP00103" HPOS="283" VPOS="1121" WIDTH="16"/>
						<String ID="P84_ST00126" HPOS="299" VPOS="1101" WIDTH="73" HEIGHT="20" CONTENT="over" WC="0.73" CC="4006"/>
						<SP ID="P84_SP00104" HPOS="372" VPOS="1121" WIDTH="16"/>
						<String ID="P84_ST00127" HPOS="388" VPOS="1089" WIDTH="101" HEIGHT="32" CONTENT="Death" WC="0.77" CC="40007"/>
						<SP ID="P84_SP00105" HPOS="489" VPOS="1121" WIDTH="15"/>
						<String ID="P84_ST00128" HPOS="504" VPOS="1103" WIDTH="6" HEIGHT="18" CONTENT=":" WC="1.00" CC="0"/>
						<SP ID="P84_SP00106" HPOS="510" VPOS="1121" WIDTH="17"/>
						<String ID="P84_ST00129" HPOS="527" VPOS="1090" WIDTH="52" HEIGHT="31" CONTENT="the" WC="0.77" CC="060"/>
						<SP ID="P84_SP00107" HPOS="579" VPOS="1121" WIDTH="16"/>
						<String ID="P84_ST00130" HPOS="595" VPOS="1090" WIDTH="131" HEIGHT="31" CONTENT="beloved" WC="0.85" CC="0033200"/>
						<SP ID="P84_SP00108" HPOS="726" VPOS="1121" WIDTH="16"/>
						<String ID="P84_ST00131" HPOS="742" VPOS="1101" WIDTH="58" HEIGHT="20" CONTENT="one" WC="0.59" CC="361"/>
						<SP ID="P84_SP00109" HPOS="800" VPOS="1121" WIDTH="16"/>
						<String ID="P84_ST00132" HPOS="816" VPOS="1101" WIDTH="71" HEIGHT="31" CONTENT="may" WC="0.44" CC="609"/>
						<SP ID="P84_SP00110" HPOS="887" VPOS="1132" WIDTH="16"/>
						<String ID="P84_ST00133" HPOS="903" VPOS="1089" WIDTH="38" HEIGHT="32" CONTENT="be" WC="0.72" CC="50"/>
					</TextLine>
					<TextLine ID="P84_TL00019" HPOS="119" VPOS="1150" WIDTH="624" HEIGHT="42">
						<String ID="P84_ST00134" HPOS="119" VPOS="1150" WIDTH="77" HEIGHT="32" CONTENT="dead" WC="1.00" CC="0000"/>
						<String ID="P84_ST00135" HPOS="196" VPOS="1170" WIDTH="44" HEIGHT="3" CONTENT="—" WC="0.20" CC="8"/>
						<String ID="P84_ST00136" HPOS="240" VPOS="1162" WIDTH="54" HEIGHT="30" CONTENT="yes" WC="0.77" CC="006"/>
						<SP ID="P84_SP00111" HPOS="294" VPOS="1192" WIDTH="12"/>
						<String ID="P84_ST00137" HPOS="306" VPOS="1164" WIDTH="6" HEIGHT="27" CONTENT=";" WC="0.81" CC="1"/>
						<SP ID="P84_SP00112" HPOS="312" VPOS="1192" WIDTH="24"/>
						<String ID="P84_ST00138" HPOS="336" VPOS="1150" WIDTH="55" HEIGHT="32" CONTENT="but" WC="0.54" CC="471"/>
						<SP ID="P84_SP00113" HPOS="391" VPOS="1192" WIDTH="15"/>
						<String ID="P84_ST00139" HPOS="406" VPOS="1162" WIDTH="79" HEIGHT="30" CONTENT="gone" WC="0.68" CC="9020"/>
						<SP ID="P84_SP00114" HPOS="485" VPOS="1192" WIDTH="16"/>
						<String ID="P84_ST00140" HPOS="501" VPOS="1151" WIDTH="78" HEIGHT="31" CONTENT="from" WC="0.85" CC="0500"/>
						<SP ID="P84_SP00115" HPOS="579" VPOS="1192" WIDTH="15"/>
						<String ID="P84_ST00141" HPOS="594" VPOS="1151" WIDTH="55" HEIGHT="32" CONTENT="her" WC="0.57" CC="705"/>
						<String ID="P84_ST00142" HPOS="650" VPOS="1171" WIDTH="43" HEIGHT="3" CONTENT="—" WC="0.20" CC="8"/>
						<String ID="P84_ST00143" HPOS="694" VPOS="1163" WIDTH="49" HEIGHT="20" CONTENT="no." WC="1.00" CC="000"/>
					</TextLine>
				</TextBlock>
				<TextBlock ID="P84_TB00006" HPOS="120" VPOS="1211" WIDTH="824" HEIGHT="350" STYLEREFS="TXT_1 PAR_LEFT">
					<TextLine ID="P84_TL00020" HPOS="163" VPOS="1211" WIDTH="779" HEIGHT="42">
						<String ID="P84_ST00144" HPOS="163" VPOS="1211" WIDTH="71" HEIGHT="32" CONTENT="And" WC="0.83" CC="040"/>
						<SP ID="P84_SP00116" HPOS="234" VPOS="1243" WIDTH="27"/>
						<String ID="P84_ST00145" HPOS="261" VPOS="1211" WIDTH="70" HEIGHT="32" CONTENT="thus" WC="0.62" CC="0715"/>
						<SP ID="P84_SP00117" HPOS="331" VPOS="1243" WIDTH="25"/>
						<String ID="P84_ST00146" HPOS="356" VPOS="1211" WIDTH="191" HEIGHT="32" CONTENT="Clementine" WC="0.78" CC="5000053500"/>
						<SP ID="P84_SP00118" HPOS="547" VPOS="1243" WIDTH="25"/>
						<String ID="P84_ST00147" HPOS="572" VPOS="1212" WIDTH="82" HEIGHT="32" CONTENT="lived" WC="0.93" CC="12000"/>
						<SP ID="P84_SP00119" HPOS="654" VPOS="1244" WIDTH="24"/>
						<String ID="P84_ST00148" HPOS="678" VPOS="1224" WIDTH="49" HEIGHT="29" CONTENT="on," WC="0.88" CC="020"/>
						<SP ID="P84_SP00120" HPOS="727" VPOS="1253" WIDTH="18"/>
						<String ID="P84_ST00149" HPOS="745" VPOS="1212" WIDTH="61" HEIGHT="32" CONTENT="and" WC="0.76" CC="070"/>
						<SP ID="P84_SP00121" HPOS="806" VPOS="1253" WIDTH="21"/>
						<String ID="P84_ST00150" HPOS="827" VPOS="1224" WIDTH="40" HEIGHT="20" CONTENT="no" WC="0.91" CC="10"/>
						<SP ID="P84_SP00122" HPOS="867" VPOS="1253" WIDTH="18"/>
						<String ID="P84_ST00151" HPOS="885" VPOS="1224" WIDTH="57" HEIGHT="20" CONTENT="one" WC="0.88" CC="030"/>
					</TextLine>
					<TextLine ID="P84_TL00021" HPOS="120" VPOS="1273" WIDTH="823" HEIGHT="43">
						<String ID="P84_ST00152" HPOS="120" VPOS="1285" WIDTH="72" HEIGHT="20" CONTENT="ever" WC="0.86" CC="0005"/>
						<SP ID="P84_SP00123" HPOS="192" VPOS="1305" WIDTH="15"/>
						<String ID="P84_ST00153" HPOS="207" VPOS="1285" WIDTH="84" HEIGHT="30" CONTENT="grew" WC="0.83" CC="0500"/>
						<SP ID="P84_SP00124" HPOS="291" VPOS="1315" WIDTH="20"/>
						<String ID="P84_ST00154" HPOS="311" VPOS="1278" WIDTH="32" HEIGHT="26" CONTENT="to" WC="0.77" CC="40"/>
						<SP ID="P84_SP00125" HPOS="343" VPOS="1315" WIDTH="22"/>
						<String ID="P84_ST00155" HPOS="365" VPOS="1273" WIDTH="38" HEIGHT="32" CONTENT="be" WC="0.99" CC="00"/>
						<SP ID="P84_SP00126" HPOS="403" VPOS="1315" WIDTH="21"/>
						<String ID="P84_ST00156" HPOS="424" VPOS="1285" WIDTH="107" HEIGHT="20" CONTENT="nearer" WC="0.64" CC="220708"/>
						<SP ID="P84_SP00127" HPOS="531" VPOS="1315" WIDTH="15"/>
						<String ID="P84_ST00157" HPOS="546" VPOS="1278" WIDTH="31" HEIGHT="27" CONTENT="to" WC="0.62" CC="70"/>
						<SP ID="P84_SP00128" HPOS="577" VPOS="1315" WIDTH="17"/>
						<String ID="P84_ST00158" HPOS="594" VPOS="1274" WIDTH="62" HEIGHT="32" CONTENT="her." WC="0.65" CC="7060"/>
						<SP ID="P84_SP00129" HPOS="656" VPOS="1315" WIDTH="48"/>
						<String ID="P84_ST00159" HPOS="704" VPOS="1275" WIDTH="153" HEIGHT="41" CONTENT="Probably" WC="0.52" CC="64076740"/>
						<SP ID="P84_SP00130" HPOS="857" VPOS="1316" WIDTH="15"/>
						<String ID="P84_ST00160" HPOS="872" VPOS="1275" WIDTH="71" HEIGHT="32" CONTENT="hers" WC="0.34" CC="7467"/>
					</TextLine>
					<TextLine ID="P84_TL00022" HPOS="120" VPOS="1334" WIDTH="822" HEIGHT="41">
						<String ID="P84_ST00161" HPOS="120" VPOS="1346" WIDTH="63" HEIGHT="19" CONTENT="was" WC="0.97" CC="000"/>
						<SP ID="P84_SP00131" HPOS="183" VPOS="1365" WIDTH="23"/>
						<String ID="P84_ST00162" HPOS="206" VPOS="1334" WIDTH="67" HEIGHT="32" CONTENT="that" WC="0.58" CC="5703"/>
						<SP ID="P84_SP00132" HPOS="273" VPOS="1366" WIDTH="30"/>
						<String ID="P84_ST00163" HPOS="303" VPOS="1334" WIDTH="130" HEIGHT="32" CONTENT="solitude" WC="0.77" CC="10630600"/>
						<SP ID="P84_SP00133" HPOS="433" VPOS="1366" WIDTH="30"/>
						<String ID="P84_ST00164" HPOS="463" VPOS="1335" WIDTH="103" HEIGHT="31" CONTENT="where" WC="0.72" CC="07060"/>
						<SP ID="P84_SP00134" HPOS="566" VPOS="1366" WIDTH="31"/>
						<String ID="P84_ST00165" HPOS="597" VPOS="1347" WIDTH="57" HEIGHT="20" CONTENT="one" WC="0.83" CC="050"/>
						<SP ID="P84_SP00135" HPOS="654" VPOS="1367" WIDTH="30"/>
						<String ID="P84_ST00166" HPOS="684" VPOS="1336" WIDTH="26" HEIGHT="31" CONTENT="is" WC="0.55" CC="35"/>
						<SP ID="P84_SP00136" HPOS="710" VPOS="1367" WIDTH="23"/>
						<String ID="P84_ST00167" HPOS="733" VPOS="1336" WIDTH="79" HEIGHT="32" CONTENT="least" WC="0.78" CC="50050"/>
						<SP ID="P84_SP00137" HPOS="812" VPOS="1368" WIDTH="23"/>
						<String ID="P84_ST00168" HPOS="835" VPOS="1336" WIDTH="89" HEIGHT="32" CONTENT="alone" WC="0.90" CC="04000"/>
						<String ID="P84_ST00169" HPOS="936" VPOS="1349" WIDTH="6" HEIGHT="26" CONTENT=";" WC="1.00" CC="0"/>
					</TextLine>
					<TextLine ID="P84_TL00023" HPOS="120" VPOS="1394" WIDTH="824" HEIGHT="43">
						<String ID="P84_ST00170" HPOS="120" VPOS="1394" WIDTH="23" HEIGHT="32" CONTENT="it" WC="0.78" CC="40"/>
						<SP ID="P84_SP00138" HPOS="143" VPOS="1426" WIDTH="20"/>
						<String ID="P84_ST00171" HPOS="163" VPOS="1395" WIDTH="27" HEIGHT="31" CONTENT="is" WC="0.53" CC="53"/>
						<SP ID="P84_SP00139" HPOS="190" VPOS="1426" WIDTH="16"/>
						<String ID="P84_ST00172" HPOS="206" VPOS="1396" WIDTH="113" HEIGHT="31" CONTENT="certain" WC="0.78" CC="0050035"/>
						<SP ID="P84_SP00140" HPOS="319" VPOS="1427" WIDTH="24"/>
						<String ID="P84_ST00173" HPOS="343" VPOS="1396" WIDTH="75" HEIGHT="40" CONTENT="that," WC="0.81" CC="07020"/>
						<SP ID="P84_SP00141" HPOS="418" VPOS="1436" WIDTH="19"/>
						<String ID="P84_ST00174" HPOS="437" VPOS="1396" WIDTH="147" HEIGHT="41" CONTENT="although" WC="0.80" CC="00070106"/>
						<SP ID="P84_SP00142" HPOS="584" VPOS="1437" WIDTH="21"/>
						<String ID="P84_ST00175" HPOS="605" VPOS="1396" WIDTH="54" HEIGHT="32" CONTENT="she" WC="0.57" CC="570"/>
						<SP ID="P84_SP00143" HPOS="659" VPOS="1437" WIDTH="21"/>
						<String ID="P84_ST00176" HPOS="680" VPOS="1397" WIDTH="102" HEIGHT="32" CONTENT="mixed" WC="0.77" CC="06050"/>
						<SP ID="P84_SP00144" HPOS="782" VPOS="1437" WIDTH="16"/>
						<String ID="P84_ST00177" HPOS="798" VPOS="1397" WIDTH="75" HEIGHT="32" CONTENT="with" WC="0.76" CC="0207"/>
						<SP ID="P84_SP00145" HPOS="873" VPOS="1437" WIDTH="16"/>
						<String ID="P84_ST00178" HPOS="889" VPOS="1397" WIDTH="55" HEIGHT="33" CONTENT="her" WC="0.53" CC="706"/>
					</TextLine>
					<TextLine ID="P84_TL00024" HPOS="121" VPOS="1456" WIDTH="821" HEIGHT="43">
						<String ID="P84_ST00179" HPOS="121" VPOS="1456" WIDTH="136" HEIGHT="41" CONTENT="kindred," WC="0.85" CC="00803000"/>
						<SP ID="P84_SP00146" HPOS="257" VPOS="1497" WIDTH="19"/>
						<String ID="P84_ST00180" HPOS="276" VPOS="1457" WIDTH="53" HEIGHT="31" CONTENT="she" WC="0.53" CC="670"/>
						<SP ID="P84_SP00147" HPOS="329" VPOS="1497" WIDTH="22"/>
						<String ID="P84_ST00181" HPOS="351" VPOS="1469" WIDTH="93" HEIGHT="20" CONTENT="never" WC="0.78" CC="40006"/>
						<SP ID="P84_SP00148" HPOS="444" VPOS="1497" WIDTH="26"/>
						<String ID="P84_ST00182" HPOS="470" VPOS="1469" WIDTH="84" HEIGHT="20" CONTENT="more" WC="0.83" CC="0060"/>
						<SP ID="P84_SP00149" HPOS="554" VPOS="1497" WIDTH="27"/>
						<String ID="P84_ST00183" HPOS="581" VPOS="1458" WIDTH="129" HEIGHT="41" CONTENT="partook" WC="0.87" CC="0071000"/>
						<SP ID="P84_SP00150" HPOS="710" VPOS="1499" WIDTH="18"/>
						<String ID="P84_ST00184" HPOS="728" VPOS="1458" WIDTH="35" HEIGHT="32" CONTENT="of" WC="1.00" CC="00"/>
						<SP ID="P84_SP00151" HPOS="763" VPOS="1499" WIDTH="18"/>
						<String ID="P84_ST00185" HPOS="781" VPOS="1458" WIDTH="80" HEIGHT="33" CONTENT="their" WC="0.49" CC="57425"/>
						<SP ID="P84_SP00152" HPOS="861" VPOS="1499" WIDTH="21"/>
						<String ID="P84_ST00186" HPOS="882" VPOS="1459" WIDTH="60" HEIGHT="40" CONTENT="life," WC="0.82" CC="60001"/>
					</TextLine>
					<TextLine ID="P84_TL00025" HPOS="123" VPOS="1517" WIDTH="821" HEIGHT="44">
						<String ID="P84_ST00187" HPOS="123" VPOS="1528" WIDTH="32" HEIGHT="20" CONTENT="or" WC="0.68" CC="06"/>
						<SP ID="P84_SP00153" HPOS="155" VPOS="1548" WIDTH="25"/>
						<String ID="P84_ST00188" HPOS="180" VPOS="1517" WIDTH="120" HEIGHT="32" CONTENT="divided" WC="0.96" CC="0200000"/>
						<SP ID="P84_SP00154" HPOS="300" VPOS="1549" WIDTH="27"/>
						<String ID="P84_ST00189" HPOS="327" VPOS="1518" WIDTH="69" HEIGHT="32" CONTENT="hers" WC="0.47" CC="7354"/>
						<SP ID="P84_SP00155" HPOS="396" VPOS="1550" WIDTH="32"/>
						<String ID="P84_ST00190" HPOS="428" VPOS="1519" WIDTH="72" HEIGHT="31" CONTENT="with" WC="0.77" CC="0207"/>
						<SP ID="P84_SP00156" HPOS="500" VPOS="1550" WIDTH="31"/>
						<String ID="P84_ST00191" HPOS="531" VPOS="1519" WIDTH="93" HEIGHT="32" CONTENT="them." WC="0.81" CC="27000"/>
						<SP ID="P84_SP00157" HPOS="624" VPOS="1551" WIDTH="48"/>
						<String ID="P84_ST00192" HPOS="672" VPOS="1519" WIDTH="154" HEIGHT="33" CONTENT="Fourteen" WC="0.68" CC="30640460"/>
						<SP ID="P84_SP00158" HPOS="826" VPOS="1552" WIDTH="27"/>
						<String ID="P84_ST00193" HPOS="853" VPOS="1532" WIDTH="91" HEIGHT="29" CONTENT="years" WC="1.00" CC="00000"/>
					</TextLine>
				</TextBlock>
			</PrintSpace>
		</Page>
	</Layout>
</alto>
