<?xml version="1.0" encoding="UTF-8"?>
<alto xmlns:xsi="http://www.w3.org/2001/XMLSchema-instance" xsi:noNamespaceSchemaLocation="http://www.bl.uk/schemas/alto/alto-1-4.xsd" xmlns:xlink="http://www.w3.org/1999/xlink">
	<Description>
		<MeasurementUnit>mm10</MeasurementUnit>
		<sourceImageInformation>
			<fileName>//head1/IN/2007-46/A0010888503.1/009575.jp2</fileName>
		</sourceImageInformation>
		<OCRProcessing ID="OCRPROCESSING_1">
			<preProcessingStep>
				<processingSoftware>
					<softwareCreator>CCS Content Conversion Specialists GmbH, Germany</softwareCreator>
					<softwareName>CCS docWORKS</softwareName>
					<softwareVersion>6.1-0.61</softwareVersion>
				</processingSoftware>
			</preProcessingStep>
			<ocrProcessingStep>
				<processingSoftware>
					<softwareCreator>ABBYY (BIT Software), Russia</softwareCreator>
					<softwareName>Finereader</softwareName>
				</processingSoftware>
			</ocrProcessingStep>
		</OCRProcessing>
	</Description>
	<Styles>
		<TextStyle ID="TXT_0" FONTSIZE="11" FONTFAMILY="Courier New"/>
		<TextStyle ID="TXT_1" FONTSIZE="10" FONTFAMILY="Courier New"/>
		<ParagraphStyle ID="PAR_RIGHT" ALIGN="Right"/>
		<ParagraphStyle ID="PAR_LEFT" ALIGN="Left"/>
		<ParagraphStyle ID="PAR_CENTER" ALIGN="Center"/>
	</Styles>
	<Layout>
		<Page ID="P39" PHYSICAL_IMG_NR="39" HEIGHT="1740" WIDTH="1090" PRINTED_IMG_NR="27" POSITION="Right" ACCURACY="75.70">
			<TopMargin ID="P39_TM00001" HPOS="0" VPOS="0" WIDTH="1089" HEIGHT="124">
				<TextBlock ID="P39_TB00001" HPOS="878" VPOS="97" WIDTH="32" HEIGHT="25" STYLEREFS="TXT_0 PAR_RIGHT">
					<TextLine ID="P39_TL00001" HPOS="878" VPOS="97" WIDTH="32" HEIGHT="25">
						<String ID="P39_ST00001" HPOS="878" VPOS="97" WIDTH="32" HEIGHT="25" CONTENT="27" WC="1.00" CC="00"/>
					</TextLine>
				</TextBlock>
				<TextBlock ID="P39_TB00002" HPOS="396" VPOS="101" WIDTH="216" HEIGHT="21" STYLEREFS="TXT_1 PAR_LEFT">
					<TextLine ID="P39_TL00002" HPOS="396" VPOS="102" WIDTH="216" HEIGHT="20">
						<String ID="P39_ST00002" HPOS="396" VPOS="103" WIDTH="63" HEIGHT="19" CONTENT="THE" WC="0.37" CC="566"/>
						<SP ID="P39_SP00001" HPOS="459" VPOS="122" WIDTH="22"/>
						<String ID="P39_ST00003" HPOS="481" VPOS="102" WIDTH="131" HEIGHT="20" CONTENT="APPEAL." WC="0.67" CC="0772050"/>
					</TextLine>
				</TextBlock>
			</TopMargin>
			<LeftMargin ID="P39_LM00001" HPOS="0" VPOS="124" WIDTH="88" HEIGHT="1441"/>
			<RightMargin ID="P39_RM00001" HPOS="913" VPOS="124" WIDTH="176" HEIGHT="1441"/>
			<BottomMargin ID="P39_BM00001" HPOS="0" VPOS="1565" WIDTH="1089" HEIGHT="174"/>
			<PrintSpace ID="P39_PS00001" HPOS="88" VPOS="124" WIDTH="825" HEIGHT="1441">
				<TextBlock ID="P39_TB00003" HPOS="89" VPOS="178" WIDTH="824" HEIGHT="165" STYLEREFS="TXT_1 PAR_LEFT">
					<TextLine ID="P39_TL00003" HPOS="89" VPOS="179" WIDTH="824" HEIGHT="43">
						<String ID="P39_ST00004" HPOS="89" VPOS="179" WIDTH="77" HEIGHT="32" CONTENT="reuil" WC="0.67" CC="10652"/>
						<SP ID="P39_SP00002" HPOS="166" VPOS="211" WIDTH="30"/>
						<String ID="P39_ST00005" HPOS="196" VPOS="191" WIDTH="94" HEIGHT="20" CONTENT="never" WC="0.79" CC="70003"/>
						<SP ID="P39_SP00003" HPOS="290" VPOS="211" WIDTH="29"/>
						<String ID="P39_ST00006" HPOS="319" VPOS="181" WIDTH="74" HEIGHT="31" CONTENT="took" WC="1.00" CC="0000"/>
						<SP ID="P39_SP00004" HPOS="393" VPOS="212" WIDTH="30"/>
						<String ID="P39_ST00007" HPOS="423" VPOS="181" WIDTH="54" HEIGHT="31" CONTENT="her" WC="0.47" CC="617"/>
						<SP ID="P39_SP00005" HPOS="477" VPOS="212" WIDTH="32"/>
						<String ID="P39_ST00008" HPOS="509" VPOS="193" WIDTH="71" HEIGHT="29" CONTENT="eyes" WC="0.87" CC="0005"/>
						<SP ID="P39_SP00006" HPOS="580" VPOS="222" WIDTH="31"/>
						<String ID="P39_ST00009" HPOS="611" VPOS="180" WIDTH="78" HEIGHT="32" CONTENT="from" WC="0.90" CC="0400"/>
						<SP ID="P39_SP00007" HPOS="689" VPOS="222" WIDTH="29"/>
						<String ID="P39_ST00010" HPOS="718" VPOS="181" WIDTH="195" HEIGHT="32" CONTENT="Madeleine's" WC="0.81" CC="00001057006"/>
					</TextLine>
					<TextLine ID="P39_TL00004" HPOS="89" VPOS="241" WIDTH="824" HEIGHT="42">
						<String ID="P39_ST00011" HPOS="89" VPOS="241" WIDTH="77" HEIGHT="40" CONTENT="face," WC="1.00" CC="00000"/>
						<SP ID="P39_SP00008" HPOS="166" VPOS="281" WIDTH="29"/>
						<String ID="P39_ST00012" HPOS="195" VPOS="241" WIDTH="56" HEIGHT="32" CONTENT="but" WC="0.63" CC="460"/>
						<SP ID="P39_SP00009" HPOS="251" VPOS="281" WIDTH="30"/>
						<String ID="P39_ST00013" HPOS="281" VPOS="242" WIDTH="97" HEIGHT="41" CONTENT="gazed" WC="0.96" CC="00100"/>
						<SP ID="P39_SP00010" HPOS="378" VPOS="283" WIDTH="31"/>
						<String ID="P39_ST00014" HPOS="409" VPOS="247" WIDTH="32" HEIGHT="27" CONTENT="at" WC="1.00" CC="00"/>
						<SP ID="P39_SP00011" HPOS="441" VPOS="283" WIDTH="29"/>
						<String ID="P39_ST00015" HPOS="470" VPOS="242" WIDTH="55" HEIGHT="33" CONTENT="her" WC="0.52" CC="707"/>
						<SP ID="P39_SP00012" HPOS="525" VPOS="283" WIDTH="26"/>
						<String ID="P39_ST00016" HPOS="551" VPOS="242" WIDTH="73" HEIGHT="32" CONTENT="with" WC="0.66" CC="0507"/>
						<SP ID="P39_SP00013" HPOS="624" VPOS="283" WIDTH="32"/>
						<String ID="P39_ST00017" HPOS="656" VPOS="254" WIDTH="39" HEIGHT="21" CONTENT="an" WC="0.73" CC="05"/>
						<SP ID="P39_SP00014" HPOS="695" VPOS="283" WIDTH="30"/>
						<String ID="P39_ST00018" HPOS="725" VPOS="242" WIDTH="98" HEIGHT="33" CONTENT="intent" WC="0.73" CC="160034"/>
						<SP ID="P39_SP00015" HPOS="823" VPOS="283" WIDTH="30"/>
						<String ID="P39_ST00019" HPOS="853" VPOS="243" WIDTH="60" HEIGHT="32" CONTENT="and" WC="0.77" CC="060"/>
					</TextLine>
					<TextLine ID="P39_TL00005" HPOS="91" VPOS="303" WIDTH="220" HEIGHT="40">
						<String ID="P39_ST00020" HPOS="91" VPOS="303" WIDTH="120" HEIGHT="32" CONTENT="curious" WC="0.62" CC="0762072"/>
						<SP ID="P39_SP00016" HPOS="211" VPOS="335" WIDTH="16"/>
						<String ID="P39_ST00021" HPOS="227" VPOS="314" WIDTH="84" HEIGHT="29" CONTENT="gaze." WC="0.82" CC="80000"/>
					</TextLine>
				</TextBlock>
				<TextBlock ID="P39_TB00004" HPOS="133" VPOS="363" WIDTH="738" HEIGHT="42" STYLEREFS="TXT_1 PAR_CENTER">
					<TextLine ID="P39_TL00006" HPOS="134" VPOS="364" WIDTH="737" HEIGHT="41">
						<String ID="P39_ST00022" HPOS="134" VPOS="364" WIDTH="90" HEIGHT="32" CONTENT="After" WC="0.87" CC="00006"/>
						<SP ID="P39_SP00017" HPOS="224" VPOS="396" WIDTH="15"/>
						<String ID="P39_ST00023" HPOS="239" VPOS="375" WIDTH="19" HEIGHT="21" CONTENT="a" WC="1.00" CC="0"/>
						<SP ID="P39_SP00018" HPOS="258" VPOS="396" WIDTH="15"/>
						<String ID="P39_ST00024" HPOS="273" VPOS="364" WIDTH="85" HEIGHT="32" CONTENT="short" WC="0.70" CC="57200"/>
						<SP ID="P39_SP00019" HPOS="358" VPOS="396" WIDTH="15"/>
						<String ID="P39_ST00025" HPOS="373" VPOS="375" WIDTH="95" HEIGHT="30" CONTENT="pause" WC="0.78" CC="00630"/>
						<SP ID="P39_SP00020" HPOS="468" VPOS="405" WIDTH="16"/>
						<String ID="P39_ST00026" HPOS="484" VPOS="364" WIDTH="30" HEIGHT="32" CONTENT="in" WC="0.45" CC="46"/>
						<SP ID="P39_SP00021" HPOS="514" VPOS="405" WIDTH="15"/>
						<String ID="P39_ST00027" HPOS="529" VPOS="364" WIDTH="53" HEIGHT="33" CONTENT="the" WC="0.75" CC="070"/>
						<SP ID="P39_SP00022" HPOS="582" VPOS="405" WIDTH="16"/>
						<String ID="P39_ST00028" HPOS="598" VPOS="364" WIDTH="210" HEIGHT="33" CONTENT="conversation" WC="0.69" CC="015007600627"/>
						<SP ID="P39_SP00023" HPOS="808" VPOS="405" WIDTH="13"/>
						<String ID="P39_ST00029" HPOS="821" VPOS="377" WIDTH="5" HEIGHT="19" CONTENT=":" WC="1.00" CC="0"/>
						<String ID="P39_ST00030" HPOS="829" VPOS="383" WIDTH="42" HEIGHT="3" CONTENT="—" WC="0.20" CC="8"/>
					</TextLine>
				</TextBlock>
				<TextBlock ID="P39_TB00005" HPOS="91" VPOS="424" WIDTH="820" HEIGHT="154" STYLEREFS="TXT_1 PAR_LEFT">
					<TextLine ID="P39_TL00007" HPOS="137" VPOS="425" WIDTH="774" HEIGHT="43">
						<String ID="P39_ST00031" HPOS="137" VPOS="425" WIDTH="128" HEIGHT="33" CONTENT='"What' WC="0.78" CC="30700"/>
						<SP ID="P39_SP00024" HPOS="265" VPOS="458" WIDTH="24"/>
						<String ID="P39_ST00032" HPOS="289" VPOS="437" WIDTH="57" HEIGHT="21" CONTENT="can" WC="0.75" CC="007"/>
						<SP ID="P39_SP00025" HPOS="346" VPOS="458" WIDTH="24"/>
						<String ID="P39_ST00033" HPOS="370" VPOS="426" WIDTH="16" HEIGHT="32" CONTENT="I" WC="0.96" CC="0"/>
						<SP ID="P39_SP00026" HPOS="386" VPOS="458" WIDTH="23"/>
						<String ID="P39_ST00034" HPOS="409" VPOS="426" WIDTH="39" HEIGHT="32" CONTENT="do" WC="0.81" CC="03"/>
						<SP ID="P39_SP00027" HPOS="448" VPOS="458" WIDTH="26"/>
						<String ID="P39_ST00035" HPOS="474" VPOS="430" WIDTH="33" HEIGHT="28" CONTENT="to" WC="0.60" CC="34"/>
						<SP ID="P39_SP00028" HPOS="507" VPOS="458" WIDTH="26"/>
						<String ID="P39_ST00036" HPOS="533" VPOS="425" WIDTH="70" HEIGHT="43" CONTENT="help" WC="0.64" CC="7070"/>
						<SP ID="P39_SP00029" HPOS="603" VPOS="468" WIDTH="31"/>
						<String ID="P39_ST00037" HPOS="634" VPOS="426" WIDTH="113" HEIGHT="42" CONTENT='you?"' WC="0.78" CC="02700"/>
						<SP ID="P39_SP00030" HPOS="747" VPOS="468" WIDTH="27"/>
						<String ID="P39_ST00038" HPOS="774" VPOS="425" WIDTH="64" HEIGHT="33" CONTENT="said" WC="0.68" CC="6060"/>
						<SP ID="P39_SP00031" HPOS="838" VPOS="468" WIDTH="22"/>
						<String ID="P39_ST00039" HPOS="860" VPOS="425" WIDTH="51" HEIGHT="32" CONTENT="the" WC="0.67" CC="072"/>
					</TextLine>
					<TextLine ID="P39_TL00008" HPOS="93" VPOS="486" WIDTH="818" HEIGHT="44">
						<String ID="P39_ST00040" HPOS="93" VPOS="486" WIDTH="161" HEIGHT="41" CONTENT="Countess," WC="0.65" CC="604670032"/>
						<SP ID="P39_SP00032" HPOS="254" VPOS="527" WIDTH="19"/>
						<String ID="P39_ST00041" HPOS="273" VPOS="487" WIDTH="278" HEIGHT="43" CONTENT="compassionately" WC="0.90" CC="000002400600000"/>
						<SP ID="P39_SP00033" HPOS="551" VPOS="530" WIDTH="13"/>
						<String ID="P39_ST00042" HPOS="564" VPOS="501" WIDTH="7" HEIGHT="27" CONTENT=";" WC="0.40" CC="5"/>
						<SP ID="P39_SP00034" HPOS="571" VPOS="530" WIDTH="26"/>
						<String ID="P39_ST00043" HPOS="597" VPOS="489" WIDTH="17" HEIGHT="13" CONTENT='"' WC="0.54" CC="4"/>
						<SP ID="P39_SP00035" HPOS="614" VPOS="530" WIDTH="14"/>
						<String ID="P39_ST00044" HPOS="628" VPOS="487" WIDTH="83" HEIGHT="32" CONTENT="what" WC="0.65" CC="0670"/>
						<SP ID="P39_SP00036" HPOS="711" VPOS="530" WIDTH="18"/>
						<String ID="P39_ST00045" HPOS="729" VPOS="499" WIDTH="61" HEIGHT="20" CONTENT="was" WC="0.84" CC="004"/>
						<SP ID="P39_SP00037" HPOS="790" VPOS="530" WIDTH="16"/>
						<String ID="P39_ST00046" HPOS="806" VPOS="487" WIDTH="24" HEIGHT="31" CONTENT="it" WC="0.82" CC="30"/>
						<SP ID="P39_SP00038" HPOS="830" VPOS="530" WIDTH="22"/>
						<String ID="P39_ST00047" HPOS="852" VPOS="498" WIDTH="59" HEIGHT="31" CONTENT="you" WC="0.76" CC="007"/>
					</TextLine>
					<TextLine ID="P39_TL00009" HPOS="92" VPOS="547" WIDTH="367" HEIGHT="31">
						<String ID="P39_ST00048" HPOS="92" VPOS="558" WIDTH="85" HEIGHT="20" CONTENT="came" WC="1.00" CC="0000"/>
						<SP ID="P39_SP00039" HPOS="177" VPOS="578" WIDTH="16"/>
						<String ID="P39_ST00049" HPOS="193" VPOS="552" WIDTH="31" HEIGHT="26" CONTENT="to" WC="1.00" CC="00"/>
						<SP ID="P39_SP00040" HPOS="224" VPOS="578" WIDTH="17"/>
						<String ID="P39_ST00050" HPOS="241" VPOS="547" WIDTH="55" HEIGHT="31" CONTENT="ask" WC="0.70" CC="053"/>
						<SP ID="P39_SP00041" HPOS="296" VPOS="578" WIDTH="16"/>
						<String ID="P39_ST00051" HPOS="312" VPOS="547" WIDTH="34" HEIGHT="31" CONTENT="of" WC="1.00" CC="00"/>
						<SP ID="P39_SP00042" HPOS="346" VPOS="578" WIDTH="10"/>
						<String ID="P39_ST00052" HPOS="356" VPOS="559" WIDTH="49" HEIGHT="19" CONTENT="me" WC="1.00" CC="00"/>
						<SP ID="P39_SP00043" HPOS="405" VPOS="578" WIDTH="13"/>
						<String ID="P39_ST00053" HPOS="418" VPOS="548" WIDTH="41" HEIGHT="30" CONTENT='?"' WC="0.72" CC="05"/>
					</TextLine>
				</TextBlock>
				<TextBlock ID="P39_TB00006" HPOS="89" VPOS="607" WIDTH="822" HEIGHT="348" STYLEREFS="TXT_1 PAR_LEFT">
					<TextLine ID="P39_TL00010" HPOS="133" VPOS="607" WIDTH="778" HEIGHT="41">
						<String ID="P39_ST00054" HPOS="133" VPOS="607" WIDTH="174" HEIGHT="33" CONTENT="Madeleine" WC="0.86" CC="000040520"/>
						<SP ID="P39_SP00044" HPOS="307" VPOS="640" WIDTH="32"/>
						<String ID="P39_ST00055" HPOS="339" VPOS="608" WIDTH="102" HEIGHT="32" CONTENT="stared" WC="0.73" CC="560400"/>
						<SP ID="P39_SP00045" HPOS="441" VPOS="640" WIDTH="36"/>
						<String ID="P39_ST00056" HPOS="477" VPOS="608" WIDTH="31" HEIGHT="32" CONTENT="in" WC="0.58" CC="34"/>
						<SP ID="P39_SP00046" HPOS="508" VPOS="640" WIDTH="39"/>
						<String ID="P39_ST00057" HPOS="547" VPOS="612" WIDTH="197" HEIGHT="36" CONTENT="amazement," WC="0.95" CC="0000000401"/>
						<SP ID="P39_SP00047" HPOS="744" VPOS="648" WIDTH="33"/>
						<String ID="P39_ST00058" HPOS="777" VPOS="607" WIDTH="45" HEIGHT="33" CONTENT="for" WC="0.77" CC="204"/>
						<SP ID="P39_SP00048" HPOS="822" VPOS="648" WIDTH="37"/>
						<String ID="P39_ST00059" HPOS="859" VPOS="607" WIDTH="52" HEIGHT="33" CONTENT="the" WC="0.75" CC="070"/>
					</TextLine>
					<TextLine ID="P39_TL00011" HPOS="92" VPOS="668" WIDTH="819" HEIGHT="44">
						<String ID="P39_ST00060" HPOS="92" VPOS="669" WIDTH="128" HEIGHT="43" CONTENT="original" WC="0.72" CC="06205700"/>
						<SP ID="P39_SP00049" HPOS="220" VPOS="712" WIDTH="23"/>
						<String ID="P39_ST00061" HPOS="243" VPOS="670" WIDTH="100" HEIGHT="42" CONTENT="object" WC="1.00" CC="000000"/>
						<SP ID="P39_SP00050" HPOS="343" VPOS="712" WIDTH="22"/>
						<String ID="P39_ST00062" HPOS="365" VPOS="669" WIDTH="35" HEIGHT="32" CONTENT="of" WC="0.88" CC="20"/>
						<SP ID="P39_SP00051" HPOS="400" VPOS="712" WIDTH="29"/>
						<String ID="P39_ST00063" HPOS="429" VPOS="670" WIDTH="55" HEIGHT="31" CONTENT="her" WC="0.64" CC="703"/>
						<SP ID="P39_SP00052" HPOS="484" VPOS="712" WIDTH="22"/>
						<String ID="P39_ST00064" HPOS="506" VPOS="669" WIDTH="73" HEIGHT="32" CONTENT="visit" WC="0.75" CC="01550"/>
						<SP ID="P39_SP00053" HPOS="579" VPOS="712" WIDTH="29"/>
						<String ID="P39_ST00065" HPOS="608" VPOS="669" WIDTH="61" HEIGHT="32" CONTENT="had" WC="0.75" CC="700"/>
						<SP ID="P39_SP00054" HPOS="669" VPOS="712" WIDTH="27"/>
						<String ID="P39_ST00066" HPOS="696" VPOS="670" WIDTH="78" HEIGHT="31" CONTENT="been" WC="0.68" CC="7005"/>
						<SP ID="P39_SP00055" HPOS="774" VPOS="712" WIDTH="32"/>
						<String ID="P39_ST00067" HPOS="806" VPOS="668" WIDTH="105" HEIGHT="33" CONTENT="driven" WC="0.85" CC="002007"/>
					</TextLine>
					<TextLine ID="P39_TL00012" HPOS="91" VPOS="730" WIDTH="820" HEIGHT="42">
						<String ID="P39_ST00068" HPOS="91" VPOS="730" WIDTH="215" HEIGHT="42" CONTENT="momentarily" WC="0.86" CC="01002006500"/>
						<SP ID="P39_SP00056" HPOS="306" VPOS="772" WIDTH="23"/>
						<String ID="P39_ST00069" HPOS="329" VPOS="734" WIDTH="53" HEIGHT="28" CONTENT="out" WC="0.76" CC="070"/>
						<SP ID="P39_SP00057" HPOS="382" VPOS="772" WIDTH="32"/>
						<String ID="P39_ST00070" HPOS="414" VPOS="730" WIDTH="34" HEIGHT="31" CONTENT="of" WC="0.82" CC="30"/>
						<SP ID="P39_SP00058" HPOS="448" VPOS="772" WIDTH="23"/>
						<String ID="P39_ST00071" HPOS="471" VPOS="730" WIDTH="55" HEIGHT="32" CONTENT="her" WC="0.52" CC="706"/>
						<SP ID="P39_SP00059" HPOS="526" VPOS="772" WIDTH="29"/>
						<String ID="P39_ST00072" HPOS="555" VPOS="730" WIDTH="88" HEIGHT="40" CONTENT="head," WC="0.81" CC="70001"/>
						<SP ID="P39_SP00060" HPOS="643" VPOS="772" WIDTH="32"/>
						<String ID="P39_ST00073" HPOS="675" VPOS="731" WIDTH="60" HEIGHT="30" CONTENT="and" WC="1.00" CC="000"/>
						<SP ID="P39_SP00061" HPOS="735" VPOS="772" WIDTH="22"/>
						<String ID="P39_ST00074" HPOS="757" VPOS="730" WIDTH="53" HEIGHT="31" CONTENT="the" WC="0.75" CC="070"/>
						<SP ID="P39_SP00062" HPOS="810" VPOS="772" WIDTH="30"/>
						<String ID="P39_ST00075" HPOS="840" VPOS="741" WIDTH="71" HEIGHT="20" CONTENT="con" SUBS_TYPE="HypPart1" SUBS_CONTENT="consciousness" WC="0.79" CC="0340"/>
						<HYP CONTENT="-"/>
					</TextLine>
					<TextLine ID="P39_TL00013" HPOS="92" VPOS="790" WIDTH="819" HEIGHT="43">
						<String ID="P39_ST00076" HPOS="92" VPOS="791" WIDTH="171" HEIGHT="32" CONTENT="sciousness" SUBS_TYPE="HypPart2" SUBS_CONTENT="consciousness" WC="0.58" CC="6060756053"/>
						<SP ID="P39_SP00063" HPOS="263" VPOS="823" WIDTH="17"/>
						<String ID="P39_ST00077" HPOS="280" VPOS="791" WIDTH="34" HEIGHT="32" CONTENT="of" WC="0.83" CC="30"/>
						<SP ID="P39_SP00064" HPOS="314" VPOS="823" WIDTH="17"/>
						<String ID="P39_ST00078" HPOS="331" VPOS="792" WIDTH="55" HEIGHT="31" CONTENT="her" WC="0.52" CC="706"/>
						<SP ID="P39_SP00065" HPOS="386" VPOS="823" WIDTH="18"/>
						<String ID="P39_ST00079" HPOS="404" VPOS="791" WIDTH="109" HEIGHT="32" CONTENT="fearful" WC="0.78" CC="2005070"/>
						<SP ID="P39_SP00066" HPOS="513" VPOS="823" WIDTH="23"/>
						<String ID="P39_ST00080" HPOS="536" VPOS="791" WIDTH="94" HEIGHT="32" CONTENT="needs" WC="0.89" CC="00005"/>
						<SP ID="P39_SP00067" HPOS="630" VPOS="823" WIDTH="15"/>
						<String ID="P39_ST00081" HPOS="645" VPOS="791" WIDTH="134" HEIGHT="42" CONTENT="brought" WC="0.55" CC="7437070"/>
						<SP ID="P39_SP00068" HPOS="779" VPOS="833" WIDTH="15"/>
						<String ID="P39_ST00082" HPOS="794" VPOS="790" WIDTH="24" HEIGHT="32" CONTENT="it" WC="0.76" CC="40"/>
						<SP ID="P39_SP00069" HPOS="818" VPOS="833" WIDTH="14"/>
						<String ID="P39_ST00083" HPOS="832" VPOS="790" WIDTH="79" HEIGHT="32" CONTENT="back" WC="0.71" CC="6031"/>
					</TextLine>
					<TextLine ID="P39_TL00014" HPOS="89" VPOS="850" WIDTH="822" HEIGHT="42">
						<String ID="P39_ST00084" HPOS="89" VPOS="858" WIDTH="33" HEIGHT="27" CONTENT="to" WC="1.00" CC="00"/>
						<SP ID="P39_SP00070" HPOS="122" VPOS="885" WIDTH="24"/>
						<String ID="P39_ST00085" HPOS="146" VPOS="853" WIDTH="56" HEIGHT="31" CONTENT="her" WC="0.55" CC="705"/>
						<SP ID="P39_SP00071" HPOS="202" VPOS="885" WIDTH="15"/>
						<String ID="P39_ST00086" HPOS="217" VPOS="853" WIDTH="76" HEIGHT="31" CONTENT="with" WC="0.65" CC="0607"/>
						<SP ID="P39_SP00072" HPOS="293" VPOS="885" WIDTH="28"/>
						<String ID="P39_ST00087" HPOS="321" VPOS="865" WIDTH="17" HEIGHT="19" CONTENT="a" WC="1.00" CC="0"/>
						<SP ID="P39_SP00073" HPOS="338" VPOS="885" WIDTH="27"/>
						<String ID="P39_ST00088" HPOS="365" VPOS="853" WIDTH="105" HEIGHT="31" CONTENT="shock." WC="0.63" CC="374060"/>
						<SP ID="P39_SP00074" HPOS="470" VPOS="885" WIDTH="48"/>
						<String ID="P39_ST00089" HPOS="518" VPOS="852" WIDTH="61" HEIGHT="32" CONTENT="She" WC="0.50" CC="770"/>
						<SP ID="P39_SP00075" HPOS="579" VPOS="885" WIDTH="23"/>
						<String ID="P39_ST00090" HPOS="602" VPOS="852" WIDTH="138" HEIGHT="40" CONTENT="blushed," WC="0.64" CC="70766000"/>
						<SP ID="P39_SP00076" HPOS="740" VPOS="892" WIDTH="18"/>
						<String ID="P39_ST00091" HPOS="758" VPOS="851" WIDTH="60" HEIGHT="32" CONTENT="and" WC="0.76" CC="070"/>
						<SP ID="P39_SP00077" HPOS="818" VPOS="892" WIDTH="22"/>
						<String ID="P39_ST00092" HPOS="840" VPOS="850" WIDTH="71" HEIGHT="33" CONTENT="then" WC="0.58" CC="1707"/>
					</TextLine>
					<TextLine ID="P39_TL00015" HPOS="90" VPOS="912" WIDTH="798" HEIGHT="43">
						<String ID="P39_ST00093" HPOS="90" VPOS="915" WIDTH="112" HEIGHT="31" CONTENT="turned" WC="0.57" CC="667500"/>
						<SP ID="P39_SP00078" HPOS="202" VPOS="946" WIDTH="15"/>
						<String ID="P39_ST00094" HPOS="217" VPOS="914" WIDTH="78" HEIGHT="41" CONTENT="pale," WC="0.95" CC="00002"/>
						<SP ID="P39_SP00079" HPOS="295" VPOS="955" WIDTH="18"/>
						<String ID="P39_ST00095" HPOS="313" VPOS="914" WIDTH="68" HEIGHT="40" CONTENT="and," WC="0.77" CC="0801"/>
						<SP ID="P39_SP00080" HPOS="381" VPOS="955" WIDTH="19"/>
						<String ID="P39_ST00096" HPOS="400" VPOS="914" WIDTH="138" HEIGHT="41" CONTENT="clasping" WC="0.75" CC="00260560"/>
						<SP ID="P39_SP00081" HPOS="538" VPOS="955" WIDTH="15"/>
						<String ID="P39_ST00097" HPOS="553" VPOS="913" WIDTH="55" HEIGHT="32" CONTENT="her" WC="0.51" CC="707"/>
						<SP ID="P39_SP00082" HPOS="608" VPOS="955" WIDTH="16"/>
						<String ID="P39_ST00098" HPOS="624" VPOS="912" WIDTH="100" HEIGHT="32" CONTENT="hands" WC="0.66" CC="70404"/>
						<SP ID="P39_SP00083" HPOS="724" VPOS="955" WIDTH="16"/>
						<String ID="P39_ST00099" HPOS="740" VPOS="912" WIDTH="148" HEIGHT="42" CONTENT="together," WC="0.86" CC="000007050"/>
					</TextLine>
				</TextBlock>
				<TextBlock ID="P39_TB00007" HPOS="92" VPOS="972" WIDTH="817" HEIGHT="104" STYLEREFS="TXT_1 PAR_LEFT">
					<TextLine ID="P39_TL00016" HPOS="137" VPOS="973" WIDTH="772" HEIGHT="42">
						<String ID="P39_ST00100" HPOS="137" VPOS="977" WIDTH="16" HEIGHT="14" CONTENT='"' WC="0.59" CC="4"/>
						<SP ID="P39_SP00084" HPOS="153" VPOS="991" WIDTH="14"/>
						<String ID="P39_ST00101" HPOS="167" VPOS="976" WIDTH="59" HEIGHT="39" CONTENT="Oh," WC="0.73" CC="070"/>
						<SP ID="P39_SP00085" HPOS="226" VPOS="1015" WIDTH="17"/>
						<String ID="P39_ST00102" HPOS="243" VPOS="976" WIDTH="144" HEIGHT="31" CONTENT="Madame" WC="0.93" CC="004000"/>
						<SP ID="P39_SP00086" HPOS="387" VPOS="1015" WIDTH="11"/>
						<String ID="P39_ST00103" HPOS="398" VPOS="976" WIDTH="31" HEIGHT="30" CONTENT="la" WC="0.67" CC="60"/>
						<SP ID="P39_SP00087" HPOS="429" VPOS="1015" WIDTH="10"/>
						<String ID="P39_ST00104" HPOS="439" VPOS="975" WIDTH="190" HEIGHT="40" CONTENT='Comtesse,"' WC="0.76" CC="7000055013"/>
						<SP ID="P39_SP00088" HPOS="629" VPOS="1015" WIDTH="18"/>
						<String ID="P39_ST00105" HPOS="647" VPOS="973" WIDTH="183" HEIGHT="33" CONTENT="stammered" WC="0.87" CC="500000600"/>
						<SP ID="P39_SP00089" HPOS="830" VPOS="1015" WIDTH="17"/>
						<String ID="P39_ST00106" HPOS="847" VPOS="973" WIDTH="62" HEIGHT="40" CONTENT="she," WC="0.66" CC="5701"/>
					</TextLine>
					<TextLine ID="P39_TL00017" HPOS="92" VPOS="1036" WIDTH="500" HEIGHT="40">
						<String ID="P39_ST00107" HPOS="92" VPOS="1038" WIDTH="17" HEIGHT="15" CONTENT='"' WC="0.53" CC="4"/>
						<SP ID="P39_SP00090" HPOS="109" VPOS="1053" WIDTH="13"/>
						<String ID="P39_ST00108" HPOS="122" VPOS="1037" WIDTH="72" HEIGHT="32" CONTENT="take" WC="1.00" CC="0000"/>
						<SP ID="P39_SP00091" HPOS="194" VPOS="1069" WIDTH="16"/>
						<String ID="P39_ST00109" HPOS="210" VPOS="1049" WIDTH="50" HEIGHT="20" CONTENT="me" WC="0.96" CC="00"/>
						<SP ID="P39_SP00092" HPOS="260" VPOS="1069" WIDTH="15"/>
						<String ID="P39_ST00110" HPOS="275" VPOS="1037" WIDTH="64" HEIGHT="31" CONTENT="into" WC="0.63" CC="6700"/>
						<SP ID="P39_SP00093" HPOS="339" VPOS="1069" WIDTH="16"/>
						<String ID="P39_ST00111" HPOS="355" VPOS="1048" WIDTH="77" HEIGHT="28" CONTENT="your" WC="0.70" CC="0055"/>
						<SP ID="P39_SP00094" HPOS="432" VPOS="1076" WIDTH="16"/>
						<String ID="P39_ST00112" HPOS="448" VPOS="1036" WIDTH="144" HEIGHT="32" CONTENT='service."' WC="0.76" CC="600640021"/>
					</TextLine>
				</TextBlock>
				<TextBlock ID="P39_TB00008" HPOS="89" VPOS="1094" WIDTH="821" HEIGHT="166" STYLEREFS="TXT_1 PAR_LEFT">
					<TextLine ID="P39_TL00018" HPOS="133" VPOS="1095" WIDTH="777" HEIGHT="43">
						<String ID="P39_ST00113" HPOS="133" VPOS="1098" WIDTH="144" HEIGHT="32" CONTENT="Madame" WC="1.00" CC="000000"/>
						<SP ID="P39_SP00095" HPOS="277" VPOS="1130" WIDTH="17"/>
						<String ID="P39_ST00114" HPOS="294" VPOS="1098" WIDTH="37" HEIGHT="32" CONTENT="de" WC="1.00" CC="00"/>
						<SP ID="P39_SP00096" HPOS="331" VPOS="1130" WIDTH="17"/>
						<String ID="P39_ST00115" HPOS="348" VPOS="1098" WIDTH="154" HEIGHT="31" CONTENT="Clavreuil" WC="0.66" CC="630060705"/>
						<SP ID="P39_SP00097" HPOS="502" VPOS="1130" WIDTH="23"/>
						<String ID="P39_ST00116" HPOS="525" VPOS="1101" WIDTH="56" HEIGHT="37" CONTENT="put" WC="0.76" CC="070"/>
						<SP ID="P39_SP00098" HPOS="581" VPOS="1138" WIDTH="22"/>
						<String ID="P39_ST00117" HPOS="603" VPOS="1108" WIDTH="89" HEIGHT="30" CONTENT="away" WC="1.00" CC="0000"/>
						<SP ID="P39_SP00099" HPOS="692" VPOS="1138" WIDTH="15"/>
						<String ID="P39_ST00118" HPOS="707" VPOS="1096" WIDTH="55" HEIGHT="31" CONTENT="her" WC="0.55" CC="706"/>
						<SP ID="P39_SP00100" HPOS="762" VPOS="1138" WIDTH="19"/>
						<String ID="P39_ST00119" HPOS="781" VPOS="1095" WIDTH="129" HEIGHT="32" CONTENT="embroi" SUBS_TYPE="HypPart1" SUBS_CONTENT="embroidery" WC="0.84" CC="0003330"/>
						<HYP CONTENT="-"/>
					</TextLine>
					<TextLine ID="P39_TL00019" HPOS="89" VPOS="1156" WIDTH="821" HEIGHT="45">
						<String ID="P39_ST00120" HPOS="89" VPOS="1159" WIDTH="76" HEIGHT="42" CONTENT="dery" SUBS_TYPE="HypPart2" SUBS_CONTENT="embroidery" WC="0.83" CC="0060"/>
						<SP ID="P39_SP00101" HPOS="165" VPOS="1201" WIDTH="14"/>
						<String ID="P39_ST00121" HPOS="179" VPOS="1159" WIDTH="105" HEIGHT="40" CONTENT="frame," WC="0.90" CC="050000"/>
						<SP ID="P39_SP00102" HPOS="284" VPOS="1201" WIDTH="19"/>
						<String ID="P39_ST00122" HPOS="303" VPOS="1159" WIDTH="60" HEIGHT="32" CONTENT="and" WC="0.84" CC="040"/>
						<SP ID="P39_SP00103" HPOS="363" VPOS="1201" WIDTH="15"/>
						<String ID="P39_ST00123" HPOS="378" VPOS="1159" WIDTH="110" HEIGHT="31" CONTENT="turned" WC="0.74" CC="265000"/>
						<SP ID="P39_SP00104" HPOS="488" VPOS="1201" WIDTH="16"/>
						<String ID="P39_ST00124" HPOS="504" VPOS="1158" WIDTH="55" HEIGHT="32" CONTENT="her" WC="0.58" CC="704"/>
						<SP ID="P39_SP00105" HPOS="559" VPOS="1201" WIDTH="16"/>
						<String ID="P39_ST00125" HPOS="575" VPOS="1158" WIDTH="83" HEIGHT="31" CONTENT="chair" WC="0.64" CC="07046"/>
						<SP ID="P39_SP00106" HPOS="658" VPOS="1201" WIDTH="15"/>
						<String ID="P39_ST00126" HPOS="673" VPOS="1157" WIDTH="67" HEIGHT="32" CONTENT="half" WC="0.64" CC="7060"/>
						<SP ID="P39_SP00107" HPOS="740" VPOS="1201" WIDTH="11"/>
						<String ID="P39_ST00127" HPOS="751" VPOS="1156" WIDTH="106" HEIGHT="41" CONTENT="round," WC="0.75" CC="107600"/>
						<SP ID="P39_SP00108" HPOS="857" VPOS="1201" WIDTH="20"/>
						<String ID="P39_ST00128" HPOS="877" VPOS="1168" WIDTH="33" HEIGHT="20" CONTENT="so" WC="0.51" CC="54"/>
					</TextLine>
					<TextLine ID="P39_TL00020" HPOS="89" VPOS="1219" WIDTH="537" HEIGHT="41">
						<String ID="P39_ST00129" HPOS="89" VPOS="1232" WIDTH="34" HEIGHT="21" CONTENT="as" WC="0.90" CC="01"/>
						<SP ID="P39_SP00109" HPOS="123" VPOS="1253" WIDTH="16"/>
						<String ID="P39_ST00130" HPOS="139" VPOS="1220" WIDTH="77" HEIGHT="40" CONTENT="fully" WC="0.73" CC="25130"/>
						<SP ID="P39_SP00110" HPOS="216" VPOS="1260" WIDTH="15"/>
						<String ID="P39_ST00131" HPOS="231" VPOS="1225" WIDTH="31" HEIGHT="27" CONTENT="to" WC="0.88" CC="02"/>
						<SP ID="P39_SP00111" HPOS="262" VPOS="1260" WIDTH="16"/>
						<String ID="P39_ST00132" HPOS="278" VPOS="1220" WIDTH="81" HEIGHT="32" CONTENT="front" WC="0.76" CC="05060"/>
						<SP ID="P39_SP00112" HPOS="359" VPOS="1260" WIDTH="16"/>
						<String ID="P39_ST00133" HPOS="375" VPOS="1220" WIDTH="53" HEIGHT="32" CONTENT="the" WC="0.75" CC="070"/>
						<SP ID="P39_SP00113" HPOS="428" VPOS="1260" WIDTH="17"/>
						<String ID="P39_ST00134" HPOS="445" VPOS="1219" WIDTH="181" HEIGHT="41" CONTENT="supplicant." WC="0.77" CC="46000603400"/>
					</TextLine>
				</TextBlock>
				<TextBlock ID="P39_TB00009" HPOS="88" VPOS="1276" WIDTH="820" HEIGHT="159" STYLEREFS="TXT_1 PAR_LEFT">
					<TextLine ID="P39_TL00021" HPOS="135" VPOS="1277" WIDTH="773" HEIGHT="46">
						<String ID="P39_ST00135" HPOS="135" VPOS="1283" WIDTH="18" HEIGHT="14" CONTENT='"' WC="0.70" CC="2"/>
						<SP ID="P39_SP00114" HPOS="153" VPOS="1297" WIDTH="13"/>
						<String ID="P39_ST00136" HPOS="166" VPOS="1281" WIDTH="84" HEIGHT="32" CONTENT="Take" WC="0.81" CC="0061"/>
						<SP ID="P39_SP00115" HPOS="250" VPOS="1313" WIDTH="31"/>
						<String ID="P39_ST00137" HPOS="281" VPOS="1292" WIDTH="62" HEIGHT="31" CONTENT="you" WC="0.75" CC="007"/>
						<SP ID="P39_SP00116" HPOS="343" VPOS="1323" WIDTH="22"/>
						<String ID="P39_ST00138" HPOS="365" VPOS="1280" WIDTH="62" HEIGHT="32" CONTENT="into" WC="0.62" CC="5702"/>
						<SP ID="P39_SP00117" HPOS="427" VPOS="1323" WIDTH="31"/>
						<String ID="P39_ST00139" HPOS="458" VPOS="1292" WIDTH="53" HEIGHT="29" CONTENT="my" WC="0.52" CC="90"/>
						<SP ID="P39_SP00118" HPOS="511" VPOS="1323" WIDTH="24"/>
						<String ID="P39_ST00140" HPOS="535" VPOS="1279" WIDTH="115" HEIGHT="32" CONTENT="service" WC="0.73" CC="0069100"/>
						<SP ID="P39_SP00119" HPOS="650" VPOS="1323" WIDTH="13"/>
						<String ID="P39_ST00141" HPOS="663" VPOS="1280" WIDTH="13" HEIGHT="30" CONTENT="?" WC="1.00" CC="0"/>
						<SP ID="P39_SP00120" HPOS="676" VPOS="1323" WIDTH="12"/>
						<String ID="P39_ST00142" HPOS="688" VPOS="1279" WIDTH="16" HEIGHT="12" CONTENT='"' WC="0.71" CC="2"/>
						<SP ID="P39_SP00121" HPOS="704" VPOS="1323" WIDTH="40"/>
						<String ID="P39_ST00143" HPOS="744" VPOS="1277" WIDTH="53" HEIGHT="32" CONTENT="she" WC="0.54" CC="670"/>
						<SP ID="P39_SP00122" HPOS="797" VPOS="1323" WIDTH="38"/>
						<String ID="P39_ST00144" HPOS="835" VPOS="1277" WIDTH="73" HEIGHT="41" CONTENT="said," WC="0.74" CC="50402"/>
					</TextLine>
					<TextLine ID="P39_TL00022" HPOS="89" VPOS="1339" WIDTH="819" HEIGHT="45">
						<String ID="P39_ST00145" HPOS="89" VPOS="1342" WIDTH="106" HEIGHT="42" CONTENT="kindly" WC="0.84" CC="004030"/>
						<String ID="P39_ST00146" HPOS="209" VPOS="1355" WIDTH="7" HEIGHT="27" CONTENT=";" WC="0.65" CC="3"/>
						<SP ID="P39_SP00123" HPOS="216" VPOS="1384" WIDTH="37"/>
						<String ID="P39_ST00147" HPOS="253" VPOS="1343" WIDTH="17" HEIGHT="14" CONTENT='"' WC="0.66" CC="3"/>
						<SP ID="P39_SP00124" HPOS="270" VPOS="1384" WIDTH="12"/>
						<String ID="P39_ST00148" HPOS="282" VPOS="1341" WIDTH="65" HEIGHT="40" CONTENT="but," WC="0.65" CC="6700"/>
						<SP ID="P39_SP00125" HPOS="347" VPOS="1384" WIDTH="25"/>
						<String ID="P39_ST00149" HPOS="372" VPOS="1353" WIDTH="54" HEIGHT="30" CONTENT="my" WC="1.00" CC="00"/>
						<SP ID="P39_SP00126" HPOS="426" VPOS="1384" WIDTH="26"/>
						<String ID="P39_ST00150" HPOS="452" VPOS="1352" WIDTH="74" HEIGHT="31" CONTENT="poor" WC="0.76" CC="0027"/>
						<SP ID="P39_SP00127" HPOS="526" VPOS="1384" WIDTH="30"/>
						<String ID="P39_ST00151" HPOS="556" VPOS="1340" WIDTH="68" HEIGHT="42" CONTENT="girl," WC="0.69" CC="05350"/>
						<SP ID="P39_SP00128" HPOS="624" VPOS="1384" WIDTH="25"/>
						<String ID="P39_ST00152" HPOS="649" VPOS="1339" WIDTH="83" HEIGHT="31" CONTENT="what" WC="0.81" CC="0700"/>
						<SP ID="P39_SP00129" HPOS="732" VPOS="1384" WIDTH="30"/>
						<String ID="P39_ST00153" HPOS="762" VPOS="1350" WIDTH="57" HEIGHT="20" CONTENT="can" WC="0.75" CC="007"/>
						<SP ID="P39_SP00130" HPOS="819" VPOS="1384" WIDTH="30"/>
						<String ID="P39_ST00154" HPOS="849" VPOS="1350" WIDTH="59" HEIGHT="30" CONTENT="you" WC="0.76" CC="007"/>
					</TextLine>
					<TextLine ID="P39_TL00023" HPOS="89" VPOS="1404" WIDTH="93" HEIGHT="31">
						<String ID="P39_ST00155" HPOS="89" VPOS="1404" WIDTH="93" HEIGHT="31" CONTENT='do?"' WC="0.87" CC="0103"/>
					</TextLine>
				</TextBlock>
				<TextBlock ID="P39_TB00010" HPOS="88" VPOS="1461" WIDTH="820" HEIGHT="104" STYLEREFS="TXT_1 PAR_LEFT">
					<TextLine ID="P39_TL00024" HPOS="133" VPOS="1462" WIDTH="775" HEIGHT="44">
						<String ID="P39_ST00156" HPOS="133" VPOS="1466" WIDTH="45" HEIGHT="31" CONTENT="At" WC="0.58" CC="80"/>
						<SP ID="P39_SP00131" HPOS="178" VPOS="1497" WIDTH="15"/>
						<String ID="P39_ST00157" HPOS="193" VPOS="1464" WIDTH="61" HEIGHT="32" CONTENT="this" WC="0.56" CC="0755"/>
						<SP ID="P39_SP00132" HPOS="254" VPOS="1497" WIDTH="17"/>
						<String ID="P39_ST00158" HPOS="271" VPOS="1463" WIDTH="139" HEIGHT="43" CONTENT="question" WC="0.69" CC="06060605"/>
						<SP ID="P39_SP00133" HPOS="410" VPOS="1506" WIDTH="16"/>
						<String ID="P39_ST00159" HPOS="426" VPOS="1463" WIDTH="172" HEIGHT="32" CONTENT="Madeleine" WC="0.93" CC="000000050"/>
						<SP ID="P39_SP00134" HPOS="598" VPOS="1506" WIDTH="16"/>
						<String ID="P39_ST00160" HPOS="614" VPOS="1462" WIDTH="124" HEIGHT="32" CONTENT="revived" WC="0.84" CC="5005000"/>
						<SP ID="P39_SP00135" HPOS="738" VPOS="1506" WIDTH="23"/>
						<String ID="P39_ST00161" HPOS="761" VPOS="1473" WIDTH="33" HEIGHT="21" CONTENT="as" WC="0.88" CC="02"/>
						<SP ID="P39_SP00136" HPOS="794" VPOS="1506" WIDTH="16"/>
						<String ID="P39_ST00162" HPOS="810" VPOS="1467" WIDTH="31" HEIGHT="27" CONTENT="at" WC="1.00" CC="00"/>
						<SP ID="P39_SP00137" HPOS="841" VPOS="1506" WIDTH="15"/>
						<String ID="P39_ST00163" HPOS="856" VPOS="1462" WIDTH="52" HEIGHT="32" CONTENT="the" WC="0.74" CC="070"/>
					</TextLine>
					<TextLine ID="P39_TL00025" HPOS="89" VPOS="1524" WIDTH="420" HEIGHT="41">
						<String ID="P39_ST00164" HPOS="89" VPOS="1531" WIDTH="124" HEIGHT="29" CONTENT="contact" WC="0.87" CC="0070010"/>
						<SP ID="P39_SP00138" HPOS="213" VPOS="1560" WIDTH="16"/>
						<String ID="P39_ST00165" HPOS="229" VPOS="1525" WIDTH="34" HEIGHT="33" CONTENT="of" WC="1.00" CC="00"/>
						<SP ID="P39_SP00139" HPOS="263" VPOS="1560" WIDTH="10"/>
						<String ID="P39_ST00166" HPOS="273" VPOS="1537" WIDTH="19" HEIGHT="20" CONTENT="a" WC="1.00" CC="0"/>
						<SP ID="P39_SP00140" HPOS="292" VPOS="1560" WIDTH="14"/>
						<String ID="P39_ST00167" HPOS="306" VPOS="1536" WIDTH="99" HEIGHT="29" CONTENT="vague" WC="0.87" CC="00060"/>
						<SP ID="P39_SP00141" HPOS="405" VPOS="1565" WIDTH="16"/>
						<String ID="P39_ST00168" HPOS="421" VPOS="1524" WIDTH="88" HEIGHT="41" CONTENT="hope." WC="0.58" CC="73900"/>
					</TextLine>
				</TextBlock>
			</PrintSpace>
		</Page>
	</Layout>
</alto>
