<?xml version="1.0" encoding="UTF-8"?>
<alto xmlns:xsi="http://www.w3.org/2001/XMLSchema-instance" xsi:noNamespaceSchemaLocation="http://www.bl.uk/schemas/alto/alto-1-4.xsd" xmlns:xlink="http://www.w3.org/1999/xlink">
	<Description>
		<MeasurementUnit>mm10</MeasurementUnit>
		<sourceImageInformation>
			<fileName>//head1/IN/2007-46/A0010888503.1/009630.jp2</fileName>
		</sourceImageInformation>
		<OCRProcessing ID="OCRPROCESSING_1">
			<preProcessingStep>
				<processingSoftware>
					<softwareCreator>CCS Content Conversion Specialists GmbH, Germany</softwareCreator>
					<softwareName>CCS docWORKS</softwareName>
					<softwareVersion>6.1-0.61</softwareVersion>
				</processingSoftware>
			</preProcessingStep>
			<ocrProcessingStep>
				<processingSoftware>
					<softwareCreator>ABBYY (BIT Software), Russia</softwareCreator>
					<softwareName>Finereader</softwareName>
				</processingSoftware>
			</ocrProcessingStep>
		</OCRProcessing>
	</Description>
	<Styles>
		<TextStyle ID="TXT_0" FONTSIZE="11" FONTFAMILY="Courier New"/>
		<TextStyle ID="TXT_1" FONTSIZE="10" FONTFAMILY="Courier New"/>
		<ParagraphStyle ID="PAR_LEFT" ALIGN="Left"/>
		<ParagraphStyle ID="PAR_RIGHT" ALIGN="Right"/>
	</Styles>
	<Layout>
		<Page ID="P94" PHYSICAL_IMG_NR="94" HEIGHT="1740" WIDTH="1090" PRINTED_IMG_NR="82" POSITION="Left" ACCURACY="70.08">
			<TopMargin ID="P94_TM00001" HPOS="0" VPOS="0" WIDTH="1089" HEIGHT="115">
				<TextBlock ID="P94_TB00001" HPOS="180" VPOS="89" WIDTH="33" HEIGHT="25" STYLEREFS="TXT_0 PAR_LEFT">
					<TextLine ID="P94_TL00001" HPOS="180" VPOS="89" WIDTH="33" HEIGHT="25">
						<String ID="P94_ST00001" HPOS="180" VPOS="89" WIDTH="33" HEIGHT="25" CONTENT="82" WC="1.00" CC="00"/>
					</TextLine>
				</TextBlock>
				<TextBlock ID="P94_TB00002" HPOS="411" VPOS="90" WIDTH="352" HEIGHT="25" STYLEREFS="TXT_1 PAR_RIGHT">
					<TextLine ID="P94_TL00002" HPOS="412" VPOS="91" WIDTH="351" HEIGHT="24">
						<String ID="P94_ST00002" HPOS="412" VPOS="95" WIDTH="82" HEIGHT="20" CONTENT="LOVE" WC="0.72" CC="4203"/>
						<SP ID="P94_SP00001" HPOS="494" VPOS="115" WIDTH="23"/>
						<String ID="P94_ST00003" HPOS="517" VPOS="94" WIDTH="64" HEIGHT="21" CONTENT="THE" WC="0.78" CC="060"/>
						<SP ID="P94_SP00002" HPOS="581" VPOS="115" WIDTH="23"/>
						<String ID="P94_ST00004" HPOS="604" VPOS="91" WIDTH="159" HEIGHT="23" CONTENT="AVENGER." WC="0.61" CC="90305083"/>
					</TextLine>
				</TextBlock>
			</TopMargin>
			<LeftMargin ID="P94_LM00001" HPOS="0" VPOS="115" WIDTH="174" HEIGHT="1450"/>
			<RightMargin ID="P94_RM00001" HPOS="1004" VPOS="115" WIDTH="85" HEIGHT="1450"/>
			<BottomMargin ID="P94_BM00001" HPOS="0" VPOS="1565" WIDTH="1089" HEIGHT="174"/>
			<PrintSpace ID="P94_PS00001" HPOS="174" VPOS="115" WIDTH="830" HEIGHT="1450">
				<TextBlock ID="P94_TB00003" HPOS="176" VPOS="164" WIDTH="828" HEIGHT="470" STYLEREFS="TXT_1 PAR_LEFT">
					<TextLine ID="P94_TL00003" HPOS="177" VPOS="164" WIDTH="827" HEIGHT="51">
						<String ID="P94_ST00005" HPOS="177" VPOS="173" WIDTH="112" HEIGHT="42" CONTENT="fixedly" WC="0.80" CC="3350000"/>
						<SP ID="P94_SP00003" HPOS="289" VPOS="215" WIDTH="16"/>
						<String ID="P94_ST00006" HPOS="305" VPOS="173" WIDTH="31" HEIGHT="32" CONTENT="in" WC="0.34" CC="57"/>
						<SP ID="P94_SP00004" HPOS="336" VPOS="215" WIDTH="14"/>
						<String ID="P94_ST00007" HPOS="350" VPOS="172" WIDTH="52" HEIGHT="33" CONTENT="the" WC="0.75" CC="070"/>
						<SP ID="P94_SP00005" HPOS="402" VPOS="215" WIDTH="16"/>
						<String ID="P94_ST00008" HPOS="418" VPOS="172" WIDTH="74" HEIGHT="33" CONTENT="face." WC="0.98" CC="00000"/>
						<SP ID="P94_SP00006" HPOS="492" VPOS="215" WIDTH="49"/>
						<String ID="P94_ST00009" HPOS="541" VPOS="173" WIDTH="17" HEIGHT="14" CONTENT='"' WC="0.55" CC="4"/>
						<SP ID="P94_SP00007" HPOS="558" VPOS="215" WIDTH="13"/>
						<String ID="P94_ST00010" HPOS="571" VPOS="171" WIDTH="16" HEIGHT="32" CONTENT="I" WC="1.00" CC="0"/>
						<SP ID="P94_SP00008" HPOS="587" VPOS="215" WIDTH="15"/>
						<String ID="P94_ST00011" HPOS="602" VPOS="171" WIDTH="92" HEIGHT="31" CONTENT="know" WC="0.80" CC="2500"/>
						<SP ID="P94_SP00009" HPOS="694" VPOS="215" WIDTH="12"/>
						<String ID="P94_ST00012" HPOS="706" VPOS="168" WIDTH="39" HEIGHT="33" CONTENT="all" WC="0.74" CC="052"/>
						<SP ID="P94_SP00010" HPOS="745" VPOS="215" WIDTH="16"/>
						<String ID="P94_ST00013" HPOS="761" VPOS="179" WIDTH="61" HEIGHT="31" CONTENT="you" WC="0.41" CC="907"/>
						<SP ID="P94_SP00011" HPOS="822" VPOS="215" WIDTH="17"/>
						<String ID="P94_ST00014" HPOS="839" VPOS="177" WIDTH="52" HEIGHT="21" CONTENT="are" WC="0.85" CC="040"/>
						<SP ID="P94_SP00012" HPOS="891" VPOS="215" WIDTH="16"/>
						<String ID="P94_ST00015" HPOS="907" VPOS="164" WIDTH="97" HEIGHT="43" CONTENT="going" WC="0.58" CC="00379"/>
					</TextLine>
					<TextLine ID="P94_TL00004" HPOS="177" VPOS="229" WIDTH="826" HEIGHT="48">
						<String ID="P94_ST00016" HPOS="177" VPOS="239" WIDTH="31" HEIGHT="27" CONTENT="to" WC="0.75" CC="04"/>
						<SP ID="P94_SP00013" HPOS="208" VPOS="266" WIDTH="23"/>
						<String ID="P94_ST00017" HPOS="231" VPOS="246" WIDTH="63" HEIGHT="31" CONTENT="say," WC="0.63" CC="4090"/>
						<SP ID="P94_SP00014" HPOS="294" VPOS="277" WIDTH="18"/>
						<String ID="P94_ST00018" HPOS="312" VPOS="234" WIDTH="58" HEIGHT="33" CONTENT="and" WC="0.81" CC="050"/>
						<SP ID="P94_SP00015" HPOS="370" VPOS="277" WIDTH="21"/>
						<String ID="P94_ST00019" HPOS="391" VPOS="234" WIDTH="15" HEIGHT="32" CONTENT="I" WC="1.00" CC="0"/>
						<SP ID="P94_SP00016" HPOS="406" VPOS="277" WIDTH="20"/>
						<String ID="P94_ST00020" HPOS="426" VPOS="234" WIDTH="92" HEIGHT="31" CONTENT="know" WC="0.83" CC="0600"/>
						<SP ID="P94_SP00017" HPOS="518" VPOS="277" WIDTH="20"/>
						<String ID="P94_ST00021" HPOS="538" VPOS="233" WIDTH="41" HEIGHT="32" CONTENT="all" WC="0.70" CC="062"/>
						<SP ID="P94_SP00018" HPOS="579" VPOS="277" WIDTH="23"/>
						<String ID="P94_ST00022" HPOS="602" VPOS="244" WIDTH="62" HEIGHT="30" CONTENT="you" WC="0.43" CC="907"/>
						<SP ID="P94_SP00019" HPOS="664" VPOS="277" WIDTH="23"/>
						<String ID="P94_ST00023" HPOS="687" VPOS="230" WIDTH="80" HEIGHT="32" CONTENT="have" WC="0.65" CC="7060"/>
						<SP ID="P94_SP00020" HPOS="767" VPOS="277" WIDTH="21"/>
						<String ID="P94_ST00024" HPOS="788" VPOS="229" WIDTH="78" HEIGHT="32" CONTENT="been" WC="0.75" CC="7002"/>
						<SP ID="P94_SP00021" HPOS="866" VPOS="277" WIDTH="28"/>
						<String ID="P94_ST00025" HPOS="894" VPOS="232" WIDTH="32" HEIGHT="27" CONTENT="to" WC="0.73" CC="50"/>
						<SP ID="P94_SP00022" HPOS="926" VPOS="277" WIDTH="26"/>
						<String ID="P94_ST00026" HPOS="952" VPOS="238" WIDTH="51" HEIGHT="20" CONTENT="me" WC="1.00" CC="00"/>
					</TextLine>
					<TextLine ID="P94_TL00005" HPOS="178" VPOS="290" WIDTH="826" HEIGHT="48">
						<String ID="P94_ST00027" HPOS="178" VPOS="295" WIDTH="114" HEIGHT="43" CONTENT="always" WC="0.47" CC="049096"/>
						<String ID="P94_ST00028" HPOS="304" VPOS="309" WIDTH="7" HEIGHT="27" CONTENT=";" WC="0.33" CC="6"/>
						<SP ID="P94_SP00023" HPOS="311" VPOS="338" WIDTH="24"/>
						<String ID="P94_ST00029" HPOS="335" VPOS="307" WIDTH="45" HEIGHT="21" CONTENT="Ave" WC="0.34" CC="990"/>
						<SP ID="P94_SP00024" HPOS="380" VPOS="338" WIDTH="24"/>
						<String ID="P94_ST00030" HPOS="404" VPOS="295" WIDTH="80" HEIGHT="32" CONTENT="have" WC="0.81" CC="7000"/>
						<SP ID="P94_SP00025" HPOS="484" VPOS="338" WIDTH="20"/>
						<String ID="P94_ST00031" HPOS="504" VPOS="294" WIDTH="75" HEIGHT="33" CONTENT="both" WC="0.48" CC="6067"/>
						<SP ID="P94_SP00026" HPOS="579" VPOS="338" WIDTH="23"/>
						<String ID="P94_ST00032" HPOS="602" VPOS="294" WIDTH="34" HEIGHT="32" CONTENT="of" WC="1.00" CC="00"/>
						<SP ID="P94_SP00027" HPOS="636" VPOS="338" WIDTH="19"/>
						<String ID="P94_ST00033" HPOS="655" VPOS="305" WIDTH="36" HEIGHT="20" CONTENT="us" WC="0.44" CC="73"/>
						<SP ID="P94_SP00028" HPOS="691" VPOS="338" WIDTH="18"/>
						<String ID="P94_ST00034" HPOS="709" VPOS="293" WIDTH="78" HEIGHT="32" CONTENT="done" WC="0.82" CC="0060"/>
						<SP ID="P94_SP00029" HPOS="787" VPOS="338" WIDTH="24"/>
						<String ID="P94_ST00035" HPOS="811" VPOS="301" WIDTH="55" HEIGHT="22" CONTENT="our" WC="0.73" CC="061"/>
						<SP ID="P94_SP00030" HPOS="866" VPOS="338" WIDTH="16"/>
						<String ID="P94_ST00036" HPOS="882" VPOS="290" WIDTH="76" HEIGHT="41" CONTENT="duty" WC="0.58" CC="0609"/>
						<String ID="P94_ST00037" HPOS="960" VPOS="308" WIDTH="44" HEIGHT="4" CONTENT="—" WC="0.20" CC="8"/>
					</TextLine>
					<TextLine ID="P94_TL00006" HPOS="178" VPOS="353" WIDTH="826" HEIGHT="46">
						<String ID="P94_ST00038" HPOS="178" VPOS="369" WIDTH="60" HEIGHT="30" CONTENT="you" WC="0.23" CC="957"/>
						<SP ID="P94_SP00031" HPOS="238" VPOS="399" WIDTH="27"/>
						<String ID="P94_ST00039" HPOS="265" VPOS="357" WIDTH="78" HEIGHT="32" CONTENT="have" WC="0.57" CC="7072"/>
						<SP ID="P94_SP00032" HPOS="343" VPOS="399" WIDTH="23"/>
						<String ID="P94_ST00040" HPOS="366" VPOS="368" WIDTH="94" HEIGHT="21" CONTENT="never" WC="0.78" CC="50005"/>
						<SP ID="P94_SP00033" HPOS="460" VPOS="399" WIDTH="26"/>
						<String ID="P94_ST00041" HPOS="486" VPOS="356" WIDTH="172" HEIGHT="40" CONTENT="interfered," WC="0.79" CC="57003002003"/>
						<SP ID="P94_SP00034" HPOS="658" VPOS="399" WIDTH="24"/>
						<String ID="P94_ST00042" HPOS="682" VPOS="355" WIDTH="61" HEIGHT="32" CONTENT="and" WC="0.78" CC="060"/>
						<SP ID="P94_SP00035" HPOS="743" VPOS="399" WIDTH="24"/>
						<String ID="P94_ST00043" HPOS="767" VPOS="354" WIDTH="15" HEIGHT="31" CONTENT="I" WC="0.84" CC="1"/>
						<SP ID="P94_SP00036" HPOS="782" VPOS="399" WIDTH="21"/>
						<String ID="P94_ST00044" HPOS="803" VPOS="353" WIDTH="80" HEIGHT="31" CONTENT="have" WC="0.79" CC="7000"/>
						<SP ID="P94_SP00037" HPOS="883" VPOS="399" WIDTH="24"/>
						<String ID="P94_ST00045" HPOS="907" VPOS="362" WIDTH="97" HEIGHT="21" CONTENT="never" WC="0.91" CC="13000"/>
					</TextLine>
					<TextLine ID="P94_TL00007" HPOS="177" VPOS="413" WIDTH="825" HEIGHT="47">
						<String ID="P94_ST00046" HPOS="177" VPOS="419" WIDTH="134" HEIGHT="31" CONTENT="rebelled" WC="0.73" CC="60600350"/>
						<String ID="P94_ST00047" HPOS="324" VPOS="433" WIDTH="6" HEIGHT="27" CONTENT=";" WC="0.32" CC="6"/>
						<SP ID="P94_SP00038" HPOS="330" VPOS="460" WIDTH="24"/>
						<String ID="P94_ST00048" HPOS="354" VPOS="419" WIDTH="56" HEIGHT="31" CONTENT="but" WC="0.55" CC="750"/>
						<SP ID="P94_SP00039" HPOS="410" VPOS="460" WIDTH="26"/>
						<String ID="P94_ST00049" HPOS="436" VPOS="430" WIDTH="69" HEIGHT="20" CONTENT="now" WC="0.70" CC="530"/>
						<SP ID="P94_SP00040" HPOS="505" VPOS="460" WIDTH="30"/>
						<String ID="P94_ST00050" HPOS="535" VPOS="430" WIDTH="18" HEIGHT="20" CONTENT="a" WC="1.00" CC="0"/>
						<SP ID="P94_SP00041" HPOS="553" VPOS="460" WIDTH="26"/>
						<String ID="P94_ST00051" HPOS="579" VPOS="421" WIDTH="137" HEIGHT="28" CONTENT="moment" WC="0.86" CC="000160"/>
						<SP ID="P94_SP00042" HPOS="716" VPOS="460" WIDTH="26"/>
						<String ID="P94_ST00052" HPOS="742" VPOS="417" WIDTH="25" HEIGHT="31" CONTENT="is" WC="0.59" CC="17"/>
						<SP ID="P94_SP00043" HPOS="767" VPOS="460" WIDTH="26"/>
						<String ID="P94_ST00053" HPOS="793" VPOS="427" WIDTH="86" HEIGHT="20" CONTENT="come" WC="1.00" CC="0000"/>
						<SP ID="P94_SP00044" HPOS="879" VPOS="460" WIDTH="31"/>
						<String ID="P94_ST00054" HPOS="910" VPOS="413" WIDTH="92" HEIGHT="32" CONTENT="wdien" WC="0.71" CC="00705"/>
					</TextLine>
					<TextLine ID="P94_TL00008" HPOS="177" VPOS="475" WIDTH="826" HEIGHT="47">
						<String ID="P94_ST00055" HPOS="177" VPOS="492" WIDTH="60" HEIGHT="30" CONTENT="you" WC="0.44" CC="906"/>
						<SP ID="P94_SP00045" HPOS="237" VPOS="522" WIDTH="35"/>
						<String ID="P94_ST00056" HPOS="272" VPOS="485" WIDTH="83" HEIGHT="27" CONTENT="must" WC="0.35" CC="9564"/>
						<SP ID="P94_SP00046" HPOS="355" VPOS="522" WIDTH="32"/>
						<String ID="P94_ST00057" HPOS="387" VPOS="479" WIDTH="173" HEIGHT="33" CONTENT='interfere."' WC="0.74" CC="64005207002"/>
						<SP ID="P94_SP00047" HPOS="560" VPOS="522" WIDTH="59"/>
						<String ID="P94_ST00058" HPOS="619" VPOS="478" WIDTH="143" HEIGHT="32" CONTENT="Madame" WC="1.00" CC="000000"/>
						<SP ID="P94_SP00048" HPOS="762" VPOS="522" WIDTH="33"/>
						<String ID="P94_ST00059" HPOS="795" VPOS="475" WIDTH="208" HEIGHT="34" CONTENT="Beaudouin's" WC="0.65" CC="60070066704"/>
					</TextLine>
					<TextLine ID="P94_TL00009" HPOS="177" VPOS="537" WIDTH="825" HEIGHT="47">
						<String ID="P94_ST00060" HPOS="177" VPOS="543" WIDTH="44" HEIGHT="31" CONTENT="air" WC="0.61" CC="056"/>
						<SP ID="P94_SP00049" HPOS="221" VPOS="574" WIDTH="27"/>
						<String ID="P94_ST00061" HPOS="248" VPOS="554" WIDTH="61" HEIGHT="20" CONTENT="Avas" WC="0.83" CC="0006"/>
						<SP ID="P94_SP00050" HPOS="309" VPOS="574" WIDTH="27"/>
						<String ID="P94_ST00062" HPOS="336" VPOS="554" WIDTH="18" HEIGHT="20" CONTENT="a" WC="1.00" CC="0"/>
						<SP ID="P94_SP00051" HPOS="354" VPOS="574" WIDTH="26"/>
						<String ID="P94_ST00063" HPOS="380" VPOS="554" WIDTH="74" HEIGHT="30" CONTENT="very" WC="0.86" CC="0050"/>
						<SP ID="P94_SP00052" HPOS="454" VPOS="584" WIDTH="24"/>
						<String ID="P94_ST00064" HPOS="478" VPOS="553" WIDTH="93" HEIGHT="30" CONTENT="grave" WC="0.74" CC="03090"/>
						<SP ID="P94_SP00053" HPOS="571" VPOS="584" WIDTH="25"/>
						<String ID="P94_ST00065" HPOS="596" VPOS="552" WIDTH="65" HEIGHT="29" CONTENT="one," WC="0.83" CC="0600"/>
						<SP ID="P94_SP00054" HPOS="661" VPOS="584" WIDTH="28"/>
						<String ID="P94_ST00066" HPOS="689" VPOS="540" WIDTH="56" HEIGHT="31" CONTENT="but" WC="0.54" CC="760"/>
						<SP ID="P94_SP00055" HPOS="745" VPOS="584" WIDTH="20"/>
						<String ID="P94_ST00067" HPOS="765" VPOS="538" WIDTH="54" HEIGHT="33" CONTENT="she" WC="0.55" CC="570"/>
						<SP ID="P94_SP00056" HPOS="819" VPOS="584" WIDTH="25"/>
						<String ID="P94_ST00068" HPOS="844" VPOS="537" WIDTH="158" HEIGHT="34" CONTENT="remained" WC="0.80" CC="60006200"/>
					</TextLine>
					<TextLine ID="P94_TL00010" HPOS="177" VPOS="604" WIDTH="97" HEIGHT="30">
						<String ID="P94_ST00069" HPOS="177" VPOS="604" WIDTH="97" HEIGHT="30" CONTENT="silent." WC="0.80" CC="7120110"/>
					</TextLine>
				</TextBlock>
				<TextBlock ID="P94_TB00004" HPOS="174" VPOS="661" WIDTH="826" HEIGHT="531" STYLEREFS="TXT_1 PAR_LEFT">
					<TextLine ID="P94_TL00011" HPOS="222" VPOS="661" WIDTH="778" HEIGHT="43">
						<String ID="P94_ST00070" HPOS="222" VPOS="665" WIDTH="100" HEIGHT="38" CONTENT='"Yes,' WC="0.77" CC="40070"/>
						<SP ID="P94_SP00057" HPOS="322" VPOS="703" WIDTH="24"/>
						<String ID="P94_ST00071" HPOS="346" VPOS="665" WIDTH="102" HEIGHT="39" CONTENT='aunt,"' WC="0.60" CC="076234"/>
						<SP ID="P94_SP00058" HPOS="448" VPOS="704" WIDTH="23"/>
						<String ID="P94_ST00072" HPOS="471" VPOS="664" WIDTH="98" HEIGHT="31" CONTENT="added" WC="0.92" CC="00040"/>
						<SP ID="P94_SP00059" HPOS="569" VPOS="704" WIDTH="20"/>
						<String ID="P94_ST00073" HPOS="589" VPOS="663" WIDTH="119" HEIGHT="41" CONTENT="Claire;" WC="0.70" CC="6004404"/>
						<SP ID="P94_SP00060" HPOS="708" VPOS="704" WIDTH="27"/>
						<String ID="P94_ST00074" HPOS="735" VPOS="663" WIDTH="47" HEIGHT="30" CONTENT='"I' WC="0.68" CC="51"/>
						<SP ID="P94_SP00061" HPOS="782" VPOS="704" WIDTH="24"/>
						<String ID="P94_ST00075" HPOS="806" VPOS="661" WIDTH="80" HEIGHT="32" CONTENT="have" WC="0.64" CC="7006"/>
						<SP ID="P94_SP00062" HPOS="886" VPOS="704" WIDTH="25"/>
						<String ID="P94_ST00076" HPOS="911" VPOS="672" WIDTH="89" HEIGHT="21" CONTENT="come" WC="0.83" CC="0006"/>
					</TextLine>
					<TextLine ID="P94_TL00012" HPOS="176" VPOS="725" WIDTH="824" HEIGHT="41">
						<String ID="P94_ST00077" HPOS="176" VPOS="730" WIDTH="31" HEIGHT="26" CONTENT="to" WC="0.58" CC="71"/>
						<SP ID="P94_SP00063" HPOS="207" VPOS="756" WIDTH="24"/>
						<String ID="P94_ST00078" HPOS="231" VPOS="737" WIDTH="68" HEIGHT="29" CONTENT="you," WC="0.78" CC="0052"/>
						<SP ID="P94_SP00064" HPOS="299" VPOS="766" WIDTH="27"/>
						<String ID="P94_ST00079" HPOS="326" VPOS="726" WIDTH="30" HEIGHT="30" CONTENT="in" WC="0.43" CC="64"/>
						<SP ID="P94_SP00065" HPOS="356" VPOS="766" WIDTH="26"/>
						<String ID="P94_ST00080" HPOS="382" VPOS="725" WIDTH="88" HEIGHT="31" CONTENT="order" WC="0.71" CC="06007"/>
						<SP ID="P94_SP00066" HPOS="470" VPOS="766" WIDTH="25"/>
						<String ID="P94_ST00081" HPOS="495" VPOS="725" WIDTH="67" HEIGHT="31" CONTENT="that" WC="0.75" CC="2700"/>
						<SP ID="P94_SP00067" HPOS="562" VPOS="766" WIDTH="21"/>
						<String ID="P94_ST00082" HPOS="583" VPOS="736" WIDTH="59" HEIGHT="30" CONTENT="you" WC="0.40" CC="916"/>
						<SP ID="P94_SP00068" HPOS="642" VPOS="766" WIDTH="25"/>
						<String ID="P94_ST00083" HPOS="667" VPOS="736" WIDTH="72" HEIGHT="29" CONTENT="may" WC="1.00" CC="000"/>
						<SP ID="P94_SP00069" HPOS="739" VPOS="766" WIDTH="20"/>
						<String ID="P94_ST00084" HPOS="759" VPOS="728" WIDTH="107" HEIGHT="37" CONTENT="repeat" WC="0.76" CC="700006"/>
						<SP ID="P94_SP00070" HPOS="866" VPOS="766" WIDTH="23"/>
						<String ID="P94_ST00085" HPOS="889" VPOS="727" WIDTH="32" HEIGHT="27" CONTENT="to" WC="0.60" CC="52"/>
						<SP ID="P94_SP00071" HPOS="921" VPOS="766" WIDTH="26"/>
						<String ID="P94_ST00086" HPOS="947" VPOS="733" WIDTH="53" HEIGHT="31" CONTENT="my" WC="0.50" CC="09"/>
					</TextLine>
					<TextLine ID="P94_TL00013" HPOS="176" VPOS="784" WIDTH="824" HEIGHT="43">
						<String ID="P94_ST00087" HPOS="176" VPOS="786" WIDTH="99" HEIGHT="31" CONTENT="father" WC="0.61" CC="061706"/>
						<SP ID="P94_SP00072" HPOS="275" VPOS="817" WIDTH="14"/>
						<String ID="P94_ST00088" HPOS="289" VPOS="786" WIDTH="83" HEIGHT="31" CONTENT="what" WC="0.69" CC="0704"/>
						<SP ID="P94_SP00073" HPOS="372" VPOS="817" WIDTH="26"/>
						<String ID="P94_ST00089" HPOS="398" VPOS="786" WIDTH="15" HEIGHT="31" CONTENT="I" WC="0.65" CC="3"/>
						<SP ID="P94_SP00074" HPOS="413" VPOS="817" WIDTH="17"/>
						<String ID="P94_ST00090" HPOS="430" VPOS="798" WIDTH="50" HEIGHT="19" CONTENT="am" WC="1.00" CC="00"/>
						<SP ID="P94_SP00075" HPOS="480" VPOS="817" WIDTH="22"/>
						<String ID="P94_ST00091" HPOS="502" VPOS="786" WIDTH="93" HEIGHT="41" CONTENT="going" WC="0.68" CC="02670"/>
						<SP ID="P94_SP00076" HPOS="595" VPOS="827" WIDTH="23"/>
						<String ID="P94_ST00092" HPOS="618" VPOS="791" WIDTH="33" HEIGHT="26" CONTENT="to" WC="0.75" CC="50"/>
						<SP ID="P94_SP00077" HPOS="651" VPOS="827" WIDTH="24"/>
						<String ID="P94_ST00093" HPOS="675" VPOS="798" WIDTH="54" HEIGHT="29" CONTENT="say" WC="0.41" CC="790"/>
						<SP ID="P94_SP00078" HPOS="729" VPOS="827" WIDTH="16"/>
						<String ID="P94_ST00094" HPOS="745" VPOS="790" WIDTH="32" HEIGHT="27" CONTENT="to" WC="0.61" CC="70"/>
						<SP ID="P94_SP00079" HPOS="777" VPOS="827" WIDTH="23"/>
						<String ID="P94_ST00095" HPOS="800" VPOS="797" WIDTH="69" HEIGHT="29" CONTENT="you." WC="0.86" CC="0050"/>
						<SP ID="P94_SP00080" HPOS="869" VPOS="827" WIDTH="48"/>
						<String ID="P94_ST00096" HPOS="917" VPOS="784" WIDTH="15" HEIGHT="31" CONTENT="I" WC="1.00" CC="0"/>
						<SP ID="P94_SP00081" HPOS="932" VPOS="827" WIDTH="17"/>
						<String ID="P94_ST00097" HPOS="949" VPOS="795" WIDTH="51" HEIGHT="20" CONTENT="am" WC="1.00" CC="00"/>
					</TextLine>
					<TextLine ID="P94_TL00014" HPOS="176" VPOS="846" WIDTH="823" HEIGHT="42">
						<String ID="P94_ST00098" HPOS="176" VPOS="852" WIDTH="53" HEIGHT="27" CONTENT="not" WC="0.41" CC="547"/>
						<SP ID="P94_SP00082" HPOS="229" VPOS="879" WIDTH="24"/>
						<String ID="P94_ST00099" HPOS="253" VPOS="847" WIDTH="109" HEIGHT="41" CONTENT="asking" WC="0.69" CC="040670"/>
						<SP ID="P94_SP00083" HPOS="362" VPOS="888" WIDTH="24"/>
						<String ID="P94_ST00100" HPOS="386" VPOS="847" WIDTH="187" HEIGHT="32" CONTENT="connivance" WC="0.60" CC="0367193700"/>
						<SP ID="P94_SP00084" HPOS="573" VPOS="888" WIDTH="27"/>
						<String ID="P94_ST00101" HPOS="600" VPOS="847" WIDTH="77" HEIGHT="31" CONTENT="from" WC="0.67" CC="0039"/>
						<SP ID="P94_SP00085" HPOS="677" VPOS="888" WIDTH="25"/>
						<String ID="P94_ST00102" HPOS="702" VPOS="858" WIDTH="70" HEIGHT="30" CONTENT="you," WC="0.81" CC="0070"/>
						<SP ID="P94_SP00086" HPOS="772" VPOS="888" WIDTH="28"/>
						<String ID="P94_ST00103" HPOS="800" VPOS="850" WIDTH="83" HEIGHT="36" CONTENT="aunt," WC="0.75" CC="06500"/>
						<SP ID="P94_SP00087" HPOS="883" VPOS="888" WIDTH="25"/>
						<String ID="P94_ST00104" HPOS="908" VPOS="846" WIDTH="16" HEIGHT="31" CONTENT="I" WC="0.87" CC="1"/>
						<SP ID="P94_SP00088" HPOS="924" VPOS="888" WIDTH="25"/>
						<String ID="P94_ST00105" HPOS="949" VPOS="857" WIDTH="50" HEIGHT="20" CONTENT="am" WC="1.00" CC="00"/>
					</TextLine>
					<TextLine ID="P94_TL00015" HPOS="176" VPOS="908" WIDTH="823" HEIGHT="42">
						<String ID="P94_ST00106" HPOS="176" VPOS="908" WIDTH="108" HEIGHT="42" CONTENT="asking" WC="0.64" CC="960050"/>
						<SP ID="P94_SP00089" HPOS="284" VPOS="950" WIDTH="25"/>
						<String ID="P94_ST00107" HPOS="309" VPOS="908" WIDTH="71" HEIGHT="42" CONTENT="help" WC="0.81" CC="7000"/>
						<String ID="P94_ST00108" HPOS="392" VPOS="922" WIDTH="6" HEIGHT="27" CONTENT=";" WC="0.83" CC="1"/>
						<SP ID="P94_SP00090" HPOS="398" VPOS="950" WIDTH="33"/>
						<String ID="P94_ST00109" HPOS="431" VPOS="908" WIDTH="55" HEIGHT="32" CONTENT="but" WC="0.41" CC="763"/>
						<SP ID="P94_SP00091" HPOS="486" VPOS="950" WIDTH="27"/>
						<String ID="P94_ST00110" HPOS="513" VPOS="908" WIDTH="71" HEIGHT="42" CONTENT="help" WC="0.65" CC="7060"/>
						<SP ID="P94_SP00092" HPOS="584" VPOS="950" WIDTH="33"/>
						<String ID="P94_ST00111" HPOS="617" VPOS="908" WIDTH="110" HEIGHT="42" CONTENT="openly" WC="0.79" CC="200720"/>
						<SP ID="P94_SP00093" HPOS="727" VPOS="950" WIDTH="24"/>
						<String ID="P94_ST00112" HPOS="751" VPOS="908" WIDTH="100" HEIGHT="41" CONTENT="given." WC="0.67" CC="066060"/>
						<SP ID="P94_SP00094" HPOS="851" VPOS="950" WIDTH="48"/>
						<String ID="P94_ST00113" HPOS="899" VPOS="908" WIDTH="16" HEIGHT="30" CONTENT="I" WC="1.00" CC="0"/>
						<SP ID="P94_SP00095" HPOS="915" VPOS="950" WIDTH="32"/>
						<String ID="P94_ST00114" HPOS="947" VPOS="918" WIDTH="52" HEIGHT="20" CONTENT="see" WC="0.78" CC="600"/>
					</TextLine>
					<TextLine ID="P94_TL00016" HPOS="176" VPOS="969" WIDTH="824" HEIGHT="43">
						<String ID="P94_ST00115" HPOS="176" VPOS="969" WIDTH="83" HEIGHT="32" CONTENT="what" WC="0.70" CC="0704"/>
						<SP ID="P94_SP00096" HPOS="259" VPOS="1001" WIDTH="15"/>
						<String ID="P94_ST00116" HPOS="274" VPOS="981" WIDTH="60" HEIGHT="30" CONTENT="you" WC="0.78" CC="006"/>
						<SP ID="P94_SP00097" HPOS="334" VPOS="1011" WIDTH="24"/>
						<String ID="P94_ST00117" HPOS="358" VPOS="969" WIDTH="100" HEIGHT="33" CONTENT="would" WC="0.55" CC="90750"/>
						<SP ID="P94_SP00098" HPOS="458" VPOS="1011" WIDTH="24"/>
						<String ID="P94_ST00118" HPOS="482" VPOS="969" WIDTH="99" HEIGHT="42" CONTENT="object" WC="0.91" CC="002001"/>
						<String ID="P94_ST00119" HPOS="592" VPOS="983" WIDTH="7" HEIGHT="27" CONTENT=";" WC="0.31" CC="6"/>
						<SP ID="P94_SP00099" HPOS="599" VPOS="1011" WIDTH="24"/>
						<String ID="P94_ST00120" HPOS="623" VPOS="981" WIDTH="60" HEIGHT="31" CONTENT="you" WC="0.82" CC="005"/>
						<SP ID="P94_SP00100" HPOS="683" VPOS="1012" WIDTH="17"/>
						<String ID="P94_ST00121" HPOS="700" VPOS="969" WIDTH="88" HEIGHT="32" CONTENT="think" WC="0.37" CC="47575"/>
						<SP ID="P94_SP00101" HPOS="788" VPOS="1012" WIDTH="23"/>
						<String ID="P94_ST00122" HPOS="811" VPOS="980" WIDTH="53" HEIGHT="31" CONTENT="my" WC="1.00" CC="00"/>
						<SP ID="P94_SP00102" HPOS="864" VPOS="1012" WIDTH="15"/>
						<String ID="P94_ST00123" HPOS="879" VPOS="969" WIDTH="121" HEIGHT="32" CONTENT="mother" WC="0.66" CC="005706"/>
					</TextLine>
					<TextLine ID="P94_TL00017" HPOS="176" VPOS="1030" WIDTH="821" HEIGHT="43">
						<String ID="P94_ST00124" HPOS="176" VPOS="1030" WIDTH="95" HEIGHT="42" CONTENT="ought" WC="0.69" CC="07070"/>
						<SP ID="P94_SP00103" HPOS="271" VPOS="1072" WIDTH="15"/>
						<String ID="P94_ST00125" HPOS="286" VPOS="1030" WIDTH="67" HEIGHT="32" CONTENT="first" WC="0.59" CC="11644"/>
						<SP ID="P94_SP00104" HPOS="353" VPOS="1072" WIDTH="23"/>
						<String ID="P94_ST00126" HPOS="376" VPOS="1035" WIDTH="32" HEIGHT="28" CONTENT="to" WC="0.92" CC="01"/>
						<SP ID="P94_SP00105" HPOS="408" VPOS="1072" WIDTH="23"/>
						<String ID="P94_ST00127" HPOS="431" VPOS="1031" WIDTH="77" HEIGHT="32" CONTENT="have" WC="0.71" CC="6040"/>
						<SP ID="P94_SP00106" HPOS="508" VPOS="1072" WIDTH="20"/>
						<String ID="P94_ST00128" HPOS="528" VPOS="1031" WIDTH="78" HEIGHT="32" CONTENT="been" WC="0.57" CC="7027"/>
						<SP ID="P94_SP00107" HPOS="606" VPOS="1072" WIDTH="21"/>
						<String ID="P94_ST00129" HPOS="627" VPOS="1030" WIDTH="124" HEIGHT="43" CONTENT="applied" WC="0.99" CC="0000000"/>
						<SP ID="P94_SP00108" HPOS="751" VPOS="1073" WIDTH="16"/>
						<String ID="P94_ST00130" HPOS="767" VPOS="1035" WIDTH="40" HEIGHT="36" CONTENT="to," WC="0.79" CC="401"/>
						<SP ID="P94_SP00109" HPOS="807" VPOS="1073" WIDTH="15"/>
						<String ID="P94_ST00131" HPOS="822" VPOS="1035" WIDTH="76" HEIGHT="28" CONTENT="aunt" WC="0.59" CC="0753"/>
						<SP ID="P94_SP00110" HPOS="898" VPOS="1073" WIDTH="16"/>
						<String ID="P94_ST00132" HPOS="914" VPOS="1030" WIDTH="83" HEIGHT="33" CONTENT="dear." WC="0.91" CC="00040"/>
					</TextLine>
					<TextLine ID="P94_TL00018" HPOS="175" VPOS="1090" WIDTH="823" HEIGHT="44">
						<String ID="P94_ST00133" HPOS="175" VPOS="1091" WIDTH="15" HEIGHT="32" CONTENT="I" WC="1.00" CC="0"/>
						<SP ID="P94_SP00111" HPOS="190" VPOS="1123" WIDTH="24"/>
						<String ID="P94_ST00134" HPOS="214" VPOS="1090" WIDTH="78" HEIGHT="33" CONTENT="have" WC="0.63" CC="7700"/>
						<SP ID="P94_SP00112" HPOS="292" VPOS="1123" WIDTH="26"/>
						<String ID="P94_ST00135" HPOS="318" VPOS="1091" WIDTH="77" HEIGHT="32" CONTENT="tried" WC="0.58" CC="77230"/>
						<SP ID="P94_SP00113" HPOS="395" VPOS="1123" WIDTH="26"/>
						<String ID="P94_ST00136" HPOS="421" VPOS="1091" WIDTH="75" HEIGHT="42" CONTENT="that," WC="0.49" CC="67064"/>
						<SP ID="P94_SP00114" HPOS="496" VPOS="1133" WIDTH="19"/>
						<String ID="P94_ST00137" HPOS="515" VPOS="1092" WIDTH="60" HEIGHT="31" CONTENT="and" WC="0.88" CC="030"/>
						<SP ID="P94_SP00115" HPOS="575" VPOS="1133" WIDTH="24"/>
						<String ID="P94_ST00138" HPOS="599" VPOS="1092" WIDTH="24" HEIGHT="31" CONTENT="it" WC="0.48" CC="46"/>
						<SP ID="P94_SP00116" HPOS="623" VPOS="1133" WIDTH="23"/>
						<String ID="P94_ST00139" HPOS="646" VPOS="1091" WIDTH="101" HEIGHT="32" CONTENT="failed." WC="0.72" CC="3366000"/>
						<SP ID="P94_SP00117" HPOS="747" VPOS="1133" WIDTH="48"/>
						<String ID="P94_ST00140" HPOS="795" VPOS="1092" WIDTH="56" HEIGHT="42" CONTENT="My" WC="0.50" CC="09"/>
						<SP ID="P94_SP00118" HPOS="851" VPOS="1134" WIDTH="26"/>
						<String ID="P94_ST00141" HPOS="877" VPOS="1092" WIDTH="121" HEIGHT="32" CONTENT="mother" WC="0.80" CC="000704"/>
					</TextLine>
					<TextLine ID="P94_TL00019" HPOS="176" VPOS="1151" WIDTH="695" HEIGHT="41">
						<String ID="P94_ST00142" HPOS="176" VPOS="1151" WIDTH="97" HEIGHT="33" CONTENT="either" WC="0.76" CC="050700"/>
						<SP ID="P94_SP00119" HPOS="273" VPOS="1184" WIDTH="17"/>
						<String ID="P94_ST00143" HPOS="290" VPOS="1152" WIDTH="71" HEIGHT="32" CONTENT="does" WC="0.63" CC="5305"/>
						<SP ID="P94_SP00120" HPOS="361" VPOS="1184" WIDTH="15"/>
						<String ID="P94_ST00144" HPOS="376" VPOS="1157" WIDTH="61" HEIGHT="35" CONTENT="not," WC="0.61" CC="7142"/>
						<SP ID="P94_SP00121" HPOS="437" VPOS="1192" WIDTH="18"/>
						<String ID="P94_ST00145" HPOS="455" VPOS="1164" WIDTH="34" HEIGHT="20" CONTENT="or" WC="0.65" CC="33"/>
						<SP ID="P94_SP00122" HPOS="489" VPOS="1192" WIDTH="15"/>
						<String ID="P94_ST00146" HPOS="504" VPOS="1152" WIDTH="61" HEIGHT="32" CONTENT="will" WC="0.68" CC="0074"/>
						<SP ID="P94_SP00123" HPOS="565" VPOS="1192" WIDTH="15"/>
						<String ID="P94_ST00147" HPOS="580" VPOS="1157" WIDTH="54" HEIGHT="27" CONTENT="not" WC="0.48" CC="707"/>
						<SP ID="P94_SP00124" HPOS="634" VPOS="1192" WIDTH="17"/>
						<String ID="P94_ST00148" HPOS="651" VPOS="1152" WIDTH="220" HEIGHT="33" CONTENT='understand."' WC="0.68" CC="560044306006"/>
					</TextLine>
				</TextBlock>
				<TextBlock ID="P94_TB00005" HPOS="175" VPOS="1213" WIDTH="823" HEIGHT="352" STYLEREFS="TXT_1 PAR_LEFT">
					<TextLine ID="P94_TL00020" HPOS="218" VPOS="1213" WIDTH="780" HEIGHT="43">
						<String ID="P94_ST00149" HPOS="218" VPOS="1213" WIDTH="142" HEIGHT="32" CONTENT="Madame" WC="0.88" CC="000700"/>
						<SP ID="P94_SP00125" HPOS="360" VPOS="1245" WIDTH="42"/>
						<String ID="P94_ST00150" HPOS="402" VPOS="1213" WIDTH="180" HEIGHT="32" CONTENT="Beaudouin" WC="0.75" CC="600600620"/>
						<SP ID="P94_SP00126" HPOS="582" VPOS="1245" WIDTH="46"/>
						<String ID="P94_ST00151" HPOS="628" VPOS="1213" WIDTH="114" HEIGHT="43" CONTENT="sighed," WC="0.48" CC="6697500"/>
						<SP ID="P94_SP00127" HPOS="742" VPOS="1256" WIDTH="42"/>
						<String ID="P94_ST00152" HPOS="784" VPOS="1214" WIDTH="60" HEIGHT="32" CONTENT="and" WC="0.81" CC="050"/>
						<SP ID="P94_SP00128" HPOS="844" VPOS="1256" WIDTH="42"/>
						<String ID="P94_ST00153" HPOS="886" VPOS="1214" WIDTH="112" HEIGHT="33" CONTENT="looked" WC="0.94" CC="300000"/>
					</TextLine>
					<TextLine ID="P94_TL00021" HPOS="176" VPOS="1277" WIDTH="818" HEIGHT="42">
						<String ID="P94_ST00154" HPOS="176" VPOS="1289" WIDTH="87" HEIGHT="29" CONTENT="away" WC="1.00" CC="0000"/>
						<SP ID="P94_SP00129" HPOS="263" VPOS="1318" WIDTH="38"/>
						<String ID="P94_ST00155" HPOS="301" VPOS="1277" WIDTH="65" HEIGHT="31" CONTENT="into" WC="0.68" CC="5700"/>
						<SP ID="P94_SP00130" HPOS="366" VPOS="1318" WIDTH="37"/>
						<String ID="P94_ST00156" HPOS="403" VPOS="1277" WIDTH="52" HEIGHT="32" CONTENT="the" WC="0.72" CC="070"/>
						<SP ID="P94_SP00131" HPOS="455" VPOS="1318" WIDTH="39"/>
						<String ID="P94_ST00157" HPOS="494" VPOS="1278" WIDTH="240" HEIGHT="41" CONTENT="flame-pictures" WC="0.73" CC="00900006005663"/>
						<SP ID="P94_SP00132" HPOS="734" VPOS="1319" WIDTH="37"/>
						<String ID="P94_ST00158" HPOS="771" VPOS="1278" WIDTH="34" HEIGHT="32" CONTENT="of" WC="1.00" CC="00"/>
						<SP ID="P94_SP00133" HPOS="805" VPOS="1319" WIDTH="34"/>
						<String ID="P94_ST00159" HPOS="839" VPOS="1278" WIDTH="53" HEIGHT="32" CONTENT="the" WC="0.68" CC="170"/>
						<SP ID="P94_SP00134" HPOS="892" VPOS="1319" WIDTH="38"/>
						<String ID="P94_ST00160" HPOS="930" VPOS="1278" WIDTH="64" HEIGHT="33" CONTENT="fire." WC="0.66" CC="44601"/>
					</TextLine>
					<TextLine ID="P94_TL00022" HPOS="176" VPOS="1339" WIDTH="821" HEIGHT="42">
						<String ID="P94_ST00161" HPOS="176" VPOS="1339" WIDTH="100" HEIGHT="32" CONTENT="Claire" WC="0.61" CC="460470"/>
						<SP ID="P94_SP00135" HPOS="276" VPOS="1371" WIDTH="25"/>
						<String ID="P94_ST00162" HPOS="301" VPOS="1344" WIDTH="56" HEIGHT="37" CONTENT="put" WC="0.75" CC="060"/>
						<SP ID="P94_SP00136" HPOS="357" VPOS="1381" WIDTH="20"/>
						<String ID="P94_ST00163" HPOS="377" VPOS="1343" WIDTH="53" HEIGHT="28" CONTENT="out" WC="0.85" CC="040"/>
						<SP ID="P94_SP00137" HPOS="430" VPOS="1381" WIDTH="17"/>
						<String ID="P94_ST00164" HPOS="447" VPOS="1339" WIDTH="55" HEIGHT="32" CONTENT="her" WC="0.55" CC="706"/>
						<SP ID="P94_SP00138" HPOS="502" VPOS="1381" WIDTH="14"/>
						<String ID="P94_ST00165" HPOS="516" VPOS="1344" WIDTH="62" HEIGHT="27" CONTENT="tAvo" WC="0.55" CC="6901"/>
						<SP ID="P94_SP00139" HPOS="578" VPOS="1381" WIDTH="21"/>
						<String ID="P94_ST00166" HPOS="599" VPOS="1339" WIDTH="107" HEIGHT="41" CONTENT="hands," WC="0.66" CC="604053"/>
						<SP ID="P94_SP00140" HPOS="706" VPOS="1381" WIDTH="17"/>
						<String ID="P94_ST00167" HPOS="723" VPOS="1340" WIDTH="75" HEIGHT="32" CONTENT="took" WC="0.83" CC="6000"/>
						<SP ID="P94_SP00141" HPOS="798" VPOS="1381" WIDTH="24"/>
						<String ID="P94_ST00168" HPOS="822" VPOS="1339" WIDTH="56" HEIGHT="33" CONTENT="her" WC="0.71" CC="701"/>
						<SP ID="P94_SP00142" HPOS="878" VPOS="1381" WIDTH="16"/>
						<String ID="P94_ST00169" HPOS="894" VPOS="1342" WIDTH="103" HEIGHT="31" CONTENT="aunt's" WC="0.65" CC="076007"/>
					</TextLine>
					<TextLine ID="P94_TL00023" HPOS="176" VPOS="1399" WIDTH="822" HEIGHT="45">
						<String ID="P94_ST00170" HPOS="176" VPOS="1399" WIDTH="31" HEIGHT="32" CONTENT="in" WC="0.48" CC="46"/>
						<SP ID="P94_SP00143" HPOS="207" VPOS="1431" WIDTH="22"/>
						<String ID="P94_ST00171" HPOS="229" VPOS="1399" WIDTH="79" HEIGHT="41" CONTENT="hers," WC="0.52" CC="70762"/>
						<SP ID="P94_SP00144" HPOS="308" VPOS="1440" WIDTH="18"/>
						<String ID="P94_ST00172" HPOS="326" VPOS="1399" WIDTH="59" HEIGHT="32" CONTENT="and" WC="0.83" CC="040"/>
						<SP ID="P94_SP00145" HPOS="385" VPOS="1440" WIDTH="23"/>
						<String ID="P94_ST00173" HPOS="408" VPOS="1399" WIDTH="150" HEIGHT="43" CONTENT="earnestly" WC="0.80" CC="006604000"/>
						<SP ID="P94_SP00146" HPOS="558" VPOS="1442" WIDTH="17"/>
						<String ID="P94_ST00174" HPOS="575" VPOS="1400" WIDTH="111" HEIGHT="42" CONTENT="gazing" WC="0.72" CC="003670"/>
						<SP ID="P94_SP00147" HPOS="686" VPOS="1442" WIDTH="20"/>
						<String ID="P94_ST00175" HPOS="706" VPOS="1405" WIDTH="32" HEIGHT="28" CONTENT="at" WC="0.69" CC="06"/>
						<SP ID="P94_SP00148" HPOS="738" VPOS="1442" WIDTH="21"/>
						<String ID="P94_ST00176" HPOS="759" VPOS="1400" WIDTH="64" HEIGHT="42" CONTENT="her," WC="0.54" CC="7073"/>
						<SP ID="P94_SP00149" HPOS="823" VPOS="1442" WIDTH="21"/>
						<String ID="P94_ST00177" HPOS="844" VPOS="1402" WIDTH="17" HEIGHT="14" CONTENT='"' WC="0.54" CC="4"/>
						<SP ID="P94_SP00150" HPOS="861" VPOS="1442" WIDTH="11"/>
						<String ID="P94_ST00178" HPOS="872" VPOS="1401" WIDTH="50" HEIGHT="32" CONTENT="Do" WC="0.63" CC="70"/>
						<SP ID="P94_SP00151" HPOS="922" VPOS="1442" WIDTH="16"/>
						<String ID="P94_ST00179" HPOS="938" VPOS="1414" WIDTH="60" HEIGHT="30" CONTENT="you" WC="0.39" CC="925"/>
					</TextLine>
					<TextLine ID="P94_TL00024" HPOS="176" VPOS="1460" WIDTH="822" HEIGHT="44">
						<String ID="P94_ST00180" HPOS="176" VPOS="1460" WIDTH="118" HEIGHT="41" CONTENT='think,"' WC="0.52" CC="8705622"/>
						<SP ID="P94_SP00152" HPOS="294" VPOS="1501" WIDTH="30"/>
						<String ID="P94_ST00181" HPOS="324" VPOS="1461" WIDTH="52" HEIGHT="32" CONTENT="she" WC="0.51" CC="670"/>
						<SP ID="P94_SP00153" HPOS="376" VPOS="1501" WIDTH="25"/>
						<String ID="P94_ST00182" HPOS="401" VPOS="1461" WIDTH="101" HEIGHT="41" CONTENT="asked," WC="0.77" CC="071003"/>
						<SP ID="P94_SP00154" HPOS="502" VPOS="1502" WIDTH="27"/>
						<String ID="P94_ST00183" HPOS="529" VPOS="1461" WIDTH="97" HEIGHT="33" CONTENT='"that' WC="0.63" CC="40706"/>
						<SP ID="P94_SP00155" HPOS="626" VPOS="1502" WIDTH="16"/>
						<String ID="P94_ST00184" HPOS="642" VPOS="1462" WIDTH="85" HEIGHT="32" CONTENT="what" WC="0.70" CC="0704"/>
						<SP ID="P94_SP00156" HPOS="727" VPOS="1502" WIDTH="18"/>
						<String ID="P94_ST00185" HPOS="745" VPOS="1474" WIDTH="53" HEIGHT="30" CONTENT="my" WC="1.00" CC="00"/>
						<SP ID="P94_SP00157" HPOS="798" VPOS="1504" WIDTH="23"/>
						<String ID="P94_ST00186" HPOS="821" VPOS="1462" WIDTH="100" HEIGHT="33" CONTENT="father" WC="0.59" CC="056704"/>
						<SP ID="P94_SP00158" HPOS="921" VPOS="1504" WIDTH="16"/>
						<String ID="P94_ST00187" HPOS="937" VPOS="1464" WIDTH="61" HEIGHT="31" CONTENT="and" WC="0.82" CC="050"/>
					</TextLine>
					<TextLine ID="P94_TL00025" HPOS="176" VPOS="1521" WIDTH="822" HEIGHT="44">
						<String ID="P94_ST00188" HPOS="176" VPOS="1521" WIDTH="121" HEIGHT="33" CONTENT="mother" WC="0.66" CC="900702"/>
						<SP ID="P94_SP00159" HPOS="297" VPOS="1554" WIDTH="14"/>
						<String ID="P94_ST00189" HPOS="311" VPOS="1533" WIDTH="51" HEIGHT="21" CONTENT="are" WC="0.81" CC="050"/>
						<SP ID="P94_SP00160" HPOS="362" VPOS="1554" WIDTH="22"/>
						<String ID="P94_ST00190" HPOS="384" VPOS="1522" WIDTH="93" HEIGHT="43" CONTENT="doing" WC="0.74" CC="00570"/>
						<SP ID="P94_SP00161" HPOS="477" VPOS="1565" WIDTH="22"/>
						<String ID="P94_ST00191" HPOS="499" VPOS="1522" WIDTH="74" HEIGHT="33" CONTENT="with" WC="0.75" CC="0207"/>
						<SP ID="P94_SP00162" HPOS="573" VPOS="1565" WIDTH="16"/>
						<String ID="P94_ST00192" HPOS="589" VPOS="1535" WIDTH="49" HEIGHT="21" CONTENT="me" WC="1.00" CC="00"/>
						<SP ID="P94_SP00163" HPOS="638" VPOS="1565" WIDTH="24"/>
						<String ID="P94_ST00193" HPOS="662" VPOS="1524" WIDTH="24" HEIGHT="31" CONTENT="is" WC="0.56" CC="53"/>
						<SP ID="P94_SP00164" HPOS="686" VPOS="1565" WIDTH="23"/>
						<String ID="P94_ST00194" HPOS="709" VPOS="1524" WIDTH="92" HEIGHT="41" CONTENT="right," WC="0.59" CC="560712"/>
						<SP ID="P94_SP00165" HPOS="801" VPOS="1565" WIDTH="19"/>
						<String ID="P94_ST00195" HPOS="820" VPOS="1536" WIDTH="34" HEIGHT="20" CONTENT="or" WC="0.70" CC="05"/>
						<SP ID="P94_SP00166" HPOS="854" VPOS="1565" WIDTH="23"/>
						<String ID="P94_ST00196" HPOS="877" VPOS="1524" WIDTH="121" HEIGHT="41" CONTENT="honest," WC="0.53" CC="7170564"/>
					</TextLine>
				</TextBlock>
			</PrintSpace>
		</Page>
	</Layout>
</alto>
