<?xml version="1.0" encoding="UTF-8"?>
<alto xmlns:xsi="http://www.w3.org/2001/XMLSchema-instance" xsi:noNamespaceSchemaLocation="http://www.bl.uk/schemas/alto/alto-1-4.xsd" xmlns:xlink="http://www.w3.org/1999/xlink">
	<Description>
		<MeasurementUnit>mm10</MeasurementUnit>
		<sourceImageInformation>
			<fileName>//head1/IN/2007-46/A0010888503.1/009717.jp2</fileName>
		</sourceImageInformation>
		<OCRProcessing ID="OCRPROCESSING_1">
			<preProcessingStep>
				<processingSoftware>
					<softwareCreator>CCS Content Conversion Specialists GmbH, Germany</softwareCreator>
					<softwareName>CCS docWORKS</softwareName>
					<softwareVersion>6.1-0.61</softwareVersion>
				</processingSoftware>
			</preProcessingStep>
			<ocrProcessingStep>
				<processingSoftware>
					<softwareCreator>ABBYY (BIT Software), Russia</softwareCreator>
					<softwareName>Finereader</softwareName>
				</processingSoftware>
			</ocrProcessingStep>
		</OCRProcessing>
	</Description>
	<Styles>
		<TextStyle ID="TXT_0" FONTSIZE="10" FONTFAMILY="Courier New"/>
		<TextStyle ID="TXT_1" FONTSIZE="11" FONTFAMILY="Courier New"/>
		<ParagraphStyle ID="PAR_CENTER" ALIGN="Center"/>
		<ParagraphStyle ID="PAR_RIGHT" ALIGN="Right"/>
		<ParagraphStyle ID="PAR_LEFT" ALIGN="Left"/>
	</Styles>
	<Layout>
		<Page ID="P181" PHYSICAL_IMG_NR="181" HEIGHT="1740" WIDTH="1090" PRINTED_IMG_NR="169" POSITION="Right" ACCURACY="74.30">
			<TopMargin ID="P181_TM00001" HPOS="0" VPOS="0" WIDTH="1089" HEIGHT="129">
				<TextBlock ID="P181_TB00001" HPOS="415" VPOS="109" WIDTH="219" HEIGHT="20" STYLEREFS="TXT_0 PAR_CENTER">
					<TextLine ID="P181_TL00001" HPOS="416" VPOS="109" WIDTH="218" HEIGHT="20">
						<String ID="P181_ST00001" HPOS="416" VPOS="109" WIDTH="49" HEIGHT="20" CONTENT="MY" WC="0.96" CC="00"/>
						<SP ID="P181_SP00001" HPOS="465" VPOS="129" WIDTH="24"/>
						<String ID="P181_ST00002" HPOS="489" VPOS="109" WIDTH="145" HEIGHT="20" CONTENT="NEPHEW." WC="0.78" CC="0066200"/>
					</TextLine>
				</TextBlock>
				<TextBlock ID="P181_TB00002" HPOS="879" VPOS="102" WIDTH="53" HEIGHT="25" STYLEREFS="TXT_1 PAR_RIGHT">
					<TextLine ID="P181_TL00002" HPOS="879" VPOS="102" WIDTH="53" HEIGHT="25">
						<String ID="P181_ST00003" HPOS="879" VPOS="102" WIDTH="53" HEIGHT="25" CONTENT="169" WC="1.00" CC="000"/>
					</TextLine>
				</TextBlock>
			</TopMargin>
			<LeftMargin ID="P181_LM00001" HPOS="0" VPOS="129" WIDTH="111" HEIGHT="1434"/>
			<RightMargin ID="P181_RM00001" HPOS="938" VPOS="129" WIDTH="151" HEIGHT="1434"/>
			<BottomMargin ID="P181_BM00001" HPOS="0" VPOS="1563" WIDTH="1089" HEIGHT="176"/>
			<PrintSpace ID="P181_PS00001" HPOS="111" VPOS="129" WIDTH="827" HEIGHT="1434">
				<TextBlock ID="P181_TB00003" HPOS="111" VPOS="183" WIDTH="820" HEIGHT="93" STYLEREFS="TXT_0 PAR_LEFT">
					<TextLine ID="P181_TL00003" HPOS="112" VPOS="184" WIDTH="819" HEIGHT="42">
						<String ID="P181_ST00004" HPOS="112" VPOS="185" WIDTH="178" HEIGHT="41" CONTENT="expression" WC="0.69" CC="6602060404"/>
						<SP ID="P181_SP00002" HPOS="290" VPOS="226" WIDTH="32"/>
						<String ID="P181_ST00005" HPOS="322" VPOS="185" WIDTH="34" HEIGHT="32" CONTENT="of" WC="0.94" CC="01"/>
						<SP ID="P181_SP00003" HPOS="356" VPOS="226" WIDTH="23"/>
						<String ID="P181_ST00006" HPOS="379" VPOS="185" WIDTH="73" HEIGHT="32" CONTENT="face." WC="0.93" CC="30000"/>
						<SP ID="P181_SP00004" HPOS="452" VPOS="226" WIDTH="60"/>
						<String ID="P181_ST00007" HPOS="512" VPOS="185" WIDTH="120" HEIGHT="40" CONTENT='"Well,' WC="0.85" CC="300120"/>
						<SP ID="P181_SP00005" HPOS="632" VPOS="226" WIDTH="33"/>
						<String ID="P181_ST00008" HPOS="665" VPOS="185" WIDTH="82" HEIGHT="32" CONTENT="what" WC="0.64" CC="0706"/>
						<SP ID="P181_SP00006" HPOS="747" VPOS="226" WIDTH="29"/>
						<String ID="P181_ST00009" HPOS="776" VPOS="184" WIDTH="25" HEIGHT="32" CONTENT="is" WC="0.66" CC="05"/>
						<SP ID="P181_SP00007" HPOS="801" VPOS="226" WIDTH="30"/>
						<String ID="P181_ST00010" HPOS="831" VPOS="188" WIDTH="33" HEIGHT="27" CONTENT="to" WC="0.68" CC="15"/>
						<SP ID="P181_SP00008" HPOS="864" VPOS="226" WIDTH="30"/>
						<String ID="P181_ST00011" HPOS="894" VPOS="184" WIDTH="37" HEIGHT="31" CONTENT="be" WC="0.49" CC="63"/>
					</TextLine>
					<TextLine ID="P181_TL00004" HPOS="113" VPOS="244" WIDTH="131" HEIGHT="32">
						<String ID="P181_ST00012" HPOS="113" VPOS="244" WIDTH="131" HEIGHT="32" CONTENT='done?"' WC="0.78" CC="007103"/>
					</TextLine>
				</TextBlock>
				<TextBlock ID="P181_TB00004" HPOS="112" VPOS="304" WIDTH="826" HEIGHT="1075" STYLEREFS="TXT_0 PAR_LEFT">
					<TextLine ID="P181_TL00005" HPOS="160" VPOS="305" WIDTH="773" HEIGHT="43">
						<String ID="P181_ST00013" HPOS="160" VPOS="307" WIDTH="17" HEIGHT="13" CONTENT='"' WC="0.53" CC="4"/>
						<SP ID="P181_SP00009" HPOS="177" VPOS="320" WIDTH="13"/>
						<String ID="P181_ST00014" HPOS="190" VPOS="306" WIDTH="149" HEIGHT="42" CONTENT="Nothing," WC="0.67" CC="00575700"/>
						<SP ID="P181_SP00010" HPOS="339" VPOS="348" WIDTH="37"/>
						<String ID="P181_ST00015" HPOS="376" VPOS="307" WIDTH="142" HEIGHT="31" CONTENT="Madame" WC="1.00" CC="000000"/>
						<SP ID="P181_SP00011" HPOS="518" VPOS="348" WIDTH="14"/>
						<String ID="P181_ST00016" HPOS="532" VPOS="308" WIDTH="6" HEIGHT="31" CONTENT="!" WC="1.00" CC="0"/>
						<SP ID="P181_SP00012" HPOS="538" VPOS="348" WIDTH="14"/>
						<String ID="P181_ST00017" HPOS="552" VPOS="307" WIDTH="16" HEIGHT="12" CONTENT='"' WC="0.66" CC="3"/>
						<SP ID="P181_SP00013" HPOS="568" VPOS="348" WIDTH="31"/>
						<String ID="P181_ST00018" HPOS="599" VPOS="306" WIDTH="137" HEIGHT="32" CONTENT="retorted" WC="0.74" CC="20056050"/>
						<SP ID="P181_SP00014" HPOS="736" VPOS="348" WIDTH="30"/>
						<String ID="P181_ST00019" HPOS="766" VPOS="305" WIDTH="167" HEIGHT="33" CONTENT="authorita" SUBS_TYPE="HypPart1" SUBS_CONTENT="authoritatively" WC="0.75" CC="0607225000"/>
						<HYP CONTENT="-"/>
					</TextLine>
					<TextLine ID="P181_TL00006" HPOS="116" VPOS="366" WIDTH="817" HEIGHT="44">
						<String ID="P181_ST00020" HPOS="116" VPOS="366" WIDTH="95" HEIGHT="43" CONTENT="tively" SUBS_TYPE="HypPart2" SUBS_CONTENT="authoritatively" WC="0.86" CC="006010"/>
						<SP ID="P181_SP00015" HPOS="211" VPOS="409" WIDTH="15"/>
						<String ID="P181_ST00021" HPOS="226" VPOS="368" WIDTH="130" HEIGHT="42" CONTENT="Aspasie" WC="0.86" CC="0500040"/>
						<String ID="P181_ST00022" HPOS="369" VPOS="380" WIDTH="7" HEIGHT="28" CONTENT=";" WC="0.61" CC="3"/>
						<SP ID="P181_SP00016" HPOS="376" VPOS="410" WIDTH="26"/>
						<String ID="P181_ST00023" HPOS="402" VPOS="369" WIDTH="18" HEIGHT="13" CONTENT='"' WC="0.57" CC="4"/>
						<SP ID="P181_SP00017" HPOS="420" VPOS="410" WIDTH="11"/>
						<String ID="P181_ST00024" HPOS="431" VPOS="367" WIDTH="85" HEIGHT="32" CONTENT="there" WC="0.69" CC="27050"/>
						<SP ID="P181_SP00018" HPOS="516" VPOS="410" WIDTH="25"/>
						<String ID="P181_ST00025" HPOS="541" VPOS="368" WIDTH="25" HEIGHT="31" CONTENT="is" WC="0.60" CC="61"/>
						<SP ID="P181_SP00019" HPOS="566" VPOS="410" WIDTH="23"/>
						<String ID="P181_ST00026" HPOS="589" VPOS="368" WIDTH="131" HEIGHT="40" CONTENT="nothing" WC="0.47" CC="6307179"/>
						<SP ID="P181_SP00020" HPOS="720" VPOS="410" WIDTH="22"/>
						<String ID="P181_ST00027" HPOS="742" VPOS="372" WIDTH="33" HEIGHT="27" CONTENT="to" WC="0.65" CC="60"/>
						<SP ID="P181_SP00021" HPOS="775" VPOS="410" WIDTH="22"/>
						<String ID="P181_ST00028" HPOS="797" VPOS="368" WIDTH="37" HEIGHT="30" CONTENT="be" WC="0.77" CC="40"/>
						<SP ID="P181_SP00022" HPOS="834" VPOS="410" WIDTH="22"/>
						<String ID="P181_ST00029" HPOS="856" VPOS="367" WIDTH="77" HEIGHT="31" CONTENT="done" WC="0.82" CC="0070"/>
					</TextLine>
					<TextLine ID="P181_TL00007" HPOS="114" VPOS="428" WIDTH="824" HEIGHT="43">
						<String ID="P181_ST00030" HPOS="114" VPOS="429" WIDTH="57" HEIGHT="31" CONTENT="but" WC="0.39" CC="764"/>
						<SP ID="P181_SP00023" HPOS="171" VPOS="460" WIDTH="23"/>
						<String ID="P181_ST00031" HPOS="194" VPOS="434" WIDTH="32" HEIGHT="27" CONTENT="to" WC="0.70" CC="50"/>
						<SP ID="P181_SP00024" HPOS="226" VPOS="461" WIDTH="30"/>
						<String ID="P181_ST00032" HPOS="256" VPOS="441" WIDTH="39" HEIGHT="30" CONTENT="go" WC="1.00" CC="00"/>
						<SP ID="P181_SP00025" HPOS="295" VPOS="471" WIDTH="31"/>
						<String ID="P181_ST00033" HPOS="326" VPOS="441" WIDTH="38" HEIGHT="20" CONTENT="on" WC="0.65" CC="07"/>
						<SP ID="P181_SP00026" HPOS="364" VPOS="471" WIDTH="27"/>
						<String ID="P181_ST00034" HPOS="391" VPOS="430" WIDTH="156" HEIGHT="41" CONTENT="changing" WC="0.64" CC="07970040"/>
						<String ID="P181_ST00035" HPOS="559" VPOS="431" WIDTH="6" HEIGHT="31" CONTENT="!" WC="1.00" CC="0"/>
						<SP ID="P181_SP00027" HPOS="565" VPOS="471" WIDTH="47"/>
						<String ID="P181_ST00036" HPOS="612" VPOS="430" WIDTH="15" HEIGHT="31" CONTENT="I" WC="0.47" CC="5"/>
						<SP ID="P181_SP00028" HPOS="627" VPOS="471" WIDTH="31"/>
						<String ID="P181_ST00037" HPOS="658" VPOS="430" WIDTH="62" HEIGHT="31" CONTENT="had" WC="0.75" CC="700"/>
						<SP ID="P181_SP00029" HPOS="720" VPOS="471" WIDTH="25"/>
						<String ID="P181_ST00038" HPOS="745" VPOS="429" WIDTH="134" HEIGHT="41" CONTENT="thought" WC="0.68" CC="0704073"/>
						<SP ID="P181_SP00030" HPOS="879" VPOS="471" WIDTH="25"/>
						<String ID="P181_ST00039" HPOS="904" VPOS="428" WIDTH="34" HEIGHT="32" CONTENT="of" WC="0.93" CC="10"/>
					</TextLine>
					<TextLine ID="P181_TL00008" HPOS="114" VPOS="490" WIDTH="821" HEIGHT="42">
						<String ID="P181_ST00040" HPOS="114" VPOS="490" WIDTH="165" HEIGHT="41" CONTENT="proposing" WC="0.79" CC="030000680"/>
						<SP ID="P181_SP00031" HPOS="279" VPOS="531" WIDTH="23"/>
						<String ID="P181_ST00041" HPOS="302" VPOS="495" WIDTH="32" HEIGHT="27" CONTENT="to" WC="0.59" CC="43"/>
						<SP ID="P181_SP00032" HPOS="334" VPOS="531" WIDTH="31"/>
						<String ID="P181_ST00042" HPOS="365" VPOS="490" WIDTH="41" HEIGHT="33" CONTENT="M." WC="0.89" CC="02"/>
						<SP ID="P181_SP00033" HPOS="406" VPOS="531" WIDTH="28"/>
						<String ID="P181_ST00043" HPOS="434" VPOS="490" WIDTH="28" HEIGHT="32" CONTENT="le" WC="0.92" CC="10"/>
						<SP ID="P181_SP00034" HPOS="462" VPOS="531" WIDTH="30"/>
						<String ID="P181_ST00044" HPOS="492" VPOS="490" WIDTH="137" HEIGHT="42" CONTENT="Marquis" WC="0.80" CC="0330420"/>
						<SP ID="P181_SP00035" HPOS="629" VPOS="532" WIDTH="26"/>
						<String ID="P181_ST00045" HPOS="655" VPOS="495" WIDTH="32" HEIGHT="27" CONTENT="to" WC="0.99" CC="00"/>
						<SP ID="P181_SP00036" HPOS="687" VPOS="532" WIDTH="30"/>
						<String ID="P181_ST00046" HPOS="717" VPOS="496" WIDTH="53" HEIGHT="35" CONTENT="get" WC="1.00" CC="000"/>
						<SP ID="P181_SP00037" HPOS="770" VPOS="532" WIDTH="27"/>
						<String ID="P181_ST00047" HPOS="797" VPOS="501" WIDTH="72" HEIGHT="20" CONTENT="over" WC="0.83" CC="0402"/>
						<SP ID="P181_SP00038" HPOS="869" VPOS="532" WIDTH="26"/>
						<String ID="P181_ST00048" HPOS="895" VPOS="501" WIDTH="40" HEIGHT="20" CONTENT="an" WC="0.67" CC="06"/>
					</TextLine>
					<TextLine ID="P181_TL00009" HPOS="114" VPOS="550" WIDTH="820" HEIGHT="43">
						<String ID="P181_ST00049" HPOS="114" VPOS="551" WIDTH="253" HEIGHT="41" CONTENT="Englishwoman" WC="0.70" CC="370034701006"/>
						<String ID="P181_ST00050" HPOS="379" VPOS="564" WIDTH="6" HEIGHT="19" CONTENT=":" WC="0.53" CC="4"/>
						<SP ID="P181_SP00039" HPOS="385" VPOS="592" WIDTH="24"/>
						<String ID="P181_ST00051" HPOS="409" VPOS="551" WIDTH="74" HEIGHT="42" CONTENT="they" WC="0.65" CC="6700"/>
						<SP ID="P181_SP00040" HPOS="483" VPOS="593" WIDTH="16"/>
						<String ID="P181_ST00052" HPOS="499" VPOS="562" WIDTH="55" HEIGHT="31" CONTENT="say" WC="0.96" CC="100"/>
						<SP ID="P181_SP00041" HPOS="554" VPOS="593" WIDTH="20"/>
						<String ID="P181_ST00053" HPOS="574" VPOS="551" WIDTH="74" HEIGHT="41" CONTENT="they" WC="0.81" CC="0700"/>
						<SP ID="P181_SP00042" HPOS="648" VPOS="593" WIDTH="20"/>
						<String ID="P181_ST00054" HPOS="668" VPOS="562" WIDTH="52" HEIGHT="20" CONTENT="are" WC="0.90" CC="020"/>
						<SP ID="P181_SP00043" HPOS="720" VPOS="593" WIDTH="18"/>
						<String ID="P181_ST00055" HPOS="738" VPOS="551" WIDTH="116" HEIGHT="40" CONTENT="steady," WC="0.96" CC="2000000"/>
						<SP ID="P181_SP00044" HPOS="854" VPOS="593" WIDTH="19"/>
						<String ID="P181_ST00056" HPOS="873" VPOS="550" WIDTH="61" HEIGHT="31" CONTENT="and" WC="0.82" CC="050"/>
					</TextLine>
					<TextLine ID="P181_TL00010" HPOS="113" VPOS="611" WIDTH="819" HEIGHT="40">
						<String ID="P181_ST00057" HPOS="113" VPOS="622" WIDTH="58" HEIGHT="20" CONTENT="can" WC="0.84" CC="004"/>
						<SP ID="P181_SP00045" HPOS="171" VPOS="642" WIDTH="19"/>
						<String ID="P181_ST00058" HPOS="190" VPOS="611" WIDTH="39" HEIGHT="31" CONTENT="do" WC="0.83" CC="03"/>
						<SP ID="P181_SP00046" HPOS="229" VPOS="642" WIDTH="16"/>
						<String ID="P181_ST00059" HPOS="245" VPOS="611" WIDTH="128" HEIGHT="32" CONTENT="without" WC="0.68" CC="0537050"/>
						<SP ID="P181_SP00047" HPOS="373" VPOS="643" WIDTH="21"/>
						<String ID="P181_ST00060" HPOS="394" VPOS="617" WIDTH="191" HEIGHT="27" CONTENT="amusement" WC="0.76" CC="075100060"/>
						<String ID="P181_ST00061" HPOS="599" VPOS="625" WIDTH="5" HEIGHT="26" CONTENT=";" WC="0.75" CC="2"/>
						<SP ID="P181_SP00048" HPOS="604" VPOS="651" WIDTH="25"/>
						<String ID="P181_ST00062" HPOS="629" VPOS="612" WIDTH="73" HEIGHT="30" CONTENT="here" WC="0.66" CC="7060"/>
						<SP ID="P181_SP00049" HPOS="702" VPOS="651" WIDTH="20"/>
						<String ID="P181_ST00063" HPOS="722" VPOS="611" WIDTH="25" HEIGHT="31" CONTENT="it" WC="0.70" CC="50"/>
						<SP ID="P181_SP00050" HPOS="747" VPOS="651" WIDTH="17"/>
						<String ID="P181_ST00064" HPOS="764" VPOS="611" WIDTH="26" HEIGHT="31" CONTENT="is" WC="0.88" CC="11"/>
						<SP ID="P181_SP00051" HPOS="790" VPOS="651" WIDTH="22"/>
						<String ID="P181_ST00065" HPOS="812" VPOS="615" WIDTH="74" HEIGHT="27" CONTENT="next" WC="0.67" CC="7005"/>
						<SP ID="P181_SP00052" HPOS="886" VPOS="651" WIDTH="15"/>
						<String ID="P181_ST00066" HPOS="901" VPOS="615" WIDTH="31" HEIGHT="26" CONTENT="to" WC="0.74" CC="50"/>
					</TextLine>
					<TextLine ID="P181_TL00011" HPOS="114" VPOS="671" WIDTH="819" HEIGHT="43">
						<String ID="P181_ST00067" HPOS="114" VPOS="671" WIDTH="175" HEIGHT="41" CONTENT="impossible" WC="0.79" CC="4000725001"/>
						<String ID="P181_ST00068" HPOS="290" VPOS="692" WIDTH="44" HEIGHT="3" CONTENT="—" WC="0.20" CC="8"/>
						<String ID="P181_ST00069" HPOS="334" VPOS="673" WIDTH="31" HEIGHT="30" CONTENT="in" WC="0.32" CC="67"/>
						<SP ID="P181_SP00053" HPOS="365" VPOS="712" WIDTH="30"/>
						<String ID="P181_ST00070" HPOS="395" VPOS="673" WIDTH="77" HEIGHT="41" CONTENT="spite" WC="0.68" CC="50063"/>
						<SP ID="P181_SP00054" HPOS="472" VPOS="714" WIDTH="26"/>
						<String ID="P181_ST00071" HPOS="498" VPOS="673" WIDTH="34" HEIGHT="31" CONTENT="of" WC="0.62" CC="51"/>
						<SP ID="P181_SP00055" HPOS="532" VPOS="714" WIDTH="25"/>
						<String ID="P181_ST00072" HPOS="557" VPOS="672" WIDTH="53" HEIGHT="31" CONTENT="the" WC="0.75" CC="070"/>
						<SP ID="P181_SP00056" HPOS="610" VPOS="714" WIDTH="28"/>
						<String ID="P181_ST00073" HPOS="638" VPOS="683" WIDTH="160" HEIGHT="20" CONTENT="enormous" WC="0.73" CC="08030450"/>
						<SP ID="P181_SP00057" HPOS="798" VPOS="714" WIDTH="31"/>
						<String ID="P181_ST00074" HPOS="829" VPOS="682" WIDTH="104" HEIGHT="30" CONTENT="wages" WC="1.00" CC="00000"/>
					</TextLine>
					<TextLine ID="P181_TL00012" HPOS="113" VPOS="732" WIDTH="821" HEIGHT="42">
						<String ID="P181_ST00075" HPOS="113" VPOS="732" WIDTH="75" HEIGHT="42" CONTENT="they" WC="0.81" CC="0700"/>
						<SP ID="P181_SP00058" HPOS="188" VPOS="774" WIDTH="14"/>
						<String ID="P181_ST00076" HPOS="202" VPOS="738" WIDTH="62" HEIGHT="35" CONTENT="get," WC="1.00" CC="0000"/>
						<SP ID="P181_SP00059" HPOS="264" VPOS="774" WIDTH="26"/>
						<String ID="P181_ST00077" HPOS="290" VPOS="733" WIDTH="60" HEIGHT="31" CONTENT="and" WC="0.78" CC="060"/>
						<SP ID="P181_SP00060" HPOS="350" VPOS="774" WIDTH="22"/>
						<String ID="P181_ST00078" HPOS="372" VPOS="733" WIDTH="52" HEIGHT="32" CONTENT="the" WC="0.74" CC="070"/>
						<SP ID="P181_SP00061" HPOS="424" VPOS="774" WIDTH="25"/>
						<String ID="P181_ST00079" HPOS="449" VPOS="733" WIDTH="142" HEIGHT="32" CONTENT="comforts" WC="0.82" CC="00040503"/>
						<SP ID="P181_SP00062" HPOS="591" VPOS="774" WIDTH="24"/>
						<String ID="P181_ST00080" HPOS="615" VPOS="733" WIDTH="61" HEIGHT="32" CONTENT="and" WC="0.78" CC="060"/>
						<SP ID="P181_SP00063" HPOS="676" VPOS="774" WIDTH="21"/>
						<String ID="P181_ST00081" HPOS="697" VPOS="733" WIDTH="143" HEIGHT="39" CONTENT="luxuries," WC="0.74" CC="030535040"/>
						<SP ID="P181_SP00064" HPOS="840" VPOS="774" WIDTH="20"/>
						<String ID="P181_ST00082" HPOS="860" VPOS="732" WIDTH="74" HEIGHT="41" CONTENT="they" WC="0.81" CC="0700"/>
					</TextLine>
					<TextLine ID="P181_TL00013" HPOS="114" VPOS="792" WIDTH="820" HEIGHT="43">
						<String ID="P181_ST00083" HPOS="114" VPOS="804" WIDTH="81" HEIGHT="20" CONTENT="none" WC="0.61" CC="0356"/>
						<SP ID="P181_SP00065" HPOS="195" VPOS="824" WIDTH="17"/>
						<String ID="P181_ST00084" HPOS="212" VPOS="793" WIDTH="33" HEIGHT="31" CONTENT="of" WC="0.92" CC="10"/>
						<SP ID="P181_SP00066" HPOS="245" VPOS="824" WIDTH="18"/>
						<String ID="P181_ST00085" HPOS="263" VPOS="794" WIDTH="85" HEIGHT="31" CONTENT="them" WC="0.81" CC="0700"/>
						<SP ID="P181_SP00067" HPOS="348" VPOS="825" WIDTH="19"/>
						<String ID="P181_ST00086" HPOS="367" VPOS="794" WIDTH="59" HEIGHT="31" CONTENT="will" WC="0.56" CC="9420"/>
						<SP ID="P181_SP00068" HPOS="426" VPOS="825" WIDTH="23"/>
						<String ID="P181_ST00087" HPOS="449" VPOS="799" WIDTH="66" HEIGHT="36" CONTENT="stay" WC="0.84" CC="6000"/>
						<String ID="P181_ST00088" HPOS="526" VPOS="794" WIDTH="6" HEIGHT="32" CONTENT="!" WC="1.00" CC="0"/>
						<SP ID="P181_SP00069" HPOS="532" VPOS="835" WIDTH="24"/>
						<String ID="P181_ST00089" HPOS="556" VPOS="794" WIDTH="73" HEIGHT="41" CONTENT="they" WC="0.81" CC="0700"/>
						<SP ID="P181_SP00070" HPOS="629" VPOS="835" WIDTH="17"/>
						<String ID="P181_ST00090" HPOS="646" VPOS="805" WIDTH="82" HEIGHT="20" CONTENT="seem" WC="0.63" CC="5900"/>
						<SP ID="P181_SP00071" HPOS="728" VPOS="835" WIDTH="22"/>
						<String ID="P181_ST00091" HPOS="750" VPOS="799" WIDTH="31" HEIGHT="25" CONTENT="to" WC="1.00" CC="00"/>
						<SP ID="P181_SP00072" HPOS="781" VPOS="835" WIDTH="23"/>
						<String ID="P181_ST00092" HPOS="804" VPOS="793" WIDTH="90" HEIGHT="31" CONTENT="think" WC="0.47" CC="67272"/>
						<SP ID="P181_SP00073" HPOS="894" VPOS="835" WIDTH="16"/>
						<String ID="P181_ST00093" HPOS="910" VPOS="792" WIDTH="24" HEIGHT="31" CONTENT="it" WC="0.39" CC="56"/>
					</TextLine>
					<TextLine ID="P181_TL00014" HPOS="115" VPOS="853" WIDTH="816" HEIGHT="42">
						<String ID="P181_ST00094" HPOS="115" VPOS="854" WIDTH="103" HEIGHT="40" CONTENT="unjust" WC="0.54" CC="670606"/>
						<String ID="P181_ST00095" HPOS="231" VPOS="867" WIDTH="7" HEIGHT="27" CONTENT=";" WC="0.50" CC="4"/>
						<SP ID="P181_SP00074" HPOS="238" VPOS="894" WIDTH="35"/>
						<String ID="P181_ST00096" HPOS="273" VPOS="855" WIDTH="61" HEIGHT="31" CONTENT="and" WC="0.78" CC="060"/>
						<SP ID="P181_SP00075" HPOS="334" VPOS="894" WIDTH="38"/>
						<String ID="P181_ST00097" HPOS="372" VPOS="855" WIDTH="74" HEIGHT="40" CONTENT="they" WC="0.81" CC="0700"/>
						<SP ID="P181_SP00076" HPOS="446" VPOS="895" WIDTH="24"/>
						<String ID="P181_ST00098" HPOS="470" VPOS="854" WIDTH="62" HEIGHT="32" CONTENT="will" WC="0.58" CC="8610"/>
						<SP ID="P181_SP00077" HPOS="532" VPOS="895" WIDTH="35"/>
						<String ID="P181_ST00099" HPOS="567" VPOS="854" WIDTH="133" HEIGHT="41" CONTENT="actually" WC="0.81" CC="00650200"/>
						<SP ID="P181_SP00078" HPOS="700" VPOS="895" WIDTH="30"/>
						<String ID="P181_ST00100" HPOS="730" VPOS="853" WIDTH="102" HEIGHT="32" CONTENT="rather" WC="0.84" CC="200700"/>
						<SP ID="P181_SP00079" HPOS="832" VPOS="895" WIDTH="32"/>
						<String ID="P181_ST00101" HPOS="864" VPOS="853" WIDTH="67" HEIGHT="31" CONTENT="sink" WC="0.60" CC="0582"/>
					</TextLine>
					<TextLine ID="P181_TL00015" HPOS="117" VPOS="914" WIDTH="818" HEIGHT="43">
						<String ID="P181_ST00102" HPOS="117" VPOS="915" WIDTH="145" HEIGHT="42" CONTENT="down_to" WC="0.60" CC="0197421"/>
						<SP ID="P181_SP00080" HPOS="262" VPOS="957" WIDTH="15"/>
						<String ID="P181_ST00103" HPOS="277" VPOS="915" WIDTH="94" HEIGHT="41" CONTENT="being" WC="0.72" CC="60070"/>
						<SP ID="P181_SP00081" HPOS="371" VPOS="957" WIDTH="14"/>
						<String ID="P181_ST00104" HPOS="385" VPOS="915" WIDTH="52" HEIGHT="32" CONTENT="the" WC="0.59" CC="560"/>
						<SP ID="P181_SP00082" HPOS="437" VPOS="957" WIDTH="24"/>
						<String ID="P181_ST00105" HPOS="461" VPOS="916" WIDTH="83" HEIGHT="30" CONTENT="maid" WC="0.90" CC="0030"/>
						<SP ID="P181_SP00083" HPOS="544" VPOS="957" WIDTH="23"/>
						<String ID="P181_ST00106" HPOS="567" VPOS="915" WIDTH="35" HEIGHT="31" CONTENT="of" WC="1.00" CC="00"/>
						<SP ID="P181_SP00084" HPOS="602" VPOS="957" WIDTH="18"/>
						<String ID="P181_ST00107" HPOS="620" VPOS="927" WIDTH="84" HEIGHT="19" CONTENT="some" WC="0.95" CC="2000"/>
						<SP ID="P181_SP00085" HPOS="704" VPOS="957" WIDTH="16"/>
						<String ID="P181_ST00108" HPOS="720" VPOS="914" WIDTH="102" HEIGHT="41" CONTENT="stupid" WC="0.85" CC="400040"/>
						<SP ID="P181_SP00086" HPOS="822" VPOS="957" WIDTH="24"/>
						<String ID="P181_ST00109" HPOS="846" VPOS="914" WIDTH="89" HEIGHT="31" CONTENT="hum" SUBS_TYPE="HypPart1" SUBS_CONTENT="humdrum" WC="0.62" CC="7601"/>
						<HYP CONTENT="-"/>
					</TextLine>
					<TextLine ID="P181_TL00016" HPOS="115" VPOS="975" WIDTH="819" HEIGHT="43">
						<String ID="P181_ST00110" HPOS="115" VPOS="976" WIDTH="90" HEIGHT="31" CONTENT="drum" SUBS_TYPE="HypPart2" SUBS_CONTENT="humdrum" WC="0.94" CC="0020"/>
						<SP ID="P181_SP00087" HPOS="205" VPOS="1007" WIDTH="17"/>
						<String ID="P181_ST00111" HPOS="222" VPOS="976" WIDTH="163" HEIGHT="42" CONTENT="bourgeois1" WC="0.57" CC="8370060592"/>
						<SP ID="P181_SP00088" HPOS="385" VPOS="1018" WIDTH="20"/>
						<String ID="P181_ST00112" HPOS="405" VPOS="976" WIDTH="67" HEIGHT="32" CONTENT="wife" WC="0.83" CC="0600"/>
						<SP ID="P181_SP00089" HPOS="472" VPOS="1018" WIDTH="18"/>
						<String ID="P181_ST00113" HPOS="490" VPOS="976" WIDTH="83" HEIGHT="42" CONTENT="(with" WC="0.72" CC="40107"/>
						<SP ID="P181_SP00090" HPOS="573" VPOS="1018" WIDTH="23"/>
						<String ID="P181_ST00114" HPOS="596" VPOS="987" WIDTH="19" HEIGHT="20" CONTENT="a" WC="1.00" CC="0"/>
						<SP ID="P181_SP00091" HPOS="615" VPOS="1018" WIDTH="22"/>
						<String ID="P181_ST00115" HPOS="637" VPOS="976" WIDTH="113" HEIGHT="31" CONTENT="chance" WC="0.77" CC="070600"/>
						<SP ID="P181_SP00092" HPOS="750" VPOS="1018" WIDTH="17"/>
						<String ID="P181_ST00116" HPOS="767" VPOS="975" WIDTH="34" HEIGHT="32" CONTENT="of" WC="0.93" CC="10"/>
						<SP ID="P181_SP00093" HPOS="801" VPOS="1018" WIDTH="17"/>
						<String ID="P181_ST00117" HPOS="818" VPOS="987" WIDTH="116" HEIGHT="29" CONTENT="marry" SUBS_TYPE="HypPart1" SUBS_CONTENT="marrying" WC="0.81" CC="005600"/>
						<HYP CONTENT="-"/>
					</TextLine>
					<TextLine ID="P181_TL00017" HPOS="115" VPOS="1036" WIDTH="818" HEIGHT="41">
						<String ID="P181_ST00118" HPOS="115" VPOS="1036" WIDTH="53" HEIGHT="40" CONTENT="ing" SUBS_TYPE="HypPart2" SUBS_CONTENT="marrying" WC="0.26" CC="479"/>
						<SP ID="P181_SP00094" HPOS="168" VPOS="1076" WIDTH="26"/>
						<String ID="P181_ST00119" HPOS="194" VPOS="1036" WIDTH="52" HEIGHT="32" CONTENT="the" WC="0.65" CC="370"/>
						<SP ID="P181_SP00095" HPOS="246" VPOS="1076" WIDTH="23"/>
						<String ID="P181_ST00120" HPOS="269" VPOS="1041" WIDTH="211" HEIGHT="27" CONTENT="man-serArant" WC="0.65" CC="007050597060"/>
						<String ID="P181_ST00121" HPOS="488" VPOS="1036" WIDTH="18" HEIGHT="41" CONTENT="!)" WC="0.79" CC="04"/>
						<SP ID="P181_SP00096" HPOS="506" VPOS="1077" WIDTH="26"/>
						<String ID="P181_ST00122" HPOS="532" VPOS="1037" WIDTH="72" HEIGHT="31" CONTENT="than" WC="0.66" CC="0706"/>
						<SP ID="P181_SP00097" HPOS="604" VPOS="1077" WIDTH="28"/>
						<String ID="P181_ST00123" HPOS="632" VPOS="1036" WIDTH="37" HEIGHT="32" CONTENT="be" WC="0.72" CC="50"/>
						<SP ID="P181_SP00098" HPOS="669" VPOS="1077" WIDTH="24"/>
						<String ID="P181_ST00124" HPOS="693" VPOS="1036" WIDTH="111" HEIGHT="41" CONTENT="moped" WC="1.00" CC="00000"/>
						<SP ID="P181_SP00099" HPOS="804" VPOS="1077" WIDTH="21"/>
						<String ID="P181_ST00125" HPOS="825" VPOS="1048" WIDTH="50" HEIGHT="29" CONTENT="up," WC="1.00" CC="000"/>
						<SP ID="P181_SP00100" HPOS="875" VPOS="1077" WIDTH="24"/>
						<String ID="P181_ST00126" HPOS="899" VPOS="1047" WIDTH="34" HEIGHT="20" CONTENT="as" WC="1.00" CC="00"/>
					</TextLine>
					<TextLine ID="P181_TL00018" HPOS="115" VPOS="1096" WIDTH="817" HEIGHT="42">
						<String ID="P181_ST00127" HPOS="115" VPOS="1097" WIDTH="75" HEIGHT="40" CONTENT="they" WC="0.56" CC="6730"/>
						<SP ID="P181_SP00101" HPOS="190" VPOS="1137" WIDTH="17"/>
						<String ID="P181_ST00128" HPOS="207" VPOS="1096" WIDTH="57" HEIGHT="32" CONTENT="call" WC="0.70" CC="0425"/>
						<SP ID="P181_SP00102" HPOS="264" VPOS="1137" WIDTH="25"/>
						<String ID="P181_ST00129" HPOS="289" VPOS="1097" WIDTH="31" HEIGHT="39" CONTENT="it," WC="0.73" CC="403"/>
						<SP ID="P181_SP00103" HPOS="320" VPOS="1137" WIDTH="18"/>
						<String ID="P181_ST00130" HPOS="338" VPOS="1097" WIDTH="73" HEIGHT="31" CONTENT="with" WC="0.59" CC="0627"/>
						<SP ID="P181_SP00104" HPOS="411" VPOS="1137" WIDTH="21"/>
						<String ID="P181_ST00131" HPOS="432" VPOS="1109" WIDTH="44" HEIGHT="20" CONTENT="us." WC="0.59" CC="650"/>
						<SP ID="P181_SP00105" HPOS="476" VPOS="1137" WIDTH="47"/>
						<String ID="P181_ST00132" HPOS="523" VPOS="1098" WIDTH="15" HEIGHT="30" CONTENT="I" WC="0.74" CC="2"/>
						<SP ID="P181_SP00106" HPOS="538" VPOS="1137" WIDTH="23"/>
						<String ID="P181_ST00133" HPOS="561" VPOS="1097" WIDTH="71" HEIGHT="31" CONTENT="dare" WC="0.89" CC="0040"/>
						<SP ID="P181_SP00107" HPOS="632" VPOS="1137" WIDTH="24"/>
						<String ID="P181_ST00134" HPOS="656" VPOS="1108" WIDTH="55" HEIGHT="30" CONTENT="say" WC="0.78" CC="240"/>
						<SP ID="P181_SP00108" HPOS="711" VPOS="1138" WIDTH="21"/>
						<String ID="P181_ST00135" HPOS="732" VPOS="1108" WIDTH="46" HEIGHT="20" CONTENT="we" WC="1.00" CC="00"/>
						<SP ID="P181_SP00109" HPOS="778" VPOS="1138" WIDTH="17"/>
						<String ID="P181_ST00136" HPOS="795" VPOS="1096" WIDTH="77" HEIGHT="32" CONTENT="shall" WC="0.59" CC="57025"/>
						<SP ID="P181_SP00110" HPOS="872" VPOS="1138" WIDTH="24"/>
						<String ID="P181_ST00137" HPOS="896" VPOS="1097" WIDTH="36" HEIGHT="31" CONTENT="be" WC="0.75" CC="40"/>
					</TextLine>
					<TextLine ID="P181_TL00019" HPOS="116" VPOS="1157" WIDTH="816" HEIGHT="41">
						<String ID="P181_ST00138" HPOS="116" VPOS="1157" WIDTH="122" HEIGHT="40" CONTENT="obliged" WC="0.71" CC="3744000"/>
						<SP ID="P181_SP00111" HPOS="238" VPOS="1197" WIDTH="25"/>
						<String ID="P181_ST00139" HPOS="263" VPOS="1161" WIDTH="32" HEIGHT="27" CONTENT="to" WC="0.45" CC="64"/>
						<SP ID="P181_SP00112" HPOS="295" VPOS="1197" WIDTH="25"/>
						<String ID="P181_ST00140" HPOS="320" VPOS="1161" WIDTH="52" HEIGHT="36" CONTENT="get" WC="0.91" CC="002"/>
						<SP ID="P181_SP00113" HPOS="372" VPOS="1197" WIDTH="24"/>
						<String ID="P181_ST00141" HPOS="396" VPOS="1169" WIDTH="71" HEIGHT="20" CONTENT="over" WC="0.85" CC="0600"/>
						<SP ID="P181_SP00114" HPOS="467" VPOS="1197" WIDTH="26"/>
						<String ID="P181_ST00142" HPOS="493" VPOS="1169" WIDTH="39" HEIGHT="19" CONTENT="an" WC="0.40" CC="74"/>
						<SP ID="P181_SP00115" HPOS="532" VPOS="1197" WIDTH="20"/>
						<String ID="P181_ST00143" HPOS="552" VPOS="1157" WIDTH="251" HEIGHT="41" CONTENT="Englishwoman" WC="0.69" CC="060330790006"/>
						<SP ID="P181_SP00116" HPOS="803" VPOS="1198" WIDTH="23"/>
						<String ID="P181_ST00144" HPOS="826" VPOS="1157" WIDTH="32" HEIGHT="31" CONTENT="in" WC="0.60" CC="16"/>
						<SP ID="P181_SP00117" HPOS="858" VPOS="1198" WIDTH="22"/>
						<String ID="P181_ST00145" HPOS="880" VPOS="1157" WIDTH="52" HEIGHT="31" CONTENT="the" WC="0.57" CC="570"/>
					</TextLine>
					<TextLine ID="P181_TL00020" HPOS="116" VPOS="1217" WIDTH="816" HEIGHT="42">
						<String ID="P181_ST00146" HPOS="116" VPOS="1217" WIDTH="59" HEIGHT="32" CONTENT="end" WC="0.84" CC="040"/>
						<String ID="P181_ST00147" HPOS="188" VPOS="1218" WIDTH="7" HEIGHT="31" CONTENT="!" WC="1.00" CC="0"/>
						<SP ID="P181_SP00118" HPOS="195" VPOS="1249" WIDTH="45"/>
						<String ID="P181_ST00148" HPOS="240" VPOS="1217" WIDTH="124" HEIGHT="41" CONTENT="Money," WC="0.77" CC="705001"/>
						<SP ID="P181_SP00119" HPOS="364" VPOS="1258" WIDTH="26"/>
						<String ID="P181_ST00149" HPOS="390" VPOS="1217" WIDTH="74" HEIGHT="42" CONTENT="they" WC="0.81" CC="0700"/>
						<SP ID="P181_SP00120" HPOS="464" VPOS="1259" WIDTH="24"/>
						<String ID="P181_ST00150" HPOS="488" VPOS="1229" WIDTH="63" HEIGHT="29" CONTENT="say," WC="0.81" CC="5001"/>
						<SP ID="P181_SP00121" HPOS="551" VPOS="1259" WIDTH="29"/>
						<String ID="P181_ST00151" HPOS="580" VPOS="1218" WIDTH="62" HEIGHT="30" CONTENT="will" WC="0.49" CC="9261"/>
						<SP ID="P181_SP00122" HPOS="642" VPOS="1259" WIDTH="26"/>
						<String ID="P181_ST00152" HPOS="668" VPOS="1218" WIDTH="90" HEIGHT="31" CONTENT="make" WC="0.84" CC="0060"/>
						<SP ID="P181_SP00123" HPOS="758" VPOS="1259" WIDTH="26"/>
						<String ID="P181_ST00153" HPOS="784" VPOS="1218" WIDTH="85" HEIGHT="31" CONTENT="them" WC="0.65" CC="6700"/>
						<SP ID="P181_SP00124" HPOS="869" VPOS="1259" WIDTH="25"/>
						<String ID="P181_ST00154" HPOS="894" VPOS="1218" WIDTH="38" HEIGHT="31" CONTENT="do" WC="0.75" CC="04"/>
					</TextLine>
					<TextLine ID="P181_TL00021" HPOS="115" VPOS="1278" WIDTH="819" HEIGHT="42">
						<String ID="P181_ST00155" HPOS="115" VPOS="1278" WIDTH="158" HEIGHT="42" CONTENT="anything," WC="0.76" CC="060070700"/>
						<SP ID="P181_SP00125" HPOS="273" VPOS="1320" WIDTH="18"/>
						<String ID="P181_ST00156" HPOS="291" VPOS="1278" WIDTH="147" HEIGHT="41" CONTENT="whereas," WC="0.81" CC="07030040"/>
						<SP ID="P181_SP00126" HPOS="438" VPOS="1320" WIDTH="25"/>
						<String ID="P181_ST00157" HPOS="463" VPOS="1290" WIDTH="56" HEIGHT="20" CONTENT="one" WC="0.74" CC="250"/>
						<SP ID="P181_SP00127" HPOS="519" VPOS="1320" WIDTH="24"/>
						<String ID="P181_ST00158" HPOS="543" VPOS="1290" WIDTH="56" HEIGHT="20" CONTENT="can" WC="0.64" CC="307"/>
						<SP ID="P181_SP00128" HPOS="599" VPOS="1320" WIDTH="20"/>
						<String ID="P181_ST00159" HPOS="619" VPOS="1279" WIDTH="38" HEIGHT="30" CONTENT="do" WC="0.81" CC="03"/>
						<SP ID="P181_SP00129" HPOS="657" VPOS="1320" WIDTH="22"/>
						<String ID="P181_ST00160" HPOS="679" VPOS="1278" WIDTH="130" HEIGHT="41" CONTENT="nothing" WC="0.63" CC="6007470"/>
						<SP ID="P181_SP00130" HPOS="809" VPOS="1320" WIDTH="14"/>
						<String ID="P181_ST00161" HPOS="823" VPOS="1278" WIDTH="75" HEIGHT="32" CONTENT="with" WC="0.52" CC="9107"/>
						<SP ID="P181_SP00131" HPOS="898" VPOS="1320" WIDTH="17"/>
						<String ID="P181_ST00162" HPOS="915" VPOS="1290" WIDTH="19" HEIGHT="20" CONTENT="a" WC="1.00" CC="0"/>
					</TextLine>
					<TextLine ID="P181_TL00022" HPOS="115" VPOS="1339" WIDTH="633" HEIGHT="40">
						<String ID="P181_ST00163" HPOS="115" VPOS="1339" WIDTH="148" HEIGHT="40" CONTENT="Parisian," WC="0.70" CC="700156050"/>
						<SP ID="P181_SP00132" HPOS="263" VPOS="1379" WIDTH="18"/>
						<String ID="P181_ST00164" HPOS="281" VPOS="1339" WIDTH="25" HEIGHT="30" CONTENT="if" WC="0.58" CC="53"/>
						<SP ID="P181_SP00133" HPOS="306" VPOS="1379" WIDTH="11"/>
						<String ID="P181_ST00165" HPOS="317" VPOS="1339" WIDTH="55" HEIGHT="31" CONTENT="she" WC="0.60" CC="470"/>
						<SP ID="P181_SP00134" HPOS="372" VPOS="1379" WIDTH="16"/>
						<String ID="P181_ST00166" HPOS="388" VPOS="1343" WIDTH="67" HEIGHT="36" CONTENT="gets" WC="0.75" CC="0135"/>
						<SP ID="P181_SP00135" HPOS="455" VPOS="1379" WIDTH="16"/>
						<String ID="P181_ST00167" HPOS="471" VPOS="1351" WIDTH="39" HEIGHT="19" CONTENT="no" WC="0.63" CC="70"/>
						<SP ID="P181_SP00136" HPOS="510" VPOS="1379" WIDTH="17"/>
						<String ID="P181_ST00168" HPOS="527" VPOS="1340" WIDTH="221" HEIGHT="31" CONTENT='amusement."' WC="0.76" CC="07620005003"/>
					</TextLine>
				</TextBlock>
				<TextBlock ID="P181_TB00005" HPOS="113" VPOS="1399" WIDTH="819" HEIGHT="164" STYLEREFS="TXT_0 PAR_LEFT">
					<TextLine ID="P181_TL00023" HPOS="158" VPOS="1400" WIDTH="774" HEIGHT="43">
						<String ID="P181_ST00169" HPOS="158" VPOS="1400" WIDTH="122" HEIGHT="41" CONTENT="During" WC="0.70" CC="033370"/>
						<SP ID="P181_SP00137" HPOS="280" VPOS="1441" WIDTH="26"/>
						<String ID="P181_ST00170" HPOS="306" VPOS="1400" WIDTH="61" HEIGHT="31" CONTENT="this" WC="0.54" CC="2762"/>
						<SP ID="P181_SP00138" HPOS="367" VPOS="1441" WIDTH="23"/>
						<String ID="P181_ST00171" HPOS="390" VPOS="1400" WIDTH="107" HEIGHT="40" CONTENT="tirade," WC="0.90" CC="3000002"/>
						<SP ID="P181_SP00139" HPOS="497" VPOS="1441" WIDTH="29"/>
						<String ID="P181_ST00172" HPOS="526" VPOS="1400" WIDTH="147" HEIGHT="32" CONTENT="Claudine" WC="0.72" CC="52050250"/>
						<SP ID="P181_SP00140" HPOS="673" VPOS="1441" WIDTH="30"/>
						<String ID="P181_ST00173" HPOS="703" VPOS="1400" WIDTH="61" HEIGHT="32" CONTENT="had" WC="0.75" CC="700"/>
						<SP ID="P181_SP00141" HPOS="764" VPOS="1441" WIDTH="29"/>
						<String ID="P181_ST00174" HPOS="793" VPOS="1400" WIDTH="139" HEIGHT="43" CONTENT="relapsed" WC="0.82" CC="70600000"/>
					</TextLine>
					<TextLine ID="P181_TL00024" HPOS="114" VPOS="1460" WIDTH="818" HEIGHT="41">
						<String ID="P181_ST00175" HPOS="114" VPOS="1462" WIDTH="66" HEIGHT="32" CONTENT="into" WC="0.65" CC="0733"/>
						<SP ID="P181_SP00142" HPOS="180" VPOS="1494" WIDTH="17"/>
						<String ID="P181_ST00176" HPOS="197" VPOS="1462" WIDTH="55" HEIGHT="31" CONTENT="her" WC="0.69" CC="710"/>
						<SP ID="P181_SP00143" HPOS="252" VPOS="1494" WIDTH="23"/>
						<String ID="P181_ST00177" HPOS="275" VPOS="1461" WIDTH="111" HEIGHT="31" CONTENT="former" WC="0.88" CC="000006"/>
						<SP ID="P181_SP00144" HPOS="386" VPOS="1494" WIDTH="22"/>
						<String ID="P181_ST00178" HPOS="408" VPOS="1460" WIDTH="172" HEIGHT="41" CONTENT="distraught" WC="0.67" CC="0450536070"/>
						<SP ID="P181_SP00145" HPOS="580" VPOS="1501" WIDTH="20"/>
						<String ID="P181_ST00179" HPOS="600" VPOS="1461" WIDTH="59" HEIGHT="31" CONTENT="and" WC="0.79" CC="060"/>
						<SP ID="P181_SP00146" HPOS="659" VPOS="1501" WIDTH="16"/>
						<String ID="P181_ST00180" HPOS="675" VPOS="1466" WIDTH="111" HEIGHT="26" CONTENT="vacant" WC="0.77" CC="700060"/>
						<SP ID="P181_SP00147" HPOS="786" VPOS="1501" WIDTH="16"/>
						<String ID="P181_ST00181" HPOS="802" VPOS="1461" WIDTH="51" HEIGHT="40" CONTENT="air," WC="0.69" CC="0434"/>
						<SP ID="P181_SP00148" HPOS="853" VPOS="1501" WIDTH="19"/>
						<String ID="P181_ST00182" HPOS="872" VPOS="1462" WIDTH="60" HEIGHT="31" CONTENT="and" WC="0.78" CC="060"/>
					</TextLine>
					<TextLine ID="P181_TL00025" HPOS="114" VPOS="1522" WIDTH="817" HEIGHT="41">
						<String ID="P181_ST00183" HPOS="114" VPOS="1523" WIDTH="231" HEIGHT="33" CONTENT="Mademoiselle" WC="0.89" CC="020000400150"/>
						<SP ID="P181_SP00149" HPOS="345" VPOS="1556" WIDTH="16"/>
						<String ID="P181_ST00184" HPOS="361" VPOS="1522" WIDTH="131" HEIGHT="41" CONTENT="Aspasie" WC="0.88" CC="0300040"/>
						<SP ID="P181_SP00150" HPOS="492" VPOS="1563" WIDTH="15"/>
						<String ID="P181_ST00185" HPOS="507" VPOS="1534" WIDTH="70" HEIGHT="20" CONTENT="now" WC="0.75" CC="700"/>
						<SP ID="P181_SP00151" HPOS="577" VPOS="1563" WIDTH="16"/>
						<String ID="P181_ST00186" HPOS="593" VPOS="1522" WIDTH="111" HEIGHT="32" CONTENT="turned" WC="0.65" CC="760600"/>
						<SP ID="P181_SP00152" HPOS="704" VPOS="1563" WIDTH="11"/>
						<String ID="P181_ST00187" HPOS="715" VPOS="1534" WIDTH="83" HEIGHT="20" CONTENT="some" WC="0.78" CC="6020"/>
						<SP ID="P181_SP00153" HPOS="798" VPOS="1563" WIDTH="12"/>
						<String ID="P181_ST00188" HPOS="810" VPOS="1523" WIDTH="121" HEIGHT="40" CONTENT="portion" WC="0.70" CC="0050366"/>
					</TextLine>
				</TextBlock>
			</PrintSpace>
		</Page>
	</Layout>
</alto>
