<?xml version="1.0" encoding="UTF-8"?>
<alto xmlns:xsi="http://www.w3.org/2001/XMLSchema-instance" xsi:noNamespaceSchemaLocation="http://www.bl.uk/schemas/alto/alto-1-4.xsd" xmlns:xlink="http://www.w3.org/1999/xlink">
	<Description>
		<MeasurementUnit>mm10</MeasurementUnit>
		<sourceImageInformation>
			<fileName>//head1/IN/2007-46/A0010888503.1/009668.jp2</fileName>
		</sourceImageInformation>
		<OCRProcessing ID="OCRPROCESSING_1">
			<preProcessingStep>
				<processingSoftware>
					<softwareCreator>CCS Content Conversion Specialists GmbH, Germany</softwareCreator>
					<softwareName>CCS docWORKS</softwareName>
					<softwareVersion>6.1-0.61</softwareVersion>
				</processingSoftware>
			</preProcessingStep>
			<ocrProcessingStep>
				<processingSoftware>
					<softwareCreator>ABBYY (BIT Software), Russia</softwareCreator>
					<softwareName>Finereader</softwareName>
				</processingSoftware>
			</ocrProcessingStep>
		</OCRProcessing>
	</Description>
	<Styles>
		<TextStyle ID="TXT_0" FONTSIZE="11" FONTFAMILY="Courier New"/>
		<TextStyle ID="TXT_1" FONTSIZE="9" FONTFAMILY="Courier New"/>
		<ParagraphStyle ID="PAR_LEFT" ALIGN="Left"/>
		<ParagraphStyle ID="PAR_CENTER" ALIGN="Center"/>
	</Styles>
	<Layout>
		<Page ID="P132" PHYSICAL_IMG_NR="132" HEIGHT="1740" WIDTH="1090" PRINTED_IMG_NR="120" POSITION="Left" ACCURACY="71.44">
			<TopMargin ID="P132_TM00001" HPOS="0" VPOS="0" WIDTH="1089" HEIGHT="142">
				<TextBlock ID="P132_TB00001" HPOS="143" VPOS="115" WIDTH="53" HEIGHT="25" STYLEREFS="TXT_0 PAR_LEFT">
					<TextLine ID="P132_TL00001" HPOS="143" VPOS="115" WIDTH="53" HEIGHT="25">
						<String ID="P132_ST00001" HPOS="143" VPOS="115" WIDTH="53" HEIGHT="25" CONTENT="120" WC="1.00" CC="000"/>
					</TextLine>
				</TextBlock>
				<TextBlock ID="P132_TB00002" HPOS="374" VPOS="115" WIDTH="357" HEIGHT="26" STYLEREFS="TXT_1 PAR_CENTER">
					<TextLine ID="P132_TL00002" HPOS="374" VPOS="116" WIDTH="357" HEIGHT="25">
						<String ID="P132_ST00002" HPOS="374" VPOS="120" WIDTH="84" HEIGHT="21" CONTENT="LOVE" WC="0.37" CC="5594"/>
						<SP ID="P132_SP00001" HPOS="458" VPOS="141" WIDTH="24"/>
						<String ID="P132_ST00003" HPOS="482" VPOS="119" WIDTH="64" HEIGHT="21" CONTENT="THE" WC="0.62" CC="064"/>
						<SP ID="P132_SP00002" HPOS="546" VPOS="141" WIDTH="23"/>
						<String ID="P132_ST00004" HPOS="569" VPOS="116" WIDTH="162" HEIGHT="23" CONTENT="AVENGER." WC="0.42" CC="90497590"/>
					</TextLine>
				</TextBlock>
			</TopMargin>
			<LeftMargin ID="P132_LM00001" HPOS="0" VPOS="142" WIDTH="128" HEIGHT="1454"/>
			<RightMargin ID="P132_RM00001" HPOS="975" VPOS="142" WIDTH="114" HEIGHT="1454"/>
			<BottomMargin ID="P132_BM00001" HPOS="0" VPOS="1596" WIDTH="1089" HEIGHT="143"/>
			<PrintSpace ID="P132_PS00001" HPOS="128" VPOS="142" WIDTH="847" HEIGHT="1454">
				<TextBlock ID="P132_TB00003" HPOS="138" VPOS="186" WIDTH="837" HEIGHT="289" STYLEREFS="TXT_1 PAR_LEFT">
					<TextLine ID="P132_TL00003" HPOS="142" VPOS="187" WIDTH="833" HEIGHT="50">
						<String ID="P132_ST00005" HPOS="142" VPOS="196" WIDTH="113" HEIGHT="33" CONTENT="terised" WC="0.76" CC="6005400"/>
						<SP ID="P132_SP00003" HPOS="255" VPOS="229" WIDTH="31"/>
						<String ID="P132_ST00006" HPOS="286" VPOS="196" WIDTH="100" HEIGHT="33" CONTENT="Claire" WC="0.87" CC="600100"/>
						<SP ID="P132_SP00004" HPOS="386" VPOS="229" WIDTH="32"/>
						<String ID="P132_ST00007" HPOS="418" VPOS="208" WIDTH="32" HEIGHT="19" CONTENT="as" WC="0.43" CC="73"/>
						<SP ID="P132_SP00005" HPOS="450" VPOS="229" WIDTH="31"/>
						<String ID="P132_ST00008" HPOS="481" VPOS="194" WIDTH="143" HEIGHT="43" CONTENT="pedantic" WC="0.87" CC="00005030"/>
						<SP ID="P132_SP00006" HPOS="624" VPOS="237" WIDTH="31"/>
						<String ID="P132_ST00009" HPOS="655" VPOS="192" WIDTH="62" HEIGHT="33" CONTENT="and" WC="0.75" CC="070"/>
						<SP ID="P132_SP00007" HPOS="717" VPOS="237" WIDTH="32"/>
						<String ID="P132_ST00010" HPOS="749" VPOS="190" WIDTH="64" HEIGHT="42" CONTENT="dry." WC="0.84" CC="0600"/>
						<SP ID="P132_SP00008" HPOS="813" VPOS="237" WIDTH="58"/>
						<String ID="P132_ST00011" HPOS="871" VPOS="187" WIDTH="104" HEIGHT="34" CONTENT="Claire" WC="0.48" CC="508275"/>
					</TextLine>
					<TextLine ID="P132_TL00004" HPOS="141" VPOS="249" WIDTH="831" HEIGHT="52">
						<String ID="P132_ST00012" HPOS="141" VPOS="270" WIDTH="94" HEIGHT="21" CONTENT="never" WC="0.65" CC="70900"/>
						<SP ID="P132_SP00009" HPOS="235" VPOS="291" WIDTH="25"/>
						<String ID="P132_ST00013" HPOS="260" VPOS="259" WIDTH="95" HEIGHT="42" CONTENT="spoke" WC="0.72" CC="60070"/>
						<SP ID="P132_SP00010" HPOS="355" VPOS="301" WIDTH="25"/>
						<String ID="P132_ST00014" HPOS="380" VPOS="258" WIDTH="35" HEIGHT="32" CONTENT="of" WC="0.72" CC="50"/>
						<SP ID="P132_SP00011" HPOS="415" VPOS="301" WIDTH="19"/>
						<String ID="P132_ST00015" HPOS="434" VPOS="258" WIDTH="143" HEIGHT="31" CONTENT="Madame" WC="1.00" CC="000000"/>
						<SP ID="P132_SP00012" HPOS="577" VPOS="301" WIDTH="26"/>
						<String ID="P132_ST00016" HPOS="603" VPOS="256" WIDTH="37" HEIGHT="32" CONTENT="de" WC="1.00" CC="00"/>
						<SP ID="P132_SP00013" HPOS="640" VPOS="301" WIDTH="24"/>
						<String ID="P132_ST00017" HPOS="664" VPOS="254" WIDTH="163" HEIGHT="42" CONTENT="Varignan" WC="0.78" CC="00700702"/>
						<SP ID="P132_SP00014" HPOS="827" VPOS="301" WIDTH="32"/>
						<String ID="P132_ST00018" HPOS="859" VPOS="256" WIDTH="33" HEIGHT="27" CONTENT="at" WC="0.83" CC="03"/>
						<SP ID="P132_SP00015" HPOS="892" VPOS="301" WIDTH="28"/>
						<String ID="P132_ST00019" HPOS="920" VPOS="249" WIDTH="52" HEIGHT="33" CONTENT="all." WC="0.80" CC="0304"/>
					</TextLine>
					<TextLine ID="P132_TL00005" HPOS="141" VPOS="312" WIDTH="834" HEIGHT="48">
						<String ID="P132_ST00020" HPOS="141" VPOS="320" WIDTH="29" HEIGHT="33" CONTENT="It" WC="0.64" CC="24"/>
						<SP ID="P132_SP00016" HPOS="170" VPOS="353" WIDTH="16"/>
						<String ID="P132_ST00021" HPOS="186" VPOS="331" WIDTH="63" HEIGHT="22" CONTENT="was" WC="0.85" CC="004"/>
						<SP ID="P132_SP00017" HPOS="249" VPOS="353" WIDTH="16"/>
						<String ID="P132_ST00022" HPOS="265" VPOS="325" WIDTH="54" HEIGHT="27" CONTENT="not" WC="0.76" CC="203"/>
						<SP ID="P132_SP00018" HPOS="319" VPOS="353" WIDTH="23"/>
						<String ID="P132_ST00023" HPOS="342" VPOS="320" WIDTH="56" HEIGHT="31" CONTENT="her" WC="0.55" CC="705"/>
						<SP ID="P132_SP00019" HPOS="398" VPOS="353" WIDTH="16"/>
						<String ID="P132_ST00024" HPOS="414" VPOS="324" WIDTH="119" HEIGHT="28" CONTENT="custom" WC="0.82" CC="072000"/>
						<SP ID="P132_SP00020" HPOS="533" VPOS="353" WIDTH="24"/>
						<String ID="P132_ST00025" HPOS="557" VPOS="324" WIDTH="32" HEIGHT="26" CONTENT="to" WC="0.67" CC="60"/>
						<SP ID="P132_SP00021" HPOS="589" VPOS="353" WIDTH="25"/>
						<String ID="P132_ST00026" HPOS="614" VPOS="316" WIDTH="95" HEIGHT="44" CONTENT="speak" WC="0.71" CC="70007"/>
						<SP ID="P132_SP00022" HPOS="709" VPOS="360" WIDTH="17"/>
						<String ID="P132_ST00027" HPOS="726" VPOS="315" WIDTH="34" HEIGHT="33" CONTENT="of" WC="0.78" CC="13"/>
						<SP ID="P132_SP00023" HPOS="760" VPOS="360" WIDTH="19"/>
						<String ID="P132_ST00028" HPOS="779" VPOS="313" WIDTH="120" HEIGHT="44" CONTENT="people," WC="0.92" CC="0000032"/>
						<SP ID="P132_SP00024" HPOS="899" VPOS="360" WIDTH="17"/>
						<String ID="P132_ST00029" HPOS="916" VPOS="312" WIDTH="59" HEIGHT="31" CONTENT="but" WC="0.51" CC="770"/>
					</TextLine>
					<TextLine ID="P132_TL00006" HPOS="141" VPOS="376" WIDTH="830" HEIGHT="46">
						<String ID="P132_ST00030" HPOS="141" VPOS="381" WIDTH="100" HEIGHT="32" CONTENT="rather" WC="0.52" CC="700784"/>
						<SP ID="P132_SP00025" HPOS="241" VPOS="413" WIDTH="19"/>
						<String ID="P132_ST00031" HPOS="260" VPOS="381" WIDTH="34" HEIGHT="32" CONTENT="of" WC="0.79" CC="04"/>
						<SP ID="P132_SP00026" HPOS="294" VPOS="413" WIDTH="22"/>
						<String ID="P132_ST00032" HPOS="316" VPOS="381" WIDTH="105" HEIGHT="41" CONTENT="things" WC="0.71" CC="063700"/>
						<String ID="P132_ST00033" HPOS="433" VPOS="393" WIDTH="6" HEIGHT="28" CONTENT=";" WC="0.75" CC="2"/>
						<SP ID="P132_SP00027" HPOS="439" VPOS="422" WIDTH="25"/>
						<String ID="P132_ST00034" HPOS="464" VPOS="392" WIDTH="56" HEIGHT="20" CONTENT="nor" WC="0.53" CC="707"/>
						<SP ID="P132_SP00028" HPOS="520" VPOS="422" WIDTH="24"/>
						<String ID="P132_ST00035" HPOS="544" VPOS="391" WIDTH="63" HEIGHT="21" CONTENT="was" WC="0.82" CC="013"/>
						<SP ID="P132_SP00029" HPOS="607" VPOS="422" WIDTH="28"/>
						<String ID="P132_ST00036" HPOS="635" VPOS="378" WIDTH="63" HEIGHT="42" CONTENT="she," WC="0.56" CC="7703"/>
						<SP ID="P132_SP00030" HPOS="698" VPOS="422" WIDTH="18"/>
						<String ID="P132_ST00037" HPOS="716" VPOS="377" WIDTH="35" HEIGHT="32" CONTENT="of" WC="0.88" CC="20"/>
						<SP ID="P132_SP00031" HPOS="751" VPOS="422" WIDTH="18"/>
						<String ID="P132_ST00038" HPOS="769" VPOS="376" WIDTH="57" HEIGHT="33" CONTENT="her" WC="0.71" CC="700"/>
						<SP ID="P132_SP00032" HPOS="826" VPOS="422" WIDTH="24"/>
						<String ID="P132_ST00039" HPOS="850" VPOS="379" WIDTH="121" HEIGHT="35" CONTENT="nature," WC="0.60" CC="7016704"/>
					</TextLine>
					<TextLine ID="P132_TL00007" HPOS="139" VPOS="443" WIDTH="155" HEIGHT="32">
						<String ID="P132_ST00040" HPOS="139" VPOS="443" WIDTH="155" HEIGHT="32" CONTENT="talkative." WC="0.84" CC="0200131501"/>
					</TextLine>
				</TextBlock>
				<TextBlock ID="P132_TB00004" HPOS="128" VPOS="500" WIDTH="843" HEIGHT="1096" STYLEREFS="TXT_1 PAR_LEFT">
					<TextLine ID="P132_TL00008" HPOS="182" VPOS="500" WIDTH="788" HEIGHT="46">
						<String ID="P132_ST00041" HPOS="182" VPOS="505" WIDTH="81" HEIGHT="32" CONTENT="Hoav" WC="0.85" CC="5000"/>
						<SP ID="P132_SP00033" HPOS="263" VPOS="537" WIDTH="25"/>
						<String ID="P132_ST00042" HPOS="288" VPOS="505" WIDTH="16" HEIGHT="31" CONTENT="I" WC="0.83" CC="1"/>
						<SP ID="P132_SP00034" HPOS="304" VPOS="537" WIDTH="16"/>
						<String ID="P132_ST00043" HPOS="320" VPOS="504" WIDTH="77" HEIGHT="32" CONTENT="wish" WC="0.48" CC="0667"/>
						<SP ID="P132_SP00035" HPOS="397" VPOS="537" WIDTH="15"/>
						<String ID="P132_ST00044" HPOS="412" VPOS="505" WIDTH="16" HEIGHT="31" CONTENT="I" WC="1.00" CC="0"/>
						<SP ID="P132_SP00036" HPOS="428" VPOS="537" WIDTH="16"/>
						<String ID="P132_ST00045" HPOS="444" VPOS="504" WIDTH="90" HEIGHT="32" CONTENT="could" WC="0.79" CC="00730"/>
						<SP ID="P132_SP00037" HPOS="534" VPOS="537" WIDTH="27"/>
						<String ID="P132_ST00046" HPOS="561" VPOS="503" WIDTH="86" HEIGHT="43" CONTENT="paint" WC="0.71" CC="00445"/>
						<SP ID="P132_SP00038" HPOS="647" VPOS="546" WIDTH="28"/>
						<String ID="P132_ST00047" HPOS="675" VPOS="502" WIDTH="101" HEIGHT="33" CONTENT="Claire" WC="0.63" CC="650440"/>
						<SP ID="P132_SP00039" HPOS="776" VPOS="546" WIDTH="28"/>
						<String ID="P132_ST00048" HPOS="804" VPOS="501" WIDTH="38" HEIGHT="31" CONTENT="de" WC="0.90" CC="02"/>
						<SP ID="P132_SP00040" HPOS="842" VPOS="546" WIDTH="26"/>
						<String ID="P132_ST00049" HPOS="868" VPOS="500" WIDTH="102" HEIGHT="32" CONTENT="Beau" SUBS_TYPE="HypPart1" SUBS_CONTENT="Beauvoisin" WC="0.70" CC="60061"/>
						<HYP CONTENT="-"/>
					</TextLine>
					<TextLine ID="P132_TL00009" HPOS="137" VPOS="562" WIDTH="832" HEIGHT="47">
						<String ID="P132_ST00050" HPOS="137" VPOS="568" WIDTH="98" HEIGHT="31" CONTENT="voisin" SUBS_TYPE="HypPart2" SUBS_CONTENT="Beauvoisin" WC="0.52" CC="503666"/>
						<SP ID="P132_SP00041" HPOS="235" VPOS="599" WIDTH="26"/>
						<String ID="P132_ST00051" HPOS="261" VPOS="579" WIDTH="34" HEIGHT="20" CONTENT="as" WC="0.79" CC="04"/>
						<SP ID="P132_SP00042" HPOS="295" VPOS="599" WIDTH="25"/>
						<String ID="P132_ST00052" HPOS="320" VPOS="567" WIDTH="54" HEIGHT="32" CONTENT="she" WC="0.58" CC="570"/>
						<SP ID="P132_SP00043" HPOS="374" VPOS="599" WIDTH="24"/>
						<String ID="P132_ST00053" HPOS="398" VPOS="567" WIDTH="153" HEIGHT="42" CONTENT="appeared" WC="0.85" CC="60000600"/>
						<SP ID="P132_SP00044" HPOS="551" VPOS="609" WIDTH="26"/>
						<String ID="P132_ST00054" HPOS="577" VPOS="571" WIDTH="33" HEIGHT="27" CONTENT="to" WC="0.73" CC="40"/>
						<SP ID="P132_SP00045" HPOS="610" VPOS="609" WIDTH="23"/>
						<String ID="P132_ST00055" HPOS="633" VPOS="566" WIDTH="88" HEIGHT="31" CONTENT="those" WC="0.56" CC="77070"/>
						<SP ID="P132_SP00046" HPOS="721" VPOS="609" WIDTH="17"/>
						<String ID="P132_ST00056" HPOS="738" VPOS="563" WIDTH="70" HEIGHT="33" CONTENT="AAdio" WC="0.62" CC="09023"/>
						<SP ID="P132_SP00047" HPOS="808" VPOS="609" WIDTH="18"/>
						<String ID="P132_ST00057" HPOS="826" VPOS="574" WIDTH="63" HEIGHT="21" CONTENT="saw" WC="0.79" CC="600"/>
						<SP ID="P132_SP00048" HPOS="889" VPOS="609" WIDTH="24"/>
						<String ID="P132_ST00058" HPOS="913" VPOS="562" WIDTH="56" HEIGHT="32" CONTENT="her" WC="0.66" CC="703"/>
					</TextLine>
					<TextLine ID="P132_TL00010" HPOS="138" VPOS="626" WIDTH="830" HEIGHT="47">
						<String ID="P132_ST00059" HPOS="138" VPOS="643" WIDTH="37" HEIGHT="20" CONTENT="on" WC="0.67" CC="06"/>
						<SP ID="P132_SP00049" HPOS="175" VPOS="663" WIDTH="26"/>
						<String ID="P132_ST00060" HPOS="201" VPOS="631" WIDTH="51" HEIGHT="32" CONTENT="the" WC="0.59" CC="470"/>
						<SP ID="P132_SP00050" HPOS="252" VPOS="663" WIDTH="25"/>
						<String ID="P132_ST00061" HPOS="277" VPOS="631" WIDTH="88" HEIGHT="42" CONTENT="night" WC="0.43" CC="55970"/>
						<SP ID="P132_SP00051" HPOS="365" VPOS="673" WIDTH="27"/>
						<String ID="P132_ST00062" HPOS="392" VPOS="631" WIDTH="31" HEIGHT="31" CONTENT="in" WC="0.78" CC="40"/>
						<SP ID="P132_SP00052" HPOS="423" VPOS="673" WIDTH="22"/>
						<String ID="P132_ST00063" HPOS="445" VPOS="630" WIDTH="156" HEIGHT="42" CONTENT="question!" WC="0.75" CC="060506030"/>
						<SP ID="P132_SP00053" HPOS="601" VPOS="673" WIDTH="49"/>
						<String ID="P132_ST00064" HPOS="650" VPOS="630" WIDTH="51" HEIGHT="30" CONTENT="No" WC="1.00" CC="00"/>
						<SP ID="P132_SP00054" HPOS="701" VPOS="673" WIDTH="27"/>
						<String ID="P132_ST00065" HPOS="728" VPOS="627" WIDTH="128" HEIGHT="33" CONTENT="lovelier" WC="0.79" CC="53000404"/>
						<SP ID="P132_SP00055" HPOS="856" VPOS="673" WIDTH="28"/>
						<String ID="P132_ST00066" HPOS="884" VPOS="626" WIDTH="84" HEIGHT="42" CONTENT="sight" WC="0.65" CC="62071"/>
					</TextLine>
					<TextLine ID="P132_TL00011" HPOS="136" VPOS="688" WIDTH="835" HEIGHT="46">
						<String ID="P132_ST00067" HPOS="136" VPOS="705" WIDTH="57" HEIGHT="19" CONTENT="can" WC="0.84" CC="004"/>
						<SP ID="P132_SP00056" HPOS="193" VPOS="724" WIDTH="25"/>
						<String ID="P132_ST00068" HPOS="218" VPOS="693" WIDTH="38" HEIGHT="31" CONTENT="be" WC="0.68" CC="60"/>
						<SP ID="P132_SP00057" HPOS="256" VPOS="724" WIDTH="27"/>
						<String ID="P132_ST00069" HPOS="283" VPOS="692" WIDTH="161" HEIGHT="42" CONTENT="imagined." WC="0.75" CC="109046000"/>
						<SP ID="P132_SP00058" HPOS="444" VPOS="734" WIDTH="47"/>
						<String ID="P132_ST00070" HPOS="491" VPOS="692" WIDTH="30" HEIGHT="32" CONTENT="It" WC="0.55" CC="62"/>
						<SP ID="P132_SP00059" HPOS="521" VPOS="734" WIDTH="16"/>
						<String ID="P132_ST00071" HPOS="537" VPOS="703" WIDTH="62" HEIGHT="20" CONTENT="Avas" WC="0.79" CC="0304"/>
						<SP ID="P132_SP00060" HPOS="599" VPOS="734" WIDTH="27"/>
						<String ID="P132_ST00072" HPOS="626" VPOS="695" WIDTH="55" HEIGHT="28" CONTENT="not" WC="0.67" CC="702"/>
						<SP ID="P132_SP00061" HPOS="681" VPOS="734" WIDTH="23"/>
						<String ID="P132_ST00073" HPOS="704" VPOS="690" WIDTH="52" HEIGHT="33" CONTENT="the" WC="0.67" CC="170"/>
						<SP ID="P132_SP00062" HPOS="756" VPOS="734" WIDTH="26"/>
						<String ID="P132_ST00074" HPOS="782" VPOS="689" WIDTH="129" HEIGHT="33" CONTENT="fairness" WC="0.70" CC="20364015"/>
						<SP ID="P132_SP00063" HPOS="911" VPOS="734" WIDTH="27"/>
						<String ID="P132_ST00075" HPOS="938" VPOS="688" WIDTH="33" HEIGHT="32" CONTENT="of" WC="0.96" CC="00"/>
					</TextLine>
					<TextLine ID="P132_TL00012" HPOS="135" VPOS="750" WIDTH="832" HEIGHT="45">
						<String ID="P132_ST00076" HPOS="135" VPOS="755" WIDTH="55" HEIGHT="31" CONTENT="her" WC="0.54" CC="706"/>
						<SP ID="P132_SP00064" HPOS="190" VPOS="786" WIDTH="23"/>
						<String ID="P132_ST00077" HPOS="213" VPOS="755" WIDTH="141" HEIGHT="39" CONTENT="features," WC="0.78" CC="000056070"/>
						<SP ID="P132_SP00065" HPOS="354" VPOS="794" WIDTH="17"/>
						<String ID="P132_ST00078" HPOS="371" VPOS="754" WIDTH="52" HEIGHT="31" CONTENT="the" WC="0.57" CC="570"/>
						<SP ID="P132_SP00066" HPOS="423" VPOS="794" WIDTH="23"/>
						<String ID="P132_ST00079" HPOS="446" VPOS="754" WIDTH="151" HEIGHT="41" CONTENT="harmony" WC="0.69" CC="7150060"/>
						<SP ID="P132_SP00067" HPOS="597" VPOS="795" WIDTH="18"/>
						<String ID="P132_ST00080" HPOS="615" VPOS="752" WIDTH="34" HEIGHT="32" CONTENT="of" WC="0.78" CC="40"/>
						<SP ID="P132_SP00068" HPOS="649" VPOS="795" WIDTH="18"/>
						<String ID="P132_ST00081" HPOS="667" VPOS="764" WIDTH="95" HEIGHT="30" CONTENT="every" WC="0.74" CC="06070"/>
						<SP ID="P132_SP00069" HPOS="762" VPOS="795" WIDTH="15"/>
						<String ID="P132_ST00082" HPOS="777" VPOS="751" WIDTH="63" HEIGHT="32" CONTENT="line" WC="0.68" CC="1470"/>
						<SP ID="P132_SP00070" HPOS="840" VPOS="795" WIDTH="24"/>
						<String ID="P132_ST00083" HPOS="864" VPOS="751" WIDTH="31" HEIGHT="31" CONTENT="in" WC="0.48" CC="54"/>
						<SP ID="P132_SP00071" HPOS="895" VPOS="795" WIDTH="17"/>
						<String ID="P132_ST00084" HPOS="912" VPOS="750" WIDTH="55" HEIGHT="32" CONTENT="her" WC="0.51" CC="707"/>
					</TextLine>
					<TextLine ID="P132_TL00013" HPOS="134" VPOS="813" WIDTH="832" HEIGHT="44">
						<String ID="P132_ST00085" HPOS="134" VPOS="816" WIDTH="106" HEIGHT="41" CONTENT="figure," WC="0.71" CC="3307500"/>
						<SP ID="P132_SP00072" HPOS="240" VPOS="857" WIDTH="18"/>
						<String ID="P132_ST00086" HPOS="258" VPOS="828" WIDTH="33" HEIGHT="19" CONTENT="or" WC="0.76" CC="04"/>
						<SP ID="P132_SP00073" HPOS="291" VPOS="857" WIDTH="16"/>
						<String ID="P132_ST00087" HPOS="307" VPOS="816" WIDTH="53" HEIGHT="31" CONTENT="the" WC="0.65" CC="073"/>
						<SP ID="P132_SP00074" HPOS="360" VPOS="857" WIDTH="27"/>
						<String ID="P132_ST00088" HPOS="387" VPOS="815" WIDTH="168" HEIGHT="42" CONTENT="perfection" WC="0.83" CC="0001006205"/>
						<SP ID="P132_SP00075" HPOS="555" VPOS="857" WIDTH="21"/>
						<String ID="P132_ST00089" HPOS="576" VPOS="815" WIDTH="34" HEIGHT="31" CONTENT="of" WC="0.89" CC="02"/>
						<SP ID="P132_SP00076" HPOS="610" VPOS="857" WIDTH="17"/>
						<String ID="P132_ST00090" HPOS="627" VPOS="814" WIDTH="54" HEIGHT="32" CONTENT="the" WC="0.75" CC="070"/>
						<SP ID="P132_SP00077" HPOS="681" VPOS="857" WIDTH="23"/>
						<String ID="P132_ST00091" HPOS="704" VPOS="814" WIDTH="169" HEIGHT="42" CONTENT="colouring," WC="0.76" CC="0000644602"/>
						<SP ID="P132_SP00078" HPOS="873" VPOS="857" WIDTH="25"/>
						<String ID="P132_ST00092" HPOS="898" VPOS="813" WIDTH="68" HEIGHT="33" CONTENT="that" WC="0.78" CC="1700"/>
					</TextLine>
					<TextLine ID="P132_TL00014" HPOS="135" VPOS="876" WIDTH="829" HEIGHT="42">
						<String ID="P132_ST00093" HPOS="135" VPOS="889" WIDTH="33" HEIGHT="20" CONTENT="so" WC="0.63" CC="70"/>
						<SP ID="P132_SP00079" HPOS="168" VPOS="909" WIDTH="25"/>
						<String ID="P132_ST00094" HPOS="193" VPOS="877" WIDTH="144" HEIGHT="32" CONTENT="charmed" WC="0.83" CC="0704000"/>
						<SP ID="P132_SP00080" HPOS="337" VPOS="909" WIDTH="24"/>
						<String ID="P132_ST00095" HPOS="361" VPOS="889" WIDTH="62" HEIGHT="29" CONTENT="you" WC="0.79" CC="006"/>
						<SP ID="P132_SP00081" HPOS="423" VPOS="918" WIDTH="24"/>
						<String ID="P132_ST00096" HPOS="447" VPOS="877" WIDTH="31" HEIGHT="31" CONTENT="in" WC="0.46" CC="45"/>
						<SP ID="P132_SP00082" HPOS="478" VPOS="918" WIDTH="23"/>
						<String ID="P132_ST00097" HPOS="501" VPOS="877" WIDTH="54" HEIGHT="31" CONTENT="her" WC="0.63" CC="703"/>
						<String ID="P132_ST00098" HPOS="566" VPOS="889" WIDTH="7" HEIGHT="28" CONTENT=";" WC="0.62" CC="3"/>
						<SP ID="P132_SP00083" HPOS="573" VPOS="918" WIDTH="25"/>
						<String ID="P132_ST00099" HPOS="598" VPOS="877" WIDTH="22" HEIGHT="31" CONTENT="it" WC="0.47" CC="45"/>
						<SP ID="P132_SP00084" HPOS="620" VPOS="918" WIDTH="18"/>
						<String ID="P132_ST00100" HPOS="638" VPOS="889" WIDTH="73" HEIGHT="28" CONTENT="was," WC="0.48" CC="9073"/>
						<SP ID="P132_SP00085" HPOS="711" VPOS="918" WIDTH="27"/>
						<String ID="P132_ST00101" HPOS="738" VPOS="876" WIDTH="106" HEIGHT="32" CONTENT="united" WC="0.76" CC="860000"/>
						<SP ID="P132_SP00086" HPOS="844" VPOS="918" WIDTH="23"/>
						<String ID="P132_ST00102" HPOS="867" VPOS="881" WIDTH="33" HEIGHT="27" CONTENT="to" WC="0.73" CC="40"/>
						<SP ID="P132_SP00087" HPOS="900" VPOS="918" WIDTH="25"/>
						<String ID="P132_ST00103" HPOS="925" VPOS="876" WIDTH="39" HEIGHT="32" CONTENT="all" WC="0.76" CC="016"/>
					</TextLine>
					<TextLine ID="P132_TL00015" HPOS="132" VPOS="938" WIDTH="834" HEIGHT="42">
						<String ID="P132_ST00104" HPOS="132" VPOS="938" WIDTH="95" HEIGHT="40" CONTENT="these," WC="0.65" CC="570520"/>
						<SP ID="P132_SP00088" HPOS="227" VPOS="978" WIDTH="32"/>
						<String ID="P132_ST00105" HPOS="259" VPOS="938" WIDTH="175" HEIGHT="42" CONTENT="something" WC="0.70" CC="500007660"/>
						<SP ID="P132_SP00089" HPOS="434" VPOS="980" WIDTH="28"/>
						<String ID="P132_ST00106" HPOS="462" VPOS="939" WIDTH="60" HEIGHT="31" CONTENT="else" WC="0.85" CC="0060"/>
						<SP ID="P132_SP00090" HPOS="522" VPOS="980" WIDTH="32"/>
						<String ID="P132_ST00107" HPOS="554" VPOS="939" WIDTH="204" HEIGHT="40" CONTENT="undefinable," WC="0.76" CC="850022305000"/>
						<SP ID="P132_SP00091" HPOS="758" VPOS="980" WIDTH="31"/>
						<String ID="P132_ST00108" HPOS="789" VPOS="938" WIDTH="177" HEIGHT="41" CONTENT="something" WC="0.60" CC="200306569"/>
					</TextLine>
					<TextLine ID="P132_TL00016" HPOS="131" VPOS="1000" WIDTH="830" HEIGHT="41">
						<String ID="P132_ST00109" HPOS="131" VPOS="1000" WIDTH="70" HEIGHT="32" CONTENT="that" WC="0.73" CC="0703"/>
						<SP ID="P132_SP00092" HPOS="201" VPOS="1032" WIDTH="17"/>
						<String ID="P132_ST00110" HPOS="218" VPOS="1000" WIDTH="122" HEIGHT="32" CONTENT="seemed" WC="0.89" CC="500000"/>
						<SP ID="P132_SP00093" HPOS="340" VPOS="1032" WIDTH="16"/>
						<String ID="P132_ST00111" HPOS="356" VPOS="1005" WIDTH="31" HEIGHT="27" CONTENT="to" WC="0.68" CC="60"/>
						<SP ID="P132_SP00094" HPOS="387" VPOS="1032" WIDTH="18"/>
						<String ID="P132_ST00112" HPOS="405" VPOS="1000" WIDTH="87" HEIGHT="32" CONTENT="shine" WC="0.54" CC="67440"/>
						<SP ID="P132_SP00095" HPOS="492" VPOS="1032" WIDTH="24"/>
						<String ID="P132_ST00113" HPOS="516" VPOS="1000" WIDTH="134" HEIGHT="41" CONTENT="through" WC="0.37" CC="5750797"/>
						<SP ID="P132_SP00096" HPOS="650" VPOS="1041" WIDTH="20"/>
						<String ID="P132_ST00114" HPOS="670" VPOS="1000" WIDTH="55" HEIGHT="32" CONTENT="her" WC="0.52" CC="706"/>
						<SP ID="P132_SP00097" HPOS="725" VPOS="1041" WIDTH="24"/>
						<String ID="P132_ST00115" HPOS="749" VPOS="1000" WIDTH="79" HEIGHT="32" CONTENT="from" WC="0.81" CC="3400"/>
						<SP ID="P132_SP00098" HPOS="828" VPOS="1041" WIDTH="19"/>
						<String ID="P132_ST00116" HPOS="847" VPOS="1000" WIDTH="114" HEIGHT="33" CONTENT="within." WC="0.47" CC="9517480"/>
					</TextLine>
					<TextLine ID="P132_TL00017" HPOS="132" VPOS="1061" WIDTH="828" HEIGHT="44">
						<String ID="P132_ST00117" HPOS="132" VPOS="1061" WIDTH="100" HEIGHT="32" CONTENT="There" WC="0.74" CC="07050"/>
						<SP ID="P132_SP00099" HPOS="232" VPOS="1093" WIDTH="27"/>
						<String ID="P132_ST00118" HPOS="259" VPOS="1061" WIDTH="59" HEIGHT="42" CONTENT="lay," WC="0.96" CC="0001"/>
						<SP ID="P132_SP00100" HPOS="318" VPOS="1103" WIDTH="17"/>
						<String ID="P132_ST00119" HPOS="335" VPOS="1073" WIDTH="34" HEIGHT="21" CONTENT="as" WC="0.67" CC="06"/>
						<SP ID="P132_SP00101" HPOS="369" VPOS="1103" WIDTH="25"/>
						<String ID="P132_ST00120" HPOS="394" VPOS="1061" WIDTH="24" HEIGHT="33" CONTENT="it" WC="0.83" CC="11"/>
						<SP ID="P132_SP00102" HPOS="418" VPOS="1103" WIDTH="16"/>
						<String ID="P132_ST00121" HPOS="434" VPOS="1073" WIDTH="89" HEIGHT="29" CONTENT="Avere," WC="0.71" CC="900610"/>
						<SP ID="P132_SP00103" HPOS="523" VPOS="1103" WIDTH="19"/>
						<String ID="P132_ST00122" HPOS="542" VPOS="1074" WIDTH="18" HEIGHT="20" CONTENT="a" WC="1.00" CC="0"/>
						<SP ID="P132_SP00104" HPOS="560" VPOS="1103" WIDTH="24"/>
						<String ID="P132_ST00123" HPOS="584" VPOS="1062" WIDTH="103" HEIGHT="32" CONTENT="bloom" WC="0.87" CC="03100"/>
						<SP ID="P132_SP00105" HPOS="687" VPOS="1103" WIDTH="26"/>
						<String ID="P132_ST00124" HPOS="713" VPOS="1074" WIDTH="83" HEIGHT="31" CONTENT="upon" WC="0.65" CC="5007"/>
						<SP ID="P132_SP00106" HPOS="796" VPOS="1105" WIDTH="17"/>
						<String ID="P132_ST00125" HPOS="813" VPOS="1062" WIDTH="56" HEIGHT="32" CONTENT="her" WC="0.55" CC="606"/>
						<SP ID="P132_SP00107" HPOS="869" VPOS="1105" WIDTH="17"/>
						<String ID="P132_ST00126" HPOS="886" VPOS="1063" WIDTH="74" HEIGHT="32" CONTENT="soul." WC="0.51" CC="63661"/>
					</TextLine>
					<TextLine ID="P132_TL00018" HPOS="131" VPOS="1122" WIDTH="832" HEIGHT="34">
						<String ID="P132_ST00127" HPOS="131" VPOS="1122" WIDTH="101" HEIGHT="32" CONTENT="There" WC="0.72" CC="07060"/>
						<SP ID="P132_SP00108" HPOS="232" VPOS="1154" WIDTH="35"/>
						<String ID="P132_ST00128" HPOS="267" VPOS="1122" WIDTH="113" HEIGHT="32" CONTENT="floated" WC="0.92" CC="2200000"/>
						<SP ID="P132_SP00109" HPOS="380" VPOS="1154" WIDTH="31"/>
						<String ID="P132_ST00129" HPOS="411" VPOS="1123" WIDTH="117" HEIGHT="31" CONTENT="around" WC="0.73" CC="030750"/>
						<SP ID="P132_SP00110" HPOS="528" VPOS="1154" WIDTH="24"/>
						<String ID="P132_ST00130" HPOS="552" VPOS="1122" WIDTH="100" HEIGHT="32" CONTENT="Claire" WC="0.67" CC="640350"/>
						<SP ID="P132_SP00111" HPOS="652" VPOS="1154" WIDTH="32"/>
						<String ID="P132_ST00131" HPOS="684" VPOS="1123" WIDTH="76" HEIGHT="31" CONTENT="such" WC="0.47" CC="7607"/>
						<SP ID="P132_SP00112" HPOS="760" VPOS="1154" WIDTH="31"/>
						<String ID="P132_ST00132" HPOS="791" VPOS="1135" WIDTH="39" HEIGHT="19" CONTENT="an" WC="0.32" CC="66"/>
						<SP ID="P132_SP00113" HPOS="830" VPOS="1154" WIDTH="32"/>
						<String ID="P132_ST00133" HPOS="862" VPOS="1128" WIDTH="101" HEIGHT="28" CONTENT="atmo" SUBS_TYPE="HypPart1" SUBS_CONTENT="atmosphere" WC="0.90" CC="04100"/>
						<HYP CONTENT="-"/>
					</TextLine>
					<TextLine ID="P132_TL00019" HPOS="132" VPOS="1184" WIDTH="827" HEIGHT="43">
						<String ID="P132_ST00134" HPOS="132" VPOS="1185" WIDTH="108" HEIGHT="42" CONTENT="sphere" SUBS_TYPE="HypPart2" SUBS_CONTENT="atmosphere" WC="0.67" CC="607050"/>
						<SP ID="P132_SP00114" HPOS="240" VPOS="1227" WIDTH="17"/>
						<String ID="P132_ST00135" HPOS="257" VPOS="1185" WIDTH="35" HEIGHT="31" CONTENT="of" WC="1.00" CC="00"/>
						<SP ID="P132_SP00115" HPOS="292" VPOS="1227" WIDTH="10"/>
						<String ID="P132_ST00136" HPOS="302" VPOS="1185" WIDTH="113" HEIGHT="41" CONTENT="purity," WC="0.77" CC="0561001"/>
						<SP ID="P132_SP00116" HPOS="415" VPOS="1227" WIDTH="12"/>
						<String ID="P132_ST00137" HPOS="427" VPOS="1185" WIDTH="68" HEIGHT="31" CONTENT="that" WC="0.70" CC="0740"/>
						<SP ID="P132_SP00117" HPOS="495" VPOS="1227" WIDTH="13"/>
						<String ID="P132_ST00138" HPOS="508" VPOS="1184" WIDTH="90" HEIGHT="32" CONTENT="Avhen" WC="0.36" CC="99732"/>
						<SP ID="P132_SP00118" HPOS="598" VPOS="1227" WIDTH="18"/>
						<String ID="P132_ST00139" HPOS="616" VPOS="1185" WIDTH="55" HEIGHT="32" CONTENT="she" WC="0.54" CC="670"/>
						<SP ID="P132_SP00119" HPOS="671" VPOS="1227" WIDTH="17"/>
						<String ID="P132_ST00140" HPOS="688" VPOS="1186" WIDTH="126" HEIGHT="31" CONTENT="entered" WC="0.76" CC="0020509"/>
						<SP ID="P132_SP00120" HPOS="814" VPOS="1227" WIDTH="16"/>
						<String ID="P132_ST00141" HPOS="830" VPOS="1198" WIDTH="18" HEIGHT="19" CONTENT="a" WC="1.00" CC="0"/>
						<SP ID="P132_SP00121" HPOS="848" VPOS="1227" WIDTH="15"/>
						<String ID="P132_ST00142" HPOS="863" VPOS="1198" WIDTH="96" HEIGHT="28" CONTENT="room," WC="0.89" CC="02002"/>
					</TextLine>
					<TextLine ID="P132_TL00020" HPOS="130" VPOS="1246" WIDTH="831" HEIGHT="42">
						<String ID="P132_ST00143" HPOS="130" VPOS="1259" WIDTH="61" HEIGHT="29" CONTENT="you" WC="0.74" CC="007"/>
						<SP ID="P132_SP00122" HPOS="191" VPOS="1288" WIDTH="26"/>
						<String ID="P132_ST00144" HPOS="217" VPOS="1246" WIDTH="134" HEIGHT="41" CONTENT="thought" WC="0.52" CC="1747075"/>
						<SP ID="P132_SP00123" HPOS="351" VPOS="1288" WIDTH="23"/>
						<String ID="P132_ST00145" HPOS="374" VPOS="1258" WIDTH="61" HEIGHT="29" CONTENT="you" WC="0.79" CC="006"/>
						<SP ID="P132_SP00124" HPOS="435" VPOS="1288" WIDTH="26"/>
						<String ID="P132_ST00146" HPOS="461" VPOS="1247" WIDTH="124" HEIGHT="31" CONTENT="scented" WC="0.81" CC="5004300"/>
						<SP ID="P132_SP00125" HPOS="585" VPOS="1288" WIDTH="26"/>
						<String ID="P132_ST00147" HPOS="611" VPOS="1247" WIDTH="54" HEIGHT="31" CONTENT="the" WC="0.74" CC="070"/>
						<SP ID="P132_SP00126" HPOS="665" VPOS="1288" WIDTH="24"/>
						<String ID="P132_ST00148" HPOS="689" VPOS="1247" WIDTH="108" HEIGHT="32" CONTENT="breath" WC="0.69" CC="360007"/>
						<SP ID="P132_SP00127" HPOS="797" VPOS="1288" WIDTH="23"/>
						<String ID="P132_ST00149" HPOS="820" VPOS="1247" WIDTH="34" HEIGHT="32" CONTENT="of" WC="1.00" CC="00"/>
						<SP ID="P132_SP00128" HPOS="854" VPOS="1288" WIDTH="20"/>
						<String ID="P132_ST00150" HPOS="874" VPOS="1248" WIDTH="87" HEIGHT="32" CONTENT="field" SUBS_TYPE="HypPart1" SUBS_CONTENT="fieldflowers." WC="0.76" CC="000490"/>
						<HYP CONTENT="-"/>
					</TextLine>
					<TextLine ID="P132_TL00021" HPOS="130" VPOS="1308" WIDTH="829" HEIGHT="43">
						<String ID="P132_ST00151" HPOS="130" VPOS="1308" WIDTH="127" HEIGHT="32" CONTENT="flowers." SUBS_TYPE="HypPart2" SUBS_CONTENT="fieldflowers." WC="0.88" CC="00000260"/>
						<SP ID="P132_SP00129" HPOS="257" VPOS="1340" WIDTH="58"/>
						<String ID="P132_ST00152" HPOS="315" VPOS="1308" WIDTH="66" HEIGHT="32" CONTENT="The" WC="0.76" CC="070"/>
						<SP ID="P132_SP00130" HPOS="381" VPOS="1340" WIDTH="26"/>
						<String ID="P132_ST00153" HPOS="407" VPOS="1308" WIDTH="156" HEIGHT="32" CONTENT="sensation" WC="0.64" CC="507436031"/>
						<SP ID="P132_SP00131" HPOS="563" VPOS="1340" WIDTH="26"/>
						<String ID="P132_ST00154" HPOS="589" VPOS="1308" WIDTH="54" HEIGHT="32" CONTENT="she" WC="0.51" CC="770"/>
						<SP ID="P132_SP00132" HPOS="643" VPOS="1340" WIDTH="23"/>
						<String ID="P132_ST00155" HPOS="666" VPOS="1308" WIDTH="138" HEIGHT="42" CONTENT="brought" WC="0.59" CC="6606070"/>
						<SP ID="P132_SP00133" HPOS="804" VPOS="1350" WIDTH="29"/>
						<String ID="P132_ST00156" HPOS="833" VPOS="1314" WIDTH="33" HEIGHT="27" CONTENT="to" WC="0.89" CC="02"/>
						<SP ID="P132_SP00134" HPOS="866" VPOS="1350" WIDTH="32"/>
						<String ID="P132_ST00157" HPOS="898" VPOS="1321" WIDTH="61" HEIGHT="30" CONTENT="you" WC="0.77" CC="006"/>
					</TextLine>
					<TextLine ID="P132_TL00022" HPOS="130" VPOS="1370" WIDTH="829" HEIGHT="42">
						<String ID="P132_ST00158" HPOS="130" VPOS="1381" WIDTH="64" HEIGHT="21" CONTENT="was" WC="0.84" CC="004"/>
						<SP ID="P132_SP00135" HPOS="194" VPOS="1402" WIDTH="19"/>
						<String ID="P132_ST00159" HPOS="213" VPOS="1381" WIDTH="34" HEIGHT="21" CONTENT="as" WC="0.93" CC="01"/>
						<SP ID="P132_SP00136" HPOS="247" VPOS="1402" WIDTH="16"/>
						<String ID="P132_ST00160" HPOS="263" VPOS="1370" WIDTH="35" HEIGHT="32" CONTENT="of" WC="0.88" CC="20"/>
						<SP ID="P132_SP00137" HPOS="298" VPOS="1402" WIDTH="17"/>
						<String ID="P132_ST00161" HPOS="315" VPOS="1370" WIDTH="83" HEIGHT="32" CONTENT="fresh" WC="0.61" CC="04077"/>
						<SP ID="P132_SP00138" HPOS="398" VPOS="1402" WIDTH="18"/>
						<String ID="P132_ST00162" HPOS="416" VPOS="1370" WIDTH="53" HEIGHT="33" CONTENT="air." WC="0.70" CC="0560"/>
						<SP ID="P132_SP00139" HPOS="469" VPOS="1403" WIDTH="48"/>
						<String ID="P132_ST00163" HPOS="517" VPOS="1370" WIDTH="72" HEIGHT="31" CONTENT="And" WC="1.00" CC="000"/>
						<SP ID="P132_SP00140" HPOS="589" VPOS="1403" WIDTH="26"/>
						<String ID="P132_ST00164" HPOS="615" VPOS="1375" WIDTH="61" HEIGHT="37" CONTENT="yet," WC="0.65" CC="9030"/>
						<SP ID="P132_SP00141" HPOS="676" VPOS="1412" WIDTH="17"/>
						<String ID="P132_ST00165" HPOS="693" VPOS="1370" WIDTH="121" HEIGHT="42" CONTENT="though" WC="0.61" CC="170607"/>
						<SP ID="P132_SP00142" HPOS="814" VPOS="1412" WIDTH="25"/>
						<String ID="P132_ST00166" HPOS="839" VPOS="1371" WIDTH="40" HEIGHT="32" CONTENT="all" WC="0.79" CC="060"/>
						<SP ID="P132_SP00143" HPOS="879" VPOS="1412" WIDTH="16"/>
						<String ID="P132_ST00167" HPOS="895" VPOS="1383" WIDTH="64" HEIGHT="20" CONTENT="was" WC="0.77" CC="006"/>
					</TextLine>
					<TextLine ID="P132_TL00023" HPOS="130" VPOS="1430" WIDTH="829" HEIGHT="44">
						<String ID="P132_ST00168" HPOS="130" VPOS="1430" WIDTH="132" HEIGHT="42" CONTENT="healthy," WC="0.70" CC="70700700"/>
						<SP ID="P132_SP00144" HPOS="262" VPOS="1472" WIDTH="19"/>
						<String ID="P132_ST00169" HPOS="281" VPOS="1442" WIDTH="84" HEIGHT="30" CONTENT="pure," WC="0.68" CC="07602"/>
						<SP ID="P132_SP00145" HPOS="365" VPOS="1472" WIDTH="18"/>
						<String ID="P132_ST00170" HPOS="383" VPOS="1431" WIDTH="90" HEIGHT="41" CONTENT="fresh," WC="0.73" CC="040370"/>
						<SP ID="P132_SP00146" HPOS="473" VPOS="1472" WIDTH="27"/>
						<String ID="P132_ST00171" HPOS="500" VPOS="1431" WIDTH="60" HEIGHT="32" CONTENT="and" WC="0.53" CC="067"/>
						<SP ID="P132_SP00147" HPOS="560" VPOS="1472" WIDTH="24"/>
						<String ID="P132_ST00172" HPOS="584" VPOS="1431" WIDTH="55" HEIGHT="32" CONTENT="full" WC="0.66" CC="0633"/>
						<SP ID="P132_SP00148" HPOS="639" VPOS="1472" WIDTH="17"/>
						<String ID="P132_ST00173" HPOS="656" VPOS="1431" WIDTH="33" HEIGHT="32" CONTENT="of" WC="0.96" CC="00"/>
						<SP ID="P132_SP00149" HPOS="689" VPOS="1472" WIDTH="23"/>
						<String ID="P132_ST00174" HPOS="712" VPOS="1431" WIDTH="107" HEIGHT="43" CONTENT="youth," WC="0.70" CC="006073"/>
						<SP ID="P132_SP00150" HPOS="819" VPOS="1474" WIDTH="18"/>
						<String ID="P132_ST00175" HPOS="837" VPOS="1432" WIDTH="41" HEIGHT="32" CONTENT="all" WC="0.97" CC="000"/>
						<SP ID="P132_SP00151" HPOS="878" VPOS="1474" WIDTH="17"/>
						<String ID="P132_ST00176" HPOS="895" VPOS="1444" WIDTH="64" HEIGHT="20" CONTENT="was" WC="0.64" CC="072"/>
					</TextLine>
					<TextLine ID="P132_TL00024" HPOS="128" VPOS="1492" WIDTH="831" HEIGHT="44">
						<String ID="P132_ST00177" HPOS="128" VPOS="1496" WIDTH="55" HEIGHT="26" CONTENT="not" WC="0.56" CC="705"/>
						<SP ID="P132_SP00152" HPOS="183" VPOS="1522" WIDTH="18"/>
						<String ID="P132_ST00178" HPOS="201" VPOS="1492" WIDTH="98" HEIGHT="41" CONTENT="joyful" WC="0.75" CC="020064"/>
						<SP ID="P132_SP00153" HPOS="299" VPOS="1533" WIDTH="21"/>
						<String ID="P132_ST00179" HPOS="320" VPOS="1492" WIDTH="31" HEIGHT="32" CONTENT="in" WC="0.67" CC="42"/>
						<SP ID="P132_SP00154" HPOS="351" VPOS="1533" WIDTH="16"/>
						<String ID="P132_ST00180" HPOS="367" VPOS="1492" WIDTH="63" HEIGHT="33" CONTENT="her." WC="0.73" CC="7030"/>
						<SP ID="P132_SP00155" HPOS="430" VPOS="1533" WIDTH="50"/>
						<String ID="P132_ST00181" HPOS="480" VPOS="1492" WIDTH="102" HEIGHT="33" CONTENT="Claire" WC="0.68" CC="660050"/>
						<SP ID="P132_SP00156" HPOS="582" VPOS="1533" WIDTH="24"/>
						<String ID="P132_ST00182" HPOS="606" VPOS="1493" WIDTH="103" HEIGHT="43" CONTENT="rarely" WC="0.94" CC="300000"/>
						<SP ID="P132_SP00157" HPOS="709" VPOS="1536" WIDTH="16"/>
						<String ID="P132_ST00183" HPOS="725" VPOS="1493" WIDTH="134" HEIGHT="43" CONTENT="laughed" WC="0.82" CC="2020700"/>
						<String ID="P132_ST00184" HPOS="871" VPOS="1508" WIDTH="7" HEIGHT="27" CONTENT=";" WC="0.50" CC="4"/>
						<SP ID="P132_SP00158" HPOS="878" VPOS="1536" WIDTH="24"/>
						<String ID="P132_ST00185" HPOS="902" VPOS="1495" WIDTH="57" HEIGHT="32" CONTENT="but" WC="0.43" CC="753"/>
					</TextLine>
					<TextLine ID="P132_TL00025" HPOS="129" VPOS="1552" WIDTH="828" HEIGHT="44">
						<String ID="P132_ST00186" HPOS="129" VPOS="1552" WIDTH="54" HEIGHT="32" CONTENT="her" WC="0.55" CC="706"/>
						<SP ID="P132_SP00159" HPOS="183" VPOS="1584" WIDTH="25"/>
						<String ID="P132_ST00187" HPOS="208" VPOS="1558" WIDTH="103" HEIGHT="35" CONTENT="sweet," WC="0.71" CC="590002"/>
						<SP ID="P132_SP00160" HPOS="311" VPOS="1593" WIDTH="18"/>
						<String ID="P132_ST00188" HPOS="329" VPOS="1554" WIDTH="79" HEIGHT="31" CONTENT="calm" WC="0.63" CC="7150"/>
						<SP ID="P132_SP00161" HPOS="408" VPOS="1593" WIDTH="25"/>
						<String ID="P132_ST00189" HPOS="433" VPOS="1554" WIDTH="73" HEIGHT="41" CONTENT="face," WC="0.94" CC="02000"/>
						<SP ID="P132_SP00162" HPOS="506" VPOS="1595" WIDTH="20"/>
						<String ID="P132_ST00190" HPOS="526" VPOS="1555" WIDTH="123" HEIGHT="31" CONTENT="seemed" WC="0.92" CC="400000"/>
						<SP ID="P132_SP00163" HPOS="649" VPOS="1595" WIDTH="27"/>
						<String ID="P132_ST00191" HPOS="676" VPOS="1555" WIDTH="115" HEIGHT="41" CONTENT="ahATays" WC="0.52" CC="0997006"/>
						<SP ID="P132_SP00164" HPOS="791" VPOS="1596" WIDTH="24"/>
						<String ID="P132_ST00192" HPOS="815" VPOS="1555" WIDTH="96" HEIGHT="33" CONTENT="about" WC="0.74" CC="07040"/>
						<SP ID="P132_SP00165" HPOS="911" VPOS="1596" WIDTH="16"/>
						<String ID="P132_ST00193" HPOS="927" VPOS="1561" WIDTH="30" HEIGHT="28" CONTENT="to" WC="0.89" CC="20"/>
					</TextLine>
				</TextBlock>
			</PrintSpace>
		</Page>
	</Layout>
</alto>
