<?xml version="1.0" encoding="UTF-8"?>
<alto xmlns:xsi="http://www.w3.org/2001/XMLSchema-instance" xsi:noNamespaceSchemaLocation="http://www.bl.uk/schemas/alto/alto-1-4.xsd" xmlns:xlink="http://www.w3.org/1999/xlink">
	<Description>
		<MeasurementUnit>mm10</MeasurementUnit>
		<sourceImageInformation>
			<fileName>//head1/IN/2007-46/A0010888503.1/009541.jp2</fileName>
		</sourceImageInformation>
		<OCRProcessing ID="OCRPROCESSING_1">
			<preProcessingStep>
				<processingSoftware>
					<softwareCreator>CCS Content Conversion Specialists GmbH, Germany</softwareCreator>
					<softwareName>CCS docWORKS</softwareName>
					<softwareVersion>6.1-0.61</softwareVersion>
				</processingSoftware>
			</preProcessingStep>
			<ocrProcessingStep>
				<processingSoftware>
					<softwareCreator>ABBYY (BIT Software), Russia</softwareCreator>
					<softwareName>Finereader</softwareName>
				</processingSoftware>
			</ocrProcessingStep>
		</OCRProcessing>
	</Description>
	<Styles>
		<TextStyle ID="TXT_0" FONTSIZE="11" FONTFAMILY="Courier New"/>
		<ParagraphStyle ID="PAR_LEFT" ALIGN="Left"/>
	</Styles>
	<Layout>
		<Page ID="P5" PHYSICAL_IMG_NR="5" HEIGHT="1740" WIDTH="1090" POSITION="Right" ACCURACY="54.86">
			<TopMargin ID="P5_TM00001" HPOS="0" VPOS="0" WIDTH="1089" HEIGHT="0"/>
			<LeftMargin ID="P5_LM00001" HPOS="0" VPOS="0" WIDTH="0" HEIGHT="1739"/>
			<RightMargin ID="P5_RM00001" HPOS="1089" VPOS="0" WIDTH="0" HEIGHT="1739"/>
			<BottomMargin ID="P5_BM00001" HPOS="0" VPOS="1739" WIDTH="1089" HEIGHT="0"/>
			<PrintSpace ID="P5_PS00001" HPOS="0" VPOS="0" WIDTH="1089" HEIGHT="1739">
				<TextBlock ID="P5_TB00001" HPOS="213" VPOS="742" WIDTH="570" HEIGHT="40" STYLEREFS="TXT_0 PAR_LEFT">
					<TextLine ID="P5_TL00001" HPOS="215" VPOS="743" WIDTH="568" HEIGHT="39">
						<String ID="P5_ST00001" HPOS="215" VPOS="743" WIDTH="131" HEIGHT="39" CONTENT="LOVE" WC="0.65" CC="0471"/>
						<SP ID="P5_SP00001" HPOS="346" VPOS="782" WIDTH="41"/>
						<String ID="P5_ST00002" HPOS="387" VPOS="743" WIDTH="103" HEIGHT="39" CONTENT="THE" WC="0.55" CC="264"/>
						<SP ID="P5_SP00002" HPOS="490" VPOS="782" WIDTH="39"/>
						<String ID="P5_ST00003" HPOS="529" VPOS="743" WIDTH="254" HEIGHT="39" CONTENT="AVENGEE." WC="0.45" CC="67087173"/>
					</TextLine>
				</TextBlock>
			</PrintSpace>
		</Page>
	</Layout>
</alto>
