<?xml version="1.0" encoding="UTF-8"?>
<alto xmlns:xsi="http://www.w3.org/2001/XMLSchema-instance" xsi:noNamespaceSchemaLocation="http://www.bl.uk/schemas/alto/alto-1-4.xsd" xmlns:xlink="http://www.w3.org/1999/xlink">
	<Description>
		<MeasurementUnit>mm10</MeasurementUnit>
		<sourceImageInformation>
			<fileName>//head1/IN/2007-46/A0010888503.1/009547.jp2</fileName>
		</sourceImageInformation>
		<OCRProcessing ID="OCRPROCESSING_1">
			<preProcessingStep>
				<processingSoftware>
					<softwareCreator>CCS Content Conversion Specialists GmbH, Germany</softwareCreator>
					<softwareName>CCS docWORKS</softwareName>
					<softwareVersion>6.1-0.61</softwareVersion>
				</processingSoftware>
			</preProcessingStep>
			<ocrProcessingStep>
				<processingSoftware>
					<softwareCreator>ABBYY (BIT Software), Russia</softwareCreator>
					<softwareName>Finereader</softwareName>
				</processingSoftware>
			</ocrProcessingStep>
		</OCRProcessing>
	</Description>
	<Styles>
		<TextStyle ID="TXT_0" FONTSIZE="10" FONTFAMILY="Courier New"/>
		<TextStyle ID="TXT_1" FONTSIZE="9" FONTFAMILY="Courier New"/>
		<ParagraphStyle ID="PAR_CENTER" ALIGN="Center"/>
		<ParagraphStyle ID="PAR_RIGHT" ALIGN="Right"/>
	</Styles>
	<Layout>
		<Page ID="P11" PHYSICAL_IMG_NR="11" HEIGHT="1740" WIDTH="1090" POSITION="Right" ACCURACY="71.43">
			<TopMargin ID="P11_TM00001" HPOS="0" VPOS="0" WIDTH="1089" HEIGHT="418"/>
			<LeftMargin ID="P11_LM00001" HPOS="0" VPOS="418" WIDTH="107" HEIGHT="1133"/>
			<RightMargin ID="P11_RM00001" HPOS="924" VPOS="418" WIDTH="165" HEIGHT="1133"/>
			<BottomMargin ID="P11_BM00001" HPOS="0" VPOS="1551" WIDTH="1089" HEIGHT="188"/>
			<PrintSpace ID="P11_PS00001" HPOS="107" VPOS="418" WIDTH="817" HEIGHT="1133">
				<TextBlock ID="P11_TB00001" HPOS="388" VPOS="418" WIDTH="259" HEIGHT="34" STYLEREFS="TXT_0 PAR_CENTER">
					<TextLine ID="P11_TL00001" HPOS="389" VPOS="420" WIDTH="258" HEIGHT="32">
						<String ID="P11_ST00001" HPOS="389" VPOS="420" WIDTH="258" HEIGHT="32" CONTENT="CONTENTS." WC="0.63" CC="454144062"/>
					</TextLine>
				</TextBlock>
				<TextBlock ID="P11_TB00002" HPOS="419" VPOS="568" WIDTH="196" HEIGHT="23" STYLEREFS="TXT_0 PAR_CENTER">
					<TextLine ID="P11_TL00002" HPOS="420" VPOS="569" WIDTH="195" HEIGHT="22">
						<String ID="P11_ST00002" HPOS="420" VPOS="569" WIDTH="153" HEIGHT="22" CONTENT="CHAPTER" WC="0.34" CC="5796609"/>
						<SP ID="P11_SP00001" HPOS="573" VPOS="591" WIDTH="24"/>
						<String ID="P11_ST00003" HPOS="597" VPOS="570" WIDTH="18" HEIGHT="21" CONTENT="I." WC="1.00" CC="00"/>
					</TextLine>
				</TextBlock>
				<TextBlock ID="P11_TB00003" HPOS="870" VPOS="608" WIDTH="53" HEIGHT="14" STYLEREFS="TXT_1 PAR_RIGHT">
					<TextLine ID="P11_TL00003" HPOS="871" VPOS="609" WIDTH="52" HEIGHT="13">
						<String ID="P11_ST00004" HPOS="871" VPOS="609" WIDTH="52" HEIGHT="13" CONTENT="PAGE" WC="0.25" CC="6967"/>
					</TextLine>
				</TextBlock>
				<TextBlock ID="P11_TB00004" HPOS="110" VPOS="635" WIDTH="813" HEIGHT="19" STYLEREFS="TXT_1 PAR_CENTER">
					<TextLine ID="P11_TL00004" HPOS="111" VPOS="635" WIDTH="812" HEIGHT="19">
						<String ID="P11_ST00005" HPOS="111" VPOS="638" WIDTH="82" HEIGHT="16" CONTENT="ALONE" WC="0.65" CC="06072"/>
						<SP ID="P11_SP00002" HPOS="193" VPOS="654" WIDTH="21"/>
						<String ID="P11_ST00006" HPOS="214" VPOS="638" WIDTH="27" HEIGHT="16" CONTENT="IN" WC="0.61" CC="07"/>
						<SP ID="P11_SP00003" HPOS="241" VPOS="654" WIDTH="19"/>
						<String ID="P11_ST00007" HPOS="260" VPOS="639" WIDTH="56" HEIGHT="15" CONTENT="LIFE" WC="0.75" CC="0063"/>
						<SP ID="P11_SP00004" HPOS="316" VPOS="654" WIDTH="69"/>
						<String ID="P11_ST00008" HPOS="385" VPOS="640" WIDTH="474" HEIGHT="14" CONTENT="......." WC="0.89" CC="0000008"/>
						<SP ID="P11_SP00005" HPOS="859" VPOS="654" WIDTH="55"/>
						<String ID="P11_ST00009" HPOS="914" VPOS="635" WIDTH="9" HEIGHT="19" CONTENT="1" WC="0.77" CC="2"/>
					</TextLine>
				</TextBlock>
				<TextBlock ID="P11_TB00005" HPOS="412" VPOS="698" WIDTH="210" HEIGHT="22" STYLEREFS="TXT_1 PAR_CENTER">
					<TextLine ID="P11_TL00005" HPOS="413" VPOS="699" WIDTH="209" HEIGHT="21">
						<String ID="P11_ST00010" HPOS="413" VPOS="699" WIDTH="153" HEIGHT="21" CONTENT="CHAPTER" WC="0.48" CC="0696039"/>
						<SP ID="P11_SP00006" HPOS="566" VPOS="720" WIDTH="26"/>
						<String ID="P11_ST00011" HPOS="592" VPOS="700" WIDTH="30" HEIGHT="20" CONTENT="II." WC="1.00" CC="000"/>
					</TextLine>
				</TextBlock>
				<TextBlock ID="P11_TB00006" HPOS="110" VPOS="747" WIDTH="814" HEIGHT="20" STYLEREFS="TXT_1 PAR_CENTER">
					<TextLine ID="P11_TL00006" HPOS="110" VPOS="748" WIDTH="814" HEIGHT="19">
						<String ID="P11_ST00012" HPOS="110" VPOS="751" WIDTH="49" HEIGHT="16" CONTENT="THE" WC="0.38" CC="854"/>
						<SP ID="P11_SP00007" HPOS="159" VPOS="767" WIDTH="20"/>
						<String ID="P11_ST00013" HPOS="179" VPOS="751" WIDTH="95" HEIGHT="16" CONTENT="APPEAL" WC="0.33" CC="977708"/>
						<SP ID="P11_SP00008" HPOS="274" VPOS="767" WIDTH="66"/>
						<String ID="P11_ST00014" HPOS="340" VPOS="762" WIDTH="5" HEIGHT="5" CONTENT="." WC="0.97" CC="0"/>
						<SP ID="P11_SP00009" HPOS="345" VPOS="767" WIDTH="73"/>
						<String ID="P11_ST00015" HPOS="418" VPOS="763" WIDTH="5" HEIGHT="4" CONTENT="." WC="0.92" CC="0"/>
						<SP ID="P11_SP00010" HPOS="423" VPOS="767" WIDTH="72"/>
						<String ID="P11_ST00016" HPOS="495" VPOS="763" WIDTH="6" HEIGHT="4" CONTENT="." WC="0.92" CC="0"/>
						<SP ID="P11_SP00011" HPOS="501" VPOS="767" WIDTH="73"/>
						<String ID="P11_ST00017" HPOS="574" VPOS="763" WIDTH="5" HEIGHT="4" CONTENT="." WC="1.00" CC="0"/>
						<SP ID="P11_SP00012" HPOS="579" VPOS="767" WIDTH="72"/>
						<String ID="P11_ST00018" HPOS="651" VPOS="763" WIDTH="6" HEIGHT="4" CONTENT="." WC="0.78" CC="2"/>
						<SP ID="P11_SP00013" HPOS="657" VPOS="767" WIDTH="72"/>
						<String ID="P11_ST00019" HPOS="729" VPOS="762" WIDTH="6" HEIGHT="5" CONTENT="." WC="0.65" CC="3"/>
						<SP ID="P11_SP00014" HPOS="735" VPOS="767" WIDTH="71"/>
						<String ID="P11_ST00020" HPOS="806" VPOS="762" WIDTH="6" HEIGHT="5" CONTENT="." WC="0.78" CC="2"/>
						<SP ID="P11_SP00015" HPOS="812" VPOS="767" WIDTH="38"/>
						<String ID="P11_ST00021" HPOS="850" VPOS="762" WIDTH="5" HEIGHT="5" CONTENT="." WC="1.00" CC="0"/>
						<SP ID="P11_SP00016" HPOS="855" VPOS="767" WIDTH="41"/>
						<String ID="P11_ST00022" HPOS="896" VPOS="748" WIDTH="28" HEIGHT="19" CONTENT="18" WC="0.63" CC="07"/>
					</TextLine>
				</TextBlock>
				<TextBlock ID="P11_TB00007" HPOS="404" VPOS="811" WIDTH="225" HEIGHT="22" STYLEREFS="TXT_1 PAR_CENTER">
					<TextLine ID="P11_TL00007" HPOS="405" VPOS="812" WIDTH="224" HEIGHT="21">
						<String ID="P11_ST00023" HPOS="405" VPOS="812" WIDTH="154" HEIGHT="21" CONTENT="CHAPTER" WC="0.37" CC="1596729"/>
						<SP ID="P11_SP00017" HPOS="559" VPOS="833" WIDTH="25"/>
						<String ID="P11_ST00024" HPOS="584" VPOS="812" WIDTH="45" HEIGHT="21" CONTENT="III." WC="1.00" CC="0000"/>
					</TextLine>
				</TextBlock>
				<TextBlock ID="P11_TB00008" HPOS="111" VPOS="859" WIDTH="812" HEIGHT="19" STYLEREFS="TXT_1 PAR_CENTER">
					<TextLine ID="P11_TL00008" HPOS="112" VPOS="860" WIDTH="811" HEIGHT="18">
						<String ID="P11_ST00025" HPOS="112" VPOS="863" WIDTH="47" HEIGHT="15" CONTENT="OUT" WC="0.52" CC="166"/>
						<SP ID="P11_SP00018" HPOS="159" VPOS="878" WIDTH="19"/>
						<String ID="P11_ST00026" HPOS="178" VPOS="863" WIDTH="32" HEIGHT="15" CONTENT="ON" WC="0.66" CC="06"/>
						<SP ID="P11_SP00019" HPOS="210" VPOS="878" WIDTH="20"/>
						<String ID="P11_ST00027" HPOS="230" VPOS="863" WIDTH="48" HEIGHT="15" CONTENT="THE" WC="0.49" CC="445"/>
						<SP ID="P11_SP00020" HPOS="278" VPOS="878" WIDTH="20"/>
						<String ID="P11_ST00028" HPOS="298" VPOS="863" WIDTH="66" HEIGHT="15" CONTENT="ROAD" WC="0.40" CC="6097"/>
						<SP ID="P11_SP00021" HPOS="364" VPOS="878" WIDTH="20"/>
						<String ID="P11_ST00029" HPOS="384" VPOS="874" WIDTH="470" HEIGHT="4" CONTENT="......." WC="0.98" CC="0000000"/>
						<SP ID="P11_SP00022" HPOS="854" VPOS="878" WIDTH="40"/>
						<String ID="P11_ST00030" HPOS="894" VPOS="860" WIDTH="29" HEIGHT="18" CONTENT="36" WC="0.36" CC="57"/>
					</TextLine>
				</TextBlock>
				<TextBlock ID="P11_TB00009" HPOS="408" VPOS="922" WIDTH="219" HEIGHT="22" STYLEREFS="TXT_1 PAR_CENTER">
					<TextLine ID="P11_TL00009" HPOS="409" VPOS="923" WIDTH="218" HEIGHT="21">
						<String ID="P11_ST00031" HPOS="409" VPOS="923" WIDTH="153" HEIGHT="21" CONTENT="CHAPTER" WC="0.51" CC="3196308"/>
						<SP ID="P11_SP00023" HPOS="562" VPOS="944" WIDTH="25"/>
						<String ID="P11_ST00032" HPOS="587" VPOS="924" WIDTH="40" HEIGHT="20" CONTENT="IV." WC="0.69" CC="062"/>
					</TextLine>
				</TextBlock>
				<TextBlock ID="P11_TB00010" HPOS="110" VPOS="971" WIDTH="814" HEIGHT="19" STYLEREFS="TXT_1 PAR_CENTER">
					<TextLine ID="P11_TL00010" HPOS="111" VPOS="972" WIDTH="813" HEIGHT="18">
						<String ID="P11_ST00033" HPOS="111" VPOS="975" WIDTH="83" HEIGHT="15" CONTENT="ALONE" WC="0.50" CC="92182"/>
						<SP ID="P11_SP00024" HPOS="194" VPOS="990" WIDTH="20"/>
						<String ID="P11_ST00034" HPOS="214" VPOS="976" WIDTH="27" HEIGHT="14" CONTENT="IN" WC="1.00" CC="00"/>
						<SP ID="P11_SP00025" HPOS="241" VPOS="990" WIDTH="18"/>
						<String ID="P11_ST00035" HPOS="259" VPOS="976" WIDTH="49" HEIGHT="14" CONTENT="THE" WC="0.57" CC="561"/>
						<SP ID="P11_SP00026" HPOS="308" VPOS="990" WIDTH="19"/>
						<String ID="P11_ST00036" HPOS="327" VPOS="976" WIDTH="86" HEIGHT="14" CONTENT="WORLD" WC="0.74" CC="71400"/>
						<SP ID="P11_SP00027" HPOS="413" VPOS="990" WIDTH="83"/>
						<String ID="P11_ST00037" HPOS="496" VPOS="987" WIDTH="5" HEIGHT="3" CONTENT="." WC="0.78" CC="2"/>
						<SP ID="P11_SP00028" HPOS="501" VPOS="990" WIDTH="72"/>
						<String ID="P11_ST00038" HPOS="573" VPOS="987" WIDTH="5" HEIGHT="3" CONTENT="." WC="1.00" CC="0"/>
						<SP ID="P11_SP00029" HPOS="578" VPOS="990" WIDTH="74"/>
						<String ID="P11_ST00039" HPOS="652" VPOS="988" WIDTH="4" HEIGHT="2" CONTENT="." WC="0.71" CC="2"/>
						<SP ID="P11_SP00030" HPOS="656" VPOS="990" WIDTH="73"/>
						<String ID="P11_ST00040" HPOS="729" VPOS="988" WIDTH="4" HEIGHT="2" CONTENT="." WC="0.92" CC="0"/>
						<SP ID="P11_SP00031" HPOS="733" VPOS="990" WIDTH="160"/>
						<String ID="P11_ST00041" HPOS="893" VPOS="972" WIDTH="31" HEIGHT="18" CONTENT="47" WC="0.54" CC="90"/>
					</TextLine>
				</TextBlock>
				<TextBlock ID="P11_TB00011" HPOS="413" VPOS="1033" WIDTH="205" HEIGHT="23" STYLEREFS="TXT_1 PAR_CENTER">
					<TextLine ID="P11_TL00011" HPOS="413" VPOS="1034" WIDTH="205" HEIGHT="22">
						<String ID="P11_ST00042" HPOS="413" VPOS="1034" WIDTH="154" HEIGHT="22" CONTENT="CHAPTER" WC="0.36" CC="6396719"/>
						<SP ID="P11_SP00032" HPOS="567" VPOS="1056" WIDTH="24"/>
						<String ID="P11_ST00043" HPOS="591" VPOS="1035" WIDTH="27" HEIGHT="21" CONTENT="V." WC="0.55" CC="71"/>
					</TextLine>
				</TextBlock>
				<TextBlock ID="P11_TB00012" HPOS="110" VPOS="1083" WIDTH="813" HEIGHT="19" STYLEREFS="TXT_1 PAR_CENTER">
					<TextLine ID="P11_TL00012" HPOS="110" VPOS="1084" WIDTH="813" HEIGHT="18">
						<String ID="P11_ST00044" HPOS="110" VPOS="1087" WIDTH="17" HEIGHT="15" CONTENT="A" WC="0.12" CC="8"/>
						<SP ID="P11_SP00033" HPOS="127" VPOS="1102" WIDTH="19"/>
						<String ID="P11_ST00045" HPOS="146" VPOS="1086" WIDTH="65" HEIGHT="16" CONTENT="REAL" WC="0.24" CC="7688"/>
						<SP ID="P11_SP00034" HPOS="211" VPOS="1102" WIDTH="19"/>
						<String ID="P11_ST00046" HPOS="230" VPOS="1086" WIDTH="92" HEIGHT="16" CONTENT="WOMAN" WC="0.26" CC="93597"/>
						<SP ID="P11_SP00035" HPOS="322" VPOS="1102" WIDTH="62"/>
						<String ID="P11_ST00047" HPOS="384" VPOS="1097" WIDTH="470" HEIGHT="5" CONTENT="......." WC="0.96" CC="0000010"/>
						<SP ID="P11_SP00036" HPOS="854" VPOS="1102" WIDTH="40"/>
						<String ID="P11_ST00048" HPOS="894" VPOS="1084" WIDTH="29" HEIGHT="18" CONTENT="05" WC="0.55" CC="71"/>
					</TextLine>
				</TextBlock>
				<TextBlock ID="P11_TB00013" HPOS="405" VPOS="1146" WIDTH="220" HEIGHT="22" STYLEREFS="TXT_1 PAR_CENTER">
					<TextLine ID="P11_TL00013" HPOS="406" VPOS="1147" WIDTH="219" HEIGHT="21">
						<String ID="P11_ST00049" HPOS="406" VPOS="1147" WIDTH="153" HEIGHT="21" CONTENT="CHAPTER" WC="0.54" CC="2606069"/>
						<SP ID="P11_SP00037" HPOS="559" VPOS="1168" WIDTH="25"/>
						<String ID="P11_ST00050" HPOS="584" VPOS="1147" WIDTH="41" HEIGHT="21" CONTENT="VI." WC="0.74" CC="600"/>
					</TextLine>
				</TextBlock>
				<TextBlock ID="P11_TB00014" HPOS="110" VPOS="1194" WIDTH="814" HEIGHT="20" STYLEREFS="TXT_1 PAR_CENTER">
					<TextLine ID="P11_TL00014" HPOS="111" VPOS="1195" WIDTH="813" HEIGHT="19">
						<String ID="P11_ST00051" HPOS="111" VPOS="1198" WIDTH="48" HEIGHT="16" CONTENT="OUT" WC="0.29" CC="596"/>
						<SP ID="P11_SP00038" HPOS="159" VPOS="1214" WIDTH="18"/>
						<String ID="P11_ST00052" HPOS="177" VPOS="1198" WIDTH="27" HEIGHT="16" CONTENT="IN" WC="0.93" CC="10"/>
						<SP ID="P11_SP00039" HPOS="204" VPOS="1214" WIDTH="19"/>
						<String ID="P11_ST00053" HPOS="223" VPOS="1198" WIDTH="49" HEIGHT="16" CONTENT="THE" WC="0.29" CC="875"/>
						<SP ID="P11_SP00040" HPOS="272" VPOS="1214" WIDTH="19"/>
						<String ID="P11_ST00054" HPOS="291" VPOS="1198" WIDTH="49" HEIGHT="16" CONTENT="SUN" WC="0.60" CC="506"/>
						<SP ID="P11_SP00041" HPOS="340" VPOS="1214" WIDTH="78"/>
						<String ID="P11_ST00055" HPOS="418" VPOS="1210" WIDTH="5" HEIGHT="4" CONTENT="." WC="1.00" CC="0"/>
						<SP ID="P11_SP00042" HPOS="423" VPOS="1214" WIDTH="73"/>
						<String ID="P11_ST00056" HPOS="496" VPOS="1210" WIDTH="5" HEIGHT="4" CONTENT="." WC="1.00" CC="0"/>
						<SP ID="P11_SP00043" HPOS="501" VPOS="1214" WIDTH="73"/>
						<String ID="P11_ST00057" HPOS="574" VPOS="1210" WIDTH="4" HEIGHT="4" CONTENT="." WC="1.00" CC="0"/>
						<SP ID="P11_SP00044" HPOS="578" VPOS="1214" WIDTH="74"/>
						<String ID="P11_ST00058" HPOS="652" VPOS="1210" WIDTH="4" HEIGHT="4" CONTENT="." WC="1.00" CC="0"/>
						<SP ID="P11_SP00045" HPOS="656" VPOS="1214" WIDTH="74"/>
						<String ID="P11_ST00059" HPOS="730" VPOS="1211" WIDTH="4" HEIGHT="3" CONTENT="." WC="1.00" CC="0"/>
						<SP ID="P11_SP00046" HPOS="734" VPOS="1214" WIDTH="73"/>
						<String ID="P11_ST00060" HPOS="807" VPOS="1211" WIDTH="5" HEIGHT="3" CONTENT="." WC="1.00" CC="0"/>
						<SP ID="P11_SP00047" HPOS="812" VPOS="1214" WIDTH="38"/>
						<String ID="P11_ST00061" HPOS="850" VPOS="1212" WIDTH="5" HEIGHT="2" CONTENT="." WC="1.00" CC="0"/>
						<SP ID="P11_SP00048" HPOS="855" VPOS="1214" WIDTH="41"/>
						<String ID="P11_ST00062" HPOS="896" VPOS="1195" WIDTH="28" HEIGHT="19" CONTENT="75" WC="0.38" CC="65"/>
					</TextLine>
				</TextBlock>
				<TextBlock ID="P11_TB00015" HPOS="401" VPOS="1259" WIDTH="230" HEIGHT="22" STYLEREFS="TXT_1 PAR_CENTER">
					<TextLine ID="P11_TL00015" HPOS="401" VPOS="1260" WIDTH="230" HEIGHT="21">
						<String ID="P11_ST00063" HPOS="401" VPOS="1260" WIDTH="155" HEIGHT="21" CONTENT="CHAPTER" WC="0.71" CC="1456020"/>
						<SP ID="P11_SP00049" HPOS="556" VPOS="1281" WIDTH="19"/>
						<String ID="P11_ST00064" HPOS="575" VPOS="1261" WIDTH="56" HEIGHT="20" CONTENT="VII." WC="0.80" CC="6100"/>
					</TextLine>
				</TextBlock>
				<TextBlock ID="P11_TB00016" HPOS="108" VPOS="1308" WIDTH="815" HEIGHT="20" STYLEREFS="TXT_1 PAR_CENTER">
					<TextLine ID="P11_TL00016" HPOS="109" VPOS="1309" WIDTH="814" HEIGHT="19">
						<String ID="P11_ST00065" HPOS="109" VPOS="1313" WIDTH="50" HEIGHT="15" CONTENT="TWO" WC="0.34" CC="990"/>
						<SP ID="P11_SP00050" HPOS="159" VPOS="1328" WIDTH="20"/>
						<String ID="P11_ST00066" HPOS="179" VPOS="1313" WIDTH="117" HEIGHT="15" CONTENT="MOTHERS" WC="0.44" CC="6094675"/>
						<SP ID="P11_SP00051" HPOS="296" VPOS="1328" WIDTH="83"/>
						<String ID="P11_ST00067" HPOS="379" VPOS="1324" WIDTH="475" HEIGHT="4" CONTENT="......." WC="0.95" CC="0000300"/>
						<SP ID="P11_SP00052" HPOS="854" VPOS="1328" WIDTH="39"/>
						<String ID="P11_ST00068" HPOS="893" VPOS="1309" WIDTH="30" HEIGHT="19" CONTENT="93" WC="0.32" CC="67"/>
					</TextLine>
				</TextBlock>
				<TextBlock ID="P11_TB00017" HPOS="394" VPOS="1371" WIDTH="249" HEIGHT="22" STYLEREFS="TXT_1 PAR_CENTER">
					<TextLine ID="P11_TL00017" HPOS="395" VPOS="1372" WIDTH="248" HEIGHT="21">
						<String ID="P11_ST00069" HPOS="395" VPOS="1372" WIDTH="154" HEIGHT="21" CONTENT="CHAPTER" WC="0.64" CC="3396000"/>
						<SP ID="P11_SP00053" HPOS="549" VPOS="1393" WIDTH="24"/>
						<String ID="P11_ST00070" HPOS="573" VPOS="1372" WIDTH="70" HEIGHT="21" CONTENT="VIII." WC="0.72" CC="90030"/>
					</TextLine>
				</TextBlock>
				<TextBlock ID="P11_TB00018" HPOS="107" VPOS="1420" WIDTH="815" HEIGHT="20" STYLEREFS="TXT_1 PAR_CENTER">
					<TextLine ID="P11_TL00018" HPOS="109" VPOS="1421" WIDTH="813" HEIGHT="19">
						<String ID="P11_ST00071" HPOS="109" VPOS="1425" WIDTH="49" HEIGHT="15" CONTENT="THE" WC="0.51" CC="553"/>
						<SP ID="P11_SP00054" HPOS="158" VPOS="1440" WIDTH="19"/>
						<String ID="P11_ST00072" HPOS="177" VPOS="1425" WIDTH="120" HEIGHT="15" CONTENT="HUSBAND" WC="0.51" CC="4966007"/>
						<SP ID="P11_SP00055" HPOS="297" VPOS="1440" WIDTH="42"/>
						<String ID="P11_ST00073" HPOS="339" VPOS="1436" WIDTH="4" HEIGHT="4" CONTENT="." WC="0.78" CC="2"/>
						<SP ID="P11_SP00056" HPOS="343" VPOS="1440" WIDTH="74"/>
						<String ID="P11_ST00074" HPOS="417" VPOS="1436" WIDTH="5" HEIGHT="4" CONTENT="." WC="1.00" CC="0"/>
						<SP ID="P11_SP00057" HPOS="422" VPOS="1440" WIDTH="73"/>
						<String ID="P11_ST00075" HPOS="495" VPOS="1436" WIDTH="5" HEIGHT="4" CONTENT="." WC="0.92" CC="0"/>
						<SP ID="P11_SP00058" HPOS="500" VPOS="1440" WIDTH="73"/>
						<String ID="P11_ST00076" HPOS="573" VPOS="1436" WIDTH="5" HEIGHT="4" CONTENT="." WC="1.00" CC="0"/>
						<SP ID="P11_SP00059" HPOS="578" VPOS="1440" WIDTH="73"/>
						<String ID="P11_ST00077" HPOS="651" VPOS="1436" WIDTH="4" HEIGHT="4" CONTENT="." WC="1.00" CC="0"/>
						<SP ID="P11_SP00060" HPOS="655" VPOS="1440" WIDTH="73"/>
						<String ID="P11_ST00078" HPOS="728" VPOS="1436" WIDTH="5" HEIGHT="4" CONTENT="." WC="1.00" CC="0"/>
						<SP ID="P11_SP00061" HPOS="733" VPOS="1440" WIDTH="73"/>
						<String ID="P11_ST00079" HPOS="806" VPOS="1436" WIDTH="4" HEIGHT="4" CONTENT="." WC="1.00" CC="0"/>
						<SP ID="P11_SP00062" HPOS="810" VPOS="1440" WIDTH="39"/>
						<String ID="P11_ST00080" HPOS="849" VPOS="1436" WIDTH="5" HEIGHT="4" CONTENT="." WC="1.00" CC="0"/>
						<SP ID="P11_SP00063" HPOS="854" VPOS="1440" WIDTH="23"/>
						<String ID="P11_ST00081" HPOS="877" VPOS="1421" WIDTH="45" HEIGHT="19" CONTENT="105" WC="0.83" CC="004"/>
					</TextLine>
				</TextBlock>
				<TextBlock ID="P11_TB00019" HPOS="403" VPOS="1482" WIDTH="220" HEIGHT="23" STYLEREFS="TXT_1 PAR_CENTER">
					<TextLine ID="P11_TL00019" HPOS="403" VPOS="1484" WIDTH="220" HEIGHT="21">
						<String ID="P11_ST00082" HPOS="403" VPOS="1484" WIDTH="154" HEIGHT="21" CONTENT="CHAPTER" WC="0.76" CC="0607200"/>
						<SP ID="P11_SP00064" HPOS="557" VPOS="1505" WIDTH="26"/>
						<String ID="P11_ST00083" HPOS="583" VPOS="1484" WIDTH="40" HEIGHT="21" CONTENT="IX." WC="0.54" CC="570"/>
					</TextLine>
				</TextBlock>
				<TextBlock ID="P11_TB00020" HPOS="107" VPOS="1532" WIDTH="815" HEIGHT="19" STYLEREFS="TXT_1 PAR_CENTER">
					<TextLine ID="P11_TL00020" HPOS="108" VPOS="1533" WIDTH="814" HEIGHT="18">
						<String ID="P11_ST00084" HPOS="108" VPOS="1537" WIDTH="34" HEIGHT="14" CONTENT="LA" WC="0.56" CC="08"/>
						<SP ID="P11_SP00065" HPOS="142" VPOS="1551" WIDTH="19"/>
						<String ID="P11_ST00085" HPOS="161" VPOS="1536" WIDTH="125" HEIGHT="15" CONTENT="TRAVIATA" WC="0.48" CC="66770930"/>
						<SP ID="P11_SP00066" HPOS="286" VPOS="1551" WIDTH="20"/>
						<String ID="P11_ST00086" HPOS="306" VPOS="1547" WIDTH="4" HEIGHT="4" CONTENT="." WC="1.00" CC="0"/>
						<SP ID="P11_SP00067" HPOS="310" VPOS="1551" WIDTH="74"/>
						<String ID="P11_ST00087" HPOS="384" VPOS="1547" WIDTH="5" HEIGHT="4" CONTENT="." WC="1.00" CC="0"/>
						<SP ID="P11_SP00068" HPOS="389" VPOS="1551" WIDTH="72"/>
						<String ID="P11_ST00088" HPOS="461" VPOS="1547" WIDTH="5" HEIGHT="4" CONTENT="." WC="0.97" CC="0"/>
						<SP ID="P11_SP00069" HPOS="466" VPOS="1551" WIDTH="74"/>
						<String ID="P11_ST00089" HPOS="540" VPOS="1546" WIDTH="4" HEIGHT="5" CONTENT="." WC="0.68" CC="3"/>
						<SP ID="P11_SP00070" HPOS="544" VPOS="1551" WIDTH="73"/>
						<String ID="P11_ST00090" HPOS="617" VPOS="1547" WIDTH="5" HEIGHT="4" CONTENT="." WC="0.78" CC="2"/>
						<SP ID="P11_SP00071" HPOS="622" VPOS="1551" WIDTH="72"/>
						<String ID="P11_ST00091" HPOS="694" VPOS="1547" WIDTH="5" HEIGHT="4" CONTENT="." WC="0.97" CC="0"/>
						<SP ID="P11_SP00072" HPOS="699" VPOS="1551" WIDTH="72"/>
						<String ID="P11_ST00092" HPOS="771" VPOS="1547" WIDTH="6" HEIGHT="4" CONTENT="." WC="1.00" CC="0"/>
						<SP ID="P11_SP00073" HPOS="777" VPOS="1551" WIDTH="72"/>
						<String ID="P11_ST00093" HPOS="849" VPOS="1533" WIDTH="73" HEIGHT="18" CONTENT=".117" WC="0.98" CC="0000"/>
					</TextLine>
				</TextBlock>
			</PrintSpace>
		</Page>
	</Layout>
</alto>
