<?xml version="1.0" encoding="UTF-8"?>
<alto xmlns:xsi="http://www.w3.org/2001/XMLSchema-instance" xsi:noNamespaceSchemaLocation="http://www.bl.uk/schemas/alto/alto-1-4.xsd" xmlns:xlink="http://www.w3.org/1999/xlink">
	<Description>
		<MeasurementUnit>mm10</MeasurementUnit>
		<sourceImageInformation>
			<fileName>//head1/IN/2007-46/A0010888503.1/009645.jp2</fileName>
		</sourceImageInformation>
		<OCRProcessing ID="OCRPROCESSING_1">
			<preProcessingStep>
				<processingSoftware>
					<softwareCreator>CCS Content Conversion Specialists GmbH, Germany</softwareCreator>
					<softwareName>CCS docWORKS</softwareName>
					<softwareVersion>6.1-0.61</softwareVersion>
				</processingSoftware>
			</preProcessingStep>
			<ocrProcessingStep>
				<processingSoftware>
					<softwareCreator>ABBYY (BIT Software), Russia</softwareCreator>
					<softwareName>Finereader</softwareName>
				</processingSoftware>
			</ocrProcessingStep>
		</OCRProcessing>
	</Description>
	<Styles>
		<TextStyle ID="TXT_0" FONTSIZE="9" FONTFAMILY="Courier New"/>
		<TextStyle ID="TXT_1" FONTSIZE="11" FONTFAMILY="Courier New"/>
		<TextStyle ID="TXT_2" FONTSIZE="10" FONTFAMILY="Courier New"/>
		<ParagraphStyle ID="PAR_CENTER" ALIGN="Center"/>
		<ParagraphStyle ID="PAR_RIGHT" ALIGN="Right"/>
		<ParagraphStyle ID="PAR_LEFT" ALIGN="Left"/>
	</Styles>
	<Layout>
		<Page ID="P109" PHYSICAL_IMG_NR="109" HEIGHT="1740" WIDTH="1090" PRINTED_IMG_NR="97" POSITION="Right" ACCURACY="75.01">
			<TopMargin ID="P109_TM00001" HPOS="0" VPOS="0" WIDTH="1089" HEIGHT="129">
				<TextBlock ID="P109_TB00001" HPOS="402" VPOS="103" WIDTH="250" HEIGHT="23" STYLEREFS="TXT_0 PAR_CENTER">
					<TextLine ID="P109_TL00001" HPOS="402" VPOS="103" WIDTH="250" HEIGHT="23">
						<String ID="P109_ST00001" HPOS="402" VPOS="103" WIDTH="69" HEIGHT="22" CONTENT="TWO" WC="0.51" CC="490"/>
						<SP ID="P109_SP00001" HPOS="471" VPOS="125" WIDTH="23"/>
						<String ID="P109_ST00002" HPOS="494" VPOS="104" WIDTH="158" HEIGHT="22" CONTENT="MOTHERS." WC="0.62" CC="81363033"/>
					</TextLine>
				</TextBlock>
				<TextBlock ID="P109_TB00002" HPOS="899" VPOS="101" WIDTH="33" HEIGHT="26" STYLEREFS="TXT_1 PAR_RIGHT">
					<TextLine ID="P109_TL00002" HPOS="899" VPOS="101" WIDTH="33" HEIGHT="26">
						<String ID="P109_ST00003" HPOS="899" VPOS="101" WIDTH="33" HEIGHT="26" CONTENT="97" WC="1.00" CC="00"/>
					</TextLine>
				</TextBlock>
			</TopMargin>
			<LeftMargin ID="P109_LM00001" HPOS="0" VPOS="129" WIDTH="116" HEIGHT="1477"/>
			<RightMargin ID="P109_RM00001" HPOS="942" VPOS="129" WIDTH="147" HEIGHT="1477"/>
			<BottomMargin ID="P109_BM00001" HPOS="0" VPOS="1606" WIDTH="1089" HEIGHT="133"/>
			<PrintSpace ID="P109_PS00001" HPOS="116" VPOS="129" WIDTH="826" HEIGHT="1477">
				<TextBlock ID="P109_TB00003" HPOS="159" VPOS="177" WIDTH="775" HEIGHT="44" STYLEREFS="TXT_0 PAR_CENTER">
					<TextLine ID="P109_TL00003" HPOS="160" VPOS="179" WIDTH="774" HEIGHT="42">
						<String ID="P109_ST00004" HPOS="160" VPOS="179" WIDTH="144" HEIGHT="33" CONTENT="Madame" WC="1.00" CC="000000"/>
						<SP ID="P109_SP00002" HPOS="304" VPOS="212" WIDTH="16"/>
						<String ID="P109_ST00005" HPOS="320" VPOS="180" WIDTH="36" HEIGHT="32" CONTENT="de" WC="1.00" CC="00"/>
						<SP ID="P109_SP00003" HPOS="356" VPOS="212" WIDTH="18"/>
						<String ID="P109_ST00006" HPOS="374" VPOS="180" WIDTH="154" HEIGHT="32" CONTENT="Clavreuil" WC="0.60" CC="460650560"/>
						<SP ID="P109_SP00004" HPOS="528" VPOS="212" WIDTH="24"/>
						<String ID="P109_ST00007" HPOS="552" VPOS="181" WIDTH="107" HEIGHT="32" CONTENT="smiled" WC="0.86" CC="200600"/>
						<SP ID="P109_SP00005" HPOS="659" VPOS="213" WIDTH="22"/>
						<String ID="P109_ST00008" HPOS="681" VPOS="193" WIDTH="34" HEIGHT="20" CONTENT="as" WC="0.96" CC="00"/>
						<SP ID="P109_SP00006" HPOS="715" VPOS="213" WIDTH="23"/>
						<String ID="P109_ST00009" HPOS="738" VPOS="182" WIDTH="54" HEIGHT="32" CONTENT="she" WC="0.70" CC="170"/>
						<SP ID="P109_SP00007" HPOS="792" VPOS="214" WIDTH="24"/>
						<String ID="P109_ST00010" HPOS="816" VPOS="182" WIDTH="74" HEIGHT="39" CONTENT="said," WC="0.93" CC="00200"/>
						<String ID="P109_ST00011" HPOS="892" VPOS="201" WIDTH="42" HEIGHT="4" CONTENT="—" WC="0.20" CC="8"/>
					</TextLine>
				</TextBlock>
				<TextBlock ID="P109_TB00004" HPOS="117" VPOS="240" WIDTH="817" HEIGHT="94" STYLEREFS="TXT_0 PAR_LEFT">
					<TextLine ID="P109_TL00004" HPOS="162" VPOS="241" WIDTH="772" HEIGHT="44">
						<String ID="P109_ST00012" HPOS="162" VPOS="242" WIDTH="17" HEIGHT="14" CONTENT='"' WC="0.66" CC="3"/>
						<SP ID="P109_SP00008" HPOS="179" VPOS="256" WIDTH="13"/>
						<String ID="P109_ST00013" HPOS="192" VPOS="241" WIDTH="75" HEIGHT="33" CONTENT="Was" WC="0.89" CC="003"/>
						<SP ID="P109_SP00009" HPOS="267" VPOS="274" WIDTH="28"/>
						<String ID="P109_ST00014" HPOS="295" VPOS="253" WIDTH="59" HEIGHT="31" CONTENT="any" WC="0.72" CC="170"/>
						<SP ID="P109_SP00010" HPOS="354" VPOS="284" WIDTH="27"/>
						<String ID="P109_ST00015" HPOS="381" VPOS="253" WIDTH="56" HEIGHT="21" CONTENT="one" WC="0.76" CC="070"/>
						<SP ID="P109_SP00011" HPOS="437" VPOS="284" WIDTH="30"/>
						<String ID="P109_ST00016" HPOS="467" VPOS="253" WIDTH="42" HEIGHT="31" CONTENT="up" WC="0.63" CC="70"/>
						<SP ID="P109_SP00012" HPOS="509" VPOS="284" WIDTH="31"/>
						<String ID="P109_ST00017" HPOS="540" VPOS="247" WIDTH="31" HEIGHT="27" CONTENT="at" WC="0.94" CC="01"/>
						<SP ID="P109_SP00013" HPOS="571" VPOS="284" WIDTH="31"/>
						<String ID="P109_ST00018" HPOS="602" VPOS="242" WIDTH="127" HEIGHT="32" CONTENT="Claire's" WC="0.78" CC="24050004"/>
						<SP ID="P109_SP00014" HPOS="729" VPOS="284" WIDTH="30"/>
						<String ID="P109_ST00019" HPOS="759" VPOS="243" WIDTH="89" HEIGHT="32" CONTENT="when" WC="0.69" CC="0606"/>
						<SP ID="P109_SP00015" HPOS="848" VPOS="284" WIDTH="26"/>
						<String ID="P109_ST00020" HPOS="874" VPOS="255" WIDTH="60" HEIGHT="30" CONTENT="you" WC="0.71" CC="034"/>
					</TextLine>
					<TextLine ID="P109_TL00005" HPOS="118" VPOS="303" WIDTH="128" HEIGHT="31">
						<String ID="P109_ST00021" HPOS="118" VPOS="303" WIDTH="128" HEIGHT="31" CONTENT='went?"' WC="0.79" CC="007103"/>
					</TextLine>
				</TextBlock>
				<TextBlock ID="P109_TB00005" HPOS="118" VPOS="363" WIDTH="815" HEIGHT="101" STYLEREFS="TXT_0 PAR_LEFT">
					<TextLine ID="P109_TL00006" HPOS="160" VPOS="363" WIDTH="773" HEIGHT="34">
						<String ID="P109_ST00022" HPOS="160" VPOS="363" WIDTH="142" HEIGHT="32" CONTENT="Madame" WC="1.00" CC="000000"/>
						<SP ID="P109_SP00016" HPOS="302" VPOS="395" WIDTH="40"/>
						<String ID="P109_ST00023" HPOS="342" VPOS="364" WIDTH="36" HEIGHT="31" CONTENT="de" WC="1.00" CC="00"/>
						<SP ID="P109_SP00017" HPOS="378" VPOS="395" WIDTH="43"/>
						<String ID="P109_ST00024" HPOS="421" VPOS="364" WIDTH="184" HEIGHT="32" CONTENT="Beauvoisin" WC="0.59" CC="6006803554"/>
						<SP ID="P109_SP00018" HPOS="605" VPOS="396" WIDTH="40"/>
						<String ID="P109_ST00025" HPOS="645" VPOS="366" WIDTH="124" HEIGHT="31" CONTENT="sneered" WC="0.81" CC="5700000"/>
						<SP ID="P109_SP00019" HPOS="769" VPOS="397" WIDTH="39"/>
						<String ID="P109_ST00026" HPOS="808" VPOS="377" WIDTH="33" HEIGHT="19" CONTENT="as" WC="0.79" CC="04"/>
						<SP ID="P109_SP00020" HPOS="841" VPOS="397" WIDTH="42"/>
						<String ID="P109_ST00027" HPOS="883" VPOS="365" WIDTH="50" HEIGHT="31" CONTENT="she" WC="0.62" CC="370"/>
					</TextLine>
					<TextLine ID="P109_TL00007" HPOS="118" VPOS="425" WIDTH="213" HEIGHT="39">
						<String ID="P109_ST00028" HPOS="118" VPOS="425" WIDTH="167" HEIGHT="39" CONTENT="answered," WC="0.85" CC="062002001"/>
						<String ID="P109_ST00029" HPOS="288" VPOS="445" WIDTH="43" HEIGHT="3" CONTENT="—" WC="0.20" CC="8"/>
					</TextLine>
				</TextBlock>
				<TextBlock ID="P109_TB00006" HPOS="117" VPOS="485" WIDTH="818" HEIGHT="224" STYLEREFS="TXT_0 PAR_LEFT">
					<TextLine ID="P109_TL00008" HPOS="163" VPOS="485" WIDTH="772" HEIGHT="43">
						<String ID="P109_ST00030" HPOS="163" VPOS="487" WIDTH="17" HEIGHT="13" CONTENT='"' WC="0.88" CC="1"/>
						<SP ID="P109_SP00021" HPOS="180" VPOS="500" WIDTH="14"/>
						<String ID="P109_ST00031" HPOS="194" VPOS="485" WIDTH="45" HEIGHT="33" CONTENT="Of" WC="1.00" CC="00"/>
						<SP ID="P109_SP00022" HPOS="239" VPOS="518" WIDTH="11"/>
						<String ID="P109_ST00032" HPOS="250" VPOS="497" WIDTH="105" HEIGHT="20" CONTENT="course" WC="0.80" CC="004430"/>
						<SP ID="P109_SP00023" HPOS="355" VPOS="518" WIDTH="16"/>
						<String ID="P109_ST00033" HPOS="371" VPOS="486" WIDTH="73" HEIGHT="42" CONTENT="they" WC="0.76" CC="2700"/>
						<SP ID="P109_SP00024" HPOS="444" VPOS="528" WIDTH="19"/>
						<String ID="P109_ST00034" HPOS="463" VPOS="498" WIDTH="80" HEIGHT="20" CONTENT="were" WC="0.66" CC="9030"/>
						<SP ID="P109_SP00025" HPOS="543" VPOS="528" WIDTH="22"/>
						<String ID="P109_ST00035" HPOS="565" VPOS="487" WIDTH="39" HEIGHT="31" CONTENT="all" WC="0.81" CC="050"/>
						<SP ID="P109_SP00026" HPOS="604" VPOS="528" WIDTH="22"/>
						<String ID="P109_ST00036" HPOS="626" VPOS="487" WIDTH="61" HEIGHT="31" CONTENT="still" WC="0.76" CC="53020"/>
						<SP ID="P109_SP00027" HPOS="687" VPOS="528" WIDTH="20"/>
						<String ID="P109_ST00037" HPOS="707" VPOS="487" WIDTH="30" HEIGHT="31" CONTENT="in" WC="0.48" CC="36"/>
						<SP ID="P109_SP00028" HPOS="737" VPOS="528" WIDTH="22"/>
						<String ID="P109_ST00038" HPOS="759" VPOS="488" WIDTH="68" HEIGHT="40" CONTENT="bed," WC="0.83" CC="6000"/>
						<SP ID="P109_SP00029" HPOS="827" VPOS="528" WIDTH="17"/>
						<String ID="P109_ST00039" HPOS="844" VPOS="488" WIDTH="55" HEIGHT="31" CONTENT="but" WC="0.81" CC="050"/>
						<SP ID="P109_SP00030" HPOS="899" VPOS="528" WIDTH="21"/>
						<String ID="P109_ST00040" HPOS="920" VPOS="488" WIDTH="15" HEIGHT="31" CONTENT="I" WC="1.00" CC="0"/>
					</TextLine>
					<TextLine ID="P109_TL00009" HPOS="118" VPOS="547" WIDTH="817" HEIGHT="43">
						<String ID="P109_ST00041" HPOS="118" VPOS="547" WIDTH="78" HEIGHT="32" CONTENT="have" WC="0.56" CC="7090"/>
						<SP ID="P109_SP00031" HPOS="196" VPOS="579" WIDTH="27"/>
						<String ID="P109_ST00042" HPOS="223" VPOS="559" WIDTH="72" HEIGHT="21" CONTENT="seen" WC="0.81" CC="1005"/>
						<SP ID="P109_SP00032" HPOS="295" VPOS="580" WIDTH="24"/>
						<String ID="P109_ST00043" HPOS="319" VPOS="548" WIDTH="86" HEIGHT="32" CONTENT="them" WC="0.80" CC="0700"/>
						<SP ID="P109_SP00033" HPOS="405" VPOS="580" WIDTH="24"/>
						<String ID="P109_ST00044" HPOS="429" VPOS="547" WIDTH="91" HEIGHT="33" CONTENT="since." WC="0.82" CC="415000"/>
						<SP ID="P109_SP00034" HPOS="520" VPOS="580" WIDTH="62"/>
						<String ID="P109_ST00045" HPOS="582" VPOS="548" WIDTH="48" HEIGHT="32" CONTENT="Do" WC="0.63" CC="70"/>
						<SP ID="P109_SP00035" HPOS="630" VPOS="580" WIDTH="26"/>
						<String ID="P109_ST00046" HPOS="656" VPOS="561" WIDTH="61" HEIGHT="29" CONTENT="you" WC="0.83" CC="005"/>
						<SP ID="P109_SP00036" HPOS="717" VPOS="590" WIDTH="26"/>
						<String ID="P109_ST00047" HPOS="743" VPOS="549" WIDTH="63" HEIGHT="31" CONTENT="find" WC="0.82" CC="0070"/>
						<SP ID="P109_SP00037" HPOS="806" VPOS="590" WIDTH="30"/>
						<String ID="P109_ST00048" HPOS="836" VPOS="549" WIDTH="99" HEIGHT="32" CONTENT="Claire" WC="0.81" CC="500401"/>
					</TextLine>
					<TextLine ID="P109_TL00010" HPOS="118" VPOS="607" WIDTH="817" HEIGHT="43">
						<String ID="P109_ST00049" HPOS="118" VPOS="607" WIDTH="168" HEIGHT="33" CONTENT='altered?"' WC="0.88" CC="000060003"/>
						<SP ID="P109_SP00038" HPOS="286" VPOS="640" WIDTH="25"/>
						<String ID="P109_ST00050" HPOS="311" VPOS="608" WIDTH="55" HEIGHT="32" CONTENT="she" WC="0.47" CC="671"/>
						<SP ID="P109_SP00039" HPOS="366" VPOS="640" WIDTH="31"/>
						<String ID="P109_ST00051" HPOS="397" VPOS="608" WIDTH="107" HEIGHT="41" CONTENT="added," WC="1.00" CC="000000"/>
						<SP ID="P109_SP00040" HPOS="504" VPOS="649" WIDTH="17"/>
						<String ID="P109_ST00052" HPOS="521" VPOS="608" WIDTH="96" HEIGHT="41" CONTENT="fixing" WC="0.79" CC="000470"/>
						<SP ID="P109_SP00041" HPOS="617" VPOS="649" WIDTH="18"/>
						<String ID="P109_ST00053" HPOS="635" VPOS="621" WIDTH="82" HEIGHT="29" CONTENT="upon" WC="0.59" CC="6027"/>
						<SP ID="P109_SP00042" HPOS="717" VPOS="650" WIDTH="23"/>
						<String ID="P109_ST00054" HPOS="740" VPOS="609" WIDTH="142" HEIGHT="32" CONTENT="Madame" WC="1.00" CC="000000"/>
						<SP ID="P109_SP00043" HPOS="882" VPOS="650" WIDTH="17"/>
						<String ID="P109_ST00055" HPOS="899" VPOS="609" WIDTH="36" HEIGHT="32" CONTENT="de" WC="0.85" CC="02"/>
					</TextLine>
					<TextLine ID="P109_TL00011" HPOS="119" VPOS="669" WIDTH="494" HEIGHT="40">
						<String ID="P109_ST00056" HPOS="119" VPOS="669" WIDTH="153" HEIGHT="32" CONTENT="Clavreuil" WC="0.71" CC="500060760"/>
						<SP ID="P109_SP00044" HPOS="272" VPOS="701" WIDTH="17"/>
						<String ID="P109_ST00057" HPOS="289" VPOS="680" WIDTH="18" HEIGHT="20" CONTENT="a" WC="1.00" CC="0"/>
						<SP ID="P109_SP00045" HPOS="307" VPOS="701" WIDTH="15"/>
						<String ID="P109_ST00058" HPOS="322" VPOS="669" WIDTH="160" HEIGHT="40" CONTENT="searching" WC="0.70" CC="500207460"/>
						<SP ID="P109_SP00046" HPOS="482" VPOS="709" WIDTH="16"/>
						<String ID="P109_ST00059" HPOS="498" VPOS="669" WIDTH="115" HEIGHT="40" CONTENT="glance." WC="0.91" CC="0006000"/>
					</TextLine>
				</TextBlock>
				<TextBlock ID="P109_TB00007" HPOS="116" VPOS="729" WIDTH="826" HEIGHT="826" STYLEREFS="TXT_0 PAR_LEFT">
					<TextLine ID="P109_TL00012" HPOS="163" VPOS="729" WIDTH="774" HEIGHT="43">
						<String ID="P109_ST00060" HPOS="163" VPOS="729" WIDTH="177" HEIGHT="42" CONTENT="Searching," WC="0.71" CC="5004073502"/>
						<SP ID="P109_SP00047" HPOS="340" VPOS="771" WIDTH="27"/>
						<String ID="P109_ST00061" HPOS="367" VPOS="741" WIDTH="63" HEIGHT="20" CONTENT="was" WC="1.00" CC="000"/>
						<SP ID="P109_SP00048" HPOS="430" VPOS="771" WIDTH="26"/>
						<String ID="P109_ST00062" HPOS="456" VPOS="730" WIDTH="32" HEIGHT="31" CONTENT="in" WC="0.59" CC="07"/>
						<SP ID="P109_SP00049" HPOS="488" VPOS="771" WIDTH="26"/>
						<String ID="P109_ST00063" HPOS="514" VPOS="730" WIDTH="110" HEIGHT="41" CONTENT="reality" WC="0.78" CC="4005400"/>
						<SP ID="P109_SP00050" HPOS="624" VPOS="771" WIDTH="20"/>
						<String ID="P109_ST00064" HPOS="644" VPOS="730" WIDTH="52" HEIGHT="31" CONTENT="the" WC="0.74" CC="070"/>
						<SP ID="P109_SP00051" HPOS="696" VPOS="771" WIDTH="26"/>
						<String ID="P109_ST00065" HPOS="722" VPOS="735" WIDTH="81" HEIGHT="27" CONTENT="most" WC="0.65" CC="0265"/>
						<SP ID="P109_SP00052" HPOS="803" VPOS="771" WIDTH="26"/>
						<String ID="P109_ST00066" HPOS="829" VPOS="742" WIDTH="108" HEIGHT="30" CONTENT="appro" SUBS_TYPE="HypPart1" SUBS_CONTENT="appropriate" WC="0.94" CC="000030"/>
						<HYP CONTENT="-"/>
					</TextLine>
					<TextLine ID="P109_TL00013" HPOS="118" VPOS="790" WIDTH="819" HEIGHT="42">
						<String ID="P109_ST00067" HPOS="118" VPOS="790" WIDTH="99" HEIGHT="42" CONTENT="priate" SUBS_TYPE="HypPart2" SUBS_CONTENT="appropriate" WC="0.89" CC="023000"/>
						<SP ID="P109_SP00053" HPOS="217" VPOS="832" WIDTH="29"/>
						<String ID="P109_ST00068" HPOS="246" VPOS="795" WIDTH="80" HEIGHT="26" CONTENT="term" WC="0.86" CC="0050"/>
						<SP ID="P109_SP00054" HPOS="326" VPOS="832" WIDTH="25"/>
						<String ID="P109_ST00069" HPOS="351" VPOS="790" WIDTH="47" HEIGHT="32" CONTENT="for" WC="0.96" CC="100"/>
						<SP ID="P109_SP00055" HPOS="398" VPOS="832" WIDTH="29"/>
						<String ID="P109_ST00070" HPOS="427" VPOS="791" WIDTH="144" HEIGHT="31" CONTENT="Madame" WC="1.00" CC="000000"/>
						<SP ID="P109_SP00056" HPOS="571" VPOS="832" WIDTH="25"/>
						<String ID="P109_ST00071" HPOS="596" VPOS="790" WIDTH="35" HEIGHT="31" CONTENT="de" WC="1.00" CC="00"/>
						<SP ID="P109_SP00057" HPOS="631" VPOS="832" WIDTH="33"/>
						<String ID="P109_ST00072" HPOS="664" VPOS="790" WIDTH="191" HEIGHT="32" CONTENT="Beauvoisin." WC="0.63" CC="60253544270"/>
						<SP ID="P109_SP00058" HPOS="855" VPOS="832" WIDTH="46"/>
						<String ID="P109_ST00073" HPOS="901" VPOS="791" WIDTH="36" HEIGHT="31" CONTENT="In" WC="0.70" CC="05"/>
					</TextLine>
					<TextLine ID="P109_TL00014" HPOS="118" VPOS="851" WIDTH="818" HEIGHT="42">
						<String ID="P109_ST00074" HPOS="118" VPOS="851" WIDTH="55" HEIGHT="31" CONTENT="her" WC="0.71" CC="701"/>
						<SP ID="P109_SP00059" HPOS="173" VPOS="882" WIDTH="23"/>
						<String ID="P109_ST00075" HPOS="196" VPOS="851" WIDTH="93" HEIGHT="42" CONTENT="sharp" WC="0.47" CC="67047"/>
						<SP ID="P109_SP00060" HPOS="289" VPOS="893" WIDTH="27"/>
						<String ID="P109_ST00076" HPOS="316" VPOS="851" WIDTH="78" HEIGHT="40" CONTENT="chin," WC="0.43" CC="67670"/>
						<SP ID="P109_SP00061" HPOS="394" VPOS="893" WIDTH="29"/>
						<String ID="P109_ST00077" HPOS="423" VPOS="851" WIDTH="60" HEIGHT="31" CONTENT="and" WC="0.79" CC="060"/>
						<SP ID="P109_SP00062" HPOS="483" VPOS="893" WIDTH="24"/>
						<String ID="P109_ST00078" HPOS="507" VPOS="851" WIDTH="124" HEIGHT="41" CONTENT="pointed" WC="0.76" CC="0056400"/>
						<SP ID="P109_SP00063" HPOS="631" VPOS="893" WIDTH="24"/>
						<String ID="P109_ST00079" HPOS="655" VPOS="862" WIDTH="81" HEIGHT="29" CONTENT="nose," WC="0.88" CC="50000"/>
						<SP ID="P109_SP00064" HPOS="736" VPOS="893" WIDTH="22"/>
						<String ID="P109_ST00080" HPOS="758" VPOS="851" WIDTH="59" HEIGHT="30" CONTENT="and" WC="0.65" CC="460"/>
						<SP ID="P109_SP00065" HPOS="817" VPOS="893" WIDTH="24"/>
						<String ID="P109_ST00081" HPOS="841" VPOS="851" WIDTH="95" HEIGHT="31" CONTENT="above" WC="1.00" CC="00000"/>
					</TextLine>
					<TextLine ID="P109_TL00015" HPOS="119" VPOS="911" WIDTH="819" HEIGHT="43">
						<String ID="P109_ST00082" HPOS="119" VPOS="913" WIDTH="49" HEIGHT="40" CONTENT="all," WC="0.98" CC="0000"/>
						<SP ID="P109_SP00066" HPOS="168" VPOS="953" WIDTH="18"/>
						<String ID="P109_ST00083" HPOS="186" VPOS="913" WIDTH="31" HEIGHT="30" CONTENT="in" WC="0.65" CC="06"/>
						<SP ID="P109_SP00067" HPOS="217" VPOS="953" WIDTH="16"/>
						<String ID="P109_ST00084" HPOS="233" VPOS="912" WIDTH="55" HEIGHT="32" CONTENT="her" WC="0.75" CC="700"/>
						<SP ID="P109_SP00068" HPOS="288" VPOS="953" WIDTH="15"/>
						<String ID="P109_ST00085" HPOS="303" VPOS="912" WIDTH="137" HEIGHT="42" CONTENT="piercing" WC="0.76" CC="04040270"/>
						<SP ID="P109_SP00069" HPOS="440" VPOS="954" WIDTH="15"/>
						<String ID="P109_ST00086" HPOS="455" VPOS="912" WIDTH="89" HEIGHT="31" CONTENT="black" WC="0.80" CC="05004"/>
						<SP ID="P109_SP00070" HPOS="544" VPOS="954" WIDTH="16"/>
						<String ID="P109_ST00087" HPOS="560" VPOS="923" WIDTH="80" HEIGHT="30" CONTENT="eyes," WC="0.85" CC="00132"/>
						<SP ID="P109_SP00071" HPOS="640" VPOS="954" WIDTH="17"/>
						<String ID="P109_ST00088" HPOS="657" VPOS="911" WIDTH="86" HEIGHT="32" CONTENT="there" WC="0.60" CC="57060"/>
						<SP ID="P109_SP00072" HPOS="743" VPOS="954" WIDTH="16"/>
						<String ID="P109_ST00089" HPOS="759" VPOS="923" WIDTH="65" HEIGHT="20" CONTENT="was" WC="0.94" CC="001"/>
						<SP ID="P109_SP00073" HPOS="824" VPOS="954" WIDTH="17"/>
						<String ID="P109_ST00090" HPOS="841" VPOS="923" WIDTH="97" HEIGHT="20" CONTENT="some" SUBS_TYPE="HypPart1" SUBS_CONTENT="something" WC="0.88" CC="50000"/>
						<HYP CONTENT="-"/>
					</TextLine>
					<TextLine ID="P109_TL00016" HPOS="118" VPOS="972" WIDTH="820" HEIGHT="42">
						<String ID="P109_ST00091" HPOS="118" VPOS="973" WIDTH="90" HEIGHT="41" CONTENT="thing" SUBS_TYPE="HypPart2" SUBS_CONTENT="something" WC="0.62" CC="37070"/>
						<SP ID="P109_SP00074" HPOS="208" VPOS="1014" WIDTH="25"/>
						<String ID="P109_ST00092" HPOS="233" VPOS="973" WIDTH="139" HEIGHT="41" CONTENT="strongly" WC="0.78" CC="40006060"/>
						<SP ID="P109_SP00075" HPOS="372" VPOS="1014" WIDTH="16"/>
						<String ID="P109_ST00093" HPOS="388" VPOS="973" WIDTH="159" HEIGHT="31" CONTENT="detective." WC="0.92" CC="0000034000"/>
						<SP ID="P109_SP00076" HPOS="547" VPOS="1014" WIDTH="48"/>
						<String ID="P109_ST00094" HPOS="595" VPOS="972" WIDTH="60" HEIGHT="32" CONTENT="She" WC="0.60" CC="460"/>
						<SP ID="P109_SP00077" HPOS="655" VPOS="1014" WIDTH="16"/>
						<String ID="P109_ST00095" HPOS="671" VPOS="984" WIDTH="62" HEIGHT="19" CONTENT="was" WC="0.91" CC="002"/>
						<SP ID="P109_SP00078" HPOS="733" VPOS="1014" WIDTH="20"/>
						<String ID="P109_ST00096" HPOS="753" VPOS="972" WIDTH="64" HEIGHT="31" CONTENT="said" WC="0.90" CC="4000"/>
						<SP ID="P109_SP00079" HPOS="817" VPOS="1014" WIDTH="20"/>
						<String ID="P109_ST00097" HPOS="837" VPOS="977" WIDTH="54" HEIGHT="26" CONTENT="not" WC="0.72" CC="340"/>
						<SP ID="P109_SP00080" HPOS="891" VPOS="1014" WIDTH="15"/>
						<String ID="P109_ST00098" HPOS="906" VPOS="978" WIDTH="32" HEIGHT="26" CONTENT="to" WC="0.34" CC="67"/>
					</TextLine>
					<TextLine ID="P109_TL00017" HPOS="118" VPOS="1032" WIDTH="820" HEIGHT="43">
						<String ID="P109_ST00099" HPOS="118" VPOS="1035" WIDTH="80" HEIGHT="30" CONTENT="have" WC="0.71" CC="7003"/>
						<SP ID="P109_SP00081" HPOS="198" VPOS="1065" WIDTH="25"/>
						<String ID="P109_ST00100" HPOS="223" VPOS="1034" WIDTH="78" HEIGHT="31" CONTENT="been" WC="0.73" CC="4006"/>
						<SP ID="P109_SP00082" HPOS="301" VPOS="1065" WIDTH="21"/>
						<String ID="P109_ST00101" HPOS="322" VPOS="1034" WIDTH="76" HEIGHT="41" CONTENT="ugly" WC="0.74" CC="7030"/>
						<SP ID="P109_SP00083" HPOS="398" VPOS="1075" WIDTH="20"/>
						<String ID="P109_ST00102" HPOS="418" VPOS="1033" WIDTH="31" HEIGHT="31" CONTENT="in" WC="0.41" CC="46"/>
						<SP ID="P109_SP00084" HPOS="449" VPOS="1075" WIDTH="27"/>
						<String ID="P109_ST00103" HPOS="476" VPOS="1032" WIDTH="54" HEIGHT="32" CONTENT="her" WC="0.53" CC="706"/>
						<SP ID="P109_SP00085" HPOS="530" VPOS="1075" WIDTH="22"/>
						<String ID="P109_ST00104" HPOS="552" VPOS="1033" WIDTH="84" HEIGHT="41" CONTENT="early" WC="0.90" CC="00310"/>
						<SP ID="P109_SP00086" HPOS="636" VPOS="1075" WIDTH="22"/>
						<String ID="P109_ST00105" HPOS="658" VPOS="1033" WIDTH="95" HEIGHT="42" CONTENT="youth" WC="0.67" CC="02707"/>
						<String ID="P109_ST00106" HPOS="767" VPOS="1046" WIDTH="7" HEIGHT="27" CONTENT=";" WC="1.00" CC="0"/>
						<SP ID="P109_SP00087" HPOS="774" VPOS="1075" WIDTH="25"/>
						<String ID="P109_ST00107" HPOS="799" VPOS="1033" WIDTH="53" HEIGHT="32" CONTENT="she" WC="0.56" CC="570"/>
						<SP ID="P109_SP00088" HPOS="852" VPOS="1075" WIDTH="22"/>
						<String ID="P109_ST00108" HPOS="874" VPOS="1045" WIDTH="64" HEIGHT="20" CONTENT="was" WC="0.77" CC="006"/>
					</TextLine>
					<TextLine ID="P109_TL00018" HPOS="119" VPOS="1094" WIDTH="819" HEIGHT="42">
						<String ID="P109_ST00109" HPOS="119" VPOS="1095" WIDTH="146" HEIGHT="41" CONTENT="certainly" WC="0.76" CC="012203730"/>
						<SP ID="P109_SP00089" HPOS="265" VPOS="1136" WIDTH="29"/>
						<String ID="P109_ST00110" HPOS="294" VPOS="1095" WIDTH="83" HEIGHT="41" CONTENT="plain" WC="0.76" CC="00047"/>
						<SP ID="P109_SP00090" HPOS="377" VPOS="1136" WIDTH="25"/>
						<String ID="P109_ST00111" HPOS="402" VPOS="1106" WIDTH="71" HEIGHT="20" CONTENT="now" WC="0.77" CC="600"/>
						<SP ID="P109_SP00091" HPOS="473" VPOS="1136" WIDTH="26"/>
						<String ID="P109_ST00112" HPOS="499" VPOS="1099" WIDTH="32" HEIGHT="26" CONTENT="at" WC="1.00" CC="00"/>
						<SP ID="P109_SP00092" HPOS="531" VPOS="1136" WIDTH="24"/>
						<String ID="P109_ST00113" HPOS="555" VPOS="1094" WIDTH="169" HEIGHT="32" CONTENT="sornevvhat" WC="0.51" CC="6088089601"/>
						<SP ID="P109_SP00093" HPOS="724" VPOS="1136" WIDTH="24"/>
						<String ID="P109_ST00114" HPOS="748" VPOS="1106" WIDTH="73" HEIGHT="20" CONTENT="over" WC="0.88" CC="0004"/>
						<SP ID="P109_SP00094" HPOS="821" VPOS="1136" WIDTH="24"/>
						<String ID="P109_ST00115" HPOS="845" VPOS="1095" WIDTH="93" HEIGHT="41" CONTENT="forty" SUBS_TYPE="HypPart1" SUBS_CONTENT="fortythree" WC="0.95" CC="020000"/>
						<HYP CONTENT="-"/>
					</TextLine>
					<TextLine ID="P109_TL00019" HPOS="118" VPOS="1155" WIDTH="819" HEIGHT="42">
						<String ID="P109_ST00116" HPOS="118" VPOS="1156" WIDTH="87" HEIGHT="32" CONTENT="three" SUBS_TYPE="HypPart2" SUBS_CONTENT="fortythree" WC="0.73" CC="07500"/>
						<SP ID="P109_SP00095" HPOS="205" VPOS="1188" WIDTH="12"/>
						<String ID="P109_ST00117" HPOS="217" VPOS="1169" WIDTH="6" HEIGHT="27" CONTENT=";" WC="0.33" CC="6"/>
						<SP ID="P109_SP00096" HPOS="223" VPOS="1196" WIDTH="24"/>
						<String ID="P109_ST00118" HPOS="247" VPOS="1155" WIDTH="47" HEIGHT="32" CONTENT="for" WC="0.78" CC="015"/>
						<SP ID="P109_SP00097" HPOS="294" VPOS="1196" WIDTH="20"/>
						<String ID="P109_ST00119" HPOS="314" VPOS="1167" WIDTH="39" HEIGHT="20" CONTENT="an" WC="0.69" CC="06"/>
						<SP ID="P109_SP00098" HPOS="353" VPOS="1196" WIDTH="21"/>
						<String ID="P109_ST00120" HPOS="374" VPOS="1156" WIDTH="104" HEIGHT="31" CONTENT="attack" WC="1.00" CC="000000"/>
						<SP ID="P109_SP00099" HPOS="478" VPOS="1196" WIDTH="19"/>
						<String ID="P109_ST00121" HPOS="497" VPOS="1155" WIDTH="35" HEIGHT="31" CONTENT="of" WC="0.77" CC="40"/>
						<SP ID="P109_SP00100" HPOS="532" VPOS="1196" WIDTH="18"/>
						<String ID="P109_ST00122" HPOS="550" VPOS="1155" WIDTH="164" HEIGHT="42" CONTENT="small-pox" WC="0.74" CC="500150009"/>
						<SP ID="P109_SP00101" HPOS="714" VPOS="1197" WIDTH="23"/>
						<String ID="P109_ST00123" HPOS="737" VPOS="1167" WIDTH="82" HEIGHT="20" CONTENT="some" WC="0.80" CC="6100"/>
						<SP ID="P109_SP00102" HPOS="819" VPOS="1197" WIDTH="24"/>
						<String ID="P109_ST00124" HPOS="843" VPOS="1156" WIDTH="94" HEIGHT="31" CONTENT="dozen" WC="0.83" CC="00008"/>
					</TextLine>
					<TextLine ID="P109_TL00020" HPOS="118" VPOS="1216" WIDTH="818" HEIGHT="44">
						<String ID="P109_ST00125" HPOS="118" VPOS="1229" WIDTH="88" HEIGHT="31" CONTENT="years" WC="0.70" CC="90050"/>
						<SP ID="P109_SP00103" HPOS="206" VPOS="1260" WIDTH="36"/>
						<String ID="P109_ST00126" HPOS="242" VPOS="1229" WIDTH="59" HEIGHT="29" CONTENT="ago" WC="0.86" CC="004"/>
						<SP ID="P109_SP00104" HPOS="301" VPOS="1260" WIDTH="33"/>
						<String ID="P109_ST00127" HPOS="334" VPOS="1216" WIDTH="70" HEIGHT="41" CONTENT="had," WC="0.81" CC="7000"/>
						<SP ID="P109_SP00105" HPOS="404" VPOS="1260" WIDTH="41"/>
						<String ID="P109_ST00128" HPOS="445" VPOS="1216" WIDTH="129" HEIGHT="31" CONTENT="Avithout" WC="0.52" CC="96607160"/>
						<SP ID="P109_SP00106" HPOS="574" VPOS="1260" WIDTH="36"/>
						<String ID="P109_ST00129" HPOS="610" VPOS="1216" WIDTH="148" HEIGHT="42" CONTENT="precisely" WC="0.84" CC="060000060"/>
						<SP ID="P109_SP00107" HPOS="758" VPOS="1260" WIDTH="31"/>
						<String ID="P109_ST00130" HPOS="789" VPOS="1217" WIDTH="147" HEIGHT="40" CONTENT="marking," WC="0.70" CC="03353700"/>
					</TextLine>
					<TextLine ID="P109_TL00021" HPOS="118" VPOS="1278" WIDTH="820" HEIGHT="42">
						<String ID="P109_ST00131" HPOS="118" VPOS="1279" WIDTH="145" HEIGHT="32" CONTENT="muddied" WC="0.85" CC="0700300"/>
						<SP ID="P109_SP00108" HPOS="263" VPOS="1311" WIDTH="15"/>
						<String ID="P109_ST00132" HPOS="278" VPOS="1279" WIDTH="55" HEIGHT="31" CONTENT="her" WC="0.65" CC="702"/>
						<SP ID="P109_SP00109" HPOS="333" VPOS="1311" WIDTH="17"/>
						<String ID="P109_ST00133" HPOS="350" VPOS="1278" WIDTH="200" HEIGHT="42" CONTENT="complexion," WC="0.86" CC="00001003071"/>
						<SP ID="P109_SP00110" HPOS="550" VPOS="1320" WIDTH="27"/>
						<String ID="P109_ST00134" HPOS="577" VPOS="1278" WIDTH="60" HEIGHT="31" CONTENT="and" WC="0.76" CC="070"/>
						<SP ID="P109_SP00111" HPOS="637" VPOS="1320" WIDTH="21"/>
						<String ID="P109_ST00135" HPOS="658" VPOS="1278" WIDTH="130" HEIGHT="40" CONTENT="nothing" WC="0.65" CC="5007370"/>
						<SP ID="P109_SP00112" HPOS="788" VPOS="1320" WIDTH="20"/>
						<String ID="P109_ST00136" HPOS="808" VPOS="1278" WIDTH="130" HEIGHT="32" CONTENT="relieved" WC="0.72" CC="05040308"/>
					</TextLine>
					<TextLine ID="P109_TL00022" HPOS="118" VPOS="1339" WIDTH="820" HEIGHT="42">
						<String ID="P109_ST00137" HPOS="118" VPOS="1352" WIDTH="34" HEIGHT="21" CONTENT="or" WC="0.78" CC="40"/>
						<SP ID="P109_SP00113" HPOS="152" VPOS="1373" WIDTH="40"/>
						<String ID="P109_ST00138" HPOS="192" VPOS="1340" WIDTH="140" HEIGHT="32" CONTENT="softened" WC="0.88" CC="20000600"/>
						<SP ID="P109_SP00114" HPOS="332" VPOS="1373" WIDTH="44"/>
						<String ID="P109_ST00139" HPOS="376" VPOS="1340" WIDTH="52" HEIGHT="31" CONTENT="the" WC="0.49" CC="770"/>
						<SP ID="P109_SP00115" HPOS="428" VPOS="1373" WIDTH="39"/>
						<String ID="P109_ST00140" HPOS="467" VPOS="1339" WIDTH="91" HEIGHT="42" CONTENT="sharp" WC="0.41" CC="67069"/>
						<SP ID="P109_SP00116" HPOS="558" VPOS="1381" WIDTH="39"/>
						<String ID="P109_ST00141" HPOS="597" VPOS="1339" WIDTH="128" HEIGHT="31" CONTENT="outlines" WC="0.56" CC="16850605"/>
						<SP ID="P109_SP00117" HPOS="725" VPOS="1381" WIDTH="39"/>
						<String ID="P109_ST00142" HPOS="764" VPOS="1339" WIDTH="60" HEIGHT="30" CONTENT="and" WC="0.75" CC="070"/>
						<SP ID="P109_SP00118" HPOS="824" VPOS="1381" WIDTH="38"/>
						<String ID="P109_ST00143" HPOS="862" VPOS="1339" WIDTH="76" HEIGHT="31" CONTENT="hard" WC="0.63" CC="7070"/>
					</TextLine>
					<TextLine ID="P109_TL00023" HPOS="117" VPOS="1399" WIDTH="825" HEIGHT="35">
						<String ID="P109_ST00144" HPOS="117" VPOS="1401" WIDTH="134" HEIGHT="33" CONTENT="features" WC="0.87" CC="00006003"/>
						<SP ID="P109_SP00119" HPOS="251" VPOS="1434" WIDTH="28"/>
						<String ID="P109_ST00145" HPOS="279" VPOS="1400" WIDTH="34" HEIGHT="33" CONTENT="of" WC="0.29" CC="58"/>
						<SP ID="P109_SP00120" HPOS="313" VPOS="1434" WIDTH="22"/>
						<String ID="P109_ST00146" HPOS="335" VPOS="1400" WIDTH="54" HEIGHT="32" CONTENT="her" WC="0.61" CC="704"/>
						<SP ID="P109_SP00121" HPOS="389" VPOS="1434" WIDTH="22"/>
						<String ID="P109_ST00147" HPOS="411" VPOS="1400" WIDTH="75" HEIGHT="31" CONTENT="face." WC="1.00" CC="00000"/>
						<SP ID="P109_SP00122" HPOS="486" VPOS="1434" WIDTH="49"/>
						<String ID="P109_ST00148" HPOS="535" VPOS="1400" WIDTH="60" HEIGHT="32" CONTENT="She" WC="0.55" CC="570"/>
						<SP ID="P109_SP00123" HPOS="595" VPOS="1434" WIDTH="25"/>
						<String ID="P109_ST00149" HPOS="620" VPOS="1411" WIDTH="63" HEIGHT="20" CONTENT="was" WC="0.83" CC="005"/>
						<SP ID="P109_SP00124" HPOS="683" VPOS="1434" WIDTH="21"/>
						<String ID="P109_ST00150" HPOS="704" VPOS="1404" WIDTH="54" HEIGHT="27" CONTENT="not" WC="0.63" CC="505"/>
						<SP ID="P109_SP00125" HPOS="758" VPOS="1434" WIDTH="20"/>
						<String ID="P109_ST00151" HPOS="778" VPOS="1399" WIDTH="108" HEIGHT="32" CONTENT="devoid" WC="0.64" CC="009730"/>
						<SP ID="P109_SP00126" HPOS="886" VPOS="1434" WIDTH="22"/>
						<String ID="P109_ST00152" HPOS="908" VPOS="1400" WIDTH="34" HEIGHT="31" CONTENT="of" WC="0.93" CC="01"/>
					</TextLine>
					<TextLine ID="P109_TL00024" HPOS="117" VPOS="1460" WIDTH="820" HEIGHT="40">
						<String ID="P109_ST00153" HPOS="117" VPOS="1463" WIDTH="84" HEIGHT="31" CONTENT="what" WC="0.81" CC="0700"/>
						<SP ID="P109_SP00127" HPOS="201" VPOS="1494" WIDTH="27"/>
						<String ID="P109_ST00154" HPOS="228" VPOS="1461" WIDTH="53" HEIGHT="33" CONTENT="the" WC="0.54" CC="373"/>
						<SP ID="P109_SP00128" HPOS="281" VPOS="1494" WIDTH="35"/>
						<String ID="P109_ST00155" HPOS="316" VPOS="1461" WIDTH="122" HEIGHT="32" CONTENT="French" WC="0.67" CC="500607"/>
						<SP ID="P109_SP00129" HPOS="438" VPOS="1494" WIDTH="36"/>
						<String ID="P109_ST00156" HPOS="474" VPOS="1461" WIDTH="58" HEIGHT="31" CONTENT="call" WC="0.79" CC="0053"/>
						<SP ID="P109_SP00130" HPOS="532" VPOS="1494" WIDTH="33"/>
						<String ID="P109_ST00157" HPOS="565" VPOS="1460" WIDTH="182" HEIGHT="40" CONTENT="distinction," WC="0.72" CC="036116001370"/>
						<SP ID="P109_SP00131" HPOS="747" VPOS="1500" WIDTH="35"/>
						<String ID="P109_ST00158" HPOS="782" VPOS="1466" WIDTH="32" HEIGHT="26" CONTENT="to" WC="0.82" CC="03"/>
						<SP ID="P109_SP00132" HPOS="814" VPOS="1500" WIDTH="25"/>
						<String ID="P109_ST00159" HPOS="839" VPOS="1461" WIDTH="98" HEIGHT="32" CONTENT="which" WC="0.67" CC="07107"/>
					</TextLine>
					<TextLine ID="P109_TL00025" HPOS="117" VPOS="1521" WIDTH="821" HEIGHT="34">
						<String ID="P109_ST00160" HPOS="117" VPOS="1524" WIDTH="56" HEIGHT="31" CONTENT="her" WC="0.70" CC="701"/>
						<SP ID="P109_SP00133" HPOS="173" VPOS="1555" WIDTH="14"/>
						<String ID="P109_ST00161" HPOS="187" VPOS="1528" WIDTH="82" HEIGHT="27" CONTENT="most" WC="0.87" CC="0013"/>
						<SP ID="P109_SP00134" HPOS="269" VPOS="1555" WIDTH="15"/>
						<String ID="P109_ST00162" HPOS="284" VPOS="1522" WIDTH="137" HEIGHT="33" CONTENT="intimate" WC="0.72" CC="27670000"/>
						<SP ID="P109_SP00135" HPOS="421" VPOS="1555" WIDTH="21"/>
						<String ID="P109_ST00163" HPOS="442" VPOS="1522" WIDTH="112" HEIGHT="32" CONTENT="friends" WC="0.70" CC="2600604"/>
						<SP ID="P109_SP00136" HPOS="554" VPOS="1555" WIDTH="24"/>
						<String ID="P109_ST00164" HPOS="578" VPOS="1522" WIDTH="139" HEIGHT="32" CONTENT="declared" WC="0.71" CC="02256600"/>
						<SP ID="P109_SP00137" HPOS="717" VPOS="1555" WIDTH="27"/>
						<String ID="P109_ST00165" HPOS="744" VPOS="1521" WIDTH="53" HEIGHT="33" CONTENT="she" WC="0.58" CC="570"/>
						<SP ID="P109_SP00138" HPOS="797" VPOS="1555" WIDTH="16"/>
						<String ID="P109_ST00166" HPOS="813" VPOS="1522" WIDTH="60" HEIGHT="32" CONTENT="had" WC="0.75" CC="700"/>
						<SP ID="P109_SP00139" HPOS="873" VPOS="1555" WIDTH="25"/>
						<String ID="P109_ST00167" HPOS="898" VPOS="1534" WIDTH="40" HEIGHT="21" CONTENT="no" WC="0.76" CC="40"/>
					</TextLine>
				</TextBlock>
				<TextBlock ID="P109_TB00008" HPOS="174" VPOS="1590" WIDTH="79" HEIGHT="16" STYLEREFS="TXT_0 PAR_LEFT">
					<TextLine ID="P109_TL00026" HPOS="174" VPOS="1591" WIDTH="79" HEIGHT="15">
						<String ID="P109_ST00168" HPOS="174" VPOS="1591" WIDTH="53" HEIGHT="15" CONTENT="VOL." WC="0.51" CC="9090"/>
						<SP ID="P109_SP00140" HPOS="227" VPOS="1606" WIDTH="11"/>
						<String ID="P109_ST00169" HPOS="238" VPOS="1591" WIDTH="15" HEIGHT="15" CONTENT="I." WC="0.80" CC="30"/>
					</TextLine>
				</TextBlock>
				<TextBlock ID="P109_TB00009" HPOS="837" VPOS="1589" WIDTH="15" HEIGHT="14" STYLEREFS="TXT_2 PAR_RIGHT">
					<TextLine ID="P109_TL00027" HPOS="838" VPOS="1589" WIDTH="14" HEIGHT="14">
						<String ID="P109_ST00170" HPOS="838" VPOS="1589" WIDTH="14" HEIGHT="14" CONTENT="II" WC="0.67" CC="60"/>
					</TextLine>
				</TextBlock>
			</PrintSpace>
		</Page>
	</Layout>
</alto>
