<?xml version="1.0" encoding="UTF-8"?>
<alto xmlns:xsi="http://www.w3.org/2001/XMLSchema-instance" xsi:noNamespaceSchemaLocation="http://www.bl.uk/schemas/alto/alto-1-4.xsd" xmlns:xlink="http://www.w3.org/1999/xlink">
	<Description>
		<MeasurementUnit>mm10</MeasurementUnit>
		<sourceImageInformation>
			<fileName>//head1/IN/2007-46/A0010888503.1/009801.jp2</fileName>
		</sourceImageInformation>
		<OCRProcessing ID="OCRPROCESSING_1">
			<preProcessingStep>
				<processingSoftware>
					<softwareCreator>CCS Content Conversion Specialists GmbH, Germany</softwareCreator>
					<softwareName>CCS docWORKS</softwareName>
					<softwareVersion>6.1-0.61</softwareVersion>
				</processingSoftware>
			</preProcessingStep>
			<ocrProcessingStep>
				<processingSoftware>
					<softwareCreator>ABBYY (BIT Software), Russia</softwareCreator>
					<softwareName>Finereader</softwareName>
				</processingSoftware>
			</ocrProcessingStep>
		</OCRProcessing>
	</Description>
	<Styles>
		<TextStyle ID="TXT_0" FONTSIZE="9" FONTFAMILY="Courier New"/>
		<TextStyle ID="TXT_1" FONTSIZE="11" FONTFAMILY="Courier New"/>
		<ParagraphStyle ID="PAR_LEFT" ALIGN="Left"/>
		<ParagraphStyle ID="PAR_RIGHT" ALIGN="Right"/>
	</Styles>
	<Layout>
		<Page ID="P257" PHYSICAL_IMG_NR="257" HEIGHT="1740" WIDTH="1090" PRINTED_IMG_NR="245" POSITION="Right" ACCURACY="73.12">
			<TopMargin ID="P257_TM00001" HPOS="0" VPOS="0" WIDTH="1089" HEIGHT="121">
				<TextBlock ID="P257_TB00001" HPOS="309" VPOS="96" WIDTH="406" HEIGHT="24" STYLEREFS="TXT_0 PAR_LEFT">
					<TextLine ID="P257_TL00001" HPOS="309" VPOS="97" WIDTH="406" HEIGHT="23">
						<String ID="P257_ST00001" HPOS="309" VPOS="97" WIDTH="249" HEIGHT="23" CONTENT="MADEMOISELLE" WC="0.70" CC="507500023036"/>
						<SP ID="P257_SP00001" HPOS="558" VPOS="120" WIDTH="22"/>
						<String ID="P257_ST00002" HPOS="580" VPOS="100" WIDTH="135" HEIGHT="20" CONTENT="ASPASIE." WC="0.72" CC="03700630"/>
					</TextLine>
				</TextBlock>
				<TextBlock ID="P257_TB00002" HPOS="864" VPOS="93" WIDTH="51" HEIGHT="27" STYLEREFS="TXT_1 PAR_RIGHT">
					<TextLine ID="P257_TL00002" HPOS="864" VPOS="93" WIDTH="51" HEIGHT="27">
						<String ID="P257_ST00003" HPOS="864" VPOS="93" WIDTH="51" HEIGHT="27" CONTENT="245" WC="1.00" CC="000"/>
					</TextLine>
				</TextBlock>
			</TopMargin>
			<LeftMargin ID="P257_LM00001" HPOS="0" VPOS="121" WIDTH="100" HEIGHT="1429"/>
			<RightMargin ID="P257_RM00001" HPOS="924" VPOS="121" WIDTH="165" HEIGHT="1429"/>
			<BottomMargin ID="P257_BM00001" HPOS="0" VPOS="1550" WIDTH="1089" HEIGHT="189"/>
			<PrintSpace ID="P257_PS00001" HPOS="100" VPOS="121" WIDTH="824" HEIGHT="1429">
				<TextBlock ID="P257_TB00003" HPOS="101" VPOS="170" WIDTH="816" HEIGHT="153" STYLEREFS="TXT_0 PAR_LEFT">
					<TextLine ID="P257_TL00003" HPOS="146" VPOS="170" WIDTH="771" HEIGHT="44">
						<String ID="P257_ST00004" HPOS="146" VPOS="170" WIDTH="17" HEIGHT="13" CONTENT='"' WC="0.89" CC="1"/>
						<SP ID="P257_SP00002" HPOS="163" VPOS="183" WIDTH="13"/>
						<String ID="P257_ST00005" HPOS="176" VPOS="170" WIDTH="51" HEIGHT="31" CONTENT="No" WC="1.00" CC="00"/>
						<SP ID="P257_SP00003" HPOS="227" VPOS="201" WIDTH="16"/>
						<String ID="P257_ST00006" HPOS="243" VPOS="171" WIDTH="141" HEIGHT="43" CONTENT="boyards," WC="0.76" CC="50004043"/>
						<SP ID="P257_SP00004" HPOS="384" VPOS="214" WIDTH="17"/>
						<String ID="P257_ST00007" HPOS="401" VPOS="185" WIDTH="40" HEIGHT="20" CONTENT="no" WC="0.54" CC="72"/>
						<SP ID="P257_SP00005" HPOS="441" VPOS="214" WIDTH="14"/>
						<String ID="P257_ST00008" HPOS="455" VPOS="175" WIDTH="6" HEIGHT="31" CONTENT="!" WC="1.00" CC="0"/>
						<SP ID="P257_SP00006" HPOS="461" VPOS="214" WIDTH="16"/>
						<String ID="P257_ST00009" HPOS="477" VPOS="175" WIDTH="16" HEIGHT="12" CONTENT='"' WC="0.55" CC="4"/>
						<SP ID="P257_SP00007" HPOS="493" VPOS="214" WIDTH="18"/>
						<String ID="P257_ST00010" HPOS="511" VPOS="174" WIDTH="113" HEIGHT="32" CONTENT="echoed" WC="0.82" CC="207000"/>
						<SP ID="P257_SP00008" HPOS="624" VPOS="214" WIDTH="11"/>
						<String ID="P257_ST00011" HPOS="635" VPOS="174" WIDTH="52" HEIGHT="32" CONTENT="the" WC="0.68" CC="270"/>
						<SP ID="P257_SP00009" HPOS="687" VPOS="214" WIDTH="16"/>
						<String ID="P257_ST00012" HPOS="703" VPOS="174" WIDTH="45" HEIGHT="32" CONTENT="fat" WC="0.85" CC="004"/>
						<SP ID="P257_SP00010" HPOS="748" VPOS="214" WIDTH="15"/>
						<String ID="P257_ST00013" HPOS="763" VPOS="186" WIDTH="70" HEIGHT="19" CONTENT="man" WC="0.78" CC="006"/>
						<SP ID="P257_SP00011" HPOS="833" VPOS="214" WIDTH="13"/>
						<String ID="P257_ST00014" HPOS="846" VPOS="174" WIDTH="71" HEIGHT="31" CONTENT="with" WC="0.74" CC="0207"/>
					</TextLine>
					<TextLine ID="P257_TL00004" HPOS="102" VPOS="233" WIDTH="815" HEIGHT="44">
						<String ID="P257_ST00015" HPOS="102" VPOS="241" WIDTH="18" HEIGHT="20" CONTENT="a" WC="1.00" CC="0"/>
						<SP ID="P257_SP00012" HPOS="120" VPOS="261" WIDTH="15"/>
						<String ID="P257_ST00016" HPOS="135" VPOS="236" WIDTH="94" HEIGHT="36" CONTENT="grunt" WC="0.65" CC="05570"/>
						<String ID="P257_ST00017" HPOS="242" VPOS="245" WIDTH="7" HEIGHT="27" CONTENT=";" WC="0.78" CC="2"/>
						<SP ID="P257_SP00013" HPOS="249" VPOS="272" WIDTH="30"/>
						<String ID="P257_ST00018" HPOS="279" VPOS="234" WIDTH="17" HEIGHT="13" CONTENT='"' WC="0.91" CC="0"/>
						<SP ID="P257_SP00014" HPOS="296" VPOS="272" WIDTH="11"/>
						<String ID="P257_ST00019" HPOS="307" VPOS="233" WIDTH="55" HEIGHT="33" CONTENT="but" WC="0.83" CC="050"/>
						<SP ID="P257_SP00015" HPOS="362" VPOS="272" WIDTH="16"/>
						<String ID="P257_ST00020" HPOS="378" VPOS="233" WIDTH="54" HEIGHT="33" CONTENT="she" WC="0.60" CC="470"/>
						<SP ID="P257_SP00016" HPOS="432" VPOS="272" WIDTH="15"/>
						<String ID="P257_ST00021" HPOS="447" VPOS="239" WIDTH="69" HEIGHT="38" CONTENT="gets" WC="0.96" CC="0001"/>
						<SP ID="P257_SP00017" HPOS="516" VPOS="277" WIDTH="15"/>
						<String ID="P257_ST00022" HPOS="531" VPOS="235" WIDTH="52" HEIGHT="32" CONTENT="the" WC="0.75" CC="070"/>
						<SP ID="P257_SP00018" HPOS="583" VPOS="277" WIDTH="14"/>
						<String ID="P257_ST00023" HPOS="597" VPOS="235" WIDTH="195" HEIGHT="41" CONTENT="Boulevards," WC="0.70" CC="50710604052"/>
						<SP ID="P257_SP00019" HPOS="792" VPOS="277" WIDTH="18"/>
						<String ID="P257_ST00024" HPOS="810" VPOS="234" WIDTH="60" HEIGHT="32" CONTENT="and" WC="0.79" CC="060"/>
						<SP ID="P257_SP00020" HPOS="870" VPOS="277" WIDTH="16"/>
						<String ID="P257_ST00025" HPOS="886" VPOS="246" WIDTH="31" HEIGHT="20" CONTENT="so" WC="0.86" CC="02"/>
					</TextLine>
					<TextLine ID="P257_TL00005" HPOS="102" VPOS="292" WIDTH="116" HEIGHT="31">
						<String ID="P257_ST00026" HPOS="102" VPOS="292" WIDTH="38" HEIGHT="31" CONTENT="do" WC="0.91" CC="01"/>
						<SP ID="P257_SP00021" HPOS="140" VPOS="323" WIDTH="15"/>
						<String ID="P257_ST00027" HPOS="155" VPOS="292" WIDTH="16" HEIGHT="31" CONTENT="I" WC="0.65" CC="3"/>
						<String ID="P257_ST00028" HPOS="184" VPOS="293" WIDTH="6" HEIGHT="30" CONTENT="!" WC="1.00" CC="0"/>
						<String ID="P257_ST00029" HPOS="203" VPOS="293" WIDTH="15" HEIGHT="12" CONTENT='"' WC="0.61" CC="3"/>
					</TextLine>
				</TextBlock>
				<TextBlock ID="P257_TB00004" HPOS="101" VPOS="353" WIDTH="820" HEIGHT="409" STYLEREFS="TXT_0 PAR_LEFT">
					<TextLine ID="P257_TL00006" HPOS="146" VPOS="354" WIDTH="774" HEIGHT="45">
						<String ID="P257_ST00030" HPOS="146" VPOS="354" WIDTH="17" HEIGHT="14" CONTENT='"' WC="0.54" CC="4"/>
						<SP ID="P257_SP00022" HPOS="163" VPOS="368" WIDTH="14"/>
						<String ID="P257_ST00031" HPOS="177" VPOS="354" WIDTH="41" HEIGHT="32" CONTENT="So" WC="0.54" CC="62"/>
						<SP ID="P257_SP00023" HPOS="218" VPOS="386" WIDTH="30"/>
						<String ID="P257_ST00032" HPOS="248" VPOS="354" WIDTH="115" HEIGHT="33" CONTENT="there's" WC="0.71" CC="7700040"/>
						<SP ID="P257_SP00024" HPOS="363" VPOS="387" WIDTH="31"/>
						<String ID="P257_ST00033" HPOS="394" VPOS="356" WIDTH="170" HEIGHT="42" CONTENT="patriotism" WC="0.80" CC="0015503110"/>
						<SP ID="P257_SP00025" HPOS="564" VPOS="398" WIDTH="24"/>
						<String ID="P257_ST00034" HPOS="588" VPOS="357" WIDTH="31" HEIGHT="31" CONTENT="in" WC="0.35" CC="57"/>
						<SP ID="P257_SP00026" HPOS="619" VPOS="398" WIDTH="30"/>
						<String ID="P257_ST00035" HPOS="649" VPOS="369" WIDTH="76" HEIGHT="30" CONTENT="your" WC="0.83" CC="0060"/>
						<SP ID="P257_SP00027" HPOS="725" VPOS="399" WIDTH="26"/>
						<String ID="P257_ST00036" HPOS="751" VPOS="361" WIDTH="112" HEIGHT="35" CONTENT="return," WC="0.58" CC="5046470"/>
						<SP ID="P257_SP00028" HPOS="863" VPOS="399" WIDTH="32"/>
						<String ID="P257_ST00037" HPOS="895" VPOS="356" WIDTH="25" HEIGHT="31" CONTENT="is" WC="0.70" CC="50"/>
					</TextLine>
					<TextLine ID="P257_TL00007" HPOS="102" VPOS="414" WIDTH="819" HEIGHT="45">
						<String ID="P257_ST00038" HPOS="102" VPOS="414" WIDTH="137" HEIGHT="33" CONTENT='there?"' WC="0.76" CC="0706001"/>
						<SP ID="P257_SP00029" HPOS="239" VPOS="447" WIDTH="19"/>
						<String ID="P257_ST00039" HPOS="258" VPOS="415" WIDTH="149" HEIGHT="33" CONTENT="observed" WC="0.82" CC="10002630"/>
						<SP ID="P257_SP00030" HPOS="407" VPOS="448" WIDTH="9"/>
						<String ID="P257_ST00040" HPOS="416" VPOS="417" WIDTH="228" HEIGHT="32" CONTENT="Mademoiselle" WC="0.87" CC="000000640030"/>
						<SP ID="P257_SP00031" HPOS="644" VPOS="449" WIDTH="10"/>
						<String ID="P257_ST00041" HPOS="654" VPOS="418" WIDTH="149" HEIGHT="41" CONTENT="Mourjon," WC="0.77" CC="00460070"/>
						<SP ID="P257_SP00032" HPOS="803" VPOS="459" WIDTH="18"/>
						<String ID="P257_ST00042" HPOS="821" VPOS="418" WIDTH="100" HEIGHT="31" CONTENT="other" SUBS_TYPE="HypPart1" SUBS_CONTENT="otherwise" WC="0.78" CC="307020"/>
						<HYP CONTENT="-"/>
					</TextLine>
					<TextLine ID="P257_TL00008" HPOS="102" VPOS="476" WIDTH="817" HEIGHT="44">
						<String ID="P257_ST00043" HPOS="102" VPOS="476" WIDTH="72" HEIGHT="33" CONTENT="wise" SUBS_TYPE="HypPart2" SUBS_CONTENT="otherwise" WC="0.86" CC="0500"/>
						<SP ID="P257_SP00033" HPOS="174" VPOS="509" WIDTH="24"/>
						<String ID="P257_ST00044" HPOS="198" VPOS="477" WIDTH="37" HEIGHT="32" CONTENT="de" WC="1.00" CC="00"/>
						<SP ID="P257_SP00034" HPOS="235" VPOS="509" WIDTH="24"/>
						<String ID="P257_ST00045" HPOS="259" VPOS="477" WIDTH="224" HEIGHT="43" CONTENT="Mourjonville," WC="0.73" CC="0262006742100"/>
						<SP ID="P257_SP00035" HPOS="483" VPOS="520" WIDTH="17"/>
						<String ID="P257_ST00046" HPOS="500" VPOS="478" WIDTH="75" HEIGHT="31" CONTENT="with" WC="0.66" CC="0607"/>
						<SP ID="P257_SP00036" HPOS="575" VPOS="520" WIDTH="23"/>
						<String ID="P257_ST00047" HPOS="598" VPOS="490" WIDTH="18" HEIGHT="19" CONTENT="a" WC="0.37" CC="6"/>
						<SP ID="P257_SP00037" HPOS="616" VPOS="520" WIDTH="27"/>
						<String ID="P257_ST00048" HPOS="643" VPOS="490" WIDTH="95" HEIGHT="20" CONTENT="sneer." WC="0.68" CC="550070"/>
						<SP ID="P257_SP00038" HPOS="738" VPOS="520" WIDTH="49"/>
						<String ID="P257_ST00049" HPOS="787" VPOS="480" WIDTH="17" HEIGHT="13" CONTENT='"' WC="0.75" CC="2"/>
						<SP ID="P257_SP00039" HPOS="804" VPOS="520" WIDTH="16"/>
						<String ID="P257_ST00050" HPOS="820" VPOS="479" WIDTH="79" HEIGHT="31" CONTENT="Well" WC="0.97" CC="0000"/>
						<String ID="P257_ST00051" HPOS="913" VPOS="480" WIDTH="6" HEIGHT="31" CONTENT="!" WC="0.79" CC="2"/>
					</TextLine>
					<TextLine ID="P257_TL00009" HPOS="103" VPOS="537" WIDTH="817" HEIGHT="44">
						<String ID="P257_ST00052" HPOS="103" VPOS="537" WIDTH="34" HEIGHT="33" CONTENT="of" WC="0.76" CC="40"/>
						<SP ID="P257_SP00040" HPOS="137" VPOS="570" WIDTH="11"/>
						<String ID="P257_ST00053" HPOS="148" VPOS="550" WIDTH="19" HEIGHT="20" CONTENT="a" WC="1.00" CC="0"/>
						<SP ID="P257_SP00041" HPOS="167" VPOS="570" WIDTH="16"/>
						<String ID="P257_ST00054" HPOS="183" VPOS="539" WIDTH="150" HEIGHT="42" CONTENT="certainty" WC="0.91" CC="000001600"/>
						<SP ID="P257_SP00042" HPOS="333" VPOS="581" WIDTH="15"/>
						<String ID="P257_ST00055" HPOS="348" VPOS="539" WIDTH="68" HEIGHT="32" CONTENT="that" WC="0.81" CC="0700"/>
						<SP ID="P257_SP00043" HPOS="416" VPOS="581" WIDTH="16"/>
						<String ID="P257_ST00056" HPOS="432" VPOS="540" WIDTH="25" HEIGHT="31" CONTENT="is" WC="0.48" CC="36"/>
						<SP ID="P257_SP00044" HPOS="457" VPOS="581" WIDTH="17"/>
						<String ID="P257_ST00057" HPOS="474" VPOS="540" WIDTH="93" HEIGHT="31" CONTENT="about" WC="0.86" CC="00070"/>
						<SP ID="P257_SP00045" HPOS="567" VPOS="581" WIDTH="14"/>
						<String ID="P257_ST00058" HPOS="581" VPOS="540" WIDTH="52" HEIGHT="31" CONTENT="the" WC="0.66" CC="270"/>
						<SP ID="P257_SP00046" HPOS="633" VPOS="581" WIDTH="17"/>
						<String ID="P257_ST00059" HPOS="650" VPOS="551" WIDTH="74" HEIGHT="30" CONTENT="very" WC="0.68" CC="6060"/>
						<SP ID="P257_SP00047" HPOS="724" VPOS="581" WIDTH="15"/>
						<String ID="P257_ST00060" HPOS="739" VPOS="540" WIDTH="59" HEIGHT="31" CONTENT="last" WC="0.72" CC="0056"/>
						<SP ID="P257_SP00048" HPOS="798" VPOS="581" WIDTH="11"/>
						<String ID="P257_ST00061" HPOS="809" VPOS="540" WIDTH="111" HEIGHT="41" CONTENT="luxury" WC="0.74" CC="220640"/>
					</TextLine>
					<TextLine ID="P257_TL00010" HPOS="103" VPOS="598" WIDTH="818" HEIGHT="43">
						<String ID="P257_ST00062" HPOS="103" VPOS="598" WIDTH="32" HEIGHT="32" CONTENT="in" WC="0.39" CC="56"/>
						<SP ID="P257_SP00049" HPOS="135" VPOS="630" WIDTH="16"/>
						<String ID="P257_ST00063" HPOS="151" VPOS="599" WIDTH="99" HEIGHT="32" CONTENT="which" WC="0.58" CC="07607"/>
						<SP ID="P257_SP00050" HPOS="250" VPOS="631" WIDTH="20"/>
						<String ID="P257_ST00064" HPOS="270" VPOS="600" WIDTH="15" HEIGHT="31" CONTENT="I" WC="0.46" CC="5"/>
						<SP ID="P257_SP00051" HPOS="285" VPOS="631" WIDTH="17"/>
						<String ID="P257_ST00065" HPOS="302" VPOS="600" WIDTH="109" HEIGHT="31" CONTENT="should" WC="0.70" CC="470600"/>
						<SP ID="P257_SP00052" HPOS="411" VPOS="631" WIDTH="22"/>
						<String ID="P257_ST00066" HPOS="433" VPOS="600" WIDTH="78" HEIGHT="31" CONTENT="have" WC="0.55" CC="7360"/>
						<SP ID="P257_SP00053" HPOS="511" VPOS="631" WIDTH="22"/>
						<String ID="P257_ST00067" HPOS="533" VPOS="600" WIDTH="132" HEIGHT="41" CONTENT="thought" WC="0.57" CC="6716070"/>
						<SP ID="P257_SP00054" HPOS="665" VPOS="641" WIDTH="23"/>
						<String ID="P257_ST00068" HPOS="688" VPOS="600" WIDTH="95" HEIGHT="31" CONTENT="either" WC="0.69" CC="050705"/>
						<SP ID="P257_SP00055" HPOS="783" VPOS="641" WIDTH="24"/>
						<String ID="P257_ST00069" HPOS="807" VPOS="600" WIDTH="34" HEIGHT="31" CONTENT="of" WC="0.77" CC="40"/>
						<SP ID="P257_SP00056" HPOS="841" VPOS="641" WIDTH="20"/>
						<String ID="P257_ST00070" HPOS="861" VPOS="612" WIDTH="60" HEIGHT="29" CONTENT="you" WC="0.77" CC="006"/>
					</TextLine>
					<TextLine ID="P257_TL00011" HPOS="103" VPOS="660" WIDTH="817" HEIGHT="42">
						<String ID="P257_ST00071" HPOS="103" VPOS="665" WIDTH="62" HEIGHT="26" CONTENT="tAvo" WC="0.60" CC="5900"/>
						<SP ID="P257_SP00057" HPOS="165" VPOS="691" WIDTH="15"/>
						<String ID="P257_ST00072" HPOS="180" VPOS="660" WIDTH="103" HEIGHT="32" CONTENT="would" WC="0.77" CC="00650"/>
						<SP ID="P257_SP00058" HPOS="283" VPOS="692" WIDTH="14"/>
						<String ID="P257_ST00073" HPOS="297" VPOS="661" WIDTH="79" HEIGHT="31" CONTENT="have" WC="0.60" CC="7062"/>
						<SP ID="P257_SP00059" HPOS="376" VPOS="692" WIDTH="16"/>
						<String ID="P257_ST00074" HPOS="392" VPOS="661" WIDTH="146" HEIGHT="41" CONTENT="indulged" WC="0.70" CC="57252000"/>
						<SP ID="P257_SP00060" HPOS="538" VPOS="702" WIDTH="13"/>
						<String ID="P257_ST00075" HPOS="551" VPOS="662" WIDTH="27" HEIGHT="31" CONTENT='!"' WC="0.80" CC="04"/>
						<SP ID="P257_SP00061" HPOS="578" VPOS="702" WIDTH="26"/>
						<String ID="P257_ST00076" HPOS="604" VPOS="661" WIDTH="60" HEIGHT="31" CONTENT="and" WC="0.77" CC="060"/>
						<SP ID="P257_SP00062" HPOS="664" VPOS="702" WIDTH="16"/>
						<String ID="P257_ST00077" HPOS="680" VPOS="661" WIDTH="51" HEIGHT="32" CONTENT="the" WC="0.75" CC="070"/>
						<SP ID="P257_SP00063" HPOS="731" VPOS="702" WIDTH="24"/>
						<String ID="P257_ST00078" HPOS="755" VPOS="674" WIDTH="87" HEIGHT="19" CONTENT="sneer" WC="0.87" CC="40002"/>
						<SP ID="P257_SP00064" HPOS="842" VPOS="702" WIDTH="15"/>
						<String ID="P257_ST00079" HPOS="857" VPOS="674" WIDTH="63" HEIGHT="19" CONTENT="was" WC="1.00" CC="000"/>
					</TextLine>
					<TextLine ID="P257_TL00012" HPOS="103" VPOS="722" WIDTH="628" HEIGHT="40">
						<String ID="P257_ST00080" HPOS="103" VPOS="722" WIDTH="98" HEIGHT="40" CONTENT="biting" WC="0.64" CC="710570"/>
						<SP ID="P257_SP00065" HPOS="201" VPOS="762" WIDTH="16"/>
						<String ID="P257_ST00081" HPOS="217" VPOS="722" WIDTH="31" HEIGHT="31" CONTENT="in" WC="0.51" CC="27"/>
						<SP ID="P257_SP00066" HPOS="248" VPOS="762" WIDTH="15"/>
						<String ID="P257_ST00082" HPOS="263" VPOS="722" WIDTH="76" HEIGHT="31" CONTENT="both" WC="0.55" CC="6307"/>
						<SP ID="P257_SP00067" HPOS="339" VPOS="762" WIDTH="15"/>
						<String ID="P257_ST00083" HPOS="354" VPOS="722" WIDTH="52" HEIGHT="32" CONTENT="the" WC="0.56" CC="570"/>
						<SP ID="P257_SP00068" HPOS="406" VPOS="762" WIDTH="16"/>
						<String ID="P257_ST00084" HPOS="422" VPOS="723" WIDTH="72" HEIGHT="31" CONTENT="look" WC="0.78" CC="4004"/>
						<SP ID="P257_SP00069" HPOS="494" VPOS="762" WIDTH="16"/>
						<String ID="P257_ST00085" HPOS="510" VPOS="723" WIDTH="60" HEIGHT="31" CONTENT="and" WC="0.55" CC="066"/>
						<SP ID="P257_SP00070" HPOS="570" VPOS="762" WIDTH="14"/>
						<String ID="P257_ST00086" HPOS="584" VPOS="722" WIDTH="53" HEIGHT="32" CONTENT="the" WC="0.68" CC="170"/>
						<SP ID="P257_SP00071" HPOS="637" VPOS="762" WIDTH="16"/>
						<String ID="P257_ST00087" HPOS="653" VPOS="727" WIDTH="78" HEIGHT="28" CONTENT="tone." WC="0.79" CC="00702"/>
					</TextLine>
				</TextBlock>
				<TextBlock ID="P257_TB00005" HPOS="100" VPOS="782" WIDTH="824" HEIGHT="768" STYLEREFS="TXT_0 PAR_LEFT">
					<TextLine ID="P257_TL00013" HPOS="150" VPOS="782" WIDTH="772" HEIGHT="42">
						<String ID="P257_ST00088" HPOS="150" VPOS="784" WIDTH="17" HEIGHT="13" CONTENT='"' WC="0.61" CC="3"/>
						<SP ID="P257_SP00072" HPOS="167" VPOS="797" WIDTH="13"/>
						<String ID="P257_ST00089" HPOS="180" VPOS="782" WIDTH="52" HEIGHT="31" CONTENT="Ah" WC="0.63" CC="07"/>
						<String ID="P257_ST00090" HPOS="245" VPOS="783" WIDTH="6" HEIGHT="31" CONTENT="!" WC="1.00" CC="0"/>
						<SP ID="P257_SP00073" HPOS="251" VPOS="814" WIDTH="28"/>
						<String ID="P257_ST00091" HPOS="279" VPOS="783" WIDTH="57" HEIGHT="31" CONTENT="but" WC="0.47" CC="743"/>
						<SP ID="P257_SP00074" HPOS="336" VPOS="814" WIDTH="22"/>
						<String ID="P257_ST00092" HPOS="358" VPOS="794" WIDTH="61" HEIGHT="30" CONTENT="you" WC="0.77" CC="006"/>
						<SP ID="P257_SP00075" HPOS="419" VPOS="824" WIDTH="24"/>
						<String ID="P257_ST00093" HPOS="443" VPOS="783" WIDTH="84" HEIGHT="31" CONTENT="don't" WC="0.87" CC="00600"/>
						<SP ID="P257_SP00076" HPOS="527" VPOS="824" WIDTH="22"/>
						<String ID="P257_ST00094" HPOS="549" VPOS="783" WIDTH="90" HEIGHT="31" CONTENT="know" WC="0.63" CC="5530"/>
						<SP ID="P257_SP00077" HPOS="639" VPOS="824" WIDTH="15"/>
						<String ID="P257_ST00095" HPOS="654" VPOS="783" WIDTH="83" HEIGHT="31" CONTENT="what" WC="0.65" CC="0706"/>
						<SP ID="P257_SP00078" HPOS="737" VPOS="824" WIDTH="22"/>
						<String ID="P257_ST00096" HPOS="759" VPOS="783" WIDTH="23" HEIGHT="31" CONTENT="it" WC="0.77" CC="40"/>
						<SP ID="P257_SP00079" HPOS="782" VPOS="824" WIDTH="22"/>
						<String ID="P257_ST00097" HPOS="804" VPOS="783" WIDTH="25" HEIGHT="31" CONTENT="is" WC="0.55" CC="62"/>
						<SP ID="P257_SP00080" HPOS="829" VPOS="824" WIDTH="22"/>
						<String ID="P257_ST00098" HPOS="851" VPOS="788" WIDTH="32" HEIGHT="26" CONTENT="to" WC="0.67" CC="60"/>
						<SP ID="P257_SP00081" HPOS="883" VPOS="824" WIDTH="21"/>
						<String ID="P257_ST00099" HPOS="904" VPOS="794" WIDTH="18" HEIGHT="20" CONTENT="a" WC="1.00" CC="0"/>
					</TextLine>
					<TextLine ID="P257_TL00014" HPOS="105" VPOS="844" WIDTH="816" HEIGHT="40">
						<String ID="P257_ST00100" HPOS="105" VPOS="844" WIDTH="137" HEIGHT="31" CONTENT="Parisian" WC="0.61" CC="70623406"/>
						<SP ID="P257_SP00082" HPOS="242" VPOS="875" WIDTH="16"/>
						<String ID="P257_ST00101" HPOS="258" VPOS="848" WIDTH="32" HEIGHT="27" CONTENT="to" WC="0.92" CC="01"/>
						<SP ID="P257_SP00083" HPOS="290" VPOS="875" WIDTH="16"/>
						<String ID="P257_ST00102" HPOS="306" VPOS="844" WIDTH="89" HEIGHT="31" CONTENT="think" WC="0.60" CC="07650"/>
						<SP ID="P257_SP00084" HPOS="395" VPOS="875" WIDTH="20"/>
						<String ID="P257_ST00103" HPOS="415" VPOS="844" WIDTH="68" HEIGHT="31" CONTENT="that" WC="0.52" CC="6704"/>
						<SP ID="P257_SP00085" HPOS="483" VPOS="875" WIDTH="20"/>
						<String ID="P257_ST00104" HPOS="503" VPOS="844" WIDTH="65" HEIGHT="31" CONTENT="he's" WC="0.73" CC="7101"/>
						<SP ID="P257_SP00086" HPOS="568" VPOS="875" WIDTH="23"/>
						<String ID="P257_ST00105" HPOS="591" VPOS="844" WIDTH="94" HEIGHT="40" CONTENT="going" WC="0.69" CC="01670"/>
						<SP ID="P257_SP00087" HPOS="685" VPOS="884" WIDTH="22"/>
						<String ID="P257_ST00106" HPOS="707" VPOS="848" WIDTH="31" HEIGHT="27" CONTENT="to" WC="0.82" CC="11"/>
						<SP ID="P257_SP00088" HPOS="738" VPOS="884" WIDTH="23"/>
						<String ID="P257_ST00107" HPOS="761" VPOS="844" WIDTH="90" HEIGHT="31" CONTENT="make" WC="0.83" CC="0041"/>
						<SP ID="P257_SP00089" HPOS="851" VPOS="884" WIDTH="24"/>
						<String ID="P257_ST00108" HPOS="875" VPOS="844" WIDTH="46" HEIGHT="31" CONTENT="his" WC="0.42" CC="754"/>
					</TextLine>
					<TextLine ID="P257_TL00015" HPOS="104" VPOS="904" WIDTH="819" HEIGHT="42">
						<String ID="P257_ST00109" HPOS="104" VPOS="905" WIDTH="100" HEIGHT="40" CONTENT="home," WC="0.76" CC="70003"/>
						<SP ID="P257_SP00090" HPOS="204" VPOS="945" WIDTH="22"/>
						<String ID="P257_ST00110" HPOS="226" VPOS="905" WIDTH="47" HEIGHT="31" CONTENT="his" WC="0.51" CC="724"/>
						<SP ID="P257_SP00091" HPOS="273" VPOS="945" WIDTH="23"/>
						<String ID="P257_ST00111" HPOS="296" VPOS="905" WIDTH="97" HEIGHT="41" CONTENT="living" WC="0.74" CC="220550"/>
						<SP ID="P257_SP00092" HPOS="393" VPOS="946" WIDTH="24"/>
						<String ID="P257_ST00112" HPOS="417" VPOS="905" WIDTH="60" HEIGHT="31" CONTENT="and" WC="0.76" CC="070"/>
						<SP ID="P257_SP00093" HPOS="477" VPOS="946" WIDTH="23"/>
						<String ID="P257_ST00113" HPOS="500" VPOS="905" WIDTH="93" HEIGHT="41" CONTENT="dying" WC="0.67" CC="70080"/>
						<SP ID="P257_SP00094" HPOS="593" VPOS="946" WIDTH="22"/>
						<String ID="P257_ST00114" HPOS="615" VPOS="905" WIDTH="95" HEIGHT="41" CONTENT="place," WC="0.89" CC="060000"/>
						<SP ID="P257_SP00095" HPOS="710" VPOS="946" WIDTH="19"/>
						<String ID="P257_ST00115" HPOS="729" VPOS="904" WIDTH="33" HEIGHT="31" CONTENT="of" WC="0.83" CC="03"/>
						<SP ID="P257_SP00096" HPOS="762" VPOS="946" WIDTH="22"/>
						<String ID="P257_ST00116" HPOS="784" VPOS="916" WIDTH="19" HEIGHT="20" CONTENT="a" WC="1.00" CC="0"/>
						<SP ID="P257_SP00097" HPOS="803" VPOS="946" WIDTH="13"/>
						<String ID="P257_ST00117" HPOS="816" VPOS="905" WIDTH="107" HEIGHT="31" CONTENT="barba" SUBS_TYPE="HypPart1" SUBS_CONTENT="barbarous" WC="0.77" CC="714000"/>
						<HYP CONTENT="-"/>
					</TextLine>
					<TextLine ID="P257_TL00016" HPOS="105" VPOS="964" WIDTH="817" HEIGHT="42">
						<String ID="P257_ST00118" HPOS="105" VPOS="976" WIDTH="71" HEIGHT="20" CONTENT="rous" SUBS_TYPE="HypPart2" SUBS_CONTENT="barbarous" WC="0.64" CC="1065"/>
						<SP ID="P257_SP00098" HPOS="176" VPOS="996" WIDTH="31"/>
						<String ID="P257_ST00119" HPOS="207" VPOS="969" WIDTH="130" HEIGHT="37" CONTENT="country" WC="0.81" CC="0046000"/>
						<SP ID="P257_SP00099" HPOS="337" VPOS="1006" WIDTH="24"/>
						<String ID="P257_ST00120" HPOS="361" VPOS="964" WIDTH="102" HEIGHT="32" CONTENT="where" WC="0.85" CC="07000"/>
						<SP ID="P257_SP00100" HPOS="463" VPOS="1006" WIDTH="25"/>
						<String ID="P257_ST00121" HPOS="488" VPOS="964" WIDTH="72" HEIGHT="42" CONTENT="they" WC="0.81" CC="0700"/>
						<SP ID="P257_SP00101" HPOS="560" VPOS="1006" WIDTH="33"/>
						<String ID="P257_ST00122" HPOS="593" VPOS="964" WIDTH="71" HEIGHT="42" CONTENT="only" WC="0.80" CC="1600"/>
						<SP ID="P257_SP00102" HPOS="664" VPOS="1006" WIDTH="30"/>
						<String ID="P257_ST00123" HPOS="694" VPOS="964" WIDTH="93" HEIGHT="42" CONTENT="speak" WC="0.88" CC="10004"/>
						<SP ID="P257_SP00103" HPOS="787" VPOS="1006" WIDTH="31"/>
						<String ID="P257_ST00124" HPOS="818" VPOS="964" WIDTH="104" HEIGHT="31" CONTENT="make" SUBS_TYPE="HypPart1" SUBS_CONTENT="makebelieve" WC="0.96" CC="00002"/>
						<HYP CONTENT="-"/>
					</TextLine>
					<TextLine ID="P257_TL00017" HPOS="105" VPOS="1024" WIDTH="818" HEIGHT="42">
						<String ID="P257_ST00125" HPOS="105" VPOS="1026" WIDTH="118" HEIGHT="31" CONTENT="believe" SUBS_TYPE="HypPart2" SUBS_CONTENT="makebelieve" WC="0.61" CC="7076050"/>
						<SP ID="P257_SP00104" HPOS="223" VPOS="1057" WIDTH="31"/>
						<String ID="P257_ST00126" HPOS="254" VPOS="1025" WIDTH="130" HEIGHT="40" CONTENT="French," WC="0.76" CC="3006070"/>
						<SP ID="P257_SP00105" HPOS="384" VPOS="1065" WIDTH="33"/>
						<String ID="P257_ST00127" HPOS="417" VPOS="1025" WIDTH="59" HEIGHT="31" CONTENT="and" WC="0.76" CC="070"/>
						<SP ID="P257_SP00106" HPOS="476" VPOS="1065" WIDTH="34"/>
						<String ID="P257_ST00128" HPOS="510" VPOS="1025" WIDTH="100" HEIGHT="31" CONTENT="where" WC="0.55" CC="97004"/>
						<SP ID="P257_SP00107" HPOS="610" VPOS="1065" WIDTH="38"/>
						<String ID="P257_ST00129" HPOS="648" VPOS="1024" WIDTH="109" HEIGHT="32" CONTENT="there's" WC="0.73" CC="3700025"/>
						<SP ID="P257_SP00108" HPOS="757" VPOS="1065" WIDTH="37"/>
						<String ID="P257_ST00130" HPOS="794" VPOS="1024" WIDTH="129" HEIGHT="42" CONTENT="nothing" WC="0.61" CC="5007560"/>
					</TextLine>
					<TextLine ID="P257_TL00018" HPOS="107" VPOS="1084" WIDTH="814" HEIGHT="41">
						<String ID="P257_ST00131" HPOS="107" VPOS="1087" WIDTH="83" HEIGHT="30" CONTENT="one's" WC="0.75" CC="15004"/>
						<SP ID="P257_SP00109" HPOS="190" VPOS="1117" WIDTH="14"/>
						<String ID="P257_ST00132" HPOS="204" VPOS="1097" WIDTH="71" HEIGHT="20" CONTENT="ever" WC="0.79" CC="0601"/>
						<SP ID="P257_SP00110" HPOS="275" VPOS="1117" WIDTH="12"/>
						<String ID="P257_ST00133" HPOS="287" VPOS="1086" WIDTH="78" HEIGHT="31" CONTENT="been" WC="0.91" CC="2001"/>
						<SP ID="P257_SP00111" HPOS="365" VPOS="1117" WIDTH="12"/>
						<String ID="P257_ST00134" HPOS="377" VPOS="1085" WIDTH="75" HEIGHT="31" CONTENT="used" WC="0.83" CC="6000"/>
						<SP ID="P257_SP00112" HPOS="452" VPOS="1117" WIDTH="12"/>
						<String ID="P257_ST00135" HPOS="464" VPOS="1089" WIDTH="30" HEIGHT="27" CONTENT="to" WC="0.80" CC="04"/>
						<SP ID="P257_SP00113" HPOS="494" VPOS="1117" WIDTH="11"/>
						<String ID="P257_ST00136" HPOS="505" VPOS="1098" WIDTH="7" HEIGHT="27" CONTENT=";" WC="0.32" CC="6"/>
						<SP ID="P257_SP00114" HPOS="512" VPOS="1125" WIDTH="24"/>
						<String ID="P257_ST00137" HPOS="536" VPOS="1084" WIDTH="117" HEIGHT="32" CONTENT="neither" WC="0.63" CC="6450701"/>
						<SP ID="P257_SP00115" HPOS="653" VPOS="1125" WIDTH="15"/>
						<String ID="P257_ST00138" HPOS="668" VPOS="1084" WIDTH="96" HEIGHT="32" CONTENT="minor" WC="0.66" CC="04507"/>
						<SP ID="P257_SP00116" HPOS="764" VPOS="1125" WIDTH="14"/>
						<String ID="P257_ST00139" HPOS="778" VPOS="1085" WIDTH="143" HEIGHT="40" CONTENT="theatres," WC="0.83" CC="070004030"/>
					</TextLine>
					<TextLine ID="P257_TL00019" HPOS="106" VPOS="1145" WIDTH="815" HEIGHT="43">
						<String ID="P257_ST00140" HPOS="106" VPOS="1159" WIDTH="56" HEIGHT="19" CONTENT="nor" WC="0.65" CC="630"/>
						<SP ID="P257_SP00117" HPOS="162" VPOS="1178" WIDTH="23"/>
						<String ID="P257_ST00141" HPOS="185" VPOS="1158" WIDTH="204" HEIGHT="30" CONTENT="newspapers," WC="0.80" CC="00040101662"/>
						<SP ID="P257_SP00118" HPOS="389" VPOS="1188" WIDTH="24"/>
						<String ID="P257_ST00142" HPOS="413" VPOS="1157" WIDTH="56" HEIGHT="20" CONTENT="nor" WC="0.57" CC="606"/>
						<SP ID="P257_SP00119" HPOS="469" VPOS="1188" WIDTH="22"/>
						<String ID="P257_ST00143" HPOS="491" VPOS="1145" WIDTH="65" HEIGHT="32" CONTENT="talk" WC="0.66" CC="6024"/>
						<String ID="P257_ST00144" HPOS="568" VPOS="1146" WIDTH="6" HEIGHT="31" CONTENT="!" WC="0.85" CC="1"/>
						<SP ID="P257_SP00120" HPOS="574" VPOS="1188" WIDTH="22"/>
						<String ID="P257_ST00145" HPOS="596" VPOS="1145" WIDTH="117" HEIGHT="32" CONTENT="neither" WC="0.71" CC="7050700"/>
						<SP ID="P257_SP00121" HPOS="713" VPOS="1188" WIDTH="20"/>
						<String ID="P257_ST00146" HPOS="733" VPOS="1157" WIDTH="18" HEIGHT="20" CONTENT="a" WC="1.00" CC="0"/>
						<SP ID="P257_SP00122" HPOS="751" VPOS="1188" WIDTH="21"/>
						<String ID="P257_ST00147" HPOS="772" VPOS="1146" WIDTH="64" HEIGHT="31" CONTENT="real" WC="0.81" CC="5001"/>
						<SP ID="P257_SP00123" HPOS="836" VPOS="1188" WIDTH="21"/>
						<String ID="P257_ST00148" HPOS="857" VPOS="1146" WIDTH="64" HEIGHT="31" CONTENT="cafe" WC="1.00" CC="0000"/>
					</TextLine>
					<TextLine ID="P257_TL00020" HPOS="109" VPOS="1206" WIDTH="815" HEIGHT="44">
						<String ID="P257_ST00149" HPOS="109" VPOS="1208" WIDTH="73" HEIGHT="42" CONTENT="(like" WC="0.85" CC="31020"/>
						<SP ID="P257_SP00124" HPOS="182" VPOS="1250" WIDTH="30"/>
						<String ID="P257_ST00150" HPOS="212" VPOS="1207" WIDTH="88" HEIGHT="31" CONTENT="these" WC="0.72" CC="07060"/>
						<SP ID="P257_SP00125" HPOS="300" VPOS="1250" WIDTH="23"/>
						<String ID="P257_ST00151" HPOS="323" VPOS="1206" WIDTH="96" HEIGHT="43" CONTENT="here)," WC="0.87" CC="700000"/>
						<SP ID="P257_SP00126" HPOS="419" VPOS="1250" WIDTH="25"/>
						<String ID="P257_ST00152" HPOS="444" VPOS="1218" WIDTH="56" HEIGHT="20" CONTENT="nor" WC="0.55" CC="624"/>
						<SP ID="P257_SP00127" HPOS="500" VPOS="1250" WIDTH="26"/>
						<String ID="P257_ST00153" HPOS="526" VPOS="1206" WIDTH="52" HEIGHT="32" CONTENT="the" WC="0.75" CC="070"/>
						<SP ID="P257_SP00128" HPOS="578" VPOS="1250" WIDTH="27"/>
						<String ID="P257_ST00154" HPOS="605" VPOS="1206" WIDTH="197" HEIGHT="40" CONTENT="Boulevards," WC="0.76" CC="60450024020"/>
						<SP ID="P257_SP00129" HPOS="802" VPOS="1250" WIDTH="25"/>
						<String ID="P257_ST00155" HPOS="827" VPOS="1218" WIDTH="55" HEIGHT="20" CONTENT="nor" WC="0.44" CC="717"/>
						<SP ID="P257_SP00130" HPOS="882" VPOS="1250" WIDTH="25"/>
						<String ID="P257_ST00156" HPOS="907" VPOS="1218" WIDTH="17" HEIGHT="20" CONTENT="a" WC="1.00" CC="0"/>
					</TextLine>
					<TextLine ID="P257_TL00021" HPOS="101" VPOS="1265" WIDTH="823" HEIGHT="45">
						<String ID="P257_ST00157" HPOS="101" VPOS="1269" WIDTH="231" HEIGHT="41" CONTENT='pot-au-feu!"' WC="0.86" CC="002000100507"/>
						<SP ID="P257_SP00131" HPOS="332" VPOS="1310" WIDTH="25"/>
						<String ID="P257_ST00158" HPOS="357" VPOS="1267" WIDTH="61" HEIGHT="32" CONTENT="and" WC="0.78" CC="060"/>
						<SP ID="P257_SP00132" HPOS="418" VPOS="1310" WIDTH="26"/>
						<String ID="P257_ST00159" HPOS="444" VPOS="1265" WIDTH="170" HEIGHT="43" CONTENT="Theophile" WC="0.73" CC="070007322"/>
						<SP ID="P257_SP00133" HPOS="614" VPOS="1310" WIDTH="26"/>
						<String ID="P257_ST00160" HPOS="640" VPOS="1265" WIDTH="180" HEIGHT="33" CONTENT="Mardonnet" WC="0.72" CC="006047600"/>
						<SP ID="P257_SP00134" HPOS="820" VPOS="1310" WIDTH="25"/>
						<String ID="P257_ST00161" HPOS="845" VPOS="1266" WIDTH="79" HEIGHT="42" CONTENT="posi" SUBS_TYPE="HypPart1" SUBS_CONTENT="positively" WC="0.77" CC="00244"/>
						<HYP CONTENT="-"/>
					</TextLine>
					<TextLine ID="P257_TL00022" HPOS="107" VPOS="1326" WIDTH="817" HEIGHT="44">
						<String ID="P257_ST00162" HPOS="107" VPOS="1328" WIDTH="96" HEIGHT="42" CONTENT="tively" SUBS_TYPE="HypPart2" SUBS_CONTENT="positively" WC="0.70" CC="614050"/>
						<SP ID="P257_SP00135" HPOS="203" VPOS="1370" WIDTH="17"/>
						<String ID="P257_ST00163" HPOS="220" VPOS="1328" WIDTH="51" HEIGHT="31" CONTENT="did" WC="0.82" CC="050"/>
						<SP ID="P257_SP00136" HPOS="271" VPOS="1370" WIDTH="14"/>
						<String ID="P257_ST00164" HPOS="285" VPOS="1327" WIDTH="72" HEIGHT="32" CONTENT="look" WC="0.71" CC="4032"/>
						<SP ID="P257_SP00137" HPOS="357" VPOS="1370" WIDTH="15"/>
						<String ID="P257_ST00165" HPOS="372" VPOS="1339" WIDTH="34" HEIGHT="20" CONTENT="as" WC="0.52" CC="72"/>
						<SP ID="P257_SP00138" HPOS="406" VPOS="1370" WIDTH="15"/>
						<String ID="P257_ST00166" HPOS="421" VPOS="1326" WIDTH="117" HEIGHT="42" CONTENT="though" WC="0.61" CC="270607"/>
						<SP ID="P257_SP00139" HPOS="538" VPOS="1370" WIDTH="17"/>
						<String ID="P257_ST00167" HPOS="555" VPOS="1326" WIDTH="38" HEIGHT="32" CONTENT="he" WC="0.63" CC="70"/>
						<SP ID="P257_SP00140" HPOS="593" VPOS="1370" WIDTH="16"/>
						<String ID="P257_ST00168" HPOS="609" VPOS="1326" WIDTH="61" HEIGHT="31" CONTENT="had" WC="0.70" CC="710"/>
						<SP ID="P257_SP00141" HPOS="670" VPOS="1370" WIDTH="19"/>
						<String ID="P257_ST00169" HPOS="689" VPOS="1326" WIDTH="77" HEIGHT="32" CONTENT="been" WC="0.70" CC="6005"/>
						<SP ID="P257_SP00142" HPOS="766" VPOS="1370" WIDTH="16"/>
						<String ID="P257_ST00170" HPOS="782" VPOS="1326" WIDTH="142" HEIGHT="42" CONTENT="suffering" WC="0.73" CC="610004470"/>
					</TextLine>
					<TextLine ID="P257_TL00023" HPOS="107" VPOS="1387" WIDTH="817" HEIGHT="44">
						<String ID="P257_ST00171" HPOS="107" VPOS="1388" WIDTH="199" HEIGHT="43" CONTENT="martyrdom," WC="0.85" CC="0050010052"/>
						<SP ID="P257_SP00143" HPOS="306" VPOS="1431" WIDTH="28"/>
						<String ID="P257_ST00172" HPOS="334" VPOS="1399" WIDTH="33" HEIGHT="20" CONTENT="as" WC="0.79" CC="04"/>
						<SP ID="P257_SP00144" HPOS="367" VPOS="1431" WIDTH="24"/>
						<String ID="P257_ST00173" HPOS="391" VPOS="1387" WIDTH="118" HEIGHT="41" CONTENT="though" WC="0.64" CC="070607"/>
						<SP ID="P257_SP00145" HPOS="509" VPOS="1431" WIDTH="24"/>
						<String ID="P257_ST00174" HPOS="533" VPOS="1387" WIDTH="44" HEIGHT="32" CONTENT="St." WC="0.78" CC="600"/>
						<SP ID="P257_SP00146" HPOS="577" VPOS="1431" WIDTH="18"/>
						<String ID="P257_ST00175" HPOS="595" VPOS="1387" WIDTH="91" HEIGHT="31" CONTENT="Peter" WC="0.74" CC="70005"/>
						<SP ID="P257_SP00147" HPOS="686" VPOS="1431" WIDTH="23"/>
						<String ID="P257_ST00176" HPOS="709" VPOS="1387" WIDTH="61" HEIGHT="31" CONTENT="had" WC="0.75" CC="700"/>
						<SP ID="P257_SP00148" HPOS="770" VPOS="1431" WIDTH="22"/>
						<String ID="P257_ST00177" HPOS="792" VPOS="1387" WIDTH="132" HEIGHT="41" CONTENT="emptied" WC="0.92" CC="0000500"/>
					</TextLine>
					<TextLine ID="P257_TL00024" HPOS="107" VPOS="1448" WIDTH="815" HEIGHT="44">
						<String ID="P257_ST00178" HPOS="107" VPOS="1451" WIDTH="55" HEIGHT="31" CONTENT="the" WC="0.66" CC="270"/>
						<SP ID="P257_SP00149" HPOS="162" VPOS="1482" WIDTH="16"/>
						<String ID="P257_ST00179" HPOS="178" VPOS="1449" WIDTH="98" HEIGHT="43" CONTENT="phials" WC="0.72" CC="071024"/>
						<SP ID="P257_SP00150" HPOS="276" VPOS="1492" WIDTH="17"/>
						<String ID="P257_ST00180" HPOS="293" VPOS="1448" WIDTH="35" HEIGHT="33" CONTENT="of" WC="1.00" CC="00"/>
						<SP ID="P257_SP00151" HPOS="328" VPOS="1492" WIDTH="22"/>
						<String ID="P257_ST00181" HPOS="350" VPOS="1448" WIDTH="47" HEIGHT="32" CONTENT="his" WC="0.43" CC="744"/>
						<SP ID="P257_SP00152" HPOS="397" VPOS="1492" WIDTH="15"/>
						<String ID="P257_ST00182" HPOS="412" VPOS="1452" WIDTH="117" HEIGHT="27" CONTENT="utmost" WC="0.83" CC="600021"/>
						<SP ID="P257_SP00153" HPOS="529" VPOS="1492" WIDTH="15"/>
						<String ID="P257_ST00183" HPOS="544" VPOS="1448" WIDTH="97" HEIGHT="31" CONTENT="wrath" WC="0.71" CC="07007"/>
						<SP ID="P257_SP00154" HPOS="641" VPOS="1492" WIDTH="24"/>
						<String ID="P257_ST00184" HPOS="665" VPOS="1459" WIDTH="83" HEIGHT="30" CONTENT="upon" WC="0.57" CC="7027"/>
						<SP ID="P257_SP00155" HPOS="748" VPOS="1492" WIDTH="16"/>
						<String ID="P257_ST00185" HPOS="764" VPOS="1448" WIDTH="47" HEIGHT="31" CONTENT="his" WC="0.53" CC="742"/>
						<SP ID="P257_SP00156" HPOS="811" VPOS="1492" WIDTH="24"/>
						<String ID="P257_ST00186" HPOS="835" VPOS="1448" WIDTH="87" HEIGHT="41" CONTENT="head," WC="0.85" CC="70000"/>
					</TextLine>
					<TextLine ID="P257_TL00025" HPOS="108" VPOS="1508" WIDTH="816" HEIGHT="42">
						<String ID="P257_ST00187" HPOS="108" VPOS="1511" WIDTH="47" HEIGHT="32" CONTENT="for" WC="0.78" CC="006"/>
						<SP ID="P257_SP00157" HPOS="155" VPOS="1543" WIDTH="29"/>
						<String ID="P257_ST00188" HPOS="184" VPOS="1515" WIDTH="54" HEIGHT="27" CONTENT="not" WC="0.73" CC="304"/>
						<SP ID="P257_SP00158" HPOS="238" VPOS="1543" WIDTH="30"/>
						<String ID="P257_ST00189" HPOS="268" VPOS="1509" WIDTH="115" HEIGHT="41" CONTENT="having" WC="0.61" CC="704370"/>
						<SP ID="P257_SP00159" HPOS="383" VPOS="1550" WIDTH="23"/>
						<String ID="P257_ST00190" HPOS="406" VPOS="1520" WIDTH="84" HEIGHT="21" CONTENT="more" WC="0.83" CC="0150"/>
						<SP ID="P257_SP00160" HPOS="490" VPOS="1550" WIDTH="28"/>
						<String ID="P257_ST00191" HPOS="518" VPOS="1508" WIDTH="146" HEIGHT="42" CONTENT="seriously" WC="0.72" CC="406016410"/>
						<SP ID="P257_SP00161" HPOS="664" VPOS="1550" WIDTH="22"/>
						<String ID="P257_ST00192" HPOS="686" VPOS="1508" WIDTH="93" HEIGHT="32" CONTENT="taken" WC="0.82" CC="20006"/>
						<SP ID="P257_SP00162" HPOS="779" VPOS="1550" WIDTH="29"/>
						<String ID="P257_ST00193" HPOS="808" VPOS="1520" WIDTH="41" HEIGHT="30" CONTENT="up" WC="0.26" CC="58"/>
						<SP ID="P257_SP00163" HPOS="849" VPOS="1550" WIDTH="29"/>
						<String ID="P257_ST00194" HPOS="878" VPOS="1509" WIDTH="46" HEIGHT="33" CONTENT="his" WC="0.61" CC="740"/>
					</TextLine>
				</TextBlock>
			</PrintSpace>
		</Page>
	</Layout>
</alto>
