<?xml version="1.0" encoding="UTF-8"?>
<alto xmlns:xsi="http://www.w3.org/2001/XMLSchema-instance" xsi:noNamespaceSchemaLocation="http://www.bl.uk/schemas/alto/alto-1-4.xsd" xmlns:xlink="http://www.w3.org/1999/xlink">
	<Description>
		<MeasurementUnit>mm10</MeasurementUnit>
		<sourceImageInformation>
			<fileName>//head1/IN/2007-46/A0010888503.1/009739.jp2</fileName>
		</sourceImageInformation>
		<OCRProcessing ID="OCRPROCESSING_1">
			<preProcessingStep>
				<processingSoftware>
					<softwareCreator>CCS Content Conversion Specialists GmbH, Germany</softwareCreator>
					<softwareName>CCS docWORKS</softwareName>
					<softwareVersion>6.1-0.61</softwareVersion>
				</processingSoftware>
			</preProcessingStep>
			<ocrProcessingStep>
				<processingSoftware>
					<softwareCreator>ABBYY (BIT Software), Russia</softwareCreator>
					<softwareName>Finereader</softwareName>
				</processingSoftware>
			</ocrProcessingStep>
		</OCRProcessing>
	</Description>
	<Styles>
		<TextStyle ID="TXT_0" FONTSIZE="9" FONTFAMILY="Courier New"/>
		<TextStyle ID="TXT_1" FONTSIZE="11" FONTFAMILY="Courier New"/>
		<ParagraphStyle ID="PAR_LEFT" ALIGN="Left"/>
		<ParagraphStyle ID="PAR_RIGHT" ALIGN="Right"/>
	</Styles>
	<Layout>
		<Page ID="P203" PHYSICAL_IMG_NR="203" HEIGHT="1740" WIDTH="1090" PRINTED_IMG_NR="191" POSITION="Right" ACCURACY="68.27">
			<TopMargin ID="P203_TM00001" HPOS="0" VPOS="0" WIDTH="1089" HEIGHT="132">
				<TextBlock ID="P203_TB00001" HPOS="376" VPOS="108" WIDTH="264" HEIGHT="21" STYLEREFS="TXT_0 PAR_LEFT">
					<TextLine ID="P203_TL00001" HPOS="377" VPOS="108" WIDTH="263" HEIGHT="21">
						<String ID="P203_ST00001" HPOS="377" VPOS="108" WIDTH="138" HEIGHT="21" CONTENT="MUSICAL" WC="0.59" CC="0570096"/>
						<SP ID="P203_SP00001" HPOS="515" VPOS="129" WIDTH="24"/>
						<String ID="P203_ST00002" HPOS="539" VPOS="109" WIDTH="101" HEIGHT="20" CONTENT="LINKS." WC="0.62" CC="409260"/>
					</TextLine>
				</TextBlock>
				<TextBlock ID="P203_TB00002" HPOS="870" VPOS="104" WIDTH="51" HEIGHT="26" STYLEREFS="TXT_1 PAR_RIGHT">
					<TextLine ID="P203_TL00002" HPOS="870" VPOS="104" WIDTH="51" HEIGHT="26">
						<String ID="P203_ST00003" HPOS="870" VPOS="104" WIDTH="51" HEIGHT="26" CONTENT="191" WC="1.00" CC="000"/>
					</TextLine>
				</TextBlock>
			</TopMargin>
			<LeftMargin ID="P203_LM00001" HPOS="0" VPOS="132" WIDTH="98" HEIGHT="1436"/>
			<RightMargin ID="P203_RM00001" HPOS="934" VPOS="132" WIDTH="155" HEIGHT="1436"/>
			<BottomMargin ID="P203_BM00001" HPOS="0" VPOS="1568" WIDTH="1089" HEIGHT="171"/>
			<PrintSpace ID="P203_PS00001" HPOS="98" VPOS="132" WIDTH="836" HEIGHT="1436">
				<TextBlock ID="P203_TB00003" HPOS="98" VPOS="182" WIDTH="827" HEIGHT="339" STYLEREFS="TXT_0 PAR_LEFT">
					<TextLine ID="P203_TL00003" HPOS="100" VPOS="183" WIDTH="824" HEIGHT="43">
						<String ID="P203_ST00004" HPOS="100" VPOS="183" WIDTH="45" HEIGHT="33" CONTENT="Of" WC="0.91" CC="01"/>
						<SP ID="P203_SP00002" HPOS="145" VPOS="216" WIDTH="21"/>
						<String ID="P203_ST00005" HPOS="166" VPOS="183" WIDTH="69" HEIGHT="33" CONTENT="that" WC="0.81" CC="0700"/>
						<SP ID="P203_SP00003" HPOS="235" VPOS="216" WIDTH="31"/>
						<String ID="P203_ST00006" HPOS="266" VPOS="184" WIDTH="168" HEIGHT="42" CONTENT="electricity" WC="0.82" CC="02000440700"/>
						<SP ID="P203_SP00004" HPOS="434" VPOS="226" WIDTH="29"/>
						<String ID="P203_ST00007" HPOS="463" VPOS="184" WIDTH="100" HEIGHT="32" CONTENT="which" WC="0.61" CC="07507"/>
						<SP ID="P203_SP00005" HPOS="563" VPOS="226" WIDTH="32"/>
						<String ID="P203_ST00008" HPOS="595" VPOS="184" WIDTH="24" HEIGHT="32" CONTENT="is" WC="0.46" CC="55"/>
						<SP ID="P203_SP00006" HPOS="619" VPOS="226" WIDTH="31"/>
						<String ID="P203_ST00009" HPOS="650" VPOS="184" WIDTH="118" HEIGHT="32" CONTENT="around" WC="0.69" CC="070640"/>
						<SP ID="P203_SP00007" HPOS="768" VPOS="226" WIDTH="29"/>
						<String ID="P203_ST00010" HPOS="797" VPOS="196" WIDTH="36" HEIGHT="20" CONTENT="us" WC="0.46" CC="64"/>
						<SP ID="P203_SP00008" HPOS="833" VPOS="226" WIDTH="31"/>
						<String ID="P203_ST00011" HPOS="864" VPOS="185" WIDTH="60" HEIGHT="31" CONTENT="and" WC="0.78" CC="060"/>
					</TextLine>
					<TextLine ID="P203_TL00004" HPOS="100" VPOS="244" WIDTH="823" HEIGHT="44">
						<String ID="P203_ST00012" HPOS="100" VPOS="244" WIDTH="107" HEIGHT="33" CONTENT="within" WC="0.53" CC="067760"/>
						<SP ID="P203_SP00009" HPOS="207" VPOS="277" WIDTH="26"/>
						<String ID="P203_ST00013" HPOS="233" VPOS="257" WIDTH="46" HEIGHT="29" CONTENT="us," WC="0.43" CC="763"/>
						<SP ID="P203_SP00010" HPOS="279" VPOS="286" WIDTH="17"/>
						<String ID="P203_ST00014" HPOS="296" VPOS="245" WIDTH="74" HEIGHT="42" CONTENT="they" WC="0.65" CC="6700"/>
						<SP ID="P203_SP00011" HPOS="370" VPOS="287" WIDTH="17"/>
						<String ID="P203_ST00015" HPOS="387" VPOS="245" WIDTH="90" HEIGHT="32" CONTENT="know" WC="0.80" CC="0710"/>
						<SP ID="P203_SP00012" HPOS="477" VPOS="287" WIDTH="15"/>
						<String ID="P203_ST00016" HPOS="492" VPOS="245" WIDTH="138" HEIGHT="42" CONTENT="nothing," WC="0.66" CC="44070703"/>
						<SP ID="P203_SP00013" HPOS="630" VPOS="287" WIDTH="28"/>
						<String ID="P203_ST00017" HPOS="658" VPOS="246" WIDTH="58" HEIGHT="31" CONTENT="and" WC="0.78" CC="060"/>
						<SP ID="P203_SP00014" HPOS="716" VPOS="287" WIDTH="20"/>
						<String ID="P203_ST00018" HPOS="736" VPOS="245" WIDTH="89" HEIGHT="32" CONTENT="Avhen" WC="0.85" CC="00700"/>
						<SP ID="P203_SP00015" HPOS="825" VPOS="287" WIDTH="26"/>
						<String ID="P203_ST00019" HPOS="851" VPOS="246" WIDTH="72" HEIGHT="42" CONTENT="they" WC="0.74" CC="2700"/>
					</TextLine>
					<TextLine ID="P203_TL00005" HPOS="100" VPOS="305" WIDTH="825" HEIGHT="44">
						<String ID="P203_ST00020" HPOS="100" VPOS="305" WIDTH="79" HEIGHT="33" CONTENT="have" WC="0.63" CC="7070"/>
						<SP ID="P203_SP00016" HPOS="179" VPOS="338" WIDTH="26"/>
						<String ID="P203_ST00021" HPOS="205" VPOS="307" WIDTH="167" HEIGHT="31" CONTENT="succeeded" WC="0.78" CC="360000009"/>
						<SP ID="P203_SP00017" HPOS="372" VPOS="338" WIDTH="31"/>
						<String ID="P203_ST00022" HPOS="403" VPOS="307" WIDTH="30" HEIGHT="31" CONTENT="in" WC="0.73" CC="05"/>
						<SP ID="P203_SP00018" HPOS="433" VPOS="338" WIDTH="31"/>
						<String ID="P203_ST00023" HPOS="464" VPOS="306" WIDTH="238" HEIGHT="43" CONTENT="comparatively" WC="0.66" CC="0009026775050"/>
						<SP ID="P203_SP00019" HPOS="702" VPOS="349" WIDTH="25"/>
						<String ID="P203_ST00024" HPOS="727" VPOS="307" WIDTH="152" HEIGHT="42" CONTENT="swathing" WC="0.74" CC="00007660"/>
						<SP ID="P203_SP00020" HPOS="879" VPOS="349" WIDTH="29"/>
						<String ID="P203_ST00025" HPOS="908" VPOS="319" WIDTH="17" HEIGHT="19" CONTENT="a" WC="1.00" CC="0"/>
					</TextLine>
					<TextLine ID="P203_TL00006" HPOS="100" VPOS="368" WIDTH="824" HEIGHT="42">
						<String ID="P203_ST00026" HPOS="100" VPOS="368" WIDTH="86" HEIGHT="31" CONTENT="mind" WC="0.69" CC="0650"/>
						<SP ID="P203_SP00021" HPOS="186" VPOS="399" WIDTH="23"/>
						<String ID="P203_ST00027" HPOS="209" VPOS="368" WIDTH="29" HEIGHT="31" CONTENT="in" WC="0.31" CC="76"/>
						<SP ID="P203_SP00022" HPOS="238" VPOS="399" WIDTH="28"/>
						<String ID="P203_ST00028" HPOS="266" VPOS="368" WIDTH="162" HEIGHT="42" CONTENT="obscurity," WC="0.68" CC="1770705101"/>
						<SP ID="P203_SP00023" HPOS="428" VPOS="410" WIDTH="29"/>
						<String ID="P203_ST00029" HPOS="457" VPOS="368" WIDTH="74" HEIGHT="42" CONTENT="they" WC="0.68" CC="5700"/>
						<SP ID="P203_SP00024" HPOS="531" VPOS="410" WIDTH="25"/>
						<String ID="P203_ST00030" HPOS="556" VPOS="380" WIDTH="50" HEIGHT="19" CONTENT="are" WC="0.80" CC="050"/>
						<SP ID="P203_SP00025" HPOS="606" VPOS="410" WIDTH="28"/>
						<String ID="P203_ST00031" HPOS="634" VPOS="369" WIDTH="134" HEIGHT="41" CONTENT="stupidly" WC="0.69" CC="50706060"/>
						<SP ID="P203_SP00026" HPOS="768" VPOS="410" WIDTH="24"/>
						<String ID="P203_ST00032" HPOS="792" VPOS="374" WIDTH="132" HEIGHT="34" CONTENT="content," WC="0.63" CC="00475470"/>
					</TextLine>
					<TextLine ID="P203_TL00007" HPOS="102" VPOS="429" WIDTH="823" HEIGHT="42">
						<String ID="P203_ST00033" HPOS="102" VPOS="429" WIDTH="58" HEIGHT="31" CONTENT="and" WC="0.76" CC="070"/>
						<SP ID="P203_SP00027" HPOS="160" VPOS="460" WIDTH="16"/>
						<String ID="P203_ST00034" HPOS="176" VPOS="429" WIDTH="84" HEIGHT="31" CONTENT="don't" WC="0.91" CC="00030"/>
						<SP ID="P203_SP00028" HPOS="260" VPOS="460" WIDTH="15"/>
						<String ID="P203_ST00035" HPOS="275" VPOS="430" WIDTH="105" HEIGHT="30" CONTENT="reflect" WC="0.55" CC="6077404"/>
						<SP ID="P203_SP00029" HPOS="380" VPOS="460" WIDTH="15"/>
						<String ID="P203_ST00036" HPOS="395" VPOS="429" WIDTH="66" HEIGHT="31" CONTENT="that" WC="0.65" CC="0741"/>
						<SP ID="P203_SP00030" HPOS="461" VPOS="460" WIDTH="14"/>
						<String ID="P203_ST00037" HPOS="475" VPOS="429" WIDTH="52" HEIGHT="31" CONTENT="the" WC="0.75" CC="070"/>
						<SP ID="P203_SP00031" HPOS="527" VPOS="460" WIDTH="17"/>
						<String ID="P203_ST00038" HPOS="544" VPOS="429" WIDTH="93" HEIGHT="31" CONTENT="soul's" WC="0.62" CC="515504"/>
						<SP ID="P203_SP00032" HPOS="637" VPOS="460" WIDTH="12"/>
						<String ID="P203_ST00039" HPOS="649" VPOS="429" WIDTH="153" HEIGHT="42" CONTENT="lightning" WC="0.40" CC="460777478"/>
						<SP ID="P203_SP00033" HPOS="802" VPOS="471" WIDTH="14"/>
						<String ID="P203_ST00040" HPOS="816" VPOS="430" WIDTH="109" HEIGHT="31" CONTENT="flashes" WC="0.73" CC="0050706"/>
					</TextLine>
					<TextLine ID="P203_TL00008" HPOS="101" VPOS="490" WIDTH="506" HEIGHT="31">
						<String ID="P203_ST00041" HPOS="101" VPOS="490" WIDTH="122" HEIGHT="31" CONTENT="fiercest" WC="0.72" CC="22053043"/>
						<SP ID="P203_SP00034" HPOS="223" VPOS="521" WIDTH="15"/>
						<String ID="P203_ST00042" HPOS="238" VPOS="491" WIDTH="90" HEIGHT="30" CONTENT="when" WC="0.63" CC="0707"/>
						<SP ID="P203_SP00035" HPOS="328" VPOS="521" WIDTH="18"/>
						<String ID="P203_ST00043" HPOS="346" VPOS="490" WIDTH="40" HEIGHT="31" CONTENT="all" WC="0.98" CC="000"/>
						<SP ID="P203_SP00036" HPOS="386" VPOS="521" WIDTH="17"/>
						<String ID="P203_ST00044" HPOS="403" VPOS="490" WIDTH="60" HEIGHT="31" CONTENT="else" WC="0.81" CC="0610"/>
						<SP ID="P203_SP00037" HPOS="463" VPOS="521" WIDTH="17"/>
						<String ID="P203_ST00045" HPOS="480" VPOS="490" WIDTH="24" HEIGHT="31" CONTENT="is" WC="0.69" CC="41"/>
						<SP ID="P203_SP00038" HPOS="504" VPOS="521" WIDTH="17"/>
						<String ID="P203_ST00046" HPOS="521" VPOS="490" WIDTH="86" HEIGHT="31" CONTENT="dark." WC="0.87" CC="00600"/>
					</TextLine>
				</TextBlock>
				<TextBlock ID="P203_TB00004" HPOS="103" VPOS="551" WIDTH="831" HEIGHT="958" STYLEREFS="TXT_0 PAR_LEFT">
					<TextLine ID="P203_TL00009" HPOS="147" VPOS="551" WIDTH="779" HEIGHT="42">
						<String ID="P203_ST00047" HPOS="147" VPOS="551" WIDTH="88" HEIGHT="42" CONTENT="They" WC="0.81" CC="0700"/>
						<SP ID="P203_SP00039" HPOS="235" VPOS="593" WIDTH="27"/>
						<String ID="P203_ST00048" HPOS="262" VPOS="552" WIDTH="71" HEIGHT="31" CONTENT="shut" WC="0.24" CC="7777"/>
						<SP ID="P203_SP00040" HPOS="333" VPOS="593" WIDTH="26"/>
						<String ID="P203_ST00049" HPOS="359" VPOS="556" WIDTH="52" HEIGHT="27" CONTENT="out" WC="0.68" CC="062"/>
						<SP ID="P203_SP00041" HPOS="411" VPOS="593" WIDTH="25"/>
						<String ID="P203_ST00050" HPOS="436" VPOS="551" WIDTH="127" HEIGHT="41" CONTENT="science," WC="0.71" CC="50504502"/>
						<SP ID="P203_SP00042" HPOS="563" VPOS="593" WIDTH="28"/>
						<String ID="P203_ST00051" HPOS="591" VPOS="551" WIDTH="61" HEIGHT="31" CONTENT="and" WC="0.78" CC="060"/>
						<SP ID="P203_SP00043" HPOS="652" VPOS="593" WIDTH="26"/>
						<String ID="P203_ST00052" HPOS="678" VPOS="551" WIDTH="90" HEIGHT="42" CONTENT="fancy" WC="0.85" CC="00700"/>
						<SP ID="P203_SP00044" HPOS="768" VPOS="593" WIDTH="19"/>
						<String ID="P203_ST00053" HPOS="787" VPOS="551" WIDTH="68" HEIGHT="31" CONTENT="that" WC="0.58" CC="5730"/>
						<SP ID="P203_SP00045" HPOS="855" VPOS="593" WIDTH="19"/>
						<String ID="P203_ST00054" HPOS="874" VPOS="551" WIDTH="52" HEIGHT="32" CONTENT="the" WC="0.75" CC="070"/>
					</TextLine>
					<TextLine ID="P203_TL00010" HPOS="104" VPOS="613" WIDTH="823" HEIGHT="42">
						<String ID="P203_ST00055" HPOS="104" VPOS="613" WIDTH="73" HEIGHT="31" CONTENT="door" WC="0.80" CC="0034"/>
						<SP ID="P203_SP00046" HPOS="177" VPOS="644" WIDTH="25"/>
						<String ID="P203_ST00056" HPOS="202" VPOS="614" WIDTH="118" HEIGHT="41" CONTENT="opened" WC="0.89" CC="000600"/>
						<SP ID="P203_SP00047" HPOS="320" VPOS="655" WIDTH="23"/>
						<String ID="P203_ST00057" HPOS="343" VPOS="625" WIDTH="83" HEIGHT="30" CONTENT="upon" WC="0.39" CC="7907"/>
						<SP ID="P203_SP00048" HPOS="426" VPOS="655" WIDTH="27"/>
						<String ID="P203_ST00058" HPOS="453" VPOS="618" WIDTH="46" HEIGHT="26" CONTENT="art" WC="0.73" CC="061"/>
						<SP ID="P203_SP00049" HPOS="499" VPOS="655" WIDTH="17"/>
						<String ID="P203_ST00059" HPOS="516" VPOS="613" WIDTH="60" HEIGHT="30" CONTENT="will" WC="0.82" CC="0330"/>
						<SP ID="P203_SP00050" HPOS="576" VPOS="655" WIDTH="25"/>
						<String ID="P203_ST00060" HPOS="601" VPOS="613" WIDTH="42" HEIGHT="31" CONTENT="let" WC="0.67" CC="404"/>
						<SP ID="P203_SP00051" HPOS="643" VPOS="655" WIDTH="26"/>
						<String ID="P203_ST00061" HPOS="669" VPOS="613" WIDTH="32" HEIGHT="30" CONTENT="in" WC="0.56" CC="34"/>
						<SP ID="P203_SP00052" HPOS="701" VPOS="655" WIDTH="26"/>
						<String ID="P203_ST00062" HPOS="727" VPOS="624" WIDTH="40" HEIGHT="20" CONTENT="no" WC="0.56" CC="62"/>
						<SP ID="P203_SP00053" HPOS="767" VPOS="655" WIDTH="26"/>
						<String ID="P203_ST00063" HPOS="793" VPOS="613" WIDTH="116" HEIGHT="40" CONTENT="danger" WC="0.68" CC="057006"/>
						<String ID="P203_ST00064" HPOS="920" VPOS="625" WIDTH="7" HEIGHT="27" CONTENT=";" WC="0.47" CC="5"/>
					</TextLine>
					<TextLine ID="P203_TL00011" HPOS="105" VPOS="673" WIDTH="823" HEIGHT="43">
						<String ID="P203_ST00065" HPOS="105" VPOS="675" WIDTH="187" HEIGHT="41" CONTENT="calculating" WC="0.66" CC="00407650660"/>
						<SP ID="P203_SP00054" HPOS="292" VPOS="716" WIDTH="29"/>
						<String ID="P203_ST00066" HPOS="321" VPOS="675" WIDTH="81" HEIGHT="39" CONTENT="thus," WC="0.43" CC="77731"/>
						<SP ID="P203_SP00055" HPOS="402" VPOS="716" WIDTH="32"/>
						<String ID="P203_ST00067" HPOS="434" VPOS="674" WIDTH="33" HEIGHT="31" CONTENT="in" WC="0.42" CC="46"/>
						<SP ID="P203_SP00056" HPOS="467" VPOS="716" WIDTH="30"/>
						<String ID="P203_ST00068" HPOS="497" VPOS="675" WIDTH="164" HEIGHT="40" CONTENT="ignorance" WC="0.67" CC="507018700"/>
						<SP ID="P203_SP00057" HPOS="661" VPOS="716" WIDTH="32"/>
						<String ID="P203_ST00069" HPOS="693" VPOS="673" WIDTH="35" HEIGHT="31" CONTENT="of" WC="0.83" CC="30"/>
						<SP ID="P203_SP00058" HPOS="728" VPOS="716" WIDTH="24"/>
						<String ID="P203_ST00070" HPOS="752" VPOS="673" WIDTH="54" HEIGHT="32" CONTENT="the" WC="0.51" CC="670"/>
						<SP ID="P203_SP00059" HPOS="806" VPOS="716" WIDTH="29"/>
						<String ID="P203_ST00071" HPOS="835" VPOS="673" WIDTH="93" HEIGHT="41" CONTENT="finely" WC="0.99" CC="000000"/>
					</TextLine>
					<TextLine ID="P203_TL00012" HPOS="104" VPOS="733" WIDTH="824" HEIGHT="43">
						<String ID="P203_ST00072" HPOS="104" VPOS="735" WIDTH="155" HEIGHT="41" CONTENT="vibrating" WC="0.67" CC="750504070"/>
						<SP ID="P203_SP00060" HPOS="259" VPOS="776" WIDTH="29"/>
						<String ID="P203_ST00073" HPOS="288" VPOS="746" WIDTH="110" HEIGHT="20" CONTENT="nerves" WC="0.74" CC="003705"/>
						<SP ID="P203_SP00061" HPOS="398" VPOS="776" WIDTH="30"/>
						<String ID="P203_ST00074" HPOS="428" VPOS="733" WIDTH="101" HEIGHT="33" CONTENT="which" WC="0.22" CC="99909"/>
						<SP ID="P203_SP00062" HPOS="529" VPOS="776" WIDTH="35"/>
						<String ID="P203_ST00075" HPOS="564" VPOS="746" WIDTH="50" HEIGHT="19" CONTENT="are" WC="0.86" CC="040"/>
						<SP ID="P203_SP00063" HPOS="614" VPOS="776" WIDTH="31"/>
						<String ID="P203_ST00076" HPOS="645" VPOS="733" WIDTH="141" HEIGHT="41" CONTENT="reigning" WC="0.50" CC="50687560"/>
						<SP ID="P203_SP00064" HPOS="786" VPOS="776" WIDTH="30"/>
						<String ID="P203_ST00077" HPOS="816" VPOS="733" WIDTH="30" HEIGHT="30" CONTENT="in" WC="0.43" CC="55"/>
						<SP ID="P203_SP00065" HPOS="846" VPOS="776" WIDTH="31"/>
						<String ID="P203_ST00078" HPOS="877" VPOS="733" WIDTH="51" HEIGHT="31" CONTENT="the" WC="0.75" CC="070"/>
					</TextLine>
					<TextLine ID="P203_TL00013" HPOS="106" VPOS="794" WIDTH="822" HEIGHT="41">
						<String ID="P203_ST00079" HPOS="106" VPOS="796" WIDTH="88" HEIGHT="32" CONTENT="stead" WC="0.66" CC="36070"/>
						<SP ID="P203_SP00066" HPOS="194" VPOS="828" WIDTH="31"/>
						<String ID="P203_ST00080" HPOS="225" VPOS="796" WIDTH="34" HEIGHT="31" CONTENT="of" WC="1.00" CC="00"/>
						<SP ID="P203_SP00067" HPOS="259" VPOS="828" WIDTH="32"/>
						<String ID="P203_ST00081" HPOS="291" VPOS="796" WIDTH="52" HEIGHT="31" CONTENT="the" WC="0.50" CC="770"/>
						<SP ID="P203_SP00068" HPOS="343" VPOS="828" WIDTH="38"/>
						<String ID="P203_ST00082" HPOS="381" VPOS="795" WIDTH="173" HEIGHT="32" CONTENT="narcotised" WC="0.73" CC="8070006400"/>
						<SP ID="P203_SP00069" HPOS="554" VPOS="828" WIDTH="37"/>
						<String ID="P203_ST00083" HPOS="591" VPOS="795" WIDTH="162" HEIGHT="40" CONTENT="reasoning" WC="0.49" CC="506406659"/>
						<SP ID="P203_SP00070" HPOS="753" VPOS="835" WIDTH="29"/>
						<String ID="P203_ST00084" HPOS="782" VPOS="794" WIDTH="146" HEIGHT="32" CONTENT="faculties." WC="0.69" CC="4407212060"/>
					</TextLine>
					<TextLine ID="P203_TL00014" HPOS="107" VPOS="855" WIDTH="822" HEIGHT="44">
						<String ID="P203_ST00085" HPOS="107" VPOS="857" WIDTH="88" HEIGHT="42" CONTENT="They" WC="0.82" CC="0700"/>
						<SP ID="P203_SP00071" HPOS="195" VPOS="899" WIDTH="18"/>
						<String ID="P203_ST00086" HPOS="213" VPOS="857" WIDTH="58" HEIGHT="31" CONTENT="will" WC="0.78" CC="0322"/>
						<SP ID="P203_SP00072" HPOS="271" VPOS="899" WIDTH="17"/>
						<String ID="P203_ST00087" HPOS="288" VPOS="862" WIDTH="54" HEIGHT="27" CONTENT="not" WC="0.55" CC="714"/>
						<SP ID="P203_SP00073" HPOS="342" VPOS="899" WIDTH="17"/>
						<String ID="P203_ST00088" HPOS="359" VPOS="868" WIDTH="49" HEIGHT="20" CONTENT="see" WC="0.81" CC="500"/>
						<SP ID="P203_SP00074" HPOS="408" VPOS="899" WIDTH="27"/>
						<String ID="P203_ST00089" HPOS="435" VPOS="857" WIDTH="67" HEIGHT="31" CONTENT="that" WC="0.58" CC="4740"/>
						<SP ID="P203_SP00075" HPOS="502" VPOS="899" WIDTH="23"/>
						<String ID="P203_ST00090" HPOS="525" VPOS="856" WIDTH="122" HEIGHT="41" CONTENT="passion" WC="0.75" CC="0256003"/>
						<SP ID="P203_SP00076" HPOS="647" VPOS="899" WIDTH="22"/>
						<String ID="P203_ST00091" HPOS="669" VPOS="855" WIDTH="25" HEIGHT="31" CONTENT="is" WC="0.50" CC="54"/>
						<SP ID="P203_SP00077" HPOS="694" VPOS="899" WIDTH="16"/>
						<String ID="P203_ST00092" HPOS="710" VPOS="855" WIDTH="127" HEIGHT="31" CONTENT="another" WC="0.53" CC="7705704"/>
						<SP ID="P203_SP00078" HPOS="837" VPOS="899" WIDTH="15"/>
						<String ID="P203_ST00093" HPOS="852" VPOS="855" WIDTH="77" HEIGHT="31" CONTENT="form" WC="0.85" CC="0050"/>
					</TextLine>
					<TextLine ID="P203_TL00015" HPOS="107" VPOS="915" WIDTH="822" HEIGHT="45">
						<String ID="P203_ST00094" HPOS="107" VPOS="918" WIDTH="35" HEIGHT="33" CONTENT="of" WC="0.79" CC="40"/>
						<SP ID="P203_SP00079" HPOS="142" VPOS="951" WIDTH="22"/>
						<String ID="P203_ST00095" HPOS="164" VPOS="918" WIDTH="116" HEIGHT="42" CONTENT="genius," WC="0.64" CC="0065660"/>
						<SP ID="P203_SP00080" HPOS="280" VPOS="960" WIDTH="36"/>
						<String ID="P203_ST00096" HPOS="316" VPOS="918" WIDTH="60" HEIGHT="31" CONTENT="and" WC="0.59" CC="048"/>
						<SP ID="P203_SP00081" HPOS="376" VPOS="960" WIDTH="24"/>
						<String ID="P203_ST00097" HPOS="400" VPOS="917" WIDTH="68" HEIGHT="31" CONTENT="that" WC="0.66" CC="6700"/>
						<SP ID="P203_SP00082" HPOS="468" VPOS="960" WIDTH="37"/>
						<String ID="P203_ST00098" HPOS="505" VPOS="917" WIDTH="31" HEIGHT="30" CONTENT="in" WC="0.45" CC="55"/>
						<SP ID="P203_SP00083" HPOS="536" VPOS="960" WIDTH="30"/>
						<String ID="P203_ST00099" HPOS="566" VPOS="916" WIDTH="106" HEIGHT="41" CONTENT="nearly" WC="0.86" CC="600100"/>
						<SP ID="P203_SP00084" HPOS="672" VPOS="960" WIDTH="27"/>
						<String ID="P203_ST00100" HPOS="699" VPOS="927" WIDTH="91" HEIGHT="29" CONTENT="every" WC="0.70" CC="07070"/>
						<SP ID="P203_SP00085" HPOS="790" VPOS="960" WIDTH="26"/>
						<String ID="P203_ST00101" HPOS="816" VPOS="915" WIDTH="113" HEIGHT="31" CONTENT="human" WC="0.60" CC="75006"/>
					</TextLine>
					<TextLine ID="P203_TL00016" HPOS="105" VPOS="976" WIDTH="826" HEIGHT="45">
						<String ID="P203_ST00102" HPOS="105" VPOS="979" WIDTH="96" HEIGHT="42" CONTENT="being" WC="0.60" CC="70660"/>
						<SP ID="P203_SP00086" HPOS="201" VPOS="1021" WIDTH="29"/>
						<String ID="P203_ST00103" HPOS="230" VPOS="979" WIDTH="55" HEIGHT="31" CONTENT="lies" WC="0.73" CC="3105"/>
						<SP ID="P203_SP00087" HPOS="285" VPOS="1021" WIDTH="25"/>
						<String ID="P203_ST00104" HPOS="310" VPOS="978" WIDTH="143" HEIGHT="32" CONTENT="dormant" WC="0.84" CC="0060050"/>
						<SP ID="P203_SP00088" HPOS="453" VPOS="1021" WIDTH="26"/>
						<String ID="P203_ST00105" HPOS="479" VPOS="989" WIDTH="84" HEIGHT="20" CONTENT="some" WC="0.85" CC="5000"/>
						<SP ID="P203_SP00089" HPOS="563" VPOS="1021" WIDTH="24"/>
						<String ID="P203_ST00106" HPOS="587" VPOS="988" WIDTH="56" HEIGHT="20" CONTENT="one" WC="0.70" CC="250"/>
						<SP ID="P203_SP00090" HPOS="643" VPOS="1021" WIDTH="17"/>
						<String ID="P203_ST00107" HPOS="660" VPOS="976" WIDTH="158" HEIGHT="31" CONTENT="dominant" WC="0.82" CC="00040072"/>
						<SP ID="P203_SP00091" HPOS="818" VPOS="1021" WIDTH="22"/>
						<String ID="P203_ST00108" HPOS="840" VPOS="988" WIDTH="91" HEIGHT="29" CONTENT="capa" SUBS_TYPE="HypPart1" SUBS_CONTENT="capacity." WC="0.73" CC="05070"/>
						<HYP CONTENT="-"/>
					</TextLine>
					<TextLine ID="P203_TL00017" HPOS="109" VPOS="1036" WIDTH="823" HEIGHT="46">
						<String ID="P203_ST00109" HPOS="109" VPOS="1040" WIDTH="70" HEIGHT="42" CONTENT="city." SUBS_TYPE="HypPart2" SUBS_CONTENT="capacity." WC="0.94" CC="02000"/>
						<SP ID="P203_SP00092" HPOS="179" VPOS="1082" WIDTH="55"/>
						<String ID="P203_ST00110" HPOS="234" VPOS="1039" WIDTH="32" HEIGHT="32" CONTENT="If" WC="1.00" CC="00"/>
						<SP ID="P203_SP00093" HPOS="266" VPOS="1082" WIDTH="28"/>
						<String ID="P203_ST00111" HPOS="294" VPOS="1051" WIDTH="18" HEIGHT="20" CONTENT="a" WC="1.00" CC="0"/>
						<SP ID="P203_SP00094" HPOS="312" VPOS="1082" WIDTH="31"/>
						<String ID="P203_ST00112" HPOS="343" VPOS="1050" WIDTH="72" HEIGHT="20" CONTENT="man" WC="0.67" CC="036"/>
						<SP ID="P203_SP00095" HPOS="415" VPOS="1082" WIDTH="26"/>
						<String ID="P203_ST00113" HPOS="441" VPOS="1039" WIDTH="37" HEIGHT="31" CONTENT="be" WC="0.64" CC="70"/>
						<SP ID="P203_SP00096" HPOS="478" VPOS="1082" WIDTH="24"/>
						<String ID="P203_ST00114" HPOS="502" VPOS="1039" WIDTH="76" HEIGHT="30" CONTENT="born" WC="0.58" CC="0366"/>
						<SP ID="P203_SP00097" HPOS="578" VPOS="1082" WIDTH="23"/>
						<String ID="P203_ST00115" HPOS="601" VPOS="1042" WIDTH="31" HEIGHT="26" CONTENT="to" WC="0.68" CC="41"/>
						<SP ID="P203_SP00098" HPOS="632" VPOS="1082" WIDTH="27"/>
						<String ID="P203_ST00116" HPOS="659" VPOS="1036" WIDTH="85" HEIGHT="32" CONTENT="write" WC="0.63" CC="95010"/>
						<SP ID="P203_SP00099" HPOS="744" VPOS="1082" WIDTH="22"/>
						<String ID="P203_ST00117" HPOS="766" VPOS="1036" WIDTH="52" HEIGHT="32" CONTENT="the" WC="0.53" CC="670"/>
						<SP ID="P203_SP00100" HPOS="818" VPOS="1082" WIDTH="25"/>
						<String ID="P203_ST00118" HPOS="843" VPOS="1037" WIDTH="89" HEIGHT="41" CONTENT="Sym" SUBS_TYPE="HypPart1" SUBS_CONTENT="Symphony" WC="0.81" CC="5002"/>
						<HYP CONTENT="-"/>
					</TextLine>
					<TextLine ID="P203_TL00018" HPOS="107" VPOS="1097" WIDTH="824" HEIGHT="47">
						<String ID="P203_ST00119" HPOS="107" VPOS="1101" WIDTH="106" HEIGHT="43" CONTENT="phony" SUBS_TYPE="HypPart2" SUBS_CONTENT="Symphony" WC="0.63" CC="07370"/>
						<SP ID="P203_SP00101" HPOS="213" VPOS="1144" WIDTH="15"/>
						<String ID="P203_ST00120" HPOS="228" VPOS="1101" WIDTH="32" HEIGHT="32" CONTENT="in" WC="0.37" CC="65"/>
						<SP ID="P203_SP00102" HPOS="260" VPOS="1144" WIDTH="17"/>
						<String ID="P203_ST00121" HPOS="277" VPOS="1101" WIDTH="25" HEIGHT="32" CONTENT="C" WC="0.31" CC="6"/>
						<SP ID="P203_SP00103" HPOS="302" VPOS="1144" WIDTH="16"/>
						<String ID="P203_ST00122" HPOS="318" VPOS="1100" WIDTH="109" HEIGHT="40" CONTENT="minor," WC="0.62" CC="057260"/>
						<SP ID="P203_SP00104" HPOS="427" VPOS="1144" WIDTH="18"/>
						<String ID="P203_ST00123" HPOS="445" VPOS="1111" WIDTH="60" HEIGHT="30" CONTENT="you" WC="0.43" CC="907"/>
						<SP ID="P203_SP00105" HPOS="505" VPOS="1144" WIDTH="17"/>
						<String ID="P203_ST00124" HPOS="522" VPOS="1100" WIDTH="71" HEIGHT="40" CONTENT="gain" WC="0.17" CC="9967"/>
						<SP ID="P203_SP00106" HPOS="593" VPOS="1144" WIDTH="16"/>
						<String ID="P203_ST00125" HPOS="609" VPOS="1099" WIDTH="55" HEIGHT="31" CONTENT="but" WC="0.40" CC="475"/>
						<SP ID="P203_SP00107" HPOS="664" VPOS="1144" WIDTH="15"/>
						<String ID="P203_ST00126" HPOS="679" VPOS="1099" WIDTH="77" HEIGHT="31" CONTENT="little" WC="0.74" CC="740300"/>
						<SP ID="P203_SP00108" HPOS="756" VPOS="1144" WIDTH="15"/>
						<String ID="P203_ST00127" HPOS="771" VPOS="1099" WIDTH="41" HEIGHT="41" CONTENT="by" WC="0.67" CC="60"/>
						<SP ID="P203_SP00109" HPOS="812" VPOS="1144" WIDTH="15"/>
						<String ID="P203_ST00128" HPOS="827" VPOS="1097" WIDTH="104" HEIGHT="42" CONTENT="bring" SUBS_TYPE="HypPart1" SUBS_CONTENT="bringing" WC="0.62" CC="463700"/>
						<HYP CONTENT="-"/>
					</TextLine>
					<TextLine ID="P203_TL00019" HPOS="108" VPOS="1159" WIDTH="825" HEIGHT="46">
						<String ID="P203_ST00129" HPOS="108" VPOS="1165" WIDTH="54" HEIGHT="40" CONTENT="ing" SUBS_TYPE="HypPart2" SUBS_CONTENT="bringing" WC="0.52" CC="770"/>
						<SP ID="P203_SP00110" HPOS="162" VPOS="1205" WIDTH="23"/>
						<String ID="P203_ST00130" HPOS="185" VPOS="1163" WIDTH="64" HEIGHT="31" CONTENT="him" WC="0.54" CC="760"/>
						<SP ID="P203_SP00111" HPOS="249" VPOS="1205" WIDTH="24"/>
						<String ID="P203_ST00131" HPOS="273" VPOS="1174" WIDTH="42" HEIGHT="31" CONTENT="up" WC="0.64" CC="70"/>
						<SP ID="P203_SP00112" HPOS="315" VPOS="1205" WIDTH="28"/>
						<String ID="P203_ST00132" HPOS="343" VPOS="1173" WIDTH="33" HEIGHT="21" CONTENT="as" WC="0.90" CC="02"/>
						<SP ID="P203_SP00113" HPOS="376" VPOS="1205" WIDTH="24"/>
						<String ID="P203_ST00133" HPOS="400" VPOS="1173" WIDTH="18" HEIGHT="20" CONTENT="a" WC="1.00" CC="0"/>
						<SP ID="P203_SP00114" HPOS="418" VPOS="1205" WIDTH="25"/>
						<String ID="P203_ST00134" HPOS="443" VPOS="1160" WIDTH="69" HEIGHT="40" CONTENT="fool," WC="0.84" CC="20041"/>
						<SP ID="P203_SP00115" HPOS="512" VPOS="1205" WIDTH="19"/>
						<String ID="P203_ST00135" HPOS="531" VPOS="1172" WIDTH="33" HEIGHT="20" CONTENT="or" WC="0.50" CC="36"/>
						<SP ID="P203_SP00116" HPOS="564" VPOS="1205" WIDTH="26"/>
						<String ID="P203_ST00136" HPOS="590" VPOS="1160" WIDTH="125" HEIGHT="41" CONTENT="turning" WC="0.50" CC="0867650"/>
						<SP ID="P203_SP00117" HPOS="715" VPOS="1205" WIDTH="25"/>
						<String ID="P203_ST00137" HPOS="740" VPOS="1159" WIDTH="64" HEIGHT="31" CONTENT="him" WC="0.57" CC="750"/>
						<SP ID="P203_SP00118" HPOS="804" VPOS="1205" WIDTH="22"/>
						<String ID="P203_ST00138" HPOS="826" VPOS="1160" WIDTH="63" HEIGHT="30" CONTENT="into" WC="0.63" CC="4630"/>
						<SP ID="P203_SP00119" HPOS="889" VPOS="1205" WIDTH="26"/>
						<String ID="P203_ST00139" HPOS="915" VPOS="1171" WIDTH="18" HEIGHT="19" CONTENT="a" WC="1.00" CC="0"/>
					</TextLine>
					<TextLine ID="P203_TL00020" HPOS="110" VPOS="1220" WIDTH="823" HEIGHT="46">
						<String ID="P203_ST00140" HPOS="110" VPOS="1226" WIDTH="144" HEIGHT="40" CONTENT="dragoon," WC="0.84" CC="05000070"/>
						<SP ID="P203_SP00120" HPOS="254" VPOS="1266" WIDTH="28"/>
						<String ID="P203_ST00141" HPOS="282" VPOS="1236" WIDTH="34" HEIGHT="19" CONTENT="or" WC="0.54" CC="44"/>
						<SP ID="P203_SP00121" HPOS="316" VPOS="1266" WIDTH="24"/>
						<String ID="P203_ST00142" HPOS="340" VPOS="1235" WIDTH="38" HEIGHT="19" CONTENT="an" WC="0.70" CC="14"/>
						<SP ID="P203_SP00122" HPOS="378" VPOS="1266" WIDTH="25"/>
						<String ID="P203_ST00143" HPOS="403" VPOS="1222" WIDTH="166" HEIGHT="41" CONTENT="attorney's" WC="0.75" CC="0130650025"/>
						<SP ID="P203_SP00123" HPOS="569" VPOS="1266" WIDTH="28"/>
						<String ID="P203_ST00144" HPOS="597" VPOS="1221" WIDTH="82" HEIGHT="32" CONTENT="clerk" WC="0.78" CC="06040"/>
						<String ID="P203_ST00145" HPOS="691" VPOS="1234" WIDTH="6" HEIGHT="27" CONTENT=";" WC="0.45" CC="5"/>
						<SP ID="P203_SP00124" HPOS="697" VPOS="1266" WIDTH="33"/>
						<String ID="P203_ST00146" HPOS="730" VPOS="1221" WIDTH="27" HEIGHT="31" CONTENT="if" WC="0.77" CC="40"/>
						<SP ID="P203_SP00125" HPOS="757" VPOS="1266" WIDTH="16"/>
						<String ID="P203_ST00147" HPOS="773" VPOS="1220" WIDTH="53" HEIGHT="32" CONTENT="the" WC="0.70" CC="071"/>
						<SP ID="P203_SP00126" HPOS="826" VPOS="1266" WIDTH="25"/>
						<String ID="P203_ST00148" HPOS="851" VPOS="1232" WIDTH="82" HEIGHT="29" CONTENT="sym" SUBS_TYPE="HypPart1" SUBS_CONTENT="symphony" WC="0.83" CC="6000"/>
						<HYP CONTENT="-"/>
					</TextLine>
					<TextLine ID="P203_TL00021" HPOS="109" VPOS="1279" WIDTH="825" HEIGHT="49">
						<String ID="P203_ST00149" HPOS="109" VPOS="1286" WIDTH="107" HEIGHT="42" CONTENT="phony" SUBS_TYPE="HypPart2" SUBS_CONTENT="symphony" WC="0.70" CC="07150"/>
						<SP ID="P203_SP00127" HPOS="216" VPOS="1328" WIDTH="20"/>
						<String ID="P203_ST00150" HPOS="236" VPOS="1285" WIDTH="38" HEIGHT="31" CONTENT="be" WC="0.63" CC="70"/>
						<SP ID="P203_SP00128" HPOS="274" VPOS="1328" WIDTH="23"/>
						<String ID="P203_ST00151" HPOS="297" VPOS="1284" WIDTH="31" HEIGHT="31" CONTENT="in" WC="0.45" CC="55"/>
						<SP ID="P203_SP00129" HPOS="328" VPOS="1328" WIDTH="25"/>
						<String ID="P203_ST00152" HPOS="353" VPOS="1283" WIDTH="63" HEIGHT="32" CONTENT="him" WC="0.61" CC="730"/>
						<SP ID="P203_SP00130" HPOS="416" VPOS="1328" WIDTH="22"/>
						<String ID="P203_ST00153" HPOS="438" VPOS="1283" WIDTH="39" HEIGHT="32" CONTENT="he" WC="0.62" CC="70"/>
						<SP ID="P203_SP00131" HPOS="477" VPOS="1328" WIDTH="26"/>
						<String ID="P203_ST00154" HPOS="503" VPOS="1282" WIDTH="61" HEIGHT="32" CONTENT="will" WC="0.85" CC="0400"/>
						<SP ID="P203_SP00132" HPOS="564" VPOS="1328" WIDTH="23"/>
						<String ID="P203_ST00155" HPOS="587" VPOS="1293" WIDTH="142" HEIGHT="30" CONTENT="compose" WC="0.91" CC="0100040"/>
						<SP ID="P203_SP00133" HPOS="729" VPOS="1328" WIDTH="26"/>
						<String ID="P203_ST00156" HPOS="755" VPOS="1281" WIDTH="33" HEIGHT="39" CONTENT="it," WC="0.59" CC="650"/>
						<SP ID="P203_SP00134" HPOS="788" VPOS="1328" WIDTH="27"/>
						<String ID="P203_ST00157" HPOS="815" VPOS="1279" WIDTH="119" HEIGHT="42" CONTENT="though" WC="0.63" CC="070707"/>
					</TextLine>
					<TextLine ID="P203_TL00022" HPOS="110" VPOS="1340" WIDTH="824" HEIGHT="43">
						<String ID="P203_ST00158" HPOS="110" VPOS="1347" WIDTH="75" HEIGHT="32" CONTENT="with" WC="0.47" CC="0667"/>
						<SP ID="P203_SP00135" HPOS="185" VPOS="1379" WIDTH="25"/>
						<String ID="P203_ST00159" HPOS="210" VPOS="1346" WIDTH="88" HEIGHT="31" CONTENT="other" WC="0.64" CC="04705"/>
						<SP ID="P203_SP00136" HPOS="298" VPOS="1379" WIDTH="26"/>
						<String ID="P203_ST00160" HPOS="324" VPOS="1345" WIDTH="155" HEIGHT="38" CONTENT="elements," WC="0.78" CC="050007051"/>
						<SP ID="P203_SP00137" HPOS="479" VPOS="1383" WIDTH="35"/>
						<String ID="P203_ST00161" HPOS="514" VPOS="1343" WIDTH="61" HEIGHT="32" CONTENT="and" WC="0.78" CC="060"/>
						<SP ID="P203_SP00138" HPOS="575" VPOS="1383" WIDTH="21"/>
						<String ID="P203_ST00162" HPOS="596" VPOS="1343" WIDTH="24" HEIGHT="31" CONTENT="it" WC="0.47" CC="46"/>
						<SP ID="P203_SP00139" HPOS="620" VPOS="1383" WIDTH="26"/>
						<String ID="P203_ST00163" HPOS="646" VPOS="1342" WIDTH="61" HEIGHT="31" CONTENT="will" WC="0.69" CC="0551"/>
						<SP ID="P203_SP00140" HPOS="707" VPOS="1383" WIDTH="33"/>
						<String ID="P203_ST00164" HPOS="740" VPOS="1353" WIDTH="84" HEIGHT="20" CONTENT="come" WC="0.75" CC="0090"/>
						<SP ID="P203_SP00141" HPOS="824" VPOS="1383" WIDTH="30"/>
						<String ID="P203_ST00165" HPOS="854" VPOS="1340" WIDTH="80" HEIGHT="32" CONTENT="forth" WC="0.45" CC="41667"/>
					</TextLine>
					<TextLine ID="P203_TL00023" HPOS="111" VPOS="1402" WIDTH="823" HEIGHT="46">
						<String ID="P203_ST00166" HPOS="111" VPOS="1408" WIDTH="61" HEIGHT="34" CONTENT="and" WC="0.71" CC="008"/>
						<SP ID="P203_SP00142" HPOS="172" VPOS="1442" WIDTH="15"/>
						<String ID="P203_ST00167" HPOS="187" VPOS="1406" WIDTH="106" HEIGHT="42" CONTENT="terrify" WC="0.73" CC="4063300"/>
						<SP ID="P203_SP00143" HPOS="293" VPOS="1448" WIDTH="17"/>
						<String ID="P203_ST00168" HPOS="310" VPOS="1417" WIDTH="60" HEIGHT="31" CONTENT="you" WC="0.76" CC="007"/>
						<SP ID="P203_SP00144" HPOS="370" VPOS="1448" WIDTH="16"/>
						<String ID="P203_ST00169" HPOS="386" VPOS="1405" WIDTH="31" HEIGHT="32" CONTENT="in" WC="0.35" CC="66"/>
						<SP ID="P203_SP00145" HPOS="417" VPOS="1448" WIDTH="15"/>
						<String ID="P203_ST00170" HPOS="432" VPOS="1404" WIDTH="54" HEIGHT="33" CONTENT="the" WC="0.50" CC="770"/>
						<SP ID="P203_SP00146" HPOS="486" VPOS="1448" WIDTH="17"/>
						<String ID="P203_ST00171" HPOS="503" VPOS="1404" WIDTH="93" HEIGHT="42" CONTENT="shape" WC="0.56" CC="56090"/>
						<SP ID="P203_SP00147" HPOS="596" VPOS="1448" WIDTH="17"/>
						<String ID="P203_ST00172" HPOS="613" VPOS="1403" WIDTH="33" HEIGHT="32" CONTENT="of" WC="0.60" CC="43"/>
						<SP ID="P203_SP00148" HPOS="646" VPOS="1448" WIDTH="13"/>
						<String ID="P203_ST00173" HPOS="659" VPOS="1414" WIDTH="82" HEIGHT="20" CONTENT="some" WC="0.83" CC="4200"/>
						<SP ID="P203_SP00149" HPOS="741" VPOS="1448" WIDTH="16"/>
						<String ID="P203_ST00174" HPOS="757" VPOS="1402" WIDTH="177" HEIGHT="32" CONTENT="formidable" WC="0.74" CC="0060700606"/>
					</TextLine>
					<TextLine ID="P203_TL00024" HPOS="111" VPOS="1465" WIDTH="395" HEIGHT="44">
						<String ID="P203_ST00175" HPOS="111" VPOS="1471" WIDTH="78" HEIGHT="38" CONTENT="love," WC="0.69" CC="23702"/>
						<SP ID="P203_SP00150" HPOS="189" VPOS="1509" WIDTH="20"/>
						<String ID="P203_ST00176" HPOS="209" VPOS="1481" WIDTH="34" HEIGHT="20" CONTENT="or" WC="0.76" CC="04"/>
						<SP ID="P203_SP00151" HPOS="243" VPOS="1509" WIDTH="17"/>
						<String ID="P203_ST00177" HPOS="260" VPOS="1468" WIDTH="34" HEIGHT="32" CONTENT="of" WC="1.00" CC="00"/>
						<SP ID="P203_SP00152" HPOS="294" VPOS="1509" WIDTH="12"/>
						<String ID="P203_ST00178" HPOS="306" VPOS="1478" WIDTH="83" HEIGHT="21" CONTENT="some" WC="0.96" CC="1000"/>
						<SP ID="P203_SP00153" HPOS="389" VPOS="1509" WIDTH="18"/>
						<String ID="P203_ST00179" HPOS="407" VPOS="1465" WIDTH="99" HEIGHT="33" CONTENT="crime." WC="0.97" CC="000000"/>
					</TextLine>
				</TextBlock>
				<TextBlock ID="P203_TB00005" HPOS="154" VPOS="1524" WIDTH="779" HEIGHT="44" STYLEREFS="TXT_0 PAR_RIGHT">
					<TextLine ID="P203_TL00025" HPOS="155" VPOS="1524" WIDTH="778" HEIGHT="44">
						<String ID="P203_ST00180" HPOS="155" VPOS="1530" WIDTH="72" HEIGHT="34" CONTENT="And" WC="0.75" CC="070"/>
						<SP ID="P203_SP00154" HPOS="227" VPOS="1564" WIDTH="25"/>
						<String ID="P203_ST00181" HPOS="252" VPOS="1541" WIDTH="33" HEIGHT="21" CONTENT="so" WC="0.65" CC="24"/>
						<SP ID="P203_SP00155" HPOS="285" VPOS="1564" WIDTH="17"/>
						<String ID="P203_ST00182" HPOS="302" VPOS="1541" WIDTH="40" HEIGHT="20" CONTENT="on" WC="0.67" CC="06"/>
						<SP ID="P203_SP00156" HPOS="342" VPOS="1564" WIDTH="15"/>
						<String ID="P203_ST00183" HPOS="357" VPOS="1528" WIDTH="78" HEIGHT="32" CONTENT="from" WC="0.96" CC="0100"/>
						<SP ID="P203_SP00157" HPOS="435" VPOS="1564" WIDTH="16"/>
						<String ID="P203_ST00184" HPOS="451" VPOS="1532" WIDTH="52" HEIGHT="36" CONTENT="top" WC="0.97" CC="000"/>
						<SP ID="P203_SP00158" HPOS="503" VPOS="1568" WIDTH="17"/>
						<String ID="P203_ST00185" HPOS="520" VPOS="1531" WIDTH="32" HEIGHT="27" CONTENT="to" WC="1.00" CC="00"/>
						<SP ID="P203_SP00159" HPOS="552" VPOS="1568" WIDTH="15"/>
						<String ID="P203_ST00186" HPOS="567" VPOS="1525" WIDTH="119" HEIGHT="33" CONTENT="bottom" WC="0.63" CC="722710"/>
						<SP ID="P203_SP00160" HPOS="686" VPOS="1568" WIDTH="16"/>
						<String ID="P203_ST00187" HPOS="702" VPOS="1525" WIDTH="34" HEIGHT="32" CONTENT="of" WC="0.94" CC="10"/>
						<SP ID="P203_SP00161" HPOS="736" VPOS="1568" WIDTH="18"/>
						<String ID="P203_ST00188" HPOS="754" VPOS="1525" WIDTH="52" HEIGHT="32" CONTENT="the" WC="0.53" CC="670"/>
						<SP ID="P203_SP00162" HPOS="806" VPOS="1568" WIDTH="15"/>
						<String ID="P203_ST00189" HPOS="821" VPOS="1524" WIDTH="112" HEIGHT="33" CONTENT="ladder." WC="0.77" CC="5000134"/>
					</TextLine>
				</TextBlock>
			</PrintSpace>
		</Page>
	</Layout>
</alto>
