<?xml version="1.0" encoding="UTF-8"?>
<alto xmlns:xsi="http://www.w3.org/2001/XMLSchema-instance" xsi:noNamespaceSchemaLocation="http://www.bl.uk/schemas/alto/alto-1-4.xsd" xmlns:xlink="http://www.w3.org/1999/xlink">
	<Description>
		<MeasurementUnit>mm10</MeasurementUnit>
		<sourceImageInformation>
			<fileName>//head1/IN/2007-46/A0010888503.1/009833.jp2</fileName>
		</sourceImageInformation>
		<OCRProcessing ID="OCRPROCESSING_1">
			<preProcessingStep>
				<processingSoftware>
					<softwareCreator>CCS Content Conversion Specialists GmbH, Germany</softwareCreator>
					<softwareName>CCS docWORKS</softwareName>
					<softwareVersion>6.1-0.61</softwareVersion>
				</processingSoftware>
			</preProcessingStep>
			<ocrProcessingStep>
				<processingSoftware>
					<softwareCreator>ABBYY (BIT Software), Russia</softwareCreator>
					<softwareName>Finereader</softwareName>
				</processingSoftware>
			</ocrProcessingStep>
		</OCRProcessing>
	</Description>
	<Styles>
		<TextStyle ID="TXT_0" FONTSIZE="11" FONTFAMILY="Courier New"/>
		<TextStyle ID="TXT_1" FONTSIZE="9" FONTFAMILY="Courier New"/>
		<TextStyle ID="TXT_2" FONTSIZE="10" FONTFAMILY="Courier New"/>
		<ParagraphStyle ID="PAR_RIGHT" ALIGN="Right"/>
		<ParagraphStyle ID="PAR_CENTER" ALIGN="Center"/>
		<ParagraphStyle ID="PAR_LEFT" ALIGN="Left"/>
	</Styles>
	<Layout>
		<Page ID="P289" PHYSICAL_IMG_NR="289" HEIGHT="1740" WIDTH="1090" PRINTED_IMG_NR="277" POSITION="Right" ACCURACY="74.24">
			<TopMargin ID="P289_TM00001" HPOS="0" VPOS="0" WIDTH="1089" HEIGHT="132">
				<TextBlock ID="P289_TB00001" HPOS="905" VPOS="105" WIDTH="54" HEIGHT="26" STYLEREFS="TXT_0 PAR_RIGHT">
					<TextLine ID="P289_TL00001" HPOS="905" VPOS="105" WIDTH="54" HEIGHT="26">
						<String ID="P289_ST00001" HPOS="905" VPOS="105" WIDTH="54" HEIGHT="26" CONTENT="277" WC="1.00" CC="000"/>
					</TextLine>
				</TextBlock>
				<TextBlock ID="P289_TB00002" HPOS="399" VPOS="110" WIDTH="295" HEIGHT="22" STYLEREFS="TXT_1 PAR_CENTER">
					<TextLine ID="P289_TL00002" HPOS="400" VPOS="110" WIDTH="294" HEIGHT="22">
						<String ID="P289_ST00002" HPOS="400" VPOS="110" WIDTH="64" HEIGHT="21" CONTENT="THE" WC="0.78" CC="060"/>
						<SP ID="P289_SP00001" HPOS="464" VPOS="131" WIDTH="23"/>
						<String ID="P289_ST00003" HPOS="487" VPOS="111" WIDTH="207" HEIGHT="21" CONTENT="DEPUTATION." WC="0.75" CC="74740000300"/>
					</TextLine>
				</TextBlock>
			</TopMargin>
			<LeftMargin ID="P289_LM00001" HPOS="0" VPOS="132" WIDTH="136" HEIGHT="1434"/>
			<RightMargin ID="P289_RM00001" HPOS="964" VPOS="132" WIDTH="125" HEIGHT="1434"/>
			<BottomMargin ID="P289_BM00001" HPOS="0" VPOS="1566" WIDTH="1089" HEIGHT="173"/>
			<PrintSpace ID="P289_PS00001" HPOS="136" VPOS="132" WIDTH="828" HEIGHT="1434">
				<TextBlock ID="P289_TB00003" HPOS="138" VPOS="182" WIDTH="819" HEIGHT="105" STYLEREFS="TXT_1 PAR_LEFT">
					<TextLine ID="P289_TL00003" HPOS="138" VPOS="183" WIDTH="819" HEIGHT="45">
						<String ID="P289_ST00004" HPOS="138" VPOS="183" WIDTH="70" HEIGHT="32" CONTENT="that" WC="0.59" CC="5703"/>
						<SP ID="P289_SP00002" HPOS="208" VPOS="215" WIDTH="14"/>
						<String ID="P289_ST00005" HPOS="222" VPOS="195" WIDTH="65" HEIGHT="21" CONTENT="was" WC="0.57" CC="903"/>
						<SP ID="P289_SP00003" HPOS="287" VPOS="216" WIDTH="15"/>
						<String ID="P289_ST00006" HPOS="302" VPOS="190" WIDTH="104" HEIGHT="27" CONTENT="meant" WC="0.85" CC="00070"/>
						<SP ID="P289_SP00004" HPOS="406" VPOS="217" WIDTH="14"/>
						<String ID="P289_ST00007" HPOS="420" VPOS="190" WIDTH="33" HEIGHT="27" CONTENT="to" WC="0.63" CC="70"/>
						<SP ID="P289_SP00005" HPOS="453" VPOS="217" WIDTH="16"/>
						<String ID="P289_ST00008" HPOS="469" VPOS="185" WIDTH="37" HEIGHT="32" CONTENT="be" WC="0.70" CC="50"/>
						<SP ID="P289_SP00006" HPOS="506" VPOS="217" WIDTH="17"/>
						<String ID="P289_ST00009" HPOS="523" VPOS="186" WIDTH="161" HEIGHT="42" CONTENT="engaging," WC="0.74" CC="070006701"/>
						<SP ID="P289_SP00007" HPOS="684" VPOS="228" WIDTH="17"/>
						<String ID="P289_ST00010" HPOS="701" VPOS="186" WIDTH="60" HEIGHT="31" CONTENT="and" WC="0.75" CC="070"/>
						<SP ID="P289_SP00008" HPOS="761" VPOS="228" WIDTH="22"/>
						<String ID="P289_ST00011" HPOS="783" VPOS="185" WIDTH="174" HEIGHT="42" CONTENT="suggestive" WC="0.93" CC="0500000100"/>
					</TextLine>
					<TextLine ID="P289_TL00004" HPOS="138" VPOS="245" WIDTH="260" HEIGHT="42">
						<String ID="P289_ST00012" HPOS="138" VPOS="245" WIDTH="36" HEIGHT="32" CONTENT="of" WC="0.74" CC="50"/>
						<SP ID="P289_SP00009" HPOS="174" VPOS="277" WIDTH="11"/>
						<String ID="P289_ST00013" HPOS="185" VPOS="257" WIDTH="19" HEIGHT="21" CONTENT="a" WC="1.00" CC="0"/>
						<SP ID="P289_SP00010" HPOS="204" VPOS="278" WIDTH="15"/>
						<String ID="P289_ST00014" HPOS="219" VPOS="251" WIDTH="88" HEIGHT="36" CONTENT="great" WC="1.00" CC="00000"/>
						<SP ID="P289_SP00011" HPOS="307" VPOS="287" WIDTH="15"/>
						<String ID="P289_ST00015" HPOS="322" VPOS="246" WIDTH="76" HEIGHT="33" CONTENT="deal." WC="0.96" CC="00001"/>
					</TextLine>
				</TextBlock>
				<TextBlock ID="P289_TB00004" HPOS="136" VPOS="307" WIDTH="823" HEIGHT="216" STYLEREFS="TXT_1 PAR_LEFT">
					<TextLine ID="P289_TL00005" HPOS="185" VPOS="307" WIDTH="774" HEIGHT="44">
						<String ID="P289_ST00016" HPOS="185" VPOS="309" WIDTH="17" HEIGHT="13" CONTENT='"' WC="0.55" CC="4"/>
						<SP ID="P289_SP00012" HPOS="202" VPOS="322" WIDTH="13"/>
						<String ID="P289_ST00017" HPOS="215" VPOS="307" WIDTH="115" HEIGHT="42" CONTENT='Well,"' WC="0.86" CC="001006"/>
						<SP ID="P289_SP00013" HPOS="330" VPOS="349" WIDTH="18"/>
						<String ID="P289_ST00018" HPOS="348" VPOS="309" WIDTH="164" HEIGHT="31" CONTENT="continued" WC="0.77" CC="006006600"/>
						<SP ID="P289_SP00014" HPOS="512" VPOS="349" WIDTH="17"/>
						<String ID="P289_ST00019" HPOS="529" VPOS="310" WIDTH="62" HEIGHT="40" CONTENT="she," WC="0.71" CC="2701"/>
						<SP ID="P289_SP00015" HPOS="591" VPOS="350" WIDTH="20"/>
						<String ID="P289_ST00020" HPOS="611" VPOS="311" WIDTH="17" HEIGHT="14" CONTENT='"' WC="0.55" CC="4"/>
						<SP ID="P289_SP00016" HPOS="628" VPOS="350" WIDTH="13"/>
						<String ID="P289_ST00021" HPOS="641" VPOS="310" WIDTH="23" HEIGHT="31" CONTENT="it" WC="0.82" CC="30"/>
						<SP ID="P289_SP00017" HPOS="664" VPOS="350" WIDTH="20"/>
						<String ID="P289_ST00022" HPOS="684" VPOS="310" WIDTH="35" HEIGHT="38" CONTENT="is," WC="0.64" CC="414"/>
						<SP ID="P289_SP00018" HPOS="719" VPOS="350" WIDTH="16"/>
						<String ID="P289_ST00023" HPOS="735" VPOS="321" WIDTH="33" HEIGHT="20" CONTENT="as" WC="0.71" CC="05"/>
						<SP ID="P289_SP00019" HPOS="768" VPOS="350" WIDTH="16"/>
						<String ID="P289_ST00024" HPOS="784" VPOS="321" WIDTH="60" HEIGHT="30" CONTENT="you" WC="0.75" CC="016"/>
						<SP ID="P289_SP00020" HPOS="844" VPOS="351" WIDTH="17"/>
						<String ID="P289_ST00025" HPOS="861" VPOS="321" WIDTH="61" HEIGHT="30" CONTENT="say," WC="0.93" CC="2000"/>
						<SP ID="P289_SP00021" HPOS="922" VPOS="351" WIDTH="18"/>
						<String ID="P289_ST00026" HPOS="940" VPOS="321" WIDTH="19" HEIGHT="19" CONTENT="a" WC="1.00" CC="0"/>
					</TextLine>
					<TextLine ID="P289_TL00006" HPOS="138" VPOS="369" WIDTH="821" HEIGHT="43">
						<String ID="P289_ST00027" HPOS="138" VPOS="380" WIDTH="65" HEIGHT="19" CONTENT="Avar" WC="0.59" CC="9006"/>
						<SP ID="P289_SP00022" HPOS="203" VPOS="399" WIDTH="16"/>
						<String ID="P289_ST00028" HPOS="219" VPOS="369" WIDTH="35" HEIGHT="31" CONTENT="of" WC="0.83" CC="30"/>
						<SP ID="P289_SP00023" HPOS="254" VPOS="400" WIDTH="16"/>
						<String ID="P289_ST00029" HPOS="270" VPOS="369" WIDTH="105" HEIGHT="32" CONTENT="uncles" WC="0.75" CC="560200"/>
						<String ID="P289_ST00030" HPOS="386" VPOS="383" WIDTH="6" HEIGHT="27" CONTENT=";" WC="0.47" CC="5"/>
						<SP ID="P289_SP00024" HPOS="392" VPOS="410" WIDTH="33"/>
						<String ID="P289_ST00031" HPOS="425" VPOS="370" WIDTH="52" HEIGHT="31" CONTENT="the" WC="0.75" CC="070"/>
						<SP ID="P289_SP00025" HPOS="477" VPOS="410" WIDTH="17"/>
						<String ID="P289_ST00032" HPOS="494" VPOS="371" WIDTH="69" HEIGHT="31" CONTENT="Due" WC="0.69" CC="053"/>
						<SP ID="P289_SP00026" HPOS="563" VPOS="410" WIDTH="24"/>
						<String ID="P289_ST00033" HPOS="587" VPOS="370" WIDTH="37" HEIGHT="32" CONTENT="de" WC="0.96" CC="00"/>
						<SP ID="P289_SP00027" HPOS="624" VPOS="410" WIDTH="16"/>
						<String ID="P289_ST00034" HPOS="640" VPOS="370" WIDTH="151" HEIGHT="33" CONTENT="Vivienne" WC="0.68" CC="60550700"/>
						<SP ID="P289_SP00028" HPOS="791" VPOS="410" WIDTH="16"/>
						<String ID="P289_ST00035" HPOS="807" VPOS="370" WIDTH="60" HEIGHT="31" CONTENT="will" WC="0.70" CC="9001"/>
						<SP ID="P289_SP00029" HPOS="867" VPOS="410" WIDTH="22"/>
						<String ID="P289_ST00036" HPOS="889" VPOS="382" WIDTH="70" HEIGHT="30" CONTENT="pro" SUBS_TYPE="HypPart1" SUBS_CONTENT="probably" WC="0.80" CC="0610"/>
						<HYP CONTENT="-"/>
					</TextLine>
					<TextLine ID="P289_TL00007" HPOS="138" VPOS="429" WIDTH="821" HEIGHT="44">
						<String ID="P289_ST00037" HPOS="138" VPOS="429" WIDTH="94" HEIGHT="42" CONTENT="bably" SUBS_TYPE="HypPart2" SUBS_CONTENT="probably" WC="0.39" CC="70769"/>
						<SP ID="P289_SP00030" HPOS="232" VPOS="471" WIDTH="16"/>
						<String ID="P289_ST00038" HPOS="248" VPOS="430" WIDTH="69" HEIGHT="41" CONTENT="help" WC="0.65" CC="7060"/>
						<SP ID="P289_SP00031" HPOS="317" VPOS="471" WIDTH="18"/>
						<String ID="P289_ST00039" HPOS="335" VPOS="431" WIDTH="119" HEIGHT="31" CONTENT="Gaston" WC="0.74" CC="704003"/>
						<SP ID="P289_SP00032" HPOS="454" VPOS="471" WIDTH="22"/>
						<String ID="P289_ST00040" HPOS="476" VPOS="431" WIDTH="126" HEIGHT="42" CONTENT="largely," WC="0.79" CC="57000300"/>
						<SP ID="P289_SP00033" HPOS="602" VPOS="473" WIDTH="16"/>
						<String ID="P289_ST00041" HPOS="618" VPOS="432" WIDTH="32" HEIGHT="31" CONTENT="in" WC="0.50" CC="36"/>
						<SP ID="P289_SP00034" HPOS="650" VPOS="473" WIDTH="24"/>
						<String ID="P289_ST00042" HPOS="674" VPOS="444" WIDTH="18" HEIGHT="19" CONTENT="a" WC="1.00" CC="0"/>
						<SP ID="P289_SP00035" HPOS="692" VPOS="473" WIDTH="21"/>
						<String ID="P289_ST00043" HPOS="713" VPOS="432" WIDTH="141" HEIGHT="31" CONTENT="financial" WC="0.75" CC="008070122"/>
						<SP ID="P289_SP00036" HPOS="854" VPOS="473" WIDTH="19"/>
						<String ID="P289_ST00044" HPOS="873" VPOS="432" WIDTH="86" HEIGHT="41" CONTENT="point," WC="0.63" CC="015554"/>
					</TextLine>
					<TextLine ID="P289_TL00008" HPOS="138" VPOS="491" WIDTH="154" HEIGHT="32">
						<String ID="P289_ST00045" HPOS="138" VPOS="491" WIDTH="34" HEIGHT="31" CONTENT="of" WC="0.20" CC="69"/>
						<SP ID="P289_SP00037" HPOS="172" VPOS="522" WIDTH="11"/>
						<String ID="P289_ST00046" HPOS="183" VPOS="491" WIDTH="109" HEIGHT="32" CONTENT='ATiew."' WC="0.62" CC="9730023"/>
					</TextLine>
				</TextBlock>
				<TextBlock ID="P289_TB00005" HPOS="137" VPOS="552" WIDTH="823" HEIGHT="396" STYLEREFS="TXT_1 PAR_LEFT">
					<TextLine ID="P289_TL00009" HPOS="184" VPOS="553" WIDTH="776" HEIGHT="42">
						<String ID="P289_ST00047" HPOS="184" VPOS="554" WIDTH="18" HEIGHT="13" CONTENT='"' WC="0.59" CC="4"/>
						<SP ID="P289_SP00038" HPOS="202" VPOS="567" WIDTH="13"/>
						<String ID="P289_ST00048" HPOS="215" VPOS="553" WIDTH="131" HEIGHT="41" CONTENT="Luckily" WC="0.90" CC="0600000"/>
						<SP ID="P289_SP00039" HPOS="346" VPOS="594" WIDTH="23"/>
						<String ID="P289_ST00049" HPOS="369" VPOS="565" WIDTH="52" HEIGHT="29" CONTENT="my" WC="1.00" CC="00"/>
						<SP ID="P289_SP00040" HPOS="421" VPOS="594" WIDTH="25"/>
						<String ID="P289_ST00050" HPOS="446" VPOS="553" WIDTH="131" HEIGHT="42" CONTENT="nephew" WC="0.76" CC="500700"/>
						<SP ID="P289_SP00041" HPOS="577" VPOS="595" WIDTH="25"/>
						<String ID="P289_ST00051" HPOS="602" VPOS="553" WIDTH="71" HEIGHT="31" CONTENT="does" WC="0.90" CC="0003"/>
						<SP ID="P289_SP00042" HPOS="673" VPOS="595" WIDTH="29"/>
						<String ID="P289_ST00052" HPOS="702" VPOS="558" WIDTH="54" HEIGHT="27" CONTENT="not" WC="0.56" CC="425"/>
						<SP ID="P289_SP00043" HPOS="756" VPOS="595" WIDTH="30"/>
						<String ID="P289_ST00053" HPOS="786" VPOS="553" WIDTH="78" HEIGHT="32" CONTENT="need" WC="0.84" CC="6000"/>
						<SP ID="P289_SP00044" HPOS="864" VPOS="595" WIDTH="29"/>
						<String ID="P289_ST00054" HPOS="893" VPOS="553" WIDTH="67" HEIGHT="32" CONTENT="that" WC="0.81" CC="0700"/>
					</TextLine>
					<TextLine ID="P289_TL00010" HPOS="138" VPOS="614" WIDTH="821" HEIGHT="42">
						<String ID="P289_ST00055" HPOS="138" VPOS="614" WIDTH="92" HEIGHT="41" CONTENT="proof" WC="0.88" CC="05000"/>
						<SP ID="P289_SP00045" HPOS="230" VPOS="655" WIDTH="16"/>
						<String ID="P289_ST00056" HPOS="246" VPOS="614" WIDTH="34" HEIGHT="31" CONTENT="of" WC="0.79" CC="40"/>
						<SP ID="P289_SP00046" HPOS="280" VPOS="655" WIDTH="23"/>
						<String ID="P289_ST00057" HPOS="303" VPOS="614" WIDTH="142" HEIGHT="32" CONTENT="affection" WC="0.83" CC="001000426"/>
						<SP ID="P289_SP00047" HPOS="445" VPOS="655" WIDTH="25"/>
						<String ID="P289_ST00058" HPOS="470" VPOS="626" WIDTH="39" HEIGHT="20" CONTENT="on" WC="0.45" CC="46"/>
						<SP ID="P289_SP00048" HPOS="509" VPOS="655" WIDTH="27"/>
						<String ID="P289_ST00059" HPOS="536" VPOS="626" WIDTH="53" HEIGHT="29" CONTENT="my" WC="1.00" CC="00"/>
						<SP ID="P289_SP00049" HPOS="589" VPOS="655" WIDTH="24"/>
						<String ID="P289_ST00060" HPOS="613" VPOS="615" WIDTH="99" HEIGHT="41" CONTENT='part,"' WC="0.67" CC="006425"/>
						<SP ID="P289_SP00050" HPOS="712" VPOS="656" WIDTH="33"/>
						<String ID="P289_ST00061" HPOS="745" VPOS="615" WIDTH="133" HEIGHT="31" CONTENT="retorted" WC="0.80" CC="60025100"/>
						<SP ID="P289_SP00051" HPOS="878" VPOS="656" WIDTH="28"/>
						<String ID="P289_ST00062" HPOS="906" VPOS="615" WIDTH="53" HEIGHT="31" CONTENT="the" WC="0.75" CC="070"/>
					</TextLine>
					<TextLine ID="P289_TL00011" HPOS="138" VPOS="673" WIDTH="821" HEIGHT="41">
						<String ID="P289_ST00063" HPOS="138" VPOS="673" WIDTH="149" HEIGHT="41" CONTENT="Marquis," WC="0.75" CC="60005502"/>
						<SP ID="P289_SP00052" HPOS="287" VPOS="714" WIDTH="42"/>
						<String ID="P289_ST00064" HPOS="329" VPOS="673" WIDTH="75" HEIGHT="31" CONTENT='"for' WC="0.78" CC="2005"/>
						<SP ID="P289_SP00053" HPOS="404" VPOS="714" WIDTH="38"/>
						<String ID="P289_ST00065" HPOS="442" VPOS="674" WIDTH="15" HEIGHT="30" CONTENT="I" WC="1.00" CC="0"/>
						<SP ID="P289_SP00054" HPOS="457" VPOS="714" WIDTH="38"/>
						<String ID="P289_ST00066" HPOS="495" VPOS="673" WIDTH="89" HEIGHT="31" CONTENT="could" WC="0.84" CC="00620"/>
						<SP ID="P289_SP00055" HPOS="584" VPOS="714" WIDTH="36"/>
						<String ID="P289_ST00067" HPOS="620" VPOS="678" WIDTH="55" HEIGHT="27" CONTENT="not" WC="0.70" CC="701"/>
						<SP ID="P289_SP00056" HPOS="675" VPOS="714" WIDTH="39"/>
						<String ID="P289_ST00068" HPOS="714" VPOS="674" WIDTH="70" HEIGHT="40" CONTENT="give" WC="0.83" CC="0600"/>
						<SP ID="P289_SP00057" HPOS="784" VPOS="714" WIDTH="42"/>
						<String ID="P289_ST00069" HPOS="826" VPOS="674" WIDTH="24" HEIGHT="31" CONTENT="it" WC="0.55" CC="62"/>
						<SP ID="P289_SP00058" HPOS="850" VPOS="714" WIDTH="36"/>
						<String ID="P289_ST00070" HPOS="886" VPOS="673" WIDTH="73" HEIGHT="32" CONTENT="him." WC="0.76" CC="7002"/>
					</TextLine>
					<TextLine ID="P289_TL00012" HPOS="139" VPOS="734" WIDTH="821" HEIGHT="42">
						<String ID="P289_ST00071" HPOS="139" VPOS="735" WIDTH="15" HEIGHT="30" CONTENT="I" WC="0.59" CC="4"/>
						<SP ID="P289_SP00059" HPOS="154" VPOS="765" WIDTH="31"/>
						<String ID="P289_ST00072" HPOS="185" VPOS="734" WIDTH="80" HEIGHT="32" CONTENT="have" WC="0.81" CC="7000"/>
						<SP ID="P289_SP00060" HPOS="265" VPOS="766" WIDTH="25"/>
						<String ID="P289_ST00073" HPOS="290" VPOS="734" WIDTH="107" HEIGHT="42" CONTENT="plenty" WC="0.70" CC="050750"/>
						<SP ID="P289_SP00061" HPOS="397" VPOS="776" WIDTH="24"/>
						<String ID="P289_ST00074" HPOS="421" VPOS="739" WIDTH="33" HEIGHT="27" CONTENT="to" WC="1.00" CC="00"/>
						<SP ID="P289_SP00062" HPOS="454" VPOS="776" WIDTH="28"/>
						<String ID="P289_ST00075" HPOS="482" VPOS="735" WIDTH="37" HEIGHT="30" CONTENT="do" WC="1.00" CC="00"/>
						<SP ID="P289_SP00063" HPOS="519" VPOS="776" WIDTH="33"/>
						<String ID="P289_ST00076" HPOS="552" VPOS="734" WIDTH="72" HEIGHT="31" CONTENT="with" WC="0.67" CC="0507"/>
						<SP ID="P289_SP00064" HPOS="624" VPOS="776" WIDTH="27"/>
						<String ID="P289_ST00077" HPOS="651" VPOS="747" WIDTH="52" HEIGHT="28" CONTENT="my" WC="0.79" CC="40"/>
						<SP ID="P289_SP00065" HPOS="703" VPOS="776" WIDTH="26"/>
						<String ID="P289_ST00078" HPOS="729" VPOS="735" WIDTH="120" HEIGHT="30" CONTENT="fortune" WC="0.74" CC="0060470"/>
						<SP ID="P289_SP00066" HPOS="849" VPOS="776" WIDTH="24"/>
						<String ID="P289_ST00079" HPOS="873" VPOS="734" WIDTH="87" HEIGHT="31" CONTENT="with" SUBS_TYPE="HypPart1" SUBS_CONTENT="without" WC="0.73" CC="05070"/>
						<HYP CONTENT="-"/>
					</TextLine>
					<TextLine ID="P289_TL00013" HPOS="138" VPOS="795" WIDTH="822" HEIGHT="42">
						<String ID="P289_ST00080" HPOS="138" VPOS="800" WIDTH="56" HEIGHT="27" CONTENT="out" SUBS_TYPE="HypPart2" SUBS_CONTENT="without" WC="0.57" CC="624"/>
						<SP ID="P289_SP00067" HPOS="194" VPOS="827" WIDTH="37"/>
						<String ID="P289_ST00081" HPOS="231" VPOS="795" WIDTH="149" HEIGHT="41" CONTENT="touching" WC="0.67" CC="00507560"/>
						<SP ID="P289_SP00068" HPOS="380" VPOS="836" WIDTH="31"/>
						<String ID="P289_ST00082" HPOS="411" VPOS="795" WIDTH="119" HEIGHT="42" CONTENT="politics" WC="0.88" CC="00120500"/>
						<SP ID="P289_SP00069" HPOS="530" VPOS="837" WIDTH="41"/>
						<String ID="P289_ST00083" HPOS="571" VPOS="795" WIDTH="111" HEIGHT="42" CONTENT="(which" WC="0.66" CC="407007"/>
						<SP ID="P289_SP00070" HPOS="682" VPOS="837" WIDTH="36"/>
						<String ID="P289_ST00084" HPOS="718" VPOS="796" WIDTH="16" HEIGHT="30" CONTENT="I" WC="1.00" CC="0"/>
						<SP ID="P289_SP00071" HPOS="734" VPOS="837" WIDTH="36"/>
						<String ID="P289_ST00085" HPOS="770" VPOS="795" WIDTH="82" HEIGHT="41" CONTENT="hate)" WC="0.57" CC="78103"/>
						<String ID="P289_ST00086" HPOS="863" VPOS="808" WIDTH="6" HEIGHT="28" CONTENT=";" WC="1.00" CC="0"/>
						<SP ID="P289_SP00072" HPOS="869" VPOS="837" WIDTH="32"/>
						<String ID="P289_ST00087" HPOS="901" VPOS="796" WIDTH="59" HEIGHT="31" CONTENT="and" WC="0.80" CC="060"/>
					</TextLine>
					<TextLine ID="P289_TL00014" HPOS="141" VPOS="856" WIDTH="819" HEIGHT="42">
						<String ID="P289_ST00088" HPOS="141" VPOS="857" WIDTH="124" HEIGHT="41" CONTENT="luckily," WC="0.76" CC="55004300"/>
						<SP ID="P289_SP00073" HPOS="265" VPOS="898" WIDTH="41"/>
						<String ID="P289_ST00089" HPOS="306" VPOS="857" WIDTH="73" HEIGHT="40" CONTENT="also," WC="0.84" CC="05200"/>
						<SP ID="P289_SP00074" HPOS="379" VPOS="898" WIDTH="38"/>
						<String ID="P289_ST00090" HPOS="417" VPOS="857" WIDTH="114" HEIGHT="31" CONTENT="Olivier" WC="0.67" CC="0367203"/>
						<SP ID="P289_SP00075" HPOS="531" VPOS="898" WIDTH="37"/>
						<String ID="P289_ST00091" HPOS="568" VPOS="856" WIDTH="25" HEIGHT="31" CONTENT="is" WC="0.75" CC="13"/>
						<SP ID="P289_SP00076" HPOS="593" VPOS="898" WIDTH="37"/>
						<String ID="P289_ST00092" HPOS="630" VPOS="856" WIDTH="89" HEIGHT="31" CONTENT="twice" WC="0.59" CC="89100"/>
						<SP ID="P289_SP00077" HPOS="719" VPOS="898" WIDTH="37"/>
						<String ID="P289_ST00093" HPOS="756" VPOS="868" WIDTH="33" HEIGHT="19" CONTENT="as" WC="0.74" CC="05"/>
						<SP ID="P289_SP00078" HPOS="789" VPOS="898" WIDTH="38"/>
						<String ID="P289_ST00094" HPOS="827" VPOS="856" WIDTH="64" HEIGHT="31" CONTENT="rich" WC="0.61" CC="2407"/>
						<SP ID="P289_SP00079" HPOS="891" VPOS="898" WIDTH="37"/>
						<String ID="P289_ST00095" HPOS="928" VPOS="868" WIDTH="32" HEIGHT="19" CONTENT="as" WC="0.66" CC="06"/>
					</TextLine>
					<TextLine ID="P289_TL00015" HPOS="140" VPOS="918" WIDTH="120" HEIGHT="30">
						<String ID="P289_ST00096" HPOS="140" VPOS="918" WIDTH="16" HEIGHT="30" CONTENT="I" WC="1.00" CC="0" STYLEREFS="TXT_2"/>
						<SP ID="P289_SP00080" HPOS="156" VPOS="948" WIDTH="24"/>
						<String ID="P289_ST00097" HPOS="180" VPOS="918" WIDTH="80" HEIGHT="30" CONTENT='am."' WC="0.97" CC="0000" STYLEREFS="TXT_2"/>
					</TextLine>
				</TextBlock>
				<TextBlock ID="P289_TB00006" HPOS="138" VPOS="976" WIDTH="822" HEIGHT="279" STYLEREFS="TXT_1 PAR_LEFT">
					<TextLine ID="P289_TL00016" HPOS="185" VPOS="976" WIDTH="775" HEIGHT="42">
						<String ID="P289_ST00098" HPOS="185" VPOS="979" WIDTH="104" HEIGHT="31" CONTENT="When" WC="0.63" CC="0707" STYLEREFS="TXT_2"/>
						<SP ID="P289_SP00081" HPOS="289" VPOS="1010" WIDTH="27"/>
						<String ID="P289_ST00099" HPOS="316" VPOS="979" WIDTH="42" HEIGHT="31" CONTENT="M." WC="1.00" CC="00" STYLEREFS="TXT_2"/>
						<SP ID="P289_SP00082" HPOS="358" VPOS="1010" WIDTH="29"/>
						<String ID="P289_ST00100" HPOS="387" VPOS="978" WIDTH="38" HEIGHT="31" CONTENT="de" WC="1.00" CC="00" STYLEREFS="TXT_2"/>
						<SP ID="P289_SP00083" HPOS="425" VPOS="1010" WIDTH="27"/>
						<String ID="P289_ST00101" HPOS="452" VPOS="978" WIDTH="166" HEIGHT="40" CONTENT="Moranges" WC="0.77" CC="04306002" STYLEREFS="TXT_2"/>
						<SP ID="P289_SP00084" HPOS="618" VPOS="1018" WIDTH="28"/>
						<String ID="P289_ST00102" HPOS="646" VPOS="977" WIDTH="72" HEIGHT="30" CONTENT="took" WC="0.85" CC="0320" STYLEREFS="TXT_2"/>
						<SP ID="P289_SP00085" HPOS="718" VPOS="1018" WIDTH="27"/>
						<String ID="P289_ST00103" HPOS="745" VPOS="977" WIDTH="85" HEIGHT="31" CONTENT="leave" WC="0.89" CC="00050" STYLEREFS="TXT_2"/>
						<SP ID="P289_SP00086" HPOS="830" VPOS="1018" WIDTH="27"/>
						<String ID="P289_ST00104" HPOS="857" VPOS="976" WIDTH="33" HEIGHT="32" CONTENT="of" WC="0.77" CC="04" STYLEREFS="TXT_2"/>
						<SP ID="P289_SP00087" HPOS="890" VPOS="1018" WIDTH="26"/>
						<String ID="P289_ST00105" HPOS="916" VPOS="977" WIDTH="44" HEIGHT="31" CONTENT="his" WC="0.48" CC="743" STYLEREFS="TXT_2"/>
					</TextLine>
					<TextLine ID="P289_TL00017" HPOS="139" VPOS="1036" WIDTH="821" HEIGHT="43">
						<String ID="P289_ST00106" HPOS="139" VPOS="1040" WIDTH="99" HEIGHT="38" CONTENT="sister," WC="0.64" CC="7520063"/>
						<SP ID="P289_SP00088" HPOS="238" VPOS="1078" WIDTH="27"/>
						<String ID="P289_ST00107" HPOS="265" VPOS="1040" WIDTH="52" HEIGHT="31" CONTENT="the" WC="0.70" CC="170"/>
						<SP ID="P289_SP00089" HPOS="317" VPOS="1078" WIDTH="27"/>
						<String ID="P289_ST00108" HPOS="344" VPOS="1039" WIDTH="93" HEIGHT="32" CONTENT="latter" WC="0.89" CC="000006"/>
						<SP ID="P289_SP00090" HPOS="437" VPOS="1078" WIDTH="24"/>
						<String ID="P289_ST00109" HPOS="461" VPOS="1037" WIDTH="148" HEIGHT="38" CONTENT="watched," WC="0.70" CC="08407003"/>
						<SP ID="P289_SP00091" HPOS="609" VPOS="1078" WIDTH="25"/>
						<String ID="P289_ST00110" HPOS="634" VPOS="1036" WIDTH="73" HEIGHT="32" CONTENT="with" WC="0.58" CC="0267"/>
						<SP ID="P289_SP00092" HPOS="707" VPOS="1078" WIDTH="14"/>
						<String ID="P289_ST00111" HPOS="721" VPOS="1048" WIDTH="19" HEIGHT="20" CONTENT="a" WC="1.00" CC="0"/>
						<SP ID="P289_SP00093" HPOS="740" VPOS="1078" WIDTH="23"/>
						<String ID="P289_ST00112" HPOS="763" VPOS="1036" WIDTH="91" HEIGHT="43" CONTENT="sharp" WC="0.49" CC="67550"/>
						<SP ID="P289_SP00094" HPOS="854" VPOS="1079" WIDTH="22"/>
						<String ID="P289_ST00113" HPOS="876" VPOS="1048" WIDTH="84" HEIGHT="31" CONTENT="gaze," WC="0.98" CC="00100"/>
					</TextLine>
					<TextLine ID="P289_TL00018" HPOS="138" VPOS="1097" WIDTH="822" HEIGHT="44">
						<String ID="P289_ST00114" HPOS="138" VPOS="1101" WIDTH="49" HEIGHT="32" CONTENT="his" WC="0.35" CC="747"/>
						<SP ID="P289_SP00095" HPOS="187" VPOS="1133" WIDTH="16"/>
						<String ID="P289_ST00115" HPOS="203" VPOS="1101" WIDTH="167" HEIGHT="40" CONTENT="retreating" WC="0.84" CC="0050000540"/>
						<SP ID="P289_SP00096" HPOS="370" VPOS="1141" WIDTH="23"/>
						<String ID="P289_ST00116" HPOS="393" VPOS="1100" WIDTH="106" HEIGHT="40" CONTENT="figure," WC="0.80" CC="0005403"/>
						<SP ID="P289_SP00097" HPOS="499" VPOS="1141" WIDTH="19"/>
						<String ID="P289_ST00117" HPOS="518" VPOS="1098" WIDTH="60" HEIGHT="32" CONTENT="and" WC="0.86" CC="040"/>
						<SP ID="P289_SP00098" HPOS="578" VPOS="1141" WIDTH="24"/>
						<String ID="P289_ST00118" HPOS="602" VPOS="1097" WIDTH="161" HEIGHT="32" CONTENT="continued" WC="0.76" CC="017043400"/>
						<SP ID="P289_SP00099" HPOS="763" VPOS="1141" WIDTH="24"/>
						<String ID="P289_ST00119" HPOS="787" VPOS="1097" WIDTH="173" HEIGHT="32" CONTENT="aftenvards" WC="0.81" CC="0300800106"/>
					</TextLine>
					<TextLine ID="P289_TL00019" HPOS="139" VPOS="1158" WIDTH="821" HEIGHT="43">
						<String ID="P289_ST00120" HPOS="139" VPOS="1168" WIDTH="33" HEIGHT="27" CONTENT="to" WC="0.82" CC="30"/>
						<SP ID="P289_SP00100" HPOS="172" VPOS="1195" WIDTH="16"/>
						<String ID="P289_ST00121" HPOS="188" VPOS="1161" WIDTH="103" HEIGHT="33" CONTENT="watch" WC="0.65" CC="90007"/>
						<SP ID="P289_SP00101" HPOS="291" VPOS="1195" WIDTH="25"/>
						<String ID="P289_ST00122" HPOS="316" VPOS="1161" WIDTH="54" HEIGHT="33" CONTENT="the" WC="0.74" CC="070"/>
						<SP ID="P289_SP00102" HPOS="370" VPOS="1195" WIDTH="26"/>
						<String ID="P289_ST00123" HPOS="396" VPOS="1161" WIDTH="74" HEIGHT="31" CONTENT="door" WC="0.76" CC="0224"/>
						<SP ID="P289_SP00103" HPOS="470" VPOS="1195" WIDTH="24"/>
						<String ID="P289_ST00124" HPOS="494" VPOS="1160" WIDTH="42" HEIGHT="41" CONTENT="by" WC="0.63" CC="70"/>
						<SP ID="P289_SP00104" HPOS="536" VPOS="1201" WIDTH="16"/>
						<String ID="P289_ST00125" HPOS="552" VPOS="1159" WIDTH="101" HEIGHT="32" CONTENT="which" WC="0.60" CC="07407"/>
						<SP ID="P289_SP00105" HPOS="653" VPOS="1201" WIDTH="23"/>
						<String ID="P289_ST00126" HPOS="676" VPOS="1158" WIDTH="39" HEIGHT="32" CONTENT="he" WC="0.62" CC="70"/>
						<SP ID="P289_SP00106" HPOS="715" VPOS="1201" WIDTH="20"/>
						<String ID="P289_ST00127" HPOS="735" VPOS="1159" WIDTH="61" HEIGHT="30" CONTENT="had" WC="0.74" CC="700"/>
						<SP ID="P289_SP00107" HPOS="796" VPOS="1201" WIDTH="15"/>
						<String ID="P289_ST00128" HPOS="811" VPOS="1159" WIDTH="89" HEIGHT="32" CONTENT="made" WC="0.94" CC="0002"/>
						<SP ID="P289_SP00108" HPOS="900" VPOS="1201" WIDTH="15"/>
						<String ID="P289_ST00129" HPOS="915" VPOS="1159" WIDTH="45" HEIGHT="31" CONTENT="his" WC="0.31" CC="766"/>
					</TextLine>
					<TextLine ID="P289_TL00020" HPOS="138" VPOS="1224" WIDTH="75" HEIGHT="31">
						<String ID="P289_ST00130" HPOS="138" VPOS="1224" WIDTH="75" HEIGHT="31" CONTENT="exit." WC="0.60" CC="75600"/>
					</TextLine>
				</TextBlock>
				<TextBlock ID="P289_TB00007" HPOS="138" VPOS="1280" WIDTH="826" HEIGHT="286" STYLEREFS="TXT_1 PAR_LEFT">
					<TextLine ID="P289_TL00021" HPOS="186" VPOS="1280" WIDTH="775" HEIGHT="46">
						<String ID="P289_ST00131" HPOS="186" VPOS="1286" WIDTH="17" HEIGHT="14" CONTENT='"' WC="0.54" CC="4"/>
						<SP ID="P289_SP00109" HPOS="203" VPOS="1300" WIDTH="12"/>
						<String ID="P289_ST00132" HPOS="215" VPOS="1284" WIDTH="50" HEIGHT="32" CONTENT="No" WC="0.88" CC="02"/>
						<SP ID="P289_SP00110" HPOS="265" VPOS="1316" WIDTH="16"/>
						<String ID="P289_ST00133" HPOS="281" VPOS="1295" WIDTH="112" HEIGHT="31" CONTENT="money" WC="0.83" CC="00800"/>
						<SP ID="P289_SP00111" HPOS="393" VPOS="1326" WIDTH="13"/>
						<String ID="P289_ST00134" HPOS="406" VPOS="1284" WIDTH="7" HEIGHT="32" CONTENT="!" WC="0.68" CC="3"/>
						<SP ID="P289_SP00112" HPOS="413" VPOS="1326" WIDTH="13"/>
						<String ID="P289_ST00135" HPOS="426" VPOS="1283" WIDTH="16" HEIGHT="12" CONTENT='"' WC="0.65" CC="3"/>
						<SP ID="P289_SP00113" HPOS="442" VPOS="1326" WIDTH="26"/>
						<String ID="P289_ST00136" HPOS="468" VPOS="1281" WIDTH="172" HEIGHT="42" CONTENT="whispered" WC="0.64" CC="977300400"/>
						<SP ID="P289_SP00114" HPOS="640" VPOS="1326" WIDTH="22"/>
						<String ID="P289_ST00137" HPOS="662" VPOS="1280" WIDTH="53" HEIGHT="31" CONTENT="she" WC="0.69" CC="170"/>
						<SP ID="P289_SP00115" HPOS="715" VPOS="1326" WIDTH="23"/>
						<String ID="P289_ST00138" HPOS="738" VPOS="1285" WIDTH="32" HEIGHT="26" CONTENT="to" WC="0.66" CC="60"/>
						<SP ID="P289_SP00116" HPOS="770" VPOS="1326" WIDTH="23"/>
						<String ID="P289_ST00139" HPOS="793" VPOS="1280" WIDTH="118" HEIGHT="38" CONTENT="herself," WC="0.64" CC="70640404"/>
						<SP ID="P289_SP00117" HPOS="911" VPOS="1326" WIDTH="16"/>
						<String ID="P289_ST00140" HPOS="927" VPOS="1292" WIDTH="34" HEIGHT="19" CONTENT="as" WC="1.00" CC="00"/>
					</TextLine>
					<TextLine ID="P289_TL00022" HPOS="138" VPOS="1340" WIDTH="823" HEIGHT="47">
						<String ID="P289_ST00141" HPOS="138" VPOS="1346" WIDTH="58" HEIGHT="33" CONTENT="she" WC="0.50" CC="770"/>
						<SP ID="P289_SP00118" HPOS="196" VPOS="1379" WIDTH="25"/>
						<String ID="P289_ST00142" HPOS="221" VPOS="1345" WIDTH="148" HEIGHT="42" CONTENT="carefully" WC="0.80" CC="005005510"/>
						<SP ID="P289_SP00119" HPOS="369" VPOS="1387" WIDTH="23"/>
						<String ID="P289_ST00143" HPOS="392" VPOS="1343" WIDTH="96" HEIGHT="33" CONTENT="rolled" WC="0.85" CC="301300"/>
						<SP ID="P289_SP00120" HPOS="488" VPOS="1387" WIDTH="24"/>
						<String ID="P289_ST00144" HPOS="512" VPOS="1354" WIDTH="41" HEIGHT="30" CONTENT="up" WC="0.68" CC="60"/>
						<SP ID="P289_SP00121" HPOS="553" VPOS="1387" WIDTH="25"/>
						<String ID="P289_ST00145" HPOS="578" VPOS="1342" WIDTH="55" HEIGHT="31" CONTENT="her" WC="0.58" CC="705"/>
						<SP ID="P289_SP00122" HPOS="633" VPOS="1387" WIDTH="24"/>
						<String ID="P289_ST00146" HPOS="657" VPOS="1340" WIDTH="92" HEIGHT="31" CONTENT="AA'hite" WC="0.74" CC="0047600"/>
						<SP ID="P289_SP00123" HPOS="749" VPOS="1387" WIDTH="24"/>
						<String ID="P289_ST00147" HPOS="773" VPOS="1340" WIDTH="105" HEIGHT="40" CONTENT="wools," WC="0.67" CC="920700"/>
						<SP ID="P289_SP00124" HPOS="878" VPOS="1387" WIDTH="24"/>
						<String ID="P289_ST00148" HPOS="902" VPOS="1340" WIDTH="59" HEIGHT="31" CONTENT="and" WC="0.80" CC="050"/>
					</TextLine>
					<TextLine ID="P289_TL00023" HPOS="141" VPOS="1401" WIDTH="821" HEIGHT="49">
						<String ID="P289_ST00149" HPOS="141" VPOS="1412" WIDTH="57" HEIGHT="38" CONTENT="put" WC="0.61" CC="074"/>
						<SP ID="P289_SP00125" HPOS="198" VPOS="1450" WIDTH="19"/>
						<String ID="P289_ST00150" HPOS="217" VPOS="1406" WIDTH="184" HEIGHT="43" CONTENT="everything" WC="0.72" CC="0700007570"/>
						<SP ID="P289_SP00126" HPOS="401" VPOS="1450" WIDTH="26"/>
						<String ID="P289_ST00151" HPOS="427" VPOS="1403" WIDTH="168" HEIGHT="33" CONTENT="connected" WC="0.86" CC="006500000"/>
						<SP ID="P289_SP00127" HPOS="595" VPOS="1450" WIDTH="16"/>
						<String ID="P289_ST00152" HPOS="611" VPOS="1402" WIDTH="73" HEIGHT="32" CONTENT="with" WC="0.67" CC="0417"/>
						<SP ID="P289_SP00128" HPOS="684" VPOS="1450" WIDTH="17"/>
						<String ID="P289_ST00153" HPOS="701" VPOS="1402" WIDTH="54" HEIGHT="31" CONTENT="her" WC="0.57" CC="705"/>
						<SP ID="P289_SP00129" HPOS="755" VPOS="1450" WIDTH="16"/>
						<String ID="P289_ST00154" HPOS="771" VPOS="1402" WIDTH="84" HEIGHT="30" CONTENT="work" WC="0.58" CC="9050"/>
						<SP ID="P289_SP00130" HPOS="855" VPOS="1450" WIDTH="15"/>
						<String ID="P289_ST00155" HPOS="870" VPOS="1401" WIDTH="30" HEIGHT="31" CONTENT="in" WC="0.39" CC="66"/>
						<SP ID="P289_SP00131" HPOS="900" VPOS="1450" WIDTH="22"/>
						<String ID="P289_ST00156" HPOS="922" VPOS="1401" WIDTH="40" HEIGHT="32" CONTENT="its" WC="0.78" CC="600"/>
					</TextLine>
					<TextLine ID="P289_TL00024" HPOS="140" VPOS="1462" WIDTH="823" HEIGHT="50">
						<String ID="P289_ST00157" HPOS="140" VPOS="1480" WIDTH="114" HEIGHT="32" CONTENT="proper" WC="0.87" CC="060000"/>
						<SP ID="P289_SP00132" HPOS="254" VPOS="1512" WIDTH="33"/>
						<String ID="P289_ST00158" HPOS="287" VPOS="1467" WIDTH="97" HEIGHT="42" CONTENT="place." WC="0.90" CC="040010"/>
						<SP ID="P289_SP00133" HPOS="384" VPOS="1512" WIDTH="48"/>
						<String ID="P289_ST00159" HPOS="432" VPOS="1465" WIDTH="78" HEIGHT="31" CONTENT='"No' WC="0.78" CC="600"/>
						<SP ID="P289_SP00134" HPOS="510" VPOS="1512" WIDTH="31"/>
						<String ID="P289_ST00160" HPOS="541" VPOS="1465" WIDTH="128" HEIGHT="40" CONTENT="money!" WC="0.90" CC="004001"/>
						<SP ID="P289_SP00135" HPOS="669" VPOS="1512" WIDTH="60"/>
						<String ID="P289_ST00161" HPOS="729" VPOS="1462" WIDTH="64" HEIGHT="32" CONTENT="No!" WC="1.00" CC="000"/>
						<SP ID="P289_SP00136" HPOS="793" VPOS="1512" WIDTH="39"/>
						<String ID="P289_ST00162" HPOS="832" VPOS="1463" WIDTH="37" HEIGHT="31" CONTENT="he" WC="0.63" CC="70"/>
						<SP ID="P289_SP00137" HPOS="869" VPOS="1512" WIDTH="31"/>
						<String ID="P289_ST00163" HPOS="900" VPOS="1463" WIDTH="63" HEIGHT="31" CONTENT="will" WC="0.86" CC="0005"/>
					</TextLine>
					<TextLine ID="P289_TL00025" HPOS="139" VPOS="1524" WIDTH="825" HEIGHT="42">
						<String ID="P289_ST00164" HPOS="139" VPOS="1542" WIDTH="96" HEIGHT="21" CONTENT="never" WC="0.67" CC="60603"/>
						<SP ID="P289_SP00138" HPOS="235" VPOS="1563" WIDTH="14"/>
						<String ID="P289_ST00165" HPOS="249" VPOS="1530" WIDTH="39" HEIGHT="31" CONTENT="be" WC="0.63" CC="70"/>
						<SP ID="P289_SP00139" HPOS="288" VPOS="1563" WIDTH="16"/>
						<String ID="P289_ST00166" HPOS="304" VPOS="1533" WIDTH="33" HEIGHT="27" CONTENT="to" WC="0.70" CC="41"/>
						<SP ID="P289_SP00140" HPOS="337" VPOS="1563" WIDTH="15"/>
						<String ID="P289_ST00167" HPOS="352" VPOS="1528" WIDTH="39" HEIGHT="31" CONTENT="be" WC="0.63" CC="70"/>
						<SP ID="P289_SP00141" HPOS="391" VPOS="1563" WIDTH="24"/>
						<String ID="P289_ST00168" HPOS="415" VPOS="1526" WIDTH="131" HEIGHT="33" CONTENT="counted" WC="0.81" CC="0066000"/>
						<SP ID="P289_SP00142" HPOS="546" VPOS="1563" WIDTH="28"/>
						<String ID="P289_ST00169" HPOS="574" VPOS="1537" WIDTH="82" HEIGHT="29" CONTENT="upon" WC="0.65" CC="6006"/>
						<SP ID="P289_SP00143" HPOS="656" VPOS="1566" WIDTH="23"/>
						<String ID="P289_ST00170" HPOS="679" VPOS="1524" WIDTH="46" HEIGHT="32" CONTENT="for" WC="0.90" CC="002"/>
						<SP ID="P289_SP00144" HPOS="725" VPOS="1566" WIDTH="25"/>
						<String ID="P289_ST00171" HPOS="750" VPOS="1536" WIDTH="55" HEIGHT="19" CONTENT="one" WC="0.74" CC="150"/>
						<SP ID="P289_SP00145" HPOS="805" VPOS="1566" WIDTH="15"/>
						<String ID="P289_ST00172" HPOS="820" VPOS="1524" WIDTH="85" HEIGHT="41" CONTENT="hour," WC="0.58" CC="70641"/>
						<SP ID="P289_SP00146" HPOS="905" VPOS="1566" WIDTH="25"/>
						<String ID="P289_ST00173" HPOS="930" VPOS="1537" WIDTH="34" HEIGHT="19" CONTENT="or" WC="0.81" CC="11"/>
					</TextLine>
				</TextBlock>
			</PrintSpace>
		</Page>
	</Layout>
</alto>
