<?xml version="1.0" encoding="UTF-8"?>
<alto xmlns:xsi="http://www.w3.org/2001/XMLSchema-instance" xsi:noNamespaceSchemaLocation="http://www.bl.uk/schemas/alto/alto-1-4.xsd" xmlns:xlink="http://www.w3.org/1999/xlink">
	<Description>
		<MeasurementUnit>mm10</MeasurementUnit>
		<sourceImageInformation>
			<fileName>//head1/IN/2007-46/A0010888503.1/009857.jp2</fileName>
		</sourceImageInformation>
		<OCRProcessing ID="OCRPROCESSING_1">
			<preProcessingStep>
				<processingSoftware>
					<softwareCreator>CCS Content Conversion Specialists GmbH, Germany</softwareCreator>
					<softwareName>CCS docWORKS</softwareName>
					<softwareVersion>6.1-0.61</softwareVersion>
				</processingSoftware>
			</preProcessingStep>
			<ocrProcessingStep>
				<processingSoftware>
					<softwareCreator>ABBYY (BIT Software), Russia</softwareCreator>
					<softwareName>Finereader</softwareName>
				</processingSoftware>
			</ocrProcessingStep>
		</OCRProcessing>
	</Description>
	<Styles>
		<TextStyle ID="TXT_0" FONTSIZE="11" FONTFAMILY="Courier New"/>
		<TextStyle ID="TXT_1" FONTSIZE="10" FONTFAMILY="Courier New"/>
		<ParagraphStyle ID="PAR_RIGHT" ALIGN="Right"/>
		<ParagraphStyle ID="PAR_LEFT" ALIGN="Left"/>
	</Styles>
	<Layout>
		<Page ID="P313" PHYSICAL_IMG_NR="313" HEIGHT="1740" WIDTH="1090" PRINTED_IMG_NR="301" POSITION="Right" ACCURACY="74.36">
			<TopMargin ID="P313_TM00001" HPOS="0" VPOS="0" WIDTH="1089" HEIGHT="118">
				<TextBlock ID="P313_TB00001" HPOS="870" VPOS="90" WIDTH="51" HEIGHT="26" STYLEREFS="TXT_0 PAR_RIGHT">
					<TextLine ID="P313_TL00001" HPOS="870" VPOS="90" WIDTH="51" HEIGHT="26">
						<String ID="P313_ST00001" HPOS="870" VPOS="90" WIDTH="51" HEIGHT="26" CONTENT="301" WC="1.00" CC="000"/>
					</TextLine>
				</TextBlock>
				<TextBlock ID="P313_TB00002" HPOS="309" VPOS="93" WIDTH="403" HEIGHT="23" STYLEREFS="TXT_1 PAR_LEFT">
					<TextLine ID="P313_TL00002" HPOS="310" VPOS="94" WIDTH="402" HEIGHT="22">
						<String ID="P313_ST00002" HPOS="310" VPOS="94" WIDTH="123" HEIGHT="22" CONTENT="CHORDS" WC="0.83" CC="020070"/>
						<SP ID="P313_SP00001" HPOS="433" VPOS="116" WIDTH="24"/>
						<String ID="P313_ST00003" HPOS="457" VPOS="96" WIDTH="85" HEIGHT="20" CONTENT="THAT" WC="0.84" CC="0600"/>
						<SP ID="P313_SP00002" HPOS="542" VPOS="116" WIDTH="23"/>
						<String ID="P313_ST00004" HPOS="565" VPOS="96" WIDTH="147" HEIGHT="20" CONTENT="VIBRATE." WC="0.68" CC="50470340"/>
					</TextLine>
				</TextBlock>
			</TopMargin>
			<LeftMargin ID="P313_LM00001" HPOS="0" VPOS="118" WIDTH="99" HEIGHT="1433"/>
			<RightMargin ID="P313_RM00001" HPOS="931" VPOS="118" WIDTH="158" HEIGHT="1433"/>
			<BottomMargin ID="P313_BM00001" HPOS="0" VPOS="1551" WIDTH="1089" HEIGHT="188"/>
			<PrintSpace ID="P313_PS00001" HPOS="99" VPOS="118" WIDTH="832" HEIGHT="1433">
				<TextBlock ID="P313_TB00003" HPOS="99" VPOS="169" WIDTH="823" HEIGHT="155" STYLEREFS="TXT_1 PAR_LEFT">
					<TextLine ID="P313_TL00003" HPOS="100" VPOS="169" WIDTH="820" HEIGHT="44">
						<String ID="P313_ST00005" HPOS="100" VPOS="175" WIDTH="146" HEIGHT="34" CONTENT="moment," WC="0.92" CC="0000500"/>
						<SP ID="P313_SP00003" HPOS="246" VPOS="209" WIDTH="25"/>
						<String ID="P313_ST00006" HPOS="271" VPOS="169" WIDTH="57" HEIGHT="33" CONTENT="but" WC="0.52" CC="760"/>
						<SP ID="P313_SP00004" HPOS="328" VPOS="209" WIDTH="23"/>
						<String ID="P313_ST00007" HPOS="351" VPOS="170" WIDTH="69" HEIGHT="32" CONTENT="that" WC="0.69" CC="1702"/>
						<SP ID="P313_SP00005" HPOS="420" VPOS="209" WIDTH="22"/>
						<String ID="P313_ST00008" HPOS="442" VPOS="176" WIDTH="137" HEIGHT="27" CONTENT="moment" WC="0.88" CC="000060"/>
						<SP ID="P313_SP00006" HPOS="579" VPOS="209" WIDTH="22"/>
						<String ID="P313_ST00009" HPOS="601" VPOS="184" WIDTH="73" HEIGHT="29" CONTENT="may" WC="1.00" CC="000"/>
						<SP ID="P313_SP00007" HPOS="674" VPOS="213" WIDTH="15"/>
						<String ID="P313_ST00010" HPOS="689" VPOS="171" WIDTH="120" HEIGHT="42" CONTENT="destroy" WC="0.84" CC="7030000"/>
						<SP ID="P313_SP00008" HPOS="809" VPOS="213" WIDTH="15"/>
						<String ID="P313_ST00011" HPOS="824" VPOS="183" WIDTH="19" HEIGHT="19" CONTENT="a" WC="0.08" CC="9"/>
						<SP ID="P313_SP00009" HPOS="843" VPOS="213" WIDTH="18"/>
						<String ID="P313_ST00012" HPOS="861" VPOS="171" WIDTH="59" HEIGHT="40" CONTENT="life," WC="0.67" CC="66002"/>
					</TextLine>
					<TextLine ID="P313_TL00004" HPOS="99" VPOS="230" WIDTH="823" HEIGHT="44">
						<String ID="P313_ST00013" HPOS="99" VPOS="230" WIDTH="62" HEIGHT="33" CONTENT="and" WC="0.48" CC="069"/>
						<SP ID="P313_SP00010" HPOS="161" VPOS="263" WIDTH="29"/>
						<String ID="P313_ST00014" HPOS="190" VPOS="230" WIDTH="24" HEIGHT="33" CONTENT="it" WC="0.66" CC="51"/>
						<SP ID="P313_SP00011" HPOS="214" VPOS="263" WIDTH="27"/>
						<String ID="P313_ST00015" HPOS="241" VPOS="242" WIDTH="102" HEIGHT="21" CONTENT="comes" WC="0.92" CC="00003"/>
						<SP ID="P313_SP00012" HPOS="343" VPOS="263" WIDTH="28"/>
						<String ID="P313_ST00016" HPOS="371" VPOS="232" WIDTH="112" HEIGHT="31" CONTENT="almost" WC="0.84" CC="030006"/>
						<SP ID="P313_SP00013" HPOS="483" VPOS="263" WIDTH="25"/>
						<String ID="P313_ST00017" HPOS="508" VPOS="233" WIDTH="147" HEIGHT="41" CONTENT="certainly" WC="0.69" CC="000076750"/>
						<SP ID="P313_SP00014" HPOS="655" VPOS="274" WIDTH="26"/>
						<String ID="P313_ST00018" HPOS="681" VPOS="244" WIDTH="83" HEIGHT="20" CONTENT="once." WC="0.88" CC="05000"/>
						<SP ID="P313_SP00015" HPOS="764" VPOS="274" WIDTH="47"/>
						<String ID="P313_ST00019" HPOS="811" VPOS="232" WIDTH="29" HEIGHT="31" CONTENT="It" WC="0.75" CC="40"/>
						<SP ID="P313_SP00016" HPOS="840" VPOS="274" WIDTH="22"/>
						<String ID="P313_ST00020" HPOS="862" VPOS="231" WIDTH="60" HEIGHT="32" CONTENT="had" WC="0.75" CC="700"/>
					</TextLine>
					<TextLine ID="P313_TL00005" HPOS="100" VPOS="291" WIDTH="543" HEIGHT="33">
						<String ID="P313_ST00021" HPOS="100" VPOS="302" WIDTH="86" HEIGHT="22" CONTENT="come" WC="1.00" CC="0000"/>
						<SP ID="P313_SP00017" HPOS="186" VPOS="324" WIDTH="16"/>
						<String ID="P313_ST00022" HPOS="202" VPOS="291" WIDTH="47" HEIGHT="32" CONTENT="for" WC="0.72" CC="205"/>
						<SP ID="P313_SP00018" HPOS="249" VPOS="324" WIDTH="17"/>
						<String ID="P313_ST00023" HPOS="266" VPOS="291" WIDTH="115" HEIGHT="33" CONTENT="Olivier" WC="0.67" CC="2047800"/>
						<SP ID="P313_SP00019" HPOS="381" VPOS="324" WIDTH="16"/>
						<String ID="P313_ST00024" HPOS="397" VPOS="292" WIDTH="36" HEIGHT="32" CONTENT="de" WC="1.00" CC="00"/>
						<SP ID="P313_SP00020" HPOS="433" VPOS="324" WIDTH="17"/>
						<String ID="P313_ST00025" HPOS="450" VPOS="293" WIDTH="193" HEIGHT="31" CONTENT="Beauvoisin." WC="0.63" CC="60077061541"/>
					</TextLine>
				</TextBlock>
				<TextBlock ID="P313_TB00004" HPOS="100" VPOS="352" WIDTH="824" HEIGHT="226" STYLEREFS="TXT_1 PAR_LEFT">
					<TextLine ID="P313_TL00006" HPOS="144" VPOS="352" WIDTH="778" HEIGHT="44">
						<String ID="P313_ST00026" HPOS="144" VPOS="353" WIDTH="30" HEIGHT="31" CONTENT="A" WC="1.00" CC="0"/>
						<SP ID="P313_SP00021" HPOS="174" VPOS="384" WIDTH="25"/>
						<String ID="P313_ST00027" HPOS="199" VPOS="352" WIDTH="100" HEIGHT="42" CONTENT="heavy" WC="0.70" CC="70070"/>
						<SP ID="P313_SP00022" HPOS="299" VPOS="394" WIDTH="25"/>
						<String ID="P313_ST00028" HPOS="324" VPOS="353" WIDTH="195" HEIGHT="43" CONTENT="atmosphere" WC="0.85" CC="0000207012"/>
						<SP ID="P313_SP00023" HPOS="519" VPOS="396" WIDTH="25"/>
						<String ID="P313_ST00029" HPOS="544" VPOS="354" WIDTH="149" HEIGHT="42" CONTENT="gathered" WC="0.89" CC="00070010"/>
						<SP ID="P313_SP00024" HPOS="693" VPOS="396" WIDTH="23"/>
						<String ID="P313_ST00030" HPOS="716" VPOS="354" WIDTH="97" HEIGHT="32" CONTENT="round" WC="0.64" CC="50650"/>
						<SP ID="P313_SP00025" HPOS="813" VPOS="396" WIDTH="23"/>
						<String ID="P313_ST00031" HPOS="836" VPOS="354" WIDTH="86" HEIGHT="31" CONTENT="those" WC="0.78" CC="07300"/>
					</TextLine>
					<TextLine ID="P313_TL00007" HPOS="101" VPOS="413" WIDTH="822" HEIGHT="43">
						<String ID="P313_ST00032" HPOS="101" VPOS="418" WIDTH="62" HEIGHT="28" CONTENT="two" WC="0.86" CC="004"/>
						<SP ID="P313_SP00026" HPOS="163" VPOS="446" WIDTH="16"/>
						<String ID="P313_ST00033" HPOS="179" VPOS="425" WIDTH="35" HEIGHT="20" CONTENT="as" WC="0.97" CC="00"/>
						<SP ID="P313_SP00027" HPOS="214" VPOS="446" WIDTH="15"/>
						<String ID="P313_ST00034" HPOS="229" VPOS="413" WIDTH="75" HEIGHT="42" CONTENT="they" WC="0.81" CC="0700"/>
						<SP ID="P313_SP00028" HPOS="304" VPOS="455" WIDTH="17"/>
						<String ID="P313_ST00035" HPOS="321" VPOS="418" WIDTH="48" HEIGHT="27" CONTENT="sat" WC="0.82" CC="203"/>
						<SP ID="P313_SP00029" HPOS="369" VPOS="455" WIDTH="23"/>
						<String ID="P313_ST00036" HPOS="392" VPOS="414" WIDTH="63" HEIGHT="32" CONTENT="side" WC="0.71" CC="4600"/>
						<SP ID="P313_SP00030" HPOS="455" VPOS="455" WIDTH="15"/>
						<String ID="P313_ST00037" HPOS="470" VPOS="414" WIDTH="42" HEIGHT="42" CONTENT="by" WC="0.63" CC="70"/>
						<SP ID="P313_SP00031" HPOS="512" VPOS="456" WIDTH="17"/>
						<String ID="P313_ST00038" HPOS="529" VPOS="414" WIDTH="62" HEIGHT="32" CONTENT="side" WC="0.94" CC="1000"/>
						<SP ID="P313_SP00032" HPOS="591" VPOS="456" WIDTH="17"/>
						<String ID="P313_ST00039" HPOS="608" VPOS="414" WIDTH="143" HEIGHT="42" CONTENT="listening" WC="0.70" CC="033006560"/>
						<SP ID="P313_SP00033" HPOS="751" VPOS="456" WIDTH="15"/>
						<String ID="P313_ST00040" HPOS="766" VPOS="414" WIDTH="31" HEIGHT="31" CONTENT="in" WC="0.73" CC="40"/>
						<SP ID="P313_SP00034" HPOS="797" VPOS="456" WIDTH="16"/>
						<String ID="P313_ST00041" HPOS="813" VPOS="414" WIDTH="110" HEIGHT="32" CONTENT="silence" WC="0.76" CC="1620600"/>
					</TextLine>
					<TextLine ID="P313_TL00008" HPOS="101" VPOS="474" WIDTH="823" HEIGHT="43">
						<String ID="P313_ST00042" HPOS="101" VPOS="479" WIDTH="33" HEIGHT="28" CONTENT="to" WC="0.81" CC="30"/>
						<SP ID="P313_SP00035" HPOS="134" VPOS="507" WIDTH="16"/>
						<String ID="P313_ST00043" HPOS="150" VPOS="474" WIDTH="172" HEIGHT="42" CONTENT="dangerous" WC="0.78" CC="005007060"/>
						<SP ID="P313_SP00036" HPOS="322" VPOS="516" WIDTH="15"/>
						<String ID="P313_ST00044" HPOS="337" VPOS="474" WIDTH="108" HEIGHT="38" CONTENT="music," WC="0.71" CC="070503"/>
						<SP ID="P313_SP00037" HPOS="445" VPOS="516" WIDTH="16"/>
						<String ID="P313_ST00045" HPOS="461" VPOS="475" WIDTH="61" HEIGHT="31" CONTENT="and" WC="0.75" CC="070"/>
						<SP ID="P313_SP00038" HPOS="522" VPOS="516" WIDTH="14"/>
						<String ID="P313_ST00046" HPOS="536" VPOS="474" WIDTH="52" HEIGHT="32" CONTENT="the" WC="0.60" CC="470"/>
						<SP ID="P313_SP00039" HPOS="588" VPOS="516" WIDTH="15"/>
						<String ID="P313_ST00047" HPOS="603" VPOS="486" WIDTH="76" HEIGHT="31" CONTENT="very" WC="0.76" CC="6030"/>
						<SP ID="P313_SP00040" HPOS="679" VPOS="517" WIDTH="15"/>
						<String ID="P313_ST00048" HPOS="694" VPOS="475" WIDTH="45" HEIGHT="31" CONTENT="air" WC="0.67" CC="054"/>
						<SP ID="P313_SP00041" HPOS="739" VPOS="517" WIDTH="14"/>
						<String ID="P313_ST00049" HPOS="753" VPOS="475" WIDTH="84" HEIGHT="31" CONTENT="filled" WC="0.85" CC="071000"/>
						<SP ID="P313_SP00042" HPOS="837" VPOS="517" WIDTH="15"/>
						<String ID="P313_ST00050" HPOS="852" VPOS="474" WIDTH="72" HEIGHT="32" CONTENT="with" WC="0.70" CC="0127"/>
					</TextLine>
					<TextLine ID="P313_TL00009" HPOS="103" VPOS="536" WIDTH="560" HEIGHT="42">
						<String ID="P313_ST00051" HPOS="103" VPOS="536" WIDTH="137" HEIGHT="42" CONTENT="perfume" WC="0.80" CC="0002650"/>
						<SP ID="P313_SP00043" HPOS="240" VPOS="578" WIDTH="17"/>
						<String ID="P313_ST00052" HPOS="257" VPOS="536" WIDTH="61" HEIGHT="31" CONTENT="and" WC="0.81" CC="050"/>
						<SP ID="P313_SP00044" HPOS="318" VPOS="578" WIDTH="14"/>
						<String ID="P313_ST00053" HPOS="332" VPOS="536" WIDTH="221" HEIGHT="42" CONTENT="love-charged" WC="0.84" CC="005000705000"/>
						<SP ID="P313_SP00045" HPOS="553" VPOS="578" WIDTH="16"/>
						<String ID="P313_ST00054" HPOS="569" VPOS="536" WIDTH="94" HEIGHT="31" CONTENT="looks." WC="0.90" CC="500000"/>
					</TextLine>
				</TextBlock>
				<TextBlock ID="P313_TB00005" HPOS="104" VPOS="596" WIDTH="823" HEIGHT="226" STYLEREFS="TXT_1 PAR_LEFT">
					<TextLine ID="P313_TL00010" HPOS="150" VPOS="596" WIDTH="775" HEIGHT="43">
						<String ID="P313_ST00055" HPOS="150" VPOS="599" WIDTH="17" HEIGHT="14" CONTENT='"' WC="0.54" CC="4"/>
						<SP ID="P313_SP00046" HPOS="167" VPOS="613" WIDTH="12"/>
						<String ID="P313_ST00056" HPOS="179" VPOS="598" WIDTH="16" HEIGHT="31" CONTENT="I" WC="0.56" CC="4"/>
						<SP ID="P313_SP00047" HPOS="195" VPOS="629" WIDTH="15"/>
						<String ID="P313_ST00057" HPOS="210" VPOS="597" WIDTH="92" HEIGHT="42" CONTENT="fancy" WC="0.85" CC="00600"/>
						<SP ID="P313_SP00048" HPOS="302" VPOS="639" WIDTH="17"/>
						<String ID="P313_ST00058" HPOS="319" VPOS="596" WIDTH="212" HEIGHT="33" CONTENT="connoisseurs" WC="0.67" CC="025505020654"/>
						<SP ID="P313_SP00049" HPOS="531" VPOS="639" WIDTH="16"/>
						<String ID="P313_ST00059" HPOS="547" VPOS="597" WIDTH="89" HEIGHT="31" CONTENT="think" WC="0.45" CC="67570"/>
						<SP ID="P313_SP00050" HPOS="636" VPOS="639" WIDTH="16"/>
						<String ID="P313_ST00060" HPOS="652" VPOS="597" WIDTH="54" HEIGHT="31" CONTENT="her" WC="0.53" CC="706"/>
						<SP ID="P313_SP00051" HPOS="706" VPOS="639" WIDTH="20"/>
						<String ID="P313_ST00061" HPOS="726" VPOS="596" WIDTH="124" HEIGHT="42" CONTENT="singing" WC="0.56" CC="6470560"/>
						<SP ID="P313_SP00052" HPOS="850" VPOS="639" WIDTH="22"/>
						<String ID="P313_ST00062" HPOS="872" VPOS="597" WIDTH="53" HEIGHT="31" CONTENT="ad" SUBS_TYPE="HypPart1" SUBS_CONTENT='admirable,"' WC="0.91" CC="002"/>
						<HYP CONTENT="-"/>
					</TextLine>
					<TextLine ID="P313_TL00011" HPOS="104" VPOS="658" WIDTH="821" HEIGHT="42">
						<String ID="P313_ST00063" HPOS="104" VPOS="659" WIDTH="156" HEIGHT="40" CONTENT='mirable,"' SUBS_TYPE="HypPart2" SUBS_CONTENT='admirable,"' WC="0.73" CC="046073002"/>
						<SP ID="P313_SP00053" HPOS="260" VPOS="699" WIDTH="19"/>
						<String ID="P313_ST00064" HPOS="279" VPOS="659" WIDTH="73" HEIGHT="40" CONTENT="said," WC="0.80" CC="40401"/>
						<SP ID="P313_SP00054" HPOS="352" VPOS="699" WIDTH="26"/>
						<String ID="P313_ST00065" HPOS="378" VPOS="659" WIDTH="107" HEIGHT="41" CONTENT="slowly" WC="0.75" CC="250050"/>
						<SP ID="P313_SP00055" HPOS="485" VPOS="700" WIDTH="15"/>
						<String ID="P313_ST00066" HPOS="500" VPOS="659" WIDTH="60" HEIGHT="31" CONTENT="and" WC="0.77" CC="060"/>
						<SP ID="P313_SP00056" HPOS="560" VPOS="700" WIDTH="23"/>
						<String ID="P313_ST00067" HPOS="583" VPOS="658" WIDTH="165" HEIGHT="42" CONTENT="languidly," WC="0.74" CC="0069510200"/>
						<SP ID="P313_SP00057" HPOS="748" VPOS="700" WIDTH="20"/>
						<String ID="P313_ST00068" HPOS="768" VPOS="658" WIDTH="157" HEIGHT="41" CONTENT="Claudine," WC="0.65" CC="600705604"/>
					</TextLine>
					<TextLine ID="P313_TL00012" HPOS="105" VPOS="719" WIDTH="822" HEIGHT="43">
						<String ID="P313_ST00069" HPOS="105" VPOS="732" WIDTH="34" HEIGHT="20" CONTENT="as" WC="1.00" CC="00"/>
						<SP ID="P313_SP00058" HPOS="139" VPOS="752" WIDTH="16"/>
						<String ID="P313_ST00070" HPOS="155" VPOS="720" WIDTH="120" HEIGHT="42" CONTENT="though" WC="0.54" CC="570707"/>
						<SP ID="P313_SP00059" HPOS="275" VPOS="762" WIDTH="24"/>
						<String ID="P313_ST00071" HPOS="299" VPOS="720" WIDTH="54" HEIGHT="32" CONTENT="she" WC="0.67" CC="270"/>
						<SP ID="P313_SP00060" HPOS="353" VPOS="762" WIDTH="23"/>
						<String ID="P313_ST00072" HPOS="376" VPOS="720" WIDTH="55" HEIGHT="32" CONTENT="felt" WC="0.87" CC="0050"/>
						<SP ID="P313_SP00061" HPOS="431" VPOS="762" WIDTH="24"/>
						<String ID="P313_ST00073" HPOS="455" VPOS="719" WIDTH="54" HEIGHT="32" CONTENT="she" WC="0.62" CC="370"/>
						<SP ID="P313_SP00062" HPOS="509" VPOS="762" WIDTH="17"/>
						<String ID="P313_ST00074" HPOS="526" VPOS="719" WIDTH="97" HEIGHT="41" CONTENT="ought" WC="0.59" CC="07075"/>
						<SP ID="P313_SP00063" HPOS="623" VPOS="762" WIDTH="21"/>
						<String ID="P313_ST00075" HPOS="644" VPOS="724" WIDTH="33" HEIGHT="27" CONTENT="to" WC="0.59" CC="52"/>
						<SP ID="P313_SP00064" HPOS="677" VPOS="762" WIDTH="19"/>
						<String ID="P313_ST00076" HPOS="696" VPOS="719" WIDTH="94" HEIGHT="42" CONTENT="speak" WC="0.81" CC="40004"/>
						<String ID="P313_ST00077" HPOS="803" VPOS="732" WIDTH="7" HEIGHT="28" CONTENT=";" WC="0.57" CC="4"/>
						<SP ID="P313_SP00065" HPOS="810" VPOS="762" WIDTH="34"/>
						<String ID="P313_ST00078" HPOS="844" VPOS="721" WIDTH="17" HEIGHT="13" CONTENT='"' WC="0.54" CC="4"/>
						<SP ID="P313_SP00066" HPOS="861" VPOS="762" WIDTH="11"/>
						<String ID="P313_ST00079" HPOS="872" VPOS="719" WIDTH="55" HEIGHT="31" CONTENT="but" WC="0.76" CC="070"/>
					</TextLine>
					<TextLine ID="P313_TL00013" HPOS="105" VPOS="782" WIDTH="408" HEIGHT="40">
						<String ID="P313_ST00080" HPOS="105" VPOS="782" WIDTH="71" HEIGHT="32" CONTENT="how" WC="0.75" CC="700"/>
						<SP ID="P313_SP00067" HPOS="176" VPOS="814" WIDTH="15"/>
						<String ID="P313_ST00081" HPOS="191" VPOS="782" WIDTH="102" HEIGHT="40" CONTENT="coldly" WC="0.89" CC="006000"/>
						<SP ID="P313_SP00068" HPOS="293" VPOS="822" WIDTH="16"/>
						<String ID="P313_ST00082" HPOS="309" VPOS="782" WIDTH="53" HEIGHT="31" CONTENT="she" WC="0.63" CC="370"/>
						<SP ID="P313_SP00069" HPOS="362" VPOS="822" WIDTH="17"/>
						<String ID="P313_ST00083" HPOS="379" VPOS="782" WIDTH="85" HEIGHT="40" CONTENT="sings" WC="0.46" CC="63690"/>
						<String ID="P313_ST00084" HPOS="474" VPOS="782" WIDTH="7" HEIGHT="31" CONTENT="!" WC="1.00" CC="0"/>
						<SP ID="P313_SP00070" HPOS="481" VPOS="822" WIDTH="15"/>
						<String ID="P313_ST00085" HPOS="496" VPOS="782" WIDTH="17" HEIGHT="11" CONTENT='"' WC="0.89" CC="1"/>
					</TextLine>
				</TextBlock>
				<TextBlock ID="P313_TB00006" HPOS="107" VPOS="839" WIDTH="820" HEIGHT="105" STYLEREFS="TXT_1 PAR_LEFT">
					<TextLine ID="P313_TL00014" HPOS="151" VPOS="840" WIDTH="776" HEIGHT="43">
						<String ID="P313_ST00086" HPOS="151" VPOS="843" WIDTH="47" HEIGHT="32" CONTENT='"I' WC="0.80" CC="40"/>
						<SP ID="P313_SP00071" HPOS="198" VPOS="875" WIDTH="29"/>
						<String ID="P313_ST00087" HPOS="227" VPOS="843" WIDTH="103" HEIGHT="31" CONTENT="would" WC="0.77" CC="00640"/>
						<SP ID="P313_SP00072" HPOS="330" VPOS="875" WIDTH="29"/>
						<String ID="P313_ST00088" HPOS="359" VPOS="843" WIDTH="102" HEIGHT="31" CONTENT="rather" WC="0.72" CC="300705"/>
						<SP ID="P313_SP00073" HPOS="461" VPOS="875" WIDTH="30"/>
						<String ID="P313_ST00089" HPOS="491" VPOS="842" WIDTH="74" HEIGHT="31" CONTENT="hear" WC="0.71" CC="7003"/>
						<SP ID="P313_SP00074" HPOS="565" VPOS="875" WIDTH="24"/>
						<String ID="P313_ST00090" HPOS="589" VPOS="853" WIDTH="61" HEIGHT="30" CONTENT="you" WC="0.78" CC="006"/>
						<SP ID="P313_SP00075" HPOS="650" VPOS="883" WIDTH="24"/>
						<String ID="P313_ST00091" HPOS="674" VPOS="841" WIDTH="115" HEIGHT="41" CONTENT='sing!"' WC="0.67" CC="527003"/>
						<SP ID="P313_SP00076" HPOS="789" VPOS="883" WIDTH="24"/>
						<String ID="P313_ST00092" HPOS="813" VPOS="840" WIDTH="114" HEIGHT="42" CONTENT="replied" WC="0.91" CC="5000000"/>
					</TextLine>
					<TextLine ID="P313_TL00015" HPOS="107" VPOS="904" WIDTH="361" HEIGHT="40">
						<String ID="P313_ST00093" HPOS="107" VPOS="904" WIDTH="122" HEIGHT="40" CONTENT="Olivier," WC="0.75" CC="00791000"/>
						<SP ID="P313_SP00077" HPOS="229" VPOS="944" WIDTH="18"/>
						<String ID="P313_ST00094" HPOS="247" VPOS="904" WIDTH="31" HEIGHT="32" CONTENT="in" WC="0.48" CC="27"/>
						<SP ID="P313_SP00078" HPOS="278" VPOS="944" WIDTH="15"/>
						<String ID="P313_ST00095" HPOS="293" VPOS="916" WIDTH="19" HEIGHT="20" CONTENT="a" WC="1.00" CC="0"/>
						<SP ID="P313_SP00079" HPOS="312" VPOS="944" WIDTH="17"/>
						<String ID="P313_ST00096" HPOS="329" VPOS="904" WIDTH="139" HEIGHT="40" CONTENT="whisper." WC="0.52" CC="97059032"/>
					</TextLine>
				</TextBlock>
				<TextBlock ID="P313_TB00007" HPOS="107" VPOS="960" WIDTH="824" HEIGHT="158" STYLEREFS="TXT_1 PAR_LEFT">
					<TextLine ID="P313_TL00016" HPOS="151" VPOS="961" WIDTH="778" HEIGHT="46">
						<String ID="P313_ST00097" HPOS="151" VPOS="965" WIDTH="86" HEIGHT="42" CONTENT="Why" WC="0.75" CC="070"/>
						<SP ID="P313_SP00080" HPOS="237" VPOS="1007" WIDTH="27"/>
						<String ID="P313_ST00098" HPOS="264" VPOS="964" WIDTH="51" HEIGHT="32" CONTENT="did" WC="0.92" CC="020"/>
						<SP ID="P313_SP00081" HPOS="315" VPOS="1007" WIDTH="23"/>
						<String ID="P313_ST00099" HPOS="338" VPOS="964" WIDTH="40" HEIGHT="32" CONTENT="he" WC="0.61" CC="70"/>
						<SP ID="P313_SP00082" HPOS="378" VPOS="1007" WIDTH="24"/>
						<String ID="P313_ST00100" HPOS="402" VPOS="964" WIDTH="96" HEIGHT="42" CONTENT="speak" WC="1.00" CC="00000"/>
						<SP ID="P313_SP00083" HPOS="498" VPOS="1007" WIDTH="25"/>
						<String ID="P313_ST00101" HPOS="523" VPOS="975" WIDTH="34" HEIGHT="21" CONTENT="so" WC="0.56" CC="34"/>
						<SP ID="P313_SP00084" HPOS="557" VPOS="1007" WIDTH="23"/>
						<String ID="P313_ST00102" HPOS="580" VPOS="964" WIDTH="83" HEIGHT="31" CONTENT="low?" WC="0.80" CC="4300"/>
						<SP ID="P313_SP00085" HPOS="663" VPOS="1007" WIDTH="55"/>
						<String ID="P313_ST00103" HPOS="718" VPOS="962" WIDTH="50" HEIGHT="32" CONTENT="He" WC="0.66" CC="60"/>
						<SP ID="P313_SP00086" HPOS="768" VPOS="1007" WIDTH="27"/>
						<String ID="P313_ST00104" HPOS="795" VPOS="961" WIDTH="134" HEIGHT="32" CONTENT="couldn't" WC="0.74" CC="02630510"/>
					</TextLine>
					<TextLine ID="P313_TL00017" HPOS="108" VPOS="1021" WIDTH="823" HEIGHT="46">
						<String ID="P313_ST00105" HPOS="108" VPOS="1025" WIDTH="71" HEIGHT="42" CONTENT="tell;" WC="0.83" CC="00412"/>
						<SP ID="P313_SP00087" HPOS="179" VPOS="1067" WIDTH="31"/>
						<String ID="P313_ST00106" HPOS="210" VPOS="1025" WIDTH="56" HEIGHT="32" CONTENT="but" WC="0.54" CC="741"/>
						<SP ID="P313_SP00088" HPOS="266" VPOS="1067" WIDTH="23"/>
						<String ID="P313_ST00107" HPOS="289" VPOS="1025" WIDTH="38" HEIGHT="32" CONTENT="he" WC="0.63" CC="70"/>
						<SP ID="P313_SP00089" HPOS="327" VPOS="1067" WIDTH="25"/>
						<String ID="P313_ST00108" HPOS="352" VPOS="1025" WIDTH="134" HEIGHT="32" CONTENT="couldn't" WC="0.81" CC="00600610"/>
						<SP ID="P313_SP00090" HPOS="486" VPOS="1067" WIDTH="27"/>
						<String ID="P313_ST00109" HPOS="513" VPOS="1024" WIDTH="79" HEIGHT="31" CONTENT="have" WC="0.70" CC="7040"/>
						<SP ID="P313_SP00091" HPOS="592" VPOS="1067" WIDTH="27"/>
						<String ID="P313_ST00110" HPOS="619" VPOS="1023" WIDTH="116" HEIGHT="42" CONTENT="spoken" WC="0.89" CC="200004"/>
						<SP ID="P313_SP00092" HPOS="735" VPOS="1067" WIDTH="20"/>
						<String ID="P313_ST00111" HPOS="755" VPOS="1022" WIDTH="105" HEIGHT="31" CONTENT="louder" WC="0.80" CC="136000"/>
						<SP ID="P313_SP00093" HPOS="860" VPOS="1067" WIDTH="24"/>
						<String ID="P313_ST00112" HPOS="884" VPOS="1021" WIDTH="47" HEIGHT="32" CONTENT="for" WC="0.84" CC="004"/>
					</TextLine>
					<TextLine ID="P313_TL00018" HPOS="109" VPOS="1086" WIDTH="251" HEIGHT="32">
						<String ID="P313_ST00113" HPOS="109" VPOS="1087" WIDTH="52" HEIGHT="31" CONTENT="the" WC="0.75" CC="070"/>
						<SP ID="P313_SP00094" HPOS="161" VPOS="1118" WIDTH="16"/>
						<String ID="P313_ST00114" HPOS="177" VPOS="1086" WIDTH="52" HEIGHT="32" CONTENT="life" WC="0.78" CC="6200"/>
						<SP ID="P313_SP00095" HPOS="229" VPOS="1118" WIDTH="18"/>
						<String ID="P313_ST00115" HPOS="247" VPOS="1086" WIDTH="34" HEIGHT="32" CONTENT="of" WC="1.00" CC="00"/>
						<SP ID="P313_SP00096" HPOS="281" VPOS="1118" WIDTH="7"/>
						<String ID="P313_ST00116" HPOS="288" VPOS="1086" WIDTH="72" HEIGHT="32" CONTENT="him." WC="0.78" CC="7100"/>
					</TextLine>
				</TextBlock>
				<TextBlock ID="P313_TB00008" HPOS="153" VPOS="1143" WIDTH="606" HEIGHT="44" STYLEREFS="TXT_1 PAR_LEFT">
					<TextLine ID="P313_TL00019" HPOS="153" VPOS="1144" WIDTH="606" HEIGHT="43">
						<String ID="P313_ST00117" HPOS="153" VPOS="1147" WIDTH="140" HEIGHT="33" CONTENT="Another" WC="0.58" CC="0707715"/>
						<SP ID="P313_SP00097" HPOS="293" VPOS="1180" WIDTH="14"/>
						<String ID="P313_ST00118" HPOS="307" VPOS="1147" WIDTH="74" HEIGHT="40" CONTENT="long" WC="0.66" CC="6150"/>
						<SP ID="P313_SP00098" HPOS="381" VPOS="1187" WIDTH="16"/>
						<String ID="P313_ST00119" HPOS="397" VPOS="1146" WIDTH="110" HEIGHT="32" CONTENT="silence" WC="0.71" CC="5060700"/>
						<SP ID="P313_SP00099" HPOS="507" VPOS="1187" WIDTH="12"/>
						<String ID="P313_ST00120" HPOS="519" VPOS="1158" WIDTH="6" HEIGHT="28" CONTENT=";" WC="0.55" CC="4"/>
						<SP ID="P313_SP00100" HPOS="525" VPOS="1187" WIDTH="33"/>
						<String ID="P313_ST00121" HPOS="558" VPOS="1145" WIDTH="60" HEIGHT="32" CONTENT="and" WC="0.81" CC="050"/>
						<SP ID="P313_SP00101" HPOS="618" VPOS="1187" WIDTH="15"/>
						<String ID="P313_ST00122" HPOS="633" VPOS="1144" WIDTH="80" HEIGHT="40" CONTENT="then," WC="0.71" CC="07051"/>
						<String ID="P313_ST00123" HPOS="717" VPOS="1163" WIDTH="42" HEIGHT="3" CONTENT="—" WC="0.20" CC="8"/>
					</TextLine>
				</TextBlock>
				<TextBlock ID="P313_TB00009" HPOS="110" VPOS="1202" WIDTH="820" HEIGHT="228" STYLEREFS="TXT_1 PAR_LEFT">
					<TextLine ID="P313_TL00020" HPOS="156" VPOS="1202" WIDTH="774" HEIGHT="46">
						<String ID="P313_ST00124" HPOS="156" VPOS="1210" WIDTH="17" HEIGHT="14" CONTENT='"' WC="0.55" CC="4"/>
						<SP ID="P313_SP00102" HPOS="173" VPOS="1224" WIDTH="15"/>
						<String ID="P313_ST00125" HPOS="188" VPOS="1208" WIDTH="67" HEIGHT="33" CONTENT="One" WC="0.75" CC="070"/>
						<SP ID="P313_SP00103" HPOS="255" VPOS="1241" WIDTH="16"/>
						<String ID="P313_ST00126" HPOS="271" VPOS="1208" WIDTH="103" HEIGHT="32" CONTENT="would" WC="0.86" CC="00700"/>
						<SP ID="P313_SP00104" HPOS="374" VPOS="1241" WIDTH="15"/>
						<String ID="P313_ST00127" HPOS="389" VPOS="1207" WIDTH="96" HEIGHT="41" CONTENT="really" WC="0.90" CC="200110"/>
						<SP ID="P313_SP00105" HPOS="485" VPOS="1248" WIDTH="15"/>
						<String ID="P313_ST00128" HPOS="500" VPOS="1206" WIDTH="88" HEIGHT="32" CONTENT="think" WC="0.48" CC="67470"/>
						<SP ID="P313_SP00106" HPOS="588" VPOS="1248" WIDTH="15"/>
						<String ID="P313_ST00129" HPOS="603" VPOS="1216" WIDTH="77" HEIGHT="30" CONTENT="your" WC="0.77" CC="0350"/>
						<SP ID="P313_SP00107" HPOS="680" VPOS="1248" WIDTH="22"/>
						<String ID="P313_ST00130" HPOS="702" VPOS="1203" WIDTH="105" HEIGHT="40" CONTENT="friend," WC="0.73" CC="2230602"/>
						<SP ID="P313_SP00108" HPOS="807" VPOS="1248" WIDTH="22"/>
						<String ID="P313_ST00131" HPOS="829" VPOS="1202" WIDTH="101" HEIGHT="33" CONTENT="Count" WC="0.60" CC="61560"/>
					</TextLine>
					<TextLine ID="P313_TL00021" HPOS="111" VPOS="1263" WIDTH="819" HEIGHT="49">
						<String ID="P313_ST00132" HPOS="111" VPOS="1271" WIDTH="136" HEIGHT="41" CONTENT="Dupont," WC="0.53" CC="7503662"/>
						<SP ID="P313_SP00109" HPOS="247" VPOS="1312" WIDTH="10"/>
						<String ID="P313_ST00133" HPOS="257" VPOS="1281" WIDTH="64" HEIGHT="20" CONTENT="was" WC="0.94" CC="001"/>
						<SP ID="P313_SP00110" HPOS="321" VPOS="1312" WIDTH="16"/>
						<String ID="P313_ST00134" HPOS="337" VPOS="1268" WIDTH="116" HEIGHT="44" CONTENT="paying" WC="0.61" CC="000679"/>
						<SP ID="P313_SP00111" HPOS="453" VPOS="1312" WIDTH="17"/>
						<String ID="P313_ST00135" HPOS="470" VPOS="1272" WIDTH="88" HEIGHT="27" CONTENT="court" WC="0.77" CC="00540"/>
						<SP ID="P313_SP00112" HPOS="558" VPOS="1312" WIDTH="14"/>
						<String ID="P313_ST00136" HPOS="572" VPOS="1271" WIDTH="33" HEIGHT="27" CONTENT="to" WC="0.73" CC="31"/>
						<SP ID="P313_SP00113" HPOS="605" VPOS="1312" WIDTH="9"/>
						<String ID="P313_ST00137" HPOS="614" VPOS="1264" WIDTH="158" HEIGHT="43" CONTENT='Aspasie,"' WC="0.80" CC="040014006"/>
						<SP ID="P313_SP00114" HPOS="772" VPOS="1312" WIDTH="13"/>
						<String ID="P313_ST00138" HPOS="785" VPOS="1263" WIDTH="145" HEIGHT="32" CONTENT="observed" WC="0.85" CC="01102700"/>
					</TextLine>
					<TextLine ID="P313_TL00022" HPOS="112" VPOS="1323" WIDTH="816" HEIGHT="48">
						<String ID="P313_ST00139" HPOS="112" VPOS="1331" WIDTH="159" HEIGHT="40" CONTENT="Claudine," WC="0.66" CC="660701602"/>
						<SP ID="P313_SP00115" HPOS="271" VPOS="1371" WIDTH="14"/>
						<String ID="P313_ST00140" HPOS="285" VPOS="1331" WIDTH="31" HEIGHT="31" CONTENT="in" WC="0.64" CC="07"/>
						<SP ID="P313_SP00116" HPOS="316" VPOS="1371" WIDTH="16"/>
						<String ID="P313_ST00141" HPOS="332" VPOS="1329" WIDTH="54" HEIGHT="33" CONTENT="the" WC="0.64" CC="370"/>
						<SP ID="P313_SP00117" HPOS="386" VPOS="1371" WIDTH="17"/>
						<String ID="P313_ST00142" HPOS="403" VPOS="1339" WIDTH="83" HEIGHT="21" CONTENT="same" WC="0.94" CC="2000"/>
						<SP ID="P313_SP00118" HPOS="486" VPOS="1371" WIDTH="17"/>
						<String ID="P313_ST00143" HPOS="503" VPOS="1327" WIDTH="75" HEIGHT="31" CONTENT="slow" WC="1.00" CC="0000"/>
						<SP ID="P313_SP00119" HPOS="578" VPOS="1371" WIDTH="15"/>
						<String ID="P313_ST00144" HPOS="593" VPOS="1325" WIDTH="61" HEIGHT="32" CONTENT="and" WC="0.76" CC="070"/>
						<SP ID="P313_SP00120" HPOS="654" VPOS="1371" WIDTH="16"/>
						<String ID="P313_ST00145" HPOS="670" VPOS="1323" WIDTH="164" HEIGHT="43" CONTENT="oppressed" WC="0.89" CC="000602000"/>
						<SP ID="P313_SP00121" HPOS="834" VPOS="1371" WIDTH="15"/>
						<String ID="P313_ST00146" HPOS="849" VPOS="1328" WIDTH="79" HEIGHT="27" CONTENT="tone." WC="0.83" CC="01700"/>
					</TextLine>
					<TextLine ID="P313_TL00023" HPOS="114" VPOS="1384" WIDTH="816" HEIGHT="46">
						<String ID="P313_ST00147" HPOS="114" VPOS="1392" WIDTH="117" HEIGHT="32" CONTENT='"Look' WC="1.00" CC="00000"/>
						<SP ID="P313_SP00122" HPOS="231" VPOS="1424" WIDTH="12"/>
						<String ID="P313_ST00148" HPOS="243" VPOS="1396" WIDTH="32" HEIGHT="27" CONTENT="at" WC="0.90" CC="01"/>
						<SP ID="P313_SP00123" HPOS="275" VPOS="1424" WIDTH="16"/>
						<String ID="P313_ST00149" HPOS="291" VPOS="1390" WIDTH="62" HEIGHT="32" CONTENT="him" WC="0.43" CC="709"/>
						<SP ID="P313_SP00124" HPOS="353" VPOS="1424" WIDTH="12"/>
						<String ID="P313_ST00150" HPOS="365" VPOS="1404" WIDTH="7" HEIGHT="26" CONTENT=";" WC="0.30" CC="6"/>
						<SP ID="P313_SP00125" HPOS="372" VPOS="1430" WIDTH="17"/>
						<String ID="P313_ST00151" HPOS="389" VPOS="1389" WIDTH="70" HEIGHT="32" CONTENT="how" WC="0.75" CC="700"/>
						<SP ID="P313_SP00126" HPOS="459" VPOS="1430" WIDTH="12"/>
						<String ID="P313_ST00152" HPOS="471" VPOS="1386" WIDTH="150" HEIGHT="34" CONTENT="absorbed" WC="0.78" CC="02025700"/>
						<SP ID="P313_SP00127" HPOS="621" VPOS="1430" WIDTH="15"/>
						<String ID="P313_ST00153" HPOS="636" VPOS="1385" WIDTH="38" HEIGHT="32" CONTENT="he" WC="0.63" CC="70"/>
						<SP ID="P313_SP00128" HPOS="674" VPOS="1430" WIDTH="13"/>
						<String ID="P313_ST00154" HPOS="687" VPOS="1396" WIDTH="98" HEIGHT="21" CONTENT="seems" WC="0.90" CC="10003"/>
						<SP ID="P313_SP00129" HPOS="785" VPOS="1430" WIDTH="12"/>
						<String ID="P313_ST00155" HPOS="797" VPOS="1384" WIDTH="42" HEIGHT="42" CONTENT="by" WC="1.00" CC="00"/>
						<SP ID="P313_SP00130" HPOS="839" VPOS="1430" WIDTH="8"/>
						<String ID="P313_ST00156" HPOS="847" VPOS="1384" WIDTH="83" HEIGHT="33" CONTENT='her."' WC="0.82" CC="70001"/>
					</TextLine>
				</TextBlock>
				<TextBlock ID="P313_TB00010" HPOS="112" VPOS="1444" WIDTH="818" HEIGHT="107" STYLEREFS="TXT_1 PAR_LEFT">
					<TextLine ID="P313_TL00024" HPOS="157" VPOS="1445" WIDTH="773" HEIGHT="46">
						<String ID="P313_ST00157" HPOS="157" VPOS="1455" WIDTH="18" HEIGHT="14" CONTENT='"' WC="0.55" CC="4"/>
						<SP ID="P313_SP00131" HPOS="175" VPOS="1469" WIDTH="12"/>
						<String ID="P313_ST00158" HPOS="187" VPOS="1453" WIDTH="51" HEIGHT="31" CONTENT="He" WC="0.65" CC="60"/>
						<SP ID="P313_SP00132" HPOS="238" VPOS="1484" WIDTH="16"/>
						<String ID="P313_ST00159" HPOS="254" VPOS="1452" WIDTH="62" HEIGHT="31" CONTENT="will" WC="0.48" CC="9621"/>
						<SP ID="P313_SP00133" HPOS="316" VPOS="1484" WIDTH="22"/>
						<String ID="P313_ST00160" HPOS="338" VPOS="1461" WIDTH="96" HEIGHT="22" CONTENT="never" WC="0.70" CC="70403"/>
						<SP ID="P313_SP00134" HPOS="434" VPOS="1484" WIDTH="15"/>
						<String ID="P313_ST00161" HPOS="449" VPOS="1460" WIDTH="61" HEIGHT="31" CONTENT="pay" WC="1.00" CC="000"/>
						<SP ID="P313_SP00135" HPOS="510" VPOS="1491" WIDTH="16"/>
						<String ID="P313_ST00162" HPOS="526" VPOS="1451" WIDTH="85" HEIGHT="28" CONTENT="court" WC="0.63" CC="00664"/>
						<SP ID="P313_SP00136" HPOS="611" VPOS="1491" WIDTH="22"/>
						<String ID="P313_ST00163" HPOS="633" VPOS="1451" WIDTH="31" HEIGHT="27" CONTENT="to" WC="0.75" CC="50"/>
						<SP ID="P313_SP00137" HPOS="664" VPOS="1491" WIDTH="23"/>
						<String ID="P313_ST00164" HPOS="687" VPOS="1445" WIDTH="147" HEIGHT="42" CONTENT='anyone,"' WC="0.75" CC="07035030"/>
						<SP ID="P313_SP00138" HPOS="834" VPOS="1491" WIDTH="16"/>
						<String ID="P313_ST00165" HPOS="850" VPOS="1455" WIDTH="80" HEIGHT="20" CONTENT="mur" SUBS_TYPE="HypPart1" SUBS_CONTENT="murmured" WC="0.66" CC="0651"/>
						<HYP CONTENT="-"/>
					</TextLine>
					<TextLine ID="P313_TL00025" HPOS="112" VPOS="1506" WIDTH="581" HEIGHT="45">
						<String ID="P313_ST00166" HPOS="112" VPOS="1514" WIDTH="109" HEIGHT="33" CONTENT="mured" SUBS_TYPE="HypPart2" SUBS_CONTENT="murmured" WC="0.86" CC="06000"/>
						<SP ID="P313_SP00139" HPOS="221" VPOS="1547" WIDTH="17"/>
						<String ID="P313_ST00167" HPOS="238" VPOS="1512" WIDTH="115" HEIGHT="34" CONTENT="Olivier" WC="0.79" CC="4502002"/>
						<SP ID="P313_SP00140" HPOS="353" VPOS="1547" WIDTH="13"/>
						<String ID="P313_ST00168" HPOS="366" VPOS="1525" WIDTH="7" HEIGHT="26" CONTENT=";" WC="0.86" CC="1"/>
						<SP ID="P313_SP00141" HPOS="373" VPOS="1551" WIDTH="34"/>
						<String ID="P313_ST00169" HPOS="407" VPOS="1512" WIDTH="16" HEIGHT="14" CONTENT='"' WC="1.00" CC="0"/>
						<SP ID="P313_SP00142" HPOS="423" VPOS="1551" WIDTH="13"/>
						<String ID="P313_ST00170" HPOS="436" VPOS="1510" WIDTH="39" HEIGHT="31" CONTENT="he" WC="0.61" CC="70"/>
						<SP ID="P313_SP00143" HPOS="475" VPOS="1551" WIDTH="16"/>
						<String ID="P313_ST00171" HPOS="491" VPOS="1509" WIDTH="26" HEIGHT="31" CONTENT="is" WC="0.92" CC="10"/>
						<SP ID="P313_SP00144" HPOS="517" VPOS="1551" WIDTH="15"/>
						<String ID="P313_ST00172" HPOS="532" VPOS="1506" WIDTH="161" HEIGHT="33" CONTENT='bronzed."' WC="0.90" CC="001300003"/>
					</TextLine>
				</TextBlock>
			</PrintSpace>
		</Page>
	</Layout>
</alto>
