<?xml version="1.0" encoding="UTF-8"?>
<alto xmlns:xsi="http://www.w3.org/2001/XMLSchema-instance" xsi:noNamespaceSchemaLocation="http://www.bl.uk/schemas/alto/alto-1-4.xsd" xmlns:xlink="http://www.w3.org/1999/xlink">
	<Description>
		<MeasurementUnit>mm10</MeasurementUnit>
		<sourceImageInformation>
			<fileName>//head1/IN/2008-26/A0011736599/009079.jp2</fileName>
		</sourceImageInformation>
		<OCRProcessing ID="OCRPROCESSING_1">
			<preProcessingStep>
				<processingSoftware>
					<softwareCreator>CCS Content Conversion Specialists GmbH, Germany</softwareCreator>
					<softwareName>CCS docWORKS</softwareName>
					<softwareVersion>6.1-0.67</softwareVersion>
				</processingSoftware>
			</preProcessingStep>
			<ocrProcessingStep>
				<processingSoftware>
					<softwareCreator>ABBYY (BIT Software), Russia</softwareCreator>
					<softwareName>Finereader</softwareName>
				</processingSoftware>
			</ocrProcessingStep>
		</OCRProcessing>
	</Description>
	<Styles>
		<TextStyle ID="TXT_0" FONTSIZE="11" FONTFAMILY="Courier New"/>
		<TextStyle ID="TXT_1" FONTSIZE="10" FONTFAMILY="Courier New"/>
		<ParagraphStyle ID="PAR_CENTER" ALIGN="Center"/>
		<ParagraphStyle ID="PAR_LEFT" ALIGN="Left"/>
	</Styles>
	<Layout>
		<Page ID="P27" PHYSICAL_IMG_NR="27" HEIGHT="2180" WIDTH="1241" POSITION="Right" ACCURACY="68.79">
			<TopMargin ID="P27_TM00001" HPOS="0" VPOS="0" WIDTH="1241" HEIGHT="144"/>
			<LeftMargin ID="P27_LM00001" HPOS="0" VPOS="144" WIDTH="84" HEIGHT="1772"/>
			<RightMargin ID="P27_RM00001" HPOS="1110" VPOS="144" WIDTH="131" HEIGHT="1772"/>
			<BottomMargin ID="P27_BM00001" HPOS="0" VPOS="1916" WIDTH="1241" HEIGHT="264"/>
			<PrintSpace ID="P27_PS00001" HPOS="84" VPOS="144" WIDTH="1031" HEIGHT="1776">
				<TextBlock ID="P27_TB00001" HPOS="258" VPOS="555" WIDTH="679" HEIGHT="48" STYLEREFS="TXT_0 PAR_CENTER">
					<TextLine ID="P27_TL00001" HPOS="258" VPOS="555" WIDTH="679" HEIGHT="48">
						<String ID="P27_ST00001" HPOS="258" VPOS="558" WIDTH="58" HEIGHT="45" CONTENT="DE" WC="0.61" CC="07"/>
						<SP ID="P27_SP00001" HPOS="316" VPOS="603" WIDTH="24"/>
						<String ID="P27_ST00002" HPOS="340" VPOS="556" WIDTH="146" HEIGHT="47" CONTENT="MALTA" WC="0.78" CC="60040"/>
						<SP ID="P27_SP00002" HPOS="486" VPOS="603" WIDTH="24"/>
						<String ID="P27_ST00003" HPOS="510" VPOS="556" WIDTH="29" HEIGHT="47" CONTENT="A" WC="1.00" CC="0"/>
						<SP ID="P27_SP00003" HPOS="539" VPOS="603" WIDTH="24"/>
						<String ID="P27_ST00004" HPOS="563" VPOS="555" WIDTH="374" HEIGHT="48" CONTENT="CONSTANTINOPLA." WC="0.76" CC="616500302710001"/>
					</TextLine>
				</TextBlock>
				<TextBlock ID="P27_TB00002" HPOS="81" VPOS="1054" WIDTH="1034" HEIGHT="866" STYLEREFS="TXT_1 PAR_LEFT">
					<TextLine ID="P27_TL00002" HPOS="128" VPOS="1058" WIDTH="982" HEIGHT="46">
						<String ID="P27_ST00005" HPOS="128" VPOS="1064" WIDTH="76" HEIGHT="40" CONTENT="yg\_" WC="0.25" CC="9864"/>
						<SP ID="P27_SP00004" HPOS="204" VPOS="1104" WIDTH="150"/>
						<String ID="P27_ST00006" HPOS="354" VPOS="1067" WIDTH="71" HEIGHT="36" CONTENT="Jq\" WC="0.19" CC="788"/>
						<SP ID="P27_SP00005" HPOS="425" VPOS="1104" WIDTH="54"/>
						<String ID="P27_ST00007" HPOS="479" VPOS="1060" WIDTH="111" HEIGHT="28" CONTENT="abíamos" WC="0.39" CC="8348538"/>
						<SP ID="P27_SP00006" HPOS="590" VPOS="1104" WIDTH="10"/>
						<String ID="P27_ST00008" HPOS="600" VPOS="1058" WIDTH="118" HEIGHT="31" CONTENT="recibido" WC="0.73" CC="66003004"/>
						<SP ID="P27_SP00007" HPOS="718" VPOS="1104" WIDTH="14"/>
						<String ID="P27_ST00009" HPOS="732" VPOS="1069" WIDTH="32" HEIGHT="20" CONTENT="en" WC="0.66" CC="06"/>
						<SP ID="P27_SP00008" HPOS="764" VPOS="1104" WIDTH="15"/>
						<String ID="P27_ST00010" HPOS="779" VPOS="1058" WIDTH="79" HEIGHT="30" CONTENT="Malla" WC="0.68" CC="26600"/>
						<SP ID="P27_SP00009" HPOS="858" VPOS="1104" WIDTH="9"/>
						<String ID="P27_ST00011" HPOS="867" VPOS="1058" WIDTH="24" HEIGHT="30" CONTENT="la" WC="0.59" CC="62"/>
						<SP ID="P27_SP00010" HPOS="891" VPOS="1104" WIDTH="14"/>
						<String ID="P27_ST00012" HPOS="905" VPOS="1059" WIDTH="107" HEIGHT="34" CONTENT="noticia," WC="0.83" CC="56001000"/>
						<SP ID="P27_SP00011" HPOS="1012" VPOS="1104" WIDTH="11"/>
						<String ID="P27_ST00013" HPOS="1023" VPOS="1058" WIDTH="87" HEIGHT="41" CONTENT="llega-" WC="0.78" CC="000902"/>
					</TextLine>
					<TextLine ID="P27_TL00003" HPOS="478" VPOS="1110" WIDTH="628" HEIGHT="37">
						<String ID="P27_ST00014" HPOS="478" VPOS="1111" WIDTH="33" HEIGHT="31" CONTENT="da" WC="0.21" CC="78"/>
						<SP ID="P27_SP00012" HPOS="511" VPOS="1142" WIDTH="16"/>
						<String ID="P27_ST00015" HPOS="527" VPOS="1112" WIDTH="52" HEIGHT="31" CONTENT='a"a' WC="0.66" CC="270"/>
						<SP ID="P27_SP00013" HPOS="579" VPOS="1143" WIDTH="22"/>
						<String ID="P27_ST00016" HPOS="601" VPOS="1111" WIDTH="23" HEIGHT="30" CONTENT="e'" WC="0.78" CC="04"/>
						<SP ID="P27_SP00014" HPOS="624" VPOS="1143" WIDTH="25"/>
						<String ID="P27_ST00017" HPOS="649" VPOS="1111" WIDTH="95" HEIGHT="31" CONTENT="mismo" WC="0.35" CC="87950"/>
						<SP ID="P27_SP00015" HPOS="744" VPOS="1143" WIDTH="15"/>
						<String ID="P27_ST00018" HPOS="759" VPOS="1111" WIDTH="43" HEIGHT="30" CONTENT="dia" WC="0.59" CC="074"/>
						<SP ID="P27_SP00016" HPOS="802" VPOS="1143" WIDTH="24"/>
						<String ID="P27_ST00019" HPOS="826" VPOS="1111" WIDTH="33" HEIGHT="30" CONTENT="de" WC="1.00" CC="00"/>
						<SP ID="P27_SP00017" HPOS="859" VPOS="1143" WIDTH="25"/>
						<String ID="P27_ST00020" HPOS="884" VPOS="1116" WIDTH="106" HEIGHT="25" CONTENT="nuestra" WC="0.56" CC="6806350"/>
						<SP ID="P27_SP00018" HPOS="990" VPOS="1143" WIDTH="20"/>
						<String ID="P27_ST00021" HPOS="1010" VPOS="1110" WIDTH="96" HEIGHT="37" CONTENT="salida," WC="0.74" CC="0423600"/>
					</TextLine>
					<TextLine ID="P27_TL00004" HPOS="101" VPOS="1164" WIDTH="1009" HEIGHT="152">
						<String ID="P27_ST00022" HPOS="101" VPOS="1166" WIDTH="234" HEIGHT="150" CONTENT="t°ywvs." WC="0.47" CC="7218717"/>
						<SP ID="P27_SP00019" HPOS="335" VPOS="1316" WIDTH="34"/>
						<String ID="P27_ST00023" HPOS="369" VPOS="1164" WIDTH="51" HEIGHT="34" CONTENT="y¿" WC="0.70" CC="05"/>
						<SP ID="P27_SP00020" HPOS="420" VPOS="1316" WIDTH="58"/>
						<String ID="P27_ST00024" HPOS="478" VPOS="1166" WIDTH="43" HEIGHT="30" CONTENT="del" WC="0.83" CC="005"/>
						<SP ID="P27_SP00021" HPOS="521" VPOS="1316" WIDTH="26"/>
						<String ID="P27_ST00025" HPOS="547" VPOS="1165" WIDTH="164" HEIGHT="31" CONTENT="bombardeo" WC="0.93" CC="040000000"/>
						<SP ID="P27_SP00022" HPOS="711" VPOS="1316" WIDTH="19"/>
						<String ID="P27_ST00026" HPOS="730" VPOS="1165" WIDTH="33" HEIGHT="30" CONTENT="de" WC="1.00" CC="00"/>
						<SP ID="P27_SP00023" HPOS="763" VPOS="1316" WIDTH="27"/>
						<String ID="P27_ST00027" HPOS="790" VPOS="1165" WIDTH="156" HEIGHT="40" CONTENT="Sebastopol" WC="0.88" CC="0000202420"/>
						<SP ID="P27_SP00024" HPOS="946" VPOS="1316" WIDTH="13"/>
						<String ID="P27_ST00028" HPOS="959" VPOS="1176" WIDTH="47" HEIGHT="29" CONTENT="por" WC="0.82" CC="050"/>
						<SP ID="P27_SP00025" HPOS="1006" VPOS="1316" WIDTH="15"/>
						<String ID="P27_ST00029" HPOS="1021" VPOS="1175" WIDTH="56" HEIGHT="20" CONTENT="mar" WC="0.78" CC="600"/>
						<SP ID="P27_SP00026" HPOS="1077" VPOS="1316" WIDTH="15"/>
						<String ID="P27_ST00030" HPOS="1092" VPOS="1176" WIDTH="18" HEIGHT="30" CONTENT="y" WC="1.00" CC="0"/>
					</TextLine>
					<TextLine ID="P27_TL00005" HPOS="184" VPOS="1215" WIDTH="926" HEIGHT="49">
						<String ID="P27_ST00031" HPOS="184" VPOS="1223" WIDTH="5" HEIGHT="37" CONTENT=")" WC="0.27" CC="7"/>
						<SP ID="P27_SP00027" HPOS="189" VPOS="1260" WIDTH="37"/>
						<String ID="P27_ST00032" HPOS="226" VPOS="1243" WIDTH="11" HEIGHT="16" CONTENT="&gt;" WC="0.26" CC="7"/>
						<SP ID="P27_SP00028" HPOS="237" VPOS="1260" WIDTH="85"/>
						<String ID="P27_ST00033" HPOS="322" VPOS="1244" WIDTH="10" HEIGHT="20" CONTENT="s" WC="0.13" CC="8"/>
						<SP ID="P27_SP00029" HPOS="332" VPOS="1264" WIDTH="51"/>
						<String ID="P27_ST00034" HPOS="383" VPOS="1215" WIDTH="38" HEIGHT="49" CONTENT="v)" WC="0.13" CC="98"/>
						<SP ID="P27_SP00030" HPOS="421" VPOS="1264" WIDTH="58"/>
						<String ID="P27_ST00035" HPOS="479" VPOS="1225" WIDTH="91" HEIGHT="29" CONTENT="t'en'a&gt;" WC="0.44" CC="7717364"/>
						<String ID="P27_ST00036" HPOS="585" VPOS="1219" WIDTH="22" HEIGHT="29" CONTENT="e'" WC="0.78" CC="04"/>
						<SP ID="P27_SP00031" HPOS="607" VPOS="1264" WIDTH="29"/>
						<String ID="P27_ST00037" HPOS="636" VPOS="1220" WIDTH="38" HEIGHT="28" CONTENT="17" WC="0.45" CC="64"/>
						<SP ID="P27_SP00032" HPOS="674" VPOS="1264" WIDTH="24"/>
						<String ID="P27_ST00038" HPOS="698" VPOS="1218" WIDTH="33" HEIGHT="30" CONTENT="de" WC="0.74" CC="05"/>
						<SP ID="P27_SP00033" HPOS="731" VPOS="1264" WIDTH="25"/>
						<String ID="P27_ST00039" HPOS="756" VPOS="1218" WIDTH="122" HEIGHT="36" CONTENT="oclubre," WC="0.89" CC="60001100"/>
						<SP ID="P27_SP00034" HPOS="878" VPOS="1264" WIDTH="17"/>
						<String ID="P27_ST00040" HPOS="895" VPOS="1218" WIDTH="149" HEIGHT="30" CONTENT="añadiendo" WC="0.81" CC="062020005"/>
						<SP ID="P27_SP00035" HPOS="1044" VPOS="1264" WIDTH="14"/>
						<String ID="P27_ST00041" HPOS="1058" VPOS="1228" WIDTH="52" HEIGHT="31" CONTENT="que" WC="0.95" CC="010"/>
					</TextLine>
					<TextLine ID="P27_TL00006" HPOS="269" VPOS="1262" WIDTH="843" HEIGHT="56">
						<String ID="P27_ST00042" HPOS="269" VPOS="1278" WIDTH="8" HEIGHT="36" CONTENT="í" WC="0.13" CC="8"/>
						<SP ID="P27_SP00036" HPOS="277" VPOS="1314" WIDTH="13"/>
						<String ID="P27_ST00043" HPOS="290" VPOS="1264" WIDTH="10" HEIGHT="54" CONTENT="I" WC="0.45" CC="5"/>
						<SP ID="P27_SP00037" HPOS="300" VPOS="1318" WIDTH="23"/>
						<String ID="P27_ST00044" HPOS="323" VPOS="1262" WIDTH="10" HEIGHT="56" CONTENT="\" WC="0.01" CC="9"/>
						<SP ID="P27_SP00038" HPOS="333" VPOS="1318" WIDTH="31"/>
						<String ID="P27_ST00045" HPOS="364" VPOS="1282" WIDTH="67" HEIGHT="36" CONTENT="TaV" WC="0.07" CC="899"/>
						<SP ID="P27_SP00039" HPOS="431" VPOS="1318" WIDTH="49"/>
						<String ID="P27_ST00046" HPOS="480" VPOS="1282" WIDTH="28" HEIGHT="21" CONTENT="se" WC="0.89" CC="10"/>
						<SP ID="P27_SP00040" HPOS="508" VPOS="1318" WIDTH="26"/>
						<String ID="P27_ST00047" HPOS="534" VPOS="1281" WIDTH="70" HEIGHT="21" CONTENT="cre'a" WC="0.69" CC="05070"/>
						<SP ID="P27_SP00041" HPOS="604" VPOS="1318" WIDTH="22"/>
						<String ID="P27_ST00048" HPOS="626" VPOS="1270" WIDTH="164" HEIGHT="32" CONTENT="sucumbiría" WC="0.56" CC="0455795103"/>
						<SP ID="P27_SP00042" HPOS="790" VPOS="1318" WIDTH="27"/>
						<String ID="P27_ST00049" HPOS="817" VPOS="1270" WIDTH="24" HEIGHT="31" CONTENT="la" WC="1.00" CC="00"/>
						<SP ID="P27_SP00043" HPOS="841" VPOS="1318" WIDTH="29"/>
						<String ID="P27_ST00050" HPOS="870" VPOS="1270" WIDTH="97" HEIGHT="31" CONTENT="ciudad" WC="0.89" CC="032000"/>
						<SP ID="P27_SP00044" HPOS="967" VPOS="1318" WIDTH="16"/>
						<String ID="P27_ST00051" HPOS="983" VPOS="1271" WIDTH="25" HEIGHT="30" CONTENT="al" WC="0.86" CC="02"/>
						<SP ID="P27_SP00045" HPOS="1008" VPOS="1318" WIDTH="20"/>
						<String ID="P27_ST00052" HPOS="1028" VPOS="1270" WIDTH="84" HEIGHT="31" CONTENT="asalto" WC="0.64" CC="502074"/>
					</TextLine>
					<TextLine ID="P27_TL00007" HPOS="125" VPOS="1315" WIDTH="985" HEIGHT="56">
						<String ID="P27_ST00053" HPOS="125" VPOS="1317" WIDTH="74" HEIGHT="54" CONTENT="&lt;^&gt;" WC="0.46" CC="186"/>
						<SP ID="P27_SP00046" HPOS="199" VPOS="1371" WIDTH="62"/>
						<String ID="P27_ST00054" HPOS="261" VPOS="1315" WIDTH="70" HEIGHT="56" CONTENT="Uj" WC="0.38" CC="84"/>
						<SP ID="P27_SP00047" HPOS="331" VPOS="1371" WIDTH="27"/>
						<String ID="P27_ST00055" HPOS="358" VPOS="1317" WIDTH="72" HEIGHT="39" CONTENT="Sy" WC="0.47" CC="90"/>
						<SP ID="P27_SP00048" HPOS="430" VPOS="1371" WIDTH="48"/>
						<String ID="P27_ST00056" HPOS="478" VPOS="1336" WIDTH="52" HEIGHT="31" CONTENT="que" WC="0.75" CC="330"/>
						<SP ID="P27_SP00049" HPOS="530" VPOS="1371" WIDTH="12"/>
						<String ID="P27_ST00057" HPOS="542" VPOS="1336" WIDTH="28" HEIGHT="20" CONTENT="se" WC="0.97" CC="00"/>
						<SP ID="P27_SP00050" HPOS="570" VPOS="1371" WIDTH="16"/>
						<String ID="P27_ST00058" HPOS="586" VPOS="1325" WIDTH="25" HEIGHT="30" CONTENT="le" WC="1.00" CC="00"/>
						<SP ID="P27_SP00051" HPOS="611" VPOS="1371" WIDTH="15"/>
						<String ID="P27_ST00059" HPOS="626" VPOS="1325" WIDTH="44" HEIGHT="30" CONTENT="iba" WC="0.97" CC="000"/>
						<SP ID="P27_SP00052" HPOS="670" VPOS="1371" WIDTH="13"/>
						<String ID="P27_ST00060" HPOS="683" VPOS="1325" WIDTH="13" HEIGHT="30" CONTENT="á" WC="0.58" CC="4"/>
						<SP ID="P27_SP00053" HPOS="696" VPOS="1371" WIDTH="13"/>
						<String ID="P27_ST00061" HPOS="709" VPOS="1325" WIDTH="47" HEIGHT="30" CONTENT="dar" WC="0.72" CC="080"/>
						<SP ID="P27_SP00054" HPOS="756" VPOS="1371" WIDTH="12"/>
						<String ID="P27_ST00062" HPOS="768" VPOS="1324" WIDTH="116" HEIGHT="40" CONTENT="después" WC="0.93" CC="0000500"/>
						<SP ID="P27_SP00055" HPOS="884" VPOS="1371" WIDTH="23"/>
						<String ID="P27_ST00063" HPOS="907" VPOS="1324" WIDTH="43" HEIGHT="29" CONTENT="del" WC="1.00" CC="000"/>
						<SP ID="P27_SP00056" HPOS="950" VPOS="1371" WIDTH="27"/>
						<String ID="P27_ST00064" HPOS="977" VPOS="1323" WIDTH="133" HEIGHT="30" CONTENT="bombar-" WC="0.63" CC="3665030"/>
					</TextLine>
					<TextLine ID="P27_TL00008" HPOS="135" VPOS="1368" WIDTH="976" HEIGHT="56">
						<String ID="P27_ST00065" HPOS="135" VPOS="1392" WIDTH="54" HEIGHT="32" CONTENT="yj" WC="0.57" CC="16"/>
						<SP ID="P27_SP00057" HPOS="189" VPOS="1424" WIDTH="35"/>
						<String ID="P27_ST00066" HPOS="224" VPOS="1368" WIDTH="11" HEIGHT="56" CONTENT="\" WC="0.01" CC="9"/>
						<SP ID="P27_SP00058" HPOS="235" VPOS="1424" WIDTH="85"/>
						<String ID="P27_ST00067" HPOS="320" VPOS="1401" WIDTH="10" HEIGHT="23" CONTENT="&gt;" WC="0.31" CC="6"/>
						<SP ID="P27_SP00059" HPOS="330" VPOS="1424" WIDTH="36"/>
						<String ID="P27_ST00068" HPOS="366" VPOS="1368" WIDTH="54" HEIGHT="56" CONTENT="y)" WC="0.09" CC="98"/>
						<SP ID="P27_SP00060" HPOS="420" VPOS="1424" WIDTH="136"/>
						<String ID="P27_ST00069" HPOS="556" VPOS="1380" WIDTH="46" HEIGHT="28" CONTENT="*^s'" WC="0.58" CC="0826"/>
						<String ID="P27_ST00070" HPOS="618" VPOS="1388" WIDTH="29" HEIGHT="20" CONTENT="es" WC="1.00" CC="00"/>
						<SP ID="P27_SP00061" HPOS="647" VPOS="1424" WIDTH="16"/>
						<String ID="P27_ST00071" HPOS="663" VPOS="1388" WIDTH="52" HEIGHT="31" CONTENT="(iue" WC="0.83" CC="6000"/>
						<SP ID="P27_SP00062" HPOS="715" VPOS="1424" WIDTH="17"/>
						<String ID="P27_ST00072" HPOS="732" VPOS="1383" WIDTH="70" HEIGHT="25" CONTENT="tanl°" WC="0.50" CC="71538"/>
						<SP ID="P27_SP00063" HPOS="802" VPOS="1424" WIDTH="16"/>
						<String ID="P27_ST00073" HPOS="818" VPOS="1377" WIDTH="117" HEIGHT="30" CONTENT="°fic'a'es" WC="0.64" CC="844040406"/>
						<SP ID="P27_SP00064" HPOS="935" VPOS="1424" WIDTH="21"/>
						<String ID="P27_ST00074" HPOS="956" VPOS="1387" WIDTH="76" HEIGHT="21" CONTENT="com°" WC="0.55" CC="0664"/>
						<SP ID="P27_SP00065" HPOS="1032" VPOS="1424" WIDTH="16"/>
						<String ID="P27_ST00075" HPOS="1048" VPOS="1376" WIDTH="63" HEIGHT="31" CONTENT="s°'~" WC="0.58" CC="0843"/>
					</TextLine>
					<TextLine ID="P27_TL00009" HPOS="127" VPOS="1419" WIDTH="983" HEIGHT="48">
						<String ID="P27_ST00076" HPOS="127" VPOS="1419" WIDTH="72" HEIGHT="48" CONTENT="&lt;^&gt;" WC="0.49" CC="087"/>
						<SP ID="P27_SP00066" HPOS="199" VPOS="1467" WIDTH="22"/>
						<String ID="P27_ST00077" HPOS="221" VPOS="1424" WIDTH="110" HEIGHT="23" CONTENT="„ww0" WC="0.13" CC="7997"/>
						<SP ID="P27_SP00067" HPOS="331" VPOS="1467" WIDTH="25"/>
						<String ID="P27_ST00078" HPOS="356" VPOS="1419" WIDTH="73" HEIGHT="34" CONTENT="yy" WC="0.45" CC="90"/>
						<SP ID="P27_SP00068" HPOS="429" VPOS="1467" WIDTH="47"/>
						<String ID="P27_ST00079" HPOS="476" VPOS="1432" WIDTH="83" HEIGHT="31" CONTENT="Jados" WC="0.22" CC="77877"/>
						<SP ID="P27_SP00069" HPOS="559" VPOS="1467" WIDTH="16"/>
						<String ID="P27_ST00080" HPOS="575" VPOS="1431" WIDTH="62" HEIGHT="30" CONTENT="iban" WC="0.45" CC="7716"/>
						<SP ID="P27_SP00070" HPOS="637" VPOS="1467" WIDTH="17"/>
						<String ID="P27_ST00081" HPOS="654" VPOS="1431" WIDTH="14" HEIGHT="30" CONTENT="á" WC="0.57" CC="4"/>
						<SP ID="P27_SP00071" HPOS="668" VPOS="1467" WIDTH="13"/>
						<String ID="P27_ST00082" HPOS="681" VPOS="1430" WIDTH="84" HEIGHT="30" CONTENT="bordo" WC="0.74" CC="24600"/>
						<SP ID="P27_SP00072" HPOS="765" VPOS="1467" WIDTH="23"/>
						<String ID="P27_ST00083" HPOS="788" VPOS="1435" WIDTH="165" HEIGHT="25" CONTENT="sumamente" WC="0.81" CC="600300700"/>
						<SP ID="P27_SP00073" HPOS="953" VPOS="1467" WIDTH="21"/>
						<String ID="P27_ST00084" HPOS="974" VPOS="1429" WIDTH="136" HEIGHT="31" CONTENT="confiados" WC="0.86" CC="050002020"/>
					</TextLine>
					<TextLine ID="P27_TL00010" HPOS="99" VPOS="1474" WIDTH="1008" HEIGHT="56">
						<String ID="P27_ST00085" HPOS="99" VPOS="1474" WIDTH="356" HEIGHT="56" CONTENT="(y^^^y&gt;&gt;yyy)" WC="0.48" CC="098881661910"/>
						<SP ID="P27_SP00074" HPOS="455" VPOS="1530" WIDTH="20"/>
						<String ID="P27_ST00086" HPOS="475" VPOS="1485" WIDTH="34" HEIGHT="30" CONTENT="de" WC="1.00" CC="00"/>
						<SP ID="P27_SP00075" HPOS="509" VPOS="1530" WIDTH="16"/>
						<String ID="P27_ST00087" HPOS="525" VPOS="1484" WIDTH="114" HEIGHT="42" CONTENT="poderse" WC="0.79" CC="0500034"/>
						<SP ID="P27_SP00076" HPOS="639" VPOS="1530" WIDTH="12"/>
						<String ID="P27_ST00088" HPOS="651" VPOS="1484" WIDTH="124" HEIGHT="40" CONTENT="albergar" WC="0.80" CC="00500900"/>
						<SP ID="P27_SP00077" HPOS="775" VPOS="1530" WIDTH="15"/>
						<String ID="P27_ST00089" HPOS="790" VPOS="1484" WIDTH="15" HEIGHT="29" CONTENT="á" WC="1.00" CC="0"/>
						<SP ID="P27_SP00078" HPOS="805" VPOS="1530" WIDTH="16"/>
						<String ID="P27_ST00090" HPOS="821" VPOS="1494" WIDTH="31" HEIGHT="19" CONTENT="su" WC="0.36" CC="57"/>
						<SP ID="P27_SP00079" HPOS="852" VPOS="1530" WIDTH="14"/>
						<String ID="P27_ST00091" HPOS="866" VPOS="1483" WIDTH="105" HEIGHT="41" CONTENT="llegada" WC="0.73" CC="6600006"/>
						<SP ID="P27_SP00080" HPOS="971" VPOS="1530" WIDTH="12"/>
						<String ID="P27_ST00092" HPOS="983" VPOS="1484" WIDTH="13" HEIGHT="29" CONTENT="á" WC="0.34" CC="6"/>
						<SP ID="P27_SP00081" HPOS="996" VPOS="1530" WIDTH="14"/>
						<String ID="P27_ST00093" HPOS="1010" VPOS="1483" WIDTH="24" HEIGHT="30" CONTENT="la" WC="0.82" CC="30"/>
						<SP ID="P27_SP00082" HPOS="1034" VPOS="1530" WIDTH="13"/>
						<String ID="P27_ST00094" HPOS="1047" VPOS="1483" WIDTH="60" HEIGHT="30" CONTENT="Cri-" WC="0.82" CC="2220"/>
					</TextLine>
					<TextLine ID="P27_TL00011" HPOS="127" VPOS="1530" WIDTH="979" HEIGHT="47">
						<String ID="P27_ST00095" HPOS="127" VPOS="1530" WIDTH="63" HEIGHT="40" CONTENT="\2/" WC="0.09" CC="889"/>
						<SP ID="P27_SP00083" HPOS="190" VPOS="1570" WIDTH="147"/>
						<String ID="P27_ST00096" HPOS="337" VPOS="1530" WIDTH="84" HEIGHT="40" CONTENT="yy" WC="0.87" CC="11"/>
						<SP ID="P27_SP00084" HPOS="421" VPOS="1570" WIDTH="54"/>
						<String ID="P27_ST00097" HPOS="475" VPOS="1548" WIDTH="58" HEIGHT="20" CONTENT="mea" WC="0.52" CC="905"/>
						<SP ID="P27_SP00085" HPOS="533" VPOS="1570" WIDTH="14"/>
						<String ID="P27_ST00098" HPOS="547" VPOS="1538" WIDTH="93" HEIGHT="30" CONTENT="dentro" WC="0.58" CC="007493"/>
						<SP ID="P27_SP00086" HPOS="640" VPOS="1570" WIDTH="16"/>
						<String ID="P27_ST00099" HPOS="656" VPOS="1537" WIDTH="39" HEIGHT="31" CONTENT="las" WC="0.81" CC="005"/>
						<SP ID="P27_SP00087" HPOS="695" VPOS="1570" WIDTH="16"/>
						<String ID="P27_ST00100" HPOS="711" VPOS="1535" WIDTH="126" HEIGHT="32" CONTENT="murallas" WC="0.79" CC="55200003"/>
						<SP ID="P27_SP00088" HPOS="837" VPOS="1570" WIDTH="13"/>
						<String ID="P27_ST00101" HPOS="850" VPOS="1535" WIDTH="33" HEIGHT="31" CONTENT="de" WC="1.00" CC="00"/>
						<SP ID="P27_SP00089" HPOS="883" VPOS="1570" WIDTH="16"/>
						<String ID="P27_ST00102" HPOS="899" VPOS="1536" WIDTH="105" HEIGHT="41" CONTENT="aquella" WC="0.92" CC="0050000"/>
						<SP ID="P27_SP00090" HPOS="1004" VPOS="1577" WIDTH="16"/>
						<String ID="P27_ST00103" HPOS="1020" VPOS="1536" WIDTH="86" HEIGHT="41" CONTENT="plaza." WC="0.84" CC="004310"/>
					</TextLine>
					<TextLine ID="P27_TL00012" HPOS="132" VPOS="1585" WIDTH="977" HEIGHT="44">
						<String ID="P27_ST00104" HPOS="132" VPOS="1589" WIDTH="112" HEIGHT="40" CONTENT="¡Pobres" WC="0.77" CC="0053205"/>
						<SP ID="P27_SP00091" HPOS="244" VPOS="1629" WIDTH="11"/>
						<String ID="P27_ST00105" HPOS="255" VPOS="1589" WIDTH="129" HEIGHT="30" CONTENT="militares" WC="0.75" CC="740050103"/>
						<SP ID="P27_SP00092" HPOS="384" VPOS="1629" WIDTH="12"/>
						<String ID="P27_ST00106" HPOS="396" VPOS="1590" WIDTH="5" HEIGHT="28" CONTENT="!" WC="0.81" CC="1"/>
						<SP ID="P27_SP00093" HPOS="401" VPOS="1629" WIDTH="16"/>
						<String ID="P27_ST00107" HPOS="417" VPOS="1588" WIDTH="97" HEIGHT="40" CONTENT="¡Quién" WC="0.72" CC="064301"/>
						<SP ID="P27_SP00094" HPOS="514" VPOS="1629" WIDTH="16"/>
						<String ID="P27_ST00108" HPOS="530" VPOS="1588" WIDTH="39" HEIGHT="30" CONTENT="les" WC="0.87" CC="003"/>
						<SP ID="P27_SP00095" HPOS="569" VPOS="1629" WIDTH="12"/>
						<String ID="P27_ST00109" HPOS="581" VPOS="1586" WIDTH="82" HEIGHT="41" CONTENT="dijera" WC="1.00" CC="000000"/>
						<SP ID="P27_SP00096" HPOS="663" VPOS="1629" WIDTH="18"/>
						<String ID="P27_ST00110" HPOS="681" VPOS="1596" WIDTH="52" HEIGHT="32" CONTENT="que" WC="1.00" CC="000"/>
						<SP ID="P27_SP00097" HPOS="733" VPOS="1629" WIDTH="16"/>
						<String ID="P27_ST00111" HPOS="749" VPOS="1585" WIDTH="75" HEIGHT="31" CONTENT="todos" WC="0.67" CC="63042"/>
						<SP ID="P27_SP00098" HPOS="824" VPOS="1629" WIDTH="17"/>
						<String ID="P27_ST00112" HPOS="841" VPOS="1585" WIDTH="97" HEIGHT="30" CONTENT="habían" WC="0.72" CC="730005"/>
						<SP ID="P27_SP00099" HPOS="938" VPOS="1629" WIDTH="16"/>
						<String ID="P27_ST00113" HPOS="954" VPOS="1585" WIDTH="33" HEIGHT="30" CONTENT="de" WC="1.00" CC="00"/>
						<SP ID="P27_SP00100" HPOS="987" VPOS="1629" WIDTH="16"/>
						<String ID="P27_ST00114" HPOS="1003" VPOS="1595" WIDTH="106" HEIGHT="20" CONTENT="encon" SUBS_TYPE="HypPart1" SUBS_CONTENT="encontrarse" WC="0.75" CC="130630"/>
						<HYP CONTENT="-"/>
					</TextLine>
					<TextLine ID="P27_TL00013" HPOS="88" VPOS="1642" WIDTH="1022" HEIGHT="42">
						<String ID="P27_ST00115" HPOS="88" VPOS="1653" WIDTH="83" HEIGHT="26" CONTENT="trarse" SUBS_TYPE="HypPart2" SUBS_CONTENT="encontrarse" WC="0.90" CC="302000"/>
						<SP ID="P27_SP00101" HPOS="171" VPOS="1679" WIDTH="12"/>
						<String ID="P27_ST00116" HPOS="183" VPOS="1657" WIDTH="49" HEIGHT="21" CONTENT="con" WC="0.60" CC="056"/>
						<SP ID="P27_SP00102" HPOS="232" VPOS="1679" WIDTH="22"/>
						<String ID="P27_ST00117" HPOS="254" VPOS="1656" WIDTH="51" HEIGHT="21" CONTENT="una" WC="0.75" CC="060"/>
						<SP ID="P27_SP00103" HPOS="305" VPOS="1679" WIDTH="16"/>
						<String ID="P27_ST00118" HPOS="321" VPOS="1647" WIDTH="97" HEIGHT="30" CONTENT="mísera" WC="0.81" CC="053020"/>
						<SP ID="P27_SP00104" HPOS="418" VPOS="1679" WIDTH="17"/>
						<String ID="P27_ST00119" HPOS="435" VPOS="1645" WIDTH="101" HEIGHT="37" CONTENT="tumba," WC="0.83" CC="005400"/>
						<SP ID="P27_SP00105" HPOS="536" VPOS="1682" WIDTH="19"/>
						<String ID="P27_ST00120" HPOS="555" VPOS="1650" WIDTH="74" HEIGHT="24" CONTENT="antes" WC="0.66" CC="27600"/>
						<SP ID="P27_SP00106" HPOS="629" VPOS="1682" WIDTH="17"/>
						<String ID="P27_ST00121" HPOS="646" VPOS="1654" WIDTH="52" HEIGHT="30" CONTENT="que" WC="0.75" CC="070"/>
						<SP ID="P27_SP00107" HPOS="698" VPOS="1684" WIDTH="16"/>
						<String ID="P27_ST00122" HPOS="714" VPOS="1643" WIDTH="38" HEIGHT="30" CONTENT="las" WC="0.95" CC="001"/>
						<SP ID="P27_SP00108" HPOS="752" VPOS="1684" WIDTH="16"/>
						<String ID="P27_ST00123" HPOS="768" VPOS="1643" WIDTH="104" HEIGHT="41" CONTENT="águilas" WC="0.77" CC="2720002"/>
						<SP ID="P27_SP00109" HPOS="872" VPOS="1684" WIDTH="16"/>
						<String ID="P27_ST00124" HPOS="888" VPOS="1642" WIDTH="152" HEIGHT="42" CONTENT="imperiales" WC="0.66" CC="5700903105"/>
						<SP ID="P27_SP00110" HPOS="1040" VPOS="1684" WIDTH="16"/>
						<String ID="P27_ST00125" HPOS="1056" VPOS="1652" WIDTH="54" HEIGHT="21" CONTENT="co" SUBS_TYPE="HypPart1" SUBS_CONTENT="cobijasen" WC="0.78" CC="060"/>
						<HYP CONTENT="-"/>
					</TextLine>
					<TextLine ID="P27_TL00014" HPOS="85" VPOS="1698" WIDTH="1026" HEIGHT="47">
						<String ID="P27_ST00126" HPOS="85" VPOS="1704" WIDTH="105" HEIGHT="41" CONTENT="bijasen" SUBS_TYPE="HypPart2" SUBS_CONTENT="cobijasen" WC="0.73" CC="7003411"/>
						<SP ID="P27_SP00111" HPOS="190" VPOS="1745" WIDTH="16"/>
						<String ID="P27_ST00127" HPOS="206" VPOS="1714" WIDTH="49" HEIGHT="20" CONTENT="con" WC="0.63" CC="037"/>
						<SP ID="P27_SP00112" HPOS="255" VPOS="1745" WIDTH="16"/>
						<String ID="P27_ST00128" HPOS="271" VPOS="1714" WIDTH="45" HEIGHT="20" CONTENT="sus" WC="0.70" CC="044"/>
						<SP ID="P27_SP00113" HPOS="316" VPOS="1745" WIDTH="16"/>
						<String ID="P27_ST00129" HPOS="332" VPOS="1703" WIDTH="55" HEIGHT="31" CONTENT="alas" WC="0.81" CC="4020"/>
						<SP ID="P27_SP00114" HPOS="387" VPOS="1745" WIDTH="16"/>
						<String ID="P27_ST00130" HPOS="403" VPOS="1701" WIDTH="122" HEIGHT="43" CONTENT="aquellas" WC="0.91" CC="00400002"/>
						<SP ID="P27_SP00115" HPOS="525" VPOS="1745" WIDTH="26"/>
						<String ID="P27_ST00131" HPOS="551" VPOS="1701" WIDTH="217" HEIGHT="30" CONTENT="fortificaciones!" WC="0.75" CC="4006400060026800"/>
						<SP ID="P27_SP00116" HPOS="768" VPOS="1745" WIDTH="22"/>
						<String ID="P27_ST00132" HPOS="790" VPOS="1700" WIDTH="22" HEIGHT="29" CONTENT="A" WC="1.00" CC="0"/>
						<SP ID="P27_SP00117" HPOS="812" VPOS="1745" WIDTH="16"/>
						<String ID="P27_ST00133" HPOS="828" VPOS="1699" WIDTH="39" HEIGHT="29" CONTENT="los" WC="0.91" CC="020"/>
						<SP ID="P27_SP00118" HPOS="867" VPOS="1745" WIDTH="27"/>
						<String ID="P27_ST00134" HPOS="894" VPOS="1698" WIDTH="47" HEIGHT="30" CONTENT="dos" WC="0.35" CC="944"/>
						<SP ID="P27_SP00119" HPOS="941" VPOS="1745" WIDTH="23"/>
						<String ID="P27_ST00135" HPOS="964" VPOS="1709" WIDTH="86" HEIGHT="20" CONTENT="meses" WC="0.77" CC="50320"/>
						<SP ID="P27_SP00120" HPOS="1050" VPOS="1745" WIDTH="27"/>
						<String ID="P27_ST00136" HPOS="1077" VPOS="1708" WIDTH="34" HEIGHT="32" CONTENT="ya" WC="1.00" CC="00"/>
					</TextLine>
					<TextLine ID="P27_TL00015" HPOS="86" VPOS="1756" WIDTH="1023" HEIGHT="41">
						<String ID="P27_ST00137" HPOS="86" VPOS="1761" WIDTH="98" HEIGHT="31" CONTENT="habían" WC="0.53" CC="714427"/>
						<SP ID="P27_SP00121" HPOS="184" VPOS="1792" WIDTH="16"/>
						<String ID="P27_ST00138" HPOS="200" VPOS="1759" WIDTH="159" HEIGHT="32" CONTENT="sucumbido" WC="0.81" CC="002142500"/>
						<SP ID="P27_SP00122" HPOS="359" VPOS="1792" WIDTH="16"/>
						<String ID="P27_ST00139" HPOS="375" VPOS="1769" WIDTH="57" HEIGHT="20" CONTENT="mas" WC="0.97" CC="000"/>
						<SP ID="P27_SP00123" HPOS="432" VPOS="1792" WIDTH="13"/>
						<String ID="P27_ST00140" HPOS="445" VPOS="1758" WIDTH="33" HEIGHT="31" CONTENT="de" WC="1.00" CC="00"/>
						<SP ID="P27_SP00124" HPOS="478" VPOS="1792" WIDTH="16"/>
						<String ID="P27_ST00141" HPOS="494" VPOS="1758" WIDTH="24" HEIGHT="30" CONTENT="la" WC="0.51" CC="54"/>
						<SP ID="P27_SP00125" HPOS="518" VPOS="1792" WIDTH="16"/>
						<String ID="P27_ST00142" HPOS="534" VPOS="1756" WIDTH="81" HEIGHT="32" CONTENT="milad" WC="0.83" CC="80000"/>
						<SP ID="P27_SP00126" HPOS="615" VPOS="1792" WIDTH="16"/>
						<String ID="P27_ST00143" HPOS="631" VPOS="1757" WIDTH="33" HEIGHT="30" CONTENT="de" WC="1.00" CC="00"/>
						<SP ID="P27_SP00127" HPOS="664" VPOS="1792" WIDTH="24"/>
						<String ID="P27_ST00144" HPOS="688" VPOS="1756" WIDTH="78" HEIGHT="37" CONTENT="ellos," WC="0.57" CC="152563"/>
						<SP ID="P27_SP00128" HPOS="766" VPOS="1793" WIDTH="16"/>
						<String ID="P27_ST00145" HPOS="782" VPOS="1767" WIDTH="16" HEIGHT="30" CONTENT="y" WC="1.00" CC="0"/>
						<SP ID="P27_SP00129" HPOS="798" VPOS="1797" WIDTH="12"/>
						<String ID="P27_ST00146" HPOS="810" VPOS="1767" WIDTH="47" HEIGHT="30" CONTENT="por" WC="0.84" CC="022"/>
						<SP ID="P27_SP00130" HPOS="857" VPOS="1797" WIDTH="15"/>
						<String ID="P27_ST00147" HPOS="872" VPOS="1756" WIDTH="93" HEIGHT="30" CONTENT="último" WC="0.65" CC="500068"/>
						<SP ID="P27_SP00131" HPOS="965" VPOS="1797" WIDTH="24"/>
						<String ID="P27_ST00148" HPOS="989" VPOS="1756" WIDTH="120" HEIGHT="41" CONTENT="supimos" WC="0.77" CC="2100532"/>
					</TextLine>
					<TextLine ID="P27_TL00016" HPOS="87" VPOS="1812" WIDTH="1022" HEIGHT="47">
						<String ID="P27_ST00149" HPOS="87" VPOS="1828" WIDTH="53" HEIGHT="31" CONTENT="que" WC="0.80" CC="230"/>
						<SP ID="P27_SP00132" HPOS="140" VPOS="1859" WIDTH="15"/>
						<String ID="P27_ST00150" HPOS="155" VPOS="1828" WIDTH="33" HEIGHT="20" CONTENT="no" WC="0.33" CC="75"/>
						<SP ID="P27_SP00133" HPOS="188" VPOS="1859" WIDTH="13"/>
						<String ID="P27_ST00151" HPOS="201" VPOS="1817" WIDTH="122" HEIGHT="42" CONTENT="quedaba" WC="0.80" CC="0410170"/>
						<SP ID="P27_SP00134" HPOS="323" VPOS="1859" WIDTH="12"/>
						<String ID="P27_ST00152" HPOS="335" VPOS="1817" WIDTH="25" HEIGHT="29" CONTENT="ni" WC="0.65" CC="70"/>
						<SP ID="P27_SP00135" HPOS="360" VPOS="1859" WIDTH="16"/>
						<String ID="P27_ST00153" HPOS="376" VPOS="1826" WIDTH="52" HEIGHT="20" CONTENT="uno" WC="0.45" CC="474"/>
						<SP ID="P27_SP00136" HPOS="428" VPOS="1859" WIDTH="16"/>
						<String ID="P27_ST00154" HPOS="444" VPOS="1815" WIDTH="73" HEIGHT="30" CONTENT="vivo." WC="0.75" CC="02440"/>
						<SP ID="P27_SP00137" HPOS="517" VPOS="1859" WIDTH="19"/>
						<String ID="P27_ST00155" HPOS="536" VPOS="1816" WIDTH="116" HEIGHT="29" CONTENT="Tocante" WC="0.82" CC="6400001"/>
						<SP ID="P27_SP00138" HPOS="652" VPOS="1859" WIDTH="11"/>
						<String ID="P27_ST00156" HPOS="663" VPOS="1815" WIDTH="13" HEIGHT="29" CONTENT="á" WC="0.74" CC="2"/>
						<SP ID="P27_SP00139" HPOS="676" VPOS="1859" WIDTH="12"/>
						<String ID="P27_ST00157" HPOS="688" VPOS="1814" WIDTH="24" HEIGHT="30" CONTENT="la" WC="0.81" CC="30"/>
						<SP ID="P27_SP00140" HPOS="712" VPOS="1859" WIDTH="11"/>
						<String ID="P27_ST00158" HPOS="723" VPOS="1818" WIDTH="103" HEIGHT="26" CONTENT="muerte" WC="0.90" CC="000060"/>
						<SP ID="P27_SP00141" HPOS="826" VPOS="1859" WIDTH="13"/>
						<String ID="P27_ST00159" HPOS="839" VPOS="1812" WIDTH="33" HEIGHT="31" CONTENT="de" WC="0.64" CC="07"/>
						<SP ID="P27_SP00142" HPOS="872" VPOS="1859" WIDTH="13"/>
						<String ID="P27_ST00160" HPOS="885" VPOS="1812" WIDTH="39" HEIGHT="31" CONTENT="los" WC="0.85" CC="004"/>
						<SP ID="P27_SP00143" HPOS="924" VPOS="1859" WIDTH="16"/>
						<String ID="P27_ST00161" HPOS="940" VPOS="1812" WIDTH="129" HEIGHT="37" CONTENT="oficiales," WC="0.85" CC="0000035140"/>
						<SP ID="P27_SP00144" HPOS="1069" VPOS="1859" WIDTH="16"/>
						<String ID="P27_ST00162" HPOS="1085" VPOS="1812" WIDTH="24" HEIGHT="31" CONTENT="la" WC="0.89" CC="20"/>
					</TextLine>
					<TextLine ID="P27_TL00017" HPOS="86" VPOS="1869" WIDTH="1024" HEIGHT="47">
						<String ID="P27_ST00163" HPOS="86" VPOS="1885" WIDTH="53" HEIGHT="31" CONTENT="que" WC="0.80" CC="320"/>
						<SP ID="P27_SP00145" HPOS="139" VPOS="1916" WIDTH="16"/>
						<String ID="P27_ST00164" HPOS="155" VPOS="1884" WIDTH="47" HEIGHT="21" CONTENT="nos" WC="0.48" CC="735"/>
						<SP ID="P27_SP00146" HPOS="202" VPOS="1916" WIDTH="15"/>
						<String ID="P27_ST00165" HPOS="217" VPOS="1872" WIDTH="140" HEIGHT="33" CONTENT="conmovió" WC="0.67" CC="04570043"/>
						<SP ID="P27_SP00147" HPOS="357" VPOS="1916" WIDTH="12"/>
						<String ID="P27_ST00166" HPOS="369" VPOS="1882" WIDTH="56" HEIGHT="21" CONTENT="mas" WC="0.70" CC="800"/>
						<SP ID="P27_SP00148" HPOS="425" VPOS="1916" WIDTH="16"/>
						<String ID="P27_ST00167" HPOS="441" VPOS="1871" WIDTH="55" HEIGHT="37" CONTENT="fué," WC="0.82" CC="0700"/>
						<SP ID="P27_SP00149" HPOS="496" VPOS="1916" WIDTH="15"/>
						<String ID="P27_ST00168" HPOS="511" VPOS="1872" WIDTH="25" HEIGHT="30" CONTENT="la" WC="1.00" CC="00"/>
						<SP ID="P27_SP00150" HPOS="536" VPOS="1916" WIDTH="13"/>
						<String ID="P27_ST00169" HPOS="549" VPOS="1871" WIDTH="43" HEIGHT="31" CONTENT="del" WC="0.52" CC="643"/>
						<SP ID="P27_SP00151" HPOS="592" VPOS="1916" WIDTH="13"/>
						<String ID="P27_ST00170" HPOS="605" VPOS="1871" WIDTH="105" HEIGHT="41" CONTENT="capitán" WC="0.84" CC="0004023"/>
						<SP ID="P27_SP00152" HPOS="710" VPOS="1916" WIDTH="13"/>
						<String ID="P27_ST00171" HPOS="723" VPOS="1872" WIDTH="89" HEIGHT="35" CONTENT="Metts;" WC="0.57" CC="604742"/>
						<SP ID="P27_SP00153" HPOS="812" VPOS="1916" WIDTH="18"/>
						<String ID="P27_ST00172" HPOS="830" VPOS="1869" WIDTH="111" HEIGHT="31" CONTENT="hombre" WC="0.71" CC="606030"/>
						<SP ID="P27_SP00154" HPOS="941" VPOS="1916" WIDTH="12"/>
						<String ID="P27_ST00173" HPOS="953" VPOS="1875" WIDTH="42" HEIGHT="25" CONTENT="tan" WC="0.78" CC="320"/>
						<SP ID="P27_SP00155" HPOS="995" VPOS="1916" WIDTH="14"/>
						<String ID="P27_ST00174" HPOS="1009" VPOS="1869" WIDTH="101" HEIGHT="31" CONTENT="diver-" WC="0.71" CC="008044"/>
					</TextLine>
				</TextBlock>
			</PrintSpace>
		</Page>
	</Layout>
</alto>
