<?xml version="1.0" encoding="UTF-8"?>
<alto xmlns:xsi="http://www.w3.org/2001/XMLSchema-instance" xsi:noNamespaceSchemaLocation="http://www.bl.uk/schemas/alto/alto-1-4.xsd" xmlns:xlink="http://www.w3.org/1999/xlink">
	<Description>
		<MeasurementUnit>mm10</MeasurementUnit>
		<sourceImageInformation>
			<fileName>//head1/IN/2008-26/A0011736599/009173.jp2</fileName>
		</sourceImageInformation>
		<OCRProcessing ID="OCRPROCESSING_1">
			<preProcessingStep>
				<processingSoftware>
					<softwareCreator>CCS Content Conversion Specialists GmbH, Germany</softwareCreator>
					<softwareName>CCS docWORKS</softwareName>
					<softwareVersion>6.1-0.67</softwareVersion>
				</processingSoftware>
			</preProcessingStep>
			<ocrProcessingStep>
				<processingSoftware>
					<softwareCreator>ABBYY (BIT Software), Russia</softwareCreator>
					<softwareName>Finereader</softwareName>
				</processingSoftware>
			</ocrProcessingStep>
		</OCRProcessing>
	</Description>
	<Styles>
		<TextStyle ID="TXT_0" FONTSIZE="11" FONTFAMILY="Courier New"/>
		<TextStyle ID="TXT_1" FONTSIZE="10" FONTFAMILY="Courier New"/>
		<ParagraphStyle ID="PAR_CENTER" ALIGN="Center"/>
		<ParagraphStyle ID="PAR_LEFT" ALIGN="Left"/>
		<ParagraphStyle ID="PAR_RIGHT" ALIGN="Right"/>
	</Styles>
	<Layout>
		<Page ID="P121" PHYSICAL_IMG_NR="121" HEIGHT="2180" WIDTH="1241" POSITION="Right" ACCURACY="63.65">
			<TopMargin ID="P121_TM00001" HPOS="0" VPOS="0" WIDTH="1241" HEIGHT="143"/>
			<LeftMargin ID="P121_LM00001" HPOS="0" VPOS="143" WIDTH="72" HEIGHT="1813"/>
			<RightMargin ID="P121_RM00001" HPOS="1102" VPOS="143" WIDTH="139" HEIGHT="1813"/>
			<BottomMargin ID="P121_BM00001" HPOS="0" VPOS="1956" WIDTH="1241" HEIGHT="224"/>
			<PrintSpace ID="P121_PS00001" HPOS="72" VPOS="143" WIDTH="1031" HEIGHT="1813">
				<TextBlock ID="P121_TB00001" HPOS="72" VPOS="143" WIDTH="1030" HEIGHT="40" STYLEREFS="TXT_0 PAR_CENTER">
					<TextLine ID="P121_TL00001" HPOS="73" VPOS="144" WIDTH="1029" HEIGHT="39">
						<String ID="P121_ST00001" HPOS="73" VPOS="144" WIDTH="1029" HEIGHT="39" CONTENT="t^Mms^mmmmsmMmMffimttffimmsmm" WC="0.16" CC="88888879988788899987777797878"/>
					</TextLine>
				</TextBlock>
				<TextBlock ID="P121_TB00002" HPOS="347" VPOS="574" WIDTH="488" HEIGHT="55" STYLEREFS="TXT_1 PAR_CENTER">
					<TextLine ID="P121_TL00002" HPOS="348" VPOS="574" WIDTH="487" HEIGHT="55">
						<String ID="P121_ST00002" HPOS="348" VPOS="574" WIDTH="57" HEIGHT="52" CONTENT="3.a" WC="0.64" CC="307"/>
						<SP ID="P121_SP00001" HPOS="405" VPOS="626" WIDTH="25"/>
						<String ID="P121_ST00003" HPOS="430" VPOS="580" WIDTH="79" HEIGHT="47" CONTENT="VEZ" WC="0.76" CC="070"/>
						<SP ID="P121_SP00002" HPOS="509" VPOS="627" WIDTH="28"/>
						<String ID="P121_ST00004" HPOS="537" VPOS="581" WIDTH="54" HEIGHT="46" CONTENT="EN" WC="0.33" CC="67"/>
						<SP ID="P121_SP00003" HPOS="591" VPOS="627" WIDTH="25"/>
						<String ID="P121_ST00005" HPOS="616" VPOS="581" WIDTH="219" HEIGHT="48" CONTENT="KAMIESCH." WC="0.49" CC="305576763"/>
					</TextLine>
				</TextBlock>
				<TextBlock ID="P121_TB00003" HPOS="82" VPOS="999" WIDTH="1021" HEIGHT="535" STYLEREFS="TXT_1 PAR_LEFT">
					<TextLine ID="P121_TL00003" HPOS="124" VPOS="1003" WIDTH="975" HEIGHT="36">
						<String ID="P121_ST00006" HPOS="124" VPOS="1011" WIDTH="53" HEIGHT="27" CONTENT="/^\" WC="0.24" CC="489"/>
						<SP ID="P121_SP00004" HPOS="177" VPOS="1038" WIDTH="176"/>
						<String ID="P121_ST00007" HPOS="353" VPOS="1013" WIDTH="50" HEIGHT="25" CONTENT="YrY" WC="0.61" CC="181"/>
						<SP ID="P121_SP00005" HPOS="403" VPOS="1038" WIDTH="64"/>
						<String ID="P121_ST00008" HPOS="467" VPOS="1012" WIDTH="163" HEIGHT="21" CONTENT="resumiendo" WC="0.54" CC="6097030674"/>
						<SP ID="P121_SP00006" HPOS="630" VPOS="1038" WIDTH="18"/>
						<String ID="P121_ST00009" HPOS="648" VPOS="1008" WIDTH="72" HEIGHT="25" CONTENT="tener" WC="0.82" CC="00305"/>
						<SP ID="P121_SP00007" HPOS="720" VPOS="1038" WIDTH="13"/>
						<String ID="P121_ST00010" HPOS="733" VPOS="1014" WIDTH="52" HEIGHT="25" CONTENT="que" WC="0.64" CC="900"/>
						<SP ID="P121_SP00008" HPOS="785" VPOS="1039" WIDTH="17"/>
						<String ID="P121_ST00011" HPOS="802" VPOS="1013" WIDTH="77" HEIGHT="26" CONTENT="pasar" WC="0.30" CC="65759"/>
						<SP ID="P121_SP00009" HPOS="879" VPOS="1039" WIDTH="22"/>
						<String ID="P121_ST00012" HPOS="901" VPOS="1014" WIDTH="30" HEIGHT="19" CONTENT="en" WC="0.88" CC="10"/>
						<SP ID="P121_SP00010" HPOS="931" VPOS="1039" WIDTH="25"/>
						<String ID="P121_ST00013" HPOS="956" VPOS="1003" WIDTH="143" HEIGHT="30" CONTENT="Kamiesch" WC="0.75" CC="05000706"/>
					</TextLine>
					<TextLine ID="P121_TL00004" HPOS="96" VPOS="1033" WIDTH="525" HEIGHT="34">
						<String ID="P121_ST00014" HPOS="96" VPOS="1051" WIDTH="13" HEIGHT="8" CONTENT="-'" WC="0.47" CC="36"/>
						<String ID="P121_ST00015" HPOS="109" VPOS="1033" WIDTH="335" HEIGHT="34" CONTENT="YYy^-^\^-~j\s~Y^YS-^" WC="0.42" CC="10186888679496181168"/>
						<SP ID="P121_SP00011" HPOS="444" VPOS="1067" WIDTH="172"/>
						<String ID="P121_ST00016" HPOS="616" VPOS="1056" WIDTH="5" HEIGHT="5" CONTENT="." WC="0.92" CC="0"/>
					</TextLine>
					<TextLine ID="P121_TL00005" HPOS="88" VPOS="1055" WIDTH="1011" HEIGHT="37">
						<String ID="P121_ST00017" HPOS="88" VPOS="1064" WIDTH="26" HEIGHT="28" CONTENT="vC" WC="0.01" CC="99"/>
						<SP ID="P121_SP00012" HPOS="114" VPOS="1092" WIDTH="79"/>
						<String ID="P121_ST00018" HPOS="193" VPOS="1055" WIDTH="183" HEIGHT="37" CONTENT='&gt;&gt;&gt;oOv^C"' WC="0.21" CC="907799897"/>
						<SP ID="P121_SP00013" HPOS="376" VPOS="1092" WIDTH="45"/>
						<String ID="P121_ST00019" HPOS="421" VPOS="1055" WIDTH="26" HEIGHT="37" CONTENT="9)" WC="0.08" CC="98"/>
						<SP ID="P121_SP00014" HPOS="447" VPOS="1092" WIDTH="18"/>
						<String ID="P121_ST00020" HPOS="465" VPOS="1055" WIDTH="115" HEIGHT="37" CONTENT="algunos" WC="0.49" CC="5475552"/>
						<SP ID="P121_SP00015" HPOS="580" VPOS="1092" WIDTH="15"/>
						<String ID="P121_ST00021" HPOS="595" VPOS="1055" WIDTH="69" HEIGHT="37" CONTENT="dias," WC="1.00" CC="00000"/>
						<SP ID="P121_SP00016" HPOS="664" VPOS="1092" WIDTH="20"/>
						<String ID="P121_ST00022" HPOS="684" VPOS="1067" WIDTH="15" HEIGHT="21" CONTENT="v" WC="0.30" CC="6"/>
						<SP ID="P121_SP00017" HPOS="699" VPOS="1092" WIDTH="17"/>
						<String ID="P121_ST00023" HPOS="716" VPOS="1057" WIDTH="108" HEIGHT="30" CONTENT="eslanJo" WC="0.61" CC="2047380"/>
						<SP ID="P121_SP00018" HPOS="824" VPOS="1092" WIDTH="19"/>
						<String ID="P121_ST00024" HPOS="843" VPOS="1067" WIDTH="31" HEIGHT="20" CONTENT="en" WC="0.73" CC="05"/>
						<SP ID="P121_SP00019" HPOS="874" VPOS="1092" WIDTH="17"/>
						<String ID="P121_ST00025" HPOS="891" VPOS="1057" WIDTH="23" HEIGHT="29" CONTENT="el" WC="0.67" CC="23"/>
						<SP ID="P121_SP00020" HPOS="914" VPOS="1092" WIDTH="19"/>
						<String ID="P121_ST00026" HPOS="933" VPOS="1068" WIDTH="55" HEIGHT="18" CONTENT="mes" WC="0.45" CC="492"/>
						<SP ID="P121_SP00021" HPOS="988" VPOS="1092" WIDTH="15"/>
						<String ID="P121_ST00027" HPOS="1003" VPOS="1057" WIDTH="32" HEIGHT="29" CONTENT="de" WC="0.14" CC="97"/>
						<SP ID="P121_SP00022" HPOS="1035" VPOS="1092" WIDTH="17"/>
						<String ID="P121_ST00028" HPOS="1052" VPOS="1056" WIDTH="47" HEIGHT="31" CONTENT="fe-" WC="0.88" CC="300"/>
					</TextLine>
					<TextLine ID="P121_TL00006" HPOS="125" VPOS="1113" WIDTH="974" HEIGHT="37">
						<String ID="P121_ST00029" HPOS="125" VPOS="1113" WIDTH="54" HEIGHT="31" CONTENT="WJ" WC="0.19" CC="97"/>
						<SP ID="P121_SP00023" HPOS="179" VPOS="1144" WIDTH="34"/>
						<String ID="P121_ST00030" HPOS="213" VPOS="1135" WIDTH="92" HEIGHT="14" CONTENT="&gt;ww" WC="0.38" CC="467"/>
						<SP ID="P121_SP00024" HPOS="305" VPOS="1149" WIDTH="49"/>
						<String ID="P121_ST00031" HPOS="354" VPOS="1113" WIDTH="56" HEIGHT="30" CONTENT="w/" WC="0.01" CC="99"/>
						<SP ID="P121_SP00025" HPOS="410" VPOS="1149" WIDTH="56"/>
						<String ID="P121_ST00032" HPOS="466" VPOS="1113" WIDTH="79" HEIGHT="25" CONTENT="brero" WC="0.59" CC="56052"/>
						<SP ID="P121_SP00026" HPOS="545" VPOS="1149" WIDTH="13"/>
						<String ID="P121_ST00033" HPOS="558" VPOS="1120" WIDTH="51" HEIGHT="29" CONTENT="que" WC="0.55" CC="840"/>
						<SP ID="P121_SP00027" HPOS="609" VPOS="1149" WIDTH="25"/>
						<String ID="P121_ST00034" HPOS="634" VPOS="1115" WIDTH="41" HEIGHT="24" CONTENT="tan" WC="1.00" CC="000"/>
						<SP ID="P121_SP00028" HPOS="675" VPOS="1149" WIDTH="17"/>
						<String ID="P121_ST00035" HPOS="692" VPOS="1121" WIDTH="131" HEIGHT="28" CONTENT="propenso" WC="0.31" CC="93499664"/>
						<SP ID="P121_SP00029" HPOS="823" VPOS="1149" WIDTH="13"/>
						<String ID="P121_ST00036" HPOS="836" VPOS="1121" WIDTH="28" HEIGHT="18" CONTENT="es" WC="0.76" CC="04"/>
						<SP ID="P121_SP00030" HPOS="864" VPOS="1149" WIDTH="15"/>
						<String ID="P121_ST00037" HPOS="879" VPOS="1120" WIDTH="15" HEIGHT="19" CONTENT="a" WC="1.00" CC="0"/>
						<SP ID="P121_SP00031" HPOS="894" VPOS="1149" WIDTH="18"/>
						<String ID="P121_ST00038" HPOS="912" VPOS="1116" WIDTH="110" HEIGHT="34" CONTENT="tiempos" WC="0.74" CC="0007045"/>
						<SP ID="P121_SP00032" HPOS="1022" VPOS="1150" WIDTH="26"/>
						<String ID="P121_ST00039" HPOS="1048" VPOS="1120" WIDTH="51" HEIGHT="19" CONTENT="re-" WC="0.92" CC="002"/>
					</TextLine>
					<TextLine ID="P121_TL00007" HPOS="115" VPOS="1139" WIDTH="654" HEIGHT="36">
						<String ID="P121_ST00040" HPOS="115" VPOS="1139" WIDTH="74" HEIGHT="36" CONTENT="~yy" WC="0.71" CC="600"/>
						<SP ID="P121_SP00033" HPOS="189" VPOS="1175" WIDTH="25"/>
						<String ID="P121_ST00041" HPOS="214" VPOS="1160" WIDTH="10" HEIGHT="15" CONTENT="e" WC="0.86" CC="1"/>
						<SP ID="P121_SP00034" HPOS="224" VPOS="1175" WIDTH="86"/>
						<String ID="P121_ST00042" HPOS="310" VPOS="1151" WIDTH="11" HEIGHT="24" CONTENT="&lt;," WC="0.65" CC="33"/>
						<SP ID="P121_SP00035" HPOS="321" VPOS="1175" WIDTH="24"/>
						<String ID="P121_ST00043" HPOS="345" VPOS="1139" WIDTH="73" HEIGHT="36" CONTENT="yy" WC="0.92" CC="00"/>
						<SP ID="P121_SP00036" HPOS="418" VPOS="1175" WIDTH="102"/>
						<String ID="P121_ST00044" HPOS="520" VPOS="1164" WIDTH="6" HEIGHT="11" CONTENT="i" WC="0.35" CC="6"/>
						<SP ID="P121_SP00037" HPOS="526" VPOS="1175" WIDTH="237"/>
						<String ID="P121_ST00045" HPOS="763" VPOS="1164" WIDTH="6" HEIGHT="11" CONTENT="i" WC="0.28" CC="7"/>
					</TextLine>
					<TextLine ID="P121_TL00008" HPOS="124" VPOS="1167" WIDTH="975" HEIGHT="43">
						<String ID="P121_ST00046" HPOS="124" VPOS="1167" WIDTH="54" HEIGHT="43" CONTENT="(Yy" WC="0.43" CC="618"/>
						<SP ID="P121_SP00038" HPOS="178" VPOS="1210" WIDTH="37"/>
						<String ID="P121_ST00047" HPOS="215" VPOS="1167" WIDTH="9" HEIGHT="23" CONTENT="&gt;" WC="0.20" CC="7"/>
						<SP ID="P121_SP00039" HPOS="224" VPOS="1210" WIDTH="86"/>
						<String ID="P121_ST00048" HPOS="310" VPOS="1167" WIDTH="10" HEIGHT="37" CONTENT="¡¡" WC="0.14" CC="88"/>
						<SP ID="P121_SP00040" HPOS="320" VPOS="1210" WIDTH="38"/>
						<String ID="P121_ST00049" HPOS="358" VPOS="1177" WIDTH="2" HEIGHT="2" CONTENT="■" WC="1.00" CC="0"/>
						<SP ID="P121_SP00041" HPOS="360" VPOS="1210" WIDTH="10"/>
						<String ID="P121_ST00050" HPOS="370" VPOS="1171" WIDTH="37" HEIGHT="39" CONTENT="ry-" WC="0.07" CC="998"/>
						<SP ID="P121_SP00042" HPOS="407" VPOS="1210" WIDTH="60"/>
						<String ID="P121_ST00051" HPOS="467" VPOS="1167" WIDTH="114" HEIGHT="32" CONTENT="vueltos," WC="0.70" CC="00407650"/>
						<SP ID="P121_SP00043" HPOS="581" VPOS="1210" WIDTH="23"/>
						<String ID="P121_ST00052" HPOS="604" VPOS="1169" WIDTH="124" HEIGHT="24" CONTENT="tratamos" WC="0.70" CC="54000067"/>
						<SP ID="P121_SP00044" HPOS="728" VPOS="1210" WIDTH="27"/>
						<String ID="P121_ST00053" HPOS="755" VPOS="1167" WIDTH="33" HEIGHT="27" CONTENT="de" WC="0.38" CC="92"/>
						<SP ID="P121_SP00045" HPOS="788" VPOS="1210" WIDTH="25"/>
						<String ID="P121_ST00054" HPOS="813" VPOS="1174" WIDTH="167" HEIGHT="20" CONTENT="amarrarnos" WC="0.47" CC="0779059750"/>
						<SP ID="P121_SP00046" HPOS="980" VPOS="1210" WIDTH="13"/>
						<String ID="P121_ST00055" HPOS="993" VPOS="1174" WIDTH="13" HEIGHT="20" CONTENT="a" WC="1.00" CC="0"/>
						<SP ID="P121_SP00047" HPOS="1006" VPOS="1210" WIDTH="15"/>
						<String ID="P121_ST00056" HPOS="1021" VPOS="1170" WIDTH="78" HEIGHT="24" CONTENT="tierra" WC="0.83" CC="000900"/>
					</TextLine>
					<TextLine ID="P121_TL00009" HPOS="116" VPOS="1213" WIDTH="983" HEIGHT="53">
						<String ID="P121_ST00057" HPOS="116" VPOS="1221" WIDTH="73" HEIGHT="43" CONTENT="yy" WC="0.93" CC="01"/>
						<SP ID="P121_SP00048" HPOS="189" VPOS="1264" WIDTH="25"/>
						<String ID="P121_ST00058" HPOS="214" VPOS="1213" WIDTH="10" HEIGHT="53" CONTENT="\" WC="0.01" CC="9"/>
						<SP ID="P121_SP00049" HPOS="224" VPOS="1266" WIDTH="25"/>
						<String ID="P121_ST00059" HPOS="249" VPOS="1213" WIDTH="37" HEIGHT="53" CONTENT="1|" WC="0.13" CC="97"/>
						<SP ID="P121_SP00050" HPOS="286" VPOS="1266" WIDTH="24"/>
						<String ID="P121_ST00060" HPOS="310" VPOS="1213" WIDTH="10" HEIGHT="53" CONTENT="\" WC="0.01" CC="9"/>
						<SP ID="P121_SP00051" HPOS="320" VPOS="1266" WIDTH="35"/>
						<String ID="P121_ST00061" HPOS="355" VPOS="1226" WIDTH="55" HEIGHT="39" CONTENT='¡y".' WC="0.27" CC="4967"/>
						<SP ID="P121_SP00052" HPOS="410" VPOS="1266" WIDTH="55"/>
						<String ID="P121_ST00062" HPOS="465" VPOS="1230" WIDTH="50" HEIGHT="20" CONTENT="con" WC="0.47" CC="365"/>
						<SP ID="P121_SP00053" HPOS="515" VPOS="1266" WIDTH="89"/>
						<String ID="P121_ST00063" HPOS="604" VPOS="1220" WIDTH="162" HEIGHT="41" CONTENT="seguridad," WC="0.47" CC="7006677096"/>
						<SP ID="P121_SP00054" HPOS="766" VPOS="1266" WIDTH="14"/>
						<String ID="P121_ST00064" HPOS="780" VPOS="1220" WIDTH="155" HEIGHT="31" CONTENT="escamados" WC="0.73" CC="000064660"/>
						<SP ID="P121_SP00055" HPOS="935" VPOS="1266" WIDTH="9"/>
						<String ID="P121_ST00065" HPOS="944" VPOS="1231" WIDTH="49" HEIGHT="20" CONTENT="con" WC="0.81" CC="005"/>
						<SP ID="P121_SP00056" HPOS="993" VPOS="1266" WIDTH="16"/>
						<String ID="P121_ST00066" HPOS="1009" VPOS="1214" WIDTH="90" HEIGHT="48" CONTENT="loqué" WC="0.47" CC="03777"/>
					</TextLine>
					<TextLine ID="P121_TL00010" HPOS="115" VPOS="1267" WIDTH="980" HEIGHT="53">
						<String ID="P121_ST00067" HPOS="115" VPOS="1267" WIDTH="74" HEIGHT="53" CONTENT="&lt;yí-" WC="0.51" CC="6183"/>
						<SP ID="P121_SP00057" HPOS="189" VPOS="1320" WIDTH="25"/>
						<String ID="P121_ST00068" HPOS="214" VPOS="1267" WIDTH="10" HEIGHT="43" CONTENT="I" WC="0.01" CC="9"/>
						<SP ID="P121_SP00058" HPOS="224" VPOS="1320" WIDTH="24"/>
						<String ID="P121_ST00069" HPOS="248" VPOS="1269" WIDTH="23" HEIGHT="41" CONTENT="1" WC="0.25" CC="7"/>
						<SP ID="P121_SP00059" HPOS="271" VPOS="1320" WIDTH="39"/>
						<String ID="P121_ST00070" HPOS="310" VPOS="1284" WIDTH="11" HEIGHT="26" CONTENT="i" WC="0.56" CC="4"/>
						<SP ID="P121_SP00060" HPOS="321" VPOS="1320" WIDTH="26"/>
						<String ID="P121_ST00071" HPOS="347" VPOS="1282" WIDTH="72" HEIGHT="38" CONTENT="&lt;y&gt;" WC="0.48" CC="617"/>
						<SP ID="P121_SP00061" HPOS="419" VPOS="1320" WIDTH="46"/>
						<String ID="P121_ST00072" HPOS="465" VPOS="1277" WIDTH="66" HEIGHT="38" CONTENT="pasó" WC="0.65" CC="0606"/>
						<SP ID="P121_SP00062" HPOS="531" VPOS="1320" WIDTH="13"/>
						<String ID="P121_ST00073" HPOS="544" VPOS="1285" WIDTH="31" HEIGHT="19" CONTENT="en" WC="0.41" CC="64"/>
						<SP ID="P121_SP00063" HPOS="575" VPOS="1320" WIDTH="17"/>
						<String ID="P121_ST00074" HPOS="592" VPOS="1275" WIDTH="24" HEIGHT="29" CONTENT="el" WC="1.00" CC="00"/>
						<SP ID="P121_SP00064" HPOS="616" VPOS="1320" WIDTH="15"/>
						<String ID="P121_ST00075" HPOS="631" VPOS="1276" WIDTH="125" HEIGHT="39" CONTENT="temporal" WC="0.50" CC="89094006"/>
						<SP ID="P121_SP00065" HPOS="756" VPOS="1320" WIDTH="13"/>
						<String ID="P121_ST00076" HPOS="769" VPOS="1276" WIDTH="40" HEIGHT="28" CONTENT="del" WC="0.66" CC="090"/>
						<SP ID="P121_SP00066" HPOS="809" VPOS="1320" WIDTH="20"/>
						<String ID="P121_ST00077" HPOS="829" VPOS="1277" WIDTH="37" HEIGHT="27" CONTENT="14" WC="0.18" CC="69"/>
						<SP ID="P121_SP00067" HPOS="866" VPOS="1320" WIDTH="14"/>
						<String ID="P121_ST00078" HPOS="880" VPOS="1275" WIDTH="32" HEIGHT="30" CONTENT="de" WC="1.00" CC="00"/>
						<SP ID="P121_SP00068" HPOS="912" VPOS="1320" WIDTH="20"/>
						<String ID="P121_ST00079" HPOS="932" VPOS="1275" WIDTH="163" HEIGHT="30" CONTENT="noviembre." WC="0.70" CC="8030340620"/>
					</TextLine>
					<TextLine ID="P121_TL00011" HPOS="123" VPOS="1329" WIDTH="977" HEIGHT="45">
						<String ID="P121_ST00080" HPOS="123" VPOS="1341" WIDTH="55" HEIGHT="33" CONTENT="\yj" WC="0.08" CC="997"/>
						<SP ID="P121_SP00069" HPOS="178" VPOS="1374" WIDTH="36"/>
						<String ID="P121_ST00081" HPOS="214" VPOS="1342" WIDTH="10" HEIGHT="17" CONTENT="&gt;" WC="0.25" CC="7"/>
						<SP ID="P121_SP00070" HPOS="224" VPOS="1374" WIDTH="285"/>
						<String ID="P121_ST00082" HPOS="509" VPOS="1329" WIDTH="135" HEIGHT="30" CONTENT="Teniendo" WC="0.62" CC="04807405"/>
						<SP ID="P121_SP00071" HPOS="644" VPOS="1374" WIDTH="17"/>
						<String ID="P121_ST00083" HPOS="661" VPOS="1330" WIDTH="39" HEIGHT="29" CONTENT="los" WC="0.63" CC="613"/>
						<SP ID="P121_SP00072" HPOS="700" VPOS="1374" WIDTH="16"/>
						<String ID="P121_ST00084" HPOS="716" VPOS="1340" WIDTH="112" HEIGHT="30" CONTENT="vapores" WC="0.79" CC="0005521"/>
						<SP ID="P121_SP00073" HPOS="828" VPOS="1374" WIDTH="16"/>
						<String ID="P121_ST00085" HPOS="844" VPOS="1340" WIDTH="52" HEIGHT="30" CONTENT="que" WC="0.72" CC="080"/>
						<SP ID="P121_SP00074" HPOS="896" VPOS="1374" WIDTH="29"/>
						<String ID="P121_ST00086" HPOS="925" VPOS="1330" WIDTH="100" HEIGHT="40" CONTENT="sujelar" WC="0.83" CC="5000024"/>
						<SP ID="P121_SP00075" HPOS="1025" VPOS="1374" WIDTH="29"/>
						<String ID="P121_ST00087" HPOS="1054" VPOS="1340" WIDTH="46" HEIGHT="19" CONTENT="sus" WC="0.95" CC="010"/>
					</TextLine>
					<TextLine ID="P121_TL00012" HPOS="352" VPOS="1382" WIDTH="744" HEIGHT="43">
						<String ID="P121_ST00088" HPOS="352" VPOS="1382" WIDTH="57" HEIGHT="34" CONTENT="7a\" WC="0.44" CC="816"/>
						<SP ID="P121_SP00076" HPOS="409" VPOS="1416" WIDTH="56"/>
						<String ID="P121_ST00089" HPOS="465" VPOS="1394" WIDTH="118" HEIGHT="20" CONTENT="amarras" WC="0.53" CC="0609932"/>
						<SP ID="P121_SP00077" HPOS="583" VPOS="1416" WIDTH="16"/>
						<String ID="P121_ST00090" HPOS="599" VPOS="1384" WIDTH="34" HEIGHT="30" CONTENT="de" WC="0.95" CC="01"/>
						<SP ID="P121_SP00078" HPOS="633" VPOS="1416" WIDTH="16"/>
						<String ID="P121_ST00091" HPOS="649" VPOS="1394" WIDTH="68" HEIGHT="31" CONTENT="popa" WC="0.63" CC="0590"/>
						<SP ID="P121_SP00079" HPOS="717" VPOS="1425" WIDTH="16"/>
						<String ID="P121_ST00092" HPOS="733" VPOS="1386" WIDTH="13" HEIGHT="28" CONTENT="á" WC="1.00" CC="0"/>
						<SP ID="P121_SP00080" HPOS="746" VPOS="1425" WIDTH="18"/>
						<String ID="P121_ST00093" HPOS="764" VPOS="1385" WIDTH="23" HEIGHT="29" CONTENT="la" WC="1.00" CC="00"/>
						<SP ID="P121_SP00081" HPOS="787" VPOS="1425" WIDTH="18"/>
						<String ID="P121_ST00094" HPOS="805" VPOS="1385" WIDTH="85" HEIGHT="34" CONTENT="orilla," WC="0.69" CC="3903500"/>
						<SP ID="P121_SP00082" HPOS="890" VPOS="1425" WIDTH="28"/>
						<String ID="P121_ST00095" HPOS="918" VPOS="1385" WIDTH="93" HEIGHT="29" CONTENT="siendo" WC="0.79" CC="100604"/>
						<SP ID="P121_SP00083" HPOS="1011" VPOS="1425" WIDTH="19"/>
						<String ID="P121_ST00096" HPOS="1030" VPOS="1389" WIDTH="66" HEIGHT="29" CONTENT="esta," WC="0.82" CC="00440"/>
					</TextLine>
					<TextLine ID="P121_TL00013" HPOS="465" VPOS="1436" WIDTH="634" HEIGHT="42">
						<String ID="P121_ST00097" HPOS="465" VPOS="1437" WIDTH="33" HEIGHT="30" CONTENT="de" WC="1.00" CC="00"/>
						<SP ID="P121_SP00084" HPOS="498" VPOS="1467" WIDTH="18"/>
						<String ID="P121_ST00098" HPOS="516" VPOS="1442" WIDTH="76" HEIGHT="25" CONTENT="''eiTa" WC="0.60" CC="440166"/>
						<SP ID="P121_SP00085" HPOS="592" VPOS="1467" WIDTH="92"/>
						<String ID="P121_ST00099" HPOS="684" VPOS="1448" WIDTH="16" HEIGHT="30" CONTENT="Y" WC="0.26" CC="7"/>
						<SP ID="P121_SP00086" HPOS="700" VPOS="1478" WIDTH="17"/>
						<String ID="P121_ST00100" HPOS="717" VPOS="1448" WIDTH="63" HEIGHT="30" CONTENT="muy" WC="0.39" CC="809"/>
						<SP ID="P121_SP00087" HPOS="780" VPOS="1478" WIDTH="16"/>
						<String ID="P121_ST00101" HPOS="796" VPOS="1437" WIDTH="136" HEIGHT="30" CONTENT="''emovida" WC="0.78" CC="700020090"/>
						<SP ID="P121_SP00088" HPOS="932" VPOS="1478" WIDTH="17"/>
						<String ID="P121_ST00102" HPOS="949" VPOS="1447" WIDTH="31" HEIGHT="30" CONTENT="ya" WC="0.62" CC="61"/>
						<SP ID="P121_SP00089" HPOS="980" VPOS="1478" WIDTH="15"/>
						<String ID="P121_ST00103" HPOS="995" VPOS="1447" WIDTH="49" HEIGHT="30" CONTENT="por" WC="0.91" CC="020"/>
						<SP ID="P121_SP00090" HPOS="1044" VPOS="1478" WIDTH="15"/>
						<String ID="P121_ST00104" HPOS="1059" VPOS="1436" WIDTH="40" HEIGHT="30" CONTENT="los" WC="0.59" CC="407"/>
					</TextLine>
					<TextLine ID="P121_TL00014" HPOS="354" VPOS="1489" WIDTH="746" HEIGHT="41">
						<String ID="P121_ST00105" HPOS="354" VPOS="1494" WIDTH="53" HEIGHT="26" CONTENT="VTv" WC="0.11" CC="988"/>
						<SP ID="P121_SP00091" HPOS="407" VPOS="1520" WIDTH="58"/>
						<String ID="P121_ST00106" HPOS="465" VPOS="1490" WIDTH="151" HEIGHT="30" CONTENT="frecuentes" WC="0.72" CC="0900710036"/>
						<SP ID="P121_SP00092" HPOS="616" VPOS="1520" WIDTH="27"/>
						<String ID="P121_ST00107" HPOS="643" VPOS="1490" WIDTH="119" HEIGHT="30" CONTENT="cambios" WC="0.83" CC="0200036"/>
						<SP ID="P121_SP00093" HPOS="762" VPOS="1520" WIDTH="16"/>
						<String ID="P121_ST00108" HPOS="778" VPOS="1491" WIDTH="32" HEIGHT="29" CONTENT="de" WC="1.00" CC="00"/>
						<SP ID="P121_SP00094" HPOS="810" VPOS="1520" WIDTH="17"/>
						<String ID="P121_ST00109" HPOS="827" VPOS="1501" WIDTH="128" HEIGHT="29" CONTENT="vapores," WC="0.73" CC="00049070"/>
						<SP ID="P121_SP00095" HPOS="955" VPOS="1530" WIDTH="19"/>
						<String ID="P121_ST00110" HPOS="974" VPOS="1499" WIDTH="62" HEIGHT="31" CONTENT="para" WC="0.79" CC="0403"/>
						<SP ID="P121_SP00096" HPOS="1036" VPOS="1530" WIDTH="16"/>
						<String ID="P121_ST00111" HPOS="1052" VPOS="1489" WIDTH="48" HEIGHT="30" CONTENT="dar" WC="0.83" CC="013"/>
					</TextLine>
				</TextBlock>
				<TextBlock ID="P121_TB00004" HPOS="72" VPOS="1546" WIDTH="1027" HEIGHT="209" STYLEREFS="TXT_1 PAR_LEFT">
					<TextLine ID="P121_TL00015" HPOS="74" VPOS="1547" WIDTH="1025" HEIGHT="41">
						<String ID="P121_ST00112" HPOS="74" VPOS="1557" WIDTH="94" HEIGHT="30" CONTENT="mayor" WC="0.65" CC="64006"/>
						<SP ID="P121_SP00097" HPOS="168" VPOS="1587" WIDTH="15"/>
						<String ID="P121_ST00113" HPOS="183" VPOS="1548" WIDTH="106" HEIGHT="29" CONTENT="firmeza" WC="0.81" CC="0030063"/>
						<SP ID="P121_SP00098" HPOS="289" VPOS="1587" WIDTH="17"/>
						<String ID="P121_ST00114" HPOS="306" VPOS="1558" WIDTH="16" HEIGHT="30" CONTENT="y" WC="1.00" CC="0"/>
						<SP ID="P121_SP00099" HPOS="322" VPOS="1588" WIDTH="16"/>
						<String ID="P121_ST00115" HPOS="338" VPOS="1547" WIDTH="157" HEIGHT="31" CONTENT="resistencia" WC="0.78" CC="30045500300"/>
						<SP ID="P121_SP00100" HPOS="495" VPOS="1588" WIDTH="15"/>
						<String ID="P121_ST00116" HPOS="510" VPOS="1548" WIDTH="15" HEIGHT="29" CONTENT="á" WC="1.00" CC="0"/>
						<SP ID="P121_SP00101" HPOS="525" VPOS="1588" WIDTH="17"/>
						<String ID="P121_ST00117" HPOS="542" VPOS="1547" WIDTH="38" HEIGHT="30" CONTENT="las" WC="0.66" CC="360"/>
						<SP ID="P121_SP00102" HPOS="580" VPOS="1588" WIDTH="16"/>
						<String ID="P121_ST00118" HPOS="596" VPOS="1547" WIDTH="89" HEIGHT="30" CONTENT="anclas" WC="0.73" CC="000635"/>
						<SP ID="P121_SP00103" HPOS="685" VPOS="1588" WIDTH="17"/>
						<String ID="P121_ST00119" HPOS="702" VPOS="1558" WIDTH="51" HEIGHT="28" CONTENT="que" WC="0.68" CC="900"/>
						<SP ID="P121_SP00104" HPOS="753" VPOS="1588" WIDTH="13"/>
						<String ID="P121_ST00120" HPOS="766" VPOS="1558" WIDTH="28" HEIGHT="19" CONTENT="se" WC="0.71" CC="50"/>
						<SP ID="P121_SP00105" HPOS="794" VPOS="1588" WIDTH="16"/>
						<String ID="P121_ST00121" HPOS="810" VPOS="1547" WIDTH="142" HEIGHT="30" CONTENT="colocaban" WC="0.64" CC="007373045"/>
						<SP ID="P121_SP00106" HPOS="952" VPOS="1588" WIDTH="18"/>
						<String ID="P121_ST00122" HPOS="970" VPOS="1556" WIDTH="62" HEIGHT="31" CONTENT="para" WC="0.85" CC="0005"/>
						<SP ID="P121_SP00107" HPOS="1032" VPOS="1588" WIDTH="12"/>
						<String ID="P121_ST00123" HPOS="1044" VPOS="1552" WIDTH="55" HEIGHT="24" CONTENT="esle" WC="0.86" CC="0005"/>
					</TextLine>
					<TextLine ID="P121_TL00016" HPOS="74" VPOS="1603" WIDTH="1025" HEIGHT="42">
						<String ID="P121_ST00124" HPOS="74" VPOS="1603" WIDTH="99" HEIGHT="41" CONTENT="objeto," WC="0.64" CC="5600750"/>
						<SP ID="P121_SP00108" HPOS="173" VPOS="1644" WIDTH="17"/>
						<String ID="P121_ST00125" HPOS="190" VPOS="1603" WIDTH="111" HEIGHT="31" CONTENT="hicimos" WC="0.76" CC="3400403"/>
						<SP ID="P121_SP00109" HPOS="301" VPOS="1644" WIDTH="14"/>
						<String ID="P121_ST00126" HPOS="315" VPOS="1603" WIDTH="48" HEIGHT="31" CONTENT="dos" WC="0.58" CC="065"/>
						<SP ID="P121_SP00110" HPOS="363" VPOS="1644" WIDTH="16"/>
						<String ID="P121_ST00127" HPOS="379" VPOS="1603" WIDTH="116" HEIGHT="42" CONTENT="grandes" WC="0.62" CC="0607066"/>
						<SP ID="P121_SP00111" HPOS="495" VPOS="1645" WIDTH="17"/>
						<String ID="P121_ST00128" HPOS="512" VPOS="1603" WIDTH="83" HEIGHT="41" CONTENT="hoyos" WC="0.60" CC="74034"/>
						<SP ID="P121_SP00112" HPOS="595" VPOS="1645" WIDTH="16"/>
						<String ID="P121_ST00129" HPOS="611" VPOS="1614" WIDTH="32" HEIGHT="20" CONTENT="en" WC="0.48" CC="45"/>
						<SP ID="P121_SP00113" HPOS="643" VPOS="1645" WIDTH="13"/>
						<String ID="P121_ST00130" HPOS="656" VPOS="1603" WIDTH="87" HEIGHT="31" CONTENT="donde" WC="0.83" CC="05300"/>
						<SP ID="P121_SP00114" HPOS="743" VPOS="1645" WIDTH="16"/>
						<String ID="P121_ST00131" HPOS="759" VPOS="1603" WIDTH="39" HEIGHT="31" CONTENT="las" WC="1.00" CC="000"/>
						<SP ID="P121_SP00115" HPOS="798" VPOS="1645" WIDTH="25"/>
						<String ID="P121_ST00132" HPOS="823" VPOS="1609" WIDTH="176" HEIGHT="31" CONTENT="enterramos," WC="0.68" CC="25550050460"/>
						<SP ID="P121_SP00116" HPOS="999" VPOS="1645" WIDTH="15"/>
						<String ID="P121_ST00133" HPOS="1014" VPOS="1614" WIDTH="16" HEIGHT="30" CONTENT="y" WC="1.00" CC="0"/>
						<SP ID="P121_SP00117" HPOS="1030" VPOS="1645" WIDTH="16"/>
						<String ID="P121_ST00134" HPOS="1046" VPOS="1614" WIDTH="53" HEIGHT="20" CONTENT="co" SUBS_TYPE="HypPart1" SUBS_CONTENT="colocamos" WC="0.75" CC="070"/>
						<HYP CONTENT="-"/>
					</TextLine>
					<TextLine ID="P121_TL00017" HPOS="74" VPOS="1658" WIDTH="1021" HEIGHT="43">
						<String ID="P121_ST00135" HPOS="74" VPOS="1659" WIDTH="116" HEIGHT="31" CONTENT="locamos" SUBS_TYPE="HypPart2" SUBS_CONTENT="colocamos" WC="0.73" CC="0300069"/>
						<SP ID="P121_SP00118" HPOS="190" VPOS="1690" WIDTH="15"/>
						<String ID="P121_ST00136" HPOS="205" VPOS="1670" WIDTH="47" HEIGHT="31" CONTENT="por" WC="0.94" CC="001"/>
						<SP ID="P121_SP00119" HPOS="252" VPOS="1701" WIDTH="12"/>
						<String ID="P121_ST00137" HPOS="264" VPOS="1659" WIDTH="80" HEIGHT="31" CONTENT="sobre" WC="0.75" CC="02450"/>
						<SP ID="P121_SP00120" HPOS="344" VPOS="1701" WIDTH="16"/>
						<String ID="P121_ST00138" HPOS="360" VPOS="1659" WIDTH="128" HEIGHT="42" CONTENT="después," WC="0.88" CC="00303002"/>
						<SP ID="P121_SP00121" HPOS="488" VPOS="1701" WIDTH="26"/>
						<String ID="P121_ST00139" HPOS="514" VPOS="1664" WIDTH="109" HEIGHT="26" CONTENT="cuantas" WC="0.77" CC="1004054"/>
						<SP ID="P121_SP00122" HPOS="623" VPOS="1701" WIDTH="25"/>
						<String ID="P121_ST00140" HPOS="648" VPOS="1658" WIDTH="106" HEIGHT="42" CONTENT="piedras" WC="0.70" CC="0239005"/>
						<SP ID="P121_SP00123" HPOS="754" VPOS="1701" WIDTH="23"/>
						<String ID="P121_ST00141" HPOS="777" VPOS="1669" WIDTH="46" HEIGHT="31" CONTENT="por" WC="0.74" CC="034"/>
						<SP ID="P121_SP00124" HPOS="823" VPOS="1701" WIDTH="10"/>
						<String ID="P121_ST00142" HPOS="833" VPOS="1659" WIDTH="45" HEIGHT="30" CONTENT="allí" WC="0.81" CC="0600"/>
						<SP ID="P121_SP00125" HPOS="878" VPOS="1701" WIDTH="24"/>
						<String ID="P121_ST00143" HPOS="902" VPOS="1666" WIDTH="193" HEIGHT="25" CONTENT="enconiramos." WC="0.64" CC="470568500410"/>
					</TextLine>
					<TextLine ID="P121_TL00018" HPOS="73" VPOS="1715" WIDTH="629" HEIGHT="40">
						<String ID="P121_ST00144" HPOS="73" VPOS="1716" WIDTH="46" HEIGHT="30" CONTENT="Así" WC="0.90" CC="011"/>
						<SP ID="P121_SP00126" HPOS="119" VPOS="1746" WIDTH="11"/>
						<String ID="P121_ST00145" HPOS="130" VPOS="1715" WIDTH="167" HEIGHT="37" CONTENT="amarrados," WC="0.87" CC="0600000600"/>
						<SP ID="P121_SP00127" HPOS="297" VPOS="1752" WIDTH="14"/>
						<String ID="P121_ST00146" HPOS="311" VPOS="1726" WIDTH="33" HEIGHT="20" CONTENT="no" WC="0.38" CC="75"/>
						<SP ID="P121_SP00128" HPOS="344" VPOS="1752" WIDTH="17"/>
						<String ID="P121_ST00147" HPOS="361" VPOS="1716" WIDTH="78" HEIGHT="30" CONTENT="habia" WC="0.54" CC="71750"/>
						<SP ID="P121_SP00129" HPOS="439" VPOS="1752" WIDTH="20"/>
						<String ID="P121_ST00148" HPOS="459" VPOS="1722" WIDTH="68" HEIGHT="24" CONTENT="lanío" WC="0.83" CC="00305"/>
						<SP ID="P121_SP00130" HPOS="527" VPOS="1752" WIDTH="17"/>
						<String ID="P121_ST00149" HPOS="544" VPOS="1726" WIDTH="52" HEIGHT="29" CONTENT="que" WC="0.89" CC="020"/>
						<SP ID="P121_SP00131" HPOS="596" VPOS="1755" WIDTH="13"/>
						<String ID="P121_ST00150" HPOS="609" VPOS="1721" WIDTH="93" HEIGHT="25" CONTENT="temer." WC="0.80" CC="040060"/>
					</TextLine>
				</TextBlock>
				<TextBlock ID="P121_TB00005" HPOS="72" VPOS="1772" WIDTH="1027" HEIGHT="155" STYLEREFS="TXT_1 PAR_LEFT">
					<TextLine ID="P121_TL00019" HPOS="114" VPOS="1772" WIDTH="985" HEIGHT="42">
						<String ID="P121_ST00151" HPOS="114" VPOS="1774" WIDTH="197" HEIGHT="35" CONTENT="Descansados," WC="0.75" CC="510055410600"/>
						<SP ID="P121_SP00132" HPOS="311" VPOS="1809" WIDTH="22"/>
						<String ID="P121_ST00152" HPOS="333" VPOS="1784" WIDTH="77" HEIGHT="30" CONTENT="pues," WC="0.73" CC="07060"/>
						<SP ID="P121_SP00133" HPOS="410" VPOS="1814" WIDTH="13"/>
						<String ID="P121_ST00153" HPOS="423" VPOS="1784" WIDTH="32" HEIGHT="19" CONTENT="en" WC="0.63" CC="07"/>
						<SP ID="P121_SP00134" HPOS="455" VPOS="1814" WIDTH="17"/>
						<String ID="P121_ST00154" HPOS="472" VPOS="1778" WIDTH="55" HEIGHT="25" CONTENT="este" WC="0.60" CC="0671"/>
						<SP ID="P121_SP00135" HPOS="527" VPOS="1814" WIDTH="15"/>
						<String ID="P121_ST00155" HPOS="542" VPOS="1773" WIDTH="154" HEIGHT="40" CONTENT="particular," WC="0.66" CC="02664080530"/>
						<SP ID="P121_SP00136" HPOS="696" VPOS="1814" WIDTH="19"/>
						<String ID="P121_ST00156" HPOS="715" VPOS="1778" WIDTH="121" HEIGHT="24" CONTENT="nuestros" WC="0.80" CC="07041010"/>
						<SP ID="P121_SP00137" HPOS="836" VPOS="1814" WIDTH="16"/>
						<String ID="P121_ST00157" HPOS="852" VPOS="1772" WIDTH="128" HEIGHT="30" CONTENT="cuidados" WC="0.87" CC="00004050"/>
						<SP ID="P121_SP00138" HPOS="980" VPOS="1814" WIDTH="13"/>
						<String ID="P121_ST00158" HPOS="993" VPOS="1784" WIDTH="27" HEIGHT="19" CONTENT="se" WC="0.36" CC="57"/>
						<SP ID="P121_SP00139" HPOS="1020" VPOS="1814" WIDTH="16"/>
						<String ID="P121_ST00159" HPOS="1036" VPOS="1774" WIDTH="63" HEIGHT="30" CONTENT="diri" SUBS_TYPE="HypPart1" SUBS_CONTENT="dirigieron" WC="0.95" CC="00010"/>
						<HYP CONTENT="-"/>
					</TextLine>
					<TextLine ID="P121_TL00020" HPOS="73" VPOS="1829" WIDTH="1026" HEIGHT="43">
						<String ID="P121_ST00160" HPOS="73" VPOS="1831" WIDTH="93" HEIGHT="40" CONTENT="gieron" SUBS_TYPE="HypPart2" SUBS_CONTENT="dirigieron" WC="0.83" CC="000036"/>
						<SP ID="P121_SP00140" HPOS="166" VPOS="1871" WIDTH="16"/>
						<String ID="P121_ST00161" HPOS="182" VPOS="1831" WIDTH="13" HEIGHT="30" CONTENT="á" WC="1.00" CC="0"/>
						<SP ID="P121_SP00141" HPOS="195" VPOS="1871" WIDTH="16"/>
						<String ID="P121_ST00162" HPOS="211" VPOS="1840" WIDTH="127" HEIGHT="32" CONTENT="procurar" WC="0.69" CC="03207064"/>
						<SP ID="P121_SP00142" HPOS="338" VPOS="1872" WIDTH="12"/>
						<String ID="P121_ST00163" HPOS="350" VPOS="1830" WIDTH="24" HEIGHT="30" CONTENT="la" WC="0.46" CC="73"/>
						<SP ID="P121_SP00143" HPOS="374" VPOS="1872" WIDTH="15"/>
						<String ID="P121_ST00164" HPOS="389" VPOS="1829" WIDTH="130" HEIGHT="42" CONTENT="descarga" WC="0.80" CC="00600404"/>
						<SP ID="P121_SP00144" HPOS="519" VPOS="1872" WIDTH="13"/>
						<String ID="P121_ST00165" HPOS="532" VPOS="1829" WIDTH="33" HEIGHT="31" CONTENT="de" WC="1.00" CC="00"/>
						<SP ID="P121_SP00145" HPOS="565" VPOS="1872" WIDTH="11"/>
						<String ID="P121_ST00166" HPOS="576" VPOS="1829" WIDTH="23" HEIGHT="31" CONTENT="la" WC="0.78" CC="04"/>
						<SP ID="P121_SP00146" HPOS="599" VPOS="1872" WIDTH="14"/>
						<String ID="P121_ST00167" HPOS="613" VPOS="1829" WIDTH="102" HEIGHT="41" CONTENT="partida" WC="0.70" CC="0308502"/>
						<SP ID="P121_SP00147" HPOS="715" VPOS="1872" WIDTH="11"/>
						<String ID="P121_ST00168" HPOS="726" VPOS="1829" WIDTH="33" HEIGHT="30" CONTENT="de" WC="0.86" CC="02"/>
						<SP ID="P121_SP00148" HPOS="759" VPOS="1872" WIDTH="14"/>
						<String ID="P121_ST00169" HPOS="773" VPOS="1829" WIDTH="83" HEIGHT="30" CONTENT="tablas" WC="0.36" CC="877716"/>
						<SP ID="P121_SP00149" HPOS="856" VPOS="1872" WIDTH="13"/>
						<String ID="P121_ST00170" HPOS="869" VPOS="1840" WIDTH="52" HEIGHT="30" CONTENT="que" WC="0.99" CC="000"/>
						<SP ID="P121_SP00150" HPOS="921" VPOS="1872" WIDTH="15"/>
						<String ID="P121_ST00171" HPOS="936" VPOS="1829" WIDTH="82" HEIGHT="32" CONTENT="desde" WC="0.73" CC="00607"/>
						<SP ID="P121_SP00151" HPOS="1018" VPOS="1872" WIDTH="14"/>
						<String ID="P121_ST00172" HPOS="1032" VPOS="1832" WIDTH="67" HEIGHT="29" CONTENT="Mar" SUBS_TYPE="HypPart1" SUBS_CONTENT="Marsella" WC="1.00" CC="0000"/>
						<HYP CONTENT="-"/>
					</TextLine>
					<TextLine ID="P121_TL00021" HPOS="73" VPOS="1886" WIDTH="917" HEIGHT="41">
						<String ID="P121_ST00173" HPOS="73" VPOS="1888" WIDTH="66" HEIGHT="31" CONTENT="sella" SUBS_TYPE="HypPart2" SUBS_CONTENT="Marsella" WC="0.69" CC="70034"/>
						<SP ID="P121_SP00152" HPOS="139" VPOS="1919" WIDTH="17"/>
						<String ID="P121_ST00174" HPOS="156" VPOS="1888" WIDTH="165" HEIGHT="30" CONTENT="llevábamos" WC="0.58" CC="0665045651"/>
						<SP ID="P121_SP00153" HPOS="321" VPOS="1919" WIDTH="17"/>
						<String ID="P121_ST00175" HPOS="338" VPOS="1887" WIDTH="221" HEIGHT="35" CONTENT="sobrecubierta," WC="0.72" CC="16500066073000"/>
						<SP ID="P121_SP00154" HPOS="559" VPOS="1922" WIDTH="16"/>
						<String ID="P121_ST00176" HPOS="575" VPOS="1898" WIDTH="15" HEIGHT="29" CONTENT="y" WC="1.00" CC="0"/>
						<SP ID="P121_SP00155" HPOS="590" VPOS="1927" WIDTH="19"/>
						<String ID="P121_ST00177" HPOS="609" VPOS="1898" WIDTH="46" HEIGHT="19" CONTENT="nos" WC="0.46" CC="096"/>
						<SP ID="P121_SP00156" HPOS="655" VPOS="1927" WIDTH="17"/>
						<String ID="P121_ST00178" HPOS="672" VPOS="1886" WIDTH="92" HEIGHT="31" CONTENT="hacían" WC="0.50" CC="652373"/>
						<SP ID="P121_SP00157" HPOS="764" VPOS="1927" WIDTH="14"/>
						<String ID="P121_ST00179" HPOS="778" VPOS="1886" WIDTH="80" HEIGHT="41" CONTENT="algún" WC="0.55" CC="01937"/>
						<SP ID="P121_SP00158" HPOS="858" VPOS="1927" WIDTH="17"/>
						<String ID="P121_ST00180" HPOS="875" VPOS="1887" WIDTH="115" HEIGHT="30" CONTENT="estorbo." WC="0.61" CC="50660750"/>
					</TextLine>
				</TextBlock>
				<TextBlock ID="P121_TB00006" HPOS="982" VPOS="1936" WIDTH="24" HEIGHT="20" STYLEREFS="TXT_1 PAR_RIGHT">
					<TextLine ID="P121_TL00022" HPOS="984" VPOS="1936" WIDTH="22" HEIGHT="20">
						<String ID="P121_ST00181" HPOS="984" VPOS="1936" WIDTH="22" HEIGHT="20" CONTENT="15" WC="0.38" CC="56"/>
					</TextLine>
				</TextBlock>
			</PrintSpace>
		</Page>
	</Layout>
</alto>
