<?xml version="1.0" encoding="UTF-8"?>
<alto xmlns:xsi="http://www.w3.org/2001/XMLSchema-instance" xsi:noNamespaceSchemaLocation="http://www.bl.uk/schemas/alto/alto-1-4.xsd" xmlns:xlink="http://www.w3.org/1999/xlink">
	<Description>
		<MeasurementUnit>mm10</MeasurementUnit>
		<sourceImageInformation>
			<fileName>//head1/IN/2008-26/A0011736599/009153.jp2</fileName>
		</sourceImageInformation>
		<OCRProcessing ID="OCRPROCESSING_1">
			<preProcessingStep>
				<processingSoftware>
					<softwareCreator>CCS Content Conversion Specialists GmbH, Germany</softwareCreator>
					<softwareName>CCS docWORKS</softwareName>
					<softwareVersion>6.1-0.67</softwareVersion>
				</processingSoftware>
			</preProcessingStep>
			<ocrProcessingStep>
				<processingSoftware>
					<softwareCreator>ABBYY (BIT Software), Russia</softwareCreator>
					<softwareName>Finereader</softwareName>
				</processingSoftware>
			</ocrProcessingStep>
		</OCRProcessing>
	</Description>
	<Styles>
		<TextStyle ID="TXT_0" FONTSIZE="10" FONTFAMILY="Courier New"/>
		<TextStyle ID="TXT_1" FONTSIZE="9" FONTFAMILY="Courier New"/>
		<ParagraphStyle ID="PAR_CENTER" ALIGN="Center"/>
		<ParagraphStyle ID="PAR_LEFT" ALIGN="Left"/>
		<ParagraphStyle ID="PAR_RIGHT" ALIGN="Right"/>
	</Styles>
	<Layout>
		<Page ID="P101" PHYSICAL_IMG_NR="101" HEIGHT="2180" WIDTH="1241" PRINTED_IMG_NR="93" POSITION="Right" ACCURACY="73.10">
			<TopMargin ID="P101_TM00001" HPOS="0" VPOS="0" WIDTH="1241" HEIGHT="149">
				<TextBlock ID="P101_TB00001" HPOS="522" VPOS="121" WIDTH="160" HEIGHT="26" STYLEREFS="TXT_0 PAR_CENTER">
					<TextLine ID="P101_TL00001" HPOS="522" VPOS="121" WIDTH="160" HEIGHT="26">
						<String ID="P101_ST00001" HPOS="522" VPOS="121" WIDTH="160" HEIGHT="26" CONTENT="93" WC="1.00" CC="00"/>
					</TextLine>
				</TextBlock>
			</TopMargin>
			<LeftMargin ID="P101_LM00001" HPOS="0" VPOS="149" WIDTH="88" HEIGHT="1718"/>
			<RightMargin ID="P101_RM00001" HPOS="1126" VPOS="149" WIDTH="115" HEIGHT="1718"/>
			<BottomMargin ID="P101_BM00001" HPOS="0" VPOS="1867" WIDTH="1241" HEIGHT="313"/>
			<PrintSpace ID="P101_PS00001" HPOS="88" VPOS="149" WIDTH="1041" HEIGHT="1718">
				<TextBlock ID="P101_TB00002" HPOS="88" VPOS="180" WIDTH="1024" HEIGHT="153" STYLEREFS="TXT_1 PAR_LEFT">
					<TextLine ID="P101_TL00002" HPOS="88" VPOS="180" WIDTH="1022" HEIGHT="41">
						<String ID="P101_ST00002" HPOS="88" VPOS="180" WIDTH="49" HEIGHT="30" CONTENT="lias" WC="1.00" CC="0000"/>
						<SP ID="P101_SP00001" HPOS="137" VPOS="210" WIDTH="16"/>
						<String ID="P101_ST00003" HPOS="153" VPOS="180" WIDTH="220" HEIGHT="36" CONTENT="circunstancias," WC="0.70" CC="000063983000770"/>
						<SP ID="P101_SP00002" HPOS="373" VPOS="216" WIDTH="17"/>
						<String ID="P101_ST00004" HPOS="390" VPOS="191" WIDTH="15" HEIGHT="30" CONTENT="y" WC="1.00" CC="0"/>
						<SP ID="P101_SP00003" HPOS="405" VPOS="221" WIDTH="17"/>
						<String ID="P101_ST00005" HPOS="422" VPOS="191" WIDTH="31" HEIGHT="19" CONTENT="en" WC="0.75" CC="04"/>
						<SP ID="P101_SP00004" HPOS="453" VPOS="221" WIDTH="13"/>
						<String ID="P101_ST00006" HPOS="466" VPOS="181" WIDTH="88" HEIGHT="30" CONTENT="donde" WC="0.77" CC="07400"/>
						<SP ID="P101_SP00005" HPOS="554" VPOS="221" WIDTH="16"/>
						<String ID="P101_ST00007" HPOS="570" VPOS="182" WIDTH="152" HEIGHT="39" CONTENT="supusimos" WC="0.58" CC="630850651"/>
						<SP ID="P101_SP00006" HPOS="722" VPOS="221" WIDTH="17"/>
						<String ID="P101_ST00008" HPOS="739" VPOS="187" WIDTH="138" HEIGHT="24" CONTENT="encontrar" WC="0.75" CC="040260025"/>
						<SP ID="P101_SP00007" HPOS="877" VPOS="221" WIDTH="15"/>
						<String ID="P101_ST00009" HPOS="892" VPOS="181" WIDTH="108" HEIGHT="29" CONTENT="carbón." WC="0.58" CC="7107660"/>
						<SP ID="P101_SP00008" HPOS="1000" VPOS="221" WIDTH="17"/>
						<String ID="P101_ST00010" HPOS="1017" VPOS="180" WIDTH="93" HEIGHT="30" CONTENT="Lásti" SUBS_TYPE="HypPart1" SUBS_CONTENT="Lástima" WC="0.78" CC="105050"/>
						<HYP CONTENT="-"/>
					</TextLine>
					<TextLine ID="P101_TL00003" HPOS="90" VPOS="236" WIDTH="1022" HEIGHT="40">
						<String ID="P101_ST00011" HPOS="90" VPOS="246" WIDTH="40" HEIGHT="20" CONTENT="ma" SUBS_TYPE="HypPart2" SUBS_CONTENT="Lástima" WC="0.86" CC="02"/>
						<SP ID="P101_SP00009" HPOS="130" VPOS="266" WIDTH="16"/>
						<String ID="P101_ST00012" HPOS="146" VPOS="245" WIDTH="46" HEIGHT="21" CONTENT="era" WC="0.73" CC="205"/>
						<SP ID="P101_SP00010" HPOS="192" VPOS="266" WIDTH="24"/>
						<String ID="P101_ST00013" HPOS="216" VPOS="236" WIDTH="151" HEIGHT="29" CONTENT="retroceder" WC="0.79" CC="6003600030"/>
						<SP ID="P101_SP00011" HPOS="367" VPOS="266" WIDTH="18"/>
						<String ID="P101_ST00014" HPOS="385" VPOS="242" WIDTH="69" HEIGHT="24" CONTENT="lanío" WC="0.90" CC="04000"/>
						<SP ID="P101_SP00012" HPOS="454" VPOS="266" WIDTH="24"/>
						<String ID="P101_ST00015" HPOS="478" VPOS="237" WIDTH="104" HEIGHT="29" CONTENT="camino" WC="0.70" CC="070064"/>
						<SP ID="P101_SP00013" HPOS="582" VPOS="266" WIDTH="25"/>
						<String ID="P101_ST00016" HPOS="607" VPOS="247" WIDTH="76" HEIGHT="19" CONTENT="como" WC="0.63" CC="5422"/>
						<SP ID="P101_SP00014" HPOS="683" VPOS="266" WIDTH="16"/>
						<String ID="P101_ST00017" HPOS="699" VPOS="248" WIDTH="28" HEIGHT="18" CONTENT=".se" WC="0.53" CC="390"/>
						<SP ID="P101_SP00015" HPOS="727" VPOS="266" WIDTH="13"/>
						<String ID="P101_ST00018" HPOS="740" VPOS="237" WIDTH="150" HEIGHT="29" CONTENT="necesitaba" WC="0.77" CC="2000006075"/>
						<SP ID="P101_SP00016" HPOS="890" VPOS="266" WIDTH="18"/>
						<String ID="P101_ST00019" HPOS="908" VPOS="246" WIDTH="63" HEIGHT="30" CONTENT="para" WC="0.89" CC="0102"/>
						<SP ID="P101_SP00017" HPOS="971" VPOS="276" WIDTH="16"/>
						<String ID="P101_ST00020" HPOS="987" VPOS="237" WIDTH="22" HEIGHT="29" CONTENT="ir" WC="1.00" CC="00"/>
						<SP ID="P101_SP00018" HPOS="1009" VPOS="276" WIDTH="21"/>
						<String ID="P101_ST00021" HPOS="1030" VPOS="237" WIDTH="14" HEIGHT="29" CONTENT="á" WC="1.00" CC="0"/>
						<SP ID="P101_SP00019" HPOS="1044" VPOS="276" WIDTH="24"/>
						<String ID="P101_ST00022" HPOS="1068" VPOS="246" WIDTH="44" HEIGHT="20" CONTENT="ese" WC="0.66" CC="450"/>
					</TextLine>
					<TextLine ID="P101_TL00004" HPOS="91" VPOS="293" WIDTH="509" HEIGHT="40">
						<String ID="P101_ST00023" HPOS="91" VPOS="299" WIDTH="93" HEIGHT="34" CONTENT="punto," WC="0.57" CC="056660"/>
						<SP ID="P101_SP00020" HPOS="184" VPOS="333" WIDTH="19"/>
						<String ID="P101_ST00024" HPOS="203" VPOS="304" WIDTH="64" HEIGHT="29" CONTENT="pero" WC="0.77" CC="0530"/>
						<SP ID="P101_SP00021" HPOS="267" VPOS="333" WIDTH="17"/>
						<String ID="P101_ST00025" HPOS="284" VPOS="294" WIDTH="71" HEIGHT="39" CONTENT="¿qué" WC="0.89" CC="0040"/>
						<SP ID="P101_SP00022" HPOS="355" VPOS="333" WIDTH="13"/>
						<String ID="P101_ST00026" HPOS="368" VPOS="293" WIDTH="119" HEIGHT="30" CONTENT="remedio" WC="0.71" CC="9500003"/>
						<SP ID="P101_SP00023" HPOS="487" VPOS="333" WIDTH="11"/>
						<String ID="P101_ST00027" HPOS="498" VPOS="293" WIDTH="102" HEIGHT="30" CONTENT="habia?" WC="0.60" CC="706009"/>
					</TextLine>
				</TextBlock>
				<TextBlock ID="P101_TB00003" HPOS="92" VPOS="349" WIDTH="1022" HEIGHT="89" STYLEREFS="TXT_1 PAR_LEFT">
					<TextLine ID="P101_TL00005" HPOS="133" VPOS="350" WIDTH="981" HEIGHT="42">
						<String ID="P101_ST00028" HPOS="133" VPOS="351" WIDTH="117" HEIGHT="30" CONTENT="Hicimos" WC="0.66" CC="6060450"/>
						<SP ID="P101_SP00024" HPOS="250" VPOS="381" WIDTH="13"/>
						<String ID="P101_ST00029" HPOS="263" VPOS="350" WIDTH="95" HEIGHT="30" CONTENT="rumbo" WC="0.58" CC="07903"/>
						<SP ID="P101_SP00025" HPOS="358" VPOS="381" WIDTH="12"/>
						<String ID="P101_ST00030" HPOS="370" VPOS="350" WIDTH="77" HEIGHT="31" CONTENT="hacia" WC="0.75" CC="70005"/>
						<SP ID="P101_SP00026" HPOS="447" VPOS="381" WIDTH="17"/>
						<String ID="P101_ST00031" HPOS="464" VPOS="350" WIDTH="62" HEIGHT="35" CONTENT="allá," WC="0.70" CC="20091"/>
						<SP ID="P101_SP00027" HPOS="526" VPOS="385" WIDTH="16"/>
						<String ID="P101_ST00032" HPOS="542" VPOS="350" WIDTH="145" HEIGHT="40" CONTENT="alargando" WC="0.68" CC="654002603"/>
						<SP ID="P101_SP00028" HPOS="687" VPOS="390" WIDTH="18"/>
						<String ID="P101_ST00033" HPOS="705" VPOS="350" WIDTH="22" HEIGHT="30" CONTENT="la" WC="0.51" CC="35"/>
						<SP ID="P101_SP00029" HPOS="727" VPOS="390" WIDTH="19"/>
						<String ID="P101_ST00034" HPOS="746" VPOS="350" WIDTH="57" HEIGHT="31" CONTENT="vela" WC="0.82" CC="0600"/>
						<SP ID="P101_SP00030" HPOS="803" VPOS="390" WIDTH="17"/>
						<String ID="P101_ST00035" HPOS="820" VPOS="350" WIDTH="103" HEIGHT="42" CONTENT="posible" WC="0.67" CC="0350607"/>
						<SP ID="P101_SP00031" HPOS="923" VPOS="392" WIDTH="18"/>
						<String ID="P101_ST00036" HPOS="941" VPOS="360" WIDTH="61" HEIGHT="32" CONTENT="para" WC="0.84" CC="0060"/>
						<SP ID="P101_SP00032" HPOS="1002" VPOS="392" WIDTH="17"/>
						<String ID="P101_ST00037" HPOS="1019" VPOS="351" WIDTH="95" HEIGHT="30" CONTENT="ahorro" WC="0.63" CC="074026"/>
					</TextLine>
					<TextLine ID="P101_TL00006" HPOS="92" VPOS="408" WIDTH="157" HEIGHT="30">
						<String ID="P101_ST00038" HPOS="92" VPOS="409" WIDTH="34" HEIGHT="29" CONTENT="de" WC="0.30" CC="94"/>
						<SP ID="P101_SP00033" HPOS="126" VPOS="438" WIDTH="15"/>
						<String ID="P101_ST00039" HPOS="141" VPOS="408" WIDTH="108" HEIGHT="30" CONTENT="carbón." WC="0.77" CC="0605040"/>
					</TextLine>
				</TextBlock>
				<TextBlock ID="P101_TB00004" HPOS="91" VPOS="463" WIDTH="1024" HEIGHT="212" STYLEREFS="TXT_1 PAR_LEFT">
					<TextLine ID="P101_TL00007" HPOS="133" VPOS="463" WIDTH="982" HEIGHT="41">
						<String ID="P101_ST00040" HPOS="133" VPOS="465" WIDTH="31" HEIGHT="30" CONTENT="Al" WC="0.88" CC="02"/>
						<SP ID="P101_SP00034" HPOS="164" VPOS="495" WIDTH="14"/>
						<String ID="P101_ST00041" HPOS="178" VPOS="475" WIDTH="154" HEIGHT="23" CONTENT="oscurecer," WC="0.59" CC="4758550200"/>
						<SP ID="P101_SP00035" HPOS="332" VPOS="498" WIDTH="19"/>
						<String ID="P101_ST00042" HPOS="351" VPOS="464" WIDTH="97" HEIGHT="29" CONTENT="viendo" WC="0.68" CC="006606"/>
						<SP ID="P101_SP00036" HPOS="448" VPOS="498" WIDTH="11"/>
						<String ID="P101_ST00043" HPOS="459" VPOS="474" WIDTH="53" HEIGHT="29" CONTENT="que" WC="0.77" CC="033"/>
						<SP ID="P101_SP00037" HPOS="512" VPOS="503" WIDTH="22"/>
						<String ID="P101_ST00044" HPOS="534" VPOS="474" WIDTH="46" HEIGHT="19" CONTENT="nos" WC="0.40" CC="467"/>
						<SP ID="P101_SP00038" HPOS="580" VPOS="503" WIDTH="18"/>
						<String ID="P101_ST00045" HPOS="598" VPOS="463" WIDTH="121" HEIGHT="40" CONTENT="quedaba" WC="0.84" CC="0000162"/>
						<SP ID="P101_SP00039" HPOS="719" VPOS="503" WIDTH="18"/>
						<String ID="P101_ST00046" HPOS="737" VPOS="474" WIDTH="32" HEIGHT="30" CONTENT="ya" WC="0.77" CC="04"/>
						<SP ID="P101_SP00040" HPOS="769" VPOS="504" WIDTH="28"/>
						<String ID="P101_ST00047" HPOS="797" VPOS="474" WIDTH="65" HEIGHT="30" CONTENT="poca" WC="0.77" CC="0404"/>
						<SP ID="P101_SP00041" HPOS="862" VPOS="504" WIDTH="16"/>
						<String ID="P101_ST00048" HPOS="878" VPOS="464" WIDTH="129" HEIGHT="31" CONTENT="dislancia" WC="0.70" CC="004017615"/>
						<SP ID="P101_SP00042" HPOS="1007" VPOS="504" WIDTH="24"/>
						<String ID="P101_ST00049" HPOS="1031" VPOS="467" WIDTH="13" HEIGHT="29" CONTENT="á" WC="1.00" CC="0"/>
						<SP ID="P101_SP00043" HPOS="1044" VPOS="504" WIDTH="22"/>
						<String ID="P101_ST00050" HPOS="1066" VPOS="476" WIDTH="49" HEIGHT="20" CONTENT="re" SUBS_TYPE="HypPart1" SUBS_CONTENT="recorrer," WC="0.94" CC="001"/>
						<HYP CONTENT="-"/>
					</TextLine>
					<TextLine ID="P101_TL00008" HPOS="94" VPOS="520" WIDTH="1021" HEIGHT="43">
						<String ID="P101_ST00051" HPOS="94" VPOS="534" WIDTH="99" HEIGHT="24" CONTENT="correr," SUBS_TYPE="HypPart2" SUBS_CONTENT="recorrer," WC="0.86" CC="0300230"/>
						<SP ID="P101_SP00044" HPOS="193" VPOS="558" WIDTH="17"/>
						<String ID="P101_ST00052" HPOS="210" VPOS="533" WIDTH="15" HEIGHT="30" CONTENT="y" WC="0.16" CC="8"/>
						<SP ID="P101_SP00045" HPOS="225" VPOS="563" WIDTH="17"/>
						<String ID="P101_ST00053" HPOS="242" VPOS="532" WIDTH="51" HEIGHT="31" CONTENT="que" WC="0.80" CC="050"/>
						<SP ID="P101_SP00046" HPOS="293" VPOS="563" WIDTH="18"/>
						<String ID="P101_ST00054" HPOS="311" VPOS="521" WIDTH="151" HEIGHT="41" CONTENT="podríamos" WC="0.62" CC="060060955"/>
						<SP ID="P101_SP00047" HPOS="462" VPOS="563" WIDTH="17"/>
						<String ID="P101_ST00055" HPOS="479" VPOS="520" WIDTH="105" HEIGHT="31" CONTENT="hacerla" WC="0.55" CC="7301971"/>
						<SP ID="P101_SP00048" HPOS="584" VPOS="563" WIDTH="25"/>
						<String ID="P101_ST00056" HPOS="609" VPOS="531" WIDTH="49" HEIGHT="20" CONTENT="con" WC="0.72" CC="052"/>
						<SP ID="P101_SP00049" HPOS="658" VPOS="563" WIDTH="16"/>
						<String ID="P101_ST00057" HPOS="674" VPOS="521" WIDTH="56" HEIGHT="30" CONTENT="solo" WC="0.50" CC="5166"/>
						<SP ID="P101_SP00050" HPOS="730" VPOS="563" WIDTH="27"/>
						<String ID="P101_ST00058" HPOS="757" VPOS="521" WIDTH="22" HEIGHT="30" CONTENT="el" WC="0.66" CC="06"/>
						<SP ID="P101_SP00051" HPOS="779" VPOS="563" WIDTH="27"/>
						<String ID="P101_ST00059" HPOS="806" VPOS="522" WIDTH="132" HEIGHT="35" CONTENT="velamen," WC="0.67" CC="06309060"/>
						<SP ID="P101_SP00052" HPOS="938" VPOS="563" WIDTH="18"/>
						<String ID="P101_ST00060" HPOS="956" VPOS="522" WIDTH="110" HEIGHT="31" CONTENT="durante" WC="0.66" CC="0006377"/>
						<SP ID="P101_SP00053" HPOS="1066" VPOS="563" WIDTH="26"/>
						<String ID="P101_ST00061" HPOS="1092" VPOS="523" WIDTH="23" HEIGHT="30" CONTENT="la" WC="0.96" CC="00"/>
					</TextLine>
					<TextLine ID="P101_TL00009" HPOS="92" VPOS="577" WIDTH="1023" HEIGHT="42">
						<String ID="P101_ST00062" HPOS="92" VPOS="580" WIDTH="96" HEIGHT="35" CONTENT="noche," WC="0.59" CC="850640"/>
						<SP ID="P101_SP00054" HPOS="188" VPOS="615" WIDTH="21"/>
						<String ID="P101_ST00063" HPOS="209" VPOS="589" WIDTH="31" HEIGHT="30" CONTENT="ya" WC="0.70" CC="05"/>
						<SP ID="P101_SP00055" HPOS="240" VPOS="619" WIDTH="17"/>
						<String ID="P101_ST00064" HPOS="257" VPOS="589" WIDTH="52" HEIGHT="30" CONTENT="que" WC="0.79" CC="041"/>
						<SP ID="P101_SP00056" HPOS="309" VPOS="619" WIDTH="17"/>
						<String ID="P101_ST00065" HPOS="326" VPOS="589" WIDTH="47" HEIGHT="19" CONTENT="nos" WC="0.52" CC="733"/>
						<SP ID="P101_SP00057" HPOS="373" VPOS="619" WIDTH="20"/>
						<String ID="P101_ST00066" HPOS="393" VPOS="577" WIDTH="124" HEIGHT="42" CONTENT="quedaba" WC="0.61" CC="0440574"/>
						<SP ID="P101_SP00058" HPOS="517" VPOS="619" WIDTH="14"/>
						<String ID="P101_ST00067" HPOS="531" VPOS="588" WIDTH="67" HEIGHT="30" CONTENT="poco" WC="0.85" CC="0005"/>
						<SP ID="P101_SP00059" HPOS="598" VPOS="619" WIDTH="16"/>
						<String ID="P101_ST00068" HPOS="614" VPOS="577" WIDTH="98" HEIGHT="31" CONTENT="carbón" WC="0.63" CC="010767"/>
						<SP ID="P101_SP00060" HPOS="712" VPOS="619" WIDTH="17"/>
						<String ID="P101_ST00069" HPOS="729" VPOS="588" WIDTH="143" HEIGHT="31" CONTENT="apagamos" WC="0.82" CC="00304033"/>
						<SP ID="P101_SP00061" HPOS="872" VPOS="619" WIDTH="13"/>
						<String ID="P101_ST00070" HPOS="885" VPOS="584" WIDTH="177" HEIGHT="25" CONTENT="enteramente" WC="0.54" CC="07770094760"/>
						<SP ID="P101_SP00062" HPOS="1062" VPOS="619" WIDTH="15"/>
						<String ID="P101_ST00071" HPOS="1077" VPOS="579" WIDTH="38" HEIGHT="30" CONTENT="los" WC="0.72" CC="016"/>
					</TextLine>
					<TextLine ID="P101_TL00010" HPOS="94" VPOS="634" WIDTH="998" HEIGHT="41">
						<String ID="P101_ST00072" HPOS="94" VPOS="638" WIDTH="107" HEIGHT="33" CONTENT="hornos," WC="0.53" CC="7416651"/>
						<SP ID="P101_SP00063" HPOS="201" VPOS="671" WIDTH="16"/>
						<String ID="P101_ST00073" HPOS="217" VPOS="646" WIDTH="15" HEIGHT="29" CONTENT="y" WC="0.13" CC="8"/>
						<SP ID="P101_SP00064" HPOS="232" VPOS="675" WIDTH="15"/>
						<String ID="P101_ST00074" HPOS="247" VPOS="635" WIDTH="135" HEIGHT="39" CONTENT="seguimos" WC="0.62" CC="60910641"/>
						<SP ID="P101_SP00065" HPOS="382" VPOS="675" WIDTH="13"/>
						<String ID="P101_ST00075" HPOS="395" VPOS="635" WIDTH="14" HEIGHT="29" CONTENT="á" WC="1.00" CC="0"/>
						<SP ID="P101_SP00066" HPOS="409" VPOS="675" WIDTH="15"/>
						<String ID="P101_ST00076" HPOS="424" VPOS="634" WIDTH="24" HEIGHT="29" CONTENT="la" WC="0.82" CC="30"/>
						<SP ID="P101_SP00067" HPOS="448" VPOS="675" WIDTH="16"/>
						<String ID="P101_ST00077" HPOS="464" VPOS="634" WIDTH="57" HEIGHT="29" CONTENT="vela" WC="0.91" CC="0003"/>
						<SP ID="P101_SP00068" HPOS="521" VPOS="675" WIDTH="12"/>
						<String ID="P101_ST00078" HPOS="533" VPOS="635" WIDTH="96" HEIGHT="28" CONTENT="ínterin" WC="0.71" CC="5604004"/>
						<SP ID="P101_SP00069" HPOS="629" VPOS="675" WIDTH="17"/>
						<String ID="P101_ST00079" HPOS="646" VPOS="635" WIDTH="72" HEIGHT="28" CONTENT="reinó" WC="0.69" CC="07007"/>
						<SP ID="P101_SP00070" HPOS="718" VPOS="675" WIDTH="16"/>
						<String ID="P101_ST00080" HPOS="734" VPOS="635" WIDTH="24" HEIGHT="29" CONTENT="la" WC="0.80" CC="30"/>
						<SP ID="P101_SP00071" HPOS="758" VPOS="675" WIDTH="13"/>
						<String ID="P101_ST00081" HPOS="771" VPOS="635" WIDTH="142" HEIGHT="30" CONTENT="oscuridad" WC="0.85" CC="160000060"/>
						<SP ID="P101_SP00072" HPOS="913" VPOS="675" WIDTH="14"/>
						<String ID="P101_ST00082" HPOS="927" VPOS="635" WIDTH="33" HEIGHT="30" CONTENT="de" WC="1.00" CC="00"/>
						<SP ID="P101_SP00073" HPOS="960" VPOS="675" WIDTH="16"/>
						<String ID="P101_ST00083" HPOS="976" VPOS="636" WIDTH="116" HEIGHT="39" CONTENT="aquella." WC="0.79" CC="00427110"/>
					</TextLine>
				</TextBlock>
				<TextBlock ID="P101_TB00005" HPOS="95" VPOS="690" WIDTH="1023" HEIGHT="154" STYLEREFS="TXT_1 PAR_LEFT">
					<TextLine ID="P101_TL00011" HPOS="135" VPOS="691" WIDTH="981" HEIGHT="42">
						<String ID="P101_ST00084" HPOS="135" VPOS="693" WIDTH="31" HEIGHT="31" CONTENT="Al" WC="1.00" CC="00"/>
						<SP ID="P101_SP00074" HPOS="166" VPOS="724" WIDTH="15"/>
						<String ID="P101_ST00085" HPOS="181" VPOS="702" WIDTH="140" HEIGHT="20" CONTENT="amanecer" WC="0.67" CC="06666000"/>
						<SP ID="P101_SP00075" HPOS="321" VPOS="724" WIDTH="13"/>
						<String ID="P101_ST00086" HPOS="334" VPOS="691" WIDTH="42" HEIGHT="30" CONTENT="del" WC="1.00" CC="000"/>
						<SP ID="P101_SP00076" HPOS="376" VPOS="724" WIDTH="17"/>
						<String ID="P101_ST00087" HPOS="393" VPOS="692" WIDTH="35" HEIGHT="28" CONTENT="22" WC="1.00" CC="00"/>
						<SP ID="P101_SP00077" HPOS="428" VPOS="724" WIDTH="19"/>
						<String ID="P101_ST00088" HPOS="447" VPOS="691" WIDTH="84" HEIGHT="29" CONTENT="dimos" WC="0.92" CC="00004"/>
						<SP ID="P101_SP00078" HPOS="531" VPOS="724" WIDTH="17"/>
						<String ID="P101_ST00089" HPOS="548" VPOS="691" WIDTH="68" HEIGHT="29" CONTENT="vista" WC="0.56" CC="90065"/>
						<SP ID="P101_SP00079" HPOS="616" VPOS="724" WIDTH="16"/>
						<String ID="P101_ST00090" HPOS="632" VPOS="692" WIDTH="14" HEIGHT="29" CONTENT="á" WC="1.00" CC="0"/>
						<SP ID="P101_SP00080" HPOS="646" VPOS="724" WIDTH="25"/>
						<String ID="P101_ST00091" HPOS="671" VPOS="691" WIDTH="39" HEIGHT="30" CONTENT="las" WC="0.86" CC="040"/>
						<SP ID="P101_SP00081" HPOS="710" VPOS="724" WIDTH="22"/>
						<String ID="P101_ST00092" HPOS="732" VPOS="691" WIDTH="64" HEIGHT="30" CONTENT="islas" WC="0.87" CC="01040"/>
						<SP ID="P101_SP00082" HPOS="796" VPOS="724" WIDTH="26"/>
						<String ID="P101_ST00093" HPOS="822" VPOS="692" WIDTH="114" HEIGHT="35" CONTENT="Jónicas," WC="0.63" CC="47602240"/>
						<SP ID="P101_SP00083" HPOS="936" VPOS="727" WIDTH="25"/>
						<String ID="P101_ST00094" HPOS="961" VPOS="702" WIDTH="15" HEIGHT="31" CONTENT="y" WC="1.00" CC="0"/>
						<SP ID="P101_SP00084" HPOS="976" VPOS="733" WIDTH="16"/>
						<String ID="P101_ST00095" HPOS="992" VPOS="697" WIDTH="124" HEIGHT="26" CONTENT="entonces" WC="0.74" CC="06005026"/>
					</TextLine>
					<TextLine ID="P101_TL00012" HPOS="97" VPOS="747" WIDTH="1021" HEIGHT="41">
						<String ID="P101_ST00096" HPOS="97" VPOS="749" WIDTH="170" HEIGHT="32" CONTENT="encendimos" WC="0.53" CC="5726703075"/>
						<SP ID="P101_SP00085" HPOS="267" VPOS="781" WIDTH="14"/>
						<String ID="P101_ST00097" HPOS="281" VPOS="749" WIDTH="38" HEIGHT="29" CONTENT="los" WC="0.60" CC="083"/>
						<SP ID="P101_SP00086" HPOS="319" VPOS="781" WIDTH="13"/>
						<String ID="P101_ST00098" HPOS="332" VPOS="748" WIDTH="99" HEIGHT="30" CONTENT="hornos" WC="0.52" CC="760481"/>
						<SP ID="P101_SP00087" HPOS="431" VPOS="781" WIDTH="17"/>
						<String ID="P101_ST00099" HPOS="448" VPOS="757" WIDTH="63" HEIGHT="31" CONTENT="para" WC="0.99" CC="0000"/>
						<SP ID="P101_SP00088" HPOS="511" VPOS="788" WIDTH="16"/>
						<String ID="P101_ST00100" HPOS="527" VPOS="753" WIDTH="82" HEIGHT="25" CONTENT="lomar" WC="0.74" CC="06600"/>
						<SP ID="P101_SP00089" HPOS="609" VPOS="788" WIDTH="16"/>
						<String ID="P101_ST00101" HPOS="625" VPOS="747" WIDTH="23" HEIGHT="30" CONTENT="el" WC="0.64" CC="70"/>
						<SP ID="P101_SP00090" HPOS="648" VPOS="788" WIDTH="19"/>
						<String ID="P101_ST00102" HPOS="667" VPOS="753" WIDTH="93" HEIGHT="35" CONTENT="puerto" WC="0.90" CC="010400"/>
						<SP ID="P101_SP00091" HPOS="760" VPOS="788" WIDTH="22"/>
						<String ID="P101_ST00103" HPOS="782" VPOS="748" WIDTH="33" HEIGHT="30" CONTENT="de" WC="0.56" CC="80"/>
						<SP ID="P101_SP00092" HPOS="815" VPOS="788" WIDTH="16"/>
						<String ID="P101_ST00104" HPOS="831" VPOS="748" WIDTH="133" HEIGHT="31" CONTENT="Cefalonia" WC="0.55" CC="490663701"/>
						<SP ID="P101_SP00093" HPOS="964" VPOS="788" WIDTH="21"/>
						<String ID="P101_ST00105" HPOS="985" VPOS="759" WIDTH="48" HEIGHT="20" CONTENT="con" WC="0.95" CC="010"/>
						<SP ID="P101_SP00094" HPOS="1033" VPOS="788" WIDTH="27"/>
						<String ID="P101_ST00106" HPOS="1060" VPOS="749" WIDTH="58" HEIGHT="30" CONTENT="toda" WC="0.74" CC="4006"/>
					</TextLine>
					<TextLine ID="P101_TL00013" HPOS="96" VPOS="803" WIDTH="977" HEIGHT="41">
						<String ID="P101_ST00107" HPOS="96" VPOS="806" WIDTH="145" HEIGHT="31" CONTENT="brevedad." WC="0.77" CC="600000390"/>
						<SP ID="P101_SP00095" HPOS="241" VPOS="837" WIDTH="20"/>
						<String ID="P101_ST00108" HPOS="261" VPOS="804" WIDTH="192" HEIGHT="40" CONTENT="Conseguimos" WC="0.51" CC="46707970018"/>
						<SP ID="P101_SP00096" HPOS="453" VPOS="844" WIDTH="17"/>
						<String ID="P101_ST00109" HPOS="470" VPOS="803" WIDTH="110" HEIGHT="30" CONTENT="sondear" WC="0.69" CC="0650360"/>
						<SP ID="P101_SP00097" HPOS="580" VPOS="844" WIDTH="16"/>
						<String ID="P101_ST00110" HPOS="596" VPOS="814" WIDTH="31" HEIGHT="19" CONTENT="en" WC="0.66" CC="06"/>
						<SP ID="P101_SP00098" HPOS="627" VPOS="844" WIDTH="18"/>
						<String ID="P101_ST00111" HPOS="645" VPOS="803" WIDTH="23" HEIGHT="30" CONTENT="él" WC="0.71" CC="50"/>
						<SP ID="P101_SP00099" HPOS="668" VPOS="844" WIDTH="17"/>
						<String ID="P101_ST00112" HPOS="685" VPOS="805" WIDTH="14" HEIGHT="29" CONTENT="á" WC="0.71" CC="2"/>
						<SP ID="P101_SP00100" HPOS="699" VPOS="844" WIDTH="14"/>
						<String ID="P101_ST00113" HPOS="713" VPOS="803" WIDTH="38" HEIGHT="31" CONTENT="las" WC="0.58" CC="254"/>
						<SP ID="P101_SP00101" HPOS="751" VPOS="844" WIDTH="17"/>
						<String ID="P101_ST00114" HPOS="768" VPOS="815" WIDTH="86" HEIGHT="19" CONTENT="nueve" WC="0.86" CC="60000"/>
						<SP ID="P101_SP00102" HPOS="854" VPOS="844" WIDTH="13"/>
						<String ID="P101_ST00115" HPOS="867" VPOS="804" WIDTH="32" HEIGHT="30" CONTENT="de" WC="0.96" CC="00"/>
						<SP ID="P101_SP00103" HPOS="899" VPOS="844" WIDTH="17"/>
						<String ID="P101_ST00116" HPOS="916" VPOS="805" WIDTH="23" HEIGHT="29" CONTENT="la" WC="0.44" CC="55"/>
						<SP ID="P101_SP00104" HPOS="939" VPOS="844" WIDTH="14"/>
						<String ID="P101_ST00117" HPOS="953" VPOS="810" WIDTH="120" HEIGHT="25" CONTENT="mañana." WC="0.65" CC="0650650"/>
					</TextLine>
				</TextBlock>
				<TextBlock ID="P101_TB00006" HPOS="98" VPOS="861" WIDTH="1021" HEIGHT="152" STYLEREFS="TXT_1 PAR_LEFT">
					<TextLine ID="P101_TL00014" HPOS="138" VPOS="861" WIDTH="981" HEIGHT="43">
						<String ID="P101_ST00118" HPOS="138" VPOS="866" WIDTH="50" HEIGHT="28" CONTENT="Ese" WC="0.77" CC="060"/>
						<SP ID="P101_SP00105" HPOS="188" VPOS="894" WIDTH="12"/>
						<String ID="P101_ST00119" HPOS="200" VPOS="868" WIDTH="93" HEIGHT="36" CONTENT="puerto" WC="0.92" CC="000301"/>
						<SP ID="P101_SP00106" HPOS="293" VPOS="904" WIDTH="19"/>
						<String ID="P101_ST00120" HPOS="312" VPOS="872" WIDTH="41" HEIGHT="19" CONTENT="me" WC="1.00" CC="00"/>
						<SP ID="P101_SP00107" HPOS="353" VPOS="904" WIDTH="13"/>
						<String ID="P101_ST00121" HPOS="366" VPOS="863" WIDTH="81" HEIGHT="29" CONTENT="causó" WC="0.85" CC="00105"/>
						<SP ID="P101_SP00108" HPOS="447" VPOS="904" WIDTH="17"/>
						<String ID="P101_ST00122" HPOS="464" VPOS="872" WIDTH="74" HEIGHT="19" CONTENT="suma" WC="0.77" CC="3500"/>
						<SP ID="P101_SP00109" HPOS="538" VPOS="904" WIDTH="18"/>
						<String ID="P101_ST00123" HPOS="556" VPOS="861" WIDTH="162" HEIGHT="29" CONTENT="admiración" WC="0.78" CC="7000007007"/>
						<SP ID="P101_SP00110" HPOS="718" VPOS="904" WIDTH="18"/>
						<String ID="P101_ST00124" HPOS="736" VPOS="872" WIDTH="48" HEIGHT="29" CONTENT="por" WC="0.88" CC="030"/>
						<SP ID="P101_SP00111" HPOS="784" VPOS="904" WIDTH="16"/>
						<String ID="P101_ST00125" HPOS="800" VPOS="862" WIDTH="24" HEIGHT="29" CONTENT="lo" WC="0.45" CC="55"/>
						<SP ID="P101_SP00112" HPOS="824" VPOS="904" WIDTH="11"/>
						<String ID="P101_ST00126" HPOS="835" VPOS="862" WIDTH="180" HEIGHT="40" CONTENT="resguardado" WC="0.87" CC="00401100203"/>
						<SP ID="P101_SP00113" HPOS="1015" VPOS="904" WIDTH="16"/>
						<String ID="P101_ST00127" HPOS="1031" VPOS="873" WIDTH="16" HEIGHT="29" CONTENT="y" WC="1.00" CC="0"/>
						<SP ID="P101_SP00114" HPOS="1047" VPOS="904" WIDTH="17"/>
						<String ID="P101_ST00128" HPOS="1064" VPOS="862" WIDTH="55" HEIGHT="30" CONTENT="bo" SUBS_TYPE="HypPart1" SUBS_CONTENT="bonito" WC="0.58" CC="750"/>
						<HYP CONTENT="-"/>
					</TextLine>
					<TextLine ID="P101_TL00015" HPOS="98" VPOS="916" WIDTH="1021" HEIGHT="44">
						<String ID="P101_ST00129" HPOS="98" VPOS="921" WIDTH="55" HEIGHT="29" CONTENT="nito" SUBS_TYPE="HypPart2" SUBS_CONTENT="bonito" WC="0.83" CC="4020"/>
						<SP ID="P101_SP00115" HPOS="153" VPOS="950" WIDTH="23"/>
						<String ID="P101_ST00130" HPOS="176" VPOS="930" WIDTH="51" HEIGHT="30" CONTENT="que" WC="0.66" CC="037"/>
						<SP ID="P101_SP00116" HPOS="227" VPOS="960" WIDTH="26"/>
						<String ID="P101_ST00131" HPOS="253" VPOS="929" WIDTH="39" HEIGHT="25" CONTENT="es," WC="0.65" CC="460"/>
						<SP ID="P101_SP00117" HPOS="292" VPOS="960" WIDTH="24"/>
						<String ID="P101_ST00132" HPOS="316" VPOS="928" WIDTH="52" HEIGHT="30" CONTENT="que" WC="0.60" CC="083"/>
						<SP ID="P101_SP00118" HPOS="368" VPOS="960" WIDTH="13"/>
						<String ID="P101_ST00133" HPOS="381" VPOS="917" WIDTH="68" HEIGHT="29" CONTENT="nada" WC="0.70" CC="7201"/>
						<SP ID="P101_SP00119" HPOS="449" VPOS="960" WIDTH="19"/>
						<String ID="P101_ST00134" HPOS="468" VPOS="917" WIDTH="68" HEIGHT="29" CONTENT="tiene" WC="0.69" CC="70006"/>
						<SP ID="P101_SP00120" HPOS="536" VPOS="960" WIDTH="23"/>
						<String ID="P101_ST00135" HPOS="559" VPOS="927" WIDTH="53" HEIGHT="29" CONTENT="que" WC="0.90" CC="030"/>
						<SP ID="P101_SP00121" HPOS="612" VPOS="960" WIDTH="23"/>
						<String ID="P101_ST00136" HPOS="635" VPOS="916" WIDTH="120" HEIGHT="30" CONTENT="envidiar" WC="1.00" CC="00000000"/>
						<SP ID="P101_SP00122" HPOS="755" VPOS="960" WIDTH="23"/>
						<String ID="P101_ST00137" HPOS="778" VPOS="917" WIDTH="24" HEIGHT="30" CONTENT="al" WC="0.72" CC="05"/>
						<SP ID="P101_SP00123" HPOS="802" VPOS="960" WIDTH="29"/>
						<String ID="P101_ST00138" HPOS="831" VPOS="922" WIDTH="40" HEIGHT="25" CONTENT="tan" WC="0.76" CC="007"/>
						<SP ID="P101_SP00124" HPOS="871" VPOS="960" WIDTH="27"/>
						<String ID="P101_ST00139" HPOS="898" VPOS="918" WIDTH="176" HEIGHT="31" CONTENT="renombrado" WC="0.79" CC="0037070003"/>
						<SP ID="P101_SP00125" HPOS="1074" VPOS="960" WIDTH="13"/>
						<String ID="P101_ST00140" HPOS="1087" VPOS="918" WIDTH="32" HEIGHT="30" CONTENT="de" WC="0.51" CC="90"/>
					</TextLine>
					<TextLine ID="P101_TL00016" HPOS="102" VPOS="972" WIDTH="592" HEIGHT="41">
						<String ID="P101_ST00141" HPOS="102" VPOS="976" WIDTH="105" HEIGHT="34" CONTENT="Mahon," WC="0.65" CC="017470"/>
						<SP ID="P101_SP00126" HPOS="207" VPOS="1010" WIDTH="16"/>
						<String ID="P101_ST00142" HPOS="223" VPOS="977" WIDTH="14" HEIGHT="28" CONTENT="á" WC="1.00" CC="0"/>
						<SP ID="P101_SP00127" HPOS="237" VPOS="1010" WIDTH="15"/>
						<String ID="P101_ST00143" HPOS="252" VPOS="984" WIDTH="33" HEIGHT="20" CONTENT="no" WC="0.35" CC="75"/>
						<SP ID="P101_SP00128" HPOS="285" VPOS="1010" WIDTH="14"/>
						<String ID="P101_ST00144" HPOS="299" VPOS="984" WIDTH="42" HEIGHT="20" CONTENT="ser" WC="0.90" CC="200"/>
						<SP ID="P101_SP00129" HPOS="341" VPOS="1010" WIDTH="13"/>
						<String ID="P101_ST00145" HPOS="354" VPOS="984" WIDTH="30" HEIGHT="19" CONTENT="su" WC="0.45" CC="64"/>
						<SP ID="P101_SP00130" HPOS="384" VPOS="1010" WIDTH="16"/>
						<String ID="P101_ST00146" HPOS="400" VPOS="973" WIDTH="118" HEIGHT="40" CONTENT="posición" WC="0.67" CC="92603030"/>
						<SP ID="P101_SP00131" HPOS="518" VPOS="1013" WIDTH="17"/>
						<String ID="P101_ST00147" HPOS="535" VPOS="972" WIDTH="159" HEIGHT="40" CONTENT="geográfica." WC="0.96" CC="00300000010"/>
					</TextLine>
				</TextBlock>
				<TextBlock ID="P101_TB00007" HPOS="98" VPOS="1029" WIDTH="1024" HEIGHT="325" STYLEREFS="TXT_1 PAR_LEFT">
					<TextLine ID="P101_TL00017" HPOS="140" VPOS="1029" WIDTH="982" HEIGHT="44">
						<String ID="P101_ST00148" HPOS="140" VPOS="1034" WIDTH="58" HEIGHT="39" CONTENT="Hay" WC="0.57" CC="570"/>
						<SP ID="P101_SP00132" HPOS="198" VPOS="1073" WIDTH="17"/>
						<String ID="P101_ST00149" HPOS="215" VPOS="1042" WIDTH="50" HEIGHT="19" CONTENT="una" WC="0.47" CC="860"/>
						<SP ID="P101_SP00133" HPOS="265" VPOS="1073" WIDTH="17"/>
						<String ID="P101_ST00150" HPOS="282" VPOS="1031" WIDTH="91" HEIGHT="30" CONTENT="bonila" WC="0.57" CC="734054"/>
						<SP ID="P101_SP00134" HPOS="373" VPOS="1073" WIDTH="14"/>
						<String ID="P101_ST00151" HPOS="387" VPOS="1030" WIDTH="154" HEIGHT="41" CONTENT="población," WC="0.81" CC="0600040610"/>
						<SP ID="P101_SP00135" HPOS="541" VPOS="1073" WIDTH="15"/>
						<String ID="P101_ST00152" HPOS="556" VPOS="1031" WIDTH="13" HEIGHT="29" CONTENT="á" WC="1.00" CC="0"/>
						<SP ID="P101_SP00136" HPOS="569" VPOS="1073" WIDTH="13"/>
						<String ID="P101_ST00153" HPOS="582" VPOS="1030" WIDTH="23" HEIGHT="29" CONTENT="la" WC="0.81" CC="30"/>
						<SP ID="P101_SP00137" HPOS="605" VPOS="1073" WIDTH="14"/>
						<String ID="P101_ST00154" HPOS="619" VPOS="1029" WIDTH="125" HEIGHT="35" CONTENT="derecha," WC="0.75" CC="00660700"/>
						<SP ID="P101_SP00138" HPOS="744" VPOS="1073" WIDTH="24"/>
						<String ID="P101_ST00155" HPOS="768" VPOS="1029" WIDTH="23" HEIGHT="30" CONTENT="al" WC="0.50" CC="63"/>
						<SP ID="P101_SP00139" HPOS="791" VPOS="1073" WIDTH="15"/>
						<String ID="P101_ST00156" HPOS="806" VPOS="1035" WIDTH="100" HEIGHT="25" CONTENT="entrar:" WC="0.65" CC="0560605"/>
						<SP ID="P101_SP00140" HPOS="906" VPOS="1073" WIDTH="22"/>
						<String ID="P101_ST00157" HPOS="928" VPOS="1031" WIDTH="66" HEIGHT="30" CONTENT="tiene" WC="0.72" CC="00660"/>
						<SP ID="P101_SP00141" HPOS="994" VPOS="1073" WIDTH="17"/>
						<String ID="P101_ST00158" HPOS="1011" VPOS="1031" WIDTH="111" HEIGHT="39" CONTENT="algunos" WC="0.39" CC="6494366"/>
					</TextLine>
					<TextLine ID="P101_TL00018" HPOS="100" VPOS="1085" WIDTH="1022" HEIGHT="42">
						<String ID="P101_ST00159" HPOS="100" VPOS="1089" WIDTH="118" HEIGHT="31" CONTENT="edificios" WC="0.78" CC="000007056"/>
						<SP ID="P101_SP00142" HPOS="218" VPOS="1120" WIDTH="14"/>
						<String ID="P101_ST00160" HPOS="232" VPOS="1089" WIDTH="13" HEIGHT="29" CONTENT="á" WC="0.08" CC="9"/>
						<SP ID="P101_SP00143" HPOS="245" VPOS="1120" WIDTH="29"/>
						<String ID="P101_ST00161" HPOS="274" VPOS="1088" WIDTH="24" HEIGHT="29" CONTENT="la" WC="1.00" CC="00"/>
						<SP ID="P101_SP00144" HPOS="298" VPOS="1120" WIDTH="17"/>
						<String ID="P101_ST00162" HPOS="315" VPOS="1087" WIDTH="116" HEIGHT="40" CONTENT="inglesa," WC="0.58" CC="56903421"/>
						<SP ID="P101_SP00145" HPOS="431" VPOS="1127" WIDTH="27"/>
						<String ID="P101_ST00163" HPOS="458" VPOS="1097" WIDTH="66" HEIGHT="30" CONTENT="pues" WC="0.96" CC="0001"/>
						<SP ID="P101_SP00146" HPOS="524" VPOS="1127" WIDTH="22"/>
						<String ID="P101_ST00164" HPOS="546" VPOS="1086" WIDTH="110" HEIGHT="30" CONTENT="estando" WC="0.79" CC="1006600"/>
						<SP ID="P101_SP00147" HPOS="656" VPOS="1127" WIDTH="16"/>
						<String ID="P101_ST00165" HPOS="672" VPOS="1092" WIDTH="53" HEIGHT="24" CONTENT="esta" WC="0.60" CC="7404"/>
						<SP ID="P101_SP00148" HPOS="725" VPOS="1127" WIDTH="18"/>
						<String ID="P101_ST00166" HPOS="743" VPOS="1085" WIDTH="61" HEIGHT="36" CONTENT="isla," WC="0.77" CC="06400"/>
						<SP ID="P101_SP00149" HPOS="804" VPOS="1127" WIDTH="18"/>
						<String ID="P101_ST00167" HPOS="822" VPOS="1097" WIDTH="74" HEIGHT="19" CONTENT="como" WC="0.52" CC="0665"/>
						<SP ID="P101_SP00150" HPOS="896" VPOS="1127" WIDTH="17"/>
						<String ID="P101_ST00168" HPOS="913" VPOS="1087" WIDTH="38" HEIGHT="29" CONTENT="las" WC="0.62" CC="370"/>
						<SP ID="P101_SP00151" HPOS="951" VPOS="1127" WIDTH="16"/>
						<String ID="P101_ST00169" HPOS="967" VPOS="1087" WIDTH="90" HEIGHT="29" CONTENT="demás" WC="0.59" CC="07426"/>
						<SP ID="P101_SP00152" HPOS="1057" VPOS="1127" WIDTH="15"/>
						<String ID="P101_ST00170" HPOS="1072" VPOS="1097" WIDTH="50" HEIGHT="30" CONTENT="que" WC="0.57" CC="812"/>
					</TextLine>
					<TextLine ID="P101_TL00019" HPOS="98" VPOS="1143" WIDTH="1024" HEIGHT="41">
						<String ID="P101_ST00171" HPOS="98" VPOS="1147" WIDTH="101" HEIGHT="30" CONTENT="forman" WC="0.49" CC="610668"/>
						<SP ID="P101_SP00153" HPOS="199" VPOS="1177" WIDTH="15"/>
						<String ID="P101_ST00172" HPOS="214" VPOS="1146" WIDTH="22" HEIGHT="29" CONTENT="el" WC="0.36" CC="65"/>
						<SP ID="P101_SP00154" HPOS="236" VPOS="1177" WIDTH="16"/>
						<String ID="P101_ST00173" HPOS="252" VPOS="1154" WIDTH="85" HEIGHT="30" CONTENT="grupo" WC="0.83" CC="00701"/>
						<SP ID="P101_SP00155" HPOS="337" VPOS="1184" WIDTH="14"/>
						<String ID="P101_ST00174" HPOS="351" VPOS="1154" WIDTH="53" HEIGHT="30" CONTENT="que" WC="0.66" CC="072"/>
						<SP ID="P101_SP00156" HPOS="404" VPOS="1184" WIDTH="17"/>
						<String ID="P101_ST00175" HPOS="421" VPOS="1143" WIDTH="96" HEIGHT="29" CONTENT="llaman" WC="0.74" CC="006026"/>
						<SP ID="P101_SP00157" HPOS="517" VPOS="1184" WIDTH="26"/>
						<String ID="P101_ST00176" HPOS="543" VPOS="1143" WIDTH="106" HEIGHT="30" CONTENT="Jónicas" WC="0.68" CC="4540015"/>
						<SP ID="P101_SP00158" HPOS="649" VPOS="1184" WIDTH="17"/>
						<String ID="P101_ST00177" HPOS="666" VPOS="1154" WIDTH="16" HEIGHT="29" CONTENT="y" WC="1.00" CC="0"/>
						<SP ID="P101_SP00159" HPOS="682" VPOS="1184" WIDTH="20"/>
						<String ID="P101_ST00178" HPOS="702" VPOS="1152" WIDTH="68" HEIGHT="30" CONTENT="cuya" WC="0.62" CC="3605"/>
						<SP ID="P101_SP00160" HPOS="770" VPOS="1184" WIDTH="20"/>
						<String ID="P101_ST00179" HPOS="790" VPOS="1143" WIDTH="94" HEIGHT="40" CONTENT="capilal" WC="0.92" CC="1300000"/>
						<SP ID="P101_SP00161" HPOS="884" VPOS="1184" WIDTH="25"/>
						<String ID="P101_ST00180" HPOS="909" VPOS="1154" WIDTH="28" HEIGHT="19" CONTENT="es" WC="0.50" CC="09"/>
						<SP ID="P101_SP00162" HPOS="937" VPOS="1184" WIDTH="16"/>
						<String ID="P101_ST00181" HPOS="953" VPOS="1143" WIDTH="91" HEIGHT="35" CONTENT="Corfú," WC="0.58" CC="439070"/>
						<SP ID="P101_SP00163" HPOS="1044" VPOS="1184" WIDTH="19"/>
						<String ID="P101_ST00182" HPOS="1063" VPOS="1143" WIDTH="59" HEIGHT="40" CONTENT="bajo" WC="0.60" CC="7503"/>
					</TextLine>
					<TextLine ID="P101_TL00020" HPOS="100" VPOS="1198" WIDTH="1017" HEIGHT="41">
						<String ID="P101_ST00183" HPOS="100" VPOS="1203" WIDTH="24" HEIGHT="30" CONTENT="el" WC="0.73" CC="05"/>
						<SP ID="P101_SP00164" HPOS="124" VPOS="1233" WIDTH="17"/>
						<String ID="P101_ST00184" HPOS="141" VPOS="1202" WIDTH="117" HEIGHT="30" CONTENT="deminio" WC="0.84" CC="0600300"/>
						<SP ID="P101_SP00165" HPOS="258" VPOS="1233" WIDTH="13"/>
						<String ID="P101_ST00185" HPOS="271" VPOS="1200" WIDTH="32" HEIGHT="30" CONTENT="de" WC="0.67" CC="06"/>
						<SP ID="P101_SP00166" HPOS="303" VPOS="1233" WIDTH="17"/>
						<String ID="P101_ST00186" HPOS="320" VPOS="1200" WIDTH="23" HEIGHT="29" CONTENT="la" WC="1.00" CC="00"/>
						<SP ID="P101_SP00167" HPOS="343" VPOS="1233" WIDTH="16"/>
						<String ID="P101_ST00187" HPOS="359" VPOS="1199" WIDTH="158" HEIGHT="40" CONTENT="Inglaterra," WC="0.68" CC="64064007050"/>
						<SP ID="P101_SP00168" HPOS="517" VPOS="1239" WIDTH="15"/>
						<String ID="P101_ST00188" HPOS="532" VPOS="1210" WIDTH="33" HEIGHT="18" CONTENT="no" WC="0.69" CC="42"/>
						<SP ID="P101_SP00169" HPOS="565" VPOS="1239" WIDTH="14"/>
						<String ID="P101_ST00189" HPOS="579" VPOS="1199" WIDTH="77" HEIGHT="39" CONTENT="dejan" WC="0.59" CC="07066"/>
						<SP ID="P101_SP00170" HPOS="656" VPOS="1239" WIDTH="17"/>
						<String ID="P101_ST00190" HPOS="673" VPOS="1198" WIDTH="31" HEIGHT="30" CONTENT="de" WC="0.80" CC="03"/>
						<SP ID="P101_SP00171" HPOS="704" VPOS="1239" WIDTH="14"/>
						<String ID="P101_ST00191" HPOS="718" VPOS="1199" WIDTH="93" HEIGHT="34" CONTENT="haber," WC="0.48" CC="737560"/>
						<SP ID="P101_SP00172" HPOS="811" VPOS="1239" WIDTH="15"/>
						<String ID="P101_ST00192" HPOS="826" VPOS="1209" WIDTH="106" HEIGHT="30" CONTENT="aunque" WC="0.85" CC="110050"/>
						<SP ID="P101_SP00173" HPOS="932" VPOS="1239" WIDTH="13"/>
						<String ID="P101_ST00193" HPOS="945" VPOS="1199" WIDTH="38" HEIGHT="30" CONTENT="los" WC="0.60" CC="560"/>
						<SP ID="P101_SP00174" HPOS="983" VPOS="1239" WIDTH="15"/>
						<String ID="P101_ST00194" HPOS="998" VPOS="1199" WIDTH="119" HEIGHT="31" CONTENT="habitan" SUBS_TYPE="HypPart1" SUBS_CONTENT="habitantes" WC="0.55" CC="76700580"/>
						<HYP CONTENT="-"/>
					</TextLine>
					<TextLine ID="P101_TL00021" HPOS="100" VPOS="1254" WIDTH="1022" HEIGHT="42">
						<String ID="P101_ST00195" HPOS="100" VPOS="1265" WIDTH="39" HEIGHT="24" CONTENT="tes" SUBS_TYPE="HypPart2" SUBS_CONTENT="habitantes" WC="0.91" CC="200"/>
						<SP ID="P101_SP00175" HPOS="139" VPOS="1289" WIDTH="24"/>
						<String ID="P101_ST00196" HPOS="163" VPOS="1268" WIDTH="63" HEIGHT="19" CONTENT="sean" WC="0.59" CC="0771"/>
						<SP ID="P101_SP00176" HPOS="226" VPOS="1289" WIDTH="25"/>
						<String ID="P101_ST00197" HPOS="251" VPOS="1257" WIDTH="119" HEIGHT="39" CONTENT="griegos," WC="0.66" CC="96020071"/>
						<SP ID="P101_SP00177" HPOS="370" VPOS="1296" WIDTH="19"/>
						<String ID="P101_ST00198" HPOS="389" VPOS="1255" WIDTH="112" HEIGHT="39" CONTENT="algunos" WC="0.50" CC="0790465"/>
						<SP ID="P101_SP00178" HPOS="501" VPOS="1296" WIDTH="26"/>
						<String ID="P101_ST00199" HPOS="527" VPOS="1254" WIDTH="112" HEIGHT="30" CONTENT="factores" WC="0.90" CC="20021010"/>
						<SP ID="P101_SP00179" HPOS="639" VPOS="1296" WIDTH="23"/>
						<String ID="P101_ST00200" HPOS="662" VPOS="1254" WIDTH="41" HEIGHT="30" CONTENT="del" WC="0.74" CC="007"/>
						<SP ID="P101_SP00180" HPOS="703" VPOS="1296" WIDTH="18"/>
						<String ID="P101_ST00201" HPOS="721" VPOS="1255" WIDTH="131" HEIGHT="30" CONTENT="comercio" WC="0.80" CC="03070005"/>
						<SP ID="P101_SP00181" HPOS="852" VPOS="1296" WIDTH="21"/>
						<String ID="P101_ST00202" HPOS="873" VPOS="1254" WIDTH="33" HEIGHT="31" CONTENT="de" WC="0.64" CC="07"/>
						<SP ID="P101_SP00182" HPOS="906" VPOS="1296" WIDTH="17"/>
						<String ID="P101_ST00203" HPOS="923" VPOS="1255" WIDTH="23" HEIGHT="30" CONTENT="la" WC="0.50" CC="72"/>
						<SP ID="P101_SP00183" HPOS="946" VPOS="1296" WIDTH="18"/>
						<String ID="P101_ST00204" HPOS="964" VPOS="1255" WIDTH="75" HEIGHT="32" CONTENT="Cilé," WC="0.77" CC="00604"/>
						<SP ID="P101_SP00184" HPOS="1039" VPOS="1296" WIDTH="21"/>
						<String ID="P101_ST00205" HPOS="1060" VPOS="1265" WIDTH="62" HEIGHT="31" CONTENT="para" WC="1.00" CC="0000"/>
					</TextLine>
					<TextLine ID="P101_TL00022" HPOS="100" VPOS="1311" WIDTH="938" HEIGHT="43">
						<String ID="P101_ST00206" HPOS="100" VPOS="1315" WIDTH="184" HEIGHT="39" CONTENT="monopolizar" WC="0.66" CC="56036800301"/>
						<SP ID="P101_SP00185" HPOS="284" VPOS="1354" WIDTH="17"/>
						<String ID="P101_ST00207" HPOS="301" VPOS="1314" WIDTH="39" HEIGHT="28" CONTENT="los" WC="0.68" CC="072"/>
						<SP ID="P101_SP00186" HPOS="340" VPOS="1354" WIDTH="16"/>
						<String ID="P101_ST00208" HPOS="356" VPOS="1312" WIDTH="83" HEIGHT="30" CONTENT="frutos" WC="0.67" CC="005264"/>
						<SP ID="P101_SP00187" HPOS="439" VPOS="1354" WIDTH="18"/>
						<String ID="P101_ST00209" HPOS="457" VPOS="1321" WIDTH="51" HEIGHT="31" CONTENT="que" WC="0.71" CC="800"/>
						<SP ID="P101_SP00188" HPOS="508" VPOS="1354" WIDTH="17"/>
						<String ID="P101_ST00210" HPOS="525" VPOS="1311" WIDTH="134" HEIGHT="41" CONTENT="producen" WC="0.68" CC="00608028"/>
						<SP ID="P101_SP00189" HPOS="659" VPOS="1354" WIDTH="18"/>
						<String ID="P101_ST00211" HPOS="677" VPOS="1311" WIDTH="120" HEIGHT="40" CONTENT="aquellas" WC="0.70" CC="50340325"/>
						<SP ID="P101_SP00190" HPOS="797" VPOS="1354" WIDTH="17"/>
						<String ID="P101_ST00212" HPOS="814" VPOS="1311" WIDTH="135" HEIGHT="31" CONTENT="hermosas" WC="0.61" CC="70064660"/>
						<SP ID="P101_SP00191" HPOS="949" VPOS="1354" WIDTH="15"/>
						<String ID="P101_ST00213" HPOS="964" VPOS="1312" WIDTH="74" HEIGHT="30" CONTENT="islas." WC="0.96" CC="000010"/>
					</TextLine>
				</TextBlock>
				<TextBlock ID="P101_TB00008" HPOS="99" VPOS="1367" WIDTH="1026" HEIGHT="158" STYLEREFS="TXT_1 PAR_LEFT">
					<TextLine ID="P101_TL00023" HPOS="141" VPOS="1368" WIDTH="984" HEIGHT="40">
						<String ID="P101_ST00214" HPOS="141" VPOS="1372" WIDTH="86" HEIGHT="31" CONTENT="Habia" WC="0.95" CC="20000"/>
						<SP ID="P101_SP00192" HPOS="227" VPOS="1403" WIDTH="13"/>
						<String ID="P101_ST00215" HPOS="240" VPOS="1370" WIDTH="32" HEIGHT="30" CONTENT="de" WC="1.00" CC="00"/>
						<SP ID="P101_SP00193" HPOS="272" VPOS="1403" WIDTH="15"/>
						<String ID="P101_ST00216" HPOS="287" VPOS="1369" WIDTH="123" HEIGHT="30" CONTENT="arribada" WC="0.72" CC="01207900"/>
						<SP ID="P101_SP00194" HPOS="410" VPOS="1403" WIDTH="12"/>
						<String ID="P101_ST00217" HPOS="422" VPOS="1379" WIDTH="31" HEIGHT="19" CONTENT="en" WC="0.63" CC="07"/>
						<SP ID="P101_SP00195" HPOS="453" VPOS="1403" WIDTH="14"/>
						<String ID="P101_ST00218" HPOS="467" VPOS="1369" WIDTH="23" HEIGHT="28" CONTENT="el" WC="0.88" CC="02"/>
						<SP ID="P101_SP00196" HPOS="490" VPOS="1403" WIDTH="19"/>
						<String ID="P101_ST00219" HPOS="509" VPOS="1374" WIDTH="104" HEIGHT="34" CONTENT="puerto," WC="0.85" CC="0013050"/>
						<SP ID="P101_SP00197" HPOS="613" VPOS="1408" WIDTH="20"/>
						<String ID="P101_ST00220" HPOS="633" VPOS="1378" WIDTH="47" HEIGHT="30" CONTENT="por" WC="0.75" CC="070"/>
						<SP ID="P101_SP00198" HPOS="680" VPOS="1408" WIDTH="16"/>
						<String ID="P101_ST00221" HPOS="696" VPOS="1368" WIDTH="140" HEIGHT="29" CONTENT="habérsele" WC="0.69" CC="703506050"/>
						<SP ID="P101_SP00199" HPOS="836" VPOS="1408" WIDTH="10"/>
						<String ID="P101_ST00222" HPOS="846" VPOS="1374" WIDTH="57" HEIGHT="23" CONTENT="roto" WC="0.41" CC="4575"/>
						<SP ID="P101_SP00200" HPOS="903" VPOS="1408" WIDTH="16"/>
						<String ID="P101_ST00223" HPOS="919" VPOS="1369" WIDTH="23" HEIGHT="28" CONTENT="el" WC="1.00" CC="00"/>
						<SP ID="P101_SP00201" HPOS="942" VPOS="1408" WIDTH="17"/>
						<String ID="P101_ST00224" HPOS="959" VPOS="1369" WIDTH="90" HEIGHT="34" CONTENT="timón," WC="0.77" CC="600330"/>
						<SP ID="P101_SP00202" HPOS="1049" VPOS="1408" WIDTH="26"/>
						<String ID="P101_ST00225" HPOS="1075" VPOS="1377" WIDTH="50" HEIGHT="20" CONTENT="una" WC="0.54" CC="750"/>
					</TextLine>
					<TextLine ID="P101_TL00024" HPOS="100" VPOS="1423" WIDTH="1025" HEIGHT="46">
						<String ID="P101_ST00226" HPOS="100" VPOS="1430" WIDTH="100" HEIGHT="39" CONTENT="fragata" WC="0.71" CC="1009105"/>
						<SP ID="P101_SP00203" HPOS="200" VPOS="1469" WIDTH="17"/>
						<String ID="P101_ST00227" HPOS="217" VPOS="1428" WIDTH="119" HEIGHT="30" CONTENT="francesa" WC="0.71" CC="02060067"/>
						<SP ID="P101_SP00204" HPOS="336" VPOS="1469" WIDTH="18"/>
						<String ID="P101_ST00228" HPOS="354" VPOS="1436" WIDTH="53" HEIGHT="30" CONTENT="que" WC="0.80" CC="041"/>
						<SP ID="P101_SP00205" HPOS="407" VPOS="1469" WIDTH="17"/>
						<String ID="P101_ST00229" HPOS="424" VPOS="1424" WIDTH="103" HEIGHT="30" CONTENT="llevaba" WC="0.64" CC="3050636"/>
						<SP ID="P101_SP00206" HPOS="527" VPOS="1469" WIDTH="18"/>
						<String ID="P101_ST00230" HPOS="545" VPOS="1434" WIDTH="35" HEIGHT="19" CONTENT="un" WC="0.28" CC="67"/>
						<SP ID="P101_SP00207" HPOS="580" VPOS="1469" WIDTH="17"/>
						<String ID="P101_ST00231" HPOS="597" VPOS="1423" WIDTH="196" HEIGHT="30" CONTENT="deslacamenlo" WC="0.73" CC="000000970634"/>
						<SP ID="P101_SP00208" HPOS="793" VPOS="1469" WIDTH="17"/>
						<String ID="P101_ST00232" HPOS="810" VPOS="1424" WIDTH="32" HEIGHT="29" CONTENT="de" WC="0.33" CC="93"/>
						<SP ID="P101_SP00209" HPOS="842" VPOS="1469" WIDTH="21"/>
						<String ID="P101_ST00233" HPOS="863" VPOS="1423" WIDTH="124" HEIGHT="30" CONTENT="soldados" WC="0.80" CC="05000035"/>
						<SP ID="P101_SP00210" HPOS="987" VPOS="1469" WIDTH="14"/>
						<String ID="P101_ST00234" HPOS="1001" VPOS="1435" WIDTH="15" HEIGHT="29" CONTENT="y" WC="1.00" CC="0"/>
						<SP ID="P101_SP00211" HPOS="1016" VPOS="1469" WIDTH="22"/>
						<String ID="P101_ST00235" HPOS="1038" VPOS="1424" WIDTH="87" HEIGHT="29" CONTENT="caba" SUBS_TYPE="HypPart1" SUBS_CONTENT="caballos" WC="0.79" CC="06102"/>
						<HYP CONTENT="-"/>
					</TextLine>
					<TextLine ID="P101_TL00025" HPOS="101" VPOS="1485" WIDTH="306" HEIGHT="40">
						<String ID="P101_ST00236" HPOS="101" VPOS="1486" WIDTH="50" HEIGHT="30" CONTENT="llos" SUBS_TYPE="HypPart2" SUBS_CONTENT="caballos" WC="0.68" CC="1244"/>
						<SP ID="P101_SP00212" HPOS="151" VPOS="1516" WIDTH="20"/>
						<String ID="P101_ST00237" HPOS="171" VPOS="1495" WIDTH="62" HEIGHT="30" CONTENT="para" WC="0.66" CC="0606"/>
						<SP ID="P101_SP00213" HPOS="233" VPOS="1525" WIDTH="17"/>
						<String ID="P101_ST00238" HPOS="250" VPOS="1485" WIDTH="25" HEIGHT="29" CONTENT="la" WC="1.00" CC="00"/>
						<SP ID="P101_SP00214" HPOS="275" VPOS="1525" WIDTH="17"/>
						<String ID="P101_ST00239" HPOS="292" VPOS="1485" WIDTH="115" HEIGHT="28" CONTENT="Crimea." WC="0.98" CC="1000000"/>
					</TextLine>
				</TextBlock>
				<TextBlock ID="P101_TB00009" HPOS="101" VPOS="1535" WIDTH="1028" HEIGHT="276" STYLEREFS="TXT_1 PAR_LEFT">
					<TextLine ID="P101_TL00026" HPOS="144" VPOS="1535" WIDTH="983" HEIGHT="48">
						<String ID="P101_ST00240" HPOS="144" VPOS="1544" WIDTH="119" HEIGHT="39" CONTENT="Después" WC="0.86" CC="0060110"/>
						<SP ID="P101_SP00215" HPOS="263" VPOS="1583" WIDTH="14"/>
						<String ID="P101_ST00241" HPOS="277" VPOS="1541" WIDTH="33" HEIGHT="29" CONTENT="de" WC="1.00" CC="00"/>
						<SP ID="P101_SP00216" HPOS="310" VPOS="1583" WIDTH="15"/>
						<String ID="P101_ST00242" HPOS="325" VPOS="1540" WIDTH="85" HEIGHT="30" CONTENT="haber" WC="0.60" CC="60515"/>
						<SP ID="P101_SP00217" HPOS="410" VPOS="1583" WIDTH="16"/>
						<String ID="P101_ST00243" HPOS="426" VPOS="1537" WIDTH="130" HEIGHT="43" CONTENT="esperado" WC="0.74" CC="00900306"/>
						<SP ID="P101_SP00218" HPOS="556" VPOS="1583" WIDTH="17"/>
						<String ID="P101_ST00244" HPOS="573" VPOS="1546" WIDTH="48" HEIGHT="21" CONTENT="con" WC="0.76" CC="150"/>
						<SP ID="P101_SP00219" HPOS="621" VPOS="1583" WIDTH="18"/>
						<String ID="P101_ST00245" HPOS="639" VPOS="1536" WIDTH="174" HEIGHT="41" CONTENT="impaciencia" WC="0.76" CC="50000175042"/>
						<SP ID="P101_SP00220" HPOS="813" VPOS="1583" WIDTH="14"/>
						<String ID="P101_ST00246" HPOS="827" VPOS="1546" WIDTH="57" HEIGHT="20" CONTENT="mas" WC="0.77" CC="060"/>
						<SP ID="P101_SP00221" HPOS="884" VPOS="1583" WIDTH="16"/>
						<String ID="P101_ST00247" HPOS="900" VPOS="1535" WIDTH="33" HEIGHT="31" CONTENT="de" WC="1.00" CC="00"/>
						<SP ID="P101_SP00222" HPOS="933" VPOS="1583" WIDTH="12"/>
						<String ID="P101_ST00248" HPOS="945" VPOS="1535" WIDTH="48" HEIGHT="31" CONTENT="dos" WC="0.62" CC="065"/>
						<SP ID="P101_SP00223" HPOS="993" VPOS="1583" WIDTH="17"/>
						<String ID="P101_ST00249" HPOS="1010" VPOS="1536" WIDTH="77" HEIGHT="30" CONTENT="horas" WC="0.41" CC="76653"/>
						<SP ID="P101_SP00224" HPOS="1087" VPOS="1583" WIDTH="16"/>
						<String ID="P101_ST00250" HPOS="1103" VPOS="1535" WIDTH="24" HEIGHT="31" CONTENT="la" WC="0.72" CC="50"/>
					</TextLine>
					<TextLine ID="P101_TL00027" HPOS="101" VPOS="1592" WIDTH="1026" HEIGHT="43">
						<String ID="P101_ST00251" HPOS="101" VPOS="1600" WIDTH="78" HEIGHT="30" CONTENT="visita" WC="0.83" CC="040301"/>
						<SP ID="P101_SP00225" HPOS="179" VPOS="1630" WIDTH="14"/>
						<String ID="P101_ST00252" HPOS="193" VPOS="1599" WIDTH="32" HEIGHT="30" CONTENT="de" WC="0.50" CC="09"/>
						<SP ID="P101_SP00226" HPOS="225" VPOS="1630" WIDTH="14"/>
						<String ID="P101_ST00253" HPOS="239" VPOS="1597" WIDTH="130" HEIGHT="34" CONTENT="Sanidad," WC="0.85" CC="02600200"/>
						<SP ID="P101_SP00227" HPOS="369" VPOS="1631" WIDTH="18"/>
						<String ID="P101_ST00254" HPOS="387" VPOS="1607" WIDTH="28" HEIGHT="20" CONTENT="se" WC="1.00" CC="00"/>
						<SP ID="P101_SP00228" HPOS="415" VPOS="1631" WIDTH="17"/>
						<String ID="P101_ST00255" HPOS="432" VPOS="1606" WIDTH="49" HEIGHT="20" CONTENT="nos" WC="0.48" CC="752"/>
						<SP ID="P101_SP00229" HPOS="481" VPOS="1631" WIDTH="16"/>
						<String ID="P101_ST00256" HPOS="497" VPOS="1595" WIDTH="55" HEIGHT="40" CONTENT="dijo" WC="0.89" CC="0004"/>
						<SP ID="P101_SP00230" HPOS="552" VPOS="1635" WIDTH="14"/>
						<String ID="P101_ST00257" HPOS="566" VPOS="1604" WIDTH="52" HEIGHT="31" CONTENT="que" WC="0.74" CC="070"/>
						<SP ID="P101_SP00231" HPOS="618" VPOS="1635" WIDTH="12"/>
						<String ID="P101_ST00258" HPOS="630" VPOS="1603" WIDTH="33" HEIGHT="20" CONTENT="en" WC="1.00" CC="00"/>
						<SP ID="P101_SP00232" HPOS="663" VPOS="1635" WIDTH="23"/>
						<String ID="P101_ST00259" HPOS="686" VPOS="1593" WIDTH="77" HEIGHT="41" CONTENT="aquel" WC="0.67" CC="70511"/>
						<SP ID="P101_SP00233" HPOS="763" VPOS="1635" WIDTH="19"/>
						<String ID="P101_ST00260" HPOS="782" VPOS="1598" WIDTH="81" HEIGHT="36" CONTENT="punto" WC="0.51" CC="08609"/>
						<SP ID="P101_SP00234" HPOS="863" VPOS="1635" WIDTH="15"/>
						<String ID="P101_ST00261" HPOS="878" VPOS="1603" WIDTH="34" HEIGHT="20" CONTENT="no" WC="0.90" CC="20"/>
						<SP ID="P101_SP00235" HPOS="912" VPOS="1635" WIDTH="16"/>
						<String ID="P101_ST00262" HPOS="928" VPOS="1592" WIDTH="78" HEIGHT="31" CONTENT="habia" WC="0.62" CC="50660"/>
						<SP ID="P101_SP00236" HPOS="1006" VPOS="1635" WIDTH="22"/>
						<String ID="P101_ST00263" HPOS="1028" VPOS="1592" WIDTH="99" HEIGHT="31" CONTENT="carbón" WC="0.79" CC="000047"/>
					</TextLine>
					<TextLine ID="P101_TL00028" HPOS="102" VPOS="1650" WIDTH="1024" HEIGHT="41">
						<String ID="P101_ST00264" HPOS="102" VPOS="1657" WIDTH="139" HEIGHT="31" CONTENT="suficiente" WC="0.73" CC="0200702670"/>
						<SP ID="P101_SP00237" HPOS="241" VPOS="1688" WIDTH="25"/>
						<String ID="P101_ST00265" HPOS="266" VPOS="1657" WIDTH="13" HEIGHT="28" CONTENT="á" WC="1.00" CC="0"/>
						<SP ID="P101_SP00238" HPOS="279" VPOS="1688" WIDTH="14"/>
						<String ID="P101_ST00266" HPOS="293" VPOS="1655" WIDTH="93" HEIGHT="30" CONTENT="cubrir" WC="0.78" CC="006600"/>
						<SP ID="P101_SP00239" HPOS="386" VPOS="1688" WIDTH="12"/>
						<String ID="P101_ST00267" HPOS="398" VPOS="1658" WIDTH="106" HEIGHT="26" CONTENT="nuestra" WC="0.90" CC="6000000"/>
						<SP ID="P101_SP00240" HPOS="504" VPOS="1688" WIDTH="17"/>
						<String ID="P101_ST00268" HPOS="521" VPOS="1650" WIDTH="159" HEIGHT="36" CONTENT="necesidad;" WC="0.74" CC="4301509100"/>
						<SP ID="P101_SP00241" HPOS="680" VPOS="1688" WIDTH="21"/>
						<String ID="P101_ST00269" HPOS="701" VPOS="1661" WIDTH="51" HEIGHT="29" CONTENT="que" WC="0.81" CC="050"/>
						<SP ID="P101_SP00242" HPOS="752" VPOS="1690" WIDTH="21"/>
						<String ID="P101_ST00270" HPOS="773" VPOS="1651" WIDTH="154" HEIGHT="40" CONTENT="pasáramos" WC="0.70" CC="045820040"/>
						<SP ID="P101_SP00243" HPOS="927" VPOS="1691" WIDTH="24"/>
						<String ID="P101_ST00271" HPOS="951" VPOS="1652" WIDTH="13" HEIGHT="27" CONTENT="á" WC="0.03" CC="9"/>
						<SP ID="P101_SP00244" HPOS="964" VPOS="1691" WIDTH="17"/>
						<String ID="P101_ST00272" HPOS="981" VPOS="1651" WIDTH="78" HEIGHT="28" CONTENT="Zanle" WC="0.96" CC="00200"/>
						<SP ID="P101_SP00245" HPOS="1059" VPOS="1691" WIDTH="16"/>
						<String ID="P101_ST00273" HPOS="1075" VPOS="1660" WIDTH="51" HEIGHT="30" CONTENT="que" WC="0.92" CC="010"/>
					</TextLine>
					<TextLine ID="P101_TL00029" HPOS="102" VPOS="1707" WIDTH="1027" HEIGHT="47">
						<String ID="P101_ST00274" HPOS="102" VPOS="1715" WIDTH="78" HEIGHT="30" CONTENT="habia" WC="0.74" CC="70500"/>
						<SP ID="P101_SP00246" HPOS="180" VPOS="1745" WIDTH="17"/>
						<String ID="P101_ST00275" HPOS="197" VPOS="1713" WIDTH="122" HEIGHT="41" CONTENT="depósito" WC="0.83" CC="00006060"/>
						<SP ID="P101_SP00247" HPOS="319" VPOS="1754" WIDTH="13"/>
						<String ID="P101_ST00276" HPOS="332" VPOS="1712" WIDTH="33" HEIGHT="30" CONTENT="de" WC="1.00" CC="00"/>
						<SP ID="P101_SP00248" HPOS="365" VPOS="1754" WIDTH="16"/>
						<String ID="P101_ST00277" HPOS="381" VPOS="1722" WIDTH="45" HEIGHT="19" CONTENT="ese" WC="0.84" CC="040"/>
						<SP ID="P101_SP00249" HPOS="426" VPOS="1754" WIDTH="13"/>
						<String ID="P101_ST00278" HPOS="439" VPOS="1708" WIDTH="191" HEIGHT="37" CONTENT="combustible," WC="0.62" CC="069631046023"/>
						<SP ID="P101_SP00250" HPOS="630" VPOS="1754" WIDTH="15"/>
						<String ID="P101_ST00279" HPOS="645" VPOS="1718" WIDTH="48" HEIGHT="31" CONTENT="por" WC="0.72" CC="043"/>
						<SP ID="P101_SP00251" HPOS="693" VPOS="1754" WIDTH="15"/>
						<String ID="P101_ST00280" HPOS="708" VPOS="1718" WIDTH="43" HEIGHT="19" CONTENT="ser" WC="0.80" CC="320"/>
						<SP ID="P101_SP00252" HPOS="751" VPOS="1754" WIDTH="13"/>
						<String ID="P101_ST00281" HPOS="764" VPOS="1707" WIDTH="46" HEIGHT="30" CONTENT="allí" WC="0.80" CC="0510"/>
						<SP ID="P101_SP00253" HPOS="810" VPOS="1754" WIDTH="14"/>
						<String ID="P101_ST00282" HPOS="824" VPOS="1707" WIDTH="22" HEIGHT="30" CONTENT="la" WC="1.00" CC="00"/>
						<SP ID="P101_SP00254" HPOS="846" VPOS="1754" WIDTH="14"/>
						<String ID="P101_ST00283" HPOS="860" VPOS="1707" WIDTH="86" HEIGHT="30" CONTENT="escala" WC="0.83" CC="040004"/>
						<SP ID="P101_SP00255" HPOS="946" VPOS="1754" WIDTH="15"/>
						<String ID="P101_ST00284" HPOS="961" VPOS="1707" WIDTH="33" HEIGHT="30" CONTENT="de" WC="1.00" CC="00"/>
						<SP ID="P101_SP00256" HPOS="994" VPOS="1754" WIDTH="22"/>
						<String ID="P101_ST00285" HPOS="1016" VPOS="1707" WIDTH="39" HEIGHT="30" CONTENT="los" WC="0.81" CC="005"/>
						<SP ID="P101_SP00257" HPOS="1055" VPOS="1754" WIDTH="20"/>
						<String ID="P101_ST00286" HPOS="1075" VPOS="1717" WIDTH="54" HEIGHT="20" CONTENT="va" SUBS_TYPE="HypPart1" SUBS_CONTENT="vapores" WC="1.00" CC="000"/>
						<HYP CONTENT="-"/>
					</TextLine>
					<TextLine ID="P101_TL00030" HPOS="102" VPOS="1768" WIDTH="379" HEIGHT="43">
						<String ID="P101_ST00287" HPOS="102" VPOS="1782" WIDTH="78" HEIGHT="29" CONTENT="pores" SUBS_TYPE="HypPart2" SUBS_CONTENT="vapores" WC="0.86" CC="00007"/>
						<SP ID="P101_SP00258" HPOS="180" VPOS="1811" WIDTH="16"/>
						<String ID="P101_ST00288" HPOS="196" VPOS="1770" WIDTH="43" HEIGHT="30" CONTENT="del" WC="0.96" CC="001"/>
						<SP ID="P101_SP00259" HPOS="239" VPOS="1811" WIDTH="13"/>
						<String ID="P101_ST00289" HPOS="252" VPOS="1768" WIDTH="75" HEIGHT="31" CONTENT="Lloid" WC="0.77" CC="40600"/>
						<SP ID="P101_SP00260" HPOS="327" VPOS="1811" WIDTH="11"/>
						<String ID="P101_ST00290" HPOS="338" VPOS="1769" WIDTH="143" HEIGHT="29" CONTENT="austríaco." WC="0.79" CC="0046010060"/>
					</TextLine>
				</TextBlock>
				<TextBlock ID="P101_TB00010" HPOS="143" VPOS="1819" WIDTH="983" HEIGHT="48" STYLEREFS="TXT_1 PAR_RIGHT">
					<TextLine ID="P101_TL00031" HPOS="143" VPOS="1819" WIDTH="983" HEIGHT="48">
						<String ID="P101_ST00291" HPOS="143" VPOS="1829" WIDTH="50" HEIGHT="29" CONTENT="Era" WC="0.80" CC="104"/>
						<SP ID="P101_SP00261" HPOS="193" VPOS="1858" WIDTH="15"/>
						<String ID="P101_ST00292" HPOS="208" VPOS="1837" WIDTH="31" HEIGHT="30" CONTENT="ya" WC="0.47" CC="72"/>
						<SP ID="P101_SP00262" HPOS="239" VPOS="1867" WIDTH="15"/>
						<String ID="P101_ST00293" HPOS="254" VPOS="1836" WIDTH="63" HEIGHT="31" CONTENT="muy" WC="0.49" CC="680"/>
						<SP ID="P101_SP00263" HPOS="317" VPOS="1867" WIDTH="13"/>
						<String ID="P101_ST00294" HPOS="330" VPOS="1824" WIDTH="84" HEIGHT="37" CONTENT="larde," WC="0.89" CC="006000"/>
						<SP ID="P101_SP00264" HPOS="414" VPOS="1867" WIDTH="13"/>
						<String ID="P101_ST00295" HPOS="427" VPOS="1834" WIDTH="16" HEIGHT="31" CONTENT="y" WC="1.00" CC="0"/>
						<SP ID="P101_SP00265" HPOS="443" VPOS="1867" WIDTH="16"/>
						<String ID="P101_ST00296" HPOS="459" VPOS="1824" WIDTH="15" HEIGHT="30" CONTENT="á" WC="0.40" CC="5"/>
						<SP ID="P101_SP00266" HPOS="474" VPOS="1867" WIDTH="16"/>
						<String ID="P101_ST00297" HPOS="490" VPOS="1832" WIDTH="56" HEIGHT="20" CONTENT="mas" WC="0.64" CC="711"/>
						<SP ID="P101_SP00267" HPOS="546" VPOS="1867" WIDTH="14"/>
						<String ID="P101_ST00298" HPOS="560" VPOS="1822" WIDTH="23" HEIGHT="29" CONTENT="la" WC="0.61" CC="34"/>
						<SP ID="P101_SP00268" HPOS="583" VPOS="1867" WIDTH="14"/>
						<String ID="P101_ST00299" HPOS="597" VPOS="1821" WIDTH="123" HEIGHT="40" CONTENT="máquina" WC="0.90" CC="6000000"/>
						<SP ID="P101_SP00269" HPOS="720" VPOS="1867" WIDTH="17"/>
						<String ID="P101_ST00300" HPOS="737" VPOS="1831" WIDTH="28" HEIGHT="19" CONTENT="se" WC="0.60" CC="52"/>
						<SP ID="P101_SP00270" HPOS="765" VPOS="1867" WIDTH="16"/>
						<String ID="P101_ST00301" HPOS="781" VPOS="1820" WIDTH="90" HEIGHT="30" CONTENT="eslaba" WC="0.63" CC="455005"/>
						<SP ID="P101_SP00271" HPOS="871" VPOS="1867" WIDTH="17"/>
						<String ID="P101_ST00302" HPOS="888" VPOS="1819" WIDTH="156" HEIGHT="42" CONTENT="limpiando," WC="0.83" CC="2000044032"/>
						<SP ID="P101_SP00272" HPOS="1044" VPOS="1867" WIDTH="20"/>
						<String ID="P101_ST00303" HPOS="1064" VPOS="1828" WIDTH="62" HEIGHT="32" CONTENT="para" WC="0.74" CC="0206"/>
					</TextLine>
				</TextBlock>
			</PrintSpace>
		</Page>
	</Layout>
</alto>
