<?xml version="1.0" encoding="UTF-8"?>
<alto xmlns:xsi="http://www.w3.org/2001/XMLSchema-instance" xsi:noNamespaceSchemaLocation="http://www.bl.uk/schemas/alto/alto-1-4.xsd" xmlns:xlink="http://www.w3.org/1999/xlink">
	<Description>
		<MeasurementUnit>mm10</MeasurementUnit>
		<sourceImageInformation>
			<fileName>//head1/IN/2008-26/A0011736599/009157.jp2</fileName>
		</sourceImageInformation>
		<OCRProcessing ID="OCRPROCESSING_1">
			<preProcessingStep>
				<processingSoftware>
					<softwareCreator>CCS Content Conversion Specialists GmbH, Germany</softwareCreator>
					<softwareName>CCS docWORKS</softwareName>
					<softwareVersion>6.1-0.67</softwareVersion>
				</processingSoftware>
			</preProcessingStep>
			<ocrProcessingStep>
				<processingSoftware>
					<softwareCreator>ABBYY (BIT Software), Russia</softwareCreator>
					<softwareName>Finereader</softwareName>
				</processingSoftware>
			</ocrProcessingStep>
		</OCRProcessing>
	</Description>
	<Styles>
		<TextStyle ID="TXT_0" FONTSIZE="10" FONTFAMILY="Courier New"/>
		<TextStyle ID="TXT_1" FONTSIZE="9" FONTFAMILY="Courier New"/>
		<ParagraphStyle ID="PAR_LEFT" ALIGN="Left"/>
	</Styles>
	<Layout>
		<Page ID="P105" PHYSICAL_IMG_NR="105" HEIGHT="2180" WIDTH="1241" PRINTED_IMG_NR="97" POSITION="Right" ACCURACY="73.02">
			<TopMargin ID="P105_TM00001" HPOS="0" VPOS="0" WIDTH="1241" HEIGHT="146">
				<TextBlock ID="P105_TB00001" HPOS="511" VPOS="117" WIDTH="158" HEIGHT="27" STYLEREFS="TXT_0 PAR_LEFT">
					<TextLine ID="P105_TL00001" HPOS="511" VPOS="117" WIDTH="158" HEIGHT="27">
						<String ID="P105_ST00001" HPOS="511" VPOS="117" WIDTH="158" HEIGHT="27" CONTENT="97" WC="1.00" CC="00"/>
					</TextLine>
				</TextBlock>
			</TopMargin>
			<LeftMargin ID="P105_LM00001" HPOS="0" VPOS="146" WIDTH="69" HEIGHT="1799"/>
			<RightMargin ID="P105_RM00001" HPOS="1120" VPOS="146" WIDTH="121" HEIGHT="1799"/>
			<BottomMargin ID="P105_BM00001" HPOS="0" VPOS="1945" WIDTH="1241" HEIGHT="235"/>
			<PrintSpace ID="P105_PS00001" HPOS="69" VPOS="146" WIDTH="1051" HEIGHT="1799">
				<TextBlock ID="P105_TB00002" HPOS="69" VPOS="177" WIDTH="1036" HEIGHT="313" STYLEREFS="TXT_1 PAR_LEFT">
					<TextLine ID="P105_TL00002" HPOS="112" VPOS="178" WIDTH="991" HEIGHT="41">
						<String ID="P105_ST00002" HPOS="112" VPOS="178" WIDTH="50" HEIGHT="29" CONTENT="Por" WC="0.62" CC="550"/>
						<SP ID="P105_SP00001" HPOS="162" VPOS="207" WIDTH="16"/>
						<String ID="P105_ST00003" HPOS="178" VPOS="187" WIDTH="52" HEIGHT="20" CONTENT="una" WC="0.51" CC="059"/>
						<SP ID="P105_SP00002" HPOS="230" VPOS="207" WIDTH="13"/>
						<String ID="P105_ST00004" HPOS="243" VPOS="183" WIDTH="87" HEIGHT="35" CONTENT="parle," WC="0.86" CC="035000"/>
						<SP ID="P105_SP00003" HPOS="330" VPOS="218" WIDTH="17"/>
						<String ID="P105_ST00005" HPOS="347" VPOS="180" WIDTH="139" HEIGHT="27" CONTENT="temíamos" WC="0.64" CC="54710026"/>
						<SP ID="P105_SP00004" HPOS="486" VPOS="218" WIDTH="16"/>
						<String ID="P105_ST00006" HPOS="502" VPOS="189" WIDTH="53" HEIGHT="30" CONTENT="que" WC="0.61" CC="064"/>
						<SP ID="P105_SP00005" HPOS="555" VPOS="219" WIDTH="17"/>
						<String ID="P105_ST00007" HPOS="572" VPOS="189" WIDTH="47" HEIGHT="19" CONTENT="nos" WC="0.33" CC="757"/>
						<SP ID="P105_SP00006" HPOS="619" VPOS="219" WIDTH="17"/>
						<String ID="P105_ST00008" HPOS="636" VPOS="179" WIDTH="158" HEIGHT="29" CONTENT="sometieran" WC="0.65" CC="6607016033"/>
						<SP ID="P105_SP00007" HPOS="794" VPOS="219" WIDTH="23"/>
						<String ID="P105_ST00009" HPOS="817" VPOS="179" WIDTH="15" HEIGHT="28" CONTENT="á" WC="1.00" CC="0"/>
						<SP ID="P105_SP00008" HPOS="832" VPOS="219" WIDTH="25"/>
						<String ID="P105_ST00010" HPOS="857" VPOS="178" WIDTH="97" HEIGHT="40" CONTENT="alguna" WC="0.67" CC="360062"/>
						<SP ID="P105_SP00009" HPOS="954" VPOS="219" WIDTH="18"/>
						<String ID="P105_ST00011" HPOS="972" VPOS="178" WIDTH="131" HEIGHT="30" CONTENT="observa" SUBS_TYPE="HypPart1" SUBS_CONTENT="observación," WC="0.69" CC="77510002"/>
						<HYP CONTENT="-"/>
					</TextLine>
					<TextLine ID="P105_TL00003" HPOS="71" VPOS="234" WIDTH="1034" HEIGHT="40">
						<String ID="P105_ST00012" HPOS="71" VPOS="234" WIDTH="70" HEIGHT="34" CONTENT="ción," SUBS_TYPE="HypPart2" SUBS_CONTENT="observación," WC="0.64" CC="15270"/>
						<SP ID="P105_SP00010" HPOS="141" VPOS="268" WIDTH="18"/>
						<String ID="P105_ST00013" HPOS="159" VPOS="244" WIDTH="104" HEIGHT="30" CONTENT="porque" WC="0.86" CC="060010"/>
						<SP ID="P105_SP00011" HPOS="263" VPOS="274" WIDTH="26"/>
						<String ID="P105_ST00014" HPOS="289" VPOS="244" WIDTH="29" HEIGHT="20" CONTENT="se" WC="0.94" CC="01"/>
						<SP ID="P105_SP00012" HPOS="318" VPOS="274" WIDTH="27"/>
						<String ID="P105_ST00015" HPOS="345" VPOS="234" WIDTH="96" HEIGHT="30" CONTENT="habian" WC="0.44" CC="707737"/>
						<SP ID="P105_SP00013" HPOS="441" VPOS="274" WIDTH="15"/>
						<String ID="P105_ST00016" HPOS="456" VPOS="234" WIDTH="143" HEIGHT="30" CONTENT="declarado" WC="0.60" CC="970190006"/>
						<SP ID="P105_SP00014" HPOS="599" VPOS="274" WIDTH="18"/>
						<String ID="P105_ST00017" HPOS="617" VPOS="235" WIDTH="38" HEIGHT="29" CONTENT="las" WC="0.27" CC="497"/>
						<SP ID="P105_SP00015" HPOS="655" VPOS="274" WIDTH="16"/>
						<String ID="P105_ST00018" HPOS="671" VPOS="235" WIDTH="118" HEIGHT="29" CONTENT="viruelas" WC="0.68" CC="80040506"/>
						<SP ID="P105_SP00016" HPOS="789" VPOS="274" WIDTH="23"/>
						<String ID="P105_ST00019" HPOS="812" VPOS="235" WIDTH="15" HEIGHT="29" CONTENT="á" WC="1.00" CC="0"/>
						<SP ID="P105_SP00017" HPOS="827" VPOS="274" WIDTH="17"/>
						<String ID="P105_ST00020" HPOS="844" VPOS="235" WIDTH="95" HEIGHT="30" CONTENT="bordo." WC="0.54" CC="766060"/>
						<SP ID="P105_SP00018" HPOS="939" VPOS="274" WIDTH="21"/>
						<String ID="P105_ST00021" HPOS="960" VPOS="236" WIDTH="51" HEIGHT="29" CONTENT="Las" WC="0.93" CC="200"/>
						<SP ID="P105_SP00019" HPOS="1011" VPOS="274" WIDTH="16"/>
						<String ID="P105_ST00022" HPOS="1027" VPOS="235" WIDTH="78" HEIGHT="30" CONTENT="habia" WC="0.39" CC="60769"/>
					</TextLine>
					<TextLine ID="P105_TL00004" HPOS="73" VPOS="289" WIDTH="1032" HEIGHT="41">
						<String ID="P105_ST00023" HPOS="73" VPOS="290" WIDTH="89" HEIGHT="31" CONTENT="tenido" WC="0.43" CC="707296"/>
						<SP ID="P105_SP00020" HPOS="162" VPOS="321" WIDTH="16"/>
						<String ID="P105_ST00024" HPOS="178" VPOS="300" WIDTH="35" HEIGHT="19" CONTENT="un" WC="0.90" CC="01"/>
						<SP ID="P105_SP00021" HPOS="213" VPOS="321" WIDTH="18"/>
						<String ID="P105_ST00025" HPOS="231" VPOS="289" WIDTH="127" HEIGHT="36" CONTENT="soldado," WC="0.71" CC="63006041"/>
						<SP ID="P105_SP00022" HPOS="358" VPOS="325" WIDTH="22"/>
						<String ID="P105_ST00026" HPOS="380" VPOS="301" WIDTH="14" HEIGHT="29" CONTENT="y" WC="1.00" CC="0"/>
						<SP ID="P105_SP00023" HPOS="394" VPOS="330" WIDTH="17"/>
						<String ID="P105_ST00027" HPOS="411" VPOS="301" WIDTH="29" HEIGHT="19" CONTENT="se" WC="0.63" CC="51"/>
						<SP ID="P105_SP00024" HPOS="440" VPOS="330" WIDTH="17"/>
						<String ID="P105_ST00028" HPOS="457" VPOS="290" WIDTH="122" HEIGHT="40" CONTENT="contagió" WC="0.54" CC="23077960"/>
						<SP ID="P105_SP00025" HPOS="579" VPOS="330" WIDTH="15"/>
						<String ID="P105_ST00029" HPOS="594" VPOS="301" WIDTH="35" HEIGHT="19" CONTENT="un" WC="0.63" CC="07"/>
						<SP ID="P105_SP00026" HPOS="629" VPOS="330" WIDTH="17"/>
						<String ID="P105_ST00030" HPOS="646" VPOS="290" WIDTH="145" HEIGHT="36" CONTENT="marinero," WC="0.81" CC="000050074"/>
						<SP ID="P105_SP00027" HPOS="791" VPOS="330" WIDTH="19"/>
						<String ID="P105_ST00031" HPOS="810" VPOS="290" WIDTH="23" HEIGHT="30" CONTENT="el" WC="1.00" CC="00"/>
						<SP ID="P105_SP00028" HPOS="833" VPOS="330" WIDTH="17"/>
						<String ID="P105_ST00032" HPOS="850" VPOS="291" WIDTH="60" HEIGHT="30" CONTENT="cual" WC="1.00" CC="0000"/>
						<SP ID="P105_SP00029" HPOS="910" VPOS="330" WIDTH="17"/>
						<String ID="P105_ST00033" HPOS="927" VPOS="291" WIDTH="103" HEIGHT="36" CONTENT="estaba," WC="0.67" CC="0680700"/>
						<SP ID="P105_SP00030" HPOS="1030" VPOS="330" WIDTH="26"/>
						<String ID="P105_ST00034" HPOS="1056" VPOS="301" WIDTH="49" HEIGHT="22" CONTENT="en" SUBS_TYPE="HypPart1" SUBS_CONTENT="entonces," WC="0.61" CC="083"/>
						<HYP CONTENT="-"/>
					</TextLine>
					<TextLine ID="P105_TL00005" HPOS="75" VPOS="346" WIDTH="1029" HEIGHT="43">
						<String ID="P105_ST00035" HPOS="75" VPOS="352" WIDTH="101" HEIGHT="32" CONTENT="tonces," SUBS_TYPE="HypPart2" SUBS_CONTENT="entonces," WC="0.61" CC="6572500"/>
						<SP ID="P105_SP00031" HPOS="176" VPOS="384" WIDTH="16"/>
						<String ID="P105_ST00036" HPOS="192" VPOS="356" WIDTH="32" HEIGHT="20" CONTENT="en" WC="0.63" CC="07"/>
						<SP ID="P105_SP00032" HPOS="224" VPOS="384" WIDTH="17"/>
						<String ID="P105_ST00037" HPOS="241" VPOS="346" WIDTH="24" HEIGHT="30" CONTENT="el" WC="0.79" CC="12"/>
						<SP ID="P105_SP00033" HPOS="265" VPOS="384" WIDTH="16"/>
						<String ID="P105_ST00038" HPOS="281" VPOS="346" WIDTH="99" HEIGHT="41" CONTENT="primer" WC="1.00" CC="000000"/>
						<SP ID="P105_SP00034" HPOS="380" VPOS="387" WIDTH="11"/>
						<String ID="P105_ST00039" HPOS="391" VPOS="346" WIDTH="110" HEIGHT="41" CONTENT="período" WC="0.83" CC="0003106"/>
						<SP ID="P105_SP00035" HPOS="501" VPOS="387" WIDTH="12"/>
						<String ID="P105_ST00040" HPOS="513" VPOS="346" WIDTH="33" HEIGHT="31" CONTENT="de" WC="1.00" CC="00"/>
						<SP ID="P105_SP00036" HPOS="546" VPOS="387" WIDTH="13"/>
						<String ID="P105_ST00041" HPOS="559" VPOS="346" WIDTH="76" HEIGHT="31" CONTENT="ellas." WC="0.92" CC="000301"/>
						<SP ID="P105_SP00037" HPOS="635" VPOS="387" WIDTH="18"/>
						<String ID="P105_ST00042" HPOS="653" VPOS="346" WIDTH="100" HEIGHT="31" CONTENT="Ambos" WC="0.85" CC="00240"/>
						<SP ID="P105_SP00038" HPOS="753" VPOS="387" WIDTH="14"/>
						<String ID="P105_ST00043" HPOS="767" VPOS="357" WIDTH="127" HEIGHT="27" CONTENT="curaron," WC="0.86" CC="00000550"/>
						<SP ID="P105_SP00039" HPOS="894" VPOS="387" WIDTH="16"/>
						<String ID="P105_ST00044" HPOS="910" VPOS="349" WIDTH="40" HEIGHT="29" CONTENT="sin" WC="0.67" CC="206"/>
						<SP ID="P105_SP00040" HPOS="950" VPOS="387" WIDTH="15"/>
						<String ID="P105_ST00045" HPOS="965" VPOS="348" WIDTH="139" HEIGHT="41" CONTENT="embargo," WC="0.58" CC="00745950"/>
					</TextLine>
					<TextLine ID="P105_TL00006" HPOS="76" VPOS="403" WIDTH="1029" HEIGHT="42">
						<String ID="P105_ST00046" HPOS="76" VPOS="415" WIDTH="50" HEIGHT="20" CONTENT="con" WC="0.78" CC="060"/>
						<SP ID="P105_SP00041" HPOS="126" VPOS="435" WIDTH="11"/>
						<String ID="P105_ST00047" HPOS="137" VPOS="414" WIDTH="81" HEIGHT="31" CONTENT="pocos" WC="0.75" CC="04340"/>
						<SP ID="P105_SP00042" HPOS="218" VPOS="445" WIDTH="18"/>
						<String ID="P105_ST00048" HPOS="236" VPOS="403" WIDTH="226" HEIGHT="36" CONTENT="medicamentos;" WC="0.78" CC="0000020577400"/>
						<SP ID="P105_SP00043" HPOS="462" VPOS="445" WIDTH="22"/>
						<String ID="P105_ST00049" HPOS="484" VPOS="404" WIDTH="123" HEIGHT="30" CONTENT="teniendo" WC="0.50" CC="64457703"/>
						<SP ID="P105_SP00044" HPOS="607" VPOS="445" WIDTH="14"/>
						<String ID="P105_ST00050" HPOS="621" VPOS="405" WIDTH="24" HEIGHT="29" CONTENT="la" WC="0.64" CC="51"/>
						<SP ID="P105_SP00045" HPOS="645" VPOS="445" WIDTH="15"/>
						<String ID="P105_ST00051" HPOS="660" VPOS="410" WIDTH="89" HEIGHT="24" CONTENT="suerte" WC="0.74" CC="700061"/>
						<SP ID="P105_SP00046" HPOS="749" VPOS="445" WIDTH="17"/>
						<String ID="P105_ST00052" HPOS="766" VPOS="415" WIDTH="52" HEIGHT="30" CONTENT="que" WC="0.80" CC="050"/>
						<SP ID="P105_SP00047" HPOS="818" VPOS="445" WIDTH="17"/>
						<String ID="P105_ST00053" HPOS="835" VPOS="415" WIDTH="32" HEIGHT="20" CONTENT="no" WC="0.39" CC="56"/>
						<SP ID="P105_SP00048" HPOS="867" VPOS="445" WIDTH="15"/>
						<String ID="P105_ST00054" HPOS="882" VPOS="415" WIDTH="28" HEIGHT="19" CONTENT="se" WC="0.62" CC="42"/>
						<SP ID="P105_SP00049" HPOS="910" VPOS="445" WIDTH="21"/>
						<String ID="P105_ST00055" HPOS="931" VPOS="405" WIDTH="174" HEIGHT="31" CONTENT="desarrollase" WC="0.66" CC="003001737069"/>
					</TextLine>
					<TextLine ID="P105_TL00007" HPOS="79" VPOS="459" WIDTH="368" HEIGHT="31">
						<String ID="P105_ST00056" HPOS="79" VPOS="461" WIDTH="33" HEIGHT="29" CONTENT="tal" WC="0.85" CC="300"/>
						<SP ID="P105_SP00050" HPOS="112" VPOS="490" WIDTH="21"/>
						<String ID="P105_ST00057" HPOS="133" VPOS="459" WIDTH="174" HEIGHT="31" CONTENT="enfermedad" WC="0.72" CC="4724204000"/>
						<SP ID="P105_SP00051" HPOS="307" VPOS="490" WIDTH="17"/>
						<String ID="P105_ST00058" HPOS="324" VPOS="461" WIDTH="13" HEIGHT="28" CONTENT="á" WC="0.44" CC="5"/>
						<SP ID="P105_SP00052" HPOS="337" VPOS="490" WIDTH="15"/>
						<String ID="P105_ST00059" HPOS="352" VPOS="459" WIDTH="95" HEIGHT="31" CONTENT="bordo." WC="0.53" CC="630943"/>
					</TextLine>
				</TextBlock>
				<TextBlock ID="P105_TB00003" HPOS="80" VPOS="516" WIDTH="1026" HEIGHT="268" STYLEREFS="TXT_1 PAR_LEFT">
					<TextLine ID="P105_TL00008" HPOS="119" VPOS="516" WIDTH="987" HEIGHT="42">
						<String ID="P105_ST00060" HPOS="119" VPOS="517" WIDTH="53" HEIGHT="31" CONTENT="Con" WC="0.71" CC="340"/>
						<SP ID="P105_SP00053" HPOS="172" VPOS="548" WIDTH="18"/>
						<String ID="P105_ST00061" HPOS="190" VPOS="516" WIDTH="39" HEIGHT="30" CONTENT="los" WC="0.80" CC="006"/>
						<SP ID="P105_SP00054" HPOS="229" VPOS="548" WIDTH="16"/>
						<String ID="P105_ST00062" HPOS="245" VPOS="517" WIDTH="208" HEIGHT="41" CONTENT="contratiempos" WC="0.75" CC="0474016300040"/>
						<SP ID="P105_SP00055" HPOS="453" VPOS="558" WIDTH="25"/>
						<String ID="P105_ST00063" HPOS="478" VPOS="516" WIDTH="129" HEIGHT="36" CONTENT="sufridos," WC="0.76" CC="463000600"/>
						<SP ID="P105_SP00056" HPOS="607" VPOS="558" WIDTH="27"/>
						<String ID="P105_ST00064" HPOS="634" VPOS="516" WIDTH="23" HEIGHT="31" CONTENT="la" WC="0.49" CC="63"/>
						<SP ID="P105_SP00057" HPOS="657" VPOS="558" WIDTH="30"/>
						<String ID="P105_ST00065" HPOS="687" VPOS="518" WIDTH="125" HEIGHT="40" CONTENT="máquina" WC="0.69" CC="7003370"/>
						<SP ID="P105_SP00058" HPOS="812" VPOS="558" WIDTH="17"/>
						<String ID="P105_ST00066" HPOS="829" VPOS="527" WIDTH="28" HEIGHT="21" CONTENT="se" WC="0.51" CC="54"/>
						<SP ID="P105_SP00059" HPOS="857" VPOS="558" WIDTH="16"/>
						<String ID="P105_ST00067" HPOS="873" VPOS="517" WIDTH="79" HEIGHT="31" CONTENT="habia" WC="0.85" CC="70000"/>
						<SP ID="P105_SP00060" HPOS="952" VPOS="558" WIDTH="17"/>
						<String ID="P105_ST00068" HPOS="969" VPOS="517" WIDTH="137" HEIGHT="31" CONTENT="resentido" WC="0.70" CC="001478005"/>
					</TextLine>
					<TextLine ID="P105_TL00009" HPOS="81" VPOS="574" WIDTH="1025" HEIGHT="42">
						<String ID="P105_ST00069" HPOS="81" VPOS="575" WIDTH="133" HEIGHT="35" CONTENT="bastante," WC="0.69" CC="705007700"/>
						<SP ID="P105_SP00061" HPOS="214" VPOS="610" WIDTH="17"/>
						<String ID="P105_ST00070" HPOS="231" VPOS="584" WIDTH="15" HEIGHT="31" CONTENT="y" WC="1.00" CC="0"/>
						<SP ID="P105_SP00062" HPOS="246" VPOS="615" WIDTH="13"/>
						<String ID="P105_ST00071" HPOS="259" VPOS="584" WIDTH="27" HEIGHT="20" CONTENT="se" WC="0.71" CC="50"/>
						<SP ID="P105_SP00063" HPOS="286" VPOS="615" WIDTH="15"/>
						<String ID="P105_ST00072" HPOS="301" VPOS="574" WIDTH="74" HEIGHT="31" CONTENT="hacia" WC="0.65" CC="60243"/>
						<SP ID="P105_SP00064" HPOS="375" VPOS="615" WIDTH="18"/>
						<String ID="P105_ST00073" HPOS="393" VPOS="575" WIDTH="138" HEIGHT="30" CONTENT="necesario" WC="0.75" CC="000690005"/>
						<SP ID="P105_SP00065" HPOS="531" VPOS="615" WIDTH="13"/>
						<String ID="P105_ST00074" HPOS="544" VPOS="574" WIDTH="134" HEIGHT="41" CONTENT="repasarla" WC="0.85" CC="260000012"/>
						<String ID="P105_ST00075" HPOS="689" VPOS="588" WIDTH="6" HEIGHT="22" CONTENT=";" WC="1.00" CC="0"/>
						<SP ID="P105_SP00066" HPOS="695" VPOS="615" WIDTH="15"/>
						<String ID="P105_ST00076" HPOS="710" VPOS="586" WIDTH="47" HEIGHT="30" CONTENT="por" WC="0.78" CC="023"/>
						<SP ID="P105_SP00067" HPOS="757" VPOS="616" WIDTH="14"/>
						<String ID="P105_ST00077" HPOS="771" VPOS="575" WIDTH="24" HEIGHT="30" CONTENT="lo" WC="0.73" CC="22"/>
						<SP ID="P105_SP00068" HPOS="795" VPOS="616" WIDTH="14"/>
						<String ID="P105_ST00078" HPOS="809" VPOS="586" WIDTH="51" HEIGHT="30" CONTENT="que" WC="0.77" CC="006"/>
						<SP ID="P105_SP00069" HPOS="860" VPOS="616" WIDTH="13"/>
						<String ID="P105_ST00079" HPOS="873" VPOS="574" WIDTH="120" HEIGHT="42" CONTENT="pedimos" WC="0.71" CC="0100665"/>
						<SP ID="P105_SP00070" HPOS="993" VPOS="616" WIDTH="12"/>
						<String ID="P105_ST00080" HPOS="1005" VPOS="576" WIDTH="25" HEIGHT="29" CONTENT="al" WC="0.95" CC="01"/>
						<SP ID="P105_SP00071" HPOS="1030" VPOS="616" WIDTH="13"/>
						<String ID="P105_ST00081" HPOS="1043" VPOS="577" WIDTH="63" HEIGHT="28" CONTENT="cón" SUBS_TYPE="HypPart1" SUBS_CONTENT="cónsul" WC="0.81" CC="0501"/>
						<HYP CONTENT="-"/>
					</TextLine>
					<TextLine ID="P105_TL00010" HPOS="82" VPOS="631" WIDTH="1024" HEIGHT="41">
						<String ID="P105_ST00082" HPOS="82" VPOS="632" WIDTH="41" HEIGHT="30" CONTENT="sul" SUBS_TYPE="HypPart2" SUBS_CONTENT="cónsul" WC="0.52" CC="616"/>
						<SP ID="P105_SP00072" HPOS="123" VPOS="662" WIDTH="13"/>
						<String ID="P105_ST00083" HPOS="136" VPOS="631" WIDTH="103" HEIGHT="30" CONTENT="francés" WC="0.60" CC="0566107"/>
						<SP ID="P105_SP00073" HPOS="239" VPOS="662" WIDTH="22"/>
						<String ID="P105_ST00084" HPOS="261" VPOS="641" WIDTH="49" HEIGHT="19" CONTENT="nos" WC="0.65" CC="153"/>
						<SP ID="P105_SP00074" HPOS="310" VPOS="662" WIDTH="17"/>
						<String ID="P105_ST00085" HPOS="327" VPOS="631" WIDTH="159" HEIGHT="30" CONTENT="concediera" WC="0.81" CC="0270500004"/>
						<SP ID="P105_SP00075" HPOS="486" VPOS="662" WIDTH="16"/>
						<String ID="P105_ST00086" HPOS="502" VPOS="632" WIDTH="76" HEIGHT="29" CONTENT="cinco" WC="0.78" CC="00802"/>
						<SP ID="P105_SP00076" HPOS="578" VPOS="662" WIDTH="17"/>
						<String ID="P105_ST00087" HPOS="595" VPOS="632" WIDTH="57" HEIGHT="29" CONTENT="dias" WC="0.86" CC="0005"/>
						<SP ID="P105_SP00077" HPOS="652" VPOS="662" WIDTH="16"/>
						<String ID="P105_ST00088" HPOS="668" VPOS="632" WIDTH="33" HEIGHT="29" CONTENT="de" WC="0.64" CC="07"/>
						<SP ID="P105_SP00078" HPOS="701" VPOS="662" WIDTH="16"/>
						<String ID="P105_ST00089" HPOS="717" VPOS="632" WIDTH="138" HEIGHT="29" CONTENT="detension" WC="0.71" CC="006042046"/>
						<SP ID="P105_SP00079" HPOS="855" VPOS="662" WIDTH="17"/>
						<String ID="P105_ST00090" HPOS="872" VPOS="642" WIDTH="63" HEIGHT="30" CONTENT="para" WC="0.87" CC="0040"/>
						<SP ID="P105_SP00080" HPOS="935" VPOS="672" WIDTH="12"/>
						<String ID="P105_ST00091" HPOS="947" VPOS="632" WIDTH="159" HEIGHT="29" CONTENT="verificarlo." WC="0.89" CC="000300003060"/>
					</TextLine>
					<TextLine ID="P105_TL00011" HPOS="82" VPOS="688" WIDTH="1023" HEIGHT="42">
						<String ID="P105_ST00092" HPOS="82" VPOS="690" WIDTH="50" HEIGHT="29" CONTENT="Nos" WC="0.66" CC="054"/>
						<SP ID="P105_SP00081" HPOS="132" VPOS="719" WIDTH="16"/>
						<String ID="P105_ST00093" HPOS="148" VPOS="688" WIDTH="39" HEIGHT="30" CONTENT="los" WC="0.78" CC="060"/>
						<SP ID="P105_SP00082" HPOS="187" VPOS="719" WIDTH="12"/>
						<String ID="P105_ST00094" HPOS="199" VPOS="691" WIDTH="103" HEIGHT="39" CONTENT="otorgó," WC="0.62" CC="6500940"/>
						<SP ID="P105_SP00083" HPOS="302" VPOS="730" WIDTH="21"/>
						<String ID="P105_ST00095" HPOS="323" VPOS="699" WIDTH="15" HEIGHT="30" CONTENT="y" WC="1.00" CC="0"/>
						<SP ID="P105_SP00084" HPOS="338" VPOS="730" WIDTH="13"/>
						<String ID="P105_ST00096" HPOS="351" VPOS="693" WIDTH="128" HEIGHT="26" CONTENT="entonces" WC="0.56" CC="26357009"/>
						<SP ID="P105_SP00085" HPOS="479" VPOS="730" WIDTH="24"/>
						<String ID="P105_ST00097" HPOS="503" VPOS="688" WIDTH="124" HEIGHT="41" CONTENT="pudimos" WC="0.82" CC="0200054"/>
						<SP ID="P105_SP00086" HPOS="627" VPOS="730" WIDTH="15"/>
						<String ID="P105_ST00098" HPOS="642" VPOS="688" WIDTH="164" HEIGHT="41" CONTENT="aprovechar" WC="0.84" CC="0005030600"/>
						<SP ID="P105_SP00087" HPOS="806" VPOS="730" WIDTH="26"/>
						<String ID="P105_ST00099" HPOS="832" VPOS="688" WIDTH="78" HEIGHT="41" CONTENT="aquel" WC="0.83" CC="00503"/>
						<SP ID="P105_SP00088" HPOS="910" VPOS="730" WIDTH="25"/>
						<String ID="P105_ST00100" HPOS="935" VPOS="688" WIDTH="96" HEIGHT="39" CONTENT="tiempo" WC="0.75" CC="803003"/>
						<SP ID="P105_SP00089" HPOS="1031" VPOS="730" WIDTH="24"/>
						<String ID="P105_ST00101" HPOS="1055" VPOS="698" WIDTH="50" HEIGHT="19" CONTENT="re" SUBS_TYPE="HypPart1" SUBS_CONTENT="recreándonos" WC="1.00" CC="000"/>
						<HYP CONTENT="-"/>
					</TextLine>
					<TextLine ID="P105_TL00012" HPOS="84" VPOS="744" WIDTH="857" HEIGHT="40">
						<String ID="P105_ST00102" HPOS="84" VPOS="744" WIDTH="164" HEIGHT="32" CONTENT="creándonos" SUBS_TYPE="HypPart2" SUBS_CONTENT="recreándonos" WC="0.82" CC="0000605050"/>
						<SP ID="P105_SP00090" HPOS="248" VPOS="776" WIDTH="11"/>
						<String ID="P105_ST00103" HPOS="259" VPOS="755" WIDTH="49" HEIGHT="21" CONTENT="con" WC="0.71" CC="044"/>
						<SP ID="P105_SP00091" HPOS="308" VPOS="776" WIDTH="14"/>
						<String ID="P105_ST00104" HPOS="322" VPOS="751" WIDTH="111" HEIGHT="25" CONTENT="cuantas" WC="0.64" CC="0006836"/>
						<SP ID="P105_SP00092" HPOS="433" VPOS="776" WIDTH="16"/>
						<String ID="P105_ST00105" HPOS="449" VPOS="745" WIDTH="192" HEIGHT="30" CONTENT="distracciones" WC="0.84" CC="0050000104700"/>
						<SP ID="P105_SP00093" HPOS="641" VPOS="776" WIDTH="16"/>
						<String ID="P105_ST00106" HPOS="657" VPOS="755" WIDTH="87" HEIGHT="20" CONTENT="senos" WC="0.38" CC="63676"/>
						<SP ID="P105_SP00094" HPOS="744" VPOS="776" WIDTH="13"/>
						<String ID="P105_ST00107" HPOS="757" VPOS="749" WIDTH="184" HEIGHT="35" CONTENT="presentasen." WC="0.70" CC="050207092070"/>
					</TextLine>
				</TextBlock>
				<TextBlock ID="P105_TB00004" HPOS="87" VPOS="800" WIDTH="1017" HEIGHT="99" STYLEREFS="TXT_1 PAR_LEFT">
					<TextLine ID="P105_TL00013" HPOS="126" VPOS="801" WIDTH="978" HEIGHT="41">
						<String ID="P105_ST00108" HPOS="126" VPOS="804" WIDTH="35" HEIGHT="28" CONTENT="La" WC="0.96" CC="00"/>
						<SP ID="P105_SP00095" HPOS="161" VPOS="832" WIDTH="12"/>
						<String ID="P105_ST00109" HPOS="173" VPOS="802" WIDTH="113" HEIGHT="40" CONTENT="primera" WC="0.77" CC="0506003"/>
						<SP ID="P105_SP00096" HPOS="286" VPOS="842" WIDTH="15"/>
						<String ID="P105_ST00110" HPOS="301" VPOS="802" WIDTH="83" HEIGHT="30" CONTENT="noche" WC="0.67" CC="40075"/>
						<String ID="P105_ST00111" HPOS="395" VPOS="827" WIDTH="5" HEIGHT="11" CONTENT="," WC="0.84" CC="1"/>
						<SP ID="P105_SP00097" HPOS="400" VPOS="842" WIDTH="13"/>
						<String ID="P105_ST00112" HPOS="413" VPOS="803" WIDTH="23" HEIGHT="29" CONTENT="la" WC="0.70" CC="05"/>
						<SP ID="P105_SP00098" HPOS="436" VPOS="842" WIDTH="13"/>
						<String ID="P105_ST00113" HPOS="449" VPOS="812" WIDTH="122" HEIGHT="30" CONTENT="pasamos" WC="0.49" CC="0156956"/>
						<SP ID="P105_SP00099" HPOS="571" VPOS="842" WIDTH="13"/>
						<String ID="P105_ST00114" HPOS="584" VPOS="802" WIDTH="33" HEIGHT="29" CONTENT="de" WC="0.69" CC="06"/>
						<SP ID="P105_SP00100" HPOS="617" VPOS="842" WIDTH="14"/>
						<String ID="P105_ST00115" HPOS="631" VPOS="802" WIDTH="75" HEIGHT="29" CONTENT="visita" WC="0.63" CC="002566"/>
						<SP ID="P105_SP00101" HPOS="706" VPOS="842" WIDTH="14"/>
						<String ID="P105_ST00116" HPOS="720" VPOS="812" WIDTH="48" HEIGHT="19" CONTENT="con" WC="0.62" CC="046"/>
						<SP ID="P105_SP00102" HPOS="768" VPOS="842" WIDTH="15"/>
						<String ID="P105_ST00117" HPOS="783" VPOS="802" WIDTH="22" HEIGHT="29" CONTENT="la" WC="0.68" CC="60"/>
						<SP ID="P105_SP00103" HPOS="805" VPOS="842" WIDTH="11"/>
						<String ID="P105_ST00118" HPOS="816" VPOS="801" WIDTH="100" HEIGHT="30" CONTENT="familia" WC="0.83" CC="3000601"/>
						<SP ID="P105_SP00104" HPOS="916" VPOS="842" WIDTH="8"/>
						<String ID="P105_ST00119" HPOS="924" VPOS="801" WIDTH="180" HEIGHT="36" CONTENT="deQuinlana," WC="0.70" CC="00760603700"/>
					</TextLine>
					<TextLine ID="P105_TL00014" HPOS="87" VPOS="858" WIDTH="853" HEIGHT="41">
						<String ID="P105_ST00120" HPOS="87" VPOS="869" WIDTH="51" HEIGHT="30" CONTENT="que" WC="0.85" CC="040"/>
						<SP ID="P105_SP00105" HPOS="138" VPOS="899" WIDTH="16"/>
						<String ID="P105_ST00121" HPOS="154" VPOS="868" WIDTH="44" HEIGHT="20" CONTENT="era" WC="0.83" CC="050"/>
						<SP ID="P105_SP00106" HPOS="198" VPOS="899" WIDTH="16"/>
						<String ID="P105_ST00122" HPOS="214" VPOS="869" WIDTH="48" HEIGHT="19" CONTENT="con" WC="0.79" CC="050"/>
						<SP ID="P105_SP00107" HPOS="262" VPOS="899" WIDTH="15"/>
						<String ID="P105_ST00123" HPOS="277" VPOS="859" WIDTH="23" HEIGHT="29" CONTENT="la" WC="0.68" CC="24"/>
						<SP ID="P105_SP00108" HPOS="300" VPOS="899" WIDTH="13"/>
						<String ID="P105_ST00124" HPOS="313" VPOS="870" WIDTH="51" HEIGHT="29" CONTENT="que" WC="0.88" CC="030"/>
						<SP ID="P105_SP00109" HPOS="364" VPOS="899" WIDTH="16"/>
						<String ID="P105_ST00125" HPOS="380" VPOS="858" WIDTH="138" HEIGHT="30" CONTENT="habíamos" WC="0.70" CC="60164040"/>
						<SP ID="P105_SP00110" HPOS="518" VPOS="899" WIDTH="12"/>
						<String ID="P105_ST00126" HPOS="530" VPOS="858" WIDTH="136" HEIGHT="30" CONTENT="contraído" WC="0.69" CC="547005004"/>
						<SP ID="P105_SP00111" HPOS="666" VPOS="899" WIDTH="16"/>
						<String ID="P105_ST00127" HPOS="682" VPOS="858" WIDTH="120" HEIGHT="29" CONTENT="estrecha" WC="0.75" CC="00600074"/>
						<SP ID="P105_SP00112" HPOS="802" VPOS="899" WIDTH="16"/>
						<String ID="P105_ST00128" HPOS="818" VPOS="858" WIDTH="122" HEIGHT="29" CONTENT="amistad." WC="0.92" CC="00060000"/>
					</TextLine>
				</TextBlock>
				<TextBlock ID="P105_TB00005" HPOS="89" VPOS="913" WIDTH="1020" HEIGHT="153" STYLEREFS="TXT_1 PAR_LEFT">
					<TextLine ID="P105_TL00015" HPOS="129" VPOS="914" WIDTH="980" HEIGHT="41">
						<String ID="P105_ST00129" HPOS="129" VPOS="915" WIDTH="37" HEIGHT="29" CONTENT="La" WC="0.68" CC="60"/>
						<SP ID="P105_SP00113" HPOS="166" VPOS="944" WIDTH="27"/>
						<String ID="P105_ST00130" HPOS="193" VPOS="914" WIDTH="128" HEIGHT="41" CONTENT="segunda," WC="0.53" CC="60906950"/>
						<SP ID="P105_SP00114" HPOS="321" VPOS="955" WIDTH="19"/>
						<String ID="P105_ST00131" HPOS="340" VPOS="914" WIDTH="98" HEIGHT="31" CONTENT="fuimos" WC="0.84" CC="132002"/>
						<SP ID="P105_SP00115" HPOS="438" VPOS="955" WIDTH="15"/>
						<String ID="P105_ST00132" HPOS="453" VPOS="914" WIDTH="25" HEIGHT="30" CONTENT="al" WC="1.00" CC="00"/>
						<SP ID="P105_SP00116" HPOS="478" VPOS="955" WIDTH="18"/>
						<String ID="P105_ST00133" HPOS="496" VPOS="919" WIDTH="91" HEIGHT="25" CONTENT="teatro." WC="0.77" CC="0045060"/>
						<SP ID="P105_SP00117" HPOS="587" VPOS="955" WIDTH="20"/>
						<String ID="P105_ST00134" HPOS="607" VPOS="914" WIDTH="229" HEIGHT="40" CONTENT="Representábase" WC="0.69" CC="77404045206000"/>
						<SP ID="P105_SP00118" HPOS="836" VPOS="955" WIDTH="16"/>
						<String ID="P105_ST00135" HPOS="852" VPOS="914" WIDTH="23" HEIGHT="29" CONTENT="el" WC="1.00" CC="00"/>
						<SP ID="P105_SP00119" HPOS="875" VPOS="955" WIDTH="28"/>
						<String ID="P105_ST00136" HPOS="903" VPOS="914" WIDTH="112" HEIGHT="29" CONTENT="Poliuto." WC="0.63" CC="66005450"/>
						<SP ID="P105_SP00120" HPOS="1015" VPOS="955" WIDTH="33"/>
						<String ID="P105_ST00137" HPOS="1048" VPOS="915" WIDTH="61" HEIGHT="28" CONTENT="Esla" WC="0.83" CC="0104"/>
					</TextLine>
					<TextLine ID="P105_TL00016" HPOS="92" VPOS="969" WIDTH="1017" HEIGHT="43">
						<String ID="P105_ST00138" HPOS="92" VPOS="970" WIDTH="69" HEIGHT="31" CONTENT="bella" WC="0.52" CC="75460"/>
						<SP ID="P105_SP00121" HPOS="161" VPOS="1001" WIDTH="15"/>
						<String ID="P105_ST00139" HPOS="176" VPOS="971" WIDTH="176" HEIGHT="41" CONTENT="composición" WC="0.77" CC="05001400047"/>
						<SP ID="P105_SP00122" HPOS="352" VPOS="1012" WIDTH="22"/>
						<String ID="P105_ST00140" HPOS="374" VPOS="970" WIDTH="32" HEIGHT="30" CONTENT="de" WC="0.67" CC="06"/>
						<SP ID="P105_SP00123" HPOS="406" VPOS="1012" WIDTH="16"/>
						<String ID="P105_ST00141" HPOS="422" VPOS="970" WIDTH="140" HEIGHT="34" CONTENT="Donizetti," WC="0.59" CC="0370767700"/>
						<SP ID="P105_SP00124" HPOS="562" VPOS="1012" WIDTH="20"/>
						<String ID="P105_ST00142" HPOS="582" VPOS="969" WIDTH="124" HEIGHT="33" CONTENT="endulzó," WC="0.67" CC="75010352"/>
						<SP ID="P105_SP00125" HPOS="706" VPOS="1012" WIDTH="23"/>
						<String ID="P105_ST00143" HPOS="729" VPOS="980" WIDTH="47" HEIGHT="30" CONTENT="por" WC="0.94" CC="010"/>
						<SP ID="P105_SP00126" HPOS="776" VPOS="1012" WIDTH="19"/>
						<String ID="P105_ST00144" HPOS="795" VPOS="969" WIDTH="100" HEIGHT="30" CONTENT="decirlo" WC="0.64" CC="0004956"/>
						<SP ID="P105_SP00127" HPOS="895" VPOS="1012" WIDTH="25"/>
						<String ID="P105_ST00145" HPOS="920" VPOS="970" WIDTH="50" HEIGHT="35" CONTENT="así," WC="0.83" CC="0600"/>
						<SP ID="P105_SP00128" HPOS="970" VPOS="1012" WIDTH="19"/>
						<String ID="P105_ST00146" HPOS="989" VPOS="975" WIDTH="120" HEIGHT="24" CONTENT="nuestros" WC="0.68" CC="00066047"/>
					</TextLine>
					<TextLine ID="P105_TL00017" HPOS="91" VPOS="1024" WIDTH="1018" HEIGHT="42">
						<String ID="P105_ST00147" HPOS="91" VPOS="1036" WIDTH="156" HEIGHT="27" CONTENT="corazones," WC="0.60" CC="0430596070"/>
						<SP ID="P105_SP00129" HPOS="247" VPOS="1063" WIDTH="17"/>
						<String ID="P105_ST00148" HPOS="264" VPOS="1026" WIDTH="125" HEIGHT="40" CONTENT="agriados" WC="0.63" CC="09401057"/>
						<SP ID="P105_SP00130" HPOS="389" VPOS="1066" WIDTH="16"/>
						<String ID="P105_ST00149" HPOS="405" VPOS="1036" WIDTH="52" HEIGHT="30" CONTENT="que" WC="0.91" CC="002"/>
						<SP ID="P105_SP00131" HPOS="457" VPOS="1066" WIDTH="17"/>
						<String ID="P105_ST00150" HPOS="474" VPOS="1035" WIDTH="51" HEIGHT="21" CONTENT="aun" WC="0.65" CC="153"/>
						<SP ID="P105_SP00132" HPOS="525" VPOS="1066" WIDTH="17"/>
						<String ID="P105_ST00151" HPOS="542" VPOS="1025" WIDTH="121" HEIGHT="35" CONTENT="estaban," WC="0.50" CC="56755152"/>
						<SP ID="P105_SP00133" HPOS="663" VPOS="1066" WIDTH="21"/>
						<String ID="P105_ST00152" HPOS="684" VPOS="1035" WIDTH="46" HEIGHT="30" CONTENT="por" WC="0.61" CC="055"/>
						<SP ID="P105_SP00134" HPOS="730" VPOS="1066" WIDTH="26"/>
						<String ID="P105_ST00153" HPOS="756" VPOS="1024" WIDTH="38" HEIGHT="30" CONTENT="los" WC="0.75" CC="060"/>
						<SP ID="P105_SP00135" HPOS="794" VPOS="1066" WIDTH="16"/>
						<String ID="P105_ST00154" HPOS="810" VPOS="1024" WIDTH="151" HEIGHT="30" CONTENT="sinsabores" WC="0.71" CC="0264472000"/>
						<SP ID="P105_SP00136" HPOS="961" VPOS="1066" WIDTH="22"/>
						<String ID="P105_ST00155" HPOS="983" VPOS="1024" WIDTH="43" HEIGHT="31" CONTENT="del" WC="0.77" CC="600"/>
						<SP ID="P105_SP00137" HPOS="1026" VPOS="1066" WIDTH="17"/>
						<String ID="P105_ST00156" HPOS="1043" VPOS="1035" WIDTH="66" HEIGHT="19" CONTENT="mar." WC="0.76" CC="7002"/>
					</TextLine>
				</TextBlock>
				<TextBlock ID="P105_TB00006" HPOS="91" VPOS="1080" WIDTH="1019" HEIGHT="90" STYLEREFS="TXT_1 PAR_LEFT">
					<TextLine ID="P105_TL00018" HPOS="130" VPOS="1080" WIDTH="980" HEIGHT="44">
						<String ID="P105_ST00157" HPOS="130" VPOS="1085" WIDTH="36" HEIGHT="28" CONTENT="La" WC="0.65" CC="24"/>
						<SP ID="P105_SP00138" HPOS="166" VPOS="1113" WIDTH="13"/>
						<String ID="P105_ST00158" HPOS="179" VPOS="1084" WIDTH="143" HEIGHT="40" CONTENT="siguiente," WC="0.55" CC="6090267803"/>
						<SP ID="P105_SP00139" HPOS="322" VPOS="1124" WIDTH="17"/>
						<String ID="P105_ST00159" HPOS="339" VPOS="1082" WIDTH="95" HEIGHT="31" CONTENT="fuimos" WC="0.70" CC="122740"/>
						<SP ID="P105_SP00140" HPOS="434" VPOS="1124" WIDTH="13"/>
						<String ID="P105_ST00160" HPOS="447" VPOS="1082" WIDTH="133" HEIGHT="30" CONTENT="invitados" WC="0.77" CC="060172020"/>
						<SP ID="P105_SP00141" HPOS="580" VPOS="1124" WIDTH="11"/>
						<String ID="P105_ST00161" HPOS="591" VPOS="1082" WIDTH="15" HEIGHT="30" CONTENT="á" WC="1.00" CC="0"/>
						<SP ID="P105_SP00142" HPOS="606" VPOS="1124" WIDTH="13"/>
						<String ID="P105_ST00162" HPOS="619" VPOS="1081" WIDTH="104" HEIGHT="41" CONTENT="pasarla" WC="0.70" CC="0240534"/>
						<SP ID="P105_SP00143" HPOS="723" VPOS="1124" WIDTH="14"/>
						<String ID="P105_ST00163" HPOS="737" VPOS="1080" WIDTH="32" HEIGHT="31" CONTENT="de" WC="0.33" CC="93"/>
						<SP ID="P105_SP00144" HPOS="769" VPOS="1124" WIDTH="19"/>
						<String ID="P105_ST00164" HPOS="788" VPOS="1081" WIDTH="104" HEIGHT="30" CONTENT="tertulia" WC="0.84" CC="60003002"/>
						<SP ID="P105_SP00145" HPOS="892" VPOS="1124" WIDTH="13"/>
						<String ID="P105_ST00165" HPOS="905" VPOS="1091" WIDTH="32" HEIGHT="20" CONTENT="en" WC="0.56" CC="26"/>
						<SP ID="P105_SP00146" HPOS="937" VPOS="1124" WIDTH="17"/>
						<String ID="P105_ST00166" HPOS="954" VPOS="1091" WIDTH="61" HEIGHT="20" CONTENT="casa" WC="0.90" CC="0012"/>
						<SP ID="P105_SP00147" HPOS="1015" VPOS="1124" WIDTH="23"/>
						<String ID="P105_ST00167" HPOS="1038" VPOS="1081" WIDTH="33" HEIGHT="30" CONTENT="de" WC="0.79" CC="04"/>
						<SP ID="P105_SP00148" HPOS="1071" VPOS="1124" WIDTH="18"/>
						<String ID="P105_ST00168" HPOS="1089" VPOS="1081" WIDTH="21" HEIGHT="30" CONTENT="la" WC="0.27" CC="49"/>
					</TextLine>
					<TextLine ID="P105_TL00019" HPOS="92" VPOS="1140" WIDTH="212" HEIGHT="30">
						<String ID="P105_ST00169" HPOS="92" VPOS="1140" WIDTH="84" HEIGHT="30" CONTENT="citada" WC="0.93" CC="000004"/>
						<SP ID="P105_SP00149" HPOS="176" VPOS="1170" WIDTH="17"/>
						<String ID="P105_ST00170" HPOS="193" VPOS="1140" WIDTH="111" HEIGHT="30" CONTENT="familia." WC="0.87" CC="20500002"/>
					</TextLine>
				</TextBlock>
				<TextBlock ID="P105_TB00007" HPOS="92" VPOS="1194" WIDTH="1020" HEIGHT="158" STYLEREFS="TXT_1 PAR_LEFT">
					<TextLine ID="P105_TL00020" HPOS="132" VPOS="1195" WIDTH="980" HEIGHT="42">
						<String ID="P105_ST00171" HPOS="132" VPOS="1200" WIDTH="34" HEIGHT="29" CONTENT="La" WC="0.50" CC="36"/>
						<SP ID="P105_SP00150" HPOS="166" VPOS="1229" WIDTH="17"/>
						<String ID="P105_ST00172" HPOS="183" VPOS="1199" WIDTH="114" HEIGHT="30" CONTENT="señorita" WC="0.56" CC="50650079"/>
						<SP ID="P105_SP00151" HPOS="297" VPOS="1229" WIDTH="17"/>
						<String ID="P105_ST00173" HPOS="314" VPOS="1199" WIDTH="133" HEIGHT="35" CONTENT="Quintana" WC="0.84" CC="52030000"/>
						<SP ID="P105_SP00152" HPOS="447" VPOS="1234" WIDTH="14"/>
						<String ID="P105_ST00174" HPOS="461" VPOS="1199" WIDTH="88" HEIGHT="33" CONTENT="cantó," WC="0.82" CC="003070"/>
						<SP ID="P105_SP00153" HPOS="549" VPOS="1234" WIDTH="16"/>
						<String ID="P105_ST00175" HPOS="565" VPOS="1195" WIDTH="229" HEIGHT="42" CONTENT="acompañándose" WC="0.80" CC="0010000970060"/>
						<SP ID="P105_SP00154" HPOS="794" VPOS="1237" WIDTH="27"/>
						<String ID="P105_ST00176" HPOS="821" VPOS="1205" WIDTH="32" HEIGHT="19" CONTENT="en" WC="0.64" CC="07"/>
						<SP ID="P105_SP00155" HPOS="853" VPOS="1237" WIDTH="22"/>
						<String ID="P105_ST00177" HPOS="875" VPOS="1196" WIDTH="22" HEIGHT="28" CONTENT="el" WC="0.70" CC="06"/>
						<SP ID="P105_SP00156" HPOS="897" VPOS="1237" WIDTH="16"/>
						<String ID="P105_ST00178" HPOS="913" VPOS="1196" WIDTH="89" HEIGHT="39" CONTENT="piano," WC="0.72" CC="006630"/>
						<SP ID="P105_SP00157" HPOS="1002" VPOS="1237" WIDTH="27"/>
						<String ID="P105_ST00179" HPOS="1029" VPOS="1195" WIDTH="83" HEIGHT="30" CONTENT="bellos" WC="0.63" CC="741053"/>
					</TextLine>
					<TextLine ID="P105_TL00021" HPOS="93" VPOS="1251" WIDTH="1019" HEIGHT="46">
						<String ID="P105_ST00180" HPOS="93" VPOS="1262" WIDTH="83" HEIGHT="24" CONTENT="trozos" WC="0.59" CC="705046"/>
						<SP ID="P105_SP00158" HPOS="176" VPOS="1286" WIDTH="12"/>
						<String ID="P105_ST00181" HPOS="188" VPOS="1256" WIDTH="32" HEIGHT="29" CONTENT="de" WC="1.00" CC="00"/>
						<SP ID="P105_SP00159" HPOS="220" VPOS="1286" WIDTH="17"/>
						<String ID="P105_ST00182" HPOS="237" VPOS="1258" WIDTH="106" HEIGHT="39" CONTENT="óperas," WC="0.73" CC="3002660"/>
						<SP ID="P105_SP00160" HPOS="343" VPOS="1297" WIDTH="19"/>
						<String ID="P105_ST00183" HPOS="362" VPOS="1266" WIDTH="13" HEIGHT="30" CONTENT="y" WC="1.00" CC="0"/>
						<SP ID="P105_SP00161" HPOS="375" VPOS="1297" WIDTH="14"/>
						<String ID="P105_ST00184" HPOS="389" VPOS="1255" WIDTH="113" HEIGHT="40" CONTENT="algunas" WC="0.75" CC="0105605"/>
						<SP ID="P105_SP00162" HPOS="502" VPOS="1297" WIDTH="13"/>
						<String ID="P105_ST00185" HPOS="515" VPOS="1253" WIDTH="142" HEIGHT="31" CONTENT="canciones" WC="0.63" CC="057264320"/>
						<SP ID="P105_SP00163" HPOS="657" VPOS="1297" WIDTH="14"/>
						<String ID="P105_ST00186" HPOS="671" VPOS="1252" WIDTH="140" HEIGHT="41" CONTENT="españolas" WC="0.62" CC="060056436"/>
						<SP ID="P105_SP00164" HPOS="811" VPOS="1297" WIDTH="16"/>
						<String ID="P105_ST00187" HPOS="827" VPOS="1262" WIDTH="63" HEIGHT="31" CONTENT="para" WC="1.00" CC="0000"/>
						<SP ID="P105_SP00165" HPOS="890" VPOS="1297" WIDTH="16"/>
						<String ID="P105_ST00188" HPOS="906" VPOS="1251" WIDTH="97" HEIGHT="31" CONTENT="honrar" WC="0.67" CC="757000"/>
						<SP ID="P105_SP00166" HPOS="1003" VPOS="1297" WIDTH="15"/>
						<String ID="P105_ST00189" HPOS="1018" VPOS="1251" WIDTH="24" HEIGHT="30" CONTENT="la" WC="1.00" CC="00"/>
						<SP ID="P105_SP00167" HPOS="1042" VPOS="1297" WIDTH="14"/>
						<String ID="P105_ST00190" HPOS="1056" VPOS="1262" WIDTH="56" HEIGHT="20" CONTENT="me" SUBS_TYPE="HypPart1" SUBS_CONTENT="memoria" WC="0.89" CC="003"/>
						<HYP CONTENT="-"/>
					</TextLine>
					<TextLine ID="P105_TL00022" HPOS="93" VPOS="1312" WIDTH="278" HEIGHT="40">
						<String ID="P105_ST00191" HPOS="93" VPOS="1312" WIDTH="81" HEIGHT="31" CONTENT="moria" SUBS_TYPE="HypPart2" SUBS_CONTENT="memoria" WC="0.88" CC="06000"/>
						<SP ID="P105_SP00168" HPOS="174" VPOS="1343" WIDTH="15"/>
						<String ID="P105_ST00192" HPOS="189" VPOS="1312" WIDTH="34" HEIGHT="30" CONTENT="de" WC="1.00" CC="00"/>
						<SP ID="P105_SP00169" HPOS="223" VPOS="1343" WIDTH="13"/>
						<String ID="P105_ST00193" HPOS="236" VPOS="1312" WIDTH="24" HEIGHT="30" CONTENT="la" WC="0.77" CC="40"/>
						<SP ID="P105_SP00170" HPOS="260" VPOS="1343" WIDTH="19"/>
						<String ID="P105_ST00194" HPOS="279" VPOS="1312" WIDTH="92" HEIGHT="40" CONTENT="patria." WC="0.93" CC="0004000"/>
					</TextLine>
				</TextBlock>
				<TextBlock ID="P105_TB00008" HPOS="89" VPOS="1363" WIDTH="1027" HEIGHT="321" STYLEREFS="TXT_1 PAR_LEFT">
					<TextLine ID="P105_TL00023" HPOS="130" VPOS="1364" WIDTH="981" HEIGHT="47">
						<String ID="P105_ST00195" HPOS="130" VPOS="1371" WIDTH="119" HEIGHT="40" CONTENT="Después" WC="0.68" CC="5660020"/>
						<SP ID="P105_SP00171" HPOS="249" VPOS="1411" WIDTH="15"/>
						<String ID="P105_ST00196" HPOS="264" VPOS="1368" WIDTH="182" HEIGHT="43" CONTENT="acompañada" WC="0.81" CC="0230067000"/>
						<SP ID="P105_SP00172" HPOS="446" VPOS="1411" WIDTH="14"/>
						<String ID="P105_ST00197" HPOS="460" VPOS="1367" WIDTH="32" HEIGHT="31" CONTENT="de" WC="1.00" CC="00"/>
						<SP ID="P105_SP00173" HPOS="492" VPOS="1411" WIDTH="11"/>
						<String ID="P105_ST00198" HPOS="503" VPOS="1378" WIDTH="33" HEIGHT="19" CONTENT="un" WC="0.49" CC="36"/>
						<SP ID="P105_SP00174" HPOS="536" VPOS="1411" WIDTH="17"/>
						<String ID="P105_ST00199" HPOS="553" VPOS="1367" WIDTH="88" HEIGHT="39" CONTENT="amigo" WC="0.84" CC="20005"/>
						<SP ID="P105_SP00175" HPOS="641" VPOS="1411" WIDTH="25"/>
						<String ID="P105_ST00200" HPOS="666" VPOS="1365" WIDTH="70" HEIGHT="30" CONTENT="déla" WC="0.81" CC="0205"/>
						<SP ID="P105_SP00176" HPOS="736" VPOS="1411" WIDTH="22"/>
						<String ID="P105_ST00201" HPOS="758" VPOS="1375" WIDTH="73" HEIGHT="25" CONTENT="casa," WC="0.71" CC="04522"/>
						<SP ID="P105_SP00177" HPOS="831" VPOS="1411" WIDTH="23"/>
						<String ID="P105_ST00202" HPOS="854" VPOS="1364" WIDTH="68" HEIGHT="30" CONTENT="buen" WC="0.45" CC="5762"/>
						<SP ID="P105_SP00178" HPOS="922" VPOS="1411" WIDTH="26"/>
						<String ID="P105_ST00203" HPOS="948" VPOS="1364" WIDTH="118" HEIGHT="41" CONTENT="profesor" WC="0.62" CC="09700660"/>
						<SP ID="P105_SP00179" HPOS="1066" VPOS="1411" WIDTH="13"/>
						<String ID="P105_ST00204" HPOS="1079" VPOS="1364" WIDTH="32" HEIGHT="30" CONTENT="de" WC="0.95" CC="00"/>
					</TextLine>
					<TextLine ID="P105_TL00024" HPOS="93" VPOS="1420" WIDTH="1021" HEIGHT="46">
						<String ID="P105_ST00205" HPOS="93" VPOS="1427" WIDTH="93" HEIGHT="36" CONTENT="violin," WC="0.75" CC="3050052"/>
						<SP ID="P105_SP00180" HPOS="186" VPOS="1463" WIDTH="17"/>
						<String ID="P105_ST00206" HPOS="203" VPOS="1437" WIDTH="29" HEIGHT="19" CONTENT="se" WC="0.48" CC="45"/>
						<SP ID="P105_SP00181" HPOS="232" VPOS="1463" WIDTH="18"/>
						<String ID="P105_ST00207" HPOS="250" VPOS="1432" WIDTH="105" HEIGHT="24" CONTENT="locaron" WC="0.91" CC="0000060"/>
						<SP ID="P105_SP00182" HPOS="355" VPOS="1463" WIDTH="25"/>
						<String ID="P105_ST00208" HPOS="380" VPOS="1424" WIDTH="141" HEIGHT="42" CONTENT="escogidas" WC="0.77" CC="000405036"/>
						<SP ID="P105_SP00183" HPOS="521" VPOS="1466" WIDTH="17"/>
						<String ID="P105_ST00209" HPOS="538" VPOS="1423" WIDTH="97" HEIGHT="42" CONTENT="piezas." WC="0.83" CC="0013060"/>
						<SP ID="P105_SP00184" HPOS="635" VPOS="1466" WIDTH="18"/>
						<String ID="P105_ST00210" HPOS="653" VPOS="1422" WIDTH="56" HEIGHT="29" CONTENT="Mas" WC="0.99" CC="000"/>
						<SP ID="P105_SP00185" HPOS="709" VPOS="1466" WIDTH="15"/>
						<String ID="P105_ST00211" HPOS="724" VPOS="1420" WIDTH="72" HEIGHT="31" CONTENT="larde" WC="0.92" CC="00003"/>
						<SP ID="P105_SP00186" HPOS="796" VPOS="1466" WIDTH="13"/>
						<String ID="P105_ST00212" HPOS="809" VPOS="1431" WIDTH="28" HEIGHT="19" CONTENT="se" WC="0.42" CC="55"/>
						<SP ID="P105_SP00187" HPOS="837" VPOS="1466" WIDTH="13"/>
						<String ID="P105_ST00213" HPOS="850" VPOS="1420" WIDTH="83" HEIGHT="36" CONTENT="bailó," WC="0.69" CC="510650"/>
						<SP ID="P105_SP00188" HPOS="933" VPOS="1466" WIDTH="18"/>
						<String ID="P105_ST00214" HPOS="951" VPOS="1431" WIDTH="14" HEIGHT="30" CONTENT="y" WC="1.00" CC="0"/>
						<SP ID="P105_SP00189" HPOS="965" VPOS="1466" WIDTH="17"/>
						<String ID="P105_ST00215" HPOS="982" VPOS="1421" WIDTH="13" HEIGHT="29" CONTENT="á" WC="1.00" CC="0"/>
						<SP ID="P105_SP00190" HPOS="995" VPOS="1466" WIDTH="18"/>
						<String ID="P105_ST00216" HPOS="1013" VPOS="1420" WIDTH="38" HEIGHT="30" CONTENT="las" WC="0.68" CC="224"/>
						<SP ID="P105_SP00191" HPOS="1051" VPOS="1466" WIDTH="16"/>
						<String ID="P105_ST00217" HPOS="1067" VPOS="1420" WIDTH="47" HEIGHT="30" CONTENT="dos" WC="0.58" CC="066"/>
					</TextLine>
					<TextLine ID="P105_TL00025" HPOS="91" VPOS="1477" WIDTH="1025" HEIGHT="47">
						<String ID="P105_ST00218" HPOS="91" VPOS="1483" WIDTH="33" HEIGHT="31" CONTENT="de" WC="1.00" CC="00"/>
						<SP ID="P105_SP00192" HPOS="124" VPOS="1514" WIDTH="16"/>
						<String ID="P105_ST00219" HPOS="140" VPOS="1483" WIDTH="24" HEIGHT="31" CONTENT="la" WC="1.00" CC="00"/>
						<SP ID="P105_SP00193" HPOS="164" VPOS="1514" WIDTH="17"/>
						<String ID="P105_ST00220" HPOS="181" VPOS="1483" WIDTH="164" HEIGHT="41" CONTENT="madrugada" WC="0.85" CC="700060000"/>
						<SP ID="P105_SP00194" HPOS="345" VPOS="1524" WIDTH="14"/>
						<String ID="P105_ST00221" HPOS="359" VPOS="1493" WIDTH="28" HEIGHT="19" CONTENT="se" WC="0.86" CC="20"/>
						<SP ID="P105_SP00195" HPOS="387" VPOS="1524" WIDTH="16"/>
						<String ID="P105_ST00222" HPOS="403" VPOS="1482" WIDTH="82" HEIGHT="30" CONTENT="sirvió" WC="0.76" CC="061005"/>
						<SP ID="P105_SP00196" HPOS="485" VPOS="1524" WIDTH="18"/>
						<String ID="P105_ST00223" HPOS="503" VPOS="1491" WIDTH="34" HEIGHT="19" CONTENT="un" WC="0.38" CC="47"/>
						<SP ID="P105_SP00197" HPOS="537" VPOS="1524" WIDTH="14"/>
						<String ID="P105_ST00224" HPOS="551" VPOS="1479" WIDTH="85" HEIGHT="31" CONTENT="buffet" WC="0.59" CC="520708"/>
						<String ID="P105_ST00225" HPOS="646" VPOS="1504" WIDTH="5" HEIGHT="9" CONTENT="," WC="1.00" CC="0"/>
						<SP ID="P105_SP00198" HPOS="651" VPOS="1524" WIDTH="17"/>
						<String ID="P105_ST00226" HPOS="668" VPOS="1477" WIDTH="184" HEIGHT="31" CONTENT="retirándonos" WC="0.72" CC="028010104256"/>
						<SP ID="P105_SP00199" HPOS="852" VPOS="1524" WIDTH="16"/>
						<String ID="P105_ST00227" HPOS="868" VPOS="1478" WIDTH="15" HEIGHT="29" CONTENT="á" WC="1.00" CC="0"/>
						<SP ID="P105_SP00200" HPOS="883" VPOS="1524" WIDTH="24"/>
						<String ID="P105_ST00228" HPOS="907" VPOS="1477" WIDTH="143" HEIGHT="29" CONTENT="descansar" WC="0.66" CC="056406600"/>
						<SP ID="P105_SP00201" HPOS="1050" VPOS="1524" WIDTH="15"/>
						<String ID="P105_ST00229" HPOS="1065" VPOS="1487" WIDTH="51" HEIGHT="20" CONTENT="una" WC="0.61" CC="064"/>
					</TextLine>
					<TextLine ID="P105_TL00026" HPOS="91" VPOS="1533" WIDTH="1024" HEIGHT="49">
						<String ID="P105_ST00230" HPOS="91" VPOS="1541" WIDTH="63" HEIGHT="30" CONTENT="hora" WC="0.93" CC="0200"/>
						<SP ID="P105_SP00202" HPOS="154" VPOS="1571" WIDTH="14"/>
						<String ID="P105_ST00231" HPOS="168" VPOS="1540" WIDTH="128" HEIGHT="42" CONTENT="después," WC="0.83" CC="00700060"/>
						<SP ID="P105_SP00203" HPOS="296" VPOS="1582" WIDTH="19"/>
						<String ID="P105_ST00232" HPOS="315" VPOS="1550" WIDTH="64" HEIGHT="31" CONTENT="muy" WC="0.76" CC="700"/>
						<SP ID="P105_SP00204" HPOS="379" VPOS="1582" WIDTH="11"/>
						<String ID="P105_ST00233" HPOS="390" VPOS="1537" WIDTH="157" HEIGHT="32" CONTENT="satisfechos" WC="0.66" CC="00806430650"/>
						<SP ID="P105_SP00205" HPOS="547" VPOS="1582" WIDTH="11"/>
						<String ID="P105_ST00234" HPOS="558" VPOS="1536" WIDTH="42" HEIGHT="30" CONTENT="del" WC="0.67" CC="036"/>
						<SP ID="P105_SP00206" HPOS="600" VPOS="1582" WIDTH="17"/>
						<String ID="P105_ST00235" HPOS="617" VPOS="1534" WIDTH="131" HEIGHT="42" CONTENT="obsequio" WC="0.53" CC="00469744"/>
						<SP ID="P105_SP00207" HPOS="748" VPOS="1582" WIDTH="16"/>
						<String ID="P105_ST00236" HPOS="764" VPOS="1544" WIDTH="52" HEIGHT="31" CONTENT="que" WC="0.85" CC="040"/>
						<SP ID="P105_SP00208" HPOS="816" VPOS="1582" WIDTH="16"/>
						<String ID="P105_ST00237" HPOS="832" VPOS="1543" WIDTH="46" HEIGHT="20" CONTENT="nos" WC="0.82" CC="050"/>
						<SP ID="P105_SP00209" HPOS="878" VPOS="1582" WIDTH="13"/>
						<String ID="P105_ST00238" HPOS="891" VPOS="1533" WIDTH="78" HEIGHT="30" CONTENT="habia" WC="0.70" CC="72310"/>
						<SP ID="P105_SP00210" HPOS="969" VPOS="1582" WIDTH="16"/>
						<String ID="P105_ST00239" HPOS="985" VPOS="1533" WIDTH="130" HEIGHT="31" CONTENT="tributado" WC="0.56" CC="702768007"/>
					</TextLine>
					<TextLine ID="P105_TL00027" HPOS="92" VPOS="1589" WIDTH="1024" HEIGHT="49">
						<String ID="P105_ST00240" HPOS="92" VPOS="1598" WIDTH="107" HEIGHT="40" CONTENT="aquella" WC="0.75" CC="3930000"/>
						<SP ID="P105_SP00211" HPOS="199" VPOS="1638" WIDTH="15"/>
						<String ID="P105_ST00241" HPOS="214" VPOS="1597" WIDTH="88" HEIGHT="30" CONTENT="buena" WC="0.75" CC="40070"/>
						<SP ID="P105_SP00212" HPOS="302" VPOS="1638" WIDTH="27"/>
						<String ID="P105_ST00242" HPOS="329" VPOS="1596" WIDTH="111" HEIGHT="36" CONTENT="familia," WC="0.72" CC="60004704"/>
						<SP ID="P105_SP00213" HPOS="440" VPOS="1638" WIDTH="27"/>
						<String ID="P105_ST00243" HPOS="467" VPOS="1605" WIDTH="15" HEIGHT="31" CONTENT="y" WC="1.00" CC="0"/>
						<SP ID="P105_SP00214" HPOS="482" VPOS="1638" WIDTH="26"/>
						<String ID="P105_ST00244" HPOS="508" VPOS="1591" WIDTH="234" HEIGHT="44" CONTENT="proponiéndonos" WC="0.68" CC="05004706206550"/>
						<SP ID="P105_SP00215" HPOS="742" VPOS="1638" WIDTH="25"/>
						<String ID="P105_ST00245" HPOS="767" VPOS="1589" WIDTH="206" HEIGHT="42" CONTENT="reciprocárselo" WC="0.87" CC="00020000006026"/>
						<SP ID="P105_SP00216" HPOS="973" VPOS="1638" WIDTH="25"/>
						<String ID="P105_ST00246" HPOS="998" VPOS="1589" WIDTH="118" HEIGHT="32" CONTENT="debida" SUBS_TYPE="HypPart1" SUBS_CONTENT="debidamente." WC="0.73" CC="0050804"/>
						<HYP CONTENT="-"/>
					</TextLine>
					<TextLine ID="P105_TL00028" HPOS="97" VPOS="1660" WIDTH="97" HEIGHT="24">
						<String ID="P105_ST00247" HPOS="97" VPOS="1660" WIDTH="97" HEIGHT="24" CONTENT="mente." SUBS_TYPE="HypPart2" SUBS_CONTENT="debidamente." WC="0.68" CC="907001"/>
					</TextLine>
				</TextBlock>
				<TextBlock ID="P105_TB00009" HPOS="93" VPOS="1702" WIDTH="1025" HEIGHT="98" STYLEREFS="TXT_1 PAR_LEFT">
					<TextLine ID="P105_TL00029" HPOS="136" VPOS="1703" WIDTH="982" HEIGHT="45">
						<String ID="P105_ST00248" HPOS="136" VPOS="1712" WIDTH="31" HEIGHT="30" CONTENT="Al" WC="0.80" CC="04"/>
						<SP ID="P105_SP00217" HPOS="167" VPOS="1742" WIDTH="18"/>
						<String ID="P105_ST00249" HPOS="185" VPOS="1712" WIDTH="98" HEIGHT="36" CONTENT="efecto," WC="0.73" CC="0000764"/>
						<SP ID="P105_SP00218" HPOS="283" VPOS="1748" WIDTH="18"/>
						<String ID="P105_ST00250" HPOS="301" VPOS="1712" WIDTH="23" HEIGHT="30" CONTENT="la" WC="0.94" CC="01"/>
						<SP ID="P105_SP00219" HPOS="324" VPOS="1748" WIDTH="16"/>
						<String ID="P105_ST00251" HPOS="340" VPOS="1711" WIDTH="143" HEIGHT="31" CONTENT="invitamos" WC="0.77" CC="170070040"/>
						<SP ID="P105_SP00220" HPOS="483" VPOS="1748" WIDTH="13"/>
						<String ID="P105_ST00252" HPOS="496" VPOS="1709" WIDTH="14" HEIGHT="30" CONTENT="á" WC="0.95" CC="0"/>
						<SP ID="P105_SP00221" HPOS="510" VPOS="1748" WIDTH="13"/>
						<String ID="P105_ST00253" HPOS="523" VPOS="1706" WIDTH="121" HEIGHT="33" CONTENT="celebrar" WC="0.71" CC="16506200"/>
						<SP ID="P105_SP00222" HPOS="644" VPOS="1748" WIDTH="16"/>
						<String ID="P105_ST00254" HPOS="660" VPOS="1706" WIDTH="14" HEIGHT="30" CONTENT="á" WC="0.28" CC="7"/>
						<SP ID="P105_SP00223" HPOS="674" VPOS="1748" WIDTH="16"/>
						<String ID="P105_ST00255" HPOS="690" VPOS="1704" WIDTH="83" HEIGHT="31" CONTENT="bordo" WC="0.72" CC="34006"/>
						<SP ID="P105_SP00224" HPOS="773" VPOS="1748" WIDTH="16"/>
						<String ID="P105_ST00256" HPOS="789" VPOS="1704" WIDTH="24" HEIGHT="30" CONTENT="el" WC="0.85" CC="02"/>
						<SP ID="P105_SP00225" HPOS="813" VPOS="1748" WIDTH="16"/>
						<String ID="P105_ST00257" HPOS="829" VPOS="1703" WIDTH="44" HEIGHT="31" CONTENT="dia" WC="1.00" CC="000"/>
						<SP ID="P105_SP00226" HPOS="873" VPOS="1748" WIDTH="19"/>
						<String ID="P105_ST00258" HPOS="892" VPOS="1703" WIDTH="32" HEIGHT="31" CONTENT="de" WC="0.43" CC="82"/>
						<SP ID="P105_SP00227" HPOS="924" VPOS="1748" WIDTH="24"/>
						<String ID="P105_ST00259" HPOS="948" VPOS="1704" WIDTH="56" HEIGHT="31" CONTENT="Año" WC="0.59" CC="056"/>
						<SP ID="P105_SP00228" HPOS="1004" VPOS="1748" WIDTH="28"/>
						<String ID="P105_ST00260" HPOS="1032" VPOS="1715" WIDTH="86" HEIGHT="20" CONTENT="nuevo" WC="0.61" CC="30347"/>
					</TextLine>
					<TextLine ID="P105_TL00030" HPOS="95" VPOS="1768" WIDTH="312" HEIGHT="32">
						<String ID="P105_ST00261" HPOS="95" VPOS="1781" WIDTH="35" HEIGHT="19" CONTENT="en" WC="0.12" CC="97"/>
						<SP ID="P105_SP00229" HPOS="130" VPOS="1800" WIDTH="11"/>
						<String ID="P105_ST00262" HPOS="141" VPOS="1770" WIDTH="126" HEIGHT="30" CONTENT="amistosa" WC="0.83" CC="00607000"/>
						<SP ID="P105_SP00230" HPOS="267" VPOS="1800" WIDTH="17"/>
						<String ID="P105_ST00263" HPOS="284" VPOS="1768" WIDTH="123" HEIGHT="31" CONTENT="reunión." WC="0.61" CC="13073680"/>
					</TextLine>
				</TextBlock>
				<TextBlock ID="P105_TB00010" HPOS="93" VPOS="1817" WIDTH="1027" HEIGHT="128" STYLEREFS="TXT_1 PAR_LEFT">
					<TextLine ID="P105_TL00031" HPOS="137" VPOS="1818" WIDTH="983" HEIGHT="50">
						<String ID="P105_ST00264" HPOS="137" VPOS="1827" WIDTH="83" HEIGHT="41" CONTENT="Llegó" WC="0.62" CC="02096"/>
						<SP ID="P105_SP00231" HPOS="220" VPOS="1868" WIDTH="12"/>
						<String ID="P105_ST00265" HPOS="232" VPOS="1827" WIDTH="25" HEIGHT="30" CONTENT="el" WC="0.27" CC="85"/>
						<SP ID="P105_SP00232" HPOS="257" VPOS="1868" WIDTH="17"/>
						<String ID="P105_ST00266" HPOS="274" VPOS="1826" WIDTH="115" HEIGHT="42" CONTENT="primero" WC="0.92" CC="0000005"/>
						<SP ID="P105_SP00233" HPOS="389" VPOS="1868" WIDTH="16"/>
						<String ID="P105_ST00267" HPOS="405" VPOS="1825" WIDTH="33" HEIGHT="29" CONTENT="de" WC="0.35" CC="92"/>
						<SP ID="P105_SP00234" HPOS="438" VPOS="1868" WIDTH="22"/>
						<String ID="P105_ST00268" HPOS="460" VPOS="1833" WIDTH="92" HEIGHT="25" CONTENT="enero," WC="0.68" CC="065060"/>
						<SP ID="P105_SP00235" HPOS="552" VPOS="1868" WIDTH="19"/>
						<String ID="P105_ST00269" HPOS="571" VPOS="1821" WIDTH="43" HEIGHT="31" CONTENT="dia" WC="0.84" CC="004"/>
						<SP ID="P105_SP00236" HPOS="614" VPOS="1868" WIDTH="17"/>
						<String ID="P105_ST00270" HPOS="631" VPOS="1818" WIDTH="151" HEIGHT="37" CONTENT="destinado," WC="0.57" CC="0956443053"/>
						<SP ID="P105_SP00237" HPOS="782" VPOS="1868" WIDTH="29"/>
						<String ID="P105_ST00271" HPOS="811" VPOS="1827" WIDTH="64" HEIGHT="32" CONTENT="para" WC="0.70" CC="6031"/>
						<SP ID="P105_SP00238" HPOS="875" VPOS="1868" WIDTH="24"/>
						<String ID="P105_ST00272" HPOS="899" VPOS="1818" WIDTH="122" HEIGHT="36" CONTENT="muchos," WC="0.59" CC="6606420"/>
						<SP ID="P105_SP00239" HPOS="1021" VPOS="1868" WIDTH="25"/>
						<String ID="P105_ST00273" HPOS="1046" VPOS="1829" WIDTH="74" HEIGHT="20" CONTENT="como" WC="0.50" CC="0665"/>
					</TextLine>
					<TextLine ID="P105_TL00032" HPOS="94" VPOS="1875" WIDTH="1026" HEIGHT="50">
						<String ID="P105_ST00274" HPOS="94" VPOS="1886" WIDTH="35" HEIGHT="31" CONTENT="de" WC="1.00" CC="00"/>
						<SP ID="P105_SP00240" HPOS="129" VPOS="1917" WIDTH="15"/>
						<String ID="P105_ST00275" HPOS="144" VPOS="1884" WIDTH="160" HEIGHT="41" CONTENT="aguinaldos" WC="0.65" CC="1920601057"/>
						<String ID="P105_ST00276" HPOS="316" VPOS="1897" WIDTH="6" HEIGHT="24" CONTENT=";" WC="1.00" CC="0"/>
						<SP ID="P105_SP00241" HPOS="322" VPOS="1925" WIDTH="19"/>
						<String ID="P105_ST00277" HPOS="341" VPOS="1882" WIDTH="138" HEIGHT="31" CONTENT="dándonos" WC="0.90" CC="00001230"/>
						<SP ID="P105_SP00242" HPOS="479" VPOS="1925" WIDTH="11"/>
						<String ID="P105_ST00278" HPOS="490" VPOS="1880" WIDTH="63" HEIGHT="31" CONTENT="Dios" WC="0.78" CC="2060"/>
						<SP ID="P105_SP00243" HPOS="553" VPOS="1925" WIDTH="13"/>
						<String ID="P105_ST00279" HPOS="566" VPOS="1880" WIDTH="14" HEIGHT="30" CONTENT="á" WC="0.51" CC="4"/>
						<SP ID="P105_SP00244" HPOS="580" VPOS="1925" WIDTH="16"/>
						<String ID="P105_ST00280" HPOS="596" VPOS="1883" WIDTH="121" HEIGHT="26" CONTENT="nosotros" WC="0.55" CC="34534453"/>
						<SP ID="P105_SP00245" HPOS="717" VPOS="1925" WIDTH="16"/>
						<String ID="P105_ST00281" HPOS="733" VPOS="1876" WIDTH="24" HEIGHT="31" CONTENT="el" WC="1.00" CC="00"/>
						<SP ID="P105_SP00246" HPOS="757" VPOS="1925" WIDTH="15"/>
						<String ID="P105_ST00282" HPOS="772" VPOS="1875" WIDTH="33" HEIGHT="32" CONTENT="de" WC="1.00" CC="00"/>
						<SP ID="P105_SP00247" HPOS="805" VPOS="1925" WIDTH="12"/>
						<String ID="P105_ST00283" HPOS="817" VPOS="1886" WIDTH="52" HEIGHT="21" CONTENT="una" WC="0.66" CC="360"/>
						<SP ID="P105_SP00248" HPOS="869" VPOS="1925" WIDTH="26"/>
						<String ID="P105_ST00284" HPOS="895" VPOS="1876" WIDTH="107" HEIGHT="42" CONTENT="copiosa" WC="0.63" CC="0491540"/>
						<SP ID="P105_SP00249" HPOS="1002" VPOS="1925" WIDTH="24"/>
						<String ID="P105_ST00285" HPOS="1026" VPOS="1876" WIDTH="94" HEIGHT="36" CONTENT="lluvia," WC="0.78" CC="0416020"/>
					</TextLine>
					<TextLine ID="P105_TL00033" HPOS="982" VPOS="1926" WIDTH="25" HEIGHT="19">
						<String ID="P105_ST00286" HPOS="982" VPOS="1926" WIDTH="25" HEIGHT="19" CONTENT="13" WC="0.21" CC="78"/>
					</TextLine>
				</TextBlock>
			</PrintSpace>
		</Page>
	</Layout>
</alto>
