<?xml version="1.0" encoding="UTF-8"?>
<alto xmlns:xsi="http://www.w3.org/2001/XMLSchema-instance" xsi:noNamespaceSchemaLocation="http://www.bl.uk/schemas/alto/alto-1-4.xsd" xmlns:xlink="http://www.w3.org/1999/xlink">
	<Description>
		<MeasurementUnit>mm10</MeasurementUnit>
		<sourceImageInformation>
			<fileName>//head1/IN/2008-26/A0011736599/009215.jp2</fileName>
		</sourceImageInformation>
		<OCRProcessing ID="OCRPROCESSING_1">
			<preProcessingStep>
				<processingSoftware>
					<softwareCreator>CCS Content Conversion Specialists GmbH, Germany</softwareCreator>
					<softwareName>CCS docWORKS</softwareName>
					<softwareVersion>6.1-0.67</softwareVersion>
				</processingSoftware>
			</preProcessingStep>
			<ocrProcessingStep>
				<processingSoftware>
					<softwareCreator>ABBYY (BIT Software), Russia</softwareCreator>
					<softwareName>Finereader</softwareName>
				</processingSoftware>
			</ocrProcessingStep>
		</OCRProcessing>
	</Description>
	<Styles>
		<TextStyle ID="TXT_0" FONTSIZE="10" FONTFAMILY="Courier New"/>
		<TextStyle ID="TXT_1" FONTSIZE="9" FONTFAMILY="Courier New"/>
		<ParagraphStyle ID="PAR_CENTER" ALIGN="Center"/>
		<ParagraphStyle ID="PAR_LEFT" ALIGN="Left"/>
	</Styles>
	<Layout>
		<Page ID="P163" PHYSICAL_IMG_NR="163" HEIGHT="2180" WIDTH="1241" PRINTED_IMG_NR="155" POSITION="Right" ACCURACY="74.26">
			<TopMargin ID="P163_TM00001" HPOS="0" VPOS="0" WIDTH="1241" HEIGHT="149">
				<TextBlock ID="P163_TB00001" HPOS="516" VPOS="120" WIDTH="182" HEIGHT="27" STYLEREFS="TXT_0 PAR_CENTER">
					<TextLine ID="P163_TL00001" HPOS="516" VPOS="120" WIDTH="182" HEIGHT="27">
						<String ID="P163_ST00001" HPOS="516" VPOS="120" WIDTH="182" HEIGHT="27" CONTENT="155" WC="1.00" CC="000"/>
					</TextLine>
				</TextBlock>
			</TopMargin>
			<LeftMargin ID="P163_LM00001" HPOS="0" VPOS="149" WIDTH="88" HEIGHT="1774"/>
			<RightMargin ID="P163_RM00001" HPOS="1122" VPOS="149" WIDTH="119" HEIGHT="1774"/>
			<BottomMargin ID="P163_BM00001" HPOS="0" VPOS="1923" WIDTH="1241" HEIGHT="257"/>
			<PrintSpace ID="P163_PS00001" HPOS="88" VPOS="149" WIDTH="1035" HEIGHT="1774">
				<TextBlock ID="P163_TB00002" HPOS="96" VPOS="177" WIDTH="1027" HEIGHT="331" STYLEREFS="TXT_1 PAR_LEFT">
					<TextLine ID="P163_TL00002" HPOS="101" VPOS="178" WIDTH="1022" HEIGHT="50">
						<String ID="P163_ST00002" HPOS="101" VPOS="178" WIDTH="166" HEIGHT="32" CONTENT="lanladosen" WC="0.54" CC="6157206743"/>
						<SP ID="P163_SP00001" HPOS="267" VPOS="210" WIDTH="24"/>
						<String ID="P163_ST00003" HPOS="291" VPOS="191" WIDTH="46" HEIGHT="20" CONTENT="sus" WC="0.78" CC="014"/>
						<SP ID="P163_SP00002" HPOS="337" VPOS="211" WIDTH="13"/>
						<String ID="P163_ST00004" HPOS="350" VPOS="181" WIDTH="175" HEIGHT="30" CONTENT="necesidades" WC="0.63" CC="75209305060"/>
						<SP ID="P163_SP00003" HPOS="525" VPOS="211" WIDTH="12"/>
						<String ID="P163_ST00005" HPOS="537" VPOS="193" WIDTH="53" HEIGHT="29" CONTENT="que" WC="0.72" CC="080"/>
						<SP ID="P163_SP00004" HPOS="590" VPOS="222" WIDTH="24"/>
						<String ID="P163_ST00006" HPOS="614" VPOS="183" WIDTH="108" HEIGHT="30" CONTENT="estaban" WC="0.75" CC="1700720"/>
						<SP ID="P163_SP00005" HPOS="722" VPOS="222" WIDTH="14"/>
						<String ID="P163_ST00007" HPOS="736" VPOS="183" WIDTH="41" HEIGHT="31" CONTENT="los" WC="0.58" CC="443"/>
						<SP ID="P163_SP00006" HPOS="777" VPOS="222" WIDTH="13"/>
						<String ID="P163_ST00008" HPOS="790" VPOS="184" WIDTH="101" HEIGHT="32" CONTENT="aliados" WC="0.62" CC="0606066"/>
						<SP ID="P163_SP00007" HPOS="891" VPOS="222" WIDTH="16"/>
						<String ID="P163_ST00009" HPOS="907" VPOS="187" WIDTH="14" HEIGHT="29" CONTENT="á" WC="1.00" CC="0"/>
						<SP ID="P163_SP00008" HPOS="921" VPOS="222" WIDTH="25"/>
						<String ID="P163_ST00010" HPOS="946" VPOS="192" WIDTH="102" HEIGHT="24" CONTENT="tenerse" WC="0.70" CC="0067042"/>
						<SP ID="P163_SP00009" HPOS="1048" VPOS="222" WIDTH="24"/>
						<String ID="P163_ST00011" HPOS="1072" VPOS="198" WIDTH="51" HEIGHT="30" CONTENT="que" WC="0.86" CC="030"/>
					</TextLine>
					<TextLine ID="P163_TL00003" HPOS="98" VPOS="238" WIDTH="1024" HEIGHT="46">
						<String ID="P163_ST00012" HPOS="98" VPOS="238" WIDTH="144" HEIGHT="40" CONTENT="prolongar" WC="0.79" CC="000550070"/>
						<SP ID="P163_SP00010" HPOS="242" VPOS="278" WIDTH="16"/>
						<String ID="P163_ST00013" HPOS="258" VPOS="249" WIDTH="30" HEIGHT="19" CONTENT="su" WC="0.28" CC="94"/>
						<SP ID="P163_SP00011" HPOS="288" VPOS="278" WIDTH="16"/>
						<String ID="P163_ST00014" HPOS="304" VPOS="238" WIDTH="92" HEIGHT="30" CONTENT="estado" WC="0.55" CC="528603"/>
						<SP ID="P163_SP00012" HPOS="396" VPOS="278" WIDTH="13"/>
						<String ID="P163_ST00015" HPOS="409" VPOS="238" WIDTH="33" HEIGHT="30" CONTENT="de" WC="1.00" CC="00"/>
						<SP ID="P163_SP00013" HPOS="442" VPOS="278" WIDTH="17"/>
						<String ID="P163_ST00016" HPOS="459" VPOS="238" WIDTH="154" HEIGHT="37" CONTENT="sitiadores," WC="0.38" CC="34776969452"/>
						<SP ID="P163_SP00014" HPOS="613" VPOS="278" WIDTH="27"/>
						<String ID="P163_ST00017" HPOS="640" VPOS="239" WIDTH="52" HEIGHT="42" CONTENT="qíic" WC="0.41" CC="0777"/>
						<SP ID="P163_SP00015" HPOS="692" VPOS="281" WIDTH="18"/>
						<String ID="P163_ST00018" HPOS="710" VPOS="240" WIDTH="72" HEIGHT="31" CONTENT="hasla" WC="0.40" CC="67905"/>
						<SP ID="P163_SP00016" HPOS="782" VPOS="281" WIDTH="13"/>
						<String ID="P163_ST00019" HPOS="795" VPOS="241" WIDTH="158" HEIGHT="32" CONTENT="funcionaba" WC="0.68" CC="0843045004"/>
						<SP ID="P163_SP00017" HPOS="953" VPOS="281" WIDTH="18"/>
						<String ID="P163_ST00020" HPOS="971" VPOS="254" WIDTH="29" HEIGHT="30" CONTENT="ya" WC="1.00" CC="00"/>
						<SP ID="P163_SP00018" HPOS="1000" VPOS="284" WIDTH="16"/>
						<String ID="P163_ST00021" HPOS="1016" VPOS="244" WIDTH="23" HEIGHT="30" CONTENT="el" WC="0.75" CC="40"/>
						<SP ID="P163_SP00019" HPOS="1039" VPOS="284" WIDTH="16"/>
						<String ID="P163_ST00022" HPOS="1055" VPOS="244" WIDTH="67" HEIGHT="31" CONTENT="telé" SUBS_TYPE="HypPart1" SUBS_CONTENT="telégrafo" WC="0.65" CC="75500"/>
						<HYP CONTENT="-"/>
					</TextLine>
					<TextLine ID="P163_TL00004" HPOS="98" VPOS="295" WIDTH="1025" HEIGHT="48">
						<String ID="P163_ST00023" HPOS="98" VPOS="295" WIDTH="75" HEIGHT="42" CONTENT="grafo" SUBS_TYPE="HypPart2" SUBS_CONTENT="telégrafo" WC="0.46" CC="94362"/>
						<SP ID="P163_SP00020" HPOS="173" VPOS="337" WIDTH="12"/>
						<String ID="P163_ST00024" HPOS="185" VPOS="295" WIDTH="153" HEIGHT="31" CONTENT="submarino" WC="0.55" CC="904093163"/>
						<SP ID="P163_SP00021" HPOS="338" VPOS="337" WIDTH="13"/>
						<String ID="P163_ST00025" HPOS="351" VPOS="306" WIDTH="52" HEIGHT="30" CONTENT="que" WC="0.73" CC="080"/>
						<SP ID="P163_SP00022" HPOS="403" VPOS="337" WIDTH="17"/>
						<String ID="P163_ST00026" HPOS="420" VPOS="306" WIDTH="28" HEIGHT="20" CONTENT="se" WC="0.64" CC="70"/>
						<SP ID="P163_SP00023" HPOS="448" VPOS="337" WIDTH="24"/>
						<String ID="P163_ST00027" HPOS="472" VPOS="295" WIDTH="95" HEIGHT="31" CONTENT="habían" WC="0.43" CC="667561"/>
						<SP ID="P163_SP00024" HPOS="567" VPOS="337" WIDTH="15"/>
						<String ID="P163_ST00028" HPOS="582" VPOS="303" WIDTH="145" HEIGHT="34" CONTENT="propuesto" WC="0.42" CC="943085684"/>
						<SP ID="P163_SP00025" HPOS="727" VPOS="337" WIDTH="15"/>
						<String ID="P163_ST00029" HPOS="742" VPOS="298" WIDTH="148" HEIGHT="31" CONTENT="establecer" WC="0.48" CC="7279356071"/>
						<SP ID="P163_SP00026" HPOS="890" VPOS="337" WIDTH="13"/>
						<String ID="P163_ST00030" HPOS="903" VPOS="300" WIDTH="81" HEIGHT="31" CONTENT="desde" WC="0.73" CC="07500"/>
						<SP ID="P163_SP00027" HPOS="984" VPOS="337" WIDTH="17"/>
						<String ID="P163_ST00031" HPOS="1001" VPOS="301" WIDTH="22" HEIGHT="31" CONTENT="el" WC="0.89" CC="02"/>
						<SP ID="P163_SP00028" HPOS="1023" VPOS="337" WIDTH="19"/>
						<String ID="P163_ST00032" HPOS="1042" VPOS="303" WIDTH="81" HEIGHT="40" CONTENT="prin" SUBS_TYPE="HypPart1" SUBS_CONTENT="principio" WC="0.93" CC="00003"/>
						<HYP CONTENT="-"/>
					</TextLine>
					<TextLine ID="P163_TL00005" HPOS="96" VPOS="352" WIDTH="1027" HEIGHT="46">
						<String ID="P163_ST00033" HPOS="96" VPOS="354" WIDTH="71" HEIGHT="40" CONTENT="cipio" SUBS_TYPE="HypPart2" SUBS_CONTENT="principio" WC="0.83" CC="11006"/>
						<SP ID="P163_SP00029" HPOS="167" VPOS="394" WIDTH="16"/>
						<String ID="P163_ST00034" HPOS="183" VPOS="352" WIDTH="32" HEIGHT="30" CONTENT="de" WC="1.00" CC="00"/>
						<SP ID="P163_SP00030" HPOS="215" VPOS="394" WIDTH="12"/>
						<String ID="P163_ST00035" HPOS="227" VPOS="363" WIDTH="30" HEIGHT="19" CONTENT="su" WC="0.56" CC="62"/>
						<SP ID="P163_SP00031" HPOS="257" VPOS="394" WIDTH="18"/>
						<String ID="P163_ST00036" HPOS="275" VPOS="354" WIDTH="146" HEIGHT="39" CONTENT="ocupación" WC="0.47" CC="578066372"/>
						<SP ID="P163_SP00032" HPOS="421" VPOS="394" WIDTH="14"/>
						<String ID="P163_ST00037" HPOS="435" VPOS="364" WIDTH="32" HEIGHT="18" CONTENT="en" WC="0.42" CC="64"/>
						<SP ID="P163_SP00033" HPOS="467" VPOS="394" WIDTH="17"/>
						<String ID="P163_ST00038" HPOS="484" VPOS="353" WIDTH="102" HEIGHT="30" CONTENT="Crimea" WC="0.88" CC="000600"/>
						<SP ID="P163_SP00034" HPOS="586" VPOS="394" WIDTH="16"/>
						<String ID="P163_ST00039" HPOS="602" VPOS="378" WIDTH="6" HEIGHT="10" CONTENT="," WC="0.75" CC="2"/>
						<SP ID="P163_SP00035" HPOS="608" VPOS="394" WIDTH="19"/>
						<String ID="P163_ST00040" HPOS="627" VPOS="354" WIDTH="24" HEIGHT="29" CONTENT="el" WC="0.64" CC="70"/>
						<SP ID="P163_SP00036" HPOS="651" VPOS="394" WIDTH="17"/>
						<String ID="P163_ST00041" HPOS="668" VPOS="354" WIDTH="58" HEIGHT="30" CONTENT="cual" WC="0.60" CC="0771"/>
						<SP ID="P163_SP00037" HPOS="726" VPOS="394" WIDTH="17"/>
						<String ID="P163_ST00042" HPOS="743" VPOS="355" WIDTH="126" HEIGHT="30" CONTENT="trasmitía" WC="0.70" CC="363700006"/>
						<SP ID="P163_SP00038" HPOS="869" VPOS="394" WIDTH="15"/>
						<String ID="P163_ST00043" HPOS="884" VPOS="356" WIDTH="39" HEIGHT="31" CONTENT="los" WC="0.61" CC="470"/>
						<SP ID="P163_SP00039" HPOS="923" VPOS="394" WIDTH="13"/>
						<String ID="P163_ST00044" HPOS="936" VPOS="363" WIDTH="88" HEIGHT="35" CONTENT="partes" WC="0.78" CC="000722"/>
						<SP ID="P163_SP00040" HPOS="1024" VPOS="398" WIDTH="17"/>
						<String ID="P163_ST00045" HPOS="1041" VPOS="358" WIDTH="82" HEIGHT="30" CONTENT="desde" WC="0.73" CC="00903"/>
					</TextLine>
					<TextLine ID="P163_TL00006" HPOS="97" VPOS="410" WIDTH="1024" HEIGHT="42">
						<String ID="P163_ST00046" HPOS="97" VPOS="411" WIDTH="53" HEIGHT="30" CONTENT="allá" WC="0.65" CC="7060"/>
						<SP ID="P163_SP00041" HPOS="150" VPOS="441" WIDTH="11"/>
						<String ID="P163_ST00047" HPOS="161" VPOS="413" WIDTH="14" HEIGHT="28" CONTENT="á" WC="1.00" CC="0"/>
						<SP ID="P163_SP00042" HPOS="175" VPOS="441" WIDTH="15"/>
						<String ID="P163_ST00048" HPOS="190" VPOS="412" WIDTH="88" HEIGHT="29" CONTENT="Varna" WC="0.59" CC="70065"/>
						<SP ID="P163_SP00043" HPOS="278" VPOS="441" WIDTH="15"/>
						<String ID="P163_ST00049" HPOS="293" VPOS="436" WIDTH="5" HEIGHT="11" CONTENT="," WC="1.00" CC="0"/>
						<SP ID="P163_SP00044" HPOS="298" VPOS="447" WIDTH="20"/>
						<String ID="P163_ST00050" HPOS="318" VPOS="420" WIDTH="62" HEIGHT="32" CONTENT="para" WC="0.91" CC="0300"/>
						<SP ID="P163_SP00045" HPOS="380" VPOS="452" WIDTH="28"/>
						<String ID="P163_ST00051" HPOS="408" VPOS="411" WIDTH="90" HEIGHT="40" CONTENT="seguir" WC="0.81" CC="220500"/>
						<SP ID="P163_SP00046" HPOS="498" VPOS="452" WIDTH="16"/>
						<String ID="P163_ST00052" HPOS="514" VPOS="410" WIDTH="116" HEIGHT="42" CONTENT="después" WC="0.75" CC="0360420"/>
						<SP ID="P163_SP00047" HPOS="630" VPOS="452" WIDTH="17"/>
						<String ID="P163_ST00053" HPOS="647" VPOS="421" WIDTH="47" HEIGHT="31" CONTENT="por" WC="0.68" CC="044"/>
						<SP ID="P163_SP00048" HPOS="694" VPOS="452" WIDTH="17"/>
						<String ID="P163_ST00054" HPOS="711" VPOS="412" WIDTH="77" HEIGHT="30" CONTENT="tierra" WC="0.89" CC="001005"/>
						<SP ID="P163_SP00049" HPOS="788" VPOS="452" WIDTH="18"/>
						<String ID="P163_ST00055" HPOS="806" VPOS="413" WIDTH="38" HEIGHT="29" CONTENT="los" WC="0.59" CC="075"/>
						<SP ID="P163_SP00050" HPOS="844" VPOS="452" WIDTH="13"/>
						<String ID="P163_ST00056" HPOS="857" VPOS="413" WIDTH="198" HEIGHT="32" CONTENT="innumerables" WC="0.58" CC="548600605454"/>
						<SP ID="P163_SP00051" HPOS="1055" VPOS="452" WIDTH="17"/>
						<String ID="P163_ST00057" HPOS="1072" VPOS="415" WIDTH="49" HEIGHT="30" CONTENT="hi" SUBS_TYPE="HypPart1" SUBS_CONTENT="hilos" WC="0.80" CC="410"/>
						<HYP CONTENT="-"/>
					</TextLine>
					<TextLine ID="P163_TL00007" HPOS="97" VPOS="467" WIDTH="822" HEIGHT="41">
						<String ID="P163_ST00058" HPOS="97" VPOS="468" WIDTH="40" HEIGHT="30" CONTENT="los" SUBS_TYPE="HypPart2" SUBS_CONTENT="hilos" WC="0.69" CC="431"/>
						<SP ID="P163_SP00052" HPOS="137" VPOS="498" WIDTH="13"/>
						<String ID="P163_ST00059" HPOS="150" VPOS="468" WIDTH="138" HEIGHT="29" CONTENT="eléctricos" WC="0.64" CC="1610046085"/>
						<SP ID="P163_SP00053" HPOS="288" VPOS="498" WIDTH="17"/>
						<String ID="P163_ST00060" HPOS="305" VPOS="479" WIDTH="52" HEIGHT="29" CONTENT="que" WC="0.62" CC="730"/>
						<SP ID="P163_SP00054" HPOS="357" VPOS="508" WIDTH="14"/>
						<String ID="P163_ST00061" HPOS="371" VPOS="467" WIDTH="39" HEIGHT="30" CONTENT="los" WC="0.62" CC="009"/>
						<SP ID="P163_SP00055" HPOS="410" VPOS="508" WIDTH="12"/>
						<String ID="P163_ST00062" HPOS="422" VPOS="468" WIDTH="147" HEIGHT="29" CONTENT="conducían" WC="0.74" CC="067000206"/>
						<SP ID="P163_SP00056" HPOS="569" VPOS="508" WIDTH="14"/>
						<String ID="P163_ST00063" HPOS="583" VPOS="468" WIDTH="74" HEIGHT="30" CONTENT="hasta" WC="0.31" CC="76765"/>
						<SP ID="P163_SP00057" HPOS="657" VPOS="508" WIDTH="12"/>
						<String ID="P163_ST00064" HPOS="669" VPOS="470" WIDTH="75" HEIGHT="29" CONTENT="Paris" WC="0.62" CC="33506"/>
						<SP ID="P163_SP00058" HPOS="744" VPOS="508" WIDTH="13"/>
						<String ID="P163_ST00065" HPOS="757" VPOS="480" WIDTH="15" HEIGHT="28" CONTENT="y" WC="1.00" CC="0"/>
						<SP ID="P163_SP00059" HPOS="772" VPOS="508" WIDTH="17"/>
						<String ID="P163_ST00066" HPOS="789" VPOS="470" WIDTH="130" HEIGHT="32" CONTENT="Londres." WC="0.79" CC="05204120"/>
					</TextLine>
				</TextBlock>
				<TextBlock ID="P163_TB00003" HPOS="93" VPOS="523" WIDTH="1029" HEIGHT="726" STYLEREFS="TXT_1 PAR_LEFT">
					<TextLine ID="P163_TL00008" HPOS="138" VPOS="524" WIDTH="984" HEIGHT="45">
						<String ID="P163_ST00067" HPOS="138" VPOS="526" WIDTH="111" HEIGHT="29" CONTENT="Nuestra" WC="0.65" CC="9250060"/>
						<SP ID="P163_SP00060" HPOS="249" VPOS="555" WIDTH="11"/>
						<String ID="P163_ST00068" HPOS="260" VPOS="524" WIDTH="128" HEIGHT="40" CONTENT="descarga" WC="0.63" CC="00060597"/>
						<SP ID="P163_SP00061" HPOS="388" VPOS="564" WIDTH="13"/>
						<String ID="P163_ST00069" HPOS="401" VPOS="549" WIDTH="5" HEIGHT="9" CONTENT="," WC="0.76" CC="2"/>
						<SP ID="P163_SP00062" HPOS="406" VPOS="564" WIDTH="16"/>
						<String ID="P163_ST00070" HPOS="422" VPOS="535" WIDTH="75" HEIGHT="19" CONTENT="como" WC="0.62" CC="6503"/>
						<SP ID="P163_SP00063" HPOS="497" VPOS="564" WIDTH="17"/>
						<String ID="P163_ST00071" HPOS="514" VPOS="525" WIDTH="115" HEIGHT="40" CONTENT="siempre" WC="0.78" CC="2000912"/>
						<SP ID="P163_SP00064" HPOS="629" VPOS="565" WIDTH="12"/>
						<String ID="P163_ST00072" HPOS="641" VPOS="550" WIDTH="5" HEIGHT="11" CONTENT="," WC="1.00" CC="0"/>
						<SP ID="P163_SP00065" HPOS="646" VPOS="565" WIDTH="19"/>
						<String ID="P163_ST00073" HPOS="665" VPOS="525" WIDTH="42" HEIGHT="30" CONTENT="iba" WC="0.92" CC="001"/>
						<SP ID="P163_SP00066" HPOS="707" VPOS="565" WIDTH="14"/>
						<String ID="P163_ST00074" HPOS="721" VPOS="536" WIDTH="62" HEIGHT="31" CONTENT="muy" WC="0.69" CC="530"/>
						<SP ID="P163_SP00067" HPOS="783" VPOS="567" WIDTH="13"/>
						<String ID="P163_ST00075" HPOS="796" VPOS="526" WIDTH="116" HEIGHT="32" CONTENT="dilatada" WC="0.81" CC="00006106"/>
						<SP ID="P163_SP00068" HPOS="912" VPOS="567" WIDTH="15"/>
						<String ID="P163_ST00076" HPOS="927" VPOS="540" WIDTH="5" HEIGHT="18" CONTENT=":" WC="0.88" CC="1"/>
						<SP ID="P163_SP00069" HPOS="932" VPOS="567" WIDTH="20"/>
						<String ID="P163_ST00077" HPOS="952" VPOS="529" WIDTH="114" HEIGHT="40" CONTENT="siempre" WC="0.70" CC="5038030"/>
						<SP ID="P163_SP00070" HPOS="1066" VPOS="569" WIDTH="14"/>
						<String ID="P163_ST00078" HPOS="1080" VPOS="536" WIDTH="42" HEIGHT="25" CONTENT="to" SUBS_TYPE="HypPart1" SUBS_CONTENT="topábamos" WC="0.92" CC="001"/>
						<HYP CONTENT="-"/>
					</TextLine>
					<TextLine ID="P163_TL00009" HPOS="96" VPOS="581" WIDTH="1026" HEIGHT="46">
						<String ID="P163_ST00079" HPOS="96" VPOS="581" WIDTH="128" HEIGHT="42" CONTENT="pábamos" SUBS_TYPE="HypPart2" SUBS_CONTENT="topábamos" WC="0.64" CC="0006565"/>
						<SP ID="P163_SP00071" HPOS="224" VPOS="623" WIDTH="22"/>
						<String ID="P163_ST00080" HPOS="246" VPOS="592" WIDTH="48" HEIGHT="20" CONTENT="con" WC="0.79" CC="060"/>
						<SP ID="P163_SP00072" HPOS="294" VPOS="623" WIDTH="27"/>
						<String ID="P163_ST00081" HPOS="321" VPOS="587" WIDTH="183" HEIGHT="35" CONTENT="cargamentos" WC="0.64" CC="07500510747"/>
						<SP ID="P163_SP00073" HPOS="504" VPOS="623" WIDTH="17"/>
						<String ID="P163_ST00082" HPOS="521" VPOS="592" WIDTH="52" HEIGHT="27" CONTENT="que" WC="0.54" CC="930"/>
						<SP ID="P163_SP00074" HPOS="573" VPOS="623" WIDTH="16"/>
						<String ID="P163_ST00083" HPOS="589" VPOS="592" WIDTH="61" HEIGHT="20" CONTENT="eran" WC="0.82" CC="0105"/>
						<SP ID="P163_SP00075" HPOS="650" VPOS="623" WIDTH="16"/>
						<String ID="P163_ST00084" HPOS="666" VPOS="582" WIDTH="39" HEIGHT="31" CONTENT="los" WC="0.86" CC="003"/>
						<SP ID="P163_SP00076" HPOS="705" VPOS="623" WIDTH="13"/>
						<String ID="P163_ST00085" HPOS="718" VPOS="593" WIDTH="52" HEIGHT="31" CONTENT="que" WC="0.73" CC="070"/>
						<SP ID="P163_SP00077" HPOS="770" VPOS="624" WIDTH="17"/>
						<String ID="P163_ST00086" HPOS="787" VPOS="594" WIDTH="90" HEIGHT="20" CONTENT="menos" WC="0.64" CC="00746"/>
						<SP ID="P163_SP00078" HPOS="877" VPOS="624" WIDTH="17"/>
						<String ID="P163_ST00087" HPOS="894" VPOS="586" WIDTH="121" HEIGHT="30" CONTENT="atención" WC="0.88" CC="00030051"/>
						<SP ID="P163_SP00079" HPOS="1015" VPOS="624" WIDTH="25"/>
						<String ID="P163_ST00088" HPOS="1040" VPOS="589" WIDTH="15" HEIGHT="27" CONTENT="ó" WC="0.31" CC="6"/>
						<SP ID="P163_SP00080" HPOS="1055" VPOS="624" WIDTH="13"/>
						<String ID="P163_ST00089" HPOS="1068" VPOS="598" WIDTH="54" HEIGHT="29" CONTENT="pe" SUBS_TYPE="HypPart1" SUBS_CONTENT="perentoriedad" WC="0.88" CC="003"/>
						<HYP CONTENT="-"/>
					</TextLine>
					<TextLine ID="P163_TL00010" HPOS="96" VPOS="638" WIDTH="1025" HEIGHT="46">
						<String ID="P163_ST00090" HPOS="96" VPOS="639" WIDTH="170" HEIGHT="30" CONTENT="rentoriedad" SUBS_TYPE="HypPart2" SUBS_CONTENT="perentoriedad" WC="0.72" CC="54565001000"/>
						<SP ID="P163_SP00081" HPOS="266" VPOS="669" WIDTH="16"/>
						<String ID="P163_ST00091" HPOS="282" VPOS="638" WIDTH="178" HEIGHT="30" CONTENT="reclamaban." WC="0.66" CC="26520064260"/>
						<SP ID="P163_SP00082" HPOS="460" VPOS="669" WIDTH="18"/>
						<String ID="P163_ST00092" HPOS="478" VPOS="638" WIDTH="28" HEIGHT="30" CONTENT="El" WC="0.73" CC="05"/>
						<SP ID="P163_SP00083" HPOS="506" VPOS="669" WIDTH="18"/>
						<String ID="P163_ST00093" HPOS="524" VPOS="639" WIDTH="23" HEIGHT="29" CONTENT="ir" WC="1.00" CC="00"/>
						<SP ID="P163_SP00084" HPOS="547" VPOS="669" WIDTH="15"/>
						<String ID="P163_ST00094" HPOS="562" VPOS="644" WIDTH="55" HEIGHT="24" CONTENT="esta" WC="0.52" CC="0665"/>
						<SP ID="P163_SP00085" HPOS="617" VPOS="669" WIDTH="23"/>
						<String ID="P163_ST00095" HPOS="640" VPOS="649" WIDTH="46" HEIGHT="19" CONTENT="vez" WC="0.58" CC="056"/>
						<SP ID="P163_SP00086" HPOS="686" VPOS="669" WIDTH="27"/>
						<String ID="P163_ST00096" HPOS="713" VPOS="640" WIDTH="127" HEIGHT="40" CONTENT="rezagada" WC="0.73" CC="30660400"/>
						<SP ID="P163_SP00087" HPOS="840" VPOS="680" WIDTH="18"/>
						<String ID="P163_ST00097" HPOS="858" VPOS="646" WIDTH="106" HEIGHT="25" CONTENT="nuestra" WC="0.60" CC="0663054"/>
						<SP ID="P163_SP00088" HPOS="964" VPOS="680" WIDTH="27"/>
						<String ID="P163_ST00098" HPOS="991" VPOS="642" WIDTH="130" HEIGHT="42" CONTENT="descarga" WC="0.60" CC="04661092"/>
					</TextLine>
					<TextLine ID="P163_TL00011" HPOS="96" VPOS="695" WIDTH="1025" HEIGHT="42">
						<String ID="P163_ST00099" HPOS="96" VPOS="696" WIDTH="33" HEIGHT="30" CONTENT="de" WC="0.50" CC="90"/>
						<SP ID="P163_SP00089" HPOS="129" VPOS="726" WIDTH="16"/>
						<String ID="P163_ST00100" HPOS="145" VPOS="696" WIDTH="100" HEIGHT="30" CONTENT="cebada" WC="0.70" CC="200509"/>
						<SP ID="P163_SP00090" HPOS="245" VPOS="726" WIDTH="15"/>
						<String ID="P163_ST00101" HPOS="260" VPOS="720" WIDTH="5" HEIGHT="8" CONTENT="," WC="0.38" CC="6"/>
						<SP ID="P163_SP00091" HPOS="265" VPOS="728" WIDTH="20"/>
						<String ID="P163_ST00102" HPOS="285" VPOS="696" WIDTH="124" HEIGHT="29" CONTENT="consistía" WC="0.61" CC="457604006"/>
						<SP ID="P163_SP00092" HPOS="409" VPOS="728" WIDTH="15"/>
						<String ID="P163_ST00103" HPOS="424" VPOS="705" WIDTH="46" HEIGHT="30" CONTENT="por" WC="0.99" CC="000"/>
						<SP ID="P163_SP00093" HPOS="470" VPOS="735" WIDTH="12"/>
						<String ID="P163_ST00104" HPOS="482" VPOS="695" WIDTH="83" HEIGHT="30" CONTENT="haber" WC="0.64" CC="60055"/>
						<SP ID="P163_SP00094" HPOS="565" VPOS="735" WIDTH="15"/>
						<String ID="P163_ST00105" HPOS="580" VPOS="695" WIDTH="105" HEIGHT="40" CONTENT="llegado" WC="0.99" CC="0000000"/>
						<SP ID="P163_SP00095" HPOS="685" VPOS="735" WIDTH="12"/>
						<String ID="P163_ST00106" HPOS="697" VPOS="696" WIDTH="110" HEIGHT="30" CONTENT="muchos" WC="0.60" CC="053562"/>
						<SP ID="P163_SP00096" HPOS="807" VPOS="735" WIDTH="17"/>
						<String ID="P163_ST00107" HPOS="824" VPOS="703" WIDTH="186" HEIGHT="34" CONTENT="cargamentos" WC="0.54" CC="04900935653"/>
						<SP ID="P163_SP00097" HPOS="1010" VPOS="737" WIDTH="13"/>
						<String ID="P163_ST00108" HPOS="1023" VPOS="698" WIDTH="32" HEIGHT="31" CONTENT="de" WC="1.00" CC="00"/>
						<SP ID="P163_SP00098" HPOS="1055" VPOS="737" WIDTH="17"/>
						<String ID="P163_ST00109" HPOS="1072" VPOS="710" WIDTH="49" HEIGHT="19" CONTENT="es" SUBS_TYPE="HypPart1" SUBS_CONTENT="este" WC="0.80" CC="050"/>
						<HYP CONTENT="-"/>
					</TextLine>
					<TextLine ID="P163_TL00012" HPOS="97" VPOS="751" WIDTH="1024" HEIGHT="42">
						<String ID="P163_ST00110" HPOS="97" VPOS="758" WIDTH="23" HEIGHT="25" CONTENT="te" SUBS_TYPE="HypPart2" SUBS_CONTENT="este" WC="0.50" CC="09"/>
						<SP ID="P163_SP00099" HPOS="120" VPOS="783" WIDTH="17"/>
						<String ID="P163_ST00111" HPOS="137" VPOS="762" WIDTH="82" HEIGHT="31" CONTENT="grano" WC="0.70" CC="00554"/>
						<SP ID="P163_SP00100" HPOS="219" VPOS="793" WIDTH="26"/>
						<String ID="P163_ST00112" HPOS="245" VPOS="762" WIDTH="32" HEIGHT="20" CONTENT="en" WC="0.47" CC="63"/>
						<SP ID="P163_SP00101" HPOS="277" VPOS="793" WIDTH="22"/>
						<String ID="P163_ST00113" HPOS="299" VPOS="762" WIDTH="81" HEIGHT="30" CONTENT="pocos" WC="0.41" CC="96075"/>
						<SP ID="P163_SP00102" HPOS="380" VPOS="793" WIDTH="12"/>
						<String ID="P163_ST00114" HPOS="392" VPOS="751" WIDTH="58" HEIGHT="31" CONTENT="dias" WC="0.78" CC="0026"/>
						<String ID="P163_ST00115" HPOS="463" VPOS="777" WIDTH="5" HEIGHT="10" CONTENT="," WC="1.00" CC="0"/>
						<SP ID="P163_SP00103" HPOS="468" VPOS="793" WIDTH="29"/>
						<String ID="P163_ST00116" HPOS="497" VPOS="762" WIDTH="17" HEIGHT="30" CONTENT="y" WC="1.00" CC="0"/>
						<SP ID="P163_SP00104" HPOS="514" VPOS="793" WIDTH="14"/>
						<String ID="P163_ST00117" HPOS="528" VPOS="762" WIDTH="47" HEIGHT="30" CONTENT="por" WC="0.68" CC="045"/>
						<SP ID="P163_SP00105" HPOS="575" VPOS="793" WIDTH="12"/>
						<String ID="P163_ST00118" HPOS="587" VPOS="751" WIDTH="33" HEIGHT="30" CONTENT="de" WC="1.00" CC="00"/>
						<SP ID="P163_SP00106" HPOS="620" VPOS="793" WIDTH="13"/>
						<String ID="P163_ST00119" HPOS="633" VPOS="757" WIDTH="91" HEIGHT="35" CONTENT="pronto" WC="0.75" CC="020075"/>
						<SP ID="P163_SP00107" HPOS="724" VPOS="793" WIDTH="14"/>
						<String ID="P163_ST00120" HPOS="738" VPOS="762" WIDTH="33" HEIGHT="31" CONTENT="ya" WC="0.96" CC="00"/>
						<SP ID="P163_SP00108" HPOS="771" VPOS="793" WIDTH="14"/>
						<String ID="P163_ST00121" HPOS="785" VPOS="756" WIDTH="87" HEIGHT="26" CONTENT="tenían" WC="0.58" CC="705065"/>
						<SP ID="P163_SP00109" HPOS="872" VPOS="793" WIDTH="17"/>
						<String ID="P163_ST00122" HPOS="889" VPOS="763" WIDTH="30" HEIGHT="20" CONTENT="en" WC="0.69" CC="42"/>
						<SP ID="P163_SP00110" HPOS="919" VPOS="793" WIDTH="20"/>
						<String ID="P163_ST00123" HPOS="939" VPOS="754" WIDTH="77" HEIGHT="30" CONTENT="tierra" WC="0.73" CC="011344"/>
						<SP ID="P163_SP00111" HPOS="1016" VPOS="793" WIDTH="12"/>
						<String ID="P163_ST00124" HPOS="1028" VPOS="755" WIDTH="32" HEIGHT="29" CONTENT="de" WC="1.00" CC="00"/>
						<SP ID="P163_SP00112" HPOS="1060" VPOS="793" WIDTH="16"/>
						<String ID="P163_ST00125" HPOS="1076" VPOS="766" WIDTH="45" HEIGHT="20" CONTENT="so" SUBS_TYPE="HypPart1" SUBS_CONTENT="sobras," WC="0.67" CC="063"/>
						<HYP CONTENT="-"/>
					</TextLine>
					<TextLine ID="P163_TL00013" HPOS="96" VPOS="809" WIDTH="1022" HEIGHT="43">
						<String ID="P163_ST00126" HPOS="96" VPOS="810" WIDTH="78" HEIGHT="35" CONTENT="bras," SUBS_TYPE="HypPart2" SUBS_CONTENT="sobras," WC="0.89" CC="50000"/>
						<SP ID="P163_SP00113" HPOS="174" VPOS="845" WIDTH="27"/>
						<String ID="P163_ST00127" HPOS="201" VPOS="810" WIDTH="35" HEIGHT="30" CONTENT="tal" WC="0.68" CC="701"/>
						<SP ID="P163_SP00114" HPOS="236" VPOS="845" WIDTH="27"/>
						<String ID="P163_ST00128" HPOS="263" VPOS="820" WIDTH="53" HEIGHT="31" CONTENT="que" WC="0.83" CC="050"/>
						<SP ID="P163_SP00115" HPOS="316" VPOS="851" WIDTH="29"/>
						<String ID="P163_ST00129" HPOS="345" VPOS="809" WIDTH="24" HEIGHT="31" CONTENT="la" WC="0.87" CC="20"/>
						<SP ID="P163_SP00116" HPOS="369" VPOS="851" WIDTH="17"/>
						<String ID="P163_ST00130" HPOS="386" VPOS="809" WIDTH="78" HEIGHT="31" CONTENT="habia" WC="0.84" CC="70000"/>
						<SP ID="P163_SP00117" HPOS="464" VPOS="851" WIDTH="31"/>
						<String ID="P163_ST00131" HPOS="495" VPOS="820" WIDTH="47" HEIGHT="31" CONTENT="por" WC="0.99" CC="000"/>
						<SP ID="P163_SP00118" HPOS="542" VPOS="851" WIDTH="15"/>
						<String ID="P163_ST00132" HPOS="557" VPOS="809" WIDTH="73" HEIGHT="31" CONTENT="todas" WC="0.96" CC="10000"/>
						<SP ID="P163_SP00119" HPOS="630" VPOS="851" WIDTH="17"/>
						<String ID="P163_ST00133" HPOS="647" VPOS="815" WIDTH="88" HEIGHT="35" CONTENT="partes" WC="0.69" CC="053314"/>
						<String ID="P163_ST00134" HPOS="749" VPOS="834" WIDTH="6" HEIGHT="11" CONTENT="," WC="1.00" CC="0"/>
						<SP ID="P163_SP00120" HPOS="755" VPOS="851" WIDTH="32"/>
						<String ID="P163_ST00135" HPOS="787" VPOS="811" WIDTH="22" HEIGHT="29" CONTENT="si" WC="0.71" CC="05"/>
						<SP ID="P163_SP00121" HPOS="809" VPOS="851" WIDTH="27"/>
						<String ID="P163_ST00136" HPOS="836" VPOS="812" WIDTH="38" HEIGHT="29" CONTENT="así" WC="0.77" CC="060"/>
						<SP ID="P163_SP00122" HPOS="874" VPOS="851" WIDTH="18"/>
						<String ID="P163_ST00137" HPOS="892" VPOS="812" WIDTH="86" HEIGHT="40" CONTENT="puede" WC="0.83" CC="06100"/>
						<SP ID="P163_SP00123" HPOS="978" VPOS="852" WIDTH="22"/>
						<String ID="P163_ST00138" HPOS="1000" VPOS="812" WIDTH="118" HEIGHT="38" CONTENT="decirse;" WC="0.84" CC="00610400"/>
					</TextLine>
					<TextLine ID="P163_TL00014" HPOS="95" VPOS="867" WIDTH="1025" HEIGHT="43">
						<String ID="P163_ST00139" HPOS="95" VPOS="867" WIDTH="93" HEIGHT="30" CONTENT="dentro" WC="0.66" CC="007435"/>
						<SP ID="P163_SP00124" HPOS="188" VPOS="897" WIDTH="17"/>
						<String ID="P163_ST00140" HPOS="205" VPOS="867" WIDTH="151" HEIGHT="30" CONTENT="almacenes" WC="0.62" CC="026204755"/>
						<SP ID="P163_SP00125" HPOS="356" VPOS="897" WIDTH="21"/>
						<String ID="P163_ST00141" HPOS="377" VPOS="867" WIDTH="33" HEIGHT="29" CONTENT="de" WC="1.00" CC="00"/>
						<SP ID="P163_SP00126" HPOS="410" VPOS="897" WIDTH="18"/>
						<String ID="P163_ST00142" HPOS="428" VPOS="867" WIDTH="38" HEIGHT="30" CONTENT="los" WC="0.85" CC="040"/>
						<SP ID="P163_SP00127" HPOS="466" VPOS="897" WIDTH="24"/>
						<String ID="P163_ST00143" HPOS="490" VPOS="878" WIDTH="52" HEIGHT="29" CONTENT="que" WC="0.82" CC="032"/>
						<SP ID="P163_SP00128" HPOS="542" VPOS="907" WIDTH="13"/>
						<String ID="P163_ST00144" HPOS="555" VPOS="867" WIDTH="97" HEIGHT="30" CONTENT="habían" WC="0.72" CC="660120"/>
						<SP ID="P163_SP00129" HPOS="652" VPOS="907" WIDTH="13"/>
						<String ID="P163_ST00145" HPOS="665" VPOS="867" WIDTH="84" HEIGHT="30" CONTENT="hecho" WC="0.60" CC="70164"/>
						<SP ID="P163_SP00130" HPOS="749" VPOS="907" WIDTH="16"/>
						<String ID="P163_ST00146" HPOS="765" VPOS="878" WIDTH="62" HEIGHT="30" CONTENT="para" WC="0.79" CC="0503"/>
						<SP ID="P163_SP00131" HPOS="827" VPOS="908" WIDTH="27"/>
						<String ID="P163_ST00147" HPOS="854" VPOS="868" WIDTH="24" HEIGHT="30" CONTENT="la" WC="0.91" CC="00"/>
						<SP ID="P163_SP00132" HPOS="878" VPOS="908" WIDTH="13"/>
						<String ID="P163_ST00148" HPOS="891" VPOS="870" WIDTH="178" HEIGHT="40" CONTENT="recopilación" WC="0.83" CC="610600100003"/>
						<SP ID="P163_SP00133" HPOS="1069" VPOS="910" WIDTH="17"/>
						<String ID="P163_ST00149" HPOS="1086" VPOS="870" WIDTH="34" HEIGHT="30" CONTENT="de" WC="0.95" CC="00"/>
					</TextLine>
					<TextLine ID="P163_TL00015" HPOS="94" VPOS="923" WIDTH="1024" HEIGHT="41">
						<String ID="P163_ST00150" HPOS="94" VPOS="926" WIDTH="122" HEIGHT="34" CONTENT="víveres;" WC="0.76" CC="00341260"/>
						<SP ID="P163_SP00134" HPOS="216" VPOS="960" WIDTH="18"/>
						<String ID="P163_ST00151" HPOS="234" VPOS="934" WIDTH="32" HEIGHT="20" CONTENT="en" WC="0.85" CC="20"/>
						<SP ID="P163_SP00135" HPOS="266" VPOS="960" WIDTH="17"/>
						<String ID="P163_ST00152" HPOS="283" VPOS="934" WIDTH="93" HEIGHT="30" CONTENT="campo" WC="0.42" CC="07694"/>
						<SP ID="P163_SP00136" HPOS="376" VPOS="964" WIDTH="17"/>
						<String ID="P163_ST00153" HPOS="393" VPOS="934" WIDTH="59" HEIGHT="20" CONTENT="raso" WC="0.80" CC="5020"/>
						<SP ID="P163_SP00137" HPOS="452" VPOS="964" WIDTH="16"/>
						<String ID="P163_ST00154" HPOS="468" VPOS="924" WIDTH="13" HEIGHT="29" CONTENT="á" WC="1.00" CC="0"/>
						<SP ID="P163_SP00138" HPOS="481" VPOS="964" WIDTH="14"/>
						<String ID="P163_ST00155" HPOS="495" VPOS="923" WIDTH="114" HEIGHT="41" CONTENT="grandes" WC="0.77" CC="0441005"/>
						<SP ID="P163_SP00139" HPOS="609" VPOS="964" WIDTH="28"/>
						<String ID="P163_ST00156" HPOS="637" VPOS="924" WIDTH="67" HEIGHT="40" CONTENT="pilas" WC="0.85" CC="00700"/>
						<SP ID="P163_SP00140" HPOS="704" VPOS="964" WIDTH="16"/>
						<String ID="P163_ST00157" HPOS="720" VPOS="924" WIDTH="33" HEIGHT="31" CONTENT="de" WC="0.95" CC="01"/>
						<SP ID="P163_SP00141" HPOS="753" VPOS="964" WIDTH="30"/>
						<String ID="P163_ST00158" HPOS="783" VPOS="934" WIDTH="90" HEIGHT="26" CONTENT="sacos," WC="0.71" CC="431260"/>
						<SP ID="P163_SP00142" HPOS="873" VPOS="964" WIDTH="20"/>
						<String ID="P163_ST00159" HPOS="893" VPOS="926" WIDTH="37" HEIGHT="30" CONTENT="las" WC="0.97" CC="000"/>
						<SP ID="P163_SP00143" HPOS="930" VPOS="964" WIDTH="16"/>
						<String ID="P163_ST00160" HPOS="946" VPOS="927" WIDTH="90" HEIGHT="29" CONTENT="cuales" WC="0.71" CC="030606"/>
						<SP ID="P163_SP00144" HPOS="1036" VPOS="964" WIDTH="26"/>
						<String ID="P163_ST00161" HPOS="1062" VPOS="928" WIDTH="56" HEIGHT="29" CONTENT="solo" WC="0.72" CC="6400"/>
					</TextLine>
					<TextLine ID="P163_TL00016" HPOS="94" VPOS="980" WIDTH="1027" HEIGHT="44">
						<String ID="P163_ST00162" HPOS="94" VPOS="981" WIDTH="111" HEIGHT="30" CONTENT="cubrían" WC="0.78" CC="7020050"/>
						<SP ID="P163_SP00145" HPOS="205" VPOS="1011" WIDTH="16"/>
						<String ID="P163_ST00163" HPOS="221" VPOS="983" WIDTH="14" HEIGHT="25" CONTENT="ó" WC="0.01" CC="9"/>
						<SP ID="P163_SP00146" HPOS="235" VPOS="1011" WIDTH="11"/>
						<String ID="P163_ST00164" HPOS="246" VPOS="980" WIDTH="88" HEIGHT="31" CONTENT="medio" WC="0.90" CC="00031"/>
						<SP ID="P163_SP00147" HPOS="334" VPOS="1011" WIDTH="14"/>
						<String ID="P163_ST00165" HPOS="348" VPOS="980" WIDTH="110" HEIGHT="31" CONTENT="cubrían" WC="0.61" CC="5235063"/>
						<SP ID="P163_SP00148" HPOS="458" VPOS="1011" WIDTH="12"/>
						<String ID="P163_ST00166" HPOS="470" VPOS="990" WIDTH="47" HEIGHT="21" CONTENT="con" WC="0.57" CC="066"/>
						<SP ID="P163_SP00149" HPOS="517" VPOS="1011" WIDTH="14"/>
						<String ID="P163_ST00167" HPOS="531" VPOS="980" WIDTH="143" HEIGHT="31" CONTENT="encerados" WC="0.82" CC="040000045"/>
						<String ID="P163_ST00168" HPOS="685" VPOS="994" WIDTH="5" HEIGHT="22" CONTENT=";" WC="1.00" CC="0"/>
						<SP ID="P163_SP00150" HPOS="690" VPOS="1016" WIDTH="16"/>
						<String ID="P163_ST00169" HPOS="706" VPOS="991" WIDTH="31" HEIGHT="20" CONTENT="en" WC="0.85" CC="02"/>
						<SP ID="P163_SP00151" HPOS="737" VPOS="1016" WIDTH="18"/>
						<String ID="P163_ST00170" HPOS="755" VPOS="991" WIDTH="63" HEIGHT="30" CONTENT="gran" WC="0.96" CC="0010"/>
						<SP ID="P163_SP00152" HPOS="818" VPOS="1021" WIDTH="15"/>
						<String ID="P163_ST00171" HPOS="833" VPOS="983" WIDTH="109" HEIGHT="29" CONTENT="número" WC="0.54" CC="462930"/>
						<SP ID="P163_SP00153" HPOS="942" VPOS="1021" WIDTH="19"/>
						<String ID="P163_ST00172" HPOS="961" VPOS="983" WIDTH="32" HEIGHT="30" CONTENT="de" WC="1.00" CC="00"/>
						<SP ID="P163_SP00154" HPOS="993" VPOS="1021" WIDTH="23"/>
						<String ID="P163_ST00173" HPOS="1016" VPOS="983" WIDTH="105" HEIGHT="41" CONTENT="buques" WC="0.76" CC="080500"/>
					</TextLine>
					<TextLine ID="P163_TL00017" HPOS="94" VPOS="1038" WIDTH="1022" HEIGHT="44">
						<String ID="P163_ST00174" HPOS="94" VPOS="1038" WIDTH="33" HEIGHT="31" CONTENT="de" WC="1.00" CC="00"/>
						<SP ID="P163_SP00155" HPOS="127" VPOS="1069" WIDTH="17"/>
						<String ID="P163_ST00175" HPOS="144" VPOS="1039" WIDTH="39" HEIGHT="30" CONTENT="los" WC="0.65" CC="540"/>
						<SP ID="P163_SP00156" HPOS="183" VPOS="1069" WIDTH="11"/>
						<String ID="P163_ST00176" HPOS="194" VPOS="1038" WIDTH="154" HEIGHT="30" CONTENT="destinados" WC="0.63" CC="8255405012"/>
						<SP ID="P163_SP00157" HPOS="348" VPOS="1069" WIDTH="15"/>
						<String ID="P163_ST00177" HPOS="363" VPOS="1038" WIDTH="226" HEIGHT="41" CONTENT="para.depósilos;" WC="0.76" CC="005000406335170"/>
						<SP ID="P163_SP00158" HPOS="589" VPOS="1079" WIDTH="18"/>
						<String ID="P163_ST00178" HPOS="607" VPOS="1049" WIDTH="16" HEIGHT="29" CONTENT="y" WC="1.00" CC="0"/>
						<SP ID="P163_SP00159" HPOS="623" VPOS="1079" WIDTH="16"/>
						<String ID="P163_ST00179" HPOS="639" VPOS="1048" WIDTH="30" HEIGHT="19" CONTENT="en" WC="0.73" CC="05"/>
						<SP ID="P163_SP00160" HPOS="669" VPOS="1079" WIDTH="16"/>
						<String ID="P163_ST00180" HPOS="685" VPOS="1040" WIDTH="44" HEIGHT="34" CONTENT="fin," WC="0.93" CC="0002"/>
						<SP ID="P163_SP00161" HPOS="729" VPOS="1079" WIDTH="22"/>
						<String ID="P163_ST00181" HPOS="751" VPOS="1049" WIDTH="30" HEIGHT="19" CONTENT="en" WC="0.94" CC="01"/>
						<SP ID="P163_SP00162" HPOS="781" VPOS="1079" WIDTH="15"/>
						<String ID="P163_ST00182" HPOS="796" VPOS="1038" WIDTH="111" HEIGHT="41" CONTENT="algunos" WC="0.58" CC="7094420"/>
						<SP ID="P163_SP00163" HPOS="907" VPOS="1079" WIDTH="16"/>
						<String ID="P163_ST00183" HPOS="923" VPOS="1050" WIDTH="110" HEIGHT="31" CONTENT="vapores" WC="0.65" CC="0504445"/>
						<SP ID="P163_SP00164" HPOS="1033" VPOS="1081" WIDTH="21"/>
						<String ID="P163_ST00184" HPOS="1054" VPOS="1052" WIDTH="62" HEIGHT="30" CONTENT="que," WC="0.81" CC="0700"/>
					</TextLine>
					<TextLine ID="P163_TL00018" HPOS="94" VPOS="1094" WIDTH="1028" HEIGHT="42">
						<String ID="P163_ST00185" HPOS="94" VPOS="1107" WIDTH="76" HEIGHT="20" CONTENT="como" WC="0.56" CC="0475"/>
						<SP ID="P163_SP00165" HPOS="170" VPOS="1127" WIDTH="14"/>
						<String ID="P163_ST00186" HPOS="184" VPOS="1102" WIDTH="121" HEIGHT="24" CONTENT="nosotros" WC="0.70" CC="60007430"/>
						<String ID="P163_ST00187" HPOS="316" VPOS="1121" WIDTH="5" HEIGHT="9" CONTENT="," WC="0.89" CC="1"/>
						<SP ID="P163_SP00166" HPOS="321" VPOS="1130" WIDTH="27"/>
						<String ID="P163_ST00188" HPOS="348" VPOS="1105" WIDTH="33" HEIGHT="20" CONTENT="no" WC="0.64" CC="07"/>
						<SP ID="P163_SP00167" HPOS="381" VPOS="1130" WIDTH="23"/>
						<String ID="P163_ST00189" HPOS="404" VPOS="1095" WIDTH="22" HEIGHT="30" CONTENT="la" WC="0.67" CC="33"/>
						<SP ID="P163_SP00168" HPOS="426" VPOS="1130" WIDTH="19"/>
						<String ID="P163_ST00190" HPOS="445" VPOS="1094" WIDTH="97" HEIGHT="42" CONTENT="podían" WC="0.98" CC="010000"/>
						<SP ID="P163_SP00169" HPOS="542" VPOS="1136" WIDTH="25"/>
						<String ID="P163_ST00191" HPOS="567" VPOS="1098" WIDTH="14" HEIGHT="26" CONTENT="ó" WC="0.35" CC="6"/>
						<SP ID="P163_SP00170" HPOS="581" VPOS="1136" WIDTH="21"/>
						<String ID="P163_ST00192" HPOS="602" VPOS="1105" WIDTH="34" HEIGHT="20" CONTENT="no" WC="0.34" CC="66"/>
						<SP ID="P163_SP00171" HPOS="636" VPOS="1136" WIDTH="22"/>
						<String ID="P163_ST00193" HPOS="658" VPOS="1094" WIDTH="25" HEIGHT="30" CONTENT="la" WC="0.72" CC="50"/>
						<SP ID="P163_SP00172" HPOS="683" VPOS="1136" WIDTH="16"/>
						<String ID="P163_ST00194" HPOS="699" VPOS="1095" WIDTH="109" HEIGHT="40" CONTENT="querían" WC="0.75" CC="0604060"/>
						<SP ID="P163_SP00173" HPOS="808" VPOS="1136" WIDTH="15"/>
						<String ID="P163_ST00195" HPOS="823" VPOS="1095" WIDTH="144" HEIGHT="41" CONTENT="descargar" WC="0.78" CC="060060032"/>
						<SP ID="P163_SP00174" HPOS="967" VPOS="1136" WIDTH="24"/>
						<String ID="P163_ST00196" HPOS="991" VPOS="1106" WIDTH="61" HEIGHT="21" CONTENT="aun." WC="0.57" CC="1671"/>
						<SP ID="P163_SP00175" HPOS="1052" VPOS="1136" WIDTH="20"/>
						<String ID="P163_ST00197" HPOS="1072" VPOS="1099" WIDTH="50" HEIGHT="29" CONTENT="Por" WC="0.75" CC="006"/>
					</TextLine>
					<TextLine ID="P163_TL00019" HPOS="95" VPOS="1150" WIDTH="1026" HEIGHT="43">
						<String ID="P163_ST00198" HPOS="95" VPOS="1154" WIDTH="94" HEIGHT="29" CONTENT="último" WC="0.90" CC="002300"/>
						<SP ID="P163_SP00176" HPOS="189" VPOS="1183" WIDTH="13"/>
						<String ID="P163_ST00199" HPOS="202" VPOS="1153" WIDTH="58" HEIGHT="29" CONTENT="diré" WC="0.88" CC="0400"/>
						<SP ID="P163_SP00177" HPOS="260" VPOS="1183" WIDTH="11"/>
						<String ID="P163_ST00200" HPOS="271" VPOS="1163" WIDTH="62" HEIGHT="30" CONTENT="que," WC="0.82" CC="0700"/>
						<SP ID="P163_SP00178" HPOS="333" VPOS="1193" WIDTH="15"/>
						<String ID="P163_ST00201" HPOS="348" VPOS="1152" WIDTH="22" HEIGHT="30" CONTENT="la" WC="1.00" CC="00"/>
						<SP ID="P163_SP00179" HPOS="370" VPOS="1193" WIDTH="16"/>
						<String ID="P163_ST00202" HPOS="386" VPOS="1162" WIDTH="52" HEIGHT="31" CONTENT="que" WC="0.86" CC="012"/>
						<SP ID="P163_SP00180" HPOS="438" VPOS="1193" WIDTH="12"/>
						<String ID="P163_ST00203" HPOS="450" VPOS="1150" WIDTH="174" HEIGHT="36" CONTENT="llevábamos," WC="0.78" CC="05000106540"/>
						<SP ID="P163_SP00181" HPOS="624" VPOS="1193" WIDTH="13"/>
						<String ID="P163_ST00204" HPOS="637" VPOS="1161" WIDTH="47" HEIGHT="31" CONTENT="por" WC="0.89" CC="030"/>
						<SP ID="P163_SP00182" HPOS="684" VPOS="1193" WIDTH="16"/>
						<String ID="P163_ST00205" HPOS="700" VPOS="1150" WIDTH="80" HEIGHT="31" CONTENT="orden" WC="0.80" CC="60030"/>
						<SP ID="P163_SP00183" HPOS="780" VPOS="1193" WIDTH="12"/>
						<String ID="P163_ST00206" HPOS="792" VPOS="1150" WIDTH="42" HEIGHT="31" CONTENT="del" WC="0.73" CC="061"/>
						<SP ID="P163_SP00184" HPOS="834" VPOS="1193" WIDTH="13"/>
						<String ID="P163_ST00207" HPOS="847" VPOS="1151" WIDTH="153" HEIGHT="31" CONTENT="Intendente" WC="0.84" CC="0600305000"/>
						<SP ID="P163_SP00185" HPOS="1000" VPOS="1193" WIDTH="15"/>
						<String ID="P163_ST00208" HPOS="1015" VPOS="1153" WIDTH="22" HEIGHT="30" CONTENT="la" WC="0.59" CC="52"/>
						<SP ID="P163_SP00186" HPOS="1037" VPOS="1193" WIDTH="14"/>
						<String ID="P163_ST00209" HPOS="1051" VPOS="1159" WIDTH="70" HEIGHT="25" CONTENT="tras" SUBS_TYPE="HypPart1" SUBS_CONTENT="trasbordamos" WC="0.84" CC="00430"/>
						<HYP CONTENT="-"/>
					</TextLine>
					<TextLine ID="P163_TL00020" HPOS="97" VPOS="1207" WIDTH="1021" HEIGHT="42">
						<String ID="P163_ST00210" HPOS="97" VPOS="1210" WIDTH="144" HEIGHT="30" CONTENT="bordamos" SUBS_TYPE="HypPart2" SUBS_CONTENT="trasbordamos" WC="0.68" CC="56002045"/>
						<SP ID="P163_SP00187" HPOS="241" VPOS="1240" WIDTH="13"/>
						<String ID="P163_ST00211" HPOS="254" VPOS="1220" WIDTH="31" HEIGHT="19" CONTENT="en" WC="0.47" CC="36"/>
						<SP ID="P163_SP00188" HPOS="285" VPOS="1240" WIDTH="15"/>
						<String ID="P163_ST00212" HPOS="300" VPOS="1209" WIDTH="48" HEIGHT="29" CONTENT="dos" WC="0.90" CC="002"/>
						<SP ID="P163_SP00189" HPOS="348" VPOS="1240" WIDTH="12"/>
						<String ID="P163_ST00213" HPOS="360" VPOS="1208" WIDTH="173" HEIGHT="40" CONTENT="bergantines" WC="0.76" CC="50202260600"/>
						<SP ID="P163_SP00190" HPOS="533" VPOS="1248" WIDTH="16"/>
						<String ID="P163_ST00214" HPOS="549" VPOS="1207" WIDTH="93" HEIGHT="30" CONTENT="sardos" WC="0.58" CC="900059"/>
						<SP ID="P163_SP00191" HPOS="642" VPOS="1248" WIDTH="14"/>
						<String ID="P163_ST00215" HPOS="656" VPOS="1218" WIDTH="51" HEIGHT="30" CONTENT="que" WC="0.84" CC="040"/>
						<SP ID="P163_SP00192" HPOS="707" VPOS="1248" WIDTH="17"/>
						<String ID="P163_ST00216" HPOS="724" VPOS="1208" WIDTH="153" HEIGHT="30" CONTENT="destinaron" WC="0.79" CC="0024067000"/>
						<SP ID="P163_SP00193" HPOS="877" VPOS="1248" WIDTH="14"/>
						<String ID="P163_ST00217" HPOS="891" VPOS="1219" WIDTH="64" HEIGHT="30" CONTENT="para" WC="0.93" CC="0020"/>
						<SP ID="P163_SP00194" HPOS="955" VPOS="1249" WIDTH="17"/>
						<String ID="P163_ST00218" HPOS="972" VPOS="1210" WIDTH="146" HEIGHT="39" CONTENT="depósitos." WC="0.70" CC="9006605000"/>
					</TextLine>
				</TextBlock>
				<TextBlock ID="P163_TB00004" HPOS="92" VPOS="1263" WIDTH="1028" HEIGHT="271" STYLEREFS="TXT_1 PAR_LEFT">
					<TextLine ID="P163_TL00021" HPOS="136" VPOS="1264" WIDTH="984" HEIGHT="41">
						<String ID="P163_ST00219" HPOS="136" VPOS="1269" WIDTH="41" HEIGHT="28" CONTENT="He" WC="0.68" CC="60"/>
						<SP ID="P163_SP00195" HPOS="177" VPOS="1297" WIDTH="22"/>
						<String ID="P163_ST00220" HPOS="199" VPOS="1266" WIDTH="33" HEIGHT="30" CONTENT="de" WC="0.93" CC="01"/>
						<SP ID="P163_SP00196" HPOS="232" VPOS="1297" WIDTH="17"/>
						<String ID="P163_ST00221" HPOS="249" VPOS="1266" WIDTH="152" HEIGHT="29" CONTENT="mencionar" WC="0.70" CC="055004506"/>
						<SP ID="P163_SP00197" HPOS="401" VPOS="1297" WIDTH="21"/>
						<String ID="P163_ST00222" HPOS="422" VPOS="1276" WIDTH="52" HEIGHT="29" CONTENT="que" WC="1.00" CC="000"/>
						<SP ID="P163_SP00198" HPOS="474" VPOS="1305" WIDTH="14"/>
						<String ID="P163_ST00223" HPOS="488" VPOS="1289" WIDTH="6" HEIGHT="10" CONTENT="," WC="0.84" CC="1"/>
						<SP ID="P163_SP00199" HPOS="494" VPOS="1305" WIDTH="30"/>
						<String ID="P163_ST00224" HPOS="524" VPOS="1274" WIDTH="51" HEIGHT="20" CONTENT="una" WC="0.53" CC="076"/>
						<SP ID="P163_SP00200" HPOS="575" VPOS="1305" WIDTH="16"/>
						<String ID="P163_ST00225" HPOS="591" VPOS="1264" WIDTH="33" HEIGHT="29" CONTENT="de" WC="1.00" CC="00"/>
						<SP ID="P163_SP00201" HPOS="624" VPOS="1305" WIDTH="13"/>
						<String ID="P163_ST00226" HPOS="637" VPOS="1265" WIDTH="38" HEIGHT="29" CONTENT="las" WC="0.79" CC="023"/>
						<SP ID="P163_SP00202" HPOS="675" VPOS="1305" WIDTH="10"/>
						<String ID="P163_ST00227" HPOS="685" VPOS="1275" WIDTH="77" HEIGHT="19" CONTENT="cosas" WC="0.54" CC="06635"/>
						<SP ID="P163_SP00203" HPOS="762" VPOS="1305" WIDTH="17"/>
						<String ID="P163_ST00228" HPOS="779" VPOS="1276" WIDTH="52" HEIGHT="29" CONTENT="que" WC="0.89" CC="030"/>
						<SP ID="P163_SP00204" HPOS="831" VPOS="1305" WIDTH="14"/>
						<String ID="P163_ST00229" HPOS="845" VPOS="1265" WIDTH="150" HEIGHT="31" CONTENT="motivaban" WC="0.92" CC="020201000"/>
						<SP ID="P163_SP00205" HPOS="995" VPOS="1305" WIDTH="25"/>
						<String ID="P163_ST00230" HPOS="1020" VPOS="1272" WIDTH="100" HEIGHT="25" CONTENT="enton" SUBS_TYPE="HypPart1" SUBS_CONTENT="entonces" WC="0.68" CC="530260"/>
						<HYP CONTENT="-"/>
					</TextLine>
					<TextLine ID="P163_TL00022" HPOS="98" VPOS="1320" WIDTH="1022" HEIGHT="44">
						<String ID="P163_ST00231" HPOS="98" VPOS="1334" WIDTH="46" HEIGHT="20" CONTENT="ces" SUBS_TYPE="HypPart2" SUBS_CONTENT="entonces" WC="0.76" CC="007"/>
						<SP ID="P163_SP00206" HPOS="144" VPOS="1354" WIDTH="17"/>
						<String ID="P163_ST00232" HPOS="161" VPOS="1324" WIDTH="23" HEIGHT="29" CONTENT="la" WC="0.85" CC="20"/>
						<SP ID="P163_SP00207" HPOS="184" VPOS="1354" WIDTH="29"/>
						<String ID="P163_ST00233" HPOS="213" VPOS="1323" WIDTH="185" HEIGHT="41" CONTENT="postergación" WC="0.69" CC="015704900044"/>
						<SP ID="P163_SP00208" HPOS="398" VPOS="1364" WIDTH="14"/>
						<String ID="P163_ST00234" HPOS="412" VPOS="1332" WIDTH="31" HEIGHT="20" CONTENT="en" WC="1.00" CC="00"/>
						<SP ID="P163_SP00209" HPOS="443" VPOS="1364" WIDTH="17"/>
						<String ID="P163_ST00235" HPOS="460" VPOS="1321" WIDTH="23" HEIGHT="31" CONTENT="el" WC="0.84" CC="03"/>
						<SP ID="P163_SP00210" HPOS="483" VPOS="1364" WIDTH="19"/>
						<String ID="P163_ST00236" HPOS="502" VPOS="1321" WIDTH="114" HEIGHT="30" CONTENT="traslado" WC="0.58" CC="24756700"/>
						<SP ID="P163_SP00211" HPOS="616" VPOS="1364" WIDTH="16"/>
						<String ID="P163_ST00237" HPOS="632" VPOS="1320" WIDTH="42" HEIGHT="31" CONTENT="del" WC="1.00" CC="000"/>
						<SP ID="P163_SP00212" HPOS="674" VPOS="1364" WIDTH="14"/>
						<String ID="P163_ST00238" HPOS="688" VPOS="1321" WIDTH="114" HEIGHT="30" CONTENT="referido" WC="0.81" CC="00506002"/>
						<SP ID="P163_SP00213" HPOS="802" VPOS="1364" WIDTH="16"/>
						<String ID="P163_ST00239" HPOS="818" VPOS="1331" WIDTH="84" HEIGHT="31" CONTENT="grano" WC="0.71" CC="00616"/>
						<SP ID="P163_SP00214" HPOS="902" VPOS="1364" WIDTH="15"/>
						<String ID="P163_ST00240" HPOS="917" VPOS="1347" WIDTH="6" HEIGHT="9" CONTENT="," WC="0.91" CC="0"/>
						<SP ID="P163_SP00215" HPOS="923" VPOS="1364" WIDTH="14"/>
						<String ID="P163_ST00241" HPOS="937" VPOS="1333" WIDTH="44" HEIGHT="20" CONTENT="era" WC="0.92" CC="100"/>
						<SP ID="P163_SP00216" HPOS="981" VPOS="1364" WIDTH="14"/>
						<String ID="P163_ST00242" HPOS="995" VPOS="1323" WIDTH="22" HEIGHT="30" CONTENT="la" WC="0.72" CC="31"/>
						<SP ID="P163_SP00217" HPOS="1017" VPOS="1364" WIDTH="14"/>
						<String ID="P163_ST00243" HPOS="1031" VPOS="1323" WIDTH="61" HEIGHT="30" CONTENT="falta" WC="0.74" CC="06410"/>
						<SP ID="P163_SP00218" HPOS="1092" VPOS="1364" WIDTH="13"/>
						<String ID="P163_ST00244" HPOS="1105" VPOS="1326" WIDTH="15" HEIGHT="27" CONTENT="ó" WC="0.57" CC="4"/>
					</TextLine>
					<TextLine ID="P163_TL00023" HPOS="94" VPOS="1378" WIDTH="1026" HEIGHT="42">
						<String ID="P163_ST00245" HPOS="94" VPOS="1391" WIDTH="105" HEIGHT="20" CONTENT="escasez" WC="0.58" CC="6532602"/>
						<SP ID="P163_SP00219" HPOS="199" VPOS="1411" WIDTH="17"/>
						<String ID="P163_ST00246" HPOS="216" VPOS="1381" WIDTH="32" HEIGHT="29" CONTENT="de" WC="1.00" CC="00"/>
						<SP ID="P163_SP00220" HPOS="248" VPOS="1411" WIDTH="17"/>
						<String ID="P163_ST00247" HPOS="265" VPOS="1390" WIDTH="75" HEIGHT="20" CONTENT="sacos" WC="0.51" CC="06665"/>
						<SP ID="P163_SP00221" HPOS="340" VPOS="1411" WIDTH="24"/>
						<String ID="P163_ST00248" HPOS="364" VPOS="1381" WIDTH="88" HEIGHT="28" CONTENT="vacíos" WC="0.84" CC="000036"/>
						<SP ID="P163_SP00222" HPOS="452" VPOS="1411" WIDTH="16"/>
						<String ID="P163_ST00249" HPOS="468" VPOS="1389" WIDTH="51" HEIGHT="31" CONTENT="que" WC="1.00" CC="000"/>
						<SP ID="P163_SP00223" HPOS="519" VPOS="1420" WIDTH="17"/>
						<String ID="P163_ST00250" HPOS="536" VPOS="1378" WIDTH="77" HEIGHT="30" CONTENT="habia" WC="0.64" CC="46006"/>
						<SP ID="P163_SP00224" HPOS="613" VPOS="1420" WIDTH="16"/>
						<String ID="P163_ST00251" HPOS="629" VPOS="1392" WIDTH="6" HEIGHT="22" CONTENT=";" WC="1.00" CC="0"/>
						<SP ID="P163_SP00225" HPOS="635" VPOS="1420" WIDTH="26"/>
						<String ID="P163_ST00252" HPOS="661" VPOS="1388" WIDTH="75" HEIGHT="20" CONTENT="como" WC="0.88" CC="0202"/>
						<SP ID="P163_SP00226" HPOS="736" VPOS="1420" WIDTH="17"/>
						<String ID="P163_ST00253" HPOS="753" VPOS="1379" WIDTH="22" HEIGHT="29" CONTENT="la" WC="0.83" CC="30"/>
						<SP ID="P163_SP00227" HPOS="775" VPOS="1420" WIDTH="13"/>
						<String ID="P163_ST00254" HPOS="788" VPOS="1378" WIDTH="101" HEIGHT="30" CONTENT="cebada" WC="0.67" CC="063503"/>
						<SP ID="P163_SP00228" HPOS="889" VPOS="1420" WIDTH="21"/>
						<String ID="P163_ST00255" HPOS="910" VPOS="1380" WIDTH="75" HEIGHT="29" CONTENT="venia" WC="0.85" CC="00205"/>
						<SP ID="P163_SP00229" HPOS="985" VPOS="1420" WIDTH="24"/>
						<String ID="P163_ST00256" HPOS="1009" VPOS="1381" WIDTH="13" HEIGHT="28" CONTENT="á" WC="1.00" CC="0"/>
						<SP ID="P163_SP00230" HPOS="1022" VPOS="1420" WIDTH="28"/>
						<String ID="P163_ST00257" HPOS="1050" VPOS="1390" WIDTH="70" HEIGHT="30" CONTENT="gra" SUBS_TYPE="HypPart1" SUBS_CONTENT="granel" WC="0.80" CC="0051"/>
						<HYP CONTENT="-"/>
					</TextLine>
					<TextLine ID="P163_TL00024" HPOS="93" VPOS="1435" WIDTH="1027" HEIGHT="42">
						<String ID="P163_ST00258" HPOS="93" VPOS="1437" WIDTH="42" HEIGHT="31" CONTENT="nel" SUBS_TYPE="HypPart2" SUBS_CONTENT="granel" WC="0.86" CC="102"/>
						<SP ID="P163_SP00231" HPOS="135" VPOS="1468" WIDTH="15"/>
						<String ID="P163_ST00259" HPOS="150" VPOS="1463" WIDTH="6" HEIGHT="11" CONTENT="," WC="1.00" CC="0"/>
						<SP ID="P163_SP00232" HPOS="156" VPOS="1474" WIDTH="21"/>
						<String ID="P163_ST00260" HPOS="177" VPOS="1447" WIDTH="62" HEIGHT="30" CONTENT="para" WC="0.84" CC="0600"/>
						<SP ID="P163_SP00233" HPOS="239" VPOS="1477" WIDTH="17"/>
						<String ID="P163_ST00261" HPOS="256" VPOS="1447" WIDTH="43" HEIGHT="20" CONTENT="ser" WC="0.61" CC="604"/>
						<SP ID="P163_SP00234" HPOS="299" VPOS="1477" WIDTH="10"/>
						<String ID="P163_ST00262" HPOS="309" VPOS="1436" WIDTH="207" HEIGHT="31" CONTENT="desembarcada" WC="0.85" CC="009000500200"/>
						<SP ID="P163_SP00235" HPOS="516" VPOS="1477" WIDTH="18"/>
						<String ID="P163_ST00263" HPOS="534" VPOS="1446" WIDTH="28" HEIGHT="19" CONTENT="se" WC="0.75" CC="50"/>
						<SP ID="P163_SP00236" HPOS="562" VPOS="1477" WIDTH="21"/>
						<String ID="P163_ST00264" HPOS="583" VPOS="1436" WIDTH="168" HEIGHT="29" CONTENT="necesitaban" WC="0.70" CC="00003771066"/>
						<SP ID="P163_SP00237" HPOS="751" VPOS="1477" WIDTH="17"/>
						<String ID="P163_ST00265" HPOS="768" VPOS="1435" WIDTH="110" HEIGHT="30" CONTENT="muchos" WC="0.54" CC="603773"/>
						<SP ID="P163_SP00238" HPOS="878" VPOS="1477" WIDTH="13"/>
						<String ID="P163_ST00266" HPOS="891" VPOS="1435" WIDTH="32" HEIGHT="30" CONTENT="de" WC="0.90" CC="01"/>
						<SP ID="P163_SP00239" HPOS="923" VPOS="1477" WIDTH="14"/>
						<String ID="P163_ST00267" HPOS="937" VPOS="1446" WIDTH="61" HEIGHT="19" CONTENT="esos" WC="0.77" CC="0350"/>
						<SP ID="P163_SP00240" HPOS="998" VPOS="1477" WIDTH="18"/>
						<String ID="P163_ST00268" HPOS="1016" VPOS="1436" WIDTH="104" HEIGHT="31" CONTENT="admi—" WC="0.84" CC="00008"/>
					</TextLine>
					<TextLine ID="P163_TL00025" HPOS="92" VPOS="1495" WIDTH="126" HEIGHT="39">
						<String ID="P163_ST00269" HPOS="92" VPOS="1495" WIDTH="126" HEIGHT="39" CONTENT="nígulos." WC="0.55" CC="56750431"/>
					</TextLine>
				</TextBlock>
				<TextBlock ID="P163_TB00005" HPOS="88" VPOS="1547" WIDTH="1030" HEIGHT="376" STYLEREFS="TXT_1 PAR_LEFT">
					<TextLine ID="P163_TL00026" HPOS="133" VPOS="1549" WIDTH="985" HEIGHT="41">
						<String ID="P163_ST00270" HPOS="133" VPOS="1554" WIDTH="136" HEIGHT="28" CONTENT="Bastantes" WC="0.70" CC="604040405"/>
						<SP ID="P163_SP00241" HPOS="269" VPOS="1582" WIDTH="26"/>
						<String ID="P163_ST00271" HPOS="295" VPOS="1551" WIDTH="138" HEIGHT="30" CONTENT="ocasiones" WC="0.62" CC="610676023"/>
						<SP ID="P163_SP00242" HPOS="433" VPOS="1582" WIDTH="23"/>
						<String ID="P163_ST00272" HPOS="456" VPOS="1550" WIDTH="113" HEIGHT="30" CONTENT="tuvimos" WC="0.63" CC="5500760"/>
						<SP ID="P163_SP00243" HPOS="569" VPOS="1582" WIDTH="17"/>
						<String ID="P163_ST00273" HPOS="586" VPOS="1560" WIDTH="48" HEIGHT="20" CONTENT="con" WC="0.74" CC="006"/>
						<SP ID="P163_SP00244" HPOS="634" VPOS="1582" WIDTH="18"/>
						<String ID="P163_ST00274" HPOS="652" VPOS="1554" WIDTH="55" HEIGHT="26" CONTENT="este" WC="0.72" CC="0550"/>
						<SP ID="P163_SP00245" HPOS="707" VPOS="1582" WIDTH="16"/>
						<String ID="P163_ST00275" HPOS="723" VPOS="1549" WIDTH="145" HEIGHT="41" CONTENT="particular" WC="0.73" CC="0308613400"/>
						<SP ID="P163_SP00246" HPOS="868" VPOS="1590" WIDTH="14"/>
						<String ID="P163_ST00276" HPOS="882" VPOS="1574" WIDTH="6" HEIGHT="11" CONTENT="," WC="1.00" CC="0"/>
						<SP ID="P163_SP00247" HPOS="888" VPOS="1590" WIDTH="25"/>
						<String ID="P163_ST00277" HPOS="913" VPOS="1549" WIDTH="33" HEIGHT="31" CONTENT="de" WC="1.00" CC="00"/>
						<SP ID="P163_SP00248" HPOS="946" VPOS="1590" WIDTH="16"/>
						<String ID="P163_ST00278" HPOS="962" VPOS="1550" WIDTH="116" HEIGHT="30" CONTENT="admirar" WC="0.84" CC="3050001"/>
						<SP ID="P163_SP00249" HPOS="1078" VPOS="1590" WIDTH="16"/>
						<String ID="P163_ST00279" HPOS="1094" VPOS="1551" WIDTH="24" HEIGHT="29" CONTENT="el" WC="0.66" CC="06"/>
					</TextLine>
					<TextLine ID="P163_TL00027" HPOS="90" VPOS="1606" WIDTH="1028" HEIGHT="43">
						<String ID="P163_ST00280" HPOS="90" VPOS="1608" WIDTH="183" HEIGHT="31" CONTENT="desconcierto" WC="0.74" CC="805041000045"/>
						<SP ID="P163_SP00250" HPOS="273" VPOS="1639" WIDTH="16"/>
						<String ID="P163_ST00281" HPOS="289" VPOS="1618" WIDTH="52" HEIGHT="31" CONTENT="que" WC="0.71" CC="250"/>
						<SP ID="P163_SP00251" HPOS="341" VPOS="1649" WIDTH="18"/>
						<String ID="P163_ST00282" HPOS="359" VPOS="1607" WIDTH="108" HEIGHT="31" CONTENT="reinaba" WC="0.79" CC="0006160"/>
						<SP ID="P163_SP00252" HPOS="467" VPOS="1649" WIDTH="17"/>
						<String ID="P163_ST00283" HPOS="484" VPOS="1616" WIDTH="50" HEIGHT="20" CONTENT="aun" WC="0.56" CC="345"/>
						<SP ID="P163_SP00253" HPOS="534" VPOS="1649" WIDTH="14"/>
						<String ID="P163_ST00284" HPOS="548" VPOS="1617" WIDTH="32" HEIGHT="19" CONTENT="en" WC="0.89" CC="20"/>
						<SP ID="P163_SP00254" HPOS="580" VPOS="1649" WIDTH="13"/>
						<String ID="P163_ST00285" HPOS="593" VPOS="1607" WIDTH="97" HEIGHT="29" CONTENT="ciertas" WC="0.78" CC="0120703"/>
						<SP ID="P163_SP00255" HPOS="690" VPOS="1649" WIDTH="15"/>
						<String ID="P163_ST00286" HPOS="705" VPOS="1616" WIDTH="76" HEIGHT="20" CONTENT="cosas" WC="0.66" CC="04407"/>
						<SP ID="P163_SP00256" HPOS="781" VPOS="1649" WIDTH="16"/>
						<String ID="P163_ST00287" HPOS="797" VPOS="1618" WIDTH="4" HEIGHT="17" CONTENT=":" WC="0.51" CC="4"/>
						<SP ID="P163_SP00257" HPOS="801" VPOS="1649" WIDTH="28"/>
						<String ID="P163_ST00288" HPOS="829" VPOS="1616" WIDTH="33" HEIGHT="19" CONTENT="no" WC="0.59" CC="25"/>
						<SP ID="P163_SP00258" HPOS="862" VPOS="1649" WIDTH="19"/>
						<String ID="P163_ST00289" HPOS="881" VPOS="1606" WIDTH="59" HEIGHT="30" CONTENT="lodo" WC="0.55" CC="6505"/>
						<SP ID="P163_SP00259" HPOS="940" VPOS="1649" WIDTH="16"/>
						<String ID="P163_ST00290" HPOS="956" VPOS="1606" WIDTH="77" HEIGHT="31" CONTENT="habia" WC="0.63" CC="74700"/>
						<SP ID="P163_SP00260" HPOS="1033" VPOS="1649" WIDTH="14"/>
						<String ID="P163_ST00291" HPOS="1047" VPOS="1607" WIDTH="71" HEIGHT="30" CONTENT="reci" SUBS_TYPE="HypPart1" SUBS_CONTENT="recibido" WC="0.70" CC="41062"/>
						<HYP CONTENT="-"/>
					</TextLine>
					<TextLine ID="P163_TL00028" HPOS="89" VPOS="1662" WIDTH="1029" HEIGHT="44">
						<String ID="P163_ST00292" HPOS="89" VPOS="1665" WIDTH="64" HEIGHT="31" CONTENT="bido" SUBS_TYPE="HypPart2" SUBS_CONTENT="recibido" WC="0.49" CC="0595"/>
						<SP ID="P163_SP00261" HPOS="153" VPOS="1696" WIDTH="14"/>
						<String ID="P163_ST00293" HPOS="167" VPOS="1665" WIDTH="22" HEIGHT="31" CONTENT="el" WC="0.64" CC="70"/>
						<SP ID="P163_SP00262" HPOS="189" VPOS="1696" WIDTH="18"/>
						<String ID="P163_ST00294" HPOS="207" VPOS="1664" WIDTH="82" HEIGHT="42" CONTENT="grado" WC="0.45" CC="90097"/>
						<SP ID="P163_SP00263" HPOS="289" VPOS="1706" WIDTH="14"/>
						<String ID="P163_ST00295" HPOS="303" VPOS="1665" WIDTH="33" HEIGHT="30" CONTENT="de" WC="1.00" CC="00"/>
						<SP ID="P163_SP00264" HPOS="336" VPOS="1706" WIDTH="17"/>
						<String ID="P163_ST00296" HPOS="353" VPOS="1664" WIDTH="149" HEIGHT="41" CONTENT="perfección" WC="0.78" CC="0034002065"/>
						<SP ID="P163_SP00265" HPOS="502" VPOS="1706" WIDTH="23"/>
						<String ID="P163_ST00297" HPOS="525" VPOS="1673" WIDTH="52" HEIGHT="31" CONTENT="que" WC="0.84" CC="040"/>
						<SP ID="P163_SP00266" HPOS="577" VPOS="1706" WIDTH="22"/>
						<String ID="P163_ST00298" HPOS="599" VPOS="1673" WIDTH="44" HEIGHT="20" CONTENT="era" WC="0.84" CC="031"/>
						<SP ID="P163_SP00267" HPOS="643" VPOS="1706" WIDTH="24"/>
						<String ID="P163_ST00299" HPOS="667" VPOS="1662" WIDTH="33" HEIGHT="30" CONTENT="de" WC="1.00" CC="00"/>
						<SP ID="P163_SP00268" HPOS="700" VPOS="1706" WIDTH="15"/>
						<String ID="P163_ST00300" HPOS="715" VPOS="1662" WIDTH="95" HEIGHT="30" CONTENT="desear" WC="0.84" CC="004003"/>
						<String ID="P163_ST00301" HPOS="824" VPOS="1687" WIDTH="6" HEIGHT="11" CONTENT="," WC="1.00" CC="0"/>
						<SP ID="P163_SP00269" HPOS="830" VPOS="1706" WIDTH="30"/>
						<String ID="P163_ST00302" HPOS="860" VPOS="1672" WIDTH="50" HEIGHT="20" CONTENT="aun" WC="0.77" CC="203"/>
						<SP ID="P163_SP00270" HPOS="910" VPOS="1706" WIDTH="15"/>
						<String ID="P163_ST00303" HPOS="925" VPOS="1662" WIDTH="138" HEIGHT="31" CONTENT="atendidas" WC="0.73" CC="074700005"/>
						<SP ID="P163_SP00271" HPOS="1063" VPOS="1706" WIDTH="17"/>
						<String ID="P163_ST00304" HPOS="1080" VPOS="1663" WIDTH="38" HEIGHT="31" CONTENT="las" WC="0.71" CC="313"/>
					</TextLine>
					<TextLine ID="P163_TL00029" HPOS="90" VPOS="1718" WIDTH="1028" HEIGHT="42">
						<String ID="P163_ST00305" HPOS="90" VPOS="1721" WIDTH="209" HEIGHT="30" CONTENT="circunstancias" WC="0.56" CC="47007848250056"/>
						<SP ID="P163_SP00272" HPOS="299" VPOS="1751" WIDTH="16"/>
						<String ID="P163_ST00306" HPOS="315" VPOS="1720" WIDTH="42" HEIGHT="30" CONTENT="del" WC="1.00" CC="000"/>
						<SP ID="P163_SP00273" HPOS="357" VPOS="1751" WIDTH="18"/>
						<String ID="P163_ST00307" HPOS="375" VPOS="1725" WIDTH="142" HEIGHT="25" CONTENT="momento." WC="0.48" CC="76607660"/>
						<SP ID="P163_SP00274" HPOS="517" VPOS="1751" WIDTH="19"/>
						<String ID="P163_ST00308" HPOS="536" VPOS="1720" WIDTH="35" HEIGHT="29" CONTENT="La" WC="0.95" CC="01"/>
						<SP ID="P163_SP00275" HPOS="571" VPOS="1751" WIDTH="15"/>
						<String ID="P163_ST00309" HPOS="586" VPOS="1718" WIDTH="77" HEIGHT="42" CONTENT="culpa" WC="0.81" CC="15001"/>
						<SP ID="P163_SP00276" HPOS="663" VPOS="1760" WIDTH="14"/>
						<String ID="P163_ST00310" HPOS="677" VPOS="1729" WIDTH="33" HEIGHT="20" CONTENT="no" WC="0.35" CC="66"/>
						<SP ID="P163_SP00277" HPOS="710" VPOS="1760" WIDTH="13"/>
						<String ID="P163_ST00311" HPOS="723" VPOS="1723" WIDTH="93" HEIGHT="26" CONTENT="estuvo" WC="0.70" CC="650005"/>
						<SP ID="P163_SP00278" HPOS="816" VPOS="1760" WIDTH="15"/>
						<String ID="P163_ST00312" HPOS="831" VPOS="1724" WIDTH="69" HEIGHT="25" CONTENT="tanto" WC="0.68" CC="00365"/>
						<SP ID="P163_SP00279" HPOS="900" VPOS="1760" WIDTH="12"/>
						<String ID="P163_ST00313" HPOS="912" VPOS="1719" WIDTH="33" HEIGHT="30" CONTENT="de" WC="1.00" CC="00"/>
						<SP ID="P163_SP00280" HPOS="945" VPOS="1760" WIDTH="16"/>
						<String ID="P163_ST00314" HPOS="961" VPOS="1725" WIDTH="72" HEIGHT="35" CONTENT="parte" WC="0.85" CC="07000"/>
						<SP ID="P163_SP00281" HPOS="1033" VPOS="1760" WIDTH="15"/>
						<String ID="P163_ST00315" HPOS="1048" VPOS="1719" WIDTH="34" HEIGHT="32" CONTENT="de" WC="0.99" CC="00"/>
						<SP ID="P163_SP00282" HPOS="1082" VPOS="1760" WIDTH="12"/>
						<String ID="P163_ST00316" HPOS="1094" VPOS="1721" WIDTH="24" HEIGHT="30" CONTENT="la" WC="0.96" CC="00"/>
					</TextLine>
					<TextLine ID="P163_TL00030" HPOS="89" VPOS="1776" WIDTH="1029" HEIGHT="41">
						<String ID="P163_ST00317" HPOS="89" VPOS="1778" WIDTH="224" HEIGHT="31" CONTENT="Administración" WC="0.83" CC="00002050010157"/>
						<SP ID="P163_SP00283" HPOS="313" VPOS="1809" WIDTH="15"/>
						<String ID="P163_ST00318" HPOS="328" VPOS="1778" WIDTH="98" HEIGHT="29" CONTENT="militar" WC="0.83" CC="0005060"/>
						<SP ID="P163_SP00284" HPOS="426" VPOS="1809" WIDTH="14"/>
						<String ID="P163_ST00319" HPOS="440" VPOS="1803" WIDTH="5" HEIGHT="10" CONTENT="," WC="1.00" CC="0"/>
						<SP ID="P163_SP00285" HPOS="445" VPOS="1813" WIDTH="25"/>
						<String ID="P163_ST00320" HPOS="470" VPOS="1787" WIDTH="75" HEIGHT="20" CONTENT="como" WC="0.67" CC="4304"/>
						<SP ID="P163_SP00286" HPOS="545" VPOS="1813" WIDTH="13"/>
						<String ID="P163_ST00321" HPOS="558" VPOS="1787" WIDTH="32" HEIGHT="19" CONTENT="en" WC="0.86" CC="02"/>
						<SP ID="P163_SP00287" HPOS="590" VPOS="1813" WIDTH="18"/>
						<String ID="P163_ST00322" HPOS="608" VPOS="1777" WIDTH="22" HEIGHT="29" CONTENT="la" WC="0.72" CC="41"/>
						<SP ID="P163_SP00288" HPOS="630" VPOS="1813" WIDTH="18"/>
						<String ID="P163_ST00323" HPOS="648" VPOS="1776" WIDTH="61" HEIGHT="30" CONTENT="falta" WC="0.59" CC="45035"/>
						<SP ID="P163_SP00289" HPOS="709" VPOS="1813" WIDTH="15"/>
						<String ID="P163_ST00324" HPOS="724" VPOS="1776" WIDTH="32" HEIGHT="30" CONTENT="de" WC="1.00" CC="00"/>
						<SP ID="P163_SP00290" HPOS="756" VPOS="1813" WIDTH="17"/>
						<String ID="P163_ST00325" HPOS="773" VPOS="1776" WIDTH="133" HEIGHT="41" CONTENT="previsión" WC="0.67" CC="016044055"/>
						<SP ID="P163_SP00291" HPOS="906" VPOS="1817" WIDTH="19"/>
						<String ID="P163_ST00326" HPOS="925" VPOS="1786" WIDTH="52" HEIGHT="31" CONTENT="que" WC="0.70" CC="053"/>
						<SP ID="P163_SP00292" HPOS="977" VPOS="1817" WIDTH="14"/>
						<String ID="P163_ST00327" HPOS="991" VPOS="1776" WIDTH="71" HEIGHT="30" CONTENT="hubo" WC="0.39" CC="6664"/>
						<SP ID="P163_SP00293" HPOS="1062" VPOS="1817" WIDTH="14"/>
						<String ID="P163_ST00328" HPOS="1076" VPOS="1787" WIDTH="42" HEIGHT="20" CONTENT="so" SUBS_TYPE="HypPart1" SUBS_CONTENT="sobre" WC="0.46" CC="654"/>
						<HYP CONTENT="-"/>
					</TextLine>
					<TextLine ID="P163_TL00031" HPOS="89" VPOS="1833" WIDTH="1029" HEIGHT="45">
						<String ID="P163_ST00329" HPOS="89" VPOS="1836" WIDTH="46" HEIGHT="31" CONTENT="bre" SUBS_TYPE="HypPart2" SUBS_CONTENT="sobre" WC="0.53" CC="732"/>
						<SP ID="P163_SP00294" HPOS="135" VPOS="1867" WIDTH="15"/>
						<String ID="P163_ST00330" HPOS="150" VPOS="1837" WIDTH="104" HEIGHT="41" CONTENT="aquella" WC="0.76" CC="0080052"/>
						<SP ID="P163_SP00295" HPOS="254" VPOS="1878" WIDTH="18"/>
						<String ID="P163_ST00331" HPOS="272" VPOS="1846" WIDTH="96" HEIGHT="31" CONTENT="guerra" WC="0.69" CC="920005"/>
						<SP ID="P163_SP00296" HPOS="368" VPOS="1878" WIDTH="19"/>
						<String ID="P163_ST00332" HPOS="387" VPOS="1838" WIDTH="15" HEIGHT="27" CONTENT="ó" WC="0.38" CC="6"/>
						<SP ID="P163_SP00297" HPOS="402" VPOS="1878" WIDTH="17"/>
						<String ID="P163_ST00333" HPOS="419" VPOS="1835" WIDTH="59" HEIGHT="31" CONTENT="sitio" WC="0.64" CC="70604"/>
						<SP ID="P163_SP00298" HPOS="478" VPOS="1878" WIDTH="17"/>
						<String ID="P163_ST00334" HPOS="495" VPOS="1834" WIDTH="33" HEIGHT="31" CONTENT="de" WC="0.83" CC="03"/>
						<SP ID="P163_SP00299" HPOS="528" VPOS="1878" WIDTH="24"/>
						<String ID="P163_ST00335" HPOS="552" VPOS="1834" WIDTH="157" HEIGHT="41" CONTENT="Sebastopol" WC="0.70" CC="0054357030"/>
						<SP ID="P163_SP00300" HPOS="709" VPOS="1878" WIDTH="17"/>
						<String ID="P163_ST00336" HPOS="726" VPOS="1859" WIDTH="6" HEIGHT="9" CONTENT="," WC="0.75" CC="2"/>
						<SP ID="P163_SP00301" HPOS="732" VPOS="1878" WIDTH="26"/>
						<String ID="P163_ST00337" HPOS="758" VPOS="1834" WIDTH="42" HEIGHT="29" CONTENT="de!" WC="0.90" CC="002"/>
						<SP ID="P163_SP00302" HPOS="800" VPOS="1878" WIDTH="19"/>
						<String ID="P163_ST00338" HPOS="819" VPOS="1833" WIDTH="59" HEIGHT="31" CONTENT="lado" WC="0.56" CC="0906"/>
						<SP ID="P163_SP00303" HPOS="878" VPOS="1878" WIDTH="16"/>
						<String ID="P163_ST00339" HPOS="894" VPOS="1833" WIDTH="33" HEIGHT="31" CONTENT="de" WC="0.65" CC="06"/>
						<SP ID="P163_SP00304" HPOS="927" VPOS="1878" WIDTH="14"/>
						<String ID="P163_ST00340" HPOS="941" VPOS="1834" WIDTH="38" HEIGHT="30" CONTENT="los" WC="0.59" CC="515"/>
						<SP ID="P163_SP00305" HPOS="979" VPOS="1878" WIDTH="15"/>
						<String ID="P163_ST00341" HPOS="994" VPOS="1834" WIDTH="124" HEIGHT="32" CONTENT="hombres" WC="0.80" CC="6204000"/>
					</TextLine>
					<TextLine ID="P163_TL00032" HPOS="89" VPOS="1894" WIDTH="189" HEIGHT="29">
						<String ID="P163_ST00342" HPOS="89" VPOS="1894" WIDTH="33" HEIGHT="29" CONTENT="de" WC="0.52" CC="90"/>
						<SP ID="P163_SP00306" HPOS="122" VPOS="1923" WIDTH="13"/>
						<String ID="P163_ST00343" HPOS="135" VPOS="1894" WIDTH="143" HEIGHT="29" CONTENT="Gobierno." WC="0.80" CC="500300440"/>
					</TextLine>
				</TextBlock>
			</PrintSpace>
		</Page>
	</Layout>
</alto>
