<?xml version="1.0" encoding="UTF-8"?>
<alto xmlns:xsi="http://www.w3.org/2001/XMLSchema-instance" xsi:noNamespaceSchemaLocation="http://www.bl.uk/schemas/alto/alto-1-4.xsd" xmlns:xlink="http://www.w3.org/1999/xlink">
	<Description>
		<MeasurementUnit>mm10</MeasurementUnit>
		<sourceImageInformation>
			<fileName>//head1/IN/2008-26/A0011736599/009080.jp2</fileName>
		</sourceImageInformation>
		<OCRProcessing ID="OCRPROCESSING_1">
			<preProcessingStep>
				<processingSoftware>
					<softwareCreator>CCS Content Conversion Specialists GmbH, Germany</softwareCreator>
					<softwareName>CCS docWORKS</softwareName>
					<softwareVersion>6.1-0.67</softwareVersion>
				</processingSoftware>
			</preProcessingStep>
			<ocrProcessingStep>
				<processingSoftware>
					<softwareCreator>ABBYY (BIT Software), Russia</softwareCreator>
					<softwareName>Finereader</softwareName>
				</processingSoftware>
			</ocrProcessingStep>
		</OCRProcessing>
	</Description>
	<Styles>
		<TextStyle ID="TXT_0" FONTSIZE="10" FONTFAMILY="Courier New"/>
		<TextStyle ID="TXT_1" FONTSIZE="9" FONTFAMILY="Courier New"/>
		<ParagraphStyle ID="PAR_CENTER" ALIGN="Center"/>
		<ParagraphStyle ID="PAR_LEFT" ALIGN="Left"/>
	</Styles>
	<Layout>
		<Page ID="P28" PHYSICAL_IMG_NR="28" HEIGHT="2180" WIDTH="1241" PRINTED_IMG_NR="20" POSITION="Left" ACCURACY="74.58">
			<TopMargin ID="P28_TM00001" HPOS="0" VPOS="0" WIDTH="1241" HEIGHT="166">
				<TextBlock ID="P28_TB00001" HPOS="557" VPOS="137" WIDTH="160" HEIGHT="28" STYLEREFS="TXT_0 PAR_CENTER">
					<TextLine ID="P28_TL00001" HPOS="557" VPOS="137" WIDTH="160" HEIGHT="28">
						<String ID="P28_ST00001" HPOS="557" VPOS="137" WIDTH="160" HEIGHT="28" CONTENT="20" WC="1.00" CC="00"/>
					</TextLine>
				</TextBlock>
			</TopMargin>
			<LeftMargin ID="P28_LM00001" HPOS="0" VPOS="166" WIDTH="117" HEIGHT="1777"/>
			<RightMargin ID="P28_RM00001" HPOS="1149" VPOS="166" WIDTH="92" HEIGHT="1777"/>
			<BottomMargin ID="P28_BM00001" HPOS="0" VPOS="1943" WIDTH="1241" HEIGHT="237"/>
			<PrintSpace ID="P28_PS00001" HPOS="117" VPOS="166" WIDTH="1032" HEIGHT="1777">
				<TextBlock ID="P28_TB00002" HPOS="126" VPOS="196" WIDTH="1023" HEIGHT="102" STYLEREFS="TXT_1 PAR_LEFT">
					<TextLine ID="P28_TL00002" HPOS="130" VPOS="196" WIDTH="1019" HEIGHT="46">
						<String ID="P28_ST00002" HPOS="130" VPOS="202" WIDTH="52" HEIGHT="30" CONTENT="tido" WC="0.68" CC="6302"/>
						<SP ID="P28_SP00001" HPOS="182" VPOS="232" WIDTH="13"/>
						<String ID="P28_ST00003" HPOS="195" VPOS="202" WIDTH="125" HEIGHT="40" CONTENT="siempre," WC="0.80" CC="60060200"/>
						<SP ID="P28_SP00002" HPOS="320" VPOS="242" WIDTH="20"/>
						<String ID="P28_ST00004" HPOS="340" VPOS="210" WIDTH="51" HEIGHT="32" CONTENT="que" WC="0.78" CC="051"/>
						<SP ID="P28_SP00003" HPOS="391" VPOS="242" WIDTH="17"/>
						<String ID="P28_ST00005" HPOS="408" VPOS="199" WIDTH="25" HEIGHT="31" CONTENT="lo" WC="0.73" CC="05"/>
						<SP ID="P28_SP00004" HPOS="433" VPOS="242" WIDTH="21"/>
						<String ID="P28_ST00006" HPOS="454" VPOS="199" WIDTH="188" HEIGHT="42" CONTENT="distinguimos" WC="0.74" CC="002605040650"/>
						<SP ID="P28_SP00005" HPOS="642" VPOS="242" WIDTH="15"/>
						<String ID="P28_ST00007" HPOS="657" VPOS="210" WIDTH="48" HEIGHT="20" CONTENT="con" WC="0.69" CC="053"/>
						<SP ID="P28_SP00006" HPOS="705" VPOS="242" WIDTH="22"/>
						<String ID="P28_ST00008" HPOS="727" VPOS="199" WIDTH="24" HEIGHT="31" CONTENT="el" WC="0.91" CC="10"/>
						<SP ID="P28_SP00007" HPOS="751" VPOS="242" WIDTH="17"/>
						<String ID="P28_ST00009" HPOS="768" VPOS="198" WIDTH="193" HEIGHT="31" CONTENT="sobrenombre" WC="0.75" CC="08352106000"/>
						<SP ID="P28_SP00008" HPOS="961" VPOS="242" WIDTH="28"/>
						<String ID="P28_ST00010" HPOS="989" VPOS="197" WIDTH="33" HEIGHT="30" CONTENT="de" WC="1.00" CC="00"/>
						<SP ID="P28_SP00009" HPOS="1022" VPOS="242" WIDTH="24"/>
						<String ID="P28_ST00011" HPOS="1046" VPOS="196" WIDTH="103" HEIGHT="41" CONTENT="capilan" WC="0.90" CC="0400002"/>
					</TextLine>
					<TextLine ID="P28_TL00003" HPOS="126" VPOS="259" WIDTH="117" HEIGHT="39">
						<String ID="P28_ST00012" HPOS="126" VPOS="259" WIDTH="117" HEIGHT="39" CONTENT="Alegría." WC="0.90" CC="00003003"/>
					</TextLine>
				</TextBlock>
				<TextBlock ID="P28_TB00003" HPOS="123" VPOS="309" WIDTH="1026" HEIGHT="159" STYLEREFS="TXT_1 PAR_LEFT">
					<TextLine ID="P28_TL00004" HPOS="169" VPOS="309" WIDTH="980" HEIGHT="44">
						<String ID="P28_ST00013" HPOS="169" VPOS="316" WIDTH="109" HEIGHT="28" CONTENT="Puestos" WC="0.71" CC="0006850"/>
						<SP ID="P28_SP00010" HPOS="278" VPOS="344" WIDTH="12"/>
						<String ID="P28_ST00014" HPOS="290" VPOS="324" WIDTH="32" HEIGHT="19" CONTENT="en" WC="1.00" CC="00"/>
						<SP ID="P28_SP00011" HPOS="322" VPOS="344" WIDTH="12"/>
						<String ID="P28_ST00015" HPOS="334" VPOS="315" WIDTH="115" HEIGHT="34" CONTENT="camino," WC="0.75" CC="3400133"/>
						<SP ID="P28_SP00012" HPOS="449" VPOS="349" WIDTH="16"/>
						<String ID="P28_ST00016" HPOS="465" VPOS="324" WIDTH="76" HEIGHT="29" CONTENT="pues," WC="0.72" CC="05044"/>
						<SP ID="P28_SP00013" HPOS="541" VPOS="353" WIDTH="17"/>
						<String ID="P28_ST00017" HPOS="558" VPOS="313" WIDTH="60" HEIGHT="40" CONTENT="bajo" WC="0.68" CC="6600"/>
						<SP ID="P28_SP00014" HPOS="618" VPOS="353" WIDTH="17"/>
						<String ID="P28_ST00018" HPOS="635" VPOS="312" WIDTH="25" HEIGHT="30" CONTENT="la" WC="1.00" CC="00"/>
						<SP ID="P28_SP00015" HPOS="660" VPOS="353" WIDTH="15"/>
						<String ID="P28_ST00019" HPOS="675" VPOS="312" WIDTH="145" HEIGHT="41" CONTENT="impresión" WC="0.65" CC="260002748"/>
						<SP ID="P28_SP00016" HPOS="820" VPOS="353" WIDTH="17"/>
						<String ID="P28_ST00020" HPOS="837" VPOS="310" WIDTH="33" HEIGHT="32" CONTENT="de" WC="1.00" CC="00"/>
						<SP ID="P28_SP00017" HPOS="870" VPOS="353" WIDTH="11"/>
						<String ID="P28_ST00021" HPOS="881" VPOS="310" WIDTH="108" HEIGHT="42" CONTENT="aquella" WC="0.85" CC="0070011"/>
						<SP ID="P28_SP00018" HPOS="989" VPOS="353" WIDTH="23"/>
						<String ID="P28_ST00022" HPOS="1012" VPOS="309" WIDTH="137" HEIGHT="31" CONTENT="favorable" WC="0.64" CC="325414504"/>
					</TextLine>
					<TextLine ID="P28_TL00005" HPOS="124" VPOS="366" WIDTH="1025" HEIGHT="42">
						<String ID="P28_ST00023" HPOS="124" VPOS="381" WIDTH="98" HEIGHT="25" CONTENT="nueva," WC="0.73" CC="760002"/>
						<SP ID="P28_SP00019" HPOS="222" VPOS="406" WIDTH="29"/>
						<String ID="P28_ST00024" HPOS="251" VPOS="370" WIDTH="91" HEIGHT="30" CONTENT="íbanse" WC="0.57" CC="606660"/>
						<SP ID="P28_SP00020" HPOS="342" VPOS="406" WIDTH="16"/>
						<String ID="P28_ST00025" HPOS="358" VPOS="369" WIDTH="153" HEIGHT="30" CONTENT="deslizando" WC="0.88" CC="0020060003"/>
						<SP ID="P28_SP00021" HPOS="511" VPOS="406" WIDTH="24"/>
						<String ID="P28_ST00026" HPOS="535" VPOS="369" WIDTH="37" HEIGHT="29" CONTENT="las" WC="0.77" CC="501"/>
						<SP ID="P28_SP00022" HPOS="572" VPOS="406" WIDTH="17"/>
						<String ID="P28_ST00027" HPOS="589" VPOS="369" WIDTH="78" HEIGHT="29" CONTENT="horas" WC="0.64" CC="64014"/>
						<SP ID="P28_SP00023" HPOS="667" VPOS="406" WIDTH="23"/>
						<String ID="P28_ST00028" HPOS="690" VPOS="369" WIDTH="191" HEIGHT="39" CONTENT="alegramente," WC="0.67" CC="047009604700"/>
						<SP ID="P28_SP00024" HPOS="881" VPOS="408" WIDTH="31"/>
						<String ID="P28_ST00029" HPOS="912" VPOS="368" WIDTH="40" HEIGHT="29" CONTENT="sin" WC="0.57" CC="506"/>
						<SP ID="P28_SP00025" HPOS="952" VPOS="408" WIDTH="27"/>
						<String ID="P28_ST00030" HPOS="979" VPOS="368" WIDTH="124" HEIGHT="40" CONTENT="quejarse" WC="0.69" CC="08631210"/>
						<SP ID="P28_SP00026" HPOS="1103" VPOS="408" WIDTH="21"/>
						<String ID="P28_ST00031" HPOS="1124" VPOS="366" WIDTH="25" HEIGHT="31" CONTENT="la" WC="0.56" CC="52"/>
					</TextLine>
					<TextLine ID="P28_TL00006" HPOS="124" VPOS="425" WIDTH="830" HEIGHT="43">
						<String ID="P28_ST00032" HPOS="124" VPOS="433" WIDTH="73" HEIGHT="35" CONTENT="(ropa" WC="0.73" CC="70500"/>
						<SP ID="P28_SP00027" HPOS="197" VPOS="468" WIDTH="16"/>
						<String ID="P28_ST00033" HPOS="213" VPOS="427" WIDTH="41" HEIGHT="30" CONTENT="del" WC="0.77" CC="060"/>
						<SP ID="P28_SP00028" HPOS="254" VPOS="468" WIDTH="18"/>
						<String ID="P28_ST00034" HPOS="272" VPOS="428" WIDTH="97" HEIGHT="40" CONTENT="tiempo" WC="0.77" CC="035005"/>
						<SP ID="P28_SP00029" HPOS="369" VPOS="468" WIDTH="16"/>
						<String ID="P28_ST00035" HPOS="385" VPOS="436" WIDTH="32" HEIGHT="21" CONTENT="en" WC="0.66" CC="06"/>
						<SP ID="P28_SP00030" HPOS="417" VPOS="468" WIDTH="17"/>
						<String ID="P28_ST00036" HPOS="434" VPOS="431" WIDTH="113" HEIGHT="25" CONTENT="estremo" WC="0.65" CC="0630077"/>
						<SP ID="P28_SP00031" HPOS="547" VPOS="468" WIDTH="14"/>
						<String ID="P28_ST00037" HPOS="561" VPOS="426" WIDTH="114" HEIGHT="30" CONTENT="lluvioso" WC="0.72" CC="00807213"/>
						<SP ID="P28_SP00032" HPOS="675" VPOS="468" WIDTH="16"/>
						<String ID="P28_ST00038" HPOS="691" VPOS="436" WIDTH="52" HEIGHT="30" CONTENT="que" WC="1.00" CC="000"/>
						<SP ID="P28_SP00033" HPOS="743" VPOS="468" WIDTH="13"/>
						<String ID="P28_ST00039" HPOS="756" VPOS="436" WIDTH="28" HEIGHT="19" CONTENT="se" WC="0.54" CC="90"/>
						<SP ID="P28_SP00034" HPOS="784" VPOS="468" WIDTH="11"/>
						<String ID="P28_ST00040" HPOS="795" VPOS="425" WIDTH="159" HEIGHT="30" CONTENT="desarrolló." WC="0.68" CC="01464033450"/>
					</TextLine>
				</TextBlock>
				<TextBlock ID="P28_TB00004" HPOS="119" VPOS="480" WIDTH="1028" HEIGHT="212" STYLEREFS="TXT_1 PAR_LEFT">
					<TextLine ID="P28_TL00007" HPOS="163" VPOS="480" WIDTH="984" HEIGHT="44">
						<String ID="P28_ST00041" HPOS="163" VPOS="486" WIDTH="51" HEIGHT="28" CONTENT="Los" WC="0.79" CC="230"/>
						<SP ID="P28_SP00035" HPOS="214" VPOS="514" WIDTH="21"/>
						<String ID="P28_ST00042" HPOS="235" VPOS="483" WIDTH="97" HEIGHT="41" CONTENT="pobres" WC="0.65" CC="060436"/>
						<SP ID="P28_SP00036" HPOS="332" VPOS="524" WIDTH="24"/>
						<String ID="P28_ST00043" HPOS="356" VPOS="482" WIDTH="124" HEIGHT="30" CONTENT="soldados" WC="0.89" CC="34000000"/>
						<SP ID="P28_SP00037" HPOS="480" VPOS="524" WIDTH="19"/>
						<String ID="P28_ST00044" HPOS="499" VPOS="492" WIDTH="75" HEIGHT="21" CONTENT="como" WC="0.64" CC="0571"/>
						<SP ID="P28_SP00038" HPOS="574" VPOS="524" WIDTH="25"/>
						<String ID="P28_ST00045" HPOS="599" VPOS="492" WIDTH="33" HEIGHT="20" CONTENT="no" WC="0.70" CC="05"/>
						<SP ID="P28_SP00039" HPOS="632" VPOS="524" WIDTH="24"/>
						<String ID="P28_ST00046" HPOS="656" VPOS="482" WIDTH="95" HEIGHT="31" CONTENT="cabían" WC="0.66" CC="030266"/>
						<SP ID="P28_SP00040" HPOS="751" VPOS="524" WIDTH="25"/>
						<String ID="P28_ST00047" HPOS="776" VPOS="481" WIDTH="204" HEIGHT="31" CONTENT="cómodamente" WC="0.69" CC="54300270351"/>
						<SP ID="P28_SP00041" HPOS="980" VPOS="524" WIDTH="16"/>
						<String ID="P28_ST00048" HPOS="996" VPOS="480" WIDTH="89" HEIGHT="41" CONTENT="abajo," WC="0.85" CC="030060"/>
						<SP ID="P28_SP00042" HPOS="1085" VPOS="524" WIDTH="28"/>
						<String ID="P28_ST00049" HPOS="1113" VPOS="490" WIDTH="34" HEIGHT="21" CONTENT="no" WC="0.83" CC="03"/>
					</TextLine>
					<TextLine ID="P28_TL00008" HPOS="121" VPOS="538" WIDTH="1026" HEIGHT="36">
						<String ID="P28_ST00050" HPOS="121" VPOS="540" WIDTH="120" HEIGHT="31" CONTENT="obstante" WC="0.41" CC="76374375"/>
						<SP ID="P28_SP00043" HPOS="241" VPOS="571" WIDTH="12"/>
						<String ID="P28_ST00051" HPOS="253" VPOS="540" WIDTH="32" HEIGHT="29" CONTENT="de" WC="0.94" CC="01"/>
						<SP ID="P28_SP00044" HPOS="285" VPOS="571" WIDTH="17"/>
						<String ID="P28_ST00052" HPOS="302" VPOS="545" WIDTH="70" HEIGHT="24" CONTENT="estar" WC="0.50" CC="66704"/>
						<SP ID="P28_SP00045" HPOS="372" VPOS="571" WIDTH="12"/>
						<String ID="P28_ST00053" HPOS="384" VPOS="539" WIDTH="73" HEIGHT="30" CONTENT="todos" WC="0.57" CC="45045"/>
						<SP ID="P28_SP00046" HPOS="457" VPOS="571" WIDTH="16"/>
						<String ID="P28_ST00054" HPOS="473" VPOS="544" WIDTH="165" HEIGHT="25" CONTENT="sumamente" WC="0.52" CC="065175771"/>
						<SP ID="P28_SP00047" HPOS="638" VPOS="571" WIDTH="27"/>
						<String ID="P28_ST00055" HPOS="665" VPOS="538" WIDTH="152" HEIGHT="36" CONTENT="mareados," WC="0.78" CC="603070200"/>
						<SP ID="P28_SP00048" HPOS="817" VPOS="574" WIDTH="18"/>
						<String ID="P28_ST00056" HPOS="835" VPOS="538" WIDTH="123" HEIGHT="31" CONTENT="resistían" WC="0.72" CC="000357024"/>
						<SP ID="P28_SP00049" HPOS="958" VPOS="574" WIDTH="18"/>
						<String ID="P28_ST00057" HPOS="976" VPOS="539" WIDTH="14" HEIGHT="29" CONTENT="á" WC="0.79" CC="2"/>
						<SP ID="P28_SP00050" HPOS="990" VPOS="574" WIDTH="23"/>
						<String ID="P28_ST00058" HPOS="1013" VPOS="538" WIDTH="22" HEIGHT="30" CONTENT="la" WC="0.78" CC="04"/>
						<SP ID="P28_SP00051" HPOS="1035" VPOS="574" WIDTH="13"/>
						<String ID="P28_ST00059" HPOS="1048" VPOS="539" WIDTH="99" HEIGHT="29" CONTENT="intem" SUBS_TYPE="HypPart1" SUBS_CONTENT="intemperie" WC="0.77" CC="701040"/>
						<HYP CONTENT="-"/>
					</TextLine>
					<TextLine ID="P28_TL00009" HPOS="121" VPOS="595" WIDTH="1026" HEIGHT="43">
						<String ID="P28_ST00060" HPOS="121" VPOS="598" WIDTH="72" HEIGHT="40" CONTENT="perie" SUBS_TYPE="HypPart2" SUBS_CONTENT="intemperie" WC="0.88" CC="00140"/>
						<SP ID="P28_SP00052" HPOS="193" VPOS="638" WIDTH="14"/>
						<String ID="P28_ST00061" HPOS="207" VPOS="607" WIDTH="16" HEIGHT="30" CONTENT="y" WC="1.00" CC="0"/>
						<SP ID="P28_SP00053" HPOS="223" VPOS="638" WIDTH="15"/>
						<String ID="P28_ST00062" HPOS="238" VPOS="597" WIDTH="14" HEIGHT="30" CONTENT="á" WC="1.00" CC="0"/>
						<SP ID="P28_SP00054" HPOS="252" VPOS="638" WIDTH="16"/>
						<String ID="P28_ST00063" HPOS="268" VPOS="597" WIDTH="24" HEIGHT="29" CONTENT="la" WC="0.79" CC="04"/>
						<SP ID="P28_SP00055" HPOS="292" VPOS="638" WIDTH="15"/>
						<String ID="P28_ST00064" HPOS="307" VPOS="596" WIDTH="93" HEIGHT="35" CONTENT="lluvia," WC="0.79" CC="5040300"/>
						<SP ID="P28_SP00056" HPOS="400" VPOS="638" WIDTH="15"/>
						<String ID="P28_ST00065" HPOS="415" VPOS="595" WIDTH="140" HEIGHT="31" CONTENT="acoslados" WC="0.74" CC="150560030"/>
						<SP ID="P28_SP00057" HPOS="555" VPOS="638" WIDTH="15"/>
						<String ID="P28_ST00066" HPOS="570" VPOS="606" WIDTH="49" HEIGHT="20" CONTENT="con" WC="0.78" CC="060"/>
						<SP ID="P28_SP00058" HPOS="619" VPOS="638" WIDTH="17"/>
						<String ID="P28_ST00067" HPOS="636" VPOS="607" WIDTH="29" HEIGHT="19" CONTENT="su" WC="0.76" CC="40"/>
						<SP ID="P28_SP00059" HPOS="665" VPOS="638" WIDTH="18"/>
						<String ID="P28_ST00068" HPOS="683" VPOS="601" WIDTH="87" HEIGHT="25" CONTENT="manta" WC="0.46" CC="41776"/>
						<SP ID="P28_SP00060" HPOS="770" VPOS="638" WIDTH="17"/>
						<String ID="P28_ST00069" HPOS="787" VPOS="595" WIDTH="101" HEIGHT="31" CONTENT="echada" WC="0.88" CC="007000"/>
						<SP ID="P28_SP00061" HPOS="888" VPOS="638" WIDTH="17"/>
						<String ID="P28_ST00070" HPOS="905" VPOS="596" WIDTH="114" HEIGHT="30" CONTENT="encima." WC="0.70" CC="0525700"/>
						<SP ID="P28_SP00062" HPOS="1019" VPOS="638" WIDTH="20"/>
						<String ID="P28_ST00071" HPOS="1039" VPOS="596" WIDTH="37" HEIGHT="29" CONTENT="La" WC="0.95" CC="00"/>
						<SP ID="P28_SP00063" HPOS="1076" VPOS="638" WIDTH="15"/>
						<String ID="P28_ST00072" HPOS="1091" VPOS="605" WIDTH="56" HEIGHT="21" CONTENT="cu" SUBS_TYPE="HypPart1" SUBS_CONTENT="cubierta" WC="0.81" CC="050"/>
						<HYP CONTENT="-"/>
					</TextLine>
					<TextLine ID="P28_TL00010" HPOS="120" VPOS="651" WIDTH="877" HEIGHT="41">
						<String ID="P28_ST00073" HPOS="120" VPOS="651" WIDTH="83" HEIGHT="31" CONTENT="bierta" SUBS_TYPE="HypPart2" SUBS_CONTENT="cubierta" WC="0.71" CC="650103"/>
						<SP ID="P28_SP00064" HPOS="203" VPOS="682" WIDTH="14"/>
						<String ID="P28_ST00074" HPOS="217" VPOS="651" WIDTH="91" HEIGHT="31" CONTENT="estaba" WC="0.79" CC="007220"/>
						<SP ID="P28_SP00065" HPOS="308" VPOS="682" WIDTH="16"/>
						<String ID="P28_ST00075" HPOS="324" VPOS="653" WIDTH="15" HEIGHT="29" CONTENT="á" WC="0.06" CC="9"/>
						<SP ID="P28_SP00066" HPOS="339" VPOS="682" WIDTH="18"/>
						<String ID="P28_ST00076" HPOS="357" VPOS="662" WIDTH="33" HEIGHT="19" CONTENT="no" WC="0.29" CC="76"/>
						<SP ID="P28_SP00067" HPOS="390" VPOS="682" WIDTH="16"/>
						<String ID="P28_ST00077" HPOS="406" VPOS="651" WIDTH="83" HEIGHT="41" CONTENT="poder" WC="0.94" CC="03000"/>
						<SP ID="P28_SP00068" HPOS="489" VPOS="692" WIDTH="12"/>
						<String ID="P28_ST00078" HPOS="501" VPOS="662" WIDTH="55" HEIGHT="20" CONTENT="mas" WC="0.67" CC="405"/>
						<SP ID="P28_SP00069" HPOS="556" VPOS="692" WIDTH="16"/>
						<String ID="P28_ST00079" HPOS="572" VPOS="651" WIDTH="119" HEIGHT="31" CONTENT="atestada" WC="0.64" CC="07764200"/>
						<SP ID="P28_SP00070" HPOS="691" VPOS="692" WIDTH="13"/>
						<String ID="P28_ST00080" HPOS="704" VPOS="651" WIDTH="33" HEIGHT="31" CONTENT="de" WC="0.96" CC="00"/>
						<SP ID="P28_SP00071" HPOS="737" VPOS="692" WIDTH="19"/>
						<String ID="P28_ST00081" HPOS="756" VPOS="662" WIDTH="114" HEIGHT="30" CONTENT="cuerpos" WC="0.81" CC="0200090"/>
						<SP ID="P28_SP00072" HPOS="870" VPOS="692" WIDTH="17"/>
						<String ID="P28_ST00082" HPOS="887" VPOS="652" WIDTH="110" HEIGHT="30" CONTENT="inertes." WC="0.88" CC="02006000"/>
					</TextLine>
				</TextBlock>
				<TextBlock ID="P28_TB00005" HPOS="118" VPOS="707" WIDTH="1028" HEIGHT="380" STYLEREFS="TXT_1 PAR_LEFT">
					<TextLine ID="P28_TL00011" HPOS="163" VPOS="707" WIDTH="983" HEIGHT="42">
						<String ID="P28_ST00083" HPOS="163" VPOS="708" WIDTH="72" HEIGHT="31" CONTENT="Debo" WC="0.86" CC="0014"/>
						<SP ID="P28_SP00073" HPOS="235" VPOS="739" WIDTH="17"/>
						<String ID="P28_ST00084" HPOS="252" VPOS="709" WIDTH="89" HEIGHT="30" CONTENT="lachar" WC="0.62" CC="070725"/>
						<SP ID="P28_SP00074" HPOS="341" VPOS="739" WIDTH="11"/>
						<String ID="P28_ST00085" HPOS="352" VPOS="708" WIDTH="23" HEIGHT="30" CONTENT="al" WC="0.55" CC="35"/>
						<SP ID="P28_SP00075" HPOS="375" VPOS="739" WIDTH="18"/>
						<String ID="P28_ST00086" HPOS="393" VPOS="707" WIDTH="111" HEIGHT="31" CONTENT="soldado" WC="0.70" CC="6500503"/>
						<SP ID="P28_SP00076" HPOS="504" VPOS="739" WIDTH="10"/>
						<String ID="P28_ST00087" HPOS="514" VPOS="707" WIDTH="102" HEIGHT="31" CONTENT="francés" WC="0.67" CC="2062344"/>
						<SP ID="P28_SP00077" HPOS="616" VPOS="739" WIDTH="16"/>
						<String ID="P28_ST00088" HPOS="632" VPOS="707" WIDTH="33" HEIGHT="31" CONTENT="de" WC="1.00" CC="00"/>
						<SP ID="P28_SP00078" HPOS="665" VPOS="739" WIDTH="16"/>
						<String ID="P28_ST00089" HPOS="681" VPOS="707" WIDTH="136" HEIGHT="31" CONTENT="desidioso" WC="0.70" CC="003205644"/>
						<SP ID="P28_SP00079" HPOS="817" VPOS="739" WIDTH="13"/>
						<String ID="P28_ST00090" HPOS="830" VPOS="718" WIDTH="31" HEIGHT="21" CONTENT="en" WC="0.55" CC="35"/>
						<SP ID="P28_SP00080" HPOS="861" VPOS="739" WIDTH="18"/>
						<String ID="P28_ST00091" HPOS="879" VPOS="719" WIDTH="29" HEIGHT="20" CONTENT="su" WC="0.81" CC="30"/>
						<SP ID="P28_SP00081" HPOS="908" VPOS="739" WIDTH="17"/>
						<String ID="P28_ST00092" HPOS="925" VPOS="709" WIDTH="133" HEIGHT="40" CONTENT="limpieza." WC="0.66" CC="245016061"/>
						<SP ID="P28_SP00082" HPOS="1058" VPOS="749" WIDTH="16"/>
						<String ID="P28_ST00093" HPOS="1074" VPOS="709" WIDTH="72" HEIGHT="30" CONTENT="Náu" SUBS_TYPE="HypPart1" SUBS_CONTENT="Náuseas" WC="0.76" CC="0053"/>
						<HYP CONTENT="-"/>
					</TextLine>
					<TextLine ID="P28_TL00012" HPOS="120" VPOS="763" WIDTH="1026" HEIGHT="32">
						<String ID="P28_ST00094" HPOS="120" VPOS="774" WIDTH="59" HEIGHT="21" CONTENT="seas" SUBS_TYPE="HypPart2" SUBS_CONTENT="Náuseas" WC="0.68" CC="2135"/>
						<SP ID="P28_SP00083" HPOS="179" VPOS="795" WIDTH="16"/>
						<String ID="P28_ST00095" HPOS="195" VPOS="764" WIDTH="67" HEIGHT="31" CONTENT="daba" WC="0.70" CC="0560"/>
						<SP ID="P28_SP00084" HPOS="262" VPOS="795" WIDTH="13"/>
						<String ID="P28_ST00096" HPOS="275" VPOS="775" WIDTH="46" HEIGHT="19" CONTENT="ver" WC="0.98" CC="000"/>
						<SP ID="P28_SP00085" HPOS="321" VPOS="795" WIDTH="14"/>
						<String ID="P28_ST00097" HPOS="335" VPOS="769" WIDTH="69" HEIGHT="25" CONTENT="lanto" WC="0.71" CC="03550"/>
						<SP ID="P28_SP00086" HPOS="404" VPOS="795" WIDTH="13"/>
						<String ID="P28_ST00098" HPOS="417" VPOS="764" WIDTH="110" HEIGHT="30" CONTENT="hombre" WC="0.55" CC="166163"/>
						<SP ID="P28_SP00087" HPOS="527" VPOS="795" WIDTH="13"/>
						<String ID="P28_ST00099" HPOS="540" VPOS="763" WIDTH="124" HEIGHT="31" CONTENT="mareado" WC="0.77" CC="0320305"/>
						<SP ID="P28_SP00088" HPOS="664" VPOS="795" WIDTH="16"/>
						<String ID="P28_ST00100" HPOS="680" VPOS="765" WIDTH="39" HEIGHT="29" CONTENT="sin" WC="0.25" CC="956"/>
						<SP ID="P28_SP00089" HPOS="719" VPOS="795" WIDTH="18"/>
						<String ID="P28_ST00101" HPOS="737" VPOS="764" WIDTH="124" HEIGHT="31" CONTENT="cuidar.se" WC="0.77" CC="040020390"/>
						<SP ID="P28_SP00090" HPOS="861" VPOS="795" WIDTH="14"/>
						<String ID="P28_ST00102" HPOS="875" VPOS="765" WIDTH="25" HEIGHT="30" CONTENT="lo" WC="0.92" CC="01"/>
						<SP ID="P28_SP00091" HPOS="900" VPOS="795" WIDTH="17"/>
						<String ID="P28_ST00103" HPOS="917" VPOS="775" WIDTH="56" HEIGHT="20" CONTENT="mas" WC="0.45" CC="636"/>
						<SP ID="P28_SP00092" HPOS="973" VPOS="795" WIDTH="16"/>
						<String ID="P28_ST00104" HPOS="989" VPOS="765" WIDTH="110" HEIGHT="30" CONTENT="mínimo" WC="0.67" CC="705060"/>
						<SP ID="P28_SP00093" HPOS="1099" VPOS="795" WIDTH="14"/>
						<String ID="P28_ST00105" HPOS="1113" VPOS="765" WIDTH="33" HEIGHT="30" CONTENT="de" WC="1.00" CC="00"/>
					</TextLine>
					<TextLine ID="P28_TL00013" HPOS="119" VPOS="821" WIDTH="1027" HEIGHT="41">
						<String ID="P28_ST00106" HPOS="119" VPOS="823" WIDTH="22" HEIGHT="28" CONTENT="sí" WC="0.70" CC="06"/>
						<SP ID="P28_SP00094" HPOS="141" VPOS="851" WIDTH="16"/>
						<String ID="P28_ST00107" HPOS="157" VPOS="822" WIDTH="92" HEIGHT="39" CONTENT="propio" WC="0.71" CC="037051"/>
						<String ID="P28_ST00108" HPOS="259" VPOS="834" WIDTH="6" HEIGHT="22" CONTENT=";" WC="1.00" CC="0"/>
						<SP ID="P28_SP00095" HPOS="265" VPOS="861" WIDTH="16"/>
						<String ID="P28_ST00109" HPOS="281" VPOS="832" WIDTH="17" HEIGHT="29" CONTENT="y" WC="1.00" CC="0"/>
						<SP ID="P28_SP00096" HPOS="298" VPOS="861" WIDTH="25"/>
						<String ID="P28_ST00110" HPOS="323" VPOS="821" WIDTH="24" HEIGHT="29" CONTENT="lo" WC="0.55" CC="35"/>
						<SP ID="P28_SP00097" HPOS="347" VPOS="861" WIDTH="26"/>
						<String ID="P28_ST00111" HPOS="373" VPOS="831" WIDTH="62" HEIGHT="30" CONTENT="peor" WC="0.84" CC="0060"/>
						<SP ID="P28_SP00098" HPOS="435" VPOS="861" WIDTH="22"/>
						<String ID="P28_ST00112" HPOS="457" VPOS="831" WIDTH="43" HEIGHT="19" CONTENT="era" WC="0.99" CC="000"/>
						<SP ID="P28_SP00099" HPOS="500" VPOS="861" WIDTH="18"/>
						<String ID="P28_ST00113" HPOS="518" VPOS="831" WIDTH="52" HEIGHT="30" CONTENT="que" WC="0.76" CC="042"/>
						<SP ID="P28_SP00100" HPOS="570" VPOS="861" WIDTH="24"/>
						<String ID="P28_ST00114" HPOS="594" VPOS="821" WIDTH="75" HEIGHT="29" CONTENT="hasla" WC="0.69" CC="70601"/>
						<SP ID="P28_SP00101" HPOS="669" VPOS="861" WIDTH="21"/>
						<String ID="P28_ST00115" HPOS="690" VPOS="821" WIDTH="24" HEIGHT="29" CONTENT="el" WC="0.92" CC="10"/>
						<SP ID="P28_SP00102" HPOS="714" VPOS="861" WIDTH="18"/>
						<String ID="P28_ST00116" HPOS="732" VPOS="821" WIDTH="103" HEIGHT="30" CONTENT="alcázar" WC="0.78" CC="1400350"/>
						<SP ID="P28_SP00103" HPOS="835" VPOS="861" WIDTH="17"/>
						<String ID="P28_ST00117" HPOS="852" VPOS="822" WIDTH="92" HEIGHT="29" CONTENT="estaba" WC="0.50" CC="097452"/>
						<SP ID="P28_SP00104" HPOS="944" VPOS="861" WIDTH="11"/>
						<String ID="P28_ST00118" HPOS="955" VPOS="821" WIDTH="127" HEIGHT="30" CONTENT="invadido" WC="0.75" CC="07060104"/>
						<SP ID="P28_SP00105" HPOS="1082" VPOS="861" WIDTH="17"/>
						<String ID="P28_ST00119" HPOS="1099" VPOS="832" WIDTH="47" HEIGHT="30" CONTENT="por" WC="0.79" CC="060"/>
					</TextLine>
					<TextLine ID="P28_TL00014" HPOS="119" VPOS="878" WIDTH="1027" HEIGHT="42">
						<String ID="P28_ST00120" HPOS="119" VPOS="878" WIDTH="78" HEIGHT="36" CONTENT="ellos," WC="0.70" CC="060532"/>
						<SP ID="P28_SP00106" HPOS="197" VPOS="914" WIDTH="18"/>
						<String ID="P28_ST00121" HPOS="215" VPOS="878" WIDTH="33" HEIGHT="30" CONTENT="de" WC="1.00" CC="00"/>
						<SP ID="P28_SP00107" HPOS="248" VPOS="914" WIDTH="17"/>
						<String ID="P28_ST00122" HPOS="265" VPOS="888" WIDTH="106" HEIGHT="20" CONTENT="manera" WC="0.44" CC="656427"/>
						<SP ID="P28_SP00108" HPOS="371" VPOS="914" WIDTH="17"/>
						<String ID="P28_ST00123" HPOS="388" VPOS="889" WIDTH="51" HEIGHT="29" CONTENT="que" WC="0.82" CC="050"/>
						<SP ID="P28_SP00109" HPOS="439" VPOS="918" WIDTH="16"/>
						<String ID="P28_ST00124" HPOS="455" VPOS="888" WIDTH="34" HEIGHT="19" CONTENT="no" WC="0.33" CC="76"/>
						<SP ID="P28_SP00110" HPOS="489" VPOS="918" WIDTH="17"/>
						<String ID="P28_ST00125" HPOS="506" VPOS="878" WIDTH="77" HEIGHT="29" CONTENT="habia" WC="0.69" CC="55003"/>
						<SP ID="P28_SP00111" HPOS="583" VPOS="918" WIDTH="14"/>
						<String ID="P28_ST00126" HPOS="597" VPOS="878" WIDTH="87" HEIGHT="30" CONTENT="medio" WC="0.63" CC="72053"/>
						<SP ID="P28_SP00112" HPOS="684" VPOS="918" WIDTH="16"/>
						<String ID="P28_ST00127" HPOS="700" VPOS="878" WIDTH="33" HEIGHT="30" CONTENT="de" WC="1.00" CC="00"/>
						<SP ID="P28_SP00113" HPOS="733" VPOS="918" WIDTH="17"/>
						<String ID="P28_ST00128" HPOS="750" VPOS="878" WIDTH="86" HEIGHT="31" CONTENT="evitar" WC="0.80" CC="200206"/>
						<SP ID="P28_SP00114" HPOS="836" VPOS="918" WIDTH="24"/>
						<String ID="P28_ST00129" HPOS="860" VPOS="878" WIDTH="24" HEIGHT="31" CONTENT="el" WC="1.00" CC="00"/>
						<SP ID="P28_SP00115" HPOS="884" VPOS="918" WIDTH="26"/>
						<String ID="P28_ST00130" HPOS="910" VPOS="883" WIDTH="75" HEIGHT="26" CONTENT="tener" WC="0.85" CC="32100"/>
						<SP ID="P28_SP00116" HPOS="985" VPOS="918" WIDTH="14"/>
						<String ID="P28_ST00131" HPOS="999" VPOS="889" WIDTH="49" HEIGHT="31" CONTENT="por" WC="0.84" CC="040"/>
						<SP ID="P28_SP00117" HPOS="1048" VPOS="920" WIDTH="24"/>
						<String ID="P28_ST00132" HPOS="1072" VPOS="878" WIDTH="74" HEIGHT="32" CONTENT="todos" WC="0.66" CC="47050"/>
					</TextLine>
					<TextLine ID="P28_TL00015" HPOS="119" VPOS="933" WIDTH="1027" HEIGHT="33">
						<String ID="P28_ST00133" HPOS="119" VPOS="933" WIDTH="75" HEIGHT="31" CONTENT="lados" WC="0.60" CC="60093"/>
						<SP ID="P28_SP00118" HPOS="194" VPOS="964" WIDTH="17"/>
						<String ID="P28_ST00134" HPOS="211" VPOS="939" WIDTH="68" HEIGHT="25" CONTENT="lanta" WC="0.68" CC="05702"/>
						<SP ID="P28_SP00119" HPOS="279" VPOS="964" WIDTH="15"/>
						<String ID="P28_ST00135" HPOS="294" VPOS="934" WIDTH="173" HEIGHT="30" CONTENT="inmundicia." WC="0.74" CC="06750020050"/>
						<SP ID="P28_SP00120" HPOS="467" VPOS="964" WIDTH="16"/>
						<String ID="P28_ST00136" HPOS="483" VPOS="935" WIDTH="29" HEIGHT="28" CONTENT="Ni" WC="0.71" CC="05"/>
						<SP ID="P28_SP00121" HPOS="512" VPOS="964" WIDTH="16"/>
						<String ID="P28_ST00137" HPOS="528" VPOS="934" WIDTH="200" HEIGHT="31" CONTENT="insinuaciones" WC="0.63" CC="0874084006700"/>
						<SP ID="P28_SP00122" HPOS="728" VPOS="965" WIDTH="16"/>
						<String ID="P28_ST00138" HPOS="744" VPOS="934" WIDTH="26" HEIGHT="30" CONTENT="ni" WC="0.60" CC="25"/>
						<SP ID="P28_SP00123" HPOS="770" VPOS="965" WIDTH="17"/>
						<String ID="P28_ST00139" HPOS="787" VPOS="934" WIDTH="140" HEIGHT="32" CONTENT="mándalos" WC="0.82" CC="20105040"/>
						<SP ID="P28_SP00124" HPOS="927" VPOS="966" WIDTH="17"/>
						<String ID="P28_ST00140" HPOS="944" VPOS="935" WIDTH="33" HEIGHT="31" CONTENT="de" WC="1.00" CC="00"/>
						<SP ID="P28_SP00125" HPOS="977" VPOS="966" WIDTH="28"/>
						<String ID="P28_ST00141" HPOS="1005" VPOS="946" WIDTH="46" HEIGHT="20" CONTENT="sus" WC="0.70" CC="530"/>
						<SP ID="P28_SP00126" HPOS="1051" VPOS="966" WIDTH="22"/>
						<String ID="P28_ST00142" HPOS="1073" VPOS="935" WIDTH="73" HEIGHT="31" CONTENT="mis" SUBS_TYPE="HypPart1" SUBS_CONTENT="mismos" WC="0.53" CC="5714"/>
						<HYP CONTENT="-"/>
					</TextLine>
					<TextLine ID="P28_TL00016" HPOS="119" VPOS="990" WIDTH="1026" HEIGHT="40">
						<String ID="P28_ST00143" HPOS="119" VPOS="1000" WIDTH="57" HEIGHT="20" CONTENT="mos" SUBS_TYPE="HypPart2" SUBS_CONTENT="mismos" WC="0.71" CC="530"/>
						<SP ID="P28_SP00127" HPOS="176" VPOS="1020" WIDTH="16"/>
						<String ID="P28_ST00144" HPOS="192" VPOS="990" WIDTH="117" HEIGHT="30" CONTENT="oficiales" WC="0.89" CC="400002300"/>
						<SP ID="P28_SP00128" HPOS="309" VPOS="1020" WIDTH="16"/>
						<String ID="P28_ST00145" HPOS="325" VPOS="990" WIDTH="86" HEIGHT="30" CONTENT="valían" WC="0.84" CC="003032"/>
						<SP ID="P28_SP00129" HPOS="411" VPOS="1020" WIDTH="18"/>
						<String ID="P28_ST00146" HPOS="429" VPOS="1000" WIDTH="65" HEIGHT="30" CONTENT="gran" WC="0.94" CC="0200"/>
						<SP ID="P28_SP00130" HPOS="494" VPOS="1030" WIDTH="17"/>
						<String ID="P28_ST00147" HPOS="511" VPOS="1000" WIDTH="61" HEIGHT="21" CONTENT="cosa" WC="0.89" CC="0040"/>
						<String ID="P28_ST00148" HPOS="584" VPOS="1003" WIDTH="6" HEIGHT="18" CONTENT=":" WC="0.45" CC="5"/>
						<SP ID="P28_SP00131" HPOS="590" VPOS="1030" WIDTH="30"/>
						<String ID="P28_ST00149" HPOS="620" VPOS="1000" WIDTH="75" HEIGHT="21" CONTENT="como" WC="0.59" CC="0465"/>
						<SP ID="P28_SP00132" HPOS="695" VPOS="1030" WIDTH="28"/>
						<String ID="P28_ST00150" HPOS="723" VPOS="991" WIDTH="75" HEIGHT="30" CONTENT="lodos" WC="0.85" CC="01041"/>
						<SP ID="P28_SP00133" HPOS="798" VPOS="1030" WIDTH="27"/>
						<String ID="P28_ST00151" HPOS="825" VPOS="991" WIDTH="111" HEIGHT="31" CONTENT="estaban" WC="0.84" CC="0050040"/>
						<SP ID="P28_SP00134" HPOS="936" VPOS="1030" WIDTH="28"/>
						<String ID="P28_ST00152" HPOS="964" VPOS="992" WIDTH="128" HEIGHT="35" CONTENT="echados," WC="0.78" CC="00600630"/>
						<SP ID="P28_SP00135" HPOS="1092" VPOS="1030" WIDTH="20"/>
						<String ID="P28_ST00153" HPOS="1112" VPOS="1002" WIDTH="33" HEIGHT="20" CONTENT="no" WC="0.59" CC="26"/>
					</TextLine>
					<TextLine ID="P28_TL00017" HPOS="119" VPOS="1045" WIDTH="736" HEIGHT="42">
						<String ID="P28_ST00154" HPOS="119" VPOS="1045" WIDTH="77" HEIGHT="31" CONTENT="habia" WC="0.66" CC="33305"/>
						<SP ID="P28_SP00136" HPOS="196" VPOS="1076" WIDTH="11"/>
						<String ID="P28_ST00155" HPOS="207" VPOS="1056" WIDTH="49" HEIGHT="20" CONTENT="con" WC="0.85" CC="030"/>
						<SP ID="P28_SP00137" HPOS="256" VPOS="1076" WIDTH="17"/>
						<String ID="P28_ST00156" HPOS="273" VPOS="1046" WIDTH="80" HEIGHT="40" CONTENT="quien" WC="0.79" CC="05005"/>
						<SP ID="P28_SP00138" HPOS="353" VPOS="1086" WIDTH="16"/>
						<String ID="P28_ST00157" HPOS="369" VPOS="1055" WIDTH="130" HEIGHT="32" CONTENT="apoyarse" WC="0.80" CC="20505030"/>
						<SP ID="P28_SP00139" HPOS="499" VPOS="1087" WIDTH="21"/>
						<String ID="P28_ST00158" HPOS="520" VPOS="1055" WIDTH="63" HEIGHT="32" CONTENT="para" WC="0.45" CC="9605"/>
						<SP ID="P28_SP00140" HPOS="583" VPOS="1087" WIDTH="16"/>
						<String ID="P28_ST00159" HPOS="599" VPOS="1048" WIDTH="110" HEIGHT="29" CONTENT="hacerse" WC="0.80" CC="7600000"/>
						<SP ID="P28_SP00141" HPOS="709" VPOS="1087" WIDTH="16"/>
						<String ID="P28_ST00160" HPOS="725" VPOS="1053" WIDTH="130" HEIGHT="34" CONTENT="respetar." WC="0.75" CC="065005050"/>
					</TextLine>
				</TextBlock>
				<TextBlock ID="P28_TB00006" HPOS="118" VPOS="1102" WIDTH="1026" HEIGHT="96" STYLEREFS="TXT_1 PAR_LEFT">
					<TextLine ID="P28_TL00018" HPOS="160" VPOS="1102" WIDTH="984" HEIGHT="45">
						<String ID="P28_ST00161" HPOS="160" VPOS="1103" WIDTH="91" HEIGHT="39" CONTENT="Tengo" WC="0.76" CC="50204"/>
						<SP ID="P28_SP00142" HPOS="251" VPOS="1142" WIDTH="17"/>
						<String ID="P28_ST00162" HPOS="268" VPOS="1102" WIDTH="68" HEIGHT="40" CONTENT="viaje" WC="0.70" CC="40422"/>
						<SP ID="P28_SP00143" HPOS="336" VPOS="1142" WIDTH="16"/>
						<String ID="P28_ST00163" HPOS="352" VPOS="1102" WIDTH="83" HEIGHT="30" CONTENT="hecho" WC="0.66" CC="30066"/>
						<SP ID="P28_SP00144" HPOS="435" VPOS="1142" WIDTH="14"/>
						<String ID="P28_ST00164" HPOS="449" VPOS="1103" WIDTH="13" HEIGHT="29" CONTENT="á" WC="1.00" CC="0"/>
						<SP ID="P28_SP00145" HPOS="462" VPOS="1142" WIDTH="18"/>
						<String ID="P28_ST00165" HPOS="480" VPOS="1102" WIDTH="23" HEIGHT="30" CONTENT="la" WC="0.71" CC="13"/>
						<SP ID="P28_SP00146" HPOS="503" VPOS="1142" WIDTH="12"/>
						<String ID="P28_ST00166" HPOS="515" VPOS="1103" WIDTH="107" HEIGHT="29" CONTENT="Habana" WC="0.91" CC="310000"/>
						<SP ID="P28_SP00147" HPOS="622" VPOS="1142" WIDTH="18"/>
						<String ID="P28_ST00167" HPOS="640" VPOS="1113" WIDTH="48" HEIGHT="20" CONTENT="con" WC="0.82" CC="050"/>
						<SP ID="P28_SP00148" HPOS="688" VPOS="1142" WIDTH="33"/>
						<String ID="P28_ST00168" HPOS="721" VPOS="1110" WIDTH="88" HEIGHT="34" CONTENT="tropas" WC="0.67" CC="353041"/>
						<SP ID="P28_SP00149" HPOS="809" VPOS="1144" WIDTH="27"/>
						<String ID="P28_ST00169" HPOS="836" VPOS="1105" WIDTH="152" HEIGHT="40" CONTENT="españolas," WC="0.69" CC="0506245330"/>
						<SP ID="P28_SP00150" HPOS="988" VPOS="1145" WIDTH="21"/>
						<String ID="P28_ST00170" HPOS="1009" VPOS="1116" WIDTH="17" HEIGHT="31" CONTENT="y" WC="1.00" CC="0"/>
						<SP ID="P28_SP00151" HPOS="1026" VPOS="1147" WIDTH="15"/>
						<String ID="P28_ST00171" HPOS="1041" VPOS="1115" WIDTH="41" HEIGHT="21" CONTENT="me" WC="0.74" CC="50"/>
						<SP ID="P28_SP00152" HPOS="1082" VPOS="1147" WIDTH="14"/>
						<String ID="P28_ST00172" HPOS="1096" VPOS="1115" WIDTH="48" HEIGHT="32" CONTENT="pa" SUBS_TYPE="HypPart1" SUBS_CONTENT="parece" WC="0.85" CC="040"/>
						<HYP CONTENT="-"/>
					</TextLine>
					<TextLine ID="P28_TL00019" HPOS="119" VPOS="1157" WIDTH="756" HEIGHT="41">
						<String ID="P28_ST00173" HPOS="119" VPOS="1167" WIDTH="60" HEIGHT="20" CONTENT="rece" SUBS_TYPE="HypPart2" SUBS_CONTENT="parece" WC="1.00" CC="0000"/>
						<SP ID="P28_SP00153" HPOS="179" VPOS="1187" WIDTH="11"/>
						<String ID="P28_ST00174" HPOS="190" VPOS="1168" WIDTH="51" HEIGHT="30" CONTENT="que" WC="0.71" CC="044"/>
						<SP ID="P28_SP00154" HPOS="241" VPOS="1198" WIDTH="11"/>
						<String ID="P28_ST00175" HPOS="252" VPOS="1158" WIDTH="25" HEIGHT="29" CONTENT="el" WC="1.00" CC="00"/>
						<SP ID="P28_SP00155" HPOS="277" VPOS="1198" WIDTH="13"/>
						<String ID="P28_ST00176" HPOS="290" VPOS="1157" WIDTH="110" HEIGHT="30" CONTENT="soldado" WC="0.85" CC="1500300"/>
						<SP ID="P28_SP00156" HPOS="400" VPOS="1198" WIDTH="12"/>
						<String ID="P28_ST00177" HPOS="412" VPOS="1168" WIDTH="44" HEIGHT="19" CONTENT="era" WC="0.52" CC="760"/>
						<SP ID="P28_SP00157" HPOS="456" VPOS="1198" WIDTH="19"/>
						<String ID="P28_ST00178" HPOS="475" VPOS="1169" WIDTH="34" HEIGHT="19" CONTENT="un" WC="0.91" CC="01"/>
						<SP ID="P28_SP00158" HPOS="509" VPOS="1198" WIDTH="18"/>
						<String ID="P28_ST00179" HPOS="527" VPOS="1169" WIDTH="67" HEIGHT="29" CONTENT="poco" WC="0.79" CC="0403"/>
						<SP ID="P28_SP00159" HPOS="594" VPOS="1198" WIDTH="15"/>
						<String ID="P28_ST00180" HPOS="609" VPOS="1169" WIDTH="56" HEIGHT="20" CONTENT="mas" WC="0.89" CC="030"/>
						<SP ID="P28_SP00160" HPOS="665" VPOS="1198" WIDTH="17"/>
						<String ID="P28_ST00181" HPOS="682" VPOS="1159" WIDTH="193" HEIGHT="32" CONTENT="subordinado." WC="0.75" CC="620050064050"/>
					</TextLine>
				</TextBlock>
				<TextBlock ID="P28_TB00007" HPOS="117" VPOS="1215" WIDTH="1027" HEIGHT="323" STYLEREFS="TXT_1 PAR_LEFT">
					<TextLine ID="P28_TL00020" HPOS="160" VPOS="1215" WIDTH="984" HEIGHT="44">
						<String ID="P28_ST00182" HPOS="160" VPOS="1215" WIDTH="104" HEIGHT="31" CONTENT="Verdad" WC="0.75" CC="725000"/>
						<SP ID="P28_SP00161" HPOS="264" VPOS="1246" WIDTH="14"/>
						<String ID="P28_ST00183" HPOS="278" VPOS="1226" WIDTH="28" HEIGHT="20" CONTENT="es" WC="0.64" CC="33"/>
						<SP ID="P28_SP00162" HPOS="306" VPOS="1246" WIDTH="12"/>
						<String ID="P28_ST00184" HPOS="318" VPOS="1226" WIDTH="52" HEIGHT="31" CONTENT="que" WC="0.70" CC="017"/>
						<SP ID="P28_SP00163" HPOS="370" VPOS="1257" WIDTH="13"/>
						<String ID="P28_ST00185" HPOS="383" VPOS="1226" WIDTH="75" HEIGHT="20" CONTENT="como" WC="0.61" CC="0526"/>
						<SP ID="P28_SP00164" HPOS="458" VPOS="1257" WIDTH="13"/>
						<String ID="P28_ST00186" HPOS="471" VPOS="1216" WIDTH="60" HEIGHT="30" CONTENT="iban" WC="0.90" CC="0004"/>
						<SP ID="P28_SP00165" HPOS="531" VPOS="1257" WIDTH="19"/>
						<String ID="P28_ST00187" HPOS="550" VPOS="1217" WIDTH="38" HEIGHT="30" CONTENT="los" WC="0.70" CC="071"/>
						<SP ID="P28_SP00166" HPOS="588" VPOS="1257" WIDTH="17"/>
						<String ID="P28_ST00188" HPOS="605" VPOS="1216" WIDTH="145" HEIGHT="37" CONTENT="franceses," WC="0.64" CC="5062039700"/>
						<SP ID="P28_SP00167" HPOS="750" VPOS="1257" WIDTH="20"/>
						<String ID="P28_ST00189" HPOS="770" VPOS="1218" WIDTH="149" HEIGHT="41" CONTENT="digámoslo" WC="0.74" CC="040036305"/>
						<SP ID="P28_SP00168" HPOS="919" VPOS="1259" WIDTH="23"/>
						<String ID="P28_ST00190" HPOS="942" VPOS="1221" WIDTH="53" HEIGHT="36" CONTENT="así," WC="0.91" CC="0003"/>
						<SP ID="P28_SP00169" HPOS="995" VPOS="1259" WIDTH="17"/>
						<String ID="P28_ST00191" HPOS="1012" VPOS="1221" WIDTH="24" HEIGHT="30" CONTENT="al" WC="0.76" CC="04"/>
						<SP ID="P28_SP00170" HPOS="1036" VPOS="1259" WIDTH="16"/>
						<String ID="P28_ST00192" HPOS="1052" VPOS="1226" WIDTH="92" HEIGHT="26" CONTENT="mata" SUBS_TYPE="HypPart1" SUBS_CONTENT="matadero," WC="0.72" CC="43401"/>
						<HYP CONTENT="-"/>
					</TextLine>
					<TextLine ID="P28_TL00021" HPOS="118" VPOS="1271" WIDTH="1026" HEIGHT="45">
						<String ID="P28_ST00193" HPOS="118" VPOS="1271" WIDTH="75" HEIGHT="37" CONTENT="dero," SUBS_TYPE="HypPart2" SUBS_CONTENT="matadero," WC="0.96" CC="00010"/>
						<SP ID="P28_SP00171" HPOS="193" VPOS="1308" WIDTH="16"/>
						<String ID="P28_ST00194" HPOS="209" VPOS="1282" WIDTH="32" HEIGHT="20" CONTENT="no" WC="0.34" CC="66"/>
						<SP ID="P28_SP00172" HPOS="241" VPOS="1308" WIDTH="25"/>
						<String ID="P28_ST00195" HPOS="266" VPOS="1272" WIDTH="93" HEIGHT="30" CONTENT="hacian" WC="0.64" CC="620065"/>
						<SP ID="P28_SP00173" HPOS="359" VPOS="1308" WIDTH="21"/>
						<String ID="P28_ST00196" HPOS="380" VPOS="1272" WIDTH="96" HEIGHT="30" CONTENT="mucho" WC="0.49" CC="60764"/>
						<SP ID="P28_SP00174" HPOS="476" VPOS="1308" WIDTH="23"/>
						<String ID="P28_ST00197" HPOS="499" VPOS="1282" WIDTH="61" HEIGHT="21" CONTENT="caso" WC="0.47" CC="0767"/>
						<SP ID="P28_SP00175" HPOS="560" VPOS="1308" WIDTH="16"/>
						<String ID="P28_ST00198" HPOS="576" VPOS="1272" WIDTH="33" HEIGHT="31" CONTENT="de" WC="0.94" CC="01"/>
						<SP ID="P28_SP00176" HPOS="609" VPOS="1308" WIDTH="29"/>
						<String ID="P28_ST00199" HPOS="638" VPOS="1274" WIDTH="181" HEIGHT="30" CONTENT="miramientos" WC="0.67" CC="71507006042"/>
						<SP ID="P28_SP00177" HPOS="819" VPOS="1308" WIDTH="17"/>
						<String ID="P28_ST00200" HPOS="836" VPOS="1281" WIDTH="183" HEIGHT="35" CONTENT="respetuosos." WC="0.66" CC="034050466350"/>
						<SP ID="P28_SP00178" HPOS="1019" VPOS="1316" WIDTH="20"/>
						<String ID="P28_ST00201" HPOS="1039" VPOS="1278" WIDTH="20" HEIGHT="29" CONTENT="A" WC="1.00" CC="0"/>
						<SP ID="P28_SP00179" HPOS="1059" VPOS="1316" WIDTH="18"/>
						<String ID="P28_ST00202" HPOS="1077" VPOS="1288" WIDTH="67" HEIGHT="20" CONTENT="unos" WC="0.92" CC="1010"/>
					</TextLine>
					<TextLine ID="P28_TL00022" HPOS="119" VPOS="1328" WIDTH="1025" HEIGHT="45">
						<String ID="P28_ST00203" HPOS="119" VPOS="1338" WIDTH="51" HEIGHT="31" CONTENT="que" WC="0.72" CC="080"/>
						<SP ID="P28_SP00180" HPOS="170" VPOS="1369" WIDTH="13"/>
						<String ID="P28_ST00204" HPOS="183" VPOS="1338" WIDTH="51" HEIGHT="20" CONTENT="una" WC="0.88" CC="003"/>
						<SP ID="P28_SP00181" HPOS="234" VPOS="1369" WIDTH="15"/>
						<String ID="P28_ST00205" HPOS="249" VPOS="1328" WIDTH="85" HEIGHT="30" CONTENT="noche" WC="0.62" CC="40760"/>
						<SP ID="P28_SP00182" HPOS="334" VPOS="1369" WIDTH="14"/>
						<String ID="P28_ST00206" HPOS="348" VPOS="1339" WIDTH="32" HEIGHT="30" CONTENT="yo" WC="0.84" CC="03"/>
						<SP ID="P28_SP00183" HPOS="380" VPOS="1369" WIDTH="15"/>
						<String ID="P28_ST00207" HPOS="395" VPOS="1330" WIDTH="93" HEIGHT="28" CONTENT="mismo" WC="0.66" CC="50406"/>
						<SP ID="P28_SP00184" HPOS="488" VPOS="1369" WIDTH="12"/>
						<String ID="P28_ST00208" HPOS="500" VPOS="1329" WIDTH="102" HEIGHT="30" CONTENT="advertí" WC="0.83" CC="1020060"/>
						<SP ID="P28_SP00185" HPOS="602" VPOS="1369" WIDTH="14"/>
						<String ID="P28_ST00209" HPOS="616" VPOS="1341" WIDTH="52" HEIGHT="29" CONTENT="que" WC="0.85" CC="021"/>
						<SP ID="P28_SP00186" HPOS="668" VPOS="1370" WIDTH="16"/>
						<String ID="P28_ST00210" HPOS="684" VPOS="1331" WIDTH="108" HEIGHT="30" CONTENT="estaban" WC="0.54" CC="0681644"/>
						<SP ID="P28_SP00187" HPOS="792" VPOS="1370" WIDTH="18"/>
						<String ID="P28_ST00211" HPOS="810" VPOS="1342" WIDTH="32" HEIGHT="19" CONTENT="en" WC="0.96" CC="00"/>
						<SP ID="P28_SP00188" HPOS="842" VPOS="1370" WIDTH="13"/>
						<String ID="P28_ST00212" HPOS="855" VPOS="1332" WIDTH="104" HEIGHT="41" CONTENT="peligro" WC="0.86" CC="0003005"/>
						<SP ID="P28_SP00189" HPOS="959" VPOS="1373" WIDTH="14"/>
						<String ID="P28_ST00213" HPOS="973" VPOS="1334" WIDTH="33" HEIGHT="30" CONTENT="de" WC="0.88" CC="02"/>
						<SP ID="P28_SP00190" HPOS="1006" VPOS="1373" WIDTH="18"/>
						<String ID="P28_ST00214" HPOS="1024" VPOS="1345" WIDTH="44" HEIGHT="19" CONTENT="ser" WC="1.00" CC="000"/>
						<SP ID="P28_SP00191" HPOS="1068" VPOS="1373" WIDTH="12"/>
						<String ID="P28_ST00215" HPOS="1080" VPOS="1336" WIDTH="64" HEIGHT="29" CONTENT="mal" SUBS_TYPE="HypPart1" SUBS_CONTENT="maltratados" WC="0.71" CC="5500"/>
						<HYP CONTENT="-"/>
					</TextLine>
					<TextLine ID="P28_TL00023" HPOS="119" VPOS="1384" WIDTH="1025" HEIGHT="47">
						<String ID="P28_ST00216" HPOS="119" VPOS="1384" WIDTH="116" HEIGHT="30" CONTENT="tratados" SUBS_TYPE="HypPart2" SUBS_CONTENT="maltratados" WC="0.82" CC="30105030"/>
						<SP ID="P28_SP00192" HPOS="235" VPOS="1414" WIDTH="16"/>
						<String ID="P28_ST00217" HPOS="251" VPOS="1395" WIDTH="47" HEIGHT="29" CONTENT="por" WC="0.86" CC="003"/>
						<SP ID="P28_SP00193" HPOS="298" VPOS="1424" WIDTH="12"/>
						<String ID="P28_ST00218" HPOS="310" VPOS="1394" WIDTH="52" HEIGHT="19" CONTENT="una" WC="0.71" CC="520"/>
						<SP ID="P28_SP00194" HPOS="362" VPOS="1424" WIDTH="16"/>
						<String ID="P28_ST00219" HPOS="378" VPOS="1385" WIDTH="59" HEIGHT="29" CONTENT="vela" WC="0.89" CC="0004"/>
						<SP ID="P28_SP00195" HPOS="437" VPOS="1424" WIDTH="14"/>
						<String ID="P28_ST00220" HPOS="451" VPOS="1395" WIDTH="52" HEIGHT="30" CONTENT="que" WC="0.70" CC="044"/>
						<SP ID="P28_SP00196" HPOS="503" VPOS="1425" WIDTH="13"/>
						<String ID="P28_ST00221" HPOS="516" VPOS="1385" WIDTH="43" HEIGHT="30" CONTENT="iba" WC="0.61" CC="164"/>
						<SP ID="P28_SP00197" HPOS="559" VPOS="1425" WIDTH="13"/>
						<String ID="P28_ST00222" HPOS="572" VPOS="1386" WIDTH="174" HEIGHT="40" CONTENT="desplegada," WC="0.79" CC="00001506044"/>
						<SP ID="P28_SP00198" HPOS="746" VPOS="1426" WIDTH="13"/>
						<String ID="P28_ST00223" HPOS="759" VPOS="1389" WIDTH="213" HEIGHT="30" CONTENT="contestáronme" WC="0.74" CC="0206057000560"/>
						<SP ID="P28_SP00199" HPOS="972" VPOS="1426" WIDTH="19"/>
						<String ID="P28_ST00224" HPOS="991" VPOS="1401" WIDTH="51" HEIGHT="30" CONTENT="que" WC="0.88" CC="021"/>
						<SP ID="P28_SP00200" HPOS="1042" VPOS="1431" WIDTH="14"/>
						<String ID="P28_ST00225" HPOS="1056" VPOS="1402" WIDTH="34" HEIGHT="20" CONTENT="no" WC="0.36" CC="75"/>
						<SP ID="P28_SP00201" HPOS="1090" VPOS="1431" WIDTH="16"/>
						<String ID="P28_ST00226" HPOS="1106" VPOS="1391" WIDTH="38" HEIGHT="31" CONTENT="les" WC="1.00" CC="000"/>
					</TextLine>
					<TextLine ID="P28_TL00024" HPOS="119" VPOS="1441" WIDTH="1025" HEIGHT="44">
						<String ID="P28_ST00227" HPOS="119" VPOS="1441" WIDTH="146" HEIGHT="41" CONTENT="importaba" WC="0.69" CC="670300152"/>
						<SP ID="P28_SP00202" HPOS="265" VPOS="1482" WIDTH="14"/>
						<String ID="P28_ST00228" HPOS="279" VPOS="1452" WIDTH="34" HEIGHT="19" CONTENT="un" WC="0.81" CC="02"/>
						<SP ID="P28_SP00203" HPOS="313" VPOS="1482" WIDTH="12"/>
						<String ID="P28_ST00229" HPOS="325" VPOS="1441" WIDTH="89" HEIGHT="36" CONTENT="bledo," WC="0.72" CC="760020"/>
						<SP ID="P28_SP00204" HPOS="414" VPOS="1482" WIDTH="17"/>
						<String ID="P28_ST00230" HPOS="431" VPOS="1452" WIDTH="66" HEIGHT="30" CONTENT="pues" WC="0.70" CC="0506"/>
						<SP ID="P28_SP00205" HPOS="497" VPOS="1482" WIDTH="14"/>
						<String ID="P28_ST00231" HPOS="511" VPOS="1442" WIDTH="33" HEIGHT="30" CONTENT="de" WC="0.85" CC="02"/>
						<SP ID="P28_SP00206" HPOS="544" VPOS="1482" WIDTH="13"/>
						<String ID="P28_ST00232" HPOS="557" VPOS="1443" WIDTH="75" HEIGHT="30" CONTENT="todos" WC="0.62" CC="61055"/>
						<SP ID="P28_SP00207" HPOS="632" VPOS="1482" WIDTH="13"/>
						<String ID="P28_ST00233" HPOS="645" VPOS="1444" WIDTH="92" HEIGHT="30" CONTENT="modos" WC="0.49" CC="65066"/>
						<SP ID="P28_SP00208" HPOS="737" VPOS="1482" WIDTH="17"/>
						<String ID="P28_ST00234" HPOS="754" VPOS="1455" WIDTH="33" HEIGHT="19" CONTENT="no" WC="0.70" CC="05"/>
						<SP ID="P28_SP00209" HPOS="787" VPOS="1482" WIDTH="22"/>
						<String ID="P28_ST00235" HPOS="809" VPOS="1446" WIDTH="135" HEIGHT="39" CONTENT="pensaban" WC="0.60" CC="06677300"/>
						<SP ID="P28_SP00210" HPOS="944" VPOS="1485" WIDTH="30"/>
						<String ID="P28_ST00236" HPOS="974" VPOS="1448" WIDTH="64" HEIGHT="31" CONTENT="salir" WC="0.56" CC="55009"/>
						<SP ID="P28_SP00211" HPOS="1038" VPOS="1485" WIDTH="24"/>
						<String ID="P28_ST00237" HPOS="1062" VPOS="1449" WIDTH="82" HEIGHT="31" CONTENT="ilesos" WC="0.75" CC="620212"/>
					</TextLine>
					<TextLine ID="P28_TL00025" HPOS="119" VPOS="1497" WIDTH="541" HEIGHT="41">
						<String ID="P28_ST00238" HPOS="119" VPOS="1497" WIDTH="33" HEIGHT="31" CONTENT="de" WC="0.56" CC="80"/>
						<SP ID="P28_SP00212" HPOS="152" VPOS="1528" WIDTH="13"/>
						<String ID="P28_ST00239" HPOS="165" VPOS="1509" WIDTH="30" HEIGHT="19" CONTENT="su" WC="0.73" CC="41"/>
						<SP ID="P28_SP00213" HPOS="195" VPOS="1528" WIDTH="13"/>
						<String ID="P28_ST00240" HPOS="208" VPOS="1503" WIDTH="139" HEIGHT="35" CONTENT="campaña," WC="0.73" CC="70100263"/>
						<SP ID="P28_SP00214" HPOS="347" VPOS="1538" WIDTH="19"/>
						<String ID="P28_ST00241" HPOS="366" VPOS="1500" WIDTH="105" HEIGHT="29" CONTENT="cuando" WC="0.71" CC="080404"/>
						<SP ID="P28_SP00215" HPOS="471" VPOS="1538" WIDTH="17"/>
						<String ID="P28_ST00242" HPOS="488" VPOS="1510" WIDTH="33" HEIGHT="19" CONTENT="no" WC="0.38" CC="56"/>
						<SP ID="P28_SP00216" HPOS="521" VPOS="1538" WIDTH="12"/>
						<String ID="P28_ST00243" HPOS="533" VPOS="1506" WIDTH="127" HEIGHT="25" CONTENT="muertos." WC="0.57" CC="74235451"/>
					</TextLine>
				</TextBlock>
				<TextBlock ID="P28_TB00008" HPOS="119" VPOS="1554" WIDTH="1026" HEIGHT="159" STYLEREFS="TXT_1 PAR_LEFT">
					<TextLine ID="P28_TL00026" HPOS="161" VPOS="1554" WIDTH="984" HEIGHT="47">
						<String ID="P28_ST00244" HPOS="161" VPOS="1554" WIDTH="29" HEIGHT="30" CONTENT="El" WC="0.64" CC="07"/>
						<SP ID="P28_SP00217" HPOS="190" VPOS="1584" WIDTH="18"/>
						<String ID="P28_ST00245" HPOS="208" VPOS="1557" WIDTH="16" HEIGHT="28" CONTENT="6" WC="0.54" CC="4"/>
						<SP ID="P28_SP00218" HPOS="224" VPOS="1585" WIDTH="16"/>
						<String ID="P28_ST00246" HPOS="240" VPOS="1555" WIDTH="25" HEIGHT="30" CONTENT="al" WC="0.83" CC="03"/>
						<SP ID="P28_SP00219" HPOS="265" VPOS="1585" WIDTH="16"/>
						<String ID="P28_ST00247" HPOS="281" VPOS="1566" WIDTH="140" HEIGHT="19" CONTENT="oscurecer" WC="0.68" CC="350240075"/>
						<SP ID="P28_SP00220" HPOS="421" VPOS="1585" WIDTH="9"/>
						<String ID="P28_ST00248" HPOS="430" VPOS="1556" WIDTH="143" HEIGHT="29" CONTENT="avistamos" WC="0.65" CC="490403224"/>
						<SP ID="P28_SP00221" HPOS="573" VPOS="1585" WIDTH="16"/>
						<String ID="P28_ST00249" HPOS="589" VPOS="1556" WIDTH="24" HEIGHT="29" CONTENT="el" WC="0.97" CC="00"/>
						<SP ID="P28_SP00222" HPOS="613" VPOS="1585" WIDTH="14"/>
						<String ID="P28_ST00250" HPOS="627" VPOS="1556" WIDTH="72" HEIGHT="31" CONTENT="Cabo" WC="0.59" CC="4325"/>
						<SP ID="P28_SP00223" HPOS="699" VPOS="1587" WIDTH="12"/>
						<String ID="P28_ST00251" HPOS="711" VPOS="1559" WIDTH="133" HEIGHT="40" CONTENT="Matapan," WC="0.75" CC="05850000"/>
						<SP ID="P28_SP00224" HPOS="844" VPOS="1599" WIDTH="15"/>
						<String ID="P28_ST00252" HPOS="859" VPOS="1566" WIDTH="83" HEIGHT="35" CONTENT="punto" WC="0.55" CC="04385"/>
						<SP ID="P28_SP00225" HPOS="942" VPOS="1601" WIDTH="11"/>
						<String ID="P28_ST00253" HPOS="953" VPOS="1563" WIDTH="192" HEIGHT="32" CONTENT="masmeridio" SUBS_TYPE="HypPart1" SUBS_CONTENT="masmeridional" WC="0.68" CC="71670000560"/>
						<HYP CONTENT="-"/>
					</TextLine>
					<TextLine ID="P28_TL00027" HPOS="119" VPOS="1610" WIDTH="1026" HEIGHT="52">
						<String ID="P28_ST00254" HPOS="119" VPOS="1610" WIDTH="42" HEIGHT="30" CONTENT="nal" SUBS_TYPE="HypPart2" SUBS_CONTENT="masmeridional" WC="0.52" CC="707"/>
						<SP ID="P28_SP00226" HPOS="161" VPOS="1640" WIDTH="14"/>
						<String ID="P28_ST00255" HPOS="175" VPOS="1610" WIDTH="33" HEIGHT="30" CONTENT="de" WC="0.80" CC="03"/>
						<SP ID="P28_SP00227" HPOS="208" VPOS="1640" WIDTH="13"/>
						<String ID="P28_ST00256" HPOS="221" VPOS="1611" WIDTH="24" HEIGHT="29" CONTENT="la" WC="1.00" CC="00"/>
						<SP ID="P28_SP00228" HPOS="245" VPOS="1640" WIDTH="13"/>
						<String ID="P28_ST00257" HPOS="258" VPOS="1612" WIDTH="98" HEIGHT="35" CONTENT="Moréa," WC="0.65" CC="056530"/>
						<SP ID="P28_SP00229" HPOS="356" VPOS="1647" WIDTH="19"/>
						<String ID="P28_ST00258" HPOS="375" VPOS="1622" WIDTH="17" HEIGHT="29" CONTENT="y" WC="1.00" CC="0"/>
						<SP ID="P28_SP00230" HPOS="392" VPOS="1651" WIDTH="16"/>
						<String ID="P28_ST00259" HPOS="408" VPOS="1623" WIDTH="64" HEIGHT="29" CONTENT="muy" WC="0.67" CC="720"/>
						<SP ID="P28_SP00231" HPOS="472" VPOS="1652" WIDTH="15"/>
						<String ID="P28_ST00260" HPOS="487" VPOS="1612" WIDTH="128" HEIGHT="30" CONTENT="conocido" WC="0.80" CC="00550004"/>
						<SP ID="P28_SP00232" HPOS="615" VPOS="1652" WIDTH="17"/>
						<String ID="P28_ST00261" HPOS="632" VPOS="1612" WIDTH="32" HEIGHT="31" CONTENT="de" WC="0.84" CC="03"/>
						<SP ID="P28_SP00233" HPOS="664" VPOS="1652" WIDTH="12"/>
						<String ID="P28_ST00262" HPOS="676" VPOS="1612" WIDTH="39" HEIGHT="31" CONTENT="los" WC="0.93" CC="020"/>
						<SP ID="P28_SP00234" HPOS="715" VPOS="1652" WIDTH="14"/>
						<String ID="P28_ST00263" HPOS="729" VPOS="1621" WIDTH="164" HEIGHT="35" CONTENT="navegantes" WC="0.74" CC="7140002701"/>
						<SP ID="P28_SP00235" HPOS="893" VPOS="1656" WIDTH="14"/>
						<String ID="P28_ST00264" HPOS="907" VPOS="1617" WIDTH="44" HEIGHT="30" CONTENT="del" WC="1.00" CC="000"/>
						<SP ID="P28_SP00236" HPOS="951" VPOS="1656" WIDTH="15"/>
						<String ID="P28_ST00265" HPOS="966" VPOS="1619" WIDTH="119" HEIGHT="32" CONTENT="Levante" WC="0.88" CC="0002060"/>
						<SP ID="P28_SP00237" HPOS="1085" VPOS="1656" WIDTH="12"/>
						<String ID="P28_ST00266" HPOS="1097" VPOS="1632" WIDTH="48" HEIGHT="30" CONTENT="por" WC="0.93" CC="010"/>
					</TextLine>
					<TextLine ID="P28_TL00028" HPOS="120" VPOS="1666" WIDTH="936" HEIGHT="47">
						<String ID="P28_ST00267" HPOS="120" VPOS="1667" WIDTH="39" HEIGHT="29" CONTENT="las" WC="0.99" CC="000"/>
						<SP ID="P28_SP00238" HPOS="159" VPOS="1696" WIDTH="13"/>
						<String ID="P28_ST00268" HPOS="172" VPOS="1666" WIDTH="148" HEIGHT="31" CONTENT="frecuentes" WC="0.77" CC="4000307204"/>
						<SP ID="P28_SP00239" HPOS="320" VPOS="1697" WIDTH="15"/>
						<String ID="P28_ST00269" HPOS="335" VPOS="1668" WIDTH="177" HEIGHT="40" CONTENT="lempeslades" WC="0.84" CC="00300616000"/>
						<SP ID="P28_SP00240" HPOS="512" VPOS="1708" WIDTH="16"/>
						<String ID="P28_ST00270" HPOS="528" VPOS="1678" WIDTH="52" HEIGHT="31" CONTENT="que" WC="1.00" CC="000"/>
						<SP ID="P28_SP00241" HPOS="580" VPOS="1709" WIDTH="17"/>
						<String ID="P28_ST00271" HPOS="597" VPOS="1679" WIDTH="31" HEIGHT="20" CONTENT="en" WC="0.88" CC="02"/>
						<SP ID="P28_SP00242" HPOS="628" VPOS="1709" WIDTH="15"/>
						<String ID="P28_ST00272" HPOS="643" VPOS="1680" WIDTH="45" HEIGHT="20" CONTENT="sus" WC="0.86" CC="201"/>
						<SP ID="P28_SP00243" HPOS="688" VPOS="1709" WIDTH="13"/>
						<String ID="P28_ST00273" HPOS="701" VPOS="1680" WIDTH="84" HEIGHT="31" CONTENT="aguas" WC="0.92" CC="00300"/>
						<SP ID="P28_SP00244" HPOS="785" VPOS="1711" WIDTH="16"/>
						<String ID="P28_ST00274" HPOS="801" VPOS="1683" WIDTH="28" HEIGHT="19" CONTENT="se" WC="0.70" CC="60"/>
						<SP ID="P28_SP00245" HPOS="829" VPOS="1711" WIDTH="16"/>
						<String ID="P28_ST00275" HPOS="845" VPOS="1675" WIDTH="211" HEIGHT="38" CONTENT="esperimentan." WC="0.78" CC="0307005204050"/>
					</TextLine>
				</TextBlock>
				<TextBlock ID="P28_TB00009" HPOS="120" VPOS="1723" WIDTH="1023" HEIGHT="96" STYLEREFS="TXT_1 PAR_LEFT">
					<TextLine ID="P28_TL00029" HPOS="162" VPOS="1723" WIDTH="981" HEIGHT="52">
						<String ID="P28_ST00276" HPOS="162" VPOS="1724" WIDTH="61" HEIGHT="29" CONTENT="Esle" WC="0.72" CC="3600"/>
						<SP ID="P28_SP00246" HPOS="223" VPOS="1753" WIDTH="16"/>
						<String ID="P28_ST00277" HPOS="239" VPOS="1723" WIDTH="71" HEIGHT="31" CONTENT="Cabo" WC="0.67" CC="3503"/>
						<SP ID="P28_SP00247" HPOS="310" VPOS="1754" WIDTH="16"/>
						<String ID="P28_ST00278" HPOS="326" VPOS="1734" WIDTH="27" HEIGHT="20" CONTENT="es" WC="0.63" CC="25"/>
						<SP ID="P28_SP00248" HPOS="353" VPOS="1754" WIDTH="14"/>
						<String ID="P28_ST00279" HPOS="367" VPOS="1730" WIDTH="41" HEIGHT="24" CONTENT="tan" WC="0.64" CC="703"/>
						<SP ID="P28_SP00249" HPOS="408" VPOS="1754" WIDTH="17"/>
						<String ID="P28_ST00280" HPOS="425" VPOS="1725" WIDTH="181" HEIGHT="40" CONTENT="pronunciado" WC="0.71" CC="00653604004"/>
						<SP ID="P28_SP00250" HPOS="606" VPOS="1765" WIDTH="16"/>
						<String ID="P28_ST00281" HPOS="622" VPOS="1725" WIDTH="76" HEIGHT="31" CONTENT="hacia" WC="0.68" CC="60107"/>
						<SP ID="P28_SP00251" HPOS="698" VPOS="1765" WIDTH="11"/>
						<String ID="P28_ST00282" HPOS="709" VPOS="1727" WIDTH="24" HEIGHT="30" CONTENT="el" WC="0.95" CC="10"/>
						<SP ID="P28_SP00252" HPOS="733" VPOS="1765" WIDTH="18"/>
						<String ID="P28_ST00283" HPOS="751" VPOS="1738" WIDTH="66" HEIGHT="26" CONTENT="mar," WC="0.70" CC="6500"/>
						<SP ID="P28_SP00253" HPOS="817" VPOS="1765" WIDTH="14"/>
						<String ID="P28_ST00284" HPOS="831" VPOS="1739" WIDTH="53" HEIGHT="31" CONTENT="que" WC="1.00" CC="000"/>
						<SP ID="P28_SP00254" HPOS="884" VPOS="1770" WIDTH="13"/>
						<String ID="P28_ST00285" HPOS="897" VPOS="1730" WIDTH="84" HEIGHT="32" CONTENT="forma" WC="0.67" CC="07080"/>
						<SP ID="P28_SP00255" HPOS="981" VPOS="1770" WIDTH="13"/>
						<String ID="P28_ST00286" HPOS="994" VPOS="1744" WIDTH="65" HEIGHT="31" CONTENT="muy" WC="0.68" CC="530"/>
						<SP ID="P28_SP00256" HPOS="1059" VPOS="1775" WIDTH="13"/>
						<String ID="P28_ST00287" HPOS="1072" VPOS="1734" WIDTH="71" HEIGHT="33" CONTENT="buen" WC="0.61" CC="6206"/>
					</TextLine>
					<TextLine ID="P28_TL00030" HPOS="120" VPOS="1778" WIDTH="374" HEIGHT="41">
						<String ID="P28_ST00288" HPOS="120" VPOS="1785" WIDTH="82" HEIGHT="34" CONTENT="punto" WC="0.69" CC="04405"/>
						<SP ID="P28_SP00257" HPOS="202" VPOS="1819" WIDTH="16"/>
						<String ID="P28_ST00289" HPOS="218" VPOS="1778" WIDTH="33" HEIGHT="31" CONTENT="de" WC="1.00" CC="00"/>
						<SP ID="P28_SP00258" HPOS="251" VPOS="1819" WIDTH="11"/>
						<String ID="P28_ST00290" HPOS="262" VPOS="1780" WIDTH="232" HEIGHT="31" CONTENT="reconocimiento." WC="0.66" CC="500355064120770"/>
					</TextLine>
				</TextBlock>
				<TextBlock ID="P28_TB00010" HPOS="120" VPOS="1835" WIDTH="1023" HEIGHT="108" STYLEREFS="TXT_1 PAR_LEFT">
					<TextLine ID="P28_TL00031" HPOS="163" VPOS="1835" WIDTH="980" HEIGHT="53">
						<String ID="P28_ST00291" HPOS="163" VPOS="1835" WIDTH="118" HEIGHT="40" CONTENT="Algunas" WC="0.83" CC="0000415"/>
						<SP ID="P28_SP00259" HPOS="281" VPOS="1875" WIDTH="15"/>
						<String ID="P28_ST00292" HPOS="296" VPOS="1836" WIDTH="78" HEIGHT="30" CONTENT="horas" WC="0.49" CC="63554"/>
						<SP ID="P28_SP00260" HPOS="374" VPOS="1875" WIDTH="16"/>
						<String ID="P28_ST00293" HPOS="390" VPOS="1836" WIDTH="115" HEIGHT="41" CONTENT="después" WC="0.79" CC="0040720"/>
						<SP ID="P28_SP00261" HPOS="505" VPOS="1877" WIDTH="13"/>
						<String ID="P28_ST00294" HPOS="518" VPOS="1838" WIDTH="169" HEIGHT="31" CONTENT="embocamos" WC="0.59" CC="604340554"/>
						<SP ID="P28_SP00262" HPOS="687" VPOS="1877" WIDTH="12"/>
						<String ID="P28_ST00295" HPOS="699" VPOS="1850" WIDTH="48" HEIGHT="30" CONTENT="por" WC="0.77" CC="060"/>
						<SP ID="P28_SP00263" HPOS="747" VPOS="1880" WIDTH="15"/>
						<String ID="P28_ST00296" HPOS="762" VPOS="1846" WIDTH="75" HEIGHT="26" CONTENT="entre" WC="0.70" CC="06700"/>
						<SP ID="P28_SP00264" HPOS="837" VPOS="1880" WIDTH="12"/>
						<String ID="P28_ST00297" HPOS="849" VPOS="1842" WIDTH="24" HEIGHT="31" CONTENT="la" WC="0.74" CC="05"/>
						<SP ID="P28_SP00265" HPOS="873" VPOS="1880" WIDTH="17"/>
						<String ID="P28_ST00298" HPOS="890" VPOS="1844" WIDTH="49" HEIGHT="31" CONTENT="isla" WC="0.69" CC="7030"/>
						<SP ID="P28_SP00266" HPOS="939" VPOS="1880" WIDTH="14"/>
						<String ID="P28_ST00299" HPOS="953" VPOS="1846" WIDTH="97" HEIGHT="31" CONTENT="Cérico" WC="0.69" CC="600084"/>
						<SP ID="P28_SP00267" HPOS="1050" VPOS="1880" WIDTH="18"/>
						<String ID="P28_ST00300" HPOS="1068" VPOS="1859" WIDTH="15" HEIGHT="29" CONTENT="y" WC="1.00" CC="0"/>
						<SP ID="P28_SP00268" HPOS="1083" VPOS="1888" WIDTH="8"/>
						<String ID="P28_ST00301" HPOS="1091" VPOS="1850" WIDTH="52" HEIGHT="30" CONTENT="Ca" SUBS_TYPE="HypPart1" SUBS_CONTENT="Cabo" WC="0.77" CC="203"/>
						<HYP CONTENT="-"/>
					</TextLine>
					<TextLine ID="P28_TL00032" HPOS="120" VPOS="1892" WIDTH="1023" HEIGHT="51">
						<String ID="P28_ST00302" HPOS="120" VPOS="1892" WIDTH="35" HEIGHT="29" CONTENT="bo" SUBS_TYPE="HypPart2" SUBS_CONTENT="Cabo" WC="0.65" CC="42"/>
						<SP ID="P28_SP00269" HPOS="155" VPOS="1921" WIDTH="27"/>
						<String ID="P28_ST00303" HPOS="182" VPOS="1893" WIDTH="50" HEIGHT="28" CONTENT="San" WC="0.89" CC="002"/>
						<SP ID="P28_SP00270" HPOS="232" VPOS="1921" WIDTH="16"/>
						<String ID="P28_ST00304" HPOS="248" VPOS="1892" WIDTH="114" HEIGHT="40" CONTENT="Angelo," WC="0.83" CC="0500005"/>
						<SP ID="P28_SP00271" HPOS="362" VPOS="1932" WIDTH="26"/>
						<String ID="P28_ST00305" HPOS="388" VPOS="1893" WIDTH="128" HEIGHT="31" CONTENT="entrando" WC="0.66" CC="00050695"/>
						<SP ID="P28_SP00272" HPOS="516" VPOS="1932" WIDTH="16"/>
						<String ID="P28_ST00306" HPOS="532" VPOS="1905" WIDTH="32" HEIGHT="19" CONTENT="en" WC="0.82" CC="03"/>
						<SP ID="P28_SP00273" HPOS="564" VPOS="1932" WIDTH="16"/>
						<String ID="P28_ST00307" HPOS="580" VPOS="1905" WIDTH="45" HEIGHT="20" CONTENT="ese" WC="0.93" CC="020"/>
						<SP ID="P28_SP00274" HPOS="625" VPOS="1932" WIDTH="16"/>
						<String ID="P28_ST00308" HPOS="641" VPOS="1895" WIDTH="193" HEIGHT="43" CONTENT="archipiélago," WC="0.80" CC="0007500500052"/>
						<SP ID="P28_SP00275" HPOS="834" VPOS="1938" WIDTH="21"/>
						<String ID="P28_ST00309" HPOS="855" VPOS="1905" WIDTH="83" HEIGHT="27" CONTENT="terror" WC="0.60" CC="706054"/>
						<SP ID="P28_SP00276" HPOS="938" VPOS="1938" WIDTH="10"/>
						<String ID="P28_ST00310" HPOS="948" VPOS="1903" WIDTH="82" HEIGHT="40" CONTENT="algún" WC="0.76" CC="04007"/>
						<SP ID="P28_SP00277" HPOS="1030" VPOS="1943" WIDTH="18"/>
						<String ID="P28_ST00311" HPOS="1048" VPOS="1905" WIDTH="44" HEIGHT="31" CONTENT="dia" WC="0.52" CC="670"/>
						<SP ID="P28_SP00278" HPOS="1092" VPOS="1943" WIDTH="17"/>
						<String ID="P28_ST00312" HPOS="1109" VPOS="1906" WIDTH="34" HEIGHT="32" CONTENT="de" WC="0.23" CC="95"/>
					</TextLine>
				</TextBlock>
			</PrintSpace>
		</Page>
	</Layout>
</alto>
