<?xml version="1.0" encoding="UTF-8"?>
<alto xmlns:xsi="http://www.w3.org/2001/XMLSchema-instance" xsi:noNamespaceSchemaLocation="http://www.bl.uk/schemas/alto/alto-1-4.xsd" xmlns:xlink="http://www.w3.org/1999/xlink">
	<Description>
		<MeasurementUnit>mm10</MeasurementUnit>
		<sourceImageInformation>
			<fileName>//head1/IN/2008-26/A0011736599/009255.jp2</fileName>
		</sourceImageInformation>
		<OCRProcessing ID="OCRPROCESSING_1">
			<preProcessingStep>
				<processingSoftware>
					<softwareCreator>CCS Content Conversion Specialists GmbH, Germany</softwareCreator>
					<softwareName>CCS docWORKS</softwareName>
					<softwareVersion>6.1-0.67</softwareVersion>
				</processingSoftware>
			</preProcessingStep>
			<ocrProcessingStep>
				<processingSoftware>
					<softwareCreator>ABBYY (BIT Software), Russia</softwareCreator>
					<softwareName>Finereader</softwareName>
				</processingSoftware>
			</ocrProcessingStep>
		</OCRProcessing>
	</Description>
	<Styles/>
	<Layout>
		<Page ID="P203" PHYSICAL_IMG_NR="203" HEIGHT="2180" WIDTH="1241" POSITION="Right">
			<TopMargin ID="P203_TM00001" HPOS="0" VPOS="0" WIDTH="1241" HEIGHT="0"/>
			<LeftMargin ID="P203_LM00001" HPOS="0" VPOS="0" WIDTH="0" HEIGHT="2180"/>
			<RightMargin ID="P203_RM00001" HPOS="1241" VPOS="0" WIDTH="0" HEIGHT="2180"/>
			<BottomMargin ID="P203_BM00001" HPOS="0" VPOS="2180" WIDTH="1241" HEIGHT="0"/>
			<PrintSpace ID="P203_PS00001" HPOS="0" VPOS="0" WIDTH="1241" HEIGHT="2180"/>
		</Page>
	</Layout>
</alto>
