<?xml version="1.0" encoding="UTF-8"?>
<alto xmlns:xsi="http://www.w3.org/2001/XMLSchema-instance" xsi:noNamespaceSchemaLocation="http://www.bl.uk/schemas/alto/alto-1-4.xsd" xmlns:xlink="http://www.w3.org/1999/xlink">
	<Description>
		<MeasurementUnit>mm10</MeasurementUnit>
		<sourceImageInformation>
			<fileName>//head1/IN/2008-26/A0011736599/009101.jp2</fileName>
		</sourceImageInformation>
		<OCRProcessing ID="OCRPROCESSING_1">
			<preProcessingStep>
				<processingSoftware>
					<softwareCreator>CCS Content Conversion Specialists GmbH, Germany</softwareCreator>
					<softwareName>CCS docWORKS</softwareName>
					<softwareVersion>6.1-0.67</softwareVersion>
				</processingSoftware>
			</preProcessingStep>
			<ocrProcessingStep>
				<processingSoftware>
					<softwareCreator>ABBYY (BIT Software), Russia</softwareCreator>
					<softwareName>Finereader</softwareName>
				</processingSoftware>
			</ocrProcessingStep>
		</OCRProcessing>
	</Description>
	<Styles>
		<TextStyle ID="TXT_0" FONTSIZE="10" FONTFAMILY="Courier New"/>
		<TextStyle ID="TXT_1" FONTSIZE="9" FONTFAMILY="Courier New"/>
		<ParagraphStyle ID="PAR_LEFT" ALIGN="Left"/>
		<ParagraphStyle ID="PAR_RIGHT" ALIGN="Right"/>
	</Styles>
	<Layout>
		<Page ID="P49" PHYSICAL_IMG_NR="49" HEIGHT="2180" WIDTH="1241" PRINTED_IMG_NR="41" POSITION="Right" ACCURACY="74.07">
			<TopMargin ID="P49_TM00001" HPOS="0" VPOS="0" WIDTH="1241" HEIGHT="165">
				<TextBlock ID="P49_TB00001" HPOS="504" VPOS="137" WIDTH="159" HEIGHT="27" STYLEREFS="TXT_0 PAR_LEFT">
					<TextLine ID="P49_TL00001" HPOS="504" VPOS="137" WIDTH="159" HEIGHT="27">
						<String ID="P49_ST00001" HPOS="504" VPOS="137" WIDTH="159" HEIGHT="27" CONTENT="41" WC="1.00" CC="00"/>
					</TextLine>
				</TextBlock>
			</TopMargin>
			<LeftMargin ID="P49_LM00001" HPOS="0" VPOS="165" WIDTH="69" HEIGHT="1752"/>
			<RightMargin ID="P49_RM00001" HPOS="1105" VPOS="165" WIDTH="136" HEIGHT="1752"/>
			<BottomMargin ID="P49_BM00001" HPOS="0" VPOS="1917" WIDTH="1241" HEIGHT="263"/>
			<PrintSpace ID="P49_PS00001" HPOS="69" VPOS="165" WIDTH="1037" HEIGHT="1752">
				<TextBlock ID="P49_TB00002" HPOS="69" VPOS="198" WIDTH="1029" HEIGHT="267" STYLEREFS="TXT_1 PAR_LEFT">
					<TextLine ID="P49_TL00002" HPOS="70" VPOS="199" WIDTH="1027" HEIGHT="42">
						<String ID="P49_ST00002" HPOS="70" VPOS="209" WIDTH="31" HEIGHT="19" CONTENT="su" WC="0.20" CC="87"/>
						<SP ID="P49_SP00001" HPOS="101" VPOS="228" WIDTH="24"/>
						<String ID="P49_ST00003" HPOS="125" VPOS="199" WIDTH="183" HEIGHT="40" CONTENT="fingimiento;" WC="0.70" CC="007900006830"/>
						<SP ID="P49_SP00002" HPOS="308" VPOS="239" WIDTH="31"/>
						<String ID="P49_ST00004" HPOS="339" VPOS="208" WIDTH="67" HEIGHT="26" CONTENT="mas," WC="0.68" CC="0560"/>
						<SP ID="P49_SP00003" HPOS="406" VPOS="239" WIDTH="26"/>
						<String ID="P49_ST00005" HPOS="432" VPOS="210" WIDTH="33" HEIGHT="19" CONTENT="no" WC="0.66" CC="33"/>
						<SP ID="P49_SP00004" HPOS="465" VPOS="239" WIDTH="28"/>
						<String ID="P49_ST00006" HPOS="493" VPOS="199" WIDTH="186" HEIGHT="41" CONTENT="pareciéndole" WC="0.62" CC="090504900706"/>
						<SP ID="P49_SP00005" HPOS="679" VPOS="240" WIDTH="18"/>
						<String ID="P49_ST00007" HPOS="697" VPOS="199" WIDTH="130" HEIGHT="41" CONTENT="prudente" WC="0.75" CC="00405450"/>
						<SP ID="P49_SP00006" HPOS="827" VPOS="240" WIDTH="27"/>
						<String ID="P49_ST00008" HPOS="854" VPOS="199" WIDTH="155" HEIGHT="32" CONTENT="descararse" WC="0.61" CC="0640454066"/>
						<SP ID="P49_SP00007" HPOS="1009" VPOS="240" WIDTH="25"/>
						<String ID="P49_ST00009" HPOS="1034" VPOS="210" WIDTH="63" HEIGHT="31" CONTENT="para" WC="0.82" CC="0402"/>
					</TextLine>
					<TextLine ID="P49_TL00003" HPOS="72" VPOS="254" WIDTH="1026" HEIGHT="44">
						<String ID="P49_ST00010" HPOS="72" VPOS="254" WIDTH="109" HEIGHT="31" CONTENT="obtener" WC="0.65" CC="0370660"/>
						<SP ID="P49_SP00008" HPOS="181" VPOS="285" WIDTH="17"/>
						<String ID="P49_ST00011" HPOS="198" VPOS="254" WIDTH="23" HEIGHT="31" CONTENT="la" WC="1.00" CC="00"/>
						<SP ID="P49_SP00009" HPOS="221" VPOS="285" WIDTH="15"/>
						<String ID="P49_ST00012" HPOS="236" VPOS="255" WIDTH="76" HEIGHT="30" CONTENT="tácita" WC="0.66" CC="500580"/>
						<SP ID="P49_SP00010" HPOS="312" VPOS="285" WIDTH="15"/>
						<String ID="P49_ST00013" HPOS="327" VPOS="255" WIDTH="141" HEIGHT="31" CONTENT="tolerancia" WC="0.80" CC="0600004016"/>
						<SP ID="P49_SP00011" HPOS="468" VPOS="286" WIDTH="20"/>
						<String ID="P49_ST00014" HPOS="488" VPOS="255" WIDTH="34" HEIGHT="31" CONTENT="de" WC="0.65" CC="07"/>
						<SP ID="P49_SP00012" HPOS="522" VPOS="286" WIDTH="16"/>
						<String ID="P49_ST00015" HPOS="538" VPOS="266" WIDTH="30" HEIGHT="20" CONTENT="su" WC="1.00" CC="00"/>
						<SP ID="P49_SP00013" HPOS="568" VPOS="286" WIDTH="10"/>
						<String ID="P49_ST00016" HPOS="578" VPOS="255" WIDTH="65" HEIGHT="41" CONTENT="jefe," WC="0.86" CC="00600"/>
						<SP ID="P49_SP00014" HPOS="643" VPOS="296" WIDTH="13"/>
						<String ID="P49_ST00017" HPOS="656" VPOS="266" WIDTH="76" HEIGHT="20" CONTENT="como" WC="0.83" CC="0105"/>
						<SP ID="P49_SP00015" HPOS="732" VPOS="296" WIDTH="12"/>
						<String ID="P49_ST00018" HPOS="744" VPOS="255" WIDTH="112" HEIGHT="32" CONTENT="hombre" WC="0.44" CC="747524"/>
						<SP ID="P49_SP00016" HPOS="856" VPOS="296" WIDTH="14"/>
						<String ID="P49_ST00019" HPOS="870" VPOS="267" WIDTH="52" HEIGHT="31" CONTENT="que" WC="0.75" CC="061"/>
						<SP ID="P49_SP00017" HPOS="922" VPOS="298" WIDTH="15"/>
						<String ID="P49_ST00020" HPOS="937" VPOS="257" WIDTH="23" HEIGHT="30" CONTENT="lo" WC="0.70" CC="23"/>
						<SP ID="P49_SP00018" HPOS="960" VPOS="298" WIDTH="14"/>
						<String ID="P49_ST00021" HPOS="974" VPOS="256" WIDTH="124" HEIGHT="31" CONTENT="entiende" WC="0.67" CC="02606602"/>
					</TextLine>
					<TextLine ID="P49_TL00004" HPOS="71" VPOS="311" WIDTH="1027" HEIGHT="44">
						<String ID="P49_ST00022" HPOS="71" VPOS="311" WIDTH="110" HEIGHT="31" CONTENT="añadió:" WC="0.86" CC="0420020"/>
						<SP ID="P49_SP00019" HPOS="181" VPOS="342" WIDTH="22"/>
						<String ID="P49_ST00023" HPOS="203" VPOS="312" WIDTH="83" HEIGHT="30" CONTENT="«Mais" WC="0.96" CC="00001"/>
						<SP ID="P49_SP00020" HPOS="286" VPOS="342" WIDTH="15"/>
						<String ID="P49_ST00024" HPOS="301" VPOS="320" WIDTH="30" HEIGHT="22" CONTENT="ca" WC="1.00" CC="00"/>
						<SP ID="P49_SP00021" HPOS="331" VPOS="342" WIDTH="27"/>
						<String ID="P49_ST00025" HPOS="358" VPOS="321" WIDTH="33" HEIGHT="21" CONTENT="va" WC="0.96" CC="00"/>
						<SP ID="P49_SP00022" HPOS="391" VPOS="342" WIDTH="18"/>
						<String ID="P49_ST00026" HPOS="409" VPOS="312" WIDTH="118" HEIGHT="41" CONTENT="toujours" WC="0.42" CC="55626369"/>
						<SP ID="P49_SP00023" HPOS="527" VPOS="353" WIDTH="30"/>
						<String ID="P49_ST00027" HPOS="557" VPOS="313" WIDTH="123" HEIGHT="29" CONTENT="mieux.»" WC="0.58" CC="6007905"/>
						<SP ID="P49_SP00024" HPOS="680" VPOS="353" WIDTH="26"/>
						<String ID="P49_ST00028" HPOS="706" VPOS="315" WIDTH="129" HEIGHT="28" CONTENT="Entonces" WC="0.71" CC="24460005"/>
						<SP ID="P49_SP00025" HPOS="835" VPOS="353" WIDTH="16"/>
						<String ID="P49_ST00029" HPOS="851" VPOS="314" WIDTH="24" HEIGHT="29" CONTENT="el" WC="0.86" CC="20"/>
						<SP ID="P49_SP00026" HPOS="875" VPOS="353" WIDTH="24"/>
						<String ID="P49_ST00030" HPOS="899" VPOS="315" WIDTH="117" HEIGHT="40" CONTENT="capitán," WC="0.78" CC="04000660"/>
						<SP ID="P49_SP00027" HPOS="1016" VPOS="355" WIDTH="27"/>
						<String ID="P49_ST00031" HPOS="1043" VPOS="314" WIDTH="55" HEIGHT="30" CONTENT="ha" SUBS_TYPE="HypPart1" SUBS_CONTENT="haciéndose" WC="0.75" CC="700"/>
						<HYP CONTENT="-"/>
					</TextLine>
					<TextLine ID="P49_TL00005" HPOS="72" VPOS="368" WIDTH="1026" HEIGHT="42">
						<String ID="P49_ST00032" HPOS="72" VPOS="369" WIDTH="125" HEIGHT="31" CONTENT="ciéndose" SUBS_TYPE="HypPart2" SUBS_CONTENT="haciéndose" WC="0.80" CC="02060600"/>
						<SP ID="P49_SP00028" HPOS="197" VPOS="400" WIDTH="13"/>
						<String ID="P49_ST00033" HPOS="210" VPOS="369" WIDTH="22" HEIGHT="29" CONTENT="el" WC="0.72" CC="05"/>
						<SP ID="P49_SP00029" HPOS="232" VPOS="400" WIDTH="15"/>
						<String ID="P49_ST00034" HPOS="247" VPOS="368" WIDTH="203" HEIGHT="36" CONTENT="desentendido," WC="0.63" CC="0566655000900"/>
						<SP ID="P49_SP00030" HPOS="450" VPOS="404" WIDTH="18"/>
						<String ID="P49_ST00035" HPOS="468" VPOS="370" WIDTH="22" HEIGHT="29" CONTENT="le" WC="0.67" CC="06"/>
						<SP ID="P49_SP00031" HPOS="490" VPOS="404" WIDTH="15"/>
						<String ID="P49_ST00036" HPOS="505" VPOS="370" WIDTH="141" HEIGHT="40" CONTENT="reprendió" WC="0.82" CC="000275000"/>
						<SP ID="P49_SP00032" HPOS="646" VPOS="410" WIDTH="16"/>
						<String ID="P49_ST00037" HPOS="662" VPOS="380" WIDTH="32" HEIGHT="19" CONTENT="en" WC="0.80" CC="03"/>
						<SP ID="P49_SP00033" HPOS="694" VPOS="410" WIDTH="16"/>
						<String ID="P49_ST00038" HPOS="710" VPOS="380" WIDTH="33" HEIGHT="19" CONTENT="un" WC="0.55" CC="44"/>
						<SP ID="P49_SP00034" HPOS="743" VPOS="410" WIDTH="15"/>
						<String ID="P49_ST00039" HPOS="758" VPOS="375" WIDTH="61" HEIGHT="25" CONTENT="tono" WC="0.58" CC="0735"/>
						<SP ID="P49_SP00035" HPOS="819" VPOS="410" WIDTH="14"/>
						<String ID="P49_ST00040" HPOS="833" VPOS="370" WIDTH="160" HEIGHT="40" CONTENT="agri-dulce" WC="0.83" CC="6000306000"/>
						<SP ID="P49_SP00036" HPOS="993" VPOS="410" WIDTH="12"/>
						<String ID="P49_ST00041" HPOS="1005" VPOS="381" WIDTH="31" HEIGHT="20" CONTENT="su" WC="0.33" CC="66"/>
						<SP ID="P49_SP00037" HPOS="1036" VPOS="410" WIDTH="23"/>
						<String ID="P49_ST00042" HPOS="1059" VPOS="371" WIDTH="39" HEIGHT="30" CONTENT="li" SUBS_TYPE="HypPart1" SUBS_CONTENT="ligereza" WC="0.84" CC="040"/>
						<HYP CONTENT="-"/>
					</TextLine>
					<TextLine ID="P49_TL00006" HPOS="73" VPOS="425" WIDTH="389" HEIGHT="40">
						<String ID="P49_ST00043" HPOS="73" VPOS="436" WIDTH="94" HEIGHT="29" CONTENT="gereza" SUBS_TYPE="HypPart2" SUBS_CONTENT="ligereza" WC="0.56" CC="950072"/>
						<SP ID="P49_SP00038" HPOS="167" VPOS="465" WIDTH="17"/>
						<String ID="P49_ST00044" HPOS="184" VPOS="436" WIDTH="16" HEIGHT="29" CONTENT="y" WC="1.00" CC="0"/>
						<SP ID="P49_SP00039" HPOS="200" VPOS="465" WIDTH="19"/>
						<String ID="P49_ST00045" HPOS="219" VPOS="425" WIDTH="123" HEIGHT="31" CONTENT="mandóle" WC="0.53" CC="7567410"/>
						<SP ID="P49_SP00040" HPOS="342" VPOS="465" WIDTH="17"/>
						<String ID="P49_ST00046" HPOS="359" VPOS="428" WIDTH="103" HEIGHT="29" CONTENT="retirar." WC="0.77" CC="40500601"/>
					</TextLine>
				</TextBlock>
				<TextBlock ID="P49_TB00003" HPOS="71" VPOS="483" WIDTH="1028" HEIGHT="259" STYLEREFS="TXT_1 PAR_LEFT">
					<TextLine ID="P49_TL00007" HPOS="114" VPOS="483" WIDTH="985" HEIGHT="43">
						<String ID="P49_ST00047" HPOS="114" VPOS="483" WIDTH="32" HEIGHT="30" CONTENT="Al" WC="0.84" CC="03"/>
						<SP ID="P49_SP00041" HPOS="146" VPOS="513" WIDTH="17"/>
						<String ID="P49_ST00048" HPOS="163" VPOS="484" WIDTH="131" HEIGHT="40" CONTENT="siguiente" WC="0.69" CC="510603540"/>
						<SP ID="P49_SP00042" HPOS="294" VPOS="524" WIDTH="27"/>
						<String ID="P49_ST00049" HPOS="321" VPOS="484" WIDTH="42" HEIGHT="30" CONTENT="dia" WC="1.00" CC="000"/>
						<SP ID="P49_SP00043" HPOS="363" VPOS="524" WIDTH="26"/>
						<String ID="P49_ST00050" HPOS="389" VPOS="495" WIDTH="98" HEIGHT="31" CONTENT="apenas" WC="0.56" CC="470706"/>
						<SP ID="P49_SP00044" HPOS="487" VPOS="526" WIDTH="21"/>
						<String ID="P49_ST00051" HPOS="508" VPOS="486" WIDTH="100" HEIGHT="40" CONTENT="rompía" WC="0.83" CC="020034"/>
						<SP ID="P49_SP00045" HPOS="608" VPOS="526" WIDTH="30"/>
						<String ID="P49_ST00052" HPOS="638" VPOS="485" WIDTH="23" HEIGHT="30" CONTENT="el" WC="0.61" CC="24"/>
						<SP ID="P49_SP00046" HPOS="661" VPOS="526" WIDTH="28"/>
						<String ID="P49_ST00053" HPOS="689" VPOS="485" WIDTH="59" HEIGHT="30" CONTENT="alba" WC="0.64" CC="5530"/>
						<SP ID="P49_SP00047" HPOS="748" VPOS="526" WIDTH="17"/>
						<String ID="P49_ST00054" HPOS="765" VPOS="486" WIDTH="187" HEIGHT="30" CONTENT="marcháronse" WC="0.64" CC="66506005260"/>
						<SP ID="P49_SP00048" HPOS="952" VPOS="526" WIDTH="25"/>
						<String ID="P49_ST00055" HPOS="977" VPOS="486" WIDTH="73" HEIGHT="30" CONTENT="todos" WC="0.73" CC="75000"/>
						<SP ID="P49_SP00049" HPOS="1050" VPOS="526" WIDTH="24"/>
						<String ID="P49_ST00056" HPOS="1074" VPOS="486" WIDTH="25" HEIGHT="31" CONTENT="al" WC="0.61" CC="15"/>
					</TextLine>
					<TextLine ID="P49_TL00008" HPOS="73" VPOS="541" WIDTH="1026" HEIGHT="43">
						<String ID="P49_ST00057" HPOS="73" VPOS="547" WIDTH="194" HEIGHT="35" CONTENT="campamento," WC="0.74" CC="01700007650"/>
						<SP ID="P49_SP00050" HPOS="267" VPOS="582" WIDTH="19"/>
						<String ID="P49_ST00058" HPOS="286" VPOS="541" WIDTH="33" HEIGHT="30" CONTENT="de" WC="1.00" CC="00"/>
						<SP ID="P49_SP00051" HPOS="319" VPOS="582" WIDTH="16"/>
						<String ID="P49_ST00059" HPOS="335" VPOS="552" WIDTH="97" HEIGHT="30" CONTENT="seguro" WC="0.70" CC="500803"/>
						<SP ID="P49_SP00052" HPOS="432" VPOS="582" WIDTH="12"/>
						<String ID="P49_ST00060" HPOS="444" VPOS="552" WIDTH="49" HEIGHT="21" CONTENT="coa" WC="0.51" CC="607"/>
						<SP ID="P49_SP00053" HPOS="493" VPOS="582" WIDTH="18"/>
						<String ID="P49_ST00061" HPOS="511" VPOS="542" WIDTH="23" HEIGHT="31" CONTENT="la" WC="0.80" CC="30"/>
						<SP ID="P49_SP00054" HPOS="534" VPOS="582" WIDTH="14"/>
						<String ID="P49_ST00062" HPOS="548" VPOS="543" WIDTH="108" HEIGHT="40" CONTENT="picazón" WC="0.76" CC="0200336"/>
						<SP ID="P49_SP00055" HPOS="656" VPOS="583" WIDTH="28"/>
						<String ID="P49_ST00063" HPOS="684" VPOS="543" WIDTH="92" HEIGHT="40" CONTENT="propia" WC="0.76" CC="004054"/>
						<SP ID="P49_SP00056" HPOS="776" VPOS="583" WIDTH="27"/>
						<String ID="P49_ST00064" HPOS="803" VPOS="542" WIDTH="33" HEIGHT="31" CONTENT="de" WC="0.73" CC="05"/>
						<SP ID="P49_SP00057" HPOS="836" VPOS="583" WIDTH="24"/>
						<String ID="P49_ST00065" HPOS="860" VPOS="543" WIDTH="80" HEIGHT="41" CONTENT="quien" WC="0.91" CC="00040"/>
						<SP ID="P49_SP00058" HPOS="940" VPOS="584" WIDTH="25"/>
						<String ID="P49_ST00066" HPOS="965" VPOS="553" WIDTH="98" HEIGHT="20" CONTENT="conoce" WC="0.71" CC="030507"/>
						<SP ID="P49_SP00059" HPOS="1063" VPOS="584" WIDTH="13"/>
						<String ID="P49_ST00067" HPOS="1076" VPOS="543" WIDTH="23" HEIGHT="30" CONTENT="la" WC="1.00" CC="00"/>
					</TextLine>
					<TextLine ID="P49_TL00009" HPOS="75" VPOS="597" WIDTH="1024" HEIGHT="42">
						<String ID="P49_ST00068" HPOS="75" VPOS="598" WIDTH="73" HEIGHT="30" CONTENT="triste" WC="0.62" CC="405056"/>
						<SP ID="P49_SP00060" HPOS="148" VPOS="628" WIDTH="12"/>
						<String ID="P49_ST00069" HPOS="160" VPOS="602" WIDTH="88" HEIGHT="25" CONTENT="suerte" WC="0.78" CC="605000"/>
						<SP ID="P49_SP00061" HPOS="248" VPOS="628" WIDTH="12"/>
						<String ID="P49_ST00070" HPOS="260" VPOS="607" WIDTH="52" HEIGHT="31" CONTENT="que" WC="1.00" CC="000"/>
						<SP ID="P49_SP00062" HPOS="312" VPOS="638" WIDTH="17"/>
						<String ID="P49_ST00071" HPOS="329" VPOS="597" WIDTH="23" HEIGHT="31" CONTENT="le" WC="0.93" CC="01"/>
						<SP ID="P49_SP00063" HPOS="352" VPOS="638" WIDTH="17"/>
						<String ID="P49_ST00072" HPOS="369" VPOS="597" WIDTH="127" HEIGHT="41" CONTENT="aguarda." WC="0.72" CC="40060900"/>
						<SP ID="P49_SP00064" HPOS="496" VPOS="638" WIDTH="22"/>
						<String ID="P49_ST00073" HPOS="518" VPOS="600" WIDTH="49" HEIGHT="29" CONTENT="Por" WC="1.00" CC="000"/>
						<SP ID="P49_SP00065" HPOS="567" VPOS="638" WIDTH="15"/>
						<String ID="P49_ST00074" HPOS="582" VPOS="608" WIDTH="56" HEIGHT="21" CONTENT="mas" WC="0.72" CC="403"/>
						<SP ID="P49_SP00066" HPOS="638" VPOS="638" WIDTH="16"/>
						<String ID="P49_ST00075" HPOS="654" VPOS="609" WIDTH="52" HEIGHT="30" CONTENT="que" WC="0.94" CC="010"/>
						<SP ID="P49_SP00067" HPOS="706" VPOS="639" WIDTH="17"/>
						<String ID="P49_ST00076" HPOS="723" VPOS="609" WIDTH="28" HEIGHT="20" CONTENT="se" WC="0.50" CC="72"/>
						<SP ID="P49_SP00068" HPOS="751" VPOS="639" WIDTH="16"/>
						<String ID="P49_ST00077" HPOS="767" VPOS="598" WIDTH="73" HEIGHT="41" CONTENT="diga," WC="0.80" CC="00900"/>
						<SP ID="P49_SP00069" HPOS="840" VPOS="639" WIDTH="17"/>
						<String ID="P49_ST00078" HPOS="857" VPOS="599" WIDTH="23" HEIGHT="29" CONTENT="la" WC="1.00" CC="00"/>
						<SP ID="P49_SP00070" HPOS="880" VPOS="639" WIDTH="23"/>
						<String ID="P49_ST00079" HPOS="903" VPOS="599" WIDTH="140" HEIGHT="30" CONTENT="serenidad" WC="0.75" CC="415140040"/>
						<SP ID="P49_SP00071" HPOS="1043" VPOS="639" WIDTH="24"/>
						<String ID="P49_ST00080" HPOS="1067" VPOS="610" WIDTH="32" HEIGHT="19" CONTENT="en" WC="0.67" CC="06"/>
					</TextLine>
					<TextLine ID="P49_TL00010" HPOS="76" VPOS="654" WIDTH="1023" HEIGHT="42">
						<String ID="P49_ST00081" HPOS="76" VPOS="656" WIDTH="22" HEIGHT="29" CONTENT="la" WC="1.00" CC="00"/>
						<SP ID="P49_SP00072" HPOS="98" VPOS="685" WIDTH="16"/>
						<String ID="P49_ST00082" HPOS="114" VPOS="660" WIDTH="71" HEIGHT="35" CONTENT="tropa" WC="0.69" CC="03605"/>
						<SP ID="P49_SP00073" HPOS="185" VPOS="695" WIDTH="17"/>
						<String ID="P49_ST00083" HPOS="202" VPOS="654" WIDTH="24" HEIGHT="30" CONTENT="al" WC="0.88" CC="02"/>
						<SP ID="P49_SP00074" HPOS="226" VPOS="695" WIDTH="16"/>
						<String ID="P49_ST00084" HPOS="242" VPOS="654" WIDTH="84" HEIGHT="41" CONTENT="llegar" WC="0.79" CC="504020"/>
						<SP ID="P49_SP00075" HPOS="326" VPOS="695" WIDTH="15"/>
						<String ID="P49_ST00085" HPOS="341" VPOS="655" WIDTH="51" HEIGHT="29" CONTENT="allá" WC="1.00" CC="0000"/>
						<SP ID="P49_SP00076" HPOS="392" VPOS="695" WIDTH="17"/>
						<String ID="P49_ST00086" HPOS="409" VPOS="664" WIDTH="44" HEIGHT="20" CONTENT="era" WC="0.90" CC="002"/>
						<SP ID="P49_SP00077" HPOS="453" VPOS="695" WIDTH="15"/>
						<String ID="P49_ST00087" HPOS="468" VPOS="661" WIDTH="140" HEIGHT="35" CONTENT="aparente:" WC="0.83" CC="006601000"/>
						<SP ID="P49_SP00078" HPOS="608" VPOS="696" WIDTH="25"/>
						<String ID="P49_ST00088" HPOS="633" VPOS="666" WIDTH="49" HEIGHT="20" CONTENT="con" WC="0.71" CC="035"/>
						<SP ID="P49_SP00079" HPOS="682" VPOS="696" WIDTH="24"/>
						<String ID="P49_ST00089" HPOS="706" VPOS="656" WIDTH="24" HEIGHT="30" CONTENT="el" WC="1.00" CC="00"/>
						<SP ID="P49_SP00080" HPOS="730" VPOS="696" WIDTH="19"/>
						<String ID="P49_ST00090" HPOS="749" VPOS="657" WIDTH="96" HEIGHT="39" CONTENT="tiempo" WC="0.89" CC="002003"/>
						<SP ID="P49_SP00081" HPOS="845" VPOS="696" WIDTH="18"/>
						<String ID="P49_ST00091" HPOS="863" VPOS="656" WIDTH="108" HEIGHT="40" CONTENT="lograba" WC="0.73" CC="4600025"/>
						<SP ID="P49_SP00082" HPOS="971" VPOS="696" WIDTH="21"/>
						<String ID="P49_ST00092" HPOS="992" VPOS="656" WIDTH="107" HEIGHT="31" CONTENT="hacerse" WC="0.79" CC="5110104"/>
					</TextLine>
					<TextLine ID="P49_TL00011" HPOS="75" VPOS="712" WIDTH="128" HEIGHT="30">
						<String ID="P49_ST00093" HPOS="75" VPOS="712" WIDTH="128" HEIGHT="30" CONTENT="habitual." WC="0.61" CC="705028451"/>
					</TextLine>
				</TextBlock>
				<TextBlock ID="P49_TB00004" HPOS="75" VPOS="769" WIDTH="1028" HEIGHT="536" STYLEREFS="TXT_1 PAR_LEFT">
					<TextLine ID="P49_TL00012" HPOS="116" VPOS="769" WIDTH="985" HEIGHT="42">
						<String ID="P49_ST00094" HPOS="116" VPOS="769" WIDTH="211" HEIGHT="31" CONTENT="Presentándose" WC="0.80" CC="0330000060613"/>
						<SP ID="P49_SP00083" HPOS="327" VPOS="800" WIDTH="13"/>
						<String ID="P49_ST00095" HPOS="340" VPOS="774" WIDTH="55" HEIGHT="26" CONTENT="este" WC="0.63" CC="6321"/>
						<SP ID="P49_SP00084" HPOS="395" VPOS="800" WIDTH="17"/>
						<String ID="P49_ST00096" HPOS="412" VPOS="769" WIDTH="43" HEIGHT="30" CONTENT="dia" WC="0.83" CC="005"/>
						<SP ID="P49_SP00085" HPOS="455" VPOS="800" WIDTH="16"/>
						<String ID="P49_ST00097" HPOS="471" VPOS="780" WIDTH="48" HEIGHT="20" CONTENT="con" WC="0.65" CC="046"/>
						<SP ID="P49_SP00086" HPOS="519" VPOS="800" WIDTH="20"/>
						<String ID="P49_ST00098" HPOS="539" VPOS="769" WIDTH="73" HEIGHT="31" CONTENT="todos" WC="0.73" CC="41042"/>
						<SP ID="P49_SP00087" HPOS="612" VPOS="800" WIDTH="17"/>
						<String ID="P49_ST00099" HPOS="629" VPOS="770" WIDTH="39" HEIGHT="30" CONTENT="los" WC="0.77" CC="132"/>
						<SP ID="P49_SP00088" HPOS="668" VPOS="800" WIDTH="15"/>
						<String ID="P49_ST00100" HPOS="683" VPOS="771" WIDTH="125" HEIGHT="29" CONTENT="síntomas" WC="0.67" CC="70760050"/>
						<SP ID="P49_SP00089" HPOS="808" VPOS="800" WIDTH="16"/>
						<String ID="P49_ST00101" HPOS="824" VPOS="770" WIDTH="32" HEIGHT="30" CONTENT="de" WC="0.55" CC="80"/>
						<SP ID="P49_SP00090" HPOS="856" VPOS="800" WIDTH="15"/>
						<String ID="P49_ST00102" HPOS="871" VPOS="770" WIDTH="128" HEIGHT="41" CONTENT="temporal" WC="0.83" CC="60003030"/>
						<SP ID="P49_SP00091" HPOS="999" VPOS="811" WIDTH="18"/>
						<String ID="P49_ST00103" HPOS="1017" VPOS="771" WIDTH="84" HEIGHT="29" CONTENT="estin" SUBS_TYPE="HypPart1" SUBS_CONTENT="estinguidos," WC="0.60" CC="345423"/>
						<HYP CONTENT="-"/>
					</TextLine>
					<TextLine ID="P49_TL00013" HPOS="76" VPOS="825" WIDTH="1025" HEIGHT="42">
						<String ID="P49_ST00104" HPOS="76" VPOS="825" WIDTH="106" HEIGHT="42" CONTENT="guidos," SUBS_TYPE="HypPart2" SUBS_CONTENT="estinguidos," WC="0.80" CC="0500260"/>
						<SP ID="P49_SP00092" HPOS="182" VPOS="867" WIDTH="16"/>
						<String ID="P49_ST00105" HPOS="198" VPOS="828" WIDTH="124" HEIGHT="28" CONTENT="comenzó" WC="0.66" CC="0460029"/>
						<SP ID="P49_SP00093" HPOS="322" VPOS="867" WIDTH="11"/>
						<String ID="P49_ST00106" HPOS="333" VPOS="827" WIDTH="14" HEIGHT="29" CONTENT="á" WC="0.27" CC="7"/>
						<SP ID="P49_SP00094" HPOS="347" VPOS="867" WIDTH="14"/>
						<String ID="P49_ST00107" HPOS="361" VPOS="835" WIDTH="76" HEIGHT="21" CONTENT="verse" WC="0.55" CC="66530"/>
						<SP ID="P49_SP00095" HPOS="437" VPOS="867" WIDTH="14"/>
						<String ID="P49_ST00108" HPOS="451" VPOS="825" WIDTH="81" HEIGHT="31" CONTENT="desde" WC="0.81" CC="00404"/>
						<SP ID="P49_SP00096" HPOS="532" VPOS="867" WIDTH="25"/>
						<String ID="P49_ST00109" HPOS="557" VPOS="825" WIDTH="61" HEIGHT="31" CONTENT="bien" WC="0.65" CC="7006"/>
						<SP ID="P49_SP00097" HPOS="618" VPOS="867" WIDTH="19"/>
						<String ID="P49_ST00110" HPOS="637" VPOS="831" WIDTH="134" HEIGHT="35" CONTENT="temprano" WC="0.59" CC="72700644"/>
						<SP ID="P49_SP00098" HPOS="771" VPOS="867" WIDTH="18"/>
						<String ID="P49_ST00111" HPOS="789" VPOS="827" WIDTH="171" HEIGHT="29" CONTENT="movimiento" WC="0.57" CC="7500570456"/>
						<SP ID="P49_SP00099" HPOS="960" VPOS="867" WIDTH="16"/>
						<String ID="P49_ST00112" HPOS="976" VPOS="837" WIDTH="33" HEIGHT="19" CONTENT="en" WC="0.56" CC="53"/>
						<SP ID="P49_SP00100" HPOS="1009" VPOS="867" WIDTH="17"/>
						<String ID="P49_ST00113" HPOS="1026" VPOS="826" WIDTH="75" HEIGHT="30" CONTENT="todas" WC="0.78" CC="50005"/>
					</TextLine>
					<TextLine ID="P49_TL00014" HPOS="76" VPOS="883" WIDTH="1019" HEIGHT="40">
						<String ID="P49_ST00114" HPOS="76" VPOS="889" WIDTH="98" HEIGHT="34" CONTENT="partes." WC="0.74" CC="5506000"/>
						<SP ID="P49_SP00101" HPOS="174" VPOS="923" WIDTH="20"/>
						<String ID="P49_ST00115" HPOS="194" VPOS="884" WIDTH="51" HEIGHT="28" CONTENT="Los" WC="0.62" CC="334"/>
						<SP ID="P49_SP00102" HPOS="245" VPOS="923" WIDTH="16"/>
						<String ID="P49_ST00116" HPOS="261" VPOS="883" WIDTH="106" HEIGHT="40" CONTENT="buques" WC="0.89" CC="400001"/>
						<SP ID="P49_SP00103" HPOS="367" VPOS="923" WIDTH="13"/>
						<String ID="P49_ST00117" HPOS="380" VPOS="893" WIDTH="32" HEIGHT="19" CONTENT="en" WC="0.90" CC="02"/>
						<SP ID="P49_SP00104" HPOS="412" VPOS="923" WIDTH="14"/>
						<String ID="P49_ST00118" HPOS="426" VPOS="883" WIDTH="23" HEIGHT="29" CONTENT="el" WC="0.85" CC="02"/>
						<SP ID="P49_SP00105" HPOS="449" VPOS="923" WIDTH="19"/>
						<String ID="P49_ST00119" HPOS="468" VPOS="888" WIDTH="104" HEIGHT="35" CONTENT="puerto," WC="0.65" CC="0363450"/>
						<SP ID="P49_SP00106" HPOS="572" VPOS="923" WIDTH="19"/>
						<String ID="P49_ST00120" HPOS="591" VPOS="893" WIDTH="66" HEIGHT="19" CONTENT="unos" WC="0.72" CC="2340"/>
						<SP ID="P49_SP00107" HPOS="657" VPOS="923" WIDTH="13"/>
						<String ID="P49_ST00121" HPOS="670" VPOS="883" WIDTH="119" HEIGHT="29" CONTENT="saliendo" WC="0.76" CC="02000195"/>
						<SP ID="P49_SP00108" HPOS="789" VPOS="923" WIDTH="21"/>
						<String ID="P49_ST00122" HPOS="810" VPOS="883" WIDTH="34" HEIGHT="30" CONTENT="de" WC="0.22" CC="77"/>
						<SP ID="P49_SP00109" HPOS="844" VPOS="923" WIDTH="12"/>
						<String ID="P49_ST00123" HPOS="856" VPOS="894" WIDTH="46" HEIGHT="19" CONTENT="sus" WC="0.70" CC="701"/>
						<SP ID="P49_SP00110" HPOS="902" VPOS="923" WIDTH="14"/>
						<String ID="P49_ST00124" HPOS="916" VPOS="883" WIDTH="179" HEIGHT="35" CONTENT="atascaderos," WC="0.71" CC="050505005650"/>
					</TextLine>
					<TextLine ID="P49_TL00015" HPOS="76" VPOS="938" WIDTH="1027" HEIGHT="42">
						<String ID="P49_ST00125" HPOS="76" VPOS="944" WIDTH="71" HEIGHT="25" CONTENT="otros" WC="0.56" CC="67015"/>
						<SP ID="P49_SP00111" HPOS="147" VPOS="969" WIDTH="13"/>
						<String ID="P49_ST00126" HPOS="160" VPOS="939" WIDTH="183" HEIGHT="41" CONTENT="dirigiéndose" WC="0.86" CC="000000770100"/>
						<SP ID="P49_SP00112" HPOS="343" VPOS="980" WIDTH="13"/>
						<String ID="P49_ST00127" HPOS="356" VPOS="939" WIDTH="70" HEIGHT="33" CONTENT="á^us" WC="0.53" CC="4860"/>
						<SP ID="P49_SP00113" HPOS="426" VPOS="980" WIDTH="21"/>
						<String ID="P49_ST00128" HPOS="447" VPOS="939" WIDTH="164" HEIGHT="41" CONTENT="respectivos" WC="0.80" CC="00003004067"/>
						<SP ID="P49_SP00114" HPOS="611" VPOS="980" WIDTH="12"/>
						<String ID="P49_ST00129" HPOS="623" VPOS="944" WIDTH="120" HEIGHT="35" CONTENT="puestos," WC="0.77" CC="02227020"/>
						<SP ID="P49_SP00115" HPOS="743" VPOS="980" WIDTH="16"/>
						<String ID="P49_ST00130" HPOS="759" VPOS="950" WIDTH="15" HEIGHT="29" CONTENT="y" WC="1.00" CC="0"/>
						<SP ID="P49_SP00116" HPOS="774" VPOS="980" WIDTH="14"/>
						<String ID="P49_ST00131" HPOS="788" VPOS="944" WIDTH="70" HEIGHT="25" CONTENT="otros" WC="0.62" CC="60326"/>
						<SP ID="P49_SP00117" HPOS="858" VPOS="980" WIDTH="17"/>
						<String ID="P49_ST00132" HPOS="875" VPOS="938" WIDTH="140" HEIGHT="31" CONTENT="aclarando" WC="0.71" CC="010721705"/>
						<SP ID="P49_SP00118" HPOS="1015" VPOS="980" WIDTH="15"/>
						<String ID="P49_ST00133" HPOS="1030" VPOS="941" WIDTH="14" HEIGHT="27" CONTENT="ó" WC="1.00" CC="0"/>
						<SP ID="P49_SP00119" HPOS="1044" VPOS="980" WIDTH="16"/>
						<String ID="P49_ST00134" HPOS="1060" VPOS="950" WIDTH="43" HEIGHT="19" CONTENT="re" SUBS_TYPE="HypPart1" SUBS_CONTENT="reparando" WC="0.87" CC="102"/>
						<HYP CONTENT="-"/>
					</TextLine>
					<TextLine ID="P49_TL00016" HPOS="78" VPOS="994" WIDTH="1022" HEIGHT="42">
						<String ID="P49_ST00135" HPOS="78" VPOS="994" WIDTH="118" HEIGHT="42" CONTENT="parando" SUBS_TYPE="HypPart2" SUBS_CONTENT="reparando" WC="0.72" CC="0506600"/>
						<SP ID="P49_SP00120" HPOS="196" VPOS="1036" WIDTH="16"/>
						<String ID="P49_ST00136" HPOS="212" VPOS="1005" WIDTH="33" HEIGHT="30" CONTENT="ya" WC="0.70" CC="06"/>
						<SP ID="P49_SP00121" HPOS="245" VPOS="1036" WIDTH="15"/>
						<String ID="P49_ST00137" HPOS="260" VPOS="1005" WIDTH="46" HEIGHT="20" CONTENT="sus" WC="0.35" CC="945"/>
						<SP ID="P49_SP00122" HPOS="306" VPOS="1036" WIDTH="16"/>
						<String ID="P49_ST00138" HPOS="322" VPOS="996" WIDTH="113" HEIGHT="29" CONTENT="averías." WC="0.98" CC="00000100"/>
						<SP ID="P49_SP00123" HPOS="435" VPOS="1036" WIDTH="28"/>
						<String ID="P49_ST00139" HPOS="463" VPOS="996" WIDTH="74" HEIGHT="34" CONTENT="Esto," WC="0.64" CC="40760"/>
						<SP ID="P49_SP00124" HPOS="537" VPOS="1036" WIDTH="18"/>
						<String ID="P49_ST00140" HPOS="555" VPOS="994" WIDTH="179" HEIGHT="41" CONTENT="acompañado" WC="0.60" CC="0017069336"/>
						<SP ID="P49_SP00125" HPOS="734" VPOS="1036" WIDTH="12"/>
						<String ID="P49_ST00141" HPOS="746" VPOS="994" WIDTH="33" HEIGHT="30" CONTENT="de" WC="1.00" CC="00"/>
						<SP ID="P49_SP00126" HPOS="779" VPOS="1036" WIDTH="12"/>
						<String ID="P49_ST00142" HPOS="791" VPOS="994" WIDTH="39" HEIGHT="29" CONTENT="las" WC="0.56" CC="452"/>
						<SP ID="P49_SP00127" HPOS="830" VPOS="1036" WIDTH="17"/>
						<String ID="P49_ST00143" HPOS="847" VPOS="1004" WIDTH="80" HEIGHT="20" CONTENT="voces" WC="0.61" CC="90045"/>
						<SP ID="P49_SP00128" HPOS="927" VPOS="1036" WIDTH="17"/>
						<String ID="P49_ST00144" HPOS="944" VPOS="994" WIDTH="33" HEIGHT="30" CONTENT="de" WC="0.87" CC="02"/>
						<SP ID="P49_SP00129" HPOS="977" VPOS="1036" WIDTH="16"/>
						<String ID="P49_ST00145" HPOS="993" VPOS="994" WIDTH="107" HEIGHT="35" CONTENT="mando," WC="0.46" CC="516890"/>
					</TextLine>
					<TextLine ID="P49_TL00017" HPOS="77" VPOS="1050" WIDTH="1026" HEIGHT="42">
						<String ID="P49_ST00146" HPOS="77" VPOS="1052" WIDTH="43" HEIGHT="30" CONTENT="del" WC="0.77" CC="330"/>
						<SP ID="P49_SP00130" HPOS="120" VPOS="1082" WIDTH="12"/>
						<String ID="P49_ST00147" HPOS="132" VPOS="1051" WIDTH="98" HEIGHT="30" CONTENT="silbido" WC="0.66" CC="4056007"/>
						<SP ID="P49_SP00131" HPOS="230" VPOS="1082" WIDTH="11"/>
						<String ID="P49_ST00148" HPOS="241" VPOS="1051" WIDTH="32" HEIGHT="30" CONTENT="de" WC="0.73" CC="05"/>
						<SP ID="P49_SP00132" HPOS="273" VPOS="1082" WIDTH="19"/>
						<String ID="P49_ST00149" HPOS="292" VPOS="1051" WIDTH="39" HEIGHT="30" CONTENT="los" WC="0.73" CC="402"/>
						<SP ID="P49_SP00133" HPOS="331" VPOS="1082" WIDTH="16"/>
						<String ID="P49_ST00150" HPOS="347" VPOS="1052" WIDTH="84" HEIGHT="39" CONTENT="pitos," WC="0.71" CC="000772"/>
						<SP ID="P49_SP00134" HPOS="431" VPOS="1091" WIDTH="26"/>
						<String ID="P49_ST00151" HPOS="457" VPOS="1050" WIDTH="43" HEIGHT="31" CONTENT="del" WC="0.64" CC="055"/>
						<SP ID="P49_SP00135" HPOS="500" VPOS="1091" WIDTH="24"/>
						<String ID="P49_ST00152" HPOS="524" VPOS="1051" WIDTH="138" HEIGHT="41" CONTENT="repiquete" WC="0.88" CC="000204003"/>
						<SP ID="P49_SP00136" HPOS="662" VPOS="1092" WIDTH="12"/>
						<String ID="P49_ST00153" HPOS="674" VPOS="1050" WIDTH="33" HEIGHT="30" CONTENT="de" WC="0.52" CC="90"/>
						<SP ID="P49_SP00137" HPOS="707" VPOS="1092" WIDTH="16"/>
						<String ID="P49_ST00154" HPOS="723" VPOS="1051" WIDTH="152" HEIGHT="40" CONTENT="máquinas," WC="0.72" CC="000707360"/>
						<SP ID="P49_SP00138" HPOS="875" VPOS="1092" WIDTH="23"/>
						<String ID="P49_ST00155" HPOS="898" VPOS="1050" WIDTH="41" HEIGHT="30" CONTENT="del" WC="0.87" CC="030"/>
						<SP ID="P49_SP00139" HPOS="939" VPOS="1092" WIDTH="23"/>
						<String ID="P49_ST00156" HPOS="962" VPOS="1050" WIDTH="77" HEIGHT="30" CONTENT="ruido" WC="0.92" CC="03000"/>
						<SP ID="P49_SP00140" HPOS="1039" VPOS="1092" WIDTH="31"/>
						<String ID="P49_ST00157" HPOS="1070" VPOS="1050" WIDTH="33" HEIGHT="30" CONTENT="de" WC="1.00" CC="00"/>
					</TextLine>
					<TextLine ID="P49_TL00018" HPOS="77" VPOS="1106" WIDTH="1026" HEIGHT="41">
						<String ID="P49_ST00158" HPOS="77" VPOS="1107" WIDTH="127" HEIGHT="35" CONTENT="cadenas," WC="0.72" CC="00006662"/>
						<SP ID="P49_SP00141" HPOS="204" VPOS="1142" WIDTH="20"/>
						<String ID="P49_ST00159" HPOS="224" VPOS="1107" WIDTH="42" HEIGHT="30" CONTENT="del" WC="0.50" CC="905"/>
						<SP ID="P49_SP00142" HPOS="266" VPOS="1142" WIDTH="15"/>
						<String ID="P49_ST00160" HPOS="281" VPOS="1107" WIDTH="114" HEIGHT="30" CONTENT="salomar" WC="0.70" CC="4331070"/>
						<SP ID="P49_SP00143" HPOS="395" VPOS="1142" WIDTH="15"/>
						<String ID="P49_ST00161" HPOS="410" VPOS="1108" WIDTH="32" HEIGHT="29" CONTENT="de" WC="0.69" CC="60"/>
						<SP ID="P49_SP00144" HPOS="442" VPOS="1142" WIDTH="10"/>
						<String ID="P49_ST00162" HPOS="452" VPOS="1107" WIDTH="39" HEIGHT="30" CONTENT="los" WC="0.30" CC="766"/>
						<SP ID="P49_SP00145" HPOS="491" VPOS="1142" WIDTH="14"/>
						<String ID="P49_ST00163" HPOS="505" VPOS="1107" WIDTH="158" HEIGHT="36" CONTENT="marineros," WC="0.71" CC="6050700610"/>
						<SP ID="P49_SP00146" HPOS="663" VPOS="1143" WIDTH="19"/>
						<String ID="P49_ST00164" HPOS="682" VPOS="1106" WIDTH="33" HEIGHT="31" CONTENT="de" WC="0.95" CC="00"/>
						<SP ID="P49_SP00147" HPOS="715" VPOS="1143" WIDTH="11"/>
						<String ID="P49_ST00165" HPOS="726" VPOS="1106" WIDTH="38" HEIGHT="30" CONTENT="los" WC="0.80" CC="005"/>
						<SP ID="P49_SP00148" HPOS="764" VPOS="1143" WIDTH="17"/>
						<String ID="P49_ST00166" HPOS="781" VPOS="1107" WIDTH="81" HEIGHT="40" CONTENT="gritos" WC="0.62" CC="005636"/>
						<SP ID="P49_SP00149" HPOS="862" VPOS="1147" WIDTH="13"/>
						<String ID="P49_ST00167" HPOS="875" VPOS="1117" WIDTH="17" HEIGHT="29" CONTENT="y" WC="1.00" CC="0"/>
						<SP ID="P49_SP00150" HPOS="892" VPOS="1147" WIDTH="12"/>
						<String ID="P49_ST00168" HPOS="904" VPOS="1106" WIDTH="142" HEIGHT="31" CONTENT="denuestos" WC="0.58" CC="060706754"/>
						<SP ID="P49_SP00151" HPOS="1046" VPOS="1147" WIDTH="24"/>
						<String ID="P49_ST00169" HPOS="1070" VPOS="1106" WIDTH="33" HEIGHT="31" CONTENT="de" WC="0.19" CC="96"/>
					</TextLine>
					<TextLine ID="P49_TL00019" HPOS="78" VPOS="1163" WIDTH="1025" HEIGHT="41">
						<String ID="P49_ST00170" HPOS="78" VPOS="1164" WIDTH="40" HEIGHT="29" CONTENT="los" WC="0.48" CC="446"/>
						<SP ID="P49_SP00152" HPOS="118" VPOS="1193" WIDTH="13"/>
						<String ID="P49_ST00171" HPOS="131" VPOS="1163" WIDTH="32" HEIGHT="29" CONTENT="de" WC="0.68" CC="06"/>
						<SP ID="P49_SP00153" HPOS="163" VPOS="1193" WIDTH="12"/>
						<String ID="P49_ST00172" HPOS="175" VPOS="1174" WIDTH="34" HEIGHT="18" CONTENT="un" WC="0.64" CC="60"/>
						<SP ID="P49_SP00154" HPOS="209" VPOS="1193" WIDTH="16"/>
						<String ID="P49_ST00173" HPOS="225" VPOS="1163" WIDTH="92" HEIGHT="41" CONTENT="buque" WC="0.77" CC="50005"/>
						<SP ID="P49_SP00155" HPOS="317" VPOS="1204" WIDTH="16"/>
						<String ID="P49_ST00174" HPOS="333" VPOS="1164" WIDTH="14" HEIGHT="29" CONTENT="á" WC="1.00" CC="0"/>
						<SP ID="P49_SP00156" HPOS="347" VPOS="1204" WIDTH="16"/>
						<String ID="P49_ST00175" HPOS="363" VPOS="1169" WIDTH="56" HEIGHT="24" CONTENT="otro" WC="0.80" CC="0052"/>
						<SP ID="P49_SP00157" HPOS="419" VPOS="1204" WIDTH="16"/>
						<String ID="P49_ST00176" HPOS="435" VPOS="1173" WIDTH="60" HEIGHT="31" CONTENT="para" WC="0.69" CC="0606"/>
						<SP ID="P49_SP00158" HPOS="495" VPOS="1204" WIDTH="17"/>
						<String ID="P49_ST00177" HPOS="512" VPOS="1163" WIDTH="108" HEIGHT="30" CONTENT="hacerse" WC="0.59" CC="6600950"/>
						<SP ID="P49_SP00159" HPOS="620" VPOS="1204" WIDTH="20"/>
						<String ID="P49_ST00178" HPOS="640" VPOS="1163" WIDTH="88" HEIGHT="41" CONTENT="lugar," WC="0.61" CC="060690"/>
						<SP ID="P49_SP00160" HPOS="728" VPOS="1204" WIDTH="16"/>
						<String ID="P49_ST00179" HPOS="744" VPOS="1174" WIDTH="14" HEIGHT="30" CONTENT="y" WC="1.00" CC="0"/>
						<SP ID="P49_SP00161" HPOS="758" VPOS="1204" WIDTH="14"/>
						<String ID="P49_ST00180" HPOS="772" VPOS="1163" WIDTH="72" HEIGHT="29" CONTENT="hasta" WC="0.64" CC="32605"/>
						<SP ID="P49_SP00162" HPOS="844" VPOS="1204" WIDTH="17"/>
						<String ID="P49_ST00181" HPOS="861" VPOS="1163" WIDTH="41" HEIGHT="29" CONTENT="del" WC="0.93" CC="002"/>
						<SP ID="P49_SP00163" HPOS="902" VPOS="1204" WIDTH="25"/>
						<String ID="P49_ST00182" HPOS="927" VPOS="1172" WIDTH="46" HEIGHT="21" CONTENT="eco" WC="0.75" CC="070"/>
						<SP ID="P49_SP00164" HPOS="973" VPOS="1204" WIDTH="24"/>
						<String ID="P49_ST00183" HPOS="997" VPOS="1168" WIDTH="106" HEIGHT="24" CONTENT="retum" SUBS_TYPE="HypPart1" SUBS_CONTENT="retumbante" WC="0.97" CC="000100"/>
						<HYP CONTENT="-"/>
					</TextLine>
					<TextLine ID="P49_TL00020" HPOS="79" VPOS="1219" WIDTH="1024" HEIGHT="41">
						<String ID="P49_ST00184" HPOS="79" VPOS="1220" WIDTH="80" HEIGHT="31" CONTENT="bante" SUBS_TYPE="HypPart2" SUBS_CONTENT="retumbante" WC="0.70" CC="72500"/>
						<SP ID="P49_SP00165" HPOS="159" VPOS="1251" WIDTH="16"/>
						<String ID="P49_ST00185" HPOS="175" VPOS="1220" WIDTH="40" HEIGHT="30" CONTENT="del" WC="0.84" CC="013"/>
						<SP ID="P49_SP00166" HPOS="215" VPOS="1251" WIDTH="15"/>
						<String ID="P49_ST00186" HPOS="230" VPOS="1220" WIDTH="85" HEIGHT="40" CONTENT="lejano" WC="0.55" CC="060666"/>
						<SP ID="P49_SP00167" HPOS="315" VPOS="1260" WIDTH="13"/>
						<String ID="P49_ST00187" HPOS="328" VPOS="1225" WIDTH="133" HEIGHT="30" CONTENT="cañoneo;" WC="0.68" CC="00266510"/>
						<SP ID="P49_SP00168" HPOS="461" VPOS="1260" WIDTH="18"/>
						<String ID="P49_ST00188" HPOS="479" VPOS="1220" WIDTH="106" HEIGHT="30" CONTENT="armaba" WC="0.69" CC="005065"/>
						<SP ID="P49_SP00169" HPOS="585" VPOS="1260" WIDTH="16"/>
						<String ID="P49_ST00189" HPOS="601" VPOS="1220" WIDTH="23" HEIGHT="31" CONTENT="el" WC="0.85" CC="20"/>
						<SP ID="P49_SP00170" HPOS="624" VPOS="1260" WIDTH="18"/>
						<String ID="P49_ST00190" HPOS="642" VPOS="1220" WIDTH="59" HEIGHT="30" CONTENT="todo" WC="0.65" CC="6402"/>
						<SP ID="P49_SP00171" HPOS="701" VPOS="1260" WIDTH="16"/>
						<String ID="P49_ST00191" HPOS="717" VPOS="1220" WIDTH="32" HEIGHT="30" CONTENT="tal" WC="0.82" CC="050"/>
						<SP ID="P49_SP00172" HPOS="749" VPOS="1260" WIDTH="13"/>
						<String ID="P49_ST00192" HPOS="762" VPOS="1220" WIDTH="148" HEIGHT="34" CONTENT="baraúnda," WC="0.65" CC="740055044"/>
						<SP ID="P49_SP00173" HPOS="910" VPOS="1260" WIDTH="22"/>
						<String ID="P49_ST00193" HPOS="932" VPOS="1230" WIDTH="52" HEIGHT="30" CONTENT="que" WC="0.84" CC="022"/>
						<SP ID="P49_SP00174" HPOS="984" VPOS="1260" WIDTH="16"/>
						<String ID="P49_ST00194" HPOS="1000" VPOS="1219" WIDTH="103" HEIGHT="30" CONTENT="aturdía" WC="0.70" CC="0706015"/>
					</TextLine>
					<TextLine ID="P49_TL00021" HPOS="81" VPOS="1275" WIDTH="139" HEIGHT="30">
						<String ID="P49_ST00195" HPOS="81" VPOS="1276" WIDTH="38" HEIGHT="29" CONTENT="los" WC="0.57" CC="524"/>
						<SP ID="P49_SP00175" HPOS="119" VPOS="1305" WIDTH="14"/>
						<String ID="P49_ST00196" HPOS="133" VPOS="1275" WIDTH="87" HEIGHT="30" CONTENT="oídos." WC="0.68" CC="509300"/>
					</TextLine>
				</TextBlock>
				<TextBlock ID="P49_TB00005" HPOS="79" VPOS="1331" WIDTH="1025" HEIGHT="268" STYLEREFS="TXT_1 PAR_LEFT">
					<TextLine ID="P49_TL00022" HPOS="122" VPOS="1331" WIDTH="982" HEIGHT="43">
						<String ID="P49_ST00197" HPOS="122" VPOS="1332" WIDTH="70" HEIGHT="39" CONTENT="¡Qué" WC="0.44" CC="4556"/>
						<SP ID="P49_SP00176" HPOS="192" VPOS="1371" WIDTH="11"/>
						<String ID="P49_ST00198" HPOS="203" VPOS="1331" WIDTH="163" HEIGHT="31" CONTENT="admiración" WC="0.62" CC="0071950067"/>
						<SP ID="P49_SP00177" HPOS="366" VPOS="1371" WIDTH="17"/>
						<String ID="P49_ST00199" HPOS="383" VPOS="1332" WIDTH="115" HEIGHT="31" CONTENT="causaba" WC="0.72" CC="0076050"/>
						<SP ID="P49_SP00178" HPOS="498" VPOS="1371" WIDTH="16"/>
						<String ID="P49_ST00200" HPOS="514" VPOS="1333" WIDTH="78" HEIGHT="41" CONTENT="aquel" WC="0.81" CC="70010"/>
						<SP ID="P49_SP00179" HPOS="592" VPOS="1374" WIDTH="17"/>
						<String ID="P49_ST00201" HPOS="609" VPOS="1332" WIDTH="98" HEIGHT="31" CONTENT="cuadro" WC="0.90" CC="010004"/>
						<SP ID="P49_SP00180" HPOS="707" VPOS="1374" WIDTH="11"/>
						<String ID="P49_ST00202" HPOS="718" VPOS="1332" WIDTH="33" HEIGHT="30" CONTENT="de" WC="1.00" CC="00"/>
						<SP ID="P49_SP00181" HPOS="751" VPOS="1374" WIDTH="11"/>
						<String ID="P49_ST00203" HPOS="762" VPOS="1332" WIDTH="162" HEIGHT="35" CONTENT="animación," WC="0.71" CC="0606000770"/>
						<SP ID="P49_SP00182" HPOS="924" VPOS="1374" WIDTH="19"/>
						<String ID="P49_ST00204" HPOS="943" VPOS="1342" WIDTH="18" HEIGHT="30" CONTENT="y" WC="1.00" CC="0"/>
						<SP ID="P49_SP00183" HPOS="961" VPOS="1374" WIDTH="12"/>
						<String ID="P49_ST00205" HPOS="973" VPOS="1333" WIDTH="53" HEIGHT="39" CONTENT="qué" WC="0.84" CC="040"/>
						<SP ID="P49_SP00184" HPOS="1026" VPOS="1374" WIDTH="11"/>
						<String ID="P49_ST00206" HPOS="1037" VPOS="1341" WIDTH="67" HEIGHT="31" CONTENT="pena" WC="1.00" CC="0000"/>
					</TextLine>
					<TextLine ID="P49_TL00023" HPOS="82" VPOS="1388" WIDTH="1022" HEIGHT="42">
						<String ID="P49_ST00207" HPOS="82" VPOS="1390" WIDTH="15" HEIGHT="29" CONTENT="á" WC="1.00" CC="0"/>
						<SP ID="P49_SP00185" HPOS="97" VPOS="1419" WIDTH="15"/>
						<String ID="P49_ST00208" HPOS="112" VPOS="1389" WIDTH="25" HEIGHT="30" CONTENT="la" WC="1.00" CC="00"/>
						<SP ID="P49_SP00186" HPOS="137" VPOS="1419" WIDTH="13"/>
						<String ID="P49_ST00209" HPOS="150" VPOS="1399" WIDTH="46" HEIGHT="20" CONTENT="vez" WC="0.82" CC="005"/>
						<SP ID="P49_SP00187" HPOS="196" VPOS="1419" WIDTH="16"/>
						<String ID="P49_ST00210" HPOS="212" VPOS="1388" WIDTH="69" HEIGHT="31" CONTENT="diré!" WC="0.83" CC="00017"/>
						<SP ID="P49_SP00188" HPOS="281" VPOS="1419" WIDTH="16"/>
						<String ID="P49_ST00211" HPOS="297" VPOS="1389" WIDTH="33" HEIGHT="30" CONTENT="Al" WC="1.00" CC="00"/>
						<SP ID="P49_SP00189" HPOS="330" VPOS="1419" WIDTH="18"/>
						<String ID="P49_ST00212" HPOS="348" VPOS="1389" WIDTH="60" HEIGHT="30" CONTENT="lado" WC="0.61" CC="4306"/>
						<SP ID="P49_SP00190" HPOS="408" VPOS="1419" WIDTH="16"/>
						<String ID="P49_ST00213" HPOS="424" VPOS="1389" WIDTH="33" HEIGHT="30" CONTENT="de" WC="1.00" CC="00"/>
						<SP ID="P49_SP00191" HPOS="457" VPOS="1419" WIDTH="13"/>
						<String ID="P49_ST00214" HPOS="470" VPOS="1390" WIDTH="24" HEIGHT="29" CONTENT="la" WC="0.79" CC="04"/>
						<SP ID="P49_SP00192" HPOS="494" VPOS="1419" WIDTH="16"/>
						<String ID="P49_ST00215" HPOS="510" VPOS="1390" WIDTH="89" HEIGHT="40" CONTENT="alegre" WC="0.74" CC="020902"/>
						<SP ID="P49_SP00193" HPOS="599" VPOS="1430" WIDTH="17"/>
						<String ID="P49_ST00216" HPOS="616" VPOS="1390" WIDTH="120" HEIGHT="39" CONTENT="algazara" WC="0.63" CC="30903604"/>
						<SP ID="P49_SP00194" HPOS="736" VPOS="1430" WIDTH="14"/>
						<String ID="P49_ST00217" HPOS="750" VPOS="1399" WIDTH="50" HEIGHT="30" CONTENT="que" WC="0.71" CC="053"/>
						<SP ID="P49_SP00195" HPOS="800" VPOS="1430" WIDTH="15"/>
						<String ID="P49_ST00218" HPOS="815" VPOS="1389" WIDTH="104" HEIGHT="30" CONTENT="movian" WC="0.57" CC="648103"/>
						<SP ID="P49_SP00196" HPOS="919" VPOS="1430" WIDTH="23"/>
						<String ID="P49_ST00219" HPOS="942" VPOS="1388" WIDTH="38" HEIGHT="30" CONTENT="los" WC="0.59" CC="605"/>
						<SP ID="P49_SP00197" HPOS="980" VPOS="1430" WIDTH="22"/>
						<String ID="P49_ST00220" HPOS="1002" VPOS="1397" WIDTH="52" HEIGHT="32" CONTENT="que" WC="0.82" CC="050"/>
						<SP ID="P49_SP00198" HPOS="1054" VPOS="1430" WIDTH="23"/>
						<String ID="P49_ST00221" HPOS="1077" VPOS="1397" WIDTH="27" HEIGHT="21" CONTENT="se" WC="1.00" CC="00"/>
					</TextLine>
					<TextLine ID="P49_TL00024" HPOS="82" VPOS="1443" WIDTH="1022" HEIGHT="43">
						<String ID="P49_ST00222" HPOS="82" VPOS="1445" WIDTH="75" HEIGHT="29" CONTENT="veian" WC="0.85" CC="00007"/>
						<SP ID="P49_SP00199" HPOS="157" VPOS="1474" WIDTH="14"/>
						<String ID="P49_ST00223" HPOS="171" VPOS="1444" WIDTH="81" HEIGHT="30" CONTENT="libres" WC="0.79" CC="005402"/>
						<SP ID="P49_SP00200" HPOS="252" VPOS="1474" WIDTH="16"/>
						<String ID="P49_ST00224" HPOS="268" VPOS="1444" WIDTH="33" HEIGHT="30" CONTENT="de" WC="1.00" CC="00"/>
						<SP ID="P49_SP00201" HPOS="301" VPOS="1474" WIDTH="13"/>
						<String ID="P49_ST00225" HPOS="314" VPOS="1445" WIDTH="78" HEIGHT="41" CONTENT="aquel" WC="0.77" CC="60400"/>
						<SP ID="P49_SP00202" HPOS="392" VPOS="1486" WIDTH="17"/>
						<String ID="P49_ST00226" HPOS="409" VPOS="1445" WIDTH="130" HEIGHT="36" CONTENT="desastre," WC="0.63" CC="910107570"/>
						<SP ID="P49_SP00203" HPOS="539" VPOS="1486" WIDTH="20"/>
						<String ID="P49_ST00227" HPOS="559" VPOS="1456" WIDTH="15" HEIGHT="29" CONTENT="y" WC="1.00" CC="0"/>
						<SP ID="P49_SP00204" HPOS="574" VPOS="1486" WIDTH="15"/>
						<String ID="P49_ST00228" HPOS="589" VPOS="1445" WIDTH="32" HEIGHT="30" CONTENT="de" WC="1.00" CC="00"/>
						<SP ID="P49_SP00205" HPOS="621" VPOS="1486" WIDTH="17"/>
						<String ID="P49_ST00229" HPOS="638" VPOS="1445" WIDTH="39" HEIGHT="29" CONTENT="los" WC="0.83" CC="050"/>
						<SP ID="P49_SP00206" HPOS="677" VPOS="1486" WIDTH="13"/>
						<String ID="P49_ST00230" HPOS="690" VPOS="1444" WIDTH="92" HEIGHT="30" CONTENT="fatales" WC="0.67" CC="3250324"/>
						<SP ID="P49_SP00207" HPOS="782" VPOS="1486" WIDTH="27"/>
						<String ID="P49_ST00231" HPOS="809" VPOS="1451" WIDTH="113" HEIGHT="34" CONTENT="agüeros" WC="0.88" CC="0000025"/>
						<SP ID="P49_SP00208" HPOS="922" VPOS="1486" WIDTH="19"/>
						<String ID="P49_ST00232" HPOS="941" VPOS="1454" WIDTH="51" HEIGHT="31" CONTENT="que" WC="0.84" CC="040"/>
						<SP ID="P49_SP00209" HPOS="992" VPOS="1486" WIDTH="16"/>
						<String ID="P49_ST00233" HPOS="1008" VPOS="1443" WIDTH="96" HEIGHT="31" CONTENT="habían" WC="0.69" CC="762020"/>
					</TextLine>
					<TextLine ID="P49_TL00025" HPOS="81" VPOS="1499" WIDTH="1023" HEIGHT="44">
						<String ID="P49_ST00234" HPOS="81" VPOS="1507" WIDTH="239" HEIGHT="34" CONTENT="prematuramente" WC="0.72" CC="00295830002710"/>
						<SP ID="P49_SP00210" HPOS="320" VPOS="1541" WIDTH="17"/>
						<String ID="P49_ST00235" HPOS="337" VPOS="1502" WIDTH="158" HEIGHT="34" CONTENT="concebido," WC="0.77" CC="0560070020"/>
						<SP ID="P49_SP00211" HPOS="495" VPOS="1541" WIDTH="17"/>
						<String ID="P49_ST00236" HPOS="512" VPOS="1502" WIDTH="92" HEIGHT="41" CONTENT="yacian" WC="0.61" CC="730047"/>
						<SP ID="P49_SP00212" HPOS="604" VPOS="1543" WIDTH="14"/>
						<String ID="P49_ST00237" HPOS="618" VPOS="1502" WIDTH="38" HEIGHT="29" CONTENT="los" WC="0.54" CC="444"/>
						<SP ID="P49_SP00213" HPOS="656" VPOS="1543" WIDTH="20"/>
						<String ID="P49_ST00238" HPOS="676" VPOS="1502" WIDTH="86" HEIGHT="29" CONTENT="tristes" WC="0.82" CC="0500060"/>
						<SP ID="P49_SP00214" HPOS="762" VPOS="1543" WIDTH="16"/>
						<String ID="P49_ST00239" HPOS="778" VPOS="1501" WIDTH="128" HEIGHT="39" CONTENT="vestigios" WC="0.67" CC="906300054"/>
						<SP ID="P49_SP00215" HPOS="906" VPOS="1543" WIDTH="17"/>
						<String ID="P49_ST00240" HPOS="923" VPOS="1499" WIDTH="33" HEIGHT="30" CONTENT="de" WC="1.00" CC="00"/>
						<SP ID="P49_SP00216" HPOS="956" VPOS="1543" WIDTH="16"/>
						<String ID="P49_ST00241" HPOS="972" VPOS="1500" WIDTH="24" HEIGHT="29" CONTENT="la" WC="0.55" CC="62"/>
						<SP ID="P49_SP00217" HPOS="996" VPOS="1543" WIDTH="20"/>
						<String ID="P49_ST00242" HPOS="1016" VPOS="1500" WIDTH="88" HEIGHT="29" CONTENT="recien" WC="0.92" CC="020010"/>
					</TextLine>
					<TextLine ID="P49_TL00026" HPOS="81" VPOS="1557" WIDTH="274" HEIGHT="42">
						<String ID="P49_ST00243" HPOS="81" VPOS="1557" WIDTH="100" HEIGHT="42" CONTENT="pasada" WC="0.85" CC="003301"/>
						<SP ID="P49_SP00218" HPOS="181" VPOS="1599" WIDTH="17"/>
						<String ID="P49_ST00244" HPOS="198" VPOS="1559" WIDTH="157" HEIGHT="40" CONTENT="tempestad." WC="0.78" CC="6090230000"/>
					</TextLine>
				</TextBlock>
				<TextBlock ID="P49_TB00006" HPOS="81" VPOS="1612" WIDTH="1025" HEIGHT="263" STYLEREFS="TXT_1 PAR_LEFT">
					<TextLine ID="P49_TL00027" HPOS="126" VPOS="1612" WIDTH="980" HEIGHT="46">
						<String ID="P49_ST00245" HPOS="126" VPOS="1619" WIDTH="38" HEIGHT="28" CONTENT="En" WC="0.67" CC="06"/>
						<SP ID="P49_SP00219" HPOS="164" VPOS="1647" WIDTH="12"/>
						<String ID="P49_ST00246" HPOS="176" VPOS="1618" WIDTH="23" HEIGHT="29" CONTENT="el" WC="0.64" CC="70"/>
						<SP ID="P49_SP00220" HPOS="199" VPOS="1647" WIDTH="13"/>
						<String ID="P49_ST00247" HPOS="212" VPOS="1623" WIDTH="182" HEIGHT="35" CONTENT="campamento" WC="0.66" CC="0360600754"/>
						<SP ID="P49_SP00221" HPOS="394" VPOS="1658" WIDTH="12"/>
						<String ID="P49_ST00248" HPOS="406" VPOS="1617" WIDTH="189" HEIGHT="30" CONTENT="levantábanse" WC="0.77" CC="500007050061"/>
						<SP ID="P49_SP00222" HPOS="595" VPOS="1658" WIDTH="13"/>
						<String ID="P49_ST00249" HPOS="608" VPOS="1616" WIDTH="252" HEIGHT="41" CONTENT="apresuradamente" WC="0.75" CC="003051330500606"/>
						<SP ID="P49_SP00223" HPOS="860" VPOS="1658" WIDTH="20"/>
						<String ID="P49_ST00250" HPOS="880" VPOS="1613" WIDTH="102" HEIGHT="32" CONTENT="tiendas" WC="0.69" CC="3007091"/>
						<SP ID="P49_SP00224" HPOS="982" VPOS="1658" WIDTH="11"/>
						<String ID="P49_ST00251" HPOS="993" VPOS="1612" WIDTH="33" HEIGHT="30" CONTENT="de" WC="0.72" CC="05"/>
						<SP ID="P49_SP00225" HPOS="1026" VPOS="1658" WIDTH="11"/>
						<String ID="P49_ST00252" HPOS="1037" VPOS="1622" WIDTH="69" HEIGHT="21" CONTENT="cam" SUBS_TYPE="HypPart1" SUBS_CONTENT="campaña;" WC="0.62" CC="0490"/>
						<HYP CONTENT="-"/>
					</TextLine>
					<TextLine ID="P49_TL00028" HPOS="82" VPOS="1670" WIDTH="1024" HEIGHT="47">
						<String ID="P49_ST00253" HPOS="82" VPOS="1679" WIDTH="82" HEIGHT="38" CONTENT="paña;" SUBS_TYPE="HypPart2" SUBS_CONTENT="campaña;" WC="0.61" CC="80504"/>
						<SP ID="P49_SP00226" HPOS="164" VPOS="1717" WIDTH="19"/>
						<String ID="P49_ST00254" HPOS="183" VPOS="1685" WIDTH="28" HEIGHT="20" CONTENT="se" WC="1.00" CC="00"/>
						<SP ID="P49_SP00227" HPOS="211" VPOS="1717" WIDTH="12"/>
						<String ID="P49_ST00255" HPOS="223" VPOS="1674" WIDTH="151" HEIGHT="31" CONTENT="confortaba" WC="0.60" CC="2074518540"/>
						<SP ID="P49_SP00228" HPOS="374" VPOS="1717" WIDTH="17"/>
						<String ID="P49_ST00256" HPOS="391" VPOS="1675" WIDTH="14" HEIGHT="30" CONTENT="á" WC="1.00" CC="0"/>
						<SP ID="P49_SP00229" HPOS="405" VPOS="1717" WIDTH="14"/>
						<String ID="P49_ST00257" HPOS="419" VPOS="1674" WIDTH="38" HEIGHT="30" CONTENT="los" WC="0.42" CC="646"/>
						<SP ID="P49_SP00230" HPOS="457" VPOS="1717" WIDTH="13"/>
						<String ID="P49_ST00258" HPOS="470" VPOS="1674" WIDTH="98" HEIGHT="41" CONTENT="pobres" WC="0.81" CC="034002"/>
						<SP ID="P49_SP00231" HPOS="568" VPOS="1717" WIDTH="14"/>
						<String ID="P49_ST00259" HPOS="582" VPOS="1673" WIDTH="122" HEIGHT="36" CONTENT="heridos;" WC="0.68" CC="70500660"/>
						<SP ID="P49_SP00232" HPOS="704" VPOS="1717" WIDTH="26"/>
						<String ID="P49_ST00260" HPOS="730" VPOS="1672" WIDTH="157" HEIGHT="40" CONTENT="apartábase" WC="0.76" CC="6042010025"/>
						<SP ID="P49_SP00233" HPOS="887" VPOS="1717" WIDTH="13"/>
						<String ID="P49_ST00261" HPOS="900" VPOS="1672" WIDTH="23" HEIGHT="29" CONTENT="el" WC="1.00" CC="00"/>
						<SP ID="P49_SP00234" HPOS="923" VPOS="1717" WIDTH="17"/>
						<String ID="P49_ST00262" HPOS="940" VPOS="1670" WIDTH="60" HEIGHT="30" CONTENT="lodo" WC="0.80" CC="0404"/>
						<SP ID="P49_SP00235" HPOS="1000" VPOS="1717" WIDTH="17"/>
						<String ID="P49_ST00263" HPOS="1017" VPOS="1679" WIDTH="51" HEIGHT="31" CONTENT="que" WC="0.95" CC="001"/>
						<SP ID="P49_SP00236" HPOS="1068" VPOS="1717" WIDTH="11"/>
						<String ID="P49_ST00264" HPOS="1079" VPOS="1679" WIDTH="27" HEIGHT="20" CONTENT="se" WC="0.68" CC="60"/>
					</TextLine>
					<TextLine ID="P49_TL00029" HPOS="82" VPOS="1728" WIDTH="1024" HEIGHT="44">
						<String ID="P49_ST00265" HPOS="82" VPOS="1732" WIDTH="77" HEIGHT="30" CONTENT="babia" WC="0.73" CC="60070"/>
						<SP ID="P49_SP00237" HPOS="159" VPOS="1762" WIDTH="15"/>
						<String ID="P49_ST00266" HPOS="174" VPOS="1730" WIDTH="118" HEIGHT="31" CONTENT="formado" WC="0.61" CC="0150189"/>
						<SP ID="P49_SP00238" HPOS="292" VPOS="1762" WIDTH="13"/>
						<String ID="P49_ST00267" HPOS="305" VPOS="1741" WIDTH="31" HEIGHT="20" CONTENT="en" WC="1.00" CC="00"/>
						<SP ID="P49_SP00239" HPOS="336" VPOS="1762" WIDTH="15"/>
						<String ID="P49_ST00268" HPOS="351" VPOS="1731" WIDTH="38" HEIGHT="30" CONTENT="los" WC="0.52" CC="364"/>
						<SP ID="P49_SP00240" HPOS="389" VPOS="1762" WIDTH="12"/>
						<String ID="P49_ST00269" HPOS="401" VPOS="1731" WIDTH="73" HEIGHT="30" CONTENT="sitios" WC="0.61" CC="600556"/>
						<SP ID="P49_SP00241" HPOS="474" VPOS="1762" WIDTH="17"/>
						<String ID="P49_ST00270" HPOS="491" VPOS="1730" WIDTH="134" HEIGHT="42" CONTENT="ocupados" WC="0.69" CC="40550045"/>
						<SP ID="P49_SP00242" HPOS="625" VPOS="1772" WIDTH="17"/>
						<String ID="P49_ST00271" HPOS="642" VPOS="1743" WIDTH="6" HEIGHT="23" CONTENT=";" WC="1.00" CC="0"/>
						<SP ID="P49_SP00243" HPOS="648" VPOS="1772" WIDTH="19"/>
						<String ID="P49_ST00272" HPOS="667" VPOS="1728" WIDTH="176" HEIGHT="42" CONTENT="limpiábanse" WC="0.75" CC="00600015760"/>
						<SP ID="P49_SP00244" HPOS="843" VPOS="1772" WIDTH="14"/>
						<String ID="P49_ST00273" HPOS="857" VPOS="1728" WIDTH="37" HEIGHT="29" CONTENT="las" WC="0.54" CC="246"/>
						<SP ID="P49_SP00245" HPOS="894" VPOS="1772" WIDTH="15"/>
						<String ID="P49_ST00274" HPOS="909" VPOS="1736" WIDTH="103" HEIGHT="25" CONTENT="armas;" WC="0.70" CC="046060"/>
						<SP ID="P49_SP00246" HPOS="1012" VPOS="1772" WIDTH="26"/>
						<String ID="P49_ST00275" HPOS="1038" VPOS="1736" WIDTH="68" HEIGHT="20" CONTENT="reu" SUBS_TYPE="HypPart1" SUBS_CONTENT="reuníanse" WC="0.69" CC="4150"/>
						<HYP CONTENT="-"/>
					</TextLine>
					<TextLine ID="P49_TL00030" HPOS="84" VPOS="1783" WIDTH="1022" HEIGHT="45">
						<String ID="P49_ST00276" HPOS="84" VPOS="1790" WIDTH="90" HEIGHT="28" CONTENT="níanse" SUBS_TYPE="HypPart2" SUBS_CONTENT="reuníanse" WC="0.74" CC="733100"/>
						<SP ID="P49_SP00247" HPOS="174" VPOS="1818" WIDTH="22"/>
						<String ID="P49_ST00277" HPOS="196" VPOS="1789" WIDTH="38" HEIGHT="29" CONTENT="los" WC="0.73" CC="520"/>
						<SP ID="P49_SP00248" HPOS="234" VPOS="1818" WIDTH="27"/>
						<String ID="P49_ST00278" HPOS="261" VPOS="1798" WIDTH="108" HEIGHT="20" CONTENT="enceres" WC="0.94" CC="0000004"/>
						<SP ID="P49_SP00249" HPOS="369" VPOS="1818" WIDTH="26"/>
						<String ID="P49_ST00279" HPOS="395" VPOS="1787" WIDTH="164" HEIGHT="41" CONTENT="esparcidos," WC="0.81" CC="54030000402"/>
						<SP ID="P49_SP00250" HPOS="559" VPOS="1828" WIDTH="17"/>
						<String ID="P49_ST00280" HPOS="576" VPOS="1798" WIDTH="15" HEIGHT="30" CONTENT="y" WC="1.00" CC="0"/>
						<SP ID="P49_SP00251" HPOS="591" VPOS="1828" WIDTH="87"/>
						<String ID="P49_ST00281" HPOS="678" VPOS="1786" WIDTH="163" HEIGHT="30" CONTENT="redoblaban" WC="0.72" CC="5004030705"/>
						<SP ID="P49_SP00252" HPOS="841" VPOS="1828" WIDTH="15"/>
						<String ID="P49_ST00282" HPOS="856" VPOS="1785" WIDTH="22" HEIGHT="31" CONTENT="el" WC="0.53" CC="36"/>
						<SP ID="P49_SP00253" HPOS="878" VPOS="1828" WIDTH="19"/>
						<String ID="P49_ST00283" HPOS="897" VPOS="1784" WIDTH="80" HEIGHT="41" CONTENT="fuego" WC="0.78" CC="05004"/>
						<SP ID="P49_SP00254" HPOS="977" VPOS="1828" WIDTH="17"/>
						<String ID="P49_ST00284" HPOS="994" VPOS="1784" WIDTH="38" HEIGHT="30" CONTENT="las" WC="0.31" CC="459"/>
						<SP ID="P49_SP00255" HPOS="1032" VPOS="1828" WIDTH="19"/>
						<String ID="P49_ST00285" HPOS="1051" VPOS="1783" WIDTH="55" HEIGHT="29" CONTENT="ba" SUBS_TYPE="HypPart1" SUBS_CONTENT="baterías." WC="0.61" CC="640"/>
						<HYP CONTENT="-"/>
					</TextLine>
					<TextLine ID="P49_TL00031" HPOS="84" VPOS="1847" WIDTH="87" HEIGHT="28">
						<String ID="P49_ST00286" HPOS="84" VPOS="1847" WIDTH="87" HEIGHT="28" CONTENT="terías." SUBS_TYPE="HypPart2" SUBS_CONTENT="baterías." WC="0.66" CC="5740060"/>
					</TextLine>
				</TextBlock>
				<TextBlock ID="P49_TB00007" HPOS="950" VPOS="1899" WIDTH="10" HEIGHT="18" STYLEREFS="TXT_0 PAR_RIGHT">
					<TextLine ID="P49_TL00032" HPOS="951" VPOS="1899" WIDTH="9" HEIGHT="18">
						<String ID="P49_ST00287" HPOS="951" VPOS="1899" WIDTH="9" HEIGHT="18" CONTENT="6" WC="0.51" CC="4"/>
					</TextLine>
				</TextBlock>
			</PrintSpace>
		</Page>
	</Layout>
</alto>
