<?xml version="1.0" encoding="UTF-8"?>
<alto xmlns:xsi="http://www.w3.org/2001/XMLSchema-instance" xsi:noNamespaceSchemaLocation="http://www.bl.uk/schemas/alto/alto-1-4.xsd" xmlns:xlink="http://www.w3.org/1999/xlink">
	<Description>
		<MeasurementUnit>mm10</MeasurementUnit>
		<sourceImageInformation>
			<fileName>//head1/IN/2008-26/A0011736599/009105.jp2</fileName>
		</sourceImageInformation>
		<OCRProcessing ID="OCRPROCESSING_1">
			<preProcessingStep>
				<processingSoftware>
					<softwareCreator>CCS Content Conversion Specialists GmbH, Germany</softwareCreator>
					<softwareName>CCS docWORKS</softwareName>
					<softwareVersion>6.1-0.67</softwareVersion>
				</processingSoftware>
			</preProcessingStep>
			<ocrProcessingStep>
				<processingSoftware>
					<softwareCreator>ABBYY (BIT Software), Russia</softwareCreator>
					<softwareName>Finereader</softwareName>
				</processingSoftware>
			</ocrProcessingStep>
		</OCRProcessing>
	</Description>
	<Styles>
		<TextStyle ID="TXT_0" FONTSIZE="10" FONTFAMILY="Courier New"/>
		<TextStyle ID="TXT_1" FONTSIZE="9" FONTFAMILY="Courier New"/>
		<ParagraphStyle ID="PAR_CENTER" ALIGN="Center"/>
		<ParagraphStyle ID="PAR_LEFT" ALIGN="Left"/>
	</Styles>
	<Layout>
		<Page ID="P53" PHYSICAL_IMG_NR="53" HEIGHT="2180" WIDTH="1241" PRINTED_IMG_NR="45" POSITION="Right" ACCURACY="74.99">
			<TopMargin ID="P53_TM00001" HPOS="0" VPOS="0" WIDTH="1241" HEIGHT="149">
				<TextBlock ID="P53_TB00001" HPOS="519" VPOS="121" WIDTH="160" HEIGHT="27" STYLEREFS="TXT_0 PAR_CENTER">
					<TextLine ID="P53_TL00001" HPOS="519" VPOS="121" WIDTH="160" HEIGHT="27">
						<String ID="P53_ST00001" HPOS="519" VPOS="121" WIDTH="160" HEIGHT="27" CONTENT="45" WC="1.00" CC="00"/>
					</TextLine>
				</TextBlock>
			</TopMargin>
			<LeftMargin ID="P53_LM00001" HPOS="0" VPOS="149" WIDTH="84" HEIGHT="1773"/>
			<RightMargin ID="P53_RM00001" HPOS="1120" VPOS="149" WIDTH="121" HEIGHT="1773"/>
			<BottomMargin ID="P53_BM00001" HPOS="0" VPOS="1922" WIDTH="1241" HEIGHT="258"/>
			<PrintSpace ID="P53_PS00001" HPOS="84" VPOS="149" WIDTH="1037" HEIGHT="1773">
				<TextBlock ID="P53_TB00002" HPOS="84" VPOS="182" WIDTH="1025" HEIGHT="199" STYLEREFS="TXT_1 PAR_LEFT">
					<TextLine ID="P53_TL00002" HPOS="85" VPOS="182" WIDTH="1024" HEIGHT="43">
						<String ID="P53_ST00002" HPOS="85" VPOS="191" WIDTH="44" HEIGHT="21" CONTENT="era" WC="0.58" CC="920"/>
						<SP ID="P53_SP00001" HPOS="129" VPOS="212" WIDTH="14"/>
						<String ID="P53_ST00003" HPOS="143" VPOS="187" WIDTH="70" HEIGHT="25" CONTENT="tanta" WC="0.56" CC="70850"/>
						<SP ID="P53_SP00002" HPOS="213" VPOS="212" WIDTH="12"/>
						<String ID="P53_ST00004" HPOS="225" VPOS="182" WIDTH="25" HEIGHT="30" CONTENT="la" WC="0.84" CC="03"/>
						<SP ID="P53_SP00003" HPOS="250" VPOS="212" WIDTH="13"/>
						<String ID="P53_ST00005" HPOS="263" VPOS="183" WIDTH="76" HEIGHT="39" CONTENT="copia" WC="0.99" CC="00000"/>
						<SP ID="P53_SP00004" HPOS="339" VPOS="222" WIDTH="17"/>
						<String ID="P53_ST00006" HPOS="356" VPOS="193" WIDTH="52" HEIGHT="29" CONTENT="que" WC="0.79" CC="060"/>
						<SP ID="P53_SP00005" HPOS="408" VPOS="222" WIDTH="14"/>
						<String ID="P53_ST00007" HPOS="422" VPOS="193" WIDTH="27" HEIGHT="19" CONTENT="se" WC="0.27" CC="94"/>
						<SP ID="P53_SP00006" HPOS="449" VPOS="222" WIDTH="13"/>
						<String ID="P53_ST00008" HPOS="462" VPOS="182" WIDTH="24" HEIGHT="30" CONTENT="le" WC="0.66" CC="06"/>
						<SP ID="P53_SP00007" HPOS="486" VPOS="222" WIDTH="15"/>
						<String ID="P53_ST00009" HPOS="501" VPOS="182" WIDTH="159" HEIGHT="30" CONTENT="acumulaba" WC="0.59" CC="168071270"/>
						<SP ID="P53_SP00008" HPOS="660" VPOS="222" WIDTH="17"/>
						<String ID="P53_ST00010" HPOS="677" VPOS="182" WIDTH="33" HEIGHT="30" CONTENT="de" WC="0.84" CC="03"/>
						<SP ID="P53_SP00009" HPOS="710" VPOS="222" WIDTH="16"/>
						<String ID="P53_ST00011" HPOS="726" VPOS="182" WIDTH="172" HEIGHT="32" CONTENT="documentos" WC="0.75" CC="0600026044"/>
						<SP ID="P53_SP00010" HPOS="898" VPOS="222" WIDTH="17"/>
						<String ID="P53_ST00012" HPOS="915" VPOS="185" WIDTH="13" HEIGHT="29" CONTENT="á" WC="1.00" CC="0"/>
						<SP ID="P53_SP00011" HPOS="928" VPOS="222" WIDTH="14"/>
						<String ID="P53_ST00013" HPOS="942" VPOS="186" WIDTH="100" HEIGHT="34" CONTENT="firmar," WC="0.79" CC="0090400"/>
						<SP ID="P53_SP00012" HPOS="1042" VPOS="222" WIDTH="16"/>
						<String ID="P53_ST00014" HPOS="1058" VPOS="195" WIDTH="51" HEIGHT="30" CONTENT="que" WC="0.70" CC="053"/>
					</TextLine>
					<TextLine ID="P53_TL00003" HPOS="87" VPOS="238" WIDTH="1022" HEIGHT="44">
						<String ID="P53_ST00015" HPOS="87" VPOS="249" WIDTH="61" HEIGHT="20" CONTENT="creo" WC="0.84" CC="0006"/>
						<SP ID="P53_SP00013" HPOS="148" VPOS="269" WIDTH="15"/>
						<String ID="P53_ST00016" HPOS="163" VPOS="249" WIDTH="28" HEIGHT="19" CONTENT="se" WC="0.70" CC="50"/>
						<SP ID="P53_SP00014" HPOS="191" VPOS="269" WIDTH="11"/>
						<String ID="P53_ST00017" HPOS="202" VPOS="238" WIDTH="80" HEIGHT="30" CONTENT="debió" WC="0.74" CC="00705"/>
						<SP ID="P53_SP00015" HPOS="282" VPOS="269" WIDTH="16"/>
						<String ID="P53_ST00018" HPOS="298" VPOS="249" WIDTH="47" HEIGHT="19" CONTENT="ver" WC="0.45" CC="726"/>
						<SP ID="P53_SP00016" HPOS="345" VPOS="269" WIDTH="17"/>
						<String ID="P53_ST00019" HPOS="362" VPOS="238" WIDTH="126" HEIGHT="40" CONTENT="obligado" WC="0.72" CC="67100105"/>
						<SP ID="P53_SP00017" HPOS="488" VPOS="278" WIDTH="20"/>
						<String ID="P53_ST00020" HPOS="508" VPOS="239" WIDTH="23" HEIGHT="29" CONTENT="el" WC="0.72" CC="50"/>
						<SP ID="P53_SP00018" HPOS="531" VPOS="278" WIDTH="22"/>
						<String ID="P53_ST00021" HPOS="553" VPOS="238" WIDTH="163" HEIGHT="35" CONTENT="intendente," WC="0.76" CC="16007020034"/>
						<SP ID="P53_SP00019" HPOS="716" VPOS="278" WIDTH="26"/>
						<String ID="P53_ST00022" HPOS="742" VPOS="249" WIDTH="62" HEIGHT="31" CONTENT="para" WC="0.55" CC="0394"/>
						<SP ID="P53_SP00020" HPOS="804" VPOS="280" WIDTH="14"/>
						<String ID="P53_ST00023" HPOS="818" VPOS="241" WIDTH="93" HEIGHT="30" CONTENT="acudir" WC="0.83" CC="603000"/>
						<SP ID="P53_SP00021" HPOS="911" VPOS="280" WIDTH="15"/>
						<String ID="P53_ST00024" HPOS="926" VPOS="242" WIDTH="14" HEIGHT="29" CONTENT="á" WC="1.00" CC="0"/>
						<SP ID="P53_SP00022" HPOS="940" VPOS="280" WIDTH="18"/>
						<String ID="P53_ST00025" HPOS="958" VPOS="240" WIDTH="72" HEIGHT="31" CONTENT="todas" WC="0.88" CC="00005"/>
						<SP ID="P53_SP00023" HPOS="1030" VPOS="280" WIDTH="17"/>
						<String ID="P53_ST00026" HPOS="1047" VPOS="250" WIDTH="62" HEIGHT="32" CONTENT="par" SUBS_TYPE="HypPart1" SUBS_CONTENT="partes," WC="0.90" CC="0004"/>
						<HYP CONTENT="-"/>
					</TextLine>
					<TextLine ID="P53_TL00004" HPOS="87" VPOS="294" WIDTH="1022" HEIGHT="43">
						<String ID="P53_ST00027" HPOS="87" VPOS="301" WIDTH="49" HEIGHT="28" CONTENT="tes," SUBS_TYPE="HypPart2" SUBS_CONTENT="partes," WC="0.53" CC="6065"/>
						<SP ID="P53_SP00024" HPOS="136" VPOS="329" WIDTH="19"/>
						<String ID="P53_ST00028" HPOS="155" VPOS="296" WIDTH="13" HEIGHT="30" CONTENT="á" WC="1.00" CC="0"/>
						<SP ID="P53_SP00025" HPOS="168" VPOS="329" WIDTH="26"/>
						<String ID="P53_ST00029" HPOS="194" VPOS="294" WIDTH="110" HEIGHT="42" CONTENT="adoptar" WC="0.79" CC="6050020"/>
						<SP ID="P53_SP00026" HPOS="304" VPOS="336" WIDTH="17"/>
						<String ID="P53_ST00030" HPOS="321" VPOS="304" WIDTH="63" HEIGHT="32" CONTENT="para" WC="0.84" CC="0302"/>
						<SP ID="P53_SP00027" HPOS="384" VPOS="336" WIDTH="22"/>
						<String ID="P53_ST00031" HPOS="406" VPOS="297" WIDTH="74" HEIGHT="28" CONTENT="firma" WC="0.67" CC="22074"/>
						<SP ID="P53_SP00028" HPOS="480" VPOS="336" WIDTH="20"/>
						<String ID="P53_ST00032" HPOS="500" VPOS="305" WIDTH="33" HEIGHT="20" CONTENT="un" WC="0.93" CC="01"/>
						<SP ID="P53_SP00029" HPOS="533" VPOS="336" WIDTH="23"/>
						<String ID="P53_ST00033" HPOS="556" VPOS="294" WIDTH="111" HEIGHT="32" CONTENT="sencillo" WC="0.71" CC="06870000"/>
						<SP ID="P53_SP00030" HPOS="667" VPOS="336" WIDTH="26"/>
						<String ID="P53_ST00034" HPOS="693" VPOS="295" WIDTH="126" HEIGHT="41" CONTENT="garabato" WC="0.71" CC="90010234"/>
						<SP ID="P53_SP00031" HPOS="819" VPOS="336" WIDTH="21"/>
						<String ID="P53_ST00035" HPOS="840" VPOS="307" WIDTH="52" HEIGHT="30" CONTENT="que" WC="0.50" CC="086"/>
						<SP ID="P53_SP00032" HPOS="892" VPOS="337" WIDTH="17"/>
						<String ID="P53_ST00036" HPOS="909" VPOS="297" WIDTH="73" HEIGHT="30" CONTENT="hacia" WC="0.62" CC="70505"/>
						<SP ID="P53_SP00033" HPOS="982" VPOS="337" WIDTH="17"/>
						<String ID="P53_ST00037" HPOS="999" VPOS="299" WIDTH="39" HEIGHT="28" CONTENT="sin" WC="0.92" CC="101"/>
						<SP ID="P53_SP00034" HPOS="1038" VPOS="337" WIDTH="20"/>
						<String ID="P53_ST00038" HPOS="1058" VPOS="299" WIDTH="51" HEIGHT="28" CONTENT="rú" SUBS_TYPE="HypPart1" SUBS_CONTENT="rúbrica." WC="0.56" CC="930"/>
						<HYP CONTENT="-"/>
					</TextLine>
					<TextLine ID="P53_TL00005" HPOS="87" VPOS="352" WIDTH="83" HEIGHT="29">
						<String ID="P53_ST00039" HPOS="87" VPOS="352" WIDTH="83" HEIGHT="29" CONTENT="brica." SUBS_TYPE="HypPart2" SUBS_CONTENT="rúbrica." WC="0.61" CC="750243"/>
					</TextLine>
				</TextBlock>
				<TextBlock ID="P53_TB00003" HPOS="87" VPOS="407" WIDTH="1025" HEIGHT="371" STYLEREFS="TXT_1 PAR_LEFT">
					<TextLine ID="P53_TL00006" HPOS="129" VPOS="407" WIDTH="981" HEIGHT="41">
						<String ID="P53_ST00040" HPOS="129" VPOS="407" WIDTH="114" HEIGHT="30" CONTENT="Añadiré" WC="0.65" CC="0940090"/>
						<SP ID="P53_SP00035" HPOS="243" VPOS="437" WIDTH="18"/>
						<String ID="P53_ST00041" HPOS="261" VPOS="413" WIDTH="101" HEIGHT="24" CONTENT="locante" WC="0.47" CC="5655760"/>
						<SP ID="P53_SP00036" HPOS="362" VPOS="437" WIDTH="15"/>
						<String ID="P53_ST00042" HPOS="377" VPOS="407" WIDTH="23" HEIGHT="30" CONTENT="al" WC="0.92" CC="10"/>
						<SP ID="P53_SP00037" HPOS="400" VPOS="437" WIDTH="17"/>
						<String ID="P53_ST00043" HPOS="417" VPOS="413" WIDTH="94" HEIGHT="35" CONTENT="puerto" WC="0.77" CC="000660"/>
						<SP ID="P53_SP00038" HPOS="511" VPOS="448" WIDTH="28"/>
						<String ID="P53_ST00044" HPOS="539" VPOS="407" WIDTH="32" HEIGHT="30" CONTENT="de" WC="1.00" CC="00"/>
						<SP ID="P53_SP00039" HPOS="571" VPOS="448" WIDTH="17"/>
						<String ID="P53_ST00045" HPOS="588" VPOS="407" WIDTH="141" HEIGHT="30" CONTENT="Kamiesch" WC="0.58" CC="37000967"/>
						<SP ID="P53_SP00040" HPOS="729" VPOS="448" WIDTH="23"/>
						<String ID="P53_ST00046" HPOS="752" VPOS="418" WIDTH="63" HEIGHT="30" CONTENT="que," WC="0.81" CC="0033"/>
						<SP ID="P53_SP00041" HPOS="815" VPOS="448" WIDTH="30"/>
						<String ID="P53_ST00047" HPOS="845" VPOS="408" WIDTH="123" HEIGHT="30" CONTENT="leniendo" WC="0.85" CC="00400402"/>
						<SP ID="P53_SP00042" HPOS="968" VPOS="448" WIDTH="24"/>
						<String ID="P53_ST00048" HPOS="992" VPOS="420" WIDTH="29" HEIGHT="18" CONTENT="su" WC="0.13" CC="97"/>
						<SP ID="P53_SP00043" HPOS="1021" VPOS="448" WIDTH="25"/>
						<String ID="P53_ST00049" HPOS="1046" VPOS="409" WIDTH="64" HEIGHT="30" CONTENT="boca" WC="0.58" CC="7405"/>
					</TextLine>
					<TextLine ID="P53_TL00007" HPOS="88" VPOS="464" WIDTH="1024" HEIGHT="41">
						<String ID="P53_ST00050" HPOS="88" VPOS="470" WIDTH="121" HEIGHT="35" CONTENT="espuesta" WC="0.54" CC="25035566"/>
						<SP ID="P53_SP00044" HPOS="209" VPOS="505" WIDTH="18"/>
						<String ID="P53_ST00051" HPOS="227" VPOS="464" WIDTH="24" HEIGHT="30" CONTENT="al" WC="0.76" CC="40"/>
						<SP ID="P53_SP00045" HPOS="251" VPOS="505" WIDTH="15"/>
						<String ID="P53_ST00052" HPOS="266" VPOS="464" WIDTH="87" HEIGHT="30" CONTENT="viento" WC="0.76" CC="002505"/>
						<SP ID="P53_SP00046" HPOS="353" VPOS="505" WIDTH="10"/>
						<String ID="P53_ST00053" HPOS="363" VPOS="466" WIDTH="89" HEIGHT="34" CONTENT="Norte," WC="0.71" CC="040650"/>
						<SP ID="P53_SP00047" HPOS="452" VPOS="505" WIDTH="13"/>
						<String ID="P53_ST00054" HPOS="465" VPOS="475" WIDTH="28" HEIGHT="19" CONTENT="se" WC="0.72" CC="50"/>
						<SP ID="P53_SP00048" HPOS="493" VPOS="505" WIDTH="17"/>
						<String ID="P53_ST00055" HPOS="510" VPOS="464" WIDTH="74" HEIGHT="31" CONTENT="hacia" WC="0.83" CC="70000"/>
						<SP ID="P53_SP00049" HPOS="584" VPOS="505" WIDTH="16"/>
						<String ID="P53_ST00056" HPOS="600" VPOS="464" WIDTH="107" HEIGHT="30" CONTENT="temible" WC="0.57" CC="6460650"/>
						<SP ID="P53_SP00050" HPOS="707" VPOS="505" WIDTH="16"/>
						<String ID="P53_ST00057" HPOS="723" VPOS="464" WIDTH="33" HEIGHT="30" CONTENT="de" WC="0.16" CC="96"/>
						<SP ID="P53_SP00051" HPOS="756" VPOS="505" WIDTH="16"/>
						<String ID="P53_ST00058" HPOS="772" VPOS="464" WIDTH="120" HEIGHT="30" CONTENT="invierno" WC="0.83" CC="21000062"/>
						<SP ID="P53_SP00052" HPOS="892" VPOS="505" WIDTH="14"/>
						<String ID="P53_ST00059" HPOS="906" VPOS="477" WIDTH="6" HEIGHT="24" CONTENT=";" WC="1.00" CC="0"/>
						<SP ID="P53_SP00053" HPOS="912" VPOS="505" WIDTH="27"/>
						<String ID="P53_ST00060" HPOS="939" VPOS="475" WIDTH="56" HEIGHT="19" CONTENT="mas" WC="0.53" CC="723"/>
						<SP ID="P53_SP00054" HPOS="995" VPOS="505" WIDTH="23"/>
						<String ID="P53_ST00061" HPOS="1018" VPOS="475" WIDTH="28" HEIGHT="20" CONTENT="se" WC="1.00" CC="00"/>
						<SP ID="P53_SP00055" HPOS="1046" VPOS="505" WIDTH="15"/>
						<String ID="P53_ST00062" HPOS="1061" VPOS="475" WIDTH="51" HEIGHT="20" CONTENT="re" SUBS_TYPE="HypPart1" SUBS_CONTENT="remedió" WC="0.58" CC="902"/>
						<HYP CONTENT="-"/>
					</TextLine>
					<TextLine ID="P53_TL00008" HPOS="87" VPOS="521" WIDTH="1025" HEIGHT="42">
						<String ID="P53_ST00063" HPOS="87" VPOS="522" WIDTH="88" HEIGHT="31" CONTENT="medió" SUBS_TYPE="HypPart2" SUBS_CONTENT="remedió" WC="0.85" CC="00033"/>
						<SP ID="P53_SP00056" HPOS="175" VPOS="553" WIDTH="16"/>
						<String ID="P53_ST00064" HPOS="191" VPOS="527" WIDTH="55" HEIGHT="26" CONTENT="esta" WC="0.71" CC="0505"/>
						<SP ID="P53_SP00057" HPOS="246" VPOS="553" WIDTH="14"/>
						<String ID="P53_ST00065" HPOS="260" VPOS="522" WIDTH="186" HEIGHT="41" CONTENT="imperfección" WC="0.70" CC="050406601018"/>
						<SP ID="P53_SP00058" HPOS="446" VPOS="563" WIDTH="16"/>
						<String ID="P53_ST00066" HPOS="462" VPOS="521" WIDTH="32" HEIGHT="31" CONTENT="de" WC="0.50" CC="09"/>
						<SP ID="P53_SP00059" HPOS="494" VPOS="563" WIDTH="29"/>
						<String ID="P53_ST00067" HPOS="523" VPOS="522" WIDTH="23" HEIGHT="30" CONTENT="la" WC="1.00" CC="00"/>
						<SP ID="P53_SP00060" HPOS="546" VPOS="563" WIDTH="21"/>
						<String ID="P53_ST00068" HPOS="567" VPOS="522" WIDTH="149" HEIGHT="30" CONTENT="naturaleza" WC="0.57" CC="5608064155"/>
						<SP ID="P53_SP00061" HPOS="716" VPOS="563" WIDTH="17"/>
						<String ID="P53_ST00069" HPOS="733" VPOS="531" WIDTH="49" HEIGHT="21" CONTENT="con" WC="0.68" CC="053"/>
						<SP ID="P53_SP00062" HPOS="782" VPOS="563" WIDTH="15"/>
						<String ID="P53_ST00070" HPOS="797" VPOS="532" WIDTH="34" HEIGHT="20" CONTENT="un" WC="0.92" CC="01"/>
						<SP ID="P53_SP00063" HPOS="831" VPOS="563" WIDTH="11"/>
						<String ID="P53_ST00071" HPOS="842" VPOS="521" WIDTH="201" HEIGHT="41" CONTENT="rompe-olas," WC="0.84" CC="50630100000"/>
						<SP ID="P53_SP00064" HPOS="1043" VPOS="563" WIDTH="19"/>
						<String ID="P53_ST00072" HPOS="1062" VPOS="531" WIDTH="50" HEIGHT="31" CONTENT="que" WC="0.71" CC="062"/>
					</TextLine>
					<TextLine ID="P53_TL00009" HPOS="90" VPOS="577" WIDTH="1017" HEIGHT="42">
						<String ID="P53_ST00073" HPOS="90" VPOS="589" WIDTH="28" HEIGHT="20" CONTENT="se" WC="0.66" CC="60"/>
						<SP ID="P53_SP00065" HPOS="118" VPOS="609" WIDTH="12"/>
						<String ID="P53_ST00074" HPOS="130" VPOS="579" WIDTH="58" HEIGHT="29" CONTENT="hizo" WC="0.60" CC="7071"/>
						<SP ID="P53_SP00066" HPOS="188" VPOS="609" WIDTH="15"/>
						<String ID="P53_ST00075" HPOS="203" VPOS="589" WIDTH="48" HEIGHT="19" CONTENT="con" WC="0.58" CC="066"/>
						<SP ID="P53_SP00067" HPOS="251" VPOS="609" WIDTH="18"/>
						<String ID="P53_ST00076" HPOS="269" VPOS="578" WIDTH="72" HEIGHT="30" CONTENT="todas" WC="0.65" CC="05056"/>
						<SP ID="P53_SP00068" HPOS="341" VPOS="609" WIDTH="18"/>
						<String ID="P53_ST00077" HPOS="359" VPOS="579" WIDTH="37" HEIGHT="29" CONTENT="las" WC="0.76" CC="007"/>
						<SP ID="P53_SP00069" HPOS="396" VPOS="609" WIDTH="17"/>
						<String ID="P53_ST00078" HPOS="413" VPOS="579" WIDTH="88" HEIGHT="40" CONTENT="piezas" WC="0.66" CC="004635"/>
						<SP ID="P53_SP00070" HPOS="501" VPOS="619" WIDTH="16"/>
						<String ID="P53_ST00079" HPOS="517" VPOS="578" WIDTH="33" HEIGHT="30" CONTENT="de" WC="0.83" CC="03"/>
						<SP ID="P53_SP00071" HPOS="550" VPOS="619" WIDTH="16"/>
						<String ID="P53_ST00080" HPOS="566" VPOS="577" WIDTH="159" HEIGHT="31" CONTENT="arboladura" WC="0.82" CC="0073000700"/>
						<SP ID="P53_SP00072" HPOS="725" VPOS="619" WIDTH="16"/>
						<String ID="P53_ST00081" HPOS="741" VPOS="578" WIDTH="33" HEIGHT="30" CONTENT="de" WC="0.46" CC="46"/>
						<SP ID="P53_SP00073" HPOS="774" VPOS="619" WIDTH="18"/>
						<String ID="P53_ST00082" HPOS="792" VPOS="578" WIDTH="37" HEIGHT="30" CONTENT="los" WC="0.88" CC="300"/>
						<SP ID="P53_SP00074" HPOS="829" VPOS="619" WIDTH="13"/>
						<String ID="P53_ST00083" HPOS="842" VPOS="578" WIDTH="105" HEIGHT="41" CONTENT="buques" WC="0.58" CC="640076"/>
						<SP ID="P53_SP00075" HPOS="947" VPOS="619" WIDTH="14"/>
						<String ID="P53_ST00084" HPOS="961" VPOS="578" WIDTH="146" HEIGHT="40" CONTENT="naufraga" SUBS_TYPE="HypPart1" SUBS_CONTENT="naufragados." WC="0.65" CC="640504054"/>
						<HYP CONTENT="-"/>
					</TextLine>
					<TextLine ID="P53_TL00010" HPOS="90" VPOS="634" WIDTH="1022" HEIGHT="41">
						<String ID="P53_ST00085" HPOS="90" VPOS="635" WIDTH="57" HEIGHT="30" CONTENT="dos." SUBS_TYPE="HypPart2" SUBS_CONTENT="naufragados." WC="0.71" CC="0460"/>
						<SP ID="P53_SP00076" HPOS="147" VPOS="665" WIDTH="16"/>
						<String ID="P53_ST00086" HPOS="163" VPOS="635" WIDTH="138" HEIGHT="35" CONTENT="Formaba," WC="0.73" CC="63070030"/>
						<SP ID="P53_SP00077" HPOS="301" VPOS="670" WIDTH="13"/>
						<String ID="P53_ST00087" HPOS="314" VPOS="646" WIDTH="31" HEIGHT="18" CONTENT="en" WC="0.46" CC="45"/>
						<SP ID="P53_SP00078" HPOS="345" VPOS="670" WIDTH="14"/>
						<String ID="P53_ST00088" HPOS="359" VPOS="635" WIDTH="58" HEIGHT="29" CONTENT="toda" WC="0.73" CC="4600"/>
						<SP ID="P53_SP00079" HPOS="417" VPOS="670" WIDTH="17"/>
						<String ID="P53_ST00089" HPOS="434" VPOS="635" WIDTH="24" HEIGHT="29" CONTENT="la" WC="0.89" CC="02"/>
						<SP ID="P53_SP00080" HPOS="458" VPOS="670" WIDTH="12"/>
						<String ID="P53_ST00090" HPOS="470" VPOS="635" WIDTH="134" HEIGHT="30" CONTENT="estension" WC="0.52" CC="468070167"/>
						<SP ID="P53_SP00081" HPOS="604" VPOS="670" WIDTH="11"/>
						<String ID="P53_ST00091" HPOS="615" VPOS="634" WIDTH="42" HEIGHT="30" CONTENT="del" WC="0.91" CC="020"/>
						<SP ID="P53_SP00082" HPOS="657" VPOS="670" WIDTH="14"/>
						<String ID="P53_ST00092" HPOS="671" VPOS="635" WIDTH="84" HEIGHT="29" CONTENT="ancho" WC="0.67" CC="23063"/>
						<SP ID="P53_SP00083" HPOS="755" VPOS="670" WIDTH="12"/>
						<String ID="P53_ST00093" HPOS="767" VPOS="634" WIDTH="42" HEIGHT="30" CONTENT="del" WC="1.00" CC="000"/>
						<SP ID="P53_SP00084" HPOS="809" VPOS="670" WIDTH="15"/>
						<String ID="P53_ST00094" HPOS="824" VPOS="641" WIDTH="102" HEIGHT="34" CONTENT="puerto," WC="0.71" CC="0600760"/>
						<SP ID="P53_SP00085" HPOS="926" VPOS="675" WIDTH="18"/>
						<String ID="P53_ST00095" HPOS="944" VPOS="645" WIDTH="49" HEIGHT="19" CONTENT="una" WC="0.62" CC="065"/>
						<SP ID="P53_SP00086" HPOS="993" VPOS="675" WIDTH="12"/>
						<String ID="P53_ST00096" HPOS="1005" VPOS="635" WIDTH="107" HEIGHT="40" CONTENT="especie" WC="0.63" CC="4505035"/>
					</TextLine>
					<TextLine ID="P53_TL00011" HPOS="90" VPOS="691" WIDTH="1020" HEIGHT="41">
						<String ID="P53_ST00097" HPOS="90" VPOS="691" WIDTH="32" HEIGHT="30" CONTENT="de" WC="1.00" CC="00"/>
						<SP ID="P53_SP00087" HPOS="122" VPOS="721" WIDTH="15"/>
						<String ID="P53_ST00098" HPOS="137" VPOS="691" WIDTH="75" HEIGHT="31" CONTENT="balsa" WC="0.49" CC="76244"/>
						<SP ID="P53_SP00088" HPOS="212" VPOS="722" WIDTH="26"/>
						<String ID="P53_ST00099" HPOS="238" VPOS="691" WIDTH="142" HEIGHT="36" CONTENT="fondeada," WC="0.80" CC="650000060"/>
						<SP ID="P53_SP00089" HPOS="380" VPOS="727" WIDTH="19"/>
						<String ID="P53_ST00100" HPOS="399" VPOS="691" WIDTH="113" HEIGHT="41" CONTENT="dejando" WC="0.81" CC="0004404"/>
						<SP ID="P53_SP00090" HPOS="512" VPOS="732" WIDTH="17"/>
						<String ID="P53_ST00101" HPOS="529" VPOS="692" WIDTH="144" HEIGHT="30" CONTENT="solamente" WC="0.60" CC="654450350"/>
						<SP ID="P53_SP00091" HPOS="673" VPOS="732" WIDTH="17"/>
						<String ID="P53_ST00102" HPOS="690" VPOS="702" WIDTH="31" HEIGHT="19" CONTENT="en" WC="0.97" CC="00"/>
						<SP ID="P53_SP00092" HPOS="721" VPOS="732" WIDTH="27"/>
						<String ID="P53_ST00103" HPOS="748" VPOS="691" WIDTH="23" HEIGHT="31" CONTENT="el" WC="0.67" CC="06"/>
						<SP ID="P53_SP00093" HPOS="771" VPOS="732" WIDTH="19"/>
						<String ID="P53_ST00104" HPOS="790" VPOS="691" WIDTH="87" HEIGHT="30" CONTENT="medio" WC="0.70" CC="91003"/>
						<SP ID="P53_SP00094" HPOS="877" VPOS="732" WIDTH="21"/>
						<String ID="P53_ST00105" HPOS="898" VPOS="702" WIDTH="33" HEIGHT="20" CONTENT="un" WC="0.94" CC="01"/>
						<SP ID="P53_SP00095" HPOS="931" VPOS="732" WIDTH="18"/>
						<String ID="P53_ST00106" HPOS="949" VPOS="702" WIDTH="64" HEIGHT="30" CONTENT="paso" WC="0.55" CC="0295"/>
						<SP ID="P53_SP00096" HPOS="1013" VPOS="732" WIDTH="12"/>
						<String ID="P53_ST00107" HPOS="1025" VPOS="691" WIDTH="33" HEIGHT="30" CONTENT="de" WC="0.67" CC="06"/>
						<SP ID="P53_SP00097" HPOS="1058" VPOS="732" WIDTH="16"/>
						<String ID="P53_ST00108" HPOS="1074" VPOS="693" WIDTH="36" HEIGHT="29" CONTENT="20" WC="0.17" CC="96"/>
					</TextLine>
					<TextLine ID="P53_TL00012" HPOS="91" VPOS="754" WIDTH="108" HEIGHT="24">
						<String ID="P53_ST00109" HPOS="91" VPOS="754" WIDTH="108" HEIGHT="24" CONTENT="metros." WC="0.77" CC="4060300"/>
					</TextLine>
				</TextBlock>
				<TextBlock ID="P53_TB00004" HPOS="92" VPOS="805" WIDTH="1023" HEIGHT="370" STYLEREFS="TXT_1 PAR_LEFT">
					<TextLine ID="P53_TL00013" HPOS="139" VPOS="805" WIDTH="976" HEIGHT="41">
						<String ID="P53_ST00110" HPOS="139" VPOS="806" WIDTH="140" HEIGHT="30" CONTENT="Concluiré" WC="0.65" CC="037506008"/>
						<SP ID="P53_SP00098" HPOS="279" VPOS="836" WIDTH="12"/>
						<String ID="P53_ST00111" HPOS="291" VPOS="805" WIDTH="123" HEIGHT="31" CONTENT="diciendo" WC="0.69" CC="00007790"/>
						<SP ID="P53_SP00099" HPOS="414" VPOS="836" WIDTH="15"/>
						<String ID="P53_ST00112" HPOS="429" VPOS="816" WIDTH="49" HEIGHT="30" CONTENT="por" WC="1.00" CC="000"/>
						<SP ID="P53_SP00100" HPOS="478" VPOS="846" WIDTH="15"/>
						<String ID="P53_ST00113" HPOS="493" VPOS="805" WIDTH="79" HEIGHT="31" CONTENT="ahora" WC="0.50" CC="56352"/>
						<SP ID="P53_SP00101" HPOS="572" VPOS="846" WIDTH="16"/>
						<String ID="P53_ST00114" HPOS="588" VPOS="805" WIDTH="43" HEIGHT="31" CONTENT="del" WC="0.72" CC="044"/>
						<SP ID="P53_SP00102" HPOS="631" VPOS="846" WIDTH="13"/>
						<String ID="P53_ST00115" HPOS="644" VPOS="811" WIDTH="105" HEIGHT="34" CONTENT="puerto," WC="0.65" CC="0540860"/>
						<SP ID="P53_SP00103" HPOS="749" VPOS="846" WIDTH="14"/>
						<String ID="P53_ST00116" HPOS="763" VPOS="815" WIDTH="63" HEIGHT="30" CONTENT="que," WC="1.00" CC="0000"/>
						<SP ID="P53_SP00104" HPOS="826" VPOS="846" WIDTH="19"/>
						<String ID="P53_ST00117" HPOS="845" VPOS="805" WIDTH="24" HEIGHT="30" CONTENT="al" WC="0.88" CC="20"/>
						<SP ID="P53_SP00105" HPOS="869" VPOS="846" WIDTH="12"/>
						<String ID="P53_ST00118" HPOS="881" VPOS="815" WIDTH="47" HEIGHT="20" CONTENT="ver" WC="0.82" CC="005"/>
						<SP ID="P53_SP00106" HPOS="928" VPOS="846" WIDTH="25"/>
						<String ID="P53_ST00119" HPOS="953" VPOS="810" WIDTH="84" HEIGHT="25" CONTENT="tantos" WC="0.63" CC="307550"/>
						<SP ID="P53_SP00107" HPOS="1037" VPOS="846" WIDTH="20"/>
						<String ID="P53_ST00120" HPOS="1057" VPOS="805" WIDTH="58" HEIGHT="29" CONTENT="bu" SUBS_TYPE="HypPart1" SUBS_CONTENT="buque" WC="0.63" CC="702"/>
						<HYP CONTENT="-"/>
					</TextLine>
					<TextLine ID="P53_TL00014" HPOS="97" VPOS="861" WIDTH="1018" HEIGHT="42">
						<String ID="P53_ST00121" HPOS="97" VPOS="873" WIDTH="52" HEIGHT="30" CONTENT="que" SUBS_TYPE="HypPart2" SUBS_CONTENT="buque" WC="0.99" CC="000"/>
						<SP ID="P53_SP00108" HPOS="149" VPOS="903" WIDTH="20"/>
						<String ID="P53_ST00122" HPOS="169" VPOS="862" WIDTH="140" HEIGHT="40" CONTENT="apiñados," WC="0.61" CC="500545670"/>
						<SP ID="P53_SP00109" HPOS="309" VPOS="903" WIDTH="25"/>
						<String ID="P53_ST00123" HPOS="334" VPOS="867" WIDTH="68" HEIGHT="25" CONTENT="lanía" WC="0.78" CC="01702"/>
						<SP ID="P53_SP00110" HPOS="402" VPOS="903" WIDTH="25"/>
						<String ID="P53_ST00124" HPOS="427" VPOS="862" WIDTH="183" HEIGHT="30" CONTENT="embarcación" WC="0.78" CC="00040460035"/>
						<SP ID="P53_SP00111" HPOS="610" VPOS="903" WIDTH="22"/>
						<String ID="P53_ST00125" HPOS="632" VPOS="861" WIDTH="118" HEIGHT="41" CONTENT="ocupada" WC="0.81" CC="0230600"/>
						<SP ID="P53_SP00112" HPOS="750" VPOS="903" WIDTH="16"/>
						<String ID="P53_ST00126" HPOS="766" VPOS="872" WIDTH="32" HEIGHT="19" CONTENT="en" WC="0.67" CC="06"/>
						<SP ID="P53_SP00113" HPOS="798" VPOS="903" WIDTH="28"/>
						<String ID="P53_ST00127" HPOS="826" VPOS="861" WIDTH="195" HEIGHT="41" CONTENT="descargarlos," WC="0.75" CC="0200450540450"/>
						<SP ID="P53_SP00114" HPOS="1021" VPOS="903" WIDTH="26"/>
						<String ID="P53_ST00128" HPOS="1047" VPOS="867" WIDTH="68" HEIGHT="24" CONTENT="lanta" WC="0.70" CC="06160"/>
					</TextLine>
					<TextLine ID="P53_TL00015" HPOS="96" VPOS="917" WIDTH="1019" HEIGHT="41">
						<String ID="P53_ST00129" HPOS="96" VPOS="919" WIDTH="127" HEIGHT="31" CONTENT="variedad" WC="0.84" CC="00000920"/>
						<SP ID="P53_SP00115" HPOS="223" VPOS="950" WIDTH="16"/>
						<String ID="P53_ST00130" HPOS="239" VPOS="918" WIDTH="32" HEIGHT="31" CONTENT="de" WC="1.00" CC="00"/>
						<SP ID="P53_SP00116" HPOS="271" VPOS="950" WIDTH="13"/>
						<String ID="P53_ST00131" HPOS="284" VPOS="918" WIDTH="97" HEIGHT="30" CONTENT="efectos" WC="0.82" CC="0000227"/>
						<SP ID="P53_SP00117" HPOS="381" VPOS="950" WIDTH="17"/>
						<String ID="P53_ST00132" HPOS="398" VPOS="928" WIDTH="51" HEIGHT="30" CONTENT="que" WC="1.00" CC="000"/>
						<SP ID="P53_SP00118" HPOS="449" VPOS="958" WIDTH="16"/>
						<String ID="P53_ST00133" HPOS="465" VPOS="928" WIDTH="28" HEIGHT="20" CONTENT="se" WC="0.48" CC="90"/>
						<SP ID="P53_SP00119" HPOS="493" VPOS="958" WIDTH="17"/>
						<String ID="P53_ST00134" HPOS="510" VPOS="917" WIDTH="194" HEIGHT="41" CONTENT="trasportaban," WC="0.76" CC="0603033007204"/>
						<SP ID="P53_SP00120" HPOS="704" VPOS="958" WIDTH="22"/>
						<String ID="P53_ST00135" HPOS="726" VPOS="917" WIDTH="94" HEIGHT="31" CONTENT="barcos" WC="0.74" CC="305060"/>
						<SP ID="P53_SP00121" HPOS="820" VPOS="958" WIDTH="16"/>
						<String ID="P53_ST00136" HPOS="836" VPOS="928" WIDTH="51" HEIGHT="30" CONTENT="que" WC="1.00" CC="000"/>
						<SP ID="P53_SP00122" HPOS="887" VPOS="958" WIDTH="16"/>
						<String ID="P53_ST00137" HPOS="903" VPOS="918" WIDTH="212" HEIGHT="30" CONTENT="conlinuamente" WC="0.74" CC="0055064000570"/>
					</TextLine>
					<TextLine ID="P53_TL00016" HPOS="95" VPOS="976" WIDTH="1019" HEIGHT="40">
						<String ID="P53_ST00138" HPOS="95" VPOS="976" WIDTH="124" HEIGHT="30" CONTENT="entraban" WC="0.61" CC="01405765"/>
						<SP ID="P53_SP00123" HPOS="219" VPOS="1006" WIDTH="16"/>
						<String ID="P53_ST00139" HPOS="235" VPOS="987" WIDTH="16" HEIGHT="29" CONTENT="y" WC="1.00" CC="0"/>
						<SP ID="P53_SP00124" HPOS="251" VPOS="1016" WIDTH="12"/>
						<String ID="P53_ST00140" HPOS="263" VPOS="976" WIDTH="93" HEIGHT="35" CONTENT="salían," WC="0.69" CC="5433500"/>
						<SP ID="P53_SP00125" HPOS="356" VPOS="1016" WIDTH="25"/>
						<String ID="P53_ST00141" HPOS="381" VPOS="981" WIDTH="153" HEIGHT="24" CONTENT="centenares" WC="0.78" CC="0140064004"/>
						<SP ID="P53_SP00126" HPOS="534" VPOS="1016" WIDTH="27"/>
						<String ID="P53_ST00142" HPOS="561" VPOS="976" WIDTH="33" HEIGHT="29" CONTENT="de" WC="1.00" CC="00"/>
						<SP ID="P53_SP00127" HPOS="594" VPOS="1016" WIDTH="27"/>
						<String ID="P53_ST00143" HPOS="621" VPOS="976" WIDTH="75" HEIGHT="29" CONTENT="boles" WC="0.77" CC="41400"/>
						<SP ID="P53_SP00128" HPOS="696" VPOS="1016" WIDTH="24"/>
						<String ID="P53_ST00144" HPOS="720" VPOS="986" WIDTH="51" HEIGHT="30" CONTENT="que" WC="0.77" CC="041"/>
						<SP ID="P53_SP00129" HPOS="771" VPOS="1016" WIDTH="21"/>
						<String ID="P53_ST00145" HPOS="792" VPOS="986" WIDTH="28" HEIGHT="19" CONTENT="se" WC="1.00" CC="00"/>
						<SP ID="P53_SP00130" HPOS="820" VPOS="1016" WIDTH="23"/>
						<String ID="P53_ST00146" HPOS="843" VPOS="976" WIDTH="131" HEIGHT="29" CONTENT="cruzaban" WC="0.76" CC="01300714"/>
						<SP ID="P53_SP00131" HPOS="974" VPOS="1016" WIDTH="17"/>
						<String ID="P53_ST00147" HPOS="991" VPOS="986" WIDTH="31" HEIGHT="19" CONTENT="en" WC="0.65" CC="07"/>
						<SP ID="P53_SP00132" HPOS="1022" VPOS="1016" WIDTH="19"/>
						<String ID="P53_ST00148" HPOS="1041" VPOS="976" WIDTH="73" HEIGHT="29" CONTENT="todas" WC="0.52" CC="85036"/>
					</TextLine>
					<TextLine ID="P53_TL00017" HPOS="93" VPOS="1032" WIDTH="1021" HEIGHT="40">
						<String ID="P53_ST00149" HPOS="93" VPOS="1033" WIDTH="164" HEIGHT="30" CONTENT="direcciones" WC="0.73" CC="00500762700"/>
						<SP ID="P53_SP00133" HPOS="257" VPOS="1063" WIDTH="17"/>
						<String ID="P53_ST00150" HPOS="274" VPOS="1032" WIDTH="122" HEIGHT="30" CONTENT="llevando" WC="0.76" CC="54100700"/>
						<SP ID="P53_SP00134" HPOS="396" VPOS="1063" WIDTH="13"/>
						<String ID="P53_ST00151" HPOS="409" VPOS="1033" WIDTH="146" HEIGHT="39" CONTENT="pasajeros," WC="0.78" CC="0071000362"/>
						<SP ID="P53_SP00135" HPOS="555" VPOS="1072" WIDTH="18"/>
						<String ID="P53_ST00152" HPOS="573" VPOS="1032" WIDTH="181" HEIGHT="40" CONTENT="acompañado" WC="0.71" CC="0066016006"/>
						<SP ID="P53_SP00136" HPOS="754" VPOS="1072" WIDTH="22"/>
						<String ID="P53_ST00153" HPOS="776" VPOS="1032" WIDTH="59" HEIGHT="30" CONTENT="todo" WC="0.59" CC="6504"/>
						<SP ID="P53_SP00137" HPOS="835" VPOS="1072" WIDTH="17"/>
						<String ID="P53_ST00154" HPOS="852" VPOS="1038" WIDTH="55" HEIGHT="24" CONTENT="esto" WC="0.71" CC="0506"/>
						<SP ID="P53_SP00138" HPOS="907" VPOS="1072" WIDTH="16"/>
						<String ID="P53_ST00155" HPOS="923" VPOS="1033" WIDTH="42" HEIGHT="29" CONTENT="del" WC="1.00" CC="000"/>
						<SP ID="P53_SP00139" HPOS="965" VPOS="1072" WIDTH="15"/>
						<String ID="P53_ST00156" HPOS="980" VPOS="1038" WIDTH="89" HEIGHT="24" CONTENT="cantar" WC="0.78" CC="060500"/>
						<SP ID="P53_SP00140" HPOS="1069" VPOS="1072" WIDTH="12"/>
						<String ID="P53_ST00157" HPOS="1081" VPOS="1032" WIDTH="33" HEIGHT="30" CONTENT="de" WC="0.77" CC="04"/>
					</TextLine>
					<TextLine ID="P53_TL00018" HPOS="92" VPOS="1088" WIDTH="1021" HEIGHT="41">
						<String ID="P53_ST00158" HPOS="92" VPOS="1089" WIDTH="118" HEIGHT="30" CONTENT="millares" WC="0.71" CC="00056604"/>
						<SP ID="P53_SP00141" HPOS="210" VPOS="1119" WIDTH="14"/>
						<String ID="P53_ST00159" HPOS="224" VPOS="1088" WIDTH="32" HEIGHT="30" CONTENT="de" WC="1.00" CC="00"/>
						<SP ID="P53_SP00142" HPOS="256" VPOS="1119" WIDTH="17"/>
						<String ID="P53_ST00160" HPOS="273" VPOS="1089" WIDTH="144" HEIGHT="29" CONTENT="marineros" WC="0.69" CC="645020403"/>
						<SP ID="P53_SP00143" HPOS="417" VPOS="1119" WIDTH="22"/>
						<String ID="P53_ST00161" HPOS="439" VPOS="1088" WIDTH="154" HEIGHT="40" CONTENT="trabajando" WC="0.65" CC="0507003495"/>
						<SP ID="P53_SP00144" HPOS="593" VPOS="1128" WIDTH="12"/>
						<String ID="P53_ST00162" HPOS="605" VPOS="1101" WIDTH="5" HEIGHT="22" CONTENT=";" WC="1.00" CC="0"/>
						<SP ID="P53_SP00145" HPOS="610" VPOS="1128" WIDTH="17"/>
						<String ID="P53_ST00163" HPOS="627" VPOS="1099" WIDTH="28" HEIGHT="19" CONTENT="se" WC="0.73" CC="50"/>
						<SP ID="P53_SP00146" HPOS="655" VPOS="1128" WIDTH="27"/>
						<String ID="P53_ST00164" HPOS="682" VPOS="1088" WIDTH="163" HEIGHT="41" CONTENT="preguntaba" WC="0.69" CC="0120037166"/>
						<SP ID="P53_SP00147" HPOS="845" VPOS="1129" WIDTH="22"/>
						<String ID="P53_ST00165" HPOS="867" VPOS="1099" WIDTH="52" HEIGHT="19" CONTENT="uno" WC="0.82" CC="004"/>
						<SP ID="P53_SP00148" HPOS="919" VPOS="1129" WIDTH="17"/>
						<String ID="P53_ST00166" HPOS="936" VPOS="1088" WIDTH="21" HEIGHT="30" CONTENT="si" WC="0.50" CC="90"/>
						<SP ID="P53_SP00149" HPOS="957" VPOS="1129" WIDTH="17"/>
						<String ID="P53_ST00167" HPOS="974" VPOS="1088" WIDTH="91" HEIGHT="30" CONTENT="estaba" WC="0.61" CC="067440"/>
						<SP ID="P53_SP00150" HPOS="1065" VPOS="1129" WIDTH="16"/>
						<String ID="P53_ST00168" HPOS="1081" VPOS="1099" WIDTH="32" HEIGHT="19" CONTENT="en" WC="0.53" CC="27"/>
					</TextLine>
					<TextLine ID="P53_TL00019" HPOS="93" VPOS="1144" WIDTH="318" HEIGHT="31">
						<String ID="P53_ST00169" HPOS="93" VPOS="1145" WIDTH="123" HEIGHT="30" CONTENT="Marsella" WC="0.66" CC="90070054"/>
						<SP ID="P53_SP00151" HPOS="216" VPOS="1175" WIDTH="14"/>
						<String ID="P53_ST00170" HPOS="230" VPOS="1148" WIDTH="14" HEIGHT="27" CONTENT="ó" WC="0.51" CC="4"/>
						<SP ID="P53_SP00152" HPOS="244" VPOS="1175" WIDTH="14"/>
						<String ID="P53_ST00171" HPOS="258" VPOS="1144" WIDTH="153" HEIGHT="31" CONTENT="Barcelona." WC="0.75" CC="3190020510"/>
					</TextLine>
				</TextBlock>
				<TextBlock ID="P53_TB00005" HPOS="92" VPOS="1201" WIDTH="1021" HEIGHT="153" STYLEREFS="TXT_1 PAR_LEFT">
					<TextLine ID="P53_TL00020" HPOS="136" VPOS="1201" WIDTH="977" HEIGHT="42">
						<String ID="P53_ST00172" HPOS="136" VPOS="1202" WIDTH="115" HEIGHT="35" CONTENT="Grande," WC="0.73" CC="3006800"/>
						<SP ID="P53_SP00153" HPOS="251" VPOS="1237" WIDTH="19"/>
						<String ID="P53_ST00173" HPOS="270" VPOS="1213" WIDTH="63" HEIGHT="30" CONTENT="muy" WC="0.62" CC="550"/>
						<SP ID="P53_SP00154" HPOS="333" VPOS="1243" WIDTH="17"/>
						<String ID="P53_ST00174" HPOS="350" VPOS="1201" WIDTH="99" HEIGHT="41" CONTENT="grande" WC="0.91" CC="000500"/>
						<SP ID="P53_SP00155" HPOS="449" VPOS="1243" WIDTH="13"/>
						<String ID="P53_ST00175" HPOS="462" VPOS="1211" WIDTH="43" HEIGHT="21" CONTENT="era" WC="1.00" CC="000"/>
						<SP ID="P53_SP00156" HPOS="505" VPOS="1243" WIDTH="14"/>
						<String ID="P53_ST00176" HPOS="519" VPOS="1207" WIDTH="125" HEIGHT="25" CONTENT="entonces" WC="0.68" CC="02044157"/>
						<SP ID="P53_SP00157" HPOS="644" VPOS="1243" WIDTH="16"/>
						<String ID="P53_ST00177" HPOS="660" VPOS="1201" WIDTH="23" HEIGHT="30" CONTENT="el" WC="1.00" CC="00"/>
						<SP ID="P53_SP00158" HPOS="683" VPOS="1243" WIDTH="15"/>
						<String ID="P53_ST00178" HPOS="698" VPOS="1202" WIDTH="171" HEIGHT="30" CONTENT="movimiento" WC="0.65" CC="7290700303"/>
						<SP ID="P53_SP00159" HPOS="869" VPOS="1243" WIDTH="15"/>
						<String ID="P53_ST00179" HPOS="884" VPOS="1213" WIDTH="52" HEIGHT="30" CONTENT="que" WC="0.96" CC="010"/>
						<SP ID="P53_SP00160" HPOS="936" VPOS="1243" WIDTH="21"/>
						<String ID="P53_ST00180" HPOS="957" VPOS="1202" WIDTH="109" HEIGHT="30" CONTENT="reinaba" WC="0.64" CC="0304672"/>
						<SP ID="P53_SP00161" HPOS="1066" VPOS="1243" WIDTH="17"/>
						<String ID="P53_ST00181" HPOS="1083" VPOS="1212" WIDTH="30" HEIGHT="20" CONTENT="en" WC="0.65" CC="07"/>
					</TextLine>
					<TextLine ID="P53_TL00021" HPOS="95" VPOS="1257" WIDTH="1018" HEIGHT="42">
						<String ID="P53_ST00182" HPOS="95" VPOS="1259" WIDTH="77" HEIGHT="40" CONTENT="aquel" WC="0.75" CC="00560"/>
						<SP ID="P53_SP00162" HPOS="172" VPOS="1299" WIDTH="14"/>
						<String ID="P53_ST00183" HPOS="186" VPOS="1265" WIDTH="82" HEIGHT="34" CONTENT="punto" WC="0.64" CC="08404"/>
						<SP ID="P53_SP00163" HPOS="268" VPOS="1299" WIDTH="11"/>
						<String ID="P53_ST00184" HPOS="279" VPOS="1269" WIDTH="66" HEIGHT="29" CONTENT="poco" WC="0.95" CC="0200"/>
						<SP ID="P53_SP00164" HPOS="345" VPOS="1299" WIDTH="13"/>
						<String ID="P53_ST00185" HPOS="358" VPOS="1263" WIDTH="73" HEIGHT="24" CONTENT="antes" WC="0.66" CC="40704"/>
						<SP ID="P53_SP00165" HPOS="431" VPOS="1299" WIDTH="14"/>
						<String ID="P53_ST00186" HPOS="445" VPOS="1257" WIDTH="189" HEIGHT="36" CONTENT="deshabitado;" WC="0.70" CC="004605044900"/>
						<SP ID="P53_SP00166" HPOS="634" VPOS="1299" WIDTH="20"/>
						<String ID="P53_ST00187" HPOS="654" VPOS="1268" WIDTH="64" HEIGHT="30" CONTENT="pero" WC="0.76" CC="0350"/>
						<SP ID="P53_SP00167" HPOS="718" VPOS="1299" WIDTH="13"/>
						<String ID="P53_ST00188" HPOS="731" VPOS="1257" WIDTH="78" HEIGHT="31" CONTENT="debia" WC="0.79" CC="04500"/>
						<SP ID="P53_SP00168" HPOS="809" VPOS="1299" WIDTH="17"/>
						<String ID="P53_ST00189" HPOS="826" VPOS="1268" WIDTH="63" HEIGHT="26" CONTENT="aun," WC="0.72" CC="0370"/>
						<SP ID="P53_SP00169" HPOS="889" VPOS="1299" WIDTH="20"/>
						<String ID="P53_ST00190" HPOS="909" VPOS="1269" WIDTH="55" HEIGHT="19" CONTENT="mas" WC="0.65" CC="603"/>
						<SP ID="P53_SP00170" HPOS="964" VPOS="1299" WIDTH="16"/>
						<String ID="P53_ST00191" HPOS="980" VPOS="1258" WIDTH="133" HEIGHT="35" CONTENT="adelante," WC="0.54" CC="695057600"/>
					</TextLine>
					<TextLine ID="P53_TL00022" HPOS="92" VPOS="1315" WIDTH="855" HEIGHT="39">
						<String ID="P53_ST00192" HPOS="92" VPOS="1315" WIDTH="111" HEIGHT="31" CONTENT="hacerse" WC="0.78" CC="4000064"/>
						<SP ID="P53_SP00171" HPOS="203" VPOS="1346" WIDTH="17"/>
						<String ID="P53_ST00193" HPOS="220" VPOS="1315" WIDTH="181" HEIGHT="35" CONTENT="maravilloso;" WC="0.79" CC="420200106320"/>
						<SP ID="P53_SP00172" HPOS="401" VPOS="1350" WIDTH="16"/>
						<String ID="P53_ST00194" HPOS="417" VPOS="1325" WIDTH="76" HEIGHT="19" CONTENT="como" WC="0.79" CC="0502"/>
						<SP ID="P53_SP00173" HPOS="493" VPOS="1350" WIDTH="12"/>
						<String ID="P53_ST00195" HPOS="505" VPOS="1315" WIDTH="130" HEIGHT="39" CONTENT="esplicaré" WC="0.65" CC="050562614"/>
						<SP ID="P53_SP00174" HPOS="635" VPOS="1354" WIDTH="16"/>
						<String ID="P53_ST00196" HPOS="651" VPOS="1315" WIDTH="13" HEIGHT="29" CONTENT="á" WC="0.01" CC="9"/>
						<SP ID="P53_SP00175" HPOS="664" VPOS="1354" WIDTH="14"/>
						<String ID="P53_ST00197" HPOS="678" VPOS="1326" WIDTH="30" HEIGHT="18" CONTENT="su" WC="0.70" CC="60"/>
						<SP ID="P53_SP00176" HPOS="708" VPOS="1354" WIDTH="14"/>
						<String ID="P53_ST00198" HPOS="722" VPOS="1315" WIDTH="98" HEIGHT="29" CONTENT="debido" WC="0.84" CC="003103"/>
						<SP ID="P53_SP00177" HPOS="820" VPOS="1354" WIDTH="19"/>
						<String ID="P53_ST00199" HPOS="839" VPOS="1315" WIDTH="108" HEIGHT="39" CONTENT="tiempo." WC="0.78" CC="0035060"/>
					</TextLine>
				</TextBlock>
				<TextBlock ID="P53_TB00006" HPOS="92" VPOS="1369" WIDTH="1024" HEIGHT="99" STYLEREFS="TXT_1 PAR_LEFT">
					<TextLine ID="P53_TL00023" HPOS="136" VPOS="1370" WIDTH="980" HEIGHT="42">
						<String ID="P53_ST00200" HPOS="136" VPOS="1371" WIDTH="128" HEIGHT="31" CONTENT="Sallemos" WC="0.77" CC="00600055"/>
						<SP ID="P53_SP00178" HPOS="264" VPOS="1402" WIDTH="15"/>
						<String ID="P53_ST00201" HPOS="279" VPOS="1381" WIDTH="33" HEIGHT="31" CONTENT="ya" WC="1.00" CC="00"/>
						<SP ID="P53_SP00179" HPOS="312" VPOS="1412" WIDTH="17"/>
						<String ID="P53_ST00202" HPOS="329" VPOS="1372" WIDTH="14" HEIGHT="29" CONTENT="á" WC="1.00" CC="0"/>
						<SP ID="P53_SP00180" HPOS="343" VPOS="1412" WIDTH="17"/>
						<String ID="P53_ST00203" HPOS="360" VPOS="1370" WIDTH="79" HEIGHT="30" CONTENT="tierra" WC="0.71" CC="700071"/>
						<SP ID="P53_SP00181" HPOS="439" VPOS="1412" WIDTH="17"/>
						<String ID="P53_ST00204" HPOS="456" VPOS="1381" WIDTH="47" HEIGHT="29" CONTENT="por" WC="0.40" CC="664"/>
						<SP ID="P53_SP00182" HPOS="503" VPOS="1412" WIDTH="14"/>
						<String ID="P53_ST00205" HPOS="517" VPOS="1381" WIDTH="51" HEIGHT="19" CONTENT="uno" WC="0.82" CC="013"/>
						<SP ID="P53_SP00183" HPOS="568" VPOS="1412" WIDTH="10"/>
						<String ID="P53_ST00206" HPOS="578" VPOS="1370" WIDTH="33" HEIGHT="30" CONTENT="de" WC="1.00" CC="00"/>
						<SP ID="P53_SP00184" HPOS="611" VPOS="1412" WIDTH="16"/>
						<String ID="P53_ST00207" HPOS="627" VPOS="1381" WIDTH="61" HEIGHT="19" CONTENT="esos" WC="0.71" CC="0154"/>
						<SP ID="P53_SP00185" HPOS="688" VPOS="1412" WIDTH="16"/>
						<String ID="P53_ST00208" HPOS="704" VPOS="1370" WIDTH="168" HEIGHT="41" CONTENT="imperfectos" WC="0.82" CC="05002400060"/>
						<SP ID="P53_SP00186" HPOS="872" VPOS="1412" WIDTH="14"/>
						<String ID="P53_ST00209" HPOS="886" VPOS="1370" WIDTH="114" HEIGHT="31" CONTENT="muelles" WC="0.67" CC="4005065"/>
						<SP ID="P53_SP00187" HPOS="1000" VPOS="1412" WIDTH="13"/>
						<String ID="P53_ST00210" HPOS="1013" VPOS="1370" WIDTH="34" HEIGHT="30" CONTENT="de" WC="1.00" CC="00"/>
						<SP ID="P53_SP00188" HPOS="1047" VPOS="1412" WIDTH="16"/>
						<String ID="P53_ST00211" HPOS="1063" VPOS="1380" WIDTH="53" HEIGHT="20" CONTENT="ma" SUBS_TYPE="HypPart1" SUBS_CONTENT="madera" WC="0.86" CC="012"/>
						<HYP CONTENT="-"/>
					</TextLine>
					<TextLine ID="P53_TL00024" HPOS="92" VPOS="1427" WIDTH="609" HEIGHT="41">
						<String ID="P53_ST00212" HPOS="92" VPOS="1429" WIDTH="62" HEIGHT="29" CONTENT="dera" SUBS_TYPE="HypPart2" SUBS_CONTENT="madera" WC="0.90" CC="0021"/>
						<SP ID="P53_SP00189" HPOS="154" VPOS="1458" WIDTH="17"/>
						<String ID="P53_ST00213" HPOS="171" VPOS="1439" WIDTH="51" HEIGHT="29" CONTENT="que" WC="1.00" CC="000"/>
						<SP ID="P53_SP00190" HPOS="222" VPOS="1468" WIDTH="12"/>
						<String ID="P53_ST00214" HPOS="234" VPOS="1427" WIDTH="249" HEIGHT="41" CONTENT="provisionalmente" WC="0.65" CC="0006652004073474"/>
						<SP ID="P53_SP00191" HPOS="483" VPOS="1468" WIDTH="16"/>
						<String ID="P53_ST00215" HPOS="499" VPOS="1432" WIDTH="202" HEIGHT="35" CONTENT="construyeron." WC="0.65" CC="0125595003550"/>
					</TextLine>
				</TextBlock>
				<TextBlock ID="P53_TB00007" HPOS="92" VPOS="1482" WIDTH="1029" HEIGHT="440" STYLEREFS="TXT_1 PAR_LEFT">
					<TextLine ID="P53_TL00025" HPOS="134" VPOS="1482" WIDTH="984" HEIGHT="42">
						<String ID="P53_ST00216" HPOS="134" VPOS="1486" WIDTH="49" HEIGHT="28" CONTENT="Por" WC="0.78" CC="060"/>
						<SP ID="P53_SP00192" HPOS="183" VPOS="1514" WIDTH="13"/>
						<String ID="P53_ST00217" HPOS="196" VPOS="1484" WIDTH="32" HEIGHT="30" CONTENT="de" WC="1.00" CC="00"/>
						<SP ID="P53_SP00193" HPOS="228" VPOS="1514" WIDTH="22"/>
						<String ID="P53_ST00218" HPOS="250" VPOS="1490" WIDTH="90" HEIGHT="34" CONTENT="pronlo" WC="0.92" CC="003000"/>
						<SP ID="P53_SP00194" HPOS="340" VPOS="1524" WIDTH="16"/>
						<String ID="P53_ST00219" HPOS="356" VPOS="1494" WIDTH="49" HEIGHT="19" CONTENT="nos" WC="0.56" CC="750"/>
						<SP ID="P53_SP00195" HPOS="405" VPOS="1524" WIDTH="17"/>
						<String ID="P53_ST00220" HPOS="422" VPOS="1493" WIDTH="90" HEIGHT="31" CONTENT="pasma" WC="0.67" CC="00564"/>
						<SP ID="P53_SP00196" HPOS="512" VPOS="1524" WIDTH="18"/>
						<String ID="P53_ST00221" HPOS="530" VPOS="1493" WIDTH="45" HEIGHT="20" CONTENT="ver" WC="0.98" CC="000"/>
						<SP ID="P53_SP00197" HPOS="575" VPOS="1524" WIDTH="10"/>
						<String ID="P53_ST00222" HPOS="585" VPOS="1493" WIDTH="45" HEIGHT="20" CONTENT="ese" WC="0.88" CC="030"/>
						<SP ID="P53_SP00198" HPOS="630" VPOS="1524" WIDTH="16"/>
						<String ID="P53_ST00223" HPOS="646" VPOS="1492" WIDTH="64" HEIGHT="31" CONTENT="gran" WC="0.32" CC="9907"/>
						<SP ID="P53_SP00199" HPOS="710" VPOS="1524" WIDTH="12"/>
						<String ID="P53_ST00224" HPOS="722" VPOS="1482" WIDTH="83" HEIGHT="41" CONTENT="tropel" WC="0.62" CC="660800"/>
						<SP ID="P53_SP00200" HPOS="805" VPOS="1524" WIDTH="15"/>
						<String ID="P53_ST00225" HPOS="820" VPOS="1493" WIDTH="15" HEIGHT="30" CONTENT="y" WC="1.00" CC="0"/>
						<SP ID="P53_SP00201" HPOS="835" VPOS="1524" WIDTH="14"/>
						<String ID="P53_ST00226" HPOS="849" VPOS="1483" WIDTH="164" HEIGHT="30" CONTENT="mezcolanza" WC="0.78" CC="9060000003"/>
						<SP ID="P53_SP00202" HPOS="1013" VPOS="1524" WIDTH="12"/>
						<String ID="P53_ST00227" HPOS="1025" VPOS="1483" WIDTH="93" HEIGHT="41" CONTENT="propio" WC="0.80" CC="006005"/>
					</TextLine>
					<TextLine ID="P53_TL00026" HPOS="95" VPOS="1539" WIDTH="1024" HEIGHT="42">
						<String ID="P53_ST00228" HPOS="95" VPOS="1547" WIDTH="41" HEIGHT="26" CONTENT="tan" WC="0.62" CC="307"/>
						<SP ID="P53_SP00203" HPOS="136" VPOS="1573" WIDTH="14"/>
						<String ID="P53_ST00229" HPOS="150" VPOS="1541" WIDTH="56" HEIGHT="30" CONTENT="solo" WC="0.84" CC="0006"/>
						<SP ID="P53_SP00204" HPOS="206" VPOS="1573" WIDTH="13"/>
						<String ID="P53_ST00230" HPOS="219" VPOS="1541" WIDTH="32" HEIGHT="30" CONTENT="de" WC="1.00" CC="00"/>
						<SP ID="P53_SP00205" HPOS="251" VPOS="1573" WIDTH="13"/>
						<String ID="P53_ST00231" HPOS="264" VPOS="1551" WIDTH="50" HEIGHT="20" CONTENT="una" WC="0.84" CC="130"/>
						<SP ID="P53_SP00206" HPOS="314" VPOS="1573" WIDTH="15"/>
						<String ID="P53_ST00232" HPOS="329" VPOS="1550" WIDTH="94" HEIGHT="31" CONTENT="guerra" WC="0.91" CC="050000"/>
						<SP ID="P53_SP00207" HPOS="423" VPOS="1581" WIDTH="16"/>
						<String ID="P53_ST00233" HPOS="439" VPOS="1540" WIDTH="111" HEIGHT="30" CONTENT="colosal." WC="0.72" CC="05363400"/>
						<SP ID="P53_SP00208" HPOS="550" VPOS="1581" WIDTH="28"/>
						<String ID="P53_ST00234" HPOS="578" VPOS="1540" WIDTH="137" HEIGHT="30" CONTENT="Renuncio" WC="0.69" CC="64700006"/>
						<SP ID="P53_SP00209" HPOS="715" VPOS="1581" WIDTH="26"/>
						<String ID="P53_ST00235" HPOS="741" VPOS="1541" WIDTH="13" HEIGHT="28" CONTENT="á" WC="0.53" CC="4"/>
						<SP ID="P53_SP00210" HPOS="754" VPOS="1581" WIDTH="17"/>
						<String ID="P53_ST00236" HPOS="771" VPOS="1539" WIDTH="111" HEIGHT="30" CONTENT="detallar" WC="0.93" CC="00000013"/>
						<SP ID="P53_SP00211" HPOS="882" VPOS="1581" WIDTH="16"/>
						<String ID="P53_ST00237" HPOS="898" VPOS="1550" WIDTH="48" HEIGHT="30" CONTENT="por" WC="0.82" CC="050"/>
						<SP ID="P53_SP00212" HPOS="946" VPOS="1581" WIDTH="16"/>
						<String ID="P53_ST00238" HPOS="962" VPOS="1545" WIDTH="106" HEIGHT="25" CONTENT="estenso" WC="0.49" CC="3173755"/>
						<SP ID="P53_SP00213" HPOS="1068" VPOS="1581" WIDTH="17"/>
						<String ID="P53_ST00239" HPOS="1085" VPOS="1540" WIDTH="34" HEIGHT="29" CONTENT="tal" WC="0.82" CC="310"/>
					</TextLine>
					<TextLine ID="P53_TL00027" HPOS="93" VPOS="1596" WIDTH="1028" HEIGHT="43">
						<String ID="P53_ST00240" HPOS="93" VPOS="1598" WIDTH="170" HEIGHT="35" CONTENT="miscelánea," WC="0.79" CC="90000066000"/>
						<SP ID="P53_SP00214" HPOS="263" VPOS="1633" WIDTH="16"/>
						<String ID="P53_ST00241" HPOS="279" VPOS="1608" WIDTH="44" HEIGHT="31" CONTENT="por" WC="0.80" CC="050"/>
						<SP ID="P53_SP00215" HPOS="323" VPOS="1639" WIDTH="18"/>
						<String ID="P53_ST00242" HPOS="341" VPOS="1597" WIDTH="24" HEIGHT="31" CONTENT="la" WC="0.77" CC="13"/>
						<SP ID="P53_SP00216" HPOS="365" VPOS="1639" WIDTH="9"/>
						<String ID="P53_ST00243" HPOS="374" VPOS="1596" WIDTH="199" HEIGHT="42" CONTENT="imposibilidad" WC="0.86" CC="6000640000000"/>
						<SP ID="P53_SP00217" HPOS="573" VPOS="1639" WIDTH="12"/>
						<String ID="P53_ST00244" HPOS="585" VPOS="1607" WIDTH="52" HEIGHT="29" CONTENT="que" WC="0.83" CC="040"/>
						<SP ID="P53_SP00218" HPOS="637" VPOS="1639" WIDTH="17"/>
						<String ID="P53_ST00245" HPOS="654" VPOS="1596" WIDTH="83" HEIGHT="30" CONTENT="siento" WC="0.83" CC="100305"/>
						<SP ID="P53_SP00219" HPOS="737" VPOS="1639" WIDTH="12"/>
						<String ID="P53_ST00246" HPOS="749" VPOS="1596" WIDTH="33" HEIGHT="30" CONTENT="de" WC="0.52" CC="90"/>
						<SP ID="P53_SP00220" HPOS="782" VPOS="1639" WIDTH="16"/>
						<String ID="P53_ST00247" HPOS="798" VPOS="1596" WIDTH="106" HEIGHT="31" CONTENT="hacerlo" WC="0.67" CC="6810006"/>
						<SP ID="P53_SP00221" HPOS="904" VPOS="1639" WIDTH="13"/>
						<String ID="P53_ST00248" HPOS="917" VPOS="1596" WIDTH="73" HEIGHT="31" CONTENT="bien." WC="0.72" CC="60070"/>
						<SP ID="P53_SP00222" HPOS="990" VPOS="1639" WIDTH="17"/>
						<String ID="P53_ST00249" HPOS="1007" VPOS="1596" WIDTH="114" HEIGHT="31" CONTENT="Solóme" WC="0.76" CC="000904"/>
					</TextLine>
					<TextLine ID="P53_TL00028" HPOS="93" VPOS="1651" WIDTH="1027" HEIGHT="44">
						<String ID="P53_ST00250" HPOS="93" VPOS="1655" WIDTH="114" HEIGHT="30" CONTENT="limitaré" WC="0.70" CC="30606060"/>
						<SP ID="P53_SP00223" HPOS="207" VPOS="1685" WIDTH="11"/>
						<String ID="P53_ST00251" HPOS="218" VPOS="1655" WIDTH="14" HEIGHT="29" CONTENT="á" WC="1.00" CC="0"/>
						<SP ID="P53_SP00224" HPOS="232" VPOS="1685" WIDTH="14"/>
						<String ID="P53_ST00252" HPOS="246" VPOS="1654" WIDTH="72" HEIGHT="30" CONTENT="decir" WC="0.60" CC="90009"/>
						<SP ID="P53_SP00225" HPOS="318" VPOS="1685" WIDTH="11"/>
						<String ID="P53_ST00253" HPOS="329" VPOS="1664" WIDTH="64" HEIGHT="31" CONTENT="que," WC="1.00" CC="0000"/>
						<SP ID="P53_SP00226" HPOS="393" VPOS="1695" WIDTH="14"/>
						<String ID="P53_ST00254" HPOS="407" VPOS="1653" WIDTH="24" HEIGHT="31" CONTENT="al" WC="0.85" CC="02"/>
						<SP ID="P53_SP00227" HPOS="431" VPOS="1695" WIDTH="26"/>
						<String ID="P53_ST00255" HPOS="457" VPOS="1652" WIDTH="60" HEIGHT="31" CONTENT="lado" WC="0.78" CC="6002"/>
						<SP ID="P53_SP00228" HPOS="517" VPOS="1695" WIDTH="16"/>
						<String ID="P53_ST00256" HPOS="533" VPOS="1651" WIDTH="43" HEIGHT="31" CONTENT="del" WC="0.75" CC="007"/>
						<SP ID="P53_SP00229" HPOS="576" VPOS="1695" WIDTH="26"/>
						<String ID="P53_ST00257" HPOS="602" VPOS="1662" WIDTH="56" HEIGHT="20" CONTENT="mas" WC="0.77" CC="600"/>
						<SP ID="P53_SP00230" HPOS="658" VPOS="1695" WIDTH="24"/>
						<String ID="P53_ST00258" HPOS="682" VPOS="1651" WIDTH="100" HEIGHT="41" CONTENT="grande" WC="0.86" CC="010600"/>
						<SP ID="P53_SP00231" HPOS="782" VPOS="1695" WIDTH="16"/>
						<String ID="P53_ST00259" HPOS="798" VPOS="1652" WIDTH="93" HEIGHT="41" CONTENT="acopio" WC="0.79" CC="007005"/>
						<SP ID="P53_SP00232" HPOS="891" VPOS="1695" WIDTH="12"/>
						<String ID="P53_ST00260" HPOS="903" VPOS="1651" WIDTH="33" HEIGHT="31" CONTENT="de" WC="1.00" CC="00"/>
						<SP ID="P53_SP00233" HPOS="936" VPOS="1695" WIDTH="17"/>
						<String ID="P53_ST00261" HPOS="953" VPOS="1652" WIDTH="118" HEIGHT="31" CONTENT="material" WC="0.60" CC="09876000"/>
						<SP ID="P53_SP00234" HPOS="1071" VPOS="1695" WIDTH="17"/>
						<String ID="P53_ST00262" HPOS="1088" VPOS="1651" WIDTH="32" HEIGHT="31" CONTENT="de" WC="1.00" CC="00"/>
					</TextLine>
					<TextLine ID="P53_TL00029" HPOS="93" VPOS="1708" WIDTH="1028" HEIGHT="45">
						<String ID="P53_ST00263" HPOS="93" VPOS="1721" WIDTH="95" HEIGHT="32" CONTENT="guerra" WC="0.89" CC="010005"/>
						<SP ID="P53_SP00235" HPOS="188" VPOS="1753" WIDTH="14"/>
						<String ID="P53_ST00264" HPOS="202" VPOS="1721" WIDTH="52" HEIGHT="31" CONTENT="que" WC="0.70" CC="053"/>
						<SP ID="P53_SP00236" HPOS="254" VPOS="1753" WIDTH="13"/>
						<String ID="P53_ST00265" HPOS="267" VPOS="1711" WIDTH="86" HEIGHT="40" CONTENT="jamás" WC="0.80" CC="20700"/>
						<SP ID="P53_SP00237" HPOS="353" VPOS="1753" WIDTH="12"/>
						<String ID="P53_ST00266" HPOS="365" VPOS="1721" WIDTH="28" HEIGHT="19" CONTENT="se" WC="0.80" CC="40"/>
						<SP ID="P53_SP00238" HPOS="393" VPOS="1753" WIDTH="16"/>
						<String ID="P53_ST00267" HPOS="409" VPOS="1710" WIDTH="69" HEIGHT="41" CONTENT="haya" WC="0.74" CC="7101"/>
						<SP ID="P53_SP00239" HPOS="478" VPOS="1753" WIDTH="17"/>
						<String ID="P53_ST00268" HPOS="495" VPOS="1709" WIDTH="68" HEIGHT="30" CONTENT="visto" WC="0.79" CC="00504"/>
						<SP ID="P53_SP00240" HPOS="563" VPOS="1753" WIDTH="14"/>
						<String ID="P53_ST00269" HPOS="577" VPOS="1708" WIDTH="122" HEIGHT="37" CONTENT="reunido," WC="0.68" CC="06270062"/>
						<SP ID="P53_SP00241" HPOS="699" VPOS="1753" WIDTH="28"/>
						<String ID="P53_ST00270" HPOS="727" VPOS="1708" WIDTH="138" HEIGHT="31" CONTENT="formando" WC="0.68" CC="04600706"/>
						<SP ID="P53_SP00242" HPOS="865" VPOS="1753" WIDTH="27"/>
						<String ID="P53_ST00271" HPOS="892" VPOS="1708" WIDTH="125" HEIGHT="31" CONTENT="elevadas" WC="0.69" CC="01600745"/>
						<SP ID="P53_SP00243" HPOS="1017" VPOS="1753" WIDTH="27"/>
						<String ID="P53_ST00272" HPOS="1044" VPOS="1710" WIDTH="77" HEIGHT="39" CONTENT="pirá" SUBS_TYPE="HypPart1" SUBS_CONTENT="pirámides" WC="0.57" CC="70903"/>
						<HYP CONTENT="-"/>
					</TextLine>
					<TextLine ID="P53_TL00030" HPOS="94" VPOS="1766" WIDTH="1027" HEIGHT="34">
						<String ID="P53_ST00273" HPOS="94" VPOS="1769" WIDTH="85" HEIGHT="30" CONTENT="mides" SUBS_TYPE="HypPart2" SUBS_CONTENT="pirámides" WC="1.00" CC="00000"/>
						<SP ID="P53_SP00244" HPOS="179" VPOS="1799" WIDTH="16"/>
						<String ID="P53_ST00274" HPOS="195" VPOS="1767" WIDTH="32" HEIGHT="31" CONTENT="de" WC="0.92" CC="01"/>
						<SP ID="P53_SP00245" HPOS="227" VPOS="1799" WIDTH="19"/>
						<String ID="P53_ST00275" HPOS="246" VPOS="1768" WIDTH="164" HEIGHT="30" CONTENT="municiones" WC="0.60" CC="6570056403"/>
						<SP ID="P53_SP00246" HPOS="410" VPOS="1799" WIDTH="18"/>
						<String ID="P53_ST00276" HPOS="428" VPOS="1767" WIDTH="32" HEIGHT="30" CONTENT="de" WC="1.00" CC="00"/>
						<SP ID="P53_SP00247" HPOS="460" VPOS="1799" WIDTH="26"/>
						<String ID="P53_ST00277" HPOS="486" VPOS="1766" WIDTH="74" HEIGHT="30" CONTENT="todas" WC="0.71" CC="74020"/>
						<SP ID="P53_SP00248" HPOS="560" VPOS="1799" WIDTH="15"/>
						<String ID="P53_ST00278" HPOS="575" VPOS="1766" WIDTH="86" HEIGHT="30" CONTENT="clases" WC="0.90" CC="000500"/>
						<SP ID="P53_SP00249" HPOS="661" VPOS="1799" WIDTH="15"/>
						<String ID="P53_ST00279" HPOS="676" VPOS="1789" WIDTH="6" HEIGHT="11" CONTENT="," WC="1.00" CC="0"/>
						<SP ID="P53_SP00250" HPOS="682" VPOS="1800" WIDTH="19"/>
						<String ID="P53_ST00280" HPOS="701" VPOS="1775" WIDTH="29" HEIGHT="20" CONTENT="se" WC="0.94" CC="01"/>
						<SP ID="P53_SP00251" HPOS="730" VPOS="1800" WIDTH="16"/>
						<String ID="P53_ST00281" HPOS="746" VPOS="1776" WIDTH="50" HEIGHT="19" CONTENT="ven" WC="0.65" CC="900"/>
						<SP ID="P53_SP00252" HPOS="796" VPOS="1800" WIDTH="16"/>
						<String ID="P53_ST00282" HPOS="812" VPOS="1771" WIDTH="138" HEIGHT="25" CONTENT="montañas" WC="0.71" CC="00270444"/>
						<SP ID="P53_SP00253" HPOS="950" VPOS="1800" WIDTH="25"/>
						<String ID="P53_ST00283" HPOS="975" VPOS="1766" WIDTH="33" HEIGHT="30" CONTENT="de" WC="1.00" CC="00"/>
						<SP ID="P53_SP00254" HPOS="1008" VPOS="1800" WIDTH="15"/>
						<String ID="P53_ST00284" HPOS="1023" VPOS="1767" WIDTH="98" HEIGHT="30" CONTENT="carbón" WC="0.67" CC="000757"/>
					</TextLine>
					<TextLine ID="P53_TL00031" HPOS="94" VPOS="1821" WIDTH="1027" HEIGHT="45">
						<String ID="P53_ST00285" HPOS="94" VPOS="1824" WIDTH="109" HEIGHT="32" CONTENT="mineral" WC="0.71" CC="7070005"/>
						<SP ID="P53_SP00255" HPOS="203" VPOS="1856" WIDTH="17"/>
						<String ID="P53_ST00286" HPOS="220" VPOS="1834" WIDTH="63" HEIGHT="32" CONTENT="para" WC="0.98" CC="0000"/>
						<SP ID="P53_SP00256" HPOS="283" VPOS="1866" WIDTH="17"/>
						<String ID="P53_ST00287" HPOS="300" VPOS="1824" WIDTH="23" HEIGHT="30" CONTENT="el" WC="0.90" CC="20"/>
						<SP ID="P53_SP00257" HPOS="323" VPOS="1866" WIDTH="14"/>
						<String ID="P53_ST00288" HPOS="337" VPOS="1833" WIDTH="127" HEIGHT="21" CONTENT="consumo" WC="0.61" CC="0336075"/>
						<SP ID="P53_SP00258" HPOS="464" VPOS="1866" WIDTH="17"/>
						<String ID="P53_ST00289" HPOS="481" VPOS="1822" WIDTH="33" HEIGHT="30" CONTENT="de" WC="0.65" CC="06"/>
						<SP ID="P53_SP00259" HPOS="514" VPOS="1866" WIDTH="17"/>
						<String ID="P53_ST00290" HPOS="531" VPOS="1822" WIDTH="39" HEIGHT="30" CONTENT="los" WC="0.71" CC="530"/>
						<SP ID="P53_SP00260" HPOS="570" VPOS="1866" WIDTH="18"/>
						<String ID="P53_ST00291" HPOS="588" VPOS="1831" WIDTH="122" HEIGHT="30" CONTENT="vapores," WC="0.93" CC="00000050"/>
						<SP ID="P53_SP00261" HPOS="710" VPOS="1866" WIDTH="19"/>
						<String ID="P53_ST00292" HPOS="729" VPOS="1821" WIDTH="114" HEIGHT="40" CONTENT="grandes" WC="0.73" CC="9000035"/>
						<SP ID="P53_SP00262" HPOS="843" VPOS="1866" WIDTH="19"/>
						<String ID="P53_ST00293" HPOS="862" VPOS="1822" WIDTH="117" HEIGHT="39" CONTENT="partidas" WC="0.71" CC="00065054"/>
						<SP ID="P53_SP00263" HPOS="979" VPOS="1866" WIDTH="27"/>
						<String ID="P53_ST00294" HPOS="1006" VPOS="1823" WIDTH="33" HEIGHT="29" CONTENT="de" WC="0.61" CC="70"/>
						<SP ID="P53_SP00264" HPOS="1039" VPOS="1866" WIDTH="27"/>
						<String ID="P53_ST00295" HPOS="1066" VPOS="1832" WIDTH="55" HEIGHT="20" CONTENT="ma" SUBS_TYPE="HypPart1" SUBS_CONTENT="madera" WC="0.49" CC="950"/>
						<HYP CONTENT="-"/>
					</TextLine>
					<TextLine ID="P53_TL00032" HPOS="93" VPOS="1878" WIDTH="1020" HEIGHT="44">
						<String ID="P53_ST00296" HPOS="93" VPOS="1882" WIDTH="64" HEIGHT="31" CONTENT="dera" SUBS_TYPE="HypPart2" SUBS_CONTENT="madera" WC="0.86" CC="0023"/>
						<SP ID="P53_SP00265" HPOS="157" VPOS="1913" WIDTH="12"/>
						<String ID="P53_ST00297" HPOS="169" VPOS="1892" WIDTH="62" HEIGHT="30" CONTENT="para" WC="0.86" CC="0500"/>
						<SP ID="P53_SP00266" HPOS="231" VPOS="1922" WIDTH="10"/>
						<String ID="P53_ST00298" HPOS="241" VPOS="1883" WIDTH="132" HEIGHT="30" CONTENT="construir" WC="0.73" CC="047061030"/>
						<SP ID="P53_SP00267" HPOS="373" VPOS="1922" WIDTH="13"/>
						<String ID="P53_ST00299" HPOS="386" VPOS="1882" WIDTH="136" HEIGHT="34" CONTENT="barracas," WC="0.77" CC="425050020"/>
						<SP ID="P53_SP00268" HPOS="522" VPOS="1922" WIDTH="16"/>
						<String ID="P53_ST00300" HPOS="538" VPOS="1891" WIDTH="15" HEIGHT="30" CONTENT="y" WC="1.00" CC="0"/>
						<SP ID="P53_SP00269" HPOS="553" VPOS="1922" WIDTH="13"/>
						<String ID="P53_ST00301" HPOS="566" VPOS="1885" WIDTH="71" HEIGHT="26" CONTENT="otras" WC="0.74" CC="40503"/>
						<SP ID="P53_SP00270" HPOS="637" VPOS="1922" WIDTH="11"/>
						<String ID="P53_ST00302" HPOS="648" VPOS="1878" WIDTH="33" HEIGHT="32" CONTENT="de" WC="0.90" CC="02"/>
						<SP ID="P53_SP00271" HPOS="681" VPOS="1922" WIDTH="12"/>
						<String ID="P53_ST00303" HPOS="693" VPOS="1879" WIDTH="60" HEIGHT="31" CONTENT="leña" WC="0.78" CC="0260"/>
						<SP ID="P53_SP00272" HPOS="753" VPOS="1922" WIDTH="16"/>
						<String ID="P53_ST00304" HPOS="769" VPOS="1889" WIDTH="62" HEIGHT="31" CONTENT="para" WC="0.86" CC="5000"/>
						<SP ID="P53_SP00273" HPOS="831" VPOS="1922" WIDTH="11"/>
						<String ID="P53_ST00305" HPOS="842" VPOS="1880" WIDTH="106" HEIGHT="31" CONTENT="cocinar" WC="0.77" CC="0600702"/>
						<String ID="P53_ST00306" HPOS="958" VPOS="1894" WIDTH="6" HEIGHT="22" CONTENT=";" WC="1.00" CC="0"/>
						<SP ID="P53_SP00274" HPOS="964" VPOS="1922" WIDTH="16"/>
						<String ID="P53_ST00307" HPOS="980" VPOS="1891" WIDTH="14" HEIGHT="30" CONTENT="y" WC="1.00" CC="0"/>
						<SP ID="P53_SP00275" HPOS="994" VPOS="1922" WIDTH="13"/>
						<String ID="P53_ST00308" HPOS="1007" VPOS="1891" WIDTH="47" HEIGHT="31" CONTENT="por" WC="0.52" CC="760"/>
						<SP ID="P53_SP00276" HPOS="1054" VPOS="1922" WIDTH="12"/>
						<String ID="P53_ST00309" HPOS="1066" VPOS="1882" WIDTH="47" HEIGHT="34" CONTENT="fin," WC="0.76" CC="0062"/>
					</TextLine>
				</TextBlock>
			</PrintSpace>
		</Page>
	</Layout>
</alto>
