<?xml version="1.0" encoding="UTF-8"?>
<alto xmlns:xsi="http://www.w3.org/2001/XMLSchema-instance" xsi:noNamespaceSchemaLocation="http://www.bl.uk/schemas/alto/alto-1-4.xsd" xmlns:xlink="http://www.w3.org/1999/xlink">
	<Description>
		<MeasurementUnit>mm10</MeasurementUnit>
		<sourceImageInformation>
			<fileName>//head1/IN/2008-26/A0011736599/009198.jp2</fileName>
		</sourceImageInformation>
		<OCRProcessing ID="OCRPROCESSING_1">
			<preProcessingStep>
				<processingSoftware>
					<softwareCreator>CCS Content Conversion Specialists GmbH, Germany</softwareCreator>
					<softwareName>CCS docWORKS</softwareName>
					<softwareVersion>6.1-0.67</softwareVersion>
				</processingSoftware>
			</preProcessingStep>
			<ocrProcessingStep>
				<processingSoftware>
					<softwareCreator>ABBYY (BIT Software), Russia</softwareCreator>
					<softwareName>Finereader</softwareName>
				</processingSoftware>
			</ocrProcessingStep>
		</OCRProcessing>
	</Description>
	<Styles>
		<TextStyle ID="TXT_0" FONTSIZE="10" FONTFAMILY="Courier New"/>
		<TextStyle ID="TXT_1" FONTSIZE="9" FONTFAMILY="Courier New"/>
		<ParagraphStyle ID="PAR_RIGHT" ALIGN="Right"/>
		<ParagraphStyle ID="PAR_LEFT" ALIGN="Left"/>
		<ParagraphStyle ID="PAR_CENTER" ALIGN="Center"/>
	</Styles>
	<Layout>
		<Page ID="P146" PHYSICAL_IMG_NR="146" HEIGHT="2180" WIDTH="1241" PRINTED_IMG_NR="138" POSITION="Left" ACCURACY="76.71">
			<TopMargin ID="P146_TM00001" HPOS="0" VPOS="0" WIDTH="1241" HEIGHT="161">
				<TextBlock ID="P146_TB00001" HPOS="563" VPOS="132" WIDTH="184" HEIGHT="28" STYLEREFS="TXT_0 PAR_RIGHT">
					<TextLine ID="P146_TL00001" HPOS="563" VPOS="132" WIDTH="184" HEIGHT="28">
						<String ID="P146_ST00001" HPOS="563" VPOS="132" WIDTH="184" HEIGHT="28" CONTENT="138" WC="1.00" CC="000"/>
					</TextLine>
				</TextBlock>
			</TopMargin>
			<LeftMargin ID="P146_LM00001" HPOS="0" VPOS="161" WIDTH="133" HEIGHT="1777"/>
			<RightMargin ID="P146_RM00001" HPOS="1174" VPOS="161" WIDTH="67" HEIGHT="1777"/>
			<BottomMargin ID="P146_BM00001" HPOS="0" VPOS="1938" WIDTH="1241" HEIGHT="242"/>
			<PrintSpace ID="P146_PS00001" HPOS="133" VPOS="161" WIDTH="1041" HEIGHT="1777">
				<TextBlock ID="P146_TB00002" HPOS="142" VPOS="191" WIDTH="1029" HEIGHT="102" STYLEREFS="TXT_1 PAR_LEFT">
					<TextLine ID="P146_TL00002" HPOS="143" VPOS="191" WIDTH="1028" HEIGHT="47">
						<String ID="P146_ST00002" HPOS="143" VPOS="196" WIDTH="94" HEIGHT="42" CONTENT="abrigo" WC="0.72" CC="625002"/>
						<SP ID="P146_SP00001" HPOS="237" VPOS="238" WIDTH="14"/>
						<String ID="P146_ST00003" HPOS="251" VPOS="196" WIDTH="77" HEIGHT="31" CONTENT="sobre" WC="0.83" CC="00340"/>
						<SP ID="P146_SP00002" HPOS="328" VPOS="238" WIDTH="13"/>
						<String ID="P146_ST00004" HPOS="341" VPOS="195" WIDTH="24" HEIGHT="31" CONTENT="el" WC="0.98" CC="00"/>
						<SP ID="P146_SP00003" HPOS="365" VPOS="238" WIDTH="13"/>
						<String ID="P146_ST00005" HPOS="378" VPOS="195" WIDTH="134" HEIGHT="31" CONTENT="ordinario" WC="0.82" CC="300600204"/>
						<SP ID="P146_SP00004" HPOS="512" VPOS="238" WIDTH="18"/>
						<String ID="P146_ST00006" HPOS="530" VPOS="205" WIDTH="52" HEIGHT="31" CONTENT="que" WC="0.77" CC="033"/>
						<SP ID="P146_SP00005" HPOS="582" VPOS="238" WIDTH="19"/>
						<String ID="P146_ST00007" HPOS="601" VPOS="205" WIDTH="67" HEIGHT="19" CONTENT="unos" WC="0.51" CC="1763"/>
						<SP ID="P146_SP00006" HPOS="668" VPOS="238" WIDTH="17"/>
						<String ID="P146_ST00008" HPOS="685" VPOS="194" WIDTH="127" HEIGHT="30" CONTENT="sencillos" WC="0.93" CC="000000032"/>
						<SP ID="P146_SP00007" HPOS="812" VPOS="238" WIDTH="19"/>
						<String ID="P146_ST00009" HPOS="831" VPOS="203" WIDTH="95" HEIGHT="20" CONTENT="zuecos" WC="0.89" CC="420000"/>
						<SP ID="P146_SP00008" HPOS="926" VPOS="238" WIDTH="15"/>
						<String ID="P146_ST00010" HPOS="941" VPOS="216" WIDTH="7" HEIGHT="13" CONTENT="," WC="0.38" CC="6"/>
						<SP ID="P146_SP00009" HPOS="948" VPOS="238" WIDTH="21"/>
						<String ID="P146_ST00011" HPOS="969" VPOS="202" WIDTH="49" HEIGHT="31" CONTENT="por" WC="0.47" CC="663"/>
						<SP ID="P146_SP00010" HPOS="1018" VPOS="238" WIDTH="22"/>
						<String ID="P146_ST00012" HPOS="1040" VPOS="191" WIDTH="131" HEIGHT="41" CONTENT="precisión" WC="0.85" CC="000000157"/>
					</TextLine>
					<TextLine ID="P146_TL00003" HPOS="143" VPOS="253" WIDTH="534" HEIGHT="40">
						<String ID="P146_ST00013" HPOS="143" VPOS="253" WIDTH="80" HEIGHT="31" CONTENT="habia" WC="0.73" CC="70500"/>
						<SP ID="P146_SP00011" HPOS="223" VPOS="284" WIDTH="16"/>
						<String ID="P146_ST00014" HPOS="239" VPOS="253" WIDTH="33" HEIGHT="30" CONTENT="de" WC="1.00" CC="00"/>
						<SP ID="P146_SP00012" HPOS="272" VPOS="284" WIDTH="12"/>
						<String ID="P146_ST00015" HPOS="284" VPOS="254" WIDTH="117" HEIGHT="39" CONTENT="originar" WC="0.67" CC="60003564"/>
						<SP ID="P146_SP00013" HPOS="401" VPOS="293" WIDTH="17"/>
						<String ID="P146_ST00016" HPOS="418" VPOS="253" WIDTH="109" HEIGHT="30" CONTENT="muchas" WC="0.67" CC="620730"/>
						<SP ID="P146_SP00014" HPOS="527" VPOS="293" WIDTH="18"/>
						<String ID="P146_ST00017" HPOS="545" VPOS="253" WIDTH="132" HEIGHT="29" CONTENT="víctimas." WC="0.81" CC="004606000"/>
					</TextLine>
				</TextBlock>
				<TextBlock ID="P146_TB00003" HPOS="143" VPOS="304" WIDTH="1031" HEIGHT="104" STYLEREFS="TXT_1 PAR_LEFT">
					<TextLine ID="P146_TL00004" HPOS="187" VPOS="304" WIDTH="987" HEIGHT="47">
						<String ID="P146_ST00018" HPOS="187" VPOS="311" WIDTH="68" HEIGHT="38" CONTENT="¡Esa" WC="0.79" CC="5003"/>
						<SP ID="P146_SP00015" HPOS="255" VPOS="349" WIDTH="22"/>
						<String ID="P146_ST00019" HPOS="277" VPOS="310" WIDTH="68" HEIGHT="30" CONTENT="lenta" WC="0.91" CC="00400"/>
						<SP ID="P146_SP00016" HPOS="345" VPOS="349" WIDTH="14"/>
						<String ID="P146_ST00020" HPOS="359" VPOS="321" WIDTH="17" HEIGHT="30" CONTENT="y" WC="1.00" CC="0"/>
						<SP ID="P146_SP00017" HPOS="376" VPOS="351" WIDTH="18"/>
						<String ID="P146_ST00021" HPOS="394" VPOS="315" WIDTH="188" HEIGHT="36" CONTENT="perseverante" WC="0.86" CC="020000000770"/>
						<SP ID="P146_SP00018" HPOS="582" VPOS="351" WIDTH="22"/>
						<String ID="P146_ST00022" HPOS="604" VPOS="308" WIDTH="99" HEIGHT="31" CONTENT="batalla" WC="0.78" CC="5061100"/>
						<SP ID="P146_SP00019" HPOS="703" VPOS="351" WIDTH="26"/>
						<String ID="P146_ST00023" HPOS="729" VPOS="317" WIDTH="52" HEIGHT="31" CONTENT="que" WC="1.00" CC="000"/>
						<SP ID="P146_SP00020" HPOS="781" VPOS="351" WIDTH="25"/>
						<String ID="P146_ST00024" HPOS="806" VPOS="306" WIDTH="100" HEIGHT="31" CONTENT="debían" WC="0.77" CC="004503"/>
						<SP ID="P146_SP00021" HPOS="906" VPOS="351" WIDTH="17"/>
						<String ID="P146_ST00025" HPOS="923" VPOS="310" WIDTH="123" HEIGHT="26" CONTENT="sostener" WC="0.75" CC="03360600"/>
						<SP ID="P146_SP00022" HPOS="1046" VPOS="351" WIDTH="24"/>
						<String ID="P146_ST00026" HPOS="1070" VPOS="315" WIDTH="49" HEIGHT="20" CONTENT="con" WC="0.72" CC="026"/>
						<SP ID="P146_SP00023" HPOS="1119" VPOS="351" WIDTH="17"/>
						<String ID="P146_ST00027" HPOS="1136" VPOS="304" WIDTH="38" HEIGHT="32" CONTENT="los" WC="0.69" CC="530"/>
					</TextLine>
					<TextLine ID="P146_TL00005" HPOS="144" VPOS="364" WIDTH="932" HEIGHT="44">
						<String ID="P146_ST00028" HPOS="144" VPOS="367" WIDTH="145" HEIGHT="31" CONTENT="elementos" WC="0.66" CC="400606750"/>
						<SP ID="P146_SP00024" HPOS="289" VPOS="398" WIDTH="13"/>
						<String ID="P146_ST00029" HPOS="302" VPOS="368" WIDTH="121" HEIGHT="40" CONTENT="aquellos" WC="0.75" CC="70005160"/>
						<SP ID="P146_SP00025" HPOS="423" VPOS="408" WIDTH="13"/>
						<String ID="P146_ST00030" HPOS="436" VPOS="377" WIDTH="160" HEIGHT="31" CONTENT="campeones" WC="0.79" CC="006000703"/>
						<SP ID="P146_SP00026" HPOS="596" VPOS="408" WIDTH="14"/>
						<String ID="P146_ST00031" HPOS="610" VPOS="392" WIDTH="7" HEIGHT="11" CONTENT="," WC="0.59" CC="4"/>
						<SP ID="P146_SP00027" HPOS="617" VPOS="408" WIDTH="15"/>
						<String ID="P146_ST00032" HPOS="632" VPOS="376" WIDTH="34" HEIGHT="21" CONTENT="no" WC="0.39" CC="65"/>
						<SP ID="P146_SP00028" HPOS="666" VPOS="408" WIDTH="16"/>
						<String ID="P146_ST00033" HPOS="682" VPOS="365" WIDTH="144" HEIGHT="31" CONTENT="arredraba" WC="0.85" CC="000005070"/>
						<SP ID="P146_SP00029" HPOS="826" VPOS="408" WIDTH="17"/>
						<String ID="P146_ST00034" HPOS="843" VPOS="376" WIDTH="31" HEIGHT="19" CONTENT="su" WC="0.57" CC="34"/>
						<SP ID="P146_SP00030" HPOS="874" VPOS="408" WIDTH="17"/>
						<String ID="P146_ST00035" HPOS="891" VPOS="364" WIDTH="185" HEIGHT="30" CONTENT="obstinación!" WC="0.67" CC="570805000560"/>
					</TextLine>
				</TextBlock>
				<TextBlock ID="P146_TB00004" HPOS="142" VPOS="419" WIDTH="1030" HEIGHT="213" STYLEREFS="TXT_1 PAR_LEFT">
					<TextLine ID="P146_TL00006" HPOS="185" VPOS="419" WIDTH="987" HEIGHT="46">
						<String ID="P146_ST00036" HPOS="185" VPOS="425" WIDTH="114" HEIGHT="40" CONTENT="Respeto" WC="0.65" CC="6560050"/>
						<SP ID="P146_SP00031" HPOS="299" VPOS="465" WIDTH="12"/>
						<String ID="P146_ST00037" HPOS="311" VPOS="425" WIDTH="14" HEIGHT="29" CONTENT="á" WC="1.00" CC="0"/>
						<SP ID="P146_SP00032" HPOS="325" VPOS="465" WIDTH="16"/>
						<String ID="P146_ST00038" HPOS="341" VPOS="430" WIDTH="55" HEIGHT="24" CONTENT="otra" WC="0.77" CC="0800"/>
						<SP ID="P146_SP00033" HPOS="396" VPOS="465" WIDTH="17"/>
						<String ID="P146_ST00039" HPOS="413" VPOS="424" WIDTH="71" HEIGHT="30" CONTENT="clase" WC="1.00" CC="00000"/>
						<SP ID="P146_SP00034" HPOS="484" VPOS="465" WIDTH="14"/>
						<String ID="P146_ST00040" HPOS="498" VPOS="424" WIDTH="33" HEIGHT="29" CONTENT="de" WC="1.00" CC="00"/>
						<SP ID="P146_SP00035" HPOS="531" VPOS="465" WIDTH="14"/>
						<String ID="P146_ST00041" HPOS="545" VPOS="422" WIDTH="169" HEIGHT="31" CONTENT="inutilizados" WC="0.74" CC="000816024015"/>
						<SP ID="P146_SP00036" HPOS="714" VPOS="465" WIDTH="14"/>
						<String ID="P146_ST00042" HPOS="728" VPOS="447" WIDTH="6" HEIGHT="12" CONTENT="," WC="1.00" CC="0"/>
						<SP ID="P146_SP00037" HPOS="734" VPOS="465" WIDTH="30"/>
						<String ID="P146_ST00043" HPOS="764" VPOS="422" WIDTH="39" HEIGHT="30" CONTENT="los" WC="0.83" CC="005"/>
						<SP ID="P146_SP00038" HPOS="803" VPOS="465" WIDTH="13"/>
						<String ID="P146_ST00044" HPOS="816" VPOS="420" WIDTH="81" HEIGHT="31" CONTENT="habia" WC="0.79" CC="40302"/>
						<SP ID="P146_SP00039" HPOS="897" VPOS="465" WIDTH="16"/>
						<String ID="P146_ST00045" HPOS="913" VPOS="426" WIDTH="43" HEIGHT="25" CONTENT="lan" WC="0.79" CC="032"/>
						<SP ID="P146_SP00040" HPOS="956" VPOS="465" WIDTH="18"/>
						<String ID="P146_ST00046" HPOS="974" VPOS="420" WIDTH="56" HEIGHT="30" CONTENT="solo" WC="0.51" CC="4445"/>
						<SP ID="P146_SP00041" HPOS="1030" VPOS="465" WIDTH="16"/>
						<String ID="P146_ST00047" HPOS="1046" VPOS="419" WIDTH="126" HEIGHT="31" CONTENT="atacados" WC="0.83" CC="00402040"/>
					</TextLine>
					<TextLine ID="P146_TL00007" HPOS="143" VPOS="478" WIDTH="1029" HEIGHT="42">
						<String ID="P146_ST00048" HPOS="143" VPOS="482" WIDTH="43" HEIGHT="30" CONTENT="del" WC="0.88" CC="003"/>
						<SP ID="P146_SP00042" HPOS="186" VPOS="512" WIDTH="17"/>
						<String ID="P146_ST00049" HPOS="203" VPOS="482" WIDTH="142" HEIGHT="30" CONTENT="escorbuto" WC="0.86" CC="050100203"/>
						<SP ID="P146_SP00043" HPOS="345" VPOS="512" WIDTH="14"/>
						<String ID="P146_ST00050" HPOS="359" VPOS="494" WIDTH="5" HEIGHT="18" CONTENT=":" WC="0.48" CC="5"/>
						<SP ID="P146_SP00044" HPOS="364" VPOS="512" WIDTH="20"/>
						<String ID="P146_ST00051" HPOS="384" VPOS="492" WIDTH="45" HEIGHT="20" CONTENT="esa" WC="0.76" CC="024"/>
						<SP ID="P146_SP00045" HPOS="429" VPOS="512" WIDTH="16"/>
						<String ID="P146_ST00052" HPOS="445" VPOS="481" WIDTH="173" HEIGHT="31" CONTENT="enfermedad" WC="0.78" CC="0254070010"/>
						<SP ID="P146_SP00046" HPOS="618" VPOS="512" WIDTH="14"/>
						<String ID="P146_ST00053" HPOS="632" VPOS="480" WIDTH="169" HEIGHT="40" CONTENT="contagiosa," WC="0.64" CC="05047903601"/>
						<SP ID="P146_SP00047" HPOS="801" VPOS="520" WIDTH="17"/>
						<String ID="P146_ST00054" HPOS="818" VPOS="488" WIDTH="107" HEIGHT="31" CONTENT="aunque" WC="0.80" CC="505001"/>
						<SP ID="P146_SP00048" HPOS="925" VPOS="520" WIDTH="16"/>
						<String ID="P146_ST00055" HPOS="941" VPOS="489" WIDTH="34" HEIGHT="19" CONTENT="no" WC="0.41" CC="56"/>
						<SP ID="P146_SP00049" HPOS="975" VPOS="520" WIDTH="17"/>
						<String ID="P146_ST00056" HPOS="992" VPOS="478" WIDTH="103" HEIGHT="30" CONTENT="tuviera" WC="0.90" CC="6000000"/>
						<SP ID="P146_SP00050" HPOS="1095" VPOS="520" WIDTH="13"/>
						<String ID="P146_ST00057" HPOS="1108" VPOS="488" WIDTH="64" HEIGHT="31" CONTENT="pos" SUBS_TYPE="HypPart1" SUBS_CONTENT="postrado" WC="0.89" CC="0130"/>
						<HYP CONTENT="-"/>
					</TextLine>
					<TextLine ID="P146_TL00008" HPOS="144" VPOS="533" WIDTH="1028" HEIGHT="45">
						<String ID="P146_ST00058" HPOS="144" VPOS="536" WIDTH="73" HEIGHT="32" CONTENT="trado" SUBS_TYPE="HypPart2" SUBS_CONTENT="postrado" WC="0.70" CC="70510"/>
						<SP ID="P146_SP00051" HPOS="217" VPOS="568" WIDTH="16"/>
						<String ID="P146_ST00059" HPOS="233" VPOS="537" WIDTH="23" HEIGHT="29" CONTENT="al" WC="0.61" CC="42"/>
						<SP ID="P146_SP00052" HPOS="256" VPOS="568" WIDTH="18"/>
						<String ID="P146_ST00060" HPOS="274" VPOS="537" WIDTH="120" HEIGHT="41" CONTENT="paciente" WC="0.74" CC="03070360"/>
						<SP ID="P146_SP00053" HPOS="394" VPOS="578" WIDTH="16"/>
						<String ID="P146_ST00061" HPOS="410" VPOS="561" WIDTH="5" HEIGHT="11" CONTENT="," WC="1.00" CC="0"/>
						<SP ID="P146_SP00054" HPOS="415" VPOS="578" WIDTH="29"/>
						<String ID="P146_ST00062" HPOS="444" VPOS="536" WIDTH="123" HEIGHT="41" CONTENT="requería" WC="0.92" CC="00020030"/>
						<SP ID="P146_SP00055" HPOS="567" VPOS="578" WIDTH="24"/>
						<String ID="P146_ST00063" HPOS="591" VPOS="546" WIDTH="33" HEIGHT="19" CONTENT="no" WC="0.66" CC="06"/>
						<SP ID="P146_SP00056" HPOS="624" VPOS="578" WIDTH="25"/>
						<String ID="P146_ST00064" HPOS="649" VPOS="535" WIDTH="121" HEIGHT="30" CONTENT="obstante" WC="0.73" CC="30070440"/>
						<SP ID="P146_SP00057" HPOS="770" VPOS="578" WIDTH="16"/>
						<String ID="P146_ST00065" HPOS="786" VPOS="544" WIDTH="77" HEIGHT="20" CONTENT="sumo" WC="0.49" CC="2366"/>
						<SP ID="P146_SP00058" HPOS="863" VPOS="578" WIDTH="17"/>
						<String ID="P146_ST00066" HPOS="880" VPOS="533" WIDTH="126" HEIGHT="31" CONTENT="cuidado." WC="0.84" CC="05002050"/>
						<SP ID="P146_SP00059" HPOS="1006" VPOS="578" WIDTH="31"/>
						<String ID="P146_ST00067" HPOS="1037" VPOS="533" WIDTH="28" HEIGHT="30" CONTENT="El" WC="0.71" CC="05"/>
						<SP ID="P146_SP00060" HPOS="1065" VPOS="578" WIDTH="19"/>
						<String ID="P146_ST00068" HPOS="1084" VPOS="543" WIDTH="88" HEIGHT="21" CONTENT="comer" WC="0.67" CC="45400"/>
					</TextLine>
					<TextLine ID="P146_TL00009" HPOS="142" VPOS="589" WIDTH="954" HEIGHT="43">
						<String ID="P146_ST00069" HPOS="142" VPOS="598" WIDTH="43" HEIGHT="26" CONTENT="tan" WC="0.67" CC="720"/>
						<SP ID="P146_SP00061" HPOS="185" VPOS="624" WIDTH="16"/>
						<String ID="P146_ST00070" HPOS="201" VPOS="593" WIDTH="90" HEIGHT="30" CONTENT="salada" WC="0.81" CC="046000"/>
						<SP ID="P146_SP00062" HPOS="291" VPOS="624" WIDTH="18"/>
						<String ID="P146_ST00071" HPOS="309" VPOS="593" WIDTH="24" HEIGHT="30" CONTENT="la" WC="0.92" CC="10"/>
						<SP ID="P146_SP00063" HPOS="333" VPOS="624" WIDTH="12"/>
						<String ID="P146_ST00072" HPOS="345" VPOS="602" WIDTH="79" HEIGHT="21" CONTENT="carne" WC="0.68" CC="06306"/>
						<SP ID="P146_SP00064" HPOS="424" VPOS="624" WIDTH="14"/>
						<String ID="P146_ST00073" HPOS="438" VPOS="618" WIDTH="6" HEIGHT="10" CONTENT="," WC="1.00" CC="0"/>
						<SP ID="P146_SP00065" HPOS="444" VPOS="628" WIDTH="18"/>
						<String ID="P146_ST00074" HPOS="462" VPOS="602" WIDTH="45" HEIGHT="21" CONTENT="era" WC="0.92" CC="200"/>
						<SP ID="P146_SP00066" HPOS="507" VPOS="628" WIDTH="17"/>
						<String ID="P146_ST00075" HPOS="524" VPOS="592" WIDTH="25" HEIGHT="30" CONTENT="la" WC="0.67" CC="05"/>
						<SP ID="P146_SP00067" HPOS="549" VPOS="628" WIDTH="14"/>
						<String ID="P146_ST00076" HPOS="563" VPOS="591" WIDTH="130" HEIGHT="41" CONTENT="principal" WC="0.94" CC="000100030"/>
						<SP ID="P146_SP00068" HPOS="693" VPOS="632" WIDTH="14"/>
						<String ID="P146_ST00077" HPOS="707" VPOS="601" WIDTH="80" HEIGHT="20" CONTENT="causa" WC="0.72" CC="10344"/>
						<SP ID="P146_SP00069" HPOS="787" VPOS="632" WIDTH="14"/>
						<String ID="P146_ST00078" HPOS="801" VPOS="591" WIDTH="33" HEIGHT="30" CONTENT="de" WC="1.00" CC="00"/>
						<SP ID="P146_SP00070" HPOS="834" VPOS="632" WIDTH="15"/>
						<String ID="P146_ST00079" HPOS="849" VPOS="597" WIDTH="42" HEIGHT="24" CONTENT="lan" WC="0.44" CC="753"/>
						<SP ID="P146_SP00071" HPOS="891" VPOS="632" WIDTH="18"/>
						<String ID="P146_ST00080" HPOS="909" VPOS="590" WIDTH="109" HEIGHT="30" CONTENT="temible" WC="0.70" CC="3860010"/>
						<SP ID="P146_SP00072" HPOS="1018" VPOS="632" WIDTH="15"/>
						<String ID="P146_ST00081" HPOS="1033" VPOS="589" WIDTH="63" HEIGHT="30" CONTENT="mal." WC="0.84" CC="2030"/>
					</TextLine>
				</TextBlock>
				<TextBlock ID="P146_TB00005" HPOS="184" VPOS="646" WIDTH="983" HEIGHT="44" STYLEREFS="TXT_1 PAR_CENTER">
					<TextLine ID="P146_TL00010" HPOS="185" VPOS="646" WIDTH="982" HEIGHT="44">
						<String ID="P146_ST00082" HPOS="185" VPOS="650" WIDTH="63" HEIGHT="30" CONTENT="Olra" WC="0.72" CC="5031"/>
						<SP ID="P146_SP00073" HPOS="248" VPOS="680" WIDTH="14"/>
						<String ID="P146_ST00083" HPOS="262" VPOS="656" WIDTH="73" HEIGHT="34" CONTENT="parle" WC="0.75" CC="00065"/>
						<SP ID="P146_SP00074" HPOS="335" VPOS="690" WIDTH="11"/>
						<String ID="P146_ST00084" HPOS="346" VPOS="649" WIDTH="32" HEIGHT="30" CONTENT="de" WC="0.82" CC="03"/>
						<SP ID="P146_SP00075" HPOS="378" VPOS="690" WIDTH="12"/>
						<String ID="P146_ST00085" HPOS="390" VPOS="648" WIDTH="180" HEIGHT="37" CONTENT="inutilizados," WC="0.74" CC="0630020060550"/>
						<SP ID="P146_SP00076" HPOS="570" VPOS="690" WIDTH="14"/>
						<String ID="P146_ST00086" HPOS="584" VPOS="649" WIDTH="25" HEIGHT="30" CONTENT="lo" WC="1.00" CC="00"/>
						<SP ID="P146_SP00077" HPOS="609" VPOS="690" WIDTH="12"/>
						<String ID="P146_ST00087" HPOS="621" VPOS="648" WIDTH="109" HEIGHT="31" CONTENT="estaban" WC="0.73" CC="0083033"/>
						<SP ID="P146_SP00078" HPOS="730" VPOS="690" WIDTH="12"/>
						<String ID="P146_ST00088" HPOS="742" VPOS="646" WIDTH="164" HEIGHT="32" CONTENT="acometidos" WC="0.68" CC="0053060085"/>
						<SP ID="P146_SP00079" HPOS="906" VPOS="690" WIDTH="12"/>
						<String ID="P146_ST00089" HPOS="918" VPOS="657" WIDTH="47" HEIGHT="31" CONTENT="por" WC="0.86" CC="040"/>
						<SP ID="P146_SP00080" HPOS="965" VPOS="690" WIDTH="12"/>
						<String ID="P146_ST00090" HPOS="977" VPOS="646" WIDTH="24" HEIGHT="30" CONTENT="la" WC="0.46" CC="54"/>
						<SP ID="P146_SP00081" HPOS="1001" VPOS="690" WIDTH="12"/>
						<String ID="P146_ST00091" HPOS="1013" VPOS="646" WIDTH="154" HEIGHT="30" CONTENT="disentería." WC="0.87" CC="00004700000"/>
					</TextLine>
				</TextBlock>
				<TextBlock ID="P146_TB00006" HPOS="140" VPOS="702" WIDTH="1030" HEIGHT="213" STYLEREFS="TXT_1 PAR_LEFT">
					<TextLine ID="P146_TL00011" HPOS="184" VPOS="702" WIDTH="986" HEIGHT="43">
						<String ID="P146_ST00092" HPOS="184" VPOS="707" WIDTH="22" HEIGHT="28" CONTENT="Y" WC="0.95" CC="0"/>
						<SP ID="P146_SP00082" HPOS="206" VPOS="735" WIDTH="15"/>
						<String ID="P146_ST00093" HPOS="221" VPOS="716" WIDTH="34" HEIGHT="19" CONTENT="no" WC="0.49" CC="63"/>
						<SP ID="P146_SP00083" HPOS="255" VPOS="735" WIDTH="12"/>
						<String ID="P146_ST00094" HPOS="267" VPOS="716" WIDTH="62" HEIGHT="19" CONTENT="eran" WC="1.00" CC="0000"/>
						<SP ID="P146_SP00084" HPOS="329" VPOS="735" WIDTH="17"/>
						<String ID="P146_ST00095" HPOS="346" VPOS="706" WIDTH="148" HEIGHT="29" CONTENT="solamente" WC="0.56" CC="407566430"/>
						<SP ID="P146_SP00085" HPOS="494" VPOS="735" WIDTH="16"/>
						<String ID="P146_ST00096" HPOS="510" VPOS="710" WIDTH="69" HEIGHT="25" CONTENT="estas" WC="0.71" CC="05502"/>
						<SP ID="P146_SP00086" HPOS="579" VPOS="735" WIDTH="14"/>
						<String ID="P146_ST00097" HPOS="593" VPOS="704" WIDTH="204" HEIGHT="31" CONTENT="enfermedades" WC="0.74" CC="280005000067"/>
						<SP ID="P146_SP00087" HPOS="797" VPOS="735" WIDTH="15"/>
						<String ID="P146_ST00098" HPOS="812" VPOS="704" WIDTH="41" HEIGHT="30" CONTENT="las" WC="0.70" CC="035"/>
						<SP ID="P146_SP00088" HPOS="853" VPOS="735" WIDTH="16"/>
						<String ID="P146_ST00099" HPOS="869" VPOS="714" WIDTH="53" HEIGHT="31" CONTENT="que" WC="0.85" CC="021"/>
						<SP ID="P146_SP00089" HPOS="922" VPOS="745" WIDTH="13"/>
						<String ID="P146_ST00100" HPOS="935" VPOS="703" WIDTH="111" HEIGHT="41" CONTENT="padecía" WC="0.82" CC="0006031"/>
						<SP ID="P146_SP00090" HPOS="1046" VPOS="745" WIDTH="16"/>
						<String ID="P146_ST00101" HPOS="1062" VPOS="702" WIDTH="24" HEIGHT="32" CONTENT="el" WC="0.67" CC="60"/>
						<SP ID="P146_SP00091" HPOS="1086" VPOS="745" WIDTH="15"/>
						<String ID="P146_ST00102" HPOS="1101" VPOS="702" WIDTH="69" HEIGHT="41" CONTENT="ejér" SUBS_TYPE="HypPart1" SUBS_CONTENT="ejército" WC="0.82" CC="21021"/>
						<HYP CONTENT="-"/>
					</TextLine>
					<TextLine ID="P146_TL00012" HPOS="141" VPOS="760" WIDTH="1029" HEIGHT="44">
						<String ID="P146_ST00103" HPOS="141" VPOS="763" WIDTH="52" HEIGHT="31" CONTENT="cito" SUBS_TYPE="HypPart2" SUBS_CONTENT="ejército" WC="0.60" CC="0573"/>
						<SP ID="P146_SP00092" HPOS="193" VPOS="794" WIDTH="13"/>
						<String ID="P146_ST00104" HPOS="206" VPOS="773" WIDTH="31" HEIGHT="20" CONTENT="en" WC="0.33" CC="67"/>
						<SP ID="P146_SP00093" HPOS="237" VPOS="794" WIDTH="14"/>
						<String ID="P146_ST00105" HPOS="251" VPOS="763" WIDTH="23" HEIGHT="29" CONTENT="la" WC="0.85" CC="02"/>
						<SP ID="P146_SP00094" HPOS="274" VPOS="794" WIDTH="17"/>
						<String ID="P146_ST00106" HPOS="291" VPOS="764" WIDTH="112" HEIGHT="29" CONTENT="Crimea." WC="0.67" CC="2526230"/>
						<SP ID="P146_SP00095" HPOS="403" VPOS="794" WIDTH="19"/>
						<String ID="P146_ST00107" HPOS="422" VPOS="763" WIDTH="29" HEIGHT="29" CONTENT="El" WC="0.66" CC="06"/>
						<SP ID="P146_SP00096" HPOS="451" VPOS="794" WIDTH="15"/>
						<String ID="P146_ST00108" HPOS="466" VPOS="762" WIDTH="62" HEIGHT="30" CONTENT="tifus" WC="0.85" CC="10006"/>
						<SP ID="P146_SP00097" HPOS="528" VPOS="794" WIDTH="24"/>
						<String ID="P146_ST00109" HPOS="552" VPOS="773" WIDTH="17" HEIGHT="31" CONTENT="y" WC="1.00" CC="0"/>
						<SP ID="P146_SP00098" HPOS="569" VPOS="804" WIDTH="22"/>
						<String ID="P146_ST00110" HPOS="591" VPOS="762" WIDTH="24" HEIGHT="30" CONTENT="el" WC="0.95" CC="00"/>
						<SP ID="P146_SP00099" HPOS="615" VPOS="804" WIDTH="14"/>
						<String ID="P146_ST00111" HPOS="629" VPOS="762" WIDTH="88" HEIGHT="30" CONTENT="cólera" WC="0.74" CC="065030"/>
						<SP ID="P146_SP00100" HPOS="717" VPOS="804" WIDTH="17"/>
						<String ID="P146_ST00112" HPOS="734" VPOS="772" WIDTH="33" HEIGHT="19" CONTENT="no" WC="0.46" CC="63"/>
						<SP ID="P146_SP00101" HPOS="767" VPOS="804" WIDTH="14"/>
						<String ID="P146_ST00113" HPOS="781" VPOS="761" WIDTH="116" HEIGHT="40" CONTENT="dejaban" WC="0.67" CC="0700744"/>
						<SP ID="P146_SP00102" HPOS="897" VPOS="804" WIDTH="20"/>
						<String ID="P146_ST00114" HPOS="917" VPOS="761" WIDTH="34" HEIGHT="29" CONTENT="de" WC="0.96" CC="00"/>
						<SP ID="P146_SP00103" HPOS="951" VPOS="804" WIDTH="14"/>
						<String ID="P146_ST00115" HPOS="965" VPOS="761" WIDTH="81" HEIGHT="29" CONTENT="hacer" WC="0.75" CC="30052"/>
						<SP ID="P146_SP00104" HPOS="1046" VPOS="804" WIDTH="13"/>
						<String ID="P146_ST00116" HPOS="1059" VPOS="760" WIDTH="111" HEIGHT="41" CONTENT="algunos" WC="0.65" CC="6103740"/>
					</TextLine>
					<TextLine ID="P146_TL00013" HPOS="141" VPOS="817" WIDTH="1027" HEIGHT="43">
						<String ID="P146_ST00117" HPOS="141" VPOS="824" WIDTH="130" HEIGHT="36" CONTENT="estragos." WC="0.71" CC="302550530"/>
						<SP ID="P146_SP00105" HPOS="271" VPOS="860" WIDTH="17"/>
						<String ID="P146_ST00118" HPOS="288" VPOS="821" WIDTH="35" HEIGHT="28" CONTENT="La" WC="1.00" CC="00"/>
						<SP ID="P146_SP00106" HPOS="323" VPOS="860" WIDTH="16"/>
						<String ID="P146_ST00119" HPOS="339" VPOS="819" WIDTH="64" HEIGHT="31" CONTENT="cifra" WC="0.88" CC="00005"/>
						<SP ID="P146_SP00107" HPOS="403" VPOS="860" WIDTH="16"/>
						<String ID="P146_ST00120" HPOS="419" VPOS="819" WIDTH="58" HEIGHT="30" CONTENT="total" WC="0.68" CC="60152"/>
						<SP ID="P146_SP00108" HPOS="477" VPOS="860" WIDTH="19"/>
						<String ID="P146_ST00121" HPOS="496" VPOS="819" WIDTH="33" HEIGHT="30" CONTENT="de" WC="0.84" CC="03"/>
						<SP ID="P146_SP00109" HPOS="529" VPOS="860" WIDTH="13"/>
						<String ID="P146_ST00122" HPOS="542" VPOS="818" WIDTH="124" HEIGHT="41" CONTENT="pérdidas" WC="0.83" CC="05000025"/>
						<SP ID="P146_SP00110" HPOS="666" VPOS="860" WIDTH="15"/>
						<String ID="P146_ST00123" HPOS="681" VPOS="828" WIDTH="44" HEIGHT="20" CONTENT="era" WC="0.68" CC="054"/>
						<SP ID="P146_SP00111" HPOS="725" VPOS="860" WIDTH="18"/>
						<String ID="P146_ST00124" HPOS="743" VPOS="828" WIDTH="32" HEIGHT="31" CONTENT="ya" WC="1.00" CC="00"/>
						<SP ID="P146_SP00112" HPOS="775" VPOS="860" WIDTH="19"/>
						<String ID="P146_ST00125" HPOS="794" VPOS="829" WIDTH="31" HEIGHT="18" CONTENT="en" WC="0.82" CC="03"/>
						<SP ID="P146_SP00113" HPOS="825" VPOS="860" WIDTH="16"/>
						<String ID="P146_ST00126" HPOS="841" VPOS="823" WIDTH="55" HEIGHT="24" CONTENT="esla" WC="0.82" CC="0303"/>
						<SP ID="P146_SP00114" HPOS="896" VPOS="860" WIDTH="18"/>
						<String ID="P146_ST00127" HPOS="914" VPOS="817" WIDTH="77" HEIGHT="31" CONTENT="fecha" WC="0.59" CC="60075"/>
						<SP ID="P146_SP00115" HPOS="991" VPOS="860" WIDTH="16"/>
						<String ID="P146_ST00128" HPOS="1007" VPOS="817" WIDTH="34" HEIGHT="30" CONTENT="de" WC="1.00" CC="00"/>
						<SP ID="P146_SP00116" HPOS="1041" VPOS="860" WIDTH="16"/>
						<String ID="P146_ST00129" HPOS="1057" VPOS="819" WIDTH="111" HEIGHT="35" CONTENT="45,000" WC="0.68" CC="070506"/>
					</TextLine>
					<TextLine ID="P146_TL00014" HPOS="140" VPOS="875" WIDTH="722" HEIGHT="40">
						<String ID="P146_ST00130" HPOS="140" VPOS="876" WIDTH="126" HEIGHT="30" CONTENT="hombres" WC="0.44" CC="7196507"/>
						<SP ID="P146_SP00117" HPOS="266" VPOS="906" WIDTH="12"/>
						<String ID="P146_ST00131" HPOS="278" VPOS="882" WIDTH="116" HEIGHT="24" CONTENT="muertos" WC="0.70" CC="5200740"/>
						<SP ID="P146_SP00118" HPOS="394" VPOS="906" WIDTH="13"/>
						<String ID="P146_ST00132" HPOS="407" VPOS="900" WIDTH="6" HEIGHT="11" CONTENT="," WC="1.00" CC="0"/>
						<SP ID="P146_SP00119" HPOS="413" VPOS="911" WIDTH="18"/>
						<String ID="P146_ST00133" HPOS="431" VPOS="887" WIDTH="15" HEIGHT="28" CONTENT="y" WC="0.49" CC="5"/>
						<SP ID="P146_SP00120" HPOS="446" VPOS="915" WIDTH="20"/>
						<String ID="P146_ST00134" HPOS="466" VPOS="878" WIDTH="113" HEIGHT="33" CONTENT="30,000" WC="0.77" CC="050304"/>
						<SP ID="P146_SP00121" HPOS="579" VPOS="915" WIDTH="14"/>
						<String ID="P146_ST00135" HPOS="593" VPOS="876" WIDTH="75" HEIGHT="30" CONTENT="fuera" WC="0.72" CC="45004"/>
						<SP ID="P146_SP00122" HPOS="668" VPOS="915" WIDTH="11"/>
						<String ID="P146_ST00136" HPOS="679" VPOS="875" WIDTH="33" HEIGHT="30" CONTENT="de" WC="0.72" CC="05"/>
						<SP ID="P146_SP00123" HPOS="712" VPOS="915" WIDTH="16"/>
						<String ID="P146_ST00137" HPOS="728" VPOS="875" WIDTH="134" HEIGHT="31" CONTENT="combate." WC="0.63" CC="03854700"/>
					</TextLine>
				</TextBlock>
				<TextBlock ID="P146_TB00007" HPOS="139" VPOS="931" WIDTH="1026" HEIGHT="154" STYLEREFS="TXT_1 PAR_LEFT">
					<TextLine ID="P146_TL00015" HPOS="180" VPOS="931" WIDTH="985" HEIGHT="41">
						<String ID="P146_ST00138" HPOS="180" VPOS="933" WIDTH="37" HEIGHT="29" CONTENT="La" WC="0.72" CC="13"/>
						<SP ID="P146_SP00124" HPOS="217" VPOS="962" WIDTH="20"/>
						<String ID="P146_ST00139" HPOS="237" VPOS="942" WIDTH="96" HEIGHT="30" CONTENT="guerra" WC="0.63" CC="050393"/>
						<SP ID="P146_SP00125" HPOS="333" VPOS="972" WIDTH="22"/>
						<String ID="P146_ST00140" HPOS="355" VPOS="943" WIDTH="33" HEIGHT="18" CONTENT="no" WC="0.90" CC="01"/>
						<SP ID="P146_SP00126" HPOS="388" VPOS="972" WIDTH="22"/>
						<String ID="P146_ST00141" HPOS="410" VPOS="932" WIDTH="111" HEIGHT="30" CONTENT="hubiera" WC="0.69" CC="6160600"/>
						<SP ID="P146_SP00127" HPOS="521" VPOS="972" WIDTH="22"/>
						<String ID="P146_ST00142" HPOS="543" VPOS="932" WIDTH="59" HEIGHT="29" CONTENT="sido" WC="0.89" CC="2001"/>
						<SP ID="P146_SP00128" HPOS="602" VPOS="972" WIDTH="22"/>
						<String ID="P146_ST00143" HPOS="624" VPOS="937" WIDTH="42" HEIGHT="24" CONTENT="tan" WC="0.67" CC="305"/>
						<SP ID="P146_SP00129" HPOS="666" VPOS="972" WIDTH="25"/>
						<String ID="P146_ST00144" HPOS="691" VPOS="931" WIDTH="151" HEIGHT="30" CONTENT="desastrosa" WC="0.62" CC="0406560573"/>
						<SP ID="P146_SP00130" HPOS="842" VPOS="972" WIDTH="16"/>
						<String ID="P146_ST00145" HPOS="858" VPOS="956" WIDTH="6" HEIGHT="11" CONTENT="," WC="0.55" CC="4"/>
						<SP ID="P146_SP00131" HPOS="864" VPOS="972" WIDTH="27"/>
						<String ID="P146_ST00146" HPOS="891" VPOS="932" WIDTH="14" HEIGHT="29" CONTENT="á" WC="1.00" CC="0"/>
						<SP ID="P146_SP00132" HPOS="905" VPOS="972" WIDTH="17"/>
						<String ID="P146_ST00147" HPOS="922" VPOS="941" WIDTH="34" HEIGHT="20" CONTENT="no" WC="0.36" CC="65"/>
						<SP ID="P146_SP00133" HPOS="956" VPOS="972" WIDTH="13"/>
						<String ID="P146_ST00148" HPOS="969" VPOS="931" WIDTH="84" HEIGHT="30" CONTENT="haber" WC="0.82" CC="62000"/>
						<SP ID="P146_SP00134" HPOS="1053" VPOS="972" WIDTH="16"/>
						<String ID="P146_ST00149" HPOS="1069" VPOS="931" WIDTH="96" HEIGHT="31" CONTENT="venido" WC="0.84" CC="600003"/>
					</TextLine>
					<TextLine ID="P146_TL00016" HPOS="140" VPOS="987" WIDTH="1025" HEIGHT="42">
						<String ID="P146_ST00150" HPOS="140" VPOS="988" WIDTH="179" HEIGHT="40" CONTENT="acompañada" WC="0.75" CC="0007159000"/>
						<SP ID="P146_SP00135" HPOS="319" VPOS="1028" WIDTH="15"/>
						<String ID="P146_ST00151" HPOS="334" VPOS="999" WIDTH="47" HEIGHT="30" CONTENT="por" WC="0.80" CC="050"/>
						<SP ID="P146_SP00136" HPOS="381" VPOS="1029" WIDTH="12"/>
						<String ID="P146_ST00152" HPOS="393" VPOS="988" WIDTH="23" HEIGHT="29" CONTENT="el" WC="1.00" CC="00"/>
						<SP ID="P146_SP00137" HPOS="416" VPOS="1029" WIDTH="15"/>
						<String ID="P146_ST00153" HPOS="431" VPOS="990" WIDTH="71" HEIGHT="38" CONTENT="rigor" WC="0.76" CC="07030"/>
						<SP ID="P146_SP00138" HPOS="502" VPOS="1029" WIDTH="16"/>
						<String ID="P146_ST00154" HPOS="518" VPOS="988" WIDTH="42" HEIGHT="30" CONTENT="del" WC="0.78" CC="041"/>
						<SP ID="P146_SP00139" HPOS="560" VPOS="1029" WIDTH="12"/>
						<String ID="P146_ST00155" HPOS="572" VPOS="989" WIDTH="137" HEIGHT="35" CONTENT="invierno," WC="0.82" CC="070100230"/>
						<SP ID="P146_SP00140" HPOS="709" VPOS="1029" WIDTH="19"/>
						<String ID="P146_ST00156" HPOS="728" VPOS="999" WIDTH="17" HEIGHT="30" CONTENT="y" WC="1.00" CC="0"/>
						<SP ID="P146_SP00141" HPOS="745" VPOS="1029" WIDTH="12"/>
						<String ID="P146_ST00157" HPOS="757" VPOS="999" WIDTH="47" HEIGHT="29" CONTENT="por" WC="0.64" CC="505"/>
						<SP ID="P146_SP00142" HPOS="804" VPOS="1029" WIDTH="13"/>
						<String ID="P146_ST00158" HPOS="817" VPOS="988" WIDTH="39" HEIGHT="30" CONTENT="las" WC="0.80" CC="050"/>
						<SP ID="P146_SP00143" HPOS="856" VPOS="1029" WIDTH="12"/>
						<String ID="P146_ST00159" HPOS="868" VPOS="987" WIDTH="220" HEIGHT="37" CONTENT="enfermedades;" WC="0.92" CC="0001060000010"/>
						<SP ID="P146_SP00144" HPOS="1088" VPOS="1029" WIDTH="20"/>
						<String ID="P146_ST00160" HPOS="1108" VPOS="998" WIDTH="57" HEIGHT="21" CONTENT="ma" SUBS_TYPE="HypPart1" SUBS_CONTENT="males" WC="0.65" CC="703"/>
						<HYP CONTENT="-"/>
					</TextLine>
					<TextLine ID="P146_TL00017" HPOS="140" VPOS="1044" WIDTH="676" HEIGHT="41">
						<String ID="P146_ST00161" HPOS="140" VPOS="1044" WIDTH="39" HEIGHT="30" CONTENT="les" SUBS_TYPE="HypPart2" SUBS_CONTENT="males" WC="0.80" CC="302"/>
						<SP ID="P146_SP00145" HPOS="179" VPOS="1074" WIDTH="16"/>
						<String ID="P146_ST00162" HPOS="195" VPOS="1055" WIDTH="51" HEIGHT="30" CONTENT="que" WC="1.00" CC="000"/>
						<SP ID="P146_SP00146" HPOS="246" VPOS="1085" WIDTH="16"/>
						<String ID="P146_ST00163" HPOS="262" VPOS="1055" WIDTH="48" HEIGHT="20" CONTENT="con" WC="0.95" CC="010"/>
						<SP ID="P146_SP00147" HPOS="310" VPOS="1085" WIDTH="14"/>
						<String ID="P146_ST00164" HPOS="324" VPOS="1044" WIDTH="157" HEIGHT="41" CONTENT="inesperada" WC="0.79" CC="4409010000"/>
						<SP ID="P146_SP00148" HPOS="481" VPOS="1085" WIDTH="14"/>
						<String ID="P146_ST00165" HPOS="495" VPOS="1044" WIDTH="84" HEIGHT="41" CONTENT="porfía" WC="0.72" CC="054006"/>
						<SP ID="P146_SP00149" HPOS="579" VPOS="1085" WIDTH="14"/>
						<String ID="P146_ST00166" HPOS="593" VPOS="1055" WIDTH="28" HEIGHT="20" CONTENT="se" WC="1.00" CC="00"/>
						<SP ID="P146_SP00150" HPOS="621" VPOS="1085" WIDTH="16"/>
						<String ID="P146_ST00167" HPOS="637" VPOS="1045" WIDTH="179" HEIGHT="29" CONTENT="sostuvieron." WC="0.84" CC="160030003300"/>
					</TextLine>
				</TextBlock>
				<TextBlock ID="P146_TB00008" HPOS="138" VPOS="1100" WIDTH="1026" HEIGHT="98" STYLEREFS="TXT_1 PAR_LEFT">
					<TextLine ID="P146_TL00018" HPOS="181" VPOS="1100" WIDTH="983" HEIGHT="42">
						<String ID="P146_ST00168" HPOS="181" VPOS="1103" WIDTH="63" HEIGHT="38" CONTENT="Muy" WC="1.00" CC="000"/>
						<SP ID="P146_SP00151" HPOS="244" VPOS="1141" WIDTH="16"/>
						<String ID="P146_ST00169" HPOS="260" VPOS="1108" WIDTH="164" HEIGHT="34" CONTENT="repugnante" WC="0.67" CC="0300932470"/>
						<SP ID="P146_SP00152" HPOS="424" VPOS="1142" WIDTH="13"/>
						<String ID="P146_ST00170" HPOS="437" VPOS="1111" WIDTH="43" HEIGHT="20" CONTENT="era" WC="1.00" CC="000"/>
						<SP ID="P146_SP00153" HPOS="480" VPOS="1142" WIDTH="19"/>
						<String ID="P146_ST00171" HPOS="499" VPOS="1106" WIDTH="79" HEIGHT="26" CONTENT="tratar" WC="0.80" CC="000019"/>
						<SP ID="P146_SP00154" HPOS="578" VPOS="1142" WIDTH="19"/>
						<String ID="P146_ST00172" HPOS="597" VPOS="1112" WIDTH="51" HEIGHT="20" CONTENT="con" WC="0.42" CC="447"/>
						<SP ID="P146_SP00155" HPOS="648" VPOS="1142" WIDTH="17"/>
						<String ID="P146_ST00173" HPOS="665" VPOS="1107" WIDTH="68" HEIGHT="24" CONTENT="tanta" WC="0.76" CC="70040"/>
						<SP ID="P146_SP00156" HPOS="733" VPOS="1142" WIDTH="17"/>
						<String ID="P146_ST00174" HPOS="750" VPOS="1101" WIDTH="72" HEIGHT="30" CONTENT="clase" WC="0.53" CC="07554"/>
						<SP ID="P146_SP00157" HPOS="822" VPOS="1142" WIDTH="16"/>
						<String ID="P146_ST00175" HPOS="838" VPOS="1100" WIDTH="33" HEIGHT="32" CONTENT="de" WC="1.00" CC="00"/>
						<SP ID="P146_SP00158" HPOS="871" VPOS="1142" WIDTH="16"/>
						<String ID="P146_ST00176" HPOS="887" VPOS="1100" WIDTH="134" HEIGHT="32" CONTENT="enfermos" WC="0.75" CC="07304400"/>
						<SP ID="P146_SP00159" HPOS="1021" VPOS="1142" WIDTH="16"/>
						<String ID="P146_ST00177" HPOS="1037" VPOS="1113" WIDTH="5" HEIGHT="18" CONTENT=":" WC="0.72" CC="2"/>
						<SP ID="P146_SP00160" HPOS="1042" VPOS="1142" WIDTH="20"/>
						<String ID="P146_ST00178" HPOS="1062" VPOS="1101" WIDTH="78" HEIGHT="31" CONTENT="venia" WC="0.69" CC="00752"/>
						<SP ID="P146_SP00161" HPOS="1140" VPOS="1142" WIDTH="12"/>
						<String ID="P146_ST00179" HPOS="1152" VPOS="1103" WIDTH="12" HEIGHT="29" CONTENT="á" WC="1.00" CC="0"/>
					</TextLine>
					<TextLine ID="P146_TL00019" HPOS="139" VPOS="1157" WIDTH="712" HEIGHT="41">
						<String ID="P146_ST00180" HPOS="139" VPOS="1157" WIDTH="162" HEIGHT="30" CONTENT="convertirse" WC="0.80" CC="03400300640"/>
						<SP ID="P146_SP00162" HPOS="301" VPOS="1187" WIDTH="13"/>
						<String ID="P146_ST00181" HPOS="314" VPOS="1157" WIDTH="24" HEIGHT="30" CONTENT="el" WC="1.00" CC="00"/>
						<SP ID="P146_SP00163" HPOS="338" VPOS="1187" WIDTH="16"/>
						<String ID="P146_ST00182" HPOS="354" VPOS="1157" WIDTH="90" HEIGHT="41" CONTENT="buque" WC="0.79" CC="53000"/>
						<SP ID="P146_SP00164" HPOS="444" VPOS="1198" WIDTH="17"/>
						<String ID="P146_ST00183" HPOS="461" VPOS="1168" WIDTH="31" HEIGHT="19" CONTENT="en" WC="0.84" CC="11"/>
						<SP ID="P146_SP00165" HPOS="492" VPOS="1198" WIDTH="14"/>
						<String ID="P146_ST00184" HPOS="506" VPOS="1168" WIDTH="35" HEIGHT="19" CONTENT="un" WC="0.95" CC="00"/>
						<SP ID="P146_SP00166" HPOS="541" VPOS="1198" WIDTH="18"/>
						<String ID="P146_ST00185" HPOS="559" VPOS="1157" WIDTH="147" HEIGHT="30" CONTENT="verdadero" WC="0.83" CC="000009005"/>
						<SP ID="P146_SP00167" HPOS="706" VPOS="1198" WIDTH="13"/>
						<String ID="P146_ST00186" HPOS="719" VPOS="1157" WIDTH="132" HEIGHT="41" CONTENT="hospilal." WC="0.76" CC="706000303"/>
					</TextLine>
				</TextBlock>
				<TextBlock ID="P146_TB00009" HPOS="135" VPOS="1212" WIDTH="1031" HEIGHT="324" STYLEREFS="TXT_1 PAR_LEFT">
					<TextLine ID="P146_TL00020" HPOS="182" VPOS="1212" WIDTH="984" HEIGHT="42">
						<String ID="P146_ST00187" HPOS="182" VPOS="1212" WIDTH="30" HEIGHT="30" CONTENT="Al" WC="1.00" CC="00"/>
						<SP ID="P146_SP00168" HPOS="212" VPOS="1242" WIDTH="17"/>
						<String ID="P146_ST00188" HPOS="229" VPOS="1212" WIDTH="145" HEIGHT="31" CONTENT="anochecer" WC="0.78" CC="045270000"/>
						<SP ID="P146_SP00169" HPOS="374" VPOS="1243" WIDTH="13"/>
						<String ID="P146_ST00189" HPOS="387" VPOS="1213" WIDTH="118" HEIGHT="41" CONTENT="dejamos" WC="0.76" CC="0011606"/>
						<SP ID="P146_SP00170" HPOS="505" VPOS="1254" WIDTH="16"/>
						<String ID="P146_ST00190" HPOS="521" VPOS="1219" WIDTH="56" HEIGHT="25" CONTENT="otra" WC="0.74" CC="2340"/>
						<SP ID="P146_SP00171" HPOS="577" VPOS="1254" WIDTH="13"/>
						<String ID="P146_ST00191" HPOS="590" VPOS="1225" WIDTH="47" HEIGHT="19" CONTENT="vez" WC="0.52" CC="832"/>
						<SP ID="P146_SP00172" HPOS="637" VPOS="1254" WIDTH="17"/>
						<String ID="P146_ST00192" HPOS="654" VPOS="1214" WIDTH="23" HEIGHT="29" CONTENT="la" WC="1.00" CC="00"/>
						<SP ID="P146_SP00173" HPOS="677" VPOS="1254" WIDTH="16"/>
						<String ID="P146_ST00193" HPOS="693" VPOS="1215" WIDTH="98" HEIGHT="39" CONTENT="trágica" WC="0.86" CC="0009000"/>
						<SP ID="P146_SP00174" HPOS="791" VPOS="1254" WIDTH="17"/>
						<String ID="P146_ST00194" HPOS="808" VPOS="1214" WIDTH="116" HEIGHT="29" CONTENT="Crimea." WC="0.78" CC="5015020"/>
						<SP ID="P146_SP00175" HPOS="924" VPOS="1254" WIDTH="21"/>
						<String ID="P146_ST00195" HPOS="945" VPOS="1215" WIDTH="37" HEIGHT="28" CONTENT="Lo" WC="0.78" CC="12"/>
						<SP ID="P146_SP00176" HPOS="982" VPOS="1254" WIDTH="16"/>
						<String ID="P146_ST00196" HPOS="998" VPOS="1225" WIDTH="53" HEIGHT="29" CONTENT="que" WC="0.83" CC="050"/>
						<SP ID="P146_SP00177" HPOS="1051" VPOS="1254" WIDTH="17"/>
						<String ID="P146_ST00197" HPOS="1068" VPOS="1224" WIDTH="32" HEIGHT="20" CONTENT="en" WC="0.66" CC="06"/>
						<SP ID="P146_SP00178" HPOS="1100" VPOS="1254" WIDTH="17"/>
						<String ID="P146_ST00198" HPOS="1117" VPOS="1214" WIDTH="49" HEIGHT="30" CONTENT="ella" WC="0.84" CC="0600"/>
					</TextLine>
					<TextLine ID="P146_TL00021" HPOS="138" VPOS="1270" WIDTH="1028" HEIGHT="41">
						<String ID="P146_ST00199" HPOS="138" VPOS="1273" WIDTH="124" HEIGHT="25" CONTENT="entonces" WC="0.63" CC="56056104"/>
						<SP ID="P146_SP00179" HPOS="262" VPOS="1298" WIDTH="25"/>
						<String ID="P146_ST00200" HPOS="287" VPOS="1270" WIDTH="102" HEIGHT="29" CONTENT="ocurría" WC="0.77" CC="4060400"/>
						<SP ID="P146_SP00180" HPOS="389" VPOS="1299" WIDTH="16"/>
						<String ID="P146_ST00201" HPOS="405" VPOS="1280" WIDTH="34" HEIGHT="19" CONTENT="no" WC="0.34" CC="66"/>
						<SP ID="P146_SP00181" HPOS="439" VPOS="1299" WIDTH="16"/>
						<String ID="P146_ST00202" HPOS="455" VPOS="1280" WIDTH="104" HEIGHT="19" CONTENT="merece" WC="0.86" CC="700000"/>
						<SP ID="P146_SP00182" HPOS="559" VPOS="1299" WIDTH="28"/>
						<String ID="P146_ST00203" HPOS="587" VPOS="1270" WIDTH="23" HEIGHT="30" CONTENT="la" WC="0.83" CC="30"/>
						<SP ID="P146_SP00183" HPOS="610" VPOS="1300" WIDTH="25"/>
						<String ID="P146_ST00204" HPOS="635" VPOS="1280" WIDTH="67" HEIGHT="30" CONTENT="pena" WC="0.93" CC="0020"/>
						<SP ID="P146_SP00184" HPOS="702" VPOS="1310" WIDTH="17"/>
						<String ID="P146_ST00205" HPOS="719" VPOS="1295" WIDTH="5" HEIGHT="11" CONTENT="," WC="1.00" CC="0"/>
						<SP ID="P146_SP00185" HPOS="724" VPOS="1310" WIDTH="27"/>
						<String ID="P146_ST00206" HPOS="751" VPOS="1270" WIDTH="55" HEIGHT="30" CONTENT="casi" WC="0.60" CC="0635"/>
						<String ID="P146_ST00207" HPOS="821" VPOS="1295" WIDTH="6" HEIGHT="11" CONTENT="," WC="0.66" CC="3"/>
						<SP ID="P146_SP00186" HPOS="827" VPOS="1310" WIDTH="27"/>
						<String ID="P146_ST00208" HPOS="854" VPOS="1270" WIDTH="33" HEIGHT="29" CONTENT="de" WC="0.68" CC="06"/>
						<SP ID="P146_SP00187" HPOS="887" VPOS="1310" WIDTH="15"/>
						<String ID="P146_ST00209" HPOS="902" VPOS="1270" WIDTH="175" HEIGHT="41" CONTENT="consignarse" WC="0.75" CC="04550061030"/>
						<SP ID="P146_SP00188" HPOS="1077" VPOS="1311" WIDTH="16"/>
						<String ID="P146_ST00210" HPOS="1093" VPOS="1281" WIDTH="73" HEIGHT="20" CONTENT="como" WC="0.29" CC="7686"/>
					</TextLine>
					<TextLine ID="P146_TL00022" HPOS="137" VPOS="1323" WIDTH="1029" HEIGHT="44">
						<String ID="P146_ST00211" HPOS="137" VPOS="1323" WIDTH="173" HEIGHT="30" CONTENT="memorable." WC="0.68" CC="6075506000"/>
						<SP ID="P146_SP00189" HPOS="310" VPOS="1353" WIDTH="26"/>
						<String ID="P146_ST00212" HPOS="336" VPOS="1326" WIDTH="51" HEIGHT="28" CONTENT="Los" WC="0.78" CC="060"/>
						<SP ID="P146_SP00190" HPOS="387" VPOS="1354" WIDTH="20"/>
						<String ID="P146_ST00213" HPOS="407" VPOS="1326" WIDTH="123" HEIGHT="39" CONTENT="ejércitos" WC="0.84" CC="000000760"/>
						<SP ID="P146_SP00191" HPOS="530" VPOS="1365" WIDTH="17"/>
						<String ID="P146_ST00214" HPOS="547" VPOS="1326" WIDTH="110" HEIGHT="40" CONTENT="seguían" WC="0.51" CC="4095067"/>
						<SP ID="P146_SP00192" HPOS="657" VPOS="1366" WIDTH="16"/>
						<String ID="P146_ST00215" HPOS="673" VPOS="1326" WIDTH="136" HEIGHT="41" CONTENT="ocupados" WC="0.77" CC="50504020"/>
						<SP ID="P146_SP00193" HPOS="809" VPOS="1367" WIDTH="17"/>
						<String ID="P146_ST00216" HPOS="826" VPOS="1337" WIDTH="32" HEIGHT="19" CONTENT="en" WC="0.35" CC="57"/>
						<SP ID="P146_SP00194" HPOS="858" VPOS="1367" WIDTH="17"/>
						<String ID="P146_ST00217" HPOS="875" VPOS="1332" WIDTH="138" HEIGHT="25" CONTENT="aumentar" WC="0.76" CC="04703003"/>
						<SP ID="P146_SP00195" HPOS="1013" VPOS="1367" WIDTH="21"/>
						<String ID="P146_ST00218" HPOS="1034" VPOS="1327" WIDTH="39" HEIGHT="30" CONTENT="las" WC="0.57" CC="451"/>
						<SP ID="P146_SP00196" HPOS="1073" VPOS="1367" WIDTH="16"/>
						<String ID="P146_ST00219" HPOS="1089" VPOS="1327" WIDTH="77" HEIGHT="31" CONTENT="obras" WC="0.80" CC="05003"/>
					</TextLine>
					<TextLine ID="P146_TL00023" HPOS="137" VPOS="1380" WIDTH="1029" HEIGHT="45">
						<String ID="P146_ST00220" HPOS="137" VPOS="1380" WIDTH="34" HEIGHT="30" CONTENT="de" WC="0.91" CC="01"/>
						<SP ID="P146_SP00197" HPOS="171" VPOS="1410" WIDTH="16"/>
						<String ID="P146_ST00221" HPOS="187" VPOS="1386" WIDTH="95" HEIGHT="35" CONTENT="ataque" WC="0.70" CC="505060"/>
						<SP ID="P146_SP00198" HPOS="282" VPOS="1421" WIDTH="14"/>
						<String ID="P146_ST00222" HPOS="296" VPOS="1405" WIDTH="5" HEIGHT="10" CONTENT="," WC="1.00" CC="0"/>
						<SP ID="P146_SP00199" HPOS="301" VPOS="1421" WIDTH="20"/>
						<String ID="P146_ST00223" HPOS="321" VPOS="1381" WIDTH="156" HEIGHT="41" CONTENT="originando" WC="0.85" CC="4000021400"/>
						<SP ID="P146_SP00200" HPOS="477" VPOS="1422" WIDTH="16"/>
						<String ID="P146_ST00224" HPOS="493" VPOS="1382" WIDTH="22" HEIGHT="30" CONTENT="la" WC="0.79" CC="04"/>
						<SP ID="P146_SP00201" HPOS="515" VPOS="1422" WIDTH="13"/>
						<String ID="P146_ST00225" HPOS="528" VPOS="1384" WIDTH="177" HEIGHT="39" CONTENT="provocación" WC="0.68" CC="00102360567"/>
						<SP ID="P146_SP00202" HPOS="705" VPOS="1423" WIDTH="17"/>
						<String ID="P146_ST00226" HPOS="722" VPOS="1383" WIDTH="33" HEIGHT="30" CONTENT="de" WC="0.82" CC="03"/>
						<SP ID="P146_SP00203" HPOS="755" VPOS="1423" WIDTH="15"/>
						<String ID="P146_ST00227" HPOS="770" VPOS="1383" WIDTH="38" HEIGHT="30" CONTENT="los" WC="0.66" CC="405"/>
						<SP ID="P146_SP00204" HPOS="808" VPOS="1423" WIDTH="16"/>
						<String ID="P146_ST00228" HPOS="824" VPOS="1394" WIDTH="76" HEIGHT="19" CONTENT="rusos" WC="0.66" CC="06323"/>
						<SP ID="P146_SP00205" HPOS="900" VPOS="1423" WIDTH="24"/>
						<String ID="P146_ST00229" HPOS="924" VPOS="1394" WIDTH="32" HEIGHT="20" CONTENT="en" WC="0.82" CC="03"/>
						<SP ID="P146_SP00206" HPOS="956" VPOS="1423" WIDTH="18"/>
						<String ID="P146_ST00230" HPOS="974" VPOS="1395" WIDTH="46" HEIGHT="19" CONTENT="sus" WC="0.72" CC="006"/>
						<SP ID="P146_SP00207" HPOS="1020" VPOS="1423" WIDTH="17"/>
						<String ID="P146_ST00231" HPOS="1037" VPOS="1385" WIDTH="129" HEIGHT="40" CONTENT="parciales" WC="0.85" CC="050007000"/>
					</TextLine>
					<TextLine ID="P146_TL00024" HPOS="137" VPOS="1436" WIDTH="1029" HEIGHT="46">
						<String ID="P146_ST00232" HPOS="137" VPOS="1436" WIDTH="99" HEIGHT="31" CONTENT="salidas" WC="0.77" CC="5005005"/>
						<SP ID="P146_SP00208" HPOS="236" VPOS="1467" WIDTH="17"/>
						<String ID="P146_ST00233" HPOS="253" VPOS="1436" WIDTH="111" HEIGHT="31" CONTENT="durante" WC="0.77" CC="0350060"/>
						<SP ID="P146_SP00209" HPOS="364" VPOS="1467" WIDTH="14"/>
						<String ID="P146_ST00234" HPOS="378" VPOS="1438" WIDTH="38" HEIGHT="30" CONTENT="las" WC="0.86" CC="004"/>
						<SP ID="P146_SP00210" HPOS="416" VPOS="1468" WIDTH="17"/>
						<String ID="P146_ST00235" HPOS="433" VPOS="1438" WIDTH="66" HEIGHT="31" CONTENT="alias" WC="0.65" CC="60234"/>
						<SP ID="P146_SP00211" HPOS="499" VPOS="1469" WIDTH="17"/>
						<String ID="P146_ST00236" HPOS="516" VPOS="1439" WIDTH="77" HEIGHT="30" CONTENT="horas" WC="0.77" CC="63010"/>
						<SP ID="P146_SP00212" HPOS="593" VPOS="1469" WIDTH="22"/>
						<String ID="P146_ST00237" HPOS="615" VPOS="1439" WIDTH="34" HEIGHT="30" CONTENT="de" WC="0.90" CC="01"/>
						<SP ID="P146_SP00213" HPOS="649" VPOS="1469" WIDTH="26"/>
						<String ID="P146_ST00238" HPOS="675" VPOS="1440" WIDTH="38" HEIGHT="29" CONTENT="las" WC="0.85" CC="004"/>
						<SP ID="P146_SP00214" HPOS="713" VPOS="1469" WIDTH="23"/>
						<String ID="P146_ST00239" HPOS="736" VPOS="1440" WIDTH="99" HEIGHT="30" CONTENT="noches" WC="0.65" CC="500715"/>
						<SP ID="P146_SP00215" HPOS="835" VPOS="1470" WIDTH="19"/>
						<String ID="P146_ST00240" HPOS="854" VPOS="1440" WIDTH="156" HEIGHT="31" CONTENT="tenebrosas" WC="0.73" CC="7060504002"/>
						<SP ID="P146_SP00216" HPOS="1010" VPOS="1471" WIDTH="14"/>
						<String ID="P146_ST00241" HPOS="1024" VPOS="1465" WIDTH="6" HEIGHT="12" CONTENT="," WC="1.00" CC="0"/>
						<SP ID="P146_SP00217" HPOS="1030" VPOS="1477" WIDTH="24"/>
						<String ID="P146_ST00242" HPOS="1054" VPOS="1441" WIDTH="112" HEIGHT="41" CONTENT="algunos" WC="0.86" CC="0000720"/>
					</TextLine>
					<TextLine ID="P146_TL00025" HPOS="135" VPOS="1492" WIDTH="599" HEIGHT="44">
						<String ID="P146_ST00243" HPOS="135" VPOS="1492" WIDTH="149" HEIGHT="31" CONTENT="incidentes" WC="0.95" CC="0400000000"/>
						<SP ID="P146_SP00218" HPOS="284" VPOS="1523" WIDTH="16"/>
						<String ID="P146_ST00244" HPOS="300" VPOS="1494" WIDTH="85" HEIGHT="30" CONTENT="llenos" WC="0.71" CC="070630"/>
						<SP ID="P146_SP00219" HPOS="385" VPOS="1524" WIDTH="13"/>
						<String ID="P146_ST00245" HPOS="398" VPOS="1495" WIDTH="34" HEIGHT="29" CONTENT="de" WC="0.93" CC="01"/>
						<SP ID="P146_SP00220" HPOS="432" VPOS="1524" WIDTH="14"/>
						<String ID="P146_ST00246" HPOS="446" VPOS="1496" WIDTH="86" HEIGHT="39" CONTENT="arrojo" WC="0.84" CC="300301"/>
						<SP ID="P146_SP00221" HPOS="532" VPOS="1535" WIDTH="16"/>
						<String ID="P146_ST00247" HPOS="548" VPOS="1507" WIDTH="14" HEIGHT="29" CONTENT="y" WC="1.00" CC="0"/>
						<SP ID="P146_SP00222" HPOS="562" VPOS="1536" WIDTH="15"/>
						<String ID="P146_ST00248" HPOS="577" VPOS="1497" WIDTH="157" HEIGHT="39" CONTENT="pertinacia." WC="0.83" CC="00070522100"/>
					</TextLine>
				</TextBlock>
				<TextBlock ID="P146_TB00010" HPOS="134" VPOS="1550" WIDTH="1031" HEIGHT="255" STYLEREFS="TXT_1 PAR_LEFT">
					<TextLine ID="P146_TL00026" HPOS="179" VPOS="1550" WIDTH="986" HEIGHT="47">
						<String ID="P146_ST00249" HPOS="179" VPOS="1550" WIDTH="62" HEIGHT="30" CONTENT="Solo" WC="0.85" CC="0302"/>
						<SP ID="P146_SP00223" HPOS="241" VPOS="1580" WIDTH="14"/>
						<String ID="P146_ST00250" HPOS="255" VPOS="1561" WIDTH="28" HEIGHT="19" CONTENT="se" WC="0.71" CC="50"/>
						<SP ID="P146_SP00224" HPOS="283" VPOS="1580" WIDTH="12"/>
						<String ID="P146_ST00251" HPOS="295" VPOS="1550" WIDTH="68" HEIGHT="30" CONTENT="debe" WC="0.68" CC="0660"/>
						<SP ID="P146_SP00225" HPOS="363" VPOS="1580" WIDTH="14"/>
						<String ID="P146_ST00252" HPOS="377" VPOS="1552" WIDTH="153" HEIGHT="30" CONTENT="mencionar" WC="0.63" CC="606645400"/>
						<SP ID="P146_SP00226" HPOS="530" VPOS="1582" WIDTH="13"/>
						<String ID="P146_ST00253" HPOS="543" VPOS="1577" WIDTH="7" HEIGHT="10" CONTENT="," WC="1.00" CC="0"/>
						<SP ID="P146_SP00227" HPOS="550" VPOS="1587" WIDTH="21"/>
						<String ID="P146_ST00254" HPOS="571" VPOS="1563" WIDTH="75" HEIGHT="20" CONTENT="como" WC="0.57" CC="0079"/>
						<SP ID="P146_SP00228" HPOS="646" VPOS="1587" WIDTH="13"/>
						<String ID="P146_ST00255" HPOS="659" VPOS="1554" WIDTH="91" HEIGHT="30" CONTENT="acción" WC="0.87" CC="000061"/>
						<SP ID="P146_SP00229" HPOS="750" VPOS="1587" WIDTH="14"/>
						<String ID="P146_ST00256" HPOS="764" VPOS="1553" WIDTH="33" HEIGHT="32" CONTENT="de" WC="0.92" CC="01"/>
						<SP ID="P146_SP00230" HPOS="797" VPOS="1587" WIDTH="17"/>
						<String ID="P146_ST00257" HPOS="814" VPOS="1554" WIDTH="99" HEIGHT="41" CONTENT="alguna" WC="0.85" CC="000025"/>
						<SP ID="P146_SP00231" HPOS="913" VPOS="1595" WIDTH="15"/>
						<String ID="P146_ST00258" HPOS="928" VPOS="1556" WIDTH="175" HEIGHT="41" CONTENT="importancia" WC="0.72" CC="02042037073"/>
						<SP ID="P146_SP00232" HPOS="1103" VPOS="1597" WIDTH="15"/>
						<String ID="P146_ST00259" HPOS="1118" VPOS="1581" WIDTH="5" HEIGHT="11" CONTENT="," WC="1.00" CC="0"/>
						<SP ID="P146_SP00233" HPOS="1123" VPOS="1597" WIDTH="19"/>
						<String ID="P146_ST00260" HPOS="1142" VPOS="1557" WIDTH="23" HEIGHT="30" CONTENT="la" WC="0.94" CC="10"/>
					</TextLine>
					<TextLine ID="P146_TL00027" HPOS="135" VPOS="1603" WIDTH="1030" HEIGHT="49">
						<String ID="P146_ST00261" HPOS="135" VPOS="1603" WIDTH="99" HEIGHT="32" CONTENT="batalla" WC="0.85" CC="7020000"/>
						<SP ID="P146_SP00234" HPOS="234" VPOS="1635" WIDTH="23"/>
						<String ID="P146_ST00262" HPOS="257" VPOS="1615" WIDTH="52" HEIGHT="31" CONTENT="que" WC="0.93" CC="020"/>
						<SP ID="P146_SP00235" HPOS="309" VPOS="1646" WIDTH="22"/>
						<String ID="P146_ST00263" HPOS="331" VPOS="1605" WIDTH="68" HEIGHT="30" CONTENT="libró" WC="0.67" CC="60405"/>
						<SP ID="P146_SP00236" HPOS="399" VPOS="1646" WIDTH="17"/>
						<String ID="P146_ST00264" HPOS="416" VPOS="1607" WIDTH="14" HEIGHT="28" CONTENT="á" WC="1.00" CC="0"/>
						<SP ID="P146_SP00237" HPOS="430" VPOS="1646" WIDTH="18"/>
						<String ID="P146_ST00265" HPOS="448" VPOS="1606" WIDTH="39" HEIGHT="30" CONTENT="los" WC="0.83" CC="031"/>
						<SP ID="P146_SP00238" HPOS="487" VPOS="1646" WIDTH="16"/>
						<String ID="P146_ST00266" HPOS="503" VPOS="1618" WIDTH="77" HEIGHT="20" CONTENT="rusos" WC="0.77" CC="06050"/>
						<SP ID="P146_SP00239" HPOS="580" VPOS="1646" WIDTH="15"/>
						<String ID="P146_ST00267" HPOS="595" VPOS="1618" WIDTH="77" HEIGHT="21" CONTENT="cerca" WC="0.84" CC="00304"/>
						<SP ID="P146_SP00240" HPOS="672" VPOS="1646" WIDTH="17"/>
						<String ID="P146_ST00268" HPOS="689" VPOS="1610" WIDTH="142" HEIGHT="40" CONTENT="Eupatoria" WC="0.78" CC="020003614"/>
						<SP ID="P146_SP00241" HPOS="831" VPOS="1650" WIDTH="16"/>
						<String ID="P146_ST00269" HPOS="847" VPOS="1635" WIDTH="6" HEIGHT="11" CONTENT="," WC="0.67" CC="3"/>
						<SP ID="P146_SP00242" HPOS="853" VPOS="1650" WIDTH="25"/>
						<String ID="P146_ST00270" HPOS="878" VPOS="1611" WIDTH="24" HEIGHT="29" CONTENT="el" WC="0.83" CC="30"/>
						<SP ID="P146_SP00243" HPOS="902" VPOS="1650" WIDTH="27"/>
						<String ID="P146_ST00271" HPOS="929" VPOS="1612" WIDTH="110" HEIGHT="40" CONTENT="ejércilo" WC="0.77" CC="00404044"/>
						<SP ID="P146_SP00244" HPOS="1039" VPOS="1652" WIDTH="14"/>
						<String ID="P146_ST00272" HPOS="1053" VPOS="1618" WIDTH="73" HEIGHT="25" CONTENT="turco" WC="0.71" CC="76000"/>
						<SP ID="P146_SP00245" HPOS="1126" VPOS="1652" WIDTH="14"/>
						<String ID="P146_ST00273" HPOS="1140" VPOS="1612" WIDTH="25" HEIGHT="31" CONTENT="al" WC="0.70" CC="05"/>
					</TextLine>
					<TextLine ID="P146_TL00028" HPOS="135" VPOS="1661" WIDTH="1029" HEIGHT="50">
						<String ID="P146_ST00274" HPOS="135" VPOS="1661" WIDTH="97" HEIGHT="29" CONTENT="mando" WC="0.52" CC="75604"/>
						<SP ID="P146_SP00246" HPOS="232" VPOS="1690" WIDTH="15"/>
						<String ID="P146_ST00275" HPOS="247" VPOS="1661" WIDTH="33" HEIGHT="29" CONTENT="de" WC="1.00" CC="00"/>
						<SP ID="P146_SP00247" HPOS="280" VPOS="1690" WIDTH="13"/>
						<String ID="P146_ST00276" HPOS="293" VPOS="1662" WIDTH="167" HEIGHT="41" CONTENT="Omer-Baja" WC="0.70" CC="380022503"/>
						<SP ID="P146_SP00248" HPOS="460" VPOS="1703" WIDTH="16"/>
						<String ID="P146_ST00277" HPOS="476" VPOS="1676" WIDTH="5" HEIGHT="23" CONTENT=";" WC="1.00" CC="0"/>
						<SP ID="P146_SP00249" HPOS="481" VPOS="1703" WIDTH="19"/>
						<String ID="P146_ST00278" HPOS="500" VPOS="1674" WIDTH="69" HEIGHT="32" CONTENT="cuyo" WC="0.97" CC="0100"/>
						<SP ID="P146_SP00250" HPOS="569" VPOS="1706" WIDTH="13"/>
						<String ID="P146_ST00279" HPOS="582" VPOS="1665" WIDTH="108" HEIGHT="41" CONTENT="ejército" WC="0.81" CC="30000063"/>
						<SP ID="P146_SP00251" HPOS="690" VPOS="1706" WIDTH="17"/>
						<String ID="P146_ST00280" HPOS="707" VPOS="1666" WIDTH="119" HEIGHT="30" CONTENT="acababa" WC="0.70" CC="1020375"/>
						<SP ID="P146_SP00252" HPOS="826" VPOS="1706" WIDTH="16"/>
						<String ID="P146_ST00281" HPOS="842" VPOS="1667" WIDTH="33" HEIGHT="30" CONTENT="de" WC="0.90" CC="02"/>
						<SP ID="P146_SP00253" HPOS="875" VPOS="1706" WIDTH="15"/>
						<String ID="P146_ST00282" HPOS="890" VPOS="1668" WIDTH="85" HEIGHT="40" CONTENT="llegar" WC="0.73" CC="070034"/>
						<SP ID="P146_SP00254" HPOS="975" VPOS="1708" WIDTH="13"/>
						<String ID="P146_ST00283" HPOS="988" VPOS="1668" WIDTH="34" HEIGHT="32" CONTENT="de" WC="0.41" CC="92"/>
						<SP ID="P146_SP00255" HPOS="1022" VPOS="1708" WIDTH="14"/>
						<String ID="P146_ST00284" HPOS="1036" VPOS="1670" WIDTH="38" HEIGHT="30" CONTENT="las" WC="0.77" CC="060"/>
						<SP ID="P146_SP00256" HPOS="1074" VPOS="1708" WIDTH="14"/>
						<String ID="P146_ST00285" HPOS="1088" VPOS="1680" WIDTH="76" HEIGHT="31" CONTENT="pose" SUBS_TYPE="HypPart1" SUBS_CONTENT="posesiones" WC="0.83" CC="04300"/>
						<HYP CONTENT="-"/>
					</TextLine>
					<TextLine ID="P146_TL00029" HPOS="135" VPOS="1717" WIDTH="1028" HEIGHT="51">
						<String ID="P146_ST00286" HPOS="135" VPOS="1717" WIDTH="89" HEIGHT="30" CONTENT="siones" SUBS_TYPE="HypPart2" SUBS_CONTENT="posesiones" WC="0.67" CC="050607"/>
						<SP ID="P146_SP00257" HPOS="224" VPOS="1747" WIDTH="14"/>
						<String ID="P146_ST00287" HPOS="238" VPOS="1729" WIDTH="51" HEIGHT="29" CONTENT="que" WC="0.88" CC="003"/>
						<SP ID="P146_SP00258" HPOS="289" VPOS="1758" WIDTH="17"/>
						<String ID="P146_ST00288" HPOS="306" VPOS="1718" WIDTH="73" HEIGHT="31" CONTENT="hasta" WC="0.58" CC="61650"/>
						<SP ID="P146_SP00259" HPOS="379" VPOS="1758" WIDTH="18"/>
						<String ID="P146_ST00289" HPOS="397" VPOS="1725" WIDTH="124" HEIGHT="26" CONTENT="entonces" WC="0.66" CC="07362106"/>
						<SP ID="P146_SP00260" HPOS="521" VPOS="1758" WIDTH="13"/>
						<String ID="P146_ST00290" HPOS="534" VPOS="1731" WIDTH="114" HEIGHT="31" CONTENT="ocupara" WC="0.79" CC="3020403"/>
						<SP ID="P146_SP00261" HPOS="648" VPOS="1762" WIDTH="15"/>
						<String ID="P146_ST00291" HPOS="663" VPOS="1733" WIDTH="31" HEIGHT="20" CONTENT="en" WC="0.34" CC="66"/>
						<SP ID="P146_SP00262" HPOS="694" VPOS="1762" WIDTH="14"/>
						<String ID="P146_ST00292" HPOS="708" VPOS="1723" WIDTH="38" HEIGHT="30" CONTENT="las" WC="0.93" CC="002"/>
						<SP ID="P146_SP00263" HPOS="746" VPOS="1762" WIDTH="17"/>
						<String ID="P146_ST00293" HPOS="763" VPOS="1723" WIDTH="130" HEIGHT="32" CONTENT="fronteras" WC="0.77" CC="306700020"/>
						<SP ID="P146_SP00264" HPOS="893" VPOS="1762" WIDTH="22"/>
						<String ID="P146_ST00294" HPOS="915" VPOS="1725" WIDTH="33" HEIGHT="31" CONTENT="de" WC="1.00" CC="00"/>
						<SP ID="P146_SP00265" HPOS="948" VPOS="1762" WIDTH="17"/>
						<String ID="P146_ST00295" HPOS="965" VPOS="1725" WIDTH="40" HEIGHT="31" CONTENT="los" WC="0.63" CC="055"/>
						<SP ID="P146_SP00266" HPOS="1005" VPOS="1762" WIDTH="13"/>
						<String ID="P146_ST00296" HPOS="1018" VPOS="1728" WIDTH="145" HEIGHT="40" CONTENT="Principa" SUBS_TYPE="HypPart1" SUBS_CONTENT="Principados" WC="0.80" CC="503710000"/>
						<HYP CONTENT="-"/>
					</TextLine>
					<TextLine ID="P146_TL00030" HPOS="135" VPOS="1773" WIDTH="246" HEIGHT="32">
						<String ID="P146_ST00297" HPOS="135" VPOS="1773" WIDTH="48" HEIGHT="30" CONTENT="dos" SUBS_TYPE="HypPart2" SUBS_CONTENT="Principados" WC="0.65" CC="630"/>
						<SP ID="P146_SP00267" HPOS="183" VPOS="1803" WIDTH="16"/>
						<String ID="P146_ST00298" HPOS="199" VPOS="1774" WIDTH="182" HEIGHT="31" CONTENT="Danubianos." WC="0.58" CC="49466407001"/>
					</TextLine>
				</TextBlock>
				<TextBlock ID="P146_TB00011" HPOS="133" VPOS="1830" WIDTH="1030" HEIGHT="108" STYLEREFS="TXT_1 PAR_LEFT">
					<TextLine ID="P146_TL00031" HPOS="176" VPOS="1831" WIDTH="987" HEIGHT="52">
						<String ID="P146_ST00299" HPOS="176" VPOS="1831" WIDTH="54" HEIGHT="30" CONTENT="Con" WC="0.66" CC="243"/>
						<SP ID="P146_SP00268" HPOS="230" VPOS="1861" WIDTH="17"/>
						<String ID="P146_ST00300" HPOS="247" VPOS="1831" WIDTH="59" HEIGHT="30" CONTENT="todo" WC="0.49" CC="8506"/>
						<SP ID="P146_SP00269" HPOS="306" VPOS="1861" WIDTH="15"/>
						<String ID="P146_ST00301" HPOS="321" VPOS="1856" WIDTH="6" HEIGHT="11" CONTENT="," WC="1.00" CC="0"/>
						<SP ID="P146_SP00270" HPOS="327" VPOS="1867" WIDTH="27"/>
						<String ID="P146_ST00302" HPOS="354" VPOS="1838" WIDTH="56" HEIGHT="25" CONTENT="esta" WC="0.79" CC="0080"/>
						<SP ID="P146_SP00271" HPOS="410" VPOS="1867" WIDTH="21"/>
						<String ID="P146_ST00303" HPOS="431" VPOS="1834" WIDTH="97" HEIGHT="30" CONTENT="batalla" WC="0.66" CC="6163050"/>
						<SP ID="P146_SP00272" HPOS="528" VPOS="1867" WIDTH="14"/>
						<String ID="P146_ST00304" HPOS="542" VPOS="1845" WIDTH="33" HEIGHT="20" CONTENT="no" WC="0.44" CC="55"/>
						<SP ID="P146_SP00273" HPOS="575" VPOS="1867" WIDTH="16"/>
						<String ID="P146_ST00305" HPOS="591" VPOS="1834" WIDTH="44" HEIGHT="31" CONTENT="dio" WC="0.80" CC="005"/>
						<SP ID="P146_SP00274" HPOS="635" VPOS="1867" WIDTH="25"/>
						<String ID="P146_ST00306" HPOS="660" VPOS="1836" WIDTH="137" HEIGHT="31" CONTENT="resultado" WC="0.89" CC="000300005"/>
						<SP ID="P146_SP00275" HPOS="797" VPOS="1867" WIDTH="15"/>
						<String ID="P146_ST00307" HPOS="812" VPOS="1838" WIDTH="100" HEIGHT="40" CONTENT="alguno" WC="0.85" CC="000503"/>
						<SP ID="P146_SP00276" HPOS="912" VPOS="1878" WIDTH="23"/>
						<String ID="P146_ST00308" HPOS="935" VPOS="1839" WIDTH="139" HEIGHT="33" CONTENT="favorable" WC="0.64" CC="305503076"/>
						<SP ID="P146_SP00277" HPOS="1074" VPOS="1878" WIDTH="26"/>
						<String ID="P146_ST00309" HPOS="1100" VPOS="1851" WIDTH="63" HEIGHT="32" CONTENT="para" WC="0.77" CC="0090"/>
					</TextLine>
					<TextLine ID="P146_TL00032" HPOS="134" VPOS="1888" WIDTH="1029" HEIGHT="50">
						<String ID="P146_ST00310" HPOS="134" VPOS="1888" WIDTH="120" HEIGHT="40" CONTENT="ninguno" WC="0.36" CC="7539376"/>
						<SP ID="P146_SP00278" HPOS="254" VPOS="1928" WIDTH="20"/>
						<String ID="P146_ST00311" HPOS="274" VPOS="1888" WIDTH="33" HEIGHT="30" CONTENT="de" WC="1.00" CC="00"/>
						<SP ID="P146_SP00279" HPOS="307" VPOS="1928" WIDTH="26"/>
						<String ID="P146_ST00312" HPOS="333" VPOS="1889" WIDTH="38" HEIGHT="31" CONTENT="los" WC="0.71" CC="061"/>
						<SP ID="P146_SP00280" HPOS="371" VPOS="1928" WIDTH="16"/>
						<String ID="P146_ST00313" HPOS="387" VPOS="1889" WIDTH="49" HEIGHT="32" CONTENT="dos" WC="0.46" CC="960"/>
						<SP ID="P146_SP00281" HPOS="436" VPOS="1928" WIDTH="16"/>
						<String ID="P146_ST00314" HPOS="452" VPOS="1891" WIDTH="123" HEIGHT="40" CONTENT="ejércitos" WC="0.70" CC="006000757"/>
						<SP ID="P146_SP00282" HPOS="575" VPOS="1931" WIDTH="16"/>
						<String ID="P146_ST00315" HPOS="591" VPOS="1893" WIDTH="195" HEIGHT="41" CONTENT="competidores" WC="0.72" CC="056000646003"/>
						<String ID="P146_ST00316" HPOS="799" VPOS="1906" WIDTH="7" HEIGHT="26" CONTENT=";" WC="1.00" CC="0"/>
						<SP ID="P146_SP00283" HPOS="806" VPOS="1934" WIDTH="30"/>
						<String ID="P146_ST00317" HPOS="836" VPOS="1905" WIDTH="65" HEIGHT="32" CONTENT="pero" WC="0.70" CC="0065"/>
						<SP ID="P146_SP00284" HPOS="901" VPOS="1937" WIDTH="28"/>
						<String ID="P146_ST00318" HPOS="929" VPOS="1897" WIDTH="23" HEIGHT="30" CONTENT="sí" WC="1.00" CC="00"/>
						<SP ID="P146_SP00285" HPOS="952" VPOS="1937" WIDTH="24"/>
						<String ID="P146_ST00319" HPOS="976" VPOS="1899" WIDTH="132" HEIGHT="39" CONTENT="patentizó" WC="0.85" CC="000020162"/>
						<SP ID="P146_SP00286" HPOS="1108" VPOS="1938" WIDTH="31"/>
						<String ID="P146_ST00320" HPOS="1139" VPOS="1899" WIDTH="24" HEIGHT="32" CONTENT="la" WC="0.61" CC="16"/>
					</TextLine>
				</TextBlock>
			</PrintSpace>
		</Page>
	</Layout>
</alto>
