<?xml version="1.0" encoding="UTF-8"?>
<alto xmlns:xsi="http://www.w3.org/2001/XMLSchema-instance" xsi:noNamespaceSchemaLocation="http://www.bl.uk/schemas/alto/alto-1-4.xsd" xmlns:xlink="http://www.w3.org/1999/xlink">
	<Description>
		<MeasurementUnit>mm10</MeasurementUnit>
		<sourceImageInformation>
			<fileName>//head1/IN/2008-26/A0011736599/009099.jp2</fileName>
		</sourceImageInformation>
		<OCRProcessing ID="OCRPROCESSING_1">
			<preProcessingStep>
				<processingSoftware>
					<softwareCreator>CCS Content Conversion Specialists GmbH, Germany</softwareCreator>
					<softwareName>CCS docWORKS</softwareName>
					<softwareVersion>6.1-0.67</softwareVersion>
				</processingSoftware>
			</preProcessingStep>
			<ocrProcessingStep>
				<processingSoftware>
					<softwareCreator>ABBYY (BIT Software), Russia</softwareCreator>
					<softwareName>Finereader</softwareName>
				</processingSoftware>
			</ocrProcessingStep>
		</OCRProcessing>
	</Description>
	<Styles>
		<TextStyle ID="TXT_0" FONTSIZE="10" FONTFAMILY="Courier New"/>
		<TextStyle ID="TXT_1" FONTSIZE="9" FONTFAMILY="Courier New"/>
		<ParagraphStyle ID="PAR_CENTER" ALIGN="Center"/>
		<ParagraphStyle ID="PAR_LEFT" ALIGN="Left"/>
	</Styles>
	<Layout>
		<Page ID="P47" PHYSICAL_IMG_NR="47" HEIGHT="2180" WIDTH="1241" PRINTED_IMG_NR="39" POSITION="Right" ACCURACY="69.84">
			<TopMargin ID="P47_TM00001" HPOS="0" VPOS="0" WIDTH="1241" HEIGHT="144">
				<TextBlock ID="P47_TB00001" HPOS="526" VPOS="116" WIDTH="160" HEIGHT="27" STYLEREFS="TXT_0 PAR_CENTER">
					<TextLine ID="P47_TL00001" HPOS="526" VPOS="116" WIDTH="160" HEIGHT="27">
						<String ID="P47_ST00001" HPOS="526" VPOS="116" WIDTH="160" HEIGHT="27" CONTENT="39" WC="1.00" CC="00"/>
					</TextLine>
				</TextBlock>
			</TopMargin>
			<LeftMargin ID="P47_LM00001" HPOS="0" VPOS="144" WIDTH="82" HEIGHT="1771"/>
			<RightMargin ID="P47_RM00001" HPOS="1109" VPOS="144" WIDTH="132" HEIGHT="1771"/>
			<BottomMargin ID="P47_BM00001" HPOS="0" VPOS="1915" WIDTH="1241" HEIGHT="265"/>
			<PrintSpace ID="P47_PS00001" HPOS="82" VPOS="144" WIDTH="1028" HEIGHT="1771">
				<TextBlock ID="P47_TB00002" HPOS="87" VPOS="175" WIDTH="1023" HEIGHT="87" STYLEREFS="TXT_1 PAR_LEFT">
					<TextLine ID="P47_TL00002" HPOS="88" VPOS="176" WIDTH="1022" HEIGHT="43">
						<String ID="P47_ST00002" HPOS="88" VPOS="176" WIDTH="71" HEIGHT="40" CONTENT="cajas" WC="0.63" CC="09044"/>
						<SP ID="P47_SP00001" HPOS="159" VPOS="216" WIDTH="16"/>
						<String ID="P47_ST00003" HPOS="175" VPOS="176" WIDTH="40" HEIGHT="30" CONTENT="sin" WC="0.57" CC="507"/>
						<SP ID="P47_SP00002" HPOS="215" VPOS="216" WIDTH="18"/>
						<String ID="P47_ST00004" HPOS="233" VPOS="176" WIDTH="38" HEIGHT="30" CONTENT="los" WC="0.81" CC="050"/>
						<SP ID="P47_SP00003" HPOS="271" VPOS="216" WIDTH="16"/>
						<String ID="P47_ST00005" HPOS="287" VPOS="176" WIDTH="148" HEIGHT="40" CONTENT="hombres)," WC="0.78" CC="720400500"/>
						<SP ID="P47_SP00004" HPOS="435" VPOS="216" WIDTH="19"/>
						<String ID="P47_ST00006" HPOS="454" VPOS="188" WIDTH="53" HEIGHT="29" CONTENT="que" WC="0.76" CC="033"/>
						<SP ID="P47_SP00005" HPOS="507" VPOS="217" WIDTH="16"/>
						<String ID="P47_ST00007" HPOS="523" VPOS="189" WIDTH="29" HEIGHT="19" CONTENT="se" WC="0.63" CC="70"/>
						<SP ID="P47_SP00006" HPOS="552" VPOS="217" WIDTH="23"/>
						<String ID="P47_ST00008" HPOS="575" VPOS="179" WIDTH="99" HEIGHT="39" CONTENT="pasaba" WC="0.55" CC="904074"/>
						<SP ID="P47_SP00007" HPOS="674" VPOS="218" WIDTH="26"/>
						<String ID="P47_ST00009" HPOS="700" VPOS="179" WIDTH="42" HEIGHT="29" CONTENT="del" WC="0.71" CC="070"/>
						<SP ID="P47_SP00008" HPOS="742" VPOS="218" WIDTH="28"/>
						<String ID="P47_ST00010" HPOS="770" VPOS="179" WIDTH="108" HEIGHT="40" CONTENT="ejército" WC="0.61" CC="50690053"/>
						<SP ID="P47_SP00009" HPOS="878" VPOS="219" WIDTH="25"/>
						<String ID="P47_ST00011" HPOS="903" VPOS="179" WIDTH="96" HEIGHT="31" CONTENT="sitiado" WC="0.66" CC="7021092"/>
						<SP ID="P47_SP00010" HPOS="999" VPOS="219" WIDTH="15"/>
						<String ID="P47_ST00012" HPOS="1014" VPOS="181" WIDTH="24" HEIGHT="30" CONTENT="al" WC="0.63" CC="43"/>
						<SP ID="P47_SP00011" HPOS="1038" VPOS="219" WIDTH="28"/>
						<String ID="P47_ST00013" HPOS="1066" VPOS="181" WIDTH="44" HEIGHT="30" CONTENT="si" SUBS_TYPE="HypPart1" SUBS_CONTENT="sitiador." WC="0.69" CC="404"/>
						<HYP CONTENT="-"/>
					</TextLine>
					<TextLine ID="P47_TL00003" HPOS="88" VPOS="233" WIDTH="93" HEIGHT="29">
						<String ID="P47_ST00014" HPOS="88" VPOS="233" WIDTH="93" HEIGHT="29" CONTENT="tiador." SUBS_TYPE="HypPart2" SUBS_CONTENT="sitiador." WC="0.83" CC="0020530"/>
					</TextLine>
				</TextBlock>
				<TextBlock ID="P47_TB00003" HPOS="87" VPOS="290" WIDTH="1022" HEIGHT="98" STYLEREFS="TXT_1 PAR_LEFT">
					<TextLine ID="P47_TL00004" HPOS="127" VPOS="290" WIDTH="982" HEIGHT="43">
						<String ID="P47_ST00015" HPOS="127" VPOS="290" WIDTH="47" HEIGHT="30" CONTENT="Así" WC="0.68" CC="242"/>
						<SP ID="P47_SP00012" HPOS="174" VPOS="320" WIDTH="12"/>
						<String ID="P47_ST00016" HPOS="186" VPOS="300" WIDTH="32" HEIGHT="20" CONTENT="en" WC="0.87" CC="20"/>
						<SP ID="P47_SP00013" HPOS="218" VPOS="320" WIDTH="15"/>
						<String ID="P47_ST00017" HPOS="233" VPOS="290" WIDTH="77" HEIGHT="30" CONTENT="tierra" WC="0.65" CC="004690"/>
						<SP ID="P47_SP00014" HPOS="310" VPOS="320" WIDTH="13"/>
						<String ID="P47_ST00018" HPOS="323" VPOS="300" WIDTH="75" HEIGHT="21" CONTENT="como" WC="0.71" CC="0650"/>
						<SP ID="P47_SP00015" HPOS="398" VPOS="321" WIDTH="16"/>
						<String ID="P47_ST00019" HPOS="414" VPOS="301" WIDTH="32" HEIGHT="20" CONTENT="en" WC="1.00" CC="00"/>
						<SP ID="P47_SP00016" HPOS="446" VPOS="321" WIDTH="13"/>
						<String ID="P47_ST00020" HPOS="459" VPOS="291" WIDTH="25" HEIGHT="30" CONTENT="la" WC="0.66" CC="06"/>
						<SP ID="P47_SP00017" HPOS="484" VPOS="321" WIDTH="17"/>
						<String ID="P47_ST00021" HPOS="501" VPOS="301" WIDTH="67" HEIGHT="26" CONTENT="mar," WC="0.70" CC="0740"/>
						<SP ID="P47_SP00018" HPOS="568" VPOS="327" WIDTH="18"/>
						<String ID="P47_ST00022" HPOS="586" VPOS="293" WIDTH="38" HEIGHT="29" CONTENT="así" WC="0.62" CC="262"/>
						<SP ID="P47_SP00019" HPOS="624" VPOS="327" WIDTH="18"/>
						<String ID="P47_ST00023" HPOS="642" VPOS="302" WIDTH="32" HEIGHT="20" CONTENT="en" WC="1.00" CC="00"/>
						<SP ID="P47_SP00020" HPOS="674" VPOS="327" WIDTH="17"/>
						<String ID="P47_ST00024" HPOS="691" VPOS="292" WIDTH="23" HEIGHT="30" CONTENT="el" WC="1.00" CC="00"/>
						<SP ID="P47_SP00021" HPOS="714" VPOS="327" WIDTH="19"/>
						<String ID="P47_ST00025" HPOS="733" VPOS="297" WIDTH="92" HEIGHT="36" CONTENT="puerto" WC="0.75" CC="080600"/>
						<SP ID="P47_SP00022" HPOS="825" VPOS="333" WIDTH="16"/>
						<String ID="P47_ST00026" HPOS="841" VPOS="303" WIDTH="76" HEIGHT="20" CONTENT="como" WC="0.51" CC="6245"/>
						<SP ID="P47_SP00023" HPOS="917" VPOS="333" WIDTH="16"/>
						<String ID="P47_ST00027" HPOS="933" VPOS="304" WIDTH="32" HEIGHT="19" CONTENT="en" WC="0.69" CC="06"/>
						<SP ID="P47_SP00024" HPOS="965" VPOS="333" WIDTH="14"/>
						<String ID="P47_ST00028" HPOS="979" VPOS="294" WIDTH="25" HEIGHT="30" CONTENT="el" WC="0.86" CC="02"/>
						<SP ID="P47_SP00025" HPOS="1004" VPOS="333" WIDTH="24"/>
						<String ID="P47_ST00029" HPOS="1028" VPOS="304" WIDTH="81" HEIGHT="20" CONTENT="cam" SUBS_TYPE="HypPart1" SUBS_CONTENT="campamento," WC="0.74" CC="5030"/>
						<HYP CONTENT="-"/>
					</TextLine>
					<TextLine ID="P47_TL00005" HPOS="87" VPOS="347" WIDTH="770" HEIGHT="41">
						<String ID="P47_ST00030" HPOS="87" VPOS="352" WIDTH="133" HEIGHT="36" CONTENT="pamento," SUBS_TYPE="HypPart2" SUBS_CONTENT="campamento," WC="0.58" CC="07666006"/>
						<SP ID="P47_SP00026" HPOS="220" VPOS="388" WIDTH="17"/>
						<String ID="P47_ST00031" HPOS="237" VPOS="347" WIDTH="58" HEIGHT="30" CONTENT="todo" WC="0.64" CC="6304"/>
						<SP ID="P47_SP00027" HPOS="295" VPOS="388" WIDTH="17"/>
						<String ID="P47_ST00032" HPOS="312" VPOS="357" WIDTH="43" HEIGHT="20" CONTENT="era" WC="0.54" CC="606"/>
						<SP ID="P47_SP00028" HPOS="355" VPOS="388" WIDTH="15"/>
						<String ID="P47_ST00033" HPOS="370" VPOS="348" WIDTH="142" HEIGHT="36" CONTENT="desorden," WC="0.76" CC="057200060"/>
						<SP ID="P47_SP00029" HPOS="512" VPOS="388" WIDTH="16"/>
						<String ID="P47_ST00034" HPOS="528" VPOS="349" WIDTH="199" HEIGHT="29" CONTENT="consternación" WC="0.54" CC="6957000796014"/>
						<SP ID="P47_SP00030" HPOS="727" VPOS="388" WIDTH="14"/>
						<String ID="P47_ST00035" HPOS="741" VPOS="360" WIDTH="16" HEIGHT="28" CONTENT="y" WC="1.00" CC="0"/>
						<SP ID="P47_SP00031" HPOS="757" VPOS="388" WIDTH="14"/>
						<String ID="P47_ST00036" HPOS="771" VPOS="350" WIDTH="86" HEIGHT="29" CONTENT="ruina." WC="0.81" CC="380000"/>
					</TextLine>
				</TextBlock>
				<TextBlock ID="P47_TB00004" HPOS="86" VPOS="403" WIDTH="1019" HEIGHT="98" STYLEREFS="TXT_1 PAR_LEFT">
					<TextLine ID="P47_TL00006" HPOS="129" VPOS="405" WIDTH="976" HEIGHT="40">
						<String ID="P47_ST00037" HPOS="129" VPOS="405" WIDTH="123" HEIGHT="39" CONTENT="¡¡Osaron" WC="0.63" CC="70490033"/>
						<SP ID="P47_SP00032" HPOS="252" VPOS="444" WIDTH="14"/>
						<String ID="P47_ST00038" HPOS="266" VPOS="415" WIDTH="50" HEIGHT="19" CONTENT="aun" WC="0.60" CC="416"/>
						<SP ID="P47_SP00033" HPOS="316" VPOS="444" WIDTH="15"/>
						<String ID="P47_ST00039" HPOS="331" VPOS="405" WIDTH="111" HEIGHT="40" CONTENT="algunas" WC="0.32" CC="0698894"/>
						<SP ID="P47_SP00034" HPOS="442" VPOS="445" WIDTH="13"/>
						<String ID="P47_ST00040" HPOS="455" VPOS="405" WIDTH="114" HEIGHT="30" CONTENT="balerías" WC="0.46" CC="85080298"/>
						<SP ID="P47_SP00035" HPOS="569" VPOS="445" WIDTH="14"/>
						<String ID="P47_ST00041" HPOS="583" VPOS="405" WIDTH="112" HEIGHT="30" CONTENT="mezclar" WC="0.50" CC="7577510"/>
						<SP ID="P47_SP00036" HPOS="695" VPOS="445" WIDTH="12"/>
						<String ID="P47_ST00042" HPOS="707" VPOS="405" WIDTH="23" HEIGHT="31" CONTENT="al" WC="0.81" CC="30"/>
						<SP ID="P47_SP00037" HPOS="730" VPOS="445" WIDTH="18"/>
						<String ID="P47_ST00043" HPOS="748" VPOS="405" WIDTH="73" HEIGHT="31" CONTENT="furor" WC="0.49" CC="46076"/>
						<SP ID="P47_SP00038" HPOS="821" VPOS="445" WIDTH="16"/>
						<String ID="P47_ST00044" HPOS="837" VPOS="405" WIDTH="32" HEIGHT="31" CONTENT="de" WC="0.75" CC="05"/>
						<SP ID="P47_SP00039" HPOS="869" VPOS="445" WIDTH="18"/>
						<String ID="P47_ST00045" HPOS="887" VPOS="406" WIDTH="39" HEIGHT="30" CONTENT="los" WC="0.50" CC="095"/>
						<SP ID="P47_SP00040" HPOS="926" VPOS="445" WIDTH="21"/>
						<String ID="P47_ST00046" HPOS="947" VPOS="406" WIDTH="158" HEIGHT="38" CONTENT="elementos," WC="0.69" CC="0000456490"/>
					</TextLine>
					<TextLine ID="P47_TL00007" HPOS="86" VPOS="460" WIDTH="491" HEIGHT="41">
						<String ID="P47_ST00047" HPOS="86" VPOS="460" WIDTH="23" HEIGHT="30" CONTENT="el" WC="1.00" CC="00"/>
						<SP ID="P47_SP00041" HPOS="109" VPOS="490" WIDTH="14"/>
						<String ID="P47_ST00048" HPOS="123" VPOS="460" WIDTH="32" HEIGHT="30" CONTENT="de" WC="1.00" CC="00"/>
						<SP ID="P47_SP00042" HPOS="155" VPOS="490" WIDTH="14"/>
						<String ID="P47_ST00049" HPOS="169" VPOS="461" WIDTH="38" HEIGHT="30" CONTENT="las" WC="0.65" CC="037"/>
						<SP ID="P47_SP00043" HPOS="207" VPOS="491" WIDTH="16"/>
						<String ID="P47_ST00050" HPOS="223" VPOS="462" WIDTH="155" HEIGHT="39" CONTENT="mezquinas" WC="0.55" CC="003980764"/>
						<SP ID="P47_SP00044" HPOS="378" VPOS="501" WIDTH="16"/>
						<String ID="P47_ST00051" HPOS="394" VPOS="461" WIDTH="183" HEIGHT="31" CONTENT="rivalidades!!" WC="0.66" CC="0005009793600"/>
					</TextLine>
				</TextBlock>
				<TextBlock ID="P47_TB00005" HPOS="85" VPOS="516" WIDTH="1024" HEIGHT="324" STYLEREFS="TXT_1 PAR_LEFT">
					<TextLine ID="P47_TL00008" HPOS="127" VPOS="517" WIDTH="982" HEIGHT="41">
						<String ID="P47_ST00052" HPOS="127" VPOS="518" WIDTH="50" HEIGHT="29" CONTENT="Las" WC="0.52" CC="076"/>
						<SP ID="P47_SP00045" HPOS="177" VPOS="547" WIDTH="14"/>
						<String ID="P47_ST00053" HPOS="191" VPOS="517" WIDTH="125" HEIGHT="41" CONTENT="pérdidas" WC="0.54" CC="07900099"/>
						<SP ID="P47_SP00046" HPOS="316" VPOS="558" WIDTH="14"/>
						<String ID="P47_ST00054" HPOS="330" VPOS="528" WIDTH="51" HEIGHT="30" CONTENT="que" WC="0.79" CC="050"/>
						<SP ID="P47_SP00047" HPOS="381" VPOS="558" WIDTH="13"/>
						<String ID="P47_ST00055" HPOS="394" VPOS="518" WIDTH="122" HEIGHT="30" CONTENT="ocasionó" WC="0.50" CC="30790944"/>
						<SP ID="P47_SP00048" HPOS="516" VPOS="558" WIDTH="13"/>
						<String ID="P47_ST00056" HPOS="529" VPOS="517" WIDTH="106" HEIGHT="41" CONTENT="aquella" WC="0.54" CC="6883030"/>
						<SP ID="P47_SP00049" HPOS="635" VPOS="558" WIDTH="18"/>
						<String ID="P47_ST00057" HPOS="653" VPOS="517" WIDTH="186" HEIGHT="41" CONTENT="perturbación" WC="0.73" CC="050010740047"/>
						<SP ID="P47_SP00050" HPOS="839" VPOS="558" WIDTH="14"/>
						<String ID="P47_ST00058" HPOS="853" VPOS="518" WIDTH="167" HEIGHT="31" CONTENT="atmosférica" WC="0.82" CC="40006340000"/>
						<SP ID="P47_SP00051" HPOS="1020" VPOS="558" WIDTH="17"/>
						<String ID="P47_ST00059" HPOS="1037" VPOS="530" WIDTH="31" HEIGHT="19" CONTENT="en" WC="0.88" CC="02"/>
						<SP ID="P47_SP00052" HPOS="1068" VPOS="558" WIDTH="16"/>
						<String ID="P47_ST00060" HPOS="1084" VPOS="520" WIDTH="25" HEIGHT="30" CONTENT="el" WC="0.85" CC="02"/>
					</TextLine>
					<TextLine ID="P47_TL00009" HPOS="85" VPOS="574" WIDTH="1024" HEIGHT="41">
						<String ID="P47_ST00061" HPOS="85" VPOS="575" WIDTH="56" HEIGHT="29" CONTENT="Mar" WC="0.80" CC="050"/>
						<SP ID="P47_SP00053" HPOS="141" VPOS="604" WIDTH="8"/>
						<String ID="P47_ST00062" HPOS="149" VPOS="576" WIDTH="97" HEIGHT="39" CONTENT="Negro," WC="0.60" CC="870600"/>
						<SP ID="P47_SP00054" HPOS="246" VPOS="615" WIDTH="15"/>
						<String ID="P47_ST00063" HPOS="261" VPOS="574" WIDTH="92" HEIGHT="30" CONTENT="fueron" WC="0.47" CC="256934"/>
						<SP ID="P47_SP00055" HPOS="353" VPOS="615" WIDTH="17"/>
						<String ID="P47_ST00064" HPOS="370" VPOS="585" WIDTH="131" HEIGHT="19" CONTENT="enormes." WC="0.56" CC="17604671"/>
						<SP ID="P47_SP00056" HPOS="501" VPOS="615" WIDTH="22"/>
						<String ID="P47_ST00065" HPOS="523" VPOS="575" WIDTH="27" HEIGHT="29" CONTENT="El" WC="0.67" CC="60"/>
						<SP ID="P47_SP00057" HPOS="550" VPOS="615" WIDTH="14"/>
						<String ID="P47_ST00066" HPOS="564" VPOS="576" WIDTH="132" HEIGHT="28" CONTENT="comercio" WC="0.83" CC="00060015"/>
						<SP ID="P47_SP00058" HPOS="696" VPOS="615" WIDTH="14"/>
						<String ID="P47_ST00067" HPOS="710" VPOS="574" WIDTH="83" HEIGHT="30" CONTENT="sufrió" WC="0.78" CC="580000"/>
						<SP ID="P47_SP00059" HPOS="793" VPOS="615" WIDTH="15"/>
						<String ID="P47_ST00068" HPOS="808" VPOS="585" WIDTH="75" HEIGHT="19" CONTENT="como" WC="0.68" CC="0066"/>
						<SP ID="P47_SP00060" HPOS="883" VPOS="615" WIDTH="16"/>
						<String ID="P47_ST00069" HPOS="899" VPOS="577" WIDTH="35" HEIGHT="27" CONTENT="50" WC="0.36" CC="75"/>
						<SP ID="P47_SP00061" HPOS="934" VPOS="615" WIDTH="20"/>
						<String ID="P47_ST00070" HPOS="954" VPOS="575" WIDTH="106" HEIGHT="40" CONTENT="buques" WC="0.68" CC="640800"/>
						<SP ID="P47_SP00062" HPOS="1060" VPOS="615" WIDTH="15"/>
						<String ID="P47_ST00071" HPOS="1075" VPOS="575" WIDTH="34" HEIGHT="31" CONTENT="de" WC="0.78" CC="04"/>
					</TextLine>
					<TextLine ID="P47_TL00010" HPOS="86" VPOS="631" WIDTH="1023" HEIGHT="41">
						<String ID="P47_ST00072" HPOS="86" VPOS="631" WIDTH="58" HEIGHT="29" CONTENT="vela" WC="0.34" CC="9465"/>
						<SP ID="P47_SP00063" HPOS="144" VPOS="660" WIDTH="13"/>
						<String ID="P47_ST00073" HPOS="157" VPOS="642" WIDTH="16" HEIGHT="29" CONTENT="y" WC="1.00" CC="0"/>
						<SP ID="P47_SP00064" HPOS="173" VPOS="671" WIDTH="9"/>
						<String ID="P47_ST00074" HPOS="182" VPOS="633" WIDTH="16" HEIGHT="28" CONTENT="3" WC="0.56" CC="4"/>
						<SP ID="P47_SP00065" HPOS="198" VPOS="671" WIDTH="18"/>
						<String ID="P47_ST00075" HPOS="216" VPOS="641" WIDTH="112" HEIGHT="30" CONTENT="vapores" WC="0.69" CC="0104059"/>
						<SP ID="P47_SP00066" HPOS="328" VPOS="671" WIDTH="14"/>
						<String ID="P47_ST00076" HPOS="342" VPOS="636" WIDTH="177" HEIGHT="24" CONTENT="enteramente" WC="0.53" CC="05807599005"/>
						<SP ID="P47_SP00067" HPOS="519" VPOS="671" WIDTH="15"/>
						<String ID="P47_ST00077" HPOS="534" VPOS="631" WIDTH="135" HEIGHT="39" CONTENT="perdidos;" WC="0.74" CC="000700960"/>
						<SP ID="P47_SP00068" HPOS="669" VPOS="671" WIDTH="19"/>
						<String ID="P47_ST00078" HPOS="688" VPOS="642" WIDTH="74" HEIGHT="19" CONTENT="como" WC="0.67" CC="0453"/>
						<SP ID="P47_SP00069" HPOS="762" VPOS="671" WIDTH="13"/>
						<String ID="P47_ST00079" HPOS="775" VPOS="633" WIDTH="56" HEIGHT="28" CONTENT="200" WC="0.35" CC="765"/>
						<SP ID="P47_SP00070" HPOS="831" VPOS="671" WIDTH="16"/>
						<String ID="P47_ST00080" HPOS="847" VPOS="631" WIDTH="104" HEIGHT="41" CONTENT="buques" WC="0.71" CC="500703"/>
						<SP ID="P47_SP00071" HPOS="951" VPOS="672" WIDTH="15"/>
						<String ID="P47_ST00081" HPOS="966" VPOS="642" WIDTH="55" HEIGHT="20" CONTENT="mas" WC="0.56" CC="660"/>
						<SP ID="P47_SP00072" HPOS="1021" VPOS="672" WIDTH="17"/>
						<String ID="P47_ST00082" HPOS="1038" VPOS="643" WIDTH="16" HEIGHT="29" CONTENT="y" WC="0.27" CC="7"/>
						<SP ID="P47_SP00073" HPOS="1054" VPOS="672" WIDTH="12"/>
						<String ID="P47_ST00083" HPOS="1066" VPOS="632" WIDTH="43" HEIGHT="30" CONTENT="al" SUBS_TYPE="HypPart1" SUBS_CONTENT="algunos" WC="0.55" CC="354"/>
						<HYP CONTENT="-"/>
					</TextLine>
					<TextLine ID="P47_TL00011" HPOS="87" VPOS="688" WIDTH="1022" HEIGHT="40">
						<String ID="P47_ST00084" HPOS="87" VPOS="698" WIDTH="84" HEIGHT="30" CONTENT="gunos" SUBS_TYPE="HypPart2" SUBS_CONTENT="algunos" WC="0.79" CC="00350"/>
						<SP ID="P47_SP00074" HPOS="171" VPOS="728" WIDTH="17"/>
						<String ID="P47_ST00085" HPOS="188" VPOS="698" WIDTH="112" HEIGHT="30" CONTENT="vapores" WC="0.75" CC="0500065"/>
						<SP ID="P47_SP00075" HPOS="300" VPOS="728" WIDTH="13"/>
						<String ID="P47_ST00086" HPOS="313" VPOS="698" WIDTH="47" HEIGHT="20" CONTENT="con" WC="0.63" CC="306"/>
						<SP ID="P47_SP00076" HPOS="360" VPOS="728" WIDTH="17"/>
						<String ID="P47_ST00087" HPOS="377" VPOS="698" WIDTH="92" HEIGHT="30" CONTENT="mayor" WC="0.70" CC="74020"/>
						<SP ID="P47_SP00077" HPOS="469" VPOS="728" WIDTH="16"/>
						<String ID="P47_ST00088" HPOS="485" VPOS="692" WIDTH="14" HEIGHT="26" CONTENT="ó" WC="1.00" CC="0"/>
						<SP ID="P47_SP00078" HPOS="499" VPOS="728" WIDTH="11"/>
						<String ID="P47_ST00089" HPOS="510" VPOS="698" WIDTH="91" HEIGHT="20" CONTENT="menor" WC="0.55" CC="95600"/>
						<SP ID="P47_SP00079" HPOS="601" VPOS="728" WIDTH="18"/>
						<String ID="P47_ST00090" HPOS="619" VPOS="690" WIDTH="105" HEIGHT="28" CONTENT="avería." WC="0.76" CC="4050330"/>
						<SP ID="P47_SP00080" HPOS="724" VPOS="728" WIDTH="18"/>
						<String ID="P47_ST00091" HPOS="742" VPOS="690" WIDTH="37" HEIGHT="28" CONTENT="En" WC="0.78" CC="12"/>
						<SP ID="P47_SP00081" HPOS="779" VPOS="728" WIDTH="22"/>
						<String ID="P47_ST00092" HPOS="801" VPOS="688" WIDTH="24" HEIGHT="30" CONTENT="la" WC="1.00" CC="00"/>
						<SP ID="P47_SP00082" HPOS="825" VPOS="728" WIDTH="15"/>
						<String ID="P47_ST00093" HPOS="840" VPOS="688" WIDTH="107" HEIGHT="30" CONTENT="armada" WC="0.39" CC="296394"/>
						<SP ID="P47_SP00083" HPOS="947" VPOS="728" WIDTH="13"/>
						<String ID="P47_ST00094" HPOS="960" VPOS="688" WIDTH="86" HEIGHT="32" CONTENT="hubo:" WC="0.45" CC="77622"/>
						<SP ID="P47_SP00084" HPOS="1046" VPOS="728" WIDTH="23"/>
						<String ID="P47_ST00095" HPOS="1069" VPOS="691" WIDTH="40" HEIGHT="29" CONTENT="Un" WC="0.50" CC="54"/>
					</TextLine>
					<TextLine ID="P47_TL00012" HPOS="85" VPOS="744" WIDTH="1024" HEIGHT="41">
						<String ID="P47_ST00096" HPOS="85" VPOS="746" WIDTH="78" HEIGHT="29" CONTENT="navio" WC="0.81" CC="72000"/>
						<SP ID="P47_SP00085" HPOS="163" VPOS="775" WIDTH="14"/>
						<String ID="P47_ST00097" HPOS="177" VPOS="744" WIDTH="102" HEIGHT="31" CONTENT="francés" WC="0.69" CC="0065035"/>
						<SP ID="P47_SP00086" HPOS="279" VPOS="775" WIDTH="14"/>
						<String ID="P47_ST00098" HPOS="293" VPOS="745" WIDTH="35" HEIGHT="38" CONTENT="(el" WC="0.83" CC="050"/>
						<SP ID="P47_SP00087" HPOS="328" VPOS="783" WIDTH="15"/>
						<String ID="P47_ST00099" HPOS="343" VPOS="745" WIDTH="82" HEIGHT="30" CONTENT="Henri" WC="0.79" CC="63100"/>
						<SP ID="P47_SP00088" HPOS="425" VPOS="783" WIDTH="16"/>
						<String ID="P47_ST00100" HPOS="441" VPOS="746" WIDTH="70" HEIGHT="37" CONTENT="IV.)," WC="0.75" CC="74000"/>
						<SP ID="P47_SP00089" HPOS="511" VPOS="783" WIDTH="19"/>
						<String ID="P47_ST00101" HPOS="530" VPOS="750" WIDTH="55" HEIGHT="25" CONTENT="otro" WC="0.66" CC="0804"/>
						<SP ID="P47_SP00090" HPOS="585" VPOS="783" WIDTH="14"/>
						<String ID="P47_ST00102" HPOS="599" VPOS="755" WIDTH="73" HEIGHT="24" CONTENT="ruso," WC="0.68" CC="46050"/>
						<SP ID="P47_SP00091" HPOS="672" VPOS="783" WIDTH="16"/>
						<String ID="P47_ST00103" HPOS="688" VPOS="755" WIDTH="15" HEIGHT="29" CONTENT="y" WC="1.00" CC="0"/>
						<SP ID="P47_SP00092" HPOS="703" VPOS="784" WIDTH="20"/>
						<String ID="P47_ST00104" HPOS="723" VPOS="755" WIDTH="34" HEIGHT="20" CONTENT="un" WC="0.43" CC="64"/>
						<SP ID="P47_SP00093" HPOS="757" VPOS="784" WIDTH="17"/>
						<String ID="P47_ST00105" HPOS="774" VPOS="754" WIDTH="82" HEIGHT="31" CONTENT="vapor" WC="0.88" CC="05000"/>
						<SP ID="P47_SP00094" HPOS="856" VPOS="785" WIDTH="22"/>
						<String ID="P47_ST00106" HPOS="878" VPOS="745" WIDTH="33" HEIGHT="39" CONTENT="(el" WC="0.71" CC="340"/>
						<SP ID="P47_SP00095" HPOS="911" VPOS="785" WIDTH="13"/>
						<String ID="P47_ST00107" HPOS="924" VPOS="746" WIDTH="116" HEIGHT="39" CONTENT="Pluton)," WC="0.61" CC="03586600"/>
						<SP ID="P47_SP00096" HPOS="1040" VPOS="785" WIDTH="19"/>
						<String ID="P47_ST00108" HPOS="1059" VPOS="756" WIDTH="50" HEIGHT="20" CONTENT="en" SUBS_TYPE="HypPart1" SUBS_CONTENT="enteramente" WC="0.75" CC="060"/>
						<HYP CONTENT="-"/>
					</TextLine>
					<TextLine ID="P47_TL00013" HPOS="85" VPOS="801" WIDTH="902" HEIGHT="39">
						<String ID="P47_ST00109" HPOS="85" VPOS="806" WIDTH="144" HEIGHT="25" CONTENT="teramente" SUBS_TYPE="HypPart2" SUBS_CONTENT="enteramente" WC="0.63" CC="000750677"/>
						<SP ID="P47_SP00097" HPOS="229" VPOS="831" WIDTH="17"/>
						<String ID="P47_ST00110" HPOS="246" VPOS="801" WIDTH="137" HEIGHT="39" CONTENT="perdidos," WC="0.62" CC="035700592"/>
						<SP ID="P47_SP00098" HPOS="383" VPOS="840" WIDTH="15"/>
						<String ID="P47_ST00111" HPOS="398" VPOS="812" WIDTH="17" HEIGHT="28" CONTENT="y" WC="1.00" CC="0"/>
						<SP ID="P47_SP00099" HPOS="415" VPOS="840" WIDTH="16"/>
						<String ID="P47_ST00112" HPOS="431" VPOS="801" WIDTH="116" HEIGHT="39" CONTENT="después" WC="0.77" CC="0030605"/>
						<SP ID="P47_SP00100" HPOS="547" VPOS="840" WIDTH="15"/>
						<String ID="P47_ST00113" HPOS="562" VPOS="801" WIDTH="112" HEIGHT="30" CONTENT="muchos" WC="0.68" CC="050750"/>
						<SP ID="P47_SP00101" HPOS="674" VPOS="840" WIDTH="10"/>
						<String ID="P47_ST00114" HPOS="684" VPOS="812" WIDTH="48" HEIGHT="19" CONTENT="con" WC="0.79" CC="006"/>
						<SP ID="P47_SP00102" HPOS="732" VPOS="840" WIDTH="17"/>
						<String ID="P47_ST00115" HPOS="749" VPOS="801" WIDTH="112" HEIGHT="39" CONTENT="algunas" WC="0.63" CC="0604670"/>
						<SP ID="P47_SP00103" HPOS="861" VPOS="840" WIDTH="12"/>
						<String ID="P47_ST00116" HPOS="873" VPOS="803" WIDTH="114" HEIGHT="29" CONTENT="averías." WC="0.77" CC="00053620"/>
					</TextLine>
				</TextBlock>
				<TextBlock ID="P47_TB00006" HPOS="88" VPOS="857" WIDTH="1020" HEIGHT="143" STYLEREFS="TXT_1 PAR_LEFT">
					<TextLine ID="P47_TL00014" HPOS="127" VPOS="858" WIDTH="981" HEIGHT="41">
						<String ID="P47_ST00117" HPOS="127" VPOS="859" WIDTH="51" HEIGHT="29" CONTENT="Las" WC="0.86" CC="004"/>
						<SP ID="P47_SP00104" HPOS="178" VPOS="888" WIDTH="16"/>
						<String ID="P47_ST00118" HPOS="194" VPOS="858" WIDTH="122" HEIGHT="30" CONTENT="víctimas" WC="0.73" CC="90000055"/>
						<SP ID="P47_SP00105" HPOS="316" VPOS="888" WIDTH="16"/>
						<String ID="P47_ST00119" HPOS="332" VPOS="869" WIDTH="51" HEIGHT="29" CONTENT="que" WC="0.73" CC="025"/>
						<SP ID="P47_SP00106" HPOS="383" VPOS="898" WIDTH="14"/>
						<String ID="P47_ST00120" HPOS="397" VPOS="858" WIDTH="98" HEIGHT="30" CONTENT="inmoló" WC="0.85" CC="600030"/>
						<SP ID="P47_SP00107" HPOS="495" VPOS="898" WIDTH="12"/>
						<String ID="P47_ST00121" HPOS="507" VPOS="863" WIDTH="54" HEIGHT="25" CONTENT="esta" WC="0.44" CC="4655"/>
						<SP ID="P47_SP00108" HPOS="561" VPOS="898" WIDTH="13"/>
						<String ID="P47_ST00122" HPOS="574" VPOS="858" WIDTH="152" HEIGHT="35" CONTENT="catástrofe," WC="0.74" CC="05097004010"/>
						<SP ID="P47_SP00109" HPOS="726" VPOS="898" WIDTH="16"/>
						<String ID="P47_ST00123" HPOS="742" VPOS="869" WIDTH="17" HEIGHT="29" CONTENT="y" WC="1.00" CC="0"/>
						<SP ID="P47_SP00110" HPOS="759" VPOS="898" WIDTH="13"/>
						<String ID="P47_ST00124" HPOS="772" VPOS="858" WIDTH="23" HEIGHT="30" CONTENT="el" WC="1.00" CC="00"/>
						<SP ID="P47_SP00111" HPOS="795" VPOS="898" WIDTH="13"/>
						<String ID="P47_ST00125" HPOS="808" VPOS="858" WIDTH="73" HEIGHT="30" CONTENT="valor" WC="0.66" CC="90060"/>
						<SP ID="P47_SP00112" HPOS="881" VPOS="898" WIDTH="14"/>
						<String ID="P47_ST00126" HPOS="895" VPOS="859" WIDTH="12" HEIGHT="30" CONTENT="á" WC="0.22" CC="7"/>
						<SP ID="P47_SP00113" HPOS="907" VPOS="898" WIDTH="15"/>
						<String ID="P47_ST00127" HPOS="922" VPOS="869" WIDTH="52" HEIGHT="30" CONTENT="que" WC="0.89" CC="002"/>
						<SP ID="P47_SP00114" HPOS="974" VPOS="899" WIDTH="16"/>
						<String ID="P47_ST00128" HPOS="990" VPOS="869" WIDTH="28" HEIGHT="20" CONTENT="se" WC="0.58" CC="34"/>
						<SP ID="P47_SP00115" HPOS="1018" VPOS="899" WIDTH="14"/>
						<String ID="P47_ST00129" HPOS="1032" VPOS="870" WIDTH="76" HEIGHT="20" CONTENT="mon" SUBS_TYPE="HypPart1" SUBS_CONTENT="montan" WC="0.76" CC="0450"/>
						<HYP CONTENT="-"/>
					</TextLine>
					<TextLine ID="P47_TL00015" HPOS="88" VPOS="913" WIDTH="1020" HEIGHT="43">
						<String ID="P47_ST00130" HPOS="88" VPOS="921" WIDTH="42" HEIGHT="25" CONTENT="tan" SUBS_TYPE="HypPart2" SUBS_CONTENT="montan" WC="0.29" CC="676"/>
						<SP ID="P47_SP00116" HPOS="130" VPOS="946" WIDTH="16"/>
						<String ID="P47_ST00131" HPOS="146" VPOS="915" WIDTH="39" HEIGHT="30" CONTENT="las" WC="0.26" CC="867"/>
						<SP ID="P47_SP00117" HPOS="185" VPOS="946" WIDTH="16"/>
						<String ID="P47_ST00132" HPOS="201" VPOS="914" WIDTH="125" HEIGHT="41" CONTENT="pérdidas" WC="0.62" CC="00092953"/>
						<SP ID="P47_SP00118" HPOS="326" VPOS="955" WIDTH="16"/>
						<String ID="P47_ST00133" HPOS="342" VPOS="914" WIDTH="123" HEIGHT="34" CONTENT="habidas," WC="0.73" CC="71009002"/>
						<SP ID="P47_SP00119" HPOS="465" VPOS="955" WIDTH="21"/>
						<String ID="P47_ST00134" HPOS="486" VPOS="924" WIDTH="29" HEIGHT="21" CONTENT="es" WC="0.78" CC="40"/>
						<SP ID="P47_SP00120" HPOS="515" VPOS="955" WIDTH="15"/>
						<String ID="P47_ST00135" HPOS="530" VPOS="924" WIDTH="61" HEIGHT="21" CONTENT="cosa" WC="0.76" CC="0215"/>
						<SP ID="P47_SP00121" HPOS="591" VPOS="955" WIDTH="16"/>
						<String ID="P47_ST00136" HPOS="607" VPOS="925" WIDTH="51" HEIGHT="30" CONTENT="que" WC="0.31" CC="955"/>
						<SP ID="P47_SP00122" HPOS="658" VPOS="955" WIDTH="17"/>
						<String ID="P47_ST00137" HPOS="675" VPOS="913" WIDTH="65" HEIGHT="42" CONTENT="dejo" WC="1.00" CC="0000"/>
						<SP ID="P47_SP00123" HPOS="740" VPOS="955" WIDTH="21"/>
						<String ID="P47_ST00138" HPOS="761" VPOS="915" WIDTH="14" HEIGHT="29" CONTENT="á" WC="1.00" CC="0"/>
						<SP ID="P47_SP00124" HPOS="775" VPOS="955" WIDTH="25"/>
						<String ID="P47_ST00139" HPOS="800" VPOS="914" WIDTH="23" HEIGHT="30" CONTENT="la" WC="0.96" CC="00"/>
						<SP ID="P47_SP00125" HPOS="823" VPOS="955" WIDTH="13"/>
						<String ID="P47_ST00140" HPOS="836" VPOS="916" WIDTH="169" HEIGHT="40" CONTENT="penetración" WC="0.63" CC="05507671007"/>
						<SP ID="P47_SP00126" HPOS="1005" VPOS="956" WIDTH="15"/>
						<String ID="P47_ST00141" HPOS="1020" VPOS="916" WIDTH="33" HEIGHT="30" CONTENT="de" WC="0.75" CC="04"/>
						<SP ID="P47_SP00127" HPOS="1053" VPOS="956" WIDTH="17"/>
						<String ID="P47_ST00142" HPOS="1070" VPOS="916" WIDTH="38" HEIGHT="30" CONTENT="los" WC="0.75" CC="042"/>
					</TextLine>
					<TextLine ID="P47_TL00016" HPOS="88" VPOS="972" WIDTH="122" HEIGHT="28">
						<String ID="P47_ST00143" HPOS="88" VPOS="972" WIDTH="122" HEIGHT="28" CONTENT="lectores." WC="0.70" CC="004744040"/>
					</TextLine>
				</TextBlock>
				<TextBlock ID="P47_TB00007" HPOS="130" VPOS="1026" WIDTH="918" HEIGHT="40" STYLEREFS="TXT_1 PAR_CENTER">
					<TextLine ID="P47_TL00017" HPOS="130" VPOS="1026" WIDTH="918" HEIGHT="40">
						<String ID="P47_ST00144" HPOS="130" VPOS="1029" WIDTH="34" HEIGHT="28" CONTENT="La" WC="0.59" CC="08"/>
						<SP ID="P47_SP00128" HPOS="164" VPOS="1057" WIDTH="16"/>
						<String ID="P47_ST00145" HPOS="180" VPOS="1026" WIDTH="144" HEIGHT="40" CONTENT="tempestad" WC="0.63" CC="737014520"/>
						<SP ID="P47_SP00129" HPOS="324" VPOS="1066" WIDTH="17"/>
						<String ID="P47_ST00146" HPOS="341" VPOS="1037" WIDTH="47" HEIGHT="29" CONTENT="por" WC="0.73" CC="052"/>
						<SP ID="P47_SP00130" HPOS="388" VPOS="1066" WIDTH="16"/>
						<String ID="P47_ST00147" HPOS="404" VPOS="1029" WIDTH="33" HEIGHT="27" CONTENT="fin" WC="0.58" CC="227"/>
						<SP ID="P47_SP00131" HPOS="437" VPOS="1066" WIDTH="14"/>
						<String ID="P47_ST00148" HPOS="451" VPOS="1026" WIDTH="75" HEIGHT="31" CONTENT="cedió" WC="1.00" CC="00000"/>
						<SP ID="P47_SP00132" HPOS="526" VPOS="1066" WIDTH="16"/>
						<String ID="P47_ST00149" HPOS="542" VPOS="1037" WIDTH="31" HEIGHT="19" CONTENT="en" WC="0.47" CC="36"/>
						<SP ID="P47_SP00133" HPOS="573" VPOS="1066" WIDTH="17"/>
						<String ID="P47_ST00150" HPOS="590" VPOS="1026" WIDTH="85" HEIGHT="31" CONTENT="fuerza" WC="0.70" CC="271005"/>
						<SP ID="P47_SP00134" HPOS="675" VPOS="1066" WIDTH="15"/>
						<String ID="P47_ST00151" HPOS="690" VPOS="1036" WIDTH="98" HEIGHT="30" CONTENT="apenas" WC="0.55" CC="603654"/>
						<SP ID="P47_SP00135" HPOS="788" VPOS="1066" WIDTH="16"/>
						<String ID="P47_ST00152" HPOS="804" VPOS="1027" WIDTH="109" HEIGHT="30" CONTENT="entrada" WC="0.67" CC="6203604"/>
						<SP ID="P47_SP00136" HPOS="913" VPOS="1066" WIDTH="14"/>
						<String ID="P47_ST00153" HPOS="927" VPOS="1028" WIDTH="23" HEIGHT="29" CONTENT="la" WC="0.40" CC="47"/>
						<SP ID="P47_SP00137" HPOS="950" VPOS="1066" WIDTH="15"/>
						<String ID="P47_ST00154" HPOS="965" VPOS="1027" WIDTH="83" HEIGHT="30" CONTENT="tarde." WC="0.77" CC="352020"/>
					</TextLine>
				</TextBlock>
				<TextBlock ID="P47_TB00008" HPOS="83" VPOS="1081" WIDTH="1024" HEIGHT="268" STYLEREFS="TXT_1 PAR_LEFT">
					<TextLine ID="P47_TL00018" HPOS="127" VPOS="1081" WIDTH="980" HEIGHT="42">
						<String ID="P47_ST00155" HPOS="127" VPOS="1085" WIDTH="123" HEIGHT="28" CONTENT="Nosotros" WC="0.64" CC="05650046"/>
						<SP ID="P47_SP00138" HPOS="250" VPOS="1113" WIDTH="14"/>
						<String ID="P47_ST00156" HPOS="264" VPOS="1093" WIDTH="46" HEIGHT="19" CONTENT="nos" WC="1.00" CC="000"/>
						<SP ID="P47_SP00139" HPOS="310" VPOS="1113" WIDTH="16"/>
						<String ID="P47_ST00157" HPOS="326" VPOS="1081" WIDTH="207" HEIGHT="42" CONTENT="aprovechamos" WC="0.64" CC="004480044436"/>
						<SP ID="P47_SP00140" HPOS="533" VPOS="1123" WIDTH="27"/>
						<String ID="P47_ST00158" HPOS="560" VPOS="1081" WIDTH="32" HEIGHT="30" CONTENT="de" WC="0.33" CC="93"/>
						<SP ID="P47_SP00141" HPOS="592" VPOS="1123" WIDTH="15"/>
						<String ID="P47_ST00159" HPOS="607" VPOS="1081" WIDTH="52" HEIGHT="30" CONTENT="ello" WC="0.53" CC="0836"/>
						<SP ID="P47_SP00142" HPOS="659" VPOS="1123" WIDTH="17"/>
						<String ID="P47_ST00160" HPOS="676" VPOS="1082" WIDTH="39" HEIGHT="30" CONTENT="sin" WC="0.55" CC="508"/>
						<SP ID="P47_SP00143" HPOS="715" VPOS="1123" WIDTH="26"/>
						<String ID="P47_ST00161" HPOS="741" VPOS="1081" WIDTH="120" HEIGHT="35" CONTENT="demora," WC="0.83" CC="0005600"/>
						<SP ID="P47_SP00144" HPOS="861" VPOS="1123" WIDTH="28"/>
						<String ID="P47_ST00162" HPOS="889" VPOS="1092" WIDTH="61" HEIGHT="31" CONTENT="para" WC="0.70" CC="0605"/>
						<SP ID="P47_SP00145" HPOS="950" VPOS="1123" WIDTH="24"/>
						<String ID="P47_ST00163" HPOS="974" VPOS="1083" WIDTH="81" HEIGHT="29" CONTENT="echar" WC="0.38" CC="76709"/>
						<SP ID="P47_SP00146" HPOS="1055" VPOS="1123" WIDTH="21"/>
						<String ID="P47_ST00164" HPOS="1076" VPOS="1092" WIDTH="31" HEIGHT="20" CONTENT="en" WC="0.65" CC="06"/>
					</TextLine>
					<TextLine ID="P47_TL00019" HPOS="88" VPOS="1138" WIDTH="1019" HEIGHT="42">
						<String ID="P47_ST00165" HPOS="88" VPOS="1140" WIDTH="76" HEIGHT="30" CONTENT="tierra" WC="0.72" CC="003092"/>
						<SP ID="P47_SP00147" HPOS="164" VPOS="1170" WIDTH="13"/>
						<String ID="P47_ST00166" HPOS="177" VPOS="1139" WIDTH="23" HEIGHT="30" CONTENT="la" WC="0.59" CC="34"/>
						<SP ID="P47_SP00148" HPOS="200" VPOS="1170" WIDTH="19"/>
						<String ID="P47_ST00167" HPOS="219" VPOS="1145" WIDTH="71" HEIGHT="35" CONTENT="tropa" WC="0.64" CC="05506"/>
						<SP ID="P47_SP00149" HPOS="290" VPOS="1180" WIDTH="12"/>
						<String ID="P47_ST00168" HPOS="302" VPOS="1149" WIDTH="51" HEIGHT="30" CONTENT="que" WC="0.55" CC="066"/>
						<SP ID="P47_SP00150" HPOS="353" VPOS="1180" WIDTH="11"/>
						<String ID="P47_ST00169" HPOS="364" VPOS="1149" WIDTH="47" HEIGHT="19" CONTENT="nos" WC="0.33" CC="693"/>
						<SP ID="P47_SP00151" HPOS="411" VPOS="1180" WIDTH="13"/>
						<String ID="P47_ST00170" HPOS="424" VPOS="1138" WIDTH="132" HEIGHT="40" CONTENT="quedaba." WC="0.50" CC="95506461"/>
						<SP ID="P47_SP00152" HPOS="556" VPOS="1180" WIDTH="17"/>
						<String ID="P47_ST00171" HPOS="573" VPOS="1139" WIDTH="79" HEIGHT="29" CONTENT="Como" WC="0.89" CC="0030"/>
						<SP ID="P47_SP00153" HPOS="652" VPOS="1180" WIDTH="14"/>
						<String ID="P47_ST00172" HPOS="666" VPOS="1138" WIDTH="150" HEIGHT="30" CONTENT="estábamos" WC="0.65" CC="000072776"/>
						<SP ID="P47_SP00154" HPOS="816" VPOS="1180" WIDTH="13"/>
						<String ID="P47_ST00173" HPOS="829" VPOS="1139" WIDTH="124" HEIGHT="34" CONTENT="varados," WC="0.42" CC="84909670"/>
						<SP ID="P47_SP00155" HPOS="953" VPOS="1180" WIDTH="17"/>
						<String ID="P47_ST00174" HPOS="970" VPOS="1139" WIDTH="23" HEIGHT="29" CONTENT="la" WC="0.77" CC="40"/>
						<SP ID="P47_SP00156" HPOS="993" VPOS="1180" WIDTH="12"/>
						<String ID="P47_ST00175" HPOS="1005" VPOS="1139" WIDTH="102" HEIGHT="30" CONTENT="distan" SUBS_TYPE="HypPart1" SUBS_CONTENT="distancia" WC="0.62" CC="0056760"/>
						<HYP CONTENT="-"/>
					</TextLine>
					<TextLine ID="P47_TL00020" HPOS="85" VPOS="1195" WIDTH="1022" HEIGHT="43">
						<String ID="P47_ST00176" HPOS="85" VPOS="1198" WIDTH="40" HEIGHT="30" CONTENT="cia" SUBS_TYPE="HypPart2" SUBS_CONTENT="distancia" WC="0.70" CC="602"/>
						<SP ID="P47_SP00157" HPOS="125" VPOS="1228" WIDTH="13"/>
						<String ID="P47_ST00177" HPOS="138" VPOS="1207" WIDTH="52" HEIGHT="31" CONTENT="que" WC="0.58" CC="029"/>
						<SP ID="P47_SP00158" HPOS="190" VPOS="1238" WIDTH="16"/>
						<String ID="P47_ST00178" HPOS="206" VPOS="1206" WIDTH="28" HEIGHT="21" CONTENT="se" WC="1.00" CC="00"/>
						<SP ID="P47_SP00159" HPOS="234" VPOS="1238" WIDTH="13"/>
						<String ID="P47_ST00179" HPOS="247" VPOS="1195" WIDTH="77" HEIGHT="31" CONTENT="habia" WC="0.55" CC="71706"/>
						<SP ID="P47_SP00160" HPOS="324" VPOS="1238" WIDTH="14"/>
						<String ID="P47_ST00180" HPOS="338" VPOS="1195" WIDTH="32" HEIGHT="30" CONTENT="de" WC="0.92" CC="01"/>
						<SP ID="P47_SP00161" HPOS="370" VPOS="1238" WIDTH="13"/>
						<String ID="P47_ST00181" HPOS="383" VPOS="1200" WIDTH="136" HEIGHT="25" CONTENT="atravesar" WC="0.57" CC="670355450"/>
						<SP ID="P47_SP00162" HPOS="519" VPOS="1238" WIDTH="15"/>
						<String ID="P47_ST00182" HPOS="534" VPOS="1205" WIDTH="44" HEIGHT="20" CONTENT="era" WC="0.81" CC="005"/>
						<SP ID="P47_SP00163" HPOS="578" VPOS="1238" WIDTH="13"/>
						<String ID="P47_ST00183" HPOS="591" VPOS="1200" WIDTH="85" HEIGHT="25" CONTENT="corla:" WC="0.75" CC="000742"/>
						<SP ID="P47_SP00164" HPOS="676" VPOS="1238" WIDTH="17"/>
						<String ID="P47_ST00184" HPOS="693" VPOS="1195" WIDTH="133" HEIGHT="40" CONTENT="poniendo" WC="0.50" CC="06505595"/>
						<SP ID="P47_SP00165" HPOS="826" VPOS="1238" WIDTH="17"/>
						<String ID="P47_ST00185" HPOS="843" VPOS="1206" WIDTH="50" HEIGHT="19" CONTENT="una" WC="0.28" CC="677"/>
						<SP ID="P47_SP00166" HPOS="893" VPOS="1238" WIDTH="18"/>
						<String ID="P47_ST00186" HPOS="911" VPOS="1195" WIDTH="98" HEIGHT="31" CONTENT="cuerda" WC="0.88" CC="050001"/>
						<SP ID="P47_SP00167" HPOS="1009" VPOS="1238" WIDTH="16"/>
						<String ID="P47_ST00187" HPOS="1025" VPOS="1195" WIDTH="82" HEIGHT="31" CONTENT="desde" WC="0.72" CC="03090"/>
					</TextLine>
					<TextLine ID="P47_TL00021" HPOS="85" VPOS="1252" WIDTH="1022" HEIGHT="42">
						<String ID="P47_ST00188" HPOS="85" VPOS="1254" WIDTH="83" HEIGHT="31" CONTENT="bordo" WC="0.70" CC="04505"/>
						<SP ID="P47_SP00168" HPOS="168" VPOS="1285" WIDTH="11"/>
						<String ID="P47_ST00189" HPOS="179" VPOS="1255" WIDTH="14" HEIGHT="29" CONTENT="á" WC="1.00" CC="0"/>
						<SP ID="P47_SP00169" HPOS="193" VPOS="1285" WIDTH="13"/>
						<String ID="P47_ST00190" HPOS="206" VPOS="1254" WIDTH="24" HEIGHT="29" CONTENT="la" WC="0.52" CC="54"/>
						<SP ID="P47_SP00170" HPOS="230" VPOS="1285" WIDTH="13"/>
						<String ID="P47_ST00191" HPOS="243" VPOS="1253" WIDTH="86" HEIGHT="30" CONTENT="ribera" WC="0.94" CC="000003"/>
						<SP ID="P47_SP00171" HPOS="329" VPOS="1285" WIDTH="19"/>
						<String ID="P47_ST00192" HPOS="348" VPOS="1262" WIDTH="61" HEIGHT="32" CONTENT="para" WC="0.70" CC="0605"/>
						<SP ID="P47_SP00172" HPOS="409" VPOS="1294" WIDTH="17"/>
						<String ID="P47_ST00193" HPOS="426" VPOS="1253" WIDTH="76" HEIGHT="39" CONTENT="guiar" WC="0.83" CC="05200"/>
						<SP ID="P47_SP00173" HPOS="502" VPOS="1294" WIDTH="17"/>
						<String ID="P47_ST00194" HPOS="519" VPOS="1252" WIDTH="83" HEIGHT="40" CONTENT="mejor" WC="0.69" CC="73040"/>
						<SP ID="P47_SP00174" HPOS="602" VPOS="1294" WIDTH="16"/>
						<String ID="P47_ST00195" HPOS="618" VPOS="1252" WIDTH="23" HEIGHT="30" CONTENT="la" WC="0.85" CC="20"/>
						<SP ID="P47_SP00175" HPOS="641" VPOS="1294" WIDTH="16"/>
						<String ID="P47_ST00196" HPOS="657" VPOS="1252" WIDTH="104" HEIGHT="35" CONTENT="lancha," WC="0.51" CC="6770750"/>
						<SP ID="P47_SP00176" HPOS="761" VPOS="1294" WIDTH="25"/>
						<String ID="P47_ST00197" HPOS="786" VPOS="1263" WIDTH="27" HEIGHT="19" CONTENT="se" WC="0.84" CC="30"/>
						<SP ID="P47_SP00177" HPOS="813" VPOS="1294" WIDTH="24"/>
						<String ID="P47_ST00198" HPOS="837" VPOS="1252" WIDTH="58" HEIGHT="30" CONTENT="hizo" WC="0.57" CC="7063"/>
						<SP ID="P47_SP00178" HPOS="895" VPOS="1294" WIDTH="27"/>
						<String ID="P47_ST00199" HPOS="922" VPOS="1253" WIDTH="22" HEIGHT="30" CONTENT="la" WC="0.65" CC="60"/>
						<SP ID="P47_SP00179" HPOS="944" VPOS="1294" WIDTH="23"/>
						<String ID="P47_ST00200" HPOS="967" VPOS="1254" WIDTH="140" HEIGHT="39" CONTENT="operación" WC="0.71" CC="503366000"/>
					</TextLine>
					<TextLine ID="P47_TL00022" HPOS="84" VPOS="1310" WIDTH="1019" HEIGHT="39">
						<String ID="P47_ST00201" HPOS="84" VPOS="1313" WIDTH="159" HEIGHT="34" CONTENT="felizmente," WC="0.84" CC="00007006400"/>
						<SP ID="P47_SP00180" HPOS="243" VPOS="1347" WIDTH="19"/>
						<String ID="P47_ST00202" HPOS="262" VPOS="1322" WIDTH="33" HEIGHT="19" CONTENT="no" WC="0.47" CC="73"/>
						<SP ID="P47_SP00181" HPOS="295" VPOS="1347" WIDTH="17"/>
						<String ID="P47_ST00203" HPOS="312" VPOS="1311" WIDTH="119" HEIGHT="30" CONTENT="obstante" WC="0.60" CC="07327450"/>
						<SP ID="P47_SP00182" HPOS="431" VPOS="1347" WIDTH="23"/>
						<String ID="P47_ST00204" HPOS="454" VPOS="1311" WIDTH="24" HEIGHT="28" CONTENT="la" WC="0.57" CC="44"/>
						<SP ID="P47_SP00183" HPOS="478" VPOS="1347" WIDTH="20"/>
						<String ID="P47_ST00205" HPOS="498" VPOS="1310" WIDTH="138" HEIGHT="30" CONTENT="confusión" WC="0.60" CC="055255055"/>
						<SP ID="P47_SP00184" HPOS="636" VPOS="1347" WIDTH="17"/>
						<String ID="P47_ST00206" HPOS="653" VPOS="1320" WIDTH="52" HEIGHT="29" CONTENT="que" WC="0.70" CC="071"/>
						<SP ID="P47_SP00185" HPOS="705" VPOS="1349" WIDTH="15"/>
						<String ID="P47_ST00207" HPOS="720" VPOS="1310" WIDTH="108" HEIGHT="29" CONTENT="reinaba" WC="0.50" CC="3076664"/>
						<SP ID="P47_SP00186" HPOS="828" VPOS="1349" WIDTH="17"/>
						<String ID="P47_ST00208" HPOS="845" VPOS="1320" WIDTH="50" HEIGHT="20" CONTENT="aun" WC="0.66" CC="054"/>
						<SP ID="P47_SP00187" HPOS="895" VPOS="1349" WIDTH="20"/>
						<String ID="P47_ST00209" HPOS="915" VPOS="1321" WIDTH="31" HEIGHT="19" CONTENT="en" WC="0.66" CC="06"/>
						<SP ID="P47_SP00188" HPOS="946" VPOS="1349" WIDTH="17"/>
						<String ID="P47_ST00210" HPOS="963" VPOS="1311" WIDTH="23" HEIGHT="29" CONTENT="el" WC="0.97" CC="00"/>
						<SP ID="P47_SP00189" HPOS="986" VPOS="1349" WIDTH="14"/>
						<String ID="P47_ST00211" HPOS="1000" VPOS="1316" WIDTH="103" HEIGHT="33" CONTENT="puerto." WC="0.75" CC="0630700"/>
					</TextLine>
				</TextBlock>
				<TextBlock ID="P47_TB00009" HPOS="82" VPOS="1365" WIDTH="1023" HEIGHT="382" STYLEREFS="TXT_1 PAR_LEFT">
					<TextLine ID="P47_TL00023" HPOS="124" VPOS="1366" WIDTH="981" HEIGHT="43">
						<String ID="P47_ST00212" HPOS="124" VPOS="1368" WIDTH="114" HEIGHT="41" CONTENT="Alguien" WC="0.47" CC="0693474"/>
						<SP ID="P47_SP00190" HPOS="238" VPOS="1409" WIDTH="17"/>
						<String ID="P47_ST00213" HPOS="255" VPOS="1367" WIDTH="33" HEIGHT="30" CONTENT="de" WC="1.00" CC="00"/>
						<SP ID="P47_SP00191" HPOS="288" VPOS="1409" WIDTH="16"/>
						<String ID="P47_ST00214" HPOS="304" VPOS="1366" WIDTH="83" HEIGHT="31" CONTENT="bordo" WC="0.55" CC="35390"/>
						<SP ID="P47_SP00192" HPOS="387" VPOS="1409" WIDTH="16"/>
						<String ID="P47_ST00215" HPOS="403" VPOS="1366" WIDTH="72" HEIGHT="30" CONTENT="hubo" WC="0.37" CC="5575"/>
						<SP ID="P47_SP00193" HPOS="475" VPOS="1409" WIDTH="11"/>
						<String ID="P47_ST00216" HPOS="486" VPOS="1366" WIDTH="33" HEIGHT="30" CONTENT="de" WC="1.00" CC="00"/>
						<SP ID="P47_SP00194" HPOS="519" VPOS="1409" WIDTH="13"/>
						<String ID="P47_ST00217" HPOS="532" VPOS="1371" WIDTH="82" HEIGHT="24" CONTENT="meter" WC="0.77" CC="01603"/>
						<SP ID="P47_SP00195" HPOS="614" VPOS="1409" WIDTH="13"/>
						<String ID="P47_ST00218" HPOS="627" VPOS="1376" WIDTH="31" HEIGHT="19" CONTENT="en" WC="1.00" CC="00"/>
						<SP ID="P47_SP00196" HPOS="658" VPOS="1409" WIDTH="18"/>
						<String ID="P47_ST00219" HPOS="676" VPOS="1366" WIDTH="23" HEIGHT="29" CONTENT="la" WC="0.82" CC="03"/>
						<SP ID="P47_SP00197" HPOS="699" VPOS="1409" WIDTH="13"/>
						<String ID="P47_ST00220" HPOS="712" VPOS="1366" WIDTH="96" HEIGHT="29" CONTENT="cabeza" WC="0.43" CC="776075"/>
						<SP ID="P47_SP00198" HPOS="808" VPOS="1409" WIDTH="14"/>
						<String ID="P47_ST00221" HPOS="822" VPOS="1367" WIDTH="12" HEIGHT="29" CONTENT="á" WC="0.51" CC="4"/>
						<SP ID="P47_SP00199" HPOS="834" VPOS="1409" WIDTH="17"/>
						<String ID="P47_ST00222" HPOS="851" VPOS="1366" WIDTH="79" HEIGHT="40" CONTENT="aquel" WC="0.43" CC="79612"/>
						<SP ID="P47_SP00200" HPOS="930" VPOS="1409" WIDTH="20"/>
						<String ID="P47_ST00223" HPOS="950" VPOS="1371" WIDTH="107" HEIGHT="25" CONTENT="tunante" WC="0.39" CC="7860567"/>
						<SP ID="P47_SP00201" HPOS="1057" VPOS="1409" WIDTH="16"/>
						<String ID="P47_ST00224" HPOS="1073" VPOS="1366" WIDTH="32" HEIGHT="30" CONTENT="de" WC="1.00" CC="00"/>
					</TextLine>
					<TextLine ID="P47_TL00024" HPOS="83" VPOS="1422" WIDTH="1022" HEIGHT="43">
						<String ID="P47_ST00225" HPOS="83" VPOS="1426" WIDTH="108" HEIGHT="30" CONTENT="Lassala" WC="0.56" CC="3045762"/>
						<SP ID="P47_SP00202" HPOS="191" VPOS="1456" WIDTH="17"/>
						<String ID="P47_ST00226" HPOS="208" VPOS="1426" WIDTH="35" HEIGHT="39" CONTENT="(el" WC="0.82" CC="400"/>
						<SP ID="P47_SP00203" HPOS="243" VPOS="1465" WIDTH="15"/>
						<String ID="P47_ST00227" HPOS="258" VPOS="1425" WIDTH="57" HEIGHT="30" CONTENT="cual" WC="0.75" CC="0540"/>
						<SP ID="P47_SP00204" HPOS="315" VPOS="1465" WIDTH="12"/>
						<String ID="P47_ST00228" HPOS="327" VPOS="1425" WIDTH="33" HEIGHT="29" CONTENT="he" WC="0.63" CC="70"/>
						<SP ID="P47_SP00205" HPOS="360" VPOS="1465" WIDTH="10"/>
						<String ID="P47_ST00229" HPOS="370" VPOS="1423" WIDTH="122" HEIGHT="31" CONTENT="mentado" WC="0.52" CC="6354606"/>
						<SP ID="P47_SP00206" HPOS="492" VPOS="1465" WIDTH="14"/>
						<String ID="P47_ST00230" HPOS="506" VPOS="1425" WIDTH="56" HEIGHT="39" CONTENT="ya)," WC="0.83" CC="0600"/>
						<SP ID="P47_SP00207" HPOS="562" VPOS="1465" WIDTH="18"/>
						<String ID="P47_ST00231" HPOS="580" VPOS="1433" WIDTH="52" HEIGHT="31" CONTENT="que" WC="0.72" CC="053"/>
						<SP ID="P47_SP00208" HPOS="632" VPOS="1465" WIDTH="14"/>
						<String ID="P47_ST00232" HPOS="646" VPOS="1433" WIDTH="28" HEIGHT="19" CONTENT="se" WC="0.61" CC="34"/>
						<SP ID="P47_SP00209" HPOS="674" VPOS="1465" WIDTH="12"/>
						<String ID="P47_ST00233" HPOS="686" VPOS="1422" WIDTH="157" HEIGHT="31" CONTENT="escondiera" WC="0.65" CC="0631090603"/>
						<SP ID="P47_SP00210" HPOS="843" VPOS="1465" WIDTH="14"/>
						<String ID="P47_ST00234" HPOS="857" VPOS="1433" WIDTH="32" HEIGHT="20" CONTENT="en" WC="0.86" CC="02"/>
						<SP ID="P47_SP00211" HPOS="889" VPOS="1465" WIDTH="13"/>
						<String ID="P47_ST00235" HPOS="902" VPOS="1423" WIDTH="23" HEIGHT="30" CONTENT="el" WC="0.77" CC="04"/>
						<SP ID="P47_SP00212" HPOS="925" VPOS="1465" WIDTH="14"/>
						<String ID="P47_ST00236" HPOS="939" VPOS="1423" WIDTH="67" HEIGHT="30" CONTENT="local" WC="0.59" CC="06364"/>
						<SP ID="P47_SP00213" HPOS="1006" VPOS="1465" WIDTH="14"/>
						<String ID="P47_ST00237" HPOS="1020" VPOS="1423" WIDTH="31" HEIGHT="31" CONTENT="de" WC="0.68" CC="06"/>
						<SP ID="P47_SP00214" HPOS="1051" VPOS="1465" WIDTH="14"/>
						<String ID="P47_ST00238" HPOS="1065" VPOS="1424" WIDTH="40" HEIGHT="30" CONTENT="los" WC="0.48" CC="644"/>
					</TextLine>
					<TextLine ID="P47_TL00025" HPOS="84" VPOS="1479" WIDTH="1021" HEIGHT="43">
						<String ID="P47_ST00239" HPOS="84" VPOS="1482" WIDTH="144" HEIGHT="31" CONTENT="marineros" WC="0.77" CC="700060042"/>
						<SP ID="P47_SP00215" HPOS="228" VPOS="1513" WIDTH="17"/>
						<String ID="P47_ST00240" HPOS="245" VPOS="1493" WIDTH="15" HEIGHT="29" CONTENT="y" WC="0.61" CC="3"/>
						<SP ID="P47_SP00216" HPOS="260" VPOS="1522" WIDTH="14"/>
						<String ID="P47_ST00241" HPOS="274" VPOS="1492" WIDTH="27" HEIGHT="19" CONTENT="se" WC="0.70" CC="50"/>
						<SP ID="P47_SP00217" HPOS="301" VPOS="1522" WIDTH="14"/>
						<String ID="P47_ST00242" HPOS="315" VPOS="1481" WIDTH="108" HEIGHT="29" CONTENT="libraría" WC="0.75" CC="00640035"/>
						<SP ID="P47_SP00218" HPOS="423" VPOS="1522" WIDTH="15"/>
						<String ID="P47_ST00243" HPOS="438" VPOS="1479" WIDTH="33" HEIGHT="31" CONTENT="de" WC="0.54" CC="90"/>
						<SP ID="P47_SP00219" HPOS="471" VPOS="1522" WIDTH="15"/>
						<String ID="P47_ST00244" HPOS="486" VPOS="1480" WIDTH="24" HEIGHT="29" CONTENT="ir" WC="0.47" CC="46"/>
						<SP ID="P47_SP00220" HPOS="510" VPOS="1522" WIDTH="15"/>
						<String ID="P47_ST00245" HPOS="525" VPOS="1480" WIDTH="13" HEIGHT="29" CONTENT="á" WC="1.00" CC="0"/>
						<SP ID="P47_SP00221" HPOS="538" VPOS="1522" WIDTH="18"/>
						<String ID="P47_ST00246" HPOS="556" VPOS="1479" WIDTH="24" HEIGHT="30" CONTENT="la" WC="0.89" CC="02"/>
						<SP ID="P47_SP00222" HPOS="580" VPOS="1522" WIDTH="16"/>
						<String ID="P47_ST00247" HPOS="596" VPOS="1488" WIDTH="97" HEIGHT="31" CONTENT="guerra" WC="0.67" CC="063540"/>
						<SP ID="P47_SP00223" HPOS="693" VPOS="1522" WIDTH="13"/>
						<String ID="P47_ST00248" HPOS="706" VPOS="1492" WIDTH="6" HEIGHT="23" CONTENT=";" WC="1.00" CC="0"/>
						<SP ID="P47_SP00224" HPOS="712" VPOS="1522" WIDTH="27"/>
						<String ID="P47_ST00249" HPOS="739" VPOS="1489" WIDTH="51" HEIGHT="31" CONTENT="que" WC="0.53" CC="077"/>
						<SP ID="P47_SP00225" HPOS="790" VPOS="1522" WIDTH="24"/>
						<String ID="P47_ST00250" HPOS="814" VPOS="1479" WIDTH="103" HEIGHT="30" CONTENT="cuando" WC="0.67" CC="039106"/>
						<SP ID="P47_SP00226" HPOS="917" VPOS="1522" WIDTH="16"/>
						<String ID="P47_ST00251" HPOS="933" VPOS="1480" WIDTH="119" HEIGHT="29" CONTENT="notarían" WC="0.58" CC="06536262"/>
						<SP ID="P47_SP00227" HPOS="1052" VPOS="1522" WIDTH="22"/>
						<String ID="P47_ST00252" HPOS="1074" VPOS="1490" WIDTH="31" HEIGHT="20" CONTENT="su" WC="0.65" CC="06"/>
					</TextLine>
					<TextLine ID="P47_TL00026" HPOS="83" VPOS="1535" WIDTH="1021" HEIGHT="44">
						<String ID="P47_ST00253" HPOS="83" VPOS="1539" WIDTH="61" HEIGHT="31" CONTENT="falla" WC="0.65" CC="02652"/>
						<SP ID="P47_SP00228" HPOS="144" VPOS="1570" WIDTH="11"/>
						<String ID="P47_ST00254" HPOS="155" VPOS="1537" WIDTH="160" HEIGHT="42" CONTENT="supondrían" WC="0.62" CC="6700705037"/>
						<SP ID="P47_SP00229" HPOS="315" VPOS="1579" WIDTH="14"/>
						<String ID="P47_ST00255" HPOS="329" VPOS="1548" WIDTH="51" HEIGHT="30" CONTENT="que" WC="0.97" CC="000"/>
						<SP ID="P47_SP00230" HPOS="380" VPOS="1579" WIDTH="13"/>
						<String ID="P47_ST00256" HPOS="393" VPOS="1547" WIDTH="28" HEIGHT="19" CONTENT="se" WC="0.35" CC="56"/>
						<SP ID="P47_SP00231" HPOS="421" VPOS="1579" WIDTH="15"/>
						<String ID="P47_ST00257" HPOS="436" VPOS="1536" WIDTH="80" HEIGHT="30" CONTENT="habia" WC="0.78" CC="70003"/>
						<SP ID="P47_SP00232" HPOS="516" VPOS="1579" WIDTH="16"/>
						<String ID="P47_ST00258" HPOS="532" VPOS="1535" WIDTH="100" HEIGHT="41" CONTENT="pasado" WC="0.68" CC="067400"/>
						<SP ID="P47_SP00233" HPOS="632" VPOS="1579" WIDTH="16"/>
						<String ID="P47_ST00259" HPOS="648" VPOS="1536" WIDTH="13" HEIGHT="29" CONTENT="á" WC="1.00" CC="0"/>
						<SP ID="P47_SP00234" HPOS="661" VPOS="1579" WIDTH="18"/>
						<String ID="P47_ST00260" HPOS="679" VPOS="1535" WIDTH="39" HEIGHT="30" CONTENT="los" WC="0.53" CC="246"/>
						<SP ID="P47_SP00235" HPOS="718" VPOS="1579" WIDTH="16"/>
						<String ID="P47_ST00261" HPOS="734" VPOS="1545" WIDTH="77" HEIGHT="20" CONTENT="rusos" WC="0.50" CC="25663"/>
						<String ID="P47_ST00262" HPOS="824" VPOS="1548" WIDTH="6" HEIGHT="23" CONTENT=";" WC="1.00" CC="0"/>
						<SP ID="P47_SP00236" HPOS="830" VPOS="1579" WIDTH="21"/>
						<String ID="P47_ST00263" HPOS="851" VPOS="1546" WIDTH="16" HEIGHT="30" CONTENT="y" WC="1.00" CC="0"/>
						<SP ID="P47_SP00237" HPOS="867" VPOS="1579" WIDTH="24"/>
						<String ID="P47_ST00264" HPOS="891" VPOS="1536" WIDTH="125" HEIGHT="29" CONTENT="mientras" WC="0.63" CC="45001755"/>
						<SP ID="P47_SP00238" HPOS="1016" VPOS="1579" WIDTH="18"/>
						<String ID="P47_ST00265" HPOS="1034" VPOS="1541" WIDTH="70" HEIGHT="25" CONTENT="tanto" WC="0.42" CC="77525"/>
					</TextLine>
					<TextLine ID="P47_TL00027" HPOS="83" VPOS="1591" WIDTH="1022" HEIGHT="46">
						<String ID="P47_ST00266" HPOS="83" VPOS="1596" WIDTH="105" HEIGHT="41" CONTENT="gozaría" WC="0.61" CC="9362021"/>
						<SP ID="P47_SP00239" HPOS="188" VPOS="1637" WIDTH="16"/>
						<String ID="P47_ST00267" HPOS="204" VPOS="1594" WIDTH="23" HEIGHT="31" CONTENT="él" WC="0.75" CC="50"/>
						<SP ID="P47_SP00240" HPOS="227" VPOS="1637" WIDTH="19"/>
						<String ID="P47_ST00268" HPOS="246" VPOS="1594" WIDTH="32" HEIGHT="30" CONTENT="de" WC="1.00" CC="00"/>
						<SP ID="P47_SP00241" HPOS="278" VPOS="1637" WIDTH="22"/>
						<String ID="P47_ST00269" HPOS="300" VPOS="1604" WIDTH="34" HEIGHT="19" CONTENT="un" WC="0.33" CC="84"/>
						<SP ID="P47_SP00242" HPOS="334" VPOS="1637" WIDTH="22"/>
						<String ID="P47_ST00270" HPOS="356" VPOS="1592" WIDTH="70" HEIGHT="31" CONTENT="buen" WC="0.70" CC="7400"/>
						<SP ID="P47_SP00243" HPOS="426" VPOS="1637" WIDTH="18"/>
						<String ID="P47_ST00271" HPOS="444" VPOS="1592" WIDTH="103" HEIGHT="29" CONTENT="destino" WC="0.79" CC="0045040"/>
						<SP ID="P47_SP00244" HPOS="547" VPOS="1637" WIDTH="17"/>
						<String ID="P47_ST00272" HPOS="564" VPOS="1602" WIDTH="52" HEIGHT="29" CONTENT="que" WC="0.90" CC="020"/>
						<SP ID="P47_SP00245" HPOS="616" VPOS="1637" WIDTH="15"/>
						<String ID="P47_ST00273" HPOS="631" VPOS="1602" WIDTH="29" HEIGHT="19" CONTENT="se" WC="0.71" CC="50"/>
						<SP ID="P47_SP00246" HPOS="660" VPOS="1637" WIDTH="22"/>
						<String ID="P47_ST00274" HPOS="682" VPOS="1591" WIDTH="24" HEIGHT="29" CONTENT="le" WC="0.98" CC="00"/>
						<SP ID="P47_SP00247" HPOS="706" VPOS="1637" WIDTH="23"/>
						<String ID="P47_ST00275" HPOS="729" VPOS="1591" WIDTH="73" HEIGHT="30" CONTENT="daria" WC="0.97" CC="01000"/>
						<SP ID="P47_SP00248" HPOS="802" VPOS="1637" WIDTH="17"/>
						<String ID="P47_ST00276" HPOS="819" VPOS="1592" WIDTH="14" HEIGHT="29" CONTENT="á" WC="1.00" CC="0"/>
						<SP ID="P47_SP00249" HPOS="833" VPOS="1637" WIDTH="16"/>
						<String ID="P47_ST00277" HPOS="849" VPOS="1591" WIDTH="94" HEIGHT="30" CONTENT="bordo." WC="0.74" CC="313041"/>
						<SP ID="P47_SP00250" HPOS="943" VPOS="1637" WIDTH="19"/>
						<String ID="P47_ST00278" HPOS="962" VPOS="1593" WIDTH="63" HEIGHT="39" CONTENT="Muy" WC="0.95" CC="010"/>
						<SP ID="P47_SP00251" HPOS="1025" VPOS="1637" WIDTH="19"/>
						<String ID="P47_ST00279" HPOS="1044" VPOS="1592" WIDTH="61" HEIGHT="31" CONTENT="listo" WC="0.75" CC="00650"/>
					</TextLine>
					<TextLine ID="P47_TL00028" HPOS="83" VPOS="1647" WIDTH="1021" HEIGHT="41">
						<String ID="P47_ST00280" HPOS="83" VPOS="1652" WIDTH="105" HEIGHT="30" CONTENT="anduvo" WC="0.47" CC="460676"/>
						<SP ID="P47_SP00252" HPOS="188" VPOS="1682" WIDTH="16"/>
						<String ID="P47_ST00281" HPOS="204" VPOS="1661" WIDTH="32" HEIGHT="19" CONTENT="en" WC="0.91" CC="01"/>
						<SP ID="P47_SP00253" HPOS="236" VPOS="1682" WIDTH="16"/>
						<String ID="P47_ST00282" HPOS="252" VPOS="1649" WIDTH="146" HEIGHT="36" CONTENT="creérselo;" WC="0.91" CC="0000060001"/>
						<SP ID="P47_SP00254" HPOS="398" VPOS="1685" WIDTH="14"/>
						<String ID="P47_ST00283" HPOS="412" VPOS="1658" WIDTH="34" HEIGHT="21" CONTENT="no" WC="0.67" CC="60"/>
						<SP ID="P47_SP00255" HPOS="446" VPOS="1685" WIDTH="15"/>
						<String ID="P47_ST00284" HPOS="461" VPOS="1658" WIDTH="28" HEIGHT="20" CONTENT="se" WC="0.71" CC="50"/>
						<SP ID="P47_SP00256" HPOS="489" VPOS="1685" WIDTH="13"/>
						<String ID="P47_ST00285" HPOS="502" VPOS="1648" WIDTH="23" HEIGHT="29" CONTENT="lo" WC="0.23" CC="69"/>
						<SP ID="P47_SP00257" HPOS="525" VPOS="1685" WIDTH="12"/>
						<String ID="P47_ST00286" HPOS="537" VPOS="1648" WIDTH="59" HEIGHT="29" CONTENT="hizo" WC="0.46" CC="7553"/>
						<SP ID="P47_SP00258" HPOS="596" VPOS="1685" WIDTH="11"/>
						<String ID="P47_ST00287" HPOS="607" VPOS="1647" WIDTH="107" HEIGHT="41" CONTENT="repetir," WC="0.93" CC="05000000"/>
						<SP ID="P47_SP00259" HPOS="714" VPOS="1688" WIDTH="20"/>
						<String ID="P47_ST00288" HPOS="734" VPOS="1648" WIDTH="57" HEIGHT="29" CONTENT="sino" WC="0.60" CC="5162"/>
						<SP ID="P47_SP00260" HPOS="791" VPOS="1688" WIDTH="15"/>
						<String ID="P47_ST00289" HPOS="806" VPOS="1658" WIDTH="52" HEIGHT="29" CONTENT="que" WC="0.94" CC="001"/>
						<SP ID="P47_SP00261" HPOS="858" VPOS="1688" WIDTH="12"/>
						<String ID="P47_ST00290" HPOS="870" VPOS="1647" WIDTH="43" HEIGHT="30" CONTENT="fué" WC="0.79" CC="600"/>
						<SP ID="P47_SP00262" HPOS="913" VPOS="1688" WIDTH="16"/>
						<String ID="P47_ST00291" HPOS="929" VPOS="1647" WIDTH="139" HEIGHT="31" CONTENT="corriendo" WC="0.80" CC="005450002"/>
						<SP ID="P47_SP00263" HPOS="1068" VPOS="1688" WIDTH="10"/>
						<String ID="P47_ST00292" HPOS="1078" VPOS="1648" WIDTH="26" HEIGHT="30" CONTENT="al" WC="0.70" CC="05"/>
					</TextLine>
					<TextLine ID="P47_TL00029" HPOS="83" VPOS="1703" WIDTH="695" HEIGHT="44">
						<String ID="P47_ST00293" HPOS="83" VPOS="1708" WIDTH="160" HEIGHT="39" CONTENT="escondrijo," WC="0.83" CC="01006050050"/>
						<SP ID="P47_SP00264" HPOS="243" VPOS="1747" WIDTH="16"/>
						<String ID="P47_ST00294" HPOS="259" VPOS="1705" WIDTH="139" HEIGHT="42" CONTENT="quedando" WC="0.67" CC="06003582"/>
						<SP ID="P47_SP00265" HPOS="398" VPOS="1747" WIDTH="16"/>
						<String ID="P47_ST00295" HPOS="414" VPOS="1705" WIDTH="33" HEIGHT="31" CONTENT="de" WC="1.00" CC="00"/>
						<SP ID="P47_SP00266" HPOS="447" VPOS="1747" WIDTH="11"/>
						<String ID="P47_ST00296" HPOS="458" VPOS="1709" WIDTH="56" HEIGHT="26" CONTENT="esta" WC="0.72" CC="0604"/>
						<SP ID="P47_SP00267" HPOS="514" VPOS="1747" WIDTH="15"/>
						<String ID="P47_ST00297" HPOS="529" VPOS="1714" WIDTH="107" HEIGHT="20" CONTENT="manera" WC="0.60" CC="763060"/>
						<SP ID="P47_SP00268" HPOS="636" VPOS="1747" WIDTH="17"/>
						<String ID="P47_ST00298" HPOS="653" VPOS="1705" WIDTH="15" HEIGHT="29" CONTENT="á" WC="1.00" CC="0"/>
						<SP ID="P47_SP00269" HPOS="668" VPOS="1747" WIDTH="16"/>
						<String ID="P47_ST00299" HPOS="684" VPOS="1703" WIDTH="94" HEIGHT="31" CONTENT="bordo." WC="0.71" CC="623030"/>
					</TextLine>
				</TextBlock>
				<TextBlock ID="P47_TB00010" HPOS="82" VPOS="1758" WIDTH="1022" HEIGHT="100" STYLEREFS="TXT_1 PAR_LEFT">
					<TextLine ID="P47_TL00030" HPOS="123" VPOS="1759" WIDTH="981" HEIGHT="46">
						<String ID="P47_ST00300" HPOS="123" VPOS="1766" WIDTH="37" HEIGHT="28" CONTENT="Lo" WC="0.57" CC="35"/>
						<SP ID="P47_SP00270" HPOS="160" VPOS="1794" WIDTH="10"/>
						<String ID="P47_ST00301" HPOS="170" VPOS="1763" WIDTH="119" HEIGHT="42" CONTENT="supimos" WC="0.73" CC="3300650"/>
						<SP ID="P47_SP00271" HPOS="289" VPOS="1805" WIDTH="17"/>
						<String ID="P47_ST00302" HPOS="306" VPOS="1767" WIDTH="119" HEIGHT="25" CONTENT="nosotros" WC="0.78" CC="83000005"/>
						<SP ID="P47_SP00272" HPOS="425" VPOS="1805" WIDTH="10"/>
						<String ID="P47_ST00303" HPOS="435" VPOS="1772" WIDTH="17" HEIGHT="30" CONTENT="y" WC="1.00" CC="0"/>
						<SP ID="P47_SP00273" HPOS="452" VPOS="1805" WIDTH="13"/>
						<String ID="P47_ST00304" HPOS="465" VPOS="1770" WIDTH="142" HEIGHT="32" CONTENT="pensamos" WC="0.72" CC="01550035"/>
						<SP ID="P47_SP00274" HPOS="607" VPOS="1805" WIDTH="16"/>
						<String ID="P47_ST00305" HPOS="623" VPOS="1759" WIDTH="106" HEIGHT="31" CONTENT="hacerle" WC="0.73" CC="5500500"/>
						<SP ID="P47_SP00275" HPOS="729" VPOS="1805" WIDTH="12"/>
						<String ID="P47_ST00306" HPOS="741" VPOS="1769" WIDTH="51" HEIGHT="20" CONTENT="una" WC="0.65" CC="144"/>
						<SP ID="P47_SP00276" HPOS="792" VPOS="1805" WIDTH="11"/>
						<String ID="P47_ST00307" HPOS="803" VPOS="1759" WIDTH="149" HEIGHT="40" CONTENT="jugarreta," WC="0.68" CC="1690330060"/>
						<SP ID="P47_SP00277" HPOS="952" VPOS="1805" WIDTH="19"/>
						<String ID="P47_ST00308" HPOS="971" VPOS="1759" WIDTH="133" HEIGHT="41" CONTENT="dispues" SUBS_TYPE="HypPart1" SUBS_CONTENT="dispuestos" WC="0.64" CC="90606500"/>
						<HYP CONTENT="-"/>
					</TextLine>
					<TextLine ID="P47_TL00031" HPOS="83" VPOS="1814" WIDTH="850" HEIGHT="44">
						<String ID="P47_ST00309" HPOS="83" VPOS="1828" WIDTH="38" HEIGHT="24" CONTENT="tos" SUBS_TYPE="HypPart2" SUBS_CONTENT="dispuestos" WC="0.70" CC="422"/>
						<SP ID="P47_SP00278" HPOS="121" VPOS="1852" WIDTH="12"/>
						<String ID="P47_ST00310" HPOS="133" VPOS="1832" WIDTH="33" HEIGHT="20" CONTENT="no" WC="0.40" CC="74"/>
						<SP ID="P47_SP00279" HPOS="166" VPOS="1852" WIDTH="14"/>
						<String ID="P47_ST00311" HPOS="180" VPOS="1820" WIDTH="119" HEIGHT="32" CONTENT="obstante" WC="0.73" CC="44630100"/>
						<SP ID="P47_SP00280" HPOS="299" VPOS="1852" WIDTH="11"/>
						<String ID="P47_ST00312" HPOS="310" VPOS="1819" WIDTH="14" HEIGHT="30" CONTENT="á" WC="1.00" CC="0"/>
						<SP ID="P47_SP00281" HPOS="324" VPOS="1852" WIDTH="13"/>
						<String ID="P47_ST00313" HPOS="337" VPOS="1818" WIDTH="149" HEIGHT="30" CONTENT="interceder" WC="0.74" CC="4270000019"/>
						<SP ID="P47_SP00282" HPOS="486" VPOS="1852" WIDTH="16"/>
						<String ID="P47_ST00314" HPOS="502" VPOS="1826" WIDTH="62" HEIGHT="32" CONTENT="para" WC="0.77" CC="0044"/>
						<SP ID="P47_SP00283" HPOS="564" VPOS="1858" WIDTH="12"/>
						<String ID="P47_ST00315" HPOS="576" VPOS="1826" WIDTH="53" HEIGHT="31" CONTENT="que" WC="0.77" CC="510"/>
						<SP ID="P47_SP00284" HPOS="629" VPOS="1858" WIDTH="17"/>
						<String ID="P47_ST00316" HPOS="646" VPOS="1826" WIDTH="33" HEIGHT="20" CONTENT="no" WC="0.96" CC="00"/>
						<SP ID="P47_SP00285" HPOS="679" VPOS="1858" WIDTH="17"/>
						<String ID="P47_ST00317" HPOS="696" VPOS="1815" WIDTH="75" HEIGHT="31" CONTENT="fuese" WC="0.90" CC="22000"/>
						<SP ID="P47_SP00286" HPOS="771" VPOS="1858" WIDTH="16"/>
						<String ID="P47_ST00318" HPOS="787" VPOS="1814" WIDTH="146" HEIGHT="42" CONTENT="castigado." WC="0.93" CC="0050001000"/>
					</TextLine>
				</TextBlock>
				<TextBlock ID="P47_TB00011" HPOS="121" VPOS="1869" WIDTH="981" HEIGHT="46" STYLEREFS="TXT_1 PAR_CENTER">
					<TextLine ID="P47_TL00032" HPOS="122" VPOS="1869" WIDTH="980" HEIGHT="46">
						<String ID="P47_ST00319" HPOS="122" VPOS="1874" WIDTH="181" HEIGHT="32" CONTENT="Descansados" WC="0.85" CC="30100047000"/>
						<SP ID="P47_SP00287" HPOS="303" VPOS="1906" WIDTH="14"/>
						<String ID="P47_ST00320" HPOS="317" VPOS="1884" WIDTH="32" HEIGHT="31" CONTENT="ya" WC="1.00" CC="00"/>
						<SP ID="P47_SP00288" HPOS="349" VPOS="1915" WIDTH="15"/>
						<String ID="P47_ST00321" HPOS="364" VPOS="1874" WIDTH="43" HEIGHT="30" CONTENT="del" WC="0.95" CC="010"/>
						<SP ID="P47_SP00289" HPOS="407" VPOS="1915" WIDTH="24"/>
						<String ID="P47_ST00322" HPOS="431" VPOS="1873" WIDTH="103" HEIGHT="41" CONTENT="peligro" WC="0.78" CC="0000905"/>
						<SP ID="P47_SP00290" HPOS="534" VPOS="1915" WIDTH="16"/>
						<String ID="P47_ST00323" HPOS="550" VPOS="1872" WIDTH="33" HEIGHT="29" CONTENT="de" WC="1.00" CC="00"/>
						<SP ID="P47_SP00291" HPOS="583" VPOS="1915" WIDTH="16"/>
						<String ID="P47_ST00324" HPOS="599" VPOS="1871" WIDTH="24" HEIGHT="30" CONTENT="la" WC="0.81" CC="11"/>
						<SP ID="P47_SP00292" HPOS="623" VPOS="1915" WIDTH="18"/>
						<String ID="P47_ST00325" HPOS="641" VPOS="1875" WIDTH="127" HEIGHT="26" CONTENT="tormenta" WC="0.56" CC="56060185"/>
						<SP ID="P47_SP00293" HPOS="768" VPOS="1915" WIDTH="16"/>
						<String ID="P47_ST00326" HPOS="784" VPOS="1880" WIDTH="46" HEIGHT="32" CONTENT="por" WC="0.79" CC="023"/>
						<SP ID="P47_SP00294" HPOS="830" VPOS="1915" WIDTH="23"/>
						<String ID="P47_ST00327" HPOS="853" VPOS="1870" WIDTH="23" HEIGHT="31" CONTENT="ir" WC="0.44" CC="46"/>
						<SP ID="P47_SP00295" HPOS="876" VPOS="1915" WIDTH="25"/>
						<String ID="P47_ST00328" HPOS="901" VPOS="1869" WIDTH="201" HEIGHT="42" CONTENT="gradualmente" WC="0.65" CC="905014270740"/>
					</TextLine>
				</TextBlock>
			</PrintSpace>
		</Page>
	</Layout>
</alto>
