<?xml version="1.0" encoding="UTF-8"?>
<alto xmlns:xsi="http://www.w3.org/2001/XMLSchema-instance" xsi:noNamespaceSchemaLocation="http://www.bl.uk/schemas/alto/alto-1-4.xsd" xmlns:xlink="http://www.w3.org/1999/xlink">
	<Description>
		<MeasurementUnit>mm10</MeasurementUnit>
		<sourceImageInformation>
			<fileName>//head1/IN/2008-26/A0011736599/009140.jp2</fileName>
		</sourceImageInformation>
		<OCRProcessing ID="OCRPROCESSING_1">
			<preProcessingStep>
				<processingSoftware>
					<softwareCreator>CCS Content Conversion Specialists GmbH, Germany</softwareCreator>
					<softwareName>CCS docWORKS</softwareName>
					<softwareVersion>6.1-0.67</softwareVersion>
				</processingSoftware>
			</preProcessingStep>
			<ocrProcessingStep>
				<processingSoftware>
					<softwareCreator>ABBYY (BIT Software), Russia</softwareCreator>
					<softwareName>Finereader</softwareName>
				</processingSoftware>
			</ocrProcessingStep>
		</OCRProcessing>
	</Description>
	<Styles>
		<TextStyle ID="TXT_0" FONTSIZE="11" FONTFAMILY="Courier New"/>
		<TextStyle ID="TXT_1" FONTSIZE="9" FONTFAMILY="Courier New"/>
		<ParagraphStyle ID="PAR_CENTER" ALIGN="Center"/>
		<ParagraphStyle ID="PAR_LEFT" ALIGN="Left"/>
	</Styles>
	<Layout>
		<Page ID="P88" PHYSICAL_IMG_NR="88" HEIGHT="2180" WIDTH="1241" POSITION="Left" ACCURACY="66.50">
			<TopMargin ID="P88_TM00001" HPOS="0" VPOS="0" WIDTH="1241" HEIGHT="158"/>
			<LeftMargin ID="P88_LM00001" HPOS="0" VPOS="158" WIDTH="158" HEIGHT="1785"/>
			<RightMargin ID="P88_RM00001" HPOS="1189" VPOS="158" WIDTH="52" HEIGHT="1785"/>
			<BottomMargin ID="P88_BM00001" HPOS="0" VPOS="1943" WIDTH="1241" HEIGHT="237"/>
			<PrintSpace ID="P88_PS00001" HPOS="158" VPOS="158" WIDTH="1035" HEIGHT="1790">
				<TextBlock ID="P88_TB00001" HPOS="294" VPOS="623" WIDTH="754" HEIGHT="50" STYLEREFS="TXT_0 PAR_CENTER">
					<TextLine ID="P88_TL00001" HPOS="295" VPOS="625" WIDTH="752" HEIGHT="48">
						<String ID="P88_ST00001" HPOS="295" VPOS="629" WIDTH="51" HEIGHT="44" CONTENT="DE" WC="0.66" CC="60"/>
						<SP ID="P88_SP00001" HPOS="346" VPOS="673" WIDTH="32"/>
						<String ID="P88_ST00002" HPOS="378" VPOS="628" WIDTH="208" HEIGHT="45" CONTENT="KAMIESGH" WC="0.42" CC="36948066"/>
						<SP ID="P88_SP00002" HPOS="586" VPOS="673" WIDTH="27"/>
						<String ID="P88_ST00003" HPOS="613" VPOS="627" WIDTH="27" HEIGHT="46" CONTENT="A" WC="1.00" CC="0"/>
						<SP ID="P88_SP00003" HPOS="640" VPOS="673" WIDTH="33"/>
						<String ID="P88_ST00004" HPOS="673" VPOS="625" WIDTH="374" HEIGHT="47" CONTENT="CONSTANTINOPLA." WC="0.48" CC="659533727961062"/>
					</TextLine>
				</TextBlock>
				<TextBlock ID="P88_TB00002" HPOS="160" VPOS="1065" WIDTH="1033" HEIGHT="883" STYLEREFS="TXT_1 PAR_LEFT">
					<TextLine ID="P88_TL00002" HPOS="550" VPOS="1070" WIDTH="632" HEIGHT="41">
						<String ID="P88_ST00005" HPOS="550" VPOS="1081" WIDTH="30" HEIGHT="19" CONTENT="as" WC="0.36" CC="65"/>
						<SP ID="P88_SP00004" HPOS="580" VPOS="1100" WIDTH="16"/>
						<String ID="P88_ST00006" HPOS="596" VPOS="1071" WIDTH="53" HEIGHT="29" CONTENT="seis" WC="0.89" CC="0004"/>
						<SP ID="P88_SP00005" HPOS="649" VPOS="1100" WIDTH="13"/>
						<String ID="P88_ST00007" HPOS="662" VPOS="1070" WIDTH="33" HEIGHT="30" CONTENT="de" WC="1.00" CC="00"/>
						<SP ID="P88_SP00006" HPOS="695" VPOS="1100" WIDTH="24"/>
						<String ID="P88_ST00008" HPOS="719" VPOS="1071" WIDTH="23" HEIGHT="29" CONTENT="la" WC="1.00" CC="00"/>
						<SP ID="P88_SP00007" HPOS="742" VPOS="1100" WIDTH="16"/>
						<String ID="P88_ST00009" HPOS="758" VPOS="1071" WIDTH="85" HEIGHT="30" CONTENT="noche" WC="0.58" CC="65062"/>
						<SP ID="P88_SP00008" HPOS="843" VPOS="1101" WIDTH="17"/>
						<String ID="P88_ST00010" HPOS="860" VPOS="1072" WIDTH="78" HEIGHT="39" CONTENT="(pues" WC="1.00" CC="00000"/>
						<SP ID="P88_SP00009" HPOS="938" VPOS="1111" WIDTH="16"/>
						<String ID="P88_ST00011" HPOS="954" VPOS="1070" WIDTH="94" HEIGHT="30" CONTENT="siendo" WC="0.85" CC="404000"/>
						<SP ID="P88_SP00010" HPOS="1048" VPOS="1111" WIDTH="14"/>
						<String ID="P88_ST00012" HPOS="1062" VPOS="1071" WIDTH="120" HEIGHT="29" CONTENT="invierno" WC="0.57" CC="46800076"/>
					</TextLine>
					<TextLine ID="P88_TL00003" HPOS="172" VPOS="1115" WIDTH="1009" HEIGHT="56">
						<String ID="P88_ST00013" HPOS="172" VPOS="1115" WIDTH="357" HEIGHT="56" CONTENT="yyCy^^y^^^'y)" WC="0.42" CC="1990881888091"/>
						<SP ID="P88_SP00011" HPOS="529" VPOS="1171" WIDTH="19"/>
						<String ID="P88_ST00014" HPOS="548" VPOS="1124" WIDTH="78" HEIGHT="30" CONTENT="habia" WC="0.60" CC="86400"/>
						<SP ID="P88_SP00012" HPOS="626" VPOS="1171" WIDTH="26"/>
						<String ID="P88_ST00015" HPOS="652" VPOS="1133" WIDTH="50" HEIGHT="21" CONTENT="una" WC="0.93" CC="100"/>
						<SP ID="P88_SP00013" HPOS="702" VPOS="1171" WIDTH="28"/>
						<String ID="P88_ST00016" HPOS="730" VPOS="1123" WIDTH="63" HEIGHT="31" CONTENT="hora" WC="0.66" CC="6420"/>
						<SP ID="P88_SP00014" HPOS="793" VPOS="1171" WIDTH="19"/>
						<String ID="P88_ST00017" HPOS="812" VPOS="1134" WIDTH="53" HEIGHT="31" CONTENT="que" WC="1.00" CC="000"/>
						<SP ID="P88_SP00015" HPOS="865" VPOS="1171" WIDTH="26"/>
						<String ID="P88_ST00018" HPOS="891" VPOS="1124" WIDTH="186" HEIGHT="38" CONTENT="anocheciera)" WC="0.76" CC="040050000971"/>
						<SP ID="P88_SP00016" HPOS="1077" VPOS="1171" WIDTH="17"/>
						<String ID="P88_ST00019" HPOS="1094" VPOS="1124" WIDTH="87" HEIGHT="30" CONTENT="serian" WC="0.85" CC="000026"/>
					</TextLine>
					<TextLine ID="P88_TL00004" HPOS="199" VPOS="1172" WIDTH="986" HEIGHT="52">
						<String ID="P88_ST00020" HPOS="199" VPOS="1172" WIDTH="70" HEIGHT="52" CONTENT="j£l¿" WC="0.18" CC="8887"/>
						<SP ID="P88_SP00017" HPOS="269" VPOS="1224" WIDTH="27"/>
						<String ID="P88_ST00021" HPOS="296" VPOS="1205" WIDTH="108" HEIGHT="16" CONTENT="*ww" WC="0.16" CC="788"/>
						<SP ID="P88_SP00018" HPOS="404" VPOS="1224" WIDTH="22"/>
						<String ID="P88_ST00022" HPOS="426" VPOS="1174" WIDTH="72" HEIGHT="50" CONTENT="yl" WC="0.64" CC="15"/>
						<SP ID="P88_SP00019" HPOS="498" VPOS="1224" WIDTH="49"/>
						<String ID="P88_ST00023" HPOS="547" VPOS="1177" WIDTH="104" HEIGHT="30" CONTENT="cuand°" WC="0.79" CC="020504"/>
						<SP ID="P88_SP00020" HPOS="651" VPOS="1224" WIDTH="16"/>
						<String ID="P88_ST00024" HPOS="667" VPOS="1177" WIDTH="188" HEIGHT="41" CONTENT="franqueamos" WC="0.72" CC="65200400622"/>
						<SP ID="P88_SP00021" HPOS="855" VPOS="1224" WIDTH="17"/>
						<String ID="P88_ST00025" HPOS="872" VPOS="1177" WIDTH="25" HEIGHT="29" CONTENT="la" WC="1.00" CC="00"/>
						<SP ID="P88_SP00022" HPOS="897" VPOS="1224" WIDTH="15"/>
						<String ID="P88_ST00026" HPOS="912" VPOS="1177" WIDTH="66" HEIGHT="30" CONTENT="boca" WC="0.72" CC="4600"/>
						<SP ID="P88_SP00023" HPOS="978" VPOS="1224" WIDTH="13"/>
						<String ID="P88_ST00027" HPOS="991" VPOS="1177" WIDTH="44" HEIGHT="30" CONTENT="del" WC="1.00" CC="000"/>
						<SP ID="P88_SP00024" HPOS="1035" VPOS="1224" WIDTH="15"/>
						<String ID="P88_ST00028" HPOS="1050" VPOS="1183" WIDTH="103" HEIGHT="35" CONTENT="puerto," WC="0.70" CC="0525600"/>
						<SP ID="P88_SP00025" HPOS="1153" VPOS="1224" WIDTH="16"/>
						<String ID="P88_ST00029" HPOS="1169" VPOS="1188" WIDTH="16" HEIGHT="30" CONTENT="y" WC="0.11" CC="8"/>
					</TextLine>
					<TextLine ID="P88_TL00005" HPOS="209" VPOS="1231" WIDTH="974" HEIGHT="47">
						<String ID="P88_ST00030" HPOS="209" VPOS="1237" WIDTH="53" HEIGHT="41" CONTENT="vO;" WC="0.17" CC="977"/>
						<SP ID="P88_SP00026" HPOS="262" VPOS="1278" WIDTH="35"/>
						<String ID="P88_ST00031" HPOS="297" VPOS="1257" WIDTH="10" HEIGHT="21" CONTENT="&gt;" WC="0.01" CC="9"/>
						<SP ID="P88_SP00027" HPOS="307" VPOS="1278" WIDTH="85"/>
						<String ID="P88_ST00032" HPOS="392" VPOS="1257" WIDTH="10" HEIGHT="20" CONTENT="&lt;" WC="0.10" CC="8"/>
						<SP ID="P88_SP00028" HPOS="402" VPOS="1278" WIDTH="34"/>
						<String ID="P88_ST00033" HPOS="436" VPOS="1260" WIDTH="54" HEIGHT="18" CONTENT="\\ji" WC="0.39" CC="6673"/>
						<SP ID="P88_SP00029" HPOS="490" VPOS="1278" WIDTH="57"/>
						<String ID="P88_ST00034" HPOS="547" VPOS="1231" WIDTH="177" HEIGHT="41" CONTENT="gobernamos" WC="0.45" CC="9497960005"/>
						<SP ID="P88_SP00030" HPOS="724" VPOS="1278" WIDTH="16"/>
						<String ID="P88_ST00035" HPOS="740" VPOS="1231" WIDTH="61" HEIGHT="40" CONTENT="bajo" WC="0.78" CC="6100"/>
						<SP ID="P88_SP00031" HPOS="801" VPOS="1278" WIDTH="16"/>
						<String ID="P88_ST00036" HPOS="817" VPOS="1242" WIDTH="34" HEIGHT="19" CONTENT="un" WC="0.45" CC="55"/>
						<SP ID="P88_SP00032" HPOS="851" VPOS="1278" WIDTH="20"/>
						<String ID="P88_ST00037" HPOS="871" VPOS="1232" WIDTH="108" HEIGHT="40" CONTENT="tiempo," WC="0.66" CC="7007054"/>
						<SP ID="P88_SP00033" HPOS="979" VPOS="1278" WIDTH="30"/>
						<String ID="P88_ST00038" HPOS="1009" VPOS="1232" WIDTH="23" HEIGHT="29" CONTENT="si" WC="0.58" CC="25"/>
						<SP ID="P88_SP00034" HPOS="1032" VPOS="1278" WIDTH="21"/>
						<String ID="P88_ST00039" HPOS="1053" VPOS="1232" WIDTH="63" HEIGHT="30" CONTENT="bien" WC="0.63" CC="4305"/>
						<SP ID="P88_SP00035" HPOS="1116" VPOS="1278" WIDTH="12"/>
						<String ID="P88_ST00040" HPOS="1128" VPOS="1242" WIDTH="55" HEIGHT="20" CONTENT="cu-" WC="0.67" CC="053"/>
					</TextLine>
					<TextLine ID="P88_TL00006" HPOS="200" VPOS="1277" WIDTH="980" HEIGHT="56">
						<String ID="P88_ST00041" HPOS="200" VPOS="1294" WIDTH="61" HEIGHT="39" CONTENT="Ty" WC="0.06" CC="89"/>
						<SP ID="P88_SP00036" HPOS="261" VPOS="1333" WIDTH="35"/>
						<String ID="P88_ST00042" HPOS="296" VPOS="1277" WIDTH="42" HEIGHT="56" CONTENT="\\" WC="0.01" CC="99"/>
						<SP ID="P88_SP00037" HPOS="338" VPOS="1333" WIDTH="53"/>
						<String ID="P88_ST00043" HPOS="391" VPOS="1278" WIDTH="10" HEIGHT="55" CONTENT="\" WC="0.01" CC="9"/>
						<SP ID="P88_SP00038" HPOS="401" VPOS="1333" WIDTH="37"/>
						<String ID="P88_ST00044" HPOS="438" VPOS="1311" WIDTH="46" HEIGHT="22" CONTENT="vv" WC="0.20" CC="95"/>
						<SP ID="P88_SP00039" HPOS="484" VPOS="1333" WIDTH="62"/>
						<String ID="P88_ST00045" HPOS="546" VPOS="1286" WIDTH="95" HEIGHT="36" CONTENT="Cierto," WC="0.59" CC="8404190"/>
						<SP ID="P88_SP00040" HPOS="641" VPOS="1333" WIDTH="30"/>
						<String ID="P88_ST00046" HPOS="671" VPOS="1286" WIDTH="121" HEIGHT="31" CONTENT="bastante" WC="0.73" CC="20070730"/>
						<SP ID="P88_SP00041" HPOS="792" VPOS="1333" WIDTH="16"/>
						<String ID="P88_ST00047" HPOS="808" VPOS="1286" WIDTH="134" HEIGHT="41" CONTENT="apacible," WC="0.93" CC="006000000"/>
						<SP ID="P88_SP00042" HPOS="942" VPOS="1333" WIDTH="19"/>
						<String ID="P88_ST00048" HPOS="961" VPOS="1286" WIDTH="77" HEIGHT="31" CONTENT="hacia" WC="0.78" CC="50004"/>
						<SP ID="P88_SP00043" HPOS="1038" VPOS="1333" WIDTH="28"/>
						<String ID="P88_ST00049" HPOS="1066" VPOS="1287" WIDTH="23" HEIGHT="30" CONTENT="la" WC="0.99" CC="00"/>
						<SP ID="P88_SP00044" HPOS="1089" VPOS="1333" WIDTH="26"/>
						<String ID="P88_ST00050" HPOS="1115" VPOS="1287" WIDTH="65" HEIGHT="30" CONTENT="boca" WC="0.77" CC="3500"/>
					</TextLine>
					<TextLine ID="P88_TL00007" HPOS="328" VPOS="1316" WIDTH="397" HEIGHT="82">
						<String ID="P88_ST00051" HPOS="328" VPOS="1316" WIDTH="37" HEIGHT="63" CONTENT="L" WC="0.01" CC="9"/>
						<SP ID="P88_SP00045" HPOS="365" VPOS="1379" WIDTH="26"/>
						<String ID="P88_ST00052" HPOS="391" VPOS="1316" WIDTH="10" HEIGHT="82" CONTENT="\" WC="0.25" CC="7"/>
						<SP ID="P88_SP00046" HPOS="401" VPOS="1398" WIDTH="26"/>
						<String ID="P88_ST00053" HPOS="427" VPOS="1336" WIDTH="72" HEIGHT="62" CONTENT="Y^L" WC="0.11" CC="988"/>
						<SP ID="P88_SP00047" HPOS="499" VPOS="1398" WIDTH="47"/>
						<String ID="P88_ST00054" HPOS="546" VPOS="1341" WIDTH="43" HEIGHT="30" CONTENT="del" WC="0.67" CC="900"/>
						<SP ID="P88_SP00048" HPOS="589" VPOS="1398" WIDTH="16"/>
						<String ID="P88_ST00055" HPOS="605" VPOS="1341" WIDTH="120" HEIGHT="30" CONTENT="Bósforo." WC="0.46" CC="76919610"/>
					</TextLine>
					<TextLine ID="P88_TL00008" HPOS="210" VPOS="1386" WIDTH="972" HEIGHT="56">
						<String ID="P88_ST00056" HPOS="210" VPOS="1392" WIDTH="53" HEIGHT="50" CONTENT="y)" WC="0.52" CC="18"/>
						<SP ID="P88_SP00049" HPOS="263" VPOS="1442" WIDTH="35"/>
						<String ID="P88_ST00057" HPOS="298" VPOS="1419" WIDTH="10" HEIGHT="23" CONTENT="&lt;" WC="0.13" CC="8"/>
						<SP ID="P88_SP00050" HPOS="308" VPOS="1442" WIDTH="84"/>
						<String ID="P88_ST00058" HPOS="392" VPOS="1386" WIDTH="11" HEIGHT="56" CONTENT="l" WC="0.08" CC="9"/>
						<SP ID="P88_SP00051" HPOS="403" VPOS="1442" WIDTH="34"/>
						<String ID="P88_ST00059" HPOS="437" VPOS="1386" WIDTH="54" HEIGHT="56" CONTENT="(x)" WC="0.22" CC="795"/>
						<SP ID="P88_SP00052" HPOS="491" VPOS="1442" WIDTH="97"/>
						<String ID="P88_ST00060" HPOS="588" VPOS="1397" WIDTH="141" HEIGHT="39" CONTENT="Magnífico" WC="0.84" CC="500700001"/>
						<SP ID="P88_SP00053" HPOS="729" VPOS="1442" WIDTH="15"/>
						<String ID="P88_ST00061" HPOS="744" VPOS="1404" WIDTH="45" HEIGHT="22" CONTENT="era" WC="0.85" CC="040"/>
						<SP ID="P88_SP00054" HPOS="789" VPOS="1442" WIDTH="16"/>
						<String ID="P88_ST00062" HPOS="805" VPOS="1395" WIDTH="24" HEIGHT="30" CONTENT="el" WC="1.00" CC="00"/>
						<SP ID="P88_SP00055" HPOS="829" VPOS="1442" WIDTH="17"/>
						<String ID="P88_ST00063" HPOS="846" VPOS="1404" WIDTH="143" HEIGHT="32" CONTENT="panorama" WC="0.60" CC="04529062"/>
						<SP ID="P88_SP00056" HPOS="989" VPOS="1442" WIDTH="18"/>
						<String ID="P88_ST00064" HPOS="1007" VPOS="1405" WIDTH="53" HEIGHT="31" CONTENT="que" WC="0.68" CC="072"/>
						<SP ID="P88_SP00057" HPOS="1060" VPOS="1442" WIDTH="14"/>
						<String ID="P88_ST00065" HPOS="1074" VPOS="1404" WIDTH="108" HEIGHT="32" CONTENT="presen-" WC="0.82" CC="0505100"/>
					</TextLine>
					<TextLine ID="P88_TL00009" HPOS="548" VPOS="1449" WIDTH="632" HEIGHT="42">
						<String ID="P88_ST00066" HPOS="548" VPOS="1450" WIDTH="60" HEIGHT="31" CONTENT="taba" WC="0.58" CC="7035"/>
						<SP ID="P88_SP00058" HPOS="608" VPOS="1481" WIDTH="11"/>
						<String ID="P88_ST00067" HPOS="619" VPOS="1450" WIDTH="33" HEIGHT="31" CONTENT="de" WC="1.00" CC="00"/>
						<SP ID="P88_SP00059" HPOS="652" VPOS="1481" WIDTH="17"/>
						<String ID="P88_ST00068" HPOS="669" VPOS="1449" WIDTH="84" HEIGHT="31" CONTENT="noche" WC="0.68" CC="20066"/>
						<SP ID="P88_SP00060" HPOS="753" VPOS="1481" WIDTH="15"/>
						<String ID="P88_ST00069" HPOS="768" VPOS="1449" WIDTH="25" HEIGHT="30" CONTENT="el" WC="0.78" CC="03"/>
						<SP ID="P88_SP00061" HPOS="793" VPOS="1481" WIDTH="13"/>
						<String ID="P88_ST00070" HPOS="806" VPOS="1450" WIDTH="137" HEIGHT="30" CONTENT="incesante" WC="0.76" CC="010052650"/>
						<SP ID="P88_SP00062" HPOS="943" VPOS="1481" WIDTH="15"/>
						<String ID="P88_ST00071" HPOS="958" VPOS="1449" WIDTH="81" HEIGHT="42" CONTENT="fuego" WC="0.83" CC="04004"/>
						<SP ID="P88_SP00063" HPOS="1039" VPOS="1491" WIDTH="16"/>
						<String ID="P88_ST00072" HPOS="1055" VPOS="1449" WIDTH="43" HEIGHT="31" CONTENT="del" WC="0.82" CC="050"/>
						<SP ID="P88_SP00064" HPOS="1098" VPOS="1491" WIDTH="12"/>
						<String ID="P88_ST00073" HPOS="1110" VPOS="1449" WIDTH="70" HEIGHT="35" CONTENT="sitio," WC="0.66" CC="708050"/>
					</TextLine>
					<TextLine ID="P88_TL00010" HPOS="174" VPOS="1496" WIDTH="1010" HEIGHT="57">
						<String ID="P88_ST00074" HPOS="174" VPOS="1496" WIDTH="355" HEIGHT="57" CONTENT="*5vX^5\&gt;^^^C-C$)" WC="0.25" CC="4499847688894976"/>
						<SP ID="P88_SP00065" HPOS="529" VPOS="1553" WIDTH="19"/>
						<String ID="P88_ST00075" HPOS="548" VPOS="1508" WIDTH="24" HEIGHT="30" CONTENT="e'" WC="0.77" CC="04"/>
						<SP ID="P88_SP00066" HPOS="572" VPOS="1553" WIDTH="16"/>
						<String ID="P88_ST00076" HPOS="588" VPOS="1507" WIDTH="59" HEIGHT="30" CONTENT="cn£d" WC="0.39" CC="0769"/>
						<SP ID="P88_SP00067" HPOS="647" VPOS="1553" WIDTH="25"/>
						<String ID="P88_ST00077" HPOS="672" VPOS="1507" WIDTH="155" HEIGHT="40" CONTENT="dejábamos" WC="0.85" CC="000060600"/>
						<SP ID="P88_SP00068" HPOS="827" VPOS="1553" WIDTH="15"/>
						<String ID="P88_ST00078" HPOS="842" VPOS="1516" WIDTH="49" HEIGHT="20" CONTENT="con" WC="0.70" CC="044"/>
						<SP ID="P88_SP00069" HPOS="891" VPOS="1553" WIDTH="22"/>
						<String ID="P88_ST00079" HPOS="913" VPOS="1506" WIDTH="59" HEIGHT="30" CONTENT="toda" WC="0.84" CC="0600"/>
						<SP ID="P88_SP00070" HPOS="972" VPOS="1553" WIDTH="21"/>
						<String ID="P88_ST00080" HPOS="993" VPOS="1506" WIDTH="24" HEIGHT="30" CONTENT="la" WC="0.91" CC="01"/>
						<SP ID="P88_SP00071" HPOS="1017" VPOS="1553" WIDTH="24"/>
						<String ID="P88_ST00081" HPOS="1041" VPOS="1504" WIDTH="143" HEIGHT="32" CONTENT="velocidad" WC="0.66" CC="705500903"/>
					</TextLine>
					<TextLine ID="P88_TL00011" HPOS="211" VPOS="1553" WIDTH="640" HEIGHT="50">
						<String ID="P88_ST00082" HPOS="211" VPOS="1553" WIDTH="57" HEIGHT="34" CONTENT="y^" WC="0.54" CC="18"/>
						<SP ID="P88_SP00072" HPOS="268" VPOS="1587" WIDTH="281"/>
						<String ID="P88_ST00083" HPOS="549" VPOS="1563" WIDTH="104" HEIGHT="40" CONTENT="posible" WC="0.61" CC="9450250"/>
						<SP ID="P88_SP00073" HPOS="653" VPOS="1603" WIDTH="13"/>
						<String ID="P88_ST00084" HPOS="666" VPOS="1573" WIDTH="48" HEIGHT="30" CONTENT="por" WC="0.87" CC="030"/>
						<SP ID="P88_SP00074" HPOS="714" VPOS="1603" WIDTH="16"/>
						<String ID="P88_ST00085" HPOS="730" VPOS="1563" WIDTH="25" HEIGHT="29" CONTENT="la" WC="0.60" CC="34"/>
						<SP ID="P88_SP00075" HPOS="755" VPOS="1603" WIDTH="16"/>
						<String ID="P88_ST00086" HPOS="771" VPOS="1572" WIDTH="80" HEIGHT="31" CONTENT="popa." WC="1.00" CC="00000"/>
					</TextLine>
					<TextLine ID="P88_TL00012" HPOS="205" VPOS="1618" WIDTH="978" HEIGHT="44">
						<String ID="P88_ST00087" HPOS="205" VPOS="1619" WIDTH="30" HEIGHT="30" CONTENT="El" WC="1.00" CC="00"/>
						<SP ID="P88_SP00076" HPOS="235" VPOS="1649" WIDTH="14"/>
						<String ID="P88_ST00088" HPOS="249" VPOS="1620" WIDTH="110" HEIGHT="41" CONTENT="seguido" WC="0.59" CC="2400496"/>
						<SP ID="P88_SP00077" HPOS="359" VPOS="1661" WIDTH="14"/>
						<String ID="P88_ST00089" HPOS="373" VPOS="1621" WIDTH="113" HEIGHT="41" CONTENT="fogoneo" WC="0.57" CC="0695701"/>
						<SP ID="P88_SP00078" HPOS="486" VPOS="1662" WIDTH="20"/>
						<String ID="P88_ST00090" HPOS="506" VPOS="1631" WIDTH="52" HEIGHT="31" CONTENT="que" WC="0.76" CC="070"/>
						<SP ID="P88_SP00079" HPOS="558" VPOS="1662" WIDTH="17"/>
						<String ID="P88_ST00091" HPOS="575" VPOS="1619" WIDTH="127" HEIGHT="43" CONTENT="producía" WC="0.79" CC="03001047"/>
						<SP ID="P88_SP00080" HPOS="702" VPOS="1662" WIDTH="24"/>
						<String ID="P88_ST00092" HPOS="726" VPOS="1625" WIDTH="70" HEIGHT="24" CONTENT="tanto" WC="0.53" CC="62750"/>
						<SP ID="P88_SP00081" HPOS="796" VPOS="1662" WIDTH="22"/>
						<String ID="P88_ST00093" HPOS="818" VPOS="1618" WIDTH="78" HEIGHT="36" CONTENT="obús," WC="0.87" CC="40100"/>
						<SP ID="P88_SP00082" HPOS="896" VPOS="1662" WIDTH="24"/>
						<String ID="P88_ST00094" HPOS="920" VPOS="1625" WIDTH="114" HEIGHT="24" CONTENT="mortero" WC="0.84" CC="0306000"/>
						<SP ID="P88_SP00083" HPOS="1034" VPOS="1662" WIDTH="25"/>
						<String ID="P88_ST00095" HPOS="1059" VPOS="1630" WIDTH="17" HEIGHT="30" CONTENT="y" WC="1.00" CC="0"/>
						<SP ID="P88_SP00084" HPOS="1076" VPOS="1662" WIDTH="13"/>
						<String ID="P88_ST00096" HPOS="1089" VPOS="1624" WIDTH="94" HEIGHT="32" CONTENT="cañón," WC="0.78" CC="006060"/>
					</TextLine>
					<TextLine ID="P88_TL00013" HPOS="165" VPOS="1675" WIDTH="1023" HEIGHT="43">
						<String ID="P88_ST00097" HPOS="165" VPOS="1685" WIDTH="51" HEIGHT="30" CONTENT="que" WC="0.89" CC="030"/>
						<SP ID="P88_SP00085" HPOS="216" VPOS="1715" WIDTH="14"/>
						<String ID="P88_ST00098" HPOS="230" VPOS="1686" WIDTH="28" HEIGHT="20" CONTENT="se" WC="0.78" CC="40"/>
						<SP ID="P88_SP00086" HPOS="258" VPOS="1715" WIDTH="15"/>
						<String ID="P88_ST00099" HPOS="273" VPOS="1676" WIDTH="153" HEIGHT="42" CONTENT="disparaba," WC="0.85" CC="0060300400"/>
						<SP ID="P88_SP00087" HPOS="426" VPOS="1718" WIDTH="26"/>
						<String ID="P88_ST00100" HPOS="452" VPOS="1678" WIDTH="13" HEIGHT="29" CONTENT="á" WC="0.92" CC="0"/>
						<SP ID="P88_SP00088" HPOS="465" VPOS="1718" WIDTH="16"/>
						<String ID="P88_ST00101" HPOS="481" VPOS="1687" WIDTH="79" HEIGHT="20" CONTENT="veces" WC="0.75" CC="70004"/>
						<SP ID="P88_SP00089" HPOS="560" VPOS="1718" WIDTH="17"/>
						<String ID="P88_ST00102" HPOS="577" VPOS="1676" WIDTH="259" HEIGHT="35" CONTENT="simultáneamente," WC="0.74" CC="9006043301407000"/>
						<SP ID="P88_SP00090" HPOS="836" VPOS="1718" WIDTH="20"/>
						<String ID="P88_ST00103" HPOS="856" VPOS="1675" WIDTH="128" HEIGHT="41" CONTENT="producía" WC="0.81" CC="04603000"/>
						<SP ID="P88_SP00091" HPOS="984" VPOS="1718" WIDTH="14"/>
						<String ID="P88_ST00104" HPOS="998" VPOS="1686" WIDTH="52" HEIGHT="21" CONTENT="una" WC="0.67" CC="072"/>
						<SP ID="P88_SP00092" HPOS="1050" VPOS="1718" WIDTH="13"/>
						<String ID="P88_ST00105" HPOS="1063" VPOS="1682" WIDTH="125" HEIGHT="36" CONTENT="aparente" WC="0.77" CC="10020661"/>
					</TextLine>
					<TextLine ID="P88_TL00014" HPOS="166" VPOS="1733" WIDTH="289" HEIGHT="40">
						<String ID="P88_ST00106" HPOS="166" VPOS="1733" WIDTH="125" HEIGHT="40" CONTENT="erupción" WC="0.79" CC="60000017"/>
						<SP ID="P88_SP00093" HPOS="291" VPOS="1773" WIDTH="17"/>
						<String ID="P88_ST00107" HPOS="308" VPOS="1733" WIDTH="147" HEIGHT="31" CONTENT="volcánica." WC="0.73" CC="7250160300"/>
					</TextLine>
					<TextLine ID="P88_TL00015" HPOS="205" VPOS="1789" WIDTH="983" HEIGHT="44">
						<String ID="P88_ST00108" HPOS="205" VPOS="1789" WIDTH="51" HEIGHT="29" CONTENT="Las" WC="0.76" CC="700"/>
						<SP ID="P88_SP00094" HPOS="256" VPOS="1818" WIDTH="21"/>
						<String ID="P88_ST00109" HPOS="277" VPOS="1790" WIDTH="140" HEIGHT="39" CONTENT="parábolas" WC="0.80" CC="003037200"/>
						<SP ID="P88_SP00095" HPOS="417" VPOS="1829" WIDTH="17"/>
						<String ID="P88_ST00110" HPOS="434" VPOS="1790" WIDTH="144" HEIGHT="31" CONTENT="luminosas" WC="0.64" CC="619005124"/>
						<SP ID="P88_SP00096" HPOS="578" VPOS="1829" WIDTH="17"/>
						<String ID="P88_ST00111" HPOS="595" VPOS="1801" WIDTH="52" HEIGHT="30" CONTENT="que" WC="0.85" CC="030"/>
						<SP ID="P88_SP00097" HPOS="647" VPOS="1831" WIDTH="16"/>
						<String ID="P88_ST00112" HPOS="663" VPOS="1790" WIDTH="151" HEIGHT="30" CONTENT="describían" WC="0.88" CC="0000206100"/>
						<SP ID="P88_SP00098" HPOS="814" VPOS="1831" WIDTH="17"/>
						<String ID="P88_ST00113" HPOS="831" VPOS="1790" WIDTH="39" HEIGHT="30" CONTENT="las" WC="0.79" CC="221"/>
						<SP ID="P88_SP00099" HPOS="870" VPOS="1831" WIDTH="24"/>
						<String ID="P88_ST00114" HPOS="894" VPOS="1790" WIDTH="113" HEIGHT="32" CONTENT="bombas" WC="0.75" CC="507010"/>
						<SP ID="P88_SP00100" HPOS="1007" VPOS="1831" WIDTH="18"/>
						<String ID="P88_ST00115" HPOS="1025" VPOS="1802" WIDTH="14" HEIGHT="31" CONTENT="y" WC="0.52" CC="4"/>
						<SP ID="P88_SP00101" HPOS="1039" VPOS="1833" WIDTH="17"/>
						<String ID="P88_ST00116" HPOS="1056" VPOS="1791" WIDTH="132" HEIGHT="42" CONTENT="granadas" WC="0.75" CC="00471006"/>
					</TextLine>
					<TextLine ID="P88_TL00016" HPOS="165" VPOS="1845" WIDTH="1025" HEIGHT="41">
						<String ID="P88_ST00117" HPOS="165" VPOS="1856" WIDTH="51" HEIGHT="30" CONTENT="que" WC="0.72" CC="042"/>
						<SP ID="P88_SP00102" HPOS="216" VPOS="1886" WIDTH="14"/>
						<String ID="P88_ST00118" HPOS="230" VPOS="1856" WIDTH="47" HEIGHT="29" CONTENT="por" WC="0.76" CC="015"/>
						<SP ID="P88_SP00103" HPOS="277" VPOS="1886" WIDTH="16"/>
						<String ID="P88_ST00119" HPOS="293" VPOS="1845" WIDTH="38" HEIGHT="31" CONTENT="los" WC="0.65" CC="053"/>
						<SP ID="P88_SP00104" HPOS="331" VPOS="1886" WIDTH="13"/>
						<String ID="P88_ST00120" HPOS="344" VPOS="1847" WIDTH="69" HEIGHT="29" CONTENT="aires" WC="0.97" CC="00100"/>
						<SP ID="P88_SP00105" HPOS="413" VPOS="1886" WIDTH="16"/>
						<String ID="P88_ST00121" HPOS="429" VPOS="1857" WIDTH="28" HEIGHT="21" CONTENT="se" WC="0.81" CC="30"/>
						<SP ID="P88_SP00106" HPOS="457" VPOS="1886" WIDTH="13"/>
						<String ID="P88_ST00122" HPOS="470" VPOS="1847" WIDTH="143" HEIGHT="36" CONTENT="cruzaban," WC="0.69" CC="033753210"/>
						<SP ID="P88_SP00107" HPOS="613" VPOS="1886" WIDTH="18"/>
						<String ID="P88_ST00123" HPOS="631" VPOS="1847" WIDTH="150" HEIGHT="37" CONTENT="formaban," WC="0.58" CC="370525650"/>
						<SP ID="P88_SP00108" HPOS="781" VPOS="1886" WIDTH="27"/>
						<String ID="P88_ST00124" HPOS="808" VPOS="1849" WIDTH="179" HEIGHT="31" CONTENT="aumentando" WC="0.56" CC="4400506795"/>
						<SP ID="P88_SP00109" HPOS="987" VPOS="1886" WIDTH="13"/>
						<String ID="P88_ST00125" HPOS="1000" VPOS="1850" WIDTH="26" HEIGHT="29" CONTENT="la" WC="0.89" CC="02"/>
						<SP ID="P88_SP00110" HPOS="1026" VPOS="1886" WIDTH="10"/>
						<String ID="P88_ST00126" HPOS="1036" VPOS="1850" WIDTH="111" HEIGHT="35" CONTENT="ilusión," WC="0.78" CC="00050570"/>
						<SP ID="P88_SP00111" HPOS="1147" VPOS="1886" WIDTH="19"/>
						<String ID="P88_ST00127" HPOS="1166" VPOS="1849" WIDTH="24" HEIGHT="31" CONTENT="el" WC="0.97" CC="00"/>
					</TextLine>
					<TextLine ID="P88_TL00017" HPOS="164" VPOS="1901" WIDTH="578" HEIGHT="44">
						<String ID="P88_ST00128" HPOS="164" VPOS="1901" WIDTH="182" HEIGHT="42" CONTENT="chisporroteo" WC="0.68" CC="063203053407"/>
						<SP ID="P88_SP00112" HPOS="346" VPOS="1943" WIDTH="15"/>
						<String ID="P88_ST00129" HPOS="361" VPOS="1902" WIDTH="32" HEIGHT="31" CONTENT="de" WC="0.51" CC="90"/>
						<SP ID="P88_SP00113" HPOS="393" VPOS="1943" WIDTH="16"/>
						<String ID="P88_ST00130" HPOS="409" VPOS="1904" WIDTH="106" HEIGHT="41" CONTENT="aquella" WC="1.00" CC="0000000"/>
						<SP ID="P88_SP00114" HPOS="515" VPOS="1945" WIDTH="16"/>
						<String ID="P88_ST00131" HPOS="531" VPOS="1903" WIDTH="127" HEIGHT="31" CONTENT="ardorosa" WC="0.83" CC="00020470"/>
						<SP ID="P88_SP00115" HPOS="658" VPOS="1945" WIDTH="16"/>
						<String ID="P88_ST00132" HPOS="674" VPOS="1904" WIDTH="68" HEIGHT="30" CONTENT="lava." WC="0.87" CC="04001"/>
					</TextLine>
				</TextBlock>
			</PrintSpace>
		</Page>
	</Layout>
</alto>
