<?xml version="1.0" encoding="UTF-8"?>
<alto xmlns:xsi="http://www.w3.org/2001/XMLSchema-instance" xsi:noNamespaceSchemaLocation="http://www.bl.uk/schemas/alto/alto-1-4.xsd" xmlns:xlink="http://www.w3.org/1999/xlink">
	<Description>
		<MeasurementUnit>mm10</MeasurementUnit>
		<sourceImageInformation>
			<fileName>//head1/IN/2007-46/A0010888503.2/009521.jp2</fileName>
		</sourceImageInformation>
		<OCRProcessing ID="OCRPROCESSING_1">
			<preProcessingStep>
				<processingSoftware>
					<softwareCreator>CCS Content Conversion Specialists GmbH, Germany</softwareCreator>
					<softwareName>CCS docWORKS</softwareName>
					<softwareVersion>6.1-0.61</softwareVersion>
				</processingSoftware>
			</preProcessingStep>
			<ocrProcessingStep>
				<processingSoftware>
					<softwareCreator>ABBYY (BIT Software), Russia</softwareCreator>
					<softwareName>Finereader</softwareName>
				</processingSoftware>
			</ocrProcessingStep>
		</OCRProcessing>
	</Description>
	<Styles>
		<TextStyle ID="TXT_0" FONTSIZE="10" FONTFAMILY="Courier New"/>
		<TextStyle ID="TXT_1" FONTSIZE="11" FONTFAMILY="Courier New"/>
		<ParagraphStyle ID="PAR_LEFT" ALIGN="Left"/>
		<ParagraphStyle ID="PAR_RIGHT" ALIGN="Right"/>
	</Styles>
	<Layout>
		<Page ID="P313" PHYSICAL_IMG_NR="313" HEIGHT="1747" WIDTH="1132" PRINTED_IMG_NR="303" POSITION="Right" ACCURACY="70.88">
			<TopMargin ID="P313_TM00001" HPOS="0" VPOS="0" WIDTH="1131" HEIGHT="143">
				<TextBlock ID="P313_TB00001" HPOS="298" VPOS="117" WIDTH="428" HEIGHT="24" STYLEREFS="TXT_0 PAR_LEFT">
					<TextLine ID="P313_TL00001" HPOS="299" VPOS="118" WIDTH="427" HEIGHT="23">
						<String ID="P313_ST00001" HPOS="299" VPOS="118" WIDTH="81" HEIGHT="22" CONTENT="LOVE" WC="0.46" CC="6077"/>
						<SP ID="P313_SP00001" HPOS="380" VPOS="140" WIDTH="28"/>
						<String ID="P313_ST00002" HPOS="408" VPOS="120" WIDTH="122" HEIGHT="21" CONTENT="STRONG" WC="0.51" CC="407097"/>
						<SP ID="P313_SP00002" HPOS="530" VPOS="141" WIDTH="22"/>
						<String ID="P313_ST00003" HPOS="552" VPOS="121" WIDTH="37" HEIGHT="20" CONTENT="IN" WC="1.00" CC="00"/>
						<SP ID="P313_SP00003" HPOS="589" VPOS="141" WIDTH="23"/>
						<String ID="P313_ST00004" HPOS="612" VPOS="121" WIDTH="114" HEIGHT="20" CONTENT="DEATH." WC="0.73" CC="720060"/>
					</TextLine>
				</TextBlock>
				<TextBlock ID="P313_TB00002" HPOS="877" VPOS="114" WIDTH="52" HEIGHT="27" STYLEREFS="TXT_1 PAR_RIGHT">
					<TextLine ID="P313_TL00002" HPOS="877" VPOS="114" WIDTH="52" HEIGHT="27">
						<String ID="P313_ST00005" HPOS="877" VPOS="114" WIDTH="52" HEIGHT="27" CONTENT="303" WC="1.00" CC="000"/>
					</TextLine>
				</TextBlock>
			</TopMargin>
			<LeftMargin ID="P313_LM00001" HPOS="0" VPOS="143" WIDTH="102" HEIGHT="1446"/>
			<RightMargin ID="P313_RM00001" HPOS="936" VPOS="143" WIDTH="195" HEIGHT="1446"/>
			<BottomMargin ID="P313_BM00001" HPOS="0" VPOS="1589" WIDTH="1131" HEIGHT="157"/>
			<PrintSpace ID="P313_PS00001" HPOS="102" VPOS="143" WIDTH="834" HEIGHT="1446">
				<TextBlock ID="P313_TB00003" HPOS="103" VPOS="192" WIDTH="832" HEIGHT="525" STYLEREFS="TXT_0 PAR_LEFT">
					<TextLine ID="P313_TL00003" HPOS="103" VPOS="193" WIDTH="831" HEIGHT="45">
						<String ID="P313_ST00006" HPOS="103" VPOS="193" WIDTH="56" HEIGHT="31" CONTENT="the" WC="0.41" CC="970"/>
						<SP ID="P313_SP00004" HPOS="159" VPOS="224" WIDTH="31"/>
						<String ID="P313_ST00007" HPOS="190" VPOS="193" WIDTH="106" HEIGHT="32" CONTENT="Mont-" WC="0.71" CC="03730"/>
						<String ID="P313_ST00008" HPOS="297" VPOS="194" WIDTH="155" HEIGHT="32" CONTENT="Vivienne" WC="0.59" CC="68003480"/>
						<SP ID="P313_SP00005" HPOS="452" VPOS="226" WIDTH="30"/>
						<String ID="P313_ST00009" HPOS="482" VPOS="201" WIDTH="78" HEIGHT="34" CONTENT="tent," WC="0.62" CC="00674"/>
						<SP ID="P313_SP00006" HPOS="560" VPOS="235" WIDTH="31"/>
						<String ID="P313_ST00010" HPOS="591" VPOS="197" WIDTH="54" HEIGHT="31" CONTENT="the" WC="0.57" CC="371"/>
						<SP ID="P313_SP00007" HPOS="645" VPOS="235" WIDTH="30"/>
						<String ID="P313_ST00011" HPOS="675" VPOS="197" WIDTH="188" HEIGHT="41" CONTENT="sub-prefect" WC="0.71" CC="57700300006"/>
						<SP ID="P313_SP00008" HPOS="863" VPOS="238" WIDTH="37"/>
						<String ID="P313_ST00012" HPOS="900" VPOS="197" WIDTH="34" HEIGHT="30" CONTENT="of" WC="1.00" CC="00"/>
					</TextLine>
					<TextLine ID="P313_TL00004" HPOS="106" VPOS="254" WIDTH="826" HEIGHT="46">
						<String ID="P313_ST00013" HPOS="106" VPOS="254" WIDTH="130" HEIGHT="43" CONTENT="Brunoy" WC="0.61" CC="607630"/>
						<SP ID="P313_SP00009" HPOS="236" VPOS="297" WIDTH="16"/>
						<String ID="P313_ST00014" HPOS="252" VPOS="267" WIDTH="84" HEIGHT="20" CONTENT="came" WC="1.00" CC="0000"/>
						<SP ID="P313_SP00010" HPOS="336" VPOS="297" WIDTH="23"/>
						<String ID="P313_ST00015" HPOS="359" VPOS="268" WIDTH="43" HEIGHT="30" CONTENT="up" WC="0.63" CC="70"/>
						<SP ID="P313_SP00011" HPOS="402" VPOS="298" WIDTH="21"/>
						<String ID="P313_ST00016" HPOS="423" VPOS="262" WIDTH="33" HEIGHT="26" CONTENT="to" WC="1.00" CC="00"/>
						<SP ID="P313_SP00012" HPOS="456" VPOS="298" WIDTH="22"/>
						<String ID="P313_ST00017" HPOS="478" VPOS="258" WIDTH="63" HEIGHT="38" CONTENT="her," WC="0.63" CC="7024"/>
						<SP ID="P313_SP00013" HPOS="541" VPOS="298" WIDTH="18"/>
						<String ID="P313_ST00018" HPOS="559" VPOS="259" WIDTH="71" HEIGHT="37" CONTENT="and," WC="0.74" CC="0603"/>
						<SP ID="P313_SP00014" HPOS="630" VPOS="298" WIDTH="16"/>
						<String ID="P313_ST00019" HPOS="646" VPOS="259" WIDTH="215" HEIGHT="41" CONTENT="volunteering" WC="0.67" CC="600775000471"/>
						<SP ID="P313_SP00015" HPOS="861" VPOS="300" WIDTH="21"/>
						<String ID="P313_ST00020" HPOS="882" VPOS="258" WIDTH="50" HEIGHT="31" CONTENT="his" WC="0.54" CC="714"/>
					</TextLine>
					<TextLine ID="P313_TL00005" HPOS="106" VPOS="317" WIDTH="826" HEIGHT="45">
						<String ID="P313_ST00021" HPOS="106" VPOS="317" WIDTH="141" HEIGHT="38" CONTENT="services," WC="0.72" CC="216600024"/>
						<SP ID="P313_SP00016" HPOS="247" VPOS="355" WIDTH="29"/>
						<String ID="P313_ST00022" HPOS="276" VPOS="317" WIDTH="152" HEIGHT="43" CONTENT="besought" WC="0.73" CC="00017074"/>
						<SP ID="P313_SP00017" HPOS="428" VPOS="360" WIDTH="24"/>
						<String ID="P313_ST00023" HPOS="452" VPOS="319" WIDTH="55" HEIGHT="31" CONTENT="her" WC="0.57" CC="705"/>
						<SP ID="P313_SP00018" HPOS="507" VPOS="360" WIDTH="26"/>
						<String ID="P313_ST00024" HPOS="533" VPOS="324" WIDTH="32" HEIGHT="26" CONTENT="to" WC="0.90" CC="01"/>
						<SP ID="P313_SP00019" HPOS="565" VPOS="360" WIDTH="26"/>
						<String ID="P313_ST00025" HPOS="591" VPOS="320" WIDTH="71" HEIGHT="30" CONTENT="take" WC="1.00" CC="0000"/>
						<SP ID="P313_SP00020" HPOS="662" VPOS="360" WIDTH="27"/>
						<String ID="P313_ST00026" HPOS="689" VPOS="320" WIDTH="105" HEIGHT="42" CONTENT="refuge" WC="0.64" CC="300781"/>
						<SP ID="P313_SP00021" HPOS="794" VPOS="362" WIDTH="26"/>
						<String ID="P313_ST00027" HPOS="820" VPOS="320" WIDTH="33" HEIGHT="30" CONTENT="in" WC="0.64" CC="07"/>
						<SP ID="P313_SP00022" HPOS="853" VPOS="362" WIDTH="25"/>
						<String ID="P313_ST00028" HPOS="878" VPOS="320" WIDTH="54" HEIGHT="31" CONTENT="the" WC="0.52" CC="571"/>
					</TextLine>
					<TextLine ID="P313_TL00006" HPOS="108" VPOS="378" WIDTH="824" HEIGHT="38">
						<String ID="P313_ST00029" HPOS="108" VPOS="378" WIDTH="112" HEIGHT="31" CONTENT="official" WC="0.93" CC="00000500"/>
						<SP ID="P313_SP00023" HPOS="220" VPOS="409" WIDTH="23"/>
						<String ID="P313_ST00030" HPOS="243" VPOS="380" WIDTH="100" HEIGHT="36" CONTENT="stand," WC="0.70" CC="360601"/>
						<SP ID="P313_SP00024" HPOS="343" VPOS="416" WIDTH="34"/>
						<String ID="P313_ST00031" HPOS="377" VPOS="380" WIDTH="79" HEIGHT="31" CONTENT="close" WC="0.89" CC="00050"/>
						<SP ID="P313_SP00025" HPOS="456" VPOS="416" WIDTH="32"/>
						<String ID="P313_ST00032" HPOS="488" VPOS="385" WIDTH="33" HEIGHT="26" CONTENT="to" WC="1.00" CC="00"/>
						<SP ID="P313_SP00026" HPOS="521" VPOS="416" WIDTH="30"/>
						<String ID="P313_ST00033" HPOS="551" VPOS="381" WIDTH="101" HEIGHT="30" CONTENT="which" WC="0.50" CC="97007"/>
						<SP ID="P313_SP00027" HPOS="652" VPOS="416" WIDTH="31"/>
						<String ID="P313_ST00034" HPOS="683" VPOS="381" WIDTH="52" HEIGHT="31" CONTENT="she" WC="0.73" CC="070"/>
						<SP ID="P313_SP00028" HPOS="735" VPOS="416" WIDTH="32"/>
						<String ID="P313_ST00035" HPOS="767" VPOS="392" WIDTH="60" HEIGHT="20" CONTENT="was" WC="0.79" CC="006"/>
						<SP ID="P313_SP00029" HPOS="827" VPOS="416" WIDTH="30"/>
						<String ID="P313_ST00036" HPOS="857" VPOS="381" WIDTH="75" HEIGHT="31" CONTENT="then" WC="0.55" CC="3706"/>
					</TextLine>
					<TextLine ID="P313_TL00007" HPOS="108" VPOS="441" WIDTH="824" HEIGHT="43">
						<String ID="P313_ST00037" HPOS="108" VPOS="441" WIDTH="156" HEIGHT="42" CONTENT="standing." WC="0.50" CC="150794790"/>
						<SP ID="P313_SP00030" HPOS="264" VPOS="483" WIDTH="49"/>
						<String ID="P313_ST00038" HPOS="313" VPOS="441" WIDTH="50" HEIGHT="31" CONTENT="He" WC="0.67" CC="60"/>
						<SP ID="P313_SP00031" HPOS="363" VPOS="483" WIDTH="17"/>
						<String ID="P313_ST00039" HPOS="380" VPOS="442" WIDTH="115" HEIGHT="31" CONTENT="offered" WC="0.96" CC="0002000"/>
						<SP ID="P313_SP00032" HPOS="495" VPOS="483" WIDTH="21"/>
						<String ID="P313_ST00040" HPOS="516" VPOS="442" WIDTH="55" HEIGHT="31" CONTENT="her" WC="0.53" CC="706"/>
						<SP ID="P313_SP00033" HPOS="571" VPOS="483" WIDTH="20"/>
						<String ID="P313_ST00041" HPOS="591" VPOS="453" WIDTH="18" HEIGHT="20" CONTENT="a" WC="1.00" CC="0"/>
						<SP ID="P313_SP00034" HPOS="609" VPOS="483" WIDTH="14"/>
						<String ID="P313_ST00042" HPOS="623" VPOS="442" WIDTH="85" HEIGHT="31" CONTENT="front" WC="0.51" CC="46534"/>
						<SP ID="P313_SP00035" HPOS="708" VPOS="483" WIDTH="14"/>
						<String ID="P313_ST00043" HPOS="722" VPOS="447" WIDTH="72" HEIGHT="33" CONTENT="seat," WC="0.69" CC="00563"/>
						<SP ID="P313_SP00036" HPOS="794" VPOS="483" WIDTH="17"/>
						<String ID="P313_ST00044" HPOS="811" VPOS="443" WIDTH="121" HEIGHT="41" CONTENT="worthy" WC="0.84" CC="001170"/>
					</TextLine>
					<TextLine ID="P313_TL00008" HPOS="107" VPOS="502" WIDTH="825" HEIGHT="43">
						<String ID="P313_ST00045" HPOS="107" VPOS="513" WIDTH="75" HEIGHT="19" CONTENT="man" WC="0.75" CC="007"/>
						<String ID="P313_ST00046" HPOS="194" VPOS="503" WIDTH="6" HEIGHT="30" CONTENT="!" WC="1.00" CC="0"/>
						<SP ID="P313_SP00037" HPOS="200" VPOS="533" WIDTH="36"/>
						<String ID="P313_ST00047" HPOS="236" VPOS="502" WIDTH="63" HEIGHT="31" CONTENT="and" WC="0.78" CC="060"/>
						<SP ID="P313_SP00038" HPOS="299" VPOS="533" WIDTH="18"/>
						<String ID="P313_ST00048" HPOS="317" VPOS="502" WIDTH="175" HEIGHT="43" CONTENT="suggested," WC="0.67" CC="3708026003"/>
						<SP ID="P313_SP00039" HPOS="492" VPOS="545" WIDTH="24"/>
						<String ID="P313_ST00049" HPOS="516" VPOS="507" WIDTH="56" HEIGHT="26" CONTENT="not" WC="0.52" CC="707"/>
						<SP ID="P313_SP00040" HPOS="572" VPOS="545" WIDTH="18"/>
						<String ID="P313_ST00050" HPOS="590" VPOS="503" WIDTH="131" HEIGHT="31" CONTENT="Avithout" WC="0.59" CC="09127063"/>
						<SP ID="P313_SP00041" HPOS="721" VPOS="545" WIDTH="20"/>
						<String ID="P313_ST00051" HPOS="741" VPOS="514" WIDTH="82" HEIGHT="20" CONTENT="some" WC="0.67" CC="3081"/>
						<SP ID="P313_SP00042" HPOS="823" VPOS="545" WIDTH="26"/>
						<String ID="P313_ST00052" HPOS="849" VPOS="503" WIDTH="83" HEIGHT="31" CONTENT="timi" SUBS_TYPE="HypPart1" SUBS_CONTENT="timidity," WC="0.57" CC="94070"/>
						<HYP CONTENT="-"/>
					</TextLine>
					<TextLine ID="P313_TL00009" HPOS="108" VPOS="563" WIDTH="826" HEIGHT="43">
						<String ID="P313_ST00053" HPOS="108" VPOS="563" WIDTH="79" HEIGHT="43" CONTENT="dity," SUBS_TYPE="HypPart2" SUBS_CONTENT="timidity," WC="0.71" CC="04504"/>
						<SP ID="P313_SP00043" HPOS="187" VPOS="606" WIDTH="32"/>
						<String ID="P313_ST00054" HPOS="219" VPOS="564" WIDTH="71" HEIGHT="31" CONTENT="how" WC="0.75" CC="700"/>
						<SP ID="P313_SP00044" HPOS="290" VPOS="606" WIDTH="34"/>
						<String ID="P313_ST00055" HPOS="324" VPOS="564" WIDTH="145" HEIGHT="31" CONTENT="charmed" WC="0.83" CC="0703000"/>
						<SP ID="P313_SP00045" HPOS="469" VPOS="606" WIDTH="34"/>
						<String ID="P313_ST00056" HPOS="503" VPOS="564" WIDTH="144" HEIGHT="31" CONTENT="Madame" WC="0.67" CC="740700"/>
						<SP ID="P313_SP00046" HPOS="647" VPOS="606" WIDTH="34"/>
						<String ID="P313_ST00057" HPOS="681" VPOS="565" WIDTH="52" HEIGHT="31" CONTENT="the" WC="0.53" CC="571"/>
						<SP ID="P313_SP00047" HPOS="733" VPOS="606" WIDTH="31"/>
						<String ID="P313_ST00058" HPOS="764" VPOS="565" WIDTH="170" HEIGHT="31" CONTENT="Prefectess" WC="0.66" CC="6800205046"/>
					</TextLine>
					<TextLine ID="P313_TL00010" HPOS="108" VPOS="625" WIDTH="827" HEIGHT="43">
						<String ID="P313_ST00059" HPOS="108" VPOS="626" WIDTH="105" HEIGHT="31" CONTENT="Avould" WC="0.64" CC="090730"/>
						<SP ID="P313_SP00048" HPOS="213" VPOS="657" WIDTH="23"/>
						<String ID="P313_ST00060" HPOS="236" VPOS="625" WIDTH="39" HEIGHT="32" CONTENT="be" WC="0.63" CC="70"/>
						<SP ID="P313_SP00049" HPOS="275" VPOS="657" WIDTH="27"/>
						<String ID="P313_ST00061" HPOS="302" VPOS="630" WIDTH="33" HEIGHT="26" CONTENT="to" WC="0.68" CC="51"/>
						<SP ID="P313_SP00050" HPOS="335" VPOS="657" WIDTH="24"/>
						<String ID="P313_ST00062" HPOS="359" VPOS="625" WIDTH="116" HEIGHT="32" CONTENT="extend" WC="0.76" CC="008060"/>
						<SP ID="P313_SP00051" HPOS="475" VPOS="657" WIDTH="23"/>
						<String ID="P313_ST00063" HPOS="498" VPOS="630" WIDTH="33" HEIGHT="27" CONTENT="to" WC="0.97" CC="00"/>
						<SP ID="P313_SP00052" HPOS="531" VPOS="657" WIDTH="22"/>
						<String ID="P313_ST00064" HPOS="553" VPOS="626" WIDTH="56" HEIGHT="31" CONTENT="her" WC="0.64" CC="703"/>
						<SP ID="P313_SP00053" HPOS="609" VPOS="657" WIDTH="20"/>
						<String ID="P313_ST00065" HPOS="629" VPOS="626" WIDTH="54" HEIGHT="31" CONTENT="the" WC="0.60" CC="470"/>
						<SP ID="P313_SP00054" HPOS="683" VPOS="657" WIDTH="22"/>
						<String ID="P313_ST00066" HPOS="705" VPOS="626" WIDTH="183" HEIGHT="42" CONTENT="hospitality" WC="0.77" CC="70007300060"/>
						<SP ID="P313_SP00055" HPOS="888" VPOS="668" WIDTH="15"/>
						<String ID="P313_ST00067" HPOS="903" VPOS="626" WIDTH="32" HEIGHT="31" CONTENT="of" WC="1.00" CC="00"/>
					</TextLine>
					<TextLine ID="P313_TL00011" HPOS="104" VPOS="687" WIDTH="204" HEIGHT="30">
						<String ID="P313_ST00068" HPOS="104" VPOS="687" WIDTH="56" HEIGHT="30" CONTENT="the" WC="0.75" CC="070"/>
						<SP ID="P313_SP00056" HPOS="160" VPOS="717" WIDTH="15"/>
						<String ID="P313_ST00069" HPOS="175" VPOS="687" WIDTH="133" HEIGHT="30" CONTENT="tribune." WC="0.63" CC="17607700"/>
					</TextLine>
				</TextBlock>
				<TextBlock ID="P313_TB00004" HPOS="105" VPOS="747" WIDTH="831" HEIGHT="397" STYLEREFS="TXT_0 PAR_LEFT">
					<TextLine ID="P313_TL00012" HPOS="154" VPOS="748" WIDTH="779" HEIGHT="38">
						<String ID="P313_ST00070" HPOS="154" VPOS="748" WIDTH="99" HEIGHT="32" CONTENT="Claire" WC="0.69" CC="560500"/>
						<SP ID="P313_SP00057" HPOS="253" VPOS="780" WIDTH="29"/>
						<String ID="P313_ST00071" HPOS="282" VPOS="760" WIDTH="64" HEIGHT="19" CONTENT="was" WC="0.43" CC="906"/>
						<SP ID="P313_SP00058" HPOS="346" VPOS="780" WIDTH="39"/>
						<String ID="P313_ST00072" HPOS="385" VPOS="748" WIDTH="216" HEIGHT="38" CONTENT="embarrassed," WC="0.67" CC="007044932204"/>
						<SP ID="P313_SP00059" HPOS="601" VPOS="786" WIDTH="32"/>
						<String ID="P313_ST00073" HPOS="633" VPOS="749" WIDTH="47" HEIGHT="30" CONTENT="for" WC="0.58" CC="245"/>
						<SP ID="P313_SP00060" HPOS="680" VPOS="786" WIDTH="33"/>
						<String ID="P313_ST00074" HPOS="713" VPOS="749" WIDTH="53" HEIGHT="30" CONTENT="she" WC="0.69" CC="170"/>
						<SP ID="P313_SP00061" HPOS="766" VPOS="786" WIDTH="36"/>
						<String ID="P313_ST00075" HPOS="802" VPOS="750" WIDTH="131" HEIGHT="30" CONTENT="recoiled" WC="0.83" CC="20024300"/>
					</TextLine>
					<TextLine ID="P313_TL00013" HPOS="109" VPOS="810" WIDTH="825" HEIGHT="42">
						<String ID="P313_ST00076" HPOS="109" VPOS="811" WIDTH="80" HEIGHT="30" CONTENT="from" WC="0.86" CC="0500"/>
						<SP ID="P313_SP00062" HPOS="189" VPOS="841" WIDTH="25"/>
						<String ID="P313_ST00077" HPOS="214" VPOS="811" WIDTH="130" HEIGHT="41" CONTENT="hurting" WC="0.53" CC="7744270"/>
						<SP ID="P313_SP00063" HPOS="344" VPOS="852" WIDTH="27"/>
						<String ID="P313_ST00078" HPOS="371" VPOS="821" WIDTH="64" HEIGHT="30" CONTENT="any" WC="0.76" CC="070"/>
						<SP ID="P313_SP00064" HPOS="435" VPOS="852" WIDTH="24"/>
						<String ID="P313_ST00079" HPOS="459" VPOS="821" WIDTH="68" HEIGHT="27" CONTENT="one," WC="0.68" CC="0704"/>
						<SP ID="P313_SP00065" HPOS="527" VPOS="852" WIDTH="24"/>
						<String ID="P313_ST00080" HPOS="551" VPOS="810" WIDTH="62" HEIGHT="30" CONTENT="and" WC="0.76" CC="070"/>
						<SP ID="P313_SP00066" HPOS="613" VPOS="852" WIDTH="21"/>
						<String ID="P313_ST00081" HPOS="634" VPOS="815" WIDTH="55" HEIGHT="36" CONTENT="yet" WC="0.75" CC="007"/>
						<SP ID="P313_SP00067" HPOS="689" VPOS="852" WIDTH="22"/>
						<String ID="P313_ST00082" HPOS="711" VPOS="811" WIDTH="53" HEIGHT="30" CONTENT="she" WC="0.51" CC="770"/>
						<SP ID="P313_SP00068" HPOS="764" VPOS="852" WIDTH="23"/>
						<String ID="P313_ST00083" HPOS="787" VPOS="811" WIDTH="57" HEIGHT="30" CONTENT="felt" WC="0.64" CC="4306"/>
						<SP ID="P313_SP00069" HPOS="844" VPOS="852" WIDTH="21"/>
						<String ID="P313_ST00084" HPOS="865" VPOS="811" WIDTH="69" HEIGHT="30" CONTENT="that" WC="0.28" CC="4796"/>
					</TextLine>
					<TextLine ID="P313_TL00014" HPOS="109" VPOS="869" WIDTH="825" HEIGHT="42">
						<String ID="P313_ST00085" HPOS="109" VPOS="870" WIDTH="56" HEIGHT="31" CONTENT="her" WC="0.54" CC="705"/>
						<SP ID="P313_SP00070" HPOS="165" VPOS="901" WIDTH="21"/>
						<String ID="P313_ST00086" HPOS="186" VPOS="870" WIDTH="104" HEIGHT="31" CONTENT="father" WC="0.67" CC="005706"/>
						<SP ID="P313_SP00071" HPOS="290" VPOS="901" WIDTH="15"/>
						<String ID="P313_ST00087" HPOS="305" VPOS="870" WIDTH="105" HEIGHT="30" CONTENT="would" WC="0.81" CC="01700"/>
						<SP ID="P313_SP00072" HPOS="410" VPOS="901" WIDTH="20"/>
						<String ID="P313_ST00088" HPOS="430" VPOS="881" WIDTH="94" HEIGHT="19" CONTENT="never" WC="0.71" CC="72004"/>
						<SP ID="P313_SP00073" HPOS="524" VPOS="901" WIDTH="22"/>
						<String ID="P313_ST00089" HPOS="546" VPOS="870" WIDTH="127" HEIGHT="30" CONTENT="tolerate" WC="0.85" CC="50000040"/>
						<SP ID="P313_SP00074" HPOS="673" VPOS="901" WIDTH="22"/>
						<String ID="P313_ST00090" HPOS="695" VPOS="870" WIDTH="55" HEIGHT="30" CONTENT="her" WC="0.65" CC="702"/>
						<SP ID="P313_SP00075" HPOS="750" VPOS="901" WIDTH="19"/>
						<String ID="P313_ST00091" HPOS="769" VPOS="870" WIDTH="93" HEIGHT="41" CONTENT="being" WC="0.60" CC="70048"/>
						<SP ID="P313_SP00076" HPOS="862" VPOS="911" WIDTH="20"/>
						<String ID="P313_ST00092" HPOS="882" VPOS="869" WIDTH="52" HEIGHT="31" CONTENT="the" WC="0.66" CC="270"/>
					</TextLine>
					<TextLine ID="P313_TL00015" HPOS="108" VPOS="930" WIDTH="825" HEIGHT="43">
						<String ID="P313_ST00093" HPOS="108" VPOS="936" WIDTH="92" HEIGHT="37" CONTENT="guest" WC="0.71" CC="08005"/>
						<SP ID="P313_SP00077" HPOS="200" VPOS="973" WIDTH="16"/>
						<String ID="P313_ST00094" HPOS="216" VPOS="931" WIDTH="34" HEIGHT="31" CONTENT="of" WC="1.00" CC="00"/>
						<SP ID="P313_SP00078" HPOS="250" VPOS="973" WIDTH="19"/>
						<String ID="P313_ST00095" HPOS="269" VPOS="931" WIDTH="54" HEIGHT="30" CONTENT="the" WC="0.56" CC="570"/>
						<SP ID="P313_SP00079" HPOS="323" VPOS="973" WIDTH="17"/>
						<String ID="P313_ST00096" HPOS="340" VPOS="931" WIDTH="83" HEIGHT="30" CONTENT="chief" WC="0.78" CC="17100"/>
						<SP ID="P313_SP00080" HPOS="423" VPOS="973" WIDTH="15"/>
						<String ID="P313_ST00097" HPOS="438" VPOS="935" WIDTH="202" HEIGHT="37" CONTENT="government" WC="0.54" CC="8070770077"/>
						<SP ID="P313_SP00081" HPOS="640" VPOS="973" WIDTH="16"/>
						<String ID="P313_ST00098" HPOS="656" VPOS="931" WIDTH="158" HEIGHT="41" CONTENT="authority" WC="0.72" CC="075700040"/>
						<SP ID="P313_SP00082" HPOS="814" VPOS="973" WIDTH="15"/>
						<String ID="P313_ST00099" HPOS="829" VPOS="930" WIDTH="34" HEIGHT="31" CONTENT="of" WC="0.79" CC="04"/>
						<SP ID="P313_SP00083" HPOS="863" VPOS="973" WIDTH="18"/>
						<String ID="P313_ST00100" HPOS="881" VPOS="930" WIDTH="52" HEIGHT="31" CONTENT="the" WC="0.52" CC="670"/>
					</TextLine>
					<TextLine ID="P313_TL00016" HPOS="109" VPOS="991" WIDTH="824" HEIGHT="43">
						<String ID="P313_ST00101" HPOS="109" VPOS="993" WIDTH="94" HEIGHT="40" CONTENT="place." WC="1.00" CC="000000"/>
						<SP ID="P313_SP00084" HPOS="203" VPOS="1033" WIDTH="50"/>
						<String ID="P313_ST00102" HPOS="253" VPOS="992" WIDTH="67" HEIGHT="31" CONTENT="Her" WC="0.77" CC="600"/>
						<SP ID="P313_SP00085" HPOS="320" VPOS="1033" WIDTH="15"/>
						<String ID="P313_ST00103" HPOS="335" VPOS="992" WIDTH="240" HEIGHT="42" CONTENT="Languedocian" WC="0.69" CC="006950030307"/>
						<SP ID="P313_SP00086" HPOS="575" VPOS="1034" WIDTH="24"/>
						<String ID="P313_ST00104" HPOS="599" VPOS="992" WIDTH="113" HEIGHT="37" CONTENT="cousin," WC="0.69" CC="0072074"/>
						<SP ID="P313_SP00087" HPOS="712" VPOS="1034" WIDTH="21"/>
						<String ID="P313_ST00105" HPOS="733" VPOS="1002" WIDTH="32" HEIGHT="19" CONTENT="so" WC="0.65" CC="70"/>
						<SP ID="P313_SP00088" HPOS="765" VPOS="1034" WIDTH="22"/>
						<String ID="P313_ST00106" HPOS="787" VPOS="991" WIDTH="47" HEIGHT="30" CONTENT="far" WC="0.86" CC="004"/>
						<SP ID="P313_SP00089" HPOS="834" VPOS="1034" WIDTH="21"/>
						<String ID="P313_ST00107" HPOS="855" VPOS="991" WIDTH="78" HEIGHT="30" CONTENT="from" WC="0.64" CC="3306"/>
					</TextLine>
					<TextLine ID="P313_TL00017" HPOS="109" VPOS="1052" WIDTH="827" HEIGHT="44">
						<String ID="P313_ST00108" HPOS="109" VPOS="1054" WIDTH="130" HEIGHT="42" CONTENT="helping" WC="0.67" CC="7030470"/>
						<SP ID="P313_SP00090" HPOS="239" VPOS="1096" WIDTH="25"/>
						<String ID="P313_ST00109" HPOS="264" VPOS="1054" WIDTH="64" HEIGHT="37" CONTENT="her," WC="0.55" CC="7064"/>
						<SP ID="P313_SP00091" HPOS="328" VPOS="1096" WIDTH="28"/>
						<String ID="P313_ST00110" HPOS="356" VPOS="1053" WIDTH="95" HEIGHT="30" CONTENT="voted" WC="0.61" CC="76600"/>
						<SP ID="P313_SP00092" HPOS="451" VPOS="1096" WIDTH="33"/>
						<String ID="P313_ST00111" HPOS="484" VPOS="1053" WIDTH="113" HEIGHT="41" CONTENT="noisily" WC="0.64" CC="7502009"/>
						<SP ID="P313_SP00093" HPOS="597" VPOS="1096" WIDTH="23"/>
						<String ID="P313_ST00112" HPOS="620" VPOS="1053" WIDTH="47" HEIGHT="30" CONTENT="for" WC="0.83" CC="005"/>
						<SP ID="P313_SP00094" HPOS="667" VPOS="1096" WIDTH="29"/>
						<String ID="P313_ST00113" HPOS="696" VPOS="1056" WIDTH="181" HEIGHT="37" CONTENT="acceptance" WC="0.83" CC="0000050740"/>
						<SP ID="P313_SP00095" HPOS="877" VPOS="1096" WIDTH="27"/>
						<String ID="P313_ST00114" HPOS="904" VPOS="1052" WIDTH="32" HEIGHT="30" CONTENT="of" WC="0.70" CC="60"/>
					</TextLine>
					<TextLine ID="P313_TL00018" HPOS="106" VPOS="1115" WIDTH="358" HEIGHT="29">
						<String ID="P313_ST00115" HPOS="106" VPOS="1115" WIDTH="55" HEIGHT="29" CONTENT="the" WC="0.68" CC="270"/>
						<SP ID="P313_SP00096" HPOS="161" VPOS="1144" WIDTH="15"/>
						<String ID="P313_ST00116" HPOS="176" VPOS="1115" WIDTH="192" HEIGHT="29" CONTENT="well-meant" WC="0.82" CC="0022000065"/>
						<SP ID="P313_SP00097" HPOS="368" VPOS="1144" WIDTH="15"/>
						<String ID="P313_ST00117" HPOS="383" VPOS="1115" WIDTH="81" HEIGHT="29" CONTENT="offer." WC="0.94" CC="000030"/>
					</TextLine>
				</TextBlock>
				<TextBlock ID="P313_TB00005" HPOS="102" VPOS="1174" WIDTH="834" HEIGHT="294" STYLEREFS="TXT_0 PAR_LEFT">
					<TextLine ID="P313_TL00019" HPOS="152" VPOS="1175" WIDTH="781" HEIGHT="42">
						<String ID="P313_ST00118" HPOS="152" VPOS="1177" WIDTH="76" HEIGHT="31" CONTENT="Was" WC="0.90" CC="003"/>
						<SP ID="P313_SP00098" HPOS="228" VPOS="1208" WIDTH="19"/>
						<String ID="P313_ST00119" HPOS="247" VPOS="1177" WIDTH="88" HEIGHT="31" CONTENT="there" WC="0.72" CC="17040"/>
						<SP ID="P313_SP00099" HPOS="335" VPOS="1208" WIDTH="21"/>
						<String ID="P313_ST00120" HPOS="356" VPOS="1187" WIDTH="40" HEIGHT="20" CONTENT="no" WC="0.46" CC="73"/>
						<SP ID="P313_SP00100" HPOS="396" VPOS="1208" WIDTH="21"/>
						<String ID="P313_ST00121" HPOS="417" VPOS="1187" WIDTH="106" HEIGHT="20" CONTENT="means" WC="0.61" CC="90073"/>
						<SP ID="P313_SP00101" HPOS="523" VPOS="1208" WIDTH="25"/>
						<String ID="P313_ST00122" HPOS="548" VPOS="1176" WIDTH="34" HEIGHT="31" CONTENT="of" WC="0.78" CC="40"/>
						<SP ID="P313_SP00102" HPOS="582" VPOS="1208" WIDTH="24"/>
						<String ID="P313_ST00123" HPOS="606" VPOS="1176" WIDTH="134" HEIGHT="41" CONTENT="crossing" WC="0.56" CC="05022869"/>
						<SP ID="P313_SP00103" HPOS="740" VPOS="1217" WIDTH="22"/>
						<String ID="P313_ST00124" HPOS="762" VPOS="1175" WIDTH="54" HEIGHT="31" CONTENT="the" WC="0.51" CC="770"/>
						<SP ID="P313_SP00104" HPOS="816" VPOS="1217" WIDTH="22"/>
						<String ID="P313_ST00125" HPOS="838" VPOS="1175" WIDTH="73" HEIGHT="30" CONTENT="field" WC="0.89" CC="00050"/>
						<SP ID="P313_SP00105" HPOS="911" VPOS="1217" WIDTH="11"/>
						<String ID="P313_ST00126" HPOS="922" VPOS="1176" WIDTH="11" HEIGHT="30" CONTENT="?" WC="1.00" CC="0"/>
					</TextLine>
					<TextLine ID="P313_TL00020" HPOS="103" VPOS="1236" WIDTH="832" HEIGHT="41">
						<String ID="P313_ST00127" HPOS="103" VPOS="1240" WIDTH="95" HEIGHT="31" CONTENT="None" WC="0.47" CC="9460"/>
						<SP ID="P313_SP00106" HPOS="198" VPOS="1271" WIDTH="16"/>
						<String ID="P313_ST00128" HPOS="214" VPOS="1241" WIDTH="10" HEIGHT="29" CONTENT="?" WC="1.00" CC="0"/>
						<SP ID="P313_SP00107" HPOS="224" VPOS="1271" WIDTH="46"/>
						<String ID="P313_ST00129" HPOS="270" VPOS="1239" WIDTH="65" HEIGHT="31" CONTENT="The" WC="0.75" CC="070"/>
						<SP ID="P313_SP00108" HPOS="335" VPOS="1271" WIDTH="31"/>
						<String ID="P313_ST00130" HPOS="366" VPOS="1238" WIDTH="102" HEIGHT="31" CONTENT="crowd" WC="0.90" CC="05000"/>
						<SP ID="P313_SP00109" HPOS="468" VPOS="1271" WIDTH="29"/>
						<String ID="P313_ST00131" HPOS="497" VPOS="1248" WIDTH="64" HEIGHT="20" CONTENT="was" WC="0.80" CC="005"/>
						<SP ID="P313_SP00110" HPOS="561" VPOS="1271" WIDTH="29"/>
						<String ID="P313_ST00132" HPOS="590" VPOS="1237" WIDTH="157" HEIGHT="37" CONTENT="immense," WC="0.66" CC="80007703"/>
						<SP ID="P313_SP00111" HPOS="747" VPOS="1274" WIDTH="31"/>
						<String ID="P313_ST00133" HPOS="778" VPOS="1236" WIDTH="54" HEIGHT="30" CONTENT="the" WC="0.61" CC="370"/>
						<SP ID="P313_SP00112" HPOS="832" VPOS="1274" WIDTH="29"/>
						<String ID="P313_ST00134" HPOS="861" VPOS="1247" WIDTH="74" HEIGHT="30" CONTENT="gen" SUBS_TYPE="HypPart1" SUBS_CONTENT="gendarmes" WC="0.61" CC="8060"/>
						<HYP CONTENT="-"/>
					</TextLine>
					<TextLine ID="P313_TL00021" HPOS="109" VPOS="1299" WIDTH="826" HEIGHT="46">
						<String ID="P313_ST00135" HPOS="109" VPOS="1305" WIDTH="122" HEIGHT="31" CONTENT="darmes" SUBS_TYPE="HypPart2" SUBS_CONTENT="gendarmes" WC="0.86" CC="004003"/>
						<SP ID="P313_SP00113" HPOS="231" VPOS="1336" WIDTH="30"/>
						<String ID="P313_ST00136" HPOS="261" VPOS="1304" WIDTH="64" HEIGHT="31" CONTENT="had" WC="0.75" CC="700"/>
						<SP ID="P313_SP00114" HPOS="325" VPOS="1336" WIDTH="26"/>
						<String ID="P313_ST00137" HPOS="351" VPOS="1303" WIDTH="105" HEIGHT="42" CONTENT="begun" WC="0.39" CC="70975"/>
						<SP ID="P313_SP00115" HPOS="456" VPOS="1345" WIDTH="29"/>
						<String ID="P313_ST00138" HPOS="485" VPOS="1307" WIDTH="33" HEIGHT="26" CONTENT="to" WC="0.78" CC="40"/>
						<SP ID="P313_SP00116" HPOS="518" VPOS="1345" WIDTH="31"/>
						<String ID="P313_ST00139" HPOS="549" VPOS="1302" WIDTH="79" HEIGHT="31" CONTENT="clear" WC="0.79" CC="00036"/>
						<SP ID="P313_SP00117" HPOS="628" VPOS="1345" WIDTH="26"/>
						<String ID="P313_ST00140" HPOS="654" VPOS="1302" WIDTH="53" HEIGHT="30" CONTENT="the" WC="0.55" CC="570"/>
						<SP ID="P313_SP00118" HPOS="707" VPOS="1345" WIDTH="26"/>
						<String ID="P313_ST00141" HPOS="733" VPOS="1311" WIDTH="112" HEIGHT="26" CONTENT="course," WC="0.69" CC="2065203"/>
						<SP ID="P313_SP00119" HPOS="845" VPOS="1345" WIDTH="29"/>
						<String ID="P313_ST00142" HPOS="874" VPOS="1299" WIDTH="61" HEIGHT="32" CONTENT="and" WC="0.75" CC="070"/>
					</TextLine>
					<TextLine ID="P313_TL00022" HPOS="106" VPOS="1359" WIDTH="830" HEIGHT="43">
						<String ID="P313_ST00143" HPOS="106" VPOS="1366" WIDTH="81" HEIGHT="31" CONTENT="from" WC="0.71" CC="4420"/>
						<SP ID="P313_SP00120" HPOS="187" VPOS="1397" WIDTH="15"/>
						<String ID="P313_ST00144" HPOS="202" VPOS="1365" WIDTH="52" HEIGHT="32" CONTENT="the" WC="0.61" CC="470"/>
						<SP ID="P313_SP00121" HPOS="254" VPOS="1397" WIDTH="15"/>
						<String ID="P313_ST00145" HPOS="269" VPOS="1369" WIDTH="87" HEIGHT="28" CONTENT="to-wn" WC="0.36" CC="70697"/>
						<SP ID="P313_SP00122" HPOS="356" VPOS="1397" WIDTH="16"/>
						<String ID="P313_ST00146" HPOS="372" VPOS="1364" WIDTH="66" HEIGHT="31" CONTENT="side" WC="0.78" CC="3400"/>
						<SP ID="P313_SP00123" HPOS="438" VPOS="1397" WIDTH="15"/>
						<String ID="P313_ST00147" HPOS="453" VPOS="1364" WIDTH="54" HEIGHT="30" CONTENT="the" WC="0.71" CC="070"/>
						<SP ID="P313_SP00124" HPOS="507" VPOS="1397" WIDTH="16"/>
						<String ID="P313_ST00148" HPOS="523" VPOS="1363" WIDTH="72" HEIGHT="30" CONTENT="dust" WC="0.65" CC="0516"/>
						<SP ID="P313_SP00125" HPOS="595" VPOS="1397" WIDTH="16"/>
						<String ID="P313_ST00149" HPOS="611" VPOS="1362" WIDTH="34" HEIGHT="31" CONTENT="of" WC="0.79" CC="40"/>
						<SP ID="P313_SP00126" HPOS="645" VPOS="1397" WIDTH="19"/>
						<String ID="P313_ST00150" HPOS="664" VPOS="1374" WIDTH="17" HEIGHT="18" CONTENT="a" WC="1.00" CC="0"/>
						<SP ID="P313_SP00127" HPOS="681" VPOS="1397" WIDTH="15"/>
						<String ID="P313_ST00151" HPOS="696" VPOS="1362" WIDTH="74" HEIGHT="40" CONTENT="long" WC="0.57" CC="0079"/>
						<SP ID="P313_SP00128" HPOS="770" VPOS="1402" WIDTH="19"/>
						<String ID="P313_ST00152" HPOS="789" VPOS="1360" WIDTH="99" HEIGHT="42" CONTENT="string" WC="0.64" CC="410375"/>
						<SP ID="P313_SP00129" HPOS="888" VPOS="1402" WIDTH="14"/>
						<String ID="P313_ST00153" HPOS="902" VPOS="1359" WIDTH="34" HEIGHT="32" CONTENT="of" WC="0.80" CC="30"/>
					</TextLine>
					<TextLine ID="P313_TL00023" HPOS="108" VPOS="1424" WIDTH="417" HEIGHT="44">
						<String ID="P313_ST00154" HPOS="108" VPOS="1428" WIDTH="152" HEIGHT="40" CONTENT="carriages" WC="0.70" CC="005570800"/>
						<SP ID="P313_SP00130" HPOS="260" VPOS="1468" WIDTH="15"/>
						<String ID="P313_ST00155" HPOS="275" VPOS="1437" WIDTH="64" HEIGHT="20" CONTENT="was" WC="0.84" CC="004"/>
						<SP ID="P313_SP00131" HPOS="339" VPOS="1468" WIDTH="15"/>
						<String ID="P313_ST00156" HPOS="354" VPOS="1424" WIDTH="171" HEIGHT="43" CONTENT="perceived." WC="0.83" CC="0050080001"/>
					</TextLine>
				</TextBlock>
				<TextBlock ID="P313_TB00006" HPOS="104" VPOS="1480" WIDTH="829" HEIGHT="109" STYLEREFS="TXT_0 PAR_LEFT">
					<TextLine ID="P313_TL00024" HPOS="153" VPOS="1482" WIDTH="779" HEIGHT="37">
						<String ID="P313_ST00157" HPOS="153" VPOS="1492" WIDTH="17" HEIGHT="12" CONTENT='"' WC="0.55" CC="4"/>
						<SP ID="P313_SP00132" HPOS="170" VPOS="1504" WIDTH="11"/>
						<String ID="P313_ST00158" HPOS="181" VPOS="1489" WIDTH="99" HEIGHT="30" CONTENT="There" WC="0.85" CC="07000"/>
						<SP ID="P313_SP00133" HPOS="280" VPOS="1519" WIDTH="15"/>
						<String ID="P313_ST00159" HPOS="295" VPOS="1488" WIDTH="26" HEIGHT="30" CONTENT="is" WC="0.78" CC="04"/>
						<SP ID="P313_SP00134" HPOS="321" VPOS="1519" WIDTH="16"/>
						<String ID="P313_ST00160" HPOS="337" VPOS="1487" WIDTH="159" HEIGHT="31" CONTENT="Monsieur" WC="0.69" CC="02750061"/>
						<SP ID="P313_SP00135" HPOS="496" VPOS="1519" WIDTH="14"/>
						<String ID="P313_ST00161" HPOS="510" VPOS="1485" WIDTH="53" HEIGHT="30" CONTENT="the" WC="0.64" CC="370"/>
						<SP ID="P313_SP00136" HPOS="563" VPOS="1519" WIDTH="16"/>
						<String ID="P313_ST00162" HPOS="579" VPOS="1483" WIDTH="121" HEIGHT="31" CONTENT="Prefect" WC="0.73" CC="6400007"/>
						<String ID="P313_ST00163" HPOS="713" VPOS="1482" WIDTH="27" HEIGHT="31" CONTENT='!"' WC="0.93" CC="01"/>
						<SP ID="P313_SP00137" HPOS="740" VPOS="1519" WIDTH="24"/>
						<String ID="P313_ST00164" HPOS="764" VPOS="1482" WIDTH="168" HEIGHT="31" CONTENT="exclaimed" WC="0.95" CC="000400000"/>
					</TextLine>
					<TextLine ID="P313_TL00025" HPOS="104" VPOS="1544" WIDTH="829" HEIGHT="45">
						<String ID="P313_ST00165" HPOS="104" VPOS="1551" WIDTH="56" HEIGHT="32" CONTENT="the" WC="0.74" CC="070"/>
						<SP ID="P313_SP00138" HPOS="160" VPOS="1583" WIDTH="27"/>
						<String ID="P313_ST00166" HPOS="187" VPOS="1551" WIDTH="130" HEIGHT="38" CONTENT="Brunoy" WC="0.47" CC="657740"/>
						<SP ID="P313_SP00139" HPOS="317" VPOS="1589" WIDTH="23"/>
						<String ID="P313_ST00167" HPOS="340" VPOS="1548" WIDTH="217" HEIGHT="39" CONTENT="functionary;" WC="0.69" CC="037150050606"/>
						<SP ID="P313_SP00140" HPOS="557" VPOS="1589" WIDTH="34"/>
						<String ID="P313_ST00168" HPOS="591" VPOS="1547" WIDTH="91" HEIGHT="39" CONTENT='"you' WC="0.63" CC="4037"/>
						<SP ID="P313_SP00141" HPOS="682" VPOS="1589" WIDTH="36"/>
						<String ID="P313_ST00169" HPOS="718" VPOS="1544" WIDTH="79" HEIGHT="30" CONTENT="have" WC="0.64" CC="7060"/>
						<SP ID="P313_SP00142" HPOS="797" VPOS="1589" WIDTH="32"/>
						<String ID="P313_ST00170" HPOS="829" VPOS="1548" WIDTH="56" HEIGHT="27" CONTENT="not" WC="0.50" CC="707"/>
						<SP ID="P313_SP00143" HPOS="885" VPOS="1589" WIDTH="31"/>
						<String ID="P313_ST00171" HPOS="916" VPOS="1555" WIDTH="17" HEIGHT="19" CONTENT="a" WC="1.00" CC="0"/>
					</TextLine>
				</TextBlock>
			</PrintSpace>
		</Page>
	</Layout>
</alto>
