<?xml version="1.0" encoding="UTF-8"?>
<alto xmlns:xsi="http://www.w3.org/2001/XMLSchema-instance" xsi:noNamespaceSchemaLocation="http://www.bl.uk/schemas/alto/alto-1-4.xsd" xmlns:xlink="http://www.w3.org/1999/xlink">
	<Description>
		<MeasurementUnit>mm10</MeasurementUnit>
		<sourceImageInformation>
			<fileName>//head1/IN/2007-46/A0010888503.2/009400.jp2</fileName>
		</sourceImageInformation>
		<OCRProcessing ID="OCRPROCESSING_1">
			<preProcessingStep>
				<processingSoftware>
					<softwareCreator>CCS Content Conversion Specialists GmbH, Germany</softwareCreator>
					<softwareName>CCS docWORKS</softwareName>
					<softwareVersion>6.1-0.61</softwareVersion>
				</processingSoftware>
			</preProcessingStep>
			<ocrProcessingStep>
				<processingSoftware>
					<softwareCreator>ABBYY (BIT Software), Russia</softwareCreator>
					<softwareName>Finereader</softwareName>
				</processingSoftware>
			</ocrProcessingStep>
		</OCRProcessing>
	</Description>
	<Styles>
		<TextStyle ID="TXT_0" FONTSIZE="11" FONTFAMILY="Courier New"/>
		<TextStyle ID="TXT_1" FONTSIZE="9" FONTFAMILY="Courier New"/>
		<ParagraphStyle ID="PAR_LEFT" ALIGN="Left"/>
		<ParagraphStyle ID="PAR_RIGHT" ALIGN="Right"/>
	</Styles>
	<Layout>
		<Page ID="P192" PHYSICAL_IMG_NR="192" HEIGHT="1747" WIDTH="1132" PRINTED_IMG_NR="182" POSITION="Left" ACCURACY="68.99">
			<TopMargin ID="P192_TM00001" HPOS="0" VPOS="0" WIDTH="1131" HEIGHT="129">
				<TextBlock ID="P192_TB00001" HPOS="187" VPOS="101" WIDTH="52" HEIGHT="26" STYLEREFS="TXT_0 PAR_LEFT">
					<TextLine ID="P192_TL00001" HPOS="187" VPOS="101" WIDTH="52" HEIGHT="26">
						<String ID="P192_ST00001" HPOS="187" VPOS="101" WIDTH="52" HEIGHT="26" CONTENT="182" WC="1.00" CC="000"/>
					</TextLine>
				</TextBlock>
				<TextBlock ID="P192_TB00002" HPOS="423" VPOS="105" WIDTH="352" HEIGHT="23" STYLEREFS="TXT_1 PAR_RIGHT">
					<TextLine ID="P192_TL00002" HPOS="423" VPOS="106" WIDTH="352" HEIGHT="22">
						<String ID="P192_ST00002" HPOS="423" VPOS="108" WIDTH="84" HEIGHT="20" CONTENT="LOVE" WC="0.57" CC="6351"/>
						<SP ID="P192_SP00001" HPOS="507" VPOS="128" WIDTH="22"/>
						<String ID="P192_ST00003" HPOS="529" VPOS="108" WIDTH="63" HEIGHT="20" CONTENT="THE" WC="0.42" CC="763"/>
						<SP ID="P192_SP00002" HPOS="592" VPOS="128" WIDTH="23"/>
						<String ID="P192_ST00004" HPOS="615" VPOS="106" WIDTH="160" HEIGHT="22" CONTENT="AVENGER." WC="0.47" CC="96507670"/>
					</TextLine>
				</TextBlock>
			</TopMargin>
			<LeftMargin ID="P192_LM00001" HPOS="0" VPOS="129" WIDTH="176" HEIGHT="1453"/>
			<RightMargin ID="P192_RM00001" HPOS="1013" VPOS="129" WIDTH="118" HEIGHT="1453"/>
			<BottomMargin ID="P192_BM00001" HPOS="0" VPOS="1582" WIDTH="1131" HEIGHT="164"/>
			<PrintSpace ID="P192_PS00001" HPOS="176" VPOS="129" WIDTH="837" HEIGHT="1453">
				<TextBlock ID="P192_TB00003" HPOS="176" VPOS="180" WIDTH="837" HEIGHT="1402" STYLEREFS="TXT_1 PAR_LEFT">
					<TextLine ID="P192_TL00003" HPOS="185" VPOS="180" WIDTH="828" HEIGHT="48">
						<String ID="P192_ST00005" HPOS="185" VPOS="191" WIDTH="86" HEIGHT="26" CONTENT="ment" WC="0.69" CC="0057"/>
						<String ID="P192_ST00006" HPOS="272" VPOS="205" WIDTH="43" HEIGHT="3" CONTENT="—" WC="0.20" CC="8"/>
						<String ID="P192_ST00007" HPOS="315" VPOS="186" WIDTH="138" HEIGHT="42" CONTENT="inspired" WC="0.67" CC="16604700"/>
						<SP ID="P192_SP00003" HPOS="453" VPOS="228" WIDTH="14"/>
						<String ID="P192_ST00008" HPOS="467" VPOS="186" WIDTH="66" HEIGHT="30" CONTENT="him" WC="0.75" CC="700"/>
						<SP ID="P192_SP00004" HPOS="533" VPOS="228" WIDTH="12"/>
						<String ID="P192_ST00009" HPOS="545" VPOS="186" WIDTH="77" HEIGHT="31" CONTENT="with" WC="0.71" CC="0217"/>
						<SP ID="P192_SP00005" HPOS="622" VPOS="228" WIDTH="12"/>
						<String ID="P192_ST00010" HPOS="634" VPOS="185" WIDTH="134" HEIGHT="42" CONTENT="genuine" WC="0.66" CC="0067063"/>
						<SP ID="P192_SP00006" HPOS="768" VPOS="228" WIDTH="17"/>
						<String ID="P192_ST00011" HPOS="785" VPOS="181" WIDTH="128" HEIGHT="43" CONTENT="delight." WC="0.72" CC="90000740"/>
						<SP ID="P192_SP00007" HPOS="913" VPOS="228" WIDTH="36"/>
						<String ID="P192_ST00012" HPOS="949" VPOS="180" WIDTH="64" HEIGHT="31" CONTENT="But" WC="0.56" CC="760"/>
					</TextLine>
					<TextLine ID="P192_TL00004" HPOS="184" VPOS="242" WIDTH="825" HEIGHT="47">
						<String ID="P192_ST00013" HPOS="184" VPOS="248" WIDTH="63" HEIGHT="31" CONTENT="this" WC="0.52" CC="5706"/>
						<SP ID="P192_SP00008" HPOS="247" VPOS="279" WIDTH="24"/>
						<String ID="P192_ST00014" HPOS="271" VPOS="259" WIDTH="62" HEIGHT="20" CONTENT="was" WC="0.80" CC="005"/>
						<SP ID="P192_SP00009" HPOS="333" VPOS="279" WIDTH="25"/>
						<String ID="P192_ST00015" HPOS="358" VPOS="259" WIDTH="18" HEIGHT="20" CONTENT="a" WC="1.00" CC="0"/>
						<SP ID="P192_SP00010" HPOS="376" VPOS="279" WIDTH="26"/>
						<String ID="P192_ST00016" HPOS="402" VPOS="248" WIDTH="85" HEIGHT="41" CONTENT="piece" WC="1.00" CC="00000"/>
						<SP ID="P192_SP00011" HPOS="487" VPOS="289" WIDTH="26"/>
						<String ID="P192_ST00017" HPOS="513" VPOS="246" WIDTH="34" HEIGHT="32" CONTENT="of" WC="0.80" CC="03"/>
						<SP ID="P192_SP00012" HPOS="547" VPOS="289" WIDTH="27"/>
						<String ID="P192_ST00018" HPOS="574" VPOS="246" WIDTH="54" HEIGHT="31" CONTENT="the" WC="0.56" CC="371"/>
						<SP ID="P192_SP00013" HPOS="628" VPOS="289" WIDTH="26"/>
						<String ID="P192_ST00019" HPOS="654" VPOS="250" WIDTH="108" HEIGHT="38" CONTENT="purest" WC="0.62" CC="056046"/>
						<SP ID="P192_SP00014" HPOS="762" VPOS="289" WIDTH="23"/>
						<String ID="P192_ST00020" HPOS="785" VPOS="242" WIDTH="224" HEIGHT="33" CONTENT="self-delusion." WC="0.70" CC="60402001670363"/>
					</TextLine>
					<TextLine ID="P192_TL00005" HPOS="182" VPOS="305" WIDTH="829" HEIGHT="42">
						<String ID="P192_ST00021" HPOS="182" VPOS="309" WIDTH="45" HEIGHT="31" CONTENT="At" WC="0.66" CC="06"/>
						<SP ID="P192_SP00015" HPOS="227" VPOS="340" WIDTH="15"/>
						<String ID="P192_ST00022" HPOS="242" VPOS="310" WIDTH="52" HEIGHT="30" CONTENT="the" WC="0.64" CC="370"/>
						<SP ID="P192_SP00016" HPOS="294" VPOS="340" WIDTH="16"/>
						<String ID="P192_ST00023" HPOS="310" VPOS="309" WIDTH="121" HEIGHT="31" CONTENT="bottom" WC="0.64" CC="705520"/>
						<SP ID="P192_SP00017" HPOS="431" VPOS="340" WIDTH="16"/>
						<String ID="P192_ST00024" HPOS="447" VPOS="309" WIDTH="34" HEIGHT="30" CONTENT="of" WC="1.00" CC="00"/>
						<SP ID="P192_SP00018" HPOS="481" VPOS="340" WIDTH="16"/>
						<String ID="P192_ST00025" HPOS="497" VPOS="309" WIDTH="48" HEIGHT="31" CONTENT="his" WC="0.39" CC="745"/>
						<SP ID="P192_SP00019" HPOS="545" VPOS="340" WIDTH="15"/>
						<String ID="P192_ST00026" HPOS="560" VPOS="308" WIDTH="89" HEIGHT="31" CONTENT="heart" WC="0.61" CC="70046"/>
						<SP ID="P192_SP00020" HPOS="649" VPOS="340" WIDTH="14"/>
						<String ID="P192_ST00027" HPOS="663" VPOS="307" WIDTH="162" HEIGHT="31" CONTENT="Monsieur" WC="0.63" CC="00753057"/>
						<SP ID="P192_SP00021" HPOS="825" VPOS="340" WIDTH="15"/>
						<String ID="P192_ST00028" HPOS="840" VPOS="305" WIDTH="171" HEIGHT="42" CONTENT="Thdophile" WC="0.62" CC="079407004"/>
					</TextLine>
					<TextLine ID="P192_TL00006" HPOS="182" VPOS="368" WIDTH="829" HEIGHT="44">
						<String ID="P192_ST00029" HPOS="182" VPOS="370" WIDTH="92" HEIGHT="31" CONTENT="loved" WC="0.70" CC="06700"/>
						<SP ID="P192_SP00022" HPOS="274" VPOS="401" WIDTH="24"/>
						<String ID="P192_ST00030" HPOS="298" VPOS="371" WIDTH="75" HEIGHT="41" CONTENT="only" WC="0.60" CC="5730"/>
						<SP ID="P192_SP00023" HPOS="373" VPOS="412" WIDTH="26"/>
						<String ID="P192_ST00031" HPOS="399" VPOS="381" WIDTH="73" HEIGHT="31" CONTENT="easy" WC="0.85" CC="0050"/>
						<SP ID="P192_SP00024" HPOS="472" VPOS="412" WIDTH="25"/>
						<String ID="P192_ST00032" HPOS="497" VPOS="370" WIDTH="237" HEIGHT="37" CONTENT="achievements," WC="0.68" CC="0670060004573"/>
						<SP ID="P192_SP00025" HPOS="734" VPOS="412" WIDTH="28"/>
						<String ID="P192_ST00033" HPOS="762" VPOS="368" WIDTH="64" HEIGHT="32" CONTENT="and" WC="0.76" CC="070"/>
						<SP ID="P192_SP00026" HPOS="826" VPOS="412" WIDTH="26"/>
						<String ID="P192_ST00034" HPOS="852" VPOS="379" WIDTH="64" HEIGHT="20" CONTENT="was" WC="0.80" CC="005"/>
						<SP ID="P192_SP00027" HPOS="916" VPOS="412" WIDTH="26"/>
						<String ID="P192_ST00035" HPOS="942" VPOS="379" WIDTH="69" HEIGHT="30" CONTENT="per" SUBS_TYPE="HypPart1" SUBS_CONTENT="persuaded" WC="0.69" CC="0560"/>
						<HYP CONTENT="-"/>
					</TextLine>
					<TextLine ID="P192_TL00007" HPOS="182" VPOS="430" WIDTH="828" HEIGHT="43">
						<String ID="P192_ST00036" HPOS="182" VPOS="432" WIDTH="116" HEIGHT="31" CONTENT="suaded" SUBS_TYPE="HypPart2" SUBS_CONTENT="persuaded" WC="0.77" CC="760000"/>
						<SP ID="P192_SP00028" HPOS="298" VPOS="463" WIDTH="14"/>
						<String ID="P192_ST00037" HPOS="312" VPOS="433" WIDTH="76" HEIGHT="37" CONTENT="that," WC="0.59" CC="46043"/>
						<SP ID="P192_SP00029" HPOS="388" VPOS="470" WIDTH="17"/>
						<String ID="P192_ST00038" HPOS="405" VPOS="432" WIDTH="116" HEIGHT="31" CONTENT="thanks" WC="0.64" CC="170605"/>
						<SP ID="P192_SP00030" HPOS="521" VPOS="470" WIDTH="15"/>
						<String ID="P192_ST00039" HPOS="536" VPOS="437" WIDTH="33" HEIGHT="26" CONTENT="to" WC="0.67" CC="42"/>
						<SP ID="P192_SP00031" HPOS="569" VPOS="470" WIDTH="16"/>
						<String ID="P192_ST00040" HPOS="585" VPOS="432" WIDTH="54" HEIGHT="31" CONTENT="the" WC="0.55" CC="670"/>
						<SP ID="P192_SP00032" HPOS="639" VPOS="470" WIDTH="20"/>
						<String ID="P192_ST00041" HPOS="659" VPOS="431" WIDTH="118" HEIGHT="42" CONTENT="rivalry" WC="0.66" CC="6050380"/>
						<SP ID="P192_SP00033" HPOS="777" VPOS="473" WIDTH="15"/>
						<String ID="P192_ST00042" HPOS="792" VPOS="431" WIDTH="141" HEIGHT="31" CONTENT="betAveen" WC="0.68" CC="70600406"/>
						<SP ID="P192_SP00034" HPOS="933" VPOS="473" WIDTH="22"/>
						<String ID="P192_ST00043" HPOS="955" VPOS="430" WIDTH="55" HEIGHT="31" CONTENT="the" WC="0.64" CC="261"/>
					</TextLine>
					<TextLine ID="P192_TL00008" HPOS="181" VPOS="492" WIDTH="827" HEIGHT="41">
						<String ID="P192_ST00044" HPOS="181" VPOS="494" WIDTH="201" HEIGHT="32" CONTENT="Beauvoisins" WC="0.58" CC="60065134376"/>
						<SP ID="P192_SP00035" HPOS="382" VPOS="526" WIDTH="16"/>
						<String ID="P192_ST00045" HPOS="398" VPOS="495" WIDTH="63" HEIGHT="31" CONTENT="and" WC="0.75" CC="070"/>
						<SP ID="P192_SP00036" HPOS="461" VPOS="526" WIDTH="15"/>
						<String ID="P192_ST00046" HPOS="476" VPOS="495" WIDTH="180" HEIGHT="38" CONTENT="Viviennes," WC="0.66" CC="6040077060"/>
						<SP ID="P192_SP00037" HPOS="656" VPOS="533" WIDTH="18"/>
						<String ID="P192_ST00047" HPOS="674" VPOS="494" WIDTH="49" HEIGHT="39" CONTENT="he," WC="0.61" CC="704"/>
						<SP ID="P192_SP00038" HPOS="723" VPOS="533" WIDTH="17"/>
						<String ID="P192_ST00048" HPOS="740" VPOS="505" WIDTH="33" HEIGHT="19" CONTENT="as" WC="0.91" CC="01"/>
						<SP ID="P192_SP00039" HPOS="773" VPOS="533" WIDTH="15"/>
						<String ID="P192_ST00049" HPOS="788" VPOS="493" WIDTH="55" HEIGHT="31" CONTENT="the" WC="0.49" CC="770"/>
						<SP ID="P192_SP00040" HPOS="843" VPOS="533" WIDTH="21"/>
						<String ID="P192_ST00050" HPOS="864" VPOS="492" WIDTH="144" HEIGHT="31" CONTENT="acknow" SUBS_TYPE="HypPart1" SUBS_CONTENT="acknowledged" WC="0.67" CC="0007590"/>
						<HYP CONTENT="-"/>
					</TextLine>
					<TextLine ID="P192_TL00009" HPOS="180" VPOS="555" WIDTH="828" HEIGHT="44">
						<String ID="P192_ST00051" HPOS="180" VPOS="556" WIDTH="111" HEIGHT="43" CONTENT="ledged" SUBS_TYPE="HypPart2" SUBS_CONTENT="acknowledged" WC="0.89" CC="200210"/>
						<SP ID="P192_SP00041" HPOS="291" VPOS="599" WIDTH="29"/>
						<String ID="P192_ST00052" HPOS="320" VPOS="556" WIDTH="111" HEIGHT="31" CONTENT="official" WC="0.92" CC="10001003"/>
						<SP ID="P192_SP00042" HPOS="431" VPOS="599" WIDTH="31"/>
						<String ID="P192_ST00053" HPOS="462" VPOS="556" WIDTH="173" HEIGHT="38" CONTENT="candidate," WC="0.76" CC="0070007503"/>
						<SP ID="P192_SP00043" HPOS="635" VPOS="599" WIDTH="32"/>
						<String ID="P192_ST00054" HPOS="667" VPOS="556" WIDTH="112" HEIGHT="31" CONTENT="should" WC="0.62" CC="373700"/>
						<SP ID="P192_SP00044" HPOS="779" VPOS="599" WIDTH="37"/>
						<String ID="P192_ST00055" HPOS="816" VPOS="556" WIDTH="38" HEIGHT="30" CONTENT="be" WC="0.63" CC="70"/>
						<SP ID="P192_SP00045" HPOS="854" VPOS="599" WIDTH="35"/>
						<String ID="P192_ST00056" HPOS="889" VPOS="555" WIDTH="119" HEIGHT="31" CONTENT="elected" WC="0.79" CC="6000700"/>
					</TextLine>
					<TextLine ID="P192_TL00010" HPOS="180" VPOS="618" WIDTH="828" HEIGHT="43">
						<String ID="P192_ST00057" HPOS="180" VPOS="618" WIDTH="132" HEIGHT="31" CONTENT="Avithout" WC="0.59" CC="04157173"/>
						<SP ID="P192_SP00046" HPOS="312" VPOS="649" WIDTH="19"/>
						<String ID="P192_ST00058" HPOS="331" VPOS="630" WIDTH="62" HEIGHT="31" CONTENT="any" WC="0.78" CC="060"/>
						<SP ID="P192_SP00047" HPOS="393" VPOS="661" WIDTH="22"/>
						<String ID="P192_ST00059" HPOS="415" VPOS="619" WIDTH="121" HEIGHT="30" CONTENT="trouble" WC="0.79" CC="5302100"/>
						<SP ID="P192_SP00048" HPOS="536" VPOS="661" WIDTH="27"/>
						<String ID="P192_ST00060" HPOS="563" VPOS="630" WIDTH="33" HEIGHT="19" CONTENT="or" WC="0.98" CC="00"/>
						<SP ID="P192_SP00049" HPOS="596" VPOS="661" WIDTH="28"/>
						<String ID="P192_ST00061" HPOS="624" VPOS="618" WIDTH="236" HEIGHT="31" CONTENT="over-exertion." WC="0.83" CC="01000000224262"/>
						<SP ID="P192_SP00050" HPOS="860" VPOS="661" WIDTH="49"/>
						<String ID="P192_ST00062" HPOS="909" VPOS="618" WIDTH="99" HEIGHT="31" CONTENT="There" WC="0.66" CC="07053"/>
					</TextLine>
					<TextLine ID="P192_TL00011" HPOS="181" VPOS="680" WIDTH="826" HEIGHT="42">
						<String ID="P192_ST00063" HPOS="181" VPOS="692" WIDTH="62" HEIGHT="19" CONTENT="was" WC="0.78" CC="006"/>
						<SP ID="P192_SP00051" HPOS="243" VPOS="711" WIDTH="15"/>
						<String ID="P192_ST00064" HPOS="258" VPOS="692" WIDTH="40" HEIGHT="19" CONTENT="no" WC="0.35" CC="75"/>
						<SP ID="P192_SP00052" HPOS="298" VPOS="711" WIDTH="16"/>
						<String ID="P192_ST00065" HPOS="314" VPOS="681" WIDTH="93" HEIGHT="30" CONTENT="thirst" WC="0.54" CC="273264"/>
						<SP ID="P192_SP00053" HPOS="407" VPOS="711" WIDTH="15"/>
						<String ID="P192_ST00066" HPOS="422" VPOS="681" WIDTH="47" HEIGHT="30" CONTENT="for" WC="0.54" CC="453"/>
						<SP ID="P192_SP00054" HPOS="469" VPOS="711" WIDTH="16"/>
						<String ID="P192_ST00067" HPOS="485" VPOS="686" WIDTH="85" HEIGHT="36" CONTENT="sport" WC="0.63" CC="60533"/>
						<SP ID="P192_SP00055" HPOS="570" VPOS="722" WIDTH="15"/>
						<String ID="P192_ST00068" HPOS="585" VPOS="682" WIDTH="33" HEIGHT="29" CONTENT="in" WC="0.48" CC="36"/>
						<SP ID="P192_SP00056" HPOS="618" VPOS="722" WIDTH="15"/>
						<String ID="P192_ST00069" HPOS="633" VPOS="681" WIDTH="53" HEIGHT="30" CONTENT="the" WC="0.61" CC="470"/>
						<SP ID="P192_SP00057" HPOS="686" VPOS="722" WIDTH="16"/>
						<String ID="P192_ST00070" HPOS="702" VPOS="680" WIDTH="99" HEIGHT="31" CONTENT="man's" WC="0.71" CC="00616"/>
						<SP ID="P192_SP00058" HPOS="801" VPOS="722" WIDTH="15"/>
						<String ID="P192_ST00071" HPOS="816" VPOS="685" WIDTH="120" HEIGHT="32" CONTENT="nature," WC="0.60" CC="6342702"/>
						<SP ID="P192_SP00059" HPOS="936" VPOS="722" WIDTH="14"/>
						<String ID="P192_ST00072" HPOS="950" VPOS="684" WIDTH="57" HEIGHT="26" CONTENT="not" WC="0.50" CC="707"/>
					</TextLine>
					<TextLine ID="P192_TL00012" HPOS="179" VPOS="740" WIDTH="827" HEIGHT="44">
						<String ID="P192_ST00073" HPOS="179" VPOS="743" WIDTH="53" HEIGHT="30" CONTENT="the" WC="0.58" CC="272"/>
						<SP ID="P192_SP00060" HPOS="232" VPOS="773" WIDTH="19"/>
						<String ID="P192_ST00074" HPOS="251" VPOS="743" WIDTH="142" HEIGHT="41" CONTENT="slightest" WC="0.51" CC="650874056"/>
						<SP ID="P192_SP00061" HPOS="393" VPOS="784" WIDTH="18"/>
						<String ID="P192_ST00075" HPOS="411" VPOS="743" WIDTH="70" HEIGHT="30" CONTENT="love" WC="0.80" CC="0340"/>
						<SP ID="P192_SP00062" HPOS="481" VPOS="784" WIDTH="18"/>
						<String ID="P192_ST00076" HPOS="499" VPOS="742" WIDTH="34" HEIGHT="30" CONTENT="of" WC="0.52" CC="53"/>
						<SP ID="P192_SP00063" HPOS="533" VPOS="784" WIDTH="17"/>
						<String ID="P192_ST00077" HPOS="550" VPOS="742" WIDTH="66" HEIGHT="38" CONTENT="fun," WC="0.46" CC="4663"/>
						<SP ID="P192_SP00064" HPOS="616" VPOS="784" WIDTH="18"/>
						<String ID="P192_ST00078" HPOS="634" VPOS="742" WIDTH="62" HEIGHT="30" CONTENT="and" WC="0.79" CC="060"/>
						<SP ID="P192_SP00065" HPOS="696" VPOS="784" WIDTH="23"/>
						<String ID="P192_ST00079" HPOS="719" VPOS="742" WIDTH="26" HEIGHT="30" CONTENT="it" WC="0.70" CC="05"/>
						<SP ID="P192_SP00066" HPOS="745" VPOS="784" WIDTH="22"/>
						<String ID="P192_ST00080" HPOS="767" VPOS="741" WIDTH="119" HEIGHT="30" CONTENT="needed" WC="0.93" CC="400000"/>
						<SP ID="P192_SP00067" HPOS="886" VPOS="784" WIDTH="23"/>
						<String ID="P192_ST00081" HPOS="909" VPOS="740" WIDTH="58" HEIGHT="31" CONTENT="but" WC="0.48" CC="743"/>
						<SP ID="P192_SP00068" HPOS="967" VPOS="784" WIDTH="21"/>
						<String ID="P192_ST00082" HPOS="988" VPOS="752" WIDTH="18" HEIGHT="19" CONTENT="a" WC="1.00" CC="0"/>
					</TextLine>
					<TextLine ID="P192_TL00013" HPOS="178" VPOS="802" WIDTH="825" HEIGHT="42">
						<String ID="P192_ST00083" HPOS="178" VPOS="804" WIDTH="60" HEIGHT="30" CONTENT="few" WC="1.00" CC="000"/>
						<SP ID="P192_SP00069" HPOS="238" VPOS="834" WIDTH="14"/>
						<String ID="P192_ST00084" HPOS="252" VPOS="804" WIDTH="93" HEIGHT="30" CONTENT="hours" WC="0.53" CC="70644"/>
						<SP ID="P192_SP00070" HPOS="345" VPOS="834" WIDTH="22"/>
						<String ID="P192_ST00085" HPOS="367" VPOS="803" WIDTH="48" HEIGHT="31" CONTENT="for" WC="0.83" CC="031"/>
						<SP ID="P192_SP00071" HPOS="415" VPOS="834" WIDTH="20"/>
						<String ID="P192_ST00086" HPOS="435" VPOS="803" WIDTH="54" HEIGHT="31" CONTENT="the" WC="0.58" CC="470"/>
						<SP ID="P192_SP00072" HPOS="489" VPOS="834" WIDTH="20"/>
						<String ID="P192_ST00087" HPOS="509" VPOS="803" WIDTH="187" HEIGHT="41" CONTENT="sub-prefect" WC="0.71" CC="67700400005"/>
						<SP ID="P192_SP00073" HPOS="696" VPOS="844" WIDTH="21"/>
						<String ID="P192_ST00088" HPOS="717" VPOS="808" WIDTH="32" HEIGHT="25" CONTENT="to" WC="0.50" CC="54"/>
						<SP ID="P192_SP00074" HPOS="749" VPOS="844" WIDTH="15"/>
						<String ID="P192_ST00089" HPOS="764" VPOS="802" WIDTH="69" HEIGHT="31" CONTENT="find" WC="0.85" CC="0050"/>
						<SP ID="P192_SP00075" HPOS="833" VPOS="844" WIDTH="19"/>
						<String ID="P192_ST00090" HPOS="852" VPOS="803" WIDTH="65" HEIGHT="30" CONTENT="this" WC="0.74" CC="0702"/>
						<SP ID="P192_SP00076" HPOS="917" VPOS="844" WIDTH="22"/>
						<String ID="P192_ST00091" HPOS="939" VPOS="808" WIDTH="64" HEIGHT="25" CONTENT="out." WC="0.86" CC="0050"/>
					</TextLine>
					<TextLine ID="P192_TL00014" HPOS="179" VPOS="865" WIDTH="824" HEIGHT="41">
						<String ID="P192_ST00092" HPOS="179" VPOS="865" WIDTH="118" HEIGHT="30" CONTENT="Marius" WC="0.82" CC="000063"/>
						<SP ID="P192_SP00077" HPOS="297" VPOS="895" WIDTH="24"/>
						<String ID="P192_ST00093" HPOS="321" VPOS="865" WIDTH="123" HEIGHT="30" CONTENT="Daudel" WC="0.71" CC="607020"/>
						<SP ID="P192_SP00078" HPOS="444" VPOS="895" WIDTH="24"/>
						<String ID="P192_ST00094" HPOS="468" VPOS="876" WIDTH="62" HEIGHT="19" CONTENT="Avas" WC="0.86" CC="0005"/>
						<SP ID="P192_SP00079" HPOS="530" VPOS="895" WIDTH="28"/>
						<String ID="P192_ST00095" HPOS="558" VPOS="865" WIDTH="33" HEIGHT="30" CONTENT="of" WC="0.93" CC="10"/>
						<SP ID="P192_SP00080" HPOS="591" VPOS="895" WIDTH="22"/>
						<String ID="P192_ST00096" HPOS="613" VPOS="865" WIDTH="55" HEIGHT="30" CONTENT="the" WC="0.57" CC="570"/>
						<SP ID="P192_SP00081" HPOS="668" VPOS="895" WIDTH="23"/>
						<String ID="P192_ST00097" HPOS="691" VPOS="865" WIDTH="71" HEIGHT="30" CONTENT="lean" WC="0.82" CC="0007"/>
						<SP ID="P192_SP00082" HPOS="762" VPOS="895" WIDTH="31"/>
						<String ID="P192_ST00098" HPOS="793" VPOS="865" WIDTH="81" HEIGHT="37" CONTENT="kine," WC="0.83" CC="00403"/>
						<SP ID="P192_SP00083" HPOS="874" VPOS="902" WIDTH="26"/>
						<String ID="P192_ST00099" HPOS="900" VPOS="865" WIDTH="103" HEIGHT="41" CONTENT="sharp," WC="0.65" CC="670402"/>
					</TextLine>
					<TextLine ID="P192_TL00015" HPOS="177" VPOS="926" WIDTH="828" HEIGHT="42">
						<String ID="P192_ST00100" HPOS="177" VPOS="926" WIDTH="88" HEIGHT="38" CONTENT="keen," WC="0.78" CC="00073"/>
						<SP ID="P192_SP00084" HPOS="265" VPOS="964" WIDTH="17"/>
						<String ID="P192_ST00101" HPOS="282" VPOS="926" WIDTH="63" HEIGHT="31" CONTENT="and" WC="0.79" CC="060"/>
						<SP ID="P192_SP00085" HPOS="345" VPOS="964" WIDTH="16"/>
						<String ID="P192_ST00102" HPOS="361" VPOS="937" WIDTH="97" HEIGHT="31" CONTENT="eager," WC="0.79" CC="009003"/>
						<SP ID="P192_SP00086" HPOS="458" VPOS="968" WIDTH="18"/>
						<String ID="P192_ST00103" HPOS="476" VPOS="926" WIDTH="63" HEIGHT="31" CONTENT="and" WC="0.75" CC="070"/>
						<SP ID="P192_SP00087" HPOS="539" VPOS="968" WIDTH="15"/>
						<String ID="P192_ST00104" HPOS="554" VPOS="926" WIDTH="101" HEIGHT="31" CONTENT="worth" WC="0.67" CC="00447"/>
						<SP ID="P192_SP00088" HPOS="655" VPOS="968" WIDTH="15"/>
						<String ID="P192_ST00105" HPOS="670" VPOS="931" WIDTH="56" HEIGHT="26" CONTENT="ten" WC="0.62" CC="406"/>
						<SP ID="P192_SP00089" HPOS="726" VPOS="968" WIDTH="17"/>
						<String ID="P192_ST00106" HPOS="743" VPOS="926" WIDTH="34" HEIGHT="31" CONTENT="of" WC="0.69" CC="05"/>
						<SP ID="P192_SP00090" HPOS="777" VPOS="968" WIDTH="16"/>
						<String ID="P192_ST00107" HPOS="793" VPOS="926" WIDTH="212" HEIGHT="32" CONTENT="Mardonnet's" WC="0.68" CC="00202770436"/>
					</TextLine>
					<TextLine ID="P192_TL00016" HPOS="177" VPOS="988" WIDTH="828" HEIGHT="42">
						<String ID="P192_ST00108" HPOS="177" VPOS="988" WIDTH="122" HEIGHT="42" CONTENT="species," WC="0.71" CC="20055063"/>
						<SP ID="P192_SP00091" HPOS="299" VPOS="1030" WIDTH="18"/>
						<String ID="P192_ST00109" HPOS="317" VPOS="988" WIDTH="63" HEIGHT="31" CONTENT="and" WC="0.73" CC="070"/>
						<SP ID="P192_SP00092" HPOS="380" VPOS="1030" WIDTH="15"/>
						<String ID="P192_ST00110" HPOS="395" VPOS="992" WIDTH="33" HEIGHT="27" CONTENT="at" WC="0.76" CC="04"/>
						<SP ID="P192_SP00093" HPOS="428" VPOS="1030" WIDTH="14"/>
						<String ID="P192_ST00111" HPOS="442" VPOS="988" WIDTH="54" HEIGHT="31" CONTENT="the" WC="0.52" CC="670"/>
						<SP ID="P192_SP00094" HPOS="496" VPOS="1030" WIDTH="15"/>
						<String ID="P192_ST00112" HPOS="511" VPOS="999" WIDTH="77" HEIGHT="31" CONTENT="very" WC="0.87" CC="5000"/>
						<SP ID="P192_SP00095" HPOS="588" VPOS="1030" WIDTH="15"/>
						<String ID="P192_ST00113" HPOS="603" VPOS="992" WIDTH="102" HEIGHT="27" CONTENT="outset" WC="0.58" CC="066604"/>
						<SP ID="P192_SP00096" HPOS="705" VPOS="1030" WIDTH="15"/>
						<String ID="P192_ST00114" HPOS="720" VPOS="988" WIDTH="39" HEIGHT="31" CONTENT="he" WC="0.57" CC="71"/>
						<SP ID="P192_SP00097" HPOS="759" VPOS="1030" WIDTH="16"/>
						<String ID="P192_ST00115" HPOS="775" VPOS="989" WIDTH="165" HEIGHT="41" CONTENT="suspected" WC="0.73" CC="565000700"/>
						<SP ID="P192_SP00098" HPOS="940" VPOS="1030" WIDTH="15"/>
						<String ID="P192_ST00116" HPOS="955" VPOS="989" WIDTH="50" HEIGHT="31" CONTENT="his" WC="0.54" CC="706"/>
					</TextLine>
					<TextLine ID="P192_TL00017" HPOS="177" VPOS="1050" WIDTH="827" HEIGHT="33">
						<String ID="P192_ST00117" HPOS="177" VPOS="1050" WIDTH="101" HEIGHT="30" CONTENT="friend" WC="0.67" CC="066070"/>
						<SP ID="P192_SP00099" HPOS="278" VPOS="1080" WIDTH="18"/>
						<String ID="P192_ST00118" HPOS="296" VPOS="1050" WIDTH="104" HEIGHT="30" CONTENT="would" WC="0.83" CC="00610"/>
						<SP ID="P192_SP00100" HPOS="400" VPOS="1080" WIDTH="20"/>
						<String ID="P192_ST00119" HPOS="420" VPOS="1054" WIDTH="74" HEIGHT="26" CONTENT="turn" WC="0.35" CC="5667"/>
						<SP ID="P192_SP00101" HPOS="494" VPOS="1080" WIDTH="20"/>
						<String ID="P192_ST00120" HPOS="514" VPOS="1054" WIDTH="56" HEIGHT="26" CONTENT="out" WC="0.38" CC="476"/>
						<SP ID="P192_SP00102" HPOS="570" VPOS="1080" WIDTH="21"/>
						<String ID="P192_ST00121" HPOS="591" VPOS="1061" WIDTH="18" HEIGHT="19" CONTENT="a" WC="0.59" CC="4"/>
						<SP ID="P192_SP00103" HPOS="609" VPOS="1080" WIDTH="19"/>
						<String ID="P192_ST00122" HPOS="628" VPOS="1050" WIDTH="118" HEIGHT="31" CONTENT="failure." WC="0.90" CC="00005001"/>
						<SP ID="P192_SP00104" HPOS="746" VPOS="1081" WIDTH="53"/>
						<String ID="P192_ST00123" HPOS="799" VPOS="1051" WIDTH="63" HEIGHT="30" CONTENT="But" WC="0.34" CC="675"/>
						<SP ID="P192_SP00105" HPOS="862" VPOS="1081" WIDTH="18"/>
						<String ID="P192_ST00124" HPOS="880" VPOS="1051" WIDTH="39" HEIGHT="31" CONTENT="he" WC="0.60" CC="70"/>
						<SP ID="P192_SP00106" HPOS="919" VPOS="1082" WIDTH="21"/>
						<String ID="P192_ST00125" HPOS="940" VPOS="1063" WIDTH="64" HEIGHT="20" CONTENT="was" WC="0.76" CC="007"/>
					</TextLine>
					<TextLine ID="P192_TL00018" HPOS="177" VPOS="1110" WIDTH="827" HEIGHT="43">
						<String ID="P192_ST00126" HPOS="177" VPOS="1115" WIDTH="55" HEIGHT="26" CONTENT="not" WC="0.41" CC="727"/>
						<SP ID="P192_SP00107" HPOS="232" VPOS="1141" WIDTH="16"/>
						<String ID="P192_ST00127" HPOS="248" VPOS="1110" WIDTH="34" HEIGHT="31" CONTENT="of" WC="0.76" CC="40"/>
						<SP ID="P192_SP00108" HPOS="282" VPOS="1141" WIDTH="20"/>
						<String ID="P192_ST00128" HPOS="302" VPOS="1122" WIDTH="18" HEIGHT="19" CONTENT="a" WC="1.00" CC="0"/>
						<SP ID="P192_SP00109" HPOS="320" VPOS="1141" WIDTH="22"/>
						<String ID="P192_ST00129" HPOS="342" VPOS="1115" WIDTH="109" HEIGHT="26" CONTENT="nature" WC="0.60" CC="502734"/>
						<SP ID="P192_SP00110" HPOS="451" VPOS="1141" WIDTH="15"/>
						<String ID="P192_ST00130" HPOS="466" VPOS="1115" WIDTH="32" HEIGHT="26" CONTENT="to" WC="0.61" CC="70"/>
						<SP ID="P192_SP00111" HPOS="498" VPOS="1141" WIDTH="23"/>
						<String ID="P192_ST00131" HPOS="521" VPOS="1111" WIDTH="38" HEIGHT="30" CONTENT="be" WC="0.63" CC="70"/>
						<SP ID="P192_SP00112" HPOS="559" VPOS="1141" WIDTH="21"/>
						<String ID="P192_ST00132" HPOS="580" VPOS="1122" WIDTH="33" HEIGHT="19" CONTENT="so" WC="0.47" CC="64"/>
						<SP ID="P192_SP00113" HPOS="613" VPOS="1141" WIDTH="22"/>
						<String ID="P192_ST00133" HPOS="635" VPOS="1112" WIDTH="161" HEIGHT="41" CONTENT="promptly" WC="0.84" CC="06000500"/>
						<SP ID="P192_SP00114" HPOS="796" VPOS="1153" WIDTH="22"/>
						<String ID="P192_ST00134" HPOS="818" VPOS="1112" WIDTH="105" HEIGHT="38" CONTENT="foiled," WC="0.82" CC="3121003"/>
						<SP ID="P192_SP00115" HPOS="923" VPOS="1153" WIDTH="18"/>
						<String ID="P192_ST00135" HPOS="941" VPOS="1113" WIDTH="63" HEIGHT="31" CONTENT="and" WC="0.77" CC="060"/>
					</TextLine>
					<TextLine ID="P192_TL00019" HPOS="177" VPOS="1171" WIDTH="826" HEIGHT="45">
						<String ID="P192_ST00136" HPOS="177" VPOS="1172" WIDTH="38" HEIGHT="30" CONTENT="he" WC="0.63" CC="70"/>
						<SP ID="P192_SP00116" HPOS="215" VPOS="1202" WIDTH="30"/>
						<String ID="P192_ST00137" HPOS="245" VPOS="1171" WIDTH="139" HEIGHT="31" CONTENT="resolved" WC="0.77" CC="60420400"/>
						<SP ID="P192_SP00117" HPOS="384" VPOS="1202" WIDTH="24"/>
						<String ID="P192_ST00138" HPOS="408" VPOS="1176" WIDTH="33" HEIGHT="26" CONTENT="to" WC="0.46" CC="45"/>
						<SP ID="P192_SP00118" HPOS="441" VPOS="1202" WIDTH="31"/>
						<String ID="P192_ST00139" HPOS="472" VPOS="1182" WIDTH="88" HEIGHT="31" CONTENT="carry" WC="0.92" CC="00300"/>
						<SP ID="P192_SP00119" HPOS="560" VPOS="1213" WIDTH="24"/>
						<String ID="P192_ST00140" HPOS="584" VPOS="1172" WIDTH="48" HEIGHT="30" CONTENT="his" WC="0.43" CC="736"/>
						<SP ID="P192_SP00120" HPOS="632" VPOS="1213" WIDTH="31"/>
						<String ID="P192_ST00141" HPOS="663" VPOS="1173" WIDTH="165" HEIGHT="31" CONTENT="candidate" WC="0.83" CC="006020050"/>
						<SP ID="P192_SP00121" HPOS="828" VPOS="1213" WIDTH="30"/>
						<String ID="P192_ST00142" HPOS="858" VPOS="1174" WIDTH="145" HEIGHT="42" CONTENT="through," WC="0.59" CC="67005273"/>
					</TextLine>
					<TextLine ID="P192_TL00020" HPOS="178" VPOS="1232" WIDTH="825" HEIGHT="41">
						<String ID="P192_ST00143" HPOS="178" VPOS="1232" WIDTH="136" HEIGHT="30" CONTENT="whether" WC="0.65" CC="0705703"/>
						<SP ID="P192_SP00122" HPOS="314" VPOS="1262" WIDTH="15"/>
						<String ID="P192_ST00144" HPOS="329" VPOS="1232" WIDTH="52" HEIGHT="30" CONTENT="the" WC="0.57" CC="570"/>
						<SP ID="P192_SP00123" HPOS="381" VPOS="1262" WIDTH="15"/>
						<String ID="P192_ST00145" HPOS="396" VPOS="1232" WIDTH="93" HEIGHT="30" CONTENT="latter" WC="0.62" CC="005709"/>
						<SP ID="P192_SP00124" HPOS="489" VPOS="1262" WIDTH="14"/>
						<String ID="P192_ST00146" HPOS="503" VPOS="1232" WIDTH="113" HEIGHT="41" CONTENT="helped" WC="0.81" CC="703000"/>
						<SP ID="P192_SP00125" HPOS="616" VPOS="1273" WIDTH="15"/>
						<String ID="P192_ST00147" HPOS="631" VPOS="1233" WIDTH="67" HEIGHT="31" CONTENT="him" WC="0.69" CC="710"/>
						<SP ID="P192_SP00126" HPOS="698" VPOS="1273" WIDTH="16"/>
						<String ID="P192_ST00148" HPOS="714" VPOS="1245" WIDTH="34" HEIGHT="19" CONTENT="or" WC="0.69" CC="06"/>
						<SP ID="P192_SP00127" HPOS="748" VPOS="1273" WIDTH="22"/>
						<String ID="P192_ST00149" HPOS="770" VPOS="1240" WIDTH="64" HEIGHT="26" CONTENT="not." WC="0.64" CC="7070"/>
						<SP ID="P192_SP00128" HPOS="834" VPOS="1273" WIDTH="49"/>
						<String ID="P192_ST00150" HPOS="883" VPOS="1235" WIDTH="120" HEIGHT="32" CONTENT="Marius" WC="0.69" CC="300256"/>
					</TextLine>
					<TextLine ID="P192_TL00021" HPOS="177" VPOS="1293" WIDTH="824" HEIGHT="41">
						<String ID="P192_ST00151" HPOS="177" VPOS="1293" WIDTH="122" HEIGHT="30" CONTENT="Daudel" WC="0.89" CC="006000"/>
						<SP ID="P192_SP00129" HPOS="299" VPOS="1323" WIDTH="15"/>
						<String ID="P192_ST00152" HPOS="314" VPOS="1305" WIDTH="62" HEIGHT="19" CONTENT="Avas" WC="0.85" CC="0006"/>
						<SP ID="P192_SP00130" HPOS="376" VPOS="1324" WIDTH="16"/>
						<String ID="P192_ST00153" HPOS="392" VPOS="1298" WIDTH="55" HEIGHT="26" CONTENT="not" WC="0.56" CC="606"/>
						<SP ID="P192_SP00131" HPOS="447" VPOS="1324" WIDTH="16"/>
						<String ID="P192_ST00154" HPOS="463" VPOS="1294" WIDTH="143" HEIGHT="40" CONTENT="disposed" WC="0.88" CC="00200600"/>
						<SP ID="P192_SP00132" HPOS="606" VPOS="1334" WIDTH="14"/>
						<String ID="P192_ST00155" HPOS="620" VPOS="1300" WIDTH="33" HEIGHT="26" CONTENT="to" WC="0.62" CC="70"/>
						<SP ID="P192_SP00133" HPOS="653" VPOS="1334" WIDTH="16"/>
						<String ID="P192_ST00156" HPOS="669" VPOS="1296" WIDTH="80" HEIGHT="31" CONTENT="stick" WC="0.76" CC="56000"/>
						<SP ID="P192_SP00134" HPOS="749" VPOS="1334" WIDTH="16"/>
						<String ID="P192_ST00157" HPOS="765" VPOS="1301" WIDTH="34" HEIGHT="27" CONTENT="at" WC="0.58" CC="08"/>
						<SP ID="P192_SP00135" HPOS="799" VPOS="1334" WIDTH="21"/>
						<String ID="P192_ST00158" HPOS="820" VPOS="1296" WIDTH="97" HEIGHT="32" CONTENT="trifles" WC="0.62" CC="3046604"/>
						<SP ID="P192_SP00136" HPOS="917" VPOS="1334" WIDTH="15"/>
						<String ID="P192_ST00159" HPOS="932" VPOS="1310" WIDTH="7" HEIGHT="24" CONTENT=";" WC="0.37" CC="6"/>
						<SP ID="P192_SP00137" HPOS="939" VPOS="1334" WIDTH="23"/>
						<String ID="P192_ST00160" HPOS="962" VPOS="1297" WIDTH="39" HEIGHT="32" CONTENT="he" WC="0.63" CC="70"/>
					</TextLine>
					<TextLine ID="P192_TL00022" HPOS="177" VPOS="1355" WIDTH="824" HEIGHT="45">
						<String ID="P192_ST00161" HPOS="177" VPOS="1355" WIDTH="90" HEIGHT="30" CONTENT="kneAv" WC="0.86" CC="06000"/>
						<SP ID="P192_SP00138" HPOS="267" VPOS="1385" WIDTH="15"/>
						<String ID="P192_ST00162" HPOS="282" VPOS="1355" WIDTH="48" HEIGHT="30" CONTENT="his" WC="0.53" CC="706"/>
						<SP ID="P192_SP00139" HPOS="330" VPOS="1385" WIDTH="15"/>
						<String ID="P192_ST00163" HPOS="345" VPOS="1355" WIDTH="155" HEIGHT="41" CONTENT="colleague" WC="0.85" CC="040300050"/>
						<SP ID="P192_SP00140" HPOS="500" VPOS="1396" WIDTH="16"/>
						<String ID="P192_ST00164" HPOS="516" VPOS="1360" WIDTH="32" HEIGHT="26" CONTENT="at" WC="0.60" CC="07"/>
						<SP ID="P192_SP00141" HPOS="548" VPOS="1396" WIDTH="23"/>
						<String ID="P192_ST00165" HPOS="571" VPOS="1355" WIDTH="189" HEIGHT="33" CONTENT="Combeville" WC="0.76" CC="5007050104"/>
						<SP ID="P192_SP00142" HPOS="760" VPOS="1396" WIDTH="16"/>
						<String ID="P192_ST00166" HPOS="776" VPOS="1358" WIDTH="105" HEIGHT="31" CONTENT="Avould" WC="0.86" CC="000430"/>
						<SP ID="P192_SP00143" HPOS="881" VPOS="1396" WIDTH="22"/>
						<String ID="P192_ST00167" HPOS="903" VPOS="1370" WIDTH="40" HEIGHT="30" CONTENT="go" WC="1.00" CC="00"/>
						<SP ID="P192_SP00144" HPOS="943" VPOS="1400" WIDTH="17"/>
						<String ID="P192_ST00168" HPOS="960" VPOS="1359" WIDTH="41" HEIGHT="31" CONTENT="all" WC="0.67" CC="044"/>
					</TextLine>
					<TextLine ID="P192_TL00023" HPOS="177" VPOS="1416" WIDTH="823" HEIGHT="44">
						<String ID="P192_ST00169" HPOS="177" VPOS="1416" WIDTH="123" HEIGHT="41" CONTENT="lengths" WC="0.63" CC="2075071"/>
						<SP ID="P192_SP00145" HPOS="300" VPOS="1457" WIDTH="23"/>
						<String ID="P192_ST00170" HPOS="323" VPOS="1416" WIDTH="34" HEIGHT="30" CONTENT="in" WC="0.63" CC="07"/>
						<SP ID="P192_SP00146" HPOS="357" VPOS="1457" WIDTH="22"/>
						<String ID="P192_ST00171" HPOS="379" VPOS="1426" WIDTH="19" HEIGHT="20" CONTENT="a" WC="1.00" CC="0"/>
						<SP ID="P192_SP00147" HPOS="398" VPOS="1457" WIDTH="24"/>
						<String ID="P192_ST00172" HPOS="422" VPOS="1416" WIDTH="163" HEIGHT="42" CONTENT="campaign" WC="0.83" CC="08000004"/>
						<SP ID="P192_SP00148" HPOS="585" VPOS="1458" WIDTH="27"/>
						<String ID="P192_ST00173" HPOS="612" VPOS="1418" WIDTH="123" HEIGHT="41" CONTENT="against" WC="0.66" CC="0803065"/>
						<SP ID="P192_SP00149" HPOS="735" VPOS="1459" WIDTH="22"/>
						<String ID="P192_ST00174" HPOS="757" VPOS="1418" WIDTH="157" HEIGHT="42" CONTENT="Royalists" WC="0.72" CC="700000475"/>
						<SP ID="P192_SP00150" HPOS="914" VPOS="1460" WIDTH="23"/>
						<String ID="P192_ST00175" HPOS="937" VPOS="1420" WIDTH="63" HEIGHT="30" CONTENT="and" WC="0.81" CC="050"/>
					</TextLine>
					<TextLine ID="P192_TL00024" HPOS="176" VPOS="1477" WIDTH="822" HEIGHT="43">
						<String ID="P192_ST00176" HPOS="176" VPOS="1477" WIDTH="123" HEIGHT="37" CONTENT="Jesuits," WC="0.70" CC="00560623"/>
						<SP ID="P192_SP00151" HPOS="299" VPOS="1514" WIDTH="32"/>
						<String ID="P192_ST00177" HPOS="331" VPOS="1488" WIDTH="33" HEIGHT="19" CONTENT="as" WC="0.75" CC="04"/>
						<SP ID="P192_SP00152" HPOS="364" VPOS="1514" WIDTH="36"/>
						<String ID="P192_ST00178" HPOS="400" VPOS="1477" WIDTH="38" HEIGHT="30" CONTENT="he" WC="0.62" CC="70"/>
						<SP ID="P192_SP00153" HPOS="438" VPOS="1514" WIDTH="37"/>
						<String ID="P192_ST00179" HPOS="475" VPOS="1478" WIDTH="102" HEIGHT="40" CONTENT="styled" WC="0.81" CC="620010"/>
						<SP ID="P192_SP00154" HPOS="577" VPOS="1518" WIDTH="33"/>
						<String ID="P192_ST00180" HPOS="610" VPOS="1479" WIDTH="95" HEIGHT="37" CONTENT="them," WC="0.71" CC="27003"/>
						<SP ID="P192_SP00155" HPOS="705" VPOS="1518" WIDTH="31"/>
						<String ID="P192_ST00181" HPOS="736" VPOS="1480" WIDTH="63" HEIGHT="31" CONTENT="and" WC="0.77" CC="060"/>
						<SP ID="P192_SP00156" HPOS="799" VPOS="1518" WIDTH="37"/>
						<String ID="P192_ST00182" HPOS="836" VPOS="1480" WIDTH="162" HEIGHT="40" CONTENT="therefore," WC="0.66" CC="4646101503"/>
					</TextLine>
					<TextLine ID="P192_TL00025" HPOS="176" VPOS="1538" WIDTH="823" HEIGHT="44">
						<String ID="P192_ST00183" HPOS="176" VPOS="1538" WIDTH="121" HEIGHT="42" CONTENT="relying" WC="0.82" CC="5000240"/>
						<SP ID="P192_SP00157" HPOS="297" VPOS="1580" WIDTH="20"/>
						<String ID="P192_ST00184" HPOS="317" VPOS="1550" WIDTH="40" HEIGHT="19" CONTENT="on" WC="0.63" CC="07"/>
						<SP ID="P192_SP00158" HPOS="357" VPOS="1580" WIDTH="25"/>
						<String ID="P192_ST00185" HPOS="382" VPOS="1538" WIDTH="48" HEIGHT="31" CONTENT="his" WC="0.50" CC="707"/>
						<SP ID="P192_SP00159" HPOS="430" VPOS="1580" WIDTH="27"/>
						<String ID="P192_ST00186" HPOS="457" VPOS="1550" WIDTH="69" HEIGHT="19" CONTENT="own" WC="0.77" CC="006"/>
						<SP ID="P192_SP00160" HPOS="526" VPOS="1580" WIDTH="28"/>
						<String ID="P192_ST00187" HPOS="554" VPOS="1550" WIDTH="123" HEIGHT="32" CONTENT="energy," WC="0.63" CC="0704904"/>
						<SP ID="P192_SP00161" HPOS="677" VPOS="1582" WIDTH="23"/>
						<String ID="P192_ST00188" HPOS="700" VPOS="1541" WIDTH="62" HEIGHT="31" CONTENT="and" WC="0.75" CC="070"/>
						<SP ID="P192_SP00162" HPOS="762" VPOS="1582" WIDTH="27"/>
						<String ID="P192_ST00189" HPOS="789" VPOS="1543" WIDTH="151" HEIGHT="39" CONTENT="prepared" WC="0.93" CC="01000200"/>
						<SP ID="P192_SP00163" HPOS="940" VPOS="1582" WIDTH="26"/>
						<String ID="P192_ST00190" HPOS="966" VPOS="1547" WIDTH="33" HEIGHT="28" CONTENT="to" WC="0.72" CC="05"/>
					</TextLine>
				</TextBlock>
			</PrintSpace>
		</Page>
	</Layout>
</alto>
