<?xml version="1.0" encoding="UTF-8"?>
<alto xmlns:xsi="http://www.w3.org/2001/XMLSchema-instance" xsi:noNamespaceSchemaLocation="http://www.bl.uk/schemas/alto/alto-1-4.xsd" xmlns:xlink="http://www.w3.org/1999/xlink">
	<Description>
		<MeasurementUnit>mm10</MeasurementUnit>
		<sourceImageInformation>
			<fileName>//head1/IN/2007-46/A0010888503.2/009486.jp2</fileName>
		</sourceImageInformation>
		<OCRProcessing ID="OCRPROCESSING_1">
			<preProcessingStep>
				<processingSoftware>
					<softwareCreator>CCS Content Conversion Specialists GmbH, Germany</softwareCreator>
					<softwareName>CCS docWORKS</softwareName>
					<softwareVersion>6.1-0.61</softwareVersion>
				</processingSoftware>
			</preProcessingStep>
			<ocrProcessingStep>
				<processingSoftware>
					<softwareCreator>ABBYY (BIT Software), Russia</softwareCreator>
					<softwareName>Finereader</softwareName>
				</processingSoftware>
			</ocrProcessingStep>
		</OCRProcessing>
	</Description>
	<Styles>
		<TextStyle ID="TXT_0" FONTSIZE="11" FONTFAMILY="Courier New"/>
		<TextStyle ID="TXT_1" FONTSIZE="10" FONTFAMILY="Courier New"/>
		<ParagraphStyle ID="PAR_LEFT" ALIGN="Left"/>
		<ParagraphStyle ID="PAR_RIGHT" ALIGN="Right"/>
	</Styles>
	<Layout>
		<Page ID="P278" PHYSICAL_IMG_NR="278" HEIGHT="1747" WIDTH="1132" PRINTED_IMG_NR="268" POSITION="Left" ACCURACY="70.69">
			<TopMargin ID="P278_TM00001" HPOS="0" VPOS="0" WIDTH="1131" HEIGHT="135">
				<TextBlock ID="P278_TB00001" HPOS="188" VPOS="108" WIDTH="54" HEIGHT="25" STYLEREFS="TXT_0 PAR_LEFT">
					<TextLine ID="P278_TL00001" HPOS="188" VPOS="108" WIDTH="54" HEIGHT="25">
						<String ID="P278_ST00001" HPOS="188" VPOS="108" WIDTH="54" HEIGHT="25" CONTENT="268" WC="1.00" CC="000"/>
					</TextLine>
				</TextBlock>
				<TextBlock ID="P278_TB00002" HPOS="432" VPOS="109" WIDTH="354" HEIGHT="25" STYLEREFS="TXT_1 PAR_RIGHT">
					<TextLine ID="P278_TL00002" HPOS="433" VPOS="110" WIDTH="353" HEIGHT="24">
						<String ID="P278_ST00002" HPOS="433" VPOS="114" WIDTH="83" HEIGHT="20" CONTENT="LOVE" WC="0.66" CC="0065"/>
						<SP ID="P278_SP00001" HPOS="516" VPOS="134" WIDTH="22"/>
						<String ID="P278_ST00003" HPOS="538" VPOS="112" WIDTH="65" HEIGHT="22" CONTENT="THE" WC="0.49" CC="950"/>
						<SP ID="P278_SP00002" HPOS="603" VPOS="134" WIDTH="23"/>
						<String ID="P278_ST00004" HPOS="626" VPOS="110" WIDTH="160" HEIGHT="23" CONTENT="AVENGER." WC="0.60" CC="07305681"/>
					</TextLine>
				</TextBlock>
			</TopMargin>
			<LeftMargin ID="P278_LM00001" HPOS="0" VPOS="135" WIDTH="186" HEIGHT="1453"/>
			<RightMargin ID="P278_RM00001" HPOS="1026" VPOS="135" WIDTH="105" HEIGHT="1453"/>
			<BottomMargin ID="P278_BM00001" HPOS="0" VPOS="1588" WIDTH="1131" HEIGHT="158"/>
			<PrintSpace ID="P278_PS00001" HPOS="186" VPOS="135" WIDTH="840" HEIGHT="1453">
				<TextBlock ID="P278_TB00003" HPOS="187" VPOS="180" WIDTH="839" HEIGHT="720" STYLEREFS="TXT_1 PAR_LEFT">
					<TextLine ID="P278_TL00003" HPOS="191" VPOS="181" WIDTH="835" HEIGHT="52">
						<String ID="P278_ST00005" HPOS="191" VPOS="191" WIDTH="144" HEIGHT="42" CONTENT="opinion;" WC="0.63" CC="30260564"/>
						<SP ID="P278_SP00003" HPOS="335" VPOS="233" WIDTH="24"/>
						<String ID="P278_ST00006" HPOS="359" VPOS="193" WIDTH="25" HEIGHT="30" CONTENT="it" WC="0.36" CC="57"/>
						<SP ID="P278_SP00004" HPOS="384" VPOS="233" WIDTH="21"/>
						<String ID="P278_ST00007" HPOS="405" VPOS="203" WIDTH="64" HEIGHT="20" CONTENT="Avas" WC="0.96" CC="0001"/>
						<SP ID="P278_SP00005" HPOS="469" VPOS="233" WIDTH="23"/>
						<String ID="P278_ST00008" HPOS="492" VPOS="191" WIDTH="142" HEIGHT="42" CONTENT="pleasant" WC="0.87" CC="00002061"/>
						<SP ID="P278_SP00006" HPOS="634" VPOS="233" WIDTH="21"/>
						<String ID="P278_ST00009" HPOS="655" VPOS="186" WIDTH="127" HEIGHT="44" CONTENT="beyond" WC="0.67" CC="430460"/>
						<SP ID="P278_SP00007" HPOS="782" VPOS="233" WIDTH="25"/>
						<String ID="P278_ST00010" HPOS="807" VPOS="182" WIDTH="157" HEIGHT="44" CONTENT="anything" WC="0.65" CC="05037460"/>
						<SP ID="P278_SP00008" HPOS="964" VPOS="233" WIDTH="23"/>
						<String ID="P278_ST00011" HPOS="987" VPOS="181" WIDTH="39" HEIGHT="30" CONTENT="he" WC="0.63" CC="70"/>
					</TextLine>
					<TextLine ID="P278_TL00004" HPOS="189" VPOS="245" WIDTH="837" HEIGHT="51">
						<String ID="P278_ST00012" HPOS="189" VPOS="253" WIDTH="63" HEIGHT="32" CONTENT="had" WC="0.75" CC="700"/>
						<SP ID="P278_SP00009" HPOS="252" VPOS="285" WIDTH="16"/>
						<String ID="P278_ST00013" HPOS="268" VPOS="265" WIDTH="71" HEIGHT="20" CONTENT="eA^er" WC="0.70" CC="00806"/>
						<SP ID="P278_SP00010" HPOS="339" VPOS="285" WIDTH="20"/>
						<String ID="P278_ST00014" HPOS="359" VPOS="253" WIDTH="211" HEIGHT="43" CONTENT="experienced." WC="0.82" CC="600044060000"/>
						<SP ID="P278_SP00011" HPOS="570" VPOS="296" WIDTH="49"/>
						<String ID="P278_ST00015" HPOS="619" VPOS="253" WIDTH="64" HEIGHT="30" CONTENT="But" WC="0.54" CC="670"/>
						<SP ID="P278_SP00012" HPOS="683" VPOS="296" WIDTH="21"/>
						<String ID="P278_ST00016" HPOS="704" VPOS="251" WIDTH="25" HEIGHT="30" CONTENT="it" WC="0.51" CC="36"/>
						<SP ID="P278_SP00013" HPOS="729" VPOS="296" WIDTH="17"/>
						<String ID="P278_ST00017" HPOS="746" VPOS="259" WIDTH="64" HEIGHT="23" CONTENT="was" WC="1.00" CC="000"/>
						<SP ID="P278_SP00014" HPOS="810" VPOS="296" WIDTH="24"/>
						<String ID="P278_ST00018" HPOS="834" VPOS="259" WIDTH="80" HEIGHT="20" CONTENT="over." WC="0.87" CC="05010"/>
						<SP ID="P278_SP00015" HPOS="914" VPOS="296" WIDTH="50"/>
						<String ID="P278_ST00019" HPOS="964" VPOS="245" WIDTH="62" HEIGHT="31" CONTENT="For" WC="0.82" CC="500"/>
					</TextLine>
					<TextLine ID="P278_TL00005" HPOS="190" VPOS="312" WIDTH="834" HEIGHT="41">
						<String ID="P278_ST00020" HPOS="190" VPOS="327" WIDTH="72" HEIGHT="20" CONTENT="ever" WC="0.67" CC="0606"/>
						<SP ID="P278_SP00016" HPOS="262" VPOS="347" WIDTH="20"/>
						<String ID="P278_ST00021" HPOS="282" VPOS="328" WIDTH="79" HEIGHT="19" CONTENT="over." WC="0.60" CC="42470"/>
						<SP ID="P278_SP00017" HPOS="361" VPOS="347" WIDTH="49"/>
						<String ID="P278_ST00022" HPOS="410" VPOS="316" WIDTH="82" HEIGHT="31" CONTENT="Well" WC="1.00" CC="0000"/>
						<String ID="P278_ST00023" HPOS="505" VPOS="318" WIDTH="5" HEIGHT="29" CONTENT="!" WC="1.00" CC="0"/>
						<SP ID="P278_SP00018" HPOS="510" VPOS="347" WIDTH="26"/>
						<String ID="P278_ST00024" HPOS="536" VPOS="314" WIDTH="150" HEIGHT="39" CONTENT="Olivier's," WC="0.58" CC="6080306384"/>
						<SP ID="P278_SP00019" HPOS="686" VPOS="353" WIDTH="19"/>
						<String ID="P278_ST00025" HPOS="705" VPOS="312" WIDTH="103" HEIGHT="32" CONTENT="Avhich" WC="0.67" CC="007407"/>
						<SP ID="P278_SP00020" HPOS="808" VPOS="353" WIDTH="20"/>
						<String ID="P278_ST00026" HPOS="828" VPOS="320" WIDTH="64" HEIGHT="22" CONTENT="was" WC="1.00" CC="000"/>
						<SP ID="P278_SP00021" HPOS="892" VPOS="353" WIDTH="22"/>
						<String ID="P278_ST00027" HPOS="914" VPOS="320" WIDTH="17" HEIGHT="20" CONTENT="a" WC="1.00" CC="0"/>
						<SP ID="P278_SP00022" HPOS="931" VPOS="353" WIDTH="15"/>
						<String ID="P278_ST00028" HPOS="946" VPOS="319" WIDTH="78" HEIGHT="30" CONTENT="very" WC="0.74" CC="7030"/>
					</TextLine>
					<TextLine ID="P278_TL00006" HPOS="189" VPOS="370" WIDTH="835" HEIGHT="50">
						<String ID="P278_ST00029" HPOS="189" VPOS="378" WIDTH="147" HEIGHT="42" CONTENT="ordinary" WC="0.85" CC="05004010"/>
						<SP ID="P278_SP00023" HPOS="336" VPOS="420" WIDTH="30"/>
						<String ID="P278_ST00030" HPOS="366" VPOS="383" WIDTH="120" HEIGHT="33" CONTENT="nature," WC="0.68" CC="4046303"/>
						<SP ID="P278_SP00024" HPOS="486" VPOS="420" WIDTH="30"/>
						<String ID="P278_ST00031" HPOS="516" VPOS="380" WIDTH="85" HEIGHT="40" CONTENT='"got' WC="0.64" CC="4035"/>
						<SP ID="P278_SP00025" HPOS="601" VPOS="420" WIDTH="29"/>
						<String ID="P278_ST00032" HPOS="630" VPOS="377" WIDTH="54" HEIGHT="31" CONTENT="the" WC="0.54" CC="076"/>
						<SP ID="P278_SP00026" HPOS="684" VPOS="420" WIDTH="31"/>
						<String ID="P278_ST00033" HPOS="715" VPOS="373" WIDTH="130" HEIGHT="39" CONTENT='better,"' WC="0.70" CC="70401530"/>
						<SP ID="P278_SP00027" HPOS="845" VPOS="420" WIDTH="32"/>
						<String ID="P278_ST00034" HPOS="877" VPOS="384" WIDTH="33" HEIGHT="19" CONTENT="as" WC="0.67" CC="06"/>
						<SP ID="P278_SP00028" HPOS="910" VPOS="420" WIDTH="31"/>
						<String ID="P278_ST00035" HPOS="941" VPOS="371" WIDTH="25" HEIGHT="31" CONTENT="it" WC="0.46" CC="36"/>
						<SP ID="P278_SP00029" HPOS="966" VPOS="420" WIDTH="32"/>
						<String ID="P278_ST00036" HPOS="998" VPOS="370" WIDTH="26" HEIGHT="31" CONTENT="is" WC="0.63" CC="07"/>
					</TextLine>
					<TextLine ID="P278_TL00007" HPOS="190" VPOS="432" WIDTH="833" HEIGHT="50">
						<String ID="P278_ST00037" HPOS="190" VPOS="440" WIDTH="97" HEIGHT="30" CONTENT="called" WC="0.96" CC="002000"/>
						<SP ID="P278_SP00030" HPOS="287" VPOS="470" WIDTH="24"/>
						<String ID="P278_ST00038" HPOS="311" VPOS="440" WIDTH="132" HEIGHT="42" CONTENT="(though" WC="0.45" CC="3671657"/>
						<SP ID="P278_SP00031" HPOS="443" VPOS="482" WIDTH="26"/>
						<String ID="P278_ST00039" HPOS="469" VPOS="440" WIDTH="54" HEIGHT="31" CONTENT="the" WC="0.67" CC="270"/>
						<SP ID="P278_SP00032" HPOS="523" VPOS="482" WIDTH="21"/>
						<String ID="P278_ST00040" HPOS="544" VPOS="444" WIDTH="86" HEIGHT="26" CONTENT="truer" WC="0.41" CC="65762"/>
						<SP ID="P278_SP00033" HPOS="630" VPOS="482" WIDTH="21"/>
						<String ID="P278_ST00041" HPOS="651" VPOS="437" WIDTH="177" HEIGHT="43" CONTENT="expression" WC="0.72" CC="2007066202"/>
						<SP ID="P278_SP00034" HPOS="828" VPOS="482" WIDTH="24"/>
						<String ID="P278_ST00042" HPOS="852" VPOS="433" WIDTH="106" HEIGHT="32" CONTENT="would" WC="0.63" CC="90510"/>
						<SP ID="P278_SP00035" HPOS="958" VPOS="482" WIDTH="26"/>
						<String ID="P278_ST00043" HPOS="984" VPOS="432" WIDTH="39" HEIGHT="32" CONTENT="be" WC="0.42" CC="74"/>
					</TextLine>
					<TextLine ID="P278_TL00008" HPOS="192" VPOS="496" WIDTH="830" HEIGHT="47">
						<String ID="P278_ST00044" HPOS="192" VPOS="503" WIDTH="82" HEIGHT="40" CONTENT='"got' WC="0.61" CC="4450"/>
						<SP ID="P278_SP00036" HPOS="274" VPOS="543" WIDTH="36"/>
						<String ID="P278_ST00045" HPOS="310" VPOS="502" WIDTH="53" HEIGHT="30" CONTENT="the" WC="0.57" CC="371"/>
						<SP ID="P278_SP00037" HPOS="363" VPOS="543" WIDTH="31"/>
						<String ID="P278_ST00046" HPOS="394" VPOS="501" WIDTH="146" HEIGHT="41" CONTENT='AA-orse"),' WC="0.59" CC="0980660323"/>
						<SP ID="P278_SP00038" HPOS="540" VPOS="543" WIDTH="31"/>
						<String ID="P278_ST00047" HPOS="571" VPOS="501" WIDTH="35" HEIGHT="30" CONTENT="of" WC="0.68" CC="60"/>
						<SP ID="P278_SP00039" HPOS="606" VPOS="543" WIDTH="35"/>
						<String ID="P278_ST00048" HPOS="641" VPOS="500" WIDTH="41" HEIGHT="30" CONTENT="all" WC="0.91" CC="002"/>
						<SP ID="P278_SP00040" HPOS="682" VPOS="543" WIDTH="37"/>
						<String ID="P278_ST00049" HPOS="719" VPOS="499" WIDTH="72" HEIGHT="37" CONTENT="this," WC="0.38" CC="57664"/>
						<SP ID="P278_SP00041" HPOS="791" VPOS="543" WIDTH="35"/>
						<String ID="P278_ST00050" HPOS="826" VPOS="496" WIDTH="63" HEIGHT="32" CONTENT="and" WC="0.71" CC="080"/>
						<SP ID="P278_SP00042" HPOS="889" VPOS="543" WIDTH="31"/>
						<String ID="P278_ST00051" HPOS="920" VPOS="496" WIDTH="102" HEIGHT="36" CONTENT="when," WC="0.76" CC="07012"/>
					</TextLine>
					<TextLine ID="P278_TL00009" HPOS="189" VPOS="557" WIDTH="837" HEIGHT="49">
						<String ID="P278_ST00052" HPOS="189" VPOS="564" WIDTH="118" HEIGHT="42" CONTENT="having" WC="0.67" CC="700560"/>
						<SP ID="P278_SP00043" HPOS="307" VPOS="606" WIDTH="36"/>
						<String ID="P278_ST00053" HPOS="343" VPOS="563" WIDTH="131" HEIGHT="32" CONTENT="decided" WC="0.98" CC="0100000"/>
						<SP ID="P278_SP00044" HPOS="474" VPOS="606" WIDTH="38"/>
						<String ID="P278_ST00054" HPOS="512" VPOS="568" WIDTH="32" HEIGHT="26" CONTENT="to" WC="0.69" CC="60"/>
						<SP ID="P278_SP00045" HPOS="544" VPOS="606" WIDTH="38"/>
						<String ID="P278_ST00055" HPOS="582" VPOS="568" WIDTH="52" HEIGHT="36" CONTENT="try" WC="0.63" CC="640"/>
						<SP ID="P278_SP00046" HPOS="634" VPOS="606" WIDTH="30"/>
						<String ID="P278_ST00056" HPOS="664" VPOS="562" WIDTH="54" HEIGHT="30" CONTENT="the" WC="0.59" CC="470"/>
						<SP ID="P278_SP00047" HPOS="718" VPOS="606" WIDTH="39"/>
						<String ID="P278_ST00057" HPOS="757" VPOS="559" WIDTH="201" HEIGHT="32" CONTENT="distractions" WC="0.75" CC="006420013065"/>
						<SP ID="P278_SP00048" HPOS="958" VPOS="606" WIDTH="35"/>
						<String ID="P278_ST00058" HPOS="993" VPOS="557" WIDTH="33" HEIGHT="31" CONTENT="of" WC="0.96" CC="00"/>
					</TextLine>
					<TextLine ID="P278_TL00010" HPOS="190" VPOS="620" WIDTH="833" HEIGHT="47">
						<String ID="P278_ST00059" HPOS="190" VPOS="625" WIDTH="135" HEIGHT="31" CONTENT="German" WC="0.74" CC="601007"/>
						<SP ID="P278_SP00049" HPOS="325" VPOS="656" WIDTH="20"/>
						<String ID="P278_ST00060" HPOS="345" VPOS="624" WIDTH="277" HEIGHT="43" CONTENT="watering-places," WC="0.69" CC="0053307940500072"/>
						<SP ID="P278_SP00050" HPOS="622" VPOS="667" WIDTH="21"/>
						<String ID="P278_ST00061" HPOS="643" VPOS="623" WIDTH="38" HEIGHT="31" CONTENT="he" WC="0.51" CC="72"/>
						<SP ID="P278_SP00051" HPOS="681" VPOS="667" WIDTH="21"/>
						<String ID="P278_ST00062" HPOS="702" VPOS="622" WIDTH="100" HEIGHT="31" CONTENT="found" WC="0.63" CC="65600"/>
						<SP ID="P278_SP00052" HPOS="802" VPOS="667" WIDTH="21"/>
						<String ID="P278_ST00063" HPOS="823" VPOS="621" WIDTH="54" HEIGHT="31" CONTENT="the" WC="0.58" CC="570"/>
						<SP ID="P278_SP00053" HPOS="877" VPOS="667" WIDTH="23"/>
						<String ID="P278_ST00064" HPOS="900" VPOS="620" WIDTH="123" HEIGHT="42" CONTENT="Sphinx" WC="0.49" CC="707770"/>
					</TextLine>
					<TextLine ID="P278_TL00011" HPOS="190" VPOS="681" WIDTH="834" HEIGHT="42">
						<String ID="P278_ST00065" HPOS="190" VPOS="687" WIDTH="33" HEIGHT="30" CONTENT="in" WC="0.63" CC="07"/>
						<SP ID="P278_SP00054" HPOS="223" VPOS="717" WIDTH="26"/>
						<String ID="P278_ST00066" HPOS="249" VPOS="687" WIDTH="53" HEIGHT="30" CONTENT="the" WC="0.39" CC="575"/>
						<SP ID="P278_SP00055" HPOS="302" VPOS="717" WIDTH="25"/>
						<String ID="P278_ST00067" HPOS="327" VPOS="698" WIDTH="83" HEIGHT="19" CONTENT="same" WC="0.69" CC="6006"/>
						<SP ID="P278_SP00056" HPOS="410" VPOS="717" WIDTH="31"/>
						<String ID="P278_ST00068" HPOS="441" VPOS="691" WIDTH="86" HEIGHT="26" CONTENT="toAvn" WC="0.71" CC="61006"/>
						<SP ID="P278_SP00057" HPOS="527" VPOS="717" WIDTH="30"/>
						<String ID="P278_ST00069" HPOS="557" VPOS="684" WIDTH="78" HEIGHT="33" CONTENT="with" WC="0.90" CC="0030"/>
						<SP ID="P278_SP00058" HPOS="635" VPOS="717" WIDTH="31"/>
						<String ID="P278_ST00070" HPOS="666" VPOS="683" WIDTH="134" HEIGHT="38" CONTENT="himself," WC="0.77" CC="70050103"/>
						<SP ID="P278_SP00059" HPOS="800" VPOS="721" WIDTH="31"/>
						<String ID="P278_ST00071" HPOS="831" VPOS="683" WIDTH="40" HEIGHT="30" CONTENT="he" WC="0.30" CC="76"/>
						<SP ID="P278_SP00060" HPOS="871" VPOS="721" WIDTH="32"/>
						<String ID="P278_ST00072" HPOS="903" VPOS="681" WIDTH="121" HEIGHT="42" CONTENT="quietly" WC="0.77" CC="0800610"/>
					</TextLine>
					<TextLine ID="P278_TL00012" HPOS="189" VPOS="745" WIDTH="835" HEIGHT="42">
						<String ID="P278_ST00073" HPOS="189" VPOS="748" WIDTH="141" HEIGHT="30" CONTENT="reverted" WC="0.82" CC="00302260"/>
						<SP ID="P278_SP00061" HPOS="330" VPOS="778" WIDTH="24"/>
						<String ID="P278_ST00074" HPOS="354" VPOS="753" WIDTH="33" HEIGHT="25" CONTENT="to" WC="0.57" CC="62"/>
						<SP ID="P278_SP00062" HPOS="387" VPOS="778" WIDTH="19"/>
						<String ID="P278_ST00075" HPOS="406" VPOS="748" WIDTH="53" HEIGHT="30" CONTENT="the" WC="0.72" CC="170"/>
						<SP ID="P278_SP00063" HPOS="459" VPOS="778" WIDTH="25"/>
						<String ID="P278_ST00076" HPOS="484" VPOS="747" WIDTH="103" HEIGHT="31" CONTENT="habits" WC="0.60" CC="704065"/>
						<SP ID="P278_SP00064" HPOS="587" VPOS="778" WIDTH="23"/>
						<String ID="P278_ST00077" HPOS="610" VPOS="746" WIDTH="39" HEIGHT="31" CONTENT="he" WC="0.40" CC="74"/>
						<SP ID="P278_SP00065" HPOS="649" VPOS="778" WIDTH="25"/>
						<String ID="P278_ST00078" HPOS="674" VPOS="746" WIDTH="63" HEIGHT="31" CONTENT="had" WC="0.75" CC="700"/>
						<SP ID="P278_SP00066" HPOS="737" VPOS="778" WIDTH="21"/>
						<String ID="P278_ST00079" HPOS="758" VPOS="745" WIDTH="186" HEIGHT="42" CONTENT="suspended," WC="0.64" CC="6860360003"/>
						<SP ID="P278_SP00067" HPOS="944" VPOS="787" WIDTH="23"/>
						<String ID="P278_ST00080" HPOS="967" VPOS="749" WIDTH="57" HEIGHT="26" CONTENT="not" WC="0.43" CC="727"/>
					</TextLine>
					<TextLine ID="P278_TL00013" HPOS="188" VPOS="806" WIDTH="834" HEIGHT="44">
						<String ID="P278_ST00081" HPOS="188" VPOS="810" WIDTH="116" HEIGHT="30" CONTENT="broken" WC="0.56" CC="564207"/>
						<SP ID="P278_SP00068" HPOS="304" VPOS="840" WIDTH="16"/>
						<String ID="P278_ST00082" HPOS="320" VPOS="810" WIDTH="50" HEIGHT="37" CONTENT="off," WC="0.84" CC="3003"/>
						<SP ID="P278_SP00069" HPOS="370" VPOS="847" WIDTH="17"/>
						<String ID="P278_ST00083" HPOS="387" VPOS="809" WIDTH="63" HEIGHT="30" CONTENT="and" WC="0.73" CC="080"/>
						<SP ID="P278_SP00070" HPOS="450" VPOS="847" WIDTH="24"/>
						<String ID="P278_ST00084" HPOS="474" VPOS="808" WIDTH="156" HEIGHT="42" CONTENT="managed" WC="0.84" CC="0060030"/>
						<SP ID="P278_SP00071" HPOS="630" VPOS="850" WIDTH="14"/>
						<String ID="P278_ST00085" HPOS="644" VPOS="812" WIDTH="33" HEIGHT="27" CONTENT="to" WC="1.00" CC="00"/>
						<SP ID="P278_SP00072" HPOS="677" VPOS="850" WIDTH="16"/>
						<String ID="P278_ST00086" HPOS="693" VPOS="818" WIDTH="71" HEIGHT="31" CONTENT="pass" WC="0.67" CC="0066"/>
						<SP ID="P278_SP00073" HPOS="764" VPOS="850" WIDTH="20"/>
						<String ID="P278_ST00087" HPOS="784" VPOS="806" WIDTH="50" HEIGHT="31" CONTENT="his" WC="0.58" CC="704"/>
						<SP ID="P278_SP00074" HPOS="834" VPOS="850" WIDTH="15"/>
						<String ID="P278_ST00088" HPOS="849" VPOS="806" WIDTH="79" HEIGHT="32" CONTENT="time" WC="0.90" CC="3000"/>
						<SP ID="P278_SP00075" HPOS="928" VPOS="850" WIDTH="22"/>
						<String ID="P278_ST00089" HPOS="950" VPOS="806" WIDTH="33" HEIGHT="30" CONTENT="in" WC="0.89" CC="02"/>
						<SP ID="P278_SP00076" HPOS="983" VPOS="850" WIDTH="22"/>
						<String ID="P278_ST00090" HPOS="1005" VPOS="817" WIDTH="17" HEIGHT="19" CONTENT="a" WC="1.00" CC="0"/>
					</TextLine>
					<TextLine ID="P278_TL00014" HPOS="188" VPOS="868" WIDTH="664" HEIGHT="32">
						<String ID="P278_ST00091" HPOS="188" VPOS="875" WIDTH="64" HEIGHT="25" CONTENT="sort" WC="0.66" CC="7022"/>
						<SP ID="P278_SP00077" HPOS="252" VPOS="900" WIDTH="15"/>
						<String ID="P278_ST00092" HPOS="267" VPOS="871" WIDTH="35" HEIGHT="29" CONTENT="of" WC="0.69" CC="41"/>
						<SP ID="P278_SP00078" HPOS="302" VPOS="900" WIDTH="13"/>
						<String ID="P278_ST00093" HPOS="315" VPOS="871" WIDTH="155" HEIGHT="29" CONTENT="imitation" WC="0.77" CC="004004036"/>
						<SP ID="P278_SP00079" HPOS="470" VPOS="900" WIDTH="18"/>
						<String ID="P278_ST00094" HPOS="488" VPOS="873" WIDTH="16" HEIGHT="12" CONTENT='"' WC="0.55" CC="4"/>
						<SP ID="P278_SP00080" HPOS="504" VPOS="900" WIDTH="12"/>
						<String ID="P278_ST00095" HPOS="516" VPOS="870" WIDTH="87" HEIGHT="30" CONTENT="affair" WC="0.86" CC="000008"/>
						<SP ID="P278_SP00081" HPOS="603" VPOS="900" WIDTH="17"/>
						<String ID="P278_ST00096" HPOS="620" VPOS="870" WIDTH="33" HEIGHT="30" CONTENT="of" WC="0.85" CC="20"/>
						<SP ID="P278_SP00082" HPOS="653" VPOS="900" WIDTH="13"/>
						<String ID="P278_ST00097" HPOS="666" VPOS="870" WIDTH="53" HEIGHT="30" CONTENT="the" WC="0.75" CC="070"/>
						<SP ID="P278_SP00083" HPOS="719" VPOS="900" WIDTH="16"/>
						<String ID="P278_ST00098" HPOS="735" VPOS="868" WIDTH="117" HEIGHT="31" CONTENT='heart."' WC="0.75" CC="7402200"/>
					</TextLine>
				</TextBlock>
				<TextBlock ID="P278_TB00004" HPOS="186" VPOS="928" WIDTH="835" HEIGHT="660" STYLEREFS="TXT_1 PAR_LEFT">
					<TextLine ID="P278_TL00015" HPOS="232" VPOS="929" WIDTH="789" HEIGHT="33">
						<String ID="P278_ST00099" HPOS="232" VPOS="931" WIDTH="63" HEIGHT="31" CONTENT="But" WC="0.33" CC="766"/>
						<SP ID="P278_SP00084" HPOS="295" VPOS="962" WIDTH="21"/>
						<String ID="P278_ST00100" HPOS="316" VPOS="932" WIDTH="92" HEIGHT="30" CONTENT="Avhen" WC="0.50" CC="09707"/>
						<SP ID="P278_SP00085" HPOS="408" VPOS="962" WIDTH="23"/>
						<String ID="P278_ST00101" HPOS="431" VPOS="932" WIDTH="38" HEIGHT="30" CONTENT="he" WC="0.63" CC="70"/>
						<SP ID="P278_SP00086" HPOS="469" VPOS="962" WIDTH="24"/>
						<String ID="P278_ST00102" HPOS="493" VPOS="943" WIDTH="86" HEIGHT="19" CONTENT="came" WC="1.00" CC="0000"/>
						<SP ID="P278_SP00087" HPOS="579" VPOS="962" WIDTH="21"/>
						<String ID="P278_ST00103" HPOS="600" VPOS="931" WIDTH="79" HEIGHT="31" CONTENT="back" WC="0.63" CC="7070"/>
						<SP ID="P278_SP00088" HPOS="679" VPOS="962" WIDTH="19"/>
						<String ID="P278_ST00104" HPOS="698" VPOS="931" WIDTH="64" HEIGHT="30" CONTENT="and" WC="0.75" CC="070"/>
						<SP ID="P278_SP00089" HPOS="762" VPOS="962" WIDTH="19"/>
						<String ID="P278_ST00105" HPOS="781" VPOS="942" WIDTH="64" HEIGHT="19" CONTENT="saAv" WC="0.86" CC="5000"/>
						<SP ID="P278_SP00090" HPOS="845" VPOS="962" WIDTH="24"/>
						<String ID="P278_ST00106" HPOS="869" VPOS="930" WIDTH="100" HEIGHT="31" CONTENT="Claire" WC="0.79" CC="650000"/>
						<SP ID="P278_SP00091" HPOS="969" VPOS="962" WIDTH="19"/>
						<String ID="P278_ST00107" HPOS="988" VPOS="929" WIDTH="33" HEIGHT="31" CONTENT="in" WC="0.32" CC="67"/>
					</TextLine>
					<TextLine ID="P278_TL00016" HPOS="187" VPOS="991" WIDTH="834" HEIGHT="44">
						<String ID="P278_ST00108" HPOS="187" VPOS="993" WIDTH="54" HEIGHT="31" CONTENT="the" WC="0.47" CC="474"/>
						<SP ID="P278_SP00092" HPOS="241" VPOS="1024" WIDTH="30"/>
						<String ID="P278_ST00109" HPOS="271" VPOS="1004" WIDTH="69" HEIGHT="20" CONTENT="new" WC="0.60" CC="650"/>
						<SP ID="P278_SP00093" HPOS="340" VPOS="1024" WIDTH="37"/>
						<String ID="P278_ST00110" HPOS="377" VPOS="993" WIDTH="95" HEIGHT="42" CONTENT="phase" WC="0.80" CC="07020"/>
						<SP ID="P278_SP00094" HPOS="472" VPOS="1035" WIDTH="31"/>
						<String ID="P278_ST00111" HPOS="503" VPOS="993" WIDTH="34" HEIGHT="31" CONTENT="of" WC="1.00" CC="00"/>
						<SP ID="P278_SP00095" HPOS="537" VPOS="1035" WIDTH="34"/>
						<String ID="P278_ST00112" HPOS="571" VPOS="993" WIDTH="56" HEIGHT="31" CONTENT="her" WC="0.75" CC="700"/>
						<SP ID="P278_SP00096" HPOS="627" VPOS="1035" WIDTH="30"/>
						<String ID="P278_ST00113" HPOS="657" VPOS="993" WIDTH="126" HEIGHT="41" CONTENT="beauty," WC="0.59" CC="7107703"/>
						<SP ID="P278_SP00097" HPOS="783" VPOS="1035" WIDTH="33"/>
						<String ID="P278_ST00114" HPOS="816" VPOS="993" WIDTH="26" HEIGHT="29" CONTENT="it" WC="0.71" CC="05"/>
						<SP ID="P278_SP00098" HPOS="842" VPOS="1035" WIDTH="31"/>
						<String ID="P278_ST00115" HPOS="873" VPOS="1003" WIDTH="64" HEIGHT="19" CONTENT="was" WC="0.77" CC="006"/>
						<SP ID="P278_SP00099" HPOS="937" VPOS="1035" WIDTH="29"/>
						<String ID="P278_ST00116" HPOS="966" VPOS="991" WIDTH="55" HEIGHT="30" CONTENT="her" WC="0.65" CC="702"/>
					</TextLine>
					<TextLine ID="P278_TL00017" HPOS="187" VPOS="1054" WIDTH="834" HEIGHT="43">
						<String ID="P278_ST00117" HPOS="187" VPOS="1055" WIDTH="117" HEIGHT="42" CONTENT="beauty" WC="0.65" CC="700760"/>
						<SP ID="P278_SP00100" HPOS="304" VPOS="1097" WIDTH="27"/>
						<String ID="P278_ST00118" HPOS="331" VPOS="1056" WIDTH="76" HEIGHT="41" CONTENT="only" WC="0.74" CC="0630"/>
						<SP ID="P278_SP00101" HPOS="407" VPOS="1097" WIDTH="24"/>
						<String ID="P278_ST00119" HPOS="431" VPOS="1056" WIDTH="71" HEIGHT="31" CONTENT="that" WC="0.53" CC="6605"/>
						<SP ID="P278_SP00102" HPOS="502" VPOS="1097" WIDTH="30"/>
						<String ID="P278_ST00120" HPOS="532" VPOS="1055" WIDTH="106" HEIGHT="31" CONTENT="struck" WC="0.50" CC="644670"/>
						<SP ID="P278_SP00103" HPOS="638" VPOS="1097" WIDTH="30"/>
						<String ID="P278_ST00121" HPOS="668" VPOS="1054" WIDTH="77" HEIGHT="38" CONTENT="him," WC="0.68" CC="7203"/>
						<SP ID="P278_SP00104" HPOS="745" VPOS="1097" WIDTH="29"/>
						<String ID="P278_ST00122" HPOS="774" VPOS="1054" WIDTH="64" HEIGHT="31" CONTENT="and" WC="0.75" CC="070"/>
						<SP ID="P278_SP00105" HPOS="838" VPOS="1097" WIDTH="29"/>
						<String ID="P278_ST00123" HPOS="867" VPOS="1054" WIDTH="65" HEIGHT="30" CONTENT="this" WC="0.60" CC="0716"/>
						<SP ID="P278_SP00106" HPOS="932" VPOS="1097" WIDTH="24"/>
						<String ID="P278_ST00124" HPOS="956" VPOS="1065" WIDTH="65" HEIGHT="19" CONTENT="was" WC="0.85" CC="004"/>
					</TextLine>
					<TextLine ID="P278_TL00018" HPOS="188" VPOS="1115" WIDTH="831" HEIGHT="44">
						<String ID="P278_ST00125" HPOS="188" VPOS="1116" WIDTH="171" HEIGHT="43" CONTENT="altogether" WC="0.73" CC="0020800716"/>
						<SP ID="P278_SP00107" HPOS="359" VPOS="1159" WIDTH="32"/>
						<String ID="P278_ST00126" HPOS="391" VPOS="1128" WIDTH="18" HEIGHT="19" CONTENT="a" WC="1.00" CC="0"/>
						<SP ID="P278_SP00108" HPOS="409" VPOS="1159" WIDTH="30"/>
						<String ID="P278_ST00127" HPOS="439" VPOS="1128" WIDTH="69" HEIGHT="20" CONTENT="neAV" WC="0.59" CC="6090"/>
						<SP ID="P278_SP00109" HPOS="508" VPOS="1159" WIDTH="33"/>
						<String ID="P278_ST00128" HPOS="541" VPOS="1116" WIDTH="151" HEIGHT="31" CONTENT="situation" WC="0.56" CC="604700847"/>
						<SP ID="P278_SP00110" HPOS="692" VPOS="1159" WIDTH="25"/>
						<String ID="P278_ST00129" HPOS="717" VPOS="1120" WIDTH="33" HEIGHT="27" CONTENT="to" WC="0.88" CC="20"/>
						<SP ID="P278_SP00111" HPOS="750" VPOS="1159" WIDTH="27"/>
						<String ID="P278_ST00130" HPOS="777" VPOS="1116" WIDTH="77" HEIGHT="37" CONTENT="him," WC="0.60" CC="7502"/>
						<SP ID="P278_SP00112" HPOS="854" VPOS="1159" WIDTH="33"/>
						<String ID="P278_ST00131" HPOS="887" VPOS="1115" WIDTH="63" HEIGHT="31" CONTENT="and" WC="0.87" CC="030"/>
						<SP ID="P278_SP00113" HPOS="950" VPOS="1159" WIDTH="31"/>
						<String ID="P278_ST00132" HPOS="981" VPOS="1115" WIDTH="38" HEIGHT="30" CONTENT="he" WC="0.39" CC="74"/>
					</TextLine>
					<TextLine ID="P278_TL00019" HPOS="188" VPOS="1176" WIDTH="831" HEIGHT="43">
						<String ID="P278_ST00133" HPOS="188" VPOS="1177" WIDTH="90" HEIGHT="31" CONTENT="could" WC="0.86" CC="00700"/>
						<SP ID="P278_SP00114" HPOS="278" VPOS="1208" WIDTH="20"/>
						<String ID="P278_ST00134" HPOS="298" VPOS="1182" WIDTH="55" HEIGHT="27" CONTENT="not" WC="0.86" CC="004"/>
						<SP ID="P278_SP00115" HPOS="353" VPOS="1209" WIDTH="25"/>
						<String ID="P278_ST00135" HPOS="378" VPOS="1178" WIDTH="86" HEIGHT="41" CONTENT="quite" WC="0.77" CC="06040"/>
						<SP ID="P278_SP00116" HPOS="464" VPOS="1219" WIDTH="28"/>
						<String ID="P278_ST00136" HPOS="492" VPOS="1177" WIDTH="193" HEIGHT="31" CONTENT="understand" WC="0.74" CC="7700034010"/>
						<SP ID="P278_SP00117" HPOS="685" VPOS="1219" WIDTH="24"/>
						<String ID="P278_ST00137" HPOS="709" VPOS="1178" WIDTH="32" HEIGHT="31" CONTENT="it." WC="0.82" CC="050"/>
						<SP ID="P278_SP00118" HPOS="741" VPOS="1219" WIDTH="50"/>
						<String ID="P278_ST00138" HPOS="791" VPOS="1177" WIDTH="104" HEIGHT="31" CONTENT="When" WC="0.47" CC="0776"/>
						<SP ID="P278_SP00119" HPOS="895" VPOS="1219" WIDTH="22"/>
						<String ID="P278_ST00139" HPOS="917" VPOS="1177" WIDTH="44" HEIGHT="31" CONTENT="M." WC="0.86" CC="02"/>
						<SP ID="P278_SP00120" HPOS="961" VPOS="1219" WIDTH="19"/>
						<String ID="P278_ST00140" HPOS="980" VPOS="1176" WIDTH="39" HEIGHT="32" CONTENT="de" WC="0.86" CC="02"/>
					</TextLine>
					<TextLine ID="P278_TL00020" HPOS="187" VPOS="1238" WIDTH="832" HEIGHT="42">
						<String ID="P278_ST00141" HPOS="187" VPOS="1238" WIDTH="186" HEIGHT="31" CONTENT="BeauA'oisin" WC="0.69" CC="60070410237"/>
						<SP ID="P278_SP00121" HPOS="373" VPOS="1269" WIDTH="25"/>
						<String ID="P278_ST00142" HPOS="398" VPOS="1239" WIDTH="91" HEIGHT="30" CONTENT="made" WC="1.00" CC="0000"/>
						<SP ID="P278_SP00122" HPOS="489" VPOS="1269" WIDTH="19"/>
						<String ID="P278_ST00143" HPOS="508" VPOS="1251" WIDTH="43" HEIGHT="29" CONTENT="up" WC="0.64" CC="70"/>
						<SP ID="P278_SP00123" HPOS="551" VPOS="1280" WIDTH="17"/>
						<String ID="P278_ST00144" HPOS="568" VPOS="1240" WIDTH="48" HEIGHT="29" CONTENT="his" WC="0.62" CC="704"/>
						<SP ID="P278_SP00124" HPOS="616" VPOS="1280" WIDTH="19"/>
						<String ID="P278_ST00145" HPOS="635" VPOS="1240" WIDTH="90" HEIGHT="29" CONTENT="mind" WC="1.00" CC="0000"/>
						<SP ID="P278_SP00125" HPOS="725" VPOS="1280" WIDTH="24"/>
						<String ID="P278_ST00146" HPOS="749" VPOS="1245" WIDTH="34" HEIGHT="25" CONTENT="to" WC="0.67" CC="50"/>
						<SP ID="P278_SP00126" HPOS="783" VPOS="1280" WIDTH="20"/>
						<String ID="P278_ST00147" HPOS="803" VPOS="1239" WIDTH="55" HEIGHT="30" CONTENT="ask" WC="0.76" CC="070"/>
						<SP ID="P278_SP00127" HPOS="858" VPOS="1280" WIDTH="25"/>
						<String ID="P278_ST00148" HPOS="883" VPOS="1240" WIDTH="49" HEIGHT="29" CONTENT="his" WC="0.52" CC="706"/>
						<SP ID="P278_SP00128" HPOS="932" VPOS="1280" WIDTH="15"/>
						<String ID="P278_ST00149" HPOS="947" VPOS="1239" WIDTH="72" HEIGHT="30" CONTENT="Avife" WC="0.94" CC="00003"/>
					</TextLine>
					<TextLine ID="P278_TL00021" HPOS="187" VPOS="1301" WIDTH="832" HEIGHT="43">
						<String ID="P278_ST00150" HPOS="187" VPOS="1301" WIDTH="47" HEIGHT="30" CONTENT="for" WC="0.82" CC="005"/>
						<SP ID="P278_SP00129" HPOS="234" VPOS="1331" WIDTH="12"/>
						<String ID="P278_ST00151" HPOS="246" VPOS="1301" WIDTH="66" HEIGHT="41" CONTENT="just" WC="0.57" CC="0537"/>
						<SP ID="P278_SP00130" HPOS="312" VPOS="1342" WIDTH="16"/>
						<String ID="P278_ST00152" HPOS="328" VPOS="1313" WIDTH="59" HEIGHT="19" CONTENT="one" WC="0.70" CC="070"/>
						<SP ID="P278_SP00131" HPOS="387" VPOS="1342" WIDTH="16"/>
						<String ID="P278_ST00153" HPOS="403" VPOS="1306" WIDTH="73" HEIGHT="26" CONTENT="turn" WC="0.58" CC="5506"/>
						<SP ID="P278_SP00132" HPOS="476" VPOS="1342" WIDTH="17"/>
						<String ID="P278_ST00154" HPOS="493" VPOS="1302" WIDTH="33" HEIGHT="30" CONTENT="of" WC="0.85" CC="20"/>
						<SP ID="P278_SP00133" HPOS="526" VPOS="1342" WIDTH="22"/>
						<String ID="P278_ST00155" HPOS="548" VPOS="1314" WIDTH="18" HEIGHT="18" CONTENT="a" WC="1.00" CC="0"/>
						<SP ID="P278_SP00134" HPOS="566" VPOS="1342" WIDTH="16"/>
						<String ID="P278_ST00156" HPOS="582" VPOS="1303" WIDTH="102" HEIGHT="37" CONTENT="Avaltz," WC="0.74" CC="0004543"/>
						<SP ID="P278_SP00135" HPOS="684" VPOS="1342" WIDTH="17"/>
						<String ID="P278_ST00157" HPOS="701" VPOS="1302" WIDTH="39" HEIGHT="31" CONTENT="he" WC="0.63" CC="70"/>
						<SP ID="P278_SP00136" HPOS="740" VPOS="1342" WIDTH="22"/>
						<String ID="P278_ST00158" HPOS="762" VPOS="1303" WIDTH="64" HEIGHT="30" CONTENT="had" WC="0.75" CC="700"/>
						<SP ID="P278_SP00137" HPOS="826" VPOS="1342" WIDTH="24"/>
						<String ID="P278_ST00159" HPOS="850" VPOS="1303" WIDTH="61" HEIGHT="30" CONTENT="lost" WC="0.61" CC="2066"/>
						<SP ID="P278_SP00138" HPOS="911" VPOS="1342" WIDTH="23"/>
						<String ID="P278_ST00160" HPOS="934" VPOS="1303" WIDTH="85" HEIGHT="41" CONTENT="sight" WC="0.59" CC="70074"/>
					</TextLine>
					<TextLine ID="P278_TL00022" HPOS="188" VPOS="1363" WIDTH="831" HEIGHT="44">
						<String ID="P278_ST00161" HPOS="188" VPOS="1363" WIDTH="184" HEIGHT="42" CONTENT="completely" WC="0.85" CC="6000400030"/>
						<SP ID="P278_SP00139" HPOS="372" VPOS="1405" WIDTH="16"/>
						<String ID="P278_ST00162" HPOS="388" VPOS="1363" WIDTH="34" HEIGHT="30" CONTENT="of" WC="0.89" CC="02"/>
						<SP ID="P278_SP00140" HPOS="422" VPOS="1405" WIDTH="19"/>
						<String ID="P278_ST00163" HPOS="441" VPOS="1363" WIDTH="54" HEIGHT="31" CONTENT="the" WC="0.53" CC="472"/>
						<SP ID="P278_SP00141" HPOS="495" VPOS="1405" WIDTH="23"/>
						<String ID="P278_ST00164" HPOS="518" VPOS="1363" WIDTH="221" HEIGHT="42" CONTENT="high-minded" WC="0.57" CC="76872707000"/>
						<SP ID="P278_SP00142" HPOS="739" VPOS="1405" WIDTH="21"/>
						<String ID="P278_ST00165" HPOS="760" VPOS="1365" WIDTH="162" HEIGHT="41" CONTENT="sovereign" WC="0.58" CC="430064098"/>
						<SP ID="P278_SP00143" HPOS="922" VPOS="1406" WIDTH="22"/>
						<String ID="P278_ST00166" HPOS="944" VPOS="1363" WIDTH="75" HEIGHT="44" CONTENT="lady" WC="0.68" CC="1109"/>
					</TextLine>
					<TextLine ID="P278_TL00023" HPOS="187" VPOS="1424" WIDTH="831" HEIGHT="43">
						<String ID="P278_ST00167" HPOS="187" VPOS="1430" WIDTH="33" HEIGHT="26" CONTENT="to" WC="0.80" CC="40"/>
						<SP ID="P278_SP00144" HPOS="220" VPOS="1456" WIDTH="15"/>
						<String ID="P278_ST00168" HPOS="235" VPOS="1424" WIDTH="102" HEIGHT="31" CONTENT="whose" WC="0.75" CC="07050"/>
						<SP ID="P278_SP00145" HPOS="337" VPOS="1456" WIDTH="23"/>
						<String ID="P278_ST00169" HPOS="360" VPOS="1424" WIDTH="205" HEIGHT="42" CONTENT="approbation" WC="0.88" CC="00050004100"/>
						<SP ID="P278_SP00146" HPOS="565" VPOS="1466" WIDTH="23"/>
						<String ID="P278_ST00170" HPOS="588" VPOS="1425" WIDTH="63" HEIGHT="31" CONTENT="and" WC="0.79" CC="060"/>
						<SP ID="P278_SP00147" HPOS="651" VPOS="1466" WIDTH="23"/>
						<String ID="P278_ST00171" HPOS="674" VPOS="1425" WIDTH="133" HEIGHT="42" CONTENT="perhaps" WC="0.81" CC="0037002"/>
						<SP ID="P278_SP00148" HPOS="807" VPOS="1467" WIDTH="24"/>
						<String ID="P278_ST00172" HPOS="831" VPOS="1436" WIDTH="78" HEIGHT="20" CONTENT="even" WC="0.72" CC="0505"/>
						<SP ID="P278_SP00149" HPOS="909" VPOS="1467" WIDTH="19"/>
						<String ID="P278_ST00173" HPOS="928" VPOS="1425" WIDTH="90" HEIGHT="31" CONTENT="affec" SUBS_TYPE="HypPart1" SUBS_CONTENT="affection" WC="0.90" CC="000212"/>
						<HYP CONTENT="-"/>
					</TextLine>
					<TextLine ID="P278_TL00024" HPOS="188" VPOS="1486" WIDTH="830" HEIGHT="43">
						<String ID="P278_ST00174" HPOS="188" VPOS="1486" WIDTH="66" HEIGHT="31" CONTENT="tion" SUBS_TYPE="HypPart2" SUBS_CONTENT="affection" WC="0.55" CC="4417"/>
						<SP ID="P278_SP00150" HPOS="254" VPOS="1517" WIDTH="16"/>
						<String ID="P278_ST00175" HPOS="270" VPOS="1486" WIDTH="38" HEIGHT="31" CONTENT="he" WC="0.64" CC="70"/>
						<SP ID="P278_SP00151" HPOS="308" VPOS="1517" WIDTH="16"/>
						<String ID="P278_ST00176" HPOS="324" VPOS="1486" WIDTH="63" HEIGHT="31" CONTENT="had" WC="0.75" CC="700"/>
						<SP ID="P278_SP00152" HPOS="387" VPOS="1517" WIDTH="22"/>
						<String ID="P278_ST00177" HPOS="409" VPOS="1486" WIDTH="86" HEIGHT="38" CONTENT="been," WC="0.78" CC="70003"/>
						<SP ID="P278_SP00153" HPOS="495" VPOS="1524" WIDTH="24"/>
						<String ID="P278_ST00178" HPOS="519" VPOS="1498" WIDTH="17" HEIGHT="19" CONTENT="a" WC="1.00" CC="0"/>
						<SP ID="P278_SP00154" HPOS="536" VPOS="1524" WIDTH="16"/>
						<String ID="P278_ST00179" HPOS="552" VPOS="1486" WIDTH="60" HEIGHT="31" CONTENT="few" WC="0.88" CC="300"/>
						<SP ID="P278_SP00155" HPOS="612" VPOS="1524" WIDTH="15"/>
						<String ID="P278_ST00180" HPOS="627" VPOS="1487" WIDTH="127" HEIGHT="31" CONTENT="months" WC="0.63" CC="015473"/>
						<SP ID="P278_SP00156" HPOS="754" VPOS="1524" WIDTH="22"/>
						<String ID="P278_ST00181" HPOS="776" VPOS="1487" WIDTH="190" HEIGHT="42" CONTENT="previously," WC="0.79" CC="05003016103"/>
						<SP ID="P278_SP00157" HPOS="966" VPOS="1529" WIDTH="18"/>
						<String ID="P278_ST00182" HPOS="984" VPOS="1498" WIDTH="34" HEIGHT="20" CONTENT="so" WC="0.82" CC="20"/>
					</TextLine>
					<TextLine ID="P278_TL00025" HPOS="188" VPOS="1546" WIDTH="830" HEIGHT="42">
						<String ID="P278_ST00183" HPOS="188" VPOS="1546" WIDTH="124" HEIGHT="41" CONTENT="pleased" WC="0.85" CC="0500500"/>
						<SP ID="P278_SP00158" HPOS="312" VPOS="1587" WIDTH="24"/>
						<String ID="P278_ST00184" HPOS="336" VPOS="1551" WIDTH="33" HEIGHT="27" CONTENT="to" WC="0.50" CC="45"/>
						<SP ID="P278_SP00159" HPOS="369" VPOS="1587" WIDTH="24"/>
						<String ID="P278_ST00185" HPOS="393" VPOS="1547" WIDTH="94" HEIGHT="41" CONTENT="fancy" WC="0.85" CC="00700"/>
						<SP ID="P278_SP00160" HPOS="487" VPOS="1588" WIDTH="19"/>
						<String ID="P278_ST00186" HPOS="506" VPOS="1547" WIDTH="38" HEIGHT="31" CONTENT="he" WC="0.63" CC="70"/>
						<SP ID="P278_SP00161" HPOS="544" VPOS="1588" WIDTH="25"/>
						<String ID="P278_ST00187" HPOS="569" VPOS="1548" WIDTH="102" HEIGHT="40" CONTENT="might" WC="0.57" CC="00875"/>
						<SP ID="P278_SP00162" HPOS="671" VPOS="1588" WIDTH="25"/>
						<String ID="P278_ST00188" HPOS="696" VPOS="1549" WIDTH="109" HEIGHT="39" CONTENT="aspire," WC="0.80" CC="0500800"/>
						<SP ID="P278_SP00163" HPOS="805" VPOS="1588" WIDTH="25"/>
						<String ID="P278_ST00189" HPOS="830" VPOS="1549" WIDTH="64" HEIGHT="30" CONTENT="and" WC="0.82" CC="050"/>
						<SP ID="P278_SP00164" HPOS="894" VPOS="1588" WIDTH="21"/>
						<String ID="P278_ST00190" HPOS="915" VPOS="1549" WIDTH="103" HEIGHT="31" CONTENT="whose" WC="0.53" CC="06266"/>
					</TextLine>
				</TextBlock>
			</PrintSpace>
		</Page>
	</Layout>
</alto>
