<?xml version="1.0" encoding="UTF-8"?>
<alto xmlns:xsi="http://www.w3.org/2001/XMLSchema-instance" xsi:noNamespaceSchemaLocation="http://www.bl.uk/schemas/alto/alto-1-4.xsd" xmlns:xlink="http://www.w3.org/1999/xlink">
	<Description>
		<MeasurementUnit>mm10</MeasurementUnit>
		<sourceImageInformation>
			<fileName>//head1/IN/2007-46/A0010888503.2/009515.jp2</fileName>
		</sourceImageInformation>
		<OCRProcessing ID="OCRPROCESSING_1">
			<preProcessingStep>
				<processingSoftware>
					<softwareCreator>CCS Content Conversion Specialists GmbH, Germany</softwareCreator>
					<softwareName>CCS docWORKS</softwareName>
					<softwareVersion>6.1-0.61</softwareVersion>
				</processingSoftware>
			</preProcessingStep>
			<ocrProcessingStep>
				<processingSoftware>
					<softwareCreator>ABBYY (BIT Software), Russia</softwareCreator>
					<softwareName>Finereader</softwareName>
				</processingSoftware>
			</ocrProcessingStep>
		</OCRProcessing>
	</Description>
	<Styles>
		<TextStyle ID="TXT_0" FONTSIZE="9" FONTFAMILY="Courier New"/>
		<TextStyle ID="TXT_1" FONTSIZE="11" FONTFAMILY="Courier New"/>
		<ParagraphStyle ID="PAR_LEFT" ALIGN="Left"/>
		<ParagraphStyle ID="PAR_RIGHT" ALIGN="Right"/>
	</Styles>
	<Layout>
		<Page ID="P307" PHYSICAL_IMG_NR="307" HEIGHT="1747" WIDTH="1132" PRINTED_IMG_NR="297" POSITION="Right" ACCURACY="71.44">
			<TopMargin ID="P307_TM00001" HPOS="0" VPOS="0" WIDTH="1131" HEIGHT="149">
				<TextBlock ID="P307_TB00001" HPOS="303" VPOS="123" WIDTH="428" HEIGHT="25" STYLEREFS="TXT_0 PAR_LEFT">
					<TextLine ID="P307_TL00001" HPOS="304" VPOS="123" WIDTH="427" HEIGHT="25">
						<String ID="P307_ST00001" HPOS="304" VPOS="123" WIDTH="83" HEIGHT="22" CONTENT="LOVE" WC="0.47" CC="6077"/>
						<SP ID="P307_SP00001" HPOS="387" VPOS="145" WIDTH="27"/>
						<String ID="P307_ST00002" HPOS="414" VPOS="125" WIDTH="122" HEIGHT="23" CONTENT="STRONG" WC="0.67" CC="127007"/>
						<SP ID="P307_SP00002" HPOS="536" VPOS="148" WIDTH="23"/>
						<String ID="P307_ST00003" HPOS="559" VPOS="127" WIDTH="35" HEIGHT="21" CONTENT="IN" WC="0.52" CC="09"/>
						<SP ID="P307_SP00003" HPOS="594" VPOS="148" WIDTH="22"/>
						<String ID="P307_ST00004" HPOS="616" VPOS="127" WIDTH="115" HEIGHT="21" CONTENT="DEATH." WC="0.69" CC="740060"/>
					</TextLine>
				</TextBlock>
				<TextBlock ID="P307_TB00002" HPOS="883" VPOS="121" WIDTH="50" HEIGHT="27" STYLEREFS="TXT_1 PAR_RIGHT">
					<TextLine ID="P307_TL00002" HPOS="883" VPOS="121" WIDTH="50" HEIGHT="27">
						<String ID="P307_ST00005" HPOS="883" VPOS="121" WIDTH="50" HEIGHT="27" CONTENT="297" WC="1.00" CC="000"/>
					</TextLine>
				</TextBlock>
			</TopMargin>
			<LeftMargin ID="P307_LM00001" HPOS="0" VPOS="149" WIDTH="112" HEIGHT="1450"/>
			<RightMargin ID="P307_RM00001" HPOS="941" VPOS="149" WIDTH="190" HEIGHT="1450"/>
			<BottomMargin ID="P307_BM00001" HPOS="0" VPOS="1599" WIDTH="1131" HEIGHT="147"/>
			<PrintSpace ID="P307_PS00001" HPOS="112" VPOS="149" WIDTH="829" HEIGHT="1450">
				<TextBlock ID="P307_TB00003" HPOS="112" VPOS="197" WIDTH="829" HEIGHT="1402" STYLEREFS="TXT_0 PAR_LEFT">
					<TextLine ID="P307_TL00003" HPOS="113" VPOS="197" WIDTH="824" HEIGHT="48">
						<String ID="P307_ST00006" HPOS="113" VPOS="200" WIDTH="34" HEIGHT="27" CONTENT="to" WC="0.38" CC="92"/>
						<SP ID="P307_SP00004" HPOS="147" VPOS="227" WIDTH="26"/>
						<String ID="P307_ST00007" HPOS="173" VPOS="197" WIDTH="38" HEIGHT="31" CONTENT="be" WC="0.63" CC="70"/>
						<SP ID="P307_SP00005" HPOS="211" VPOS="228" WIDTH="24"/>
						<String ID="P307_ST00008" HPOS="235" VPOS="210" WIDTH="39" HEIGHT="19" CONTENT="an" WC="0.64" CC="07"/>
						<SP ID="P307_SP00006" HPOS="274" VPOS="229" WIDTH="25"/>
						<String ID="P307_ST00009" HPOS="299" VPOS="200" WIDTH="200" HEIGHT="42" CONTENT="agricultural" WC="0.65" CC="003307656700"/>
						<SP ID="P307_SP00007" HPOS="499" VPOS="242" WIDTH="24"/>
						<String ID="P307_ST00010" HPOS="523" VPOS="203" WIDTH="137" HEIGHT="42" CONTENT="meeting" WC="0.76" CC="0000275"/>
						<SP ID="P307_SP00008" HPOS="660" VPOS="245" WIDTH="23"/>
						<String ID="P307_ST00011" HPOS="683" VPOS="208" WIDTH="33" HEIGHT="26" CONTENT="at" WC="0.73" CC="05"/>
						<SP ID="P307_SP00009" HPOS="716" VPOS="245" WIDTH="24"/>
						<String ID="P307_ST00012" HPOS="740" VPOS="204" WIDTH="197" HEIGHT="32" CONTENT="Combeville." WC="0.72" CC="54020324700"/>
					</TextLine>
					<TextLine ID="P307_TL00004" HPOS="114" VPOS="258" WIDTH="823" HEIGHT="47">
						<String ID="P307_ST00013" HPOS="114" VPOS="258" WIDTH="130" HEIGHT="43" CONTENT="Brunoy" WC="0.64" CC="615610"/>
						<SP ID="P307_SP00010" HPOS="244" VPOS="301" WIDTH="19"/>
						<String ID="P307_ST00014" HPOS="263" VPOS="261" WIDTH="63" HEIGHT="31" CONTENT="and" WC="0.88" CC="030"/>
						<SP ID="P307_SP00011" HPOS="326" VPOS="301" WIDTH="19"/>
						<String ID="P307_ST00015" HPOS="345" VPOS="262" WIDTH="151" HEIGHT="43" CONTENT="Malleray" WC="0.81" CC="00470300"/>
						<SP ID="P307_SP00012" HPOS="496" VPOS="305" WIDTH="15"/>
						<String ID="P307_ST00016" HPOS="511" VPOS="264" WIDTH="63" HEIGHT="30" CONTENT="had" WC="0.75" CC="700"/>
						<SP ID="P307_SP00013" HPOS="574" VPOS="305" WIDTH="19"/>
						<String ID="P307_ST00017" HPOS="593" VPOS="265" WIDTH="62" HEIGHT="30" CONTENT="had" WC="0.75" CC="700"/>
						<SP ID="P307_SP00014" HPOS="655" VPOS="305" WIDTH="19"/>
						<String ID="P307_ST00018" HPOS="674" VPOS="266" WIDTH="75" HEIGHT="30" CONTENT="each" WC="0.81" CC="0007"/>
						<SP ID="P307_SP00015" HPOS="749" VPOS="305" WIDTH="17"/>
						<String ID="P307_ST00019" HPOS="766" VPOS="266" WIDTH="81" HEIGHT="30" CONTENT="their" WC="0.64" CC="47032"/>
						<SP ID="P307_SP00016" HPOS="847" VPOS="305" WIDTH="18"/>
						<String ID="P307_ST00020" HPOS="865" VPOS="265" WIDTH="72" HEIGHT="38" CONTENT="fete," WC="0.73" CC="30503"/>
					</TextLine>
					<TextLine ID="P307_TL00005" HPOS="114" VPOS="321" WIDTH="824" HEIGHT="46">
						<String ID="P307_ST00021" HPOS="114" VPOS="321" WIDTH="63" HEIGHT="30" CONTENT="and" WC="0.76" CC="070"/>
						<SP ID="P307_SP00017" HPOS="177" VPOS="351" WIDTH="20"/>
						<String ID="P307_ST00022" HPOS="197" VPOS="322" WIDTH="54" HEIGHT="31" CONTENT="the" WC="0.63" CC="370"/>
						<SP ID="P307_SP00018" HPOS="251" VPOS="353" WIDTH="19"/>
						<String ID="P307_ST00023" HPOS="270" VPOS="322" WIDTH="60" HEIGHT="32" CONTENT="last" WC="0.82" CC="0006"/>
						<SP ID="P307_SP00019" HPOS="330" VPOS="354" WIDTH="20"/>
						<String ID="P307_ST00024" HPOS="350" VPOS="324" WIDTH="201" HEIGHT="32" CONTENT="distribution" WC="0.58" CC="054450775307"/>
						<SP ID="P307_SP00020" HPOS="551" VPOS="356" WIDTH="20"/>
						<String ID="P307_ST00025" HPOS="571" VPOS="326" WIDTH="34" HEIGHT="30" CONTENT="of" WC="1.00" CC="00"/>
						<SP ID="P307_SP00021" HPOS="605" VPOS="356" WIDTH="15"/>
						<String ID="P307_ST00026" HPOS="620" VPOS="327" WIDTH="97" HEIGHT="40" CONTENT="prizes" WC="0.83" CC="020106"/>
						<SP ID="P307_SP00022" HPOS="717" VPOS="367" WIDTH="19"/>
						<String ID="P307_ST00027" HPOS="736" VPOS="338" WIDTH="63" HEIGHT="20" CONTENT="was" WC="0.76" CC="007"/>
						<SP ID="P307_SP00023" HPOS="799" VPOS="367" WIDTH="15"/>
						<String ID="P307_ST00028" HPOS="814" VPOS="332" WIDTH="32" HEIGHT="26" CONTENT="to" WC="0.92" CC="10"/>
						<SP ID="P307_SP00024" HPOS="846" VPOS="367" WIDTH="19"/>
						<String ID="P307_ST00029" HPOS="865" VPOS="327" WIDTH="73" HEIGHT="30" CONTENT="take" WC="0.84" CC="6000"/>
					</TextLine>
					<TextLine ID="P307_TL00006" HPOS="114" VPOS="382" WIDTH="825" HEIGHT="41">
						<String ID="P307_ST00030" HPOS="114" VPOS="382" WIDTH="87" HEIGHT="41" CONTENT="place" WC="1.00" CC="00000"/>
						<SP ID="P307_SP00025" HPOS="201" VPOS="423" WIDTH="26"/>
						<String ID="P307_ST00031" HPOS="227" VPOS="388" WIDTH="32" HEIGHT="27" CONTENT="at" WC="0.52" CC="81"/>
						<SP ID="P307_SP00026" HPOS="259" VPOS="423" WIDTH="26"/>
						<String ID="P307_ST00032" HPOS="285" VPOS="385" WIDTH="196" HEIGHT="33" CONTENT="Combeville." WC="0.82" CC="40070600100"/>
						<SP ID="P307_SP00027" HPOS="481" VPOS="423" WIDTH="49"/>
						<String ID="P307_ST00033" HPOS="530" VPOS="388" WIDTH="31" HEIGHT="30" CONTENT="It" WC="0.65" CC="07"/>
						<SP ID="P307_SP00028" HPOS="561" VPOS="423" WIDTH="23"/>
						<String ID="P307_ST00034" HPOS="584" VPOS="399" WIDTH="64" HEIGHT="19" CONTENT="Avas" WC="0.70" CC="0901"/>
						<SP ID="P307_SP00029" HPOS="648" VPOS="423" WIDTH="25"/>
						<String ID="P307_ST00035" HPOS="673" VPOS="393" WIDTH="32" HEIGHT="26" CONTENT="to" WC="1.00" CC="00"/>
						<SP ID="P307_SP00030" HPOS="705" VPOS="423" WIDTH="25"/>
						<String ID="P307_ST00036" HPOS="730" VPOS="388" WIDTH="38" HEIGHT="31" CONTENT="be" WC="0.40" CC="74"/>
						<SP ID="P307_SP00031" HPOS="768" VPOS="423" WIDTH="25"/>
						<String ID="P307_ST00037" HPOS="793" VPOS="388" WIDTH="105" HEIGHT="31" CONTENT="rather" WC="0.69" CC="505700"/>
						<SP ID="P307_SP00032" HPOS="898" VPOS="423" WIDTH="23"/>
						<String ID="P307_ST00038" HPOS="921" VPOS="399" WIDTH="18" HEIGHT="20" CONTENT="a" WC="1.00" CC="0"/>
					</TextLine>
					<TextLine ID="P307_TL00007" HPOS="114" VPOS="443" WIDTH="823" HEIGHT="48">
						<String ID="P307_ST00039" HPOS="114" VPOS="443" WIDTH="120" HEIGHT="32" CONTENT="solemn" WC="0.70" CC="540007"/>
						<SP ID="P307_SP00033" HPOS="234" VPOS="475" WIDTH="25"/>
						<String ID="P307_ST00040" HPOS="259" VPOS="445" WIDTH="96" HEIGHT="39" CONTENT="affair," WC="0.78" CC="0000473"/>
						<SP ID="P307_SP00034" HPOS="355" VPOS="484" WIDTH="26"/>
						<String ID="P307_ST00041" HPOS="381" VPOS="447" WIDTH="48" HEIGHT="30" CONTENT="for" WC="0.79" CC="006"/>
						<SP ID="P307_SP00035" HPOS="429" VPOS="484" WIDTH="23"/>
						<String ID="P307_ST00042" HPOS="452" VPOS="448" WIDTH="63" HEIGHT="30" CONTENT="this" WC="0.58" CC="6702"/>
						<SP ID="P307_SP00036" HPOS="515" VPOS="484" WIDTH="30"/>
						<String ID="P307_ST00043" HPOS="545" VPOS="454" WIDTH="71" HEIGHT="35" CONTENT="part" WC="0.92" CC="0011"/>
						<SP ID="P307_SP00037" HPOS="616" VPOS="489" WIDTH="24"/>
						<String ID="P307_ST00044" HPOS="640" VPOS="449" WIDTH="34" HEIGHT="30" CONTENT="of" WC="1.00" CC="00"/>
						<SP ID="P307_SP00038" HPOS="674" VPOS="489" WIDTH="25"/>
						<String ID="P307_ST00045" HPOS="699" VPOS="450" WIDTH="54" HEIGHT="30" CONTENT="the" WC="0.53" CC="670"/>
						<SP ID="P307_SP00039" HPOS="753" VPOS="489" WIDTH="29"/>
						<String ID="P307_ST00046" HPOS="782" VPOS="450" WIDTH="155" HEIGHT="41" CONTENT="province," WC="0.73" CC="060707003"/>
					</TextLine>
					<TextLine ID="P307_TL00008" HPOS="114" VPOS="504" WIDTH="827" HEIGHT="44">
						<String ID="P307_ST00047" HPOS="114" VPOS="504" WIDTH="90" HEIGHT="44" CONTENT="lying" WC="0.52" CC="00679"/>
						<SP ID="P307_SP00040" HPOS="204" VPOS="548" WIDTH="22"/>
						<String ID="P307_ST00048" HPOS="226" VPOS="518" WIDTH="108" HEIGHT="20" CONTENT="nearer" WC="0.71" CC="600406"/>
						<SP ID="P307_SP00041" HPOS="334" VPOS="548" WIDTH="14"/>
						<String ID="P307_ST00049" HPOS="348" VPOS="509" WIDTH="136" HEIGHT="30" CONTENT="towards" WC="0.86" CC="5000300"/>
						<SP ID="P307_SP00042" HPOS="484" VPOS="548" WIDTH="15"/>
						<String ID="P307_ST00050" HPOS="499" VPOS="509" WIDTH="46" HEIGHT="31" CONTENT="La" WC="0.83" CC="30"/>
						<SP ID="P307_SP00043" HPOS="545" VPOS="548" WIDTH="14"/>
						<String ID="P307_ST00051" HPOS="559" VPOS="510" WIDTH="129" HEIGHT="38" CONTENT="Beauce," WC="0.74" CC="6007004"/>
						<SP ID="P307_SP00044" HPOS="688" VPOS="548" WIDTH="17"/>
						<String ID="P307_ST00052" HPOS="705" VPOS="521" WIDTH="64" HEIGHT="20" CONTENT="was" WC="0.83" CC="005"/>
						<SP ID="P307_SP00045" HPOS="769" VPOS="548" WIDTH="22"/>
						<String ID="P307_ST00053" HPOS="791" VPOS="511" WIDTH="53" HEIGHT="31" CONTENT="the" WC="0.66" CC="270"/>
						<SP ID="P307_SP00046" HPOS="844" VPOS="548" WIDTH="15"/>
						<String ID="P307_ST00054" HPOS="859" VPOS="515" WIDTH="82" HEIGHT="26" CONTENT="most" WC="0.65" CC="0076"/>
					</TextLine>
					<TextLine ID="P307_TL00009" HPOS="114" VPOS="570" WIDTH="826" HEIGHT="42">
						<String ID="P307_ST00055" HPOS="114" VPOS="570" WIDTH="112" HEIGHT="40" CONTENT="purely" WC="0.77" CC="073030"/>
						<SP ID="P307_SP00047" HPOS="226" VPOS="610" WIDTH="31"/>
						<String ID="P307_ST00056" HPOS="257" VPOS="571" WIDTH="199" HEIGHT="41" CONTENT="agricultural" WC="0.63" CC="095007037603"/>
						<SP ID="P307_SP00048" HPOS="456" VPOS="612" WIDTH="31"/>
						<String ID="P307_ST00057" HPOS="487" VPOS="572" WIDTH="123" HEIGHT="31" CONTENT="district" WC="0.68" CC="00155407"/>
						<SP ID="P307_SP00049" HPOS="610" VPOS="612" WIDTH="29"/>
						<String ID="P307_ST00058" HPOS="639" VPOS="572" WIDTH="34" HEIGHT="31" CONTENT="of" WC="1.00" CC="00"/>
						<SP ID="P307_SP00050" HPOS="673" VPOS="612" WIDTH="31"/>
						<String ID="P307_ST00059" HPOS="704" VPOS="573" WIDTH="49" HEIGHT="37" CONTENT="all," WC="0.82" CC="3030"/>
						<SP ID="P307_SP00051" HPOS="753" VPOS="612" WIDTH="32"/>
						<String ID="P307_ST00060" HPOS="785" VPOS="572" WIDTH="63" HEIGHT="31" CONTENT="and" WC="0.78" CC="060"/>
						<SP ID="P307_SP00052" HPOS="848" VPOS="612" WIDTH="28"/>
						<String ID="P307_ST00061" HPOS="876" VPOS="572" WIDTH="64" HEIGHT="31" CONTENT="laid" WC="0.83" CC="6000"/>
					</TextLine>
					<TextLine ID="P307_TL00010" HPOS="114" VPOS="631" WIDTH="824" HEIGHT="44">
						<String ID="P307_ST00062" HPOS="114" VPOS="631" WIDTH="109" HEIGHT="31" CONTENT="claims" WC="0.85" CC="040004"/>
						<SP ID="P307_SP00053" HPOS="223" VPOS="662" WIDTH="15"/>
						<String ID="P307_ST00063" HPOS="238" VPOS="636" WIDTH="33" HEIGHT="26" CONTENT="to" WC="0.63" CC="70"/>
						<SP ID="P307_SP00054" HPOS="271" VPOS="662" WIDTH="15"/>
						<String ID="P307_ST00064" HPOS="286" VPOS="637" WIDTH="129" HEIGHT="36" CONTENT="respect," WC="0.70" CC="50600073"/>
						<SP ID="P307_SP00055" HPOS="415" VPOS="673" WIDTH="14"/>
						<String ID="P307_ST00065" HPOS="429" VPOS="633" WIDTH="33" HEIGHT="30" CONTENT="in" WC="0.45" CC="37"/>
						<SP ID="P307_SP00056" HPOS="462" VPOS="673" WIDTH="16"/>
						<String ID="P307_ST00066" HPOS="478" VPOS="633" WIDTH="53" HEIGHT="31" CONTENT="the" WC="0.52" CC="670"/>
						<SP ID="P307_SP00057" HPOS="531" VPOS="673" WIDTH="15"/>
						<String ID="P307_ST00067" HPOS="546" VPOS="644" WIDTH="70" HEIGHT="31" CONTENT="wray" WC="0.70" CC="7400"/>
						<SP ID="P307_SP00058" HPOS="616" VPOS="675" WIDTH="17"/>
						<String ID="P307_ST00068" HPOS="633" VPOS="634" WIDTH="34" HEIGHT="30" CONTENT="of" WC="1.00" CC="00"/>
						<SP ID="P307_SP00059" HPOS="667" VPOS="675" WIDTH="12"/>
						<String ID="P307_ST00069" HPOS="679" VPOS="634" WIDTH="124" HEIGHT="41" CONTENT="mangel" WC="0.71" CC="006504"/>
						<SP ID="P307_SP00060" HPOS="803" VPOS="675" WIDTH="14"/>
						<String ID="P307_ST00070" HPOS="817" VPOS="633" WIDTH="121" HEIGHT="37" CONTENT="Avurzel," WC="0.62" CC="00649044"/>
					</TextLine>
					<TextLine ID="P307_TL00011" HPOS="114" VPOS="693" WIDTH="826" HEIGHT="43">
						<String ID="P307_ST00071" HPOS="114" VPOS="693" WIDTH="195" HEIGHT="38" CONTENT="cart-horses," WC="0.68" CC="004707355003"/>
						<SP ID="P307_SP00061" HPOS="309" VPOS="731" WIDTH="19"/>
						<String ID="P307_ST00072" HPOS="328" VPOS="694" WIDTH="63" HEIGHT="31" CONTENT="and" WC="0.76" CC="070"/>
						<SP ID="P307_SP00062" HPOS="391" VPOS="731" WIDTH="14"/>
						<String ID="P307_ST00073" HPOS="405" VPOS="695" WIDTH="78" HEIGHT="41" CONTENT="pigs." WC="0.67" CC="02561"/>
						<SP ID="P307_SP00063" HPOS="483" VPOS="736" WIDTH="49"/>
						<String ID="P307_ST00074" HPOS="532" VPOS="694" WIDTH="96" HEIGHT="31" CONTENT="There" WC="0.83" CC="07010"/>
						<SP ID="P307_SP00064" HPOS="628" VPOS="736" WIDTH="16"/>
						<String ID="P307_ST00075" HPOS="644" VPOS="695" WIDTH="62" HEIGHT="30" CONTENT="had" WC="0.75" CC="700"/>
						<SP ID="P307_SP00065" HPOS="706" VPOS="736" WIDTH="15"/>
						<String ID="P307_ST00076" HPOS="721" VPOS="695" WIDTH="86" HEIGHT="37" CONTENT="been," WC="0.79" CC="00064"/>
						<SP ID="P307_SP00066" HPOS="807" VPOS="736" WIDTH="18"/>
						<String ID="P307_ST00077" HPOS="825" VPOS="706" WIDTH="40" HEIGHT="19" CONTENT="on" WC="0.50" CC="27"/>
						<SP ID="P307_SP00067" HPOS="865" VPOS="736" WIDTH="22"/>
						<String ID="P307_ST00078" HPOS="887" VPOS="695" WIDTH="53" HEIGHT="30" CONTENT="the" WC="0.61" CC="470"/>
					</TextLine>
					<TextLine ID="P307_TL00012" HPOS="114" VPOS="754" WIDTH="827" HEIGHT="43">
						<String ID="P307_ST00079" HPOS="114" VPOS="754" WIDTH="66" HEIGHT="31" CONTENT="side" WC="0.94" CC="2000"/>
						<SP ID="P307_SP00068" HPOS="180" VPOS="785" WIDTH="17"/>
						<String ID="P307_ST00080" HPOS="197" VPOS="755" WIDTH="35" HEIGHT="30" CONTENT="of" WC="0.85" CC="02"/>
						<SP ID="P307_SP00069" HPOS="232" VPOS="785" WIDTH="15"/>
						<String ID="P307_ST00081" HPOS="247" VPOS="755" WIDTH="54" HEIGHT="30" CONTENT="the" WC="0.58" CC="570"/>
						<SP ID="P307_SP00070" HPOS="301" VPOS="785" WIDTH="16"/>
						<String ID="P307_ST00082" HPOS="317" VPOS="760" WIDTH="88" HEIGHT="37" CONTENT="great" WC="0.66" CC="71006"/>
						<SP ID="P307_SP00071" HPOS="405" VPOS="797" WIDTH="19"/>
						<String ID="P307_ST00083" HPOS="424" VPOS="756" WIDTH="196" HEIGHT="40" CONTENT="proprietors," WC="0.78" CC="060052010054"/>
						<SP ID="P307_SP00072" HPOS="620" VPOS="797" WIDTH="20"/>
						<String ID="P307_ST00084" HPOS="640" VPOS="756" WIDTH="117" HEIGHT="30" CONTENT="several" WC="0.73" CC="0260404"/>
						<SP ID="P307_SP00073" HPOS="757" VPOS="797" WIDTH="19"/>
						<String ID="P307_ST00085" HPOS="776" VPOS="755" WIDTH="165" HEIGHT="31" CONTENT="successful" WC="0.66" CC="6700015075"/>
					</TextLine>
					<TextLine ID="P307_TL00013" HPOS="114" VPOS="817" WIDTH="827" HEIGHT="42">
						<String ID="P307_ST00086" HPOS="114" VPOS="821" WIDTH="152" HEIGHT="37" CONTENT="attempts" WC="0.79" CC="06201006"/>
						<SP ID="P307_SP00074" HPOS="266" VPOS="858" WIDTH="26"/>
						<String ID="P307_ST00087" HPOS="292" VPOS="822" WIDTH="33" HEIGHT="25" CONTENT="at" WC="0.73" CC="05"/>
						<SP ID="P307_SP00075" HPOS="325" VPOS="858" WIDTH="24"/>
						<String ID="P307_ST00088" HPOS="349" VPOS="818" WIDTH="179" HEIGHT="41" CONTENT="improAing" WC="0.68" CC="000400769"/>
						<SP ID="P307_SP00076" HPOS="528" VPOS="859" WIDTH="23"/>
						<String ID="P307_ST00089" HPOS="551" VPOS="818" WIDTH="54" HEIGHT="29" CONTENT="the" WC="0.76" CC="070"/>
						<SP ID="P307_SP00077" HPOS="605" VPOS="859" WIDTH="28"/>
						<String ID="P307_ST00090" HPOS="633" VPOS="818" WIDTH="110" HEIGHT="40" CONTENT="equine" WC="0.76" CC="007070"/>
						<SP ID="P307_SP00078" HPOS="743" VPOS="859" WIDTH="29"/>
						<String ID="P307_ST00091" HPOS="772" VPOS="828" WIDTH="78" HEIGHT="26" CONTENT="race," WC="0.84" CC="60001"/>
						<SP ID="P307_SP00079" HPOS="850" VPOS="859" WIDTH="29"/>
						<String ID="P307_ST00092" HPOS="879" VPOS="817" WIDTH="62" HEIGHT="30" CONTENT="and" WC="0.78" CC="060"/>
					</TextLine>
					<TextLine ID="P307_TL00014" HPOS="115" VPOS="879" WIDTH="824" HEIGHT="41">
						<String ID="P307_ST00093" HPOS="115" VPOS="879" WIDTH="43" HEIGHT="31" CONTENT="M." WC="0.86" CC="02"/>
						<SP ID="P307_SP00080" HPOS="158" VPOS="910" WIDTH="24"/>
						<String ID="P307_ST00094" HPOS="182" VPOS="879" WIDTH="38" HEIGHT="31" CONTENT="de" WC="1.00" CC="00"/>
						<SP ID="P307_SP00081" HPOS="220" VPOS="910" WIDTH="21"/>
						<String ID="P307_ST00095" HPOS="241" VPOS="879" WIDTH="158" HEIGHT="31" CONTENT="Clavreufi" WC="0.43" CC="700981877"/>
						<SP ID="P307_SP00082" HPOS="399" VPOS="910" WIDTH="19"/>
						<String ID="P307_ST00096" HPOS="418" VPOS="879" WIDTH="63" HEIGHT="31" CONTENT="and" WC="0.77" CC="060"/>
						<SP ID="P307_SP00083" HPOS="481" VPOS="910" WIDTH="20"/>
						<String ID="P307_ST00097" HPOS="501" VPOS="879" WIDTH="99" HEIGHT="30" CONTENT="Henri" WC="0.68" CC="22460"/>
						<SP ID="P307_SP00084" HPOS="600" VPOS="910" WIDTH="20"/>
						<String ID="P307_ST00098" HPOS="620" VPOS="879" WIDTH="130" HEIGHT="41" CONTENT="Dupont" WC="0.55" CC="760174"/>
						<SP ID="P307_SP00085" HPOS="750" VPOS="920" WIDTH="21"/>
						<String ID="P307_ST00099" HPOS="771" VPOS="879" WIDTH="62" HEIGHT="30" CONTENT="had" WC="0.75" CC="700"/>
						<SP ID="P307_SP00086" HPOS="833" VPOS="920" WIDTH="21"/>
						<String ID="P307_ST00100" HPOS="854" VPOS="879" WIDTH="85" HEIGHT="37" CONTENT="both," WC="0.53" CC="70572"/>
					</TextLine>
					<TextLine ID="P307_TL00015" HPOS="114" VPOS="940" WIDTH="827" HEIGHT="42">
						<String ID="P307_ST00101" HPOS="114" VPOS="952" WIDTH="87" HEIGHT="30" CONTENT="upon" WC="0.66" CC="7006"/>
						<SP ID="P307_SP00087" HPOS="201" VPOS="982" WIDTH="16"/>
						<String ID="P307_ST00102" HPOS="217" VPOS="951" WIDTH="57" HEIGHT="20" CONTENT="one" WC="0.79" CC="050"/>
						<SP ID="P307_SP00088" HPOS="274" VPOS="982" WIDTH="17"/>
						<String ID="P307_ST00103" HPOS="291" VPOS="940" WIDTH="150" HEIGHT="38" CONTENT="occasion," WC="0.81" CC="000010472"/>
						<SP ID="P307_SP00089" HPOS="441" VPOS="982" WIDTH="19"/>
						<String ID="P307_ST00104" HPOS="460" VPOS="945" WIDTH="68" HEIGHT="25" CONTENT="sent" WC="0.77" CC="1070"/>
						<SP ID="P307_SP00090" HPOS="528" VPOS="982" WIDTH="15"/>
						<String ID="P307_ST00105" HPOS="543" VPOS="951" WIDTH="43" HEIGHT="30" CONTENT="up" WC="0.63" CC="70"/>
						<SP ID="P307_SP00091" HPOS="586" VPOS="982" WIDTH="15"/>
						<String ID="P307_ST00106" HPOS="601" VPOS="945" WIDTH="32" HEIGHT="25" CONTENT="to" WC="0.58" CC="53"/>
						<SP ID="P307_SP00092" HPOS="633" VPOS="982" WIDTH="24"/>
						<String ID="P307_ST00107" HPOS="657" VPOS="940" WIDTH="93" HEIGHT="38" CONTENT="Paris," WC="0.73" CC="600232"/>
						<SP ID="P307_SP00093" HPOS="750" VPOS="982" WIDTH="17"/>
						<String ID="P307_ST00108" HPOS="767" VPOS="946" WIDTH="32" HEIGHT="25" CONTENT="to" WC="0.78" CC="40"/>
						<SP ID="P307_SP00094" HPOS="799" VPOS="982" WIDTH="16"/>
						<String ID="P307_ST00109" HPOS="815" VPOS="952" WIDTH="18" HEIGHT="19" CONTENT="a" WC="0.27" CC="7"/>
						<SP ID="P307_SP00095" HPOS="833" VPOS="982" WIDTH="15"/>
						<String ID="P307_ST00110" HPOS="848" VPOS="940" WIDTH="93" HEIGHT="31" CONTENT="cattle" WC="0.78" CC="020630"/>
					</TextLine>
					<TextLine ID="P307_TL00016" HPOS="115" VPOS="1001" WIDTH="826" HEIGHT="42">
						<String ID="P307_ST00111" HPOS="115" VPOS="1002" WIDTH="96" HEIGHT="38" CONTENT="show," WC="0.63" CC="67003"/>
						<SP ID="P307_SP00096" HPOS="211" VPOS="1040" WIDTH="19"/>
						<String ID="P307_ST00112" HPOS="230" VPOS="1014" WIDTH="17" HEIGHT="19" CONTENT="a" WC="0.23" CC="7"/>
						<SP ID="P307_SP00097" HPOS="247" VPOS="1040" WIDTH="15"/>
						<String ID="P307_ST00113" HPOS="262" VPOS="1007" WIDTH="84" HEIGHT="26" CONTENT="team" WC="1.00" CC="0000"/>
						<SP ID="P307_SP00098" HPOS="346" VPOS="1040" WIDTH="16"/>
						<String ID="P307_ST00114" HPOS="362" VPOS="1013" WIDTH="33" HEIGHT="20" CONTENT="or" WC="0.67" CC="24"/>
						<SP ID="P307_SP00099" HPOS="395" VPOS="1040" WIDTH="15"/>
						<String ID="P307_ST00115" HPOS="410" VPOS="1006" WIDTH="63" HEIGHT="26" CONTENT="two" WC="0.93" CC="200"/>
						<SP ID="P307_SP00100" HPOS="473" VPOS="1040" WIDTH="16"/>
						<String ID="P307_ST00116" HPOS="489" VPOS="1001" WIDTH="35" HEIGHT="31" CONTENT="of" WC="0.83" CC="03"/>
						<SP ID="P307_SP00101" HPOS="524" VPOS="1040" WIDTH="11"/>
						<String ID="P307_ST00117" HPOS="535" VPOS="1001" WIDTH="200" HEIGHT="42" CONTENT="regenerated" WC="0.72" CC="40907050030"/>
						<SP ID="P307_SP00102" HPOS="735" VPOS="1043" WIDTH="11"/>
						<String ID="P307_ST00118" HPOS="746" VPOS="1001" WIDTH="195" HEIGHT="32" CONTENT="Percherons" WC="0.80" CC="0021000608"/>
					</TextLine>
					<TextLine ID="P307_TL00017" HPOS="114" VPOS="1062" WIDTH="824" HEIGHT="37">
						<String ID="P307_ST00119" HPOS="114" VPOS="1064" WIDTH="72" HEIGHT="31" CONTENT="that" WC="0.53" CC="3707"/>
						<SP ID="P307_SP00103" HPOS="186" VPOS="1095" WIDTH="29"/>
						<String ID="P307_ST00120" HPOS="215" VPOS="1075" WIDTH="72" HEIGHT="20" CONTENT="won" WC="0.59" CC="047"/>
						<SP ID="P307_SP00104" HPOS="287" VPOS="1095" WIDTH="30"/>
						<String ID="P307_ST00121" HPOS="317" VPOS="1064" WIDTH="54" HEIGHT="31" CONTENT="the" WC="0.67" CC="072"/>
						<SP ID="P307_SP00105" HPOS="371" VPOS="1095" WIDTH="31"/>
						<String ID="P307_ST00122" HPOS="402" VPOS="1062" WIDTH="148" HEIGHT="37" CONTENT="suffrages" WC="0.72" CC="560054003"/>
						<SP ID="P307_SP00106" HPOS="550" VPOS="1099" WIDTH="30"/>
						<String ID="P307_ST00123" HPOS="580" VPOS="1062" WIDTH="35" HEIGHT="31" CONTENT="of" WC="1.00" CC="00"/>
						<SP ID="P307_SP00107" HPOS="615" VPOS="1099" WIDTH="34"/>
						<String ID="P307_ST00124" HPOS="649" VPOS="1062" WIDTH="41" HEIGHT="31" CONTENT="all" WC="0.80" CC="050"/>
						<SP ID="P307_SP00108" HPOS="690" VPOS="1099" WIDTH="31"/>
						<String ID="P307_ST00125" HPOS="721" VPOS="1063" WIDTH="217" HEIGHT="31" CONTENT="connoisseurs." WC="0.74" CC="0077040005340"/>
					</TextLine>
					<TextLine ID="P307_TL00018" HPOS="115" VPOS="1123" WIDTH="826" HEIGHT="41">
						<String ID="P307_ST00126" HPOS="115" VPOS="1125" WIDTH="98" HEIGHT="30" CONTENT="There" WC="0.51" CC="87150"/>
						<SP ID="P307_SP00109" HPOS="213" VPOS="1155" WIDTH="19"/>
						<String ID="P307_ST00127" HPOS="232" VPOS="1136" WIDTH="80" HEIGHT="19" CONTENT="were" WC="0.90" CC="0030"/>
						<SP ID="P307_SP00110" HPOS="312" VPOS="1155" WIDTH="16"/>
						<String ID="P307_ST00128" HPOS="328" VPOS="1136" WIDTH="84" HEIGHT="19" CONTENT="some" WC="1.00" CC="0000"/>
						<SP ID="P307_SP00111" HPOS="412" VPOS="1155" WIDTH="24"/>
						<String ID="P307_ST00129" HPOS="436" VPOS="1124" WIDTH="210" HEIGHT="30" CONTENT="adventurous" WC="0.62" CC="00607575071"/>
						<SP ID="P307_SP00112" HPOS="646" VPOS="1155" WIDTH="24"/>
						<String ID="P307_ST00130" HPOS="670" VPOS="1123" WIDTH="103" HEIGHT="41" CONTENT="spirits" WC="0.55" CC="6088025"/>
						<SP ID="P307_SP00113" HPOS="773" VPOS="1164" WIDTH="15"/>
						<String ID="P307_ST00131" HPOS="788" VPOS="1123" WIDTH="69" HEIGHT="31" CONTENT="wiio" WC="0.39" CC="7870"/>
						<SP ID="P307_SP00114" HPOS="857" VPOS="1164" WIDTH="23"/>
						<String ID="P307_ST00132" HPOS="880" VPOS="1123" WIDTH="61" HEIGHT="32" CONTENT="had" WC="0.75" CC="700"/>
					</TextLine>
					<TextLine ID="P307_TL00019" HPOS="115" VPOS="1184" WIDTH="826" HEIGHT="43">
						<String ID="P307_ST00133" HPOS="115" VPOS="1187" WIDTH="82" HEIGHT="31" CONTENT="tried" WC="0.77" CC="46000"/>
						<SP ID="P307_SP00115" HPOS="197" VPOS="1218" WIDTH="16"/>
						<String ID="P307_ST00134" HPOS="213" VPOS="1187" WIDTH="94" HEIGHT="40" CONTENT="sheep" WC="0.73" CC="57000"/>
						<SP ID="P307_SP00116" HPOS="307" VPOS="1227" WIDTH="15"/>
						<String ID="P307_ST00135" HPOS="322" VPOS="1198" WIDTH="7" HEIGHT="24" CONTENT=";" WC="1.00" CC="0"/>
						<SP ID="P307_SP00117" HPOS="329" VPOS="1227" WIDTH="23"/>
						<String ID="P307_ST00136" HPOS="352" VPOS="1186" WIDTH="68" HEIGHT="37" CONTENT="but," WC="0.35" CC="7774"/>
						<SP ID="P307_SP00118" HPOS="420" VPOS="1227" WIDTH="17"/>
						<String ID="P307_ST00137" HPOS="437" VPOS="1196" WIDTH="33" HEIGHT="20" CONTENT="as" WC="0.93" CC="01"/>
						<SP ID="P307_SP00119" HPOS="470" VPOS="1227" WIDTH="16"/>
						<String ID="P307_ST00138" HPOS="486" VPOS="1196" WIDTH="18" HEIGHT="20" CONTENT="a" WC="1.00" CC="0"/>
						<SP ID="P307_SP00120" HPOS="504" VPOS="1227" WIDTH="11"/>
						<String ID="P307_ST00139" HPOS="515" VPOS="1184" WIDTH="124" HEIGHT="43" CONTENT="general" WC="0.73" CC="5070005"/>
						<SP ID="P307_SP00121" HPOS="639" VPOS="1227" WIDTH="16"/>
						<String ID="P307_ST00140" HPOS="655" VPOS="1184" WIDTH="75" HEIGHT="37" CONTENT="rule," WC="0.66" CC="37103"/>
						<SP ID="P307_SP00122" HPOS="730" VPOS="1227" WIDTH="13"/>
						<String ID="P307_ST00141" HPOS="743" VPOS="1189" WIDTH="124" HEIGHT="26" CONTENT="mutton" WC="0.57" CC="265407"/>
						<SP ID="P307_SP00123" HPOS="867" VPOS="1227" WIDTH="11"/>
						<String ID="P307_ST00142" HPOS="878" VPOS="1196" WIDTH="63" HEIGHT="20" CONTENT="was" WC="0.79" CC="006"/>
					</TextLine>
					<TextLine ID="P307_TL00020" HPOS="115" VPOS="1245" WIDTH="826" HEIGHT="43">
						<String ID="P307_ST00143" HPOS="115" VPOS="1249" WIDTH="68" HEIGHT="31" CONTENT="said" WC="0.75" CC="5040"/>
						<SP ID="P307_SP00124" HPOS="183" VPOS="1280" WIDTH="16"/>
						<String ID="P307_ST00144" HPOS="199" VPOS="1254" WIDTH="56" HEIGHT="25" CONTENT="not" WC="0.52" CC="616"/>
						<SP ID="P307_SP00125" HPOS="255" VPOS="1280" WIDTH="15"/>
						<String ID="P307_ST00145" HPOS="270" VPOS="1254" WIDTH="32" HEIGHT="24" CONTENT="to" WC="0.64" CC="70"/>
						<SP ID="P307_SP00126" HPOS="302" VPOS="1280" WIDTH="19"/>
						<String ID="P307_ST00146" HPOS="321" VPOS="1259" WIDTH="71" HEIGHT="29" CONTENT="pay," WC="0.90" CC="0003"/>
						<SP ID="P307_SP00127" HPOS="392" VPOS="1288" WIDTH="18"/>
						<String ID="P307_ST00147" HPOS="410" VPOS="1246" WIDTH="71" HEIGHT="31" CONTENT="and." WC="0.84" CC="0600"/>
						<SP ID="P307_SP00128" HPOS="481" VPOS="1288" WIDTH="11"/>
						<String ID="P307_ST00148" HPOS="492" VPOS="1246" WIDTH="104" HEIGHT="30" CONTENT="horses" WC="0.83" CC="700002"/>
						<SP ID="P307_SP00129" HPOS="596" VPOS="1288" WIDTH="19"/>
						<String ID="P307_ST00149" HPOS="615" VPOS="1245" WIDTH="62" HEIGHT="31" CONTENT="and" WC="0.75" CC="070"/>
						<SP ID="P307_SP00130" HPOS="677" VPOS="1288" WIDTH="17"/>
						<String ID="P307_ST00150" HPOS="694" VPOS="1246" WIDTH="68" HEIGHT="42" CONTENT="pigs" WC="0.88" CC="0004"/>
						<SP ID="P307_SP00131" HPOS="762" VPOS="1288" WIDTH="22"/>
						<String ID="P307_ST00151" HPOS="784" VPOS="1247" WIDTH="157" HEIGHT="30" CONTENT="remained" WC="0.75" CC="54003600"/>
					</TextLine>
					<TextLine ID="P307_TL00021" HPOS="114" VPOS="1307" WIDTH="827" HEIGHT="43">
						<String ID="P307_ST00152" HPOS="114" VPOS="1312" WIDTH="35" HEIGHT="30" CONTENT="in" WC="0.63" CC="07"/>
						<SP ID="P307_SP00132" HPOS="149" VPOS="1342" WIDTH="20"/>
						<String ID="P307_ST00153" HPOS="169" VPOS="1311" WIDTH="54" HEIGHT="31" CONTENT="the" WC="0.60" CC="470"/>
						<SP ID="P307_SP00133" HPOS="223" VPOS="1342" WIDTH="23"/>
						<String ID="P307_ST00154" HPOS="246" VPOS="1309" WIDTH="171" HEIGHT="32" CONTENT="ascendant" WC="0.67" CC="520060077"/>
						<String ID="P307_ST00155" HPOS="418" VPOS="1327" WIDTH="43" HEIGHT="3" CONTENT="—" WC="0.20" CC="8"/>
						<String ID="P307_ST00156" HPOS="462" VPOS="1308" WIDTH="53" HEIGHT="30" CONTENT="the" WC="0.58" CC="470"/>
						<SP ID="P307_SP00134" HPOS="515" VPOS="1342" WIDTH="18"/>
						<String ID="P307_ST00157" HPOS="533" VPOS="1307" WIDTH="114" HEIGHT="30" CONTENT="former" WC="0.86" CC="005002"/>
						<SP ID="P307_SP00135" HPOS="647" VPOS="1342" WIDTH="19"/>
						<String ID="P307_ST00158" HPOS="666" VPOS="1307" WIDTH="97" HEIGHT="41" CONTENT="really" WC="0.75" CC="530500"/>
						<SP ID="P307_SP00136" HPOS="763" VPOS="1348" WIDTH="12"/>
						<String ID="P307_ST00159" HPOS="775" VPOS="1307" WIDTH="166" HEIGHT="43" CONTENT="justifying" WC="0.61" CC="0706009078"/>
					</TextLine>
					<TextLine ID="P307_TL00022" HPOS="114" VPOS="1368" WIDTH="827" HEIGHT="45">
						<String ID="P307_ST00160" HPOS="114" VPOS="1373" WIDTH="66" HEIGHT="31" CONTENT="this" WC="0.72" CC="3700"/>
						<SP ID="P307_SP00137" HPOS="180" VPOS="1404" WIDTH="14"/>
						<String ID="P307_ST00161" HPOS="194" VPOS="1381" WIDTH="229" HEIGHT="32" CONTENT="perseArerance," WC="0.80" CC="00400070306004"/>
						<SP ID="P307_SP00138" HPOS="423" VPOS="1413" WIDTH="18"/>
						<String ID="P307_ST00162" HPOS="441" VPOS="1369" WIDTH="53" HEIGHT="30" CONTENT="the" WC="0.53" CC="670"/>
						<SP ID="P307_SP00139" HPOS="494" VPOS="1413" WIDTH="16"/>
						<String ID="P307_ST00163" HPOS="510" VPOS="1368" WIDTH="93" HEIGHT="30" CONTENT="latter" WC="0.70" CC="005605"/>
						<SP ID="P307_SP00140" HPOS="603" VPOS="1413" WIDTH="16"/>
						<String ID="P307_ST00164" HPOS="619" VPOS="1368" WIDTH="163" HEIGHT="41" CONTENT="decidedly" WC="0.98" CC="000000010"/>
						<SP ID="P307_SP00141" HPOS="782" VPOS="1413" WIDTH="16"/>
						<String ID="P307_ST00165" HPOS="798" VPOS="1368" WIDTH="70" HEIGHT="37" CONTENT="bad," WC="0.76" CC="6003"/>
						<SP ID="P307_SP00142" HPOS="868" VPOS="1413" WIDTH="16"/>
						<String ID="P307_ST00166" HPOS="884" VPOS="1368" WIDTH="57" HEIGHT="31" CONTENT="but" WC="0.34" CC="774"/>
					</TextLine>
					<TextLine ID="P307_TL00023" HPOS="115" VPOS="1429" WIDTH="826" HEIGHT="47">
						<String ID="P307_ST00167" HPOS="115" VPOS="1435" WIDTH="104" HEIGHT="41" CONTENT="filling" WC="0.49" CC="6727570"/>
						<SP ID="P307_SP00143" HPOS="219" VPOS="1476" WIDTH="14"/>
						<String ID="P307_ST00168" HPOS="233" VPOS="1433" WIDTH="55" HEIGHT="31" CONTENT="the" WC="0.75" CC="070"/>
						<SP ID="P307_SP00144" HPOS="288" VPOS="1476" WIDTH="16"/>
						<String ID="P307_ST00169" HPOS="304" VPOS="1431" WIDTH="81" HEIGHT="32" CONTENT="souls" WC="0.44" CC="45645"/>
						<SP ID="P307_SP00145" HPOS="385" VPOS="1476" WIDTH="17"/>
						<String ID="P307_ST00170" HPOS="402" VPOS="1431" WIDTH="34" HEIGHT="30" CONTENT="of" WC="0.89" CC="20"/>
						<SP ID="P307_SP00146" HPOS="436" VPOS="1476" WIDTH="17"/>
						<String ID="P307_ST00171" HPOS="453" VPOS="1430" WIDTH="81" HEIGHT="30" CONTENT="their" WC="0.71" CC="07006"/>
						<SP ID="P307_SP00147" HPOS="534" VPOS="1476" WIDTH="18"/>
						<String ID="P307_ST00172" HPOS="552" VPOS="1429" WIDTH="142" HEIGHT="30" CONTENT="breeders" WC="0.77" CC="72000052"/>
						<SP ID="P307_SP00148" HPOS="694" VPOS="1476" WIDTH="15"/>
						<String ID="P307_ST00173" HPOS="709" VPOS="1429" WIDTH="76" HEIGHT="30" CONTENT="with" WC="0.44" CC="9047"/>
						<SP ID="P307_SP00149" HPOS="785" VPOS="1476" WIDTH="22"/>
						<String ID="P307_ST00174" HPOS="807" VPOS="1429" WIDTH="134" HEIGHT="31" CONTENT="satisfac" SUBS_TYPE="HypPart1" SUBS_CONTENT="satisfaction." WC="0.83" CC="604301000"/>
						<HYP CONTENT="-"/>
					</TextLine>
					<TextLine ID="P307_TL00024" HPOS="115" VPOS="1491" WIDTH="826" HEIGHT="44">
						<String ID="P307_ST00175" HPOS="115" VPOS="1498" WIDTH="76" HEIGHT="30" CONTENT="tion." SUBS_TYPE="HypPart2" SUBS_CONTENT="satisfaction." WC="0.57" CC="56062"/>
						<SP ID="P307_SP00150" HPOS="191" VPOS="1528" WIDTH="63"/>
						<String ID="P307_ST00176" HPOS="254" VPOS="1495" WIDTH="88" HEIGHT="40" CONTENT="They" WC="0.76" CC="0720"/>
						<SP ID="P307_SP00151" HPOS="342" VPOS="1535" WIDTH="31"/>
						<String ID="P307_ST00177" HPOS="373" VPOS="1491" WIDTH="160" HEIGHT="43" CONTENT="delighted" WC="0.78" CC="001057400"/>
						<SP ID="P307_SP00152" HPOS="533" VPOS="1535" WIDTH="31"/>
						<String ID="P307_ST00178" HPOS="564" VPOS="1491" WIDTH="33" HEIGHT="29" CONTENT="in" WC="0.27" CC="86"/>
						<SP ID="P307_SP00153" HPOS="597" VPOS="1535" WIDTH="30"/>
						<String ID="P307_ST00179" HPOS="627" VPOS="1491" WIDTH="80" HEIGHT="29" CONTENT="their" WC="0.51" CC="67504"/>
						<SP ID="P307_SP00154" HPOS="707" VPOS="1535" WIDTH="29"/>
						<String ID="P307_ST00180" HPOS="736" VPOS="1491" WIDTH="205" HEIGHT="42" CONTENT="long-legged," WC="0.60" CC="607305690402"/>
					</TextLine>
					<TextLine ID="P307_TL00025" HPOS="114" VPOS="1552" WIDTH="827" HEIGHT="47">
						<String ID="P307_ST00181" HPOS="114" VPOS="1556" WIDTH="201" HEIGHT="43" CONTENT="large-eared," WC="0.90" CC="004000004002"/>
						<SP ID="P307_SP00155" HPOS="315" VPOS="1599" WIDTH="14"/>
						<String ID="P307_ST00182" HPOS="329" VPOS="1552" WIDTH="245" HEIGHT="43" CONTENT="flabby-flanked" WC="0.74" CC="33456002207000"/>
						<SP ID="P307_SP00156" HPOS="574" VPOS="1599" WIDTH="15"/>
						<String ID="P307_ST00183" HPOS="589" VPOS="1552" WIDTH="76" HEIGHT="41" CONTENT="pigs." WC="0.88" CC="05000"/>
						<SP ID="P307_SP00157" HPOS="665" VPOS="1599" WIDTH="44"/>
						<String ID="P307_ST00184" HPOS="709" VPOS="1552" WIDTH="128" HEIGHT="30" CONTENT="Horned" WC="0.68" CC="506700"/>
						<SP ID="P307_SP00158" HPOS="837" VPOS="1599" WIDTH="13"/>
						<String ID="P307_ST00185" HPOS="850" VPOS="1553" WIDTH="91" HEIGHT="30" CONTENT="cattle" WC="0.75" CC="003640"/>
					</TextLine>
				</TextBlock>
			</PrintSpace>
		</Page>
	</Layout>
</alto>
