<?xml version="1.0" encoding="UTF-8"?>
<alto xmlns:xsi="http://www.w3.org/2001/XMLSchema-instance" xsi:noNamespaceSchemaLocation="http://www.bl.uk/schemas/alto/alto-1-4.xsd" xmlns:xlink="http://www.w3.org/1999/xlink">
	<Description>
		<MeasurementUnit>mm10</MeasurementUnit>
		<sourceImageInformation>
			<fileName>//head1/IN/2007-46/A0010888503.2/009226.jp2</fileName>
		</sourceImageInformation>
		<OCRProcessing ID="OCRPROCESSING_1">
			<preProcessingStep>
				<processingSoftware>
					<softwareCreator>CCS Content Conversion Specialists GmbH, Germany</softwareCreator>
					<softwareName>CCS docWORKS</softwareName>
					<softwareVersion>6.1-0.61</softwareVersion>
				</processingSoftware>
			</preProcessingStep>
			<ocrProcessingStep>
				<processingSoftware>
					<softwareCreator>ABBYY (BIT Software), Russia</softwareCreator>
					<softwareName>Finereader</softwareName>
				</processingSoftware>
			</ocrProcessingStep>
		</OCRProcessing>
	</Description>
	<Styles>
		<TextStyle ID="TXT_0" FONTSIZE="9" FONTFAMILY="Courier New"/>
		<TextStyle ID="TXT_1" FONTSIZE="11" FONTFAMILY="Courier New"/>
		<ParagraphStyle ID="PAR_CENTER" ALIGN="Center"/>
		<ParagraphStyle ID="PAR_LEFT" ALIGN="Left"/>
	</Styles>
	<Layout>
		<Page ID="P18" PHYSICAL_IMG_NR="18" HEIGHT="1747" WIDTH="1132" PRINTED_IMG_NR="8" POSITION="Left" ACCURACY="74.90">
			<TopMargin ID="P18_TM00001" HPOS="0" VPOS="0" WIDTH="1131" HEIGHT="138">
				<TextBlock ID="P18_TB00001" HPOS="411" VPOS="108" WIDTH="353" HEIGHT="28" STYLEREFS="TXT_0 PAR_CENTER">
					<TextLine ID="P18_TL00001" HPOS="413" VPOS="109" WIDTH="351" HEIGHT="27">
						<String ID="P18_ST00001" HPOS="413" VPOS="115" WIDTH="81" HEIGHT="21" CONTENT="LOVE" WC="0.69" CC="0560"/>
						<SP ID="P18_SP00001" HPOS="494" VPOS="136" WIDTH="24"/>
						<String ID="P18_ST00002" HPOS="518" VPOS="114" WIDTH="63" HEIGHT="21" CONTENT="THE" WC="0.84" CC="400"/>
						<SP ID="P18_SP00002" HPOS="581" VPOS="136" WIDTH="23"/>
						<String ID="P18_ST00003" HPOS="604" VPOS="109" WIDTH="160" HEIGHT="24" CONTENT="AVENGER." WC="0.87" CC="04300100"/>
					</TextLine>
				</TextBlock>
				<TextBlock ID="P18_TB00002" HPOS="177" VPOS="110" WIDTH="16" HEIGHT="26" STYLEREFS="TXT_1 PAR_LEFT">
					<TextLine ID="P18_TL00002" HPOS="177" VPOS="110" WIDTH="16" HEIGHT="26">
						<String ID="P18_ST00004" HPOS="177" VPOS="110" WIDTH="16" HEIGHT="26" CONTENT="8" WC="1.00" CC="0"/>
					</TextLine>
				</TextBlock>
			</TopMargin>
			<LeftMargin ID="P18_LM00001" HPOS="0" VPOS="138" WIDTH="174" HEIGHT="1434"/>
			<RightMargin ID="P18_RM00001" HPOS="1003" VPOS="138" WIDTH="128" HEIGHT="1434"/>
			<BottomMargin ID="P18_BM00001" HPOS="0" VPOS="1572" WIDTH="1131" HEIGHT="174"/>
			<PrintSpace ID="P18_PS00001" HPOS="174" VPOS="138" WIDTH="829" HEIGHT="1434">
				<TextBlock ID="P18_TB00003" HPOS="174" VPOS="175" WIDTH="829" HEIGHT="172" STYLEREFS="TXT_0 PAR_LEFT">
					<TextLine ID="P18_TL00003" HPOS="177" VPOS="179" WIDTH="826" HEIGHT="56">
						<String ID="P18_ST00005" HPOS="177" VPOS="198" WIDTH="32" HEIGHT="27" CONTENT="to" WC="1.00" CC="00"/>
						<SP ID="P18_SP00003" HPOS="209" VPOS="225" WIDTH="23"/>
						<String ID="P18_ST00006" HPOS="232" VPOS="193" WIDTH="46" HEIGHT="32" CONTENT="his" WC="0.42" CC="745"/>
						<SP ID="P18_SP00004" HPOS="278" VPOS="225" WIDTH="25"/>
						<String ID="P18_ST00007" HPOS="303" VPOS="197" WIDTH="66" HEIGHT="28" CONTENT="seat" WC="0.81" CC="4003"/>
						<SP ID="P18_SP00005" HPOS="369" VPOS="225" WIDTH="25"/>
						<String ID="P18_ST00008" HPOS="394" VPOS="191" WIDTH="140" HEIGHT="44" CONTENT="opposite" WC="0.75" CC="30922000"/>
						<SP ID="P18_SP00006" HPOS="534" VPOS="235" WIDTH="23"/>
						<String ID="P18_ST00009" HPOS="557" VPOS="194" WIDTH="32" HEIGHT="27" CONTENT="to" WC="1.00" CC="00"/>
						<SP ID="P18_SP00007" HPOS="589" VPOS="235" WIDTH="23"/>
						<String ID="P18_ST00010" HPOS="612" VPOS="188" WIDTH="53" HEIGHT="32" CONTENT="the" WC="0.55" CC="670"/>
						<SP ID="P18_SP00008" HPOS="665" VPOS="235" WIDTH="29"/>
						<String ID="P18_ST00011" HPOS="694" VPOS="182" WIDTH="166" HEIGHT="44" CONTENT="Marquise," WC="0.79" CC="056000311"/>
						<SP ID="P18_SP00009" HPOS="860" VPOS="235" WIDTH="27"/>
						<String ID="P18_ST00012" HPOS="887" VPOS="179" WIDTH="116" HEIGHT="36" CONTENT="having" WC="0.76" CC="701050"/>
					</TextLine>
					<TextLine ID="P18_TL00004" HPOS="176" VPOS="242" WIDTH="827" HEIGHT="53">
						<String ID="P18_ST00013" HPOS="176" VPOS="255" WIDTH="65" HEIGHT="32" CONTENT="first" WC="0.72" CC="00615"/>
						<SP ID="P18_SP00010" HPOS="241" VPOS="287" WIDTH="22"/>
						<String ID="P18_ST00014" HPOS="263" VPOS="255" WIDTH="51" HEIGHT="32" CONTENT="bid" WC="0.75" CC="700"/>
						<SP ID="P18_SP00011" HPOS="314" VPOS="287" WIDTH="23"/>
						<String ID="P18_ST00015" HPOS="337" VPOS="254" WIDTH="54" HEIGHT="32" CONTENT="her" WC="0.55" CC="706"/>
						<SP ID="P18_SP00012" HPOS="391" VPOS="287" WIDTH="22"/>
						<String ID="P18_ST00016" HPOS="413" VPOS="258" WIDTH="56" HEIGHT="37" CONTENT="put" WC="0.80" CC="041"/>
						<SP ID="P18_SP00013" HPOS="469" VPOS="295" WIDTH="23"/>
						<String ID="P18_ST00017" HPOS="492" VPOS="251" WIDTH="84" HEIGHT="33" CONTENT="aside" WC="0.94" CC="03000"/>
						<SP ID="P18_SP00014" HPOS="576" VPOS="295" WIDTH="24"/>
						<String ID="P18_ST00018" HPOS="600" VPOS="250" WIDTH="51" HEIGHT="31" CONTENT="the" WC="0.69" CC="071"/>
						<SP ID="P18_SP00015" HPOS="651" VPOS="295" WIDTH="25"/>
						<String ID="P18_ST00019" HPOS="676" VPOS="246" WIDTH="135" HEIGHT="34" CONTENT="curtains" WC="0.69" CC="05160074"/>
						<SP ID="P18_SP00016" HPOS="811" VPOS="295" WIDTH="22"/>
						<String ID="P18_ST00020" HPOS="833" VPOS="242" WIDTH="69" HEIGHT="33" CONTENT="that" WC="0.72" CC="3700"/>
						<SP ID="P18_SP00017" HPOS="902" VPOS="295" WIDTH="19"/>
						<String ID="P18_ST00021" HPOS="921" VPOS="248" WIDTH="82" HEIGHT="22" CONTENT="were" WC="0.87" CC="0050"/>
					</TextLine>
					<TextLine ID="P18_TL00005" HPOS="176" VPOS="314" WIDTH="287" HEIGHT="33">
						<String ID="P18_ST00022" HPOS="176" VPOS="316" WIDTH="95" HEIGHT="31" CONTENT="round" WC="0.80" CC="00450"/>
						<SP ID="P18_SP00018" HPOS="271" VPOS="347" WIDTH="15"/>
						<String ID="P18_ST00023" HPOS="286" VPOS="316" WIDTH="52" HEIGHT="31" CONTENT="the" WC="0.71" CC="170"/>
						<SP ID="P18_SP00019" HPOS="338" VPOS="347" WIDTH="17"/>
						<String ID="P18_ST00024" HPOS="355" VPOS="314" WIDTH="108" HEIGHT="33" CONTENT="cradle." WC="0.88" CC="0400300"/>
					</TextLine>
				</TextBlock>
				<TextBlock ID="P18_TB00004" HPOS="176" VPOS="361" WIDTH="823" HEIGHT="119" STYLEREFS="TXT_0 PAR_LEFT">
					<TextLine ID="P18_TL00006" HPOS="221" VPOS="362" WIDTH="778" HEIGHT="55">
						<String ID="P18_ST00025" HPOS="221" VPOS="379" WIDTH="17" HEIGHT="13" CONTENT='"' WC="0.52" CC="4"/>
						<SP ID="P18_SP00020" HPOS="238" VPOS="392" WIDTH="18"/>
						<String ID="P18_ST00026" HPOS="256" VPOS="378" WIDTH="61" HEIGHT="30" CONTENT="But" WC="0.55" CC="660"/>
						<SP ID="P18_SP00021" HPOS="317" VPOS="408" WIDTH="23"/>
						<String ID="P18_ST00027" HPOS="340" VPOS="376" WIDTH="73" HEIGHT="41" CONTENT="they" WC="0.81" CC="0700"/>
						<SP ID="P18_SP00022" HPOS="413" VPOS="417" WIDTH="23"/>
						<String ID="P18_ST00028" HPOS="436" VPOS="386" WIDTH="55" HEIGHT="29" CONTENT="say" WC="0.76" CC="700"/>
						<SP ID="P18_SP00023" HPOS="491" VPOS="417" WIDTH="24"/>
						<String ID="P18_ST00029" HPOS="515" VPOS="373" WIDTH="38" HEIGHT="31" CONTENT="he" WC="0.63" CC="70"/>
						<SP ID="P18_SP00024" HPOS="553" VPOS="417" WIDTH="25"/>
						<String ID="P18_ST00030" HPOS="578" VPOS="369" WIDTH="109" HEIGHT="34" CONTENT="should" WC="0.60" CC="460650"/>
						<SP ID="P18_SP00025" HPOS="687" VPOS="417" WIDTH="25"/>
						<String ID="P18_ST00031" HPOS="712" VPOS="369" WIDTH="38" HEIGHT="31" CONTENT="be" WC="1.00" CC="00"/>
						<SP ID="P18_SP00026" HPOS="750" VPOS="417" WIDTH="25"/>
						<String ID="P18_ST00032" HPOS="775" VPOS="367" WIDTH="75" HEIGHT="41" CONTENT="kept" WC="0.67" CC="6007"/>
						<SP ID="P18_SP00027" HPOS="850" VPOS="417" WIDTH="23"/>
						<String ID="P18_ST00033" HPOS="873" VPOS="362" WIDTH="126" HEIGHT="40" CONTENT='warm,"' WC="0.78" CC="004034"/>
					</TextLine>
					<TextLine ID="P18_TL00007" HPOS="177" VPOS="433" WIDTH="602" HEIGHT="47">
						<String ID="P18_ST00034" HPOS="177" VPOS="438" WIDTH="138" HEIGHT="42" CONTENT="objected" WC="0.87" CC="45000000"/>
						<SP ID="P18_SP00028" HPOS="315" VPOS="480" WIDTH="16"/>
						<String ID="P18_ST00035" HPOS="331" VPOS="437" WIDTH="63" HEIGHT="40" CONTENT="she," WC="0.66" CC="5700"/>
						<SP ID="P18_SP00029" HPOS="394" VPOS="480" WIDTH="19"/>
						<String ID="P18_ST00036" HPOS="413" VPOS="436" WIDTH="132" HEIGHT="42" CONTENT="obeying" WC="0.78" CC="2030170"/>
						<SP ID="P18_SP00030" HPOS="545" VPOS="480" WIDTH="15"/>
						<String ID="P18_ST00037" HPOS="560" VPOS="434" WIDTH="41" HEIGHT="32" CONTENT="all" WC="0.94" CC="010"/>
						<SP ID="P18_SP00031" HPOS="601" VPOS="480" WIDTH="16"/>
						<String ID="P18_ST00038" HPOS="617" VPOS="433" WIDTH="52" HEIGHT="32" CONTENT="the" WC="0.59" CC="470"/>
						<SP ID="P18_SP00032" HPOS="669" VPOS="480" WIDTH="17"/>
						<String ID="P18_ST00039" HPOS="686" VPOS="442" WIDTH="93" HEIGHT="21" CONTENT="same." WC="0.81" CC="10700"/>
					</TextLine>
				</TextBlock>
				<TextBlock ID="P18_TB00005" HPOS="177" VPOS="486" WIDTH="823" HEIGHT="174" STYLEREFS="TXT_0 PAR_LEFT">
					<TextLine ID="P18_TL00008" HPOS="219" VPOS="487" WIDTH="781" HEIGHT="45">
						<String ID="P18_ST00040" HPOS="219" VPOS="501" WIDTH="106" HEIGHT="31" CONTENT="Victor" WC="0.73" CC="600304"/>
						<SP ID="P18_SP00033" HPOS="325" VPOS="532" WIDTH="36"/>
						<String ID="P18_ST00041" HPOS="361" VPOS="498" WIDTH="116" HEIGHT="33" CONTENT="smiled." WC="0.83" CC="1041003"/>
						<SP ID="P18_SP00034" HPOS="477" VPOS="532" WIDTH="71"/>
						<String ID="P18_ST00042" HPOS="548" VPOS="493" WIDTH="245" HEIGHT="35" CONTENT='"Nonsense!"' WC="0.58" CC="58375075002"/>
						<SP ID="P18_SP00035" HPOS="793" VPOS="532" WIDTH="45"/>
						<String ID="P18_ST00043" HPOS="838" VPOS="490" WIDTH="67" HEIGHT="33" CONTENT="said" WC="0.77" CC="3060"/>
						<SP ID="P18_SP00036" HPOS="905" VPOS="532" WIDTH="36"/>
						<String ID="P18_ST00044" HPOS="941" VPOS="487" WIDTH="59" HEIGHT="42" CONTENT="he;" WC="0.75" CC="700"/>
					</TextLine>
					<TextLine ID="P18_TL00009" HPOS="178" VPOS="552" WIDTH="822" HEIGHT="44">
						<String ID="P18_ST00045" HPOS="178" VPOS="563" WIDTH="17" HEIGHT="14" CONTENT='"' WC="1.00" CC="0"/>
						<SP ID="P18_SP00037" HPOS="195" VPOS="577" WIDTH="13"/>
						<String ID="P18_ST00046" HPOS="208" VPOS="561" WIDTH="67" HEIGHT="32" CONTENT="that" WC="0.50" CC="5706"/>
						<SP ID="P18_SP00038" HPOS="275" VPOS="593" WIDTH="22"/>
						<String ID="P18_ST00047" HPOS="297" VPOS="560" WIDTH="25" HEIGHT="32" CONTENT="is" WC="0.71" CC="41"/>
						<SP ID="P18_SP00039" HPOS="322" VPOS="593" WIDTH="20"/>
						<String ID="P18_ST00048" HPOS="342" VPOS="560" WIDTH="51" HEIGHT="32" CONTENT="the" WC="0.72" CC="070"/>
						<SP ID="P18_SP00040" HPOS="393" VPOS="593" WIDTH="16"/>
						<String ID="P18_ST00049" HPOS="409" VPOS="563" WIDTH="154" HEIGHT="28" CONTENT="worn-out" WC="0.78" CC="00350160"/>
						<SP ID="P18_SP00041" HPOS="563" VPOS="593" WIDTH="16"/>
						<String ID="P18_ST00050" HPOS="579" VPOS="557" WIDTH="119" HEIGHT="33" CONTENT="science" WC="0.81" CC="6010500"/>
						<SP ID="P18_SP00042" HPOS="698" VPOS="593" WIDTH="20"/>
						<String ID="P18_ST00051" HPOS="718" VPOS="555" WIDTH="34" HEIGHT="33" CONTENT="of" WC="0.93" CC="01"/>
						<SP ID="P18_SP00043" HPOS="752" VPOS="593" WIDTH="18"/>
						<String ID="P18_ST00052" HPOS="770" VPOS="552" WIDTH="113" HEIGHT="44" CONTENT="stupid," WC="0.75" CC="3150501"/>
						<SP ID="P18_SP00044" HPOS="883" VPOS="596" WIDTH="17"/>
						<String ID="P18_ST00053" HPOS="900" VPOS="562" WIDTH="100" HEIGHT="21" CONTENT="Avorn" SUBS_TYPE="HypPart1" SUBS_CONTENT="Avornout" WC="0.72" CC="050650"/>
						<HYP CONTENT="-"/>
					</TextLine>
					<TextLine ID="P18_TL00010" HPOS="178" VPOS="616" WIDTH="655" HEIGHT="44">
						<String ID="P18_ST00054" HPOS="178" VPOS="626" WIDTH="53" HEIGHT="28" CONTENT="out" SUBS_TYPE="HypPart2" SUBS_CONTENT="Avornout" WC="0.85" CC="210"/>
						<SP ID="P18_SP00045" HPOS="231" VPOS="654" WIDTH="17"/>
						<String ID="P18_ST00055" HPOS="248" VPOS="622" WIDTH="116" HEIGHT="31" CONTENT="doctors" WC="0.72" CC="0300553"/>
						<String ID="P18_ST00056" HPOS="377" VPOS="634" WIDTH="6" HEIGHT="26" CONTENT=";" WC="0.87" CC="1"/>
						<SP ID="P18_SP00046" HPOS="383" VPOS="660" WIDTH="25"/>
						<String ID="P18_ST00057" HPOS="408" VPOS="632" WIDTH="18" HEIGHT="20" CONTENT="a" WC="1.00" CC="0"/>
						<SP ID="P18_SP00047" HPOS="426" VPOS="660" WIDTH="16"/>
						<String ID="P18_ST00058" HPOS="442" VPOS="620" WIDTH="80" HEIGHT="32" CONTENT="child" WC="0.56" CC="77420"/>
						<SP ID="P18_SP00048" HPOS="522" VPOS="660" WIDTH="16"/>
						<String ID="P18_ST00059" HPOS="538" VPOS="618" WIDTH="109" HEIGHT="33" CONTENT="should" WC="0.52" CC="672650"/>
						<SP ID="P18_SP00049" HPOS="647" VPOS="660" WIDTH="16"/>
						<String ID="P18_ST00060" HPOS="663" VPOS="618" WIDTH="79" HEIGHT="31" CONTENT="have" WC="0.82" CC="7000"/>
						<SP ID="P18_SP00050" HPOS="742" VPOS="660" WIDTH="16"/>
						<String ID="P18_ST00061" HPOS="758" VPOS="616" WIDTH="75" HEIGHT="32" CONTENT='air."' WC="0.54" CC="45415"/>
					</TextLine>
				</TextBlock>
				<TextBlock ID="P18_TB00006" HPOS="180" VPOS="674" WIDTH="822" HEIGHT="107" STYLEREFS="TXT_0 PAR_LEFT">
					<TextLine ID="P18_TL00011" HPOS="224" VPOS="675" WIDTH="778" HEIGHT="48">
						<String ID="P18_ST00062" HPOS="224" VPOS="684" WIDTH="17" HEIGHT="14" CONTENT='"' WC="0.74" CC="2"/>
						<SP ID="P18_SP00051" HPOS="241" VPOS="698" WIDTH="18"/>
						<String ID="P18_ST00063" HPOS="259" VPOS="683" WIDTH="80" HEIGHT="31" CONTENT="How" WC="0.75" CC="600"/>
						<SP ID="P18_SP00052" HPOS="339" VPOS="714" WIDTH="30"/>
						<String ID="P18_ST00064" HPOS="369" VPOS="694" WIDTH="57" HEIGHT="19" CONTENT="can" WC="0.76" CC="007"/>
						<SP ID="P18_SP00053" HPOS="426" VPOS="714" WIDTH="37"/>
						<String ID="P18_ST00065" HPOS="463" VPOS="693" WIDTH="61" HEIGHT="30" CONTENT="you" WC="0.79" CC="006"/>
						<SP ID="P18_SP00054" HPOS="524" VPOS="723" WIDTH="37"/>
						<String ID="P18_ST00066" HPOS="561" VPOS="679" WIDTH="134" HEIGHT="44" CONTENT="possibly" WC="0.80" CC="03425000"/>
						<SP ID="P18_SP00055" HPOS="695" VPOS="723" WIDTH="32"/>
						<String ID="P18_ST00067" HPOS="727" VPOS="679" WIDTH="92" HEIGHT="31" CONTENT="know" WC="0.89" CC="0040"/>
						<SP ID="P18_SP00056" HPOS="819" VPOS="723" WIDTH="31"/>
						<String ID="P18_ST00068" HPOS="850" VPOS="675" WIDTH="152" HEIGHT="43" CONTENT="anything" WC="0.63" CC="12067460"/>
					</TextLine>
					<TextLine ID="P18_TL00012" HPOS="181" VPOS="739" WIDTH="821" HEIGHT="42">
						<String ID="P18_ST00069" HPOS="181" VPOS="745" WIDTH="91" HEIGHT="31" CONTENT="about" WC="0.81" CC="10034"/>
						<SP ID="P18_SP00057" HPOS="272" VPOS="776" WIDTH="30"/>
						<String ID="P18_ST00070" HPOS="302" VPOS="743" WIDTH="189" HEIGHT="32" CONTENT='children?"' WC="0.72" CC="0710060083"/>
						<SP ID="P18_SP00058" HPOS="491" VPOS="776" WIDTH="40"/>
						<String ID="P18_ST00071" HPOS="531" VPOS="741" WIDTH="139" HEIGHT="40" CONTENT="inquired" WC="0.78" CC="20023530"/>
						<SP ID="P18_SP00059" HPOS="670" VPOS="781" WIDTH="29"/>
						<String ID="P18_ST00072" HPOS="699" VPOS="740" WIDTH="51" HEIGHT="32" CONTENT="the" WC="0.75" CC="070"/>
						<SP ID="P18_SP00060" HPOS="750" VPOS="781" WIDTH="31"/>
						<String ID="P18_ST00073" HPOS="781" VPOS="750" WIDTH="106" HEIGHT="31" CONTENT="young" WC="0.56" CC="00669"/>
						<SP ID="P18_SP00061" HPOS="887" VPOS="781" WIDTH="30"/>
						<String ID="P18_ST00074" HPOS="917" VPOS="739" WIDTH="85" HEIGHT="31" CONTENT="Mar-" WC="0.86" CC="0050"/>
					</TextLine>
				</TextBlock>
				<TextBlock ID="P18_TB00007" HPOS="178" VPOS="816" WIDTH="91" HEIGHT="29" STYLEREFS="TXT_0 PAR_LEFT">
					<TextLine ID="P18_TL00013" HPOS="179" VPOS="817" WIDTH="90" HEIGHT="28">
						<String ID="P18_ST00075" HPOS="179" VPOS="817" WIDTH="90" HEIGHT="28" CONTENT="quise." WC="0.91" CC="000500"/>
					</TextLine>
				</TextBlock>
				<TextBlock ID="P18_TB00008" HPOS="179" VPOS="862" WIDTH="821" HEIGHT="656" STYLEREFS="TXT_0 PAR_LEFT">
					<TextLine ID="P18_TL00014" HPOS="226" VPOS="864" WIDTH="774" HEIGHT="39">
						<String ID="P18_ST00076" HPOS="226" VPOS="868" WIDTH="16" HEIGHT="14" CONTENT='"' WC="0.54" CC="4"/>
						<SP ID="P18_SP00062" HPOS="242" VPOS="882" WIDTH="19"/>
						<String ID="P18_ST00077" HPOS="261" VPOS="867" WIDTH="136" HEIGHT="31" CONTENT="Because" WC="0.83" CC="6000400"/>
						<SP ID="P18_SP00063" HPOS="397" VPOS="898" WIDTH="37"/>
						<String ID="P18_ST00078" HPOS="434" VPOS="866" WIDTH="15" HEIGHT="31" CONTENT="I" WC="0.67" CC="3"/>
						<SP ID="P18_SP00064" HPOS="449" VPOS="898" WIDTH="37"/>
						<String ID="P18_ST00079" HPOS="486" VPOS="865" WIDTH="79" HEIGHT="31" CONTENT="have" WC="0.67" CC="7050"/>
						<SP ID="P18_SP00065" HPOS="565" VPOS="898" WIDTH="38"/>
						<String ID="P18_ST00080" HPOS="603" VPOS="865" WIDTH="77" HEIGHT="31" CONTENT="been" WC="0.80" CC="5002"/>
						<SP ID="P18_SP00066" HPOS="680" VPOS="898" WIDTH="37"/>
						<String ID="P18_ST00081" HPOS="717" VPOS="864" WIDTH="111" HEIGHT="31" CONTENT="twelve" WC="0.55" CC="780027"/>
						<SP ID="P18_SP00067" HPOS="828" VPOS="898" WIDTH="34"/>
						<String ID="P18_ST00082" HPOS="862" VPOS="874" WIDTH="89" HEIGHT="29" CONTENT="years" WC="0.78" CC="60012"/>
						<SP ID="P18_SP00068" HPOS="951" VPOS="903" WIDTH="32"/>
						<String ID="P18_ST00083" HPOS="983" VPOS="873" WIDTH="17" HEIGHT="21" CONTENT="a" WC="0.99" CC="0"/>
					</TextLine>
					<TextLine ID="P18_TL00015" HPOS="181" VPOS="925" WIDTH="819" HEIGHT="44">
						<String ID="P18_ST00084" HPOS="181" VPOS="927" WIDTH="140" HEIGHT="40" CONTENT='soldier,"' WC="0.84" CC="200020510"/>
						<SP ID="P18_SP00069" HPOS="321" VPOS="967" WIDTH="16"/>
						<String ID="P18_ST00085" HPOS="337" VPOS="927" WIDTH="116" HEIGHT="42" CONTENT="replied" WC="0.94" CC="3000000"/>
						<SP ID="P18_SP00070" HPOS="453" VPOS="969" WIDTH="15"/>
						<String ID="P18_ST00086" HPOS="468" VPOS="927" WIDTH="39" HEIGHT="31" CONTENT="he" WC="0.63" CC="70"/>
						<SP ID="P18_SP00071" HPOS="507" VPOS="969" WIDTH="11"/>
						<String ID="P18_ST00087" HPOS="518" VPOS="940" WIDTH="7" HEIGHT="27" CONTENT=";" WC="0.42" CC="5"/>
						<SP ID="P18_SP00072" HPOS="525" VPOS="969" WIDTH="26"/>
						<String ID="P18_ST00088" HPOS="551" VPOS="927" WIDTH="17" HEIGHT="14" CONTENT='"' WC="0.87" CC="1"/>
						<SP ID="P18_SP00073" HPOS="568" VPOS="969" WIDTH="14"/>
						<String ID="P18_ST00089" HPOS="582" VPOS="926" WIDTH="60" HEIGHT="31" CONTENT="and" WC="0.81" CC="050"/>
						<SP ID="P18_SP00074" HPOS="642" VPOS="969" WIDTH="15"/>
						<String ID="P18_ST00090" HPOS="657" VPOS="926" WIDTH="39" HEIGHT="31" CONTENT="he" WC="0.63" CC="70"/>
						<SP ID="P18_SP00075" HPOS="696" VPOS="969" WIDTH="16"/>
						<String ID="P18_ST00091" HPOS="712" VPOS="930" WIDTH="83" HEIGHT="27" CONTENT="must" WC="0.78" CC="0620"/>
						<SP ID="P18_SP00076" HPOS="795" VPOS="969" WIDTH="21"/>
						<String ID="P18_ST00092" HPOS="816" VPOS="925" WIDTH="38" HEIGHT="31" CONTENT="be" WC="0.66" CC="60"/>
						<SP ID="P18_SP00077" HPOS="854" VPOS="969" WIDTH="22"/>
						<String ID="P18_ST00093" HPOS="876" VPOS="937" WIDTH="18" HEIGHT="19" CONTENT="a" WC="1.00" CC="0"/>
						<SP ID="P18_SP00078" HPOS="894" VPOS="969" WIDTH="22"/>
						<String ID="P18_ST00094" HPOS="916" VPOS="937" WIDTH="84" HEIGHT="29" CONTENT="sorry" WC="0.75" CC="61040"/>
					</TextLine>
					<TextLine ID="P18_TL00016" HPOS="181" VPOS="987" WIDTH="819" HEIGHT="34">
						<String ID="P18_ST00095" HPOS="181" VPOS="989" WIDTH="111" HEIGHT="32" CONTENT="soldier" WC="0.46" CC="5449606"/>
						<SP ID="P18_SP00079" HPOS="292" VPOS="1021" WIDTH="17"/>
						<String ID="P18_ST00096" HPOS="309" VPOS="988" WIDTH="68" HEIGHT="32" CONTENT="who" WC="0.61" CC="074"/>
						<SP ID="P18_SP00080" HPOS="377" VPOS="1021" WIDTH="16"/>
						<String ID="P18_ST00097" HPOS="393" VPOS="988" WIDTH="31" HEIGHT="31" CONTENT="in" WC="0.50" CC="36"/>
						<SP ID="P18_SP00081" HPOS="424" VPOS="1021" WIDTH="16"/>
						<String ID="P18_ST00098" HPOS="440" VPOS="988" WIDTH="68" HEIGHT="32" CONTENT="that" WC="0.78" CC="1700"/>
						<SP ID="P18_SP00082" HPOS="508" VPOS="1021" WIDTH="23"/>
						<String ID="P18_ST00099" HPOS="531" VPOS="988" WIDTH="74" HEIGHT="31" CONTENT="time" WC="0.84" CC="6000"/>
						<SP ID="P18_SP00083" HPOS="605" VPOS="1021" WIDTH="23"/>
						<String ID="P18_ST00100" HPOS="628" VPOS="987" WIDTH="54" HEIGHT="32" CONTENT="has" WC="0.60" CC="704"/>
						<SP ID="P18_SP00084" HPOS="682" VPOS="1021" WIDTH="21"/>
						<String ID="P18_ST00101" HPOS="703" VPOS="992" WIDTH="55" HEIGHT="27" CONTENT="not" WC="0.63" CC="703"/>
						<SP ID="P18_SP00085" HPOS="758" VPOS="1021" WIDTH="22"/>
						<String ID="P18_ST00102" HPOS="780" VPOS="987" WIDTH="126" HEIGHT="32" CONTENT="learned" WC="0.94" CC="0000400"/>
						<SP ID="P18_SP00086" HPOS="906" VPOS="1021" WIDTH="23"/>
						<String ID="P18_ST00103" HPOS="929" VPOS="987" WIDTH="71" HEIGHT="31" CONTENT="Iioav" WC="0.71" CC="67000"/>
					</TextLine>
					<TextLine ID="P18_TL00017" HPOS="180" VPOS="1049" WIDTH="820" HEIGHT="41">
						<String ID="P18_ST00104" HPOS="180" VPOS="1054" WIDTH="31" HEIGHT="28" CONTENT="to" WC="0.73" CC="05"/>
						<SP ID="P18_SP00087" HPOS="211" VPOS="1082" WIDTH="16"/>
						<String ID="P18_ST00105" HPOS="227" VPOS="1049" WIDTH="73" HEIGHT="32" CONTENT="take" WC="1.00" CC="0000"/>
						<SP ID="P18_SP00088" HPOS="300" VPOS="1082" WIDTH="16"/>
						<String ID="P18_ST00106" HPOS="316" VPOS="1060" WIDTH="69" HEIGHT="21" CONTENT="care" WC="0.91" CC="0030"/>
						<SP ID="P18_SP00089" HPOS="385" VPOS="1082" WIDTH="17"/>
						<String ID="P18_ST00107" HPOS="402" VPOS="1049" WIDTH="33" HEIGHT="31" CONTENT="of" WC="0.64" CC="06"/>
						<SP ID="P18_SP00090" HPOS="435" VPOS="1082" WIDTH="18"/>
						<String ID="P18_ST00108" HPOS="453" VPOS="1049" WIDTH="47" HEIGHT="31" CONTENT="his" WC="0.45" CC="735"/>
						<SP ID="P18_SP00091" HPOS="500" VPOS="1082" WIDTH="22"/>
						<String ID="P18_ST00109" HPOS="522" VPOS="1060" WIDTH="68" HEIGHT="20" CONTENT="own" WC="0.78" CC="006"/>
						<SP ID="P18_SP00092" HPOS="590" VPOS="1082" WIDTH="22"/>
						<String ID="P18_ST00110" HPOS="612" VPOS="1049" WIDTH="126" HEIGHT="41" CONTENT="species," WC="0.85" CC="60002020"/>
						<SP ID="P18_SP00093" HPOS="738" VPOS="1090" WIDTH="18"/>
						<String ID="P18_ST00111" HPOS="756" VPOS="1049" WIDTH="139" HEIGHT="32" CONTENT="Avhether" WC="0.73" CC="00702704"/>
						<SP ID="P18_SP00094" HPOS="895" VPOS="1090" WIDTH="22"/>
						<String ID="P18_ST00112" HPOS="917" VPOS="1060" WIDTH="83" HEIGHT="29" CONTENT="men," WC="0.89" CC="0004"/>
					</TextLine>
					<TextLine ID="P18_TL00018" HPOS="182" VPOS="1109" WIDTH="818" HEIGHT="43">
						<String ID="P18_ST00113" HPOS="182" VPOS="1122" WIDTH="128" HEIGHT="28" CONTENT="women," WC="0.84" CC="020070"/>
						<SP ID="P18_SP00095" HPOS="310" VPOS="1150" WIDTH="19"/>
						<String ID="P18_ST00114" HPOS="329" VPOS="1122" WIDTH="33" HEIGHT="20" CONTENT="or" WC="0.40" CC="56"/>
						<SP ID="P18_SP00096" HPOS="362" VPOS="1150" WIDTH="16"/>
						<String ID="P18_ST00115" HPOS="378" VPOS="1109" WIDTH="146" HEIGHT="33" CONTENT="children." WC="0.70" CC="070406070"/>
						<SP ID="P18_SP00097" HPOS="524" VPOS="1150" WIDTH="47"/>
						<String ID="P18_ST00116" HPOS="571" VPOS="1110" WIDTH="14" HEIGHT="31" CONTENT="I" WC="1.00" CC="0"/>
						<SP ID="P18_SP00098" HPOS="585" VPOS="1150" WIDTH="22"/>
						<String ID="P18_ST00117" HPOS="607" VPOS="1109" WIDTH="77" HEIGHT="32" CONTENT="limit" WC="0.71" CC="05007"/>
						<SP ID="P18_SP00099" HPOS="684" VPOS="1150" WIDTH="21"/>
						<String ID="P18_ST00118" HPOS="705" VPOS="1122" WIDTH="51" HEIGHT="30" CONTENT="my" WC="1.00" CC="00"/>
						<SP ID="P18_SP00100" HPOS="756" VPOS="1152" WIDTH="16"/>
						<String ID="P18_ST00119" HPOS="772" VPOS="1110" WIDTH="133" HEIGHT="32" CONTENT="doctor's" WC="0.75" CC="00700605"/>
						<SP ID="P18_SP00101" HPOS="905" VPOS="1152" WIDTH="16"/>
						<String ID="P18_ST00120" HPOS="921" VPOS="1110" WIDTH="79" HEIGHT="40" CONTENT="skill," WC="0.86" CC="600100"/>
					</TextLine>
					<TextLine ID="P18_TL00019" HPOS="180" VPOS="1170" WIDTH="820" HEIGHT="43">
						<String ID="P18_ST00121" HPOS="180" VPOS="1183" WIDTH="60" HEIGHT="30" CONTENT="you" WC="0.85" CC="004"/>
						<SP ID="P18_SP00102" HPOS="240" VPOS="1213" WIDTH="18"/>
						<String ID="P18_ST00122" HPOS="258" VPOS="1182" WIDTH="58" HEIGHT="29" CONTENT="see," WC="0.89" CC="4000"/>
						<SP ID="P18_SP00103" HPOS="316" VPOS="1213" WIDTH="18"/>
						<String ID="P18_ST00123" HPOS="334" VPOS="1176" WIDTH="31" HEIGHT="27" CONTENT="at" WC="0.65" CC="60"/>
						<SP ID="P18_SP00104" HPOS="365" VPOS="1213" WIDTH="15"/>
						<String ID="P18_ST00124" HPOS="380" VPOS="1170" WIDTH="60" HEIGHT="32" CONTENT="this" WC="0.54" CC="0755"/>
						<SP ID="P18_SP00105" HPOS="440" VPOS="1213" WIDTH="21"/>
						<String ID="P18_ST00125" HPOS="461" VPOS="1175" WIDTH="135" HEIGHT="27" CONTENT="moment" WC="0.90" CC="000060"/>
						<SP ID="P18_SP00106" HPOS="596" VPOS="1213" WIDTH="24"/>
						<String ID="P18_ST00126" HPOS="620" VPOS="1176" WIDTH="32" HEIGHT="26" CONTENT="to" WC="0.65" CC="23"/>
						<SP ID="P18_SP00107" HPOS="652" VPOS="1213" WIDTH="22"/>
						<String ID="P18_ST00127" HPOS="674" VPOS="1170" WIDTH="115" HEIGHT="33" CONTENT="human" WC="0.60" CC="76006"/>
						<SP ID="P18_SP00108" HPOS="789" VPOS="1213" WIDTH="21"/>
						<String ID="P18_ST00128" HPOS="810" VPOS="1171" WIDTH="117" HEIGHT="42" CONTENT="beings," WC="0.74" CC="2107060"/>
						<SP ID="P18_SP00109" HPOS="927" VPOS="1213" WIDTH="18"/>
						<String ID="P18_ST00129" HPOS="945" VPOS="1172" WIDTH="55" HEIGHT="31" CONTENT="but" WC="0.59" CC="650"/>
					</TextLine>
					<TextLine ID="P18_TL00020" HPOS="181" VPOS="1231" WIDTH="819" HEIGHT="44">
						<String ID="P18_ST00130" HPOS="181" VPOS="1242" WIDTH="39" HEIGHT="21" CONTENT="an" WC="0.24" CC="77"/>
						<SP ID="P18_SP00110" HPOS="220" VPOS="1263" WIDTH="24"/>
						<String ID="P18_ST00131" HPOS="244" VPOS="1231" WIDTH="100" HEIGHT="31" CONTENT="officer" WC="0.92" CC="1000004"/>
						<SP ID="P18_SP00111" HPOS="344" VPOS="1263" WIDTH="15"/>
						<String ID="P18_ST00132" HPOS="359" VPOS="1231" WIDTH="69" HEIGHT="32" CONTENT="who" WC="0.42" CC="970"/>
						<SP ID="P18_SP00112" HPOS="428" VPOS="1263" WIDTH="23"/>
						<String ID="P18_ST00133" HPOS="451" VPOS="1231" WIDTH="108" HEIGHT="32" CONTENT="should" WC="0.61" CC="374710"/>
						<SP ID="P18_SP00113" HPOS="559" VPOS="1263" WIDTH="22"/>
						<String ID="P18_ST00134" HPOS="581" VPOS="1236" WIDTH="54" HEIGHT="27" CONTENT="not" WC="0.82" CC="400"/>
						<SP ID="P18_SP00114" HPOS="635" VPOS="1263" WIDTH="18"/>
						<String ID="P18_ST00135" HPOS="653" VPOS="1231" WIDTH="38" HEIGHT="33" CONTENT="be" WC="0.81" CC="30"/>
						<SP ID="P18_SP00115" HPOS="691" VPOS="1264" WIDTH="17"/>
						<String ID="P18_ST00136" HPOS="708" VPOS="1243" WIDTH="18" HEIGHT="21" CONTENT="a" WC="1.00" CC="0"/>
						<SP ID="P18_SP00116" HPOS="726" VPOS="1264" WIDTH="16"/>
						<String ID="P18_ST00137" HPOS="742" VPOS="1232" WIDTH="173" HEIGHT="43" CONTENT="veterinary" WC="0.73" CC="6000614050"/>
						<SP ID="P18_SP00117" HPOS="915" VPOS="1275" WIDTH="21"/>
						<String ID="P18_ST00138" HPOS="936" VPOS="1245" WIDTH="64" HEIGHT="20" CONTENT="sur" SUBS_TYPE="HypPart1" SUBS_CONTENT="surgeon" WC="0.64" CC="3550"/>
						<HYP CONTENT="-"/>
					</TextLine>
					<TextLine ID="P18_TL00021" HPOS="181" VPOS="1292" WIDTH="819" HEIGHT="44">
						<String ID="P18_ST00139" HPOS="181" VPOS="1304" WIDTH="78" HEIGHT="30" CONTENT="geon" SUBS_TYPE="HypPart2" SUBS_CONTENT="surgeon" WC="0.77" CC="0206"/>
						<SP ID="P18_SP00118" HPOS="259" VPOS="1334" WIDTH="16"/>
						<String ID="P18_ST00140" HPOS="275" VPOS="1292" WIDTH="100" HEIGHT="32" CONTENT="Avould" WC="0.94" CC="000300"/>
						<SP ID="P18_SP00119" HPOS="375" VPOS="1334" WIDTH="15"/>
						<String ID="P18_ST00141" HPOS="390" VPOS="1292" WIDTH="78" HEIGHT="33" CONTENT="have" WC="0.67" CC="7006"/>
						<SP ID="P18_SP00120" HPOS="468" VPOS="1334" WIDTH="16"/>
						<String ID="P18_ST00142" HPOS="484" VPOS="1293" WIDTH="98" HEIGHT="32" CONTENT="learnt" WC="0.81" CC="100620"/>
						<SP ID="P18_SP00121" HPOS="582" VPOS="1334" WIDTH="16"/>
						<String ID="P18_ST00143" HPOS="598" VPOS="1293" WIDTH="71" HEIGHT="42" CONTENT="only" WC="0.82" CC="0700"/>
						<SP ID="P18_SP00122" HPOS="669" VPOS="1335" WIDTH="15"/>
						<String ID="P18_ST00144" HPOS="684" VPOS="1293" WIDTH="67" HEIGHT="32" CONTENT="half" WC="0.67" CC="7050"/>
						<SP ID="P18_SP00123" HPOS="751" VPOS="1335" WIDTH="11"/>
						<String ID="P18_ST00145" HPOS="762" VPOS="1293" WIDTH="49" HEIGHT="32" CONTENT="his" WC="0.52" CC="706"/>
						<SP ID="P18_SP00124" HPOS="811" VPOS="1335" WIDTH="15"/>
						<String ID="P18_ST00146" HPOS="826" VPOS="1295" WIDTH="85" HEIGHT="31" CONTENT="trade" WC="0.87" CC="06000"/>
						<SP ID="P18_SP00125" HPOS="911" VPOS="1335" WIDTH="13"/>
						<String ID="P18_ST00147" HPOS="924" VPOS="1309" WIDTH="6" HEIGHT="27" CONTENT=";" WC="1.00" CC="0"/>
						<SP ID="P18_SP00126" HPOS="930" VPOS="1336" WIDTH="17"/>
						<String ID="P18_ST00148" HPOS="947" VPOS="1296" WIDTH="26" HEIGHT="31" CONTENT="if" WC="0.88" CC="20"/>
						<SP ID="P18_SP00127" HPOS="973" VPOS="1336" WIDTH="10"/>
						<String ID="P18_ST00149" HPOS="983" VPOS="1308" WIDTH="17" HEIGHT="20" CONTENT="a" WC="0.66" CC="3"/>
					</TextLine>
					<TextLine ID="P18_TL00022" HPOS="181" VPOS="1353" WIDTH="819" HEIGHT="46">
						<String ID="P18_ST00150" HPOS="181" VPOS="1365" WIDTH="71" HEIGHT="20" CONTENT="man" WC="0.69" CC="701"/>
						<SP ID="P18_SP00128" HPOS="252" VPOS="1385" WIDTH="13"/>
						<String ID="P18_ST00151" HPOS="265" VPOS="1353" WIDTH="72" HEIGHT="32" CONTENT="does" WC="0.92" CC="0003"/>
						<SP ID="P18_SP00129" HPOS="337" VPOS="1385" WIDTH="10"/>
						<String ID="P18_ST00152" HPOS="347" VPOS="1358" WIDTH="52" HEIGHT="27" CONTENT="not" WC="0.83" CC="004"/>
						<SP ID="P18_SP00130" HPOS="399" VPOS="1385" WIDTH="11"/>
						<String ID="P18_ST00153" HPOS="410" VPOS="1354" WIDTH="85" HEIGHT="31" CONTENT="learn" WC="0.78" CC="50050"/>
						<SP ID="P18_SP00131" HPOS="495" VPOS="1385" WIDTH="13"/>
						<String ID="P18_ST00154" HPOS="508" VPOS="1366" WIDTH="38" HEIGHT="20" CONTENT="an" WC="0.66" CC="06"/>
						<SP ID="P18_SP00132" HPOS="546" VPOS="1386" WIDTH="13"/>
						<String ID="P18_ST00155" HPOS="559" VPOS="1354" WIDTH="147" HEIGHT="32" CONTENT="immense" WC="0.89" CC="0000240"/>
						<SP ID="P18_SP00133" HPOS="706" VPOS="1386" WIDTH="13"/>
						<String ID="P18_ST00156" HPOS="719" VPOS="1355" WIDTH="67" HEIGHT="32" CONTENT="deal" WC="0.96" CC="0001"/>
						<SP ID="P18_SP00134" HPOS="786" VPOS="1387" WIDTH="13"/>
						<String ID="P18_ST00157" HPOS="799" VPOS="1355" WIDTH="31" HEIGHT="31" CONTENT="in" WC="0.42" CC="56"/>
						<SP ID="P18_SP00135" HPOS="830" VPOS="1387" WIDTH="10"/>
						<String ID="P18_ST00158" HPOS="840" VPOS="1355" WIDTH="52" HEIGHT="32" CONTENT="the" WC="0.75" CC="070"/>
						<SP ID="P18_SP00136" HPOS="892" VPOS="1387" WIDTH="13"/>
						<String ID="P18_ST00159" HPOS="905" VPOS="1368" WIDTH="95" HEIGHT="31" CONTENT="army," WC="0.74" CC="04601"/>
					</TextLine>
					<TextLine ID="P18_TL00023" HPOS="181" VPOS="1414" WIDTH="819" HEIGHT="46">
						<String ID="P18_ST00160" HPOS="181" VPOS="1414" WIDTH="37" HEIGHT="32" CONTENT="he" WC="0.64" CC="70"/>
						<SP ID="P18_SP00137" HPOS="218" VPOS="1446" WIDTH="17"/>
						<String ID="P18_ST00161" HPOS="235" VPOS="1426" WIDTH="71" HEIGHT="20" CONTENT="runs" WC="0.80" CC="3040"/>
						<SP ID="P18_SP00138" HPOS="306" VPOS="1446" WIDTH="16"/>
						<String ID="P18_ST00162" HPOS="322" VPOS="1414" WIDTH="51" HEIGHT="32" CONTENT="the" WC="0.73" CC="070"/>
						<SP ID="P18_SP00139" HPOS="373" VPOS="1446" WIDTH="16"/>
						<String ID="P18_ST00163" HPOS="389" VPOS="1414" WIDTH="63" HEIGHT="32" CONTENT="risk" WC="0.68" CC="7130"/>
						<SP ID="P18_SP00140" HPOS="452" VPOS="1446" WIDTH="16"/>
						<String ID="P18_ST00164" HPOS="468" VPOS="1415" WIDTH="34" HEIGHT="31" CONTENT="of" WC="1.00" CC="00"/>
						<SP ID="P18_SP00141" HPOS="502" VPOS="1446" WIDTH="11"/>
						<String ID="P18_ST00165" HPOS="513" VPOS="1414" WIDTH="166" HEIGHT="43" CONTENT="forgetting" WC="0.82" CC="0050000650"/>
						<SP ID="P18_SP00142" HPOS="679" VPOS="1457" WIDTH="13"/>
						<String ID="P18_ST00166" HPOS="692" VPOS="1416" WIDTH="106" HEIGHT="41" CONTENT="nearly" WC="0.85" CC="500300"/>
						<SP ID="P18_SP00143" HPOS="798" VPOS="1457" WIDTH="13"/>
						<String ID="P18_ST00167" HPOS="811" VPOS="1417" WIDTH="189" HEIGHT="43" CONTENT="everything." WC="0.76" CC="13020171701"/>
					</TextLine>
					<TextLine ID="P18_TL00024" HPOS="181" VPOS="1475" WIDTH="492" HEIGHT="43">
						<String ID="P18_ST00168" HPOS="181" VPOS="1476" WIDTH="83" HEIGHT="31" CONTENT="Most" WC="0.87" CC="0050"/>
						<SP ID="P18_SP00144" HPOS="264" VPOS="1507" WIDTH="15"/>
						<String ID="P18_ST00169" HPOS="279" VPOS="1487" WIDTH="69" HEIGHT="20" CONTENT="men" WC="0.87" CC="003"/>
						<SP ID="P18_SP00145" HPOS="348" VPOS="1507" WIDTH="17"/>
						<String ID="P18_ST00170" HPOS="365" VPOS="1475" WIDTH="37" HEIGHT="32" CONTENT="do" WC="0.76" CC="04"/>
						<SP ID="P18_SP00146" HPOS="402" VPOS="1507" WIDTH="17"/>
						<String ID="P18_ST00171" HPOS="419" VPOS="1476" WIDTH="93" HEIGHT="41" CONTENT="learn," WC="0.69" CC="500560"/>
						<SP ID="P18_SP00147" HPOS="512" VPOS="1517" WIDTH="19"/>
						<String ID="P18_ST00172" HPOS="531" VPOS="1477" WIDTH="142" HEIGHT="41" CONTENT='luckily."' WC="0.87" CC="050000023"/>
					</TextLine>
				</TextBlock>
				<TextBlock ID="P18_TB00009" HPOS="223" VPOS="1535" WIDTH="779" HEIGHT="37" STYLEREFS="TXT_0 PAR_CENTER">
					<TextLine ID="P18_TL00025" HPOS="224" VPOS="1536" WIDTH="778" HEIGHT="36">
						<String ID="P18_ST00173" HPOS="224" VPOS="1536" WIDTH="101" HEIGHT="33" CONTENT="Claire" WC="0.78" CC="520050"/>
						<SP ID="P18_SP00148" HPOS="325" VPOS="1569" WIDTH="21"/>
						<String ID="P18_ST00174" HPOS="346" VPOS="1537" WIDTH="95" HEIGHT="31" CONTENT="shook" WC="0.68" CC="67020"/>
						<SP ID="P18_SP00149" HPOS="441" VPOS="1569" WIDTH="16"/>
						<String ID="P18_ST00175" HPOS="457" VPOS="1537" WIDTH="56" HEIGHT="32" CONTENT="her" WC="0.63" CC="703"/>
						<SP ID="P18_SP00150" HPOS="513" VPOS="1569" WIDTH="15"/>
						<String ID="P18_ST00176" HPOS="528" VPOS="1538" WIDTH="87" HEIGHT="33" CONTENT="head." WC="0.54" CC="70590"/>
						<SP ID="P18_SP00151" HPOS="615" VPOS="1571" WIDTH="50"/>
						<String ID="P18_ST00177" HPOS="665" VPOS="1540" WIDTH="16" HEIGHT="13" CONTENT='"' WC="0.72" CC="2"/>
						<SP ID="P18_SP00152" HPOS="681" VPOS="1571" WIDTH="14"/>
						<String ID="P18_ST00178" HPOS="695" VPOS="1539" WIDTH="82" HEIGHT="31" CONTENT="That" WC="0.82" CC="0700"/>
						<SP ID="P18_SP00153" HPOS="777" VPOS="1571" WIDTH="21"/>
						<String ID="P18_ST00179" HPOS="798" VPOS="1539" WIDTH="25" HEIGHT="32" CONTENT="is" WC="0.83" CC="30"/>
						<SP ID="P18_SP00154" HPOS="823" VPOS="1571" WIDTH="21"/>
						<String ID="P18_ST00180" HPOS="844" VPOS="1545" WIDTH="55" HEIGHT="27" CONTENT="not" WC="0.70" CC="800"/>
						<SP ID="P18_SP00155" HPOS="899" VPOS="1572" WIDTH="21"/>
						<String ID="P18_ST00181" HPOS="920" VPOS="1540" WIDTH="82" HEIGHT="32" CONTENT="what" WC="0.57" CC="9700"/>
					</TextLine>
				</TextBlock>
			</PrintSpace>
		</Page>
	</Layout>
</alto>
