<?xml version="1.0" encoding="UTF-8"?>
<alto xmlns:xsi="http://www.w3.org/2001/XMLSchema-instance" xsi:noNamespaceSchemaLocation="http://www.bl.uk/schemas/alto/alto-1-4.xsd" xmlns:xlink="http://www.w3.org/1999/xlink">
	<Description>
		<MeasurementUnit>mm10</MeasurementUnit>
		<sourceImageInformation>
			<fileName>//head1/IN/2007-46/A0010888503.2/009477.jp2</fileName>
		</sourceImageInformation>
		<OCRProcessing ID="OCRPROCESSING_1">
			<preProcessingStep>
				<processingSoftware>
					<softwareCreator>CCS Content Conversion Specialists GmbH, Germany</softwareCreator>
					<softwareName>CCS docWORKS</softwareName>
					<softwareVersion>6.1-0.61</softwareVersion>
				</processingSoftware>
			</preProcessingStep>
			<ocrProcessingStep>
				<processingSoftware>
					<softwareCreator>ABBYY (BIT Software), Russia</softwareCreator>
					<softwareName>Finereader</softwareName>
				</processingSoftware>
			</ocrProcessingStep>
		</OCRProcessing>
	</Description>
	<Styles>
		<TextStyle ID="TXT_0" FONTSIZE="10" FONTFAMILY="Courier New"/>
		<TextStyle ID="TXT_1" FONTSIZE="11" FONTFAMILY="Courier New"/>
		<TextStyle ID="TXT_2" FONTSIZE="9" FONTFAMILY="Courier New"/>
		<ParagraphStyle ID="PAR_LEFT" ALIGN="Left"/>
		<ParagraphStyle ID="PAR_RIGHT" ALIGN="Right"/>
		<ParagraphStyle ID="PAR_CENTER" ALIGN="Center"/>
	</Styles>
	<Layout>
		<Page ID="P269" PHYSICAL_IMG_NR="269" HEIGHT="1747" WIDTH="1132" PRINTED_IMG_NR="259" POSITION="Right" ACCURACY="73.15">
			<TopMargin ID="P269_TM00001" HPOS="0" VPOS="0" WIDTH="1131" HEIGHT="155">
				<TextBlock ID="P269_TB00001" HPOS="401" VPOS="132" WIDTH="174" HEIGHT="22" STYLEREFS="TXT_0 PAR_LEFT">
					<TextLine ID="P269_TL00001" HPOS="402" VPOS="133" WIDTH="173" HEIGHT="21">
						<String ID="P269_ST00001" HPOS="402" VPOS="133" WIDTH="64" HEIGHT="21" CONTENT="THE" WC="0.69" CC="260"/>
						<SP ID="P269_SP00001" HPOS="466" VPOS="154" WIDTH="22"/>
						<String ID="P269_ST00002" HPOS="488" VPOS="134" WIDTH="87" HEIGHT="20" CONTENT="BALL." WC="0.78" CC="70030"/>
					</TextLine>
				</TextBlock>
				<TextBlock ID="P269_TB00002" HPOS="852" VPOS="130" WIDTH="52" HEIGHT="24" STYLEREFS="TXT_1 PAR_RIGHT">
					<TextLine ID="P269_TL00002" HPOS="852" VPOS="130" WIDTH="52" HEIGHT="24">
						<String ID="P269_ST00003" HPOS="852" VPOS="130" WIDTH="52" HEIGHT="24" CONTENT="259" WC="1.00" CC="000"/>
					</TextLine>
				</TextBlock>
			</TopMargin>
			<LeftMargin ID="P269_LM00001" HPOS="0" VPOS="155" WIDTH="81" HEIGHT="1481"/>
			<RightMargin ID="P269_RM00001" HPOS="906" VPOS="155" WIDTH="225" HEIGHT="1481"/>
			<BottomMargin ID="P269_BM00001" HPOS="0" VPOS="1636" WIDTH="1131" HEIGHT="110"/>
			<PrintSpace ID="P269_PS00001" HPOS="81" VPOS="155" WIDTH="825" HEIGHT="1481">
				<TextBlock ID="P269_TB00003" HPOS="81" VPOS="205" WIDTH="822" HEIGHT="94" STYLEREFS="TXT_0 PAR_LEFT">
					<TextLine ID="P269_TL00003" HPOS="83" VPOS="206" WIDTH="820" HEIGHT="45">
						<String ID="P269_ST00004" HPOS="83" VPOS="217" WIDTH="33" HEIGHT="19" CONTENT="as" WC="0.79" CC="04"/>
						<SP ID="P269_SP00002" HPOS="116" VPOS="236" WIDTH="18"/>
						<String ID="P269_ST00005" HPOS="134" VPOS="206" WIDTH="55" HEIGHT="31" CONTENT="her" WC="0.70" CC="710"/>
						<SP ID="P269_SP00003" HPOS="189" VPOS="237" WIDTH="25"/>
						<String ID="P269_ST00006" HPOS="214" VPOS="219" WIDTH="94" HEIGHT="31" CONTENT="every" WC="0.76" CC="06050"/>
						<SP ID="P269_SP00004" HPOS="308" VPOS="250" WIDTH="19"/>
						<String ID="P269_ST00007" HPOS="327" VPOS="209" WIDTH="108" HEIGHT="42" CONTENT="glance" WC="0.76" CC="340600"/>
						<SP ID="P269_SP00005" HPOS="435" VPOS="251" WIDTH="20"/>
						<String ID="P269_ST00008" HPOS="455" VPOS="210" WIDTH="144" HEIGHT="32" CONTENT="folloAved" WC="0.93" CC="005000000"/>
						<SP ID="P269_SP00006" HPOS="599" VPOS="251" WIDTH="24"/>
						<String ID="P269_ST00009" HPOS="623" VPOS="211" WIDTH="54" HEIGHT="31" CONTENT="her" WC="0.54" CC="706"/>
						<SP ID="P269_SP00007" HPOS="677" VPOS="251" WIDTH="18"/>
						<String ID="P269_ST00010" HPOS="695" VPOS="212" WIDTH="91" HEIGHT="30" CONTENT="much" WC="0.61" CC="0527"/>
						<SP ID="P269_SP00008" HPOS="786" VPOS="251" WIDTH="27"/>
						<String ID="P269_ST00011" HPOS="813" VPOS="211" WIDTH="90" HEIGHT="31" CONTENT="loved" WC="0.86" CC="01500"/>
					</TextLine>
					<TextLine ID="P269_TL00004" HPOS="82" VPOS="268" WIDTH="204" HEIGHT="31">
						<String ID="P269_ST00012" HPOS="82" VPOS="268" WIDTH="86" HEIGHT="30" CONTENT="niece" WC="0.86" CC="60000"/>
						<SP ID="P269_SP00009" HPOS="168" VPOS="298" WIDTH="17"/>
						<String ID="P269_ST00013" HPOS="185" VPOS="269" WIDTH="101" HEIGHT="30" CONTENT="about." WC="0.51" CC="570780"/>
					</TextLine>
				</TextBlock>
				<TextBlock ID="P269_TB00004" HPOS="82" VPOS="329" WIDTH="822" HEIGHT="215" STYLEREFS="TXT_0 PAR_LEFT">
					<TextLine ID="P269_TL00005" HPOS="129" VPOS="330" WIDTH="775" HEIGHT="45">
						<String ID="P269_ST00014" HPOS="129" VPOS="330" WIDTH="75" HEIGHT="31" CONTENT='"As' WC="0.69" CC="404"/>
						<SP ID="P269_SP00010" HPOS="204" VPOS="361" WIDTH="25"/>
						<String ID="P269_ST00015" HPOS="229" VPOS="332" WIDTH="99" HEIGHT="37" CONTENT="usual," WC="0.61" CC="766003"/>
						<SP ID="P269_SP00011" HPOS="328" VPOS="369" WIDTH="25"/>
						<String ID="P269_ST00016" HPOS="353" VPOS="343" WIDTH="56" HEIGHT="31" CONTENT="my" WC="1.00" CC="00"/>
						<SP ID="P269_SP00012" HPOS="409" VPOS="374" WIDTH="22"/>
						<String ID="P269_ST00017" HPOS="431" VPOS="333" WIDTH="99" HEIGHT="31" CONTENT="Claire" WC="0.86" CC="700000"/>
						<SP ID="P269_SP00013" HPOS="530" VPOS="374" WIDTH="25"/>
						<String ID="P269_ST00018" HPOS="555" VPOS="334" WIDTH="25" HEIGHT="30" CONTENT="is" WC="0.65" CC="06"/>
						<SP ID="P269_SP00014" HPOS="580" VPOS="374" WIDTH="24"/>
						<String ID="P269_ST00019" HPOS="604" VPOS="334" WIDTH="53" HEIGHT="30" CONTENT="the" WC="0.63" CC="370"/>
						<SP ID="P269_SP00015" HPOS="657" VPOS="374" WIDTH="24"/>
						<String ID="P269_ST00020" HPOS="681" VPOS="346" WIDTH="98" HEIGHT="29" CONTENT="queen" WC="0.65" CC="07036"/>
						<SP ID="P269_SP00016" HPOS="779" VPOS="375" WIDTH="19"/>
						<String ID="P269_ST00021" HPOS="798" VPOS="334" WIDTH="33" HEIGHT="31" CONTENT="of" WC="0.70" CC="41"/>
						<SP ID="P269_SP00017" HPOS="831" VPOS="375" WIDTH="23"/>
						<String ID="P269_ST00022" HPOS="854" VPOS="335" WIDTH="50" HEIGHT="30" CONTENT="the" WC="0.57" CC="570"/>
					</TextLine>
					<TextLine ID="P269_TL00006" HPOS="83" VPOS="391" WIDTH="821" HEIGHT="46">
						<String ID="P269_ST00023" HPOS="83" VPOS="391" WIDTH="94" HEIGHT="39" CONTENT='fete,"' WC="0.83" CC="006020"/>
						<SP ID="P269_SP00018" HPOS="177" VPOS="430" WIDTH="17"/>
						<String ID="P269_ST00024" HPOS="194" VPOS="392" WIDTH="68" HEIGHT="31" CONTENT="said" WC="0.72" CC="5050"/>
						<SP ID="P269_SP00019" HPOS="262" VPOS="430" WIDTH="22"/>
						<String ID="P269_ST00025" HPOS="284" VPOS="393" WIDTH="53" HEIGHT="31" CONTENT="she" WC="0.71" CC="170"/>
						<SP ID="P269_SP00020" HPOS="337" VPOS="430" WIDTH="19"/>
						<String ID="P269_ST00026" HPOS="356" VPOS="394" WIDTH="110" HEIGHT="42" CONTENT="fondly" WC="0.79" CC="227000"/>
						<SP ID="P269_SP00021" HPOS="466" VPOS="436" WIDTH="14"/>
						<String ID="P269_ST00027" HPOS="480" VPOS="399" WIDTH="33" HEIGHT="26" CONTENT="to" WC="0.81" CC="02"/>
						<SP ID="P269_SP00022" HPOS="513" VPOS="436" WIDTH="23"/>
						<String ID="P269_ST00028" HPOS="536" VPOS="395" WIDTH="52" HEIGHT="30" CONTENT="the" WC="0.59" CC="470"/>
						<SP ID="P269_SP00023" HPOS="588" VPOS="436" WIDTH="24"/>
						<String ID="P269_ST00029" HPOS="612" VPOS="407" WIDTH="105" HEIGHT="30" CONTENT="young" WC="0.75" CC="02702"/>
						<SP ID="P269_SP00024" HPOS="717" VPOS="437" WIDTH="23"/>
						<String ID="P269_ST00030" HPOS="740" VPOS="396" WIDTH="164" HEIGHT="41" CONTENT="Marquise," WC="0.76" CC="003070244"/>
					</TextLine>
					<TextLine ID="P269_TL00007" HPOS="84" VPOS="454" WIDTH="820" HEIGHT="44">
						<String ID="P269_ST00031" HPOS="84" VPOS="465" WIDTH="33" HEIGHT="19" CONTENT="as" WC="0.21" CC="96"/>
						<SP ID="P269_SP00025" HPOS="117" VPOS="484" WIDTH="16"/>
						<String ID="P269_ST00032" HPOS="133" VPOS="454" WIDTH="53" HEIGHT="31" CONTENT="the" WC="0.51" CC="770"/>
						<SP ID="P269_SP00026" HPOS="186" VPOS="485" WIDTH="16"/>
						<String ID="P269_ST00033" HPOS="202" VPOS="466" WIDTH="95" HEIGHT="29" CONTENT="pause" WC="0.73" CC="00760"/>
						<SP ID="P269_SP00027" HPOS="297" VPOS="495" WIDTH="17"/>
						<String ID="P269_ST00034" HPOS="314" VPOS="456" WIDTH="32" HEIGHT="29" CONTENT="in" WC="0.62" CC="07"/>
						<SP ID="P269_SP00028" HPOS="346" VPOS="495" WIDTH="16"/>
						<String ID="P269_ST00035" HPOS="362" VPOS="467" WIDTH="16" HEIGHT="18" CONTENT="a" WC="1.00" CC="0"/>
						<SP ID="P269_SP00029" HPOS="378" VPOS="495" WIDTH="17"/>
						<String ID="P269_ST00036" HPOS="395" VPOS="456" WIDTH="91" HEIGHT="30" CONTENT="waltz" WC="0.82" CC="00062"/>
						<SP ID="P269_SP00030" HPOS="486" VPOS="495" WIDTH="16"/>
						<String ID="P269_ST00037" HPOS="502" VPOS="457" WIDTH="134" HEIGHT="41" CONTENT="brought" WC="0.55" CC="0607575"/>
						<SP ID="P269_SP00031" HPOS="636" VPOS="498" WIDTH="16"/>
						<String ID="P269_ST00038" HPOS="652" VPOS="457" WIDTH="53" HEIGHT="30" CONTENT="the" WC="0.60" CC="470"/>
						<SP ID="P269_SP00032" HPOS="705" VPOS="498" WIDTH="15"/>
						<String ID="P269_ST00039" HPOS="720" VPOS="457" WIDTH="92" HEIGHT="31" CONTENT="latter" WC="0.86" CC="004003"/>
						<SP ID="P269_SP00033" HPOS="812" VPOS="498" WIDTH="16"/>
						<String ID="P269_ST00040" HPOS="828" VPOS="458" WIDTH="76" HEIGHT="30" CONTENT="close" WC="0.73" CC="04161"/>
					</TextLine>
					<TextLine ID="P269_TL00008" HPOS="84" VPOS="515" WIDTH="109" HEIGHT="29">
						<String ID="P269_ST00041" HPOS="84" VPOS="520" WIDTH="32" HEIGHT="24" CONTENT="to" WC="0.83" CC="03"/>
						<SP ID="P269_SP00034" HPOS="116" VPOS="544" WIDTH="17"/>
						<String ID="P269_ST00042" HPOS="133" VPOS="515" WIDTH="60" HEIGHT="29" CONTENT="her." WC="0.66" CC="7050"/>
					</TextLine>
				</TextBlock>
				<TextBlock ID="P269_TB00005" HPOS="83" VPOS="574" WIDTH="823" HEIGHT="337" STYLEREFS="TXT_0 PAR_LEFT">
					<TextLine ID="P269_TL00009" HPOS="130" VPOS="575" WIDTH="776" HEIGHT="45">
						<String ID="P269_ST00043" HPOS="130" VPOS="575" WIDTH="99" HEIGHT="32" CONTENT="Claire" WC="0.91" CC="500000"/>
						<SP ID="P269_SP00035" HPOS="229" VPOS="607" WIDTH="26"/>
						<String ID="P269_ST00044" HPOS="255" VPOS="577" WIDTH="115" HEIGHT="30" CONTENT="turned" WC="0.59" CC="575600"/>
						<SP ID="P269_SP00036" HPOS="370" VPOS="607" WIDTH="23"/>
						<String ID="P269_ST00045" HPOS="393" VPOS="577" WIDTH="107" HEIGHT="36" CONTENT="round," WC="0.62" CC="506703"/>
						<SP ID="P269_SP00037" HPOS="500" VPOS="613" WIDTH="20"/>
						<String ID="P269_ST00046" HPOS="520" VPOS="578" WIDTH="71" HEIGHT="37" CONTENT="and," WC="0.69" CC="3602"/>
						<SP ID="P269_SP00038" HPOS="591" VPOS="615" WIDTH="22"/>
						<String ID="P269_ST00047" HPOS="613" VPOS="579" WIDTH="128" HEIGHT="41" CONTENT="putting" WC="0.51" CC="0766048"/>
						<SP ID="P269_SP00039" HPOS="741" VPOS="620" WIDTH="23"/>
						<String ID="P269_ST00048" HPOS="764" VPOS="579" WIDTH="55" HEIGHT="30" CONTENT="her" WC="0.42" CC="709"/>
						<SP ID="P269_SP00040" HPOS="819" VPOS="620" WIDTH="23"/>
						<String ID="P269_ST00049" HPOS="842" VPOS="590" WIDTH="64" HEIGHT="19" CONTENT="arm" WC="1.00" CC="000"/>
					</TextLine>
					<TextLine ID="P269_TL00010" HPOS="84" VPOS="637" WIDTH="822" HEIGHT="38">
						<String ID="P269_ST00050" HPOS="84" VPOS="637" WIDTH="101" HEIGHT="30" CONTENT="round" WC="0.70" CC="01760"/>
						<SP ID="P269_SP00041" HPOS="185" VPOS="667" WIDTH="26"/>
						<String ID="P269_ST00051" HPOS="211" VPOS="637" WIDTH="56" HEIGHT="30" CONTENT="her" WC="0.60" CC="704"/>
						<SP ID="P269_SP00042" HPOS="267" VPOS="667" WIDTH="31"/>
						<String ID="P269_ST00052" HPOS="298" VPOS="637" WIDTH="99" HEIGHT="30" CONTENT="aunt's" WC="0.50" CC="677530"/>
						<SP ID="P269_SP00043" HPOS="397" VPOS="667" WIDTH="23"/>
						<String ID="P269_ST00053" HPOS="420" VPOS="639" WIDTH="99" HEIGHT="36" CONTENT="waist," WC="0.78" CC="000362"/>
						<SP ID="P269_SP00044" HPOS="519" VPOS="675" WIDTH="27"/>
						<String ID="P269_ST00054" HPOS="546" VPOS="639" WIDTH="76" HEIGHT="29" CONTENT="with" WC="0.69" CC="0065"/>
						<SP ID="P269_SP00045" HPOS="622" VPOS="675" WIDTH="27"/>
						<String ID="P269_ST00055" HPOS="649" VPOS="650" WIDTH="18" HEIGHT="18" CONTENT="a" WC="1.00" CC="0"/>
						<SP ID="P269_SP00046" HPOS="667" VPOS="675" WIDTH="29"/>
						<String ID="P269_ST00056" HPOS="696" VPOS="639" WIDTH="121" HEIGHT="30" CONTENT="sudden" WC="0.63" CC="770007"/>
						<SP ID="P269_SP00047" HPOS="817" VPOS="675" WIDTH="29"/>
						<String ID="P269_ST00057" HPOS="846" VPOS="640" WIDTH="60" HEIGHT="29" CONTENT="and" WC="0.64" CC="360"/>
					</TextLine>
					<TextLine ID="P269_TL00011" HPOS="85" VPOS="697" WIDTH="821" HEIGHT="42">
						<String ID="P269_ST00058" HPOS="85" VPOS="697" WIDTH="230" HEIGHT="42" CONTENT="indescribably" WC="0.62" CC="3700506470750"/>
						<SP ID="P269_SP00048" HPOS="315" VPOS="739" WIDTH="23"/>
						<String ID="P269_ST00059" HPOS="338" VPOS="698" WIDTH="137" HEIGHT="41" CONTENT="graceful" WC="0.72" CC="86000070"/>
						<SP ID="P269_SP00049" HPOS="475" VPOS="739" WIDTH="26"/>
						<String ID="P269_ST00060" HPOS="501" VPOS="703" WIDTH="186" HEIGHT="33" CONTENT="movement," WC="0.75" CC="007000643"/>
						<SP ID="P269_SP00050" HPOS="687" VPOS="739" WIDTH="31"/>
						<String ID="P269_ST00061" HPOS="718" VPOS="701" WIDTH="16" HEIGHT="12" CONTENT='"' WC="0.55" CC="4"/>
						<SP ID="P269_SP00051" HPOS="734" VPOS="739" WIDTH="13"/>
						<String ID="P269_ST00062" HPOS="747" VPOS="699" WIDTH="71" HEIGHT="30" CONTENT="You" WC="0.62" CC="308"/>
						<SP ID="P269_SP00052" HPOS="818" VPOS="739" WIDTH="26"/>
						<String ID="P269_ST00063" HPOS="844" VPOS="700" WIDTH="62" HEIGHT="29" CONTENT="will" WC="0.70" CC="0065"/>
					</TextLine>
					<TextLine ID="P269_TL00012" HPOS="86" VPOS="759" WIDTH="820" HEIGHT="41">
						<String ID="P269_ST00064" HPOS="86" VPOS="759" WIDTH="116" HEIGHT="41" CONTENT="always" WC="0.77" CC="900003"/>
						<SP ID="P269_SP00053" HPOS="202" VPOS="800" WIDTH="23"/>
						<String ID="P269_ST00065" HPOS="225" VPOS="760" WIDTH="79" HEIGHT="40" CONTENT="spoil" WC="0.71" CC="60070"/>
						<SP ID="P269_SP00054" HPOS="304" VPOS="800" WIDTH="23"/>
						<String ID="P269_ST00066" HPOS="327" VPOS="771" WIDTH="59" HEIGHT="26" CONTENT="me," WC="0.88" CC="002"/>
						<SP ID="P269_SP00055" HPOS="386" VPOS="800" WIDTH="21"/>
						<String ID="P269_ST00067" HPOS="407" VPOS="760" WIDTH="90" HEIGHT="30" CONTENT="Aunt" WC="0.48" CC="0776"/>
						<SP ID="P269_SP00056" HPOS="497" VPOS="800" WIDTH="24"/>
						<String ID="P269_ST00068" HPOS="521" VPOS="760" WIDTH="192" HEIGHT="30" CONTENT="Clementine" WC="0.69" CC="6000167251"/>
						<SP ID="P269_SP00057" HPOS="713" VPOS="800" WIDTH="16"/>
						<String ID="P269_ST00069" HPOS="729" VPOS="761" WIDTH="5" HEIGHT="29" CONTENT="!" WC="1.00" CC="0"/>
						<String ID="P269_ST00070" HPOS="746" VPOS="760" WIDTH="15" HEIGHT="11" CONTENT='"' WC="1.00" CC="0"/>
						<SP ID="P269_SP00058" HPOS="761" VPOS="800" WIDTH="18"/>
						<String ID="P269_ST00071" HPOS="779" VPOS="761" WIDTH="53" HEIGHT="29" CONTENT="she" WC="0.59" CC="470"/>
						<SP ID="P269_SP00059" HPOS="832" VPOS="800" WIDTH="24"/>
						<String ID="P269_ST00072" HPOS="856" VPOS="772" WIDTH="50" HEIGHT="18" CONTENT="ex" SUBS_TYPE="HypPart1" SUBS_CONTENT="exclaimed," WC="1.00" CC="000"/>
						<HYP CONTENT="-"/>
					</TextLine>
					<TextLine ID="P269_TL00013" HPOS="86" VPOS="821" WIDTH="820" HEIGHT="41">
						<String ID="P269_ST00073" HPOS="86" VPOS="821" WIDTH="140" HEIGHT="37" CONTENT="claimed," SUBS_TYPE="HypPart2" SUBS_CONTENT="exclaimed," WC="0.91" CC="00050002"/>
						<SP ID="P269_SP00060" HPOS="226" VPOS="858" WIDTH="22"/>
						<String ID="P269_ST00074" HPOS="248" VPOS="822" WIDTH="187" HEIGHT="40" CONTENT="imprinting" WC="0.77" CC="6004040070"/>
						<SP ID="P269_SP00061" HPOS="435" VPOS="862" WIDTH="20"/>
						<String ID="P269_ST00075" HPOS="455" VPOS="833" WIDTH="17" HEIGHT="18" CONTENT="a" WC="1.00" CC="0"/>
						<SP ID="P269_SP00062" HPOS="472" VPOS="862" WIDTH="19"/>
						<String ID="P269_ST00076" HPOS="491" VPOS="822" WIDTH="63" HEIGHT="29" CONTENT="kiss" WC="0.83" CC="0023"/>
						<SP ID="P269_SP00063" HPOS="554" VPOS="862" WIDTH="24"/>
						<String ID="P269_ST00077" HPOS="578" VPOS="833" WIDTH="40" HEIGHT="18" CONTENT="on" WC="0.67" CC="06"/>
						<SP ID="P269_SP00064" HPOS="618" VPOS="862" WIDTH="24"/>
						<String ID="P269_ST00078" HPOS="642" VPOS="822" WIDTH="144" HEIGHT="29" CONTENT="Madame" WC="1.00" CC="000000"/>
						<SP ID="P269_SP00065" HPOS="786" VPOS="862" WIDTH="24"/>
						<String ID="P269_ST00079" HPOS="810" VPOS="822" WIDTH="96" HEIGHT="30" CONTENT="Beau" SUBS_TYPE="HypPart1" SUBS_CONTENT="Beaudouin's" WC="0.65" CC="60073"/>
						<HYP CONTENT="-"/>
					</TextLine>
					<TextLine ID="P269_TL00014" HPOS="87" VPOS="882" WIDTH="239" HEIGHT="29">
						<String ID="P269_ST00080" HPOS="87" VPOS="882" WIDTH="121" HEIGHT="29" CONTENT="douin's" SUBS_TYPE="HypPart2" SUBS_CONTENT="Beaudouin's" WC="0.55" CC="9060643"/>
						<SP ID="P269_SP00066" HPOS="208" VPOS="911" WIDTH="15"/>
						<String ID="P269_ST00081" HPOS="223" VPOS="882" WIDTH="103" HEIGHT="29" CONTENT="cheek." WC="0.82" CC="073000"/>
					</TextLine>
				</TextBlock>
				<TextBlock ID="P269_TB00006" HPOS="87" VPOS="942" WIDTH="818" HEIGHT="101" STYLEREFS="TXT_0 PAR_LEFT">
					<TextLine ID="P269_TL00015" HPOS="133" VPOS="943" WIDTH="772" HEIGHT="41">
						<String ID="P269_ST00082" HPOS="133" VPOS="945" WIDTH="17" HEIGHT="12" CONTENT='"' WC="0.55" CC="4"/>
						<SP ID="P269_SP00067" HPOS="150" VPOS="957" WIDTH="11"/>
						<String ID="P269_ST00083" HPOS="161" VPOS="943" WIDTH="93" HEIGHT="31" CONTENT="Child" WC="0.70" CC="77000"/>
						<SP ID="P269_SP00068" HPOS="254" VPOS="974" WIDTH="15"/>
						<String ID="P269_ST00084" HPOS="269" VPOS="944" WIDTH="5" HEIGHT="29" CONTENT="!" WC="1.00" CC="0"/>
						<SP ID="P269_SP00069" HPOS="274" VPOS="974" WIDTH="26"/>
						<String ID="P269_ST00085" HPOS="300" VPOS="944" WIDTH="83" HEIGHT="29" CONTENT="chfld" WC="0.56" CC="06770"/>
						<SP ID="P269_SP00070" HPOS="383" VPOS="974" WIDTH="15"/>
						<String ID="P269_ST00086" HPOS="398" VPOS="944" WIDTH="5" HEIGHT="29" CONTENT="!" WC="0.83" CC="1"/>
						<SP ID="P269_SP00071" HPOS="403" VPOS="974" WIDTH="14"/>
						<String ID="P269_ST00087" HPOS="417" VPOS="943" WIDTH="15" HEIGHT="11" CONTENT='"' WC="0.65" CC="3"/>
						<SP ID="P269_SP00072" HPOS="432" VPOS="974" WIDTH="17"/>
						<String ID="P269_ST00088" HPOS="449" VPOS="943" WIDTH="83" HEIGHT="30" CONTENT="cried" WC="0.94" CC="03000"/>
						<SP ID="P269_SP00073" HPOS="532" VPOS="974" WIDTH="15"/>
						<String ID="P269_ST00089" HPOS="547" VPOS="944" WIDTH="53" HEIGHT="29" CONTENT="the" WC="0.57" CC="570"/>
						<SP ID="P269_SP00074" HPOS="600" VPOS="974" WIDTH="23"/>
						<String ID="P269_ST00090" HPOS="623" VPOS="943" WIDTH="99" HEIGHT="37" CONTENT="latter," WC="0.71" CC="0960002"/>
						<SP ID="P269_SP00075" HPOS="722" VPOS="980" WIDTH="17"/>
						<String ID="P269_ST00091" HPOS="739" VPOS="943" WIDTH="148" HEIGHT="41" CONTENT="laughing" WC="0.28" CC="39787379"/>
						<SP ID="P269_SP00076" HPOS="887" VPOS="984" WIDTH="14"/>
						<String ID="P269_ST00092" HPOS="901" VPOS="955" WIDTH="4" HEIGHT="23" CONTENT=";" WC="1.00" CC="0"/>
					</TextLine>
					<TextLine ID="P269_TL00016" HPOS="88" VPOS="1004" WIDTH="636" HEIGHT="39">
						<String ID="P269_ST00093" HPOS="88" VPOS="1008" WIDTH="18" HEIGHT="11" CONTENT='"' WC="0.58" CC="4"/>
						<SP ID="P269_SP00077" HPOS="106" VPOS="1019" WIDTH="12"/>
						<String ID="P269_ST00094" HPOS="118" VPOS="1005" WIDTH="86" HEIGHT="30" CONTENT="what" WC="0.69" CC="0704"/>
						<SP ID="P269_SP00078" HPOS="204" VPOS="1035" WIDTH="16"/>
						<String ID="P269_ST00095" HPOS="220" VPOS="1004" WIDTH="63" HEIGHT="30" CONTENT="will" WC="0.66" CC="0066"/>
						<SP ID="P269_SP00079" HPOS="283" VPOS="1035" WIDTH="16"/>
						<String ID="P269_ST00096" HPOS="299" VPOS="1004" WIDTH="42" HEIGHT="30" CONTENT="all" WC="0.97" CC="000"/>
						<SP ID="P269_SP00080" HPOS="341" VPOS="1035" WIDTH="14"/>
						<String ID="P269_ST00097" HPOS="355" VPOS="1004" WIDTH="54" HEIGHT="30" CONTENT="the" WC="0.60" CC="470"/>
						<SP ID="P269_SP00081" HPOS="409" VPOS="1035" WIDTH="16"/>
						<String ID="P269_ST00098" HPOS="425" VPOS="1004" WIDTH="116" HEIGHT="30" CONTENT="solemn" WC="0.78" CC="303006"/>
						<SP ID="P269_SP00082" HPOS="541" VPOS="1035" WIDTH="16"/>
						<String ID="P269_ST00099" HPOS="557" VPOS="1009" WIDTH="46" HEIGHT="25" CONTENT="set" WC="0.60" CC="407"/>
						<SP ID="P269_SP00083" HPOS="603" VPOS="1035" WIDTH="15"/>
						<String ID="P269_ST00100" HPOS="618" VPOS="1015" WIDTH="56" HEIGHT="28" CONTENT="say" WC="0.47" CC="509"/>
						<SP ID="P269_SP00084" HPOS="674" VPOS="1043" WIDTH="13"/>
						<String ID="P269_ST00101" HPOS="687" VPOS="1004" WIDTH="11" HEIGHT="30" CONTENT="?" WC="1.00" CC="0"/>
						<String ID="P269_ST00102" HPOS="708" VPOS="1004" WIDTH="16" HEIGHT="11" CONTENT='"' WC="0.62" CC="3"/>
					</TextLine>
				</TextBlock>
				<TextBlock ID="P269_TB00007" HPOS="84" VPOS="1064" WIDTH="819" HEIGHT="102" STYLEREFS="TXT_0 PAR_LEFT">
					<TextLine ID="P269_TL00017" HPOS="130" VPOS="1065" WIDTH="773" HEIGHT="41">
						<String ID="P269_ST00103" HPOS="130" VPOS="1069" WIDTH="18" HEIGHT="12" CONTENT='"' WC="0.55" CC="4"/>
						<SP ID="P269_SP00085" HPOS="148" VPOS="1081" WIDTH="12"/>
						<String ID="P269_ST00104" HPOS="160" VPOS="1066" WIDTH="48" HEIGHT="32" CONTENT="Oh" WC="0.58" CC="07"/>
						<SP ID="P269_SP00086" HPOS="208" VPOS="1098" WIDTH="15"/>
						<String ID="P269_ST00105" HPOS="223" VPOS="1079" WIDTH="6" HEIGHT="24" CONTENT=";" WC="0.85" CC="1"/>
						<SP ID="P269_SP00087" HPOS="229" VPOS="1103" WIDTH="32"/>
						<String ID="P269_ST00106" HPOS="261" VPOS="1077" WIDTH="96" HEIGHT="19" CONTENT="never" WC="0.72" CC="70401"/>
						<SP ID="P269_SP00088" HPOS="357" VPOS="1103" WIDTH="29"/>
						<String ID="P269_ST00107" HPOS="386" VPOS="1065" WIDTH="97" HEIGHT="38" CONTENT="mind," WC="0.71" CC="03703"/>
						<SP ID="P269_SP00089" HPOS="483" VPOS="1103" WIDTH="33"/>
						<String ID="P269_ST00108" HPOS="516" VPOS="1071" WIDTH="85" HEIGHT="32" CONTENT="aunt," WC="0.49" CC="06674"/>
						<SP ID="P269_SP00090" HPOS="601" VPOS="1103" WIDTH="27"/>
						<String ID="P269_ST00109" HPOS="628" VPOS="1065" WIDTH="72" HEIGHT="31" CONTENT="dear" WC="0.86" CC="0104"/>
						<String ID="P269_ST00110" HPOS="711" VPOS="1067" WIDTH="5" HEIGHT="29" CONTENT="!" WC="1.00" CC="0"/>
						<SP ID="P269_SP00091" HPOS="716" VPOS="1103" WIDTH="14"/>
						<String ID="P269_ST00111" HPOS="730" VPOS="1065" WIDTH="15" HEIGHT="12" CONTENT='"' WC="0.56" CC="4"/>
						<SP ID="P269_SP00092" HPOS="745" VPOS="1103" WIDTH="29"/>
						<String ID="P269_ST00112" HPOS="774" VPOS="1065" WIDTH="129" HEIGHT="41" CONTENT="pleaded" WC="0.94" CC="0300000"/>
					</TextLine>
					<TextLine ID="P269_TL00018" HPOS="86" VPOS="1126" WIDTH="712" HEIGHT="40">
						<String ID="P269_ST00113" HPOS="86" VPOS="1129" WIDTH="100" HEIGHT="30" CONTENT="Claire" WC="0.59" CC="610384"/>
						<SP ID="P269_SP00093" HPOS="186" VPOS="1159" WIDTH="14"/>
						<String ID="P269_ST00114" HPOS="200" VPOS="1141" WIDTH="6" HEIGHT="24" CONTENT=";" WC="0.83" CC="1"/>
						<SP ID="P269_SP00094" HPOS="206" VPOS="1165" WIDTH="26"/>
						<String ID="P269_ST00115" HPOS="232" VPOS="1127" WIDTH="44" HEIGHT="31" CONTENT='"I' WC="0.79" CC="40"/>
						<SP ID="P269_SP00095" HPOS="276" VPOS="1165" WIDTH="17"/>
						<String ID="P269_ST00116" HPOS="293" VPOS="1138" WIDTH="94" HEIGHT="20" CONTENT="never" WC="0.72" CC="70005"/>
						<SP ID="P269_SP00096" HPOS="387" VPOS="1165" WIDTH="15"/>
						<String ID="P269_ST00117" HPOS="402" VPOS="1127" WIDTH="127" HEIGHT="31" CONTENT="amused" WC="0.81" CC="007400"/>
						<SP ID="P269_SP00097" HPOS="529" VPOS="1165" WIDTH="15"/>
						<String ID="P269_ST00118" HPOS="544" VPOS="1126" WIDTH="113" HEIGHT="40" CONTENT="myself" WC="0.87" CC="004003"/>
						<SP ID="P269_SP00098" HPOS="657" VPOS="1166" WIDTH="12"/>
						<String ID="P269_ST00119" HPOS="669" VPOS="1126" WIDTH="129" HEIGHT="31" CONTENT='before."' WC="0.84" CC="70013000"/>
					</TextLine>
				</TextBlock>
				<TextBlock ID="P269_TB00008" HPOS="82" VPOS="1187" WIDTH="823" HEIGHT="355" STYLEREFS="TXT_0 PAR_LEFT">
					<TextLine ID="P269_TL00019" HPOS="132" VPOS="1187" WIDTH="773" HEIGHT="43">
						<String ID="P269_ST00120" HPOS="132" VPOS="1192" WIDTH="18" HEIGHT="12" CONTENT='"' WC="0.55" CC="4"/>
						<SP ID="P269_SP00099" HPOS="150" VPOS="1204" WIDTH="12"/>
						<String ID="P269_ST00121" HPOS="162" VPOS="1190" WIDTH="75" HEIGHT="30" CONTENT="And" WC="0.75" CC="070"/>
						<SP ID="P269_SP00100" HPOS="237" VPOS="1220" WIDTH="16"/>
						<String ID="P269_ST00122" HPOS="253" VPOS="1200" WIDTH="62" HEIGHT="30" CONTENT="you" WC="0.60" CC="047"/>
						<SP ID="P269_SP00101" HPOS="315" VPOS="1230" WIDTH="16"/>
						<String ID="P269_ST00123" HPOS="331" VPOS="1188" WIDTH="97" HEIGHT="41" CONTENT="really" WC="0.90" CC="003020"/>
						<SP ID="P269_SP00102" HPOS="428" VPOS="1230" WIDTH="15"/>
						<String ID="P269_ST00124" HPOS="443" VPOS="1199" WIDTH="49" HEIGHT="20" CONTENT="are" WC="0.88" CC="030"/>
						<SP ID="P269_SP00103" HPOS="492" VPOS="1230" WIDTH="17"/>
						<String ID="P269_ST00125" HPOS="509" VPOS="1188" WIDTH="142" HEIGHT="41" CONTENT="amusing" WC="0.75" CC="0055050"/>
						<SP ID="P269_SP00104" HPOS="651" VPOS="1230" WIDTH="18"/>
						<String ID="P269_ST00126" HPOS="669" VPOS="1187" WIDTH="138" HEIGHT="42" CONTENT="yourself" WC="0.74" CC="04763000"/>
						<SP ID="P269_SP00105" HPOS="807" VPOS="1230" WIDTH="19"/>
						<String ID="P269_ST00127" HPOS="826" VPOS="1198" WIDTH="79" HEIGHT="27" CONTENT="now," WC="0.71" CC="7004"/>
					</TextLine>
					<TextLine ID="P269_TL00020" HPOS="84" VPOS="1249" WIDTH="820" HEIGHT="45">
						<String ID="P269_ST00128" HPOS="84" VPOS="1264" WIDTH="56" HEIGHT="30" CONTENT="my" WC="1.00" CC="00"/>
						<SP ID="P269_SP00106" HPOS="140" VPOS="1294" WIDTH="38"/>
						<String ID="P269_ST00129" HPOS="178" VPOS="1251" WIDTH="123" HEIGHT="41" CONTENT="darling" WC="0.82" CC="0024040"/>
						<SP ID="P269_SP00107" HPOS="301" VPOS="1294" WIDTH="12"/>
						<String ID="P269_ST00130" HPOS="313" VPOS="1251" WIDTH="11" HEIGHT="29" CONTENT="?" WC="1.00" CC="0"/>
						<String ID="P269_ST00131" HPOS="333" VPOS="1250" WIDTH="15" HEIGHT="12" CONTENT='"' WC="0.67" CC="3"/>
						<SP ID="P269_SP00108" HPOS="348" VPOS="1294" WIDTH="32"/>
						<String ID="P269_ST00132" HPOS="380" VPOS="1249" WIDTH="117" HEIGHT="41" CONTENT="replied" WC="0.94" CC="2001000"/>
						<SP ID="P269_SP00109" HPOS="497" VPOS="1294" WIDTH="37"/>
						<String ID="P269_ST00133" HPOS="534" VPOS="1249" WIDTH="144" HEIGHT="31" CONTENT="Madame" WC="1.00" CC="000000"/>
						<SP ID="P269_SP00110" HPOS="678" VPOS="1294" WIDTH="37"/>
						<String ID="P269_ST00134" HPOS="715" VPOS="1249" WIDTH="189" HEIGHT="37" CONTENT="Beaudouin," WC="0.64" CC="6008037072"/>
					</TextLine>
					<TextLine ID="P269_TL00021" HPOS="83" VPOS="1312" WIDTH="822" HEIGHT="44">
						<String ID="P269_ST00135" HPOS="83" VPOS="1314" WIDTH="154" HEIGHT="42" CONTENT="tenderly," WC="0.79" CC="606003002"/>
						<SP ID="P269_SP00111" HPOS="237" VPOS="1356" WIDTH="45"/>
						<String ID="P269_ST00136" HPOS="282" VPOS="1313" WIDTH="62" HEIGHT="31" CONTENT="and" WC="0.62" CC="640"/>
						<SP ID="P269_SP00112" HPOS="344" VPOS="1356" WIDTH="37"/>
						<String ID="P269_ST00137" HPOS="381" VPOS="1312" WIDTH="166" HEIGHT="41" CONTENT="surveying" WC="0.57" CC="637100379"/>
						<SP ID="P269_SP00113" HPOS="547" VPOS="1356" WIDTH="37"/>
						<String ID="P269_ST00138" HPOS="584" VPOS="1312" WIDTH="106" HEIGHT="41" CONTENT="gladly" WC="0.83" CC="800000"/>
						<SP ID="P269_SP00114" HPOS="690" VPOS="1356" WIDTH="39"/>
						<String ID="P269_ST00139" HPOS="729" VPOS="1312" WIDTH="53" HEIGHT="30" CONTENT="the" WC="0.64" CC="370"/>
						<SP ID="P269_SP00115" HPOS="782" VPOS="1356" WIDTH="45"/>
						<String ID="P269_ST00140" HPOS="827" VPOS="1322" WIDTH="78" HEIGHT="19" CONTENT="rose" SUBS_TYPE="HypPart1" SUBS_CONTENT="rosebloom" WC="0.77" CC="55000"/>
						<HYP CONTENT="-"/>
					</TextLine>
					<TextLine ID="P269_TL00022" HPOS="84" VPOS="1373" WIDTH="821" HEIGHT="38">
						<String ID="P269_ST00141" HPOS="84" VPOS="1378" WIDTH="104" HEIGHT="30" CONTENT="bloom" SUBS_TYPE="HypPart2" SUBS_CONTENT="rosebloom" WC="0.85" CC="70000"/>
						<SP ID="P269_SP00116" HPOS="188" VPOS="1408" WIDTH="35"/>
						<String ID="P269_ST00142" HPOS="223" VPOS="1376" WIDTH="34" HEIGHT="31" CONTENT="of" WC="1.00" CC="00"/>
						<SP ID="P269_SP00117" HPOS="257" VPOS="1408" WIDTH="35"/>
						<String ID="P269_ST00143" HPOS="292" VPOS="1375" WIDTH="55" HEIGHT="31" CONTENT="her" WC="0.66" CC="702"/>
						<SP ID="P269_SP00118" HPOS="347" VPOS="1408" WIDTH="29"/>
						<String ID="P269_ST00144" HPOS="376" VPOS="1373" WIDTH="109" HEIGHT="31" CONTENT="niece's" WC="0.81" CC="6001022"/>
						<SP ID="P269_SP00119" HPOS="485" VPOS="1408" WIDTH="30"/>
						<String ID="P269_ST00145" HPOS="515" VPOS="1374" WIDTH="103" HEIGHT="37" CONTENT="cheek," WC="0.79" CC="071003"/>
						<SP ID="P269_SP00120" HPOS="618" VPOS="1411" WIDTH="34"/>
						<String ID="P269_ST00146" HPOS="652" VPOS="1374" WIDTH="60" HEIGHT="30" CONTENT="and" WC="0.76" CC="070"/>
						<SP ID="P269_SP00121" HPOS="712" VPOS="1411" WIDTH="31"/>
						<String ID="P269_ST00147" HPOS="743" VPOS="1373" WIDTH="52" HEIGHT="30" CONTENT="the" WC="0.73" CC="070"/>
						<SP ID="P269_SP00122" HPOS="795" VPOS="1411" WIDTH="31"/>
						<String ID="P269_ST00148" HPOS="826" VPOS="1373" WIDTH="79" HEIGHT="30" CONTENT="radi" SUBS_TYPE="HypPart1" SUBS_CONTENT="radiance" WC="0.73" CC="20064"/>
						<HYP CONTENT="-"/>
					</TextLine>
					<TextLine ID="P269_TL00023" HPOS="85" VPOS="1434" WIDTH="820" HEIGHT="42">
						<String ID="P269_ST00149" HPOS="85" VPOS="1451" WIDTH="75" HEIGHT="20" CONTENT="ance" SUBS_TYPE="HypPart2" SUBS_CONTENT="radiance" WC="0.82" CC="0700"/>
						<SP ID="P269_SP00123" HPOS="160" VPOS="1471" WIDTH="33"/>
						<String ID="P269_ST00150" HPOS="193" VPOS="1438" WIDTH="33" HEIGHT="31" CONTENT="of" WC="1.00" CC="00"/>
						<SP ID="P269_SP00124" HPOS="226" VPOS="1471" WIDTH="27"/>
						<String ID="P269_ST00151" HPOS="253" VPOS="1438" WIDTH="53" HEIGHT="30" CONTENT="the" WC="0.52" CC="670"/>
						<SP ID="P269_SP00125" HPOS="306" VPOS="1471" WIDTH="31"/>
						<String ID="P269_ST00152" HPOS="337" VPOS="1436" WIDTH="87" HEIGHT="32" CONTENT="smile" WC="0.64" CC="70370"/>
						<SP ID="P269_SP00126" HPOS="424" VPOS="1471" WIDTH="31"/>
						<String ID="P269_ST00153" HPOS="455" VPOS="1436" WIDTH="33" HEIGHT="30" CONTENT="in" WC="0.42" CC="47"/>
						<SP ID="P269_SP00127" HPOS="488" VPOS="1471" WIDTH="30"/>
						<String ID="P269_ST00154" HPOS="518" VPOS="1435" WIDTH="54" HEIGHT="31" CONTENT="her" WC="0.53" CC="706"/>
						<SP ID="P269_SP00128" HPOS="572" VPOS="1471" WIDTH="27"/>
						<String ID="P269_ST00155" HPOS="599" VPOS="1446" WIDTH="69" HEIGHT="30" CONTENT="eyes" WC="0.88" CC="0004"/>
						<SP ID="P269_SP00129" HPOS="668" VPOS="1476" WIDTH="31"/>
						<String ID="P269_ST00156" HPOS="699" VPOS="1435" WIDTH="61" HEIGHT="30" CONTENT="and" WC="0.76" CC="070"/>
						<SP ID="P269_SP00130" HPOS="760" VPOS="1476" WIDTH="27"/>
						<String ID="P269_ST00157" HPOS="787" VPOS="1446" WIDTH="39" HEIGHT="19" CONTENT="on" WC="0.70" CC="05"/>
						<SP ID="P269_SP00131" HPOS="826" VPOS="1476" WIDTH="27"/>
						<String ID="P269_ST00158" HPOS="853" VPOS="1434" WIDTH="52" HEIGHT="31" CONTENT="her" WC="0.52" CC="706"/>
					</TextLine>
					<TextLine ID="P269_TL00024" HPOS="84" VPOS="1503" WIDTH="67" HEIGHT="39">
						<String ID="P269_ST00159" HPOS="84" VPOS="1503" WIDTH="67" HEIGHT="39" CONTENT="lips." WC="0.97" CC="00010"/>
					</TextLine>
				</TextBlock>
				<TextBlock ID="P269_TB00009" HPOS="130" VPOS="1555" WIDTH="774" HEIGHT="41" STYLEREFS="TXT_0 PAR_CENTER">
					<TextLine ID="P269_TL00025" HPOS="131" VPOS="1556" WIDTH="773" HEIGHT="40">
						<String ID="P269_ST00160" HPOS="131" VPOS="1566" WIDTH="18" HEIGHT="12" CONTENT='"' WC="0.72" CC="2"/>
						<SP ID="P269_SP00132" HPOS="149" VPOS="1578" WIDTH="11"/>
						<String ID="P269_ST00161" HPOS="160" VPOS="1563" WIDTH="15" HEIGHT="31" CONTENT="I" WC="0.91" CC="0"/>
						<SP ID="P269_SP00133" HPOS="175" VPOS="1594" WIDTH="16"/>
						<String ID="P269_ST00162" HPOS="191" VPOS="1561" WIDTH="94" HEIGHT="33" CONTENT="think" WC="0.42" CC="57069"/>
						<SP ID="P269_SP00134" HPOS="285" VPOS="1594" WIDTH="15"/>
						<String ID="P269_ST00163" HPOS="300" VPOS="1559" WIDTH="61" HEIGHT="37" CONTENT='so,"' WC="0.86" CC="0030"/>
						<SP ID="P269_SP00135" HPOS="361" VPOS="1596" WIDTH="17"/>
						<String ID="P269_ST00164" HPOS="378" VPOS="1558" WIDTH="158" HEIGHT="32" CONTENT="answered" WC="0.78" CC="06500500"/>
						<SP ID="P269_SP00136" HPOS="536" VPOS="1596" WIDTH="16"/>
						<String ID="P269_ST00165" HPOS="552" VPOS="1557" WIDTH="107" HEIGHT="38" CONTENT="Claire," WC="0.61" CC="5092602"/>
						<SP ID="P269_SP00137" HPOS="659" VPOS="1596" WIDTH="19"/>
						<String ID="P269_ST00166" HPOS="678" VPOS="1567" WIDTH="32" HEIGHT="21" CONTENT="as" WC="0.69" CC="06"/>
						<SP ID="P269_SP00138" HPOS="710" VPOS="1596" WIDTH="15"/>
						<String ID="P269_ST00167" HPOS="725" VPOS="1556" WIDTH="53" HEIGHT="31" CONTENT="she" WC="0.57" CC="570"/>
						<SP ID="P269_SP00139" HPOS="778" VPOS="1596" WIDTH="15"/>
						<String ID="P269_ST00168" HPOS="793" VPOS="1556" WIDTH="111" HEIGHT="31" CONTENT="floated" WC="0.94" CC="0000400"/>
					</TextLine>
				</TextBlock>
				<TextBlock ID="P269_TB00010" HPOS="783" VPOS="1617" WIDTH="37" HEIGHT="19" STYLEREFS="TXT_2 PAR_RIGHT">
					<TextLine ID="P269_TL00026" HPOS="784" VPOS="1618" WIDTH="36" HEIGHT="18">
						<String ID="P269_ST00169" HPOS="784" VPOS="1623" WIDTH="11" HEIGHT="13" CONTENT="s" WC="0.39" CC="6"/>
						<SP ID="P269_SP00140" HPOS="795" VPOS="1636" WIDTH="15"/>
						<String ID="P269_ST00170" HPOS="810" VPOS="1618" WIDTH="10" HEIGHT="18" CONTENT="2" WC="1.00" CC="0"/>
					</TextLine>
				</TextBlock>
			</PrintSpace>
		</Page>
	</Layout>
</alto>
