<?xml version="1.0" encoding="UTF-8"?>
<alto xmlns:xsi="http://www.w3.org/2001/XMLSchema-instance" xsi:noNamespaceSchemaLocation="http://www.bl.uk/schemas/alto/alto-1-4.xsd" xmlns:xlink="http://www.w3.org/1999/xlink">
	<Description>
		<MeasurementUnit>mm10</MeasurementUnit>
		<sourceImageInformation>
			<fileName>//head1/IN/2007-46/A0010888503.2/009219.jp2</fileName>
		</sourceImageInformation>
		<OCRProcessing ID="OCRPROCESSING_1">
			<preProcessingStep>
				<processingSoftware>
					<softwareCreator>CCS Content Conversion Specialists GmbH, Germany</softwareCreator>
					<softwareName>CCS docWORKS</softwareName>
					<softwareVersion>6.1-0.61</softwareVersion>
				</processingSoftware>
			</preProcessingStep>
			<ocrProcessingStep>
				<processingSoftware>
					<softwareCreator>ABBYY (BIT Software), Russia</softwareCreator>
					<softwareName>Finereader</softwareName>
				</processingSoftware>
			</ocrProcessingStep>
		</OCRProcessing>
	</Description>
	<Styles>
		<TextStyle ID="TXT_0" FONTSIZE="10" FONTFAMILY="Courier New"/>
		<TextStyle ID="TXT_1" FONTSIZE="9" FONTFAMILY="Courier New"/>
		<ParagraphStyle ID="PAR_CENTER" ALIGN="Center"/>
		<ParagraphStyle ID="PAR_LEFT" ALIGN="Left"/>
	</Styles>
	<Layout>
		<Page ID="P11" PHYSICAL_IMG_NR="11" HEIGHT="1747" WIDTH="1132" POSITION="Right" ACCURACY="71.61">
			<TopMargin ID="P11_TM00001" HPOS="0" VPOS="0" WIDTH="1131" HEIGHT="338"/>
			<LeftMargin ID="P11_LM00001" HPOS="0" VPOS="338" WIDTH="92" HEIGHT="1276"/>
			<RightMargin ID="P11_RM00001" HPOS="920" VPOS="338" WIDTH="211" HEIGHT="1276"/>
			<BottomMargin ID="P11_BM00001" HPOS="0" VPOS="1614" WIDTH="1131" HEIGHT="132"/>
			<PrintSpace ID="P11_PS00001" HPOS="92" VPOS="338" WIDTH="828" HEIGHT="1276">
				<TextBlock ID="P11_TB00001" HPOS="119" VPOS="338" WIDTH="758" HEIGHT="54" STYLEREFS="TXT_0 PAR_CENTER">
					<TextLine ID="P11_TL00001" HPOS="121" VPOS="339" WIDTH="756" HEIGHT="53">
						<String ID="P11_ST00001" HPOS="121" VPOS="339" WIDTH="176" HEIGHT="51" CONTENT="LOYE" WC="0.74" CC="0073"/>
						<SP ID="P11_SP00001" HPOS="297" VPOS="390" WIDTH="59"/>
						<String ID="P11_ST00002" HPOS="356" VPOS="340" WIDTH="136" HEIGHT="51" CONTENT="THE" WC="0.58" CC="164"/>
						<SP ID="P11_SP00002" HPOS="492" VPOS="391" WIDTH="52"/>
						<String ID="P11_ST00003" HPOS="544" VPOS="340" WIDTH="333" HEIGHT="52" CONTENT="AYENGEB." WC="0.55" CC="70088082"/>
					</TextLine>
				</TextBlock>
				<TextBlock ID="P11_TB00002" HPOS="375" VPOS="557" WIDTH="253" HEIGHT="33" STYLEREFS="TXT_0 PAR_CENTER">
					<TextLine ID="P11_TL00002" HPOS="376" VPOS="557" WIDTH="252" HEIGHT="33">
						<String ID="P11_ST00004" HPOS="376" VPOS="557" WIDTH="204" HEIGHT="33" CONTENT="CHAPTER" WC="0.69" CC="2606005"/>
						<SP ID="P11_SP00003" HPOS="580" VPOS="590" WIDTH="26"/>
						<String ID="P11_ST00005" HPOS="606" VPOS="559" WIDTH="22" HEIGHT="31" CONTENT="I." WC="0.61" CC="52"/>
					</TextLine>
				</TextBlock>
				<TextBlock ID="P11_TB00003" HPOS="365" VPOS="653" WIDTH="277" HEIGHT="21" STYLEREFS="TXT_0 PAR_CENTER">
					<TextLine ID="P11_TL00003" HPOS="366" VPOS="654" WIDTH="276" HEIGHT="20">
						<String ID="P11_ST00006" HPOS="366" VPOS="654" WIDTH="147" HEIGHT="20" CONTENT="KINDRED" WC="0.73" CC="0200806"/>
						<SP ID="P11_SP00004" HPOS="513" VPOS="674" WIDTH="23"/>
						<String ID="P11_ST00007" HPOS="536" VPOS="654" WIDTH="106" HEIGHT="20" CONTENT="MINDS." WC="0.79" CC="100550"/>
					</TextLine>
				</TextBlock>
				<TextBlock ID="P11_TB00004" HPOS="92" VPOS="728" WIDTH="828" HEIGHT="845" STYLEREFS="TXT_0 PAR_LEFT">
					<TextLine ID="P11_TL00004" HPOS="136" VPOS="729" WIDTH="776" HEIGHT="33">
						<String ID="P11_ST00008" HPOS="136" VPOS="730" WIDTH="51" HEIGHT="31" CONTENT="At" WC="0.97" CC="00"/>
						<SP ID="P11_SP00005" HPOS="187" VPOS="761" WIDTH="24"/>
						<String ID="P11_ST00009" HPOS="211" VPOS="729" WIDTH="188" HEIGHT="32" CONTENT="somewhere" WC="0.81" CC="400007050"/>
						<SP ID="P11_SP00006" HPOS="399" VPOS="761" WIDTH="26"/>
						<String ID="P11_ST00010" HPOS="425" VPOS="730" WIDTH="94" HEIGHT="31" CONTENT="about" WC="0.84" CC="00250"/>
						<SP ID="P11_SP00007" HPOS="519" VPOS="761" WIDTH="23"/>
						<String ID="P11_ST00011" HPOS="542" VPOS="729" WIDTH="51" HEIGHT="32" CONTENT="the" WC="0.60" CC="074"/>
						<SP ID="P11_SP00008" HPOS="593" VPOS="761" WIDTH="25"/>
						<String ID="P11_ST00012" HPOS="618" VPOS="742" WIDTH="84" HEIGHT="20" CONTENT="same" WC="0.91" CC="0300"/>
						<SP ID="P11_SP00009" HPOS="702" VPOS="762" WIDTH="24"/>
						<String ID="P11_ST00013" HPOS="726" VPOS="730" WIDTH="73" HEIGHT="32" CONTENT="time" WC="0.85" CC="0500"/>
						<SP ID="P11_SP00010" HPOS="799" VPOS="762" WIDTH="25"/>
						<String ID="P11_ST00014" HPOS="824" VPOS="730" WIDTH="88" HEIGHT="32" CONTENT="when" WC="0.66" CC="0706"/>
					</TextLine>
					<TextLine ID="P11_TL00005" HPOS="93" VPOS="790" WIDTH="821" HEIGHT="43">
						<String ID="P11_ST00015" HPOS="93" VPOS="791" WIDTH="84" HEIGHT="32" CONTENT="what" WC="0.80" CC="0700"/>
						<SP ID="P11_SP00011" HPOS="177" VPOS="823" WIDTH="29"/>
						<String ID="P11_ST00016" HPOS="206" VPOS="790" WIDTH="57" HEIGHT="32" CONTENT="has" WC="0.73" CC="700"/>
						<SP ID="P11_SP00012" HPOS="263" VPOS="823" WIDTH="30"/>
						<String ID="P11_ST00017" HPOS="293" VPOS="790" WIDTH="79" HEIGHT="32" CONTENT="been" WC="0.57" CC="7009"/>
						<SP ID="P11_SP00013" HPOS="372" VPOS="823" WIDTH="31"/>
						<String ID="P11_ST00018" HPOS="403" VPOS="790" WIDTH="116" HEIGHT="32" CONTENT="related" WC="0.83" CC="5060000"/>
						<SP ID="P11_SP00014" HPOS="519" VPOS="823" WIDTH="29"/>
						<String ID="P11_ST00019" HPOS="548" VPOS="790" WIDTH="32" HEIGHT="31" CONTENT="in" WC="0.52" CC="26"/>
						<SP ID="P11_SP00015" HPOS="580" VPOS="823" WIDTH="30"/>
						<String ID="P11_ST00020" HPOS="610" VPOS="790" WIDTH="53" HEIGHT="32" CONTENT="the" WC="0.70" CC="170"/>
						<SP ID="P11_SP00016" HPOS="663" VPOS="823" WIDTH="30"/>
						<String ID="P11_ST00021" HPOS="693" VPOS="791" WIDTH="59" HEIGHT="31" CONTENT="last" WC="0.79" CC="0016"/>
						<SP ID="P11_SP00017" HPOS="752" VPOS="823" WIDTH="37"/>
						<String ID="P11_ST00022" HPOS="789" VPOS="791" WIDTH="125" HEIGHT="42" CONTENT="chapter" WC="0.67" CC="0709006"/>
					</TextLine>
					<TextLine ID="P11_TL00006" HPOS="94" VPOS="852" WIDTH="820" HEIGHT="41">
						<String ID="P11_ST00023" HPOS="94" VPOS="864" WIDTH="63" HEIGHT="21" CONTENT="was" WC="0.39" CC="809"/>
						<SP ID="P11_SP00018" HPOS="157" VPOS="885" WIDTH="30"/>
						<String ID="P11_ST00024" HPOS="187" VPOS="853" WIDTH="107" HEIGHT="40" CONTENT="taking" WC="0.65" CC="010577"/>
						<SP ID="P11_SP00019" HPOS="294" VPOS="893" WIDTH="35"/>
						<String ID="P11_ST00025" HPOS="329" VPOS="852" WIDTH="87" HEIGHT="41" CONTENT="place" WC="0.73" CC="94000"/>
						<SP ID="P11_SP00020" HPOS="416" VPOS="893" WIDTH="37"/>
						<String ID="P11_ST00026" HPOS="453" VPOS="852" WIDTH="140" HEIGHT="31" CONTENT="between" WC="0.72" CC="0039006"/>
						<SP ID="P11_SP00021" HPOS="593" VPOS="893" WIDTH="31"/>
						<String ID="P11_ST00027" HPOS="624" VPOS="852" WIDTH="117" HEIGHT="32" CONTENT="Olivier" WC="0.58" CC="0069705"/>
						<SP ID="P11_SP00022" HPOS="741" VPOS="893" WIDTH="31"/>
						<String ID="P11_ST00028" HPOS="772" VPOS="852" WIDTH="60" HEIGHT="31" CONTENT="and" WC="0.76" CC="070"/>
						<SP ID="P11_SP00023" HPOS="832" VPOS="893" WIDTH="29"/>
						<String ID="P11_ST00029" HPOS="861" VPOS="852" WIDTH="53" HEIGHT="32" CONTENT="the" WC="0.57" CC="570"/>
					</TextLine>
					<TextLine ID="P11_TL00007" HPOS="95" VPOS="912" WIDTH="821" HEIGHT="44">
						<String ID="P11_ST00030" HPOS="95" VPOS="914" WIDTH="127" HEIGHT="42" CONTENT="Sphinx," WC="0.54" CC="5074490"/>
						<SP ID="P11_SP00024" HPOS="222" VPOS="956" WIDTH="26"/>
						<String ID="P11_ST00031" HPOS="248" VPOS="912" WIDTH="103" HEIGHT="33" CONTENT="Claire" WC="0.63" CC="720550"/>
						<SP ID="P11_SP00025" HPOS="351" VPOS="956" WIDTH="24"/>
						<String ID="P11_ST00032" HPOS="375" VPOS="912" WIDTH="38" HEIGHT="31" CONTENT="de" WC="1.00" CC="00"/>
						<SP ID="P11_SP00026" HPOS="413" VPOS="956" WIDTH="23"/>
						<String ID="P11_ST00033" HPOS="436" VPOS="912" WIDTH="184" HEIGHT="31" CONTENT="Beauvoisin" WC="0.72" CC="5002004545"/>
						<SP ID="P11_SP00027" HPOS="620" VPOS="956" WIDTH="16"/>
						<String ID="P11_ST00034" HPOS="636" VPOS="924" WIDTH="63" HEIGHT="20" CONTENT="was" WC="0.85" CC="004"/>
						<SP ID="P11_SP00028" HPOS="699" VPOS="956" WIDTH="17"/>
						<String ID="P11_ST00035" HPOS="716" VPOS="913" WIDTH="104" HEIGHT="32" CONTENT="seated" WC="0.91" CC="500000"/>
						<SP ID="P11_SP00029" HPOS="820" VPOS="956" WIDTH="23"/>
						<String ID="P11_ST00036" HPOS="843" VPOS="913" WIDTH="31" HEIGHT="31" CONTENT="in" WC="0.64" CC="07"/>
						<SP ID="P11_SP00030" HPOS="874" VPOS="956" WIDTH="23"/>
						<String ID="P11_ST00037" HPOS="897" VPOS="925" WIDTH="19" HEIGHT="20" CONTENT="a" WC="1.00" CC="0"/>
					</TextLine>
					<TextLine ID="P11_TL00008" HPOS="95" VPOS="974" WIDTH="818" HEIGHT="40">
						<String ID="P11_ST00038" HPOS="95" VPOS="975" WIDTH="89" HEIGHT="33" CONTENT="small" WC="0.72" CC="52015"/>
						<SP ID="P11_SP00031" HPOS="184" VPOS="1008" WIDTH="21"/>
						<String ID="P11_ST00039" HPOS="205" VPOS="986" WIDTH="87" HEIGHT="21" CONTENT="room" WC="0.94" CC="2000"/>
						<SP ID="P11_SP00032" HPOS="292" VPOS="1008" WIDTH="25"/>
						<String ID="P11_ST00040" HPOS="317" VPOS="986" WIDTH="39" HEIGHT="20" CONTENT="on" WC="0.53" CC="26"/>
						<SP ID="P11_SP00033" HPOS="356" VPOS="1008" WIDTH="25"/>
						<String ID="P11_ST00041" HPOS="381" VPOS="974" WIDTH="53" HEIGHT="31" CONTENT="the" WC="0.55" CC="570"/>
						<SP ID="P11_SP00034" HPOS="434" VPOS="1008" WIDTH="24"/>
						<String ID="P11_ST00042" HPOS="458" VPOS="974" WIDTH="113" HEIGHT="31" CONTENT="second" WC="0.88" CC="200040"/>
						<SP ID="P11_SP00035" HPOS="571" VPOS="1008" WIDTH="22"/>
						<String ID="P11_ST00043" HPOS="593" VPOS="974" WIDTH="75" HEIGHT="31" CONTENT="floor" WC="0.95" CC="00002"/>
						<SP ID="P11_SP00036" HPOS="668" VPOS="1008" WIDTH="23"/>
						<String ID="P11_ST00044" HPOS="691" VPOS="974" WIDTH="34" HEIGHT="32" CONTENT="of" WC="1.00" CC="00"/>
						<SP ID="P11_SP00037" HPOS="725" VPOS="1008" WIDTH="20"/>
						<String ID="P11_ST00045" HPOS="745" VPOS="975" WIDTH="54" HEIGHT="31" CONTENT="her" WC="0.54" CC="706"/>
						<SP ID="P11_SP00038" HPOS="799" VPOS="1008" WIDTH="23"/>
						<String ID="P11_ST00046" HPOS="822" VPOS="974" WIDTH="91" HEIGHT="40" CONTENT="hotel," WC="0.82" CC="730000"/>
					</TextLine>
					<TextLine ID="P11_TL00009" HPOS="94" VPOS="1035" WIDTH="821" HEIGHT="42">
						<String ID="P11_ST00047" HPOS="94" VPOS="1037" WIDTH="55" HEIGHT="32" CONTENT="her" WC="0.65" CC="702"/>
						<SP ID="P11_SP00039" HPOS="149" VPOS="1069" WIDTH="23"/>
						<String ID="P11_ST00048" HPOS="172" VPOS="1036" WIDTH="99" HEIGHT="32" CONTENT="hands" WC="0.63" CC="70605"/>
						<SP ID="P11_SP00040" HPOS="271" VPOS="1069" WIDTH="24"/>
						<String ID="P11_ST00049" HPOS="295" VPOS="1035" WIDTH="124" HEIGHT="32" CONTENT="crossed" WC="0.86" CC="0003500"/>
						<SP ID="P11_SP00041" HPOS="419" VPOS="1069" WIDTH="21"/>
						<String ID="P11_ST00050" HPOS="440" VPOS="1046" WIDTH="72" HEIGHT="20" CONTENT="over" WC="0.81" CC="3004"/>
						<SP ID="P11_SP00042" HPOS="512" VPOS="1069" WIDTH="23"/>
						<String ID="P11_ST00051" HPOS="535" VPOS="1046" WIDTH="18" HEIGHT="19" CONTENT="a" WC="0.12" CC="8"/>
						<SP ID="P11_SP00043" HPOS="553" VPOS="1069" WIDTH="20"/>
						<String ID="P11_ST00052" HPOS="573" VPOS="1035" WIDTH="80" HEIGHT="31" CONTENT="book" WC="0.82" CC="7000"/>
						<SP ID="P11_SP00044" HPOS="653" VPOS="1069" WIDTH="22"/>
						<String ID="P11_ST00053" HPOS="675" VPOS="1035" WIDTH="67" HEIGHT="32" CONTENT="that" WC="0.69" CC="4700"/>
						<SP ID="P11_SP00045" HPOS="742" VPOS="1069" WIDTH="21"/>
						<String ID="P11_ST00054" HPOS="763" VPOS="1035" WIDTH="51" HEIGHT="41" CONTENT="lay" WC="0.54" CC="309"/>
						<SP ID="P11_SP00046" HPOS="814" VPOS="1076" WIDTH="23"/>
						<String ID="P11_ST00055" HPOS="837" VPOS="1047" WIDTH="78" HEIGHT="30" CONTENT="open" WC="0.72" CC="4006"/>
					</TextLine>
					<TextLine ID="P11_TL00010" HPOS="95" VPOS="1096" WIDTH="818" HEIGHT="42">
						<String ID="P11_ST00056" HPOS="95" VPOS="1111" WIDTH="39" HEIGHT="20" CONTENT="on" WC="0.56" CC="26"/>
						<SP ID="P11_SP00047" HPOS="134" VPOS="1131" WIDTH="16"/>
						<String ID="P11_ST00057" HPOS="150" VPOS="1098" WIDTH="55" HEIGHT="32" CONTENT="her" WC="0.75" CC="700"/>
						<SP ID="P11_SP00048" HPOS="205" VPOS="1131" WIDTH="15"/>
						<String ID="P11_ST00058" HPOS="220" VPOS="1097" WIDTH="104" HEIGHT="32" CONTENT="knees." WC="0.64" CC="870050"/>
						<SP ID="P11_SP00049" HPOS="324" VPOS="1131" WIDTH="35"/>
						<String ID="P11_ST00059" HPOS="359" VPOS="1096" WIDTH="66" HEIGHT="32" CONTENT="The" WC="0.49" CC="770"/>
						<SP ID="P11_SP00050" HPOS="425" VPOS="1131" WIDTH="16"/>
						<String ID="P11_ST00060" HPOS="441" VPOS="1107" WIDTH="86" HEIGHT="20" CONTENT="room" WC="0.87" CC="5000"/>
						<SP ID="P11_SP00051" HPOS="527" VPOS="1131" WIDTH="16"/>
						<String ID="P11_ST00061" HPOS="543" VPOS="1107" WIDTH="64" HEIGHT="20" CONTENT="was" WC="0.80" CC="005"/>
						<SP ID="P11_SP00052" HPOS="607" VPOS="1131" WIDTH="17"/>
						<String ID="P11_ST00062" HPOS="624" VPOS="1096" WIDTH="109" HEIGHT="42" CONTENT="simply" WC="0.79" CC="140060"/>
						<SP ID="P11_SP00053" HPOS="733" VPOS="1138" WIDTH="15"/>
						<String ID="P11_ST00063" HPOS="748" VPOS="1096" WIDTH="165" HEIGHT="40" CONTENT="furnished," WC="0.62" CC="0047537080"/>
					</TextLine>
					<TextLine ID="P11_TL00011" HPOS="94" VPOS="1157" WIDTH="821" HEIGHT="45">
						<String ID="P11_ST00064" HPOS="94" VPOS="1161" WIDTH="87" HEIGHT="41" CONTENT="hung" WC="0.45" CC="7409"/>
						<SP ID="P11_SP00054" HPOS="181" VPOS="1202" WIDTH="14"/>
						<String ID="P11_ST00065" HPOS="195" VPOS="1159" WIDTH="76" HEIGHT="31" CONTENT="with" WC="0.34" CC="9267"/>
						<SP ID="P11_SP00055" HPOS="271" VPOS="1202" WIDTH="23"/>
						<String ID="P11_ST00066" HPOS="294" VPOS="1157" WIDTH="100" HEIGHT="33" CONTENT="chintz" WC="0.77" CC="074020"/>
						<SP ID="P11_SP00056" HPOS="394" VPOS="1202" WIDTH="26"/>
						<String ID="P11_ST00067" HPOS="420" VPOS="1158" WIDTH="27" HEIGHT="42" CONTENT="(a" WC="0.98" CC="00"/>
						<SP ID="P11_SP00057" HPOS="447" VPOS="1202" WIDTH="16"/>
						<String ID="P11_ST00068" HPOS="463" VPOS="1157" WIDTH="67" HEIGHT="42" CONTENT="pale" WC="0.85" CC="0060"/>
						<SP ID="P11_SP00058" HPOS="530" VPOS="1202" WIDTH="23"/>
						<String ID="P11_ST00069" HPOS="553" VPOS="1169" WIDTH="76" HEIGHT="30" CONTENT="grey" WC="0.49" CC="9405"/>
						<SP ID="P11_SP00059" HPOS="629" VPOS="1202" WIDTH="15"/>
						<String ID="P11_ST00070" HPOS="644" VPOS="1157" WIDTH="119" HEIGHT="42" CONTENT="ground" WC="0.70" CC="060560"/>
						<SP ID="P11_SP00060" HPOS="763" VPOS="1202" WIDTH="23"/>
						<String ID="P11_ST00071" HPOS="786" VPOS="1157" WIDTH="129" HEIGHT="33" CONTENT="covered" WC="0.98" CC="0000000"/>
					</TextLine>
					<TextLine ID="P11_TL00012" HPOS="94" VPOS="1219" WIDTH="820" HEIGHT="42">
						<String ID="P11_ST00072" HPOS="94" VPOS="1223" WIDTH="73" HEIGHT="32" CONTENT="with" WC="0.54" CC="9107"/>
						<SP ID="P11_SP00061" HPOS="167" VPOS="1255" WIDTH="26"/>
						<String ID="P11_ST00073" HPOS="193" VPOS="1222" WIDTH="128" HEIGHT="32" CONTENT="clusters" WC="0.85" CC="00560000"/>
						<SP ID="P11_SP00062" HPOS="321" VPOS="1255" WIDTH="26"/>
						<String ID="P11_ST00074" HPOS="347" VPOS="1220" WIDTH="34" HEIGHT="31" CONTENT="of" WC="1.00" CC="00"/>
						<SP ID="P11_SP00063" HPOS="381" VPOS="1255" WIDTH="20"/>
						<String ID="P11_ST00075" HPOS="401" VPOS="1219" WIDTH="72" HEIGHT="32" CONTENT="field" WC="1.00" CC="00000"/>
						<SP ID="P11_SP00064" HPOS="473" VPOS="1255" WIDTH="24"/>
						<String ID="P11_ST00076" HPOS="497" VPOS="1219" WIDTH="140" HEIGHT="42" CONTENT="flowers)," WC="0.78" CC="000806300"/>
						<SP ID="P11_SP00065" HPOS="637" VPOS="1261" WIDTH="27"/>
						<String ID="P11_ST00077" HPOS="664" VPOS="1219" WIDTH="55" HEIGHT="32" CONTENT="but" WC="0.70" CC="062"/>
						<SP ID="P11_SP00066" HPOS="719" VPOS="1261" WIDTH="23"/>
						<String ID="P11_ST00078" HPOS="742" VPOS="1219" WIDTH="86" HEIGHT="32" CONTENT="there" WC="0.59" CC="77050"/>
						<SP ID="P11_SP00067" HPOS="828" VPOS="1261" WIDTH="24"/>
						<String ID="P11_ST00079" HPOS="852" VPOS="1230" WIDTH="62" HEIGHT="21" CONTENT="was" WC="0.83" CC="004"/>
					</TextLine>
					<TextLine ID="P11_TL00013" HPOS="94" VPOS="1279" WIDTH="821" HEIGHT="44">
						<String ID="P11_ST00080" HPOS="94" VPOS="1290" WIDTH="55" HEIGHT="27" CONTENT="not" WC="0.63" CC="720"/>
						<SP ID="P11_SP00068" HPOS="149" VPOS="1317" WIDTH="15"/>
						<String ID="P11_ST00081" HPOS="164" VPOS="1296" WIDTH="18" HEIGHT="20" CONTENT="a" WC="0.77" CC="2"/>
						<SP ID="P11_SP00069" HPOS="182" VPOS="1317" WIDTH="14"/>
						<String ID="P11_ST00082" HPOS="196" VPOS="1288" WIDTH="84" HEIGHT="28" CONTENT="trace" WC="0.81" CC="26000"/>
						<SP ID="P11_SP00070" HPOS="280" VPOS="1317" WIDTH="17"/>
						<String ID="P11_ST00083" HPOS="297" VPOS="1281" WIDTH="34" HEIGHT="32" CONTENT="of" WC="0.96" CC="00"/>
						<SP ID="P11_SP00071" HPOS="331" VPOS="1317" WIDTH="18"/>
						<String ID="P11_ST00084" HPOS="349" VPOS="1281" WIDTH="111" HEIGHT="42" CONTENT="luxury" WC="0.45" CC="149545"/>
						<SP ID="P11_SP00072" HPOS="460" VPOS="1323" WIDTH="16"/>
						<String ID="P11_ST00085" HPOS="476" VPOS="1280" WIDTH="31" HEIGHT="32" CONTENT="in" WC="0.48" CC="27"/>
						<SP ID="P11_SP00073" HPOS="507" VPOS="1323" WIDTH="16"/>
						<String ID="P11_ST00086" HPOS="523" VPOS="1281" WIDTH="32" HEIGHT="31" CONTENT="it." WC="0.80" CC="320"/>
						<SP ID="P11_SP00074" HPOS="555" VPOS="1323" WIDTH="47"/>
						<String ID="P11_ST00087" HPOS="602" VPOS="1281" WIDTH="31" HEIGHT="31" CONTENT="It" WC="0.79" CC="12"/>
						<SP ID="P11_SP00075" HPOS="633" VPOS="1323" WIDTH="14"/>
						<String ID="P11_ST00088" HPOS="647" VPOS="1292" WIDTH="64" HEIGHT="20" CONTENT="was" WC="1.00" CC="000"/>
						<SP ID="P11_SP00076" HPOS="711" VPOS="1323" WIDTH="23"/>
						<String ID="P11_ST00089" HPOS="734" VPOS="1279" WIDTH="117" HEIGHT="43" CONTENT="lighted" WC="0.70" CC="0397000"/>
						<SP ID="P11_SP00077" HPOS="851" VPOS="1323" WIDTH="22"/>
						<String ID="P11_ST00090" HPOS="873" VPOS="1280" WIDTH="42" HEIGHT="42" CONTENT="by" WC="0.63" CC="70"/>
					</TextLine>
					<TextLine ID="P11_TL00014" HPOS="94" VPOS="1341" WIDTH="822" HEIGHT="45">
						<String ID="P11_ST00091" HPOS="94" VPOS="1358" WIDTH="58" HEIGHT="21" CONTENT="one" WC="0.94" CC="100"/>
						<SP ID="P11_SP00078" HPOS="152" VPOS="1379" WIDTH="19"/>
						<String ID="P11_ST00092" HPOS="171" VPOS="1346" WIDTH="83" HEIGHT="40" CONTENT="lamp" WC="1.00" CC="0000"/>
						<SP ID="P11_SP00079" HPOS="254" VPOS="1386" WIDTH="17"/>
						<String ID="P11_ST00093" HPOS="271" VPOS="1356" WIDTH="39" HEIGHT="19" CONTENT="on" WC="0.63" CC="07"/>
						<SP ID="P11_SP00080" HPOS="310" VPOS="1386" WIDTH="16"/>
						<String ID="P11_ST00094" HPOS="326" VPOS="1355" WIDTH="19" HEIGHT="19" CONTENT="a" WC="0.32" CC="6"/>
						<SP ID="P11_SP00081" HPOS="345" VPOS="1386" WIDTH="15"/>
						<String ID="P11_ST00095" HPOS="360" VPOS="1342" WIDTH="82" HEIGHT="32" CONTENT="table" WC="0.74" CC="03602"/>
						<SP ID="P11_SP00082" HPOS="442" VPOS="1386" WIDTH="22"/>
						<String ID="P11_ST00096" HPOS="464" VPOS="1354" WIDTH="74" HEIGHT="19" CONTENT="near" WC="0.75" CC="0045"/>
						<SP ID="P11_SP00083" HPOS="538" VPOS="1386" WIDTH="20"/>
						<String ID="P11_ST00097" HPOS="558" VPOS="1341" WIDTH="52" HEIGHT="32" CONTENT="the" WC="0.49" CC="770"/>
						<SP ID="P11_SP00084" HPOS="610" VPOS="1386" WIDTH="19"/>
						<String ID="P11_ST00098" HPOS="629" VPOS="1341" WIDTH="138" HEIGHT="41" CONTENT="window," WC="0.85" CC="0440001"/>
						<SP ID="P11_SP00085" HPOS="767" VPOS="1386" WIDTH="18"/>
						<String ID="P11_ST00099" HPOS="785" VPOS="1341" WIDTH="52" HEIGHT="31" CONTENT="the" WC="0.75" CC="070"/>
						<SP ID="P11_SP00086" HPOS="837" VPOS="1386" WIDTH="16"/>
						<String ID="P11_ST00100" HPOS="853" VPOS="1346" WIDTH="63" HEIGHT="26" CONTENT="rest" WC="0.59" CC="4316"/>
					</TextLine>
					<TextLine ID="P11_TL00015" HPOS="94" VPOS="1402" WIDTH="822" HEIGHT="45">
						<String ID="P11_ST00101" HPOS="94" VPOS="1409" WIDTH="34" HEIGHT="31" CONTENT="of" WC="0.81" CC="03"/>
						<SP ID="P11_SP00087" HPOS="128" VPOS="1440" WIDTH="11"/>
						<String ID="P11_ST00102" HPOS="139" VPOS="1408" WIDTH="24" HEIGHT="31" CONTENT="it" WC="0.69" CC="32"/>
						<SP ID="P11_SP00088" HPOS="163" VPOS="1440" WIDTH="14"/>
						<String ID="P11_ST00103" HPOS="177" VPOS="1406" WIDTH="94" HEIGHT="41" CONTENT="being" WC="0.57" CC="70670"/>
						<SP ID="P11_SP00089" HPOS="271" VPOS="1447" WIDTH="16"/>
						<String ID="P11_ST00104" HPOS="287" VPOS="1405" WIDTH="31" HEIGHT="31" CONTENT="in" WC="0.45" CC="37"/>
						<SP ID="P11_SP00090" HPOS="318" VPOS="1447" WIDTH="17"/>
						<String ID="P11_ST00105" HPOS="335" VPOS="1404" WIDTH="76" HEIGHT="41" CONTENT="deep" WC="1.00" CC="0000"/>
						<SP ID="P11_SP00091" HPOS="411" VPOS="1447" WIDTH="21"/>
						<String ID="P11_ST00106" HPOS="432" VPOS="1403" WIDTH="102" HEIGHT="31" CONTENT="shade." WC="0.83" CC="270000"/>
						<SP ID="P11_SP00092" HPOS="534" VPOS="1447" WIDTH="47"/>
						<String ID="P11_ST00107" HPOS="581" VPOS="1403" WIDTH="85" HEIGHT="31" CONTENT="Near" WC="0.64" CC="9005"/>
						<SP ID="P11_SP00093" HPOS="666" VPOS="1447" WIDTH="19"/>
						<String ID="P11_ST00108" HPOS="685" VPOS="1402" WIDTH="60" HEIGHT="31" CONTENT="this" WC="0.67" CC="0741"/>
						<SP ID="P11_SP00094" HPOS="745" VPOS="1447" WIDTH="21"/>
						<String ID="P11_ST00109" HPOS="766" VPOS="1402" WIDTH="81" HEIGHT="31" CONTENT="table" WC="0.86" CC="00140"/>
						<SP ID="P11_SP00095" HPOS="847" VPOS="1447" WIDTH="21"/>
						<String ID="P11_ST00110" HPOS="868" VPOS="1406" WIDTH="48" HEIGHT="27" CONTENT="sat" WC="0.87" CC="300"/>
					</TextLine>
					<TextLine ID="P11_TL00016" HPOS="93" VPOS="1462" WIDTH="827" HEIGHT="48">
						<String ID="P11_ST00111" HPOS="93" VPOS="1471" WIDTH="53" HEIGHT="32" CONTENT="the" WC="0.65" CC="370"/>
						<SP ID="P11_SP00096" HPOS="146" VPOS="1503" WIDTH="16"/>
						<String ID="P11_ST00112" HPOS="162" VPOS="1478" WIDTH="105" HEIGHT="32" CONTENT="young" WC="0.70" CC="01660"/>
						<SP ID="P11_SP00097" HPOS="267" VPOS="1510" WIDTH="16"/>
						<String ID="P11_ST00113" HPOS="283" VPOS="1464" WIDTH="164" HEIGHT="42" CONTENT="Marquise," WC="0.78" CC="401056100"/>
						<SP ID="P11_SP00098" HPOS="447" VPOS="1510" WIDTH="18"/>
						<String ID="P11_ST00114" HPOS="465" VPOS="1464" WIDTH="97" HEIGHT="41" CONTENT="alone," WC="0.82" CC="000620"/>
						<SP ID="P11_SP00099" HPOS="562" VPOS="1510" WIDTH="18"/>
						<String ID="P11_ST00115" HPOS="580" VPOS="1464" WIDTH="60" HEIGHT="31" CONTENT="and" WC="0.70" CC="260"/>
						<SP ID="P11_SP00100" HPOS="640" VPOS="1510" WIDTH="17"/>
						<String ID="P11_ST00116" HPOS="657" VPOS="1463" WIDTH="72" HEIGHT="31" CONTENT="with" WC="0.57" CC="0267"/>
						<SP ID="P11_SP00101" HPOS="729" VPOS="1510" WIDTH="20"/>
						<String ID="P11_ST00117" HPOS="749" VPOS="1463" WIDTH="52" HEIGHT="31" CONTENT="the" WC="0.58" CC="470"/>
						<SP ID="P11_SP00102" HPOS="801" VPOS="1510" WIDTH="22"/>
						<String ID="P11_ST00118" HPOS="823" VPOS="1462" WIDTH="44" HEIGHT="32" CONTENT="air" WC="0.67" CC="036"/>
						<SP ID="P11_SP00103" HPOS="867" VPOS="1510" WIDTH="21"/>
						<String ID="P11_ST00119" HPOS="888" VPOS="1462" WIDTH="32" HEIGHT="32" CONTENT="of" WC="0.85" CC="20"/>
					</TextLine>
					<TextLine ID="P11_TL00017" HPOS="94" VPOS="1527" WIDTH="823" HEIGHT="46">
						<String ID="P11_ST00120" HPOS="94" VPOS="1546" WIDTH="18" HEIGHT="20" CONTENT="a" WC="1.00" CC="0"/>
						<SP ID="P11_SP00104" HPOS="112" VPOS="1566" WIDTH="23"/>
						<String ID="P11_ST00121" HPOS="135" VPOS="1543" WIDTH="113" HEIGHT="30" CONTENT="person" WC="0.68" CC="007506"/>
						<SP ID="P11_SP00105" HPOS="248" VPOS="1573" WIDTH="15"/>
						<String ID="P11_ST00122" HPOS="263" VPOS="1529" WIDTH="70" HEIGHT="32" CONTENT="who" WC="0.71" CC="070"/>
						<SP ID="P11_SP00106" HPOS="333" VPOS="1573" WIDTH="19"/>
						<String ID="P11_ST00123" HPOS="352" VPOS="1528" WIDTH="26" HEIGHT="32" CONTENT="is" WC="0.67" CC="60"/>
						<SP ID="P11_SP00107" HPOS="378" VPOS="1573" WIDTH="16"/>
						<String ID="P11_ST00124" HPOS="394" VPOS="1528" WIDTH="162" HEIGHT="42" CONTENT="watching." WC="0.69" CC="030070880"/>
						<SP ID="P11_SP00108" HPOS="556" VPOS="1573" WIDTH="47"/>
						<String ID="P11_ST00125" HPOS="603" VPOS="1528" WIDTH="65" HEIGHT="32" CONTENT="The" WC="0.75" CC="070"/>
						<SP ID="P11_SP00109" HPOS="668" VPOS="1573" WIDTH="22"/>
						<String ID="P11_ST00126" HPOS="690" VPOS="1527" WIDTH="83" HEIGHT="32" CONTENT="third" WC="0.67" CC="07530"/>
						<SP ID="P11_SP00110" HPOS="773" VPOS="1573" WIDTH="23"/>
						<String ID="P11_ST00127" HPOS="796" VPOS="1531" WIDTH="121" HEIGHT="38" CONTENT="quarter" WC="0.76" CC="4006005"/>
					</TextLine>
				</TextBlock>
				<TextBlock ID="P11_TB00005" HPOS="149" VPOS="1593" WIDTH="684" HEIGHT="21" STYLEREFS="TXT_1 PAR_CENTER">
					<TextLine ID="P11_TL00018" HPOS="149" VPOS="1593" WIDTH="684" HEIGHT="21">
						<String ID="P11_ST00128" HPOS="149" VPOS="1599" WIDTH="54" HEIGHT="15" CONTENT="VOL." WC="0.58" CC="6090"/>
						<SP ID="P11_SP00111" HPOS="203" VPOS="1614" WIDTH="18"/>
						<String ID="P11_ST00129" HPOS="221" VPOS="1598" WIDTH="27" HEIGHT="14" CONTENT="II." WC="0.77" CC="150"/>
						<SP ID="P11_SP00112" HPOS="248" VPOS="1614" WIDTH="574"/>
						<String ID="P11_ST00130" HPOS="822" VPOS="1593" WIDTH="11" HEIGHT="15" CONTENT="B" WC="0.33" CC="6"/>
					</TextLine>
				</TextBlock>
			</PrintSpace>
		</Page>
	</Layout>
</alto>
