<?xml version="1.0" encoding="UTF-8"?>
<alto xmlns:xsi="http://www.w3.org/2001/XMLSchema-instance" xsi:noNamespaceSchemaLocation="http://www.bl.uk/schemas/alto/alto-1-4.xsd" xmlns:xlink="http://www.w3.org/1999/xlink">
	<Description>
		<MeasurementUnit>mm10</MeasurementUnit>
		<sourceImageInformation>
			<fileName>//head1/IN/2007-46/A0010888503.2/009405.jp2</fileName>
		</sourceImageInformation>
		<OCRProcessing ID="OCRPROCESSING_1">
			<preProcessingStep>
				<processingSoftware>
					<softwareCreator>CCS Content Conversion Specialists GmbH, Germany</softwareCreator>
					<softwareName>CCS docWORKS</softwareName>
					<softwareVersion>6.1-0.61</softwareVersion>
				</processingSoftware>
			</preProcessingStep>
			<ocrProcessingStep>
				<processingSoftware>
					<softwareCreator>ABBYY (BIT Software), Russia</softwareCreator>
					<softwareName>Finereader</softwareName>
				</processingSoftware>
			</ocrProcessingStep>
		</OCRProcessing>
	</Description>
	<Styles>
		<TextStyle ID="TXT_0" FONTSIZE="11" FONTFAMILY="Courier New"/>
		<TextStyle ID="TXT_1" FONTSIZE="10" FONTFAMILY="Courier New"/>
		<ParagraphStyle ID="PAR_RIGHT" ALIGN="Right"/>
		<ParagraphStyle ID="PAR_LEFT" ALIGN="Left"/>
	</Styles>
	<Layout>
		<Page ID="P197" PHYSICAL_IMG_NR="197" HEIGHT="1747" WIDTH="1132" PRINTED_IMG_NR="187" POSITION="Right" ACCURACY="70.15">
			<TopMargin ID="P197_TM00001" HPOS="0" VPOS="0" WIDTH="1131" HEIGHT="143">
				<TextBlock ID="P197_TB00001" HPOS="889" VPOS="115" WIDTH="49" HEIGHT="26" STYLEREFS="TXT_0 PAR_RIGHT">
					<TextLine ID="P197_TL00001" HPOS="889" VPOS="115" WIDTH="49" HEIGHT="26">
						<String ID="P197_ST00001" HPOS="889" VPOS="115" WIDTH="49" HEIGHT="26" CONTENT="187" WC="1.00" CC="000"/>
					</TextLine>
				</TextBlock>
				<TextBlock ID="P197_TB00002" HPOS="339" VPOS="118" WIDTH="370" HEIGHT="23" STYLEREFS="TXT_1 PAR_LEFT">
					<TextLine ID="P197_TL00002" HPOS="339" VPOS="118" WIDTH="370" HEIGHT="23">
						<String ID="P197_ST00002" HPOS="339" VPOS="118" WIDTH="64" HEIGHT="21" CONTENT="THE" WC="0.90" CC="030"/>
						<SP ID="P197_SP00001" HPOS="403" VPOS="139" WIDTH="23"/>
						<String ID="P197_ST00003" HPOS="426" VPOS="119" WIDTH="73" HEIGHT="22" CONTENT="NEW" WC="0.45" CC="960"/>
						<SP ID="P197_SP00002" HPOS="499" VPOS="141" WIDTH="22"/>
						<String ID="P197_ST00004" HPOS="521" VPOS="120" WIDTH="188" HEIGHT="21" CONTENT="CANDIDATE." WC="0.68" CC="3906070040"/>
					</TextLine>
				</TextBlock>
			</TopMargin>
			<LeftMargin ID="P197_LM00001" HPOS="0" VPOS="143" WIDTH="115" HEIGHT="1441"/>
			<RightMargin ID="P197_RM00001" HPOS="943" VPOS="143" WIDTH="188" HEIGHT="1441"/>
			<BottomMargin ID="P197_BM00001" HPOS="0" VPOS="1584" WIDTH="1131" HEIGHT="162"/>
			<PrintSpace ID="P197_PS00001" HPOS="115" VPOS="143" WIDTH="828" HEIGHT="1441">
				<TextBlock ID="P197_TB00003" HPOS="122" VPOS="192" WIDTH="821" HEIGHT="96" STYLEREFS="TXT_1 PAR_LEFT">
					<TextLine ID="P197_TL00003" HPOS="122" VPOS="192" WIDTH="821" HEIGHT="36">
						<String ID="P197_ST00005" HPOS="122" VPOS="192" WIDTH="172" HEIGHT="32" CONTENT="confirmed" WC="0.75" CC="707440000"/>
						<SP ID="P197_SP00003" HPOS="294" VPOS="224" WIDTH="22"/>
						<String ID="P197_ST00006" HPOS="316" VPOS="194" WIDTH="123" HEIGHT="33" CONTENT="Liberal" WC="0.82" CC="0050500"/>
						<String ID="P197_ST00007" HPOS="439" VPOS="215" WIDTH="43" HEIGHT="3" CONTENT="—" WC="0.20" CC="8"/>
						<String ID="P197_ST00008" HPOS="483" VPOS="208" WIDTH="39" HEIGHT="19" CONTENT="an" WC="0.64" CC="07"/>
						<SP ID="P197_SP00004" HPOS="522" VPOS="227" WIDTH="26"/>
						<String ID="P197_ST00009" HPOS="548" VPOS="198" WIDTH="158" HEIGHT="30" CONTENT="advanced" WC="0.88" CC="00107000"/>
						<SP ID="P197_SP00005" HPOS="706" VPOS="228" WIDTH="26"/>
						<String ID="P197_ST00010" HPOS="732" VPOS="209" WIDTH="57" HEIGHT="19" CONTENT="one" WC="0.62" CC="470"/>
						<String ID="P197_ST00011" HPOS="790" VPOS="216" WIDTH="43" HEIGHT="4" CONTENT="—" WC="0.20" CC="8"/>
						<String ID="P197_ST00012" HPOS="834" VPOS="202" WIDTH="55" HEIGHT="26" CONTENT="not" WC="0.55" CC="624"/>
						<SP ID="P197_SP00006" HPOS="889" VPOS="228" WIDTH="22"/>
						<String ID="P197_ST00013" HPOS="911" VPOS="197" WIDTH="32" HEIGHT="31" CONTENT="of" WC="1.00" CC="00"/>
					</TextLine>
					<TextLine ID="P197_TL00004" HPOS="124" VPOS="255" WIDTH="495" HEIGHT="33">
						<String ID="P197_ST00014" HPOS="124" VPOS="255" WIDTH="85" HEIGHT="30" CONTENT="Avhat" WC="0.73" CC="00705"/>
						<SP ID="P197_SP00007" HPOS="209" VPOS="285" WIDTH="15"/>
						<String ID="P197_ST00015" HPOS="224" VPOS="255" WIDTH="26" HEIGHT="31" CONTENT="is" WC="0.62" CC="16"/>
						<SP ID="P197_SP00008" HPOS="250" VPOS="286" WIDTH="15"/>
						<String ID="P197_ST00016" HPOS="265" VPOS="258" WIDTH="120" HEIGHT="30" CONTENT="termed" WC="0.90" CC="203000"/>
						<SP ID="P197_SP00009" HPOS="385" VPOS="288" WIDTH="15"/>
						<String ID="P197_ST00017" HPOS="400" VPOS="269" WIDTH="55" HEIGHT="19" CONTENT="oui" WC="0.57" CC="228"/>
						<SP ID="P197_SP00010" HPOS="455" VPOS="288" WIDTH="15"/>
						<String ID="P197_ST00018" HPOS="470" VPOS="263" WIDTH="46" HEIGHT="25" CONTENT="set" WC="0.86" CC="400"/>
						<SP ID="P197_SP00011" HPOS="516" VPOS="288" WIDTH="87"/>
						<String ID="P197_ST00019" HPOS="603" VPOS="259" WIDTH="16" HEIGHT="12" CONTENT='"' WC="0.49" CC="5"/>
					</TextLine>
				</TextBlock>
				<TextBlock ID="P197_TB00004" HPOS="165" VPOS="315" WIDTH="487" HEIGHT="46" STYLEREFS="TXT_1 PAR_LEFT">
					<TextLine ID="P197_TL00005" HPOS="166" VPOS="316" WIDTH="486" HEIGHT="45">
						<String ID="P197_ST00020" HPOS="166" VPOS="316" WIDTH="117" HEIGHT="32" CONTENT="Marius" WC="0.58" CC="705173"/>
						<SP ID="P197_SP00012" HPOS="283" VPOS="348" WIDTH="15"/>
						<String ID="P197_ST00021" HPOS="298" VPOS="317" WIDTH="123" HEIGHT="32" CONTENT="Daudel" WC="0.77" CC="706000"/>
						<SP ID="P197_SP00013" HPOS="421" VPOS="349" WIDTH="14"/>
						<String ID="P197_ST00022" HPOS="435" VPOS="330" WIDTH="63" HEIGHT="20" CONTENT="was" WC="0.88" CC="003"/>
						<SP ID="P197_SP00014" HPOS="498" VPOS="350" WIDTH="16"/>
						<String ID="P197_ST00023" HPOS="514" VPOS="320" WIDTH="138" HEIGHT="41" CONTENT="enraged." WC="0.81" CC="07700000"/>
					</TextLine>
				</TextBlock>
				<TextBlock ID="P197_TB00005" HPOS="118" VPOS="377" WIDTH="825" HEIGHT="650" STYLEREFS="TXT_1 PAR_LEFT">
					<TextLine ID="P197_TL00006" HPOS="170" VPOS="377" WIDTH="771" HEIGHT="44">
						<String ID="P197_ST00024" HPOS="170" VPOS="381" WIDTH="18" HEIGHT="12" CONTENT='"' WC="0.64" CC="3"/>
						<SP ID="P197_SP00015" HPOS="188" VPOS="393" WIDTH="12"/>
						<String ID="P197_ST00025" HPOS="200" VPOS="377" WIDTH="82" HEIGHT="32" CONTENT="Well" WC="0.88" CC="0021"/>
						<String ID="P197_ST00026" HPOS="295" VPOS="378" WIDTH="27" HEIGHT="31" CONTENT='!"' WC="0.84" CC="03"/>
						<SP ID="P197_SP00016" HPOS="322" VPOS="409" WIDTH="27"/>
						<String ID="P197_ST00027" HPOS="349" VPOS="380" WIDTH="38" HEIGHT="30" CONTENT="he" WC="0.63" CC="70"/>
						<SP ID="P197_SP00017" HPOS="387" VPOS="410" WIDTH="23"/>
						<String ID="P197_ST00028" HPOS="410" VPOS="381" WIDTH="143" HEIGHT="30" CONTENT="retorted." WC="0.73" CC="604433002"/>
						<SP ID="P197_SP00018" HPOS="553" VPOS="411" WIDTH="48"/>
						<String ID="P197_ST00029" HPOS="601" VPOS="384" WIDTH="18" HEIGHT="11" CONTENT='"' WC="0.55" CC="4"/>
						<SP ID="P197_SP00019" HPOS="619" VPOS="411" WIDTH="13"/>
						<String ID="P197_ST00030" HPOS="632" VPOS="381" WIDTH="62" HEIGHT="40" CONTENT="Say" WC="0.76" CC="700"/>
						<SP ID="P197_SP00020" HPOS="694" VPOS="421" WIDTH="30"/>
						<String ID="P197_ST00031" HPOS="724" VPOS="380" WIDTH="175" HEIGHT="41" CONTENT="everybody" WC="0.77" CC="060607000"/>
						<String ID="P197_ST00032" HPOS="900" VPOS="398" WIDTH="41" HEIGHT="4" CONTENT="—" WC="0.20" CC="8"/>
					</TextLine>
					<TextLine ID="P197_TL00007" HPOS="122" VPOS="437" WIDTH="820" HEIGHT="45">
						<String ID="P197_ST00033" HPOS="122" VPOS="437" WIDTH="43" HEIGHT="32" CONTENT="all" WC="0.67" CC="450"/>
						<SP ID="P197_SP00021" HPOS="165" VPOS="469" WIDTH="15"/>
						<String ID="P197_ST00034" HPOS="180" VPOS="439" WIDTH="53" HEIGHT="31" CONTENT="the" WC="0.62" CC="370"/>
						<SP ID="P197_SP00022" HPOS="233" VPOS="470" WIDTH="16"/>
						<String ID="P197_ST00035" HPOS="249" VPOS="451" WIDTH="166" HEIGHT="30" CONTENT="possessors" WC="0.62" CC="0453065164"/>
						<SP ID="P197_SP00023" HPOS="415" VPOS="481" WIDTH="17"/>
						<String ID="P197_ST00036" HPOS="432" VPOS="442" WIDTH="33" HEIGHT="29" CONTENT="of" WC="0.95" CC="00"/>
						<SP ID="P197_SP00024" HPOS="465" VPOS="481" WIDTH="11"/>
						<String ID="P197_ST00037" HPOS="476" VPOS="442" WIDTH="53" HEIGHT="30" CONTENT="the" WC="0.56" CC="570"/>
						<SP ID="P197_SP00025" HPOS="529" VPOS="481" WIDTH="16"/>
						<String ID="P197_ST00038" HPOS="545" VPOS="442" WIDTH="56" HEIGHT="30" CONTENT="sod" WC="0.52" CC="607"/>
						<SP ID="P197_SP00026" HPOS="601" VPOS="481" WIDTH="12"/>
						<String ID="P197_ST00039" HPOS="613" VPOS="443" WIDTH="5" HEIGHT="29" CONTENT="!" WC="0.82" CC="1"/>
						<SP ID="P197_SP00027" HPOS="618" VPOS="481" WIDTH="45"/>
						<String ID="P197_ST00040" HPOS="663" VPOS="442" WIDTH="70" HEIGHT="29" CONTENT="You" WC="0.69" CC="206"/>
						<SP ID="P197_SP00028" HPOS="733" VPOS="481" WIDTH="16"/>
						<String ID="P197_ST00041" HPOS="749" VPOS="442" WIDTH="96" HEIGHT="40" CONTENT="really" WC="0.58" CC="108680"/>
						<SP ID="P197_SP00029" HPOS="845" VPOS="482" WIDTH="14"/>
						<String ID="P197_ST00042" HPOS="859" VPOS="446" WIDTH="83" HEIGHT="25" CONTENT="must" WC="0.54" CC="0665"/>
					</TextLine>
					<TextLine ID="P197_TL00008" HPOS="123" VPOS="500" WIDTH="817" HEIGHT="43">
						<String ID="P197_ST00043" HPOS="123" VPOS="504" WIDTH="55" HEIGHT="27" CONTENT="not" WC="0.54" CC="705"/>
						<SP ID="P197_SP00030" HPOS="178" VPOS="531" WIDTH="22"/>
						<String ID="P197_ST00044" HPOS="200" VPOS="500" WIDTH="38" HEIGHT="31" CONTENT="be" WC="0.49" CC="63"/>
						<SP ID="P197_SP00031" HPOS="238" VPOS="531" WIDTH="22"/>
						<String ID="P197_ST00045" HPOS="260" VPOS="502" WIDTH="155" HEIGHT="40" CONTENT="surprised" WC="0.75" CC="162050500"/>
						<SP ID="P197_SP00032" HPOS="415" VPOS="542" WIDTH="26"/>
						<String ID="P197_ST00046" HPOS="441" VPOS="502" WIDTH="27" HEIGHT="29" CONTENT="if" WC="0.84" CC="03"/>
						<SP ID="P197_SP00033" HPOS="468" VPOS="542" WIDTH="20"/>
						<String ID="P197_ST00047" HPOS="488" VPOS="503" WIDTH="53" HEIGHT="29" CONTENT="the" WC="0.54" CC="670"/>
						<SP ID="P197_SP00034" HPOS="541" VPOS="542" WIDTH="26"/>
						<String ID="P197_ST00048" HPOS="567" VPOS="502" WIDTH="139" HEIGHT="40" CONTENT="imperial" WC="0.79" CC="70002006"/>
						<SP ID="P197_SP00035" HPOS="706" VPOS="542" WIDTH="24"/>
						<String ID="P197_ST00049" HPOS="730" VPOS="507" WIDTH="210" HEIGHT="36" CONTENT="government," WC="0.67" CC="91402700621"/>
					</TextLine>
					<TextLine ID="P197_TL00009" HPOS="123" VPOS="561" WIDTH="819" HEIGHT="43">
						<String ID="P197_ST00050" HPOS="123" VPOS="561" WIDTH="101" HEIGHT="31" CONTENT="Avhich" WC="0.42" CC="997007"/>
						<SP ID="P197_SP00036" HPOS="224" VPOS="592" WIDTH="15"/>
						<String ID="P197_ST00051" HPOS="239" VPOS="562" WIDTH="27" HEIGHT="30" CONTENT="is" WC="0.78" CC="21"/>
						<SP ID="P197_SP00037" HPOS="266" VPOS="592" WIDTH="15"/>
						<String ID="P197_ST00052" HPOS="281" VPOS="573" WIDTH="117" HEIGHT="30" CONTENT="sprung" WC="0.63" CC="206670"/>
						<SP ID="P197_SP00038" HPOS="398" VPOS="603" WIDTH="20"/>
						<String ID="P197_ST00053" HPOS="418" VPOS="563" WIDTH="79" HEIGHT="30" CONTENT="from" WC="0.71" CC="4420"/>
						<SP ID="P197_SP00039" HPOS="497" VPOS="603" WIDTH="14"/>
						<String ID="P197_ST00054" HPOS="511" VPOS="563" WIDTH="53" HEIGHT="30" CONTENT="the" WC="0.67" CC="270"/>
						<SP ID="P197_SP00040" HPOS="564" VPOS="603" WIDTH="15"/>
						<String ID="P197_ST00055" HPOS="579" VPOS="564" WIDTH="107" HEIGHT="39" CONTENT="people" WC="1.00" CC="000000"/>
						<SP ID="P197_SP00041" HPOS="686" VPOS="603" WIDTH="16"/>
						<String ID="P197_ST00056" HPOS="702" VPOS="563" WIDTH="61" HEIGHT="30" CONTENT="and" WC="0.76" CC="070"/>
						<SP ID="P197_SP00042" HPOS="763" VPOS="603" WIDTH="16"/>
						<String ID="P197_ST00057" HPOS="779" VPOS="564" WIDTH="101" HEIGHT="40" CONTENT="reigns" WC="0.75" CC="001076"/>
						<SP ID="P197_SP00043" HPOS="880" VPOS="604" WIDTH="15"/>
						<String ID="P197_ST00058" HPOS="895" VPOS="563" WIDTH="47" HEIGHT="30" CONTENT="for" WC="0.88" CC="030"/>
					</TextLine>
					<TextLine ID="P197_TL00010" HPOS="122" VPOS="622" WIDTH="819" HEIGHT="43">
						<String ID="P197_ST00059" HPOS="122" VPOS="622" WIDTH="52" HEIGHT="30" CONTENT="the" WC="0.68" CC="071"/>
						<SP ID="P197_SP00044" HPOS="174" VPOS="652" WIDTH="22"/>
						<String ID="P197_ST00060" HPOS="196" VPOS="623" WIDTH="118" HEIGHT="40" CONTENT="people," WC="0.85" CC="0030401"/>
						<SP ID="P197_SP00045" HPOS="314" VPOS="663" WIDTH="24"/>
						<String ID="P197_ST00061" HPOS="338" VPOS="634" WIDTH="63" HEIGHT="19" CONTENT="sees" WC="0.77" CC="5003"/>
						<SP ID="P197_SP00046" HPOS="401" VPOS="663" WIDTH="22"/>
						<String ID="P197_ST00062" HPOS="423" VPOS="624" WIDTH="34" HEIGHT="29" CONTENT="in" WC="0.38" CC="47"/>
						<SP ID="P197_SP00047" HPOS="457" VPOS="663" WIDTH="29"/>
						<String ID="P197_ST00063" HPOS="486" VPOS="624" WIDTH="75" HEIGHT="29" CONTENT="such" WC="0.47" CC="6707"/>
						<SP ID="P197_SP00048" HPOS="561" VPOS="663" WIDTH="21"/>
						<String ID="P197_ST00064" HPOS="582" VPOS="624" WIDTH="123" HEIGHT="41" CONTENT="leagues" WC="0.81" CC="0000607"/>
						<SP ID="P197_SP00049" HPOS="705" VPOS="665" WIDTH="23"/>
						<String ID="P197_ST00065" HPOS="728" VPOS="635" WIDTH="32" HEIGHT="19" CONTENT="as" WC="0.75" CC="05"/>
						<SP ID="P197_SP00050" HPOS="760" VPOS="665" WIDTH="21"/>
						<String ID="P197_ST00066" HPOS="781" VPOS="624" WIDTH="86" HEIGHT="30" CONTENT="these" WC="0.62" CC="47060"/>
						<SP ID="P197_SP00051" HPOS="867" VPOS="665" WIDTH="22"/>
						<String ID="P197_ST00067" HPOS="889" VPOS="624" WIDTH="52" HEIGHT="30" CONTENT="the" WC="0.50" CC="770"/>
					</TextLine>
					<TextLine ID="P197_TL00011" HPOS="120" VPOS="683" WIDTH="820" HEIGHT="42">
						<String ID="P197_ST00068" HPOS="120" VPOS="683" WIDTH="194" HEIGHT="31" CONTENT="determined" WC="0.87" CC="0010400700"/>
						<SP ID="P197_SP00052" HPOS="314" VPOS="714" WIDTH="21"/>
						<String ID="P197_ST00069" HPOS="335" VPOS="685" WIDTH="174" HEIGHT="39" CONTENT="opposition" WC="0.70" CC="0000645507"/>
						<SP ID="P197_SP00053" HPOS="509" VPOS="724" WIDTH="20"/>
						<String ID="P197_ST00070" HPOS="529" VPOS="685" WIDTH="34" HEIGHT="29" CONTENT="of" WC="1.00" CC="00"/>
						<SP ID="P197_SP00054" HPOS="563" VPOS="724" WIDTH="22"/>
						<String ID="P197_ST00071" HPOS="585" VPOS="696" WIDTH="18" HEIGHT="18" CONTENT="a" WC="1.00" CC="0"/>
						<SP ID="P197_SP00055" HPOS="603" VPOS="724" WIDTH="22"/>
						<String ID="P197_ST00072" HPOS="625" VPOS="689" WIDTH="91" HEIGHT="33" CONTENT="caste," WC="0.70" CC="006604"/>
						<SP ID="P197_SP00056" HPOS="716" VPOS="724" WIDTH="21"/>
						<String ID="P197_ST00073" HPOS="737" VPOS="685" WIDTH="34" HEIGHT="29" CONTENT="of" WC="1.00" CC="00"/>
						<SP ID="P197_SP00057" HPOS="771" VPOS="724" WIDTH="20"/>
						<String ID="P197_ST00074" HPOS="791" VPOS="696" WIDTH="19" HEIGHT="18" CONTENT="a" WC="1.00" CC="0"/>
						<SP ID="P197_SP00058" HPOS="810" VPOS="724" WIDTH="22"/>
						<String ID="P197_ST00075" HPOS="832" VPOS="685" WIDTH="108" HEIGHT="40" CONTENT="clique," WC="0.69" CC="5030560"/>
					</TextLine>
					<TextLine ID="P197_TL00012" HPOS="122" VPOS="743" WIDTH="818" HEIGHT="42">
						<String ID="P197_ST00076" HPOS="122" VPOS="748" WIDTH="32" HEIGHT="25" CONTENT="to" WC="0.65" CC="70"/>
						<SP ID="P197_SP00059" HPOS="154" VPOS="773" WIDTH="16"/>
						<String ID="P197_ST00077" HPOS="170" VPOS="743" WIDTH="52" HEIGHT="31" CONTENT="the" WC="0.75" CC="070"/>
						<SP ID="P197_SP00060" HPOS="222" VPOS="774" WIDTH="23"/>
						<String ID="P197_ST00078" HPOS="245" VPOS="744" WIDTH="143" HEIGHT="30" CONTENT="interests" WC="0.70" CC="072000446"/>
						<SP ID="P197_SP00061" HPOS="388" VPOS="774" WIDTH="20"/>
						<String ID="P197_ST00079" HPOS="408" VPOS="744" WIDTH="62" HEIGHT="30" CONTENT="and" WC="0.78" CC="060"/>
						<SP ID="P197_SP00062" HPOS="470" VPOS="774" WIDTH="22"/>
						<String ID="P197_ST00080" HPOS="492" VPOS="744" WIDTH="113" HEIGHT="30" CONTENT="desires" WC="0.65" CC="0037705"/>
						<SP ID="P197_SP00063" HPOS="605" VPOS="774" WIDTH="15"/>
						<String ID="P197_ST00081" HPOS="620" VPOS="744" WIDTH="34" HEIGHT="30" CONTENT="of" WC="0.72" CC="05"/>
						<SP ID="P197_SP00064" HPOS="654" VPOS="774" WIDTH="19"/>
						<String ID="P197_ST00082" HPOS="673" VPOS="744" WIDTH="51" HEIGHT="30" CONTENT="the" WC="0.68" CC="170"/>
						<SP ID="P197_SP00065" HPOS="724" VPOS="774" WIDTH="17"/>
						<String ID="P197_ST00083" HPOS="741" VPOS="755" WIDTH="94" HEIGHT="30" CONTENT="many" WC="0.82" CC="0070"/>
						<String ID="P197_ST00084" HPOS="836" VPOS="762" WIDTH="42" HEIGHT="4" CONTENT="—" WC="0.20" CC="8"/>
						<String ID="P197_ST00085" HPOS="879" VPOS="755" WIDTH="61" HEIGHT="30" CONTENT="you" WC="0.74" CC="006"/>
					</TextLine>
					<TextLine ID="P197_TL00013" HPOS="120" VPOS="804" WIDTH="820" HEIGHT="42">
						<String ID="P197_ST00086" HPOS="120" VPOS="809" WIDTH="85" HEIGHT="26" CONTENT="must" WC="0.52" CC="0755"/>
						<SP ID="P197_SP00066" HPOS="205" VPOS="835" WIDTH="26"/>
						<String ID="P197_ST00087" HPOS="231" VPOS="809" WIDTH="57" HEIGHT="26" CONTENT="not" WC="0.56" CC="706"/>
						<SP ID="P197_SP00067" HPOS="288" VPOS="835" WIDTH="21"/>
						<String ID="P197_ST00088" HPOS="309" VPOS="805" WIDTH="38" HEIGHT="30" CONTENT="be" WC="0.58" CC="70"/>
						<SP ID="P197_SP00068" HPOS="347" VPOS="835" WIDTH="23"/>
						<String ID="P197_ST00089" HPOS="370" VPOS="805" WIDTH="155" HEIGHT="41" CONTENT="surprised" WC="0.67" CC="675030500"/>
						<SP ID="P197_SP00069" HPOS="525" VPOS="846" WIDTH="30"/>
						<String ID="P197_ST00090" HPOS="555" VPOS="805" WIDTH="26" HEIGHT="30" CONTENT="if" WC="0.81" CC="30"/>
						<SP ID="P197_SP00070" HPOS="581" VPOS="846" WIDTH="18"/>
						<String ID="P197_ST00091" HPOS="599" VPOS="816" WIDTH="47" HEIGHT="19" CONTENT="Ave" WC="1.00" CC="000"/>
						<SP ID="P197_SP00071" HPOS="646" VPOS="846" WIDTH="25"/>
						<String ID="P197_ST00092" HPOS="671" VPOS="805" WIDTH="147" HEIGHT="36" CONTENT="retaliate," WC="0.77" CC="5033000504"/>
						<SP ID="P197_SP00072" HPOS="818" VPOS="846" WIDTH="23"/>
						<String ID="P197_ST00093" HPOS="841" VPOS="804" WIDTH="28" HEIGHT="31" CONTENT="if" WC="0.93" CC="10"/>
						<SP ID="P197_SP00073" HPOS="869" VPOS="846" WIDTH="26"/>
						<String ID="P197_ST00094" HPOS="895" VPOS="815" WIDTH="45" HEIGHT="20" CONTENT="Ave" WC="0.67" CC="090"/>
					</TextLine>
					<TextLine ID="P197_TL00014" HPOS="121" VPOS="865" WIDTH="822" HEIGHT="41">
						<String ID="P197_ST00095" HPOS="121" VPOS="865" WIDTH="79" HEIGHT="30" CONTENT="have" WC="0.70" CC="7040"/>
						<SP ID="P197_SP00074" HPOS="200" VPOS="895" WIDTH="30"/>
						<String ID="P197_ST00096" HPOS="230" VPOS="877" WIDTH="138" HEIGHT="19" CONTENT="recourse" WC="0.76" CC="00016901"/>
						<SP ID="P197_SP00075" HPOS="368" VPOS="896" WIDTH="30"/>
						<String ID="P197_ST00097" HPOS="398" VPOS="871" WIDTH="33" HEIGHT="25" CONTENT="to" WC="0.92" CC="01"/>
						<SP ID="P197_SP00076" HPOS="431" VPOS="896" WIDTH="31"/>
						<String ID="P197_ST00098" HPOS="462" VPOS="866" WIDTH="41" HEIGHT="29" CONTENT="all" WC="0.80" CC="041"/>
						<SP ID="P197_SP00077" HPOS="503" VPOS="896" WIDTH="29"/>
						<String ID="P197_ST00099" HPOS="532" VPOS="877" WIDTH="105" HEIGHT="19" CONTENT="means" WC="0.77" CC="00073"/>
						<SP ID="P197_SP00078" HPOS="637" VPOS="896" WIDTH="30"/>
						<String ID="P197_ST00100" HPOS="667" VPOS="866" WIDTH="33" HEIGHT="29" CONTENT="in" WC="0.55" CC="17"/>
						<SP ID="P197_SP00079" HPOS="700" VPOS="896" WIDTH="30"/>
						<String ID="P197_ST00101" HPOS="730" VPOS="866" WIDTH="52" HEIGHT="29" CONTENT="the" WC="0.75" CC="070"/>
						<SP ID="P197_SP00080" HPOS="782" VPOS="896" WIDTH="29"/>
						<String ID="P197_ST00102" HPOS="811" VPOS="876" WIDTH="70" HEIGHT="30" CONTENT="Avay" WC="0.80" CC="0070"/>
						<SP ID="P197_SP00081" HPOS="881" VPOS="906" WIDTH="29"/>
						<String ID="P197_ST00103" HPOS="910" VPOS="865" WIDTH="33" HEIGHT="30" CONTENT="of" WC="0.73" CC="50"/>
					</TextLine>
					<TextLine ID="P197_TL00015" HPOS="120" VPOS="925" WIDTH="820" HEIGHT="42">
						<String ID="P197_ST00104" HPOS="120" VPOS="927" WIDTH="173" HEIGHT="30" CONTENT="resistance." WC="0.74" CC="60304507000"/>
						<SP ID="P197_SP00082" HPOS="293" VPOS="957" WIDTH="48"/>
						<String ID="P197_ST00105" HPOS="341" VPOS="926" WIDTH="71" HEIGHT="30" CONTENT="You" WC="0.65" CC="027"/>
						<SP ID="P197_SP00083" HPOS="412" VPOS="957" WIDTH="30"/>
						<String ID="P197_ST00106" HPOS="442" VPOS="926" WIDTH="85" HEIGHT="30" CONTENT="drive" WC="0.81" CC="04040"/>
						<SP ID="P197_SP00084" HPOS="527" VPOS="957" WIDTH="30"/>
						<String ID="P197_ST00107" HPOS="557" VPOS="925" WIDTH="53" HEIGHT="31" CONTENT="the" WC="0.48" CC="870"/>
						<SP ID="P197_SP00085" HPOS="610" VPOS="957" WIDTH="30"/>
						<String ID="P197_ST00108" HPOS="640" VPOS="929" WIDTH="211" HEIGHT="38" CONTENT="government," WC="0.67" CC="00705600664"/>
						<SP ID="P197_SP00086" HPOS="851" VPOS="967" WIDTH="27"/>
						<String ID="P197_ST00109" HPOS="878" VPOS="936" WIDTH="62" HEIGHT="30" CONTENT="you" WC="0.75" CC="025"/>
					</TextLine>
					<TextLine ID="P197_TL00016" HPOS="118" VPOS="985" WIDTH="734" HEIGHT="42">
						<String ID="P197_ST00110" HPOS="118" VPOS="988" WIDTH="90" HEIGHT="30" CONTENT="drive" WC="0.52" CC="97060"/>
						<SP ID="P197_SP00087" HPOS="208" VPOS="1018" WIDTH="15"/>
						<String ID="P197_ST00111" HPOS="223" VPOS="999" WIDTH="47" HEIGHT="26" CONTENT="us," WC="0.51" CC="724"/>
						<SP ID="P197_SP00088" HPOS="270" VPOS="1025" WIDTH="16"/>
						<String ID="P197_ST00112" HPOS="286" VPOS="988" WIDTH="41" HEIGHT="29" CONTENT="its" WC="0.68" CC="045"/>
						<SP ID="P197_SP00089" HPOS="327" VPOS="1025" WIDTH="16"/>
						<String ID="P197_ST00113" HPOS="343" VPOS="992" WIDTH="116" HEIGHT="35" CONTENT="agents," WC="0.66" CC="0206544"/>
						<SP ID="P197_SP00090" HPOS="459" VPOS="1027" WIDTH="17"/>
						<String ID="P197_ST00114" HPOS="476" VPOS="992" WIDTH="33" HEIGHT="25" CONTENT="to" WC="0.65" CC="33"/>
						<SP ID="P197_SP00091" HPOS="509" VPOS="1027" WIDTH="16"/>
						<String ID="P197_ST00115" HPOS="525" VPOS="991" WIDTH="133" HEIGHT="26" CONTENT="extreme" WC="0.80" CC="0076000"/>
						<SP ID="P197_SP00092" HPOS="658" VPOS="1027" WIDTH="16"/>
						<String ID="P197_ST00116" HPOS="674" VPOS="985" WIDTH="178" HEIGHT="32" CONTENT='measures."' WC="0.76" CC="0002640630"/>
					</TextLine>
				</TextBlock>
				<TextBlock ID="P197_TB00006" HPOS="117" VPOS="1046" WIDTH="821" HEIGHT="166" STYLEREFS="TXT_1 PAR_LEFT">
					<TextLine ID="P197_TL00017" HPOS="165" VPOS="1046" WIDTH="773" HEIGHT="33">
						<String ID="P197_ST00117" HPOS="165" VPOS="1052" WIDTH="18" HEIGHT="12" CONTENT='"' WC="0.59" CC="4"/>
						<SP ID="P197_SP00093" HPOS="183" VPOS="1064" WIDTH="13"/>
						<String ID="P197_ST00118" HPOS="196" VPOS="1049" WIDTH="15" HEIGHT="30" CONTENT="I" WC="1.00" CC="0"/>
						<SP ID="P197_SP00094" HPOS="211" VPOS="1079" WIDTH="30"/>
						<String ID="P197_ST00119" HPOS="241" VPOS="1053" WIDTH="82" HEIGHT="26" CONTENT="trust" WC="0.48" CC="70656"/>
						<SP ID="P197_SP00095" HPOS="323" VPOS="1079" WIDTH="29"/>
						<String ID="P197_ST00120" HPOS="352" VPOS="1060" WIDTH="46" HEIGHT="18" CONTENT="we" WC="1.00" CC="00"/>
						<SP ID="P197_SP00096" HPOS="398" VPOS="1079" WIDTH="30"/>
						<String ID="P197_ST00121" HPOS="428" VPOS="1048" WIDTH="77" HEIGHT="30" CONTENT="shall" WC="0.50" CC="47047"/>
						<SP ID="P197_SP00097" HPOS="505" VPOS="1079" WIDTH="30"/>
						<String ID="P197_ST00122" HPOS="535" VPOS="1048" WIDTH="93" HEIGHT="30" CONTENT="knoAv" WC="0.68" CC="87000"/>
						<SP ID="P197_SP00098" HPOS="628" VPOS="1079" WIDTH="29"/>
						<String ID="P197_ST00123" HPOS="657" VPOS="1047" WIDTH="70" HEIGHT="31" CONTENT="how" WC="0.60" CC="740"/>
						<SP ID="P197_SP00099" HPOS="727" VPOS="1079" WIDTH="29"/>
						<String ID="P197_ST00124" HPOS="756" VPOS="1051" WIDTH="32" HEIGHT="27" CONTENT="to" WC="0.46" CC="45"/>
						<SP ID="P197_SP00100" HPOS="788" VPOS="1079" WIDTH="30"/>
						<String ID="P197_ST00125" HPOS="818" VPOS="1046" WIDTH="120" HEIGHT="32" CONTENT="combat" WC="0.88" CC="000007"/>
					</TextLine>
					<TextLine ID="P197_TL00018" HPOS="119" VPOS="1105" WIDTH="819" HEIGHT="40">
						<String ID="P197_ST00126" HPOS="119" VPOS="1109" WIDTH="97" HEIGHT="36" CONTENT="them," WC="0.61" CC="67104"/>
						<SP ID="P197_SP00101" HPOS="216" VPOS="1145" WIDTH="32"/>
						<String ID="P197_ST00127" HPOS="248" VPOS="1108" WIDTH="68" HEIGHT="37" CONTENT='sir,"' WC="0.78" CC="50220"/>
						<SP ID="P197_SP00102" HPOS="316" VPOS="1145" WIDTH="27"/>
						<String ID="P197_ST00128" HPOS="343" VPOS="1108" WIDTH="67" HEIGHT="30" CONTENT="said" WC="0.92" CC="0030"/>
						<SP ID="P197_SP00103" HPOS="410" VPOS="1145" WIDTH="29"/>
						<String ID="P197_ST00129" HPOS="439" VPOS="1108" WIDTH="53" HEIGHT="30" CONTENT="the" WC="0.56" CC="570"/>
						<SP ID="P197_SP00104" HPOS="492" VPOS="1145" WIDTH="30"/>
						<String ID="P197_ST00130" HPOS="522" VPOS="1107" WIDTH="69" HEIGHT="31" CONTENT="Due" WC="0.74" CC="061"/>
						<SP ID="P197_SP00105" HPOS="591" VPOS="1145" WIDTH="27"/>
						<String ID="P197_ST00131" HPOS="618" VPOS="1107" WIDTH="38" HEIGHT="31" CONTENT="de" WC="1.00" CC="00"/>
						<SP ID="P197_SP00106" HPOS="656" VPOS="1145" WIDTH="22"/>
						<String ID="P197_ST00132" HPOS="678" VPOS="1107" WIDTH="161" HEIGHT="37" CONTENT="Vivienne," WC="0.58" CC="705317704"/>
						<SP ID="P197_SP00107" HPOS="839" VPOS="1145" WIDTH="23"/>
						<String ID="P197_ST00133" HPOS="862" VPOS="1105" WIDTH="76" HEIGHT="32" CONTENT="with" WC="0.68" CC="0057"/>
					</TextLine>
					<TextLine ID="P197_TL00019" HPOS="117" VPOS="1171" WIDTH="135" HEIGHT="41">
						<String ID="P197_ST00134" HPOS="117" VPOS="1171" WIDTH="135" HEIGHT="41" CONTENT="dignity." WC="0.61" CC="03874700"/>
					</TextLine>
				</TextBlock>
				<TextBlock ID="P197_TB00007" HPOS="117" VPOS="1229" WIDTH="821" HEIGHT="104" STYLEREFS="TXT_1 PAR_LEFT">
					<TextLine ID="P197_TL00020" HPOS="162" VPOS="1229" WIDTH="776" HEIGHT="43">
						<String ID="P197_ST00135" HPOS="162" VPOS="1232" WIDTH="51" HEIGHT="31" CONTENT="He" WC="0.57" CC="62"/>
						<SP ID="P197_SP00108" HPOS="213" VPOS="1263" WIDTH="15"/>
						<String ID="P197_ST00136" HPOS="228" VPOS="1232" WIDTH="63" HEIGHT="30" CONTENT="had" WC="0.75" CC="700"/>
						<SP ID="P197_SP00109" HPOS="291" VPOS="1263" WIDTH="15"/>
						<String ID="P197_ST00137" HPOS="306" VPOS="1231" WIDTH="135" HEIGHT="41" CONTENT="scarcely" WC="0.80" CC="30060050"/>
						<SP ID="P197_SP00110" HPOS="441" VPOS="1272" WIDTH="15"/>
						<String ID="P197_ST00138" HPOS="456" VPOS="1231" WIDTH="117" HEIGHT="40" CONTENT="spoken" WC="0.77" CC="300027"/>
						<SP ID="P197_SP00111" HPOS="573" VPOS="1272" WIDTH="14"/>
						<String ID="P197_ST00139" HPOS="587" VPOS="1230" WIDTH="144" HEIGHT="37" CONTENT="hitherto," WC="0.68" CC="705700034"/>
						<SP ID="P197_SP00112" HPOS="731" VPOS="1272" WIDTH="17"/>
						<String ID="P197_ST00140" HPOS="748" VPOS="1230" WIDTH="124" HEIGHT="41" CONTENT="leaving" WC="0.59" CC="1107079"/>
						<SP ID="P197_SP00113" HPOS="872" VPOS="1272" WIDTH="14"/>
						<String ID="P197_ST00141" HPOS="886" VPOS="1229" WIDTH="52" HEIGHT="31" CONTENT="the" WC="0.51" CC="770"/>
					</TextLine>
					<TextLine ID="P197_TL00021" HPOS="117" VPOS="1290" WIDTH="667" HEIGHT="43">
						<String ID="P197_ST00142" HPOS="117" VPOS="1305" WIDTH="73" HEIGHT="20" CONTENT="cure" WC="0.66" CC="9300"/>
						<SP ID="P197_SP00114" HPOS="190" VPOS="1325" WIDTH="16"/>
						<String ID="P197_ST00143" HPOS="206" VPOS="1298" WIDTH="33" HEIGHT="26" CONTENT="to" WC="0.47" CC="63"/>
						<SP ID="P197_SP00115" HPOS="239" VPOS="1325" WIDTH="15"/>
						<String ID="P197_ST00144" HPOS="254" VPOS="1293" WIDTH="85" HEIGHT="40" CONTENT="repel" WC="0.90" CC="40000"/>
						<SP ID="P197_SP00116" HPOS="339" VPOS="1333" WIDTH="15"/>
						<String ID="P197_ST00145" HPOS="354" VPOS="1293" WIDTH="53" HEIGHT="30" CONTENT="the" WC="0.73" CC="070"/>
						<SP ID="P197_SP00117" HPOS="407" VPOS="1333" WIDTH="15"/>
						<String ID="P197_ST00146" HPOS="422" VPOS="1291" WIDTH="219" HEIGHT="41" CONTENT="functionary's" WC="0.71" CC="1770000704044"/>
						<SP ID="P197_SP00118" HPOS="641" VPOS="1333" WIDTH="17"/>
						<String ID="P197_ST00147" HPOS="658" VPOS="1290" WIDTH="126" HEIGHT="31" CONTENT="attacks." WC="0.74" CC="05600053"/>
					</TextLine>
				</TextBlock>
				<TextBlock ID="P197_TB00008" HPOS="115" VPOS="1352" WIDTH="823" HEIGHT="232" STYLEREFS="TXT_1 PAR_LEFT">
					<TextLine ID="P197_TL00022" HPOS="163" VPOS="1353" WIDTH="775" HEIGHT="43">
						<String ID="P197_ST00148" HPOS="163" VPOS="1360" WIDTH="18" HEIGHT="12" CONTENT='"' WC="0.57" CC="4"/>
						<SP ID="P197_SP00119" HPOS="181" VPOS="1372" WIDTH="12"/>
						<String ID="P197_ST00149" HPOS="193" VPOS="1358" WIDTH="30" HEIGHT="30" CONTENT="It" WC="0.68" CC="23"/>
						<SP ID="P197_SP00120" HPOS="223" VPOS="1388" WIDTH="15"/>
						<String ID="P197_ST00150" HPOS="238" VPOS="1358" WIDTH="27" HEIGHT="30" CONTENT="is" WC="0.71" CC="05"/>
						<SP ID="P197_SP00121" HPOS="265" VPOS="1388" WIDTH="19"/>
						<String ID="P197_ST00151" HPOS="284" VPOS="1361" WIDTH="56" HEIGHT="26" CONTENT="not" WC="0.43" CC="754"/>
						<SP ID="P197_SP00122" HPOS="340" VPOS="1388" WIDTH="20"/>
						<String ID="P197_ST00152" HPOS="360" VPOS="1367" WIDTH="55" HEIGHT="20" CONTENT="our" WC="0.47" CC="447"/>
						<SP ID="P197_SP00123" HPOS="415" VPOS="1388" WIDTH="14"/>
						<String ID="P197_ST00153" HPOS="429" VPOS="1359" WIDTH="85" HEIGHT="27" CONTENT="wont" WC="0.69" CC="0074"/>
						<SP ID="P197_SP00124" HPOS="514" VPOS="1388" WIDTH="17"/>
						<String ID="P197_ST00154" HPOS="531" VPOS="1359" WIDTH="33" HEIGHT="27" CONTENT="to" WC="0.69" CC="41"/>
						<SP ID="P197_SP00125" HPOS="564" VPOS="1388" WIDTH="14"/>
						<String ID="P197_ST00155" HPOS="578" VPOS="1354" WIDTH="44" HEIGHT="42" CONTENT="fly" WC="0.59" CC="660"/>
						<SP ID="P197_SP00126" HPOS="622" VPOS="1396" WIDTH="14"/>
						<String ID="P197_ST00156" HPOS="636" VPOS="1354" WIDTH="79" HEIGHT="31" CONTENT="from" WC="0.62" CC="4406"/>
						<SP ID="P197_SP00127" HPOS="715" VPOS="1396" WIDTH="21"/>
						<String ID="P197_ST00157" HPOS="736" VPOS="1354" WIDTH="124" HEIGHT="41" CONTENT="danger," WC="0.68" CC="0770033"/>
						<SP ID="P197_SP00128" HPOS="860" VPOS="1396" WIDTH="17"/>
						<String ID="P197_ST00158" HPOS="877" VPOS="1353" WIDTH="61" HEIGHT="30" CONTENT="and" WC="0.78" CC="060"/>
					</TextLine>
					<TextLine ID="P197_TL00023" HPOS="117" VPOS="1414" WIDTH="821" HEIGHT="47">
						<String ID="P197_ST00159" HPOS="117" VPOS="1431" WIDTH="33" HEIGHT="20" CONTENT="as" WC="0.17" CC="96"/>
						<SP ID="P197_SP00129" HPOS="150" VPOS="1451" WIDTH="31"/>
						<String ID="P197_ST00160" HPOS="181" VPOS="1430" WIDTH="63" HEIGHT="31" CONTENT="you" WC="0.69" CC="035"/>
						<SP ID="P197_SP00130" HPOS="244" VPOS="1461" WIDTH="30"/>
						<String ID="P197_ST00161" HPOS="274" VPOS="1429" WIDTH="52" HEIGHT="19" CONTENT="are" WC="0.88" CC="003"/>
						<SP ID="P197_SP00131" HPOS="326" VPOS="1461" WIDTH="29"/>
						<String ID="P197_ST00162" HPOS="355" VPOS="1416" WIDTH="82" HEIGHT="43" CONTENT="good" WC="0.92" CC="0030"/>
						<SP ID="P197_SP00132" HPOS="437" VPOS="1461" WIDTH="29"/>
						<String ID="P197_ST00163" HPOS="466" VPOS="1415" WIDTH="121" HEIGHT="43" CONTENT="enough" WC="0.69" CC="060407"/>
						<SP ID="P197_SP00133" HPOS="587" VPOS="1461" WIDTH="29"/>
						<String ID="P197_ST00164" HPOS="616" VPOS="1420" WIDTH="33" HEIGHT="26" CONTENT="to" WC="0.91" CC="01"/>
						<SP ID="P197_SP00134" HPOS="649" VPOS="1461" WIDTH="24"/>
						<String ID="P197_ST00165" HPOS="673" VPOS="1414" WIDTH="92" HEIGHT="31" CONTENT="think" WC="0.70" CC="07070"/>
						<SP ID="P197_SP00135" HPOS="765" VPOS="1461" WIDTH="24"/>
						<String ID="P197_ST00166" HPOS="789" VPOS="1414" WIDTH="68" HEIGHT="30" CONTENT="that" WC="0.61" CC="5702"/>
						<SP ID="P197_SP00136" HPOS="857" VPOS="1461" WIDTH="27"/>
						<String ID="P197_ST00167" HPOS="884" VPOS="1425" WIDTH="54" HEIGHT="19" CONTENT="our" WC="0.60" CC="056"/>
					</TextLine>
					<TextLine ID="P197_TL00024" HPOS="119" VPOS="1475" WIDTH="819" HEIGHT="44">
						<String ID="P197_ST00168" HPOS="119" VPOS="1481" WIDTH="97" HEIGHT="32" CONTENT="forces" WC="0.92" CC="000004"/>
						<SP ID="P197_SP00137" HPOS="216" VPOS="1513" WIDTH="30"/>
						<String ID="P197_ST00169" HPOS="246" VPOS="1492" WIDTH="51" HEIGHT="19" CONTENT="are" WC="0.82" CC="050"/>
						<SP ID="P197_SP00138" HPOS="297" VPOS="1513" WIDTH="25"/>
						<String ID="P197_ST00170" HPOS="322" VPOS="1491" WIDTH="33" HEIGHT="19" CONTENT="so" WC="0.68" CC="60"/>
						<SP ID="P197_SP00139" HPOS="355" VPOS="1513" WIDTH="30"/>
						<String ID="P197_ST00171" HPOS="385" VPOS="1478" WIDTH="107" HEIGHT="41" CONTENT="nearly" WC="0.78" CC="700500"/>
						<SP ID="P197_SP00140" HPOS="492" VPOS="1519" WIDTH="26"/>
						<String ID="P197_ST00172" HPOS="518" VPOS="1476" WIDTH="151" HEIGHT="38" CONTENT="matched," WC="0.79" CC="00507003"/>
						<SP ID="P197_SP00141" HPOS="669" VPOS="1519" WIDTH="28"/>
						<String ID="P197_ST00173" HPOS="697" VPOS="1476" WIDTH="82" HEIGHT="40" CONTENT="why," WC="0.70" CC="0704"/>
						<SP ID="P197_SP00142" HPOS="779" VPOS="1519" WIDTH="24"/>
						<String ID="P197_ST00174" HPOS="803" VPOS="1486" WIDTH="46" HEIGHT="20" CONTENT="we" WC="1.00" CC="00"/>
						<SP ID="P197_SP00143" HPOS="849" VPOS="1519" WIDTH="25"/>
						<String ID="P197_ST00175" HPOS="874" VPOS="1475" WIDTH="64" HEIGHT="31" CONTENT="will" WC="0.66" CC="0067"/>
					</TextLine>
					<TextLine ID="P197_TL00025" HPOS="116" VPOS="1537" WIDTH="822" HEIGHT="47">
						<String ID="P197_ST00176" HPOS="116" VPOS="1543" WIDTH="118" HEIGHT="41" CONTENT="loyally" WC="0.71" CC="4400470"/>
						<SP ID="P197_SP00144" HPOS="234" VPOS="1584" WIDTH="18"/>
						<String ID="P197_ST00177" HPOS="252" VPOS="1547" WIDTH="53" HEIGHT="37" CONTENT="try" WC="0.89" CC="300"/>
						<SP ID="P197_SP00145" HPOS="305" VPOS="1584" WIDTH="18"/>
						<String ID="P197_ST00178" HPOS="323" VPOS="1546" WIDTH="33" HEIGHT="26" CONTENT="to" WC="0.48" CC="45"/>
						<SP ID="P197_SP00146" HPOS="356" VPOS="1584" WIDTH="22"/>
						<String ID="P197_ST00179" HPOS="378" VPOS="1551" WIDTH="88" HEIGHT="30" CONTENT="carry" WC="0.91" CC="00040"/>
						<SP ID="P197_SP00147" HPOS="466" VPOS="1584" WIDTH="19"/>
						<String ID="P197_ST00180" HPOS="485" VPOS="1539" WIDTH="45" HEIGHT="30" CONTENT="off" WC="1.00" CC="000"/>
						<SP ID="P197_SP00148" HPOS="530" VPOS="1584" WIDTH="18"/>
						<String ID="P197_ST00181" HPOS="548" VPOS="1538" WIDTH="52" HEIGHT="31" CONTENT="the" WC="0.75" CC="070"/>
						<SP ID="P197_SP00149" HPOS="600" VPOS="1584" WIDTH="23"/>
						<String ID="P197_ST00182" HPOS="623" VPOS="1538" WIDTH="129" HEIGHT="41" CONTENT="victory," WC="0.70" CC="72130502"/>
						<SP ID="P197_SP00150" HPOS="752" VPOS="1584" WIDTH="25"/>
						<String ID="P197_ST00183" HPOS="777" VPOS="1537" WIDTH="62" HEIGHT="31" CONTENT="and" WC="0.76" CC="070"/>
						<SP ID="P197_SP00151" HPOS="839" VPOS="1584" WIDTH="22"/>
						<String ID="P197_ST00184" HPOS="861" VPOS="1537" WIDTH="77" HEIGHT="41" CONTENT="hope" WC="0.81" CC="7000"/>
					</TextLine>
				</TextBlock>
			</PrintSpace>
		</Page>
	</Layout>
</alto>
