<?xml version="1.0" encoding="UTF-8"?>
<alto xmlns:xsi="http://www.w3.org/2001/XMLSchema-instance" xsi:noNamespaceSchemaLocation="http://www.bl.uk/schemas/alto/alto-1-4.xsd" xmlns:xlink="http://www.w3.org/1999/xlink">
	<Description>
		<MeasurementUnit>mm10</MeasurementUnit>
		<sourceImageInformation>
			<fileName>//head1/IN/2007-46/A0010888503.2/009264.jp2</fileName>
		</sourceImageInformation>
		<OCRProcessing ID="OCRPROCESSING_1">
			<preProcessingStep>
				<processingSoftware>
					<softwareCreator>CCS Content Conversion Specialists GmbH, Germany</softwareCreator>
					<softwareName>CCS docWORKS</softwareName>
					<softwareVersion>6.1-0.61</softwareVersion>
				</processingSoftware>
			</preProcessingStep>
			<ocrProcessingStep>
				<processingSoftware>
					<softwareCreator>ABBYY (BIT Software), Russia</softwareCreator>
					<softwareName>Finereader</softwareName>
				</processingSoftware>
			</ocrProcessingStep>
		</OCRProcessing>
	</Description>
	<Styles>
		<TextStyle ID="TXT_0" FONTSIZE="11" FONTFAMILY="Courier New"/>
		<TextStyle ID="TXT_1" FONTSIZE="10" FONTFAMILY="Courier New"/>
		<ParagraphStyle ID="PAR_LEFT" ALIGN="Left"/>
		<ParagraphStyle ID="PAR_CENTER" ALIGN="Center"/>
	</Styles>
	<Layout>
		<Page ID="P56" PHYSICAL_IMG_NR="56" HEIGHT="1747" WIDTH="1132" PRINTED_IMG_NR="46" POSITION="Left" ACCURACY="73.47">
			<TopMargin ID="P56_TM00001" HPOS="0" VPOS="0" WIDTH="1131" HEIGHT="137">
				<TextBlock ID="P56_TB00001" HPOS="162" VPOS="110" WIDTH="35" HEIGHT="25" STYLEREFS="TXT_0 PAR_LEFT">
					<TextLine ID="P56_TL00001" HPOS="162" VPOS="110" WIDTH="35" HEIGHT="25">
						<String ID="P56_ST00001" HPOS="162" VPOS="110" WIDTH="35" HEIGHT="25" CONTENT="46" WC="1.00" CC="00"/>
					</TextLine>
				</TextBlock>
				<TextBlock ID="P56_TB00002" HPOS="396" VPOS="112" WIDTH="354" HEIGHT="24" STYLEREFS="TXT_1 PAR_CENTER">
					<TextLine ID="P56_TL00002" HPOS="396" VPOS="112" WIDTH="354" HEIGHT="24">
						<String ID="P56_ST00002" HPOS="396" VPOS="115" WIDTH="82" HEIGHT="21" CONTENT="LOVE" WC="0.75" CC="4500"/>
						<SP ID="P56_SP00001" HPOS="478" VPOS="136" WIDTH="24"/>
						<String ID="P56_ST00003" HPOS="502" VPOS="115" WIDTH="63" HEIGHT="21" CONTENT="THE" WC="0.44" CC="835"/>
						<SP ID="P56_SP00002" HPOS="565" VPOS="136" WIDTH="23"/>
						<String ID="P56_ST00004" HPOS="588" VPOS="112" WIDTH="162" HEIGHT="23" CONTENT="AVENGER." WC="0.88" CC="00006101"/>
					</TextLine>
				</TextBlock>
			</TopMargin>
			<LeftMargin ID="P56_LM00001" HPOS="0" VPOS="137" WIDTH="149" HEIGHT="1443"/>
			<RightMargin ID="P56_RM00001" HPOS="986" VPOS="137" WIDTH="145" HEIGHT="1443"/>
			<BottomMargin ID="P56_BM00001" HPOS="0" VPOS="1580" WIDTH="1131" HEIGHT="166"/>
			<PrintSpace ID="P56_PS00001" HPOS="149" VPOS="137" WIDTH="838" HEIGHT="1443">
				<TextBlock ID="P56_TB00003" HPOS="160" VPOS="187" WIDTH="827" HEIGHT="354" STYLEREFS="TXT_1 PAR_LEFT">
					<TextLine ID="P56_TL00003" HPOS="162" VPOS="187" WIDTH="825" HEIGHT="45">
						<String ID="P56_ST00005" HPOS="162" VPOS="194" WIDTH="250" HEIGHT="30" CONTENT="shoulder-knots" WC="0.67" CC="77066000007045"/>
						<SP ID="P56_SP00003" HPOS="412" VPOS="224" WIDTH="27"/>
						<String ID="P56_ST00006" HPOS="439" VPOS="193" WIDTH="34" HEIGHT="31" CONTENT="of" WC="0.98" CC="00"/>
						<SP ID="P56_SP00004" HPOS="473" VPOS="224" WIDTH="20"/>
						<String ID="P56_ST00007" HPOS="493" VPOS="192" WIDTH="125" HEIGHT="31" CONTENT="ribbons" WC="0.54" CC="0177365"/>
						<String ID="P56_ST00008" HPOS="620" VPOS="210" WIDTH="42" HEIGHT="3" CONTENT="—" WC="0.20" CC="8"/>
						<String ID="P56_ST00009" HPOS="664" VPOS="189" WIDTH="196" HEIGHT="43" CONTENT="everywhere" WC="0.83" CC="0001006061"/>
						<SP ID="P56_SP00005" HPOS="860" VPOS="232" WIDTH="27"/>
						<String ID="P56_ST00010" HPOS="887" VPOS="187" WIDTH="100" HEIGHT="32" CONTENT="defor" SUBS_TYPE="HypPart1" SUBS_CONTENT="deformity" WC="0.90" CC="004100"/>
						<HYP CONTENT="-"/>
					</TextLine>
					<TextLine ID="P56_TL00004" HPOS="162" VPOS="250" WIDTH="823" HEIGHT="47">
						<String ID="P56_ST00011" HPOS="162" VPOS="256" WIDTH="80" HEIGHT="41" CONTENT="mity" SUBS_TYPE="HypPart2" SUBS_CONTENT="deformity" WC="0.86" CC="0050"/>
						<SP ID="P56_SP00006" HPOS="242" VPOS="297" WIDTH="30"/>
						<String ID="P56_ST00012" HPOS="272" VPOS="255" WIDTH="33" HEIGHT="31" CONTENT="of" WC="0.89" CC="20"/>
						<SP ID="P56_SP00007" HPOS="305" VPOS="297" WIDTH="34"/>
						<String ID="P56_ST00013" HPOS="339" VPOS="260" WIDTH="128" HEIGHT="26" CONTENT="contour" WC="0.60" CC="0283075"/>
						<SP ID="P56_SP00008" HPOS="467" VPOS="297" WIDTH="37"/>
						<String ID="P56_ST00014" HPOS="504" VPOS="254" WIDTH="62" HEIGHT="31" CONTENT="and" WC="0.76" CC="070"/>
						<SP ID="P56_SP00009" HPOS="566" VPOS="297" WIDTH="43"/>
						<String ID="P56_ST00015" HPOS="609" VPOS="252" WIDTH="197" HEIGHT="32" CONTENT="discordance" WC="0.82" CC="02400500600"/>
						<SP ID="P56_SP00010" HPOS="806" VPOS="297" WIDTH="41"/>
						<String ID="P56_ST00016" HPOS="847" VPOS="250" WIDTH="33" HEIGHT="32" CONTENT="of" WC="1.00" CC="00"/>
						<SP ID="P56_SP00011" HPOS="880" VPOS="297" WIDTH="34"/>
						<String ID="P56_ST00017" HPOS="914" VPOS="250" WIDTH="71" HEIGHT="37" CONTENT="hue," WC="0.70" CC="7400"/>
					</TextLine>
					<TextLine ID="P56_TL00005" HPOS="161" VPOS="312" WIDTH="824" HEIGHT="47">
						<String ID="P56_ST00018" HPOS="161" VPOS="317" WIDTH="193" HEIGHT="42" CONTENT="everywhere" WC="0.76" CC="4006007050"/>
						<SP ID="P56_SP00012" HPOS="354" VPOS="359" WIDTH="27"/>
						<String ID="P56_ST00019" HPOS="381" VPOS="316" WIDTH="162" HEIGHT="31" CONTENT="distortion" WC="0.67" CC="0655153004"/>
						<SP ID="P56_SP00013" HPOS="543" VPOS="359" WIDTH="27"/>
						<String ID="P56_ST00020" HPOS="570" VPOS="314" WIDTH="63" HEIGHT="31" CONTENT="and" WC="0.76" CC="070"/>
						<SP ID="P56_SP00014" HPOS="633" VPOS="359" WIDTH="26"/>
						<String ID="P56_ST00021" HPOS="659" VPOS="314" WIDTH="119" HEIGHT="30" CONTENT="tumult" WC="0.51" CC="660825"/>
						<SP ID="P56_SP00015" HPOS="778" VPOS="359" WIDTH="24"/>
						<String ID="P56_ST00022" HPOS="802" VPOS="313" WIDTH="76" HEIGHT="31" CONTENT="such" WC="0.51" CC="7506"/>
						<SP ID="P56_SP00016" HPOS="878" VPOS="359" WIDTH="27"/>
						<String ID="P56_ST00023" HPOS="905" VPOS="312" WIDTH="80" HEIGHT="37" CONTENT="that," WC="0.48" CC="67074"/>
					</TextLine>
					<TextLine ID="P56_TL00006" HPOS="161" VPOS="374" WIDTH="824" HEIGHT="45">
						<String ID="P56_ST00024" HPOS="161" VPOS="377" WIDTH="161" HEIGHT="42" CONTENT="according" WC="0.78" CC="040060170"/>
						<SP ID="P56_SP00017" HPOS="322" VPOS="419" WIDTH="22"/>
						<String ID="P56_ST00025" HPOS="344" VPOS="382" WIDTH="33" HEIGHT="26" CONTENT="to" WC="0.76" CC="04"/>
						<SP ID="P56_SP00018" HPOS="377" VPOS="419" WIDTH="25"/>
						<String ID="P56_ST00026" HPOS="402" VPOS="375" WIDTH="147" HEIGHT="42" CONTENT="Shelley's" WC="0.63" CC="670670004"/>
						<SP ID="P56_SP00019" HPOS="549" VPOS="419" WIDTH="16"/>
						<String ID="P56_ST00027" HPOS="565" VPOS="376" WIDTH="110" HEIGHT="41" CONTENT="theory" WC="0.64" CC="570430"/>
						<SP ID="P56_SP00020" HPOS="675" VPOS="419" WIDTH="16"/>
						<String ID="P56_ST00028" HPOS="691" VPOS="375" WIDTH="34" HEIGHT="30" CONTENT="of" WC="1.00" CC="00"/>
						<SP ID="P56_SP00021" HPOS="725" VPOS="419" WIDTH="20"/>
						<String ID="P56_ST00029" HPOS="745" VPOS="375" WIDTH="54" HEIGHT="30" CONTENT="the" WC="0.62" CC="470"/>
						<SP ID="P56_SP00022" HPOS="799" VPOS="419" WIDTH="25"/>
						<String ID="P56_ST00030" HPOS="824" VPOS="377" WIDTH="17" HEIGHT="11" CONTENT='"' WC="0.68" CC="3"/>
						<SP ID="P56_SP00023" HPOS="841" VPOS="419" WIDTH="10"/>
						<String ID="P56_ST00031" HPOS="851" VPOS="374" WIDTH="134" HEIGHT="42" CONTENT="interpe" SUBS_TYPE="HypPart1" SUBS_CONTENT="interpenetration" WC="0.82" CC="21305001"/>
						<HYP CONTENT="-"/>
					</TextLine>
					<TextLine ID="P56_TL00007" HPOS="161" VPOS="436" WIDTH="824" HEIGHT="42">
						<String ID="P56_ST00032" HPOS="161" VPOS="439" WIDTH="154" HEIGHT="31" CONTENT="netration" SUBS_TYPE="HypPart2" SUBS_CONTENT="interpenetration" WC="0.64" CC="703506206"/>
						<SP ID="P56_SP00024" HPOS="315" VPOS="470" WIDTH="23"/>
						<String ID="P56_ST00033" HPOS="338" VPOS="438" WIDTH="34" HEIGHT="31" CONTENT="of" WC="1.00" CC="00"/>
						<SP ID="P56_SP00025" HPOS="372" VPOS="470" WIDTH="23"/>
						<String ID="P56_ST00034" HPOS="395" VPOS="437" WIDTH="130" HEIGHT="39" CONTENT='senses,"' WC="0.71" CC="30610640"/>
						<SP ID="P56_SP00026" HPOS="525" VPOS="476" WIDTH="16"/>
						<String ID="P56_ST00035" HPOS="541" VPOS="449" WIDTH="52" HEIGHT="19" CONTENT="ear" WC="0.81" CC="005"/>
						<SP ID="P56_SP00027" HPOS="593" VPOS="476" WIDTH="22"/>
						<String ID="P56_ST00036" HPOS="615" VPOS="437" WIDTH="61" HEIGHT="31" CONTENT="and" WC="0.75" CC="070"/>
						<SP ID="P56_SP00028" HPOS="676" VPOS="476" WIDTH="21"/>
						<String ID="P56_ST00037" HPOS="697" VPOS="448" WIDTH="56" HEIGHT="30" CONTENT="eye" WC="1.00" CC="000"/>
						<SP ID="P56_SP00029" HPOS="753" VPOS="478" WIDTH="24"/>
						<String ID="P56_ST00038" HPOS="777" VPOS="436" WIDTH="113" HEIGHT="31" CONTENT="should" WC="0.57" CC="660660"/>
						<SP ID="P56_SP00030" HPOS="890" VPOS="478" WIDTH="16"/>
						<String ID="P56_ST00039" HPOS="906" VPOS="436" WIDTH="79" HEIGHT="30" CONTENT="have" WC="0.56" CC="7090"/>
					</TextLine>
					<TextLine ID="P56_TL00008" HPOS="160" VPOS="499" WIDTH="533" HEIGHT="42">
						<String ID="P56_ST00040" HPOS="160" VPOS="500" WIDTH="123" HEIGHT="41" CONTENT="equally" WC="0.75" CC="4060060"/>
						<SP ID="P56_SP00031" HPOS="283" VPOS="541" WIDTH="16"/>
						<String ID="P56_ST00041" HPOS="299" VPOS="500" WIDTH="95" HEIGHT="31" CONTENT="ached" WC="0.85" CC="00700"/>
						<SP ID="P56_SP00032" HPOS="394" VPOS="541" WIDTH="16"/>
						<String ID="P56_ST00042" HPOS="410" VPOS="504" WIDTH="31" HEIGHT="27" CONTENT="at" WC="0.64" CC="07"/>
						<SP ID="P56_SP00033" HPOS="441" VPOS="541" WIDTH="15"/>
						<String ID="P56_ST00043" HPOS="456" VPOS="499" WIDTH="53" HEIGHT="31" CONTENT="the" WC="0.55" CC="670"/>
						<SP ID="P56_SP00034" HPOS="509" VPOS="541" WIDTH="17"/>
						<String ID="P56_ST00044" HPOS="526" VPOS="499" WIDTH="167" HEIGHT="31" CONTENT="confusion." WC="0.69" CC="0070565150"/>
					</TextLine>
				</TextBlock>
				<TextBlock ID="P56_TB00004" HPOS="155" VPOS="559" WIDTH="831" HEIGHT="460" STYLEREFS="TXT_1 PAR_LEFT">
					<TextLine ID="P56_TL00009" HPOS="202" VPOS="559" WIDTH="781" HEIGHT="44">
						<String ID="P56_ST00045" HPOS="202" VPOS="562" WIDTH="30" HEIGHT="30" CONTENT="A" WC="1.00" CC="0"/>
						<SP ID="P56_SP00035" HPOS="232" VPOS="592" WIDTH="29"/>
						<String ID="P56_ST00046" HPOS="261" VPOS="562" WIDTH="72" HEIGHT="30" CONTENT="loud" WC="0.66" CC="5170"/>
						<SP ID="P56_SP00036" HPOS="333" VPOS="592" WIDTH="31"/>
						<String ID="P56_ST00047" HPOS="364" VPOS="561" WIDTH="62" HEIGHT="31" CONTENT="and" WC="0.77" CC="060"/>
						<SP ID="P56_SP00037" HPOS="426" VPOS="592" WIDTH="29"/>
						<String ID="P56_ST00048" HPOS="455" VPOS="560" WIDTH="169" HEIGHT="43" CONTENT="prolonged" WC="0.83" CC="022004030"/>
						<SP ID="P56_SP00038" HPOS="624" VPOS="603" WIDTH="29"/>
						<String ID="P56_ST00049" HPOS="653" VPOS="561" WIDTH="89" HEIGHT="30" CONTENT="burst" WC="0.52" CC="76540"/>
						<SP ID="P56_SP00039" HPOS="742" VPOS="603" WIDTH="31"/>
						<String ID="P56_ST00050" HPOS="773" VPOS="559" WIDTH="34" HEIGHT="32" CONTENT="of" WC="1.00" CC="00"/>
						<SP ID="P56_SP00040" HPOS="807" VPOS="603" WIDTH="28"/>
						<String ID="P56_ST00051" HPOS="835" VPOS="559" WIDTH="148" HEIGHT="42" CONTENT="applause" WC="0.84" CC="00030260"/>
					</TextLine>
					<TextLine ID="P56_TL00010" HPOS="159" VPOS="621" WIDTH="827" HEIGHT="43">
						<String ID="P56_ST00052" HPOS="159" VPOS="623" WIDTH="141" HEIGHT="30" CONTENT="awarded" WC="0.78" CC="9005000"/>
						<SP ID="P56_SP00041" HPOS="300" VPOS="653" WIDTH="15"/>
						<String ID="P56_ST00053" HPOS="315" VPOS="628" WIDTH="32" HEIGHT="25" CONTENT="to" WC="0.53" CC="53"/>
						<SP ID="P56_SP00042" HPOS="347" VPOS="653" WIDTH="16"/>
						<String ID="P56_ST00054" HPOS="363" VPOS="623" WIDTH="133" HEIGHT="30" CONTENT="Theresa" WC="0.73" CC="0606140"/>
						<SP ID="P56_SP00043" HPOS="496" VPOS="653" WIDTH="23"/>
						<String ID="P56_ST00055" HPOS="519" VPOS="622" WIDTH="217" HEIGHT="42" CONTENT="extinguished" WC="0.70" CC="000069506700"/>
						<SP ID="P56_SP00044" HPOS="736" VPOS="664" WIDTH="22"/>
						<String ID="P56_ST00056" HPOS="758" VPOS="621" WIDTH="54" HEIGHT="31" CONTENT="the" WC="0.69" CC="170"/>
						<SP ID="P56_SP00045" HPOS="812" VPOS="664" WIDTH="24"/>
						<String ID="P56_ST00057" HPOS="836" VPOS="621" WIDTH="99" HEIGHT="31" CONTENT="sound" WC="0.60" CC="62460"/>
						<SP ID="P56_SP00046" HPOS="935" VPOS="664" WIDTH="17"/>
						<String ID="P56_ST00058" HPOS="952" VPOS="621" WIDTH="34" HEIGHT="31" CONTENT="of" WC="0.77" CC="04"/>
					</TextLine>
					<TextLine ID="P56_TL00011" HPOS="159" VPOS="683" WIDTH="821" HEIGHT="37">
						<String ID="P56_ST00059" HPOS="159" VPOS="686" WIDTH="99" HEIGHT="29" CONTENT="minor" WC="0.74" CC="03404"/>
						<SP ID="P56_SP00047" HPOS="258" VPOS="715" WIDTH="24"/>
						<String ID="P56_ST00060" HPOS="282" VPOS="685" WIDTH="233" HEIGHT="30" CONTENT="conversations." WC="0.73" CC="05600320330660"/>
						<SP ID="P56_SP00048" HPOS="515" VPOS="715" WIDTH="47"/>
						<String ID="P56_ST00061" HPOS="562" VPOS="683" WIDTH="102" HEIGHT="31" CONTENT="When" WC="0.66" CC="0705"/>
						<SP ID="P56_SP00049" HPOS="664" VPOS="715" WIDTH="27"/>
						<String ID="P56_ST00062" HPOS="691" VPOS="684" WIDTH="25" HEIGHT="30" CONTENT="it" WC="0.81" CC="03"/>
						<SP ID="P56_SP00050" HPOS="716" VPOS="715" WIDTH="24"/>
						<String ID="P56_ST00063" HPOS="740" VPOS="683" WIDTH="62" HEIGHT="31" CONTENT="had" WC="0.75" CC="700"/>
						<SP ID="P56_SP00051" HPOS="802" VPOS="715" WIDTH="23"/>
						<String ID="P56_ST00064" HPOS="825" VPOS="683" WIDTH="155" HEIGHT="37" CONTENT="subsided," WC="0.74" CC="670700002"/>
					</TextLine>
					<TextLine ID="P56_TL00012" HPOS="157" VPOS="745" WIDTH="822" HEIGHT="41">
						<String ID="P56_ST00065" HPOS="157" VPOS="746" WIDTH="53" HEIGHT="30" CONTENT="the" WC="0.61" CC="560"/>
						<SP ID="P56_SP00052" HPOS="210" VPOS="776" WIDTH="16"/>
						<String ID="P56_ST00066" HPOS="226" VPOS="745" WIDTH="143" HEIGHT="31" CONTENT="evidence" WC="0.92" CC="00000600"/>
						<SP ID="P56_SP00053" HPOS="369" VPOS="776" WIDTH="17"/>
						<String ID="P56_ST00067" HPOS="386" VPOS="745" WIDTH="33" HEIGHT="30" CONTENT="of" WC="1.00" CC="00"/>
						<SP ID="P56_SP00054" HPOS="419" VPOS="776" WIDTH="19"/>
						<String ID="P56_ST00068" HPOS="438" VPOS="756" WIDTH="18" HEIGHT="19" CONTENT="a" WC="1.00" CC="0"/>
						<SP ID="P56_SP00055" HPOS="456" VPOS="776" WIDTH="15"/>
						<String ID="P56_ST00069" HPOS="471" VPOS="745" WIDTH="103" HEIGHT="30" CONTENT="rather" WC="0.66" CC="401706"/>
						<SP ID="P56_SP00056" HPOS="574" VPOS="776" WIDTH="19"/>
						<String ID="P56_ST00070" HPOS="593" VPOS="745" WIDTH="97" HEIGHT="41" CONTENT="lively" WC="0.95" CC="002000"/>
						<SP ID="P56_SP00057" HPOS="690" VPOS="786" WIDTH="15"/>
						<String ID="P56_ST00071" HPOS="705" VPOS="745" WIDTH="172" HEIGHT="30" CONTENT="discussion" WC="0.71" CC="0060725302"/>
						<SP ID="P56_SP00058" HPOS="877" VPOS="786" WIDTH="17"/>
						<String ID="P56_ST00072" HPOS="894" VPOS="757" WIDTH="85" HEIGHT="19" CONTENT="came" WC="0.83" CC="0600"/>
					</TextLine>
					<TextLine ID="P56_TL00013" HPOS="157" VPOS="806" WIDTH="825" HEIGHT="43">
						<String ID="P56_ST00073" HPOS="157" VPOS="807" WIDTH="78" HEIGHT="29" CONTENT="from" WC="0.79" CC="1006"/>
						<SP ID="P56_SP00059" HPOS="235" VPOS="836" WIDTH="26"/>
						<String ID="P56_ST00074" HPOS="261" VPOS="807" WIDTH="51" HEIGHT="29" CONTENT="the" WC="0.55" CC="570"/>
						<SP ID="P56_SP00060" HPOS="312" VPOS="836" WIDTH="24"/>
						<String ID="P56_ST00075" HPOS="336" VPOS="806" WIDTH="82" HEIGHT="30" CONTENT="table" WC="0.87" CC="00600"/>
						<SP ID="P56_SP00061" HPOS="418" VPOS="836" WIDTH="16"/>
						<String ID="P56_ST00076" HPOS="434" VPOS="806" WIDTH="101" HEIGHT="31" CONTENT="Avhere" WC="0.77" CC="007060"/>
						<SP ID="P56_SP00062" HPOS="535" VPOS="837" WIDTH="24"/>
						<String ID="P56_ST00077" HPOS="559" VPOS="811" WIDTH="48" HEIGHT="25" CONTENT="sat" WC="0.52" CC="607"/>
						<SP ID="P56_SP00063" HPOS="607" VPOS="837" WIDTH="25"/>
						<String ID="P56_ST00078" HPOS="632" VPOS="806" WIDTH="54" HEIGHT="31" CONTENT="the" WC="0.62" CC="470"/>
						<SP ID="P56_SP00064" HPOS="686" VPOS="837" WIDTH="27"/>
						<String ID="P56_ST00079" HPOS="713" VPOS="807" WIDTH="84" HEIGHT="41" CONTENT="large" WC="0.81" CC="10502"/>
						<SP ID="P56_SP00065" HPOS="797" VPOS="848" WIDTH="27"/>
						<String ID="P56_ST00080" HPOS="824" VPOS="818" WIDTH="99" HEIGHT="31" CONTENT="group" WC="0.56" CC="03466"/>
						<SP ID="P56_SP00066" HPOS="923" VPOS="849" WIDTH="24"/>
						<String ID="P56_ST00081" HPOS="947" VPOS="807" WIDTH="35" HEIGHT="31" CONTENT="of" WC="0.77" CC="30"/>
					</TextLine>
					<TextLine ID="P56_TL00014" HPOS="156" VPOS="868" WIDTH="821" HEIGHT="41">
						<String ID="P56_ST00082" HPOS="156" VPOS="868" WIDTH="185" HEIGHT="30" CONTENT="fashionable" WC="0.63" CC="20570078720"/>
						<SP ID="P56_SP00067" HPOS="341" VPOS="898" WIDTH="15"/>
						<String ID="P56_ST00083" HPOS="356" VPOS="868" WIDTH="95" HEIGHT="30" CONTENT="ladies" WC="0.60" CC="690114"/>
						<SP ID="P56_SP00068" HPOS="451" VPOS="898" WIDTH="23"/>
						<String ID="P56_ST00084" HPOS="474" VPOS="868" WIDTH="62" HEIGHT="30" CONTENT="and" WC="0.75" CC="070"/>
						<SP ID="P56_SP00069" HPOS="536" VPOS="898" WIDTH="22"/>
						<String ID="P56_ST00085" HPOS="558" VPOS="868" WIDTH="175" HEIGHT="41" CONTENT="gentlemen" WC="0.84" CC="005020006"/>
						<SP ID="P56_SP00070" HPOS="733" VPOS="909" WIDTH="23"/>
						<String ID="P56_ST00086" HPOS="756" VPOS="873" WIDTH="33" HEIGHT="26" CONTENT="to" WC="0.75" CC="50"/>
						<SP ID="P56_SP00071" HPOS="789" VPOS="909" WIDTH="16"/>
						<String ID="P56_ST00087" HPOS="805" VPOS="868" WIDTH="103" HEIGHT="31" CONTENT="Avhom" WC="0.85" CC="00700"/>
						<SP ID="P56_SP00072" HPOS="908" VPOS="909" WIDTH="16"/>
						<String ID="P56_ST00088" HPOS="924" VPOS="869" WIDTH="53" HEIGHT="31" CONTENT="the" WC="0.53" CC="670"/>
					</TextLine>
					<TextLine ID="P56_TL00015" HPOS="156" VPOS="929" WIDTH="821" HEIGHT="41">
						<String ID="P56_ST00089" HPOS="156" VPOS="929" WIDTH="153" HEIGHT="30" CONTENT="Parisians" WC="0.68" CC="702270044"/>
						<SP ID="P56_SP00073" HPOS="309" VPOS="959" WIDTH="15"/>
						<String ID="P56_ST00090" HPOS="324" VPOS="929" WIDTH="77" HEIGHT="30" CONTENT="have" WC="0.70" CC="7301"/>
						<SP ID="P56_SP00074" HPOS="401" VPOS="959" WIDTH="16"/>
						<String ID="P56_ST00091" HPOS="417" VPOS="929" WIDTH="93" HEIGHT="41" CONTENT="given" WC="0.75" CC="05007"/>
						<SP ID="P56_SP00075" HPOS="510" VPOS="970" WIDTH="14"/>
						<String ID="P56_ST00092" HPOS="524" VPOS="929" WIDTH="53" HEIGHT="30" CONTENT="the" WC="0.54" CC="670"/>
						<SP ID="P56_SP00076" HPOS="577" VPOS="970" WIDTH="16"/>
						<String ID="P56_ST00093" HPOS="593" VPOS="940" WIDTH="105" HEIGHT="20" CONTENT="names" WC="0.90" CC="40000"/>
						<SP ID="P56_SP00077" HPOS="698" VPOS="970" WIDTH="12"/>
						<String ID="P56_ST00094" HPOS="710" VPOS="929" WIDTH="35" HEIGHT="31" CONTENT="of" WC="0.79" CC="40"/>
						<SP ID="P56_SP00078" HPOS="745" VPOS="970" WIDTH="13"/>
						<String ID="P56_ST00095" HPOS="758" VPOS="930" WIDTH="141" HEIGHT="32" CONTENT="cocodets" WC="0.92" CC="00000041"/>
						<SP ID="P56_SP00079" HPOS="899" VPOS="970" WIDTH="16"/>
						<String ID="P56_ST00096" HPOS="915" VPOS="931" WIDTH="62" HEIGHT="31" CONTENT="and" WC="0.78" CC="060"/>
					</TextLine>
					<TextLine ID="P56_TL00016" HPOS="156" VPOS="990" WIDTH="177" HEIGHT="29">
						<String ID="P56_ST00097" HPOS="156" VPOS="990" WIDTH="177" HEIGHT="29" CONTENT="cocodettes." WC="0.84" CC="00020061060"/>
					</TextLine>
				</TextBlock>
				<TextBlock ID="P56_TB00005" HPOS="151" VPOS="1049" WIDTH="823" HEIGHT="397" STYLEREFS="TXT_1 PAR_LEFT">
					<TextLine ID="P56_TL00017" HPOS="200" VPOS="1051" WIDTH="774" HEIGHT="44">
						<String ID="P56_ST00098" HPOS="200" VPOS="1051" WIDTH="106" HEIGHT="30" CONTENT='"Mile,' WC="0.83" CC="005400"/>
						<SP ID="P56_SP00080" HPOS="306" VPOS="1081" WIDTH="28"/>
						<String ID="P56_ST00099" HPOS="334" VPOS="1051" WIDTH="38" HEIGHT="30" CONTENT="de" WC="1.00" CC="00"/>
						<SP ID="P56_SP00081" HPOS="372" VPOS="1081" WIDTH="23"/>
						<String ID="P56_ST00100" HPOS="395" VPOS="1051" WIDTH="186" HEIGHT="41" CONTENT='Vieupont,"' WC="0.66" CC="6005006346"/>
						<SP ID="P56_SP00082" HPOS="581" VPOS="1092" WIDTH="28"/>
						<String ID="P56_ST00101" HPOS="609" VPOS="1063" WIDTH="71" HEIGHT="30" CONTENT="says" WC="0.76" CC="6002"/>
						<SP ID="P56_SP00083" HPOS="680" VPOS="1093" WIDTH="26"/>
						<String ID="P56_ST00102" HPOS="706" VPOS="1051" WIDTH="100" HEIGHT="32" CONTENT="Henri" WC="0.59" CC="34560"/>
						<SP ID="P56_SP00084" HPOS="806" VPOS="1093" WIDTH="26"/>
						<String ID="P56_ST00103" HPOS="832" VPOS="1052" WIDTH="142" HEIGHT="43" CONTENT="Dupont," WC="0.58" CC="7201664"/>
					</TextLine>
					<TextLine ID="P56_TL00018" HPOS="155" VPOS="1111" WIDTH="819" HEIGHT="46">
						<String ID="P56_ST00104" HPOS="155" VPOS="1112" WIDTH="18" HEIGHT="13" CONTENT='"' WC="0.59" CC="4"/>
						<SP ID="P56_SP00085" HPOS="173" VPOS="1125" WIDTH="11"/>
						<String ID="P56_ST00105" HPOS="184" VPOS="1122" WIDTH="61" HEIGHT="19" CONTENT="was" WC="0.96" CC="001"/>
						<SP ID="P56_SP00086" HPOS="245" VPOS="1141" WIDTH="27"/>
						<String ID="P56_ST00106" HPOS="272" VPOS="1122" WIDTH="17" HEIGHT="18" CONTENT="a" WC="1.00" CC="0"/>
						<SP ID="P56_SP00087" HPOS="289" VPOS="1141" WIDTH="23"/>
						<String ID="P56_ST00107" HPOS="312" VPOS="1122" WIDTH="76" HEIGHT="29" CONTENT="very" WC="1.00" CC="0000"/>
						<SP ID="P56_SP00088" HPOS="388" VPOS="1151" WIDTH="26"/>
						<String ID="P56_ST00108" HPOS="414" VPOS="1111" WIDTH="167" HEIGHT="31" CONTENT="handsome" WC="0.64" CC="78506000"/>
						<SP ID="P56_SP00089" HPOS="581" VPOS="1151" WIDTH="26"/>
						<String ID="P56_ST00109" HPOS="607" VPOS="1112" WIDTH="109" HEIGHT="42" CONTENT="highly" WC="0.53" CC="736730"/>
						<SP ID="P56_SP00090" HPOS="716" VPOS="1154" WIDTH="24"/>
						<String ID="P56_ST00110" HPOS="740" VPOS="1113" WIDTH="151" HEIGHT="31" CONTENT="educated" WC="0.75" CC="00606600"/>
						<SP ID="P56_SP00091" HPOS="891" VPOS="1154" WIDTH="24"/>
						<String ID="P56_ST00111" HPOS="915" VPOS="1116" WIDTH="59" HEIGHT="41" CONTENT="girl" WC="0.72" CC="0055"/>
					</TextLine>
					<TextLine ID="P56_TL00019" HPOS="153" VPOS="1171" WIDTH="821" HEIGHT="45">
						<String ID="P56_ST00112" HPOS="153" VPOS="1171" WIDTH="131" HEIGHT="30" CONTENT="Avithout" WC="0.55" CC="09217256"/>
						<SP ID="P56_SP00092" HPOS="284" VPOS="1201" WIDTH="26"/>
						<String ID="P56_ST00113" HPOS="310" VPOS="1183" WIDTH="18" HEIGHT="18" CONTENT="a" WC="1.00" CC="0"/>
						<SP ID="P56_SP00093" HPOS="328" VPOS="1201" WIDTH="23"/>
						<String ID="P56_ST00114" HPOS="351" VPOS="1172" WIDTH="145" HEIGHT="41" CONTENT="farthing," WC="0.59" CC="286660202"/>
						<SP ID="P56_SP00094" HPOS="496" VPOS="1213" WIDTH="27"/>
						<String ID="P56_ST00115" HPOS="523" VPOS="1172" WIDTH="103" HEIGHT="31" CONTENT="whom" WC="0.57" CC="9700"/>
						<SP ID="P56_SP00095" HPOS="626" VPOS="1213" WIDTH="27"/>
						<String ID="P56_ST00116" HPOS="653" VPOS="1173" WIDTH="149" HEIGHT="43" CONTENT="VouArray" WC="0.63" CC="74707200"/>
						<String ID="P56_ST00117" HPOS="803" VPOS="1194" WIDTH="42" HEIGHT="2" CONTENT="—" WC="0.20" CC="8"/>
						<String ID="P56_ST00118" HPOS="846" VPOS="1175" WIDTH="63" HEIGHT="31" CONTENT="like" WC="1.00" CC="0000"/>
						<SP ID="P56_SP00096" HPOS="909" VPOS="1216" WIDTH="25"/>
						<String ID="P56_ST00119" HPOS="934" VPOS="1188" WIDTH="40" HEIGHT="19" CONTENT="an" WC="0.71" CC="05"/>
					</TextLine>
					<TextLine ID="P56_TL00020" HPOS="153" VPOS="1232" WIDTH="821" HEIGHT="45">
						<String ID="P56_ST00120" HPOS="153" VPOS="1232" WIDTH="76" HEIGHT="30" CONTENT="idiot" WC="0.70" CC="00436"/>
						<String ID="P56_ST00121" HPOS="230" VPOS="1251" WIDTH="42" HEIGHT="3" CONTENT="—" WC="0.20" CC="8"/>
						<String ID="P56_ST00122" HPOS="272" VPOS="1236" WIDTH="83" HEIGHT="26" CONTENT="Avent" WC="0.50" CC="09076"/>
						<SP ID="P56_SP00097" HPOS="355" VPOS="1262" WIDTH="22"/>
						<String ID="P56_ST00123" HPOS="377" VPOS="1233" WIDTH="61" HEIGHT="29" CONTENT="and" WC="0.77" CC="060"/>
						<SP ID="P56_SP00098" HPOS="438" VPOS="1262" WIDTH="22"/>
						<String ID="P56_ST00124" HPOS="460" VPOS="1233" WIDTH="141" HEIGHT="38" CONTENT="married," WC="0.76" CC="00644004"/>
						<SP ID="P56_SP00099" HPOS="601" VPOS="1271" WIDTH="19"/>
						<String ID="P56_ST00125" HPOS="620" VPOS="1233" WIDTH="70" HEIGHT="32" CONTENT="God" WC="0.68" CC="720"/>
						<SP ID="P56_SP00100" HPOS="690" VPOS="1271" WIDTH="19"/>
						<String ID="P56_ST00126" HPOS="709" VPOS="1234" WIDTH="120" HEIGHT="43" CONTENT="forgive" WC="0.73" CC="4050502"/>
						<SP ID="P56_SP00101" HPOS="829" VPOS="1277" WIDTH="23"/>
						<String ID="P56_ST00127" HPOS="852" VPOS="1248" WIDTH="57" HEIGHT="26" CONTENT="me," WC="0.85" CC="004"/>
						<SP ID="P56_SP00102" HPOS="909" VPOS="1277" WIDTH="16"/>
						<String ID="P56_ST00128" HPOS="925" VPOS="1238" WIDTH="49" HEIGHT="31" CONTENT="for" WC="0.84" CC="022"/>
					</TextLine>
					<TextLine ID="P56_TL00021" HPOS="152" VPOS="1292" WIDTH="820" HEIGHT="46">
						<String ID="P56_ST00129" HPOS="152" VPOS="1292" WIDTH="68" HEIGHT="30" CONTENT="love" WC="0.94" CC="2000"/>
						<SP ID="P56_SP00103" HPOS="220" VPOS="1322" WIDTH="14"/>
						<String ID="P56_ST00130" HPOS="234" VPOS="1294" WIDTH="5" HEIGHT="29" CONTENT="!" WC="1.00" CC="0"/>
						<SP ID="P56_SP00104" HPOS="239" VPOS="1323" WIDTH="47"/>
						<String ID="P56_ST00131" HPOS="286" VPOS="1292" WIDTH="58" HEIGHT="31" CONTENT="She" WC="0.52" CC="770"/>
						<SP ID="P56_SP00105" HPOS="344" VPOS="1323" WIDTH="16"/>
						<String ID="P56_ST00132" HPOS="360" VPOS="1304" WIDTH="62" HEIGHT="19" CONTENT="was" WC="0.79" CC="006"/>
						<SP ID="P56_SP00106" HPOS="422" VPOS="1323" WIDTH="24"/>
						<String ID="P56_ST00133" HPOS="446" VPOS="1293" WIDTH="162" HEIGHT="41" CONTENT="penniless," WC="0.74" CC="0046000373"/>
						<SP ID="P56_SP00107" HPOS="608" VPOS="1334" WIDTH="25"/>
						<String ID="P56_ST00134" HPOS="633" VPOS="1295" WIDTH="62" HEIGHT="31" CONTENT="and" WC="0.77" CC="060"/>
						<SP ID="P56_SP00108" HPOS="695" VPOS="1334" WIDTH="22"/>
						<String ID="P56_ST00135" HPOS="717" VPOS="1295" WIDTH="39" HEIGHT="31" CONTENT="he" WC="0.61" CC="70"/>
						<SP ID="P56_SP00109" HPOS="756" VPOS="1334" WIDTH="27"/>
						<String ID="P56_ST00136" HPOS="783" VPOS="1307" WIDTH="78" HEIGHT="31" CONTENT="gave" WC="0.81" CC="0070"/>
						<SP ID="P56_SP00110" HPOS="861" VPOS="1338" WIDTH="23"/>
						<String ID="P56_ST00137" HPOS="884" VPOS="1298" WIDTH="55" HEIGHT="31" CONTENT="her" WC="0.56" CC="705"/>
						<SP ID="P56_SP00111" HPOS="939" VPOS="1338" WIDTH="15"/>
						<String ID="P56_ST00138" HPOS="954" VPOS="1310" WIDTH="18" HEIGHT="19" CONTENT="a" WC="1.00" CC="0"/>
					</TextLine>
					<TextLine ID="P56_TL00022" HPOS="151" VPOS="1353" WIDTH="820" HEIGHT="46">
						<String ID="P56_ST00139" HPOS="151" VPOS="1353" WIDTH="140" HEIGHT="31" CONTENT="hundred" WC="0.74" CC="7730000"/>
						<SP ID="P56_SP00112" HPOS="291" VPOS="1384" WIDTH="23"/>
						<String ID="P56_ST00140" HPOS="314" VPOS="1354" WIDTH="62" HEIGHT="30" CONTENT="and" WC="0.76" CC="070"/>
						<SP ID="P56_SP00113" HPOS="376" VPOS="1384" WIDTH="23"/>
						<String ID="P56_ST00141" HPOS="399" VPOS="1354" WIDTH="71" HEIGHT="41" CONTENT="fifty" WC="0.80" CC="00450"/>
						<SP ID="P56_SP00114" HPOS="470" VPOS="1395" WIDTH="15"/>
						<String ID="P56_ST00142" HPOS="485" VPOS="1355" WIDTH="155" HEIGHT="31" CONTENT="thousand" WC="0.61" CC="57056060"/>
						<SP ID="P56_SP00115" HPOS="640" VPOS="1395" WIDTH="23"/>
						<String ID="P56_ST00143" HPOS="663" VPOS="1356" WIDTH="102" HEIGHT="31" CONTENT="francs" WC="0.78" CC="040214"/>
						<SP ID="P56_SP00116" HPOS="765" VPOS="1395" WIDTH="21"/>
						<String ID="P56_ST00144" HPOS="786" VPOS="1369" WIDTH="18" HEIGHT="19" CONTENT="a" WC="1.00" CC="0"/>
						<SP ID="P56_SP00117" HPOS="804" VPOS="1395" WIDTH="22"/>
						<String ID="P56_ST00145" HPOS="826" VPOS="1370" WIDTH="75" HEIGHT="29" CONTENT="year" WC="1.00" CC="0000"/>
						<String ID="P56_ST00146" HPOS="901" VPOS="1379" WIDTH="43" HEIGHT="3" CONTENT="—" WC="0.20" CC="8"/>
						<String ID="P56_ST00147" HPOS="945" VPOS="1361" WIDTH="26" HEIGHT="31" CONTENT="is" WC="0.57" CC="26"/>
					</TextLine>
					<TextLine ID="P56_TL00023" HPOS="151" VPOS="1414" WIDTH="433" HEIGHT="32">
						<String ID="P56_ST00148" HPOS="151" VPOS="1414" WIDTH="69" HEIGHT="30" CONTENT="that" WC="0.48" CC="6706"/>
						<SP ID="P56_SP00118" HPOS="220" VPOS="1444" WIDTH="15"/>
						<String ID="P56_ST00149" HPOS="235" VPOS="1426" WIDTH="17" HEIGHT="18" CONTENT="a" WC="1.00" CC="0"/>
						<SP ID="P56_SP00119" HPOS="252" VPOS="1444" WIDTH="15"/>
						<String ID="P56_ST00150" HPOS="267" VPOS="1415" WIDTH="63" HEIGHT="30" CONTENT="fact" WC="0.77" CC="0027"/>
						<SP ID="P56_SP00120" HPOS="330" VPOS="1445" WIDTH="10"/>
						<String ID="P56_ST00151" HPOS="340" VPOS="1415" WIDTH="10" HEIGHT="30" CONTENT="?" WC="1.00" CC="0"/>
						<SP ID="P56_SP00121" HPOS="350" VPOS="1445" WIDTH="45"/>
						<String ID="P56_ST00152" HPOS="395" VPOS="1415" WIDTH="62" HEIGHT="31" CONTENT="Yes" WC="0.77" CC="006"/>
						<SP ID="P56_SP00122" HPOS="457" VPOS="1446" WIDTH="15"/>
						<String ID="P56_ST00153" HPOS="472" VPOS="1427" WIDTH="34" HEIGHT="19" CONTENT="or" WC="0.42" CC="46"/>
						<SP ID="P56_SP00123" HPOS="506" VPOS="1446" WIDTH="14"/>
						<String ID="P56_ST00154" HPOS="520" VPOS="1416" WIDTH="64" HEIGHT="30" CONTENT='no."' WC="0.85" CC="6000"/>
					</TextLine>
				</TextBlock>
				<TextBlock ID="P56_TB00006" HPOS="149" VPOS="1475" WIDTH="820" HEIGHT="105" STYLEREFS="TXT_1 PAR_LEFT">
					<TextLine ID="P56_TL00024" HPOS="195" VPOS="1476" WIDTH="774" HEIGHT="49">
						<String ID="P56_ST00155" HPOS="195" VPOS="1478" WIDTH="17" HEIGHT="13" CONTENT='"' WC="0.86" CC="1"/>
						<SP ID="P56_SP00124" HPOS="212" VPOS="1491" WIDTH="10"/>
						<String ID="P56_ST00156" HPOS="222" VPOS="1476" WIDTH="89" HEIGHT="38" CONTENT="Well," WC="0.91" CC="00004"/>
						<SP ID="P56_SP00125" HPOS="311" VPOS="1514" WIDTH="17"/>
						<String ID="P56_ST00157" HPOS="328" VPOS="1476" WIDTH="82" HEIGHT="38" CONTENT='but,"' WC="0.49" CC="77540"/>
						<SP ID="P56_SP00126" HPOS="410" VPOS="1514" WIDTH="16"/>
						<String ID="P56_ST00158" HPOS="426" VPOS="1477" WIDTH="100" HEIGHT="43" CONTENT="began" WC="0.65" CC="73006"/>
						<SP ID="P56_SP00127" HPOS="526" VPOS="1520" WIDTH="22"/>
						<String ID="P56_ST00159" HPOS="548" VPOS="1478" WIDTH="53" HEIGHT="31" CONTENT="the" WC="0.61" CC="470"/>
						<SP ID="P56_SP00128" HPOS="601" VPOS="1520" WIDTH="24"/>
						<String ID="P56_ST00160" HPOS="625" VPOS="1480" WIDTH="89" HEIGHT="30" CONTENT="small" WC="0.93" CC="30000"/>
						<SP ID="P56_SP00129" HPOS="714" VPOS="1520" WIDTH="16"/>
						<String ID="P56_ST00161" HPOS="730" VPOS="1492" WIDTH="107" HEIGHT="32" CONTENT="young" WC="0.63" CC="01519"/>
						<SP ID="P56_SP00130" HPOS="837" VPOS="1524" WIDTH="15"/>
						<String ID="P56_ST00162" HPOS="852" VPOS="1485" WIDTH="117" HEIGHT="40" CONTENT="gentle" SUBS_TYPE="HypPart1" SUBS_CONTENT="gentleman," WC="0.77" CC="0076002"/>
						<HYP CONTENT="-"/>
					</TextLine>
					<TextLine ID="P56_TL00025" HPOS="150" VPOS="1537" WIDTH="819" HEIGHT="43">
						<String ID="P56_ST00163" HPOS="150" VPOS="1548" WIDTH="79" HEIGHT="26" CONTENT="man," SUBS_TYPE="HypPart2" SUBS_CONTENT="gentleman," WC="0.72" CC="1063"/>
						<SP ID="P56_SP00131" HPOS="229" VPOS="1574" WIDTH="24"/>
						<String ID="P56_ST00164" HPOS="253" VPOS="1537" WIDTH="76" HEIGHT="33" CONTENT="with" WC="0.45" CC="4249"/>
						<SP ID="P56_SP00132" HPOS="329" VPOS="1574" WIDTH="22"/>
						<String ID="P56_ST00165" HPOS="351" VPOS="1538" WIDTH="54" HEIGHT="32" CONTENT="the" WC="0.52" CC="571"/>
						<SP ID="P56_SP00133" HPOS="405" VPOS="1574" WIDTH="22"/>
						<String ID="P56_ST00166" HPOS="427" VPOS="1539" WIDTH="138" HEIGHT="41" CONTENT="squeaky" WC="0.75" CC="6050500"/>
						<SP ID="P56_SP00134" HPOS="565" VPOS="1580" WIDTH="25"/>
						<String ID="P56_ST00167" HPOS="590" VPOS="1541" WIDTH="83" HEIGHT="31" CONTENT="voice" WC="0.95" CC="00200"/>
						<String ID="P56_ST00168" HPOS="685" VPOS="1554" WIDTH="7" HEIGHT="24" CONTENT=";" WC="1.00" CC="0"/>
						<SP ID="P56_SP00135" HPOS="692" VPOS="1580" WIDTH="26"/>
						<String ID="P56_ST00169" HPOS="718" VPOS="1544" WIDTH="16" HEIGHT="15" CONTENT='"' WC="1.00" CC="0"/>
						<SP ID="P56_SP00136" HPOS="734" VPOS="1580" WIDTH="13"/>
						<String ID="P56_ST00170" HPOS="747" VPOS="1542" WIDTH="16" HEIGHT="31" CONTENT="I" WC="0.56" CC="4"/>
						<SP ID="P56_SP00137" HPOS="763" VPOS="1580" WIDTH="16"/>
						<String ID="P56_ST00171" HPOS="779" VPOS="1543" WIDTH="79" HEIGHT="33" CONTENT="have" WC="0.81" CC="7000"/>
						<SP ID="P56_SP00138" HPOS="858" VPOS="1580" WIDTH="16"/>
						<String ID="P56_ST00172" HPOS="874" VPOS="1545" WIDTH="95" HEIGHT="34" CONTENT="heard" WC="0.82" CC="71000"/>
					</TextLine>
				</TextBlock>
			</PrintSpace>
		</Page>
	</Layout>
</alto>
