<?xml version="1.0" encoding="UTF-8"?>
<alto xmlns:xsi="http://www.w3.org/2001/XMLSchema-instance" xsi:noNamespaceSchemaLocation="http://www.bl.uk/schemas/alto/alto-1-4.xsd" xmlns:xlink="http://www.w3.org/1999/xlink">
	<Description>
		<MeasurementUnit>mm10</MeasurementUnit>
		<sourceImageInformation>
			<fileName>//head1/IN/2007-46/A0010888503.2/009509.jp2</fileName>
		</sourceImageInformation>
		<OCRProcessing ID="OCRPROCESSING_1">
			<preProcessingStep>
				<processingSoftware>
					<softwareCreator>CCS Content Conversion Specialists GmbH, Germany</softwareCreator>
					<softwareName>CCS docWORKS</softwareName>
					<softwareVersion>6.1-0.61</softwareVersion>
				</processingSoftware>
			</preProcessingStep>
			<ocrProcessingStep>
				<processingSoftware>
					<softwareCreator>ABBYY (BIT Software), Russia</softwareCreator>
					<softwareName>Finereader</softwareName>
				</processingSoftware>
			</ocrProcessingStep>
		</OCRProcessing>
	</Description>
	<Styles>
		<TextStyle ID="TXT_0" FONTSIZE="11" FONTFAMILY="Courier New"/>
		<TextStyle ID="TXT_1" FONTSIZE="9" FONTFAMILY="Courier New"/>
		<ParagraphStyle ID="PAR_RIGHT" ALIGN="Right"/>
		<ParagraphStyle ID="PAR_LEFT" ALIGN="Left"/>
	</Styles>
	<Layout>
		<Page ID="P301" PHYSICAL_IMG_NR="301" HEIGHT="1747" WIDTH="1132" PRINTED_IMG_NR="291" POSITION="Right" ACCURACY="71.36">
			<TopMargin ID="P301_TM00001" HPOS="0" VPOS="0" WIDTH="1131" HEIGHT="165">
				<TextBlock ID="P301_TB00001" HPOS="879" VPOS="130" WIDTH="51" HEIGHT="27" STYLEREFS="TXT_0 PAR_RIGHT">
					<TextLine ID="P301_TL00001" HPOS="879" VPOS="130" WIDTH="51" HEIGHT="27">
						<String ID="P301_ST00001" HPOS="879" VPOS="130" WIDTH="51" HEIGHT="27" CONTENT="291" WC="1.00" CC="000"/>
					</TextLine>
				</TextBlock>
				<TextBlock ID="P301_TB00002" HPOS="297" VPOS="136" WIDTH="431" HEIGHT="29" STYLEREFS="TXT_1 PAR_LEFT">
					<TextLine ID="P301_TL00002" HPOS="298" VPOS="137" WIDTH="430" HEIGHT="28">
						<String ID="P301_ST00002" HPOS="298" VPOS="137" WIDTH="92" HEIGHT="28" CONTENT="LOVE," WC="0.61" CC="51632"/>
						<SP ID="P301_SP00001" HPOS="390" VPOS="165" WIDTH="17"/>
						<String ID="P301_ST00003" HPOS="407" VPOS="137" WIDTH="64" HEIGHT="22" CONTENT="THE" WC="0.78" CC="060"/>
						<SP ID="P301_SP00002" HPOS="471" VPOS="165" WIDTH="24"/>
						<String ID="P301_ST00004" HPOS="495" VPOS="137" WIDTH="84" HEIGHT="22" CONTENT="SAME" WC="0.80" CC="3005"/>
						<SP ID="P301_SP00003" HPOS="579" VPOS="165" WIDTH="23"/>
						<String ID="P301_ST00005" HPOS="602" VPOS="137" WIDTH="36" HEIGHT="22" CONTENT="IN" WC="1.00" CC="00"/>
						<SP ID="P301_SP00004" HPOS="638" VPOS="165" WIDTH="22"/>
						<String ID="P301_ST00006" HPOS="660" VPOS="137" WIDTH="68" HEIGHT="22" CONTENT="ALL." WC="0.44" CC="9750"/>
					</TextLine>
				</TextBlock>
			</TopMargin>
			<LeftMargin ID="P301_LM00001" HPOS="0" VPOS="159" WIDTH="108" HEIGHT="1471"/>
			<RightMargin ID="P301_RM00001" HPOS="936" VPOS="159" WIDTH="195" HEIGHT="1471"/>
			<BottomMargin ID="P301_BM00001" HPOS="0" VPOS="1630" WIDTH="1131" HEIGHT="116"/>
			<PrintSpace ID="P301_PS00001" HPOS="108" VPOS="159" WIDTH="828" HEIGHT="1471">
				<TextBlock ID="P301_TB00003" HPOS="108" VPOS="212" WIDTH="824" HEIGHT="102" STYLEREFS="TXT_1 PAR_LEFT">
					<TextLine ID="P301_TL00003" HPOS="109" VPOS="213" WIDTH="823" HEIGHT="44">
						<String ID="P301_ST00007" HPOS="109" VPOS="213" WIDTH="143" HEIGHT="31" CONTENT="ableness" WC="0.62" CC="97007014"/>
						<SP ID="P301_SP00005" HPOS="252" VPOS="244" WIDTH="32"/>
						<String ID="P301_ST00008" HPOS="284" VPOS="214" WIDTH="33" HEIGHT="30" CONTENT="in" WC="0.59" CC="07"/>
						<SP ID="P301_SP00006" HPOS="317" VPOS="244" WIDTH="33"/>
						<String ID="P301_ST00009" HPOS="350" VPOS="214" WIDTH="185" HEIGHT="43" CONTENT='marriage,"' WC="0.78" CC="9002400040"/>
						<SP ID="P301_SP00007" HPOS="535" VPOS="257" WIDTH="28"/>
						<String ID="P301_ST00010" HPOS="563" VPOS="215" WIDTH="149" HEIGHT="30" CONTENT="observed" WC="0.69" CC="37005600"/>
						<SP ID="P301_SP00008" HPOS="712" VPOS="257" WIDTH="30"/>
						<String ID="P301_ST00011" HPOS="742" VPOS="214" WIDTH="99" HEIGHT="31" CONTENT="Henri" WC="0.63" CC="60704"/>
						<SP ID="P301_SP00009" HPOS="841" VPOS="257" WIDTH="26"/>
						<String ID="P301_ST00012" HPOS="867" VPOS="214" WIDTH="65" HEIGHT="30" CONTENT="Du" SUBS_TYPE="HypPart1" SUBS_CONTENT="Dupont." WC="0.75" CC="070"/>
						<HYP CONTENT="-"/>
					</TextLine>
					<TextLine ID="P301_TL00004" HPOS="110" VPOS="280" WIDTH="85" HEIGHT="34">
						<String ID="P301_ST00013" HPOS="110" VPOS="280" WIDTH="85" HEIGHT="34" CONTENT="pont." SUBS_TYPE="HypPart2" SUBS_CONTENT="Dupont." WC="0.70" CC="00770"/>
					</TextLine>
				</TextBlock>
				<TextBlock ID="P301_TB00004" HPOS="108" VPOS="336" WIDTH="825" HEIGHT="152" STYLEREFS="TXT_1 PAR_LEFT">
					<TextLine ID="P301_TL00005" HPOS="156" VPOS="336" WIDTH="777" HEIGHT="43">
						<String ID="P301_ST00014" HPOS="156" VPOS="336" WIDTH="194" HEIGHT="43" CONTENT='"Perhaps,"' WC="0.65" CC="4705700540"/>
						<SP ID="P301_SP00010" HPOS="350" VPOS="379" WIDTH="25"/>
						<String ID="P301_ST00015" HPOS="375" VPOS="337" WIDTH="68" HEIGHT="32" CONTENT="said" WC="0.90" CC="1020"/>
						<SP ID="P301_SP00011" HPOS="443" VPOS="379" WIDTH="26"/>
						<String ID="P301_ST00016" HPOS="469" VPOS="337" WIDTH="43" HEIGHT="32" CONTENT="M." WC="0.83" CC="30"/>
						<SP ID="P301_SP00012" HPOS="512" VPOS="379" WIDTH="29"/>
						<String ID="P301_ST00017" HPOS="541" VPOS="337" WIDTH="38" HEIGHT="32" CONTENT="de" WC="1.00" CC="00"/>
						<SP ID="P301_SP00013" HPOS="579" VPOS="379" WIDTH="27"/>
						<String ID="P301_ST00018" HPOS="606" VPOS="337" WIDTH="146" HEIGHT="32" CONTENT="Lancour." WC="0.69" CC="00604570"/>
						<SP ID="P301_SP00014" HPOS="752" VPOS="379" WIDTH="51"/>
						<String ID="P301_ST00019" HPOS="803" VPOS="337" WIDTH="92" HEIGHT="32" CONTENT='"But' WC="0.37" CC="4667"/>
						<SP ID="P301_SP00015" HPOS="895" VPOS="379" WIDTH="24"/>
						<String ID="P301_ST00020" HPOS="919" VPOS="337" WIDTH="14" HEIGHT="31" CONTENT="I" WC="0.87" CC="1"/>
					</TextLine>
					<TextLine ID="P301_TL00006" HPOS="110" VPOS="398" WIDTH="823" HEIGHT="42">
						<String ID="P301_ST00021" HPOS="110" VPOS="398" WIDTH="120" HEIGHT="32" CONTENT="confess" WC="0.70" CC="0061065"/>
						<SP ID="P301_SP00016" HPOS="230" VPOS="430" WIDTH="24"/>
						<String ID="P301_ST00022" HPOS="254" VPOS="399" WIDTH="16" HEIGHT="31" CONTENT="I" WC="0.92" CC="0"/>
						<SP ID="P301_SP00017" HPOS="270" VPOS="430" WIDTH="24"/>
						<String ID="P301_ST00023" HPOS="294" VPOS="399" WIDTH="80" HEIGHT="31" CONTENT="have" WC="0.66" CC="7050"/>
						<SP ID="P301_SP00018" HPOS="374" VPOS="430" WIDTH="24"/>
						<String ID="P301_ST00024" HPOS="398" VPOS="410" WIDTH="41" HEIGHT="20" CONTENT="an" WC="0.63" CC="07"/>
						<SP ID="P301_SP00019" HPOS="439" VPOS="430" WIDTH="24"/>
						<String ID="P301_ST00025" HPOS="463" VPOS="399" WIDTH="154" HEIGHT="41" CONTENT="objection" WC="0.73" CC="070007035"/>
						<SP ID="P301_SP00020" HPOS="617" VPOS="440" WIDTH="23"/>
						<String ID="P301_ST00026" HPOS="640" VPOS="403" WIDTH="33" HEIGHT="27" CONTENT="to" WC="0.83" CC="30"/>
						<SP ID="P301_SP00021" HPOS="673" VPOS="440" WIDTH="24"/>
						<String ID="P301_ST00027" HPOS="697" VPOS="399" WIDTH="164" HEIGHT="41" CONTENT="marriages" WC="0.66" CC="005447800"/>
						<SP ID="P301_SP00022" HPOS="861" VPOS="440" WIDTH="22"/>
						<String ID="P301_ST00028" HPOS="883" VPOS="398" WIDTH="50" HEIGHT="32" CONTENT="be" SUBS_TYPE="HypPart1" SUBS_CONTENT="between" WC="0.75" CC="700"/>
						<HYP CONTENT="-"/>
					</TextLine>
					<TextLine ID="P301_TL00007" HPOS="109" VPOS="458" WIDTH="270" HEIGHT="30">
						<String ID="P301_ST00029" HPOS="109" VPOS="463" WIDTH="104" HEIGHT="25" CONTENT="tween" SUBS_TYPE="HypPart2" SUBS_CONTENT="between" WC="0.75" CC="60006"/>
						<SP ID="P301_SP00023" HPOS="213" VPOS="488" WIDTH="16"/>
						<String ID="P301_ST00030" HPOS="229" VPOS="458" WIDTH="150" HEIGHT="30" CONTENT='cousins."' WC="0.68" CC="007557100"/>
					</TextLine>
				</TextBlock>
				<TextBlock ID="P301_TB00005" HPOS="110" VPOS="518" WIDTH="826" HEIGHT="288" STYLEREFS="TXT_1 PAR_LEFT">
					<TextLine ID="P301_TL00008" HPOS="158" VPOS="518" WIDTH="778" HEIGHT="33">
						<String ID="P301_ST00031" HPOS="158" VPOS="523" WIDTH="18" HEIGHT="11" CONTENT='"' WC="0.56" CC="4"/>
						<SP ID="P301_SP00024" HPOS="176" VPOS="534" WIDTH="13"/>
						<String ID="P301_ST00032" HPOS="189" VPOS="520" WIDTH="98" HEIGHT="31" CONTENT="What" WC="0.86" CC="0005"/>
						<SP ID="P301_SP00025" HPOS="287" VPOS="551" WIDTH="22"/>
						<String ID="P301_ST00033" HPOS="309" VPOS="531" WIDTH="41" HEIGHT="20" CONTENT="an" WC="0.64" CC="07"/>
						<SP ID="P301_SP00026" HPOS="350" VPOS="551" WIDTH="22"/>
						<String ID="P301_ST00034" HPOS="372" VPOS="519" WIDTH="64" HEIGHT="32" CONTENT="odd" WC="0.86" CC="400"/>
						<SP ID="P301_SP00027" HPOS="436" VPOS="551" WIDTH="21"/>
						<String ID="P301_ST00035" HPOS="457" VPOS="519" WIDTH="70" HEIGHT="31" CONTENT="idea" WC="1.00" CC="0000"/>
						<String ID="P301_ST00036" HPOS="538" VPOS="521" WIDTH="6" HEIGHT="30" CONTENT="!" WC="0.65" CC="3"/>
						<String ID="P301_ST00037" HPOS="555" VPOS="518" WIDTH="15" HEIGHT="12" CONTENT='"' WC="1.00" CC="0"/>
						<SP ID="P301_SP00028" HPOS="570" VPOS="551" WIDTH="15"/>
						<String ID="P301_ST00038" HPOS="585" VPOS="519" WIDTH="137" HEIGHT="31" CONTENT="retorted" WC="0.85" CC="70300000"/>
						<SP ID="P301_SP00029" HPOS="722" VPOS="551" WIDTH="22"/>
						<String ID="P301_ST00039" HPOS="744" VPOS="519" WIDTH="47" HEIGHT="31" CONTENT="his" WC="0.56" CC="705"/>
						<SP ID="P301_SP00030" HPOS="791" VPOS="551" WIDTH="22"/>
						<String ID="P301_ST00040" HPOS="813" VPOS="519" WIDTH="123" HEIGHT="31" CONTENT="brother" WC="0.70" CC="7500700"/>
					</TextLine>
					<TextLine ID="P301_TL00009" HPOS="113" VPOS="580" WIDTH="822" HEIGHT="42">
						<String ID="P301_ST00041" HPOS="113" VPOS="581" WIDTH="108" HEIGHT="31" CONTENT="officer." WC="0.94" CC="00000040"/>
						<SP ID="P301_SP00031" HPOS="221" VPOS="612" WIDTH="51"/>
						<String ID="P301_ST00042" HPOS="272" VPOS="584" WIDTH="17" HEIGHT="12" CONTENT='"' WC="0.57" CC="4"/>
						<SP ID="P301_SP00032" HPOS="289" VPOS="612" WIDTH="11"/>
						<String ID="P301_ST00043" HPOS="300" VPOS="581" WIDTH="75" HEIGHT="31" CONTENT="And" WC="0.75" CC="070"/>
						<SP ID="P301_SP00033" HPOS="375" VPOS="612" WIDTH="19"/>
						<String ID="P301_ST00044" HPOS="394" VPOS="580" WIDTH="47" HEIGHT="32" CONTENT="for" WC="0.82" CC="005"/>
						<SP ID="P301_SP00034" HPOS="441" VPOS="612" WIDTH="16"/>
						<String ID="P301_ST00045" HPOS="457" VPOS="581" WIDTH="84" HEIGHT="31" CONTENT="what" WC="0.67" CC="0705"/>
						<SP ID="P301_SP00035" HPOS="541" VPOS="612" WIDTH="23"/>
						<String ID="P301_ST00046" HPOS="564" VPOS="580" WIDTH="120" HEIGHT="42" CONTENT="earthly" WC="0.63" CC="0064770"/>
						<SP ID="P301_SP00036" HPOS="684" VPOS="622" WIDTH="15"/>
						<String ID="P301_ST00047" HPOS="699" VPOS="592" WIDTH="107" HEIGHT="20" CONTENT="reason" WC="0.71" CC="400507"/>
						<SP ID="P301_SP00037" HPOS="806" VPOS="622" WIDTH="12"/>
						<String ID="P301_ST00048" HPOS="818" VPOS="581" WIDTH="11" HEIGHT="31" CONTENT="?" WC="1.00" CC="0"/>
						<SP ID="P301_SP00038" HPOS="829" VPOS="622" WIDTH="44"/>
						<String ID="P301_ST00049" HPOS="873" VPOS="580" WIDTH="62" HEIGHT="32" CONTENT="No" SUBS_TYPE="HypPart1" SUBS_CONTENT="Nothing" WC="0.54" CC="930"/>
						<HYP CONTENT="-"/>
					</TextLine>
					<TextLine ID="P301_TL00010" HPOS="112" VPOS="641" WIDTH="824" HEIGHT="44">
						<String ID="P301_ST00050" HPOS="112" VPOS="644" WIDTH="94" HEIGHT="41" CONTENT="thing" SUBS_TYPE="HypPart2" SUBS_CONTENT="Nothing" WC="0.46" CC="67570"/>
						<SP ID="P301_SP00039" HPOS="206" VPOS="685" WIDTH="23"/>
						<String ID="P301_ST00051" HPOS="229" VPOS="643" WIDTH="27" HEIGHT="30" CONTENT="is" WC="0.70" CC="06"/>
						<SP ID="P301_SP00040" HPOS="256" VPOS="685" WIDTH="19"/>
						<String ID="P301_ST00052" HPOS="275" VPOS="653" WIDTH="85" HEIGHT="20" CONTENT="more" WC="0.84" CC="0060"/>
						<SP ID="P301_SP00041" HPOS="360" VPOS="685" WIDTH="25"/>
						<String ID="P301_ST00053" HPOS="385" VPOS="653" WIDTH="150" HEIGHT="25" CONTENT="common," WC="0.79" CC="0200074"/>
						<SP ID="P301_SP00042" HPOS="535" VPOS="685" WIDTH="22"/>
						<String ID="P301_ST00054" HPOS="557" VPOS="641" WIDTH="194" HEIGHT="42" CONTENT="now-a-days" WC="0.89" CC="7000000003"/>
						<String ID="P301_ST00055" HPOS="753" VPOS="661" WIDTH="42" HEIGHT="2" CONTENT="—" WC="0.20" CC="8"/>
						<String ID="P301_ST00056" HPOS="796" VPOS="642" WIDTH="26" HEIGHT="30" CONTENT="it" WC="0.46" CC="37"/>
						<SP ID="P301_SP00043" HPOS="822" VPOS="685" WIDTH="22"/>
						<String ID="P301_ST00057" HPOS="844" VPOS="641" WIDTH="92" HEIGHT="42" CONTENT="keeps" WC="0.86" CC="50001"/>
					</TextLine>
					<TextLine ID="P301_TL00011" HPOS="113" VPOS="702" WIDTH="823" HEIGHT="44">
						<String ID="P301_ST00058" HPOS="113" VPOS="708" WIDTH="149" HEIGHT="38" CONTENT="property" WC="0.93" CC="05000000"/>
						<SP ID="P301_SP00044" HPOS="262" VPOS="746" WIDTH="36"/>
						<String ID="P301_ST00059" HPOS="298" VPOS="703" WIDTH="148" HEIGHT="42" CONTENT="together." WC="0.70" CC="700057050"/>
						<SP ID="P301_SP00045" HPOS="446" VPOS="746" WIDTH="63"/>
						<String ID="P301_ST00060" HPOS="509" VPOS="702" WIDTH="86" HEIGHT="43" CONTENT="Why" WC="1.00" CC="000"/>
						<SP ID="P301_SP00046" HPOS="595" VPOS="746" WIDTH="29"/>
						<String ID="P301_ST00061" HPOS="624" VPOS="702" WIDTH="155" HEIGHT="32" CONTENT="shouldn't" WC="0.53" CC="574650740"/>
						<SP ID="P301_SP00047" HPOS="779" VPOS="746" WIDTH="38"/>
						<String ID="P301_ST00062" HPOS="817" VPOS="702" WIDTH="119" HEIGHT="31" CONTENT="cousins" WC="0.43" CC="0576379"/>
					</TextLine>
					<TextLine ID="P301_TL00012" HPOS="114" VPOS="769" WIDTH="128" HEIGHT="37">
						<String ID="P301_ST00063" HPOS="114" VPOS="777" WIDTH="105" HEIGHT="29" CONTENT="marry" WC="0.89" CC="00230"/>
						<SP ID="P301_SP00048" HPOS="219" VPOS="806" WIDTH="17"/>
						<String ID="P301_ST00064" HPOS="236" VPOS="769" WIDTH="6" HEIGHT="27" CONTENT="l." WC="0.74" CC="50"/>
					</TextLine>
				</TextBlock>
				<TextBlock ID="P301_TB00006" HPOS="112" VPOS="823" WIDTH="823" HEIGHT="230" STYLEREFS="TXT_1 PAR_LEFT">
					<TextLine ID="P301_TL00013" HPOS="160" VPOS="824" WIDTH="774" HEIGHT="43">
						<String ID="P301_ST00065" HPOS="160" VPOS="830" WIDTH="17" HEIGHT="12" CONTENT='"' WC="0.73" CC="2"/>
						<SP ID="P301_SP00049" HPOS="177" VPOS="842" WIDTH="11"/>
						<String ID="P301_ST00066" HPOS="188" VPOS="827" WIDTH="88" HEIGHT="40" CONTENT="They" WC="0.81" CC="0700"/>
						<SP ID="P301_SP00050" HPOS="276" VPOS="867" WIDTH="10"/>
						<String ID="P301_ST00067" HPOS="286" VPOS="826" WIDTH="40" HEIGHT="30" CONTENT="do" WC="0.89" CC="02"/>
						<SP ID="P301_SP00051" HPOS="326" VPOS="867" WIDTH="12"/>
						<String ID="P301_ST00068" HPOS="338" VPOS="836" WIDTH="105" HEIGHT="30" CONTENT="marry" WC="0.68" CC="50630"/>
						<SP ID="P301_SP00052" HPOS="443" VPOS="867" WIDTH="12"/>
						<String ID="P301_ST00069" HPOS="455" VPOS="836" WIDTH="93" HEIGHT="30" CONTENT="every" WC="0.71" CC="07070"/>
						<SP ID="P301_SP00053" HPOS="548" VPOS="867" WIDTH="12"/>
						<String ID="P301_ST00070" HPOS="560" VPOS="824" WIDTH="88" HEIGHT="42" CONTENT='day,"' WC="0.91" CC="00040"/>
						<SP ID="P301_SP00054" HPOS="648" VPOS="867" WIDTH="13"/>
						<String ID="P301_ST00071" HPOS="661" VPOS="825" WIDTH="143" HEIGHT="41" CONTENT="repeated" WC="0.99" CC="00000000"/>
						<SP ID="P301_SP00055" HPOS="804" VPOS="867" WIDTH="12"/>
						<String ID="P301_ST00072" HPOS="816" VPOS="825" WIDTH="118" HEIGHT="36" CONTENT="Victor;" WC="0.56" CC="7006654"/>
					</TextLine>
					<TextLine ID="P301_TL00014" HPOS="115" VPOS="886" WIDTH="820" HEIGHT="42">
						<String ID="P301_ST00073" HPOS="115" VPOS="892" WIDTH="19" HEIGHT="12" CONTENT='"' WC="0.54" CC="4"/>
						<SP ID="P301_SP00056" HPOS="134" VPOS="904" WIDTH="11"/>
						<String ID="P301_ST00074" HPOS="145" VPOS="888" WIDTH="58" HEIGHT="32" CONTENT="but" WC="0.28" CC="777"/>
						<SP ID="P301_SP00057" HPOS="203" VPOS="920" WIDTH="23"/>
						<String ID="P301_ST00075" HPOS="226" VPOS="888" WIDTH="16" HEIGHT="30" CONTENT="I" WC="0.80" CC="1"/>
						<SP ID="P301_SP00058" HPOS="242" VPOS="920" WIDTH="23"/>
						<String ID="P301_ST00076" HPOS="265" VPOS="899" WIDTH="58" HEIGHT="19" CONTENT="can" WC="0.79" CC="006"/>
						<SP ID="P301_SP00059" HPOS="323" VPOS="920" WIDTH="24"/>
						<String ID="P301_ST00077" HPOS="347" VPOS="887" WIDTH="75" HEIGHT="41" CONTENT="only" WC="0.64" CC="0770"/>
						<SP ID="P301_SP00060" HPOS="422" VPOS="928" WIDTH="15"/>
						<String ID="P301_ST00078" HPOS="437" VPOS="898" WIDTH="57" HEIGHT="29" CONTENT="say" WC="0.87" CC="300"/>
						<SP ID="P301_SP00061" HPOS="494" VPOS="928" WIDTH="13"/>
						<String ID="P301_ST00079" HPOS="507" VPOS="886" WIDTH="79" HEIGHT="38" CONTENT="that," WC="0.66" CC="07053"/>
						<SP ID="P301_SP00062" HPOS="586" VPOS="928" WIDTH="28"/>
						<String ID="P301_ST00080" HPOS="614" VPOS="886" WIDTH="33" HEIGHT="30" CONTENT="in" WC="0.51" CC="35"/>
						<SP ID="P301_SP00063" HPOS="647" VPOS="928" WIDTH="27"/>
						<String ID="P301_ST00081" HPOS="674" VPOS="897" WIDTH="18" HEIGHT="19" CONTENT="a" WC="1.00" CC="0"/>
						<SP ID="P301_SP00064" HPOS="692" VPOS="928" WIDTH="21"/>
						<String ID="P301_ST00082" HPOS="713" VPOS="887" WIDTH="124" HEIGHT="40" CONTENT="general" WC="0.66" CC="9070150"/>
						<SP ID="P301_SP00065" HPOS="837" VPOS="928" WIDTH="20"/>
						<String ID="P301_ST00083" HPOS="857" VPOS="897" WIDTH="78" HEIGHT="30" CONTENT="AAray," WC="0.65" CC="097003"/>
					</TextLine>
					<TextLine ID="P301_TL00015" HPOS="115" VPOS="947" WIDTH="820" HEIGHT="41">
						<String ID="P301_ST00084" HPOS="115" VPOS="951" WIDTH="16" HEIGHT="31" CONTENT="I" WC="0.92" CC="0"/>
						<SP ID="P301_SP00066" HPOS="131" VPOS="982" WIDTH="28"/>
						<String ID="P301_ST00085" HPOS="159" VPOS="949" WIDTH="86" HEIGHT="32" CONTENT="don't" WC="0.63" CC="00737"/>
						<SP ID="P301_SP00067" HPOS="245" VPOS="982" WIDTH="25"/>
						<String ID="P301_ST00086" HPOS="270" VPOS="948" WIDTH="94" HEIGHT="31" CONTENT="think" WC="0.43" CC="27477"/>
						<SP ID="P301_SP00068" HPOS="364" VPOS="982" WIDTH="27"/>
						<String ID="P301_ST00087" HPOS="391" VPOS="959" WIDTH="18" HEIGHT="19" CONTENT="a" WC="1.00" CC="0"/>
						<SP ID="P301_SP00069" HPOS="409" VPOS="982" WIDTH="25"/>
						<String ID="P301_ST00088" HPOS="434" VPOS="947" WIDTH="150" HEIGHT="41" CONTENT="marriage" WC="0.81" CC="00500071"/>
						<SP ID="P301_SP00070" HPOS="584" VPOS="988" WIDTH="24"/>
						<String ID="P301_ST00089" HPOS="608" VPOS="947" WIDTH="137" HEIGHT="30" CONTENT="between" WC="0.81" CC="2030017"/>
						<SP ID="P301_SP00071" HPOS="745" VPOS="988" WIDTH="30"/>
						<String ID="P301_ST00090" HPOS="775" VPOS="948" WIDTH="120" HEIGHT="30" CONTENT="cousins" WC="0.68" CC="0076062"/>
						<SP ID="P301_SP00072" HPOS="895" VPOS="988" WIDTH="24"/>
						<String ID="P301_ST00091" HPOS="919" VPOS="959" WIDTH="16" HEIGHT="18" CONTENT="a" WC="0.42" CC="5"/>
					</TextLine>
					<TextLine ID="P301_TL00016" HPOS="113" VPOS="1009" WIDTH="227" HEIGHT="44">
						<String ID="P301_ST00092" HPOS="113" VPOS="1010" WIDTH="85" HEIGHT="43" CONTENT="good" WC="0.85" CC="0500"/>
						<SP ID="P301_SP00073" HPOS="198" VPOS="1053" WIDTH="22"/>
						<String ID="P301_ST00093" HPOS="220" VPOS="1009" WIDTH="120" HEIGHT="42" CONTENT='thing."' WC="0.67" CC="5736000"/>
					</TextLine>
				</TextBlock>
				<TextBlock ID="P301_TB00007" HPOS="812" VPOS="1611" WIDTH="44" HEIGHT="19" STYLEREFS="TXT_1 PAR_RIGHT">
					<TextLine ID="P301_TL00017" HPOS="813" VPOS="1612" WIDTH="43" HEIGHT="18">
						<String ID="P301_ST00094" HPOS="813" VPOS="1617" WIDTH="17" HEIGHT="13" CONTENT="v" WC="0.17" CC="8"/>
						<SP ID="P301_SP00074" HPOS="830" VPOS="1630" WIDTH="16"/>
						<String ID="P301_ST00095" HPOS="846" VPOS="1612" WIDTH="10" HEIGHT="18" CONTENT="2" WC="0.01" CC="9"/>
					</TextLine>
				</TextBlock>
			</PrintSpace>
		</Page>
	</Layout>
</alto>
