<?xml version="1.0" encoding="UTF-8"?>
<alto xmlns:xsi="http://www.w3.org/2001/XMLSchema-instance" xsi:noNamespaceSchemaLocation="http://www.bl.uk/schemas/alto/alto-1-4.xsd" xmlns:xlink="http://www.w3.org/1999/xlink">
	<Description>
		<MeasurementUnit>mm10</MeasurementUnit>
		<sourceImageInformation>
			<fileName>//head1/IN/2007-46/A0010888503.2/009527.jp2</fileName>
		</sourceImageInformation>
		<OCRProcessing ID="OCRPROCESSING_1">
			<preProcessingStep>
				<processingSoftware>
					<softwareCreator>CCS Content Conversion Specialists GmbH, Germany</softwareCreator>
					<softwareName>CCS docWORKS</softwareName>
					<softwareVersion>6.1-0.61</softwareVersion>
				</processingSoftware>
			</preProcessingStep>
			<ocrProcessingStep>
				<processingSoftware>
					<softwareCreator>ABBYY (BIT Software), Russia</softwareCreator>
					<softwareName>Finereader</softwareName>
				</processingSoftware>
			</ocrProcessingStep>
		</OCRProcessing>
	</Description>
	<Styles>
		<TextStyle ID="TXT_0" FONTSIZE="10" FONTFAMILY="Courier New"/>
		<TextStyle ID="TXT_1" FONTSIZE="11" FONTFAMILY="Courier New"/>
		<ParagraphStyle ID="PAR_LEFT" ALIGN="Left"/>
		<ParagraphStyle ID="PAR_RIGHT" ALIGN="Right"/>
	</Styles>
	<Layout>
		<Page ID="P319" PHYSICAL_IMG_NR="319" HEIGHT="1747" WIDTH="1132" PRINTED_IMG_NR="309" POSITION="Right" ACCURACY="74.01">
			<TopMargin ID="P319_TM00001" HPOS="0" VPOS="0" WIDTH="1131" HEIGHT="145">
				<TextBlock ID="P319_TB00001" HPOS="325" VPOS="117" WIDTH="427" HEIGHT="26" STYLEREFS="TXT_0 PAR_LEFT">
					<TextLine ID="P319_TL00001" HPOS="326" VPOS="118" WIDTH="426" HEIGHT="25">
						<String ID="P319_ST00001" HPOS="326" VPOS="118" WIDTH="82" HEIGHT="22" CONTENT="LOVE" WC="0.55" CC="5163"/>
						<SP ID="P319_SP00001" HPOS="408" VPOS="140" WIDTH="27"/>
						<String ID="P319_ST00002" HPOS="435" VPOS="119" WIDTH="121" HEIGHT="22" CONTENT="STRONG" WC="0.66" CC="507007"/>
						<SP ID="P319_SP00002" HPOS="556" VPOS="141" WIDTH="23"/>
						<String ID="P319_ST00003" HPOS="579" VPOS="121" WIDTH="36" HEIGHT="20" CONTENT="IN" WC="1.00" CC="00"/>
						<SP ID="P319_SP00003" HPOS="615" VPOS="141" WIDTH="22"/>
						<String ID="P319_ST00004" HPOS="637" VPOS="122" WIDTH="115" HEIGHT="21" CONTENT="DEATH." WC="0.73" CC="710070"/>
					</TextLine>
				</TextBlock>
				<TextBlock ID="P319_TB00002" HPOS="902" VPOS="118" WIDTH="53" HEIGHT="25" STYLEREFS="TXT_1 PAR_RIGHT">
					<TextLine ID="P319_TL00002" HPOS="902" VPOS="118" WIDTH="53" HEIGHT="25">
						<String ID="P319_ST00005" HPOS="902" VPOS="118" WIDTH="53" HEIGHT="25" CONTENT="309" WC="1.00" CC="000"/>
					</TextLine>
				</TextBlock>
			</TopMargin>
			<LeftMargin ID="P319_LM00001" HPOS="0" VPOS="145" WIDTH="135" HEIGHT="1446"/>
			<RightMargin ID="P319_RM00001" HPOS="964" VPOS="145" WIDTH="167" HEIGHT="1446"/>
			<BottomMargin ID="P319_BM00001" HPOS="0" VPOS="1591" WIDTH="1131" HEIGHT="155"/>
			<PrintSpace ID="P319_PS00001" HPOS="135" VPOS="145" WIDTH="829" HEIGHT="1446">
				<TextBlock ID="P319_TB00003" HPOS="137" VPOS="189" WIDTH="820" HEIGHT="218" STYLEREFS="TXT_0 PAR_LEFT">
					<TextLine ID="P319_TL00003" HPOS="181" VPOS="191" WIDTH="776" HEIGHT="50">
						<String ID="P319_ST00006" HPOS="181" VPOS="191" WIDTH="65" HEIGHT="33" CONTENT="The" WC="0.75" CC="070"/>
						<SP ID="P319_SP00004" HPOS="246" VPOS="224" WIDTH="34"/>
						<String ID="P319_ST00007" HPOS="280" VPOS="201" WIDTH="179" HEIGHT="26" CONTENT="movement" WC="0.78" CC="02000076"/>
						<SP ID="P319_SP00005" HPOS="459" VPOS="227" WIDTH="37"/>
						<String ID="P319_ST00008" HPOS="496" VPOS="208" WIDTH="62" HEIGHT="20" CONTENT="was" WC="1.00" CC="000"/>
						<SP ID="P319_SP00006" HPOS="558" VPOS="228" WIDTH="34"/>
						<String ID="P319_ST00009" HPOS="592" VPOS="200" WIDTH="218" HEIGHT="40" CONTENT="accompanied" WC="0.93" CC="01000006000"/>
						<SP ID="P319_SP00007" HPOS="810" VPOS="240" WIDTH="36"/>
						<String ID="P319_ST00010" HPOS="846" VPOS="200" WIDTH="42" HEIGHT="41" CONTENT="by" WC="0.70" CC="60"/>
						<SP ID="P319_SP00008" HPOS="888" VPOS="241" WIDTH="30"/>
						<String ID="P319_ST00011" HPOS="918" VPOS="212" WIDTH="39" HEIGHT="18" CONTENT="an" WC="0.63" CC="07"/>
					</TextLine>
					<TextLine ID="P319_TL00004" HPOS="138" VPOS="252" WIDTH="819" HEIGHT="51">
						<String ID="P319_ST00012" HPOS="138" VPOS="252" WIDTH="64" HEIGHT="32" CONTENT="odd" WC="0.88" CC="300"/>
						<SP ID="P319_SP00009" HPOS="202" VPOS="284" WIDTH="37"/>
						<String ID="P319_ST00013" HPOS="239" VPOS="257" WIDTH="146" HEIGHT="43" CONTENT="cracking" WC="0.64" CC="05004269"/>
						<SP ID="P319_SP00010" HPOS="385" VPOS="300" WIDTH="38"/>
						<String ID="P319_ST00014" HPOS="423" VPOS="261" WIDTH="107" HEIGHT="30" CONTENT="sound." WC="0.63" CC="446600"/>
						<SP ID="P319_SP00011" HPOS="530" VPOS="300" WIDTH="62"/>
						<String ID="P319_ST00015" HPOS="592" VPOS="261" WIDTH="85" HEIGHT="41" CONTENT="Very" WC="0.68" CC="7050"/>
						<SP ID="P319_SP00012" HPOS="677" VPOS="302" WIDTH="33"/>
						<String ID="P319_ST00016" HPOS="710" VPOS="261" WIDTH="101" HEIGHT="42" CONTENT="slight." WC="0.77" CC="1000760"/>
						<SP ID="P319_SP00013" HPOS="811" VPOS="303" WIDTH="62"/>
						<String ID="P319_ST00017" HPOS="873" VPOS="262" WIDTH="84" HEIGHT="30" CONTENT="Then" WC="0.64" CC="0706"/>
					</TextLine>
					<TextLine ID="P319_TL00005" HPOS="137" VPOS="314" WIDTH="820" HEIGHT="50">
						<String ID="P319_ST00018" HPOS="137" VPOS="314" WIDTH="55" HEIGHT="31" CONTENT="the" WC="0.69" CC="170"/>
						<SP ID="P319_SP00014" HPOS="192" VPOS="345" WIDTH="22"/>
						<String ID="P319_ST00019" HPOS="214" VPOS="315" WIDTH="62" HEIGHT="32" CONTENT="bell" WC="0.75" CC="7010"/>
						<SP ID="P319_SP00015" HPOS="276" VPOS="347" WIDTH="22"/>
						<String ID="P319_ST00020" HPOS="298" VPOS="329" WIDTH="78" HEIGHT="32" CONTENT="rang" WC="0.72" CC="4060"/>
						<SP ID="P319_SP00016" HPOS="376" VPOS="361" WIDTH="21"/>
						<String ID="P319_ST00021" HPOS="397" VPOS="319" WIDTH="48" HEIGHT="32" CONTENT="for" WC="1.00" CC="000"/>
						<SP ID="P319_SP00017" HPOS="445" VPOS="361" WIDTH="15"/>
						<String ID="P319_ST00022" HPOS="460" VPOS="322" WIDTH="132" HEIGHT="42" CONTENT="starting" WC="0.64" CC="57022072"/>
						<SP ID="P319_SP00018" HPOS="592" VPOS="364" WIDTH="16"/>
						<String ID="P319_ST00023" HPOS="608" VPOS="334" WIDTH="5" HEIGHT="19" CONTENT=":" WC="0.99" CC="0"/>
						<String ID="P319_ST00024" HPOS="614" VPOS="340" WIDTH="42" HEIGHT="4" CONTENT="—" WC="0.20" CC="8"/>
						<String ID="P319_ST00025" HPOS="657" VPOS="322" WIDTH="76" HEIGHT="31" CONTENT="then" WC="0.50" CC="5707"/>
						<SP ID="P319_SP00019" HPOS="733" VPOS="364" WIDTH="14"/>
						<String ID="P319_ST00026" HPOS="747" VPOS="323" WIDTH="5" HEIGHT="30" CONTENT="!" WC="1.00" CC="0"/>
						<String ID="P319_ST00027" HPOS="755" VPOS="341" WIDTH="40" HEIGHT="3" CONTENT="—" WC="0.20" CC="8"/>
						<String ID="P319_ST00028" HPOS="797" VPOS="323" WIDTH="85" HEIGHT="30" CONTENT="what" WC="0.65" CC="0706"/>
						<SP ID="P319_SP00020" HPOS="882" VPOS="364" WIDTH="14"/>
						<String ID="P319_ST00029" HPOS="896" VPOS="334" WIDTH="61" HEIGHT="19" CONTENT="was" WC="0.91" CC="002"/>
					</TextLine>
					<TextLine ID="P319_TL00006" HPOS="137" VPOS="375" WIDTH="98" HEIGHT="32">
						<String ID="P319_ST00030" HPOS="137" VPOS="375" WIDTH="98" HEIGHT="32" CONTENT="that?" WC="0.61" CC="47034"/>
					</TextLine>
				</TextBlock>
				<TextBlock ID="P319_TB00004" HPOS="135" VPOS="436" WIDTH="824" HEIGHT="289" STYLEREFS="TXT_0 PAR_LEFT">
					<TextLine ID="P319_TL00007" HPOS="182" VPOS="437" WIDTH="777" HEIGHT="46">
						<String ID="P319_ST00031" HPOS="182" VPOS="437" WIDTH="75" HEIGHT="32" CONTENT="Was" WC="0.83" CC="005"/>
						<SP ID="P319_SP00021" HPOS="257" VPOS="469" WIDTH="26"/>
						<String ID="P319_ST00032" HPOS="283" VPOS="440" WIDTH="25" HEIGHT="30" CONTENT="it" WC="0.60" CC="07"/>
						<SP ID="P319_SP00022" HPOS="308" VPOS="470" WIDTH="28"/>
						<String ID="P319_ST00033" HPOS="336" VPOS="452" WIDTH="17" HEIGHT="20" CONTENT="a" WC="1.00" CC="0"/>
						<SP ID="P319_SP00023" HPOS="353" VPOS="472" WIDTH="24"/>
						<String ID="P319_ST00034" HPOS="377" VPOS="453" WIDTH="54" HEIGHT="30" CONTENT="cry" WC="0.79" CC="060"/>
						<SP ID="P319_SP00024" HPOS="431" VPOS="483" WIDTH="14"/>
						<String ID="P319_ST00035" HPOS="445" VPOS="444" WIDTH="11" HEIGHT="29" CONTENT="?" WC="1.00" CC="0"/>
						<SP ID="P319_SP00025" HPOS="456" VPOS="483" WIDTH="23"/>
						<String ID="P319_ST00036" HPOS="479" VPOS="455" WIDTH="17" HEIGHT="18" CONTENT="a" WC="1.00" CC="0"/>
						<SP ID="P319_SP00026" HPOS="496" VPOS="483" WIDTH="26"/>
						<String ID="P319_ST00037" HPOS="522" VPOS="455" WIDTH="68" HEIGHT="19" CONTENT="roar" WC="0.59" CC="2237"/>
						<SP ID="P319_SP00027" HPOS="590" VPOS="483" WIDTH="11"/>
						<String ID="P319_ST00038" HPOS="601" VPOS="445" WIDTH="10" HEIGHT="29" CONTENT="?" WC="1.00" CC="0"/>
						<SP ID="P319_SP00028" HPOS="611" VPOS="483" WIDTH="24"/>
						<String ID="P319_ST00039" HPOS="635" VPOS="456" WIDTH="18" HEIGHT="19" CONTENT="a" WC="1.00" CC="0"/>
						<SP ID="P319_SP00029" HPOS="653" VPOS="483" WIDTH="23"/>
						<String ID="P319_ST00040" HPOS="676" VPOS="445" WIDTH="85" HEIGHT="30" CONTENT="crash" WC="0.71" CC="03037"/>
						<SP ID="P319_SP00030" HPOS="761" VPOS="483" WIDTH="15"/>
						<String ID="P319_ST00041" HPOS="776" VPOS="445" WIDTH="11" HEIGHT="30" CONTENT="?" WC="1.00" CC="0"/>
						<SP ID="P319_SP00031" HPOS="787" VPOS="483" WIDTH="23"/>
						<String ID="P319_ST00042" HPOS="810" VPOS="445" WIDTH="39" HEIGHT="30" CONTENT="all" WC="0.96" CC="100"/>
						<SP ID="P319_SP00032" HPOS="849" VPOS="483" WIDTH="22"/>
						<String ID="P319_ST00043" HPOS="871" VPOS="445" WIDTH="70" HEIGHT="30" CONTENT="that" WC="0.59" CC="6702"/>
						<String ID="P319_ST00044" HPOS="952" VPOS="457" WIDTH="7" HEIGHT="25" CONTENT=";" WC="1.00" CC="0"/>
					</TextLine>
					<TextLine ID="P319_TL00008" HPOS="136" VPOS="501" WIDTH="823" HEIGHT="43">
						<String ID="P319_ST00045" HPOS="136" VPOS="504" WIDTH="56" HEIGHT="36" CONTENT="yet" WC="0.78" CC="006"/>
						<SP ID="P319_SP00033" HPOS="192" VPOS="540" WIDTH="25"/>
						<String ID="P319_ST00046" HPOS="217" VPOS="501" WIDTH="133" HEIGHT="43" CONTENT="nothing" WC="0.46" CC="7317179"/>
						<SP ID="P319_SP00034" HPOS="350" VPOS="544" WIDTH="22"/>
						<String ID="P319_ST00047" HPOS="372" VPOS="504" WIDTH="34" HEIGHT="29" CONTENT="0f" WC="0.82" CC="30"/>
						<SP ID="P319_SP00035" HPOS="406" VPOS="544" WIDTH="18"/>
						<String ID="P319_ST00048" HPOS="424" VPOS="504" WIDTH="69" HEIGHT="31" CONTENT="that" WC="0.50" CC="5706"/>
						<String ID="P319_ST00049" HPOS="494" VPOS="523" WIDTH="43" HEIGHT="3" CONTENT="—" WC="0.20" CC="8"/>
						<String ID="P319_ST00050" HPOS="538" VPOS="505" WIDTH="86" HEIGHT="31" CONTENT="other" WC="0.66" CC="05703"/>
						<SP ID="P319_SP00036" HPOS="624" VPOS="544" WIDTH="21"/>
						<String ID="P319_ST00051" HPOS="645" VPOS="505" WIDTH="77" HEIGHT="32" CONTENT="than" WC="0.46" CC="6707"/>
						<SP ID="P319_SP00037" HPOS="722" VPOS="544" WIDTH="22"/>
						<String ID="P319_ST00052" HPOS="744" VPOS="506" WIDTH="69" HEIGHT="31" CONTENT="that" WC="0.54" CC="4706"/>
						<SP ID="P319_SP00038" HPOS="813" VPOS="544" WIDTH="15"/>
						<String ID="P319_ST00053" HPOS="828" VPOS="519" WIDTH="5" HEIGHT="18" CONTENT=":" WC="1.00" CC="0"/>
						<SP ID="P319_SP00039" HPOS="833" VPOS="544" WIDTH="24"/>
						<String ID="P319_ST00054" HPOS="857" VPOS="518" WIDTH="18" HEIGHT="19" CONTENT="a" WC="1.00" CC="0"/>
						<SP ID="P319_SP00040" HPOS="875" VPOS="544" WIDTH="20"/>
						<String ID="P319_ST00055" HPOS="895" VPOS="506" WIDTH="64" HEIGHT="31" CONTENT="dim" WC="0.89" CC="030"/>
					</TextLine>
					<TextLine ID="P319_TL00009" HPOS="140" VPOS="563" WIDTH="819" HEIGHT="45">
						<String ID="P319_ST00056" HPOS="140" VPOS="572" WIDTH="87" HEIGHT="20" CONTENT="sense" WC="0.67" CC="40740"/>
						<SP ID="P319_SP00041" HPOS="227" VPOS="592" WIDTH="16"/>
						<String ID="P319_ST00057" HPOS="243" VPOS="563" WIDTH="35" HEIGHT="30" CONTENT="of" WC="0.84" CC="03"/>
						<SP ID="P319_SP00042" HPOS="278" VPOS="593" WIDTH="19"/>
						<String ID="P319_ST00058" HPOS="297" VPOS="565" WIDTH="176" HEIGHT="42" CONTENT="something" WC="0.70" CC="100087260"/>
						<SP ID="P319_SP00043" HPOS="473" VPOS="607" WIDTH="22"/>
						<String ID="P319_ST00059" HPOS="495" VPOS="566" WIDTH="131" HEIGHT="31" CONTENT="horrible" WC="0.63" CC="70650720"/>
						<String ID="P319_ST00060" HPOS="637" VPOS="578" WIDTH="7" HEIGHT="25" CONTENT=";" WC="1.00" CC="0"/>
						<SP ID="P319_SP00044" HPOS="644" VPOS="607" WIDTH="24"/>
						<String ID="P319_ST00061" HPOS="668" VPOS="578" WIDTH="18" HEIGHT="19" CONTENT="a" WC="1.00" CC="0"/>
						<SP ID="P319_SP00045" HPOS="686" VPOS="607" WIDTH="14"/>
						<String ID="P319_ST00062" HPOS="700" VPOS="567" WIDTH="108" HEIGHT="37" CONTENT="Aision," WC="0.79" CC="0030073"/>
						<SP ID="P319_SP00046" HPOS="808" VPOS="607" WIDTH="17"/>
						<String ID="P319_ST00063" HPOS="825" VPOS="578" WIDTH="18" HEIGHT="19" CONTENT="a" WC="1.00" CC="0"/>
						<SP ID="P319_SP00047" HPOS="843" VPOS="607" WIDTH="14"/>
						<String ID="P319_ST00064" HPOS="857" VPOS="567" WIDTH="102" HEIGHT="41" CONTENT="night" SUBS_TYPE="HypPart1" SUBS_CONTENT="nightmare," WC="0.54" CC="780740"/>
						<HYP CONTENT="-"/>
					</TextLine>
					<TextLine ID="P319_TL00010" HPOS="139" VPOS="627" WIDTH="820" HEIGHT="42">
						<String ID="P319_ST00065" HPOS="139" VPOS="634" WIDTH="93" HEIGHT="26" CONTENT="mare," SUBS_TYPE="HypPart2" SUBS_CONTENT="nightmare," WC="0.83" CC="00403"/>
						<SP ID="P319_SP00048" HPOS="232" VPOS="660" WIDTH="29"/>
						<String ID="P319_ST00066" HPOS="261" VPOS="635" WIDTH="18" HEIGHT="19" CONTENT="a" WC="1.00" CC="0"/>
						<SP ID="P319_SP00049" HPOS="279" VPOS="660" WIDTH="26"/>
						<String ID="P319_ST00067" HPOS="305" VPOS="627" WIDTH="181" HEIGHT="30" CONTENT="convulsion" WC="0.69" CC="0076700007"/>
						<SP ID="P319_SP00050" HPOS="486" VPOS="660" WIDTH="14"/>
						<String ID="P319_ST00068" HPOS="500" VPOS="638" WIDTH="7" HEIGHT="25" CONTENT=";" WC="0.55" CC="4"/>
						<SP ID="P319_SP00051" HPOS="507" VPOS="663" WIDTH="23"/>
						<String ID="P319_ST00069" HPOS="530" VPOS="627" WIDTH="141" HEIGHT="42" CONTENT="perhaps," WC="0.68" CC="00270913"/>
						<SP ID="P319_SP00052" HPOS="671" VPOS="669" WIDTH="17"/>
						<String ID="P319_ST00070" HPOS="688" VPOS="628" WIDTH="69" HEIGHT="31" CONTENT="who" WC="0.68" CC="072"/>
						<SP ID="P319_SP00053" HPOS="757" VPOS="669" WIDTH="23"/>
						<String ID="P319_ST00071" HPOS="780" VPOS="628" WIDTH="115" HEIGHT="37" CONTENT="knows," WC="0.53" CC="073924"/>
						<SP ID="P319_SP00054" HPOS="895" VPOS="669" WIDTH="26"/>
						<String ID="P319_ST00072" HPOS="921" VPOS="639" WIDTH="38" HEIGHT="20" CONTENT="an" WC="0.63" CC="07"/>
					</TextLine>
					<TextLine ID="P319_TL00011" HPOS="140" VPOS="685" WIDTH="215" HEIGHT="40">
						<String ID="P319_ST00073" HPOS="140" VPOS="685" WIDTH="190" HEIGHT="40" CONTENT="earthquake" WC="0.86" CC="0000705000"/>
						<SP ID="P319_SP00055" HPOS="330" VPOS="725" WIDTH="15"/>
						<String ID="P319_ST00074" HPOS="345" VPOS="688" WIDTH="10" HEIGHT="29" CONTENT="?" WC="0.01" CC="9"/>
					</TextLine>
				</TextBlock>
				<TextBlock ID="P319_TB00005" HPOS="141" VPOS="745" WIDTH="822" HEIGHT="527" STYLEREFS="TXT_0 PAR_LEFT">
					<TextLine ID="P319_TL00012" HPOS="184" VPOS="746" WIDTH="776" HEIGHT="43">
						<String ID="P319_ST00075" HPOS="184" VPOS="746" WIDTH="97" HEIGHT="31" CONTENT="There" WC="0.66" CC="47040"/>
						<SP ID="P319_SP00056" HPOS="281" VPOS="777" WIDTH="27"/>
						<String ID="P319_ST00076" HPOS="308" VPOS="759" WIDTH="64" HEIGHT="19" CONTENT="Avas" WC="0.75" CC="0702"/>
						<SP ID="P319_SP00057" HPOS="372" VPOS="778" WIDTH="30"/>
						<String ID="P319_ST00077" HPOS="402" VPOS="759" WIDTH="18" HEIGHT="20" CONTENT="a" WC="1.00" CC="0"/>
						<SP ID="P319_SP00058" HPOS="420" VPOS="779" WIDTH="23"/>
						<String ID="P319_ST00078" HPOS="443" VPOS="748" WIDTH="58" HEIGHT="41" CONTENT="jar," WC="0.75" CC="0063"/>
						<SP ID="P319_SP00059" HPOS="501" VPOS="789" WIDTH="29"/>
						<String ID="P319_ST00079" HPOS="530" VPOS="760" WIDTH="18" HEIGHT="20" CONTENT="a" WC="1.00" CC="0"/>
						<SP ID="P319_SP00060" HPOS="548" VPOS="789" WIDTH="25"/>
						<String ID="P319_ST00080" HPOS="573" VPOS="749" WIDTH="133" HEIGHT="38" CONTENT="Avrench," WC="0.61" CC="09306073"/>
						<SP ID="P319_SP00061" HPOS="706" VPOS="789" WIDTH="27"/>
						<String ID="P319_ST00081" HPOS="733" VPOS="761" WIDTH="18" HEIGHT="19" CONTENT="a" WC="1.00" CC="0"/>
						<SP ID="P319_SP00062" HPOS="751" VPOS="789" WIDTH="26"/>
						<String ID="P319_ST00082" HPOS="777" VPOS="749" WIDTH="102" HEIGHT="38" CONTENT="break," WC="0.72" CC="760002"/>
						<SP ID="P319_SP00063" HPOS="879" VPOS="789" WIDTH="20"/>
						<String ID="P319_ST00083" HPOS="899" VPOS="750" WIDTH="61" HEIGHT="30" CONTENT="and" WC="0.76" CC="070"/>
					</TextLine>
					<TextLine ID="P319_TL00013" HPOS="142" VPOS="807" WIDTH="819" HEIGHT="45">
						<String ID="P319_ST00084" HPOS="142" VPOS="807" WIDTH="169" HEIGHT="42" CONTENT="crackings," WC="0.67" CC="0300046844"/>
						<SP ID="P319_SP00064" HPOS="311" VPOS="849" WIDTH="17"/>
						<String ID="P319_ST00085" HPOS="328" VPOS="809" WIDTH="63" HEIGHT="30" CONTENT="and" WC="0.79" CC="060"/>
						<SP ID="P319_SP00065" HPOS="391" VPOS="849" WIDTH="22"/>
						<String ID="P319_ST00086" HPOS="413" VPOS="809" WIDTH="172" HEIGHT="42" CONTENT="upliftings," WC="0.61" CC="69100006664"/>
						<SP ID="P319_SP00066" HPOS="585" VPOS="851" WIDTH="18"/>
						<String ID="P319_ST00087" HPOS="603" VPOS="809" WIDTH="62" HEIGHT="31" CONTENT="and" WC="0.78" CC="060"/>
						<SP ID="P319_SP00067" HPOS="665" VPOS="851" WIDTH="23"/>
						<String ID="P319_ST00088" HPOS="688" VPOS="810" WIDTH="165" HEIGHT="42" CONTENT="splittings," WC="0.69" CC="20603407053"/>
						<SP ID="P319_SP00068" HPOS="853" VPOS="852" WIDTH="18"/>
						<String ID="P319_ST00089" HPOS="871" VPOS="821" WIDTH="32" HEIGHT="20" CONTENT="as" WC="0.85" CC="02"/>
						<SP ID="P319_SP00069" HPOS="903" VPOS="852" WIDTH="25"/>
						<String ID="P319_ST00090" HPOS="928" VPOS="811" WIDTH="33" HEIGHT="30" CONTENT="in" WC="0.50" CC="26"/>
					</TextLine>
					<TextLine ID="P319_TL00014" HPOS="142" VPOS="869" WIDTH="820" HEIGHT="45">
						<String ID="P319_ST00091" HPOS="142" VPOS="880" WIDTH="18" HEIGHT="19" CONTENT="a" WC="1.00" CC="0"/>
						<SP ID="P319_SP00070" HPOS="160" VPOS="899" WIDTH="30"/>
						<String ID="P319_ST00092" HPOS="190" VPOS="869" WIDTH="195" HEIGHT="31" CONTENT="rock-struck" WC="0.76" CC="00003636400"/>
						<SP ID="P319_SP00071" HPOS="385" VPOS="900" WIDTH="30"/>
						<String ID="P319_ST00093" HPOS="415" VPOS="870" WIDTH="69" HEIGHT="41" CONTENT="ship" WC="0.64" CC="6700"/>
						<String ID="P319_ST00094" HPOS="496" VPOS="883" WIDTH="6" HEIGHT="25" CONTENT=";" WC="0.55" CC="4"/>
						<SP ID="P319_SP00072" HPOS="502" VPOS="911" WIDTH="36"/>
						<String ID="P319_ST00095" HPOS="538" VPOS="882" WIDTH="17" HEIGHT="19" CONTENT="a" WC="1.00" CC="0"/>
						<SP ID="P319_SP00073" HPOS="555" VPOS="911" WIDTH="26"/>
						<String ID="P319_ST00096" HPOS="581" VPOS="871" WIDTH="75" HEIGHT="31" CONTENT="wild" WC="0.89" CC="0400"/>
						<SP ID="P319_SP00074" HPOS="656" VPOS="911" WIDTH="30"/>
						<String ID="P319_ST00097" HPOS="686" VPOS="871" WIDTH="53" HEIGHT="31" CONTENT="din" WC="0.59" CC="047"/>
						<SP ID="P319_SP00075" HPOS="739" VPOS="911" WIDTH="27"/>
						<String ID="P319_ST00098" HPOS="766" VPOS="872" WIDTH="33" HEIGHT="30" CONTENT="of" WC="0.89" CC="02"/>
						<SP ID="P319_SP00076" HPOS="799" VPOS="911" WIDTH="26"/>
						<String ID="P319_ST00099" HPOS="825" VPOS="872" WIDTH="137" HEIGHT="42" CONTENT="mingled" WC="0.81" CC="0080400"/>
					</TextLine>
					<TextLine ID="P319_TL00015" HPOS="142" VPOS="931" WIDTH="821" HEIGHT="43">
						<String ID="P319_ST00100" HPOS="142" VPOS="931" WIDTH="102" HEIGHT="30" CONTENT="voices" WC="0.70" CC="713005"/>
						<SP ID="P319_SP00077" HPOS="244" VPOS="961" WIDTH="13"/>
						<String ID="P319_ST00101" HPOS="257" VPOS="942" WIDTH="7" HEIGHT="25" CONTENT=";" WC="1.00" CC="0"/>
						<SP ID="P319_SP00078" HPOS="264" VPOS="967" WIDTH="25"/>
						<String ID="P319_ST00102" HPOS="289" VPOS="942" WIDTH="18" HEIGHT="19" CONTENT="a" WC="1.00" CC="0"/>
						<SP ID="P319_SP00079" HPOS="307" VPOS="967" WIDTH="14"/>
						<String ID="P319_ST00103" HPOS="321" VPOS="931" WIDTH="75" HEIGHT="31" CONTENT="wfld" WC="0.61" CC="0770"/>
						<SP ID="P319_SP00080" HPOS="396" VPOS="967" WIDTH="12"/>
						<String ID="P319_ST00104" HPOS="408" VPOS="931" WIDTH="93" HEIGHT="42" CONTENT="jostle" WC="0.89" CC="000600"/>
						<SP ID="P319_SP00081" HPOS="501" VPOS="973" WIDTH="16"/>
						<String ID="P319_ST00105" HPOS="517" VPOS="932" WIDTH="33" HEIGHT="30" CONTENT="of" WC="1.00" CC="00"/>
						<SP ID="P319_SP00082" HPOS="550" VPOS="973" WIDTH="17"/>
						<String ID="P319_ST00106" HPOS="567" VPOS="932" WIDTH="116" HEIGHT="31" CONTENT="human" WC="0.57" CC="76007"/>
						<SP ID="P319_SP00083" HPOS="683" VPOS="973" WIDTH="15"/>
						<String ID="P319_ST00107" HPOS="698" VPOS="932" WIDTH="104" HEIGHT="31" CONTENT="bodies" WC="0.82" CC="700003"/>
						<SP ID="P319_SP00084" HPOS="802" VPOS="973" WIDTH="19"/>
						<String ID="P319_ST00108" HPOS="821" VPOS="933" WIDTH="142" HEIGHT="41" CONTENT="jumbled" WC="0.78" CC="0807000"/>
					</TextLine>
					<TextLine ID="P319_TL00016" HPOS="142" VPOS="991" WIDTH="820" HEIGHT="44">
						<String ID="P319_ST00109" HPOS="142" VPOS="991" WIDTH="143" HEIGHT="43" CONTENT="together" WC="0.60" CC="02806706"/>
						<SP ID="P319_SP00085" HPOS="285" VPOS="1034" WIDTH="23"/>
						<String ID="P319_ST00110" HPOS="308" VPOS="992" WIDTH="34" HEIGHT="30" CONTENT="in" WC="0.47" CC="46"/>
						<SP ID="P319_SP00086" HPOS="342" VPOS="1034" WIDTH="27"/>
						<String ID="P319_ST00111" HPOS="369" VPOS="992" WIDTH="94" HEIGHT="42" CONTENT="heaps" WC="0.74" CC="70005"/>
						<String ID="P319_ST00112" HPOS="474" VPOS="1005" WIDTH="8" HEIGHT="25" CONTENT=";" WC="1.00" CC="0"/>
						<SP ID="P319_SP00087" HPOS="482" VPOS="1034" WIDTH="33"/>
						<String ID="P319_ST00113" HPOS="515" VPOS="1004" WIDTH="18" HEIGHT="20" CONTENT="a" WC="1.00" CC="0"/>
						<SP ID="P319_SP00088" HPOS="533" VPOS="1034" WIDTH="25"/>
						<String ID="P319_ST00114" HPOS="558" VPOS="998" WIDTH="165" HEIGHT="36" CONTENT="pavement" WC="0.76" CC="00500067"/>
						<SP ID="P319_SP00089" HPOS="723" VPOS="1034" WIDTH="25"/>
						<String ID="P319_ST00115" HPOS="748" VPOS="993" WIDTH="33" HEIGHT="31" CONTENT="of" WC="0.95" CC="00"/>
						<SP ID="P319_SP00090" HPOS="781" VPOS="1034" WIDTH="26"/>
						<String ID="P319_ST00116" HPOS="807" VPOS="993" WIDTH="155" HEIGHT="42" CONTENT="upturned" WC="0.60" CC="70745700"/>
					</TextLine>
					<TextLine ID="P319_TL00017" HPOS="143" VPOS="1053" WIDTH="820" HEIGHT="43">
						<String ID="P319_ST00117" HPOS="143" VPOS="1054" WIDTH="91" HEIGHT="37" CONTENT="faces," WC="0.86" CC="000024"/>
						<SP ID="P319_SP00091" HPOS="234" VPOS="1091" WIDTH="29"/>
						<String ID="P319_ST00118" HPOS="263" VPOS="1053" WIDTH="125" HEIGHT="43" CONTENT="ghastly" WC="0.66" CC="1701660"/>
						<SP ID="P319_SP00092" HPOS="388" VPOS="1096" WIDTH="22"/>
						<String ID="P319_ST00119" HPOS="410" VPOS="1053" WIDTH="77" HEIGHT="31" CONTENT="with" WC="0.30" CC="9557"/>
						<SP ID="P319_SP00093" HPOS="487" VPOS="1096" WIDTH="28"/>
						<String ID="P319_ST00120" HPOS="515" VPOS="1053" WIDTH="94" HEIGHT="31" CONTENT="dread" WC="0.90" CC="04000"/>
						<String ID="P319_ST00121" HPOS="620" VPOS="1067" WIDTH="8" HEIGHT="24" CONTENT=";" WC="1.00" CC="0"/>
						<SP ID="P319_SP00094" HPOS="628" VPOS="1096" WIDTH="34"/>
						<String ID="P319_ST00122" HPOS="662" VPOS="1065" WIDTH="18" HEIGHT="20" CONTENT="a" WC="1.00" CC="0"/>
						<SP ID="P319_SP00095" HPOS="680" VPOS="1096" WIDTH="21"/>
						<String ID="P319_ST00123" HPOS="701" VPOS="1054" WIDTH="98" HEIGHT="42" CONTENT="giddy" WC="0.68" CC="86000"/>
						<SP ID="P319_SP00096" HPOS="799" VPOS="1096" WIDTH="15"/>
						<String ID="P319_ST00124" HPOS="814" VPOS="1054" WIDTH="96" HEIGHT="37" CONTENT="whirl," WC="0.52" CC="980504"/>
						<SP ID="P319_SP00097" HPOS="910" VPOS="1096" WIDTH="21"/>
						<String ID="P319_ST00125" HPOS="931" VPOS="1065" WIDTH="32" HEIGHT="20" CONTENT="as" WC="0.99" CC="00"/>
					</TextLine>
					<TextLine ID="P319_TL00018" HPOS="145" VPOS="1119" WIDTH="816" HEIGHT="37">
						<String ID="P319_ST00126" HPOS="145" VPOS="1119" WIDTH="34" HEIGHT="32" CONTENT="of" WC="0.72" CC="50"/>
						<SP ID="P319_SP00098" HPOS="179" VPOS="1151" WIDTH="16"/>
						<String ID="P319_ST00127" HPOS="195" VPOS="1119" WIDTH="54" HEIGHT="31" CONTENT="the" WC="0.59" CC="470"/>
						<SP ID="P319_SP00099" HPOS="249" VPOS="1151" WIDTH="22"/>
						<String ID="P319_ST00128" HPOS="271" VPOS="1119" WIDTH="56" HEIGHT="31" CONTENT="fall" WC="0.76" CC="5021"/>
						<SP ID="P319_SP00100" HPOS="327" VPOS="1151" WIDTH="17"/>
						<String ID="P319_ST00129" HPOS="344" VPOS="1119" WIDTH="80" HEIGHT="30" CONTENT="from" WC="0.69" CC="4440"/>
						<SP ID="P319_SP00101" HPOS="424" VPOS="1151" WIDTH="23"/>
						<String ID="P319_ST00130" HPOS="447" VPOS="1130" WIDTH="18" HEIGHT="19" CONTENT="a" WC="1.00" CC="0"/>
						<SP ID="P319_SP00102" HPOS="465" VPOS="1151" WIDTH="21"/>
						<String ID="P319_ST00131" HPOS="486" VPOS="1119" WIDTH="124" HEIGHT="31" CONTENT="balloon" WC="0.70" CC="7006007"/>
						<String ID="P319_ST00132" HPOS="610" VPOS="1138" WIDTH="42" HEIGHT="2" CONTENT="—" WC="0.20" CC="8"/>
						<String ID="P319_ST00133" HPOS="654" VPOS="1119" WIDTH="117" HEIGHT="31" CONTENT="chaotic" WC="0.73" CC="0700640"/>
						<SP ID="P319_SP00103" HPOS="771" VPOS="1151" WIDTH="24"/>
						<String ID="P319_ST00134" HPOS="795" VPOS="1119" WIDTH="166" HEIGHT="37" CONTENT="confusion," WC="0.64" CC="0076730063"/>
					</TextLine>
					<TextLine ID="P319_TL00019" HPOS="146" VPOS="1180" WIDTH="817" HEIGHT="32">
						<String ID="P319_ST00135" HPOS="146" VPOS="1193" WIDTH="32" HEIGHT="19" CONTENT="so" WC="0.51" CC="63"/>
						<SP ID="P319_SP00104" HPOS="178" VPOS="1212" WIDTH="31"/>
						<String ID="P319_ST00136" HPOS="209" VPOS="1181" WIDTH="69" HEIGHT="31" CONTENT="that" WC="0.54" CC="6703"/>
						<SP ID="P319_SP00105" HPOS="278" VPOS="1212" WIDTH="30"/>
						<String ID="P319_ST00137" HPOS="308" VPOS="1192" WIDTH="72" HEIGHT="19" CONTENT="men" WC="0.74" CC="016"/>
						<SP ID="P319_SP00106" HPOS="380" VPOS="1212" WIDTH="29"/>
						<String ID="P319_ST00138" HPOS="409" VPOS="1180" WIDTH="91" HEIGHT="31" CONTENT="knew" WC="0.57" CC="0709"/>
						<SP ID="P319_SP00107" HPOS="500" VPOS="1212" WIDTH="29"/>
						<String ID="P319_ST00139" HPOS="529" VPOS="1185" WIDTH="55" HEIGHT="26" CONTENT="not" WC="0.50" CC="715"/>
						<SP ID="P319_SP00108" HPOS="584" VPOS="1212" WIDTH="27"/>
						<String ID="P319_ST00140" HPOS="611" VPOS="1180" WIDTH="136" HEIGHT="31" CONTENT="whether" WC="0.57" CC="9705700"/>
						<SP ID="P319_SP00109" HPOS="747" VPOS="1212" WIDTH="30"/>
						<String ID="P319_ST00141" HPOS="777" VPOS="1180" WIDTH="40" HEIGHT="31" CONTENT="all" WC="0.58" CC="334"/>
						<SP ID="P319_SP00110" HPOS="817" VPOS="1212" WIDTH="30"/>
						<String ID="P319_ST00142" HPOS="847" VPOS="1180" WIDTH="116" HEIGHT="31" CONTENT="around" WC="0.68" CC="050760"/>
					</TextLine>
					<TextLine ID="P319_TL00020" HPOS="145" VPOS="1240" WIDTH="818" HEIGHT="32">
						<String ID="P319_ST00143" HPOS="145" VPOS="1243" WIDTH="87" HEIGHT="29" CONTENT="them" WC="0.68" CC="5700"/>
						<SP ID="P319_SP00111" HPOS="232" VPOS="1272" WIDTH="24"/>
						<String ID="P319_ST00144" HPOS="256" VPOS="1241" WIDTH="111" HEIGHT="31" CONTENT="reeled," WC="0.96" CC="0000002"/>
						<SP ID="P319_SP00112" HPOS="367" VPOS="1272" WIDTH="22"/>
						<String ID="P319_ST00145" HPOS="389" VPOS="1252" WIDTH="33" HEIGHT="20" CONTENT="or" WC="0.59" CC="34"/>
						<SP ID="P319_SP00113" HPOS="422" VPOS="1272" WIDTH="21"/>
						<String ID="P319_ST00146" HPOS="443" VPOS="1240" WIDTH="138" HEIGHT="31" CONTENT="whether" WC="0.61" CC="0707703"/>
						<SP ID="P319_SP00114" HPOS="581" VPOS="1272" WIDTH="21"/>
						<String ID="P319_ST00147" HPOS="602" VPOS="1241" WIDTH="81" HEIGHT="30" CONTENT="their" WC="0.70" CC="77000"/>
						<SP ID="P319_SP00115" HPOS="683" VPOS="1272" WIDTH="22"/>
						<String ID="P319_ST00148" HPOS="705" VPOS="1252" WIDTH="68" HEIGHT="20" CONTENT="own" WC="0.76" CC="006"/>
						<SP ID="P319_SP00116" HPOS="773" VPOS="1272" WIDTH="22"/>
						<String ID="P319_ST00149" HPOS="795" VPOS="1241" WIDTH="88" HEIGHT="31" CONTENT="brain" WC="0.56" CC="72047"/>
						<SP ID="P319_SP00117" HPOS="883" VPOS="1272" WIDTH="19"/>
						<String ID="P319_ST00150" HPOS="902" VPOS="1252" WIDTH="61" HEIGHT="19" CONTENT="was" WC="0.88" CC="003"/>
					</TextLine>
				</TextBlock>
				<TextBlock ID="P319_TB00006" HPOS="144" VPOS="1303" WIDTH="125" HEIGHT="41" STYLEREFS="TXT_0 PAR_LEFT">
					<TextLine ID="P319_TL00021" HPOS="145" VPOS="1305" WIDTH="124" HEIGHT="39">
						<String ID="P319_ST00151" HPOS="145" VPOS="1305" WIDTH="124" HEIGHT="39" CONTENT="reefing." WC="0.65" CC="40044760"/>
					</TextLine>
				</TextBlock>
				<TextBlock ID="P319_TB00007" HPOS="145" VPOS="1363" WIDTH="819" HEIGHT="228" STYLEREFS="TXT_0 PAR_LEFT">
					<TextLine ID="P319_TL00022" HPOS="190" VPOS="1363" WIDTH="774" HEIGHT="43">
						<String ID="P319_ST00152" HPOS="190" VPOS="1365" WIDTH="65" HEIGHT="31" CONTENT="The" WC="0.75" CC="070"/>
						<SP ID="P319_SP00118" HPOS="255" VPOS="1396" WIDTH="18"/>
						<String ID="P319_ST00153" HPOS="273" VPOS="1369" WIDTH="88" HEIGHT="37" CONTENT="great" WC="0.84" CC="00007"/>
						<SP ID="P319_SP00119" HPOS="361" VPOS="1406" WIDTH="24"/>
						<String ID="P319_ST00154" HPOS="385" VPOS="1364" WIDTH="92" HEIGHT="30" CONTENT="stand" WC="0.66" CC="27070"/>
						<SP ID="P319_SP00120" HPOS="477" VPOS="1406" WIDTH="22"/>
						<String ID="P319_ST00155" HPOS="499" VPOS="1363" WIDTH="63" HEIGHT="31" CONTENT="had" WC="0.75" CC="700"/>
						<SP ID="P319_SP00121" HPOS="562" VPOS="1406" WIDTH="21"/>
						<String ID="P319_ST00156" HPOS="583" VPOS="1364" WIDTH="93" HEIGHT="41" CONTENT="given" WC="0.62" CC="05606"/>
						<SP ID="P319_SP00122" HPOS="676" VPOS="1406" WIDTH="22"/>
						<String ID="P319_ST00157" HPOS="698" VPOS="1374" WIDTH="79" HEIGHT="31" CONTENT="way," WC="0.89" CC="0004"/>
						<SP ID="P319_SP00123" HPOS="777" VPOS="1406" WIDTH="25"/>
						<String ID="P319_ST00158" HPOS="802" VPOS="1363" WIDTH="61" HEIGHT="31" CONTENT="and" WC="0.75" CC="070"/>
						<SP ID="P319_SP00124" HPOS="863" VPOS="1406" WIDTH="21"/>
						<String ID="P319_ST00159" HPOS="884" VPOS="1374" WIDTH="80" HEIGHT="20" CONTENT="some" WC="0.86" CC="5000"/>
					</TextLine>
					<TextLine ID="P319_TL00023" HPOS="147" VPOS="1424" WIDTH="817" HEIGHT="42">
						<String ID="P319_ST00160" HPOS="147" VPOS="1433" WIDTH="63" HEIGHT="26" CONTENT="two" WC="0.51" CC="093"/>
						<SP ID="P319_SP00125" HPOS="210" VPOS="1459" WIDTH="13"/>
						<String ID="P319_ST00161" HPOS="223" VPOS="1439" WIDTH="35" HEIGHT="19" CONTENT="or" WC="0.66" CC="33"/>
						<SP ID="P319_SP00126" HPOS="258" VPOS="1459" WIDTH="11"/>
						<String ID="P319_ST00162" HPOS="269" VPOS="1427" WIDTH="86" HEIGHT="30" CONTENT="three" WC="0.56" CC="57701"/>
						<SP ID="P319_SP00127" HPOS="355" VPOS="1459" WIDTH="16"/>
						<String ID="P319_ST00163" HPOS="371" VPOS="1425" WIDTH="142" HEIGHT="30" CONTENT="hundred" WC="0.65" CC="7660400"/>
						<SP ID="P319_SP00128" HPOS="513" VPOS="1459" WIDTH="16"/>
						<String ID="P319_ST00164" HPOS="529" VPOS="1425" WIDTH="107" HEIGHT="41" CONTENT="people" WC="0.96" CC="000020"/>
						<SP ID="P319_SP00129" HPOS="636" VPOS="1466" WIDTH="13"/>
						<String ID="P319_ST00165" HPOS="649" VPOS="1435" WIDTH="79" HEIGHT="20" CONTENT="were" WC="0.84" CC="0060"/>
						<SP ID="P319_SP00130" HPOS="728" VPOS="1466" WIDTH="14"/>
						<String ID="P319_ST00166" HPOS="742" VPOS="1424" WIDTH="92" HEIGHT="42" CONTENT="being" WC="0.52" CC="70079"/>
						<SP ID="P319_SP00131" HPOS="834" VPOS="1466" WIDTH="15"/>
						<String ID="P319_ST00167" HPOS="849" VPOS="1424" WIDTH="115" HEIGHT="37" CONTENT="hurled," WC="0.72" CC="7700004"/>
					</TextLine>
					<TextLine ID="P319_TL00024" HPOS="148" VPOS="1486" WIDTH="816" HEIGHT="44">
						<String ID="P319_ST00168" HPOS="148" VPOS="1490" WIDTH="81" HEIGHT="31" CONTENT="from" WC="0.91" CC="0300"/>
						<SP ID="P319_SP00132" HPOS="229" VPOS="1521" WIDTH="18"/>
						<String ID="P319_ST00169" HPOS="247" VPOS="1500" WIDTH="19" HEIGHT="20" CONTENT="a" WC="1.00" CC="0"/>
						<SP ID="P319_SP00133" HPOS="266" VPOS="1521" WIDTH="20"/>
						<String ID="P319_ST00170" HPOS="286" VPOS="1488" WIDTH="109" HEIGHT="42" CONTENT="height" WC="0.67" CC="704070"/>
						<SP ID="P319_SP00134" HPOS="395" VPOS="1530" WIDTH="18"/>
						<String ID="P319_ST00171" HPOS="413" VPOS="1488" WIDTH="34" HEIGHT="30" CONTENT="of" WC="0.96" CC="00"/>
						<SP ID="P319_SP00135" HPOS="447" VPOS="1530" WIDTH="15"/>
						<String ID="P319_ST00172" HPOS="462" VPOS="1487" WIDTH="69" HEIGHT="31" CONTENT="four" WC="0.53" CC="0576"/>
						<SP ID="P319_SP00136" HPOS="531" VPOS="1530" WIDTH="27"/>
						<String ID="P319_ST00173" HPOS="558" VPOS="1499" WIDTH="33" HEIGHT="18" CONTENT="or" WC="0.91" CC="10"/>
						<SP ID="P319_SP00137" HPOS="591" VPOS="1530" WIDTH="18"/>
						<String ID="P319_ST00174" HPOS="609" VPOS="1486" WIDTH="269" HEIGHT="41" CONTENT="five-and-twenty" WC="0.83" CC="001000500600650"/>
						<SP ID="P319_SP00138" HPOS="878" VPOS="1530" WIDTH="18"/>
						<String ID="P319_ST00175" HPOS="896" VPOS="1486" WIDTH="68" HEIGHT="38" CONTENT="feet," WC="0.78" CC="00064"/>
					</TextLine>
					<TextLine ID="P319_TL00025" HPOS="147" VPOS="1549" WIDTH="246" HEIGHT="42">
						<String ID="P319_ST00176" HPOS="147" VPOS="1557" WIDTH="34" HEIGHT="26" CONTENT="to" WC="0.73" CC="50"/>
						<SP ID="P319_SP00139" HPOS="181" VPOS="1583" WIDTH="15"/>
						<String ID="P319_ST00177" HPOS="196" VPOS="1551" WIDTH="53" HEIGHT="31" CONTENT="the" WC="0.65" CC="270"/>
						<SP ID="P319_SP00140" HPOS="249" VPOS="1583" WIDTH="15"/>
						<String ID="P319_ST00178" HPOS="264" VPOS="1549" WIDTH="129" HEIGHT="42" CONTENT="ground." WC="0.68" CC="0606700"/>
					</TextLine>
				</TextBlock>
			</PrintSpace>
		</Page>
	</Layout>
</alto>
