<?xml version="1.0" encoding="UTF-8"?>
<alto xmlns:xsi="http://www.w3.org/2001/XMLSchema-instance" xsi:noNamespaceSchemaLocation="http://www.bl.uk/schemas/alto/alto-1-4.xsd" xmlns:xlink="http://www.w3.org/1999/xlink">
	<Description>
		<MeasurementUnit>mm10</MeasurementUnit>
		<sourceImageInformation>
			<fileName>//head1/IN/2007-46/A0010888503.2/009390.jp2</fileName>
		</sourceImageInformation>
		<OCRProcessing ID="OCRPROCESSING_1">
			<preProcessingStep>
				<processingSoftware>
					<softwareCreator>CCS Content Conversion Specialists GmbH, Germany</softwareCreator>
					<softwareName>CCS docWORKS</softwareName>
					<softwareVersion>6.1-0.61</softwareVersion>
				</processingSoftware>
			</preProcessingStep>
			<ocrProcessingStep>
				<processingSoftware>
					<softwareCreator>ABBYY (BIT Software), Russia</softwareCreator>
					<softwareName>Finereader</softwareName>
				</processingSoftware>
			</ocrProcessingStep>
		</OCRProcessing>
	</Description>
	<Styles>
		<TextStyle ID="TXT_0" FONTSIZE="11" FONTFAMILY="Courier New"/>
		<TextStyle ID="TXT_1" FONTSIZE="10" FONTFAMILY="Courier New"/>
		<ParagraphStyle ID="PAR_LEFT" ALIGN="Left"/>
		<ParagraphStyle ID="PAR_CENTER" ALIGN="Center"/>
	</Styles>
	<Layout>
		<Page ID="P182" PHYSICAL_IMG_NR="182" HEIGHT="1747" WIDTH="1132" PRINTED_IMG_NR="172" POSITION="Left" ACCURACY="72.35">
			<TopMargin ID="P182_TM00001" HPOS="0" VPOS="0" WIDTH="1131" HEIGHT="132">
				<TextBlock ID="P182_TB00001" HPOS="163" VPOS="102" WIDTH="52" HEIGHT="28" STYLEREFS="TXT_0 PAR_LEFT">
					<TextLine ID="P182_TL00001" HPOS="163" VPOS="102" WIDTH="52" HEIGHT="28">
						<String ID="P182_ST00001" HPOS="163" VPOS="102" WIDTH="52" HEIGHT="28" CONTENT="172" WC="1.00" CC="000"/>
					</TextLine>
				</TextBlock>
				<TextBlock ID="P182_TB00002" HPOS="401" VPOS="106" WIDTH="354" HEIGHT="24" STYLEREFS="TXT_1 PAR_CENTER">
					<TextLine ID="P182_TL00002" HPOS="401" VPOS="107" WIDTH="354" HEIGHT="23">
						<String ID="P182_ST00002" HPOS="401" VPOS="110" WIDTH="83" HEIGHT="20" CONTENT="L0ATE" WC="0.46" CC="50973"/>
						<SP ID="P182_SP00001" HPOS="484" VPOS="130" WIDTH="23"/>
						<String ID="P182_ST00003" HPOS="507" VPOS="109" WIDTH="65" HEIGHT="21" CONTENT="THE" WC="0.56" CC="661"/>
						<SP ID="P182_SP00002" HPOS="572" VPOS="130" WIDTH="23"/>
						<String ID="P182_ST00004" HPOS="595" VPOS="107" WIDTH="160" HEIGHT="23" CONTENT="AVENGER." WC="0.61" CC="06097060"/>
					</TextLine>
				</TextBlock>
			</TopMargin>
			<LeftMargin ID="P182_LM00001" HPOS="0" VPOS="132" WIDTH="159" HEIGHT="1449"/>
			<RightMargin ID="P182_RM00001" HPOS="992" VPOS="132" WIDTH="139" HEIGHT="1449"/>
			<BottomMargin ID="P182_BM00001" HPOS="0" VPOS="1581" WIDTH="1131" HEIGHT="165"/>
			<PrintSpace ID="P182_PS00001" HPOS="159" VPOS="132" WIDTH="834" HEIGHT="1449">
				<TextBlock ID="P182_TB00003" HPOS="205" VPOS="181" WIDTH="788" HEIGHT="46" STYLEREFS="TXT_1 PAR_CENTER">
					<TextLine ID="P182_TL00003" HPOS="205" VPOS="182" WIDTH="788" HEIGHT="45">
						<String ID="P182_ST00005" HPOS="205" VPOS="187" WIDTH="101" HEIGHT="32" CONTENT="Henri" WC="0.40" CC="67654"/>
						<SP ID="P182_SP00003" HPOS="306" VPOS="219" WIDTH="15"/>
						<String ID="P182_ST00006" HPOS="321" VPOS="192" WIDTH="66" HEIGHT="27" CONTENT="tore" WC="0.76" CC="1150"/>
						<SP ID="P182_SP00004" HPOS="387" VPOS="219" WIDTH="16"/>
						<String ID="P182_ST00007" HPOS="403" VPOS="187" WIDTH="26" HEIGHT="31" CONTENT="it" WC="0.68" CC="06"/>
						<SP ID="P182_SP00005" HPOS="429" VPOS="219" WIDTH="15"/>
						<String ID="P182_ST00008" HPOS="444" VPOS="198" WIDTH="87" HEIGHT="29" CONTENT="open," WC="0.85" CC="30004"/>
						<SP ID="P182_SP00006" HPOS="531" VPOS="227" WIDTH="17"/>
						<String ID="P182_ST00009" HPOS="548" VPOS="186" WIDTH="59" HEIGHT="31" CONTENT="but" WC="0.33" CC="666"/>
						<SP ID="P182_SP00007" HPOS="607" VPOS="227" WIDTH="15"/>
						<String ID="P182_ST00010" HPOS="622" VPOS="185" WIDTH="92" HEIGHT="31" CONTENT="when" WC="0.81" CC="0700"/>
						<SP ID="P182_SP00008" HPOS="714" VPOS="227" WIDTH="15"/>
						<String ID="P182_ST00011" HPOS="729" VPOS="184" WIDTH="39" HEIGHT="31" CONTENT="he" WC="0.64" CC="70"/>
						<SP ID="P182_SP00009" HPOS="768" VPOS="227" WIDTH="16"/>
						<String ID="P182_ST00012" HPOS="784" VPOS="182" WIDTH="65" HEIGHT="32" CONTENT="had" WC="0.47" CC="708"/>
						<SP ID="P182_SP00010" HPOS="849" VPOS="227" WIDTH="14"/>
						<String ID="P182_ST00013" HPOS="863" VPOS="182" WIDTH="75" HEIGHT="32" CONTENT="read" WC="0.88" CC="4000"/>
						<SP ID="P182_SP00011" HPOS="938" VPOS="227" WIDTH="16"/>
						<String ID="P182_ST00014" HPOS="954" VPOS="182" WIDTH="24" HEIGHT="31" CONTENT="it" WC="1.00" CC="00"/>
						<String ID="P182_ST00015" HPOS="988" VPOS="194" WIDTH="5" HEIGHT="20" CONTENT=":" WC="0.45" CC="5"/>
					</TextLine>
				</TextBlock>
				<TextBlock ID="P182_TB00004" HPOS="160" VPOS="242" WIDTH="833" HEIGHT="172" STYLEREFS="TXT_1 PAR_LEFT">
					<TextLine ID="P182_TL00004" HPOS="207" VPOS="243" WIDTH="786" HEIGHT="48">
						<String ID="P182_ST00016" HPOS="207" VPOS="252" WIDTH="17" HEIGHT="12" CONTENT='"' WC="0.97" CC="0"/>
						<SP ID="P182_SP00012" HPOS="224" VPOS="264" WIDTH="12"/>
						<String ID="P182_ST00017" HPOS="236" VPOS="249" WIDTH="182" HEIGHT="42" CONTENT="Impossible" WC="0.68" CC="0090660730"/>
						<SP ID="P182_SP00013" HPOS="418" VPOS="291" WIDTH="12"/>
						<String ID="P182_ST00018" HPOS="430" VPOS="250" WIDTH="6" HEIGHT="29" CONTENT="!" WC="0.77" CC="2"/>
						<SP ID="P182_SP00014" HPOS="436" VPOS="291" WIDTH="12"/>
						<String ID="P182_ST00019" HPOS="448" VPOS="247" WIDTH="15" HEIGHT="13" CONTENT='"' WC="0.95" CC="0"/>
						<SP ID="P182_SP00015" HPOS="463" VPOS="291" WIDTH="17"/>
						<String ID="P182_ST00020" HPOS="480" VPOS="248" WIDTH="38" HEIGHT="30" CONTENT="he" WC="0.70" CC="50"/>
						<SP ID="P182_SP00016" HPOS="518" VPOS="291" WIDTH="17"/>
						<String ID="P182_ST00021" HPOS="535" VPOS="247" WIDTH="181" HEIGHT="37" CONTENT="exclaimed," WC="0.86" CC="0004060003"/>
						<SP ID="P182_SP00017" HPOS="716" VPOS="291" WIDTH="19"/>
						<String ID="P182_ST00022" HPOS="735" VPOS="249" WIDTH="18" HEIGHT="12" CONTENT='"' WC="0.77" CC="2"/>
						<SP ID="P182_SP00018" HPOS="753" VPOS="291" WIDTH="14"/>
						<String ID="P182_ST00023" HPOS="767" VPOS="246" WIDTH="31" HEIGHT="30" CONTENT="It" WC="0.66" CC="06"/>
						<SP ID="P182_SP00019" HPOS="798" VPOS="291" WIDTH="16"/>
						<String ID="P182_ST00024" HPOS="814" VPOS="243" WIDTH="81" HEIGHT="33" CONTENT="can't" WC="0.74" CC="00408"/>
						<SP ID="P182_SP00020" HPOS="895" VPOS="291" WIDTH="16"/>
						<String ID="P182_ST00025" HPOS="911" VPOS="244" WIDTH="37" HEIGHT="31" CONTENT="be" WC="0.51" CC="62"/>
						<String ID="P182_ST00026" HPOS="949" VPOS="263" WIDTH="44" HEIGHT="3" CONTENT="—" WC="0.20" CC="8"/>
					</TextLine>
					<TextLine ID="P182_TL00005" HPOS="160" VPOS="307" WIDTH="832" HEIGHT="45">
						<String ID="P182_ST00027" HPOS="160" VPOS="322" WIDTH="50" HEIGHT="26" CONTENT="no," WC="0.67" CC="702"/>
						<SP ID="P182_SP00021" HPOS="210" VPOS="348" WIDTH="13"/>
						<String ID="P182_ST00028" HPOS="223" VPOS="310" WIDTH="69" HEIGHT="32" CONTENT="that" WC="1.00" CC="0000"/>
						<SP ID="P182_SP00022" HPOS="292" VPOS="348" WIDTH="12"/>
						<String ID="P182_ST00029" HPOS="304" VPOS="310" WIDTH="104" HEIGHT="31" CONTENT="Avould" WC="0.90" CC="000310"/>
						<SP ID="P182_SP00023" HPOS="408" VPOS="348" WIDTH="16"/>
						<String ID="P182_ST00030" HPOS="424" VPOS="310" WIDTH="37" HEIGHT="31" CONTENT="be" WC="0.83" CC="30"/>
						<SP ID="P182_SP00024" HPOS="461" VPOS="348" WIDTH="15"/>
						<String ID="P182_ST00031" HPOS="476" VPOS="315" WIDTH="53" HEIGHT="26" CONTENT="too" WC="0.81" CC="005"/>
						<SP ID="P182_SP00025" HPOS="529" VPOS="348" WIDTH="16"/>
						<String ID="P182_ST00032" HPOS="545" VPOS="314" WIDTH="108" HEIGHT="38" CONTENT="strong" WC="0.64" CC="470260"/>
						<SP ID="P182_SP00026" HPOS="653" VPOS="352" WIDTH="12"/>
						<String ID="P182_ST00033" HPOS="665" VPOS="311" WIDTH="5" HEIGHT="29" CONTENT="!" WC="1.00" CC="0"/>
						<String ID="P182_ST00034" HPOS="679" VPOS="308" WIDTH="14" HEIGHT="11" CONTENT='"' WC="1.00" CC="0"/>
						<SP ID="P182_SP00027" HPOS="693" VPOS="352" WIDTH="17"/>
						<String ID="P182_ST00035" HPOS="710" VPOS="308" WIDTH="63" HEIGHT="31" CONTENT="and" WC="0.81" CC="050"/>
						<SP ID="P182_SP00028" HPOS="773" VPOS="352" WIDTH="16"/>
						<String ID="P182_ST00036" HPOS="789" VPOS="308" WIDTH="39" HEIGHT="31" CONTENT="he" WC="0.65" CC="70"/>
						<SP ID="P182_SP00029" HPOS="828" VPOS="352" WIDTH="12"/>
						<String ID="P182_ST00037" HPOS="840" VPOS="307" WIDTH="152" HEIGHT="42" CONTENT="indulged" WC="0.81" CC="05050030"/>
					</TextLine>
					<TextLine ID="P182_TL00006" HPOS="160" VPOS="371" WIDTH="718" HEIGHT="43">
						<String ID="P182_ST00038" HPOS="160" VPOS="374" WIDTH="34" HEIGHT="29" CONTENT="in" WC="0.67" CC="42"/>
						<SP ID="P182_SP00030" HPOS="194" VPOS="403" WIDTH="16"/>
						<String ID="P182_ST00039" HPOS="210" VPOS="385" WIDTH="18" HEIGHT="18" CONTENT="a" WC="1.00" CC="0"/>
						<SP ID="P182_SP00031" HPOS="228" VPOS="403" WIDTH="15"/>
						<String ID="P182_ST00040" HPOS="243" VPOS="373" WIDTH="36" HEIGHT="30" CONTENT="fit" WC="0.83" CC="005"/>
						<SP ID="P182_SP00032" HPOS="279" VPOS="403" WIDTH="16"/>
						<String ID="P182_ST00041" HPOS="295" VPOS="373" WIDTH="35" HEIGHT="30" CONTENT="of" WC="0.84" CC="20"/>
						<SP ID="P182_SP00033" HPOS="330" VPOS="403" WIDTH="12"/>
						<String ID="P182_ST00042" HPOS="342" VPOS="373" WIDTH="142" HEIGHT="41" CONTENT="genuine," WC="0.58" CC="80850522"/>
						<SP ID="P182_SP00034" HPOS="484" VPOS="414" WIDTH="18"/>
						<String ID="P182_ST00043" HPOS="502" VPOS="371" WIDTH="208" HEIGHT="42" CONTENT="irrepressible" WC="0.72" CC="3600020531705"/>
						<SP ID="P182_SP00035" HPOS="710" VPOS="414" WIDTH="16"/>
						<String ID="P182_ST00044" HPOS="726" VPOS="371" WIDTH="152" HEIGHT="42" CONTENT="laughter." WC="0.63" CC="002964423"/>
					</TextLine>
				</TextBlock>
				<TextBlock ID="P182_TB00005" HPOS="160" VPOS="430" WIDTH="832" HEIGHT="105" STYLEREFS="TXT_1 PAR_LEFT">
					<TextLine ID="P182_TL00007" HPOS="205" VPOS="431" WIDTH="786" HEIGHT="44">
						<String ID="P182_ST00045" HPOS="205" VPOS="435" WIDTH="118" HEIGHT="31" CONTENT="Olivier" WC="0.81" CC="2006201"/>
						<SP ID="P182_SP00036" HPOS="323" VPOS="466" WIDTH="15"/>
						<String ID="P182_ST00046" HPOS="338" VPOS="435" WIDTH="63" HEIGHT="30" CONTENT="and" WC="0.84" CC="040"/>
						<SP ID="P182_SP00037" HPOS="401" VPOS="466" WIDTH="13"/>
						<String ID="P182_ST00047" HPOS="414" VPOS="434" WIDTH="99" HEIGHT="31" CONTENT="Claire" WC="0.75" CC="670000"/>
						<SP ID="P182_SP00038" HPOS="513" VPOS="466" WIDTH="16"/>
						<String ID="P182_ST00048" HPOS="529" VPOS="434" WIDTH="113" HEIGHT="30" CONTENT="looked" WC="0.91" CC="010300"/>
						<SP ID="P182_SP00039" HPOS="642" VPOS="466" WIDTH="15"/>
						<String ID="P182_ST00049" HPOS="657" VPOS="433" WIDTH="197" HEIGHT="42" CONTENT="inquiringly" WC="0.66" CC="44040046920"/>
						<SP ID="P182_SP00040" HPOS="854" VPOS="475" WIDTH="13"/>
						<String ID="P182_ST00050" HPOS="867" VPOS="437" WIDTH="33" HEIGHT="26" CONTENT="at" WC="0.70" CC="05"/>
						<SP ID="P182_SP00041" HPOS="900" VPOS="475" WIDTH="14"/>
						<String ID="P182_ST00051" HPOS="914" VPOS="431" WIDTH="77" HEIGHT="37" CONTENT="him," WC="0.74" CC="7003"/>
					</TextLine>
					<TextLine ID="P182_TL00008" HPOS="160" VPOS="494" WIDTH="832" HEIGHT="41">
						<String ID="P182_ST00052" HPOS="160" VPOS="496" WIDTH="62" HEIGHT="31" CONTENT="and" WC="0.48" CC="950"/>
						<SP ID="P182_SP00042" HPOS="222" VPOS="527" WIDTH="15"/>
						<String ID="P182_ST00053" HPOS="237" VPOS="496" WIDTH="91" HEIGHT="32" CONTENT="when" WC="0.82" CC="0007"/>
						<SP ID="P182_SP00043" HPOS="328" VPOS="528" WIDTH="15"/>
						<String ID="P182_ST00054" HPOS="343" VPOS="496" WIDTH="49" HEIGHT="32" CONTENT="his" WC="0.38" CC="755"/>
						<SP ID="P182_SP00044" HPOS="392" VPOS="528" WIDTH="15"/>
						<String ID="P182_ST00055" HPOS="407" VPOS="496" WIDTH="128" HEIGHT="39" CONTENT="hilarity" WC="0.69" CC="71004450"/>
						<SP ID="P182_SP00045" HPOS="535" VPOS="535" WIDTH="15"/>
						<String ID="P182_ST00056" HPOS="550" VPOS="507" WIDTH="64" HEIGHT="20" CONTENT="was" WC="0.91" CC="002"/>
						<SP ID="P182_SP00046" HPOS="614" VPOS="535" WIDTH="15"/>
						<String ID="P182_ST00057" HPOS="629" VPOS="496" WIDTH="171" HEIGHT="30" CONTENT="somewhat" WC="0.58" CC="63069700"/>
						<SP ID="P182_SP00047" HPOS="800" VPOS="535" WIDTH="16"/>
						<String ID="P182_ST00058" HPOS="816" VPOS="494" WIDTH="130" HEIGHT="37" CONTENT="calmed," WC="0.84" CC="0020502"/>
						<String ID="P182_ST00059" HPOS="949" VPOS="512" WIDTH="43" HEIGHT="4" CONTENT="—" WC="0.20" CC="8"/>
					</TextLine>
				</TextBlock>
				<TextBlock ID="P182_TB00006" HPOS="160" VPOS="555" WIDTH="831" HEIGHT="166" STYLEREFS="TXT_1 PAR_LEFT">
					<TextLine ID="P182_TL00009" HPOS="204" VPOS="556" WIDTH="787" HEIGHT="44">
						<String ID="P182_ST00060" HPOS="204" VPOS="561" WIDTH="17" HEIGHT="11" CONTENT='"' WC="1.00" CC="0"/>
						<SP ID="P182_SP00048" HPOS="221" VPOS="572" WIDTH="13"/>
						<String ID="P182_ST00061" HPOS="234" VPOS="557" WIDTH="58" HEIGHT="43" CONTENT="My" WC="1.00" CC="00"/>
						<SP ID="P182_SP00049" HPOS="292" VPOS="600" WIDTH="15"/>
						<String ID="P182_ST00062" HPOS="307" VPOS="558" WIDTH="74" HEIGHT="31" CONTENT="dear" WC="1.00" CC="0000"/>
						<SP ID="P182_SP00050" HPOS="381" VPOS="600" WIDTH="14"/>
						<String ID="P182_ST00063" HPOS="395" VPOS="557" WIDTH="129" HEIGHT="38" CONTENT='fellow,"' WC="0.96" CC="00000030"/>
						<SP ID="P182_SP00051" HPOS="524" VPOS="600" WIDTH="20"/>
						<String ID="P182_ST00064" HPOS="544" VPOS="557" WIDTH="38" HEIGHT="31" CONTENT="he" WC="0.64" CC="70"/>
						<SP ID="P182_SP00052" HPOS="582" VPOS="600" WIDTH="21"/>
						<String ID="P182_ST00065" HPOS="603" VPOS="557" WIDTH="76" HEIGHT="38" CONTENT="said," WC="0.83" CC="50002"/>
						<SP ID="P182_SP00053" HPOS="679" VPOS="600" WIDTH="24"/>
						<String ID="P182_ST00066" HPOS="703" VPOS="561" WIDTH="17" HEIGHT="11" CONTENT='"' WC="0.71" CC="2"/>
						<SP ID="P182_SP00054" HPOS="720" VPOS="600" WIDTH="14"/>
						<String ID="P182_ST00067" HPOS="734" VPOS="557" WIDTH="25" HEIGHT="31" CONTENT="it" WC="0.66" CC="06"/>
						<SP ID="P182_SP00055" HPOS="759" VPOS="600" WIDTH="20"/>
						<String ID="P182_ST00068" HPOS="779" VPOS="557" WIDTH="27" HEIGHT="31" CONTENT="is" WC="0.43" CC="46"/>
						<SP ID="P182_SP00056" HPOS="806" VPOS="600" WIDTH="18"/>
						<String ID="P182_ST00069" HPOS="824" VPOS="556" WIDTH="100" HEIGHT="42" CONTENT="really" WC="0.85" CC="300230"/>
						<SP ID="P182_SP00057" HPOS="924" VPOS="600" WIDTH="14"/>
						<String ID="P182_ST00070" HPOS="938" VPOS="560" WIDTH="53" HEIGHT="27" CONTENT="too" WC="0.91" CC="200"/>
					</TextLine>
					<TextLine ID="P182_TL00010" HPOS="160" VPOS="617" WIDTH="831" HEIGHT="45">
						<String ID="P182_ST00071" HPOS="160" VPOS="624" WIDTH="87" HEIGHT="38" CONTENT="great" WC="0.57" CC="95005"/>
						<SP ID="P182_SP00058" HPOS="247" VPOS="662" WIDTH="16"/>
						<String ID="P182_ST00072" HPOS="263" VPOS="631" WIDTH="18" HEIGHT="19" CONTENT="a" WC="1.00" CC="0"/>
						<SP ID="P182_SP00059" HPOS="281" VPOS="662" WIDTH="14"/>
						<String ID="P182_ST00073" HPOS="295" VPOS="619" WIDTH="85" HEIGHT="42" CONTENT="piece" WC="0.91" CC="03000"/>
						<SP ID="P182_SP00060" HPOS="380" VPOS="662" WIDTH="12"/>
						<String ID="P182_ST00074" HPOS="392" VPOS="619" WIDTH="35" HEIGHT="31" CONTENT="of" WC="0.94" CC="10"/>
						<SP ID="P182_SP00061" HPOS="427" VPOS="662" WIDTH="11"/>
						<String ID="P182_ST00075" HPOS="438" VPOS="619" WIDTH="57" HEIGHT="31" CONTENT="fun" WC="0.46" CC="267"/>
						<SP ID="P182_SP00062" HPOS="495" VPOS="662" WIDTH="13"/>
						<String ID="P182_ST00076" HPOS="508" VPOS="631" WIDTH="7" HEIGHT="25" CONTENT=";" WC="1.00" CC="0"/>
						<SP ID="P182_SP00063" HPOS="515" VPOS="662" WIDTH="20"/>
						<String ID="P182_ST00077" HPOS="535" VPOS="618" WIDTH="70" HEIGHT="32" CONTENT="Avho" WC="0.74" CC="0072"/>
						<SP ID="P182_SP00064" HPOS="605" VPOS="662" WIDTH="16"/>
						<String ID="P182_ST00078" HPOS="621" VPOS="618" WIDTH="40" HEIGHT="32" CONTENT="do" WC="1.00" CC="00"/>
						<SP ID="P182_SP00065" HPOS="661" VPOS="662" WIDTH="16"/>
						<String ID="P182_ST00079" HPOS="677" VPOS="629" WIDTH="63" HEIGHT="32" CONTENT="you" WC="0.67" CC="036"/>
						<SP ID="P182_SP00066" HPOS="740" VPOS="662" WIDTH="16"/>
						<String ID="P182_ST00080" HPOS="756" VPOS="618" WIDTH="94" HEIGHT="31" CONTENT="think" WC="0.60" CC="37133"/>
						<SP ID="P182_SP00067" HPOS="850" VPOS="662" WIDTH="17"/>
						<String ID="P182_ST00081" HPOS="867" VPOS="618" WIDTH="26" HEIGHT="31" CONTENT="is" WC="0.62" CC="07"/>
						<SP ID="P182_SP00068" HPOS="893" VPOS="662" WIDTH="15"/>
						<String ID="P182_ST00082" HPOS="908" VPOS="617" WIDTH="83" HEIGHT="32" CONTENT="then" SUBS_TYPE="HypPart1" SUBS_CONTENT="thencandidate" WC="0.42" CC="77274"/>
						<HYP CONTENT="-"/>
					</TextLine>
					<TextLine ID="P182_TL00011" HPOS="160" VPOS="679" WIDTH="830" HEIGHT="42">
						<String ID="P182_ST00083" HPOS="160" VPOS="681" WIDTH="163" HEIGHT="30" CONTENT="candidate" SUBS_TYPE="HypPart2" SUBS_CONTENT="thencandidate" WC="0.70" CC="398000050"/>
						<SP ID="P182_SP00069" HPOS="323" VPOS="711" WIDTH="14"/>
						<String ID="P182_ST00084" HPOS="337" VPOS="682" WIDTH="11" HEIGHT="29" CONTENT="?" WC="1.00" CC="0"/>
						<SP ID="P182_SP00070" HPOS="348" VPOS="711" WIDTH="37"/>
						<String ID="P182_ST00085" HPOS="385" VPOS="680" WIDTH="102" HEIGHT="31" CONTENT="You'll" WC="0.73" CC="435020"/>
						<SP ID="P182_SP00071" HPOS="487" VPOS="711" WIDTH="16"/>
						<String ID="P182_ST00086" HPOS="503" VPOS="691" WIDTH="94" HEIGHT="20" CONTENT="never" WC="0.73" CC="80040"/>
						<SP ID="P182_SP00072" HPOS="597" VPOS="711" WIDTH="16"/>
						<String ID="P182_ST00087" HPOS="613" VPOS="691" WIDTH="99" HEIGHT="30" CONTENT="guess," WC="0.43" CC="962563"/>
						<SP ID="P182_SP00073" HPOS="712" VPOS="721" WIDTH="12"/>
						<String ID="P182_ST00088" HPOS="724" VPOS="691" WIDTH="64" HEIGHT="30" CONTENT="you" WC="0.52" CC="067"/>
						<SP ID="P182_SP00074" HPOS="788" VPOS="721" WIDTH="13"/>
						<String ID="P182_ST00089" HPOS="801" VPOS="679" WIDTH="82" HEIGHT="32" CONTENT="can't" WC="0.72" CC="00246"/>
						<SP ID="P182_SP00075" HPOS="883" VPOS="721" WIDTH="15"/>
						<String ID="P182_ST00090" HPOS="898" VPOS="690" WIDTH="92" HEIGHT="31" CONTENT="guess" WC="0.31" CC="86666"/>
					</TextLine>
				</TextBlock>
				<TextBlock ID="P182_TB00007" HPOS="203" VPOS="734" WIDTH="210" HEIGHT="41" STYLEREFS="TXT_1 PAR_LEFT">
					<TextLine ID="P182_TL00012" HPOS="203" VPOS="734" WIDTH="210" HEIGHT="41">
						<String ID="P182_ST00091" HPOS="203" VPOS="735" WIDTH="14" HEIGHT="31" CONTENT="I" WC="0.34" CC="6"/>
						<SP ID="P182_SP00076" HPOS="217" VPOS="766" WIDTH="18"/>
						<String ID="P182_ST00092" HPOS="235" VPOS="735" WIDTH="73" HEIGHT="40" CONTENT="defy" WC="0.92" CC="0030"/>
						<SP ID="P182_SP00077" HPOS="308" VPOS="775" WIDTH="15"/>
						<String ID="P182_ST00093" HPOS="323" VPOS="734" WIDTH="90" HEIGHT="41" CONTENT='you."' WC="0.74" CC="02703"/>
					</TextLine>
				</TextBlock>
				<TextBlock ID="P182_TB00008" HPOS="204" VPOS="795" WIDTH="783" HEIGHT="41" STYLEREFS="TXT_1 PAR_CENTER">
					<TextLine ID="P182_TL00013" HPOS="204" VPOS="796" WIDTH="783" HEIGHT="40">
						<String ID="P182_ST00094" HPOS="204" VPOS="800" WIDTH="15" HEIGHT="11" CONTENT='"' WC="1.00" CC="0"/>
						<SP ID="P182_SP00078" HPOS="219" VPOS="811" WIDTH="13"/>
						<String ID="P182_ST00095" HPOS="232" VPOS="798" WIDTH="86" HEIGHT="29" CONTENT="Then" WC="0.57" CC="0753"/>
						<SP ID="P182_SP00079" HPOS="318" VPOS="827" WIDTH="16"/>
						<String ID="P182_ST00096" HPOS="334" VPOS="797" WIDTH="56" HEIGHT="30" CONTENT="tell" WC="0.91" CC="3000"/>
						<String ID="P182_ST00097" HPOS="403" VPOS="799" WIDTH="5" HEIGHT="28" CONTENT="!" WC="0.83" CC="1"/>
						<SP ID="P182_SP00080" HPOS="408" VPOS="827" WIDTH="12"/>
						<String ID="P182_ST00098" HPOS="420" VPOS="796" WIDTH="16" HEIGHT="12" CONTENT='"' WC="0.98" CC="0"/>
						<SP ID="P182_SP00081" HPOS="436" VPOS="827" WIDTH="24"/>
						<String ID="P182_ST00099" HPOS="460" VPOS="796" WIDTH="171" HEIGHT="31" CONTENT="exclaimed" WC="0.99" CC="000000000"/>
						<SP ID="P182_SP00082" HPOS="631" VPOS="827" WIDTH="17"/>
						<String ID="P182_ST00100" HPOS="648" VPOS="796" WIDTH="110" HEIGHT="37" CONTENT="Claire," WC="0.76" CC="6000603"/>
						<SP ID="P182_SP00083" HPOS="758" VPOS="833" WIDTH="18"/>
						<String ID="P182_ST00101" HPOS="776" VPOS="796" WIDTH="211" HEIGHT="40" CONTENT="impatiently." WC="0.80" CC="300004186000"/>
					</TextLine>
				</TextBlock>
				<TextBlock ID="P182_TB00009" HPOS="204" VPOS="856" WIDTH="370" HEIGHT="43" STYLEREFS="TXT_1 PAR_LEFT">
					<TextLine ID="P182_TL00014" HPOS="204" VPOS="857" WIDTH="370" HEIGHT="42">
						<String ID="P182_ST00102" HPOS="204" VPOS="862" WIDTH="16" HEIGHT="11" CONTENT='"' WC="0.60" CC="3"/>
						<SP ID="P182_SP00084" HPOS="220" VPOS="873" WIDTH="13"/>
						<String ID="P182_ST00103" HPOS="233" VPOS="859" WIDTH="92" HEIGHT="40" CONTENT="Why," WC="0.72" CC="0703"/>
						<SP ID="P182_SP00085" HPOS="325" VPOS="899" WIDTH="18"/>
						<String ID="P182_ST00104" HPOS="343" VPOS="858" WIDTH="188" HEIGHT="30" CONTENT="Mardonnet" WC="0.67" CC="009005806"/>
						<String ID="P182_ST00105" HPOS="543" VPOS="860" WIDTH="6" HEIGHT="29" CONTENT="!" WC="0.86" CC="1"/>
						<SP ID="P182_SP00086" HPOS="549" VPOS="899" WIDTH="13"/>
						<String ID="P182_ST00106" HPOS="562" VPOS="857" WIDTH="12" HEIGHT="12" CONTENT='"' WC="1.00" CC="0"/>
					</TextLine>
				</TextBlock>
				<TextBlock ID="P182_TB00010" HPOS="159" VPOS="919" WIDTH="830" HEIGHT="102" STYLEREFS="TXT_1 PAR_LEFT">
					<TextLine ID="P182_TL00015" HPOS="204" VPOS="919" WIDTH="785" HEIGHT="42">
						<String ID="P182_ST00107" HPOS="204" VPOS="923" WIDTH="17" HEIGHT="12" CONTENT='"' WC="0.66" CC="3"/>
						<SP ID="P182_SP00087" HPOS="221" VPOS="935" WIDTH="13"/>
						<String ID="P182_ST00108" HPOS="234" VPOS="920" WIDTH="105" HEIGHT="38" CONTENT="What," WC="0.81" CC="07001"/>
						<SP ID="P182_SP00088" HPOS="339" VPOS="958" WIDTH="29"/>
						<String ID="P182_ST00109" HPOS="368" VPOS="920" WIDTH="52" HEIGHT="30" CONTENT="the" WC="0.58" CC="560"/>
						<SP ID="P182_SP00089" HPOS="420" VPOS="958" WIDTH="32"/>
						<String ID="P182_ST00110" HPOS="452" VPOS="920" WIDTH="53" HEIGHT="30" CONTENT="old" WC="0.64" CC="640"/>
						<SP ID="P182_SP00090" HPOS="505" VPOS="958" WIDTH="29"/>
						<String ID="P182_ST00111" HPOS="534" VPOS="924" WIDTH="188" HEIGHT="37" CONTENT="postmaster" WC="0.70" CC="9070002702"/>
						<SP ID="P182_SP00091" HPOS="722" VPOS="961" WIDTH="14"/>
						<String ID="P182_ST00112" HPOS="736" VPOS="921" WIDTH="10" HEIGHT="29" CONTENT="?" WC="0.09" CC="9"/>
						<String ID="P182_ST00113" HPOS="760" VPOS="919" WIDTH="14" HEIGHT="12" CONTENT='"' WC="1.00" CC="0"/>
						<SP ID="P182_SP00092" HPOS="774" VPOS="961" WIDTH="34"/>
						<String ID="P182_ST00114" HPOS="808" VPOS="920" WIDTH="97" HEIGHT="31" CONTENT="asked" WC="0.88" CC="06000"/>
						<SP ID="P182_SP00093" HPOS="905" VPOS="961" WIDTH="31"/>
						<String ID="P182_ST00115" HPOS="936" VPOS="920" WIDTH="53" HEIGHT="32" CONTENT="the" WC="0.81" CC="500"/>
					</TextLine>
					<TextLine ID="P182_TL00016" HPOS="159" VPOS="982" WIDTH="164" HEIGHT="39">
						<String ID="P182_ST00116" HPOS="159" VPOS="982" WIDTH="164" HEIGHT="39" CONTENT="Marquise." WC="0.74" CC="005063600"/>
					</TextLine>
				</TextBlock>
				<TextBlock ID="P182_TB00011" HPOS="202" VPOS="1043" WIDTH="483" HEIGHT="40" STYLEREFS="TXT_1 PAR_LEFT">
					<TextLine ID="P182_TL00017" HPOS="202" VPOS="1043" WIDTH="483" HEIGHT="40">
						<String ID="P182_ST00117" HPOS="202" VPOS="1046" WIDTH="18" HEIGHT="13" CONTENT='"' WC="0.54" CC="4"/>
						<SP ID="P182_SP00094" HPOS="220" VPOS="1059" WIDTH="12"/>
						<String ID="P182_ST00118" HPOS="232" VPOS="1043" WIDTH="50" HEIGHT="31" CONTENT="No" WC="1.00" CC="00"/>
						<SP ID="P182_SP00095" HPOS="282" VPOS="1074" WIDTH="14"/>
						<String ID="P182_ST00119" HPOS="296" VPOS="1045" WIDTH="5" HEIGHT="29" CONTENT="!" WC="0.77" CC="2"/>
						<SP ID="P182_SP00096" HPOS="301" VPOS="1074" WIDTH="24"/>
						<String ID="P182_ST00120" HPOS="325" VPOS="1043" WIDTH="48" HEIGHT="32" CONTENT="his" WC="0.48" CC="716"/>
						<SP ID="P182_SP00097" HPOS="373" VPOS="1075" WIDTH="16"/>
						<String ID="P182_ST00121" HPOS="389" VPOS="1043" WIDTH="181" HEIGHT="40" CONTENT="Avorshipful" WC="0.72" CC="00007740064"/>
						<SP ID="P182_SP00098" HPOS="570" VPOS="1083" WIDTH="16"/>
						<String ID="P182_ST00122" HPOS="586" VPOS="1055" WIDTH="56" HEIGHT="20" CONTENT="son" WC="0.65" CC="603"/>
						<String ID="P182_ST00123" HPOS="653" VPOS="1045" WIDTH="6" HEIGHT="30" CONTENT="!" WC="1.00" CC="0"/>
						<SP ID="P182_SP00099" HPOS="659" VPOS="1083" WIDTH="13"/>
						<String ID="P182_ST00124" HPOS="672" VPOS="1043" WIDTH="13" HEIGHT="13" CONTENT='"' WC="1.00" CC="0"/>
					</TextLine>
				</TextBlock>
				<TextBlock ID="P182_TB00012" HPOS="159" VPOS="1104" WIDTH="829" HEIGHT="156" STYLEREFS="TXT_1 PAR_LEFT">
					<TextLine ID="P182_TL00018" HPOS="204" VPOS="1105" WIDTH="784" HEIGHT="34">
						<String ID="P182_ST00125" HPOS="204" VPOS="1109" WIDTH="16" HEIGHT="11" CONTENT='"' WC="1.00" CC="0"/>
						<SP ID="P182_SP00100" HPOS="220" VPOS="1120" WIDTH="13"/>
						<String ID="P182_ST00126" HPOS="233" VPOS="1105" WIDTH="70" HEIGHT="31" CONTENT="You" WC="0.61" CC="127"/>
						<SP ID="P182_SP00101" HPOS="303" VPOS="1136" WIDTH="17"/>
						<String ID="P182_ST00127" HPOS="320" VPOS="1105" WIDTH="86" HEIGHT="31" CONTENT="don't" WC="0.69" CC="00716"/>
						<SP ID="P182_SP00102" HPOS="406" VPOS="1136" WIDTH="15"/>
						<String ID="P182_ST00128" HPOS="421" VPOS="1116" WIDTH="92" HEIGHT="20" CONTENT="mean" WC="0.73" CC="3007"/>
						<SP ID="P182_SP00103" HPOS="513" VPOS="1136" WIDTH="15"/>
						<String ID="P182_ST00129" HPOS="528" VPOS="1106" WIDTH="53" HEIGHT="30" CONTENT="the" WC="0.54" CC="670"/>
						<SP ID="P182_SP00104" HPOS="581" VPOS="1136" WIDTH="15"/>
						<String ID="P182_ST00130" HPOS="596" VPOS="1117" WIDTH="75" HEIGHT="19" CONTENT="man" WC="0.77" CC="006"/>
						<SP ID="P182_SP00105" HPOS="671" VPOS="1136" WIDTH="12"/>
						<String ID="P182_ST00131" HPOS="683" VPOS="1106" WIDTH="71" HEIGHT="31" CONTENT="Avho" WC="0.81" CC="0070"/>
						<SP ID="P182_SP00106" HPOS="754" VPOS="1137" WIDTH="13"/>
						<String ID="P182_ST00132" HPOS="767" VPOS="1118" WIDTH="64" HEIGHT="20" CONTENT="was" WC="0.76" CC="007"/>
						<SP ID="P182_SP00107" HPOS="831" VPOS="1138" WIDTH="16"/>
						<String ID="P182_ST00133" HPOS="847" VPOS="1119" WIDTH="19" HEIGHT="18" CONTENT="a" WC="0.18" CC="8"/>
						<SP ID="P182_SP00108" HPOS="866" VPOS="1138" WIDTH="16"/>
						<String ID="P182_ST00134" HPOS="882" VPOS="1107" WIDTH="106" HEIGHT="32" CONTENT="doAvn" SUBS_TYPE="HypPart1" SUBS_CONTENT="doAvnright" WC="0.51" CC="009972"/>
						<HYP CONTENT="-"/>
					</TextLine>
					<TextLine ID="P182_TL00019" HPOS="159" VPOS="1166" WIDTH="829" HEIGHT="43">
						<String ID="P182_ST00135" HPOS="159" VPOS="1166" WIDTH="83" HEIGHT="43" CONTENT="right" SUBS_TYPE="HypPart2" SUBS_CONTENT="doAvnright" WC="1.00" CC="00000"/>
						<SP ID="P182_SP00109" HPOS="242" VPOS="1209" WIDTH="23"/>
						<String ID="P182_ST00136" HPOS="265" VPOS="1166" WIDTH="76" HEIGHT="38" CONTENT="Red," WC="0.72" CC="7003"/>
						<SP ID="P182_SP00110" HPOS="341" VPOS="1209" WIDTH="18"/>
						<String ID="P182_ST00137" HPOS="359" VPOS="1178" WIDTH="18" HEIGHT="19" CONTENT="a" WC="1.00" CC="0"/>
						<SP ID="P182_SP00111" HPOS="377" VPOS="1209" WIDTH="15"/>
						<String ID="P182_ST00138" HPOS="392" VPOS="1167" WIDTH="180" HEIGHT="37" CONTENT="Journalist," WC="0.63" CC="00596020563"/>
						<SP ID="P182_SP00112" HPOS="572" VPOS="1209" WIDTH="17"/>
						<String ID="P182_ST00139" HPOS="589" VPOS="1168" WIDTH="63" HEIGHT="30" CONTENT="and" WC="0.77" CC="060"/>
						<SP ID="P182_SP00113" HPOS="652" VPOS="1209" WIDTH="16"/>
						<String ID="P182_ST00140" HPOS="668" VPOS="1168" WIDTH="34" HEIGHT="31" CONTENT="of" WC="0.92" CC="10"/>
						<SP ID="P182_SP00114" HPOS="702" VPOS="1209" WIDTH="16"/>
						<String ID="P182_ST00141" HPOS="718" VPOS="1169" WIDTH="103" HEIGHT="31" CONTENT="whom" WC="0.70" CC="0605"/>
						<SP ID="P182_SP00115" HPOS="821" VPOS="1209" WIDTH="24"/>
						<String ID="P182_ST00142" HPOS="845" VPOS="1170" WIDTH="41" HEIGHT="31" CONTENT="all" WC="1.00" CC="000"/>
						<SP ID="P182_SP00116" HPOS="886" VPOS="1209" WIDTH="24"/>
						<String ID="P182_ST00143" HPOS="910" VPOS="1175" WIDTH="78" HEIGHT="28" CONTENT="sorts" WC="0.73" CC="00067"/>
					</TextLine>
					<TextLine ID="P182_TL00020" HPOS="160" VPOS="1228" WIDTH="602" HEIGHT="32">
						<String ID="P182_ST00144" HPOS="160" VPOS="1228" WIDTH="33" HEIGHT="30" CONTENT="of" WC="0.67" CC="60"/>
						<SP ID="P182_SP00117" HPOS="193" VPOS="1258" WIDTH="13"/>
						<String ID="P182_ST00145" HPOS="206" VPOS="1229" WIDTH="107" HEIGHT="30" CONTENT="stories" WC="0.56" CC="7606703"/>
						<SP ID="P182_SP00118" HPOS="313" VPOS="1259" WIDTH="16"/>
						<String ID="P182_ST00146" HPOS="329" VPOS="1240" WIDTH="49" HEIGHT="19" CONTENT="are" WC="0.79" CC="060"/>
						<SP ID="P182_SP00119" HPOS="378" VPOS="1259" WIDTH="16"/>
						<String ID="P182_ST00147" HPOS="394" VPOS="1229" WIDTH="66" HEIGHT="30" CONTENT="told" WC="0.70" CC="5140"/>
						<SP ID="P182_SP00120" HPOS="460" VPOS="1259" WIDTH="14"/>
						<String ID="P182_ST00148" HPOS="474" VPOS="1230" WIDTH="10" HEIGHT="29" CONTENT="?" WC="0.08" CC="9"/>
						<SP ID="P182_SP00121" HPOS="484" VPOS="1259" WIDTH="12"/>
						<String ID="P182_ST00149" HPOS="496" VPOS="1229" WIDTH="15" HEIGHT="11" CONTENT='"' WC="0.97" CC="0"/>
						<SP ID="P182_SP00122" HPOS="511" VPOS="1259" WIDTH="23"/>
						<String ID="P182_ST00150" HPOS="534" VPOS="1230" WIDTH="102" HEIGHT="30" CONTENT="added" WC="1.00" CC="00000"/>
						<SP ID="P182_SP00123" HPOS="636" VPOS="1260" WIDTH="17"/>
						<String ID="P182_ST00151" HPOS="653" VPOS="1230" WIDTH="109" HEIGHT="30" CONTENT="Claire." WC="0.72" CC="6001460"/>
					</TextLine>
				</TextBlock>
				<TextBlock ID="P182_TB00013" HPOS="160" VPOS="1289" WIDTH="832" HEIGHT="163" STYLEREFS="TXT_1 PAR_LEFT">
					<TextLine ID="P182_TL00021" HPOS="205" VPOS="1290" WIDTH="783" HEIGHT="39">
						<String ID="P182_ST00152" HPOS="205" VPOS="1291" WIDTH="18" HEIGHT="12" CONTENT='"' WC="0.57" CC="4"/>
						<SP ID="P182_SP00124" HPOS="223" VPOS="1303" WIDTH="13"/>
						<String ID="P182_ST00153" HPOS="236" VPOS="1290" WIDTH="69" HEIGHT="37" CONTENT="Yes," WC="0.64" CC="1173"/>
						<SP ID="P182_SP00125" HPOS="305" VPOS="1327" WIDTH="29"/>
						<String ID="P182_ST00154" HPOS="334" VPOS="1290" WIDTH="15" HEIGHT="30" CONTENT="I" WC="0.54" CC="4"/>
						<SP ID="P182_SP00126" HPOS="349" VPOS="1327" WIDTH="32"/>
						<String ID="P182_ST00155" HPOS="381" VPOS="1290" WIDTH="38" HEIGHT="30" CONTENT="do" WC="0.74" CC="05"/>
						<SP ID="P182_SP00127" HPOS="419" VPOS="1327" WIDTH="17"/>
						<String ID="P182_ST00156" HPOS="436" VPOS="1302" WIDTH="5" HEIGHT="24" CONTENT=";" WC="0.58" CC="4"/>
						<SP ID="P182_SP00128" HPOS="441" VPOS="1327" WIDTH="33"/>
						<String ID="P182_ST00157" HPOS="474" VPOS="1291" WIDTH="64" HEIGHT="29" CONTENT="him" WC="0.76" CC="600"/>
						<String ID="P182_ST00158" HPOS="552" VPOS="1292" WIDTH="5" HEIGHT="29" CONTENT="!" WC="0.55" CC="4"/>
						<SP ID="P182_SP00129" HPOS="557" VPOS="1327" WIDTH="35"/>
						<String ID="P182_ST00159" HPOS="592" VPOS="1291" WIDTH="74" HEIGHT="38" CONTENT="him," WC="0.73" CC="7003"/>
						<SP ID="P182_SP00130" HPOS="666" VPOS="1329" WIDTH="32"/>
						<String ID="P182_ST00160" HPOS="698" VPOS="1292" WIDTH="129" HEIGHT="32" CONTENT="himself" WC="0.52" CC="7207456"/>
						<SP ID="P182_SP00131" HPOS="827" VPOS="1329" WIDTH="27"/>
						<String ID="P182_ST00161" HPOS="854" VPOS="1294" WIDTH="62" HEIGHT="31" CONTENT="and" WC="0.55" CC="940"/>
						<SP ID="P182_SP00132" HPOS="916" VPOS="1329" WIDTH="33"/>
						<String ID="P182_ST00162" HPOS="949" VPOS="1306" WIDTH="39" HEIGHT="19" CONTENT="no" WC="0.58" CC="80"/>
					</TextLine>
					<TextLine ID="P182_TL00022" HPOS="160" VPOS="1351" WIDTH="832" HEIGHT="45">
						<String ID="P182_ST00163" HPOS="160" VPOS="1352" WIDTH="87" HEIGHT="30" CONTENT="other" WC="0.59" CC="30736"/>
						<String ID="P182_ST00164" HPOS="259" VPOS="1352" WIDTH="5" HEIGHT="30" CONTENT="!" WC="0.81" CC="1"/>
						<SP ID="P182_SP00133" HPOS="264" VPOS="1382" WIDTH="45"/>
						<String ID="P182_ST00165" HPOS="309" VPOS="1351" WIDTH="64" HEIGHT="31" CONTENT="The" WC="0.75" CC="070"/>
						<SP ID="P182_SP00134" HPOS="373" VPOS="1382" WIDTH="15"/>
						<String ID="P182_ST00166" HPOS="388" VPOS="1352" WIDTH="106" HEIGHT="30" CONTENT="bosom" WC="0.72" CC="70600"/>
						<SP ID="P182_SP00135" HPOS="494" VPOS="1382" WIDTH="16"/>
						<String ID="P182_ST00167" HPOS="510" VPOS="1352" WIDTH="102" HEIGHT="32" CONTENT="friend" WC="0.79" CC="004170"/>
						<SP ID="P182_SP00136" HPOS="612" VPOS="1384" WIDTH="15"/>
						<String ID="P182_ST00168" HPOS="627" VPOS="1353" WIDTH="35" HEIGHT="31" CONTENT="of" WC="1.00" CC="00"/>
						<SP ID="P182_SP00137" HPOS="662" VPOS="1384" WIDTH="19"/>
						<String ID="P182_ST00169" HPOS="681" VPOS="1354" WIDTH="53" HEIGHT="31" CONTENT="the" WC="0.57" CC="173"/>
						<SP ID="P182_SP00138" HPOS="734" VPOS="1385" WIDTH="17"/>
						<String ID="P182_ST00170" HPOS="751" VPOS="1355" WIDTH="191" HEIGHT="41" CONTENT="sub-prefect" WC="0.68" CC="04700660404"/>
						<SP ID="P182_SP00139" HPOS="942" VPOS="1396" WIDTH="15"/>
						<String ID="P182_ST00171" HPOS="957" VPOS="1357" WIDTH="35" HEIGHT="31" CONTENT="of" WC="0.94" CC="01"/>
					</TextLine>
					<TextLine ID="P182_TL00023" HPOS="160" VPOS="1412" WIDTH="178" HEIGHT="40">
						<String ID="P182_ST00172" HPOS="160" VPOS="1412" WIDTH="178" HEIGHT="40" CONTENT='Malleray."' WC="0.96" CC="0000000003"/>
					</TextLine>
				</TextBlock>
				<TextBlock ID="P182_TB00014" HPOS="160" VPOS="1474" WIDTH="828" HEIGHT="107" STYLEREFS="TXT_1 PAR_LEFT">
					<TextLine ID="P182_TL00024" HPOS="204" VPOS="1474" WIDTH="784" HEIGHT="49">
						<String ID="P182_ST00173" HPOS="204" VPOS="1478" WIDTH="17" HEIGHT="11" CONTENT='"' WC="0.64" CC="3"/>
						<SP ID="P182_SP00140" HPOS="221" VPOS="1489" WIDTH="14"/>
						<String ID="P182_ST00174" HPOS="235" VPOS="1474" WIDTH="48" HEIGHT="32" CONTENT="Oh" WC="0.30" CC="67"/>
						<SP ID="P182_SP00141" HPOS="283" VPOS="1506" WIDTH="13"/>
						<String ID="P182_ST00175" HPOS="296" VPOS="1476" WIDTH="6" HEIGHT="29" CONTENT="!" WC="0.77" CC="2"/>
						<SP ID="P182_SP00142" HPOS="302" VPOS="1506" WIDTH="23"/>
						<String ID="P182_ST00176" HPOS="325" VPOS="1474" WIDTH="71" HEIGHT="32" CONTENT="hoAv" WC="0.82" CC="7000"/>
						<SP ID="P182_SP00143" HPOS="396" VPOS="1506" WIDTH="14"/>
						<String ID="P182_ST00177" HPOS="410" VPOS="1474" WIDTH="74" HEIGHT="43" CONTENT="glad" WC="0.99" CC="0000"/>
						<SP ID="P182_SP00144" HPOS="484" VPOS="1517" WIDTH="24"/>
						<String ID="P182_ST00178" HPOS="508" VPOS="1475" WIDTH="14" HEIGHT="31" CONTENT="I" WC="1.00" CC="0"/>
						<SP ID="P182_SP00145" HPOS="522" VPOS="1517" WIDTH="24"/>
						<String ID="P182_ST00179" HPOS="546" VPOS="1487" WIDTH="51" HEIGHT="19" CONTENT="am" WC="0.50" CC="90"/>
						<SP ID="P182_SP00146" HPOS="597" VPOS="1517" WIDTH="13"/>
						<String ID="P182_ST00180" HPOS="610" VPOS="1478" WIDTH="5" HEIGHT="29" CONTENT="!" WC="0.69" CC="3"/>
						<SP ID="P182_SP00147" HPOS="615" VPOS="1517" WIDTH="13"/>
						<String ID="P182_ST00181" HPOS="628" VPOS="1476" WIDTH="14" HEIGHT="12" CONTENT='"' WC="0.93" CC="0"/>
						<SP ID="P182_SP00148" HPOS="642" VPOS="1517" WIDTH="25"/>
						<String ID="P182_ST00182" HPOS="667" VPOS="1478" WIDTH="84" HEIGHT="31" CONTENT="cried" WC="0.82" CC="53000"/>
						<SP ID="P182_SP00149" HPOS="751" VPOS="1517" WIDTH="20"/>
						<String ID="P182_ST00183" HPOS="771" VPOS="1478" WIDTH="110" HEIGHT="39" CONTENT="Claire," WC="0.58" CC="6004844"/>
						<SP ID="P182_SP00150" HPOS="881" VPOS="1517" WIDTH="24"/>
						<String ID="P182_ST00184" HPOS="905" VPOS="1480" WIDTH="83" HEIGHT="43" CONTENT="clap" SUBS_TYPE="HypPart1" SUBS_CONTENT="clapping" WC="0.73" CC="72003"/>
						<HYP CONTENT="-"/>
					</TextLine>
					<TextLine ID="P182_TL00025" HPOS="160" VPOS="1536" WIDTH="828" HEIGHT="45">
						<String ID="P182_ST00185" HPOS="160" VPOS="1536" WIDTH="76" HEIGHT="42" CONTENT="ping" SUBS_TYPE="HypPart2" SUBS_CONTENT="clapping" WC="0.59" CC="0069"/>
						<SP ID="P182_SP00151" HPOS="236" VPOS="1578" WIDTH="15"/>
						<String ID="P182_ST00186" HPOS="251" VPOS="1536" WIDTH="55" HEIGHT="31" CONTENT="her" WC="0.75" CC="700"/>
						<SP ID="P182_SP00152" HPOS="306" VPOS="1578" WIDTH="14"/>
						<String ID="P182_ST00187" HPOS="320" VPOS="1536" WIDTH="100" HEIGHT="31" CONTENT="hands" WC="0.61" CC="70605"/>
						<SP ID="P182_SP00153" HPOS="420" VPOS="1578" WIDTH="16"/>
						<String ID="P182_ST00188" HPOS="436" VPOS="1536" WIDTH="46" HEIGHT="31" CONTENT="for" WC="1.00" CC="000"/>
						<SP ID="P182_SP00154" HPOS="482" VPOS="1578" WIDTH="12"/>
						<String ID="P182_ST00189" HPOS="494" VPOS="1537" WIDTH="57" HEIGHT="41" CONTENT="joy" WC="0.82" CC="050"/>
						<SP ID="P182_SP00155" HPOS="551" VPOS="1578" WIDTH="12"/>
						<String ID="P182_ST00190" HPOS="563" VPOS="1550" WIDTH="7" HEIGHT="24" CONTENT=";" WC="0.55" CC="4"/>
						<SP ID="P182_SP00156" HPOS="570" VPOS="1578" WIDTH="18"/>
						<String ID="P182_ST00191" HPOS="588" VPOS="1540" WIDTH="17" HEIGHT="12" CONTENT='"' WC="0.57" CC="4"/>
						<SP ID="P182_SP00157" HPOS="605" VPOS="1578" WIDTH="10"/>
						<String ID="P182_ST00192" HPOS="615" VPOS="1539" WIDTH="26" HEIGHT="30" CONTENT="it" WC="0.53" CC="45"/>
						<SP ID="P182_SP00158" HPOS="641" VPOS="1578" WIDTH="16"/>
						<String ID="P182_ST00193" HPOS="657" VPOS="1539" WIDTH="26" HEIGHT="30" CONTENT="is" WC="0.25" CC="49"/>
						<SP ID="P182_SP00159" HPOS="683" VPOS="1578" WIDTH="16"/>
						<String ID="P182_ST00194" HPOS="699" VPOS="1551" WIDTH="32" HEIGHT="19" CONTENT="so" WC="0.76" CC="40"/>
						<SP ID="P182_SP00160" HPOS="731" VPOS="1578" WIDTH="18"/>
						<String ID="P182_ST00195" HPOS="749" VPOS="1539" WIDTH="167" HEIGHT="42" CONTENT="delightful" WC="0.75" CC="0010660064"/>
						<SP ID="P182_SP00161" HPOS="916" VPOS="1581" WIDTH="17"/>
						<String ID="P182_ST00196" HPOS="933" VPOS="1548" WIDTH="55" HEIGHT="26" CONTENT="not" WC="0.59" CC="723"/>
					</TextLine>
				</TextBlock>
			</PrintSpace>
		</Page>
	</Layout>
</alto>
