<?xml version="1.0" encoding="UTF-8"?>
<alto xmlns:xsi="http://www.w3.org/2001/XMLSchema-instance" xsi:noNamespaceSchemaLocation="http://www.bl.uk/schemas/alto/alto-1-4.xsd" xmlns:xlink="http://www.w3.org/1999/xlink">
	<Description>
		<MeasurementUnit>mm10</MeasurementUnit>
		<sourceImageInformation>
			<fileName>//head1/IN/2007-46/A0010888503.2/009500.jp2</fileName>
		</sourceImageInformation>
		<OCRProcessing ID="OCRPROCESSING_1">
			<preProcessingStep>
				<processingSoftware>
					<softwareCreator>CCS Content Conversion Specialists GmbH, Germany</softwareCreator>
					<softwareName>CCS docWORKS</softwareName>
					<softwareVersion>6.1-0.61</softwareVersion>
				</processingSoftware>
			</preProcessingStep>
			<ocrProcessingStep>
				<processingSoftware>
					<softwareCreator>ABBYY (BIT Software), Russia</softwareCreator>
					<softwareName>Finereader</softwareName>
				</processingSoftware>
			</ocrProcessingStep>
		</OCRProcessing>
	</Description>
	<Styles>
		<TextStyle ID="TXT_0" FONTSIZE="11" FONTFAMILY="Courier New"/>
		<TextStyle ID="TXT_1" FONTSIZE="10" FONTFAMILY="Courier New"/>
		<ParagraphStyle ID="PAR_LEFT" ALIGN="Left"/>
		<ParagraphStyle ID="PAR_RIGHT" ALIGN="Right"/>
	</Styles>
	<Layout>
		<Page ID="P292" PHYSICAL_IMG_NR="292" HEIGHT="1747" WIDTH="1132" PRINTED_IMG_NR="282" POSITION="Left" ACCURACY="70.39">
			<TopMargin ID="P292_TM00001" HPOS="0" VPOS="0" WIDTH="1131" HEIGHT="143">
				<TextBlock ID="P292_TB00001" HPOS="210" VPOS="115" WIDTH="52" HEIGHT="26" STYLEREFS="TXT_0 PAR_LEFT">
					<TextLine ID="P292_TL00001" HPOS="210" VPOS="115" WIDTH="52" HEIGHT="26">
						<String ID="P292_ST00001" HPOS="210" VPOS="115" WIDTH="52" HEIGHT="26" CONTENT="282" WC="1.00" CC="000"/>
					</TextLine>
				</TextBlock>
				<TextBlock ID="P292_TB00002" HPOS="449" VPOS="119" WIDTH="355" HEIGHT="23" STYLEREFS="TXT_1 PAR_RIGHT">
					<TextLine ID="P292_TL00002" HPOS="450" VPOS="119" WIDTH="354" HEIGHT="23">
						<String ID="P292_ST00002" HPOS="450" VPOS="122" WIDTH="83" HEIGHT="20" CONTENT="LOVE" WC="0.68" CC="6015"/>
						<SP ID="P292_SP00001" HPOS="533" VPOS="142" WIDTH="23"/>
						<String ID="P292_ST00003" HPOS="556" VPOS="122" WIDTH="64" HEIGHT="20" CONTENT="THE" WC="0.64" CC="046"/>
						<SP ID="P292_SP00002" HPOS="620" VPOS="142" WIDTH="24"/>
						<String ID="P292_ST00004" HPOS="644" VPOS="119" WIDTH="160" HEIGHT="22" CONTENT="AVENGER." WC="0.71" CC="03601380"/>
					</TextLine>
				</TextBlock>
			</TopMargin>
			<LeftMargin ID="P292_LM00001" HPOS="0" VPOS="143" WIDTH="203" HEIGHT="1456"/>
			<RightMargin ID="P292_RM00001" HPOS="1041" VPOS="143" WIDTH="90" HEIGHT="1456"/>
			<BottomMargin ID="P292_BM00001" HPOS="0" VPOS="1599" WIDTH="1131" HEIGHT="147"/>
			<PrintSpace ID="P292_PS00001" HPOS="203" VPOS="143" WIDTH="839" HEIGHT="1456">
				<TextBlock ID="P292_TB00003" HPOS="207" VPOS="195" WIDTH="835" HEIGHT="357" STYLEREFS="TXT_1 PAR_LEFT">
					<TextLine ID="P292_TL00003" HPOS="254" VPOS="195" WIDTH="788" HEIGHT="37">
						<String ID="P292_ST00005" HPOS="254" VPOS="200" WIDTH="66" HEIGHT="31" CONTENT="Nor" WC="0.76" CC="070"/>
						<SP ID="P292_SP00003" HPOS="320" VPOS="231" WIDTH="23"/>
						<String ID="P292_ST00006" HPOS="343" VPOS="211" WIDTH="63" HEIGHT="21" CONTENT="was" WC="0.78" CC="006"/>
						<SP ID="P292_SP00004" HPOS="406" VPOS="232" WIDTH="26"/>
						<String ID="P292_ST00007" HPOS="432" VPOS="200" WIDTH="71" HEIGHT="30" CONTENT="that" WC="0.52" CC="5706"/>
						<SP ID="P292_SP00005" HPOS="503" VPOS="232" WIDTH="24"/>
						<String ID="P292_ST00008" HPOS="527" VPOS="200" WIDTH="49" HEIGHT="30" CONTENT="all." WC="0.87" CC="0500"/>
						<SP ID="P292_SP00006" HPOS="576" VPOS="232" WIDTH="49"/>
						<String ID="P292_ST00009" HPOS="625" VPOS="199" WIDTH="98" HEIGHT="30" CONTENT="There" WC="0.75" CC="07040"/>
						<SP ID="P292_SP00007" HPOS="723" VPOS="232" WIDTH="25"/>
						<String ID="P292_ST00010" HPOS="748" VPOS="208" WIDTH="64" HEIGHT="20" CONTENT="Avas" WC="0.84" CC="0006"/>
						<SP ID="P292_SP00008" HPOS="812" VPOS="232" WIDTH="28"/>
						<String ID="P292_ST00011" HPOS="840" VPOS="207" WIDTH="97" HEIGHT="20" CONTENT="Avorse" WC="0.87" CC="000051"/>
						<SP ID="P292_SP00009" HPOS="937" VPOS="232" WIDTH="31"/>
						<String ID="P292_ST00012" HPOS="968" VPOS="195" WIDTH="74" HEIGHT="32" CONTENT="still." WC="0.60" CC="651054"/>
					</TextLine>
					<TextLine ID="P292_TL00004" HPOS="210" VPOS="259" WIDTH="832" HEIGHT="34">
						<String ID="P292_ST00013" HPOS="210" VPOS="261" WIDTH="105" HEIGHT="32" CONTENT="Worse" WC="0.62" CC="00656"/>
						<SP ID="P292_SP00010" HPOS="315" VPOS="293" WIDTH="14"/>
						<String ID="P292_ST00014" HPOS="329" VPOS="263" WIDTH="11" HEIGHT="30" CONTENT="?" WC="1.00" CC="0"/>
						<SP ID="P292_SP00011" HPOS="340" VPOS="293" WIDTH="23"/>
						<String ID="P292_ST00015" HPOS="363" VPOS="261" WIDTH="91" HEIGHT="32" CONTENT="could" WC="0.77" CC="00740"/>
						<SP ID="P292_SP00012" HPOS="454" VPOS="293" WIDTH="27"/>
						<String ID="P292_ST00016" HPOS="481" VPOS="272" WIDTH="96" HEIGHT="20" CONTENT="Avorse" WC="0.64" CC="090560"/>
						<SP ID="P292_SP00013" HPOS="577" VPOS="293" WIDTH="26"/>
						<String ID="P292_ST00017" HPOS="603" VPOS="260" WIDTH="77" HEIGHT="31" CONTENT="then" WC="0.61" CC="1706"/>
						<SP ID="P292_SP00014" HPOS="680" VPOS="293" WIDTH="24"/>
						<String ID="P292_ST00018" HPOS="704" VPOS="260" WIDTH="38" HEIGHT="30" CONTENT="be" WC="0.63" CC="70"/>
						<SP ID="P292_SP00015" HPOS="742" VPOS="293" WIDTH="13"/>
						<String ID="P292_ST00019" HPOS="755" VPOS="260" WIDTH="11" HEIGHT="30" CONTENT="?" WC="1.00" CC="0"/>
						<SP ID="P292_SP00016" HPOS="766" VPOS="293" WIDTH="45"/>
						<String ID="P292_ST00020" HPOS="811" VPOS="259" WIDTH="98" HEIGHT="30" CONTENT="There" WC="0.75" CC="07050"/>
						<SP ID="P292_SP00017" HPOS="909" VPOS="293" WIDTH="25"/>
						<String ID="P292_ST00021" HPOS="934" VPOS="269" WIDTH="65" HEIGHT="19" CONTENT="was" WC="0.77" CC="006"/>
						<SP ID="P292_SP00018" HPOS="999" VPOS="293" WIDTH="25"/>
						<String ID="P292_ST00022" HPOS="1024" VPOS="268" WIDTH="18" HEIGHT="20" CONTENT="a" WC="0.10" CC="8"/>
					</TextLine>
					<TextLine ID="P292_TL00005" HPOS="209" VPOS="318" WIDTH="833" HEIGHT="47">
						<String ID="P292_ST00023" HPOS="209" VPOS="323" WIDTH="59" HEIGHT="31" CONTENT="last" WC="0.71" CC="0064"/>
						<SP ID="P292_SP00019" HPOS="268" VPOS="354" WIDTH="15"/>
						<String ID="P292_ST00024" HPOS="283" VPOS="323" WIDTH="78" HEIGHT="42" CONTENT="deep" WC="0.99" CC="0000"/>
						<SP ID="P292_SP00020" HPOS="361" VPOS="365" WIDTH="16"/>
						<String ID="P292_ST00025" HPOS="377" VPOS="324" WIDTH="49" HEIGHT="41" CONTENT="pit" WC="0.83" CC="005"/>
						<SP ID="P292_SP00021" HPOS="426" VPOS="365" WIDTH="15"/>
						<String ID="P292_ST00026" HPOS="441" VPOS="323" WIDTH="34" HEIGHT="31" CONTENT="of" WC="0.89" CC="02"/>
						<SP ID="P292_SP00022" HPOS="475" VPOS="365" WIDTH="13"/>
						<String ID="P292_ST00027" HPOS="488" VPOS="322" WIDTH="132" HEIGHT="43" CONTENT="anguish" WC="0.71" CC="0015057"/>
						<SP ID="P292_SP00023" HPOS="620" VPOS="365" WIDTH="16"/>
						<String ID="P292_ST00028" HPOS="636" VPOS="327" WIDTH="33" HEIGHT="26" CONTENT="to" WC="0.88" CC="11"/>
						<SP ID="P292_SP00024" HPOS="669" VPOS="365" WIDTH="16"/>
						<String ID="P292_ST00029" HPOS="685" VPOS="321" WIDTH="102" HEIGHT="32" CONTENT="Avhich" WC="0.75" CC="007007"/>
						<SP ID="P292_SP00025" HPOS="787" VPOS="365" WIDTH="17"/>
						<String ID="P292_ST00030" HPOS="804" VPOS="321" WIDTH="111" HEIGHT="37" CONTENT="Claire," WC="0.74" CC="4300504"/>
						<SP ID="P292_SP00026" HPOS="915" VPOS="365" WIDTH="25"/>
						<String ID="P292_ST00031" HPOS="940" VPOS="319" WIDTH="27" HEIGHT="30" CONTENT="if" WC="0.98" CC="00"/>
						<SP ID="P292_SP00027" HPOS="967" VPOS="365" WIDTH="20"/>
						<String ID="P292_ST00032" HPOS="987" VPOS="318" WIDTH="55" HEIGHT="32" CONTENT="she" WC="0.51" CC="374"/>
					</TextLine>
					<TextLine ID="P292_TL00006" HPOS="210" VPOS="382" WIDTH="831" HEIGHT="40">
						<String ID="P292_ST00033" HPOS="210" VPOS="385" WIDTH="182" HEIGHT="37" CONTENT="descended," WC="0.71" CC="0060550072"/>
						<SP ID="P292_SP00028" HPOS="392" VPOS="422" WIDTH="17"/>
						<String ID="P292_ST00034" HPOS="409" VPOS="389" WIDTH="84" HEIGHT="26" CONTENT="Avent" WC="0.50" CC="90365"/>
						<SP ID="P292_SP00029" HPOS="493" VPOS="422" WIDTH="21"/>
						<String ID="P292_ST00035" HPOS="514" VPOS="385" WIDTH="87" HEIGHT="30" CONTENT="alone" WC="0.72" CC="04063"/>
						<SP ID="P292_SP00030" HPOS="601" VPOS="422" WIDTH="29"/>
						<String ID="P292_ST00036" HPOS="630" VPOS="384" WIDTH="61" HEIGHT="31" CONTENT="and" WC="0.75" CC="070"/>
						<SP ID="P292_SP00031" HPOS="691" VPOS="422" WIDTH="22"/>
						<String ID="P292_ST00037" HPOS="713" VPOS="384" WIDTH="33" HEIGHT="30" CONTENT="in" WC="0.69" CC="06"/>
						<SP ID="P292_SP00032" HPOS="746" VPOS="422" WIDTH="21"/>
						<String ID="P292_ST00038" HPOS="767" VPOS="383" WIDTH="53" HEIGHT="32" CONTENT="the" WC="0.59" CC="470"/>
						<SP ID="P292_SP00033" HPOS="820" VPOS="422" WIDTH="25"/>
						<String ID="P292_ST00039" HPOS="845" VPOS="382" WIDTH="84" HEIGHT="32" CONTENT="dark." WC="0.89" CC="00500"/>
						<SP ID="P292_SP00034" HPOS="929" VPOS="422" WIDTH="50"/>
						<String ID="P292_ST00040" HPOS="979" VPOS="382" WIDTH="62" HEIGHT="31" CONTENT="She" WC="0.27" CC="677"/>
					</TextLine>
					<TextLine ID="P292_TL00007" HPOS="209" VPOS="448" WIDTH="830" HEIGHT="44">
						<String ID="P292_ST00041" HPOS="209" VPOS="450" WIDTH="115" HEIGHT="31" CONTENT="shrank" WC="0.50" CC="679050"/>
						<SP ID="P292_SP00035" HPOS="324" VPOS="481" WIDTH="27"/>
						<String ID="P292_ST00042" HPOS="351" VPOS="451" WIDTH="79" HEIGHT="30" CONTENT="from" WC="0.52" CC="4940"/>
						<SP ID="P292_SP00036" HPOS="430" VPOS="481" WIDTH="27"/>
						<String ID="P292_ST00043" HPOS="457" VPOS="451" WIDTH="107" HEIGHT="41" CONTENT="seeing" WC="0.60" CC="304069"/>
						<SP ID="P292_SP00037" HPOS="564" VPOS="492" WIDTH="26"/>
						<String ID="P292_ST00044" HPOS="590" VPOS="450" WIDTH="84" HEIGHT="31" CONTENT="Avhat" WC="0.74" CC="00705"/>
						<SP ID="P292_SP00038" HPOS="674" VPOS="492" WIDTH="28"/>
						<String ID="P292_ST00045" HPOS="702" VPOS="460" WIDTH="63" HEIGHT="21" CONTENT="was" WC="0.80" CC="005"/>
						<SP ID="P292_SP00039" HPOS="765" VPOS="492" WIDTH="26"/>
						<String ID="P292_ST00046" HPOS="791" VPOS="449" WIDTH="88" HEIGHT="31" CONTENT="there" WC="0.75" CC="17030"/>
						<SP ID="P292_SP00040" HPOS="879" VPOS="492" WIDTH="27"/>
						<String ID="P292_ST00047" HPOS="906" VPOS="453" WIDTH="33" HEIGHT="26" CONTENT="to" WC="0.66" CC="51"/>
						<SP ID="P292_SP00041" HPOS="939" VPOS="492" WIDTH="27"/>
						<String ID="P292_ST00048" HPOS="966" VPOS="448" WIDTH="73" HEIGHT="31" CONTENT="hurt" WC="0.52" CC="7703"/>
					</TextLine>
					<TextLine ID="P292_TL00008" HPOS="208" VPOS="512" WIDTH="626" HEIGHT="40">
						<String ID="P292_ST00049" HPOS="208" VPOS="513" WIDTH="63" HEIGHT="37" CONTENT="her," WC="0.57" CC="7044"/>
						<SP ID="P292_SP00042" HPOS="271" VPOS="550" WIDTH="17"/>
						<String ID="P292_ST00050" HPOS="288" VPOS="513" WIDTH="57" HEIGHT="31" CONTENT="but" WC="0.42" CC="565"/>
						<SP ID="P292_SP00043" HPOS="345" VPOS="550" WIDTH="15"/>
						<String ID="P292_ST00051" HPOS="360" VPOS="514" WIDTH="54" HEIGHT="30" CONTENT="she" WC="0.43" CC="573"/>
						<SP ID="P292_SP00044" HPOS="414" VPOS="550" WIDTH="16"/>
						<String ID="P292_ST00052" HPOS="430" VPOS="513" WIDTH="136" HEIGHT="31" CONTENT="smarted" WC="0.77" CC="4005500"/>
						<SP ID="P292_SP00045" HPOS="566" VPOS="550" WIDTH="15"/>
						<String ID="P292_ST00053" HPOS="581" VPOS="513" WIDTH="81" HEIGHT="30" CONTENT="from" WC="0.96" CC="1000"/>
						<SP ID="P292_SP00046" HPOS="662" VPOS="550" WIDTH="16"/>
						<String ID="P292_ST00054" HPOS="678" VPOS="512" WIDTH="55" HEIGHT="31" CONTENT="the" WC="0.53" CC="670"/>
						<SP ID="P292_SP00047" HPOS="733" VPOS="550" WIDTH="15"/>
						<String ID="P292_ST00055" HPOS="748" VPOS="512" WIDTH="86" HEIGHT="40" CONTENT="pain." WC="0.99" CC="00000"/>
					</TextLine>
				</TextBlock>
				<TextBlock ID="P292_TB00004" HPOS="204" VPOS="571" WIDTH="837" HEIGHT="353" STYLEREFS="TXT_1 PAR_LEFT">
					<TextLine ID="P292_TL00009" HPOS="251" VPOS="571" WIDTH="790" HEIGHT="45">
						<String ID="P292_ST00056" HPOS="251" VPOS="574" WIDTH="91" HEIGHT="31" CONTENT="After" WC="0.98" CC="00000"/>
						<SP ID="P292_SP00048" HPOS="342" VPOS="605" WIDTH="40"/>
						<String ID="P292_ST00057" HPOS="382" VPOS="586" WIDTH="16" HEIGHT="19" CONTENT="a" WC="1.00" CC="0"/>
						<SP ID="P292_SP00049" HPOS="398" VPOS="605" WIDTH="41"/>
						<String ID="P292_ST00058" HPOS="439" VPOS="575" WIDTH="143" HEIGHT="41" CONTENT="sleepless" WC="0.75" CC="600002057"/>
						<SP ID="P292_SP00050" HPOS="582" VPOS="616" WIDTH="39"/>
						<String ID="P292_ST00059" HPOS="621" VPOS="574" WIDTH="103" HEIGHT="42" CONTENT="night," WC="0.41" CC="746753"/>
						<SP ID="P292_SP00051" HPOS="724" VPOS="616" WIDTH="38"/>
						<String ID="P292_ST00060" HPOS="762" VPOS="573" WIDTH="108" HEIGHT="38" CONTENT="Claire," WC="0.66" CC="6107304"/>
						<SP ID="P292_SP00052" HPOS="870" VPOS="616" WIDTH="32"/>
						<String ID="P292_ST00061" HPOS="902" VPOS="584" WIDTH="41" HEIGHT="19" CONTENT="on" WC="0.51" CC="26"/>
						<SP ID="P292_SP00053" HPOS="943" VPOS="616" WIDTH="42"/>
						<String ID="P292_ST00062" HPOS="985" VPOS="571" WIDTH="56" HEIGHT="32" CONTENT="the" WC="0.35" CC="377"/>
					</TextLine>
					<TextLine ID="P292_TL00010" HPOS="207" VPOS="634" WIDTH="834" HEIGHT="45">
						<String ID="P292_ST00063" HPOS="207" VPOS="647" WIDTH="131" HEIGHT="20" CONTENT="morroAV" WC="0.71" CC="9064000"/>
						<SP ID="P292_SP00054" HPOS="338" VPOS="667" WIDTH="19"/>
						<String ID="P292_ST00064" HPOS="357" VPOS="636" WIDTH="34" HEIGHT="31" CONTENT="of" WC="1.00" CC="00"/>
						<SP ID="P292_SP00055" HPOS="391" VPOS="667" WIDTH="18"/>
						<String ID="P292_ST00065" HPOS="409" VPOS="636" WIDTH="53" HEIGHT="32" CONTENT="the" WC="0.50" CC="770"/>
						<SP ID="P292_SP00056" HPOS="462" VPOS="668" WIDTH="22"/>
						<String ID="P292_ST00066" HPOS="484" VPOS="636" WIDTH="72" HEIGHT="39" CONTENT="ball," WC="0.62" CC="70073"/>
						<SP ID="P292_SP00057" HPOS="556" VPOS="675" WIDTH="18"/>
						<String ID="P292_ST00067" HPOS="574" VPOS="636" WIDTH="113" HEIGHT="43" CONTENT="sought" WC="0.55" CC="606076"/>
						<SP ID="P292_SP00058" HPOS="687" VPOS="679" WIDTH="25"/>
						<String ID="P292_ST00068" HPOS="712" VPOS="636" WIDTH="55" HEIGHT="31" CONTENT="her" WC="0.60" CC="704"/>
						<SP ID="P292_SP00059" HPOS="767" VPOS="679" WIDTH="25"/>
						<String ID="P292_ST00069" HPOS="792" VPOS="647" WIDTH="57" HEIGHT="19" CONTENT="one" WC="0.73" CC="052"/>
						<SP ID="P292_SP00060" HPOS="849" VPOS="679" WIDTH="24"/>
						<String ID="P292_ST00070" HPOS="873" VPOS="634" WIDTH="168" HEIGHT="31" CONTENT="comforter" WC="0.89" CC="000011140"/>
					</TextLine>
					<TextLine ID="P292_TL00011" HPOS="205" VPOS="697" WIDTH="829" HEIGHT="41">
						<String ID="P292_ST00071" HPOS="205" VPOS="700" WIDTH="33" HEIGHT="30" CONTENT="in" WC="0.66" CC="06"/>
						<SP ID="P292_SP00061" HPOS="238" VPOS="730" WIDTH="25"/>
						<String ID="P292_ST00072" HPOS="263" VPOS="700" WIDTH="41" HEIGHT="30" CONTENT="all" WC="0.80" CC="005"/>
						<SP ID="P292_SP00062" HPOS="304" VPOS="730" WIDTH="19"/>
						<String ID="P292_ST00073" HPOS="323" VPOS="700" WIDTH="129" HEIGHT="38" CONTENT="trouble," WC="0.54" CC="56067404"/>
						<SP ID="P292_SP00063" HPOS="452" VPOS="738" WIDTH="23"/>
						<String ID="P292_ST00074" HPOS="475" VPOS="700" WIDTH="146" HEIGHT="30" CONTENT="Madame" WC="1.00" CC="000000"/>
						<SP ID="P292_SP00064" HPOS="621" VPOS="738" WIDTH="16"/>
						<String ID="P292_ST00075" HPOS="637" VPOS="699" WIDTH="194" HEIGHT="37" CONTENT="Beaudouin," WC="0.69" CC="6006007063"/>
						<SP ID="P292_SP00065" HPOS="831" VPOS="738" WIDTH="15"/>
						<String ID="P292_ST00076" HPOS="846" VPOS="698" WIDTH="72" HEIGHT="38" CONTENT="and," WC="0.55" CC="7603"/>
						<SP ID="P292_SP00066" HPOS="918" VPOS="738" WIDTH="23"/>
						<String ID="P292_ST00077" HPOS="941" VPOS="697" WIDTH="93" HEIGHT="32" CONTENT="when" WC="0.67" CC="0706"/>
					</TextLine>
					<TextLine ID="P292_TL00012" HPOS="205" VPOS="758" WIDTH="831" HEIGHT="44">
						<String ID="P292_ST00078" HPOS="205" VPOS="761" WIDTH="53" HEIGHT="30" CONTENT="the" WC="0.53" CC="670"/>
						<SP ID="P292_SP00067" HPOS="258" VPOS="791" WIDTH="17"/>
						<String ID="P292_ST00079" HPOS="275" VPOS="762" WIDTH="199" HEIGHT="40" CONTENT="occupations" WC="0.71" CC="23750000066"/>
						<SP ID="P292_SP00068" HPOS="474" VPOS="802" WIDTH="15"/>
						<String ID="P292_ST00080" HPOS="489" VPOS="760" WIDTH="35" HEIGHT="31" CONTENT="of" WC="1.00" CC="00"/>
						<SP ID="P292_SP00069" HPOS="524" VPOS="802" WIDTH="20"/>
						<String ID="P292_ST00081" HPOS="544" VPOS="761" WIDTH="54" HEIGHT="30" CONTENT="the" WC="0.72" CC="170"/>
						<SP ID="P292_SP00070" HPOS="598" VPOS="802" WIDTH="21"/>
						<String ID="P292_ST00082" HPOS="619" VPOS="760" WIDTH="149" HEIGHT="31" CONTENT="forenoon" WC="0.82" CC="03007011"/>
						<SP ID="P292_SP00071" HPOS="768" VPOS="802" WIDTH="17"/>
						<String ID="P292_ST00083" HPOS="785" VPOS="771" WIDTH="80" HEIGHT="19" CONTENT="were" WC="1.00" CC="0000"/>
						<SP ID="P292_SP00072" HPOS="865" VPOS="802" WIDTH="16"/>
						<String ID="P292_ST00084" HPOS="881" VPOS="770" WIDTH="82" HEIGHT="26" CONTENT="over," WC="0.73" CC="07014"/>
						<SP ID="P292_SP00073" HPOS="963" VPOS="802" WIDTH="19"/>
						<String ID="P292_ST00085" HPOS="982" VPOS="758" WIDTH="54" HEIGHT="32" CONTENT="the" WC="0.40" CC="575"/>
					</TextLine>
					<TextLine ID="P292_TL00013" HPOS="206" VPOS="820" WIDTH="831" HEIGHT="43">
						<String ID="P292_ST00086" HPOS="206" VPOS="828" WIDTH="77" HEIGHT="25" CONTENT="aunt" WC="0.56" CC="0754"/>
						<SP ID="P292_SP00074" HPOS="283" VPOS="853" WIDTH="16"/>
						<String ID="P292_ST00087" HPOS="299" VPOS="823" WIDTH="62" HEIGHT="30" CONTENT="and" WC="0.87" CC="030"/>
						<SP ID="P292_SP00075" HPOS="361" VPOS="853" WIDTH="15"/>
						<String ID="P292_ST00088" HPOS="376" VPOS="823" WIDTH="86" HEIGHT="30" CONTENT="niece" WC="0.80" CC="72000"/>
						<SP ID="P292_SP00076" HPOS="462" VPOS="853" WIDTH="22"/>
						<String ID="P292_ST00089" HPOS="484" VPOS="822" WIDTH="126" HEIGHT="31" CONTENT="strolled" WC="0.72" CC="65500400"/>
						<SP ID="P292_SP00077" HPOS="610" VPOS="853" WIDTH="20"/>
						<String ID="P292_ST00090" HPOS="630" VPOS="822" WIDTH="85" HEIGHT="30" CONTENT="forth" WC="0.60" CC="60067"/>
						<SP ID="P292_SP00078" HPOS="715" VPOS="853" WIDTH="20"/>
						<String ID="P292_ST00091" HPOS="735" VPOS="821" WIDTH="144" HEIGHT="42" CONTENT="together" WC="0.55" CC="24907703"/>
						<SP ID="P292_SP00079" HPOS="879" VPOS="863" WIDTH="21"/>
						<String ID="P292_ST00092" HPOS="900" VPOS="821" WIDTH="67" HEIGHT="30" CONTENT="into" WC="0.73" CC="0730"/>
						<SP ID="P292_SP00080" HPOS="967" VPOS="863" WIDTH="16"/>
						<String ID="P292_ST00093" HPOS="983" VPOS="820" WIDTH="54" HEIGHT="31" CONTENT="the" WC="0.53" CC="670"/>
					</TextLine>
					<TextLine ID="P292_TL00014" HPOS="205" VPOS="884" WIDTH="83" HEIGHT="40">
						<String ID="P292_ST00094" HPOS="205" VPOS="884" WIDTH="83" HEIGHT="40" CONTENT="park." WC="0.74" CC="90030"/>
					</TextLine>
				</TextBlock>
				<TextBlock ID="P292_TB00005" HPOS="203" VPOS="944" WIDTH="835" HEIGHT="535" STYLEREFS="TXT_1 PAR_LEFT">
					<TextLine ID="P292_TL00015" HPOS="249" VPOS="945" WIDTH="788" HEIGHT="43">
						<String ID="P292_ST00095" HPOS="249" VPOS="945" WIDTH="64" HEIGHT="31" CONTENT="The" WC="0.69" CC="071"/>
						<SP ID="P292_SP00081" HPOS="313" VPOS="976" WIDTH="31"/>
						<String ID="P292_ST00096" HPOS="344" VPOS="945" WIDTH="63" HEIGHT="42" CONTENT="day" WC="1.00" CC="000"/>
						<SP ID="P292_SP00082" HPOS="407" VPOS="987" WIDTH="24"/>
						<String ID="P292_ST00097" HPOS="431" VPOS="956" WIDTH="63" HEIGHT="20" CONTENT="was" WC="0.85" CC="004"/>
						<SP ID="P292_SP00083" HPOS="494" VPOS="987" WIDTH="24"/>
						<String ID="P292_ST00098" HPOS="518" VPOS="945" WIDTH="107" HEIGHT="42" CONTENT="balmy" WC="0.85" CC="70000"/>
						<SP ID="P292_SP00084" HPOS="625" VPOS="987" WIDTH="27"/>
						<String ID="P292_ST00099" HPOS="652" VPOS="945" WIDTH="62" HEIGHT="31" CONTENT="and" WC="0.79" CC="060"/>
						<SP ID="P292_SP00085" HPOS="714" VPOS="987" WIDTH="31"/>
						<String ID="P292_ST00100" HPOS="745" VPOS="945" WIDTH="117" HEIGHT="43" CONTENT="bright," WC="0.56" CC="7401754"/>
						<SP ID="P292_SP00086" HPOS="862" VPOS="988" WIDTH="28"/>
						<String ID="P292_ST00101" HPOS="890" VPOS="945" WIDTH="63" HEIGHT="31" CONTENT="and" WC="0.86" CC="040"/>
						<SP ID="P292_SP00087" HPOS="953" VPOS="988" WIDTH="30"/>
						<String ID="P292_ST00102" HPOS="983" VPOS="945" WIDTH="54" HEIGHT="30" CONTENT="the" WC="0.42" CC="574"/>
					</TextLine>
					<TextLine ID="P292_TL00016" HPOS="206" VPOS="1006" WIDTH="831" HEIGHT="43">
						<String ID="P292_ST00103" HPOS="206" VPOS="1007" WIDTH="76" HEIGHT="42" CONTENT="deep" WC="0.75" CC="9000"/>
						<SP ID="P292_SP00088" HPOS="282" VPOS="1049" WIDTH="28"/>
						<String ID="P292_ST00104" HPOS="310" VPOS="1007" WIDTH="130" HEIGHT="31" CONTENT="A'erdure" WC="0.79" CC="04120700"/>
						<SP ID="P292_SP00089" HPOS="440" VPOS="1049" WIDTH="25"/>
						<String ID="P292_ST00105" HPOS="465" VPOS="1007" WIDTH="34" HEIGHT="31" CONTENT="of" WC="1.00" CC="00"/>
						<SP ID="P292_SP00090" HPOS="499" VPOS="1049" WIDTH="24"/>
						<String ID="P292_ST00106" HPOS="523" VPOS="1018" WIDTH="136" HEIGHT="20" CONTENT="summer" WC="0.54" CC="553066"/>
						<SP ID="P292_SP00091" HPOS="659" VPOS="1049" WIDTH="26"/>
						<String ID="P292_ST00107" HPOS="685" VPOS="1018" WIDTH="65" HEIGHT="21" CONTENT="was" WC="0.80" CC="005"/>
						<SP ID="P292_SP00092" HPOS="750" VPOS="1049" WIDTH="25"/>
						<String ID="P292_ST00108" HPOS="775" VPOS="1007" WIDTH="76" HEIGHT="42" CONTENT="only" WC="0.82" CC="0600"/>
						<SP ID="P292_SP00093" HPOS="851" VPOS="1049" WIDTH="22"/>
						<String ID="P292_ST00109" HPOS="873" VPOS="1007" WIDTH="73" HEIGHT="31" CONTENT="here" WC="0.67" CC="7050"/>
						<SP ID="P292_SP00094" HPOS="946" VPOS="1049" WIDTH="28"/>
						<String ID="P292_ST00110" HPOS="974" VPOS="1006" WIDTH="63" HEIGHT="31" CONTENT="and" WC="0.75" CC="070"/>
					</TextLine>
					<TextLine ID="P292_TL00017" HPOS="204" VPOS="1067" WIDTH="833" HEIGHT="44">
						<String ID="P292_ST00111" HPOS="204" VPOS="1068" WIDTH="85" HEIGHT="31" CONTENT="there" WC="0.78" CC="07300"/>
						<SP ID="P292_SP00095" HPOS="289" VPOS="1099" WIDTH="24"/>
						<String ID="P292_ST00112" HPOS="313" VPOS="1068" WIDTH="140" HEIGHT="43" CONTENT="yielding" WC="0.68" CC="01660064"/>
						<SP ID="P292_SP00096" HPOS="453" VPOS="1111" WIDTH="23"/>
						<String ID="P292_ST00113" HPOS="476" VPOS="1073" WIDTH="33" HEIGHT="26" CONTENT="to" WC="0.94" CC="01"/>
						<SP ID="P292_SP00097" HPOS="509" VPOS="1111" WIDTH="24"/>
						<String ID="P292_ST00114" HPOS="533" VPOS="1069" WIDTH="53" HEIGHT="30" CONTENT="the" WC="0.63" CC="370"/>
						<SP ID="P292_SP00098" HPOS="586" VPOS="1111" WIDTH="26"/>
						<String ID="P292_ST00115" HPOS="612" VPOS="1079" WIDTH="84" HEIGHT="21" CONTENT="more" WC="0.98" CC="0000"/>
						<SP ID="P292_SP00099" HPOS="696" VPOS="1111" WIDTH="25"/>
						<String ID="P292_ST00116" HPOS="721" VPOS="1068" WIDTH="188" HEIGHT="43" CONTENT="gorgeously" WC="0.81" CC="0002306600"/>
						<SP ID="P292_SP00100" HPOS="909" VPOS="1111" WIDTH="20"/>
						<String ID="P292_ST00117" HPOS="929" VPOS="1067" WIDTH="108" HEIGHT="32" CONTENT="varied" WC="0.63" CC="407009"/>
					</TextLine>
					<TextLine ID="P292_TL00018" HPOS="205" VPOS="1129" WIDTH="832" HEIGHT="31">
						<String ID="P292_ST00118" HPOS="205" VPOS="1133" WIDTH="132" HEIGHT="26" CONTENT="autumn" WC="0.59" CC="063707"/>
						<SP ID="P292_SP00101" HPOS="337" VPOS="1159" WIDTH="37"/>
						<String ID="P292_ST00119" HPOS="374" VPOS="1129" WIDTH="85" HEIGHT="31" CONTENT="tints." WC="0.63" CC="606260"/>
						<SP ID="P292_SP00102" HPOS="459" VPOS="1160" WIDTH="71"/>
						<String ID="P292_ST00120" HPOS="530" VPOS="1129" WIDTH="147" HEIGHT="31" CONTENT="Madame" WC="0.94" CC="000003"/>
						<SP ID="P292_SP00103" HPOS="677" VPOS="1160" WIDTH="38"/>
						<String ID="P292_ST00121" HPOS="715" VPOS="1129" WIDTH="186" HEIGHT="31" CONTENT="Beaudouin" WC="0.67" CC="700601607"/>
						<SP ID="P292_SP00104" HPOS="901" VPOS="1160" WIDTH="44"/>
						<String ID="P292_ST00122" HPOS="945" VPOS="1129" WIDTH="92" HEIGHT="31" CONTENT="loved" WC="0.76" CC="32410"/>
					</TextLine>
					<TextLine ID="P292_TL00019" HPOS="205" VPOS="1191" WIDTH="833" HEIGHT="42">
						<String ID="P292_ST00123" HPOS="205" VPOS="1195" WIDTH="110" HEIGHT="26" CONTENT="nature" WC="0.55" CC="604707"/>
						<SP ID="P292_SP00105" HPOS="315" VPOS="1221" WIDTH="31"/>
						<String ID="P292_ST00124" HPOS="346" VPOS="1191" WIDTH="76" HEIGHT="30" CONTENT="Avith" WC="0.55" CC="09047"/>
						<SP ID="P292_SP00106" HPOS="422" VPOS="1221" WIDTH="31"/>
						<String ID="P292_ST00125" HPOS="453" VPOS="1202" WIDTH="40" HEIGHT="19" CONTENT="an" WC="0.64" CC="07"/>
						<SP ID="P292_SP00107" HPOS="493" VPOS="1221" WIDTH="32"/>
						<String ID="P292_ST00126" HPOS="525" VPOS="1191" WIDTH="111" HEIGHT="30" CONTENT="almost" WC="0.82" CC="000055"/>
						<SP ID="P292_SP00108" HPOS="636" VPOS="1221" WIDTH="30"/>
						<String ID="P292_ST00127" HPOS="666" VPOS="1191" WIDTH="176" HEIGHT="41" CONTENT="passionate" WC="0.73" CC="0076005060"/>
						<SP ID="P292_SP00109" HPOS="842" VPOS="1232" WIDTH="31"/>
						<String ID="P292_ST00128" HPOS="873" VPOS="1191" WIDTH="165" HEIGHT="42" CONTENT="intensity," WC="0.65" CC="0550750604"/>
					</TextLine>
					<TextLine ID="P292_TL00020" HPOS="205" VPOS="1251" WIDTH="833" HEIGHT="43">
						<String ID="P292_ST00129" HPOS="205" VPOS="1251" WIDTH="63" HEIGHT="31" CONTENT="and" WC="0.85" CC="040"/>
						<SP ID="P292_SP00110" HPOS="268" VPOS="1282" WIDTH="26"/>
						<String ID="P292_ST00130" HPOS="294" VPOS="1262" WIDTH="64" HEIGHT="20" CONTENT="Avas" WC="0.50" CC="0909"/>
						<SP ID="P292_SP00111" HPOS="358" VPOS="1282" WIDTH="24"/>
						<String ID="P292_ST00131" HPOS="382" VPOS="1263" WIDTH="40" HEIGHT="19" CONTENT="an" WC="0.68" CC="06"/>
						<SP ID="P292_SP00112" HPOS="422" VPOS="1282" WIDTH="25"/>
						<String ID="P292_ST00132" HPOS="447" VPOS="1252" WIDTH="223" HEIGHT="42" CONTENT="indefatigable" WC="0.84" CC="3600000030700"/>
						<SP ID="P292_SP00113" HPOS="670" VPOS="1294" WIDTH="25"/>
						<String ID="P292_ST00133" HPOS="695" VPOS="1253" WIDTH="124" HEIGHT="30" CONTENT="Avalker." WC="0.80" CC="00080060"/>
						<SP ID="P292_SP00114" HPOS="819" VPOS="1294" WIDTH="59"/>
						<String ID="P292_ST00134" HPOS="878" VPOS="1253" WIDTH="65" HEIGHT="31" CONTENT="The" WC="0.75" CC="070"/>
						<SP ID="P292_SP00115" HPOS="943" VPOS="1294" WIDTH="31"/>
						<String ID="P292_ST00135" HPOS="974" VPOS="1258" WIDTH="64" HEIGHT="26" CONTENT="two" WC="0.58" CC="605"/>
					</TextLine>
					<TextLine ID="P292_TL00021" HPOS="205" VPOS="1312" WIDTH="833" HEIGHT="44">
						<String ID="P292_ST00136" HPOS="205" VPOS="1312" WIDTH="125" HEIGHT="42" CONTENT="strayed" WC="0.68" CC="9750000"/>
						<SP ID="P292_SP00116" HPOS="330" VPOS="1354" WIDTH="15"/>
						<String ID="P292_ST00137" HPOS="345" VPOS="1312" WIDTH="125" HEIGHT="42" CONTENT="beyond" WC="0.77" CC="700060"/>
						<SP ID="P292_SP00117" HPOS="470" VPOS="1354" WIDTH="16"/>
						<String ID="P292_ST00138" HPOS="486" VPOS="1313" WIDTH="53" HEIGHT="30" CONTENT="the" WC="0.61" CC="272"/>
						<SP ID="P292_SP00118" HPOS="539" VPOS="1354" WIDTH="16"/>
						<String ID="P292_ST00139" HPOS="555" VPOS="1313" WIDTH="97" HEIGHT="31" CONTENT="limits" WC="0.81" CC="000046"/>
						<SP ID="P292_SP00119" HPOS="652" VPOS="1354" WIDTH="24"/>
						<String ID="P292_ST00140" HPOS="676" VPOS="1314" WIDTH="35" HEIGHT="30" CONTENT="of" WC="0.67" CC="24"/>
						<SP ID="P292_SP00120" HPOS="711" VPOS="1354" WIDTH="21"/>
						<String ID="P292_ST00141" HPOS="732" VPOS="1314" WIDTH="167" HEIGHT="38" CONTENT="Clavreuil," WC="0.70" CC="5000006853"/>
						<SP ID="P292_SP00121" HPOS="899" VPOS="1354" WIDTH="18"/>
						<String ID="P292_ST00142" HPOS="917" VPOS="1314" WIDTH="121" HEIGHT="42" CONTENT="talking" SUBS_TYPE="HypPart1" SUBS_CONTENT="talkinglittle," WC="0.52" CC="70107596"/>
						<HYP CONTENT="-"/>
					</TextLine>
					<TextLine ID="P292_TL00022" HPOS="205" VPOS="1373" WIDTH="833" HEIGHT="45">
						<String ID="P292_ST00143" HPOS="205" VPOS="1373" WIDTH="88" HEIGHT="38" CONTENT="little," SUBS_TYPE="HypPart2" SUBS_CONTENT="talkinglittle," WC="0.60" CC="6341524"/>
						<SP ID="P292_SP00122" HPOS="293" VPOS="1411" WIDTH="27"/>
						<String ID="P292_ST00144" HPOS="320" VPOS="1373" WIDTH="57" HEIGHT="30" CONTENT="but" WC="0.24" CC="777"/>
						<SP ID="P292_SP00123" HPOS="377" VPOS="1411" WIDTH="31"/>
						<String ID="P292_ST00145" HPOS="408" VPOS="1375" WIDTH="172" HEIGHT="41" CONTENT="seemingly" WC="0.78" CC="600008310"/>
						<SP ID="P292_SP00124" HPOS="580" VPOS="1416" WIDTH="31"/>
						<String ID="P292_ST00146" HPOS="611" VPOS="1376" WIDTH="111" HEIGHT="42" CONTENT="taking" WC="0.66" CC="600049"/>
						<SP ID="P292_SP00125" HPOS="722" VPOS="1418" WIDTH="30"/>
						<String ID="P292_ST00147" HPOS="752" VPOS="1376" WIDTH="142" HEIGHT="42" CONTENT="pleasure" WC="0.68" CC="05005850"/>
						<SP ID="P292_SP00126" HPOS="894" VPOS="1418" WIDTH="31"/>
						<String ID="P292_ST00148" HPOS="925" VPOS="1376" WIDTH="33" HEIGHT="31" CONTENT="in" WC="0.60" CC="07"/>
						<SP ID="P292_SP00127" HPOS="958" VPOS="1418" WIDTH="26"/>
						<String ID="P292_ST00149" HPOS="984" VPOS="1376" WIDTH="54" HEIGHT="32" CONTENT="the" WC="0.28" CC="992"/>
					</TextLine>
					<TextLine ID="P292_TL00023" HPOS="205" VPOS="1434" WIDTH="570" HEIGHT="45">
						<String ID="P292_ST00150" HPOS="205" VPOS="1446" WIDTH="83" HEIGHT="19" CONTENT="mere" WC="0.83" CC="0060"/>
						<SP ID="P292_SP00128" HPOS="288" VPOS="1465" WIDTH="16"/>
						<String ID="P292_ST00151" HPOS="304" VPOS="1434" WIDTH="63" HEIGHT="31" CONTENT="fact" WC="0.69" CC="0056"/>
						<SP ID="P292_SP00129" HPOS="367" VPOS="1465" WIDTH="15"/>
						<String ID="P292_ST00152" HPOS="382" VPOS="1435" WIDTH="34" HEIGHT="30" CONTENT="of" WC="1.00" CC="00"/>
						<SP ID="P292_SP00130" HPOS="416" VPOS="1465" WIDTH="14"/>
						<String ID="P292_ST00153" HPOS="430" VPOS="1436" WIDTH="74" HEIGHT="30" CONTENT="each" WC="0.81" CC="0007"/>
						<SP ID="P292_SP00131" HPOS="504" VPOS="1466" WIDTH="17"/>
						<String ID="P292_ST00154" HPOS="521" VPOS="1437" WIDTH="112" HEIGHT="31" CONTENT="other's" WC="0.70" CC="0270317"/>
						<SP ID="P292_SP00132" HPOS="633" VPOS="1468" WIDTH="16"/>
						<String ID="P292_ST00155" HPOS="649" VPOS="1438" WIDTH="126" HEIGHT="41" CONTENT="society." WC="0.92" CC="50000000"/>
					</TextLine>
				</TextBlock>
				<TextBlock ID="P292_TB00006" HPOS="204" VPOS="1496" WIDTH="834" HEIGHT="103" STYLEREFS="TXT_1 PAR_LEFT">
					<TextLine ID="P292_TL00024" HPOS="249" VPOS="1496" WIDTH="789" HEIGHT="46">
						<String ID="P292_ST00156" HPOS="249" VPOS="1496" WIDTH="64" HEIGHT="30" CONTENT="The" WC="0.55" CC="075"/>
						<SP ID="P292_SP00133" HPOS="313" VPOS="1526" WIDTH="17"/>
						<String ID="P292_ST00157" HPOS="330" VPOS="1497" WIDTH="60" HEIGHT="30" CONTENT="last" WC="0.59" CC="3066"/>
						<SP ID="P292_SP00134" HPOS="390" VPOS="1527" WIDTH="15"/>
						<String ID="P292_ST00158" HPOS="405" VPOS="1497" WIDTH="102" HEIGHT="31" CONTENT="words" WC="0.79" CC="00405"/>
						<SP ID="P292_SP00135" HPOS="507" VPOS="1528" WIDTH="15"/>
						<String ID="P292_ST00159" HPOS="522" VPOS="1497" WIDTH="70" HEIGHT="32" CONTENT="that" WC="0.65" CC="0706"/>
						<SP ID="P292_SP00136" HPOS="592" VPOS="1529" WIDTH="21"/>
						<String ID="P292_ST00160" HPOS="613" VPOS="1498" WIDTH="63" HEIGHT="31" CONTENT="had" WC="0.75" CC="700"/>
						<SP ID="P292_SP00137" HPOS="676" VPOS="1529" WIDTH="21"/>
						<String ID="P292_ST00161" HPOS="697" VPOS="1499" WIDTH="79" HEIGHT="31" CONTENT="been" WC="0.64" CC="7007"/>
						<SP ID="P292_SP00138" HPOS="776" VPOS="1530" WIDTH="23"/>
						<String ID="P292_ST00162" HPOS="799" VPOS="1500" WIDTH="184" HEIGHT="42" CONTENT="exchanged" WC="0.72" CC="306707000"/>
						<SP ID="P292_SP00139" HPOS="983" VPOS="1542" WIDTH="16"/>
						<String ID="P292_ST00163" HPOS="999" VPOS="1512" WIDTH="39" HEIGHT="19" CONTENT="on" WC="0.51" CC="27"/>
					</TextLine>
					<TextLine ID="P292_TL00025" HPOS="205" VPOS="1556" WIDTH="833" HEIGHT="43">
						<String ID="P292_ST00164" HPOS="205" VPOS="1556" WIDTH="53" HEIGHT="30" CONTENT="the" WC="0.48" CC="373"/>
						<SP ID="P292_SP00140" HPOS="258" VPOS="1586" WIDTH="16"/>
						<String ID="P292_ST00165" HPOS="274" VPOS="1558" WIDTH="143" HEIGHT="39" CONTENT="previous" WC="0.71" CC="03400256"/>
						<SP ID="P292_SP00141" HPOS="417" VPOS="1597" WIDTH="17"/>
						<String ID="P292_ST00166" HPOS="434" VPOS="1558" WIDTH="91" HEIGHT="41" CONTENT="night" WC="0.49" CC="30875"/>
						<SP ID="P292_SP00142" HPOS="525" VPOS="1599" WIDTH="11"/>
						<String ID="P292_ST00167" HPOS="536" VPOS="1558" WIDTH="142" HEIGHT="32" CONTENT="between" WC="0.94" CC="0000003"/>
						<SP ID="P292_SP00143" HPOS="678" VPOS="1599" WIDTH="13"/>
						<String ID="P292_ST00168" HPOS="691" VPOS="1560" WIDTH="146" HEIGHT="31" CONTENT="Madame" WC="0.95" CC="000003"/>
						<SP ID="P292_SP00144" HPOS="837" VPOS="1599" WIDTH="17"/>
						<String ID="P292_ST00169" HPOS="854" VPOS="1561" WIDTH="184" HEIGHT="32" CONTENT="Beaudouin" WC="0.66" CC="600502608"/>
					</TextLine>
				</TextBlock>
			</PrintSpace>
		</Page>
	</Layout>
</alto>
