<?xml version="1.0" encoding="UTF-8"?>
<alto xmlns:xsi="http://www.w3.org/2001/XMLSchema-instance" xsi:noNamespaceSchemaLocation="http://www.bl.uk/schemas/alto/alto-1-4.xsd" xmlns:xlink="http://www.w3.org/1999/xlink">
	<Description>
		<MeasurementUnit>mm10</MeasurementUnit>
		<sourceImageInformation>
			<fileName>//head1/IN/2007-46/A0010888503.2/009364.jp2</fileName>
		</sourceImageInformation>
		<OCRProcessing ID="OCRPROCESSING_1">
			<preProcessingStep>
				<processingSoftware>
					<softwareCreator>CCS Content Conversion Specialists GmbH, Germany</softwareCreator>
					<softwareName>CCS docWORKS</softwareName>
					<softwareVersion>6.1-0.61</softwareVersion>
				</processingSoftware>
			</preProcessingStep>
			<ocrProcessingStep>
				<processingSoftware>
					<softwareCreator>ABBYY (BIT Software), Russia</softwareCreator>
					<softwareName>Finereader</softwareName>
				</processingSoftware>
			</ocrProcessingStep>
		</OCRProcessing>
	</Description>
	<Styles>
		<TextStyle ID="TXT_0" FONTSIZE="11" FONTFAMILY="Courier New"/>
		<TextStyle ID="TXT_1" FONTSIZE="9" FONTFAMILY="Courier New"/>
		<ParagraphStyle ID="PAR_LEFT" ALIGN="Left"/>
		<ParagraphStyle ID="PAR_RIGHT" ALIGN="Right"/>
	</Styles>
	<Layout>
		<Page ID="P156" PHYSICAL_IMG_NR="156" HEIGHT="1747" WIDTH="1132" PRINTED_IMG_NR="146" POSITION="Left" ACCURACY="69.92">
			<TopMargin ID="P156_TM00001" HPOS="0" VPOS="0" WIDTH="1131" HEIGHT="127">
				<TextBlock ID="P156_TB00001" HPOS="218" VPOS="99" WIDTH="52" HEIGHT="26" STYLEREFS="TXT_0 PAR_LEFT">
					<TextLine ID="P156_TL00001" HPOS="218" VPOS="99" WIDTH="52" HEIGHT="26">
						<String ID="P156_ST00001" HPOS="218" VPOS="99" WIDTH="52" HEIGHT="26" CONTENT="146" WC="1.00" CC="000"/>
					</TextLine>
				</TextBlock>
				<TextBlock ID="P156_TB00002" HPOS="455" VPOS="104" WIDTH="355" HEIGHT="23" STYLEREFS="TXT_1 PAR_RIGHT">
					<TextLine ID="P156_TL00002" HPOS="456" VPOS="104" WIDTH="354" HEIGHT="23">
						<String ID="P156_ST00002" HPOS="456" VPOS="105" WIDTH="84" HEIGHT="22" CONTENT="LOVE" WC="0.61" CC="1643"/>
						<SP ID="P156_SP00001" HPOS="540" VPOS="127" WIDTH="23"/>
						<String ID="P156_ST00003" HPOS="563" VPOS="105" WIDTH="64" HEIGHT="22" CONTENT="THE" WC="0.58" CC="155"/>
						<SP ID="P156_SP00002" HPOS="627" VPOS="127" WIDTH="23"/>
						<String ID="P156_ST00004" HPOS="650" VPOS="104" WIDTH="160" HEIGHT="23" CONTENT="AVENGER." WC="0.35" CC="96795470"/>
					</TextLine>
				</TextBlock>
			</TopMargin>
			<LeftMargin ID="P156_LM00001" HPOS="0" VPOS="127" WIDTH="217" HEIGHT="1454"/>
			<RightMargin ID="P156_RM00001" HPOS="1053" VPOS="127" WIDTH="78" HEIGHT="1454"/>
			<BottomMargin ID="P156_BM00001" HPOS="0" VPOS="1581" WIDTH="1131" HEIGHT="165"/>
			<PrintSpace ID="P156_PS00001" HPOS="217" VPOS="127" WIDTH="836" HEIGHT="1454">
				<TextBlock ID="P156_TB00003" HPOS="217" VPOS="176" WIDTH="836" HEIGHT="478" STYLEREFS="TXT_1 PAR_LEFT">
					<TextLine ID="P156_TL00003" HPOS="219" VPOS="176" WIDTH="829" HEIGHT="45">
						<String ID="P156_ST00005" HPOS="219" VPOS="183" WIDTH="131" HEIGHT="38" CONTENT="himself," WC="0.63" CC="78062004"/>
						<SP ID="P156_SP00003" HPOS="350" VPOS="221" WIDTH="39"/>
						<String ID="P156_ST00006" HPOS="389" VPOS="183" WIDTH="53" HEIGHT="31" CONTENT="the" WC="0.73" CC="070"/>
						<SP ID="P156_SP00004" HPOS="442" VPOS="221" WIDTH="38"/>
						<String ID="P156_ST00007" HPOS="480" VPOS="194" WIDTH="105" HEIGHT="21" CONTENT="course" WC="0.80" CC="007120"/>
						<SP ID="P156_SP00005" HPOS="585" VPOS="221" WIDTH="35"/>
						<String ID="P156_ST00008" HPOS="620" VPOS="181" WIDTH="122" HEIGHT="32" CONTENT="seemed" WC="0.90" CC="500000"/>
						<SP ID="P156_SP00006" HPOS="742" VPOS="221" WIDTH="33"/>
						<String ID="P156_ST00009" HPOS="775" VPOS="178" WIDTH="154" HEIGHT="42" CONTENT="tolerably" WC="0.77" CC="120020760"/>
						<SP ID="P156_SP00007" HPOS="929" VPOS="221" WIDTH="30"/>
						<String ID="P156_ST00010" HPOS="959" VPOS="176" WIDTH="89" HEIGHT="31" CONTENT="clear." WC="0.76" CC="050062"/>
					</TextLine>
					<TextLine ID="P156_TL00004" HPOS="219" VPOS="238" WIDTH="833" HEIGHT="50">
						<String ID="P156_ST00011" HPOS="219" VPOS="243" WIDTH="63" HEIGHT="34" CONTENT="The" WC="0.35" CC="971"/>
						<SP ID="P156_SP00008" HPOS="282" VPOS="277" WIDTH="31"/>
						<String ID="P156_ST00012" HPOS="313" VPOS="249" WIDTH="203" HEIGHT="39" CONTENT="government" WC="0.80" CC="0050030063"/>
						<SP ID="P156_SP00009" HPOS="516" VPOS="288" WIDTH="24"/>
						<String ID="P156_ST00013" HPOS="540" VPOS="255" WIDTH="64" HEIGHT="21" CONTENT="Avas" WC="0.87" CC="0005"/>
						<SP ID="P156_SP00010" HPOS="604" VPOS="288" WIDTH="29"/>
						<String ID="P156_ST00014" HPOS="633" VPOS="243" WIDTH="189" HEIGHT="37" CONTENT="indifferent," WC="0.64" CC="050444050674"/>
						<SP ID="P156_SP00011" HPOS="822" VPOS="288" WIDTH="26"/>
						<String ID="P156_ST00015" HPOS="848" VPOS="241" WIDTH="55" HEIGHT="31" CONTENT="the" WC="0.54" CC="670"/>
						<SP ID="P156_SP00012" HPOS="903" VPOS="288" WIDTH="29"/>
						<String ID="P156_ST00016" HPOS="932" VPOS="238" WIDTH="120" HEIGHT="44" CONTENT="prefect" WC="0.77" CC="0602006"/>
					</TextLine>
					<TextLine ID="P156_TL00005" HPOS="219" VPOS="300" WIDTH="833" HEIGHT="48">
						<String ID="P156_ST00017" HPOS="219" VPOS="307" WIDTH="75" HEIGHT="30" CONTENT="slow" WC="0.78" CC="6200"/>
						<String ID="P156_ST00018" HPOS="305" VPOS="319" WIDTH="7" HEIGHT="24" CONTENT=";" WC="0.32" CC="6"/>
						<SP ID="P156_SP00013" HPOS="312" VPOS="343" WIDTH="24"/>
						<String ID="P156_ST00019" HPOS="336" VPOS="306" WIDTH="74" HEIGHT="31" CONTENT="each" WC="0.81" CC="0007"/>
						<SP ID="P156_SP00014" HPOS="410" VPOS="343" WIDTH="16"/>
						<String ID="P156_ST00020" HPOS="426" VPOS="306" WIDTH="138" HEIGHT="42" CONTENT="aspirant" WC="0.70" CC="32004066"/>
						<SP ID="P156_SP00015" HPOS="564" VPOS="348" WIDTH="15"/>
						<String ID="P156_ST00021" HPOS="579" VPOS="305" WIDTH="76" HEIGHT="42" CONTENT="kept" WC="0.71" CC="6004"/>
						<SP ID="P156_SP00016" HPOS="655" VPOS="348" WIDTH="23"/>
						<String ID="P156_ST00022" HPOS="678" VPOS="304" WIDTH="49" HEIGHT="32" CONTENT="his" WC="0.69" CC="701"/>
						<SP ID="P156_SP00017" HPOS="727" VPOS="348" WIDTH="20"/>
						<String ID="P156_ST00023" HPOS="747" VPOS="315" WIDTH="72" HEIGHT="21" CONTENT="own" WC="0.72" CC="007"/>
						<SP ID="P156_SP00018" HPOS="819" VPOS="348" WIDTH="16"/>
						<String ID="P156_ST00024" HPOS="835" VPOS="301" WIDTH="135" HEIGHT="39" CONTENT="counsel," WC="0.68" CC="00773024"/>
						<SP ID="P156_SP00019" HPOS="970" VPOS="348" WIDTH="18"/>
						<String ID="P156_ST00025" HPOS="988" VPOS="300" WIDTH="64" HEIGHT="32" CONTENT="and" WC="0.76" CC="070"/>
					</TextLine>
					<TextLine ID="P156_TL00006" HPOS="219" VPOS="365" WIDTH="832" HEIGHT="44">
						<String ID="P156_ST00026" HPOS="219" VPOS="367" WIDTH="134" HEIGHT="42" CONTENT="thought" WC="0.42" CC="4706676"/>
						<SP ID="P156_SP00020" HPOS="353" VPOS="409" WIDTH="23"/>
						<String ID="P156_ST00027" HPOS="376" VPOS="366" WIDTH="38" HEIGHT="32" CONTENT="he" WC="0.66" CC="60"/>
						<SP ID="P156_SP00021" HPOS="414" VPOS="409" WIDTH="24"/>
						<String ID="P156_ST00028" HPOS="438" VPOS="366" WIDTH="91" HEIGHT="32" CONTENT="could" WC="0.74" CC="00740"/>
						<SP ID="P156_SP00022" HPOS="529" VPOS="409" WIDTH="23"/>
						<String ID="P156_ST00029" HPOS="552" VPOS="366" WIDTH="68" HEIGHT="43" CONTENT="rely" WC="0.90" CC="1020"/>
						<SP ID="P156_SP00023" HPOS="620" VPOS="409" WIDTH="16"/>
						<String ID="P156_ST00030" HPOS="636" VPOS="377" WIDTH="37" HEIGHT="21" CONTENT="on" WC="0.57" CC="17"/>
						<SP ID="P156_SP00024" HPOS="673" VPOS="409" WIDTH="23"/>
						<String ID="P156_ST00031" HPOS="696" VPOS="365" WIDTH="54" HEIGHT="32" CONTENT="the" WC="0.56" CC="570"/>
						<SP ID="P156_SP00025" HPOS="750" VPOS="409" WIDTH="19"/>
						<String ID="P156_ST00032" HPOS="769" VPOS="376" WIDTH="84" HEIGHT="20" CONTENT="same" WC="0.77" CC="4400"/>
						<SP ID="P156_SP00026" HPOS="853" VPOS="409" WIDTH="18"/>
						<String ID="P156_ST00033" HPOS="871" VPOS="367" WIDTH="180" HEIGHT="39" CONTENT="supporters" WC="0.70" CC="3700033056"/>
					</TextLine>
					<TextLine ID="P156_TL00007" HPOS="220" VPOS="424" WIDTH="832" HEIGHT="39">
						<String ID="P156_ST00034" HPOS="220" VPOS="427" WIDTH="136" HEIGHT="32" CONTENT="whereof" WC="0.82" CC="0500005"/>
						<SP ID="P156_SP00027" HPOS="356" VPOS="459" WIDTH="23"/>
						<String ID="P156_ST00035" HPOS="379" VPOS="428" WIDTH="47" HEIGHT="31" CONTENT="his" WC="0.58" CC="705"/>
						<SP ID="P156_SP00028" HPOS="426" VPOS="459" WIDTH="30"/>
						<String ID="P156_ST00036" HPOS="456" VPOS="428" WIDTH="79" HEIGHT="31" CONTENT="rival" WC="0.78" CC="31600"/>
						<SP ID="P156_SP00029" HPOS="535" VPOS="459" WIDTH="26"/>
						<String ID="P156_ST00037" HPOS="561" VPOS="427" WIDTH="56" HEIGHT="32" CONTENT="felt" WC="0.78" CC="4013"/>
						<SP ID="P156_SP00030" HPOS="617" VPOS="459" WIDTH="28"/>
						<String ID="P156_ST00038" HPOS="645" VPOS="427" WIDTH="64" HEIGHT="32" CONTENT="also" WC="0.57" CC="0664"/>
						<SP ID="P156_SP00031" HPOS="709" VPOS="459" WIDTH="24"/>
						<String ID="P156_ST00039" HPOS="733" VPOS="438" WIDTH="70" HEIGHT="21" CONTENT="sure" WC="0.51" CC="5760"/>
						<String ID="P156_ST00040" HPOS="804" VPOS="446" WIDTH="43" HEIGHT="2" CONTENT="—" WC="0.20" CC="8"/>
						<String ID="P156_ST00041" HPOS="848" VPOS="437" WIDTH="33" HEIGHT="21" CONTENT="so" WC="0.50" CC="45"/>
						<SP ID="P156_SP00032" HPOS="881" VPOS="459" WIDTH="23"/>
						<String ID="P156_ST00042" HPOS="904" VPOS="426" WIDTH="80" HEIGHT="37" CONTENT="that," WC="0.63" CC="07073"/>
						<SP ID="P156_SP00033" HPOS="984" VPOS="463" WIDTH="18"/>
						<String ID="P156_ST00043" HPOS="1002" VPOS="424" WIDTH="50" HEIGHT="32" CONTENT="till" WC="0.79" CC="2041"/>
					</TextLine>
					<TextLine ID="P156_TL00008" HPOS="220" VPOS="487" WIDTH="831" HEIGHT="45">
						<String ID="P156_ST00044" HPOS="220" VPOS="489" WIDTH="81" HEIGHT="31" CONTENT="their" WC="0.49" CC="67046"/>
						<SP ID="P156_SP00034" HPOS="301" VPOS="520" WIDTH="23"/>
						<String ID="P156_ST00045" HPOS="324" VPOS="491" WIDTH="195" HEIGHT="41" CONTENT="antagonism" WC="0.69" CC="0640246060"/>
						<SP ID="P156_SP00035" HPOS="519" VPOS="532" WIDTH="16"/>
						<String ID="P156_ST00046" HPOS="535" VPOS="501" WIDTH="63" HEIGHT="19" CONTENT="was" WC="0.93" CC="002"/>
						<SP ID="P156_SP00036" HPOS="598" VPOS="532" WIDTH="16"/>
						<String ID="P156_ST00047" HPOS="614" VPOS="489" WIDTH="151" HEIGHT="38" CONTENT="declared," WC="0.94" CC="000001003"/>
						<SP ID="P156_SP00037" HPOS="765" VPOS="532" WIDTH="17"/>
						<String ID="P156_ST00048" HPOS="782" VPOS="489" WIDTH="54" HEIGHT="31" CONTENT="the" WC="0.56" CC="570"/>
						<SP ID="P156_SP00038" HPOS="836" VPOS="532" WIDTH="22"/>
						<String ID="P156_ST00049" HPOS="858" VPOS="487" WIDTH="193" HEIGHT="44" CONTENT="antagonists" WC="0.64" CC="06509062016"/>
					</TextLine>
					<TextLine ID="P156_TL00009" HPOS="221" VPOS="549" WIDTH="832" HEIGHT="41">
						<String ID="P156_ST00050" HPOS="221" VPOS="556" WIDTH="83" HEIGHT="26" CONTENT="went" WC="0.60" CC="0258"/>
						<SP ID="P156_SP00039" HPOS="304" VPOS="582" WIDTH="25"/>
						<String ID="P156_ST00051" HPOS="329" VPOS="555" WIDTH="32" HEIGHT="27" CONTENT="to" WC="0.40" CC="74"/>
						<SP ID="P156_SP00040" HPOS="361" VPOS="582" WIDTH="24"/>
						<String ID="P156_ST00052" HPOS="385" VPOS="552" WIDTH="95" HEIGHT="38" CONTENT="Avork," WC="0.57" CC="095243"/>
						<SP ID="P156_SP00041" HPOS="480" VPOS="590" WIDTH="30"/>
						<String ID="P156_ST00053" HPOS="510" VPOS="552" WIDTH="73" HEIGHT="30" CONTENT="each" WC="0.81" CC="0007"/>
						<SP ID="P156_SP00042" HPOS="583" VPOS="590" WIDTH="27"/>
						<String ID="P156_ST00054" HPOS="610" VPOS="552" WIDTH="48" HEIGHT="30" CONTENT="for" WC="0.86" CC="201"/>
						<SP ID="P156_SP00043" HPOS="658" VPOS="590" WIDTH="25"/>
						<String ID="P156_ST00055" HPOS="683" VPOS="551" WIDTH="132" HEIGHT="37" CONTENT="himself," WC="0.79" CC="70020032"/>
						<SP ID="P156_SP00044" HPOS="815" VPOS="590" WIDTH="30"/>
						<String ID="P156_ST00056" HPOS="845" VPOS="550" WIDTH="63" HEIGHT="31" CONTENT="and" WC="0.78" CC="060"/>
						<SP ID="P156_SP00045" HPOS="908" VPOS="590" WIDTH="26"/>
						<String ID="P156_ST00057" HPOS="934" VPOS="549" WIDTH="59" HEIGHT="31" CONTENT="full" WC="0.69" CC="5700"/>
						<SP ID="P156_SP00046" HPOS="993" VPOS="590" WIDTH="27"/>
						<String ID="P156_ST00058" HPOS="1020" VPOS="549" WIDTH="33" HEIGHT="31" CONTENT="of" WC="1.00" CC="00"/>
					</TextLine>
					<TextLine ID="P156_TL00010" HPOS="221" VPOS="613" WIDTH="285" HEIGHT="41">
						<String ID="P156_ST00059" HPOS="221" VPOS="613" WIDTH="125" HEIGHT="41" CONTENT="hopeful" WC="0.75" CC="7000360"/>
						<SP ID="P156_SP00047" HPOS="346" VPOS="654" WIDTH="15"/>
						<String ID="P156_ST00060" HPOS="361" VPOS="613" WIDTH="145" HEIGHT="32" CONTENT="illusions." WC="0.65" CC="0506631550"/>
					</TextLine>
				</TextBlock>
				<TextBlock ID="P156_TB00004" HPOS="220" VPOS="674" WIDTH="831" HEIGHT="838" STYLEREFS="TXT_1 PAR_LEFT">
					<TextLine ID="P156_TL00011" HPOS="266" VPOS="674" WIDTH="785" HEIGHT="43">
						<String ID="P156_ST00061" HPOS="266" VPOS="674" WIDTH="30" HEIGHT="31" CONTENT="It" WC="0.64" CC="07"/>
						<SP ID="P156_SP00048" HPOS="296" VPOS="705" WIDTH="16"/>
						<String ID="P156_ST00062" HPOS="312" VPOS="686" WIDTH="61" HEIGHT="20" CONTENT="was" WC="0.79" CC="006"/>
						<SP ID="P156_SP00049" HPOS="373" VPOS="706" WIDTH="24"/>
						<String ID="P156_ST00063" HPOS="397" VPOS="686" WIDTH="39" HEIGHT="20" CONTENT="on" WC="0.69" CC="06"/>
						<SP ID="P156_SP00050" HPOS="436" VPOS="706" WIDTH="24"/>
						<String ID="P156_ST00064" HPOS="460" VPOS="687" WIDTH="18" HEIGHT="19" CONTENT="a" WC="1.00" CC="0"/>
						<SP ID="P156_SP00051" HPOS="478" VPOS="706" WIDTH="15"/>
						<String ID="P156_ST00065" HPOS="493" VPOS="675" WIDTH="142" HEIGHT="42" CONTENT="Tuesday" WC="0.85" CC="0604000"/>
						<SP ID="P156_SP00052" HPOS="635" VPOS="717" WIDTH="16"/>
						<String ID="P156_ST00066" HPOS="651" VPOS="676" WIDTH="70" HEIGHT="31" CONTENT="that" WC="0.52" CC="4707"/>
						<SP ID="P156_SP00053" HPOS="721" VPOS="717" WIDTH="19"/>
						<String ID="P156_ST00067" HPOS="740" VPOS="675" WIDTH="63" HEIGHT="32" CONTENT="had" WC="0.75" CC="700"/>
						<SP ID="P156_SP00054" HPOS="803" VPOS="717" WIDTH="18"/>
						<String ID="P156_ST00068" HPOS="821" VPOS="675" WIDTH="78" HEIGHT="32" CONTENT="been" WC="0.64" CC="7007"/>
						<SP ID="P156_SP00055" HPOS="899" VPOS="717" WIDTH="22"/>
						<String ID="P156_ST00069" HPOS="921" VPOS="674" WIDTH="75" HEIGHT="32" CONTENT="held" WC="0.82" CC="7000"/>
						<SP ID="P156_SP00056" HPOS="996" VPOS="717" WIDTH="23"/>
						<String ID="P156_ST00070" HPOS="1019" VPOS="679" WIDTH="32" HEIGHT="27" CONTENT="at" WC="0.71" CC="05"/>
					</TextLine>
					<TextLine ID="P156_TL00012" HPOS="222" VPOS="736" WIDTH="829" HEIGHT="44">
						<String ID="P156_ST00071" HPOS="222" VPOS="736" WIDTH="184" HEIGHT="32" CONTENT="Beauvoisin" WC="0.68" CC="6007104506"/>
						<SP ID="P156_SP00057" HPOS="406" VPOS="768" WIDTH="26"/>
						<String ID="P156_ST00072" HPOS="432" VPOS="737" WIDTH="52" HEIGHT="31" CONTENT="the" WC="0.70" CC="071"/>
						<SP ID="P156_SP00058" HPOS="484" VPOS="768" WIDTH="27"/>
						<String ID="P156_ST00073" HPOS="511" VPOS="738" WIDTH="166" HEIGHT="42" CONTENT="gathering" WC="0.69" CC="006704360"/>
						<SP ID="P156_SP00059" HPOS="677" VPOS="780" WIDTH="25"/>
						<String ID="P156_ST00074" HPOS="702" VPOS="749" WIDTH="47" HEIGHT="19" CONTENT="we" WC="1.00" CC="00"/>
						<SP ID="P156_SP00060" HPOS="749" VPOS="780" WIDTH="30"/>
						<String ID="P156_ST00075" HPOS="779" VPOS="738" WIDTH="80" HEIGHT="30" CONTENT="have" WC="0.63" CC="7070"/>
						<SP ID="P156_SP00061" HPOS="859" VPOS="780" WIDTH="31"/>
						<String ID="P156_ST00076" HPOS="890" VPOS="737" WIDTH="161" HEIGHT="32" CONTENT="described" WC="0.79" CC="001053600"/>
					</TextLine>
					<TextLine ID="P156_TL00013" HPOS="222" VPOS="798" WIDTH="827" HEIGHT="43">
						<String ID="P156_ST00077" HPOS="222" VPOS="798" WIDTH="47" HEIGHT="31" CONTENT="for" WC="0.67" CC="306"/>
						<SP ID="P156_SP00062" HPOS="269" VPOS="829" WIDTH="11"/>
						<String ID="P156_ST00078" HPOS="280" VPOS="798" WIDTH="53" HEIGHT="31" CONTENT="the" WC="0.62" CC="370"/>
						<SP ID="P156_SP00063" HPOS="333" VPOS="829" WIDTH="15"/>
						<String ID="P156_ST00079" HPOS="348" VPOS="810" WIDTH="130" HEIGHT="30" CONTENT="purpose" WC="0.78" CC="0640040"/>
						<SP ID="P156_SP00064" HPOS="478" VPOS="840" WIDTH="17"/>
						<String ID="P156_ST00080" HPOS="495" VPOS="800" WIDTH="34" HEIGHT="30" CONTENT="of" WC="0.92" CC="01"/>
						<SP ID="P156_SP00065" HPOS="529" VPOS="840" WIDTH="13"/>
						<String ID="P156_ST00081" HPOS="542" VPOS="800" WIDTH="141" HEIGHT="41" CONTENT="draAving" WC="0.71" CC="05000079"/>
						<SP ID="P156_SP00066" HPOS="683" VPOS="841" WIDTH="14"/>
						<String ID="P156_ST00082" HPOS="697" VPOS="812" WIDTH="43" HEIGHT="29" CONTENT="up" WC="0.63" CC="70"/>
						<SP ID="P156_SP00067" HPOS="740" VPOS="841" WIDTH="18"/>
						<String ID="P156_ST00083" HPOS="758" VPOS="800" WIDTH="118" HEIGHT="31" CONTENT="Olivier" WC="0.83" CC="0004006"/>
						<String ID="P156_ST00084" HPOS="878" VPOS="800" WIDTH="22" HEIGHT="31" CONTENT="'s" WC="0.54" CC="35"/>
						<SP ID="P156_SP00068" HPOS="900" VPOS="841" WIDTH="12"/>
						<String ID="P156_ST00085" HPOS="912" VPOS="800" WIDTH="137" HEIGHT="31" CONTENT="circular." WC="0.70" CC="066060060"/>
					</TextLine>
					<TextLine ID="P156_TL00014" HPOS="223" VPOS="859" WIDTH="828" HEIGHT="43">
						<String ID="P156_ST00086" HPOS="223" VPOS="859" WIDTH="49" HEIGHT="32" CONTENT="On" WC="0.64" CC="42"/>
						<SP ID="P156_SP00069" HPOS="272" VPOS="891" WIDTH="22"/>
						<String ID="P156_ST00087" HPOS="294" VPOS="860" WIDTH="53" HEIGHT="31" CONTENT="the" WC="0.62" CC="470"/>
						<SP ID="P156_SP00070" HPOS="347" VPOS="891" WIDTH="17"/>
						<String ID="P156_ST00088" HPOS="364" VPOS="861" WIDTH="199" HEIGHT="41" CONTENT="Wednesday" WC="0.85" CC="000413040"/>
						<SP ID="P156_SP00071" HPOS="563" VPOS="902" WIDTH="15"/>
						<String ID="P156_ST00089" HPOS="578" VPOS="861" WIDTH="63" HEIGHT="30" CONTENT="this" WC="0.50" CC="7731"/>
						<SP ID="P156_SP00072" HPOS="641" VPOS="902" WIDTH="21"/>
						<String ID="P156_ST00090" HPOS="662" VPOS="861" WIDTH="169" HEIGHT="31" CONTENT="document" WC="0.72" CC="00160067"/>
						<SP ID="P156_SP00073" HPOS="831" VPOS="902" WIDTH="15"/>
						<String ID="P156_ST00091" HPOS="846" VPOS="873" WIDTH="63" HEIGHT="20" CONTENT="was" WC="0.78" CC="006"/>
						<SP ID="P156_SP00074" HPOS="909" VPOS="902" WIDTH="24"/>
						<String ID="P156_ST00092" HPOS="933" VPOS="862" WIDTH="118" HEIGHT="31" CONTENT="carried" WC="0.87" CC="0053000"/>
					</TextLine>
					<TextLine ID="P156_TL00015" HPOS="221" VPOS="923" WIDTH="830" HEIGHT="42">
						<String ID="P156_ST00093" HPOS="221" VPOS="927" WIDTH="33" HEIGHT="26" CONTENT="to" WC="0.51" CC="45"/>
						<SP ID="P156_SP00075" HPOS="254" VPOS="953" WIDTH="37"/>
						<String ID="P156_ST00094" HPOS="291" VPOS="923" WIDTH="53" HEIGHT="30" CONTENT="the" WC="0.51" CC="770"/>
						<SP ID="P156_SP00076" HPOS="344" VPOS="953" WIDTH="29"/>
						<String ID="P156_ST00095" HPOS="373" VPOS="923" WIDTH="243" HEIGHT="41" CONTENT="printing-office" WC="0.80" CC="070640450000000"/>
						<SP ID="P156_SP00077" HPOS="616" VPOS="964" WIDTH="29"/>
						<String ID="P156_ST00096" HPOS="645" VPOS="923" WIDTH="43" HEIGHT="41" CONTENT="by" WC="0.63" CC="70"/>
						<SP ID="P156_SP00078" HPOS="688" VPOS="964" WIDTH="30"/>
						<String ID="P156_ST00097" HPOS="718" VPOS="923" WIDTH="102" HEIGHT="32" CONTENT="Henri" WC="0.54" CC="70743"/>
						<SP ID="P156_SP00079" HPOS="820" VPOS="964" WIDTH="30"/>
						<String ID="P156_ST00098" HPOS="850" VPOS="923" WIDTH="133" HEIGHT="42" CONTENT="Dupont" WC="0.50" CC="770078"/>
						<SP ID="P156_SP00080" HPOS="983" VPOS="965" WIDTH="30"/>
						<String ID="P156_ST00099" HPOS="1013" VPOS="924" WIDTH="38" HEIGHT="31" CONTENT="de" WC="1.00" CC="00"/>
					</TextLine>
					<TextLine ID="P156_TL00016" HPOS="222" VPOS="983" WIDTH="829" HEIGHT="45">
						<String ID="P156_ST00100" HPOS="222" VPOS="983" WIDTH="141" HEIGHT="42" CONTENT="Laporte," WC="0.80" CC="00007602"/>
						<SP ID="P156_SP00081" HPOS="363" VPOS="1025" WIDTH="18"/>
						<String ID="P156_ST00101" HPOS="381" VPOS="984" WIDTH="69" HEIGHT="31" CONTENT="who" WC="0.70" CC="071"/>
						<SP ID="P156_SP00082" HPOS="450" VPOS="1025" WIDTH="16"/>
						<String ID="P156_ST00102" HPOS="466" VPOS="984" WIDTH="56" HEIGHT="31" CONTENT="left" WC="0.82" CC="0007"/>
						<SP ID="P156_SP00083" HPOS="522" VPOS="1025" WIDTH="14"/>
						<String ID="P156_ST00103" HPOS="536" VPOS="984" WIDTH="187" HEIGHT="32" CONTENT="Beauvoisin" WC="0.56" CC="6096600407"/>
						<SP ID="P156_SP00084" HPOS="723" VPOS="1025" WIDTH="15"/>
						<String ID="P156_ST00104" HPOS="738" VPOS="985" WIDTH="70" HEIGHT="31" CONTENT="that" WC="0.61" CC="3704"/>
						<SP ID="P156_SP00085" HPOS="808" VPOS="1025" WIDTH="16"/>
						<String ID="P156_ST00105" HPOS="824" VPOS="986" WIDTH="63" HEIGHT="41" CONTENT="day" WC="1.00" CC="000"/>
						<SP ID="P156_SP00086" HPOS="887" VPOS="1027" WIDTH="15"/>
						<String ID="P156_ST00106" HPOS="902" VPOS="991" WIDTH="56" HEIGHT="26" CONTENT="not" WC="0.59" CC="506"/>
						<SP ID="P156_SP00087" HPOS="958" VPOS="1027" WIDTH="19"/>
						<String ID="P156_ST00107" HPOS="977" VPOS="986" WIDTH="74" HEIGHT="42" CONTENT="long" WC="0.65" CC="2037"/>
					</TextLine>
					<TextLine ID="P156_TL00017" HPOS="223" VPOS="1045" WIDTH="826" HEIGHT="45">
						<String ID="P156_ST00108" HPOS="223" VPOS="1045" WIDTH="78" HEIGHT="31" CONTENT="after" WC="0.85" CC="00700"/>
						<SP ID="P156_SP00088" HPOS="301" VPOS="1076" WIDTH="36"/>
						<String ID="P156_ST00109" HPOS="337" VPOS="1046" WIDTH="102" HEIGHT="37" CONTENT="daAvn," WC="0.58" CC="009464"/>
						<SP ID="P156_SP00089" HPOS="439" VPOS="1083" WIDTH="32"/>
						<String ID="P156_ST00110" HPOS="471" VPOS="1046" WIDTH="62" HEIGHT="31" CONTENT="and" WC="0.77" CC="060"/>
						<SP ID="P156_SP00090" HPOS="533" VPOS="1083" WIDTH="36"/>
						<String ID="P156_ST00111" HPOS="569" VPOS="1047" WIDTH="110" HEIGHT="41" CONTENT="passed" WC="0.87" CC="006100"/>
						<SP ID="P156_SP00091" HPOS="679" VPOS="1088" WIDTH="37"/>
						<String ID="P156_ST00112" HPOS="716" VPOS="1048" WIDTH="138" HEIGHT="41" CONTENT="through" WC="0.68" CC="0700707"/>
						<SP ID="P156_SP00092" HPOS="854" VPOS="1089" WIDTH="33"/>
						<String ID="P156_ST00113" HPOS="887" VPOS="1048" WIDTH="162" HEIGHT="42" CONTENT="Malleray," WC="0.90" CC="000006002"/>
					</TextLine>
					<TextLine ID="P156_TL00018" HPOS="223" VPOS="1106" WIDTH="828" HEIGHT="47">
						<String ID="P156_ST00114" HPOS="223" VPOS="1106" WIDTH="117" HEIGHT="43" CONTENT="having" WC="0.56" CC="703078"/>
						<SP ID="P156_SP00093" HPOS="340" VPOS="1149" WIDTH="25"/>
						<String ID="P156_ST00115" HPOS="365" VPOS="1112" WIDTH="33" HEIGHT="26" CONTENT="to" WC="0.70" CC="50"/>
						<SP ID="P156_SP00094" HPOS="398" VPOS="1149" WIDTH="25"/>
						<String ID="P156_ST00116" HPOS="423" VPOS="1107" WIDTH="72" HEIGHT="42" CONTENT="gain" WC="0.53" CC="9035"/>
						<SP ID="P156_SP00095" HPOS="495" VPOS="1149" WIDTH="25"/>
						<String ID="P156_ST00117" HPOS="520" VPOS="1107" WIDTH="143" HEIGHT="32" CONTENT="Chartres" WC="0.68" CC="57033005"/>
						<SP ID="P156_SP00096" HPOS="663" VPOS="1149" WIDTH="25"/>
						<String ID="P156_ST00118" HPOS="688" VPOS="1110" WIDTH="33" HEIGHT="29" CONTENT="in" WC="0.69" CC="06"/>
						<SP ID="P156_SP00097" HPOS="721" VPOS="1149" WIDTH="23"/>
						<String ID="P156_ST00119" HPOS="744" VPOS="1110" WIDTH="77" HEIGHT="31" CONTENT="time" WC="0.85" CC="5000"/>
						<SP ID="P156_SP00098" HPOS="821" VPOS="1149" WIDTH="27"/>
						<String ID="P156_ST00120" HPOS="848" VPOS="1110" WIDTH="48" HEIGHT="31" CONTENT="for" WC="0.80" CC="230"/>
						<SP ID="P156_SP00099" HPOS="896" VPOS="1149" WIDTH="22"/>
						<String ID="P156_ST00121" HPOS="918" VPOS="1110" WIDTH="54" HEIGHT="32" CONTENT="the" WC="0.65" CC="270"/>
						<SP ID="P156_SP00100" HPOS="972" VPOS="1149" WIDTH="22"/>
						<String ID="P156_ST00122" HPOS="994" VPOS="1122" WIDTH="57" HEIGHT="31" CONTENT="up" SUBS_TYPE="HypPart1" SUBS_CONTENT="uptrain" WC="0.67" CC="702"/>
						<HYP CONTENT="-"/>
					</TextLine>
					<TextLine ID="P156_TL00019" HPOS="223" VPOS="1167" WIDTH="828" HEIGHT="47">
						<String ID="P156_ST00123" HPOS="223" VPOS="1168" WIDTH="82" HEIGHT="30" CONTENT="train" SUBS_TYPE="HypPart2" SUBS_CONTENT="uptrain" WC="0.63" CC="74006"/>
						<SP ID="P156_SP00101" HPOS="305" VPOS="1198" WIDTH="26"/>
						<String ID="P156_ST00124" HPOS="331" VPOS="1172" WIDTH="32" HEIGHT="26" CONTENT="to" WC="0.46" CC="36"/>
						<SP ID="P156_SP00102" HPOS="363" VPOS="1198" WIDTH="25"/>
						<String ID="P156_ST00125" HPOS="388" VPOS="1167" WIDTH="95" HEIGHT="38" CONTENT="Paris," WC="0.67" CC="750023"/>
						<SP ID="P156_SP00103" HPOS="483" VPOS="1205" WIDTH="26"/>
						<String ID="P156_ST00126" HPOS="509" VPOS="1168" WIDTH="133" HEIGHT="31" CONTENT="Avhither" WC="0.71" CC="00702705"/>
						<SP ID="P156_SP00104" HPOS="642" VPOS="1205" WIDTH="24"/>
						<String ID="P156_ST00127" HPOS="666" VPOS="1170" WIDTH="38" HEIGHT="30" CONTENT="he" WC="0.64" CC="70"/>
						<SP ID="P156_SP00105" HPOS="704" VPOS="1205" WIDTH="26"/>
						<String ID="P156_ST00128" HPOS="730" VPOS="1171" WIDTH="63" HEIGHT="30" CONTENT="had" WC="0.75" CC="700"/>
						<SP ID="P156_SP00106" HPOS="793" VPOS="1205" WIDTH="27"/>
						<String ID="P156_ST00129" HPOS="820" VPOS="1171" WIDTH="155" HEIGHT="43" CONTENT="suddenly" WC="0.75" CC="27000720"/>
						<SP ID="P156_SP00107" HPOS="975" VPOS="1214" WIDTH="24"/>
						<String ID="P156_ST00130" HPOS="999" VPOS="1172" WIDTH="52" HEIGHT="32" CONTENT="de" SUBS_TYPE="HypPart1" SUBS_CONTENT="decided" WC="0.78" CC="014"/>
						<HYP CONTENT="-"/>
					</TextLine>
					<TextLine ID="P156_TL00020" HPOS="224" VPOS="1228" WIDTH="827" HEIGHT="48">
						<String ID="P156_ST00131" HPOS="224" VPOS="1228" WIDTH="89" HEIGHT="31" CONTENT="cided" SUBS_TYPE="HypPart2" SUBS_CONTENT="decided" WC="1.00" CC="00000"/>
						<SP ID="P156_SP00108" HPOS="313" VPOS="1259" WIDTH="20"/>
						<String ID="P156_ST00132" HPOS="333" VPOS="1233" WIDTH="32" HEIGHT="26" CONTENT="to" WC="0.54" CC="35"/>
						<SP ID="P156_SP00109" HPOS="365" VPOS="1259" WIDTH="23"/>
						<String ID="P156_ST00133" HPOS="388" VPOS="1239" WIDTH="46" HEIGHT="31" CONTENT="go." WC="0.47" CC="960"/>
						<SP ID="P156_SP00110" HPOS="434" VPOS="1270" WIDTH="50"/>
						<String ID="P156_ST00134" HPOS="484" VPOS="1228" WIDTH="50" HEIGHT="31" CONTENT="He" WC="0.77" CC="40"/>
						<SP ID="P156_SP00111" HPOS="534" VPOS="1270" WIDTH="20"/>
						<String ID="P156_ST00135" HPOS="554" VPOS="1229" WIDTH="70" HEIGHT="38" CONTENT="had," WC="0.72" CC="7003"/>
						<SP ID="P156_SP00112" HPOS="624" VPOS="1270" WIDTH="24"/>
						<String ID="P156_ST00136" HPOS="648" VPOS="1242" WIDTH="32" HEIGHT="19" CONTENT="as" WC="0.77" CC="04"/>
						<SP ID="P156_SP00113" HPOS="680" VPOS="1270" WIDTH="23"/>
						<String ID="P156_ST00137" HPOS="703" VPOS="1242" WIDTH="47" HEIGHT="20" CONTENT="Ave" WC="0.94" CC="001"/>
						<SP ID="P156_SP00114" HPOS="750" VPOS="1270" WIDTH="22"/>
						<String ID="P156_ST00138" HPOS="772" VPOS="1232" WIDTH="81" HEIGHT="31" CONTENT="have" WC="0.71" CC="7040"/>
						<SP ID="P156_SP00115" HPOS="853" VPOS="1270" WIDTH="24"/>
						<String ID="P156_ST00139" HPOS="877" VPOS="1233" WIDTH="77" HEIGHT="38" CONTENT="said," WC="0.86" CC="30003"/>
						<SP ID="P156_SP00116" HPOS="954" VPOS="1271" WIDTH="21"/>
						<String ID="P156_ST00140" HPOS="975" VPOS="1245" WIDTH="76" HEIGHT="31" CONTENT="very" WC="0.75" CC="5040"/>
					</TextLine>
					<TextLine ID="P156_TL00021" HPOS="224" VPOS="1289" WIDTH="826" HEIGHT="45">
						<String ID="P156_ST00141" HPOS="224" VPOS="1289" WIDTH="84" HEIGHT="42" CONTENT="large" WC="0.84" CC="00700"/>
						<SP ID="P156_SP00117" HPOS="308" VPOS="1331" WIDTH="24"/>
						<String ID="P156_ST00142" HPOS="332" VPOS="1293" WIDTH="111" HEIGHT="27" CONTENT="estates" WC="0.77" CC="0240007"/>
						<SP ID="P156_SP00118" HPOS="443" VPOS="1331" WIDTH="26"/>
						<String ID="P156_ST00143" HPOS="469" VPOS="1291" WIDTH="33" HEIGHT="29" CONTENT="in" WC="0.58" CC="16"/>
						<SP ID="P156_SP00119" HPOS="502" VPOS="1331" WIDTH="26"/>
						<String ID="P156_ST00144" HPOS="528" VPOS="1291" WIDTH="54" HEIGHT="30" CONTENT="the" WC="0.69" CC="170"/>
						<SP ID="P156_SP00120" HPOS="582" VPOS="1331" WIDTH="26"/>
						<String ID="P156_ST00145" HPOS="608" VPOS="1293" WIDTH="256" HEIGHT="41" CONTENT="neighbourhood" WC="0.59" CC="6008770777000"/>
						<SP ID="P156_SP00121" HPOS="864" VPOS="1334" WIDTH="26"/>
						<String ID="P156_ST00146" HPOS="890" VPOS="1295" WIDTH="35" HEIGHT="31" CONTENT="of" WC="1.00" CC="00"/>
						<SP ID="P156_SP00122" HPOS="925" VPOS="1334" WIDTH="26"/>
						<String ID="P156_ST00147" HPOS="951" VPOS="1295" WIDTH="99" HEIGHT="38" CONTENT="Paris," WC="0.57" CC="605453"/>
					</TextLine>
					<TextLine ID="P156_TL00022" HPOS="224" VPOS="1350" WIDTH="827" HEIGHT="47">
						<String ID="P156_ST00148" HPOS="224" VPOS="1350" WIDTH="62" HEIGHT="31" CONTENT="and" WC="0.50" CC="940"/>
						<SP ID="P156_SP00123" HPOS="286" VPOS="1381" WIDTH="30"/>
						<String ID="P156_ST00149" HPOS="316" VPOS="1351" WIDTH="85" HEIGHT="30" CONTENT="there" WC="0.60" CC="67050"/>
						<SP ID="P156_SP00124" HPOS="401" VPOS="1381" WIDTH="29"/>
						<String ID="P156_ST00150" HPOS="430" VPOS="1362" WIDTH="63" HEIGHT="20" CONTENT="was" WC="0.76" CC="007"/>
						<SP ID="P156_SP00125" HPOS="493" VPOS="1382" WIDTH="26"/>
						<String ID="P156_ST00151" HPOS="519" VPOS="1352" WIDTH="132" HEIGHT="43" CONTENT="nothing" WC="0.58" CC="7077060"/>
						<SP ID="P156_SP00126" HPOS="651" VPOS="1395" WIDTH="30"/>
						<String ID="P156_ST00152" HPOS="681" VPOS="1355" WIDTH="236" HEIGHT="42" CONTENT="extraordinary" WC="0.78" CC="0064030027020"/>
						<SP ID="P156_SP00127" HPOS="917" VPOS="1397" WIDTH="22"/>
						<String ID="P156_ST00153" HPOS="939" VPOS="1357" WIDTH="34" HEIGHT="30" CONTENT="in" WC="0.64" CC="07"/>
						<SP ID="P156_SP00128" HPOS="973" VPOS="1397" WIDTH="24"/>
						<String ID="P156_ST00154" HPOS="997" VPOS="1358" WIDTH="54" HEIGHT="31" CONTENT="the" WC="0.48" CC="870"/>
					</TextLine>
					<TextLine ID="P156_TL00023" HPOS="224" VPOS="1411" WIDTH="827" HEIGHT="47">
						<String ID="P156_ST00155" HPOS="224" VPOS="1411" WIDTH="63" HEIGHT="31" CONTENT="fact" WC="0.58" CC="4704"/>
						<SP ID="P156_SP00129" HPOS="287" VPOS="1442" WIDTH="20"/>
						<String ID="P156_ST00156" HPOS="307" VPOS="1412" WIDTH="34" HEIGHT="30" CONTENT="of" WC="1.00" CC="00"/>
						<SP ID="P156_SP00130" HPOS="341" VPOS="1442" WIDTH="18"/>
						<String ID="P156_ST00157" HPOS="359" VPOS="1412" WIDTH="48" HEIGHT="30" CONTENT="his" WC="0.46" CC="744"/>
						<SP ID="P156_SP00131" HPOS="407" VPOS="1442" WIDTH="16"/>
						<String ID="P156_ST00158" HPOS="423" VPOS="1423" WIDTH="142" HEIGHT="30" CONTENT="presence" WC="0.77" CC="06040700"/>
						<SP ID="P156_SP00132" HPOS="565" VPOS="1453" WIDTH="21"/>
						<String ID="P156_ST00159" HPOS="586" VPOS="1414" WIDTH="94" HEIGHT="43" CONTENT="being" WC="0.68" CC="70340"/>
						<SP ID="P156_SP00133" HPOS="680" VPOS="1457" WIDTH="19"/>
						<String ID="P156_ST00160" HPOS="699" VPOS="1417" WIDTH="144" HEIGHT="41" CONTENT="required" WC="0.79" CC="20060800"/>
						<SP ID="P156_SP00134" HPOS="843" VPOS="1458" WIDTH="16"/>
						<String ID="P156_ST00161" HPOS="859" VPOS="1429" WIDTH="40" HEIGHT="19" CONTENT="on" WC="0.45" CC="46"/>
						<SP ID="P156_SP00135" HPOS="899" VPOS="1458" WIDTH="23"/>
						<String ID="P156_ST00162" HPOS="922" VPOS="1424" WIDTH="129" HEIGHT="27" CONTENT="matters" WC="0.85" CC="0060003"/>
					</TextLine>
					<TextLine ID="P156_TL00024" HPOS="223" VPOS="1472" WIDTH="326" HEIGHT="40">
						<String ID="P156_ST00163" HPOS="223" VPOS="1472" WIDTH="34" HEIGHT="30" CONTENT="of" WC="0.36" CC="75"/>
						<SP ID="P156_SP00136" HPOS="257" VPOS="1502" WIDTH="12"/>
						<String ID="P156_ST00164" HPOS="269" VPOS="1473" WIDTH="120" HEIGHT="39" CONTENT="private" WC="0.80" CC="0444000"/>
						<SP ID="P156_SP00137" HPOS="389" VPOS="1512" WIDTH="14"/>
						<String ID="P156_ST00165" HPOS="403" VPOS="1473" WIDTH="146" HEIGHT="32" CONTENT="business." WC="0.62" CC="777170200"/>
					</TextLine>
				</TextBlock>
				<TextBlock ID="P156_TB00005" HPOS="268" VPOS="1534" WIDTH="785" HEIGHT="47" STYLEREFS="TXT_1 PAR_RIGHT">
					<TextLine ID="P156_TL00025" HPOS="269" VPOS="1534" WIDTH="784" HEIGHT="47">
						<String ID="P156_ST00166" HPOS="269" VPOS="1534" WIDTH="63" HEIGHT="31" CONTENT="But" WC="0.42" CC="754"/>
						<SP ID="P156_SP00138" HPOS="332" VPOS="1565" WIDTH="15"/>
						<String ID="P156_ST00167" HPOS="347" VPOS="1546" WIDTH="17" HEIGHT="19" CONTENT="a" WC="1.00" CC="0"/>
						<SP ID="P156_SP00139" HPOS="364" VPOS="1565" WIDTH="15"/>
						<String ID="P156_ST00168" HPOS="379" VPOS="1535" WIDTH="85" HEIGHT="30" CONTENT="week" WC="0.91" CC="0300"/>
						<SP ID="P156_SP00140" HPOS="464" VPOS="1565" WIDTH="16"/>
						<String ID="P156_ST00169" HPOS="480" VPOS="1535" WIDTH="61" HEIGHT="31" CONTENT="had" WC="0.88" CC="300"/>
						<SP ID="P156_SP00141" HPOS="541" VPOS="1566" WIDTH="15"/>
						<String ID="P156_ST00170" HPOS="556" VPOS="1547" WIDTH="79" HEIGHT="31" CONTENT="gone" WC="0.88" CC="2020"/>
						<SP ID="P156_SP00142" HPOS="635" VPOS="1578" WIDTH="16"/>
						<String ID="P156_ST00171" HPOS="651" VPOS="1537" WIDTH="43" HEIGHT="42" CONTENT="by" WC="1.00" CC="00"/>
						<SP ID="P156_SP00143" HPOS="694" VPOS="1579" WIDTH="16"/>
						<String ID="P156_ST00172" HPOS="710" VPOS="1538" WIDTH="61" HEIGHT="31" CONTENT="and" WC="0.75" CC="070"/>
						<SP ID="P156_SP00144" HPOS="771" VPOS="1579" WIDTH="17"/>
						<String ID="P156_ST00173" HPOS="788" VPOS="1544" WIDTH="55" HEIGHT="26" CONTENT="not" WC="0.64" CC="405"/>
						<SP ID="P156_SP00145" HPOS="843" VPOS="1579" WIDTH="16"/>
						<String ID="P156_ST00174" HPOS="859" VPOS="1540" WIDTH="74" HEIGHT="41" CONTENT="only" WC="0.69" CC="0740"/>
						<SP ID="P156_SP00146" HPOS="933" VPOS="1581" WIDTH="17"/>
						<String ID="P156_ST00175" HPOS="950" VPOS="1541" WIDTH="103" HEIGHT="32" CONTENT="Count" WC="0.45" CC="70666"/>
					</TextLine>
				</TextBlock>
			</PrintSpace>
		</Page>
	</Layout>
</alto>
