<?xml version="1.0" encoding="UTF-8"?>
<alto xmlns:xsi="http://www.w3.org/2001/XMLSchema-instance" xsi:noNamespaceSchemaLocation="http://www.bl.uk/schemas/alto/alto-1-4.xsd" xmlns:xlink="http://www.w3.org/1999/xlink">
	<Description>
		<MeasurementUnit>mm10</MeasurementUnit>
		<sourceImageInformation>
			<fileName>//head1/IN/2007-46/A0010888503.2/009262.jp2</fileName>
		</sourceImageInformation>
		<OCRProcessing ID="OCRPROCESSING_1">
			<preProcessingStep>
				<processingSoftware>
					<softwareCreator>CCS Content Conversion Specialists GmbH, Germany</softwareCreator>
					<softwareName>CCS docWORKS</softwareName>
					<softwareVersion>6.1-0.61</softwareVersion>
				</processingSoftware>
			</preProcessingStep>
			<ocrProcessingStep>
				<processingSoftware>
					<softwareCreator>ABBYY (BIT Software), Russia</softwareCreator>
					<softwareName>Finereader</softwareName>
				</processingSoftware>
			</ocrProcessingStep>
		</OCRProcessing>
	</Description>
	<Styles>
		<TextStyle ID="TXT_0" FONTSIZE="11" FONTFAMILY="Courier New"/>
		<TextStyle ID="TXT_1" FONTSIZE="9" FONTFAMILY="Courier New"/>
		<ParagraphStyle ID="PAR_LEFT" ALIGN="Left"/>
		<ParagraphStyle ID="PAR_CENTER" ALIGN="Center"/>
	</Styles>
	<Layout>
		<Page ID="P54" PHYSICAL_IMG_NR="54" HEIGHT="1747" WIDTH="1132" PRINTED_IMG_NR="44" POSITION="Left" ACCURACY="70.53">
			<TopMargin ID="P54_TM00001" HPOS="0" VPOS="0" WIDTH="1131" HEIGHT="137">
				<TextBlock ID="P54_TB00001" HPOS="152" VPOS="110" WIDTH="35" HEIGHT="25" STYLEREFS="TXT_0 PAR_LEFT">
					<TextLine ID="P54_TL00001" HPOS="152" VPOS="110" WIDTH="35" HEIGHT="25">
						<String ID="P54_ST00001" HPOS="152" VPOS="110" WIDTH="35" HEIGHT="25" CONTENT="44" WC="1.00" CC="00"/>
					</TextLine>
				</TextBlock>
				<TextBlock ID="P54_TB00002" HPOS="385" VPOS="114" WIDTH="353" HEIGHT="23" STYLEREFS="TXT_1 PAR_CENTER">
					<TextLine ID="P54_TL00002" HPOS="385" VPOS="114" WIDTH="353" HEIGHT="23">
						<String ID="P54_ST00002" HPOS="385" VPOS="116" WIDTH="83" HEIGHT="21" CONTENT="LOVE" WC="0.63" CC="6205"/>
						<SP ID="P54_SP00001" HPOS="468" VPOS="137" WIDTH="23"/>
						<String ID="P54_ST00003" HPOS="491" VPOS="116" WIDTH="64" HEIGHT="21" CONTENT="THE" WC="0.78" CC="060"/>
						<SP ID="P54_SP00002" HPOS="555" VPOS="137" WIDTH="23"/>
						<String ID="P54_ST00004" HPOS="578" VPOS="114" WIDTH="160" HEIGHT="23" CONTENT="AVENGER." WC="0.82" CC="00307300"/>
					</TextLine>
				</TextBlock>
			</TopMargin>
			<LeftMargin ID="P54_LM00001" HPOS="0" VPOS="137" WIDTH="149" HEIGHT="1453"/>
			<RightMargin ID="P54_RM00001" HPOS="982" VPOS="137" WIDTH="149" HEIGHT="1453"/>
			<BottomMargin ID="P54_BM00001" HPOS="0" VPOS="1590" WIDTH="1131" HEIGHT="156"/>
			<PrintSpace ID="P54_PS00001" HPOS="149" VPOS="137" WIDTH="833" HEIGHT="1453">
				<TextBlock ID="P54_TB00003" HPOS="149" VPOS="187" WIDTH="833" HEIGHT="599" STYLEREFS="TXT_1 PAR_LEFT">
					<TextLine ID="P54_TL00003" HPOS="151" VPOS="188" WIDTH="831" HEIGHT="45">
						<String ID="P54_ST00005" HPOS="151" VPOS="205" WIDTH="90" HEIGHT="20" CONTENT="more." WC="0.96" CC="00100"/>
						<SP ID="P54_SP00003" HPOS="241" VPOS="225" WIDTH="49"/>
						<String ID="P54_ST00006" HPOS="290" VPOS="194" WIDTH="113" HEIGHT="31" CONTENT="Round" WC="0.61" CC="70560"/>
						<SP ID="P54_SP00004" HPOS="403" VPOS="225" WIDTH="24"/>
						<String ID="P54_ST00007" HPOS="427" VPOS="205" WIDTH="58" HEIGHT="20" CONTENT="one" WC="0.77" CC="330"/>
						<SP ID="P54_SP00005" HPOS="485" VPOS="225" WIDTH="27"/>
						<String ID="P54_ST00008" HPOS="512" VPOS="194" WIDTH="92" HEIGHT="38" CONTENT="table," WC="0.79" CC="500303"/>
						<SP ID="P54_SP00006" HPOS="604" VPOS="232" WIDTH="17"/>
						<String ID="P54_ST00009" HPOS="621" VPOS="193" WIDTH="59" HEIGHT="30" CONTENT="full" WC="0.53" CC="0665"/>
						<SP ID="P54_SP00007" HPOS="680" VPOS="232" WIDTH="23"/>
						<String ID="P54_ST00010" HPOS="703" VPOS="193" WIDTH="34" HEIGHT="30" CONTENT="in" WC="0.63" CC="07"/>
						<SP ID="P54_SP00008" HPOS="737" VPOS="232" WIDTH="27"/>
						<String ID="P54_ST00011" HPOS="764" VPOS="191" WIDTH="53" HEIGHT="31" CONTENT="the" WC="0.51" CC="770"/>
						<SP ID="P54_SP00009" HPOS="817" VPOS="232" WIDTH="23"/>
						<String ID="P54_ST00012" HPOS="840" VPOS="190" WIDTH="84" HEIGHT="43" CONTENT="glare" WC="0.68" CC="90050"/>
						<SP ID="P54_SP00010" HPOS="924" VPOS="233" WIDTH="24"/>
						<String ID="P54_ST00013" HPOS="948" VPOS="188" WIDTH="34" HEIGHT="32" CONTENT="of" WC="0.70" CC="50"/>
					</TextLine>
					<TextLine ID="P54_TL00004" HPOS="151" VPOS="254" WIDTH="827" HEIGHT="44">
						<String ID="P54_ST00014" HPOS="151" VPOS="255" WIDTH="54" HEIGHT="32" CONTENT="the" WC="0.64" CC="370"/>
						<SP ID="P54_SP00011" HPOS="205" VPOS="287" WIDTH="23"/>
						<String ID="P54_ST00015" HPOS="228" VPOS="255" WIDTH="98" HEIGHT="43" CONTENT="lamps" WC="0.79" CC="40005"/>
						<SP ID="P54_SP00012" HPOS="326" VPOS="298" WIDTH="27"/>
						<String ID="P54_ST00016" HPOS="353" VPOS="256" WIDTH="69" HEIGHT="30" CONTENT="that" WC="0.47" CC="7706"/>
						<SP ID="P54_SP00013" HPOS="422" VPOS="298" WIDTH="25"/>
						<String ID="P54_ST00017" HPOS="447" VPOS="255" WIDTH="120" HEIGHT="42" CONTENT="lighted" WC="0.76" CC="3407010"/>
						<SP ID="P54_SP00014" HPOS="567" VPOS="298" WIDTH="28"/>
						<String ID="P54_ST00018" HPOS="595" VPOS="254" WIDTH="53" HEIGHT="31" CONTENT="the" WC="0.59" CC="470"/>
						<SP ID="P54_SP00015" HPOS="648" VPOS="298" WIDTH="27"/>
						<String ID="P54_ST00019" HPOS="675" VPOS="259" WIDTH="180" HEIGHT="36" CONTENT="temporary" WC="0.89" CC="200000060"/>
						<SP ID="P54_SP00016" HPOS="855" VPOS="298" WIDTH="26"/>
						<String ID="P54_ST00020" HPOS="881" VPOS="257" WIDTH="97" HEIGHT="37" CONTENT="stage," WC="0.80" CC="640000"/>
					</TextLine>
					<TextLine ID="P54_TL00005" HPOS="152" VPOS="314" WIDTH="827" HEIGHT="45">
						<String ID="P54_ST00021" HPOS="152" VPOS="328" WIDTH="80" HEIGHT="20" CONTENT="Avere" WC="0.92" CC="00021"/>
						<SP ID="P54_SP00017" HPOS="232" VPOS="348" WIDTH="23"/>
						<String ID="P54_ST00022" HPOS="255" VPOS="318" WIDTH="106" HEIGHT="30" CONTENT="drawn" WC="0.92" CC="00003"/>
						<SP ID="P54_SP00018" HPOS="361" VPOS="348" WIDTH="22"/>
						<String ID="P54_ST00023" HPOS="383" VPOS="316" WIDTH="142" HEIGHT="43" CONTENT="together" WC="0.70" CC="50006704"/>
						<SP ID="P54_SP00019" HPOS="525" VPOS="359" WIDTH="23"/>
						<String ID="P54_ST00024" HPOS="548" VPOS="326" WIDTH="83" HEIGHT="21" CONTENT="some" WC="0.64" CC="6204"/>
						<SP ID="P54_SP00020" HPOS="631" VPOS="359" WIDTH="22"/>
						<String ID="P54_ST00025" HPOS="653" VPOS="321" WIDTH="56" HEIGHT="26" CONTENT="ten" WC="0.57" CC="606"/>
						<SP ID="P54_SP00021" HPOS="709" VPOS="359" WIDTH="22"/>
						<String ID="P54_ST00026" HPOS="731" VPOS="326" WIDTH="33" HEIGHT="20" CONTENT="or" WC="0.93" CC="10"/>
						<SP ID="P54_SP00022" HPOS="764" VPOS="359" WIDTH="16"/>
						<String ID="P54_ST00027" HPOS="780" VPOS="326" WIDTH="18" HEIGHT="20" CONTENT="a" WC="1.00" CC="0"/>
						<SP ID="P54_SP00023" HPOS="798" VPOS="359" WIDTH="15"/>
						<String ID="P54_ST00028" HPOS="813" VPOS="315" WIDTH="99" HEIGHT="31" CONTENT="dozen" WC="0.77" CC="00047"/>
						<SP ID="P54_SP00024" HPOS="912" VPOS="359" WIDTH="20"/>
						<String ID="P54_ST00029" HPOS="932" VPOS="314" WIDTH="47" HEIGHT="30" CONTENT="in" SUBS_TYPE="HypPart1" SUBS_CONTENT="individuals" WC="0.65" CC="162"/>
						<HYP CONTENT="-"/>
					</TextLine>
					<TextLine ID="P54_TL00006" HPOS="151" VPOS="376" WIDTH="828" HEIGHT="33">
						<String ID="P54_ST00030" HPOS="151" VPOS="378" WIDTH="155" HEIGHT="31" CONTENT="dividuals" SUBS_TYPE="HypPart2" SUBS_CONTENT="individuals" WC="0.85" CC="000006015"/>
						<SP ID="P54_SP00025" HPOS="306" VPOS="409" WIDTH="27"/>
						<String ID="P54_ST00031" HPOS="333" VPOS="377" WIDTH="233" HEIGHT="32" CONTENT="Avorse-dressed" WC="0.75" CC="00066000526600"/>
						<SP ID="P54_SP00026" HPOS="566" VPOS="409" WIDTH="27"/>
						<String ID="P54_ST00032" HPOS="593" VPOS="377" WIDTH="60" HEIGHT="31" CONTENT="and" WC="0.84" CC="040"/>
						<SP ID="P54_SP00027" HPOS="653" VPOS="409" WIDTH="28"/>
						<String ID="P54_ST00033" HPOS="681" VPOS="377" WIDTH="114" HEIGHT="31" CONTENT="noisier" WC="0.81" CC="2005005"/>
						<SP ID="P54_SP00028" HPOS="795" VPOS="409" WIDTH="24"/>
						<String ID="P54_ST00034" HPOS="819" VPOS="377" WIDTH="79" HEIGHT="31" CONTENT="than" WC="0.51" CC="5606"/>
						<SP ID="P54_SP00029" HPOS="898" VPOS="409" WIDTH="26"/>
						<String ID="P54_ST00035" HPOS="924" VPOS="376" WIDTH="55" HEIGHT="31" CONTENT="the" WC="0.43" CC="475"/>
					</TextLine>
					<TextLine ID="P54_TL00007" HPOS="150" VPOS="438" WIDTH="829" HEIGHT="43">
						<String ID="P54_ST00036" HPOS="150" VPOS="445" WIDTH="70" HEIGHT="32" CONTENT="rest," WC="0.70" CC="60502"/>
						<SP ID="P54_SP00030" HPOS="220" VPOS="477" WIDTH="26"/>
						<String ID="P54_ST00037" HPOS="246" VPOS="440" WIDTH="62" HEIGHT="30" CONTENT="and" WC="0.76" CC="070"/>
						<SP ID="P54_SP00031" HPOS="308" VPOS="477" WIDTH="27"/>
						<String ID="P54_ST00038" HPOS="335" VPOS="440" WIDTH="70" HEIGHT="30" CONTENT="Avho" WC="0.57" CC="0970"/>
						<SP ID="P54_SP00032" HPOS="405" VPOS="477" WIDTH="27"/>
						<String ID="P54_ST00039" HPOS="432" VPOS="439" WIDTH="101" HEIGHT="42" CONTENT="might" WC="0.69" CC="02075"/>
						<SP ID="P54_SP00033" HPOS="533" VPOS="481" WIDTH="26"/>
						<String ID="P54_ST00040" HPOS="559" VPOS="439" WIDTH="79" HEIGHT="31" CONTENT="have" WC="0.47" CC="7490"/>
						<SP ID="P54_SP00034" HPOS="638" VPOS="481" WIDTH="27"/>
						<String ID="P54_ST00041" HPOS="665" VPOS="439" WIDTH="77" HEIGHT="31" CONTENT="been" WC="0.82" CC="0007"/>
						<SP ID="P54_SP00035" HPOS="742" VPOS="481" WIDTH="25"/>
						<String ID="P54_ST00042" HPOS="767" VPOS="438" WIDTH="157" HEIGHT="43" CONTENT="supposed" WC="0.73" CC="65002600"/>
						<SP ID="P54_SP00036" HPOS="924" VPOS="481" WIDTH="21"/>
						<String ID="P54_ST00043" HPOS="945" VPOS="442" WIDTH="34" HEIGHT="27" CONTENT="to" WC="0.67" CC="60"/>
					</TextLine>
					<TextLine ID="P54_TL00008" HPOS="151" VPOS="500" WIDTH="827" HEIGHT="43">
						<String ID="P54_ST00044" HPOS="151" VPOS="501" WIDTH="111" HEIGHT="42" CONTENT="belong" WC="0.75" CC="600250"/>
						<SP ID="P54_SP00037" HPOS="262" VPOS="543" WIDTH="22"/>
						<String ID="P54_ST00045" HPOS="284" VPOS="506" WIDTH="32" HEIGHT="25" CONTENT="to" WC="0.60" CC="70"/>
						<SP ID="P54_SP00038" HPOS="316" VPOS="543" WIDTH="23"/>
						<String ID="P54_ST00046" HPOS="339" VPOS="501" WIDTH="85" HEIGHT="30" CONTENT="Avhat" WC="0.74" CC="00606"/>
						<SP ID="P54_SP00039" HPOS="424" VPOS="543" WIDTH="26"/>
						<String ID="P54_ST00047" HPOS="450" VPOS="501" WIDTH="27" HEIGHT="30" CONTENT="is" WC="0.66" CC="06"/>
						<SP ID="P54_SP00040" HPOS="477" VPOS="543" WIDTH="27"/>
						<String ID="P54_ST00048" HPOS="504" VPOS="501" WIDTH="102" HEIGHT="41" CONTENT="styled" WC="0.70" CC="660500"/>
						<SP ID="P54_SP00041" HPOS="606" VPOS="543" WIDTH="25"/>
						<String ID="P54_ST00049" HPOS="631" VPOS="501" WIDTH="55" HEIGHT="30" CONTENT="the" WC="0.61" CC="470"/>
						<SP ID="P54_SP00042" HPOS="686" VPOS="543" WIDTH="23"/>
						<String ID="P54_ST00050" HPOS="709" VPOS="501" WIDTH="110" HEIGHT="30" CONTENT="lowest" WC="0.78" CC="000057"/>
						<SP ID="P54_SP00043" HPOS="819" VPOS="543" WIDTH="22"/>
						<String ID="P54_ST00051" HPOS="841" VPOS="504" WIDTH="56" HEIGHT="34" CONTENT="set," WC="0.67" CC="6042"/>
						<SP ID="P54_SP00044" HPOS="897" VPOS="543" WIDTH="17"/>
						<String ID="P54_ST00052" HPOS="914" VPOS="500" WIDTH="64" HEIGHT="30" CONTENT="had" WC="0.75" CC="700"/>
					</TextLine>
					<TextLine ID="P54_TL00009" HPOS="151" VPOS="563" WIDTH="825" HEIGHT="41">
						<String ID="P54_ST00053" HPOS="151" VPOS="564" WIDTH="85" HEIGHT="30" CONTENT="there" WC="0.59" CC="66070"/>
						<SP ID="P54_SP00045" HPOS="236" VPOS="594" WIDTH="15"/>
						<String ID="P54_ST00054" HPOS="251" VPOS="567" WIDTH="55" HEIGHT="27" CONTENT="not" WC="0.38" CC="566"/>
						<SP ID="P54_SP00046" HPOS="306" VPOS="594" WIDTH="16"/>
						<String ID="P54_ST00055" HPOS="322" VPOS="563" WIDTH="77" HEIGHT="30" CONTENT="been" WC="0.63" CC="7007"/>
						<SP ID="P54_SP00047" HPOS="399" VPOS="594" WIDTH="16"/>
						<String ID="P54_ST00056" HPOS="415" VPOS="563" WIDTH="177" HEIGHT="41" CONTENT="something" WC="0.69" CC="500176140"/>
						<SP ID="P54_SP00048" HPOS="592" VPOS="604" WIDTH="16"/>
						<String ID="P54_ST00057" HPOS="608" VPOS="563" WIDTH="155" HEIGHT="30" CONTENT="excessive" WC="0.85" CC="000065000"/>
						<SP ID="P54_SP00049" HPOS="763" VPOS="604" WIDTH="16"/>
						<String ID="P54_ST00058" HPOS="779" VPOS="563" WIDTH="95" HEIGHT="30" CONTENT="about" WC="0.66" CC="00565"/>
						<SP ID="P54_SP00050" HPOS="874" VPOS="604" WIDTH="16"/>
						<String ID="P54_ST00059" HPOS="890" VPOS="563" WIDTH="86" HEIGHT="30" CONTENT="them" WC="0.69" CC="5700"/>
					</TextLine>
					<TextLine ID="P54_TL00010" HPOS="151" VPOS="622" WIDTH="830" HEIGHT="43">
						<String ID="P54_ST00060" HPOS="151" VPOS="624" WIDTH="100" HEIGHT="30" CONTENT="Avhich" WC="0.53" CC="096037"/>
						<SP ID="P54_SP00051" HPOS="251" VPOS="654" WIDTH="27"/>
						<String ID="P54_ST00061" HPOS="278" VPOS="624" WIDTH="147" HEIGHT="41" CONTENT="betrayed" WC="0.77" CC="70162000"/>
						<SP ID="P54_SP00052" HPOS="425" VPOS="665" WIDTH="27"/>
						<String ID="P54_ST00062" HPOS="452" VPOS="624" WIDTH="185" HEIGHT="38" CONTENT="affectation," WC="0.55" CC="900563908073"/>
						<SP ID="P54_SP00053" HPOS="637" VPOS="665" WIDTH="16"/>
						<String ID="P54_ST00063" HPOS="653" VPOS="624" WIDTH="55" HEIGHT="31" CONTENT="the" WC="0.50" CC="274"/>
						<SP ID="P54_SP00054" HPOS="708" VPOS="665" WIDTH="23"/>
						<String ID="P54_ST00064" HPOS="731" VPOS="624" WIDTH="193" HEIGHT="41" CONTENT="assumption" WC="0.61" CC="9615003207"/>
						<SP ID="P54_SP00055" HPOS="924" VPOS="665" WIDTH="22"/>
						<String ID="P54_ST00065" HPOS="946" VPOS="622" WIDTH="35" HEIGHT="31" CONTENT="of" WC="0.80" CC="03"/>
					</TextLine>
					<TextLine ID="P54_TL00011" HPOS="150" VPOS="684" WIDTH="826" HEIGHT="42">
						<String ID="P54_ST00066" HPOS="150" VPOS="696" WIDTH="39" HEIGHT="19" CONTENT="an" WC="0.88" CC="02"/>
						<SP ID="P54_SP00056" HPOS="189" VPOS="715" WIDTH="37"/>
						<String ID="P54_ST00067" HPOS="226" VPOS="696" WIDTH="188" HEIGHT="30" CONTENT="appearance" WC="0.73" CC="0900070513"/>
						<SP ID="P54_SP00057" HPOS="414" VPOS="726" WIDTH="29"/>
						<String ID="P54_ST00068" HPOS="443" VPOS="690" WIDTH="57" HEIGHT="26" CONTENT="not" WC="0.51" CC="707"/>
						<SP ID="P54_SP00058" HPOS="500" VPOS="726" WIDTH="34"/>
						<String ID="P54_ST00069" HPOS="534" VPOS="685" WIDTH="33" HEIGHT="30" CONTENT="in" WC="0.63" CC="07"/>
						<SP ID="P54_SP00059" HPOS="567" VPOS="726" WIDTH="30"/>
						<String ID="P54_ST00070" HPOS="597" VPOS="685" WIDTH="186" HEIGHT="31" CONTENT="accordance" WC="0.76" CC="0000609402"/>
						<SP ID="P54_SP00060" HPOS="783" VPOS="726" WIDTH="30"/>
						<String ID="P54_ST00071" HPOS="813" VPOS="685" WIDTH="78" HEIGHT="30" CONTENT="Avith" WC="0.68" CC="00267"/>
						<SP ID="P54_SP00061" HPOS="891" VPOS="726" WIDTH="31"/>
						<String ID="P54_ST00072" HPOS="922" VPOS="684" WIDTH="54" HEIGHT="31" CONTENT="the" WC="0.49" CC="464"/>
					</TextLine>
					<TextLine ID="P54_TL00012" HPOS="150" VPOS="746" WIDTH="116" HEIGHT="40">
						<String ID="P54_ST00073" HPOS="150" VPOS="746" WIDTH="116" HEIGHT="40" CONTENT="reality." WC="0.73" CC="40722300"/>
					</TextLine>
				</TextBlock>
				<TextBlock ID="P54_TB00004" HPOS="149" VPOS="807" WIDTH="828" HEIGHT="783" STYLEREFS="TXT_1 PAR_LEFT">
					<TextLine ID="P54_TL00013" HPOS="195" VPOS="807" WIDTH="782" HEIGHT="43">
						<String ID="P54_ST00074" HPOS="195" VPOS="807" WIDTH="37" HEIGHT="31" CONTENT="In" WC="0.58" CC="08"/>
						<SP ID="P54_SP00062" HPOS="232" VPOS="838" WIDTH="23"/>
						<String ID="P54_ST00075" HPOS="255" VPOS="807" WIDTH="61" HEIGHT="31" CONTENT="this" WC="0.50" CC="0757"/>
						<SP ID="P54_SP00063" HPOS="316" VPOS="838" WIDTH="24"/>
						<String ID="P54_ST00076" HPOS="340" VPOS="812" WIDTH="92" HEIGHT="37" CONTENT="party" WC="0.86" CC="00060"/>
						<String ID="P54_ST00077" HPOS="433" VPOS="827" WIDTH="42" HEIGHT="2" CONTENT="—" WC="0.20" CC="8"/>
						<String ID="P54_ST00078" HPOS="477" VPOS="818" WIDTH="82" HEIGHT="20" CONTENT="some" WC="0.77" CC="6200"/>
						<SP ID="P54_SP00064" HPOS="559" VPOS="849" WIDTH="25"/>
						<String ID="P54_ST00079" HPOS="584" VPOS="808" WIDTH="34" HEIGHT="31" CONTENT="of" WC="0.95" CC="01"/>
						<SP ID="P54_SP00065" HPOS="618" VPOS="849" WIDTH="24"/>
						<String ID="P54_ST00080" HPOS="642" VPOS="808" WIDTH="103" HEIGHT="31" CONTENT="Avhom" WC="0.61" CC="09720"/>
						<SP ID="P54_SP00066" HPOS="745" VPOS="849" WIDTH="27"/>
						<String ID="P54_ST00081" HPOS="772" VPOS="819" WIDTH="50" HEIGHT="20" CONTENT="are" WC="0.77" CC="060"/>
						<SP ID="P54_SP00067" HPOS="822" VPOS="849" WIDTH="27"/>
						<String ID="P54_ST00082" HPOS="849" VPOS="807" WIDTH="128" HEIGHT="43" CONTENT="already" WC="0.80" CC="0760000"/>
					</TextLine>
					<TextLine ID="P54_TL00014" HPOS="150" VPOS="869" WIDTH="824" HEIGHT="38">
						<String ID="P54_ST00083" HPOS="150" VPOS="869" WIDTH="115" HEIGHT="31" CONTENT="knoAvn" WC="0.83" CC="040005"/>
						<SP ID="P54_SP00068" HPOS="265" VPOS="900" WIDTH="15"/>
						<String ID="P54_ST00084" HPOS="280" VPOS="873" WIDTH="33" HEIGHT="26" CONTENT="to" WC="0.70" CC="50"/>
						<SP ID="P54_SP00069" HPOS="313" VPOS="900" WIDTH="16"/>
						<String ID="P54_ST00085" HPOS="329" VPOS="879" WIDTH="37" HEIGHT="20" CONTENT="us" WC="0.50" CC="45"/>
						<String ID="P54_ST00086" HPOS="368" VPOS="887" WIDTH="41" HEIGHT="2" CONTENT="—" WC="0.20" CC="8"/>
						<String ID="P54_ST00087" HPOS="410" VPOS="869" WIDTH="86" HEIGHT="31" CONTENT="there" WC="0.58" CC="67061"/>
						<SP ID="P54_SP00070" HPOS="496" VPOS="900" WIDTH="15"/>
						<String ID="P54_ST00088" HPOS="511" VPOS="880" WIDTH="79" HEIGHT="20" CONTENT="Avere" WC="0.90" CC="00050"/>
						<SP ID="P54_SP00071" HPOS="590" VPOS="900" WIDTH="16"/>
						<String ID="P54_ST00089" HPOS="606" VPOS="869" WIDTH="86" HEIGHT="31" CONTENT="three" WC="0.67" CC="57300"/>
						<SP ID="P54_SP00072" HPOS="692" VPOS="900" WIDTH="17"/>
						<String ID="P54_ST00090" HPOS="709" VPOS="881" WIDTH="33" HEIGHT="19" CONTENT="or" WC="1.00" CC="00"/>
						<SP ID="P54_SP00073" HPOS="742" VPOS="900" WIDTH="15"/>
						<String ID="P54_ST00091" HPOS="757" VPOS="869" WIDTH="70" HEIGHT="31" CONTENT="four" WC="0.59" CC="3066"/>
						<SP ID="P54_SP00074" HPOS="827" VPOS="900" WIDTH="15"/>
						<String ID="P54_ST00092" HPOS="842" VPOS="881" WIDTH="132" HEIGHT="26" CONTENT="Avomen," WC="0.81" CC="0020064"/>
					</TextLine>
					<TextLine ID="P54_TL00015" HPOS="151" VPOS="929" WIDTH="826" HEIGHT="43">
						<String ID="P54_ST00093" HPOS="151" VPOS="930" WIDTH="136" HEIGHT="42" CONTENT="painted," WC="0.86" CC="00070003"/>
						<SP ID="P54_SP00075" HPOS="287" VPOS="972" WIDTH="18"/>
						<String ID="P54_ST00094" HPOS="305" VPOS="929" WIDTH="90" HEIGHT="42" CONTENT="dyed," WC="0.93" CC="00003"/>
						<SP ID="P54_SP00076" HPOS="395" VPOS="972" WIDTH="17"/>
						<String ID="P54_ST00095" HPOS="412" VPOS="930" WIDTH="62" HEIGHT="31" CONTENT="and" WC="0.84" CC="040"/>
						<SP ID="P54_SP00077" HPOS="474" VPOS="972" WIDTH="15"/>
						<String ID="P54_ST00096" HPOS="489" VPOS="930" WIDTH="87" HEIGHT="42" CONTENT="hung" WC="0.50" CC="7570"/>
						<SP ID="P54_SP00078" HPOS="576" VPOS="972" WIDTH="17"/>
						<String ID="P54_ST00097" HPOS="593" VPOS="931" WIDTH="94" HEIGHT="30" CONTENT="about" WC="0.73" CC="00057"/>
						<SP ID="P54_SP00079" HPOS="687" VPOS="972" WIDTH="16"/>
						<String ID="P54_ST00098" HPOS="703" VPOS="931" WIDTH="77" HEIGHT="30" CONTENT="Avith" WC="0.77" CC="00037"/>
						<SP ID="P54_SP00080" HPOS="780" VPOS="972" WIDTH="17"/>
						<String ID="P54_ST00099" HPOS="797" VPOS="937" WIDTH="180" HEIGHT="26" CONTENT="ornaments" WC="0.73" CC="051004066"/>
					</TextLine>
					<TextLine ID="P54_TL00016" HPOS="151" VPOS="991" WIDTH="825" HEIGHT="37">
						<String ID="P54_ST00100" HPOS="151" VPOS="991" WIDTH="61" HEIGHT="31" CONTENT="and" WC="0.76" CC="070"/>
						<SP ID="P54_SP00081" HPOS="212" VPOS="1022" WIDTH="16"/>
						<String ID="P54_ST00101" HPOS="228" VPOS="991" WIDTH="123" HEIGHT="37" CONTENT="clothes," WC="0.73" CC="00057043"/>
						<SP ID="P54_SP00082" HPOS="351" VPOS="1028" WIDTH="18"/>
						<String ID="P54_ST00102" HPOS="369" VPOS="991" WIDTH="93" HEIGHT="31" CONTENT="much" WC="0.58" CC="0627"/>
						<SP ID="P54_SP00083" HPOS="462" VPOS="1028" WIDTH="27"/>
						<String ID="P54_ST00103" HPOS="489" VPOS="991" WIDTH="78" HEIGHT="31" CONTENT="after" WC="0.75" CC="00506"/>
						<SP ID="P54_SP00084" HPOS="567" VPOS="1028" WIDTH="26"/>
						<String ID="P54_ST00104" HPOS="593" VPOS="992" WIDTH="52" HEIGHT="30" CONTENT="the" WC="0.69" CC="160"/>
						<SP ID="P54_SP00085" HPOS="645" VPOS="1028" WIDTH="26"/>
						<String ID="P54_ST00105" HPOS="671" VPOS="992" WIDTH="122" HEIGHT="30" CONTENT="fashion" WC="0.44" CC="3967506"/>
						<SP ID="P54_SP00086" HPOS="793" VPOS="1028" WIDTH="23"/>
						<String ID="P54_ST00106" HPOS="816" VPOS="993" WIDTH="33" HEIGHT="29" CONTENT="in" WC="0.46" CC="37"/>
						<SP ID="P54_SP00087" HPOS="849" VPOS="1028" WIDTH="24"/>
						<String ID="P54_ST00107" HPOS="873" VPOS="993" WIDTH="103" HEIGHT="32" CONTENT="which" WC="0.67" CC="07107"/>
					</TextLine>
					<TextLine ID="P54_TL00017" HPOS="151" VPOS="1051" WIDTH="826" HEIGHT="42">
						<String ID="P54_ST00108" HPOS="151" VPOS="1051" WIDTH="150" HEIGHT="42" CONTENT="probably" WC="0.88" CC="00070000"/>
						<SP ID="P54_SP00088" HPOS="301" VPOS="1093" WIDTH="15"/>
						<String ID="P54_ST00109" HPOS="316" VPOS="1062" WIDTH="17" HEIGHT="19" CONTENT="a" WC="1.00" CC="0"/>
						<SP ID="P54_SP00089" HPOS="333" VPOS="1093" WIDTH="17"/>
						<String ID="P54_ST00110" HPOS="350" VPOS="1051" WIDTH="66" HEIGHT="31" CONTENT="Red" WC="0.70" CC="710"/>
						<SP ID="P54_SP00090" HPOS="416" VPOS="1093" WIDTH="16"/>
						<String ID="P54_ST00111" HPOS="432" VPOS="1051" WIDTH="111" HEIGHT="32" CONTENT="Indian" WC="0.67" CC="660007"/>
						<SP ID="P54_SP00091" HPOS="543" VPOS="1093" WIDTH="22"/>
						<String ID="P54_ST00112" HPOS="565" VPOS="1052" WIDTH="110" HEIGHT="31" CONTENT="female" WC="0.81" CC="600003"/>
						<SP ID="P54_SP00092" HPOS="675" VPOS="1093" WIDTH="17"/>
						<String ID="P54_ST00113" HPOS="692" VPOS="1053" WIDTH="104" HEIGHT="31" CONTENT="Avould" WC="0.75" CC="004640"/>
						<SP ID="P54_SP00093" HPOS="796" VPOS="1093" WIDTH="17"/>
						<String ID="P54_ST00114" HPOS="813" VPOS="1054" WIDTH="79" HEIGHT="31" CONTENT="deck" WC="0.75" CC="9000"/>
						<SP ID="P54_SP00094" HPOS="892" VPOS="1093" WIDTH="16"/>
						<String ID="P54_ST00115" HPOS="908" VPOS="1055" WIDTH="69" HEIGHT="31" CONTENT="her" SUBS_TYPE="HypPart1" SUBS_CONTENT="herself" WC="0.59" CC="7062"/>
						<HYP CONTENT="-"/>
					</TextLine>
					<TextLine ID="P54_TL00018" HPOS="151" VPOS="1112" WIDTH="825" HEIGHT="46">
						<String ID="P54_ST00116" HPOS="151" VPOS="1112" WIDTH="60" HEIGHT="31" CONTENT="self" SUBS_TYPE="HypPart2" SUBS_CONTENT="herself" WC="0.89" CC="4000"/>
						<SP ID="P54_SP00095" HPOS="211" VPOS="1143" WIDTH="12"/>
						<String ID="P54_ST00117" HPOS="223" VPOS="1117" WIDTH="55" HEIGHT="26" CONTENT="out" WC="0.53" CC="067"/>
						<SP ID="P54_SP00096" HPOS="278" VPOS="1143" WIDTH="16"/>
						<String ID="P54_ST00118" HPOS="294" VPOS="1123" WIDTH="78" HEIGHT="20" CONTENT="were" WC="0.85" CC="0050"/>
						<SP ID="P54_SP00097" HPOS="372" VPOS="1143" WIDTH="16"/>
						<String ID="P54_ST00119" HPOS="388" VPOS="1112" WIDTH="53" HEIGHT="31" CONTENT="she" WC="0.74" CC="070"/>
						<SP ID="P54_SP00098" HPOS="441" VPOS="1143" WIDTH="16"/>
						<String ID="P54_ST00120" HPOS="457" VPOS="1113" WIDTH="153" HEIGHT="41" CONTENT="suddenly" WC="0.79" CC="57000400"/>
						<SP ID="P54_SP00099" HPOS="610" VPOS="1154" WIDTH="16"/>
						<String ID="P54_ST00121" HPOS="626" VPOS="1114" WIDTH="43" HEIGHT="30" CONTENT="let" WC="0.83" CC="005"/>
						<SP ID="P54_SP00100" HPOS="669" VPOS="1154" WIDTH="22"/>
						<String ID="P54_ST00122" HPOS="691" VPOS="1115" WIDTH="83" HEIGHT="31" CONTENT="loose" WC="0.78" CC="32040"/>
						<SP ID="P54_SP00101" HPOS="774" VPOS="1154" WIDTH="18"/>
						<String ID="P54_ST00123" HPOS="792" VPOS="1127" WIDTH="115" HEIGHT="31" CONTENT="among" WC="0.84" CC="00070"/>
						<SP ID="P54_SP00102" HPOS="907" VPOS="1158" WIDTH="14"/>
						<String ID="P54_ST00124" HPOS="921" VPOS="1117" WIDTH="55" HEIGHT="31" CONTENT="the" WC="0.45" CC="555"/>
					</TextLine>
					<TextLine ID="P54_TL00019" HPOS="151" VPOS="1172" WIDTH="821" HEIGHT="46">
						<String ID="P54_ST00125" HPOS="151" VPOS="1172" WIDTH="156" HEIGHT="31" CONTENT="Avardrobe" WC="0.89" CC="000401030"/>
						<SP ID="P54_SP00103" HPOS="307" VPOS="1203" WIDTH="27"/>
						<String ID="P54_ST00126" HPOS="334" VPOS="1177" WIDTH="150" HEIGHT="27" CONTENT="treasures" WC="0.74" CC="260013206"/>
						<SP ID="P54_SP00104" HPOS="484" VPOS="1204" WIDTH="27"/>
						<String ID="P54_ST00127" HPOS="511" VPOS="1173" WIDTH="35" HEIGHT="31" CONTENT="of" WC="0.93" CC="10"/>
						<SP ID="P54_SP00105" HPOS="546" VPOS="1204" WIDTH="19"/>
						<String ID="P54_ST00128" HPOS="565" VPOS="1185" WIDTH="17" HEIGHT="19" CONTENT="a" WC="1.00" CC="0"/>
						<SP ID="P54_SP00106" HPOS="582" VPOS="1204" WIDTH="27"/>
						<String ID="P54_ST00129" HPOS="609" VPOS="1174" WIDTH="87" HEIGHT="30" CONTENT="Paris" WC="0.56" CC="70716"/>
						<SP ID="P54_SP00107" HPOS="696" VPOS="1204" WIDTH="26"/>
						<String ID="P54_ST00130" HPOS="722" VPOS="1180" WIDTH="138" HEIGHT="27" CONTENT="costume" WC="0.75" CC="0021606"/>
						<SP ID="P54_SP00108" HPOS="860" VPOS="1207" WIDTH="26"/>
						<String ID="P54_ST00131" HPOS="886" VPOS="1177" WIDTH="86" HEIGHT="41" CONTENT="shop." WC="0.74" CC="57000"/>
					</TextLine>
					<TextLine ID="P54_TL00020" HPOS="151" VPOS="1233" WIDTH="826" HEIGHT="43">
						<String ID="P54_ST00132" HPOS="151" VPOS="1234" WIDTH="64" HEIGHT="31" CONTENT="The" WC="0.64" CC="073"/>
						<SP ID="P54_SP00109" HPOS="215" VPOS="1265" WIDTH="30"/>
						<String ID="P54_ST00133" HPOS="245" VPOS="1233" WIDTH="61" HEIGHT="31" CONTENT="fact" WC="0.54" CC="4805"/>
						<SP ID="P54_SP00110" HPOS="306" VPOS="1265" WIDTH="32"/>
						<String ID="P54_ST00134" HPOS="338" VPOS="1233" WIDTH="101" HEIGHT="31" CONTENT="Avhich" WC="0.51" CC="097317"/>
						<SP ID="P54_SP00111" HPOS="439" VPOS="1265" WIDTH="31"/>
						<String ID="P54_ST00135" HPOS="470" VPOS="1234" WIDTH="111" HEIGHT="42" CONTENT="chiefly" WC="0.78" CC="0701220"/>
						<SP ID="P54_SP00112" HPOS="581" VPOS="1276" WIDTH="29"/>
						<String ID="P54_ST00136" HPOS="610" VPOS="1235" WIDTH="73" HEIGHT="31" CONTENT="bore" WC="0.67" CC="7050"/>
						<SP ID="P54_SP00113" HPOS="683" VPOS="1276" WIDTH="26"/>
						<String ID="P54_ST00137" HPOS="709" VPOS="1237" WIDTH="127" HEIGHT="31" CONTENT="Avitness" WC="0.72" CC="01007067"/>
						<SP ID="P54_SP00114" HPOS="836" VPOS="1276" WIDTH="26"/>
						<String ID="P54_ST00138" HPOS="862" VPOS="1243" WIDTH="34" HEIGHT="26" CONTENT="to" WC="0.60" CC="33"/>
						<SP ID="P54_SP00115" HPOS="896" VPOS="1276" WIDTH="26"/>
						<String ID="P54_ST00139" HPOS="922" VPOS="1239" WIDTH="55" HEIGHT="31" CONTENT="the" WC="0.39" CC="674"/>
					</TextLine>
					<TextLine ID="P54_TL00021" HPOS="152" VPOS="1295" WIDTH="825" HEIGHT="47">
						<String ID="P54_ST00140" HPOS="152" VPOS="1300" WIDTH="98" HEIGHT="26" CONTENT="status" WC="0.55" CC="670552"/>
						<SP ID="P54_SP00116" HPOS="250" VPOS="1326" WIDTH="17"/>
						<String ID="P54_ST00141" HPOS="267" VPOS="1295" WIDTH="33" HEIGHT="31" CONTENT="of" WC="1.00" CC="00"/>
						<SP ID="P54_SP00117" HPOS="300" VPOS="1326" WIDTH="14"/>
						<String ID="P54_ST00142" HPOS="314" VPOS="1295" WIDTH="85" HEIGHT="31" CONTENT="these" WC="0.62" CC="47043"/>
						<SP ID="P54_SP00118" HPOS="399" VPOS="1326" WIDTH="16"/>
						<String ID="P54_ST00143" HPOS="415" VPOS="1295" WIDTH="95" HEIGHT="31" CONTENT="ladies" WC="0.81" CC="000505"/>
						<SP ID="P54_SP00119" HPOS="510" VPOS="1326" WIDTH="16"/>
						<String ID="P54_ST00144" HPOS="526" VPOS="1296" WIDTH="32" HEIGHT="30" CONTENT="in" WC="0.63" CC="07"/>
						<SP ID="P54_SP00120" HPOS="558" VPOS="1326" WIDTH="15"/>
						<String ID="P54_ST00145" HPOS="573" VPOS="1296" WIDTH="85" HEIGHT="31" CONTENT="Avhat" WC="0.80" CC="00602"/>
						<SP ID="P54_SP00121" HPOS="658" VPOS="1327" WIDTH="15"/>
						<String ID="P54_ST00146" HPOS="673" VPOS="1298" WIDTH="25" HEIGHT="29" CONTENT="is" WC="0.66" CC="06"/>
						<SP ID="P54_SP00122" HPOS="698" VPOS="1327" WIDTH="16"/>
						<String ID="P54_ST00147" HPOS="714" VPOS="1298" WIDTH="121" HEIGHT="31" CONTENT="termed" WC="0.91" CC="005000"/>
						<SP ID="P54_SP00123" HPOS="835" VPOS="1329" WIDTH="16"/>
						<String ID="P54_ST00148" HPOS="851" VPOS="1299" WIDTH="126" HEIGHT="43" CONTENT="Society" WC="0.80" CC="7000050"/>
					</TextLine>
					<TextLine ID="P54_TL00022" HPOS="153" VPOS="1356" WIDTH="824" HEIGHT="43">
						<String ID="P54_ST00149" HPOS="153" VPOS="1368" WIDTH="63" HEIGHT="19" CONTENT="was" WC="0.60" CC="901"/>
						<SP ID="P54_SP00124" HPOS="216" VPOS="1387" WIDTH="23"/>
						<String ID="P54_ST00150" HPOS="239" VPOS="1356" WIDTH="52" HEIGHT="30" CONTENT="the" WC="0.55" CC="570"/>
						<SP ID="P54_SP00125" HPOS="291" VPOS="1387" WIDTH="23"/>
						<String ID="P54_ST00151" HPOS="314" VPOS="1367" WIDTH="70" HEIGHT="30" CONTENT="Avay" WC="1.00" CC="0000"/>
						<SP ID="P54_SP00126" HPOS="384" VPOS="1397" WIDTH="15"/>
						<String ID="P54_ST00152" HPOS="399" VPOS="1356" WIDTH="33" HEIGHT="30" CONTENT="in" WC="0.71" CC="13"/>
						<SP ID="P54_SP00127" HPOS="432" VPOS="1397" WIDTH="16"/>
						<String ID="P54_ST00153" HPOS="448" VPOS="1356" WIDTH="101" HEIGHT="31" CONTENT="which" WC="0.70" CC="07007"/>
						<SP ID="P54_SP00128" HPOS="549" VPOS="1397" WIDTH="21"/>
						<String ID="P54_ST00154" HPOS="570" VPOS="1357" WIDTH="76" HEIGHT="42" CONTENT="they" WC="0.66" CC="7500"/>
						<SP ID="P54_SP00129" HPOS="646" VPOS="1399" WIDTH="20"/>
						<String ID="P54_ST00155" HPOS="666" VPOS="1358" WIDTH="63" HEIGHT="31" CONTENT="had" WC="0.75" CC="700"/>
						<SP ID="P54_SP00130" HPOS="729" VPOS="1399" WIDTH="23"/>
						<String ID="P54_ST00156" HPOS="752" VPOS="1361" WIDTH="168" HEIGHT="32" CONTENT="succeeded" WC="0.85" CC="560100000"/>
						<SP ID="P54_SP00131" HPOS="920" VPOS="1399" WIDTH="23"/>
						<String ID="P54_ST00157" HPOS="943" VPOS="1363" WIDTH="34" HEIGHT="31" CONTENT="in" WC="0.66" CC="06"/>
					</TextLine>
					<TextLine ID="P54_TL00023" HPOS="154" VPOS="1417" WIDTH="823" HEIGHT="49">
						<String ID="P54_ST00158" HPOS="154" VPOS="1418" WIDTH="127" HEIGHT="41" CONTENT="making" WC="0.75" CC="003460"/>
						<SP ID="P54_SP00132" HPOS="281" VPOS="1459" WIDTH="15"/>
						<String ID="P54_ST00159" HPOS="296" VPOS="1417" WIDTH="185" HEIGHT="31" CONTENT="themselves" WC="0.71" CC="6612500006"/>
						<SP ID="P54_SP00133" HPOS="481" VPOS="1459" WIDTH="16"/>
						<String ID="P54_ST00160" HPOS="497" VPOS="1418" WIDTH="57" HEIGHT="31" CONTENT="less" WC="0.48" CC="4267"/>
						<SP ID="P54_SP00134" HPOS="554" VPOS="1459" WIDTH="16"/>
						<String ID="P54_ST00161" HPOS="570" VPOS="1419" WIDTH="222" HEIGHT="44" CONTENT="good-looking" WC="0.83" CC="700000010550"/>
						<SP ID="P54_SP00135" HPOS="792" VPOS="1463" WIDTH="16"/>
						<String ID="P54_ST00162" HPOS="808" VPOS="1422" WIDTH="77" HEIGHT="32" CONTENT="than" WC="0.42" CC="0697"/>
						<SP ID="P54_SP00136" HPOS="885" VPOS="1463" WIDTH="16"/>
						<String ID="P54_ST00163" HPOS="901" VPOS="1425" WIDTH="76" HEIGHT="41" CONTENT="they" WC="0.77" CC="2600"/>
					</TextLine>
					<TextLine ID="P54_TL00024" HPOS="153" VPOS="1478" WIDTH="824" HEIGHT="48">
						<String ID="P54_ST00164" HPOS="153" VPOS="1490" WIDTH="87" HEIGHT="26" CONTENT="were," WC="0.82" CC="00503"/>
						<SP ID="P54_SP00137" HPOS="240" VPOS="1516" WIDTH="17"/>
						<String ID="P54_ST00165" HPOS="257" VPOS="1478" WIDTH="102" HEIGHT="30" CONTENT="which" WC="0.51" CC="07547"/>
						<SP ID="P54_SP00138" HPOS="359" VPOS="1516" WIDTH="15"/>
						<String ID="P54_ST00166" HPOS="374" VPOS="1478" WIDTH="25" HEIGHT="30" CONTENT="is" WC="0.77" CC="04"/>
						<SP ID="P54_SP00139" HPOS="399" VPOS="1516" WIDTH="16"/>
						<String ID="P54_ST00167" HPOS="415" VPOS="1489" WIDTH="17" HEIGHT="19" CONTENT="a" WC="1.00" CC="0"/>
						<SP ID="P54_SP00140" HPOS="432" VPOS="1516" WIDTH="16"/>
						<String ID="P54_ST00168" HPOS="448" VPOS="1478" WIDTH="79" HEIGHT="31" CONTENT="fault" WC="0.58" CC="20665"/>
						<SP ID="P54_SP00141" HPOS="527" VPOS="1516" WIDTH="21"/>
						<String ID="P54_ST00169" HPOS="548" VPOS="1480" WIDTH="101" HEIGHT="42" CONTENT="rarely" WC="0.84" CC="504000"/>
						<SP ID="P54_SP00142" HPOS="649" VPOS="1522" WIDTH="15"/>
						<String ID="P54_ST00170" HPOS="664" VPOS="1483" WIDTH="183" HEIGHT="31" CONTENT="committed" WC="0.84" CC="210001520"/>
						<SP ID="P54_SP00143" HPOS="847" VPOS="1522" WIDTH="18"/>
						<String ID="P54_ST00171" HPOS="865" VPOS="1485" WIDTH="43" HEIGHT="41" CONTENT="by" WC="1.00" CC="00"/>
						<SP ID="P54_SP00144" HPOS="908" VPOS="1526" WIDTH="15"/>
						<String ID="P54_ST00172" HPOS="923" VPOS="1486" WIDTH="54" HEIGHT="33" CONTENT="the" WC="0.74" CC="070"/>
					</TextLine>
					<TextLine ID="P54_TL00025" HPOS="154" VPOS="1538" WIDTH="823" HEIGHT="51">
						<String ID="P54_ST00173" HPOS="154" VPOS="1538" WIDTH="207" HEIGHT="42" CONTENT="professional," WC="0.75" CC="0221140606600"/>
						<SP ID="P54_SP00145" HPOS="361" VPOS="1580" WIDTH="18"/>
						<String ID="P54_ST00174" HPOS="379" VPOS="1539" WIDTH="52" HEIGHT="31" CONTENT="she" WC="0.67" CC="072"/>
						<SP ID="P54_SP00146" HPOS="431" VPOS="1580" WIDTH="26"/>
						<String ID="P54_ST00175" HPOS="457" VPOS="1540" WIDTH="102" HEIGHT="31" CONTENT="Avhose" WC="0.73" CC="007061"/>
						<SP ID="P54_SP00147" HPOS="559" VPOS="1580" WIDTH="24"/>
						<String ID="P54_ST00176" HPOS="583" VPOS="1552" WIDTH="119" HEIGHT="21" CONTENT="success" WC="0.66" CC="6510045"/>
						<SP ID="P54_SP00148" HPOS="702" VPOS="1580" WIDTH="22"/>
						<String ID="P54_ST00177" HPOS="724" VPOS="1543" WIDTH="34" HEIGHT="31" CONTENT="in" WC="0.42" CC="47"/>
						<SP ID="P54_SP00149" HPOS="758" VPOS="1580" WIDTH="22"/>
						<String ID="P54_ST00178" HPOS="780" VPOS="1544" WIDTH="197" HEIGHT="45" CONTENT="beautifyino-" WC="0.60" CC="750605007193"/>
					</TextLine>
				</TextBlock>
			</PrintSpace>
		</Page>
	</Layout>
</alto>
