<?xml version="1.0" encoding="UTF-8"?>
<alto xmlns:xsi="http://www.w3.org/2001/XMLSchema-instance" xsi:noNamespaceSchemaLocation="http://www.bl.uk/schemas/alto/alto-1-4.xsd" xmlns:xlink="http://www.w3.org/1999/xlink">
	<Description>
		<MeasurementUnit>mm10</MeasurementUnit>
		<sourceImageInformation>
			<fileName>//head1/IN/2007-46/A0010904365.1/000058.jp2</fileName>
		</sourceImageInformation>
		<OCRProcessing ID="OCRPROCESSING_1">
			<preProcessingStep>
				<processingSoftware>
					<softwareCreator>CCS Content Conversion Specialists GmbH, Germany</softwareCreator>
					<softwareName>CCS docWORKS</softwareName>
					<softwareVersion>6.1-0.62</softwareVersion>
				</processingSoftware>
			</preProcessingStep>
			<ocrProcessingStep>
				<processingSoftware>
					<softwareCreator>ABBYY (BIT Software), Russia</softwareCreator>
					<softwareName>Finereader</softwareName>
				</processingSoftware>
			</ocrProcessingStep>
		</OCRProcessing>
	</Description>
	<Styles>
		<TextStyle ID="TXT_0" FONTSIZE="11" FONTFAMILY="Courier New"/>
		<TextStyle ID="TXT_1" FONTSIZE="10" FONTFAMILY="Courier New"/>
		<ParagraphStyle ID="PAR_LEFT" ALIGN="Left"/>
		<ParagraphStyle ID="PAR_CENTER" ALIGN="Center"/>
	</Styles>
	<Layout>
		<Page ID="P46" PHYSICAL_IMG_NR="46" HEIGHT="1638" WIDTH="1019" PRINTED_IMG_NR="28" POSITION="Left" ACCURACY="71.12">
			<TopMargin ID="P46_TM00001" HPOS="0" VPOS="0" WIDTH="1019" HEIGHT="128">
				<TextBlock ID="P46_TB00001" HPOS="133" VPOS="101" WIDTH="35" HEIGHT="26" STYLEREFS="TXT_0 PAR_LEFT">
					<TextLine ID="P46_TL00001" HPOS="133" VPOS="101" WIDTH="35" HEIGHT="26">
						<String ID="P46_ST00001" HPOS="133" VPOS="101" WIDTH="35" HEIGHT="26" CONTENT="28" WC="1.00" CC="00"/>
					</TextLine>
				</TextBlock>
				<TextBlock ID="P46_TB00002" HPOS="386" VPOS="103" WIDTH="269" HEIGHT="24" STYLEREFS="TXT_1 PAR_CENTER">
					<TextLine ID="P46_TL00002" HPOS="387" VPOS="103" WIDTH="268" HEIGHT="24">
						<String ID="P46_ST00002" HPOS="387" VPOS="108" WIDTH="59" HEIGHT="19" CONTENT="ALL" WC="0.71" CC="053"/>
						<SP ID="P46_SP00001" HPOS="446" VPOS="127" WIDTH="20"/>
						<String ID="P46_ST00003" HPOS="466" VPOS="107" WIDTH="59" HEIGHT="20" CONTENT="FOR" WC="0.54" CC="426"/>
						<SP ID="P46_SP00002" HPOS="525" VPOS="127" WIDTH="21"/>
						<String ID="P46_ST00004" HPOS="546" VPOS="103" WIDTH="109" HEIGHT="23" CONTENT="GREED." WC="0.58" CC="473360"/>
					</TextLine>
				</TextBlock>
			</TopMargin>
			<LeftMargin ID="P46_LM00001" HPOS="0" VPOS="128" WIDTH="133" HEIGHT="1355"/>
			<RightMargin ID="P46_RM00001" HPOS="921" VPOS="128" WIDTH="98" HEIGHT="1355"/>
			<BottomMargin ID="P46_BM00001" HPOS="0" VPOS="1483" WIDTH="1019" HEIGHT="155"/>
			<PrintSpace ID="P46_PS00001" HPOS="133" VPOS="128" WIDTH="788" HEIGHT="1355">
				<TextBlock ID="P46_TB00003" HPOS="133" VPOS="185" WIDTH="779" HEIGHT="179" STYLEREFS="TXT_1 PAR_LEFT">
					<TextLine ID="P46_TL00003" HPOS="135" VPOS="186" WIDTH="777" HEIGHT="46">
						<String ID="P46_ST00005" HPOS="135" VPOS="196" WIDTH="50" HEIGHT="29" CONTENT="old" WC="0.87" CC="030"/>
						<SP ID="P46_SP00003" HPOS="185" VPOS="225" WIDTH="15"/>
						<String ID="P46_ST00006" HPOS="200" VPOS="195" WIDTH="117" HEIGHT="31" CONTENT="Martin" WC="0.69" CC="105407"/>
						<SP ID="P46_SP00004" HPOS="317" VPOS="226" WIDTH="11"/>
						<String ID="P46_ST00007" HPOS="328" VPOS="196" WIDTH="139" HEIGHT="36" CONTENT="Prevost," WC="0.53" CC="73375603"/>
						<SP ID="P46_SP00005" HPOS="467" VPOS="232" WIDTH="16"/>
						<String ID="P46_ST00008" HPOS="483" VPOS="192" WIDTH="60" HEIGHT="31" CONTENT="and" WC="0.75" CC="070"/>
						<SP ID="P46_SP00006" HPOS="543" VPOS="232" WIDTH="16"/>
						<String ID="P46_ST00009" HPOS="559" VPOS="189" WIDTH="122" HEIGHT="41" CONTENT="though" WC="0.51" CC="075807"/>
						<SP ID="P46_SP00007" HPOS="681" VPOS="232" WIDTH="12"/>
						<String ID="P46_ST00010" HPOS="693" VPOS="188" WIDTH="53" HEIGHT="31" CONTENT="the" WC="0.70" CC="071"/>
						<SP ID="P46_SP00008" HPOS="746" VPOS="232" WIDTH="16"/>
						<String ID="P46_ST00011" HPOS="762" VPOS="186" WIDTH="73" HEIGHT="31" CONTENT="look" WC="0.79" CC="0107"/>
						<SP ID="P46_SP00009" HPOS="835" VPOS="232" WIDTH="15"/>
						<String ID="P46_ST00012" HPOS="850" VPOS="196" WIDTH="62" HEIGHT="20" CONTENT="was" WC="0.76" CC="007"/>
					</TextLine>
					<TextLine ID="P46_TL00004" HPOS="134" VPOS="257" WIDTH="778" HEIGHT="44">
						<String ID="P46_ST00013" HPOS="134" VPOS="266" WIDTH="75" HEIGHT="30" CONTENT="both" WC="0.49" CC="7057"/>
						<SP ID="P46_SP00010" HPOS="209" VPOS="296" WIDTH="21"/>
						<String ID="P46_ST00014" HPOS="230" VPOS="265" WIDTH="74" HEIGHT="31" CONTENT="bold" WC="0.74" CC="7200"/>
						<SP ID="P46_SP00011" HPOS="304" VPOS="296" WIDTH="19"/>
						<String ID="P46_ST00015" HPOS="323" VPOS="264" WIDTH="60" HEIGHT="31" CONTENT="and" WC="0.80" CC="060"/>
						<SP ID="P46_SP00012" HPOS="383" VPOS="296" WIDTH="19"/>
						<String ID="P46_ST00016" HPOS="402" VPOS="263" WIDTH="86" HEIGHT="38" CONTENT="hard," WC="0.77" CC="70300"/>
						<SP ID="P46_SP00013" HPOS="488" VPOS="301" WIDTH="19"/>
						<String ID="P46_ST00017" HPOS="507" VPOS="261" WIDTH="26" HEIGHT="30" CONTENT="it" WC="0.79" CC="04"/>
						<SP ID="P46_SP00014" HPOS="533" VPOS="301" WIDTH="15"/>
						<String ID="P46_ST00018" HPOS="548" VPOS="269" WIDTH="63" HEIGHT="22" CONTENT="was" WC="0.76" CC="007"/>
						<SP ID="P46_SP00015" HPOS="611" VPOS="301" WIDTH="21"/>
						<String ID="P46_ST00019" HPOS="632" VPOS="269" WIDTH="17" HEIGHT="19" CONTENT="a" WC="1.00" CC="0"/>
						<SP ID="P46_SP00016" HPOS="649" VPOS="301" WIDTH="15"/>
						<String ID="P46_ST00020" HPOS="664" VPOS="257" WIDTH="47" HEIGHT="31" CONTENT="far" WC="0.84" CC="004"/>
						<SP ID="P46_SP00017" HPOS="711" VPOS="301" WIDTH="20"/>
						<String ID="P46_ST00021" HPOS="731" VPOS="257" WIDTH="103" HEIGHT="30" CONTENT="better" WC="0.86" CC="700000"/>
						<SP ID="P46_SP00018" HPOS="834" VPOS="301" WIDTH="22"/>
						<String ID="P46_ST00022" HPOS="856" VPOS="265" WIDTH="56" HEIGHT="20" CONTENT="one" WC="0.72" CC="070"/>
					</TextLine>
					<TextLine ID="P46_TL00005" HPOS="134" VPOS="325" WIDTH="778" HEIGHT="39">
						<String ID="P46_ST00023" HPOS="134" VPOS="335" WIDTH="75" HEIGHT="29" CONTENT="than" WC="0.58" CC="2607"/>
						<SP ID="P46_SP00019" HPOS="209" VPOS="364" WIDTH="22"/>
						<String ID="P46_ST00024" HPOS="231" VPOS="335" WIDTH="68" HEIGHT="29" CONTENT="that" WC="0.71" CC="2701"/>
						<SP ID="P46_SP00020" HPOS="299" VPOS="364" WIDTH="25"/>
						<String ID="P46_ST00025" HPOS="324" VPOS="333" WIDTH="103" HEIGHT="31" CONTENT="which" WC="0.67" CC="07107"/>
						<SP ID="P46_SP00021" HPOS="427" VPOS="364" WIDTH="24"/>
						<String ID="P46_ST00026" HPOS="451" VPOS="332" WIDTH="70" HEIGHT="30" CONTENT="shot" WC="0.63" CC="6601"/>
						<SP ID="P46_SP00022" HPOS="521" VPOS="364" WIDTH="23"/>
						<String ID="P46_ST00027" HPOS="544" VPOS="329" WIDTH="80" HEIGHT="30" CONTENT="from" WC="0.57" CC="9700"/>
						<SP ID="P46_SP00023" HPOS="624" VPOS="364" WIDTH="25"/>
						<String ID="P46_ST00028" HPOS="649" VPOS="327" WIDTH="50" HEIGHT="30" CONTENT="his" WC="0.51" CC="707"/>
						<SP ID="P46_SP00024" HPOS="699" VPOS="364" WIDTH="21"/>
						<String ID="P46_ST00029" HPOS="720" VPOS="326" WIDTH="83" HEIGHT="31" CONTENT="keen" WC="0.82" CC="0007"/>
						<SP ID="P46_SP00025" HPOS="803" VPOS="364" WIDTH="14"/>
						<String ID="P46_ST00030" HPOS="817" VPOS="325" WIDTH="95" HEIGHT="30" CONTENT="ferret" WC="0.79" CC="005700"/>
					</TextLine>
				</TextBlock>
				<TextBlock ID="P46_TB00004" HPOS="135" VPOS="397" WIDTH="522" HEIGHT="46" STYLEREFS="TXT_1 PAR_LEFT">
					<TextLine ID="P46_TL00006" HPOS="135" VPOS="398" WIDTH="522" HEIGHT="45">
						<String ID="P46_ST00031" HPOS="135" VPOS="414" WIDTH="81" HEIGHT="29" CONTENT="eyes," WC="0.87" CC="00051"/>
						<SP ID="P46_SP00026" HPOS="216" VPOS="443" WIDTH="18"/>
						<String ID="P46_ST00032" HPOS="234" VPOS="404" WIDTH="61" HEIGHT="30" CONTENT="and" WC="0.76" CC="070"/>
						<SP ID="P46_SP00027" HPOS="295" VPOS="443" WIDTH="14"/>
						<String ID="P46_ST00033" HPOS="309" VPOS="404" WIDTH="40" HEIGHT="29" CONTENT="he" WC="0.67" CC="60"/>
						<SP ID="P46_SP00028" HPOS="349" VPOS="443" WIDTH="16"/>
						<String ID="P46_ST00034" HPOS="365" VPOS="401" WIDTH="124" HEIGHT="41" CONTENT="quailed" WC="0.67" CC="0803460"/>
						<SP ID="P46_SP00029" HPOS="489" VPOS="443" WIDTH="15"/>
						<String ID="P46_ST00035" HPOS="504" VPOS="400" WIDTH="105" HEIGHT="30" CONTENT="before" WC="0.79" CC="700050"/>
						<SP ID="P46_SP00030" HPOS="609" VPOS="443" WIDTH="15"/>
						<String ID="P46_ST00036" HPOS="624" VPOS="398" WIDTH="33" HEIGHT="31" CONTENT="it." WC="0.97" CC="000"/>
					</TextLine>
				</TextBlock>
				<TextBlock ID="P46_TB00005" HPOS="135" VPOS="464" WIDTH="780" HEIGHT="115" STYLEREFS="TXT_1 PAR_LEFT">
					<TextLine ID="P46_TL00007" HPOS="181" VPOS="465" WIDTH="734" HEIGHT="47">
						<String ID="P46_ST00037" HPOS="181" VPOS="475" WIDTH="18" HEIGHT="15" CONTENT='"' WC="0.56" CC="4"/>
						<SP ID="P46_SP00031" HPOS="199" VPOS="490" WIDTH="10"/>
						<String ID="P46_ST00038" HPOS="209" VPOS="473" WIDTH="132" HEIGHT="39" CONTENT="Prosper" WC="0.72" CC="5006007"/>
						<SP ID="P46_SP00032" HPOS="341" VPOS="512" WIDTH="12"/>
						<String ID="P46_ST00039" HPOS="353" VPOS="471" WIDTH="101" HEIGHT="30" CONTENT="Morel" WC="0.97" CC="00010"/>
						<SP ID="P46_SP00033" HPOS="454" VPOS="512" WIDTH="14"/>
						<String ID="P46_ST00040" HPOS="468" VPOS="470" WIDTH="27" HEIGHT="30" CONTENT="is" WC="0.75" CC="05"/>
						<SP ID="P46_SP00034" HPOS="495" VPOS="512" WIDTH="15"/>
						<String ID="P46_ST00041" HPOS="510" VPOS="480" WIDTH="18" HEIGHT="20" CONTENT="a" WC="1.00" CC="0"/>
						<SP ID="P46_SP00035" HPOS="528" VPOS="512" WIDTH="12"/>
						<String ID="P46_ST00042" HPOS="540" VPOS="470" WIDTH="174" HEIGHT="38" CONTENT="dangerous" WC="0.63" CC="007015386"/>
						<SP ID="P46_SP00036" HPOS="714" VPOS="512" WIDTH="15"/>
						<String ID="P46_ST00043" HPOS="729" VPOS="466" WIDTH="105" HEIGHT="39" CONTENT='man,"' WC="0.75" CC="00731"/>
						<SP ID="P46_SP00037" HPOS="834" VPOS="512" WIDTH="15"/>
						<String ID="P46_ST00044" HPOS="849" VPOS="465" WIDTH="66" HEIGHT="30" CONTENT="said" WC="0.73" CC="7030"/>
					</TextLine>
					<TextLine ID="P46_TL00008" HPOS="135" VPOS="540" WIDTH="337" HEIGHT="39">
						<String ID="P46_ST00045" HPOS="135" VPOS="543" WIDTH="54" HEIGHT="29" CONTENT="she" WC="0.50" CC="770"/>
						<SP ID="P46_SP00038" HPOS="189" VPOS="572" WIDTH="18"/>
						<String ID="P46_ST00046" HPOS="207" VPOS="540" WIDTH="265" HEIGHT="39" CONTENT="authoritatively." WC="0.76" CC="0707053004160001"/>
					</TextLine>
				</TextBlock>
				<TextBlock ID="P46_TB00006" HPOS="137" VPOS="606" WIDTH="778" HEIGHT="175" STYLEREFS="TXT_1 PAR_LEFT">
					<TextLine ID="P46_TL00009" HPOS="181" VPOS="606" WIDTH="734" HEIGHT="43">
						<String ID="P46_ST00047" HPOS="181" VPOS="614" WIDTH="18" HEIGHT="14" CONTENT='"' WC="0.80" CC="1"/>
						<SP ID="P46_SP00039" HPOS="199" VPOS="628" WIDTH="13"/>
						<String ID="P46_ST00048" HPOS="212" VPOS="611" WIDTH="68" HEIGHT="30" CONTENT="Bah" WC="0.52" CC="607"/>
						<SP ID="P46_SP00040" HPOS="280" VPOS="641" WIDTH="15"/>
						<String ID="P46_ST00049" HPOS="295" VPOS="611" WIDTH="5" HEIGHT="30" CONTENT="!" WC="0.81" CC="1"/>
						<SP ID="P46_SP00041" HPOS="300" VPOS="641" WIDTH="13"/>
						<String ID="P46_ST00050" HPOS="313" VPOS="611" WIDTH="18" HEIGHT="15" CONTENT='"' WC="0.76" CC="2"/>
						<SP ID="P46_SP00042" HPOS="331" VPOS="641" WIDTH="32"/>
						<String ID="P46_ST00051" HPOS="363" VPOS="609" WIDTH="164" HEIGHT="40" CONTENT="grumbled" WC="0.73" CC="06707000"/>
						<SP ID="P46_SP00043" HPOS="527" VPOS="649" WIDTH="35"/>
						<String ID="P46_ST00052" HPOS="562" VPOS="607" WIDTH="163" HEIGHT="31" CONTENT="Monsieur" WC="0.64" CC="00762075"/>
						<SP ID="P46_SP00044" HPOS="725" VPOS="649" WIDTH="36"/>
						<String ID="P46_ST00053" HPOS="761" VPOS="606" WIDTH="134" HEIGHT="31" CONTENT="Prevost" WC="0.61" CC="7507060"/>
						<String ID="P46_ST00054" HPOS="908" VPOS="616" WIDTH="7" HEIGHT="30" CONTENT=";" WC="0.72" CC="2"/>
					</TextLine>
					<TextLine ID="P46_TL00010" HPOS="138" VPOS="677" WIDTH="777" HEIGHT="39">
						<String ID="P46_ST00055" HPOS="138" VPOS="684" WIDTH="18" HEIGHT="15" CONTENT='"' WC="0.53" CC="4"/>
						<SP ID="P46_SP00045" HPOS="156" VPOS="699" WIDTH="13"/>
						<String ID="P46_ST00056" HPOS="169" VPOS="693" WIDTH="17" HEIGHT="18" CONTENT="a" WC="1.00" CC="0"/>
						<SP ID="P46_SP00046" HPOS="186" VPOS="711" WIDTH="24"/>
						<String ID="P46_ST00057" HPOS="210" VPOS="691" WIDTH="72" HEIGHT="20" CONTENT="man" WC="0.76" CC="007"/>
						<SP ID="P46_SP00047" HPOS="282" VPOS="711" WIDTH="28"/>
						<String ID="P46_ST00058" HPOS="310" VPOS="680" WIDTH="134" HEIGHT="32" CONTENT="without" WC="0.70" CC="0037071"/>
						<SP ID="P46_SP00048" HPOS="444" VPOS="712" WIDTH="29"/>
						<String ID="P46_ST00059" HPOS="473" VPOS="689" WIDTH="18" HEIGHT="20" CONTENT="a" WC="1.00" CC="0"/>
						<SP ID="P46_SP00049" HPOS="491" VPOS="712" WIDTH="29"/>
						<String ID="P46_ST00060" HPOS="520" VPOS="689" WIDTH="56" HEIGHT="20" CONTENT="sou" WC="0.52" CC="607"/>
						<SP ID="P46_SP00050" HPOS="576" VPOS="712" WIDTH="28"/>
						<String ID="P46_ST00061" HPOS="604" VPOS="677" WIDTH="28" HEIGHT="31" CONTENT="is" WC="0.64" CC="07"/>
						<SP ID="P46_SP00051" HPOS="632" VPOS="712" WIDTH="36"/>
						<String ID="P46_ST00062" HPOS="668" VPOS="688" WIDTH="96" HEIGHT="20" CONTENT="never" WC="0.64" CC="70703"/>
						<SP ID="P46_SP00052" HPOS="764" VPOS="712" WIDTH="23"/>
						<String ID="P46_ST00063" HPOS="787" VPOS="677" WIDTH="128" HEIGHT="39" CONTENT="danger" SUBS_TYPE="HypPart1" SUBS_CONTENT='dangerous."' WC="0.74" CC="6060030"/>
						<HYP CONTENT="-"/>
					</TextLine>
					<TextLine ID="P46_TL00011" HPOS="137" VPOS="752" WIDTH="86" HEIGHT="29">
						<String ID="P46_ST00064" HPOS="137" VPOS="752" WIDTH="86" HEIGHT="29" CONTENT='ous."' SUBS_TYPE="HypPart2" SUBS_CONTENT='dangerous."' WC="0.53" CC="37605"/>
					</TextLine>
				</TextBlock>
				<TextBlock ID="P46_TB00007" HPOS="138" VPOS="817" WIDTH="783" HEIGHT="666" STYLEREFS="TXT_1 PAR_LEFT">
					<TextLine ID="P46_TL00012" HPOS="183" VPOS="817" WIDTH="731" HEIGHT="42">
						<String ID="P46_ST00065" HPOS="183" VPOS="821" WIDTH="101" HEIGHT="31" CONTENT='"You' WC="0.51" CC="4527"/>
						<SP ID="P46_SP00053" HPOS="284" VPOS="852" WIDTH="22"/>
						<String ID="P46_ST00066" HPOS="306" VPOS="820" WIDTH="164" HEIGHT="39" CONTENT='mistake,"' WC="0.76" CC="036006031"/>
						<SP ID="P46_SP00054" HPOS="470" VPOS="859" WIDTH="32"/>
						<String ID="P46_ST00067" HPOS="502" VPOS="819" WIDTH="121" HEIGHT="40" CONTENT="replied" WC="0.64" CC="6083500"/>
						<SP ID="P46_SP00055" HPOS="623" VPOS="859" WIDTH="31"/>
						<String ID="P46_ST00068" HPOS="654" VPOS="818" WIDTH="143" HEIGHT="30" CONTENT="Madame" WC="0.85" CC="000900"/>
						<SP ID="P46_SP00056" HPOS="797" VPOS="859" WIDTH="31"/>
						<String ID="P46_ST00069" HPOS="828" VPOS="817" WIDTH="86" HEIGHT="39" CONTENT="Jean," WC="0.64" CC="40571"/>
					</TextLine>
					<TextLine ID="P46_TL00013" HPOS="140" VPOS="882" WIDTH="779" HEIGHT="42">
						<String ID="P46_ST00070" HPOS="140" VPOS="890" WIDTH="46" HEIGHT="27" CONTENT='"a' WC="0.78" CC="40"/>
						<SP ID="P46_SP00057" HPOS="186" VPOS="917" WIDTH="26"/>
						<String ID="P46_ST00071" HPOS="212" VPOS="897" WIDTH="71" HEIGHT="19" CONTENT="man" WC="0.75" CC="007"/>
						<SP ID="P46_SP00058" HPOS="283" VPOS="917" WIDTH="23"/>
						<String ID="P46_ST00072" HPOS="306" VPOS="885" WIDTH="79" HEIGHT="31" CONTENT="with" WC="0.81" CC="0007"/>
						<SP ID="P46_SP00059" HPOS="385" VPOS="917" WIDTH="24"/>
						<String ID="P46_ST00073" HPOS="409" VPOS="895" WIDTH="74" HEIGHT="20" CONTENT="ever" WC="0.67" CC="0605"/>
						<SP ID="P46_SP00060" HPOS="483" VPOS="917" WIDTH="22"/>
						<String ID="P46_ST00074" HPOS="505" VPOS="895" WIDTH="33" HEIGHT="20" CONTENT="so" WC="0.57" CC="71"/>
						<SP ID="P46_SP00061" HPOS="538" VPOS="917" WIDTH="27"/>
						<String ID="P46_ST00075" HPOS="565" VPOS="884" WIDTH="82" HEIGHT="31" CONTENT="little" WC="0.81" CC="040150"/>
						<SP ID="P46_SP00062" HPOS="647" VPOS="917" WIDTH="26"/>
						<String ID="P46_ST00076" HPOS="673" VPOS="893" WIDTH="113" HEIGHT="31" CONTENT="money" WC="0.70" CC="80600"/>
						<SP ID="P46_SP00063" HPOS="786" VPOS="924" WIDTH="26"/>
						<String ID="P46_ST00077" HPOS="812" VPOS="882" WIDTH="27" HEIGHT="31" CONTENT="is" WC="0.68" CC="06"/>
						<SP ID="P46_SP00064" HPOS="839" VPOS="924" WIDTH="25"/>
						<String ID="P46_ST00078" HPOS="864" VPOS="885" WIDTH="55" HEIGHT="28" CONTENT="not" WC="0.52" CC="707"/>
					</TextLine>
					<TextLine ID="P46_TL00014" HPOS="139" VPOS="953" WIDTH="776" HEIGHT="43">
						<String ID="P46_ST00079" HPOS="139" VPOS="957" WIDTH="180" HEIGHT="39" CONTENT="dangerous," WC="0.75" CC="4060010750"/>
						<SP ID="P46_SP00065" HPOS="319" VPOS="996" WIDTH="18"/>
						<String ID="P46_ST00080" HPOS="337" VPOS="955" WIDTH="58" HEIGHT="30" CONTENT="but" WC="0.24" CC="777"/>
						<SP ID="P46_SP00066" HPOS="395" VPOS="996" WIDTH="21"/>
						<String ID="P46_ST00081" HPOS="416" VPOS="965" WIDTH="18" HEIGHT="19" CONTENT="a" WC="0.42" CC="5"/>
						<SP ID="P46_SP00067" HPOS="434" VPOS="996" WIDTH="22"/>
						<String ID="P46_ST00082" HPOS="456" VPOS="964" WIDTH="72" HEIGHT="21" CONTENT="man" WC="0.65" CC="036"/>
						<SP ID="P46_SP00068" HPOS="528" VPOS="996" WIDTH="22"/>
						<String ID="P46_ST00083" HPOS="550" VPOS="953" WIDTH="79" HEIGHT="32" CONTENT="with" WC="0.70" CC="0127"/>
						<SP ID="P46_SP00069" HPOS="629" VPOS="996" WIDTH="19"/>
						<String ID="P46_ST00084" HPOS="648" VPOS="964" WIDTH="82" HEIGHT="20" CONTENT="none" WC="0.65" CC="7060"/>
						<SP ID="P46_SP00070" HPOS="730" VPOS="996" WIDTH="23"/>
						<String ID="P46_ST00085" HPOS="753" VPOS="955" WIDTH="31" HEIGHT="29" CONTENT="at" WC="0.98" CC="00"/>
						<SP ID="P46_SP00071" HPOS="784" VPOS="996" WIDTH="24"/>
						<String ID="P46_ST00086" HPOS="808" VPOS="953" WIDTH="42" HEIGHT="30" CONTENT="all" WC="1.00" CC="000"/>
						<SP ID="P46_SP00072" HPOS="850" VPOS="996" WIDTH="18"/>
						<String ID="P46_ST00087" HPOS="868" VPOS="953" WIDTH="27" HEIGHT="30" CONTENT="is" WC="0.65" CC="06"/>
						<String ID="P46_ST00088" HPOS="908" VPOS="963" WIDTH="7" HEIGHT="29" CONTENT=";" WC="1.00" CC="0"/>
					</TextLine>
					<TextLine ID="P46_TL00015" HPOS="141" VPOS="1023" WIDTH="778" HEIGHT="41">
						<String ID="P46_ST00089" HPOS="141" VPOS="1025" WIDTH="61" HEIGHT="31" CONTENT="and" WC="0.75" CC="070"/>
						<SP ID="P46_SP00073" HPOS="202" VPOS="1056" WIDTH="27"/>
						<String ID="P46_ST00090" HPOS="229" VPOS="1025" WIDTH="16" HEIGHT="29" CONTENT="I" WC="0.72" CC="2"/>
						<SP ID="P46_SP00074" HPOS="245" VPOS="1056" WIDTH="24"/>
						<String ID="P46_ST00091" HPOS="269" VPOS="1024" WIDTH="56" HEIGHT="31" CONTENT="tell" WC="0.95" CC="0002"/>
						<SP ID="P46_SP00075" HPOS="325" VPOS="1056" WIDTH="24"/>
						<String ID="P46_ST00092" HPOS="349" VPOS="1035" WIDTH="72" HEIGHT="29" CONTENT="you," WC="0.64" CC="0274"/>
						<SP ID="P46_SP00076" HPOS="421" VPOS="1064" WIDTH="20"/>
						<String ID="P46_ST00093" HPOS="441" VPOS="1024" WIDTH="121" HEIGHT="31" CONTENT="beware" WC="0.77" CC="700050"/>
						<SP ID="P46_SP00077" HPOS="562" VPOS="1064" WIDTH="25"/>
						<String ID="P46_ST00094" HPOS="587" VPOS="1024" WIDTH="34" HEIGHT="29" CONTENT="of" WC="0.74" CC="05"/>
						<SP ID="P46_SP00078" HPOS="621" VPOS="1064" WIDTH="22"/>
						<String ID="P46_ST00095" HPOS="643" VPOS="1024" WIDTH="134" HEIGHT="40" CONTENT="Prosper" WC="0.67" CC="6636000"/>
						<SP ID="P46_SP00079" HPOS="777" VPOS="1064" WIDTH="24"/>
						<String ID="P46_ST00096" HPOS="801" VPOS="1023" WIDTH="101" HEIGHT="30" CONTENT="Morel" WC="0.84" CC="00601"/>
						<String ID="P46_ST00097" HPOS="913" VPOS="1033" WIDTH="6" HEIGHT="30" CONTENT=";" WC="0.56" CC="4"/>
					</TextLine>
					<TextLine ID="P46_TL00016" HPOS="140" VPOS="1093" WIDTH="779" HEIGHT="41">
						<String ID="P46_ST00098" HPOS="140" VPOS="1095" WIDTH="86" HEIGHT="30" CONTENT="don't" WC="0.88" CC="00401"/>
						<SP ID="P46_SP00080" HPOS="226" VPOS="1125" WIDTH="17"/>
						<String ID="P46_ST00099" HPOS="243" VPOS="1097" WIDTH="63" HEIGHT="27" CONTENT="cast" WC="0.83" CC="0060"/>
						<SP ID="P46_SP00081" HPOS="306" VPOS="1125" WIDTH="16"/>
						<String ID="P46_ST00100" HPOS="322" VPOS="1093" WIDTH="65" HEIGHT="30" CONTENT="him" WC="0.56" CC="741"/>
						<SP ID="P46_SP00082" HPOS="387" VPOS="1125" WIDTH="16"/>
						<String ID="P46_ST00101" HPOS="403" VPOS="1093" WIDTH="49" HEIGHT="39" CONTENT="off," WC="0.84" CC="0113"/>
						<SP ID="P46_SP00083" HPOS="452" VPOS="1132" WIDTH="14"/>
						<String ID="P46_ST00102" HPOS="466" VPOS="1093" WIDTH="72" HEIGHT="41" CONTENT="give" WC="0.54" CC="9070"/>
						<SP ID="P46_SP00084" HPOS="538" VPOS="1134" WIDTH="15"/>
						<String ID="P46_ST00103" HPOS="553" VPOS="1093" WIDTH="67" HEIGHT="31" CONTENT="him" WC="0.62" CC="740"/>
						<SP ID="P46_SP00085" HPOS="620" VPOS="1134" WIDTH="15"/>
						<String ID="P46_ST00104" HPOS="635" VPOS="1094" WIDTH="130" HEIGHT="30" CONTENT="another" WC="0.67" CC="4700703"/>
						<SP ID="P46_SP00086" HPOS="765" VPOS="1134" WIDTH="10"/>
						<String ID="P46_ST00105" HPOS="775" VPOS="1094" WIDTH="144" HEIGHT="30" CONTENT='chance."' WC="0.60" CC="17763202"/>
					</TextLine>
					<TextLine ID="P46_TL00017" HPOS="139" VPOS="1163" WIDTH="781" HEIGHT="41">
						<String ID="P46_ST00106" HPOS="139" VPOS="1166" WIDTH="40" HEIGHT="29" CONTENT="In" WC="0.42" CC="37"/>
						<SP ID="P46_SP00087" HPOS="179" VPOS="1195" WIDTH="15"/>
						<String ID="P46_ST00107" HPOS="194" VPOS="1163" WIDTH="185" HEIGHT="41" CONTENT="everything" WC="0.62" CC="0607067270"/>
						<SP ID="P46_SP00088" HPOS="379" VPOS="1204" WIDTH="15"/>
						<String ID="P46_ST00108" HPOS="394" VPOS="1163" WIDTH="144" HEIGHT="31" CONTENT="Madame" WC="0.96" CC="000002"/>
						<SP ID="P46_SP00089" HPOS="538" VPOS="1204" WIDTH="16"/>
						<String ID="P46_ST00109" HPOS="554" VPOS="1164" WIDTH="79" HEIGHT="31" CONTENT="Jean" WC="0.69" CC="5007"/>
						<SP ID="P46_SP00090" HPOS="633" VPOS="1204" WIDTH="18"/>
						<String ID="P46_ST00110" HPOS="651" VPOS="1165" WIDTH="123" HEIGHT="30" CONTENT="seemed" WC="0.85" CC="710000"/>
						<SP ID="P46_SP00091" HPOS="774" VPOS="1204" WIDTH="19"/>
						<String ID="P46_ST00111" HPOS="793" VPOS="1165" WIDTH="77" HEIGHT="30" CONTENT="used" WC="0.65" CC="7600"/>
						<SP ID="P46_SP00092" HPOS="870" VPOS="1204" WIDTH="18"/>
						<String ID="P46_ST00112" HPOS="888" VPOS="1167" WIDTH="32" HEIGHT="27" CONTENT="to" WC="0.97" CC="00"/>
					</TextLine>
					<TextLine ID="P46_TL00018" HPOS="138" VPOS="1234" WIDTH="783" HEIGHT="41">
						<String ID="P46_ST00113" HPOS="138" VPOS="1235" WIDTH="80" HEIGHT="29" CONTENT="have" WC="0.64" CC="7070"/>
						<SP ID="P46_SP00093" HPOS="218" VPOS="1264" WIDTH="26"/>
						<String ID="P46_ST00114" HPOS="244" VPOS="1234" WIDTH="56" HEIGHT="29" CONTENT="her" WC="0.60" CC="704"/>
						<SP ID="P46_SP00094" HPOS="300" VPOS="1264" WIDTH="27"/>
						<String ID="P46_ST00115" HPOS="327" VPOS="1244" WIDTH="69" HEIGHT="20" CONTENT="own" WC="0.75" CC="007"/>
						<SP ID="P46_SP00095" HPOS="396" VPOS="1264" WIDTH="23"/>
						<String ID="P46_ST00116" HPOS="419" VPOS="1244" WIDTH="79" HEIGHT="30" CONTENT="way." WC="1.00" CC="0000"/>
						<SP ID="P46_SP00096" HPOS="498" VPOS="1274" WIDTH="47"/>
						<String ID="P46_ST00117" HPOS="545" VPOS="1234" WIDTH="60" HEIGHT="30" CONTENT="She" WC="0.55" CC="570"/>
						<SP ID="P46_SP00097" HPOS="605" VPOS="1274" WIDTH="25"/>
						<String ID="P46_ST00118" HPOS="630" VPOS="1235" WIDTH="184" HEIGHT="40" CONTENT="apparently" WC="0.77" CC="0008417000"/>
						<SP ID="P46_SP00098" HPOS="814" VPOS="1275" WIDTH="17"/>
						<String ID="P46_ST00119" HPOS="831" VPOS="1235" WIDTH="90" HEIGHT="30" CONTENT="ruled" WC="0.58" CC="47530"/>
					</TextLine>
					<TextLine ID="P46_TL00019" HPOS="140" VPOS="1302" WIDTH="781" HEIGHT="41">
						<String ID="P46_ST00120" HPOS="140" VPOS="1304" WIDTH="61" HEIGHT="30" CONTENT="and" WC="0.75" CC="070"/>
						<SP ID="P46_SP00099" HPOS="201" VPOS="1334" WIDTH="29"/>
						<String ID="P46_ST00121" HPOS="230" VPOS="1302" WIDTH="164" HEIGHT="41" CONTENT="governed," WC="0.76" CC="007037003"/>
						<SP ID="P46_SP00100" HPOS="394" VPOS="1343" WIDTH="19"/>
						<String ID="P46_ST00122" HPOS="413" VPOS="1302" WIDTH="61" HEIGHT="30" CONTENT="and" WC="0.76" CC="070"/>
						<SP ID="P46_SP00101" HPOS="474" VPOS="1343" WIDTH="24"/>
						<String ID="P46_ST00123" HPOS="498" VPOS="1302" WIDTH="92" HEIGHT="32" CONTENT="when" WC="0.52" CC="0747"/>
						<SP ID="P46_SP00102" HPOS="590" VPOS="1343" WIDTH="31"/>
						<String ID="P46_ST00124" HPOS="621" VPOS="1303" WIDTH="54" HEIGHT="31" CONTENT="she" WC="0.52" CC="670"/>
						<SP ID="P46_SP00103" HPOS="675" VPOS="1343" WIDTH="25"/>
						<String ID="P46_ST00125" HPOS="700" VPOS="1303" WIDTH="118" HEIGHT="31" CONTENT="retired" WC="0.82" CC="3010700"/>
						<SP ID="P46_SP00104" HPOS="818" VPOS="1343" WIDTH="23"/>
						<String ID="P46_ST00126" HPOS="841" VPOS="1304" WIDTH="80" HEIGHT="30" CONTENT="from" WC="0.76" CC="5300"/>
					</TextLine>
					<TextLine ID="P46_TL00020" HPOS="138" VPOS="1373" WIDTH="783" HEIGHT="39">
						<String ID="P46_ST00127" HPOS="138" VPOS="1374" WIDTH="55" HEIGHT="29" CONTENT="her" WC="0.60" CC="704"/>
						<SP ID="P46_SP00105" HPOS="193" VPOS="1403" WIDTH="26"/>
						<String ID="P46_ST00128" HPOS="219" VPOS="1373" WIDTH="139" HEIGHT="30" CONTENT="master's" WC="0.74" CC="00300637"/>
						<SP ID="P46_SP00106" HPOS="358" VPOS="1403" WIDTH="30"/>
						<String ID="P46_ST00129" HPOS="388" VPOS="1383" WIDTH="154" HEIGHT="29" CONTENT="presence," WC="0.59" CC="760607044"/>
						<SP ID="P46_SP00107" HPOS="542" VPOS="1412" WIDTH="25"/>
						<String ID="P46_ST00130" HPOS="567" VPOS="1373" WIDTH="26" HEIGHT="30" CONTENT="it" WC="0.64" CC="07"/>
						<SP ID="P46_SP00108" HPOS="593" VPOS="1412" WIDTH="29"/>
						<String ID="P46_ST00131" HPOS="622" VPOS="1384" WIDTH="64" HEIGHT="21" CONTENT="was" WC="0.80" CC="005"/>
						<SP ID="P46_SP00109" HPOS="686" VPOS="1412" WIDTH="28"/>
						<String ID="P46_ST00132" HPOS="714" VPOS="1374" WIDTH="113" HEIGHT="31" CONTENT="settled" WC="0.70" CC="6027400"/>
						<SP ID="P46_SP00110" HPOS="827" VPOS="1412" WIDTH="26"/>
						<String ID="P46_ST00133" HPOS="853" VPOS="1375" WIDTH="68" HEIGHT="31" CONTENT="that" WC="0.63" CC="3604"/>
					</TextLine>
					<TextLine ID="P46_TL00021" HPOS="139" VPOS="1441" WIDTH="782" HEIGHT="42">
						<String ID="P46_ST00134" HPOS="139" VPOS="1442" WIDTH="131" HEIGHT="40" CONTENT="Prosper" WC="0.55" CC="7456006"/>
						<SP ID="P46_SP00111" HPOS="270" VPOS="1482" WIDTH="26"/>
						<String ID="P46_ST00135" HPOS="296" VPOS="1441" WIDTH="100" HEIGHT="31" CONTENT="Morel" WC="0.86" CC="00600"/>
						<SP ID="P46_SP00112" HPOS="396" VPOS="1482" WIDTH="26"/>
						<String ID="P46_ST00136" HPOS="422" VPOS="1441" WIDTH="111" HEIGHT="31" CONTENT="should" WC="0.65" CC="670700"/>
						<SP ID="P46_SP00113" HPOS="533" VPOS="1482" WIDTH="17"/>
						<String ID="P46_ST00137" HPOS="550" VPOS="1442" WIDTH="39" HEIGHT="30" CONTENT="be" WC="0.56" CC="71"/>
						<SP ID="P46_SP00114" HPOS="589" VPOS="1482" WIDTH="28"/>
						<String ID="P46_ST00138" HPOS="617" VPOS="1444" WIDTH="142" HEIGHT="39" CONTENT="severely" WC="0.69" CC="70706040"/>
						<SP ID="P46_SP00115" HPOS="759" VPOS="1483" WIDTH="20"/>
						<String ID="P46_ST00139" HPOS="779" VPOS="1444" WIDTH="142" HEIGHT="32" CONTENT="lectured" WC="0.86" CC="00007400"/>
					</TextLine>
				</TextBlock>
			</PrintSpace>
		</Page>
	</Layout>
</alto>
