<?xml version="1.0" encoding="UTF-8"?>
<alto xmlns:xsi="http://www.w3.org/2001/XMLSchema-instance" xsi:noNamespaceSchemaLocation="http://www.bl.uk/schemas/alto/alto-1-4.xsd" xmlns:xlink="http://www.w3.org/1999/xlink">
	<Description>
		<MeasurementUnit>mm10</MeasurementUnit>
		<sourceImageInformation>
			<fileName>//head1/IN/2007-46/A0010904365.1/000218.jp2</fileName>
		</sourceImageInformation>
		<OCRProcessing ID="OCRPROCESSING_1">
			<preProcessingStep>
				<processingSoftware>
					<softwareCreator>CCS Content Conversion Specialists GmbH, Germany</softwareCreator>
					<softwareName>CCS docWORKS</softwareName>
					<softwareVersion>6.1-0.62</softwareVersion>
				</processingSoftware>
			</preProcessingStep>
			<ocrProcessingStep>
				<processingSoftware>
					<softwareCreator>ABBYY (BIT Software), Russia</softwareCreator>
					<softwareName>Finereader</softwareName>
				</processingSoftware>
			</ocrProcessingStep>
		</OCRProcessing>
	</Description>
	<Styles>
		<TextStyle ID="TXT_0" FONTSIZE="11" FONTFAMILY="Courier New"/>
		<TextStyle ID="TXT_1" FONTSIZE="9" FONTFAMILY="Courier New"/>
		<ParagraphStyle ID="PAR_LEFT" ALIGN="Left"/>
		<ParagraphStyle ID="PAR_CENTER" ALIGN="Center"/>
	</Styles>
	<Layout>
		<Page ID="P202" PHYSICAL_IMG_NR="202" HEIGHT="1638" WIDTH="1019" PRINTED_IMG_NR="184" POSITION="Left" ACCURACY="72.76">
			<TopMargin ID="P202_TM00001" HPOS="0" VPOS="0" WIDTH="1019" HEIGHT="128">
				<TextBlock ID="P202_TB00001" HPOS="151" VPOS="97" WIDTH="52" HEIGHT="27" STYLEREFS="TXT_0 PAR_LEFT">
					<TextLine ID="P202_TL00001" HPOS="151" VPOS="97" WIDTH="52" HEIGHT="27">
						<String ID="P202_ST00001" HPOS="151" VPOS="97" WIDTH="52" HEIGHT="27" CONTENT="184" WC="1.00" CC="000"/>
					</TextLine>
				</TextBlock>
				<TextBlock ID="P202_TB00002" HPOS="399" VPOS="104" WIDTH="263" HEIGHT="24" STYLEREFS="TXT_1 PAR_CENTER">
					<TextLine ID="P202_TL00002" HPOS="400" VPOS="105" WIDTH="262" HEIGHT="23">
						<String ID="P202_ST00002" HPOS="400" VPOS="109" WIDTH="58" HEIGHT="19" CONTENT="ALL" WC="0.59" CC="056"/>
						<SP ID="P202_SP00001" HPOS="458" VPOS="128" WIDTH="20"/>
						<String ID="P202_ST00003" HPOS="478" VPOS="108" WIDTH="57" HEIGHT="20" CONTENT="FOR" WC="0.47" CC="266"/>
						<SP ID="P202_SP00002" HPOS="535" VPOS="128" WIDTH="20"/>
						<String ID="P202_ST00004" HPOS="555" VPOS="105" WIDTH="107" HEIGHT="22" CONTENT="GREED." WC="0.65" CC="452160"/>
					</TextLine>
				</TextBlock>
			</TopMargin>
			<LeftMargin ID="P202_LM00001" HPOS="0" VPOS="126" WIDTH="148" HEIGHT="1358"/>
			<RightMargin ID="P202_RM00001" HPOS="925" VPOS="126" WIDTH="94" HEIGHT="1358"/>
			<BottomMargin ID="P202_BM00001" HPOS="0" VPOS="1484" WIDTH="1019" HEIGHT="154"/>
			<PrintSpace ID="P202_PS00001" HPOS="148" VPOS="126" WIDTH="777" HEIGHT="1358">
				<TextBlock ID="P202_TB00003" HPOS="148" VPOS="187" WIDTH="775" HEIGHT="729" STYLEREFS="TXT_1 PAR_LEFT">
					<TextLine ID="P202_TL00003" HPOS="193" VPOS="188" WIDTH="726" HEIGHT="48">
						<String ID="P202_ST00005" HPOS="193" VPOS="195" WIDTH="31" HEIGHT="31" CONTENT="It" WC="0.86" CC="02"/>
						<SP ID="P202_SP00003" HPOS="224" VPOS="226" WIDTH="16"/>
						<String ID="P202_ST00006" HPOS="240" VPOS="195" WIDTH="25" HEIGHT="30" CONTENT="is" WC="0.40" CC="65"/>
						<SP ID="P202_SP00004" HPOS="265" VPOS="226" WIDTH="17"/>
						<String ID="P202_ST00007" HPOS="282" VPOS="206" WIDTH="17" HEIGHT="19" CONTENT="a" WC="1.00" CC="0"/>
						<SP ID="P202_SP00005" HPOS="299" VPOS="226" WIDTH="16"/>
						<String ID="P202_ST00008" HPOS="315" VPOS="196" WIDTH="108" HEIGHT="40" CONTENT="dreary" WC="0.83" CC="050040"/>
						<SP ID="P202_SP00006" HPOS="423" VPOS="236" WIDTH="16"/>
						<String ID="P202_ST00009" HPOS="439" VPOS="195" WIDTH="61" HEIGHT="30" CONTENT="and" WC="0.79" CC="060"/>
						<SP ID="P202_SP00007" HPOS="500" VPOS="236" WIDTH="15"/>
						<String ID="P202_ST00010" HPOS="515" VPOS="192" WIDTH="228" HEIGHT="31" CONTENT="unwholesome" WC="0.58" CC="77071386300"/>
						<SP ID="P202_SP00008" HPOS="743" VPOS="236" WIDTH="20"/>
						<String ID="P202_ST00011" HPOS="763" VPOS="188" WIDTH="156" HEIGHT="32" CONTENT="existence" WC="0.60" CC="505600754"/>
					</TextLine>
					<TextLine ID="P202_TL00004" HPOS="149" VPOS="259" WIDTH="768" HEIGHT="44">
						<String ID="P202_ST00012" HPOS="149" VPOS="264" WIDTH="64" HEIGHT="30" CONTENT="this" WC="0.66" CC="0706"/>
						<SP ID="P202_SP00009" HPOS="213" VPOS="294" WIDTH="26"/>
						<String ID="P202_ST00013" HPOS="239" VPOS="264" WIDTH="33" HEIGHT="30" CONTENT="of" WC="1.00" CC="00"/>
						<SP ID="P202_SP00010" HPOS="272" VPOS="294" WIDTH="26"/>
						<String ID="P202_ST00014" HPOS="298" VPOS="264" WIDTH="87" HEIGHT="31" CONTENT="small" WC="0.87" CC="60000"/>
						<SP ID="P202_SP00011" HPOS="385" VPOS="295" WIDTH="26"/>
						<String ID="P202_ST00015" HPOS="411" VPOS="261" WIDTH="169" HEIGHT="42" CONTENT="provincial" WC="0.67" CC="0640174160"/>
						<SP ID="P202_SP00012" HPOS="580" VPOS="303" WIDTH="26"/>
						<String ID="P202_ST00016" HPOS="606" VPOS="263" WIDTH="100" HEIGHT="28" CONTENT="towns" WC="0.64" CC="04075"/>
						<SP ID="P202_SP00013" HPOS="706" VPOS="303" WIDTH="26"/>
						<String ID="P202_ST00017" HPOS="732" VPOS="259" WIDTH="33" HEIGHT="29" CONTENT="in" WC="0.35" CC="66"/>
						<SP ID="P202_SP00014" HPOS="765" VPOS="303" WIDTH="27"/>
						<String ID="P202_ST00018" HPOS="792" VPOS="259" WIDTH="125" HEIGHT="29" CONTENT="France." WC="0.69" CC="7507100"/>
					</TextLine>
					<TextLine ID="P202_TL00005" HPOS="148" VPOS="328" WIDTH="772" HEIGHT="41">
						<String ID="P202_ST00019" HPOS="148" VPOS="333" WIDTH="120" HEIGHT="31" CONTENT="Devoid" WC="0.85" CC="000440"/>
						<SP ID="P202_SP00015" HPOS="268" VPOS="364" WIDTH="23"/>
						<String ID="P202_ST00020" HPOS="291" VPOS="334" WIDTH="34" HEIGHT="30" CONTENT="of" WC="0.84" CC="30"/>
						<SP ID="P202_SP00016" HPOS="325" VPOS="364" WIDTH="18"/>
						<String ID="P202_ST00021" HPOS="343" VPOS="334" WIDTH="41" HEIGHT="30" CONTENT="all" WC="0.95" CC="001"/>
						<SP ID="P202_SP00017" HPOS="384" VPOS="364" WIDTH="15"/>
						<String ID="P202_ST00022" HPOS="399" VPOS="333" WIDTH="68" HEIGHT="30" CONTENT="that" WC="0.70" CC="0704"/>
						<SP ID="P202_SP00018" HPOS="467" VPOS="364" WIDTH="16"/>
						<String ID="P202_ST00023" HPOS="483" VPOS="332" WIDTH="141" HEIGHT="37" CONTENT="elevates," WC="0.90" CC="100000043"/>
						<SP ID="P202_SP00019" HPOS="624" VPOS="369" WIDTH="19"/>
						<String ID="P202_ST00024" HPOS="643" VPOS="330" WIDTH="25" HEIGHT="29" CONTENT="it" WC="0.84" CC="03"/>
						<SP ID="P202_SP00020" HPOS="668" VPOS="369" WIDTH="16"/>
						<String ID="P202_ST00025" HPOS="684" VPOS="328" WIDTH="142" HEIGHT="31" CONTENT="detaches" WC="0.82" CC="00000706"/>
						<SP ID="P202_SP00021" HPOS="826" VPOS="369" WIDTH="22"/>
						<String ID="P202_ST00026" HPOS="848" VPOS="337" WIDTH="72" HEIGHT="20" CONTENT="man" WC="0.84" CC="004"/>
					</TextLine>
					<TextLine ID="P202_TL00006" HPOS="149" VPOS="397" WIDTH="767" HEIGHT="44">
						<String ID="P202_ST00027" HPOS="149" VPOS="403" WIDTH="77" HEIGHT="30" CONTENT="from" WC="0.84" CC="3300"/>
						<SP ID="P202_SP00022" HPOS="226" VPOS="433" WIDTH="29"/>
						<String ID="P202_ST00028" HPOS="255" VPOS="402" WIDTH="140" HEIGHT="39" CONTENT="himself;" WC="0.75" CC="64072000"/>
						<String ID="P202_ST00029" HPOS="398" VPOS="421" WIDTH="41" HEIGHT="3" CONTENT="—" WC="0.20" CC="8"/>
						<String ID="P202_ST00030" HPOS="440" VPOS="400" WIDTH="133" HEIGHT="40" CONTENT="flinging" WC="0.54" CC="55772070"/>
						<SP ID="P202_SP00023" HPOS="573" VPOS="441" WIDTH="30"/>
						<String ID="P202_ST00031" HPOS="603" VPOS="399" WIDTH="73" HEIGHT="37" CONTENT="him," WC="0.77" CC="7100"/>
						<SP ID="P202_SP00024" HPOS="676" VPOS="441" WIDTH="34"/>
						<String ID="P202_ST00032" HPOS="710" VPOS="408" WIDTH="33" HEIGHT="20" CONTENT="as" WC="0.67" CC="06"/>
						<SP ID="P202_SP00025" HPOS="743" VPOS="441" WIDTH="29"/>
						<String ID="P202_ST00033" HPOS="772" VPOS="397" WIDTH="26" HEIGHT="30" CONTENT="it" WC="0.81" CC="03"/>
						<SP ID="P202_SP00026" HPOS="798" VPOS="441" WIDTH="29"/>
						<String ID="P202_ST00034" HPOS="827" VPOS="408" WIDTH="89" HEIGHT="27" CONTENT="were," WC="0.80" CC="00603"/>
					</TextLine>
					<TextLine ID="P202_TL00007" HPOS="150" VPOS="469" WIDTH="766" HEIGHT="44">
						<String ID="P202_ST00035" HPOS="150" VPOS="483" WIDTH="85" HEIGHT="30" CONTENT="away" WC="0.52" CC="9900"/>
						<SP ID="P202_SP00027" HPOS="235" VPOS="513" WIDTH="31"/>
						<String ID="P202_ST00036" HPOS="266" VPOS="472" WIDTH="65" HEIGHT="30" CONTENT="into" WC="0.78" CC="2600"/>
						<SP ID="P202_SP00028" HPOS="331" VPOS="513" WIDTH="34"/>
						<String ID="P202_ST00037" HPOS="365" VPOS="482" WIDTH="81" HEIGHT="20" CONTENT="some" WC="0.83" CC="6000"/>
						<SP ID="P202_SP00029" HPOS="446" VPOS="513" WIDTH="37"/>
						<String ID="P202_ST00038" HPOS="483" VPOS="472" WIDTH="70" HEIGHT="29" CONTENT="vast" WC="0.83" CC="0060"/>
						<SP ID="P202_SP00030" HPOS="553" VPOS="513" WIDTH="32"/>
						<String ID="P202_ST00039" HPOS="585" VPOS="469" WIDTH="129" HEIGHT="30" CONTENT="interest" WC="0.79" CC="16003040"/>
						<SP ID="P202_SP00031" HPOS="714" VPOS="513" WIDTH="34"/>
						<String ID="P202_ST00040" HPOS="748" VPOS="479" WIDTH="33" HEIGHT="19" CONTENT="or" WC="0.65" CC="06"/>
						<SP ID="P202_SP00032" HPOS="781" VPOS="513" WIDTH="38"/>
						<String ID="P202_ST00041" HPOS="819" VPOS="478" WIDTH="97" HEIGHT="27" CONTENT="cause," WC="0.77" CC="007500"/>
					</TextLine>
					<TextLine ID="P202_TL00008" HPOS="149" VPOS="537" WIDTH="771" HEIGHT="44">
						<String ID="P202_ST00042" HPOS="149" VPOS="542" WIDTH="60" HEIGHT="30" CONTENT="and" WC="0.76" CC="070"/>
						<SP ID="P202_SP00033" HPOS="209" VPOS="572" WIDTH="32"/>
						<String ID="P202_ST00043" HPOS="241" VPOS="541" WIDTH="131" HEIGHT="40" CONTENT="pinning" WC="0.59" CC="0476270"/>
						<SP ID="P202_SP00034" HPOS="372" VPOS="581" WIDTH="32"/>
						<String ID="P202_ST00044" HPOS="404" VPOS="540" WIDTH="64" HEIGHT="30" CONTENT="him" WC="0.54" CC="760"/>
						<SP ID="P202_SP00035" HPOS="468" VPOS="581" WIDTH="34"/>
						<String ID="P202_ST00045" HPOS="502" VPOS="540" WIDTH="90" HEIGHT="29" CONTENT="down" WC="0.72" CC="0208"/>
						<SP ID="P202_SP00036" HPOS="592" VPOS="581" WIDTH="23"/>
						<String ID="P202_ST00046" HPOS="615" VPOS="541" WIDTH="31" HEIGHT="27" CONTENT="to" WC="1.00" CC="00"/>
						<SP ID="P202_SP00037" HPOS="646" VPOS="581" WIDTH="38"/>
						<String ID="P202_ST00047" HPOS="684" VPOS="538" WIDTH="41" HEIGHT="30" CONTENT="all" WC="1.00" CC="000"/>
						<SP ID="P202_SP00038" HPOS="725" VPOS="581" WIDTH="26"/>
						<String ID="P202_ST00048" HPOS="751" VPOS="537" WIDTH="49" HEIGHT="30" CONTENT="his" WC="0.52" CC="643"/>
						<SP ID="P202_SP00039" HPOS="800" VPOS="581" WIDTH="27"/>
						<String ID="P202_ST00049" HPOS="827" VPOS="537" WIDTH="93" HEIGHT="31" CONTENT="lower" WC="0.61" CC="30906"/>
					</TextLine>
					<TextLine ID="P202_TL00009" HPOS="150" VPOS="606" WIDTH="768" HEIGHT="42">
						<String ID="P202_ST00050" HPOS="150" VPOS="614" WIDTH="96" HEIGHT="27" CONTENT="wants" WC="0.71" CC="00707"/>
						<SP ID="P202_SP00040" HPOS="246" VPOS="641" WIDTH="33"/>
						<String ID="P202_ST00051" HPOS="279" VPOS="611" WIDTH="61" HEIGHT="29" CONTENT="and" WC="0.77" CC="060"/>
						<SP ID="P202_SP00041" HPOS="340" VPOS="641" WIDTH="25"/>
						<String ID="P202_ST00052" HPOS="365" VPOS="609" WIDTH="150" HEIGHT="38" CONTENT="instincts," WC="0.57" CC="5760364061"/>
						<SP ID="P202_SP00042" HPOS="515" VPOS="647" WIDTH="35"/>
						<String ID="P202_ST00053" HPOS="550" VPOS="607" WIDTH="178" HEIGHT="41" CONTENT="paralysing" WC="0.76" CC="0050007470"/>
						<SP ID="P202_SP00043" HPOS="728" VPOS="648" WIDTH="24"/>
						<String ID="P202_ST00054" HPOS="752" VPOS="607" WIDTH="48" HEIGHT="29" CONTENT="his" WC="0.52" CC="706"/>
						<SP ID="P202_SP00044" HPOS="800" VPOS="648" WIDTH="24"/>
						<String ID="P202_ST00055" HPOS="824" VPOS="606" WIDTH="94" HEIGHT="38" CONTENT="mind," WC="0.70" CC="07700"/>
					</TextLine>
					<TextLine ID="P202_TL00010" HPOS="152" VPOS="677" WIDTH="767" HEIGHT="44">
						<String ID="P202_ST00056" HPOS="152" VPOS="680" WIDTH="111" HEIGHT="41" CONTENT="drying" WC="0.83" CC="020070"/>
						<SP ID="P202_SP00045" HPOS="263" VPOS="721" WIDTH="15"/>
						<String ID="P202_ST00057" HPOS="278" VPOS="690" WIDTH="42" HEIGHT="29" CONTENT="up" WC="0.63" CC="70"/>
						<SP ID="P202_SP00046" HPOS="320" VPOS="721" WIDTH="15"/>
						<String ID="P202_ST00058" HPOS="335" VPOS="679" WIDTH="49" HEIGHT="30" CONTENT="his" WC="0.38" CC="576"/>
						<SP ID="P202_SP00047" HPOS="384" VPOS="721" WIDTH="15"/>
						<String ID="P202_ST00059" HPOS="399" VPOS="679" WIDTH="87" HEIGHT="30" CONTENT="heart" WC="0.76" CC="70040"/>
						<String ID="P202_ST00060" HPOS="499" VPOS="689" WIDTH="6" HEIGHT="29" CONTENT=";" WC="0.92" CC="0"/>
						<SP ID="P202_SP00048" HPOS="505" VPOS="721" WIDTH="25"/>
						<String ID="P202_ST00061" HPOS="530" VPOS="678" WIDTH="69" HEIGHT="39" CONTENT="and," WC="0.82" CC="0700"/>
						<String ID="P202_ST00062" HPOS="603" VPOS="697" WIDTH="42" HEIGHT="3" CONTENT="—" WC="0.20" CC="8"/>
						<String ID="P202_ST00063" HPOS="646" VPOS="678" WIDTH="47" HEIGHT="29" CONTENT="far" WC="0.78" CC="006"/>
						<SP ID="P202_SP00049" HPOS="693" VPOS="721" WIDTH="22"/>
						<String ID="P202_ST00064" HPOS="715" VPOS="678" WIDTH="77" HEIGHT="29" CONTENT="from" WC="0.94" CC="1100"/>
						<SP ID="P202_SP00050" HPOS="792" VPOS="721" WIDTH="17"/>
						<String ID="P202_ST00065" HPOS="809" VPOS="677" WIDTH="110" HEIGHT="40" CONTENT="guard" SUBS_TYPE="HypPart1" SUBS_CONTENT="guarding" WC="0.80" CC="070400"/>
						<HYP CONTENT="-"/>
					</TextLine>
					<TextLine ID="P202_TL00011" HPOS="151" VPOS="745" WIDTH="769" HEIGHT="44">
						<String ID="P202_ST00066" HPOS="151" VPOS="750" WIDTH="54" HEIGHT="39" CONTENT="ing" SUBS_TYPE="HypPart2" SUBS_CONTENT="guarding" WC="0.57" CC="570"/>
						<SP ID="P202_SP00051" HPOS="205" VPOS="789" WIDTH="35"/>
						<String ID="P202_ST00067" HPOS="240" VPOS="749" WIDTH="65" HEIGHT="29" CONTENT="him" WC="0.68" CC="710"/>
						<SP ID="P202_SP00052" HPOS="305" VPOS="789" WIDTH="38"/>
						<String ID="P202_ST00068" HPOS="343" VPOS="748" WIDTH="78" HEIGHT="30" CONTENT="from" WC="0.92" CC="0030"/>
						<SP ID="P202_SP00053" HPOS="421" VPOS="789" WIDTH="35"/>
						<String ID="P202_ST00069" HPOS="456" VPOS="748" WIDTH="76" HEIGHT="39" CONTENT="vice," WC="0.82" CC="05002"/>
						<String ID="P202_ST00070" HPOS="537" VPOS="767" WIDTH="42" HEIGHT="2" CONTENT="—" WC="0.20" CC="8"/>
						<String ID="P202_ST00071" HPOS="581" VPOS="748" WIDTH="73" HEIGHT="40" CONTENT="only" WC="0.73" CC="0640"/>
						<SP ID="P202_SP00054" HPOS="654" VPOS="789" WIDTH="37"/>
						<String ID="P202_ST00072" HPOS="691" VPOS="746" WIDTH="127" HEIGHT="40" CONTENT="making" WC="0.66" CC="007570"/>
						<SP ID="P202_SP00055" HPOS="818" VPOS="789" WIDTH="36"/>
						<String ID="P202_ST00073" HPOS="854" VPOS="745" WIDTH="66" HEIGHT="32" CONTENT="vice" WC="0.92" CC="0200"/>
					</TextLine>
					<TextLine ID="P202_TL00012" HPOS="151" VPOS="816" WIDTH="772" HEIGHT="43">
						<String ID="P202_ST00074" HPOS="151" VPOS="819" WIDTH="86" HEIGHT="30" CONTENT="itself" WC="0.86" CC="106000"/>
						<SP ID="P202_SP00056" HPOS="237" VPOS="849" WIDTH="23"/>
						<String ID="P202_ST00075" HPOS="260" VPOS="828" WIDTH="96" HEIGHT="21" CONTENT="worse" WC="0.64" CC="05660"/>
						<SP ID="P202_SP00057" HPOS="356" VPOS="849" WIDTH="25"/>
						<String ID="P202_ST00076" HPOS="381" VPOS="818" WIDTH="43" HEIGHT="41" CONTENT="by" WC="0.63" CC="70"/>
						<SP ID="P202_SP00058" HPOS="424" VPOS="859" WIDTH="26"/>
						<String ID="P202_ST00077" HPOS="450" VPOS="817" WIDTH="127" HEIGHT="40" CONTENT="making" WC="0.81" CC="000370"/>
						<SP ID="P202_SP00059" HPOS="577" VPOS="859" WIDTH="26"/>
						<String ID="P202_ST00078" HPOS="603" VPOS="816" WIDTH="25" HEIGHT="31" CONTENT="it" WC="1.00" CC="00"/>
						<SP ID="P202_SP00060" HPOS="628" VPOS="859" WIDTH="26"/>
						<String ID="P202_ST00079" HPOS="654" VPOS="827" WIDTH="83" HEIGHT="20" CONTENT="more" WC="0.96" CC="0010"/>
						<SP ID="P202_SP00061" HPOS="737" VPOS="859" WIDTH="27"/>
						<String ID="P202_ST00080" HPOS="764" VPOS="819" WIDTH="111" HEIGHT="27" CONTENT="matter" WC="0.70" CC="005705"/>
						<SP ID="P202_SP00062" HPOS="875" VPOS="859" WIDTH="16"/>
						<String ID="P202_ST00081" HPOS="891" VPOS="816" WIDTH="32" HEIGHT="30" CONTENT="of" WC="1.00" CC="00"/>
					</TextLine>
					<TextLine ID="P202_TL00013" HPOS="151" VPOS="888" WIDTH="68" HEIGHT="28">
						<String ID="P202_ST00082" HPOS="151" VPOS="888" WIDTH="68" HEIGHT="28" CONTENT="fact." WC="0.92" CC="00040"/>
					</TextLine>
				</TextBlock>
				<TextBlock ID="P202_TB00004" HPOS="152" VPOS="954" WIDTH="773" HEIGHT="530" STYLEREFS="TXT_1 PAR_LEFT">
					<TextLine ID="P202_TL00014" HPOS="197" VPOS="954" WIDTH="725" HEIGHT="33">
						<String ID="P202_ST00083" HPOS="197" VPOS="957" WIDTH="33" HEIGHT="30" CONTENT="If" WC="1.00" CC="00"/>
						<SP ID="P202_SP00063" HPOS="230" VPOS="987" WIDTH="19"/>
						<String ID="P202_ST00084" HPOS="249" VPOS="957" WIDTH="52" HEIGHT="30" CONTENT="the" WC="0.63" CC="370"/>
						<SP ID="P202_SP00064" HPOS="301" VPOS="987" WIDTH="23"/>
						<String ID="P202_ST00085" HPOS="324" VPOS="956" WIDTH="80" HEIGHT="30" CONTENT="little" WC="0.60" CC="250634"/>
						<SP ID="P202_SP00065" HPOS="404" VPOS="987" WIDTH="23"/>
						<String ID="P202_ST00086" HPOS="427" VPOS="959" WIDTH="84" HEIGHT="27" CONTENT="town" WC="0.40" CC="6097"/>
						<SP ID="P202_SP00066" HPOS="511" VPOS="987" WIDTH="21"/>
						<String ID="P202_ST00087" HPOS="532" VPOS="955" WIDTH="33" HEIGHT="31" CONTENT="of" WC="0.66" CC="33"/>
						<SP ID="P202_SP00067" HPOS="565" VPOS="987" WIDTH="19"/>
						<String ID="P202_ST00088" HPOS="584" VPOS="956" WIDTH="29" HEIGHT="29" CONTENT="D" WC="1.00" CC="0"/>
						<SP ID="P202_SP00068" HPOS="613" VPOS="987" WIDTH="102"/>
						<String ID="P202_ST00089" HPOS="715" VPOS="955" WIDTH="61" HEIGHT="30" CONTENT="had" WC="0.75" CC="700"/>
						<SP ID="P202_SP00069" HPOS="776" VPOS="987" WIDTH="22"/>
						<String ID="P202_ST00090" HPOS="798" VPOS="955" WIDTH="61" HEIGHT="30" CONTENT="had" WC="0.76" CC="700"/>
						<SP ID="P202_SP00070" HPOS="859" VPOS="987" WIDTH="22"/>
						<String ID="P202_ST00091" HPOS="881" VPOS="954" WIDTH="41" HEIGHT="31" CONTENT="all" WC="0.82" CC="050"/>
					</TextLine>
					<TextLine ID="P202_TL00015" HPOS="152" VPOS="1024" WIDTH="769" HEIGHT="40">
						<String ID="P202_ST00092" HPOS="152" VPOS="1026" WIDTH="39" HEIGHT="29" CONTENT="its" WC="0.72" CC="205"/>
						<SP ID="P202_SP00071" HPOS="191" VPOS="1055" WIDTH="23"/>
						<String ID="P202_ST00093" HPOS="214" VPOS="1026" WIDTH="110" HEIGHT="29" CONTENT="houses" WC="0.51" CC="727705"/>
						<SP ID="P202_SP00072" HPOS="324" VPOS="1055" WIDTH="22"/>
						<String ID="P202_ST00094" HPOS="346" VPOS="1025" WIDTH="157" HEIGHT="39" CONTENT="unroofed," WC="0.72" CC="776000004"/>
						<SP ID="P202_SP00073" HPOS="503" VPOS="1064" WIDTH="26"/>
						<String ID="P202_ST00095" HPOS="529" VPOS="1026" WIDTH="60" HEIGHT="28" CONTENT="and" WC="0.80" CC="060"/>
						<SP ID="P202_SP00074" HPOS="589" VPOS="1064" WIDTH="22"/>
						<String ID="P202_ST00096" HPOS="611" VPOS="1024" WIDTH="82" HEIGHT="30" CONTENT="their" WC="0.64" CC="06046"/>
						<SP ID="P202_SP00075" HPOS="693" VPOS="1064" WIDTH="28"/>
						<String ID="P202_ST00097" HPOS="721" VPOS="1026" WIDTH="112" HEIGHT="28" CONTENT="secrets" WC="0.68" CC="3125007"/>
						<SP ID="P202_SP00076" HPOS="833" VPOS="1064" WIDTH="27"/>
						<String ID="P202_ST00098" HPOS="860" VPOS="1024" WIDTH="61" HEIGHT="30" CONTENT="laid" WC="0.76" CC="3310"/>
					</TextLine>
					<TextLine ID="P202_TL00016" HPOS="153" VPOS="1094" WIDTH="769" HEIGHT="42">
						<String ID="P202_ST00099" HPOS="153" VPOS="1095" WIDTH="71" HEIGHT="30" CONTENT="bare" WC="0.71" CC="4070"/>
						<SP ID="P202_SP00077" HPOS="224" VPOS="1125" WIDTH="29"/>
						<String ID="P202_ST00100" HPOS="253" VPOS="1094" WIDTH="42" HEIGHT="41" CONTENT="by" WC="0.63" CC="70"/>
						<SP ID="P202_SP00078" HPOS="295" VPOS="1135" WIDTH="31"/>
						<String ID="P202_ST00101" HPOS="326" VPOS="1104" WIDTH="18" HEIGHT="20" CONTENT="a" WC="1.00" CC="0"/>
						<SP ID="P202_SP00079" HPOS="344" VPOS="1135" WIDTH="29"/>
						<String ID="P202_ST00102" HPOS="373" VPOS="1097" WIDTH="17" HEIGHT="14" CONTENT='"' WC="0.53" CC="4"/>
						<SP ID="P202_SP00080" HPOS="390" VPOS="1135" WIDTH="14"/>
						<String ID="P202_ST00103" HPOS="404" VPOS="1094" WIDTH="100" HEIGHT="30" CONTENT="diable" WC="0.70" CC="050750"/>
						<SP ID="P202_SP00081" HPOS="504" VPOS="1135" WIDTH="29"/>
						<String ID="P202_ST00104" HPOS="533" VPOS="1094" WIDTH="162" HEIGHT="39" CONTENT='boiteux,"' WC="0.71" CC="720007034"/>
						<SP ID="P202_SP00082" HPOS="695" VPOS="1135" WIDTH="31"/>
						<String ID="P202_ST00105" HPOS="726" VPOS="1105" WIDTH="64" HEIGHT="31" CONTENT="you" WC="0.76" CC="007"/>
						<SP ID="P202_SP00083" HPOS="790" VPOS="1136" WIDTH="29"/>
						<String ID="P202_ST00106" HPOS="819" VPOS="1095" WIDTH="103" HEIGHT="30" CONTENT="would" WC="0.85" CC="00700"/>
					</TextLine>
					<TextLine ID="P202_TL00017" HPOS="154" VPOS="1164" WIDTH="768" HEIGHT="31">
						<String ID="P202_ST00107" HPOS="154" VPOS="1164" WIDTH="77" HEIGHT="30" CONTENT="have" WC="0.82" CC="7000"/>
						<SP ID="P202_SP00084" HPOS="231" VPOS="1194" WIDTH="17"/>
						<String ID="P202_ST00108" HPOS="248" VPOS="1164" WIDTH="174" HEIGHT="29" CONTENT="shuddered" WC="0.59" CC="776081400"/>
						<SP ID="P202_SP00085" HPOS="422" VPOS="1194" WIDTH="14"/>
						<String ID="P202_ST00109" HPOS="436" VPOS="1167" WIDTH="31" HEIGHT="26" CONTENT="to" WC="0.64" CC="70"/>
						<SP ID="P202_SP00086" HPOS="467" VPOS="1194" WIDTH="16"/>
						<String ID="P202_ST00110" HPOS="483" VPOS="1164" WIDTH="66" HEIGHT="30" CONTENT="find" WC="0.58" CC="0069"/>
						<SP ID="P202_SP00087" HPOS="549" VPOS="1194" WIDTH="22"/>
						<String ID="P202_ST00111" HPOS="571" VPOS="1164" WIDTH="70" HEIGHT="31" CONTENT="how" WC="0.75" CC="700"/>
						<SP ID="P202_SP00088" HPOS="641" VPOS="1195" WIDTH="15"/>
						<String ID="P202_ST00112" HPOS="656" VPOS="1164" WIDTH="93" HEIGHT="30" CONTENT="much" WC="0.65" CC="0706"/>
						<SP ID="P202_SP00089" HPOS="749" VPOS="1195" WIDTH="22"/>
						<String ID="P202_ST00113" HPOS="771" VPOS="1175" WIDTH="84" HEIGHT="20" CONTENT="more" WC="0.85" CC="0050"/>
						<SP ID="P202_SP00090" HPOS="855" VPOS="1195" WIDTH="17"/>
						<String ID="P202_ST00114" HPOS="872" VPOS="1165" WIDTH="50" HEIGHT="30" CONTENT="de" SUBS_TYPE="HypPart1" SUBS_CONTENT="degraded" WC="0.79" CC="060"/>
						<HYP CONTENT="-"/>
					</TextLine>
					<TextLine ID="P202_TL00018" HPOS="155" VPOS="1233" WIDTH="769" HEIGHT="41">
						<String ID="P202_ST00115" HPOS="155" VPOS="1233" WIDTH="113" HEIGHT="40" CONTENT="graded" SUBS_TYPE="HypPart2" SUBS_CONTENT="degraded" WC="0.66" CC="964000"/>
						<SP ID="P202_SP00091" HPOS="268" VPOS="1273" WIDTH="16"/>
						<String ID="P202_ST00116" HPOS="284" VPOS="1233" WIDTH="52" HEIGHT="30" CONTENT="the" WC="0.75" CC="070"/>
						<SP ID="P202_SP00092" HPOS="336" VPOS="1273" WIDTH="15"/>
						<String ID="P202_ST00117" HPOS="351" VPOS="1233" WIDTH="116" HEIGHT="30" CONTENT="human" WC="0.58" CC="77006"/>
						<SP ID="P202_SP00093" HPOS="467" VPOS="1273" WIDTH="22"/>
						<String ID="P202_ST00118" HPOS="489" VPOS="1234" WIDTH="115" HEIGHT="40" CONTENT="species" WC="0.75" CC="6000307"/>
						<SP ID="P202_SP00094" HPOS="604" VPOS="1274" WIDTH="15"/>
						<String ID="P202_ST00119" HPOS="619" VPOS="1245" WIDTH="63" HEIGHT="20" CONTENT="was" WC="0.76" CC="007"/>
						<SP ID="P202_SP00095" HPOS="682" VPOS="1274" WIDTH="16"/>
						<String ID="P202_ST00120" HPOS="698" VPOS="1235" WIDTH="86" HEIGHT="29" CONTENT="there" WC="0.59" CC="67060"/>
						<SP ID="P202_SP00096" HPOS="784" VPOS="1274" WIDTH="15"/>
						<String ID="P202_ST00121" HPOS="799" VPOS="1236" WIDTH="77" HEIGHT="29" CONTENT="than" WC="0.63" CC="0707"/>
						<SP ID="P202_SP00097" HPOS="876" VPOS="1274" WIDTH="16"/>
						<String ID="P202_ST00122" HPOS="892" VPOS="1235" WIDTH="32" HEIGHT="30" CONTENT="in" WC="0.59" CC="25"/>
					</TextLine>
					<TextLine ID="P202_TL00019" HPOS="153" VPOS="1302" WIDTH="772" HEIGHT="42">
						<String ID="P202_ST00123" HPOS="153" VPOS="1302" WIDTH="53" HEIGHT="30" CONTENT="the" WC="0.60" CC="173"/>
						<SP ID="P202_SP00098" HPOS="206" VPOS="1332" WIDTH="22"/>
						<String ID="P202_ST00124" HPOS="228" VPOS="1302" WIDTH="101" HEIGHT="40" CONTENT="larger" WC="0.82" CC="005005"/>
						<SP ID="P202_SP00099" HPOS="329" VPOS="1342" WIDTH="22"/>
						<String ID="P202_ST00125" HPOS="351" VPOS="1306" WIDTH="103" HEIGHT="27" CONTENT="centre" WC="0.72" CC="207060"/>
						<SP ID="P202_SP00100" HPOS="454" VPOS="1342" WIDTH="24"/>
						<String ID="P202_ST00126" HPOS="478" VPOS="1303" WIDTH="33" HEIGHT="30" CONTENT="of" WC="1.00" CC="00"/>
						<SP ID="P202_SP00101" HPOS="511" VPOS="1342" WIDTH="20"/>
						<String ID="P202_ST00127" HPOS="531" VPOS="1304" WIDTH="53" HEIGHT="30" CONTENT="the" WC="0.61" CC="470"/>
						<SP ID="P202_SP00102" HPOS="584" VPOS="1342" WIDTH="24"/>
						<String ID="P202_ST00128" HPOS="608" VPOS="1304" WIDTH="111" HEIGHT="40" CONTENT="capital" WC="0.89" CC="4002000"/>
						<SP ID="P202_SP00103" HPOS="719" VPOS="1344" WIDTH="22"/>
						<String ID="P202_ST00129" HPOS="741" VPOS="1304" WIDTH="101" HEIGHT="40" CONTENT="itself;" WC="0.82" CC="0062200"/>
						<SP ID="P202_SP00104" HPOS="842" VPOS="1344" WIDTH="35"/>
						<String ID="P202_ST00130" HPOS="877" VPOS="1304" WIDTH="48" HEIGHT="31" CONTENT="for" WC="0.86" CC="004"/>
					</TextLine>
					<TextLine ID="P202_TL00020" HPOS="154" VPOS="1372" WIDTH="770" HEIGHT="41">
						<String ID="P202_ST00131" HPOS="154" VPOS="1382" WIDTH="62" HEIGHT="31" CONTENT="you" WC="0.75" CC="007"/>
						<SP ID="P202_SP00105" HPOS="216" VPOS="1413" WIDTH="15"/>
						<String ID="P202_ST00132" HPOS="231" VPOS="1372" WIDTH="103" HEIGHT="30" CONTENT="would" WC="0.77" CC="00740"/>
						<SP ID="P202_SP00106" HPOS="334" VPOS="1413" WIDTH="22"/>
						<String ID="P202_ST00133" HPOS="356" VPOS="1372" WIDTH="77" HEIGHT="30" CONTENT="have" WC="0.65" CC="7060"/>
						<SP ID="P202_SP00107" HPOS="433" VPOS="1413" WIDTH="23"/>
						<String ID="P202_ST00134" HPOS="456" VPOS="1373" WIDTH="97" HEIGHT="30" CONTENT="found" WC="0.71" CC="00770"/>
						<SP ID="P202_SP00108" HPOS="553" VPOS="1413" WIDTH="22"/>
						<String ID="P202_ST00135" HPOS="575" VPOS="1374" WIDTH="41" HEIGHT="29" CONTENT="all" WC="1.00" CC="000"/>
						<SP ID="P202_SP00109" HPOS="616" VPOS="1413" WIDTH="22"/>
						<String ID="P202_ST00136" HPOS="638" VPOS="1374" WIDTH="53" HEIGHT="30" CONTENT="the" WC="0.47" CC="572"/>
						<SP ID="P202_SP00110" HPOS="691" VPOS="1413" WIDTH="23"/>
						<String ID="P202_ST00137" HPOS="714" VPOS="1374" WIDTH="95" HEIGHT="31" CONTENT="levels" WC="0.90" CC="000006"/>
						<SP ID="P202_SP00111" HPOS="809" VPOS="1413" WIDTH="23"/>
						<String ID="P202_ST00138" HPOS="832" VPOS="1374" WIDTH="92" HEIGHT="30" CONTENT="much" WC="0.46" CC="0767"/>
					</TextLine>
					<TextLine ID="P202_TL00021" HPOS="155" VPOS="1442" WIDTH="770" HEIGHT="42">
						<String ID="P202_ST00139" HPOS="155" VPOS="1442" WIDTH="101" HEIGHT="38" CONTENT="lower," WC="0.82" CC="010063"/>
						<SP ID="P202_SP00112" HPOS="256" VPOS="1480" WIDTH="27"/>
						<String ID="P202_ST00140" HPOS="283" VPOS="1442" WIDTH="59" HEIGHT="30" CONTENT="and" WC="0.79" CC="060"/>
						<SP ID="P202_SP00113" HPOS="342" VPOS="1480" WIDTH="25"/>
						<String ID="P202_ST00141" HPOS="367" VPOS="1442" WIDTH="40" HEIGHT="30" CONTENT="all" WC="1.00" CC="000"/>
						<SP ID="P202_SP00114" HPOS="407" VPOS="1480" WIDTH="30"/>
						<String ID="P202_ST00142" HPOS="437" VPOS="1443" WIDTH="52" HEIGHT="30" CONTENT="the" WC="0.75" CC="070"/>
						<SP ID="P202_SP00115" HPOS="489" VPOS="1480" WIDTH="31"/>
						<String ID="P202_ST00143" HPOS="520" VPOS="1443" WIDTH="63" HEIGHT="30" CONTENT="sins" WC="0.46" CC="7076"/>
						<SP ID="P202_SP00116" HPOS="583" VPOS="1480" WIDTH="27"/>
						<String ID="P202_ST00144" HPOS="610" VPOS="1444" WIDTH="33" HEIGHT="29" CONTENT="of" WC="1.00" CC="00"/>
						<SP ID="P202_SP00117" HPOS="643" VPOS="1480" WIDTH="28"/>
						<String ID="P202_ST00145" HPOS="671" VPOS="1445" WIDTH="170" HEIGHT="39" CONTENT="sensuality" WC="0.66" CC="5075700250"/>
						<SP ID="P202_SP00118" HPOS="841" VPOS="1484" WIDTH="24"/>
						<String ID="P202_ST00146" HPOS="865" VPOS="1446" WIDTH="60" HEIGHT="29" CONTENT="and" WC="0.72" CC="071"/>
					</TextLine>
				</TextBlock>
			</PrintSpace>
		</Page>
	</Layout>
</alto>
