<?xml version="1.0" encoding="UTF-8"?>
<alto xmlns:xsi="http://www.w3.org/2001/XMLSchema-instance" xsi:noNamespaceSchemaLocation="http://www.bl.uk/schemas/alto/alto-1-4.xsd" xmlns:xlink="http://www.w3.org/1999/xlink">
	<Description>
		<MeasurementUnit>mm10</MeasurementUnit>
		<sourceImageInformation>
			<fileName>//head1/IN/2007-46/A0010904365.1/000087.jp2</fileName>
		</sourceImageInformation>
		<OCRProcessing ID="OCRPROCESSING_1">
			<preProcessingStep>
				<processingSoftware>
					<softwareCreator>CCS Content Conversion Specialists GmbH, Germany</softwareCreator>
					<softwareName>CCS docWORKS</softwareName>
					<softwareVersion>6.1-0.62</softwareVersion>
				</processingSoftware>
			</preProcessingStep>
			<ocrProcessingStep>
				<processingSoftware>
					<softwareCreator>ABBYY (BIT Software), Russia</softwareCreator>
					<softwareName>Finereader</softwareName>
				</processingSoftware>
			</ocrProcessingStep>
		</OCRProcessing>
	</Description>
	<Styles>
		<TextStyle ID="TXT_0" FONTSIZE="11" FONTFAMILY="Courier New"/>
		<TextStyle ID="TXT_1" FONTSIZE="10" FONTFAMILY="Courier New"/>
		<ParagraphStyle ID="PAR_RIGHT" ALIGN="Right"/>
		<ParagraphStyle ID="PAR_LEFT" ALIGN="Left"/>
	</Styles>
	<Layout>
		<Page ID="P75" PHYSICAL_IMG_NR="75" HEIGHT="1638" WIDTH="1019" PRINTED_IMG_NR="57" POSITION="Right" ACCURACY="70.56">
			<TopMargin ID="P75_TM00001" HPOS="0" VPOS="0" WIDTH="1019" HEIGHT="101">
				<TextBlock ID="P75_TB00001" HPOS="812" VPOS="73" WIDTH="38" HEIGHT="26" STYLEREFS="TXT_0 PAR_RIGHT">
					<TextLine ID="P75_TL00001" HPOS="812" VPOS="73" WIDTH="38" HEIGHT="26">
						<String ID="P75_ST00001" HPOS="812" VPOS="73" WIDTH="38" HEIGHT="26" CONTENT="57" WC="1.00" CC="00"/>
					</TextLine>
				</TextBlock>
				<TextBlock ID="P75_TB00002" HPOS="359" VPOS="78" WIDTH="208" HEIGHT="21" STYLEREFS="TXT_1 PAR_LEFT">
					<TextLine ID="P75_TL00002" HPOS="360" VPOS="79" WIDTH="207" HEIGHT="20">
						<String ID="P75_ST00002" HPOS="360" VPOS="80" WIDTH="62" HEIGHT="19" CONTENT="THE" WC="0.46" CC="168"/>
						<SP ID="P75_SP00001" HPOS="422" VPOS="99" WIDTH="20"/>
						<String ID="P75_ST00003" HPOS="442" VPOS="79" WIDTH="125" HEIGHT="20" CONTENT="SISTERS." WC="0.67" CC="36103640"/>
						<SP ID="P75_SP00002" HPOS="567" VPOS="99" WIDTH="0"/>
					</TextLine>
				</TextBlock>
			</TopMargin>
			<LeftMargin ID="P75_LM00001" HPOS="0" VPOS="101" WIDTH="77" HEIGHT="1345"/>
			<RightMargin ID="P75_RM00001" HPOS="852" VPOS="101" WIDTH="167" HEIGHT="1345"/>
			<BottomMargin ID="P75_BM00001" HPOS="0" VPOS="1446" WIDTH="1019" HEIGHT="192"/>
			<PrintSpace ID="P75_PS00001" HPOS="77" VPOS="101" WIDTH="775" HEIGHT="1345">
				<TextBlock ID="P75_TB00003" HPOS="77" VPOS="163" WIDTH="775" HEIGHT="1283" STYLEREFS="TXT_1 PAR_LEFT">
					<TextLine ID="P75_TL00003" HPOS="83" VPOS="163" WIDTH="769" HEIGHT="33">
						<String ID="P75_ST00004" HPOS="83" VPOS="163" WIDTH="53" HEIGHT="30" CONTENT="the" WC="0.75" CC="070"/>
						<SP ID="P75_SP00003" HPOS="136" VPOS="193" WIDTH="35"/>
						<String ID="P75_ST00005" HPOS="171" VPOS="166" WIDTH="72" HEIGHT="28" CONTENT="torn" WC="0.70" CC="0047"/>
						<SP ID="P75_SP00004" HPOS="243" VPOS="194" WIDTH="34"/>
						<String ID="P75_ST00006" HPOS="277" VPOS="165" WIDTH="61" HEIGHT="30" CONTENT="and" WC="0.78" CC="060"/>
						<SP ID="P75_SP00005" HPOS="338" VPOS="195" WIDTH="35"/>
						<String ID="P75_ST00007" HPOS="373" VPOS="164" WIDTH="96" HEIGHT="32" CONTENT="soiled" WC="0.85" CC="014002"/>
						<SP ID="P75_SP00006" HPOS="469" VPOS="196" WIDTH="34"/>
						<String ID="P75_ST00008" HPOS="503" VPOS="164" WIDTH="152" HEIGHT="31" CONTENT="furniture" WC="0.61" CC="053741652"/>
						<SP ID="P75_SP00007" HPOS="655" VPOS="196" WIDTH="36"/>
						<String ID="P75_ST00009" HPOS="691" VPOS="165" WIDTH="68" HEIGHT="31" CONTENT="that" WC="0.75" CC="2700"/>
						<SP ID="P75_SP00008" HPOS="759" VPOS="196" WIDTH="33"/>
						<String ID="P75_ST00010" HPOS="792" VPOS="166" WIDTH="60" HEIGHT="30" CONTENT="had" WC="0.44" CC="709"/>
					</TextLine>
					<TextLine ID="P75_TL00004" HPOS="84" VPOS="234" WIDTH="768" HEIGHT="40">
						<String ID="P75_ST00011" HPOS="84" VPOS="234" WIDTH="130" HEIGHT="40" CONTENT="escaped" WC="0.88" CC="0510010"/>
						<SP ID="P75_SP00009" HPOS="214" VPOS="274" WIDTH="24"/>
						<String ID="P75_ST00012" HPOS="238" VPOS="235" WIDTH="53" HEIGHT="29" CONTENT="the" WC="0.67" CC="270"/>
						<SP ID="P75_SP00010" HPOS="291" VPOS="274" WIDTH="24"/>
						<String ID="P75_ST00013" HPOS="315" VPOS="237" WIDTH="143" HEIGHT="37" CONTENT="outrages" WC="0.67" CC="16350701"/>
						<SP ID="P75_SP00011" HPOS="458" VPOS="274" WIDTH="24"/>
						<String ID="P75_ST00014" HPOS="482" VPOS="235" WIDTH="33" HEIGHT="29" CONTENT="of" WC="0.72" CC="05"/>
						<SP ID="P75_SP00012" HPOS="515" VPOS="274" WIDTH="20"/>
						<String ID="P75_ST00015" HPOS="535" VPOS="234" WIDTH="52" HEIGHT="30" CONTENT="the" WC="0.70" CC="071"/>
						<SP ID="P75_SP00013" HPOS="587" VPOS="274" WIDTH="24"/>
						<String ID="P75_ST00016" HPOS="611" VPOS="236" WIDTH="69" HEIGHT="38" CONTENT="past" WC="0.69" CC="7022"/>
						<SP ID="P75_SP00014" HPOS="680" VPOS="274" WIDTH="23"/>
						<String ID="P75_ST00017" HPOS="703" VPOS="235" WIDTH="89" HEIGHT="29" CONTENT="could" WC="0.85" CC="00700"/>
						<SP ID="P75_SP00015" HPOS="792" VPOS="274" WIDTH="23"/>
						<String ID="P75_ST00018" HPOS="815" VPOS="235" WIDTH="37" HEIGHT="30" CONTENT="be" WC="0.58" CC="80"/>
					</TextLine>
					<TextLine ID="P75_TL00005" HPOS="83" VPOS="303" WIDTH="769" HEIGHT="40">
						<String ID="P75_ST00019" HPOS="83" VPOS="304" WIDTH="114" HEIGHT="30" CONTENT="turned" WC="0.69" CC="064700"/>
						<SP ID="P75_SP00016" HPOS="197" VPOS="334" WIDTH="22"/>
						<String ID="P75_ST00020" HPOS="219" VPOS="307" WIDTH="31" HEIGHT="27" CONTENT="to" WC="0.79" CC="40"/>
						<SP ID="P75_SP00017" HPOS="250" VPOS="334" WIDTH="16"/>
						<String ID="P75_ST00021" HPOS="266" VPOS="304" WIDTH="53" HEIGHT="30" CONTENT="the" WC="0.67" CC="270"/>
						<SP ID="P75_SP00018" HPOS="319" VPOS="334" WIDTH="22"/>
						<String ID="P75_ST00022" HPOS="341" VPOS="304" WIDTH="68" HEIGHT="30" CONTENT="best" WC="0.65" CC="7033"/>
						<SP ID="P75_SP00019" HPOS="409" VPOS="334" WIDTH="15"/>
						<String ID="P75_ST00023" HPOS="424" VPOS="314" WIDTH="62" HEIGHT="20" CONTENT="use." WC="0.67" CC="6600"/>
						<SP ID="P75_SP00020" HPOS="486" VPOS="334" WIDTH="46"/>
						<String ID="P75_ST00024" HPOS="532" VPOS="303" WIDTH="141" HEIGHT="40" CONTENT="Women," WC="0.73" CC="040074"/>
						<SP ID="P75_SP00021" HPOS="673" VPOS="343" WIDTH="18"/>
						<String ID="P75_ST00025" HPOS="691" VPOS="304" WIDTH="60" HEIGHT="30" CONTENT="and" WC="0.45" CC="078"/>
						<SP ID="P75_SP00022" HPOS="751" VPOS="343" WIDTH="19"/>
						<String ID="P75_ST00026" HPOS="770" VPOS="315" WIDTH="82" HEIGHT="19" CONTENT="more" WC="0.84" CC="0050"/>
					</TextLine>
					<TextLine ID="P75_TL00006" HPOS="83" VPOS="373" WIDTH="769" HEIGHT="40">
						<String ID="P75_ST00027" HPOS="83" VPOS="373" WIDTH="77" HEIGHT="29" CONTENT="than" WC="0.63" CC="0707"/>
						<SP ID="P75_SP00023" HPOS="160" VPOS="402" WIDTH="15"/>
						<String ID="P75_ST00028" HPOS="175" VPOS="384" WIDTH="61" HEIGHT="29" CONTENT="any" WC="0.78" CC="060"/>
						<SP ID="P75_SP00024" HPOS="236" VPOS="413" WIDTH="17"/>
						<String ID="P75_ST00029" HPOS="253" VPOS="373" WIDTH="95" HEIGHT="39" CONTENT="other," WC="0.69" CC="207062"/>
						<SP ID="P75_SP00025" HPOS="348" VPOS="413" WIDTH="19"/>
						<String ID="P75_ST00030" HPOS="367" VPOS="373" WIDTH="119" HEIGHT="30" CONTENT="French" WC="0.48" CC="720757"/>
						<SP ID="P75_SP00026" HPOS="486" VPOS="413" WIDTH="15"/>
						<String ID="P75_ST00031" HPOS="501" VPOS="384" WIDTH="126" HEIGHT="28" CONTENT="women," WC="0.83" CC="000054"/>
						<SP ID="P75_SP00027" HPOS="627" VPOS="413" WIDTH="19"/>
						<String ID="P75_ST00032" HPOS="646" VPOS="384" WIDTH="56" HEIGHT="19" CONTENT="can" WC="0.78" CC="006"/>
						<SP ID="P75_SP00028" HPOS="702" VPOS="413" WIDTH="15"/>
						<String ID="P75_ST00033" HPOS="717" VPOS="373" WIDTH="135" HEIGHT="31" CONTENT="contrive" WC="0.83" CC="00706000"/>
					</TextLine>
					<TextLine ID="P75_TL00007" HPOS="83" VPOS="442" WIDTH="769" HEIGHT="41">
						<String ID="P75_ST00034" HPOS="83" VPOS="445" WIDTH="31" HEIGHT="27" CONTENT="to" WC="0.66" CC="60"/>
						<SP ID="P75_SP00029" HPOS="114" VPOS="472" WIDTH="25"/>
						<String ID="P75_ST00035" HPOS="139" VPOS="442" WIDTH="89" HEIGHT="30" CONTENT="make" WC="0.82" CC="0070"/>
						<SP ID="P75_SP00030" HPOS="228" VPOS="472" WIDTH="25"/>
						<String ID="P75_ST00036" HPOS="253" VPOS="442" WIDTH="174" HEIGHT="41" CONTENT="something" WC="0.64" CC="500017079"/>
						<SP ID="P75_SP00031" HPOS="427" VPOS="483" WIDTH="16"/>
						<String ID="P75_ST00037" HPOS="443" VPOS="445" WIDTH="54" HEIGHT="27" CONTENT="out" WC="0.64" CC="271"/>
						<SP ID="P75_SP00032" HPOS="497" VPOS="483" WIDTH="20"/>
						<String ID="P75_ST00038" HPOS="517" VPOS="442" WIDTH="33" HEIGHT="30" CONTENT="of" WC="0.86" CC="20"/>
						<SP ID="P75_SP00033" HPOS="550" VPOS="483" WIDTH="20"/>
						<String ID="P75_ST00039" HPOS="570" VPOS="442" WIDTH="138" HEIGHT="40" CONTENT="nothing," WC="0.65" CC="60070741"/>
						<SP ID="P75_SP00034" HPOS="708" VPOS="483" WIDTH="19"/>
						<String ID="P75_ST00040" HPOS="727" VPOS="443" WIDTH="60" HEIGHT="29" CONTENT="and" WC="0.52" CC="067"/>
						<SP ID="P75_SP00035" HPOS="787" VPOS="483" WIDTH="23"/>
						<String ID="P75_ST00041" HPOS="810" VPOS="443" WIDTH="42" HEIGHT="40" CONTENT="by" WC="0.63" CC="70"/>
					</TextLine>
					<TextLine ID="P75_TL00008" HPOS="82" VPOS="511" WIDTH="767" HEIGHT="32">
						<String ID="P75_ST00042" HPOS="82" VPOS="511" WIDTH="54" HEIGHT="30" CONTENT="the" WC="0.75" CC="070"/>
						<SP ID="P75_SP00036" HPOS="136" VPOS="541" WIDTH="22"/>
						<String ID="P75_ST00043" HPOS="158" VPOS="511" WIDTH="75" HEIGHT="31" CONTENT="time" WC="1.00" CC="0000"/>
						<SP ID="P75_SP00037" HPOS="233" VPOS="542" WIDTH="22"/>
						<String ID="P75_ST00044" HPOS="255" VPOS="512" WIDTH="54" HEIGHT="30" CONTENT="the" WC="0.75" CC="070"/>
						<SP ID="P75_SP00038" HPOS="309" VPOS="542" WIDTH="20"/>
						<String ID="P75_ST00045" HPOS="329" VPOS="515" WIDTH="61" HEIGHT="28" CONTENT="two" WC="0.95" CC="100"/>
						<SP ID="P75_SP00039" HPOS="390" VPOS="543" WIDTH="16"/>
						<String ID="P75_ST00046" HPOS="406" VPOS="511" WIDTH="258" HEIGHT="31" CONTENT="Mesdemoiselles" WC="0.78" CC="00600030434305"/>
						<SP ID="P75_SP00040" HPOS="664" VPOS="543" WIDTH="16"/>
						<String ID="P75_ST00047" HPOS="680" VPOS="512" WIDTH="37" HEIGHT="30" CONTENT="de" WC="1.00" CC="00"/>
						<SP ID="P75_SP00041" HPOS="717" VPOS="543" WIDTH="15"/>
						<String ID="P75_ST00048" HPOS="732" VPOS="511" WIDTH="117" HEIGHT="31" CONTENT="Veran" SUBS_TYPE="HypPart1" SUBS_CONTENT="Verancour" WC="0.61" CC="705063"/>
						<HYP CONTENT="-"/>
					</TextLine>
					<TextLine ID="P75_TL00009" HPOS="83" VPOS="581" WIDTH="769" HEIGHT="30">
						<String ID="P75_ST00049" HPOS="83" VPOS="591" WIDTH="74" HEIGHT="19" CONTENT="cour" SUBS_TYPE="HypPart2" SUBS_CONTENT="Verancour" WC="0.68" CC="0075"/>
						<SP ID="P75_SP00042" HPOS="157" VPOS="610" WIDTH="21"/>
						<String ID="P75_ST00050" HPOS="178" VPOS="582" WIDTH="62" HEIGHT="29" CONTENT="had" WC="0.48" CC="770"/>
						<SP ID="P75_SP00043" HPOS="240" VPOS="611" WIDTH="22"/>
						<String ID="P75_ST00051" HPOS="262" VPOS="582" WIDTH="79" HEIGHT="29" CONTENT="been" WC="0.81" CC="0007"/>
						<SP ID="P75_SP00044" HPOS="341" VPOS="611" WIDTH="22"/>
						<String ID="P75_ST00052" HPOS="363" VPOS="581" WIDTH="49" HEIGHT="30" CONTENT="six" WC="0.36" CC="449"/>
						<SP ID="P75_SP00045" HPOS="412" VPOS="611" WIDTH="20"/>
						<String ID="P75_ST00053" HPOS="432" VPOS="582" WIDTH="123" HEIGHT="29" CONTENT="months" WC="0.63" CC="006077"/>
						<SP ID="P75_SP00046" HPOS="555" VPOS="611" WIDTH="21"/>
						<String ID="P75_ST00054" HPOS="576" VPOS="582" WIDTH="89" HEIGHT="29" CONTENT="home" WC="0.78" CC="7100"/>
						<SP ID="P75_SP00047" HPOS="665" VPOS="611" WIDTH="15"/>
						<String ID="P75_ST00055" HPOS="680" VPOS="581" WIDTH="77" HEIGHT="30" CONTENT="from" WC="0.63" CC="9320"/>
						<SP ID="P75_SP00048" HPOS="757" VPOS="611" WIDTH="16"/>
						<String ID="P75_ST00056" HPOS="773" VPOS="582" WIDTH="79" HEIGHT="29" CONTENT="their" WC="0.57" CC="27046"/>
					</TextLine>
					<TextLine ID="P75_TL00010" HPOS="84" VPOS="650" WIDTH="767" HEIGHT="41">
						<String ID="P75_ST00057" HPOS="84" VPOS="653" WIDTH="133" HEIGHT="27" CONTENT="convent" WC="0.72" CC="0370070"/>
						<SP ID="P75_SP00049" HPOS="217" VPOS="680" WIDTH="26"/>
						<String ID="P75_ST00058" HPOS="243" VPOS="654" WIDTH="32" HEIGHT="26" CONTENT="at" WC="0.75" CC="05"/>
						<SP ID="P75_SP00050" HPOS="275" VPOS="680" WIDTH="29"/>
						<String ID="P75_ST00059" HPOS="304" VPOS="650" WIDTH="140" HEIGHT="38" CONTENT="Poitiers," WC="0.68" CC="700040662"/>
						<SP ID="P75_SP00051" HPOS="444" VPOS="688" WIDTH="29"/>
						<String ID="P75_ST00060" HPOS="473" VPOS="650" WIDTH="75" HEIGHT="41" CONTENT="they" WC="0.68" CC="5700"/>
						<SP ID="P75_SP00052" HPOS="548" VPOS="691" WIDTH="27"/>
						<String ID="P75_ST00061" HPOS="575" VPOS="650" WIDTH="95" HEIGHT="40" CONTENT="really" WC="0.89" CC="600000"/>
						<SP ID="P75_SP00053" HPOS="670" VPOS="691" WIDTH="26"/>
						<String ID="P75_ST00062" HPOS="696" VPOS="650" WIDTH="61" HEIGHT="30" CONTENT="had" WC="0.55" CC="705"/>
						<SP ID="P75_SP00054" HPOS="757" VPOS="691" WIDTH="26"/>
						<String ID="P75_ST00063" HPOS="783" VPOS="661" WIDTH="68" HEIGHT="19" CONTENT="con" SUBS_TYPE="HypPart1" SUBS_CONTENT="converted" WC="0.70" CC="4070"/>
						<HYP CONTENT="-"/>
					</TextLine>
					<TextLine ID="P75_TL00011" HPOS="84" VPOS="719" WIDTH="767" HEIGHT="41">
						<String ID="P75_ST00064" HPOS="84" VPOS="720" WIDTH="109" HEIGHT="29" CONTENT="verted" SUBS_TYPE="HypPart2" SUBS_CONTENT="converted" WC="0.90" CC="003300"/>
						<SP ID="P75_SP00055" HPOS="193" VPOS="749" WIDTH="28"/>
						<String ID="P75_ST00065" HPOS="221" VPOS="720" WIDTH="54" HEIGHT="29" CONTENT="the" WC="0.65" CC="370"/>
						<SP ID="P75_SP00056" HPOS="275" VPOS="749" WIDTH="30"/>
						<String ID="P75_ST00066" HPOS="305" VPOS="722" WIDTH="47" HEIGHT="27" CONTENT="set" WC="0.82" CC="500"/>
						<SP ID="P75_SP00057" HPOS="352" VPOS="749" WIDTH="30"/>
						<String ID="P75_ST00067" HPOS="382" VPOS="719" WIDTH="33" HEIGHT="30" CONTENT="of" WC="1.00" CC="00"/>
						<SP ID="P75_SP00058" HPOS="415" VPOS="749" WIDTH="30"/>
						<String ID="P75_ST00068" HPOS="445" VPOS="730" WIDTH="100" HEIGHT="19" CONTENT="rooms" WC="0.60" CC="53306"/>
						<SP ID="P75_SP00059" HPOS="545" VPOS="749" WIDTH="34"/>
						<String ID="P75_ST00069" HPOS="579" VPOS="719" WIDTH="212" HEIGHT="41" CONTENT="appropriated" WC="0.73" CC="506500550003"/>
						<SP ID="P75_SP00060" HPOS="791" VPOS="760" WIDTH="28"/>
						<String ID="P75_ST00070" HPOS="819" VPOS="722" WIDTH="32" HEIGHT="27" CONTENT="to" WC="1.00" CC="00"/>
					</TextLine>
					<TextLine ID="P75_TL00012" HPOS="83" VPOS="787" WIDTH="766" HEIGHT="41">
						<String ID="P75_ST00071" HPOS="83" VPOS="788" WIDTH="185" HEIGHT="31" CONTENT="themselves" WC="0.66" CC="0700605905"/>
						<SP ID="P75_SP00061" HPOS="268" VPOS="819" WIDTH="22"/>
						<String ID="P75_ST00072" HPOS="290" VPOS="789" WIDTH="61" HEIGHT="30" CONTENT="and" WC="0.78" CC="060"/>
						<SP ID="P75_SP00062" HPOS="351" VPOS="819" WIDTH="21"/>
						<String ID="P75_ST00073" HPOS="372" VPOS="787" WIDTH="81" HEIGHT="32" CONTENT="their" WC="0.54" CC="57045"/>
						<SP ID="P75_SP00063" HPOS="453" VPOS="819" WIDTH="14"/>
						<String ID="P75_ST00074" HPOS="467" VPOS="788" WIDTH="100" HEIGHT="30" CONTENT="father" WC="0.76" CC="003703"/>
						<SP ID="P75_SP00064" HPOS="567" VPOS="819" WIDTH="15"/>
						<String ID="P75_ST00075" HPOS="582" VPOS="798" WIDTH="39" HEIGHT="20" CONTENT="on" WC="0.50" CC="27"/>
						<SP ID="P75_SP00065" HPOS="621" VPOS="819" WIDTH="20"/>
						<String ID="P75_ST00076" HPOS="641" VPOS="788" WIDTH="54" HEIGHT="30" CONTENT="the" WC="0.75" CC="070"/>
						<SP ID="P75_SP00066" HPOS="695" VPOS="819" WIDTH="22"/>
						<String ID="P75_ST00077" HPOS="717" VPOS="789" WIDTH="132" HEIGHT="39" CONTENT="ground" SUBS_TYPE="HypPart1" SUBS_CONTENT="groundfloor" WC="0.73" CC="0407600"/>
						<HYP CONTENT="-"/>
					</TextLine>
					<TextLine ID="P75_TL00013" HPOS="83" VPOS="856" WIDTH="767" HEIGHT="41">
						<String ID="P75_ST00078" HPOS="83" VPOS="857" WIDTH="75" HEIGHT="30" CONTENT="floor" SUBS_TYPE="HypPart2" SUBS_CONTENT="groundfloor" WC="0.64" CC="22443"/>
						<SP ID="P75_SP00067" HPOS="158" VPOS="887" WIDTH="25"/>
						<String ID="P75_ST00079" HPOS="183" VPOS="856" WIDTH="65" HEIGHT="31" CONTENT="into" WC="0.56" CC="3741"/>
						<SP ID="P75_SP00068" HPOS="248" VPOS="887" WIDTH="23"/>
						<String ID="P75_ST00080" HPOS="271" VPOS="867" WIDTH="17" HEIGHT="20" CONTENT="a" WC="1.00" CC="0"/>
						<SP ID="P75_SP00069" HPOS="288" VPOS="887" WIDTH="25"/>
						<String ID="P75_ST00081" HPOS="313" VPOS="856" WIDTH="192" HEIGHT="41" CONTENT="presentable" WC="0.78" CC="05030600700"/>
						<SP ID="P75_SP00070" HPOS="505" VPOS="897" WIDTH="26"/>
						<String ID="P75_ST00082" HPOS="531" VPOS="856" WIDTH="79" HEIGHT="31" CONTENT="suite" WC="0.66" CC="67200"/>
						<SP ID="P75_SP00071" HPOS="610" VPOS="897" WIDTH="27"/>
						<String ID="P75_ST00083" HPOS="637" VPOS="856" WIDTH="34" HEIGHT="31" CONTENT="of" WC="1.00" CC="00"/>
						<SP ID="P75_SP00072" HPOS="671" VPOS="897" WIDTH="22"/>
						<String ID="P75_ST00084" HPOS="693" VPOS="857" WIDTH="157" HEIGHT="30" CONTENT="chambers" WC="0.72" CC="07007051"/>
					</TextLine>
					<TextLine ID="P75_TL00014" HPOS="82" VPOS="925" WIDTH="766" HEIGHT="41">
						<String ID="P75_ST00085" HPOS="82" VPOS="926" WIDTH="47" HEIGHT="30" CONTENT="for" WC="0.46" CC="537"/>
						<SP ID="P75_SP00073" HPOS="129" VPOS="956" WIDTH="21"/>
						<String ID="P75_ST00086" HPOS="150" VPOS="936" WIDTH="18" HEIGHT="20" CONTENT="a" WC="0.64" CC="3"/>
						<SP ID="P75_SP00074" HPOS="168" VPOS="956" WIDTH="20"/>
						<String ID="P75_ST00087" HPOS="188" VPOS="925" WIDTH="107" HEIGHT="41" CONTENT="family" WC="0.89" CC="000150"/>
						<SP ID="P75_SP00075" HPOS="295" VPOS="966" WIDTH="16"/>
						<String ID="P75_ST00088" HPOS="311" VPOS="926" WIDTH="33" HEIGHT="30" CONTENT="of" WC="0.82" CC="30"/>
						<SP ID="P75_SP00076" HPOS="344" VPOS="966" WIDTH="19"/>
						<String ID="P75_ST00089" HPOS="363" VPOS="926" WIDTH="131" HEIGHT="29" CONTENT="reduced" WC="0.85" CC="3006000"/>
						<SP ID="P75_SP00077" HPOS="494" VPOS="966" WIDTH="22"/>
						<String ID="P75_ST00090" HPOS="516" VPOS="936" WIDTH="112" HEIGHT="19" CONTENT="means." WC="0.75" CC="000652"/>
						<SP ID="P75_SP00078" HPOS="628" VPOS="966" WIDTH="46"/>
						<String ID="P75_ST00091" HPOS="674" VPOS="925" WIDTH="97" HEIGHT="30" CONTENT="There" WC="0.69" CC="07070"/>
						<SP ID="P75_SP00079" HPOS="771" VPOS="966" WIDTH="15"/>
						<String ID="P75_ST00092" HPOS="786" VPOS="936" WIDTH="62" HEIGHT="20" CONTENT="was" WC="0.53" CC="904"/>
					</TextLine>
					<TextLine ID="P75_TL00015" HPOS="82" VPOS="993" WIDTH="767" HEIGHT="41">
						<String ID="P75_ST00093" HPOS="82" VPOS="995" WIDTH="123" HEIGHT="39" CONTENT="enough" WC="0.44" CC="073777"/>
						<SP ID="P75_SP00080" HPOS="205" VPOS="1034" WIDTH="16"/>
						<String ID="P75_ST00094" HPOS="221" VPOS="994" WIDTH="34" HEIGHT="30" CONTENT="of" WC="0.95" CC="10"/>
						<SP ID="P75_SP00081" HPOS="255" VPOS="1034" WIDTH="18"/>
						<String ID="P75_ST00095" HPOS="273" VPOS="994" WIDTH="184" HEIGHT="38" CONTENT="discomfort," WC="0.76" CC="23443000440"/>
						<SP ID="P75_SP00082" HPOS="457" VPOS="1034" WIDTH="18"/>
						<String ID="P75_ST00096" HPOS="475" VPOS="1004" WIDTH="33" HEIGHT="20" CONTENT="as" WC="0.70" CC="05"/>
						<SP ID="P75_SP00083" HPOS="508" VPOS="1034" WIDTH="15"/>
						<String ID="P75_ST00097" HPOS="523" VPOS="1004" WIDTH="46" HEIGHT="21" CONTENT="we" WC="0.93" CC="01"/>
						<SP ID="P75_SP00084" HPOS="569" VPOS="1034" WIDTH="21"/>
						<String ID="P75_ST00098" HPOS="590" VPOS="993" WIDTH="131" HEIGHT="40" CONTENT="Enghsh" WC="0.50" CC="360747"/>
						<SP ID="P75_SP00085" HPOS="721" VPOS="1034" WIDTH="21"/>
						<String ID="P75_ST00099" HPOS="742" VPOS="994" WIDTH="107" HEIGHT="40" CONTENT="people" WC="0.94" CC="001200"/>
					</TextLine>
					<TextLine ID="P75_TL00016" HPOS="81" VPOS="1062" WIDTH="767" HEIGHT="41">
						<String ID="P75_ST00100" HPOS="81" VPOS="1063" WIDTH="101" HEIGHT="40" CONTENT="might" WC="0.83" CC="01070"/>
						<SP ID="P75_SP00086" HPOS="182" VPOS="1103" WIDTH="24"/>
						<String ID="P75_ST00101" HPOS="206" VPOS="1063" WIDTH="100" HEIGHT="39" CONTENT="think," WC="0.66" CC="072604"/>
						<String ID="P75_ST00102" HPOS="310" VPOS="1081" WIDTH="43" HEIGHT="4" CONTENT="—" WC="0.20" CC="8"/>
						<String ID="P75_ST00103" HPOS="354" VPOS="1074" WIDTH="61" HEIGHT="29" CONTENT="you" WC="0.67" CC="036"/>
						<SP ID="P75_SP00087" HPOS="415" VPOS="1103" WIDTH="29"/>
						<String ID="P75_ST00104" HPOS="444" VPOS="1062" WIDTH="173" HEIGHT="41" CONTENT="habituaUy" WC="0.61" CC="707046070"/>
						<SP ID="P75_SP00088" HPOS="617" VPOS="1103" WIDTH="26"/>
						<String ID="P75_ST00105" HPOS="643" VPOS="1063" WIDTH="124" HEIGHT="30" CONTENT="entered" WC="0.79" CC="0740200"/>
						<SP ID="P75_SP00089" HPOS="767" VPOS="1103" WIDTH="29"/>
						<String ID="P75_ST00106" HPOS="796" VPOS="1063" WIDTH="52" HEIGHT="30" CONTENT="the" WC="0.68" CC="170"/>
					</TextLine>
					<TextLine ID="P75_TL00017" HPOS="81" VPOS="1131" WIDTH="766" HEIGHT="41">
						<String ID="P75_ST00107" HPOS="81" VPOS="1133" WIDTH="96" HEIGHT="30" CONTENT="house" WC="0.49" CC="73770"/>
						<SP ID="P75_SP00090" HPOS="177" VPOS="1163" WIDTH="33"/>
						<String ID="P75_ST00108" HPOS="210" VPOS="1132" WIDTH="137" HEIGHT="40" CONTENT="through" WC="0.49" CC="2763707"/>
						<SP ID="P75_SP00091" HPOS="347" VPOS="1172" WIDTH="33"/>
						<String ID="P75_ST00109" HPOS="380" VPOS="1132" WIDTH="53" HEIGHT="30" CONTENT="the" WC="0.74" CC="070"/>
						<SP ID="P75_SP00092" HPOS="433" VPOS="1172" WIDTH="35"/>
						<String ID="P75_ST00110" HPOS="468" VPOS="1131" WIDTH="134" HEIGHT="40" CONTENT="kitchen," WC="0.57" CC="07247074"/>
						<SP ID="P75_SP00093" HPOS="602" VPOS="1172" WIDTH="33"/>
						<String ID="P75_ST00111" HPOS="635" VPOS="1133" WIDTH="60" HEIGHT="29" CONTENT="and" WC="0.74" CC="070"/>
						<SP ID="P75_SP00094" HPOS="695" VPOS="1172" WIDTH="34"/>
						<String ID="P75_ST00112" HPOS="729" VPOS="1132" WIDTH="33" HEIGHT="30" CONTENT="in" WC="0.64" CC="07"/>
						<SP ID="P75_SP00095" HPOS="762" VPOS="1172" WIDTH="33"/>
						<String ID="P75_ST00113" HPOS="795" VPOS="1133" WIDTH="52" HEIGHT="30" CONTENT="the" WC="0.68" CC="270"/>
					</TextLine>
					<TextLine ID="P75_TL00018" HPOS="79" VPOS="1201" WIDTH="767" HEIGHT="40">
						<String ID="P75_ST00114" HPOS="79" VPOS="1201" WIDTH="169" HEIGHT="30" CONTENT="Vicomte's" WC="0.87" CC="000200027"/>
						<SP ID="P75_SP00096" HPOS="248" VPOS="1231" WIDTH="34"/>
						<String ID="P75_ST00115" HPOS="282" VPOS="1201" WIDTH="94" HEIGHT="39" CONTENT="study" WC="0.76" CC="60500"/>
						<SP ID="P75_SP00097" HPOS="376" VPOS="1240" WIDTH="29"/>
						<String ID="P75_ST00116" HPOS="405" VPOS="1211" WIDTH="62" HEIGHT="29" CONTENT="you" WC="0.64" CC="046"/>
						<SP ID="P75_SP00098" HPOS="467" VPOS="1240" WIDTH="30"/>
						<String ID="P75_ST00117" HPOS="497" VPOS="1201" WIDTH="102" HEIGHT="31" CONTENT="would" WC="0.54" CC="03558"/>
						<SP ID="P75_SP00099" HPOS="599" VPOS="1240" WIDTH="29"/>
						<String ID="P75_ST00118" HPOS="628" VPOS="1201" WIDTH="38" HEIGHT="30" CONTENT="be" WC="0.65" CC="60"/>
						<SP ID="P75_SP00100" HPOS="666" VPOS="1240" WIDTH="30"/>
						<String ID="P75_ST00119" HPOS="696" VPOS="1201" WIDTH="150" HEIGHT="40" CONTENT="suddenly" WC="0.64" CC="57600620"/>
					</TextLine>
					<TextLine ID="P75_TL00019" HPOS="79" VPOS="1269" WIDTH="767" HEIGHT="41">
						<String ID="P75_ST00120" HPOS="79" VPOS="1269" WIDTH="159" HEIGHT="31" CONTENT="reminded" WC="0.79" CC="90007000"/>
						<SP ID="P75_SP00101" HPOS="238" VPOS="1300" WIDTH="22"/>
						<String ID="P75_ST00121" HPOS="260" VPOS="1269" WIDTH="42" HEIGHT="41" CONTENT="by" WC="0.70" CC="50"/>
						<SP ID="P75_SP00102" HPOS="302" VPOS="1310" WIDTH="14"/>
						<String ID="P75_ST00122" HPOS="316" VPOS="1269" WIDTH="53" HEIGHT="31" CONTENT="the" WC="0.75" CC="070"/>
						<SP ID="P75_SP00103" HPOS="369" VPOS="1310" WIDTH="20"/>
						<String ID="P75_ST00123" HPOS="389" VPOS="1269" WIDTH="53" HEIGHT="31" CONTENT="faU" WC="0.75" CC="007"/>
						<SP ID="P75_SP00104" HPOS="442" VPOS="1310" WIDTH="17"/>
						<String ID="P75_ST00124" HPOS="459" VPOS="1269" WIDTH="33" HEIGHT="31" CONTENT="of" WC="1.00" CC="00"/>
						<SP ID="P75_SP00105" HPOS="492" VPOS="1310" WIDTH="19"/>
						<String ID="P75_ST00125" HPOS="511" VPOS="1269" WIDTH="173" HEIGHT="41" CONTENT="something" WC="0.70" CC="700007605"/>
						<SP ID="P75_SP00106" HPOS="684" VPOS="1310" WIDTH="22"/>
						<String ID="P75_ST00126" HPOS="706" VPOS="1269" WIDTH="59" HEIGHT="31" CONTENT="soft" WC="0.44" CC="5079"/>
						<SP ID="P75_SP00107" HPOS="765" VPOS="1310" WIDTH="22"/>
						<String ID="P75_ST00127" HPOS="787" VPOS="1270" WIDTH="59" HEIGHT="29" CONTENT="and" WC="0.66" CC="063"/>
					</TextLine>
					<TextLine ID="P75_TL00020" HPOS="78" VPOS="1338" WIDTH="772" HEIGHT="41">
						<String ID="P75_ST00128" HPOS="78" VPOS="1339" WIDTH="108" HEIGHT="40" CONTENT="plump" WC="0.61" CC="94500"/>
						<SP ID="P75_SP00108" HPOS="186" VPOS="1379" WIDTH="30"/>
						<String ID="P75_ST00129" HPOS="216" VPOS="1349" WIDTH="83" HEIGHT="29" CONTENT="upon" WC="0.68" CC="6006"/>
						<SP ID="P75_SP00109" HPOS="299" VPOS="1379" WIDTH="28"/>
						<String ID="P75_ST00130" HPOS="327" VPOS="1338" WIDTH="53" HEIGHT="30" CONTENT="the" WC="0.67" CC="072"/>
						<SP ID="P75_SP00110" HPOS="380" VPOS="1379" WIDTH="29"/>
						<String ID="P75_ST00131" HPOS="409" VPOS="1338" WIDTH="75" HEIGHT="30" CONTENT="floor" WC="0.62" CC="33325"/>
						<SP ID="P75_SP00111" HPOS="484" VPOS="1379" WIDTH="26"/>
						<String ID="P75_ST00132" HPOS="510" VPOS="1338" WIDTH="33" HEIGHT="29" CONTENT="of" WC="0.93" CC="10"/>
						<SP ID="P75_SP00112" HPOS="543" VPOS="1379" WIDTH="25"/>
						<String ID="P75_ST00133" HPOS="568" VPOS="1338" WIDTH="53" HEIGHT="30" CONTENT="the" WC="0.55" CC="670"/>
						<SP ID="P75_SP00113" HPOS="621" VPOS="1379" WIDTH="26"/>
						<String ID="P75_ST00134" HPOS="647" VPOS="1348" WIDTH="143" HEIGHT="30" CONTENT="presence" WC="0.79" CC="04020720"/>
						<SP ID="P75_SP00114" HPOS="790" VPOS="1379" WIDTH="27"/>
						<String ID="P75_ST00135" HPOS="817" VPOS="1338" WIDTH="33" HEIGHT="29" CONTENT="of" WC="1.00" CC="00"/>
					</TextLine>
					<TextLine ID="P75_TL00021" HPOS="77" VPOS="1405" WIDTH="768" HEIGHT="41">
						<String ID="P75_ST00136" HPOS="77" VPOS="1408" WIDTH="84" HEIGHT="38" CONTENT="frogs" WC="0.71" CC="03504"/>
						<String ID="P75_ST00137" HPOS="172" VPOS="1417" WIDTH="6" HEIGHT="29" CONTENT=";" WC="0.44" CC="5"/>
						<SP ID="P75_SP00115" HPOS="178" VPOS="1446" WIDTH="25"/>
						<String ID="P75_ST00138" HPOS="203" VPOS="1407" WIDTH="57" HEIGHT="31" CONTENT="but" WC="0.59" CC="371"/>
						<SP ID="P75_SP00116" HPOS="260" VPOS="1446" WIDTH="13"/>
						<String ID="P75_ST00139" HPOS="273" VPOS="1406" WIDTH="188" HEIGHT="40" CONTENT="resignation" WC="0.72" CC="30630600026"/>
						<SP ID="P75_SP00117" HPOS="461" VPOS="1446" WIDTH="14"/>
						<String ID="P75_ST00140" HPOS="475" VPOS="1417" WIDTH="63" HEIGHT="22" CONTENT="was" WC="0.77" CC="006"/>
						<SP ID="P75_SP00118" HPOS="538" VPOS="1446" WIDTH="15"/>
						<String ID="P75_ST00141" HPOS="553" VPOS="1406" WIDTH="53" HEIGHT="31" CONTENT="the" WC="0.60" CC="073"/>
						<SP ID="P75_SP00119" HPOS="606" VPOS="1446" WIDTH="15"/>
						<String ID="P75_ST00142" HPOS="621" VPOS="1406" WIDTH="102" HEIGHT="31" CONTENT="virtue" WC="0.80" CC="004060"/>
						<SP ID="P75_SP00120" HPOS="723" VPOS="1446" WIDTH="16"/>
						<String ID="P75_ST00143" HPOS="739" VPOS="1406" WIDTH="33" HEIGHT="30" CONTENT="of" WC="0.85" CC="20"/>
						<SP ID="P75_SP00121" HPOS="772" VPOS="1446" WIDTH="11"/>
						<String ID="P75_ST00144" HPOS="783" VPOS="1405" WIDTH="62" HEIGHT="31" CONTENT="this" WC="0.55" CC="2725"/>
					</TextLine>
				</TextBlock>
			</PrintSpace>
		</Page>
	</Layout>
</alto>
