<?xml version="1.0" encoding="UTF-8"?>
<alto xmlns:xsi="http://www.w3.org/2001/XMLSchema-instance" xsi:noNamespaceSchemaLocation="http://www.bl.uk/schemas/alto/alto-1-4.xsd" xmlns:xlink="http://www.w3.org/1999/xlink">
	<Description>
		<MeasurementUnit>mm10</MeasurementUnit>
		<sourceImageInformation>
			<fileName>//head1/IN/2007-46/A0010904365.1/000171.jp2</fileName>
		</sourceImageInformation>
		<OCRProcessing ID="OCRPROCESSING_1">
			<preProcessingStep>
				<processingSoftware>
					<softwareCreator>CCS Content Conversion Specialists GmbH, Germany</softwareCreator>
					<softwareName>CCS docWORKS</softwareName>
					<softwareVersion>6.1-0.62</softwareVersion>
				</processingSoftware>
			</preProcessingStep>
			<ocrProcessingStep>
				<processingSoftware>
					<softwareCreator>ABBYY (BIT Software), Russia</softwareCreator>
					<softwareName>Finereader</softwareName>
				</processingSoftware>
			</ocrProcessingStep>
		</OCRProcessing>
	</Description>
	<Styles>
		<TextStyle ID="TXT_0" FONTSIZE="11" FONTFAMILY="Courier New"/>
		<TextStyle ID="TXT_1" FONTSIZE="10" FONTFAMILY="Courier New"/>
		<ParagraphStyle ID="PAR_RIGHT" ALIGN="Right"/>
		<ParagraphStyle ID="PAR_LEFT" ALIGN="Left"/>
	</Styles>
	<Layout>
		<Page ID="P157" PHYSICAL_IMG_NR="157" HEIGHT="1638" WIDTH="1019" PRINTED_IMG_NR="139" POSITION="Right" ACCURACY="71.13">
			<TopMargin ID="P157_TM00001" HPOS="0" VPOS="0" WIDTH="1019" HEIGHT="115">
				<TextBlock ID="P157_TB00001" HPOS="789" VPOS="87" WIDTH="52" HEIGHT="26" STYLEREFS="TXT_0 PAR_RIGHT">
					<TextLine ID="P157_TL00001" HPOS="789" VPOS="87" WIDTH="52" HEIGHT="26">
						<String ID="P157_ST00001" HPOS="789" VPOS="87" WIDTH="52" HEIGHT="26" CONTENT="139" WC="1.00" CC="000"/>
					</TextLine>
				</TextBlock>
				<TextBlock ID="P157_TB00002" HPOS="356" VPOS="94" WIDTH="203" HEIGHT="21" STYLEREFS="TXT_1 PAR_LEFT">
					<TextLine ID="P157_TL00002" HPOS="357" VPOS="95" WIDTH="202" HEIGHT="20">
						<String ID="P157_ST00002" HPOS="357" VPOS="96" WIDTH="62" HEIGHT="19" CONTENT="THE" WC="0.76" CC="070"/>
						<SP ID="P157_SP00001" HPOS="419" VPOS="115" WIDTH="20"/>
						<String ID="P157_ST00003" HPOS="439" VPOS="95" WIDTH="120" HEIGHT="20" CONTENT="LOVERS." WC="0.46" CC="7393751"/>
						<SP ID="P157_SP00002" HPOS="559" VPOS="115" WIDTH="0"/>
					</TextLine>
				</TextBlock>
			</TopMargin>
			<LeftMargin ID="P157_LM00001" HPOS="0" VPOS="115" WIDTH="78" HEIGHT="1348"/>
			<RightMargin ID="P157_RM00001" HPOS="843" VPOS="115" WIDTH="176" HEIGHT="1348"/>
			<BottomMargin ID="P157_BM00001" HPOS="0" VPOS="1463" WIDTH="1019" HEIGHT="175"/>
			<PrintSpace ID="P157_PS00001" HPOS="78" VPOS="115" WIDTH="765" HEIGHT="1348">
				<TextBlock ID="P157_TB00003" HPOS="78" VPOS="180" WIDTH="764" HEIGHT="99" STYLEREFS="TXT_1 PAR_LEFT">
					<TextLine ID="P157_TL00003" HPOS="79" VPOS="180" WIDTH="763" HEIGHT="40">
						<String ID="P157_ST00004" HPOS="79" VPOS="180" WIDTH="64" HEIGHT="30" CONTENT="fear" WC="0.85" CC="5000"/>
						<SP ID="P157_SP00003" HPOS="143" VPOS="210" WIDTH="23"/>
						<String ID="P157_ST00005" HPOS="166" VPOS="181" WIDTH="79" HEIGHT="39" CONTENT='me,"' WC="0.86" CC="0014"/>
						<SP ID="P157_SP00004" HPOS="245" VPOS="220" WIDTH="18"/>
						<String ID="P157_ST00006" HPOS="263" VPOS="182" WIDTH="61" HEIGHT="29" CONTENT="and" WC="0.75" CC="070"/>
						<SP ID="P157_SP00005" HPOS="324" VPOS="220" WIDTH="25"/>
						<String ID="P157_ST00007" HPOS="349" VPOS="182" WIDTH="39" HEIGHT="29" CONTENT="he" WC="0.62" CC="70"/>
						<SP ID="P157_SP00006" HPOS="388" VPOS="220" WIDTH="25"/>
						<String ID="P157_ST00008" HPOS="413" VPOS="183" WIDTH="82" HEIGHT="30" CONTENT="drew" WC="0.85" CC="0500"/>
						<SP ID="P157_SP00007" HPOS="495" VPOS="220" WIDTH="25"/>
						<String ID="P157_ST00009" HPOS="520" VPOS="182" WIDTH="54" HEIGHT="29" CONTENT="her" WC="0.64" CC="703"/>
						<SP ID="P157_SP00008" HPOS="574" VPOS="220" WIDTH="26"/>
						<String ID="P157_ST00010" HPOS="600" VPOS="181" WIDTH="64" HEIGHT="30" CONTENT="still" WC="0.74" CC="50033"/>
						<SP ID="P157_SP00009" HPOS="664" VPOS="220" WIDTH="24"/>
						<String ID="P157_ST00011" HPOS="688" VPOS="181" WIDTH="94" HEIGHT="29" CONTENT="closer" WC="0.68" CC="230516"/>
						<SP ID="P157_SP00010" HPOS="782" VPOS="220" WIDTH="29"/>
						<String ID="P157_ST00012" HPOS="811" VPOS="184" WIDTH="31" HEIGHT="26" CONTENT="to" WC="1.00" CC="00"/>
					</TextLine>
					<TextLine ID="P157_TL00004" HPOS="81" VPOS="249" WIDTH="74" HEIGHT="30">
						<String ID="P157_ST00013" HPOS="81" VPOS="249" WIDTH="74" HEIGHT="30" CONTENT="him." WC="0.63" CC="7700"/>
					</TextLine>
				</TextBlock>
				<TextBlock ID="P157_TB00004" HPOS="79" VPOS="319" WIDTH="763" HEIGHT="376" STYLEREFS="TXT_1 PAR_LEFT">
					<TextLine ID="P157_TL00005" HPOS="122" VPOS="319" WIDTH="720" HEIGHT="40">
						<String ID="P157_ST00014" HPOS="122" VPOS="319" WIDTH="135" HEIGHT="31" CONTENT="Vevette" WC="0.72" CC="7090100"/>
						<SP ID="P157_SP00011" HPOS="257" VPOS="350" WIDTH="14"/>
						<String ID="P157_ST00015" HPOS="271" VPOS="330" WIDTH="63" HEIGHT="21" CONTENT="was" WC="0.80" CC="006"/>
						<SP ID="P157_SP00012" HPOS="334" VPOS="351" WIDTH="15"/>
						<String ID="P157_ST00016" HPOS="349" VPOS="321" WIDTH="40" HEIGHT="28" CONTENT="all" WC="0.86" CC="021"/>
						<SP ID="P157_SP00013" HPOS="389" VPOS="351" WIDTH="22"/>
						<String ID="P157_ST00017" HPOS="411" VPOS="321" WIDTH="104" HEIGHT="38" CONTENT="paUor," WC="0.75" CC="050053"/>
						<SP ID="P157_SP00014" HPOS="515" VPOS="359" WIDTH="18"/>
						<String ID="P157_ST00018" HPOS="533" VPOS="320" WIDTH="59" HEIGHT="29" CONTENT="and" WC="0.66" CC="054"/>
						<SP ID="P157_SP00015" HPOS="592" VPOS="359" WIDTH="18"/>
						<String ID="P157_ST00019" HPOS="610" VPOS="320" WIDTH="74" HEIGHT="29" CONTENT="then" WC="0.51" CC="0756"/>
						<SP ID="P157_SP00016" HPOS="684" VPOS="359" WIDTH="15"/>
						<String ID="P157_ST00020" HPOS="699" VPOS="319" WIDTH="89" HEIGHT="40" CONTENT="again" WC="0.85" CC="00007"/>
						<SP ID="P157_SP00017" HPOS="788" VPOS="359" WIDTH="15"/>
						<String ID="P157_ST00021" HPOS="803" VPOS="319" WIDTH="39" HEIGHT="29" CONTENT="all" WC="0.56" CC="840"/>
					</TextLine>
					<TextLine ID="P157_TL00006" HPOS="80" VPOS="388" WIDTH="762" HEIGHT="41">
						<String ID="P157_ST00022" HPOS="80" VPOS="398" WIDTH="56" HEIGHT="20" CONTENT="one" WC="0.65" CC="460"/>
						<SP ID="P157_SP00018" HPOS="136" VPOS="418" WIDTH="16"/>
						<String ID="P157_ST00023" HPOS="152" VPOS="388" WIDTH="100" HEIGHT="39" CONTENT="blush," WC="0.45" CC="737473"/>
						<SP ID="P157_SP00019" HPOS="252" VPOS="427" WIDTH="19"/>
						<String ID="P157_ST00024" HPOS="271" VPOS="390" WIDTH="60" HEIGHT="29" CONTENT="and" WC="0.77" CC="060"/>
						<SP ID="P157_SP00020" HPOS="331" VPOS="427" WIDTH="14"/>
						<String ID="P157_ST00025" HPOS="345" VPOS="389" WIDTH="128" HEIGHT="40" CONTENT="panting" WC="0.65" CC="9070070"/>
						<SP ID="P157_SP00021" HPOS="473" VPOS="429" WIDTH="15"/>
						<String ID="P157_ST00026" HPOS="488" VPOS="389" WIDTH="76" HEIGHT="31" CONTENT="with" WC="0.49" CC="9207"/>
						<SP ID="P157_SP00022" HPOS="564" VPOS="429" WIDTH="13"/>
						<String ID="P157_ST00027" HPOS="577" VPOS="392" WIDTH="97" HEIGHT="27" CONTENT="terror" WC="0.81" CC="001405"/>
						<SP ID="P157_SP00023" HPOS="674" VPOS="429" WIDTH="14"/>
						<String ID="P157_ST00028" HPOS="688" VPOS="389" WIDTH="60" HEIGHT="29" CONTENT="and" WC="0.79" CC="060"/>
						<SP ID="P157_SP00024" HPOS="748" VPOS="429" WIDTH="15"/>
						<String ID="P157_ST00029" HPOS="763" VPOS="398" WIDTH="79" HEIGHT="20" CONTENT="emo" SUBS_TYPE="HypPart1" SUBS_CONTENT="emotion." WC="1.00" CC="0000"/>
						<HYP CONTENT="-"/>
					</TextLine>
					<TextLine ID="P157_TL00007" HPOS="80" VPOS="456" WIDTH="762" HEIGHT="32">
						<String ID="P157_ST00030" HPOS="80" VPOS="456" WIDTH="75" HEIGHT="30" CONTENT="tion." SUBS_TYPE="HypPart2" SUBS_CONTENT="emotion." WC="0.76" CC="00173"/>
						<SP ID="P157_SP00025" HPOS="155" VPOS="486" WIDTH="59"/>
						<String ID="P157_ST00031" HPOS="214" VPOS="459" WIDTH="18" HEIGHT="16" CONTENT='"' WC="0.57" CC="4"/>
						<SP ID="P157_SP00026" HPOS="232" VPOS="486" WIDTH="13"/>
						<String ID="P157_ST00032" HPOS="245" VPOS="458" WIDTH="96" HEIGHT="30" CONTENT="What" WC="0.81" CC="0700"/>
						<SP ID="P157_SP00027" HPOS="341" VPOS="488" WIDTH="29"/>
						<String ID="P157_ST00033" HPOS="370" VPOS="458" WIDTH="64" HEIGHT="30" CONTENT="wi\l" WC="0.32" CC="7676"/>
						<SP ID="P157_SP00028" HPOS="434" VPOS="488" WIDTH="28"/>
						<String ID="P157_ST00034" HPOS="462" VPOS="458" WIDTH="122" HEIGHT="29" CONTENT="become" WC="0.71" CC="700071"/>
						<SP ID="P157_SP00029" HPOS="584" VPOS="488" WIDTH="30"/>
						<String ID="P157_ST00035" HPOS="614" VPOS="457" WIDTH="33" HEIGHT="30" CONTENT="of" WC="1.00" CC="00"/>
						<SP ID="P157_SP00030" HPOS="647" VPOS="488" WIDTH="25"/>
						<String ID="P157_ST00036" HPOS="672" VPOS="467" WIDTH="37" HEIGHT="19" CONTENT="us" WC="0.38" CC="65"/>
						<SP ID="P157_SP00031" HPOS="709" VPOS="488" WIDTH="14"/>
						<String ID="P157_ST00037" HPOS="723" VPOS="457" WIDTH="6" HEIGHT="30" CONTENT="!" WC="0.78" CC="2"/>
						<String ID="P157_ST00038" HPOS="742" VPOS="457" WIDTH="17" HEIGHT="15" CONTENT='"' WC="0.63" CC="3"/>
						<SP ID="P157_SP00032" HPOS="759" VPOS="488" WIDTH="31"/>
						<String ID="P157_ST00039" HPOS="790" VPOS="457" WIDTH="52" HEIGHT="29" CONTENT="she" WC="0.58" CC="470"/>
					</TextLine>
					<TextLine ID="P157_TL00008" HPOS="80" VPOS="525" WIDTH="760" HEIGHT="40">
						<String ID="P157_ST00040" HPOS="80" VPOS="525" WIDTH="83" HEIGHT="31" CONTENT="cried" WC="0.86" CC="06000"/>
						<SP ID="P157_SP00033" HPOS="163" VPOS="556" WIDTH="13"/>
						<String ID="P157_ST00041" HPOS="176" VPOS="536" WIDTH="7" HEIGHT="29" CONTENT=";" WC="1.00" CC="0"/>
						<SP ID="P157_SP00034" HPOS="183" VPOS="565" WIDTH="24"/>
						<String ID="P157_ST00042" HPOS="207" VPOS="526" WIDTH="61" HEIGHT="30" CONTENT="and" WC="0.75" CC="070"/>
						<SP ID="P157_SP00035" HPOS="268" VPOS="565" WIDTH="13"/>
						<String ID="P157_ST00043" HPOS="281" VPOS="525" WIDTH="77" HEIGHT="32" CONTENT="with" WC="0.65" CC="0247"/>
						<SP ID="P157_SP00036" HPOS="358" VPOS="565" WIDTH="14"/>
						<String ID="P157_ST00044" HPOS="372" VPOS="536" WIDTH="18" HEIGHT="20" CONTENT="a" WC="0.42" CC="5"/>
						<SP ID="P157_SP00037" HPOS="390" VPOS="565" WIDTH="16"/>
						<String ID="P157_ST00045" HPOS="406" VPOS="526" WIDTH="124" HEIGHT="38" CONTENT="sudden," WC="0.65" CC="6700054"/>
						<SP ID="P157_SP00038" HPOS="530" VPOS="565" WIDTH="14"/>
						<String ID="P157_ST00046" HPOS="544" VPOS="525" WIDTH="143" HEIGHT="31" CONTENT="chUdlike" WC="0.53" CC="37790160"/>
						<SP ID="P157_SP00039" HPOS="687" VPOS="565" WIDTH="16"/>
						<String ID="P157_ST00047" HPOS="703" VPOS="525" WIDTH="137" HEIGHT="39" CONTENT="impulse," WC="0.83" CC="00032600"/>
					</TextLine>
					<TextLine ID="P157_TL00009" HPOS="80" VPOS="595" WIDTH="760" HEIGHT="40">
						<String ID="P157_ST00048" HPOS="80" VPOS="595" WIDTH="55" HEIGHT="29" CONTENT="she" WC="0.52" CC="670"/>
						<SP ID="P157_SP00040" HPOS="135" VPOS="624" WIDTH="15"/>
						<String ID="P157_ST00049" HPOS="150" VPOS="595" WIDTH="54" HEIGHT="29" CONTENT="hid" WC="0.63" CC="730"/>
						<SP ID="P157_SP00041" HPOS="204" VPOS="624" WIDTH="21"/>
						<String ID="P157_ST00050" HPOS="225" VPOS="596" WIDTH="56" HEIGHT="29" CONTENT="her" WC="0.64" CC="703"/>
						<SP ID="P157_SP00042" HPOS="281" VPOS="625" WIDTH="21"/>
						<String ID="P157_ST00051" HPOS="302" VPOS="596" WIDTH="65" HEIGHT="29" CONTENT="face" WC="0.81" CC="4020"/>
						<SP ID="P157_SP00043" HPOS="367" VPOS="625" WIDTH="14"/>
						<String ID="P157_ST00052" HPOS="381" VPOS="607" WIDTH="83" HEIGHT="28" CONTENT="upon" WC="0.57" CC="7027"/>
						<SP ID="P157_SP00044" HPOS="464" VPOS="635" WIDTH="20"/>
						<String ID="P157_ST00053" HPOS="484" VPOS="597" WIDTH="55" HEIGHT="28" CONTENT="her" WC="0.75" CC="700"/>
						<SP ID="P157_SP00045" HPOS="539" VPOS="635" WIDTH="21"/>
						<String ID="P157_ST00054" HPOS="560" VPOS="596" WIDTH="109" HEIGHT="30" CONTENT="lover's" WC="0.79" CC="0200507"/>
						<SP ID="P157_SP00046" HPOS="669" VPOS="635" WIDTH="23"/>
						<String ID="P157_ST00055" HPOS="692" VPOS="596" WIDTH="148" HEIGHT="37" CONTENT="shoulder," WC="0.59" CC="670729003"/>
					</TextLine>
					<TextLine ID="P157_TL00010" HPOS="81" VPOS="665" WIDTH="346" HEIGHT="30">
						<String ID="P157_ST00056" HPOS="81" VPOS="666" WIDTH="60" HEIGHT="29" CONTENT="and" WC="0.81" CC="050"/>
						<SP ID="P157_SP00047" HPOS="141" VPOS="695" WIDTH="15"/>
						<String ID="P157_ST00057" HPOS="156" VPOS="665" WIDTH="88" HEIGHT="30" CONTENT="burst" WC="0.61" CC="70650"/>
						<SP ID="P157_SP00048" HPOS="244" VPOS="695" WIDTH="14"/>
						<String ID="P157_ST00058" HPOS="258" VPOS="665" WIDTH="65" HEIGHT="30" CONTENT="into" WC="0.69" CC="0740"/>
						<SP ID="P157_SP00049" HPOS="323" VPOS="695" WIDTH="16"/>
						<String ID="P157_ST00059" HPOS="339" VPOS="669" WIDTH="88" HEIGHT="26" CONTENT="tears." WC="0.86" CC="000340"/>
					</TextLine>
				</TextBlock>
				<TextBlock ID="P157_TB00005" HPOS="78" VPOS="734" WIDTH="765" HEIGHT="729" STYLEREFS="TXT_1 PAR_LEFT">
					<TextLine ID="P157_TL00011" HPOS="125" VPOS="734" WIDTH="718" HEIGHT="40">
						<String ID="P157_ST00060" HPOS="125" VPOS="734" WIDTH="117" HEIGHT="40" CONTENT="Gently" WC="0.68" CC="707400"/>
						<SP ID="P157_SP00050" HPOS="242" VPOS="774" WIDTH="26"/>
						<String ID="P157_ST00061" HPOS="268" VPOS="745" WIDTH="32" HEIGHT="19" CONTENT="as" WC="0.66" CC="06"/>
						<SP ID="P157_SP00051" HPOS="300" VPOS="774" WIDTH="26"/>
						<String ID="P157_ST00062" HPOS="326" VPOS="745" WIDTH="17" HEIGHT="18" CONTENT="a" WC="1.00" CC="0"/>
						<SP ID="P157_SP00052" HPOS="343" VPOS="774" WIDTH="25"/>
						<String ID="P157_ST00063" HPOS="368" VPOS="735" WIDTH="119" HEIGHT="29" CONTENT="mother" WC="0.70" CC="006704"/>
						<SP ID="P157_SP00053" HPOS="487" VPOS="774" WIDTH="25"/>
						<String ID="P157_ST00064" HPOS="512" VPOS="735" WIDTH="78" HEIGHT="29" CONTENT="stills" WC="0.68" CC="631024"/>
						<SP ID="P157_SP00054" HPOS="590" VPOS="774" WIDTH="23"/>
						<String ID="P157_ST00065" HPOS="613" VPOS="735" WIDTH="54" HEIGHT="29" CONTENT="her" WC="0.51" CC="715"/>
						<SP ID="P157_SP00055" HPOS="667" VPOS="774" WIDTH="25"/>
						<String ID="P157_ST00066" HPOS="692" VPOS="735" WIDTH="77" HEIGHT="29" CONTENT="babe" WC="0.63" CC="7070"/>
						<SP ID="P157_SP00056" HPOS="769" VPOS="774" WIDTH="23"/>
						<String ID="P157_ST00067" HPOS="792" VPOS="734" WIDTH="51" HEIGHT="29" CONTENT="did" WC="0.68" CC="009"/>
					</TextLine>
					<TextLine ID="P157_TL00012" HPOS="81" VPOS="803" WIDTH="761" HEIGHT="40">
						<String ID="P157_ST00068" HPOS="81" VPOS="803" WIDTH="100" HEIGHT="30" CONTENT="Raoul" WC="0.67" CC="70071"/>
						<SP ID="P157_SP00057" HPOS="181" VPOS="833" WIDTH="26"/>
						<String ID="P157_ST00069" HPOS="207" VPOS="803" WIDTH="94" HEIGHT="30" CONTENT="strive" WC="0.74" CC="607100"/>
						<SP ID="P157_SP00058" HPOS="301" VPOS="833" WIDTH="29"/>
						<String ID="P157_ST00070" HPOS="330" VPOS="806" WIDTH="32" HEIGHT="27" CONTENT="to" WC="0.95" CC="00"/>
						<SP ID="P157_SP00059" HPOS="362" VPOS="833" WIDTH="27"/>
						<String ID="P157_ST00071" HPOS="389" VPOS="803" WIDTH="77" HEIGHT="30" CONTENT="calm" WC="0.79" CC="4040"/>
						<SP ID="P157_SP00060" HPOS="466" VPOS="833" WIDTH="25"/>
						<String ID="P157_ST00072" HPOS="491" VPOS="804" WIDTH="59" HEIGHT="29" CONTENT="and" WC="0.75" CC="070"/>
						<SP ID="P157_SP00061" HPOS="550" VPOS="833" WIDTH="25"/>
						<String ID="P157_ST00073" HPOS="575" VPOS="803" WIDTH="102" HEIGHT="40" CONTENT="pacify" WC="0.84" CC="005400"/>
						<SP ID="P157_SP00062" HPOS="677" VPOS="843" WIDTH="25"/>
						<String ID="P157_ST00074" HPOS="702" VPOS="803" WIDTH="140" HEIGHT="30" CONTENT="Vevette." WC="0.72" CC="70700700"/>
					</TextLine>
					<TextLine ID="P157_TL00013" HPOS="84" VPOS="871" WIDTH="759" HEIGHT="41">
						<String ID="P157_ST00075" HPOS="84" VPOS="873" WIDTH="18" HEIGHT="16" CONTENT='"' WC="0.55" CC="4"/>
						<SP ID="P157_SP00063" HPOS="102" VPOS="889" WIDTH="13"/>
						<String ID="P157_ST00076" HPOS="115" VPOS="872" WIDTH="58" HEIGHT="40" CONTENT="My" WC="1.00" CC="00"/>
						<SP ID="P157_SP00064" HPOS="173" VPOS="912" WIDTH="23"/>
						<String ID="P157_ST00077" HPOS="196" VPOS="882" WIDTH="76" HEIGHT="30" CONTENT="very" WC="0.91" CC="0030"/>
						<SP ID="P157_SP00065" HPOS="272" VPOS="912" WIDTH="27"/>
						<String ID="P157_ST00078" HPOS="299" VPOS="872" WIDTH="99" HEIGHT="38" CONTENT='own,"' WC="0.77" CC="00704"/>
						<SP ID="P157_SP00066" HPOS="398" VPOS="912" WIDTH="25"/>
						<String ID="P157_ST00079" HPOS="423" VPOS="871" WIDTH="65" HEIGHT="30" CONTENT="said" WC="0.79" CC="6010"/>
						<SP ID="P157_SP00067" HPOS="488" VPOS="912" WIDTH="25"/>
						<String ID="P157_ST00080" HPOS="513" VPOS="872" WIDTH="47" HEIGHT="38" CONTENT="he," WC="0.60" CC="704"/>
						<SP ID="P157_SP00068" HPOS="560" VPOS="912" WIDTH="25"/>
						<String ID="P157_ST00081" HPOS="585" VPOS="872" WIDTH="91" HEIGHT="30" CONTENT="when" WC="0.37" CC="9707"/>
						<SP ID="P157_SP00069" HPOS="676" VPOS="912" WIDTH="24"/>
						<String ID="P157_ST00082" HPOS="700" VPOS="872" WIDTH="52" HEIGHT="29" CONTENT="the" WC="0.75" CC="070"/>
						<SP ID="P157_SP00070" HPOS="752" VPOS="912" WIDTH="26"/>
						<String ID="P157_ST00083" HPOS="778" VPOS="872" WIDTH="65" HEIGHT="29" CONTENT="first" WC="0.90" CC="11020"/>
					</TextLine>
					<TextLine ID="P157_TL00014" HPOS="80" VPOS="939" WIDTH="762" HEIGHT="42">
						<String ID="P157_ST00084" HPOS="80" VPOS="951" WIDTH="165" HEIGHT="30" CONTENT="paroxysm" WC="0.83" CC="00600070"/>
						<SP ID="P157_SP00071" HPOS="245" VPOS="981" WIDTH="15"/>
						<String ID="P157_ST00085" HPOS="260" VPOS="951" WIDTH="63" HEIGHT="20" CONTENT="was" WC="0.80" CC="005"/>
						<SP ID="P157_SP00072" HPOS="323" VPOS="981" WIDTH="21"/>
						<String ID="P157_ST00086" HPOS="344" VPOS="951" WIDTH="79" HEIGHT="27" CONTENT="over," WC="0.73" CC="30063"/>
						<SP ID="P157_SP00073" HPOS="423" VPOS="981" WIDTH="21"/>
						<String ID="P157_ST00087" HPOS="444" VPOS="942" WIDTH="18" HEIGHT="15" CONTENT='"' WC="0.55" CC="4"/>
						<SP ID="P157_SP00074" HPOS="462" VPOS="981" WIDTH="10"/>
						<String ID="P157_ST00088" HPOS="472" VPOS="940" WIDTH="28" HEIGHT="30" CONTENT="if" WC="1.00" CC="00"/>
						<SP ID="P157_SP00075" HPOS="500" VPOS="981" WIDTH="19"/>
						<String ID="P157_ST00089" HPOS="519" VPOS="950" WIDTH="62" HEIGHT="31" CONTENT="you" WC="0.76" CC="007"/>
						<SP ID="P157_SP00076" HPOS="581" VPOS="981" WIDTH="14"/>
						<String ID="P157_ST00090" HPOS="595" VPOS="939" WIDTH="65" HEIGHT="32" CONTENT="will" WC="0.80" CC="0520"/>
						<SP ID="P157_SP00077" HPOS="660" VPOS="981" WIDTH="18"/>
						<String ID="P157_ST00091" HPOS="678" VPOS="939" WIDTH="102" HEIGHT="31" CONTENT="foUow" WC="0.85" CC="00700"/>
						<SP ID="P157_SP00078" HPOS="780" VPOS="981" WIDTH="12"/>
						<String ID="P157_ST00092" HPOS="792" VPOS="950" WIDTH="50" HEIGHT="30" CONTENT="my" WC="1.00" CC="00"/>
					</TextLine>
					<TextLine ID="P157_TL00015" HPOS="80" VPOS="1008" WIDTH="761" HEIGHT="42">
						<String ID="P157_ST00093" HPOS="80" VPOS="1010" WIDTH="147" HEIGHT="38" CONTENT="counsels," WC="0.66" CC="004760074"/>
						<SP ID="P157_SP00079" HPOS="227" VPOS="1048" WIDTH="18"/>
						<String ID="P157_ST00094" HPOS="245" VPOS="1010" WIDTH="61" HEIGHT="29" CONTENT="and" WC="0.58" CC="075"/>
						<SP ID="P157_SP00080" HPOS="306" VPOS="1048" WIDTH="14"/>
						<String ID="P157_ST00095" HPOS="320" VPOS="1009" WIDTH="28" HEIGHT="30" CONTENT="if" WC="0.85" CC="20"/>
						<SP ID="P157_SP00081" HPOS="348" VPOS="1048" WIDTH="18"/>
						<String ID="P157_ST00096" HPOS="366" VPOS="1020" WIDTH="62" HEIGHT="30" CONTENT="you" WC="0.76" CC="007"/>
						<SP ID="P157_SP00082" HPOS="428" VPOS="1050" WIDTH="15"/>
						<String ID="P157_ST00097" HPOS="443" VPOS="1019" WIDTH="56" HEIGHT="20" CONTENT="can" WC="0.78" CC="006"/>
						<SP ID="P157_SP00083" HPOS="499" VPOS="1050" WIDTH="21"/>
						<String ID="P157_ST00098" HPOS="520" VPOS="1009" WIDTH="66" HEIGHT="40" CONTENT="rely" WC="0.84" CC="6000"/>
						<SP ID="P157_SP00084" HPOS="586" VPOS="1050" WIDTH="15"/>
						<String ID="P157_ST00099" HPOS="601" VPOS="1019" WIDTH="82" HEIGHT="29" CONTENT="upon" WC="0.65" CC="6016"/>
						<SP ID="P157_SP00085" HPOS="683" VPOS="1050" WIDTH="15"/>
						<String ID="P157_ST00100" HPOS="698" VPOS="1008" WIDTH="143" HEIGHT="41" CONTENT="yourself," WC="0.80" CC="006610003"/>
					</TextLine>
					<TextLine ID="P157_TL00016" HPOS="79" VPOS="1077" WIDTH="764" HEIGHT="40">
						<String ID="P157_ST00101" HPOS="79" VPOS="1079" WIDTH="40" HEIGHT="29" CONTENT="all" WC="0.94" CC="010"/>
						<SP ID="P157_SP00086" HPOS="119" VPOS="1108" WIDTH="16"/>
						<String ID="P157_ST00102" HPOS="135" VPOS="1078" WIDTH="65" HEIGHT="31" CONTENT="will" WC="0.92" CC="0002"/>
						<SP ID="P157_SP00087" HPOS="200" VPOS="1109" WIDTH="22"/>
						<String ID="P157_ST00103" HPOS="222" VPOS="1088" WIDTH="83" HEIGHT="20" CONTENT="come" WC="1.00" CC="0000"/>
						<SP ID="P157_SP00088" HPOS="305" VPOS="1109" WIDTH="22"/>
						<String ID="P157_ST00104" HPOS="327" VPOS="1077" WIDTH="93" HEIGHT="40" CONTENT="right." WC="0.84" CC="100700"/>
						<SP ID="P157_SP00089" HPOS="420" VPOS="1117" WIDTH="47"/>
						<String ID="P157_ST00105" HPOS="467" VPOS="1077" WIDTH="82" HEIGHT="40" CONTENT="Only" WC="0.65" CC="6600"/>
						<SP ID="P157_SP00090" HPOS="549" VPOS="1117" WIDTH="26"/>
						<String ID="P157_ST00106" HPOS="575" VPOS="1088" WIDTH="117" HEIGHT="20" CONTENT="answer" WC="0.68" CC="665000"/>
						<SP ID="P157_SP00091" HPOS="692" VPOS="1117" WIDTH="21"/>
						<String ID="P157_ST00107" HPOS="713" VPOS="1088" WIDTH="47" HEIGHT="18" CONTENT="me" WC="0.70" CC="06"/>
						<SP ID="P157_SP00092" HPOS="760" VPOS="1117" WIDTH="22"/>
						<String ID="P157_ST00108" HPOS="782" VPOS="1080" WIDTH="61" HEIGHT="27" CONTENT="two" WC="0.98" CC="000"/>
					</TextLine>
					<TextLine ID="P157_TL00017" HPOS="80" VPOS="1146" WIDTH="763" HEIGHT="42">
						<String ID="P157_ST00109" HPOS="80" VPOS="1148" WIDTH="165" HEIGHT="39" CONTENT="questions," WC="0.61" CC="0706042754"/>
						<SP ID="P157_SP00093" HPOS="245" VPOS="1187" WIDTH="24"/>
						<String ID="P157_ST00110" HPOS="269" VPOS="1147" WIDTH="48" HEIGHT="30" CONTENT="Do" WC="1.00" CC="00"/>
						<SP ID="P157_SP00094" HPOS="317" VPOS="1187" WIDTH="17"/>
						<String ID="P157_ST00111" HPOS="334" VPOS="1157" WIDTH="61" HEIGHT="31" CONTENT="you" WC="0.70" CC="017"/>
						<SP ID="P157_SP00095" HPOS="395" VPOS="1188" WIDTH="22"/>
						<String ID="P157_ST00112" HPOS="417" VPOS="1147" WIDTH="68" HEIGHT="30" CONTENT="love" WC="0.83" CC="0060"/>
						<SP ID="P157_SP00096" HPOS="485" VPOS="1188" WIDTH="22"/>
						<String ID="P157_ST00113" HPOS="507" VPOS="1156" WIDTH="57" HEIGHT="29" CONTENT="me," WC="0.86" CC="004"/>
						<SP ID="P157_SP00097" HPOS="564" VPOS="1188" WIDTH="18"/>
						<String ID="P157_ST00114" HPOS="582" VPOS="1146" WIDTH="132" HEIGHT="31" CONTENT="Vevette" WC="0.86" CC="7000010"/>
						<SP ID="P157_SP00098" HPOS="714" VPOS="1188" WIDTH="12"/>
						<String ID="P157_ST00115" HPOS="726" VPOS="1146" WIDTH="14" HEIGHT="30" CONTENT="?" WC="0.26" CC="7"/>
						<SP ID="P157_SP00099" HPOS="740" VPOS="1188" WIDTH="10"/>
						<String ID="P157_ST00116" HPOS="750" VPOS="1146" WIDTH="16" HEIGHT="14" CONTENT='"' WC="0.50" CC="4"/>
						<SP ID="P157_SP00100" HPOS="766" VPOS="1188" WIDTH="18"/>
						<String ID="P157_ST00117" HPOS="784" VPOS="1146" WIDTH="59" HEIGHT="30" CONTENT="and" WC="0.49" CC="077"/>
					</TextLine>
					<TextLine ID="P157_TL00018" HPOS="79" VPOS="1215" WIDTH="764" HEIGHT="39">
						<String ID="P157_ST00118" HPOS="79" VPOS="1227" WIDTH="33" HEIGHT="20" CONTENT="as" WC="0.64" CC="07"/>
						<SP ID="P157_SP00101" HPOS="112" VPOS="1247" WIDTH="22"/>
						<String ID="P157_ST00119" HPOS="134" VPOS="1217" WIDTH="39" HEIGHT="29" CONTENT="he" WC="0.62" CC="70"/>
						<SP ID="P157_SP00102" HPOS="173" VPOS="1247" WIDTH="22"/>
						<String ID="P157_ST00120" HPOS="195" VPOS="1217" WIDTH="122" HEIGHT="29" CONTENT="uttered" WC="0.74" CC="6400410"/>
						<SP ID="P157_SP00103" HPOS="317" VPOS="1247" WIDTH="21"/>
						<String ID="P157_ST00121" HPOS="338" VPOS="1216" WIDTH="52" HEIGHT="30" CONTENT="the" WC="0.74" CC="070"/>
						<SP ID="P157_SP00104" HPOS="390" VPOS="1247" WIDTH="22"/>
						<String ID="P157_ST00122" HPOS="412" VPOS="1216" WIDTH="107" HEIGHT="38" CONTENT="words," WC="0.79" CC="003053"/>
						<SP ID="P157_SP00105" HPOS="519" VPOS="1254" WIDTH="25"/>
						<String ID="P157_ST00123" HPOS="544" VPOS="1216" WIDTH="38" HEIGHT="29" CONTENT="he" WC="0.46" CC="73"/>
						<SP ID="P157_SP00106" HPOS="582" VPOS="1254" WIDTH="22"/>
						<String ID="P157_ST00124" HPOS="604" VPOS="1215" WIDTH="110" HEIGHT="30" CONTENT="looked" WC="0.77" CC="034500"/>
						<SP ID="P157_SP00107" HPOS="714" VPOS="1254" WIDTH="21"/>
						<String ID="P157_ST00125" HPOS="735" VPOS="1219" WIDTH="31" HEIGHT="26" CONTENT="at" WC="1.00" CC="00"/>
						<SP ID="P157_SP00108" HPOS="766" VPOS="1254" WIDTH="22"/>
						<String ID="P157_ST00126" HPOS="788" VPOS="1215" WIDTH="55" HEIGHT="29" CONTENT="her" WC="0.57" CC="705"/>
					</TextLine>
					<TextLine ID="P157_TL00019" HPOS="80" VPOS="1285" WIDTH="762" HEIGHT="40">
						<String ID="P157_ST00127" HPOS="80" VPOS="1286" WIDTH="77" HEIGHT="30" CONTENT="with" WC="0.55" CC="0547"/>
						<SP ID="P157_SP00109" HPOS="157" VPOS="1316" WIDTH="21"/>
						<String ID="P157_ST00128" HPOS="178" VPOS="1285" WIDTH="49" HEIGHT="30" CONTENT="his" WC="0.53" CC="706"/>
						<SP ID="P157_SP00110" HPOS="227" VPOS="1316" WIDTH="14"/>
						<String ID="P157_ST00129" HPOS="241" VPOS="1286" WIDTH="98" HEIGHT="30" CONTENT="whole" WC="0.75" CC="07400"/>
						<SP ID="P157_SP00111" HPOS="339" VPOS="1316" WIDTH="23"/>
						<String ID="P157_ST00130" HPOS="362" VPOS="1286" WIDTH="66" HEIGHT="29" CONTENT="soul" WC="0.64" CC="7070"/>
						<SP ID="P157_SP00112" HPOS="428" VPOS="1316" WIDTH="22"/>
						<String ID="P157_ST00131" HPOS="450" VPOS="1285" WIDTH="33" HEIGHT="30" CONTENT="in" WC="0.63" CC="07"/>
						<SP ID="P157_SP00113" HPOS="483" VPOS="1316" WIDTH="21"/>
						<String ID="P157_ST00132" HPOS="504" VPOS="1285" WIDTH="48" HEIGHT="30" CONTENT="his" WC="0.64" CC="703"/>
						<SP ID="P157_SP00114" HPOS="552" VPOS="1316" WIDTH="15"/>
						<String ID="P157_ST00133" HPOS="567" VPOS="1295" WIDTH="80" HEIGHT="30" CONTENT="eyes." WC="0.86" CC="00060"/>
						<SP ID="P157_SP00115" HPOS="647" VPOS="1325" WIDTH="46"/>
						<String ID="P157_ST00134" HPOS="693" VPOS="1285" WIDTH="59" HEIGHT="30" CONTENT="She" WC="0.53" CC="670"/>
						<SP ID="P157_SP00116" HPOS="752" VPOS="1325" WIDTH="15"/>
						<String ID="P157_ST00135" HPOS="767" VPOS="1295" WIDTH="75" HEIGHT="29" CONTENT="gave" WC="0.83" CC="0060"/>
					</TextLine>
					<TextLine ID="P157_TL00020" HPOS="80" VPOS="1353" WIDTH="762" HEIGHT="42">
						<String ID="P157_ST00136" HPOS="80" VPOS="1366" WIDTH="38" HEIGHT="19" CONTENT="no" WC="0.41" CC="74"/>
						<SP ID="P157_SP00117" HPOS="118" VPOS="1385" WIDTH="27"/>
						<String ID="P157_ST00137" HPOS="145" VPOS="1355" WIDTH="88" HEIGHT="40" CONTENT="reply" WC="0.79" CC="50050"/>
						<SP ID="P157_SP00118" HPOS="233" VPOS="1395" WIDTH="25"/>
						<String ID="P157_ST00138" HPOS="258" VPOS="1354" WIDTH="33" HEIGHT="30" CONTENT="in" WC="0.63" CC="07"/>
						<SP ID="P157_SP00119" HPOS="291" VPOS="1395" WIDTH="25"/>
						<String ID="P157_ST00139" HPOS="316" VPOS="1355" WIDTH="107" HEIGHT="37" CONTENT="words," WC="0.75" CC="004073"/>
						<SP ID="P157_SP00120" HPOS="423" VPOS="1395" WIDTH="28"/>
						<String ID="P157_ST00140" HPOS="451" VPOS="1354" WIDTH="57" HEIGHT="30" CONTENT="but" WC="0.50" CC="770"/>
						<SP ID="P157_SP00121" HPOS="508" VPOS="1395" WIDTH="25"/>
						<String ID="P157_ST00141" HPOS="533" VPOS="1364" WIDTH="33" HEIGHT="20" CONTENT="as" WC="0.67" CC="06"/>
						<SP ID="P157_SP00122" HPOS="566" VPOS="1395" WIDTH="25"/>
						<String ID="P157_ST00142" HPOS="591" VPOS="1355" WIDTH="55" HEIGHT="29" CONTENT="her" WC="0.66" CC="702"/>
						<SP ID="P157_SP00123" HPOS="646" VPOS="1395" WIDTH="25"/>
						<String ID="P157_ST00143" HPOS="671" VPOS="1364" WIDTH="71" HEIGHT="30" CONTENT="eyes" WC="0.84" CC="0006"/>
						<SP ID="P157_SP00124" HPOS="742" VPOS="1395" WIDTH="26"/>
						<String ID="P157_ST00144" HPOS="768" VPOS="1353" WIDTH="74" HEIGHT="29" CONTENT="sank" WC="0.38" CC="7079"/>
					</TextLine>
					<TextLine ID="P157_TL00021" HPOS="79" VPOS="1421" WIDTH="763" HEIGHT="42">
						<String ID="P157_ST00145" HPOS="79" VPOS="1425" WIDTH="103" HEIGHT="30" CONTENT="before" WC="0.70" CC="520260"/>
						<SP ID="P157_SP00125" HPOS="182" VPOS="1455" WIDTH="24"/>
						<String ID="P157_ST00146" HPOS="206" VPOS="1424" WIDTH="56" HEIGHT="39" CONTENT="his," WC="0.41" CC="7554"/>
						<SP ID="P157_SP00126" HPOS="262" VPOS="1463" WIDTH="28"/>
						<String ID="P157_ST00147" HPOS="290" VPOS="1424" WIDTH="53" HEIGHT="29" CONTENT="she" WC="0.52" CC="670"/>
						<SP ID="P157_SP00127" HPOS="343" VPOS="1463" WIDTH="26"/>
						<String ID="P157_ST00148" HPOS="369" VPOS="1423" WIDTH="91" HEIGHT="40" CONTENT="again" WC="0.65" CC="09007"/>
						<SP ID="P157_SP00128" HPOS="460" VPOS="1463" WIDTH="24"/>
						<String ID="P157_ST00149" HPOS="484" VPOS="1423" WIDTH="54" HEIGHT="30" CONTENT="hid" WC="0.69" CC="702"/>
						<SP ID="P157_SP00129" HPOS="538" VPOS="1463" WIDTH="22"/>
						<String ID="P157_ST00150" HPOS="560" VPOS="1424" WIDTH="55" HEIGHT="29" CONTENT="her" WC="0.51" CC="707"/>
						<SP ID="P157_SP00130" HPOS="615" VPOS="1463" WIDTH="24"/>
						<String ID="P157_ST00151" HPOS="639" VPOS="1423" WIDTH="65" HEIGHT="30" CONTENT="face" WC="1.00" CC="0000"/>
						<SP ID="P157_SP00131" HPOS="704" VPOS="1463" WIDTH="27"/>
						<String ID="P157_ST00152" HPOS="731" VPOS="1432" WIDTH="38" HEIGHT="20" CONTENT="on" WC="0.55" CC="17"/>
						<SP ID="P157_SP00132" HPOS="769" VPOS="1463" WIDTH="25"/>
						<String ID="P157_ST00153" HPOS="794" VPOS="1421" WIDTH="48" HEIGHT="30" CONTENT="his" WC="0.54" CC="706"/>
					</TextLine>
				</TextBlock>
			</PrintSpace>
		</Page>
	</Layout>
</alto>
