<?xml version="1.0" encoding="UTF-8"?>
<alto xmlns:xsi="http://www.w3.org/2001/XMLSchema-instance" xsi:noNamespaceSchemaLocation="http://www.bl.uk/schemas/alto/alto-1-4.xsd" xmlns:xlink="http://www.w3.org/1999/xlink">
	<Description>
		<MeasurementUnit>mm10</MeasurementUnit>
		<sourceImageInformation>
			<fileName>//head1/IN/2007-46/A0010904365.1/000124.jp2</fileName>
		</sourceImageInformation>
		<OCRProcessing ID="OCRPROCESSING_1">
			<preProcessingStep>
				<processingSoftware>
					<softwareCreator>CCS Content Conversion Specialists GmbH, Germany</softwareCreator>
					<softwareName>CCS docWORKS</softwareName>
					<softwareVersion>6.1-0.62</softwareVersion>
				</processingSoftware>
			</preProcessingStep>
			<ocrProcessingStep>
				<processingSoftware>
					<softwareCreator>ABBYY (BIT Software), Russia</softwareCreator>
					<softwareName>Finereader</softwareName>
				</processingSoftware>
			</ocrProcessingStep>
		</OCRProcessing>
	</Description>
	<Styles>
		<TextStyle ID="TXT_0" FONTSIZE="10" FONTFAMILY="Courier New"/>
		<TextStyle ID="TXT_1" FONTSIZE="9" FONTFAMILY="Courier New"/>
		<ParagraphStyle ID="PAR_CENTER" ALIGN="Center"/>
		<ParagraphStyle ID="PAR_LEFT" ALIGN="Left"/>
	</Styles>
	<Layout>
		<Page ID="P110" PHYSICAL_IMG_NR="110" HEIGHT="1638" WIDTH="1019" POSITION="Left" ACCURACY="70.67">
			<TopMargin ID="P110_TM00001" HPOS="0" VPOS="0" WIDTH="1019" HEIGHT="522"/>
			<LeftMargin ID="P110_LM00001" HPOS="0" VPOS="522" WIDTH="122" HEIGHT="933"/>
			<RightMargin ID="P110_RM00001" HPOS="894" VPOS="522" WIDTH="125" HEIGHT="933"/>
			<BottomMargin ID="P110_BM00001" HPOS="0" VPOS="1455" WIDTH="1019" HEIGHT="183"/>
			<PrintSpace ID="P110_PS00001" HPOS="122" VPOS="522" WIDTH="772" HEIGHT="933">
				<TextBlock ID="P110_TB00001" HPOS="378" VPOS="522" WIDTH="259" HEIGHT="30" STYLEREFS="TXT_0 PAR_CENTER">
					<TextLine ID="P110_TL00001" HPOS="378" VPOS="523" WIDTH="259" HEIGHT="29">
						<String ID="P110_ST00001" HPOS="378" VPOS="524" WIDTH="200" HEIGHT="28" CONTENT="CHAPTER" WC="0.63" CC="4706007"/>
						<SP ID="P110_SP00001" HPOS="578" VPOS="552" WIDTH="22"/>
						<String ID="P110_ST00002" HPOS="600" VPOS="523" WIDTH="37" HEIGHT="29" CONTENT="V." WC="0.55" CC="71"/>
					</TextLine>
				</TextBlock>
				<TextBlock ID="P110_TB00002" HPOS="212" VPOS="623" WIDTH="585" HEIGHT="29" STYLEREFS="TXT_0 PAR_CENTER">
					<TextLine ID="P110_TL00002" HPOS="212" VPOS="623" WIDTH="585" HEIGHT="29">
						<String ID="P110_ST00003" HPOS="212" VPOS="633" WIDTH="77" HEIGHT="19" CONTENT="POOR" WC="0.63" CC="7007"/>
						<SP ID="P110_SP00002" HPOS="289" VPOS="652" WIDTH="23"/>
						<String ID="P110_ST00004" HPOS="312" VPOS="633" WIDTH="156" HEIGHT="19" CONTENT="MONSIEUR" WC="0.70" CC="81040350"/>
						<SP ID="P110_SP00003" HPOS="468" VPOS="652" WIDTH="23"/>
						<String ID="P110_ST00005" HPOS="491" VPOS="623" WIDTH="164" HEIGHT="29" CONTENT="RICHARD'S" WC="0.64" CC="900007706"/>
						<SP ID="P110_SP00004" HPOS="655" VPOS="652" WIDTH="23"/>
						<String ID="P110_ST00006" HPOS="678" VPOS="631" WIDTH="119" HEIGHT="21" CONTENT="RICHES." WC="0.56" CC="7056550"/>
					</TextLine>
				</TextBlock>
				<TextBlock ID="P110_TB00003" HPOS="122" VPOS="718" WIDTH="772" HEIGHT="737" STYLEREFS="TXT_1 PAR_LEFT">
					<TextLine ID="P110_TL00003" HPOS="124" VPOS="719" WIDTH="768" HEIGHT="44">
						<String ID="P110_ST00007" HPOS="124" VPOS="723" WIDTH="66" HEIGHT="30" CONTENT="The" WC="0.81" CC="013" STYLEREFS="TXT_0"/>
						<SP ID="P110_SP00005" HPOS="190" VPOS="753" WIDTH="24"/>
						<String ID="P110_ST00008" HPOS="214" VPOS="723" WIDTH="87" HEIGHT="31" CONTENT="effect" WC="0.95" CC="000002" STYLEREFS="TXT_0"/>
						<SP ID="P110_SP00006" HPOS="301" VPOS="754" WIDTH="25"/>
						<String ID="P110_ST00009" HPOS="326" VPOS="723" WIDTH="153" HEIGHT="40" CONTENT="produced" WC="0.84" CC="06006000" STYLEREFS="TXT_0"/>
						<SP ID="P110_SP00007" HPOS="479" VPOS="763" WIDTH="23"/>
						<String ID="P110_ST00010" HPOS="502" VPOS="723" WIDTH="42" HEIGHT="40" CONTENT="by" WC="0.63" CC="70" STYLEREFS="TXT_0"/>
						<SP ID="P110_SP00008" HPOS="544" VPOS="763" WIDTH="27"/>
						<String ID="P110_ST00011" HPOS="571" VPOS="723" WIDTH="76" HEIGHT="29" CONTENT="such" WC="0.47" CC="6707" STYLEREFS="TXT_0"/>
						<SP ID="P110_SP00009" HPOS="647" VPOS="763" WIDTH="22"/>
						<String ID="P110_ST00012" HPOS="669" VPOS="732" WIDTH="18" HEIGHT="19" CONTENT="a" WC="1.00" CC="0" STYLEREFS="TXT_0"/>
						<SP ID="P110_SP00010" HPOS="687" VPOS="763" WIDTH="14"/>
						<String ID="P110_ST00013" HPOS="701" VPOS="721" WIDTH="131" HEIGHT="40" CONTENT="tragedy" WC="0.74" CC="7460000" STYLEREFS="TXT_0"/>
						<SP ID="P110_SP00011" HPOS="832" VPOS="763" WIDTH="26"/>
						<String ID="P110_ST00014" HPOS="858" VPOS="719" WIDTH="34" HEIGHT="31" CONTENT="in" WC="0.50" CC="09" STYLEREFS="TXT_0"/>
					</TextLine>
					<TextLine ID="P110_TL00004" HPOS="123" VPOS="789" WIDTH="768" HEIGHT="44">
						<String ID="P110_ST00015" HPOS="123" VPOS="805" WIDTH="17" HEIGHT="17" CONTENT="a" WC="0.08" CC="9"/>
						<SP ID="P110_SP00012" HPOS="140" VPOS="822" WIDTH="14"/>
						<String ID="P110_ST00016" HPOS="154" VPOS="793" WIDTH="80" HEIGHT="30" CONTENT="little" WC="1.00" CC="000000"/>
						<SP ID="P110_SP00013" HPOS="234" VPOS="823" WIDTH="26"/>
						<String ID="P110_ST00017" HPOS="260" VPOS="794" WIDTH="84" HEIGHT="39" CONTENT="place" WC="0.88" CC="00050"/>
						<SP ID="P110_SP00014" HPOS="344" VPOS="833" WIDTH="23"/>
						<String ID="P110_ST00018" HPOS="367" VPOS="793" WIDTH="62" HEIGHT="29" CONTENT="like" WC="0.68" CC="3360"/>
						<SP ID="P110_SP00015" HPOS="429" VPOS="833" WIDTH="26"/>
						<String ID="P110_ST00019" HPOS="455" VPOS="793" WIDTH="29" HEIGHT="29" CONTENT="D" WC="0.25" CC="7"/>
						<SP ID="P110_SP00016" HPOS="484" VPOS="833" WIDTH="89"/>
						<String ID="P110_ST00020" HPOS="573" VPOS="816" WIDTH="6" HEIGHT="14" CONTENT="," WC="0.57" CC="4"/>
						<SP ID="P110_SP00017" HPOS="579" VPOS="833" WIDTH="19"/>
						<String ID="P110_ST00021" HPOS="598" VPOS="792" WIDTH="71" HEIGHT="30" CONTENT="does" WC="0.82" CC="0007"/>
						<SP ID="P110_SP00018" HPOS="669" VPOS="833" WIDTH="24"/>
						<String ID="P110_ST00022" HPOS="693" VPOS="794" WIDTH="55" HEIGHT="27" CONTENT="not" WC="0.70" CC="701"/>
						<SP ID="P110_SP00019" HPOS="748" VPOS="833" WIDTH="21"/>
						<String ID="P110_ST00023" HPOS="769" VPOS="789" WIDTH="122" HEIGHT="40" CONTENT="require" WC="0.67" CC="4007460"/>
					</TextLine>
					<TextLine ID="P110_TL00005" HPOS="123" VPOS="860" WIDTH="769" HEIGHT="42">
						<String ID="P110_ST00024" HPOS="123" VPOS="866" WIDTH="31" HEIGHT="27" CONTENT="to" WC="0.85" CC="02"/>
						<SP ID="P110_SP00020" HPOS="154" VPOS="893" WIDTH="15"/>
						<String ID="P110_ST00025" HPOS="169" VPOS="863" WIDTH="38" HEIGHT="30" CONTENT="be" WC="1.00" CC="00"/>
						<SP ID="P110_SP00021" HPOS="207" VPOS="893" WIDTH="16"/>
						<String ID="P110_ST00026" HPOS="223" VPOS="862" WIDTH="164" HEIGHT="31" CONTENT="described." WC="0.76" CC="0070537000"/>
						<SP ID="P110_SP00022" HPOS="387" VPOS="893" WIDTH="46"/>
						<String ID="P110_ST00027" HPOS="433" VPOS="862" WIDTH="60" HEIGHT="30" CONTENT="For" WC="0.66" CC="702"/>
						<SP ID="P110_SP00023" HPOS="493" VPOS="893" WIDTH="22"/>
						<String ID="P110_ST00028" HPOS="515" VPOS="865" WIDTH="117" HEIGHT="37" CONTENT="twenty" WC="0.83" CC="000720"/>
						<SP ID="P110_SP00024" HPOS="632" VPOS="902" WIDTH="16"/>
						<String ID="P110_ST00029" HPOS="648" VPOS="861" WIDTH="88" HEIGHT="30" CONTENT="miles" WC="0.66" CC="40407"/>
						<SP ID="P110_SP00025" HPOS="736" VPOS="902" WIDTH="15"/>
						<String ID="P110_ST00030" HPOS="751" VPOS="861" WIDTH="101" HEIGHT="30" CONTENT="round" WC="0.60" CC="50670"/>
						<SP ID="P110_SP00026" HPOS="852" VPOS="902" WIDTH="15"/>
						<String ID="P110_ST00031" HPOS="867" VPOS="860" WIDTH="25" HEIGHT="29" CONTENT="it" WC="0.71" CC="05"/>
					</TextLine>
					<TextLine ID="P110_TL00006" HPOS="124" VPOS="929" WIDTH="768" HEIGHT="42">
						<String ID="P110_ST00032" HPOS="124" VPOS="932" WIDTH="106" HEIGHT="39" CONTENT="spread" WC="0.77" CC="706000"/>
						<SP ID="P110_SP00027" HPOS="230" VPOS="971" WIDTH="15"/>
						<String ID="P110_ST00033" HPOS="245" VPOS="932" WIDTH="39" HEIGHT="29" CONTENT="its" WC="0.78" CC="006"/>
						<SP ID="P110_SP00028" HPOS="284" VPOS="971" WIDTH="16"/>
						<String ID="P110_ST00034" HPOS="300" VPOS="934" WIDTH="96" HEIGHT="27" CONTENT="terror" WC="0.72" CC="005604"/>
						<String ID="P110_ST00035" HPOS="406" VPOS="941" WIDTH="7" HEIGHT="30" CONTENT=";" WC="0.68" CC="3"/>
						<SP ID="P110_SP00029" HPOS="413" VPOS="971" WIDTH="24"/>
						<String ID="P110_ST00036" HPOS="437" VPOS="931" WIDTH="57" HEIGHT="30" CONTENT="but" WC="0.51" CC="770"/>
						<SP ID="P110_SP00030" HPOS="494" VPOS="971" WIDTH="15"/>
						<String ID="P110_ST00037" HPOS="509" VPOS="931" WIDTH="32" HEIGHT="29" CONTENT="in" WC="0.65" CC="07"/>
						<SP ID="P110_SP00031" HPOS="541" VPOS="971" WIDTH="15"/>
						<String ID="P110_ST00038" HPOS="556" VPOS="932" WIDTH="53" HEIGHT="28" CONTENT="the" WC="0.59" CC="470"/>
						<SP ID="P110_SP00032" HPOS="609" VPOS="971" WIDTH="16"/>
						<String ID="P110_ST00039" HPOS="625" VPOS="933" WIDTH="103" HEIGHT="27" CONTENT="centre" WC="0.68" CC="037044"/>
						<SP ID="P110_SP00033" HPOS="728" VPOS="971" WIDTH="16"/>
						<String ID="P110_ST00040" HPOS="744" VPOS="930" WIDTH="34" HEIGHT="30" CONTENT="of" WC="1.00" CC="00"/>
						<SP ID="P110_SP00034" HPOS="778" VPOS="971" WIDTH="13"/>
						<String ID="P110_ST00041" HPOS="791" VPOS="929" WIDTH="101" HEIGHT="31" CONTENT="action" WC="0.74" CC="030407"/>
					</TextLine>
					<TextLine ID="P110_TL00007" HPOS="123" VPOS="999" WIDTH="768" HEIGHT="41">
						<String ID="P110_ST00042" HPOS="123" VPOS="1001" WIDTH="90" HEIGHT="37" CONTENT="itself," WC="0.91" CC="3000200"/>
						<SP ID="P110_SP00035" HPOS="213" VPOS="1038" WIDTH="18"/>
						<String ID="P110_ST00043" HPOS="231" VPOS="1000" WIDTH="25" HEIGHT="31" CONTENT="it" WC="0.97" CC="00"/>
						<SP ID="P110_SP00036" HPOS="256" VPOS="1038" WIDTH="22"/>
						<String ID="P110_ST00044" HPOS="278" VPOS="1000" WIDTH="155" HEIGHT="31" CONTENT="exercised" WC="0.66" CC="094305600"/>
						<SP ID="P110_SP00037" HPOS="433" VPOS="1038" WIDTH="16"/>
						<String ID="P110_ST00045" HPOS="449" VPOS="1011" WIDTH="17" HEIGHT="19" CONTENT="a" WC="1.00" CC="0"/>
						<SP ID="P110_SP00038" HPOS="466" VPOS="1038" WIDTH="14"/>
						<String ID="P110_ST00046" HPOS="480" VPOS="1000" WIDTH="156" HEIGHT="40" CONTENT="vivifying" WC="0.79" CC="000400472"/>
						<SP ID="P110_SP00039" HPOS="636" VPOS="1040" WIDTH="21"/>
						<String ID="P110_ST00047" HPOS="657" VPOS="1010" WIDTH="112" HEIGHT="29" CONTENT="power." WC="0.96" CC="000020"/>
						<SP ID="P110_SP00040" HPOS="769" VPOS="1040" WIDTH="58"/>
						<String ID="P110_ST00048" HPOS="827" VPOS="999" WIDTH="64" HEIGHT="30" CONTENT="The" WC="0.75" CC="070"/>
					</TextLine>
					<TextLine ID="P110_TL00008" HPOS="124" VPOS="1069" WIDTH="766" HEIGHT="40">
						<String ID="P110_ST00049" HPOS="124" VPOS="1070" WIDTH="155" HEIGHT="31" CONTENT="coUective" WC="0.72" CC="517030070"/>
						<SP ID="P110_SP00041" HPOS="279" VPOS="1101" WIDTH="30"/>
						<String ID="P110_ST00050" HPOS="309" VPOS="1070" WIDTH="52" HEIGHT="29" CONTENT="life" WC="0.86" CC="0500"/>
						<SP ID="P110_SP00042" HPOS="361" VPOS="1101" WIDTH="31"/>
						<String ID="P110_ST00051" HPOS="392" VPOS="1070" WIDTH="33" HEIGHT="30" CONTENT="of" WC="0.82" CC="30"/>
						<SP ID="P110_SP00043" HPOS="425" VPOS="1101" WIDTH="33"/>
						<String ID="P110_ST00052" HPOS="458" VPOS="1070" WIDTH="29" HEIGHT="29" CONTENT="D" WC="0.25" CC="7"/>
						<String ID="P110_ST00053" HPOS="489" VPOS="1089" WIDTH="38" HEIGHT="3" CONTENT="—" WC="0.20" CC="8"/>
						<String ID="P110_ST00054" HPOS="527" VPOS="1088" WIDTH="46" HEIGHT="4" CONTENT="—" WC="0.20" CC="8"/>
						<SP ID="P110_SP00044" HPOS="573" VPOS="1101" WIDTH="30"/>
						<String ID="P110_ST00055" HPOS="603" VPOS="1081" WIDTH="62" HEIGHT="19" CONTENT="was" WC="0.82" CC="005"/>
						<SP ID="P110_SP00045" HPOS="665" VPOS="1101" WIDTH="31"/>
						<String ID="P110_ST00056" HPOS="696" VPOS="1069" WIDTH="194" HEIGHT="40" CONTENT="quintupled." WC="0.64" CC="06775704000"/>
					</TextLine>
					<TextLine ID="P110_TL00009" HPOS="124" VPOS="1138" WIDTH="768" HEIGHT="41">
						<String ID="P110_ST00057" HPOS="124" VPOS="1139" WIDTH="102" HEIGHT="40" CONTENT="Every" WC="0.74" CC="16050"/>
						<SP ID="P110_SP00046" HPOS="226" VPOS="1179" WIDTH="16"/>
						<String ID="P110_ST00058" HPOS="242" VPOS="1139" WIDTH="82" HEIGHT="30" CONTENT="one's" WC="0.71" CC="17005"/>
						<SP ID="P110_SP00047" HPOS="324" VPOS="1179" WIDTH="15"/>
						<String ID="P110_ST00059" HPOS="339" VPOS="1138" WIDTH="85" HEIGHT="30" CONTENT="mind" WC="0.45" CC="8660"/>
						<SP ID="P110_SP00048" HPOS="424" VPOS="1179" WIDTH="23"/>
						<String ID="P110_ST00060" HPOS="447" VPOS="1148" WIDTH="62" HEIGHT="21" CONTENT="was" WC="0.77" CC="006"/>
						<SP ID="P110_SP00049" HPOS="509" VPOS="1179" WIDTH="21"/>
						<String ID="P110_ST00061" HPOS="530" VPOS="1138" WIDTH="81" HEIGHT="41" CONTENT="busy" WC="0.49" CC="7660"/>
						<SP ID="P110_SP00050" HPOS="611" VPOS="1179" WIDTH="15"/>
						<String ID="P110_ST00062" HPOS="626" VPOS="1149" WIDTH="84" HEIGHT="29" CONTENT="upon" WC="0.67" CC="7005"/>
						<SP ID="P110_SP00051" HPOS="710" VPOS="1179" WIDTH="24"/>
						<String ID="P110_ST00063" HPOS="734" VPOS="1139" WIDTH="53" HEIGHT="30" CONTENT="the" WC="0.75" CC="070"/>
						<SP ID="P110_SP00052" HPOS="787" VPOS="1179" WIDTH="23"/>
						<String ID="P110_ST00064" HPOS="810" VPOS="1149" WIDTH="82" HEIGHT="20" CONTENT="same" WC="0.81" CC="7000"/>
					</TextLine>
					<TextLine ID="P110_TL00010" HPOS="124" VPOS="1207" WIDTH="767" HEIGHT="41">
						<String ID="P110_ST00065" HPOS="124" VPOS="1208" WIDTH="125" HEIGHT="40" CONTENT="subject," WC="0.65" CC="66700412"/>
						<SP ID="P110_SP00053" HPOS="249" VPOS="1248" WIDTH="18"/>
						<String ID="P110_ST00066" HPOS="267" VPOS="1208" WIDTH="61" HEIGHT="29" CONTENT="and" WC="0.75" CC="070"/>
						<SP ID="P110_SP00054" HPOS="328" VPOS="1248" WIDTH="22"/>
						<String ID="P110_ST00067" HPOS="350" VPOS="1210" WIDTH="31" HEIGHT="27" CONTENT="at" WC="1.00" CC="00"/>
						<SP ID="P110_SP00055" HPOS="381" VPOS="1248" WIDTH="25"/>
						<String ID="P110_ST00068" HPOS="406" VPOS="1208" WIDTH="53" HEIGHT="29" CONTENT="the" WC="0.74" CC="070"/>
						<SP ID="P110_SP00056" HPOS="459" VPOS="1248" WIDTH="24"/>
						<String ID="P110_ST00069" HPOS="483" VPOS="1218" WIDTH="81" HEIGHT="19" CONTENT="same" WC="0.82" CC="7000"/>
						<SP ID="P110_SP00057" HPOS="564" VPOS="1248" WIDTH="24"/>
						<String ID="P110_ST00070" HPOS="588" VPOS="1207" WIDTH="83" HEIGHT="30" CONTENT="time." WC="0.93" CC="00003"/>
						<SP ID="P110_SP00058" HPOS="671" VPOS="1248" WIDTH="56"/>
						<String ID="P110_ST00071" HPOS="727" VPOS="1208" WIDTH="34" HEIGHT="29" CONTENT="If" WC="0.90" CC="10"/>
						<SP ID="P110_SP00059" HPOS="761" VPOS="1248" WIDTH="20"/>
						<String ID="P110_ST00072" HPOS="781" VPOS="1218" WIDTH="18" HEIGHT="19" CONTENT="a" WC="0.64" CC="3"/>
						<SP ID="P110_SP00060" HPOS="799" VPOS="1248" WIDTH="23"/>
						<String ID="P110_ST00073" HPOS="822" VPOS="1219" WIDTH="69" HEIGHT="19" CONTENT="con" SUBS_TYPE="HypPart1" SUBS_CONTENT="conversation" WC="0.76" CC="1070"/>
						<HYP CONTENT="-"/>
					</TextLine>
					<TextLine ID="P110_TL00011" HPOS="124" VPOS="1276" WIDTH="770" HEIGHT="41">
						<String ID="P110_ST00074" HPOS="124" VPOS="1276" WIDTH="152" HEIGHT="32" CONTENT="versation" SUBS_TYPE="HypPart2" SUBS_CONTENT="conversation" WC="0.75" CC="003600056"/>
						<SP ID="P110_SP00061" HPOS="276" VPOS="1308" WIDTH="22"/>
						<String ID="P110_ST00075" HPOS="298" VPOS="1277" WIDTH="100" HEIGHT="40" CONTENT="began" WC="0.50" CC="70907"/>
						<SP ID="P110_SP00062" HPOS="398" VPOS="1317" WIDTH="26"/>
						<String ID="P110_ST00076" HPOS="424" VPOS="1287" WIDTH="38" HEIGHT="20" CONTENT="on" WC="0.63" CC="07"/>
						<SP ID="P110_SP00063" HPOS="462" VPOS="1317" WIDTH="24"/>
						<String ID="P110_ST00077" HPOS="486" VPOS="1287" WIDTH="60" HEIGHT="30" CONTENT="any" WC="0.75" CC="070"/>
						<SP ID="P110_SP00064" HPOS="546" VPOS="1317" WIDTH="16"/>
						<String ID="P110_ST00078" HPOS="562" VPOS="1277" WIDTH="87" HEIGHT="30" CONTENT="other" WC="0.58" CC="16705"/>
						<SP ID="P110_SP00065" HPOS="649" VPOS="1317" WIDTH="24"/>
						<String ID="P110_ST00079" HPOS="673" VPOS="1277" WIDTH="91" HEIGHT="40" CONTENT="topic," WC="0.86" CC="010032"/>
						<SP ID="P110_SP00066" HPOS="764" VPOS="1317" WIDTH="19"/>
						<String ID="P110_ST00080" HPOS="783" VPOS="1278" WIDTH="26" HEIGHT="30" CONTENT="it" WC="0.69" CC="41"/>
						<SP ID="P110_SP00067" HPOS="809" VPOS="1317" WIDTH="22"/>
						<String ID="P110_ST00081" HPOS="831" VPOS="1289" WIDTH="63" HEIGHT="20" CONTENT="was" WC="0.43" CC="907"/>
					</TextLine>
					<TextLine ID="P110_TL00012" HPOS="124" VPOS="1346" WIDTH="770" HEIGHT="40">
						<String ID="P110_ST00082" HPOS="124" VPOS="1357" WIDTH="78" HEIGHT="28" CONTENT="sure," WC="0.53" CC="47604"/>
						<SP ID="P110_SP00068" HPOS="202" VPOS="1385" WIDTH="17"/>
						<String ID="P110_ST00083" HPOS="219" VPOS="1347" WIDTH="102" HEIGHT="29" CONTENT="before" WC="0.75" CC="710050"/>
						<SP ID="P110_SP00069" HPOS="321" VPOS="1385" WIDTH="26"/>
						<String ID="P110_ST00084" HPOS="347" VPOS="1347" WIDTH="59" HEIGHT="29" CONTENT="five" WC="0.85" CC="0050"/>
						<SP ID="P110_SP00070" HPOS="406" VPOS="1385" WIDTH="27"/>
						<String ID="P110_ST00085" HPOS="433" VPOS="1346" WIDTH="133" HEIGHT="30" CONTENT="minutes" WC="0.68" CC="0077007"/>
						<SP ID="P110_SP00071" HPOS="566" VPOS="1385" WIDTH="15"/>
						<String ID="P110_ST00086" HPOS="581" VPOS="1357" WIDTH="80" HEIGHT="21" CONTENT="were" WC="0.82" CC="0070"/>
						<SP ID="P110_SP00072" HPOS="661" VPOS="1385" WIDTH="21"/>
						<String ID="P110_ST00087" HPOS="682" VPOS="1358" WIDTH="82" HEIGHT="28" CONTENT="over," WC="0.72" CC="30054"/>
						<SP ID="P110_SP00073" HPOS="764" VPOS="1386" WIDTH="17"/>
						<String ID="P110_ST00088" HPOS="781" VPOS="1351" WIDTH="33" HEIGHT="27" CONTENT="to" WC="0.74" CC="50"/>
						<SP ID="P110_SP00074" HPOS="814" VPOS="1386" WIDTH="15"/>
						<String ID="P110_ST00089" HPOS="829" VPOS="1347" WIDTH="65" HEIGHT="31" CONTENT="find" WC="0.74" CC="1170"/>
					</TextLine>
					<TextLine ID="P110_TL00013" HPOS="124" VPOS="1416" WIDTH="770" HEIGHT="39">
						<String ID="P110_ST00090" HPOS="124" VPOS="1416" WIDTH="40" HEIGHT="30" CONTENT="its" WC="0.71" CC="305"/>
						<SP ID="P110_SP00075" HPOS="164" VPOS="1446" WIDTH="15"/>
						<String ID="P110_ST00091" HPOS="179" VPOS="1427" WIDTH="68" HEIGHT="28" CONTENT="way" WC="1.00" CC="000"/>
						<SP ID="P110_SP00076" HPOS="247" VPOS="1455" WIDTH="15"/>
						<String ID="P110_ST00092" HPOS="262" VPOS="1416" WIDTH="99" HEIGHT="30" CONTENT="round" WC="0.60" CC="41770"/>
						<SP ID="P110_SP00077" HPOS="361" VPOS="1455" WIDTH="15"/>
						<String ID="P110_ST00093" HPOS="376" VPOS="1419" WIDTH="31" HEIGHT="27" CONTENT="to" WC="0.93" CC="01"/>
						<SP ID="P110_SP00078" HPOS="407" VPOS="1455" WIDTH="15"/>
						<String ID="P110_ST00094" HPOS="422" VPOS="1416" WIDTH="53" HEIGHT="30" CONTENT="the" WC="0.55" CC="570"/>
						<SP ID="P110_SP00079" HPOS="475" VPOS="1455" WIDTH="16"/>
						<String ID="P110_ST00095" HPOS="491" VPOS="1416" WIDTH="217" HEIGHT="31" CONTENT="assassination" WC="0.58" CC="0660773700437"/>
						<SP ID="P110_SP00080" HPOS="708" VPOS="1455" WIDTH="15"/>
						<String ID="P110_ST00096" HPOS="723" VPOS="1418" WIDTH="34" HEIGHT="30" CONTENT="of" WC="0.97" CC="00"/>
						<SP ID="P110_SP00081" HPOS="757" VPOS="1455" WIDTH="19"/>
						<String ID="P110_ST00097" HPOS="776" VPOS="1418" WIDTH="118" HEIGHT="30" CONTENT="Martin" WC="0.61" CC="055056"/>
					</TextLine>
				</TextBlock>
			</PrintSpace>
		</Page>
	</Layout>
</alto>
