<?xml version="1.0" encoding="UTF-8"?>
<alto xmlns:xsi="http://www.w3.org/2001/XMLSchema-instance" xsi:noNamespaceSchemaLocation="http://www.bl.uk/schemas/alto/alto-1-4.xsd" xmlns:xlink="http://www.w3.org/1999/xlink">
	<Description>
		<MeasurementUnit>mm10</MeasurementUnit>
		<sourceImageInformation>
			<fileName>//head1/IN/2007-46/A0010904365.1/000189.jp2</fileName>
		</sourceImageInformation>
		<OCRProcessing ID="OCRPROCESSING_1">
			<preProcessingStep>
				<processingSoftware>
					<softwareCreator>CCS Content Conversion Specialists GmbH, Germany</softwareCreator>
					<softwareName>CCS docWORKS</softwareName>
					<softwareVersion>6.1-0.62</softwareVersion>
				</processingSoftware>
			</preProcessingStep>
			<ocrProcessingStep>
				<processingSoftware>
					<softwareCreator>ABBYY (BIT Software), Russia</softwareCreator>
					<softwareName>Finereader</softwareName>
				</processingSoftware>
			</ocrProcessingStep>
		</OCRProcessing>
	</Description>
	<Styles>
		<TextStyle ID="TXT_0" FONTSIZE="9" FONTFAMILY="Courier New"/>
		<TextStyle ID="TXT_1" FONTSIZE="11" FONTFAMILY="Courier New"/>
		<ParagraphStyle ID="PAR_LEFT" ALIGN="Left"/>
		<ParagraphStyle ID="PAR_RIGHT" ALIGN="Right"/>
	</Styles>
	<Layout>
		<Page ID="P175" PHYSICAL_IMG_NR="175" HEIGHT="1638" WIDTH="1019" PRINTED_IMG_NR="157" POSITION="Right" ACCURACY="70.56">
			<TopMargin ID="P175_TM00001" HPOS="0" VPOS="0" WIDTH="1019" HEIGHT="132">
				<TextBlock ID="P175_TB00001" HPOS="250" VPOS="104" WIDTH="421" HEIGHT="28" STYLEREFS="TXT_0 PAR_LEFT">
					<TextLine ID="P175_TL00001" HPOS="251" VPOS="105" WIDTH="420" HEIGHT="27">
						<String ID="P175_ST00001" HPOS="251" VPOS="111" WIDTH="62" HEIGHT="21" CONTENT="THE" WC="0.70" CC="062"/>
						<SP ID="P175_SP00001" HPOS="313" VPOS="132" WIDTH="20"/>
						<String ID="P175_ST00002" HPOS="333" VPOS="105" WIDTH="161" HEIGHT="27" CONTENT="VICOMTE'S" WC="0.81" CC="900000204"/>
						<SP ID="P175_SP00002" HPOS="494" VPOS="132" WIDTH="20"/>
						<String ID="P175_ST00003" HPOS="514" VPOS="112" WIDTH="157" HEIGHT="20" CONTENT="TROUBLES." WC="0.72" CC="072640030"/>
						<SP ID="P175_SP00003" HPOS="671" VPOS="132" WIDTH="0"/>
					</TextLine>
				</TextBlock>
				<TextBlock ID="P175_TB00002" HPOS="792" VPOS="104" WIDTH="53" HEIGHT="27" STYLEREFS="TXT_1 PAR_RIGHT">
					<TextLine ID="P175_TL00002" HPOS="792" VPOS="104" WIDTH="53" HEIGHT="27">
						<String ID="P175_ST00004" HPOS="792" VPOS="104" WIDTH="53" HEIGHT="27" CONTENT="157" WC="1.00" CC="000"/>
					</TextLine>
				</TextBlock>
			</TopMargin>
			<LeftMargin ID="P175_LM00001" HPOS="0" VPOS="132" WIDTH="83" HEIGHT="1339"/>
			<RightMargin ID="P175_RM00001" HPOS="851" VPOS="132" WIDTH="168" HEIGHT="1339"/>
			<BottomMargin ID="P175_BM00001" HPOS="0" VPOS="1471" WIDTH="1019" HEIGHT="167"/>
			<PrintSpace ID="P175_PS00001" HPOS="83" VPOS="132" WIDTH="768" HEIGHT="1339">
				<TextBlock ID="P175_TB00003" HPOS="83" VPOS="195" WIDTH="766" HEIGHT="583" STYLEREFS="TXT_0 PAR_LEFT">
					<TextLine ID="P175_TL00003" HPOS="84" VPOS="196" WIDTH="763" HEIGHT="42">
						<String ID="P175_ST00005" HPOS="84" VPOS="196" WIDTH="39" HEIGHT="30" CONTENT="he" WC="0.63" CC="70"/>
						<SP ID="P175_SP00004" HPOS="123" VPOS="226" WIDTH="37"/>
						<String ID="P175_ST00006" HPOS="160" VPOS="197" WIDTH="63" HEIGHT="30" CONTENT="had" WC="0.75" CC="700"/>
						<SP ID="P175_SP00005" HPOS="223" VPOS="227" WIDTH="34"/>
						<String ID="P175_ST00007" HPOS="257" VPOS="198" WIDTH="79" HEIGHT="30" CONTENT="been" WC="0.64" CC="7007"/>
						<SP ID="P175_SP00006" HPOS="336" VPOS="228" WIDTH="36"/>
						<String ID="P175_ST00008" HPOS="372" VPOS="199" WIDTH="101" HEIGHT="30" CONTENT="forced" WC="0.61" CC="525306"/>
						<SP ID="P175_SP00007" HPOS="473" VPOS="229" WIDTH="41"/>
						<String ID="P175_ST00009" HPOS="514" VPOS="198" WIDTH="64" HEIGHT="30" CONTENT="into" WC="0.57" CC="5704"/>
						<SP ID="P175_SP00008" HPOS="578" VPOS="229" WIDTH="42"/>
						<String ID="P175_ST00010" HPOS="620" VPOS="198" WIDTH="154" HEIGHT="40" CONTENT="confiding" WC="0.76" CC="007110470"/>
						<SP ID="P175_SP00009" HPOS="774" VPOS="238" WIDTH="40"/>
						<String ID="P175_ST00011" HPOS="814" VPOS="199" WIDTH="33" HEIGHT="29" CONTENT="in" WC="0.39" CC="47"/>
					</TextLine>
					<TextLine ID="P175_TL00004" HPOS="85" VPOS="266" WIDTH="762" HEIGHT="41">
						<String ID="P175_ST00012" HPOS="85" VPOS="266" WIDTH="160" HEIGHT="31" CONTENT="Monsieur" WC="0.69" CC="04750070"/>
						<SP ID="P175_SP00010" HPOS="245" VPOS="297" WIDTH="25"/>
						<String ID="P175_ST00013" HPOS="270" VPOS="267" WIDTH="142" HEIGHT="40" CONTENT="Richard," WC="0.50" CC="75470482"/>
						<SP ID="P175_SP00011" HPOS="412" VPOS="307" WIDTH="25"/>
						<String ID="P175_ST00014" HPOS="437" VPOS="267" WIDTH="25" HEIGHT="31" CONTENT="it" WC="0.92" CC="01"/>
						<SP ID="P175_SP00012" HPOS="462" VPOS="307" WIDTH="27"/>
						<String ID="P175_ST00015" HPOS="489" VPOS="267" WIDTH="52" HEIGHT="31" CONTENT="did" WC="0.79" CC="060"/>
						<SP ID="P175_SP00013" HPOS="541" VPOS="307" WIDTH="26"/>
						<String ID="P175_ST00016" HPOS="567" VPOS="278" WIDTH="80" HEIGHT="20" CONTENT="seem" WC="0.83" CC="6000"/>
						<SP ID="P175_SP00014" HPOS="647" VPOS="307" WIDTH="24"/>
						<String ID="P175_ST00017" HPOS="671" VPOS="270" WIDTH="32" HEIGHT="28" CONTENT="to" WC="0.72" CC="05"/>
						<SP ID="P175_SP00015" HPOS="703" VPOS="307" WIDTH="21"/>
						<String ID="P175_ST00018" HPOS="724" VPOS="267" WIDTH="62" HEIGHT="27" CONTENT="him" WC="0.20" CC="778"/>
						<SP ID="P175_SP00016" HPOS="786" VPOS="307" WIDTH="28"/>
						<String ID="P175_ST00019" HPOS="814" VPOS="277" WIDTH="33" HEIGHT="21" CONTENT="so" WC="0.50" CC="63"/>
					</TextLine>
					<TextLine ID="P175_TL00005" HPOS="85" VPOS="336" WIDTH="762" HEIGHT="39">
						<String ID="P175_ST00020" HPOS="85" VPOS="337" WIDTH="195" HEIGHT="30" CONTENT="tremendous" WC="0.70" CC="0500460056"/>
						<SP ID="P175_SP00017" HPOS="280" VPOS="367" WIDTH="26"/>
						<String ID="P175_ST00021" HPOS="306" VPOS="347" WIDTH="17" HEIGHT="19" CONTENT="a" WC="1.00" CC="0"/>
						<SP ID="P175_SP00018" HPOS="323" VPOS="367" WIDTH="21"/>
						<String ID="P175_ST00022" HPOS="344" VPOS="337" WIDTH="62" HEIGHT="30" CONTENT="fact" WC="0.80" CC="0042"/>
						<SP ID="P175_SP00019" HPOS="406" VPOS="367" WIDTH="25"/>
						<String ID="P175_ST00023" HPOS="431" VPOS="337" WIDTH="67" HEIGHT="30" CONTENT="that" WC="0.61" CC="1705"/>
						<SP ID="P175_SP00020" HPOS="498" VPOS="367" WIDTH="24"/>
						<String ID="P175_ST00024" HPOS="522" VPOS="347" WIDTH="18" HEIGHT="19" CONTENT="a" WC="1.00" CC="0"/>
						<SP ID="P175_SP00021" HPOS="540" VPOS="367" WIDTH="25"/>
						<String ID="P175_ST00025" HPOS="565" VPOS="337" WIDTH="149" HEIGHT="38" CONTENT="daughter" WC="0.75" CC="00727002"/>
						<SP ID="P175_SP00022" HPOS="714" VPOS="375" WIDTH="26"/>
						<String ID="P175_ST00026" HPOS="740" VPOS="336" WIDTH="34" HEIGHT="29" CONTENT="of" WC="0.90" CC="01"/>
						<SP ID="P175_SP00023" HPOS="774" VPOS="375" WIDTH="20"/>
						<String ID="P175_ST00027" HPOS="794" VPOS="337" WIDTH="53" HEIGHT="28" CONTENT="the" WC="0.75" CC="070"/>
					</TextLine>
					<TextLine ID="P175_TL00006" HPOS="85" VPOS="404" WIDTH="763" HEIGHT="41">
						<String ID="P175_ST00028" HPOS="85" VPOS="404" WIDTH="97" HEIGHT="31" CONTENT="house" WC="0.54" CC="71760"/>
						<SP ID="P175_SP00024" HPOS="182" VPOS="435" WIDTH="24"/>
						<String ID="P175_ST00029" HPOS="206" VPOS="406" WIDTH="33" HEIGHT="29" CONTENT="of" WC="1.00" CC="00"/>
						<SP ID="P175_SP00025" HPOS="239" VPOS="435" WIDTH="18"/>
						<String ID="P175_ST00030" HPOS="257" VPOS="405" WIDTH="178" HEIGHT="31" CONTENT="Verancour" WC="0.62" CC="704061263"/>
						<SP ID="P175_SP00026" HPOS="435" VPOS="436" WIDTH="22"/>
						<String ID="P175_ST00031" HPOS="457" VPOS="405" WIDTH="108" HEIGHT="31" CONTENT="should" WC="0.46" CC="573708"/>
						<SP ID="P175_SP00027" HPOS="565" VPOS="436" WIDTH="26"/>
						<String ID="P175_ST00032" HPOS="591" VPOS="405" WIDTH="37" HEIGHT="30" CONTENT="be" WC="0.81" CC="30"/>
						<SP ID="P175_SP00028" HPOS="628" VPOS="436" WIDTH="22"/>
						<String ID="P175_ST00033" HPOS="650" VPOS="405" WIDTH="105" HEIGHT="40" CONTENT="placed" WC="0.93" CC="000400"/>
						<SP ID="P175_SP00029" HPOS="755" VPOS="445" WIDTH="21"/>
						<String ID="P175_ST00034" HPOS="776" VPOS="404" WIDTH="33" HEIGHT="30" CONTENT="in" WC="0.42" CC="47"/>
						<SP ID="P175_SP00030" HPOS="809" VPOS="445" WIDTH="22"/>
						<String ID="P175_ST00035" HPOS="831" VPOS="415" WIDTH="17" HEIGHT="19" CONTENT="a" WC="1.00" CC="0"/>
					</TextLine>
					<TextLine ID="P175_TL00007" HPOS="88" VPOS="473" WIDTH="758" HEIGHT="40">
						<String ID="P175_ST00036" HPOS="88" VPOS="473" WIDTH="142" HEIGHT="30" CONTENT="dilemma" WC="0.75" CC="0420090"/>
						<SP ID="P175_SP00031" HPOS="230" VPOS="503" WIDTH="16"/>
						<String ID="P175_ST00037" HPOS="246" VPOS="476" WIDTH="54" HEIGHT="27" CONTENT="out" WC="0.76" CC="070"/>
						<SP ID="P175_SP00032" HPOS="300" VPOS="503" WIDTH="15"/>
						<String ID="P175_ST00038" HPOS="315" VPOS="474" WIDTH="33" HEIGHT="29" CONTENT="of" WC="1.00" CC="00"/>
						<SP ID="P175_SP00033" HPOS="348" VPOS="503" WIDTH="10"/>
						<String ID="P175_ST00039" HPOS="358" VPOS="473" WIDTH="101" HEIGHT="31" CONTENT="which" WC="0.62" CC="07037"/>
						<SP ID="P175_SP00034" HPOS="459" VPOS="504" WIDTH="14"/>
						<String ID="P175_ST00040" HPOS="473" VPOS="473" WIDTH="62" HEIGHT="30" CONTENT="this" WC="0.47" CC="1747"/>
						<SP ID="P175_SP00035" HPOS="535" VPOS="504" WIDTH="14"/>
						<String ID="P175_ST00041" HPOS="549" VPOS="473" WIDTH="158" HEIGHT="39" CONTENT="low-born," WC="0.62" CC="040074573"/>
						<SP ID="P175_SP00036" HPOS="707" VPOS="512" WIDTH="17"/>
						<String ID="P175_ST00042" HPOS="724" VPOS="484" WIDTH="122" HEIGHT="29" CONTENT="money" SUBS_TYPE="HypPart1" SUBS_CONTENT="moneylending" WC="0.88" CC="007000"/>
						<HYP CONTENT="-"/>
					</TextLine>
					<TextLine ID="P175_TL00008" HPOS="87" VPOS="541" WIDTH="761" HEIGHT="41">
						<String ID="P175_ST00043" HPOS="87" VPOS="541" WIDTH="127" HEIGHT="41" CONTENT="lending" SUBS_TYPE="HypPart2" SUBS_CONTENT="moneylending" WC="0.71" CC="0070570"/>
						<SP ID="P175_SP00037" HPOS="214" VPOS="582" WIDTH="21"/>
						<String ID="P175_ST00044" HPOS="235" VPOS="541" WIDTH="162" HEIGHT="41" CONTENT="bourgeois" WC="0.64" CC="707400066"/>
						<SP ID="P175_SP00038" HPOS="397" VPOS="582" WIDTH="23"/>
						<String ID="P175_ST00045" HPOS="420" VPOS="542" WIDTH="89" HEIGHT="30" CONTENT="could" WC="0.84" CC="00700"/>
						<SP ID="P175_SP00039" HPOS="509" VPOS="582" WIDTH="21"/>
						<String ID="P175_ST00046" HPOS="530" VPOS="542" WIDTH="146" HEIGHT="30" CONTENT="extricate" WC="0.91" CC="000420000"/>
						<SP ID="P175_SP00040" HPOS="676" VPOS="582" WIDTH="22"/>
						<String ID="P175_ST00047" HPOS="698" VPOS="542" WIDTH="62" HEIGHT="38" CONTENT="her," WC="0.71" CC="7040"/>
						<SP ID="P175_SP00041" HPOS="760" VPOS="582" WIDTH="22"/>
						<String ID="P175_ST00048" HPOS="782" VPOS="542" WIDTH="66" HEIGHT="30" CONTENT="that" WC="0.78" CC="1700"/>
					</TextLine>
					<TextLine ID="P175_TL00009" HPOS="88" VPOS="611" WIDTH="760" HEIGHT="40">
						<String ID="P175_ST00049" HPOS="88" VPOS="612" WIDTH="39" HEIGHT="28" CONTENT="he" WC="0.63" CC="70"/>
						<SP ID="P175_SP00042" HPOS="127" VPOS="640" WIDTH="25"/>
						<String ID="P175_ST00050" HPOS="152" VPOS="611" WIDTH="134" HEIGHT="40" CONTENT="thought" WC="0.60" CC="0707074"/>
						<SP ID="P175_SP00043" HPOS="286" VPOS="651" WIDTH="21"/>
						<String ID="P175_ST00051" HPOS="307" VPOS="611" WIDTH="43" HEIGHT="40" CONTENT="by" WC="0.63" CC="70"/>
						<SP ID="P175_SP00044" HPOS="350" VPOS="651" WIDTH="21"/>
						<String ID="P175_ST00052" HPOS="371" VPOS="611" WIDTH="53" HEIGHT="29" CONTENT="the" WC="0.75" CC="070"/>
						<SP ID="P175_SP00045" HPOS="424" VPOS="651" WIDTH="25"/>
						<String ID="P175_ST00053" HPOS="449" VPOS="621" WIDTH="81" HEIGHT="19" CONTENT="mere" WC="0.86" CC="0050"/>
						<SP ID="P175_SP00046" HPOS="530" VPOS="651" WIDTH="26"/>
						<String ID="P175_ST00054" HPOS="556" VPOS="613" WIDTH="161" HEIGHT="27" CONTENT="statement" WC="0.58" CC="530709074"/>
						<SP ID="P175_SP00047" HPOS="717" VPOS="651" WIDTH="25"/>
						<String ID="P175_ST00055" HPOS="742" VPOS="611" WIDTH="33" HEIGHT="29" CONTENT="of" WC="1.00" CC="00"/>
						<SP ID="P175_SP00048" HPOS="775" VPOS="651" WIDTH="22"/>
						<String ID="P175_ST00056" HPOS="797" VPOS="611" WIDTH="51" HEIGHT="29" CONTENT="the" WC="0.65" CC="270"/>
					</TextLine>
					<TextLine ID="P175_TL00010" HPOS="90" VPOS="679" WIDTH="759" HEIGHT="32">
						<String ID="P175_ST00057" HPOS="90" VPOS="690" WIDTH="67" HEIGHT="21" CONTENT="case" WC="0.85" CC="0060"/>
						<SP ID="P175_SP00049" HPOS="157" VPOS="711" WIDTH="35"/>
						<String ID="P175_ST00058" HPOS="192" VPOS="683" WIDTH="32" HEIGHT="27" CONTENT="to" WC="1.00" CC="00"/>
						<SP ID="P175_SP00050" HPOS="224" VPOS="711" WIDTH="38"/>
						<String ID="P175_ST00059" HPOS="262" VPOS="680" WIDTH="182" HEIGHT="30" CONTENT="overwhelm" WC="0.83" CC="201307000"/>
						<SP ID="P175_SP00051" HPOS="444" VPOS="711" WIDTH="37"/>
						<String ID="P175_ST00060" HPOS="481" VPOS="680" WIDTH="67" HEIGHT="30" CONTENT="that" WC="0.61" CC="0707"/>
						<SP ID="P175_SP00052" HPOS="548" VPOS="711" WIDTH="36"/>
						<String ID="P175_ST00061" HPOS="584" VPOS="679" WIDTH="170" HEIGHT="31" CONTENT="individual" WC="0.77" CC="5602000700"/>
						<SP ID="P175_SP00053" HPOS="754" VPOS="711" WIDTH="37"/>
						<String ID="P175_ST00062" HPOS="791" VPOS="680" WIDTH="58" HEIGHT="29" CONTENT="and" WC="0.76" CC="070"/>
					</TextLine>
					<TextLine ID="P175_TL00011" HPOS="90" VPOS="747" WIDTH="718" HEIGHT="31">
						<String ID="P175_ST00063" HPOS="90" VPOS="759" WIDTH="104" HEIGHT="19" CONTENT="secure" WC="0.65" CC="502750"/>
						<SP ID="P175_SP00054" HPOS="194" VPOS="778" WIDTH="15"/>
						<String ID="P175_ST00064" HPOS="209" VPOS="749" WIDTH="48" HEIGHT="29" CONTENT="his" WC="0.53" CC="714"/>
						<SP ID="P175_SP00055" HPOS="257" VPOS="778" WIDTH="16"/>
						<String ID="P175_ST00065" HPOS="273" VPOS="748" WIDTH="129" HEIGHT="30" CONTENT="services" WC="0.69" CC="60006306"/>
						<SP ID="P175_SP00056" HPOS="402" VPOS="778" WIDTH="14"/>
						<String ID="P175_ST00066" HPOS="416" VPOS="751" WIDTH="32" HEIGHT="27" CONTENT="to" WC="0.68" CC="60"/>
						<SP ID="P175_SP00057" HPOS="448" VPOS="778" WIDTH="16"/>
						<String ID="P175_ST00067" HPOS="464" VPOS="758" WIDTH="39" HEIGHT="20" CONTENT="an" WC="0.64" CC="07"/>
						<SP ID="P175_SP00058" HPOS="503" VPOS="778" WIDTH="14"/>
						<String ID="P175_ST00068" HPOS="517" VPOS="747" WIDTH="162" HEIGHT="31" CONTENT="unhmited" WC="0.70" CC="77701000"/>
						<SP ID="P175_SP00059" HPOS="679" VPOS="778" WIDTH="15"/>
						<String ID="P175_ST00069" HPOS="694" VPOS="751" WIDTH="114" HEIGHT="27" CONTENT="extent." WC="0.81" CC="0000750"/>
					</TextLine>
				</TextBlock>
				<TextBlock ID="P175_TB00004" HPOS="88" VPOS="815" WIDTH="762" HEIGHT="375" STYLEREFS="TXT_0 PAR_LEFT">
					<TextLine ID="P175_TL00012" HPOS="132" VPOS="817" WIDTH="718" HEIGHT="31">
						<String ID="P175_ST00070" HPOS="132" VPOS="817" WIDTH="106" HEIGHT="31" CONTENT="When" WC="0.63" CC="0707"/>
						<SP ID="P175_SP00060" HPOS="238" VPOS="848" WIDTH="13"/>
						<String ID="P175_ST00071" HPOS="251" VPOS="817" WIDTH="53" HEIGHT="30" CONTENT="the" WC="0.70" CC="170"/>
						<SP ID="P175_SP00061" HPOS="304" VPOS="848" WIDTH="14"/>
						<String ID="P175_ST00072" HPOS="318" VPOS="817" WIDTH="140" HEIGHT="29" CONTENT="Vicomte" WC="0.85" CC="7100000"/>
						<SP ID="P175_SP00062" HPOS="458" VPOS="848" WIDTH="22"/>
						<String ID="P175_ST00073" HPOS="480" VPOS="817" WIDTH="86" HEIGHT="29" CONTENT="made" WC="0.97" CC="0000"/>
						<SP ID="P175_SP00063" HPOS="566" VPOS="848" WIDTH="15"/>
						<String ID="P175_ST00074" HPOS="581" VPOS="817" WIDTH="52" HEIGHT="29" CONTENT="the" WC="0.67" CC="270"/>
						<SP ID="P175_SP00064" HPOS="633" VPOS="848" WIDTH="19"/>
						<String ID="P175_ST00075" HPOS="652" VPOS="817" WIDTH="124" HEIGHT="29" CONTENT="hurried" WC="0.70" CC="7660000"/>
						<SP ID="P175_SP00065" HPOS="776" VPOS="848" WIDTH="16"/>
						<String ID="P175_ST00076" HPOS="792" VPOS="817" WIDTH="58" HEIGHT="29" CONTENT="and" WC="0.61" CC="074"/>
					</TextLine>
					<TextLine ID="P175_TL00013" HPOS="90" VPOS="884" WIDTH="757" HEIGHT="39">
						<String ID="P175_ST00077" HPOS="90" VPOS="887" WIDTH="162" HEIGHT="30" CONTENT="vehement" WC="0.81" CC="00700070"/>
						<SP ID="P175_SP00066" HPOS="252" VPOS="917" WIDTH="25"/>
						<String ID="P175_ST00078" HPOS="277" VPOS="885" WIDTH="162" HEIGHT="31" CONTENT="admission" WC="0.57" CC="090657207"/>
						<SP ID="P175_SP00067" HPOS="439" VPOS="917" WIDTH="23"/>
						<String ID="P175_ST00079" HPOS="462" VPOS="886" WIDTH="33" HEIGHT="30" CONTENT="of" WC="0.90" CC="20"/>
						<SP ID="P175_SP00068" HPOS="495" VPOS="917" WIDTH="21"/>
						<String ID="P175_ST00080" HPOS="516" VPOS="884" WIDTH="49" HEIGHT="31" CONTENT="his" WC="0.53" CC="706"/>
						<SP ID="P175_SP00069" HPOS="565" VPOS="917" WIDTH="26"/>
						<String ID="P175_ST00081" HPOS="591" VPOS="885" WIDTH="256" HEIGHT="38" CONTENT="embarrassment," WC="0.69" CC="08700606300603"/>
					</TextLine>
					<TextLine ID="P175_TL00014" HPOS="90" VPOS="953" WIDTH="757" HEIGHT="38">
						<String ID="P175_ST00082" HPOS="90" VPOS="966" WIDTH="17" HEIGHT="18" CONTENT="a" WC="1.00" CC="0"/>
						<SP ID="P175_SP00070" HPOS="107" VPOS="984" WIDTH="15"/>
						<String ID="P175_ST00083" HPOS="122" VPOS="955" WIDTH="81" HEIGHT="28" CONTENT="flush" WC="0.50" CC="22577"/>
						<SP ID="P175_SP00071" HPOS="203" VPOS="984" WIDTH="15"/>
						<String ID="P175_ST00084" HPOS="218" VPOS="955" WIDTH="75" HEIGHT="28" CONTENT="stole" WC="0.76" CC="60022"/>
						<SP ID="P175_SP00072" HPOS="293" VPOS="984" WIDTH="17"/>
						<String ID="P175_ST00085" HPOS="310" VPOS="964" WIDTH="71" HEIGHT="19" CONTENT="over" WC="0.87" CC="0005"/>
						<SP ID="P175_SP00073" HPOS="381" VPOS="984" WIDTH="14"/>
						<String ID="P175_ST00086" HPOS="395" VPOS="953" WIDTH="158" HEIGHT="30" CONTENT="Monsieur" WC="0.64" CC="03651064"/>
						<SP ID="P175_SP00074" HPOS="553" VPOS="984" WIDTH="19"/>
						<String ID="P175_ST00087" HPOS="572" VPOS="953" WIDTH="158" HEIGHT="30" CONTENT="Richard's" WC="0.60" CC="725705024"/>
						<SP ID="P175_SP00075" HPOS="730" VPOS="984" WIDTH="15"/>
						<String ID="P175_ST00088" HPOS="745" VPOS="954" WIDTH="102" HEIGHT="37" CONTENT="cheek," WC="0.68" CC="370150"/>
					</TextLine>
					<TextLine ID="P175_TL00015" HPOS="90" VPOS="1021" WIDTH="759" HEIGHT="40">
						<String ID="P175_ST00089" HPOS="90" VPOS="1023" WIDTH="60" HEIGHT="30" CONTENT="and" WC="0.75" CC="070"/>
						<SP ID="P175_SP00076" HPOS="150" VPOS="1053" WIDTH="14"/>
						<String ID="P175_ST00090" HPOS="164" VPOS="1033" WIDTH="18" HEIGHT="19" CONTENT="a" WC="0.66" CC="3"/>
						<SP ID="P175_SP00077" HPOS="182" VPOS="1053" WIDTH="21"/>
						<String ID="P175_ST00091" HPOS="203" VPOS="1021" WIDTH="81" HEIGHT="40" CONTENT="Ught" WC="0.37" CC="7673"/>
						<SP ID="P175_SP00078" HPOS="284" VPOS="1061" WIDTH="22"/>
						<String ID="P175_ST00092" HPOS="306" VPOS="1021" WIDTH="68" HEIGHT="30" CONTENT="shot" WC="0.56" CC="5740"/>
						<SP ID="P175_SP00079" HPOS="374" VPOS="1061" WIDTH="19"/>
						<String ID="P175_ST00093" HPOS="393" VPOS="1021" WIDTH="78" HEIGHT="30" CONTENT="from" WC="0.74" CC="0720"/>
						<SP ID="P175_SP00080" HPOS="471" VPOS="1061" WIDTH="22"/>
						<String ID="P175_ST00094" HPOS="493" VPOS="1021" WIDTH="130" HEIGHT="30" CONTENT="beneath" WC="0.68" CC="7070007"/>
						<SP ID="P175_SP00081" HPOS="623" VPOS="1061" WIDTH="21"/>
						<String ID="P175_ST00095" HPOS="644" VPOS="1021" WIDTH="48" HEIGHT="29" CONTENT="his" WC="0.38" CC="737"/>
						<SP ID="P175_SP00082" HPOS="692" VPOS="1061" WIDTH="23"/>
						<String ID="P175_ST00096" HPOS="715" VPOS="1021" WIDTH="115" HEIGHT="40" CONTENT="eyelids" WC="0.88" CC="0000026"/>
						<SP ID="P175_SP00083" HPOS="830" VPOS="1061" WIDTH="13"/>
						<String ID="P175_ST00097" HPOS="843" VPOS="1032" WIDTH="6" HEIGHT="28" CONTENT=";" WC="1.00" CC="0"/>
					</TextLine>
					<TextLine ID="P175_TL00016" HPOS="90" VPOS="1089" WIDTH="760" HEIGHT="41">
						<String ID="P175_ST00098" HPOS="90" VPOS="1093" WIDTH="56" HEIGHT="29" CONTENT="but" WC="0.64" CC="441"/>
						<SP ID="P175_SP00084" HPOS="146" VPOS="1122" WIDTH="15"/>
						<String ID="P175_ST00099" HPOS="161" VPOS="1092" WIDTH="38" HEIGHT="29" CONTENT="he" WC="0.64" CC="70"/>
						<SP ID="P175_SP00085" HPOS="199" VPOS="1122" WIDTH="16"/>
						<String ID="P175_ST00100" HPOS="215" VPOS="1091" WIDTH="158" HEIGHT="30" CONTENT="concealed" WC="0.84" CC="046000200"/>
						<SP ID="P175_SP00086" HPOS="373" VPOS="1122" WIDTH="15"/>
						<String ID="P175_ST00101" HPOS="388" VPOS="1090" WIDTH="75" HEIGHT="30" CONTENT="both" WC="0.54" CC="7037"/>
						<SP ID="P175_SP00087" HPOS="463" VPOS="1122" WIDTH="14"/>
						<String ID="P175_ST00102" HPOS="477" VPOS="1090" WIDTH="43" HEIGHT="40" CONTENT="by" WC="0.63" CC="70"/>
						<SP ID="P175_SP00088" HPOS="520" VPOS="1130" WIDTH="11"/>
						<String ID="P175_ST00103" HPOS="531" VPOS="1089" WIDTH="48" HEIGHT="31" CONTENT="his" WC="0.33" CC="765"/>
						<SP ID="P175_SP00089" HPOS="579" VPOS="1130" WIDTH="14"/>
						<String ID="P175_ST00104" HPOS="593" VPOS="1090" WIDTH="90" HEIGHT="39" CONTENT="hand," WC="0.68" CC="70701"/>
						<SP ID="P175_SP00090" HPOS="683" VPOS="1130" WIDTH="19"/>
						<String ID="P175_ST00105" HPOS="702" VPOS="1101" WIDTH="38" HEIGHT="19" CONTENT="on" WC="0.64" CC="07"/>
						<SP ID="P175_SP00091" HPOS="740" VPOS="1130" WIDTH="11"/>
						<String ID="P175_ST00106" HPOS="751" VPOS="1090" WIDTH="99" HEIGHT="30" CONTENT="which" WC="0.60" CC="07227"/>
					</TextLine>
					<TextLine ID="P175_TL00017" HPOS="90" VPOS="1162" WIDTH="145" HEIGHT="28">
						<String ID="P175_ST00107" HPOS="90" VPOS="1163" WIDTH="39" HEIGHT="27" CONTENT="he" WC="0.65" CC="60"/>
						<SP ID="P175_SP00092" HPOS="129" VPOS="1190" WIDTH="16"/>
						<String ID="P175_ST00108" HPOS="145" VPOS="1162" WIDTH="90" HEIGHT="28" CONTENT="leant." WC="0.77" CC="060700"/>
					</TextLine>
				</TextBlock>
				<TextBlock ID="P175_TB00005" HPOS="90" VPOS="1226" WIDTH="761" HEIGHT="245" STYLEREFS="TXT_0 PAR_LEFT">
					<TextLine ID="P175_TL00018" HPOS="138" VPOS="1227" WIDTH="710" HEIGHT="41">
						<String ID="P175_ST00109" HPOS="138" VPOS="1232" WIDTH="18" HEIGHT="15" CONTENT='"' WC="0.70" CC="2"/>
						<SP ID="P175_SP00093" HPOS="156" VPOS="1247" WIDTH="12"/>
						<String ID="P175_ST00110" HPOS="168" VPOS="1230" WIDTH="17" HEIGHT="29" CONTENT="I" WC="1.00" CC="0"/>
						<SP ID="P175_SP00094" HPOS="185" VPOS="1259" WIDTH="16"/>
						<String ID="P175_ST00111" HPOS="201" VPOS="1229" WIDTH="90" HEIGHT="30" CONTENT="could" WC="0.75" CC="50700"/>
						<SP ID="P175_SP00095" HPOS="291" VPOS="1259" WIDTH="20"/>
						<String ID="P175_ST00112" HPOS="311" VPOS="1228" WIDTH="110" HEIGHT="40" CONTENT="hardly" WC="0.62" CC="706800"/>
						<SP ID="P175_SP00096" HPOS="421" VPOS="1268" WIDTH="14"/>
						<String ID="P175_ST00113" HPOS="435" VPOS="1228" WIDTH="78" HEIGHT="30" CONTENT="have" WC="0.64" CC="7060"/>
						<SP ID="P175_SP00097" HPOS="513" VPOS="1268" WIDTH="22"/>
						<String ID="P175_ST00114" HPOS="535" VPOS="1227" WIDTH="169" HEIGHT="39" CONTENT='believed,"' WC="0.79" CC="8005000033"/>
						<SP ID="P175_SP00098" HPOS="704" VPOS="1268" WIDTH="17"/>
						<String ID="P175_ST00115" HPOS="721" VPOS="1228" WIDTH="38" HEIGHT="30" CONTENT="he" WC="0.63" CC="70"/>
						<SP ID="P175_SP00099" HPOS="759" VPOS="1268" WIDTH="17"/>
						<String ID="P175_ST00116" HPOS="776" VPOS="1228" WIDTH="72" HEIGHT="38" CONTENT="said," WC="0.74" CC="30062"/>
					</TextLine>
					<TextLine ID="P175_TL00019" HPOS="92" VPOS="1296" WIDTH="757" HEIGHT="43">
						<String ID="P175_ST00117" HPOS="92" VPOS="1298" WIDTH="116" HEIGHT="41" CONTENT="slowly," WC="0.86" CC="7200000"/>
						<SP ID="P175_SP00100" HPOS="208" VPOS="1339" WIDTH="25"/>
						<String ID="P175_ST00118" HPOS="233" VPOS="1298" WIDTH="60" HEIGHT="29" CONTENT="and" WC="0.76" CC="070"/>
						<SP ID="P175_SP00101" HPOS="293" VPOS="1339" WIDTH="21"/>
						<String ID="P175_ST00119" HPOS="314" VPOS="1296" WIDTH="76" HEIGHT="31" CONTENT="with" WC="0.29" CC="9557"/>
						<SP ID="P175_SP00102" HPOS="390" VPOS="1339" WIDTH="21"/>
						<String ID="P175_ST00120" HPOS="411" VPOS="1307" WIDTH="39" HEIGHT="18" CONTENT="an" WC="0.69" CC="06"/>
						<SP ID="P175_SP00103" HPOS="450" VPOS="1339" WIDTH="22"/>
						<String ID="P175_ST00121" HPOS="472" VPOS="1296" WIDTH="176" HEIGHT="40" CONTENT="expression" WC="0.75" CC="0003056017"/>
						<SP ID="P175_SP00104" HPOS="648" VPOS="1339" WIDTH="26"/>
						<String ID="P175_ST00122" HPOS="674" VPOS="1296" WIDTH="34" HEIGHT="29" CONTENT="of" WC="0.79" CC="40"/>
						<SP ID="P175_SP00105" HPOS="708" VPOS="1339" WIDTH="22"/>
						<String ID="P175_ST00123" HPOS="730" VPOS="1306" WIDTH="119" HEIGHT="29" CONTENT="sorrow," WC="0.71" CC="6063003"/>
					</TextLine>
					<TextLine ID="P175_TL00020" HPOS="94" VPOS="1364" WIDTH="757" HEIGHT="43">
						<String ID="P175_ST00124" HPOS="94" VPOS="1371" WIDTH="18" HEIGHT="15" CONTENT='"' WC="0.55" CC="4"/>
						<SP ID="P175_SP00106" HPOS="112" VPOS="1386" WIDTH="12"/>
						<String ID="P175_ST00125" HPOS="124" VPOS="1369" WIDTH="68" HEIGHT="29" CONTENT="that" WC="0.68" CC="5700"/>
						<SP ID="P175_SP00107" HPOS="192" VPOS="1398" WIDTH="22"/>
						<String ID="P175_ST00126" HPOS="214" VPOS="1377" WIDTH="60" HEIGHT="30" CONTENT="any" WC="0.75" CC="070"/>
						<SP ID="P175_SP00108" HPOS="274" VPOS="1407" WIDTH="23"/>
						<String ID="P175_ST00127" HPOS="297" VPOS="1367" WIDTH="99" HEIGHT="36" CONTENT="event," WC="0.78" CC="000714"/>
						<SP ID="P175_SP00109" HPOS="396" VPOS="1407" WIDTH="18"/>
						<String ID="P175_ST00128" HPOS="414" VPOS="1364" WIDTH="120" HEIGHT="40" CONTENT="coming" WC="0.69" CC="220670"/>
						<SP ID="P175_SP00110" HPOS="534" VPOS="1407" WIDTH="21"/>
						<String ID="P175_ST00129" HPOS="555" VPOS="1364" WIDTH="206" HEIGHT="41" CONTENT="immediately" WC="1.00" CC="00000000000"/>
						<SP ID="P175_SP00111" HPOS="761" VPOS="1407" WIDTH="14"/>
						<String ID="P175_ST00130" HPOS="775" VPOS="1364" WIDTH="76" HEIGHT="30" CONTENT="after" WC="0.75" CC="00605"/>
					</TextLine>
					<TextLine ID="P175_TL00021" HPOS="90" VPOS="1432" WIDTH="761" HEIGHT="39">
						<String ID="P175_ST00131" HPOS="90" VPOS="1438" WIDTH="54" HEIGHT="31" CONTENT="the" WC="0.69" CC="071"/>
						<SP ID="P175_SP00112" HPOS="144" VPOS="1469" WIDTH="42"/>
						<String ID="P175_ST00132" HPOS="186" VPOS="1435" WIDTH="139" HEIGHT="31" CONTENT="dreadful" WC="0.74" CC="06000076"/>
						<SP ID="P175_SP00113" HPOS="325" VPOS="1469" WIDTH="41"/>
						<String ID="P175_ST00133" HPOS="366" VPOS="1433" WIDTH="188" HEIGHT="38" CONTENT="catastrophe" WC="0.73" CC="00237053070"/>
						<SP ID="P175_SP00114" HPOS="554" VPOS="1471" WIDTH="34"/>
						<String ID="P175_ST00134" HPOS="588" VPOS="1432" WIDTH="102" HEIGHT="32" CONTENT="which" WC="0.49" CC="97007"/>
						<SP ID="P175_SP00115" HPOS="690" VPOS="1471" WIDTH="35"/>
						<String ID="P175_ST00135" HPOS="725" VPOS="1433" WIDTH="55" HEIGHT="30" CONTENT="has" WC="0.52" CC="706"/>
						<SP ID="P175_SP00116" HPOS="780" VPOS="1471" WIDTH="41"/>
						<String ID="P175_ST00136" HPOS="821" VPOS="1443" WIDTH="30" HEIGHT="20" CONTENT="so" WC="0.39" CC="74"/>
					</TextLine>
				</TextBlock>
			</PrintSpace>
		</Page>
	</Layout>
</alto>
