<?xml version="1.0" encoding="UTF-8"?>
<alto xmlns:xsi="http://www.w3.org/2001/XMLSchema-instance" xsi:noNamespaceSchemaLocation="http://www.bl.uk/schemas/alto/alto-1-4.xsd" xmlns:xlink="http://www.w3.org/1999/xlink">
	<Description>
		<MeasurementUnit>mm10</MeasurementUnit>
		<sourceImageInformation>
			<fileName>//head1/IN/2007-46/A0010904365.1/000040.jp2</fileName>
		</sourceImageInformation>
		<OCRProcessing ID="OCRPROCESSING_1">
			<preProcessingStep>
				<processingSoftware>
					<softwareCreator>CCS Content Conversion Specialists GmbH, Germany</softwareCreator>
					<softwareName>CCS docWORKS</softwareName>
					<softwareVersion>6.1-0.62</softwareVersion>
				</processingSoftware>
			</preProcessingStep>
			<ocrProcessingStep>
				<processingSoftware>
					<softwareCreator>ABBYY (BIT Software), Russia</softwareCreator>
					<softwareName>Finereader</softwareName>
				</processingSoftware>
			</ocrProcessingStep>
		</OCRProcessing>
	</Description>
	<Styles>
		<TextStyle ID="TXT_0" FONTSIZE="11" FONTFAMILY="Courier New"/>
		<TextStyle ID="TXT_1" FONTSIZE="10" FONTFAMILY="Courier New"/>
		<ParagraphStyle ID="PAR_LEFT" ALIGN="Left"/>
		<ParagraphStyle ID="PAR_RIGHT" ALIGN="Right"/>
	</Styles>
	<Layout>
		<Page ID="P28" PHYSICAL_IMG_NR="28" HEIGHT="1638" WIDTH="1019" PRINTED_IMG_NR="10" POSITION="Left" ACCURACY="71.45">
			<TopMargin ID="P28_TM00001" HPOS="0" VPOS="0" WIDTH="1019" HEIGHT="131">
				<TextBlock ID="P28_TB00001" HPOS="155" VPOS="103" WIDTH="33" HEIGHT="24" STYLEREFS="TXT_0 PAR_LEFT">
					<TextLine ID="P28_TL00001" HPOS="155" VPOS="103" WIDTH="33" HEIGHT="24">
						<String ID="P28_ST00001" HPOS="155" VPOS="103" WIDTH="33" HEIGHT="24" CONTENT="10" WC="1.00" CC="00"/>
					</TextLine>
				</TextBlock>
				<TextBlock ID="P28_TB00002" HPOS="406" VPOS="110" WIDTH="263" HEIGHT="21" STYLEREFS="TXT_1 PAR_RIGHT">
					<TextLine ID="P28_TL00002" HPOS="406" VPOS="110" WIDTH="263" HEIGHT="21">
						<String ID="P28_ST00002" HPOS="406" VPOS="112" WIDTH="58" HEIGHT="19" CONTENT="ALL" WC="0.66" CC="036"/>
						<SP ID="P28_SP00001" HPOS="464" VPOS="131" WIDTH="19"/>
						<String ID="P28_ST00003" HPOS="483" VPOS="111" WIDTH="59" HEIGHT="20" CONTENT="FOR" WC="0.38" CC="539"/>
						<SP ID="P28_SP00002" HPOS="542" VPOS="131" WIDTH="19"/>
						<String ID="P28_ST00004" HPOS="561" VPOS="110" WIDTH="108" HEIGHT="21" CONTENT="GREED." WC="0.77" CC="500610"/>
					</TextLine>
				</TextBlock>
			</TopMargin>
			<LeftMargin ID="P28_LM00001" HPOS="0" VPOS="129" WIDTH="154" HEIGHT="1356"/>
			<RightMargin ID="P28_RM00001" HPOS="944" VPOS="129" WIDTH="75" HEIGHT="1356"/>
			<BottomMargin ID="P28_BM00001" HPOS="0" VPOS="1485" WIDTH="1019" HEIGHT="153"/>
			<PrintSpace ID="P28_PS00001" HPOS="154" VPOS="129" WIDTH="790" HEIGHT="1356">
				<TextBlock ID="P28_TB00003" HPOS="154" VPOS="189" WIDTH="781" HEIGHT="882" STYLEREFS="TXT_1 PAR_LEFT">
					<TextLine ID="P28_TL00003" HPOS="203" VPOS="189" WIDTH="725" HEIGHT="49">
						<String ID="P28_ST00005" HPOS="203" VPOS="199" WIDTH="17" HEIGHT="16" CONTENT='"' WC="0.34" CC="6"/>
						<SP ID="P28_SP00003" HPOS="220" VPOS="215" WIDTH="13"/>
						<String ID="P28_ST00006" HPOS="233" VPOS="197" WIDTH="156" HEIGHT="41" CONTENT="Certainly" WC="0.74" CC="406031610"/>
						<SP ID="P28_SP00004" HPOS="389" VPOS="238" WIDTH="26"/>
						<String ID="P28_ST00007" HPOS="415" VPOS="198" WIDTH="127" HEIGHT="39" CONTENT="poultry" WC="0.87" CC="0260000"/>
						<SP ID="P28_SP00005" HPOS="542" VPOS="238" WIDTH="15"/>
						<String ID="P28_ST00008" HPOS="557" VPOS="196" WIDTH="27" HEIGHT="30" CONTENT="is" WC="0.66" CC="06"/>
						<SP ID="P28_SP00006" HPOS="584" VPOS="238" WIDTH="25"/>
						<String ID="P28_ST00009" HPOS="609" VPOS="199" WIDTH="54" HEIGHT="27" CONTENT="out" WC="0.49" CC="275"/>
						<SP ID="P28_SP00007" HPOS="663" VPOS="238" WIDTH="24"/>
						<String ID="P28_ST00010" HPOS="687" VPOS="194" WIDTH="34" HEIGHT="30" CONTENT="of" WC="1.00" CC="00"/>
						<SP ID="P28_SP00008" HPOS="721" VPOS="238" WIDTH="23"/>
						<String ID="P28_ST00011" HPOS="744" VPOS="193" WIDTH="41" HEIGHT="31" CONTENT="all" WC="1.00" CC="000"/>
						<SP ID="P28_SP00009" HPOS="785" VPOS="238" WIDTH="27"/>
						<String ID="P28_ST00012" HPOS="812" VPOS="189" WIDTH="116" HEIGHT="43" CONTENT='price,"' WC="0.72" CC="0400616"/>
					</TextLine>
					<TextLine ID="P28_TL00004" HPOS="156" VPOS="264" WIDTH="773" HEIGHT="44">
						<String ID="P28_ST00013" HPOS="156" VPOS="267" WIDTH="82" HEIGHT="30" CONTENT="cried" WC="0.78" CC="41500"/>
						<SP ID="P28_SP00010" HPOS="238" VPOS="297" WIDTH="11"/>
						<String ID="P28_ST00014" HPOS="249" VPOS="267" WIDTH="128" HEIGHT="41" CONTENT="bitterly" WC="0.68" CC="73301440"/>
						<SP ID="P28_SP00011" HPOS="377" VPOS="308" WIDTH="11"/>
						<String ID="P28_ST00015" HPOS="388" VPOS="278" WIDTH="18" HEIGHT="19" CONTENT="a" WC="1.00" CC="0"/>
						<SP ID="P28_SP00012" HPOS="406" VPOS="308" WIDTH="15"/>
						<String ID="P28_ST00016" HPOS="421" VPOS="266" WIDTH="123" HEIGHT="40" CONTENT="skinny," WC="0.70" CC="2007703"/>
						<SP ID="P28_SP00013" HPOS="544" VPOS="308" WIDTH="12"/>
						<String ID="P28_ST00017" HPOS="556" VPOS="264" WIDTH="232" HEIGHT="32" CONTENT="black-browed" WC="0.79" CC="710000771000"/>
						<SP ID="P28_SP00014" HPOS="788" VPOS="308" WIDTH="11"/>
						<String ID="P28_ST00018" HPOS="799" VPOS="271" WIDTH="130" HEIGHT="27" CONTENT="woman," WC="0.72" CC="000924"/>
					</TextLine>
					<TextLine ID="P28_TL00005" HPOS="156" VPOS="332" WIDTH="777" HEIGHT="44">
						<String ID="P28_ST00019" HPOS="156" VPOS="337" WIDTH="125" HEIGHT="39" CONTENT="looking" WC="0.86" CC="0000170"/>
						<SP ID="P28_SP00015" HPOS="281" VPOS="376" WIDTH="16"/>
						<String ID="P28_ST00020" HPOS="297" VPOS="337" WIDTH="162" HEIGHT="39" CONTENT="enviously" WC="0.61" CC="066045610"/>
						<SP ID="P28_SP00016" HPOS="459" VPOS="376" WIDTH="15"/>
						<String ID="P28_ST00021" HPOS="474" VPOS="339" WIDTH="32" HEIGHT="26" CONTENT="at" WC="0.56" CC="53"/>
						<SP ID="P28_SP00017" HPOS="506" VPOS="376" WIDTH="14"/>
						<String ID="P28_ST00022" HPOS="520" VPOS="336" WIDTH="144" HEIGHT="29" CONTENT="Madame" WC="0.93" CC="040000"/>
						<SP ID="P28_SP00018" HPOS="664" VPOS="376" WIDTH="16"/>
						<String ID="P28_ST00023" HPOS="680" VPOS="333" WIDTH="87" HEIGHT="38" CONTENT="Jean," WC="0.76" CC="40070"/>
						<SP ID="P28_SP00019" HPOS="767" VPOS="376" WIDTH="19"/>
						<String ID="P28_ST00024" HPOS="786" VPOS="332" WIDTH="61" HEIGHT="30" CONTENT="and" WC="0.75" CC="070"/>
						<SP ID="P28_SP00020" HPOS="847" VPOS="376" WIDTH="21"/>
						<String ID="P28_ST00025" HPOS="868" VPOS="334" WIDTH="32" HEIGHT="27" CONTENT="at" WC="1.00" CC="00"/>
						<SP ID="P28_SP00021" HPOS="900" VPOS="376" WIDTH="16"/>
						<String ID="P28_ST00026" HPOS="916" VPOS="341" WIDTH="17" HEIGHT="20" CONTENT="a" WC="0.23" CC="7"/>
					</TextLine>
					<TextLine ID="P28_TL00006" HPOS="155" VPOS="403" WIDTH="776" HEIGHT="43">
						<String ID="P28_ST00027" HPOS="155" VPOS="406" WIDTH="67" HEIGHT="40" CONTENT="pair" WC="0.75" CC="0117"/>
						<SP ID="P28_SP00022" HPOS="222" VPOS="446" WIDTH="20"/>
						<String ID="P28_ST00028" HPOS="242" VPOS="406" WIDTH="34" HEIGHT="30" CONTENT="of" WC="0.90" CC="10"/>
						<SP ID="P28_SP00023" HPOS="276" VPOS="446" WIDTH="18"/>
						<String ID="P28_ST00029" HPOS="294" VPOS="407" WIDTH="83" HEIGHT="39" CONTENT="huge" WC="0.63" CC="7700"/>
						<SP ID="P28_SP00024" HPOS="377" VPOS="446" WIDTH="23"/>
						<String ID="P28_ST00030" HPOS="400" VPOS="404" WIDTH="266" HEIGHT="32" CONTENT="Cochin-Chinese" WC="0.60" CC="40471706736060"/>
						<SP ID="P28_SP00025" HPOS="666" VPOS="446" WIDTH="20"/>
						<String ID="P28_ST00031" HPOS="686" VPOS="403" WIDTH="67" HEIGHT="39" CONTENT="legs" WC="0.83" CC="0006"/>
						<SP ID="P28_SP00026" HPOS="753" VPOS="446" WIDTH="21"/>
						<String ID="P28_ST00032" HPOS="774" VPOS="403" WIDTH="69" HEIGHT="29" CONTENT="that" WC="0.82" CC="0700"/>
						<SP ID="P28_SP00027" HPOS="843" VPOS="446" WIDTH="20"/>
						<String ID="P28_ST00033" HPOS="863" VPOS="412" WIDTH="68" HEIGHT="30" CONTENT="pro" SUBS_TYPE="HypPart1" SUBS_CONTENT="protruded" WC="0.87" CC="0500"/>
						<HYP CONTENT="-"/>
					</TextLine>
					<TextLine ID="P28_TL00007" HPOS="156" VPOS="472" WIDTH="777" HEIGHT="41">
						<String ID="P28_ST00034" HPOS="156" VPOS="476" WIDTH="110" HEIGHT="29" CONTENT="truded" SUBS_TYPE="HypPart2" SUBS_CONTENT="protruded" WC="0.51" CC="577900"/>
						<SP ID="P28_SP00028" HPOS="266" VPOS="505" WIDTH="23"/>
						<String ID="P28_ST00035" HPOS="289" VPOS="475" WIDTH="79" HEIGHT="30" CONTENT="from" WC="0.57" CC="9700"/>
						<SP ID="P28_SP00029" HPOS="368" VPOS="505" WIDTH="23"/>
						<String ID="P28_ST00036" HPOS="391" VPOS="475" WIDTH="56" HEIGHT="30" CONTENT="her" WC="0.51" CC="707"/>
						<SP ID="P28_SP00030" HPOS="447" VPOS="505" WIDTH="23"/>
						<String ID="P28_ST00037" HPOS="470" VPOS="475" WIDTH="118" HEIGHT="30" CONTENT="basket." WC="0.59" CC="7065052"/>
						<SP ID="P28_SP00031" HPOS="588" VPOS="505" WIDTH="50"/>
						<String ID="P28_ST00038" HPOS="638" VPOS="475" WIDTH="18" HEIGHT="16" CONTENT='"' WC="0.71" CC="2"/>
						<SP ID="P28_SP00032" HPOS="656" VPOS="505" WIDTH="13"/>
						<String ID="P28_ST00039" HPOS="669" VPOS="473" WIDTH="61" HEIGHT="30" CONTENT="We" WC="1.00" CC="00"/>
						<SP ID="P28_SP00033" HPOS="730" VPOS="505" WIDTH="27"/>
						<String ID="P28_ST00040" HPOS="757" VPOS="483" WIDTH="43" HEIGHT="30" CONTENT="up" WC="0.59" CC="80"/>
						<SP ID="P28_SP00034" HPOS="800" VPOS="513" WIDTH="24"/>
						<String ID="P28_ST00041" HPOS="824" VPOS="475" WIDTH="33" HEIGHT="27" CONTENT="at" WC="0.39" CC="56"/>
						<SP ID="P28_SP00035" HPOS="857" VPOS="513" WIDTH="23"/>
						<String ID="P28_ST00042" HPOS="880" VPOS="472" WIDTH="53" HEIGHT="30" CONTENT="the" WC="0.56" CC="075"/>
					</TextLine>
					<TextLine ID="P28_TL00008" HPOS="156" VPOS="542" WIDTH="777" HEIGHT="42">
						<String ID="P28_ST00043" HPOS="156" VPOS="545" WIDTH="110" HEIGHT="29" CONTENT="Mairie" WC="0.92" CC="000310"/>
						<SP ID="P28_SP00036" HPOS="266" VPOS="574" WIDTH="22"/>
						<String ID="P28_ST00044" HPOS="288" VPOS="545" WIDTH="126" HEIGHT="29" CONTENT="haven't" WC="0.54" CC="7760603"/>
						<SP ID="P28_SP00037" HPOS="414" VPOS="574" WIDTH="20"/>
						<String ID="P28_ST00045" HPOS="434" VPOS="555" WIDTH="79" HEIGHT="29" CONTENT="gone" WC="0.81" CC="0070"/>
						<SP ID="P28_SP00038" HPOS="513" VPOS="584" WIDTH="16"/>
						<String ID="P28_ST00046" HPOS="529" VPOS="547" WIDTH="55" HEIGHT="27" CONTENT="out" WC="0.55" CC="076"/>
						<SP ID="P28_SP00039" HPOS="584" VPOS="584" WIDTH="24"/>
						<String ID="P28_ST00047" HPOS="608" VPOS="544" WIDTH="34" HEIGHT="30" CONTENT="of" WC="1.00" CC="00"/>
						<SP ID="P28_SP00040" HPOS="642" VPOS="584" WIDTH="21"/>
						<String ID="P28_ST00048" HPOS="663" VPOS="542" WIDTH="74" HEIGHT="32" CONTENT="beef" WC="0.81" CC="7000"/>
						<SP ID="P28_SP00041" HPOS="737" VPOS="584" WIDTH="21"/>
						<String ID="P28_ST00049" HPOS="758" VPOS="542" WIDTH="61" HEIGHT="31" CONTENT="and" WC="0.52" CC="076"/>
						<SP ID="P28_SP00042" HPOS="819" VPOS="584" WIDTH="22"/>
						<String ID="P28_ST00050" HPOS="841" VPOS="552" WIDTH="92" HEIGHT="30" CONTENT="vege" SUBS_TYPE="HypPart1" SUBS_CONTENT="vegetables" WC="0.86" CC="70000"/>
						<HYP CONTENT="-"/>
					</TextLine>
					<TextLine ID="P28_TL00009" HPOS="156" VPOS="613" WIDTH="778" HEIGHT="39">
						<String ID="P28_ST00051" HPOS="156" VPOS="613" WIDTH="99" HEIGHT="30" CONTENT="tables" SUBS_TYPE="HypPart2" SUBS_CONTENT="vegetables" WC="0.63" CC="707006"/>
						<SP ID="P28_SP00043" HPOS="255" VPOS="643" WIDTH="29"/>
						<String ID="P28_ST00052" HPOS="284" VPOS="613" WIDTH="47" HEIGHT="30" CONTENT="for" WC="0.61" CC="056"/>
						<SP ID="P28_SP00044" HPOS="331" VPOS="643" WIDTH="31"/>
						<String ID="P28_ST00053" HPOS="362" VPOS="613" WIDTH="16" HEIGHT="29" CONTENT="I" WC="0.79" CC="2"/>
						<SP ID="P28_SP00045" HPOS="378" VPOS="643" WIDTH="32"/>
						<String ID="P28_ST00054" HPOS="410" VPOS="613" WIDTH="86" HEIGHT="30" CONTENT="don't" WC="0.83" CC="00700"/>
						<SP ID="P28_SP00046" HPOS="496" VPOS="643" WIDTH="30"/>
						<String ID="P28_ST00055" HPOS="526" VPOS="613" WIDTH="92" HEIGHT="30" CONTENT="know" WC="0.74" CC="3700"/>
						<SP ID="P28_SP00047" HPOS="618" VPOS="643" WIDTH="24"/>
						<String ID="P28_ST00056" HPOS="642" VPOS="613" WIDTH="72" HEIGHT="30" CONTENT="how" WC="0.75" CC="700"/>
						<SP ID="P28_SP00048" HPOS="714" VPOS="643" WIDTH="20"/>
						<String ID="P28_ST00057" HPOS="734" VPOS="613" WIDTH="75" HEIGHT="39" CONTENT="long" WC="0.60" CC="0474"/>
						<String ID="P28_ST00058" HPOS="822" VPOS="622" WIDTH="7" HEIGHT="29" CONTENT=";" WC="1.00" CC="0"/>
						<String ID="P28_ST00059" HPOS="832" VPOS="631" WIDTH="42" HEIGHT="3" CONTENT="—" WC="0.20" CC="8"/>
						<String ID="P28_ST00060" HPOS="875" VPOS="613" WIDTH="59" HEIGHT="29" CONTENT="and" WC="0.49" CC="077"/>
					</TextLine>
					<TextLine ID="P28_TL00010" HPOS="155" VPOS="682" WIDTH="779" HEIGHT="41">
						<String ID="P28_ST00061" HPOS="155" VPOS="683" WIDTH="77" HEIGHT="38" CONTENT="beef," WC="0.70" CC="70051"/>
						<SP ID="P28_SP00049" HPOS="232" VPOS="721" WIDTH="15"/>
						<String ID="P28_ST00062" HPOS="247" VPOS="694" WIDTH="42" HEIGHT="29" CONTENT="up" WC="0.63" CC="70"/>
						<SP ID="P28_SP00050" HPOS="289" VPOS="723" WIDTH="16"/>
						<String ID="P28_ST00063" HPOS="305" VPOS="693" WIDTH="70" HEIGHT="20" CONTENT="now" WC="0.70" CC="710"/>
						<SP ID="P28_SP00051" HPOS="375" VPOS="723" WIDTH="19"/>
						<String ID="P28_ST00064" HPOS="394" VPOS="686" WIDTH="32" HEIGHT="26" CONTENT="at" WC="0.60" CC="07"/>
						<SP ID="P28_SP00052" HPOS="426" VPOS="723" WIDTH="22"/>
						<String ID="P28_ST00065" HPOS="448" VPOS="682" WIDTH="136" HEIGHT="31" CONTENT="thirteen" WC="0.60" CC="96070007"/>
						<SP ID="P28_SP00053" HPOS="584" VPOS="723" WIDTH="24"/>
						<String ID="P28_ST00066" HPOS="608" VPOS="693" WIDTH="79" HEIGHT="28" CONTENT="sous," WC="0.63" CC="30752"/>
						<SP ID="P28_SP00054" HPOS="687" VPOS="723" WIDTH="16"/>
						<String ID="P28_ST00067" HPOS="703" VPOS="693" WIDTH="58" HEIGHT="19" CONTENT="one" WC="0.62" CC="470"/>
						<SP ID="P28_SP00055" HPOS="761" VPOS="723" WIDTH="16"/>
						<String ID="P28_ST00068" HPOS="777" VPOS="683" WIDTH="85" HEIGHT="29" CONTENT="franc" WC="0.65" CC="90070"/>
						<SP ID="P28_SP00056" HPOS="862" VPOS="723" WIDTH="23"/>
						<String ID="P28_ST00069" HPOS="885" VPOS="683" WIDTH="49" HEIGHT="29" CONTENT="six" WC="0.81" CC="320"/>
					</TextLine>
					<TextLine ID="P28_TL00011" HPOS="156" VPOS="752" WIDTH="778" HEIGHT="41">
						<String ID="P28_ST00070" HPOS="156" VPOS="764" WIDTH="17" HEIGHT="19" CONTENT="a" WC="1.00" CC="0"/>
						<SP ID="P28_SP00057" HPOS="173" VPOS="783" WIDTH="15"/>
						<String ID="P28_ST00071" HPOS="188" VPOS="753" WIDTH="73" HEIGHT="38" CONTENT="kilo," WC="0.84" CC="02203"/>
						<SP ID="P28_SP00058" HPOS="261" VPOS="791" WIDTH="12"/>
						<String ID="P28_ST00072" HPOS="273" VPOS="763" WIDTH="33" HEIGHT="20" CONTENT="as" WC="0.66" CC="06"/>
						<SP ID="P28_SP00059" HPOS="306" VPOS="791" WIDTH="20"/>
						<String ID="P28_ST00073" HPOS="326" VPOS="753" WIDTH="75" HEIGHT="40" CONTENT="they" WC="0.64" CC="6700"/>
						<SP ID="P28_SP00060" HPOS="401" VPOS="793" WIDTH="15"/>
						<String ID="P28_ST00074" HPOS="416" VPOS="752" WIDTH="66" HEIGHT="32" CONTENT="will" WC="0.90" CC="0210"/>
						<SP ID="P28_SP00061" HPOS="482" VPOS="793" WIDTH="16"/>
						<String ID="P28_ST00075" HPOS="498" VPOS="752" WIDTH="58" HEIGHT="31" CONTENT="call" WC="0.87" CC="0050"/>
						<SP ID="P28_SP00062" HPOS="556" VPOS="793" WIDTH="20"/>
						<String ID="P28_ST00076" HPOS="576" VPOS="752" WIDTH="27" HEIGHT="32" CONTENT="it" WC="0.89" CC="02"/>
						<String ID="P28_ST00077" HPOS="615" VPOS="762" WIDTH="7" HEIGHT="30" CONTENT=";" WC="1.00" CC="0"/>
						<String ID="P28_ST00078" HPOS="625" VPOS="772" WIDTH="44" HEIGHT="3" CONTENT="—" WC="0.20" CC="8"/>
						<String ID="P28_ST00079" HPOS="669" VPOS="752" WIDTH="72" HEIGHT="32" CONTENT="well" WC="0.75" CC="9000"/>
						<String ID="P28_ST00080" HPOS="756" VPOS="753" WIDTH="6" HEIGHT="31" CONTENT="!" WC="0.82" CC="1"/>
						<SP ID="P28_SP00063" HPOS="762" VPOS="793" WIDTH="25"/>
						<String ID="P28_ST00081" HPOS="787" VPOS="753" WIDTH="17" HEIGHT="30" CONTENT="I" WC="1.00" CC="0"/>
						<SP ID="P28_SP00064" HPOS="804" VPOS="793" WIDTH="15"/>
						<String ID="P28_ST00082" HPOS="819" VPOS="753" WIDTH="115" HEIGHT="31" CONTENT="reckon" WC="0.72" CC="004506"/>
					</TextLine>
					<TextLine ID="P28_TL00012" HPOS="156" VPOS="823" WIDTH="779" HEIGHT="40">
						<String ID="P28_ST00083" HPOS="156" VPOS="823" WIDTH="43" HEIGHT="40" CONTENT="by" WC="0.65" CC="70"/>
						<SP ID="P28_SP00065" HPOS="199" VPOS="863" WIDTH="19"/>
						<String ID="P28_ST00084" HPOS="218" VPOS="823" WIDTH="121" HEIGHT="40" CONTENT="pounds" WC="0.67" CC="006606"/>
						<SP ID="P28_SP00066" HPOS="339" VPOS="863" WIDTH="22"/>
						<String ID="P28_ST00085" HPOS="361" VPOS="823" WIDTH="61" HEIGHT="30" CONTENT="and" WC="0.75" CC="070"/>
						<SP ID="P28_SP00067" HPOS="422" VPOS="863" WIDTH="26"/>
						<String ID="P28_ST00086" HPOS="448" VPOS="834" WIDTH="80" HEIGHT="27" CONTENT="sous," WC="0.57" CC="40762"/>
						<SP ID="P28_SP00068" HPOS="528" VPOS="863" WIDTH="20"/>
						<String ID="P28_ST00087" HPOS="548" VPOS="823" WIDTH="16" HEIGHT="30" CONTENT="I" WC="1.00" CC="0"/>
						<SP ID="P28_SP00069" HPOS="564" VPOS="863" WIDTH="28"/>
						<String ID="P28_ST00088" HPOS="592" VPOS="823" WIDTH="83" HEIGHT="31" CONTENT="can't" WC="0.85" CC="00700"/>
						<SP ID="P28_SP00070" HPOS="675" VPOS="863" WIDTH="22"/>
						<String ID="P28_ST00089" HPOS="697" VPOS="823" WIDTH="73" HEIGHT="30" CONTENT="take" WC="1.00" CC="0000"/>
						<SP ID="P28_SP00071" HPOS="770" VPOS="863" WIDTH="26"/>
						<String ID="P28_ST00090" HPOS="796" VPOS="826" WIDTH="33" HEIGHT="28" CONTENT="to" WC="0.83" CC="03"/>
						<SP ID="P28_SP00072" HPOS="829" VPOS="863" WIDTH="26"/>
						<String ID="P28_ST00091" HPOS="855" VPOS="823" WIDTH="80" HEIGHT="30" CONTENT="their" WC="0.67" CC="71025"/>
					</TextLine>
					<TextLine ID="P28_TL00013" HPOS="156" VPOS="893" WIDTH="778" HEIGHT="40">
						<String ID="P28_ST00092" HPOS="156" VPOS="903" WIDTH="68" HEIGHT="20" CONTENT="new" WC="1.00" CC="000"/>
						<SP ID="P28_SP00073" HPOS="224" VPOS="923" WIDTH="31"/>
						<String ID="P28_ST00093" HPOS="255" VPOS="903" WIDTH="94" HEIGHT="30" CONTENT="ways," WC="0.78" CC="00064"/>
						<SP ID="P28_SP00074" HPOS="349" VPOS="933" WIDTH="25"/>
						<String ID="P28_ST00094" HPOS="374" VPOS="893" WIDTH="121" HEIGHT="40" CONTENT="though" WC="0.54" CC="075707"/>
						<SP ID="P28_SP00075" HPOS="495" VPOS="933" WIDTH="39"/>
						<String ID="P28_ST00095" HPOS="534" VPOS="893" WIDTH="16" HEIGHT="29" CONTENT="I" WC="0.94" CC="0"/>
						<SP ID="P28_SP00076" HPOS="550" VPOS="933" WIDTH="39"/>
						<String ID="P28_ST00096" HPOS="589" VPOS="894" WIDTH="38" HEIGHT="29" CONTENT="do" WC="0.88" CC="02"/>
						<SP ID="P28_SP00077" HPOS="627" VPOS="933" WIDTH="37"/>
						<String ID="P28_ST00097" HPOS="664" VPOS="894" WIDTH="115" HEIGHT="39" CONTENT="belong" WC="0.73" CC="700260"/>
						<SP ID="P28_SP00078" HPOS="779" VPOS="933" WIDTH="37"/>
						<String ID="P28_ST00098" HPOS="816" VPOS="896" WIDTH="32" HEIGHT="28" CONTENT="to" WC="0.98" CC="00"/>
						<SP ID="P28_SP00079" HPOS="848" VPOS="933" WIDTH="34"/>
						<String ID="P28_ST00099" HPOS="882" VPOS="894" WIDTH="52" HEIGHT="30" CONTENT="the" WC="0.51" CC="076"/>
					</TextLine>
					<TextLine ID="P28_TL00014" HPOS="157" VPOS="962" WIDTH="778" HEIGHT="42">
						<String ID="P28_ST00100" HPOS="157" VPOS="962" WIDTH="290" HEIGHT="31" CONTENT='Administration."' WC="0.70" CC="0601706060450702"/>
						<SP ID="P28_SP00080" HPOS="447" VPOS="993" WIDTH="29"/>
						<String ID="P28_ST00101" HPOS="476" VPOS="963" WIDTH="45" HEIGHT="30" CONTENT="At" WC="0.85" CC="02"/>
						<SP ID="P28_SP00081" HPOS="521" VPOS="993" WIDTH="26"/>
						<String ID="P28_ST00102" HPOS="547" VPOS="963" WIDTH="64" HEIGHT="31" CONTENT="this" WC="0.69" CC="0722"/>
						<SP ID="P28_SP00082" HPOS="611" VPOS="994" WIDTH="14"/>
						<String ID="P28_ST00103" HPOS="625" VPOS="964" WIDTH="55" HEIGHT="30" CONTENT="the" WC="0.75" CC="070"/>
						<SP ID="P28_SP00083" HPOS="680" VPOS="994" WIDTH="27"/>
						<String ID="P28_ST00104" HPOS="707" VPOS="964" WIDTH="129" HEIGHT="40" CONTENT="speaker" WC="0.58" CC="6040566"/>
						<SP ID="P28_SP00084" HPOS="836" VPOS="1004" WIDTH="16"/>
						<String ID="P28_ST00105" HPOS="852" VPOS="965" WIDTH="83" HEIGHT="29" CONTENT="drew" WC="0.87" CC="0500"/>
					</TextLine>
					<TextLine ID="P28_TL00015" HPOS="157" VPOS="1032" WIDTH="407" HEIGHT="39">
						<String ID="P28_ST00106" HPOS="157" VPOS="1032" WIDTH="117" HEIGHT="30" CONTENT="herself" WC="0.73" CC="6046100"/>
						<SP ID="P28_SP00085" HPOS="274" VPOS="1062" WIDTH="20"/>
						<String ID="P28_ST00107" HPOS="294" VPOS="1043" WIDTH="42" HEIGHT="28" CONTENT="up" WC="0.63" CC="70"/>
						<SP ID="P28_SP00086" HPOS="336" VPOS="1071" WIDTH="25"/>
						<String ID="P28_ST00108" HPOS="361" VPOS="1032" WIDTH="78" HEIGHT="31" CONTENT="with" WC="0.35" CC="9347"/>
						<SP ID="P28_SP00087" HPOS="439" VPOS="1071" WIDTH="26"/>
						<String ID="P28_ST00109" HPOS="465" VPOS="1032" WIDTH="99" HEIGHT="39" CONTENT="pride." WC="0.92" CC="040000"/>
					</TextLine>
				</TextBlock>
				<TextBlock ID="P28_TB00004" HPOS="156" VPOS="1100" WIDTH="783" HEIGHT="181" STYLEREFS="TXT_1 PAR_LEFT">
					<TextLine ID="P28_TL00016" HPOS="206" VPOS="1101" WIDTH="732" HEIGHT="42">
						<String ID="P28_ST00110" HPOS="206" VPOS="1104" WIDTH="17" HEIGHT="14" CONTENT='"' WC="0.95" CC="0"/>
						<SP ID="P28_SP00088" HPOS="223" VPOS="1118" WIDTH="16"/>
						<String ID="P28_ST00111" HPOS="239" VPOS="1101" WIDTH="96" HEIGHT="39" CONTENT='Yes,"' WC="0.64" CC="40633"/>
						<SP ID="P28_SP00089" HPOS="335" VPOS="1140" WIDTH="15"/>
						<String ID="P28_ST00112" HPOS="350" VPOS="1102" WIDTH="65" HEIGHT="30" CONTENT="said" WC="0.76" CC="6030"/>
						<SP ID="P28_SP00090" HPOS="415" VPOS="1140" WIDTH="12"/>
						<String ID="P28_ST00113" HPOS="427" VPOS="1102" WIDTH="147" HEIGHT="31" CONTENT="Madame" WC="0.90" CC="000500"/>
						<SP ID="P28_SP00091" HPOS="574" VPOS="1140" WIDTH="16"/>
						<String ID="P28_ST00114" HPOS="590" VPOS="1104" WIDTH="89" HEIGHT="39" CONTENT="Jean," WC="0.71" CC="30073"/>
						<SP ID="P28_SP00092" HPOS="679" VPOS="1143" WIDTH="17"/>
						<String ID="P28_ST00115" HPOS="696" VPOS="1104" WIDTH="18" HEIGHT="17" CONTENT='"' WC="0.47" CC="5"/>
						<SP ID="P28_SP00093" HPOS="714" VPOS="1143" WIDTH="13"/>
						<String ID="P28_ST00116" HPOS="727" VPOS="1104" WIDTH="75" HEIGHT="30" CONTENT="beef" WC="0.81" CC="7000"/>
						<SP ID="P28_SP00094" HPOS="802" VPOS="1143" WIDTH="11"/>
						<String ID="P28_ST00117" HPOS="813" VPOS="1104" WIDTH="28" HEIGHT="30" CONTENT="is" WC="0.46" CC="46"/>
						<SP ID="P28_SP00095" HPOS="841" VPOS="1143" WIDTH="16"/>
						<String ID="P28_ST00118" HPOS="857" VPOS="1105" WIDTH="81" HEIGHT="37" CONTENT="dear," WC="0.87" CC="00060"/>
					</TextLine>
					<TextLine ID="P28_TL00017" HPOS="157" VPOS="1171" WIDTH="782" HEIGHT="44">
						<String ID="P28_ST00119" HPOS="157" VPOS="1171" WIDTH="60" HEIGHT="30" CONTENT="and" WC="0.75" CC="070"/>
						<SP ID="P28_SP00096" HPOS="217" VPOS="1201" WIDTH="15"/>
						<String ID="P28_ST00120" HPOS="232" VPOS="1171" WIDTH="68" HEIGHT="31" CONTENT="veal" WC="0.80" CC="5200"/>
						<SP ID="P28_SP00097" HPOS="300" VPOS="1202" WIDTH="24"/>
						<String ID="P28_ST00121" HPOS="324" VPOS="1171" WIDTH="26" HEIGHT="31" CONTENT="is" WC="0.41" CC="46"/>
						<SP ID="P28_SP00098" HPOS="350" VPOS="1202" WIDTH="24"/>
						<String ID="P28_ST00122" HPOS="374" VPOS="1171" WIDTH="69" HEIGHT="40" CONTENT="bad," WC="0.71" CC="7003"/>
						<String ID="P28_ST00123" HPOS="446" VPOS="1192" WIDTH="43" HEIGHT="3" CONTENT="—" WC="0.20" CC="8"/>
						<String ID="P28_ST00124" HPOS="490" VPOS="1173" WIDTH="41" HEIGHT="31" CONTENT="all" WC="1.00" CC="000"/>
						<SP ID="P28_SP00099" HPOS="531" VPOS="1211" WIDTH="25"/>
						<String ID="P28_ST00125" HPOS="556" VPOS="1173" WIDTH="115" HEIGHT="41" CONTENT="strings" WC="0.48" CC="6663705"/>
						<SP ID="P28_SP00100" HPOS="671" VPOS="1214" WIDTH="13"/>
						<String ID="P28_ST00126" HPOS="684" VPOS="1183" WIDTH="7" HEIGHT="31" CONTENT=";" WC="0.79" CC="2"/>
						<String ID="P28_ST00127" HPOS="693" VPOS="1193" WIDTH="43" HEIGHT="3" CONTENT="—" WC="0.20" CC="8"/>
						<String ID="P28_ST00128" HPOS="737" VPOS="1175" WIDTH="62" HEIGHT="29" CONTENT="and" WC="0.57" CC="570"/>
						<SP ID="P28_SP00101" HPOS="799" VPOS="1214" WIDTH="15"/>
						<String ID="P28_ST00129" HPOS="814" VPOS="1175" WIDTH="125" HEIGHT="40" CONTENT="poultry" WC="0.77" CC="0170070"/>
					</TextLine>
					<TextLine ID="P28_TL00018" HPOS="157" VPOS="1241" WIDTH="563" HEIGHT="40">
						<String ID="P28_ST00130" HPOS="157" VPOS="1241" WIDTH="26" HEIGHT="29" CONTENT="is" WC="0.77" CC="04"/>
						<SP ID="P28_SP00102" HPOS="183" VPOS="1270" WIDTH="17"/>
						<String ID="P28_ST00131" HPOS="200" VPOS="1241" WIDTH="79" HEIGHT="38" CONTENT="dear," WC="0.89" CC="00031"/>
						<SP ID="P28_SP00103" HPOS="279" VPOS="1279" WIDTH="19"/>
						<String ID="P28_ST00132" HPOS="298" VPOS="1242" WIDTH="60" HEIGHT="28" CONTENT="and" WC="0.76" CC="070"/>
						<SP ID="P28_SP00104" HPOS="358" VPOS="1279" WIDTH="15"/>
						<String ID="P28_ST00133" HPOS="373" VPOS="1242" WIDTH="186" HEIGHT="39" CONTENT="everything" WC="0.51" CC="0705067578"/>
						<SP ID="P28_SP00105" HPOS="559" VPOS="1281" WIDTH="15"/>
						<String ID="P28_ST00134" HPOS="574" VPOS="1242" WIDTH="27" HEIGHT="32" CONTENT="is" WC="0.73" CC="05"/>
						<SP ID="P28_SP00106" HPOS="601" VPOS="1281" WIDTH="16"/>
						<String ID="P28_ST00135" HPOS="617" VPOS="1244" WIDTH="103" HEIGHT="30" CONTENT='dear."' WC="0.90" CC="000013"/>
					</TextLine>
				</TextBlock>
				<TextBlock ID="P28_TB00005" HPOS="160" VPOS="1309" WIDTH="784" HEIGHT="176" STYLEREFS="TXT_1 PAR_LEFT">
					<TextLine ID="P28_TL00019" HPOS="205" VPOS="1311" WIDTH="735" HEIGHT="41">
						<String ID="P28_ST00136" HPOS="205" VPOS="1312" WIDTH="18" HEIGHT="16" CONTENT='"' WC="1.00" CC="0"/>
						<SP ID="P28_SP00107" HPOS="223" VPOS="1328" WIDTH="10"/>
						<String ID="P28_ST00137" HPOS="233" VPOS="1311" WIDTH="65" HEIGHT="30" CONTENT="But" WC="0.32" CC="676"/>
						<SP ID="P28_SP00108" HPOS="298" VPOS="1341" WIDTH="17"/>
						<String ID="P28_ST00138" HPOS="315" VPOS="1311" WIDTH="133" HEIGHT="41" CONTENT="nothing" WC="0.63" CC="7037160"/>
						<SP ID="P28_SP00109" HPOS="448" VPOS="1352" WIDTH="14"/>
						<String ID="P28_ST00139" HPOS="462" VPOS="1311" WIDTH="27" HEIGHT="31" CONTENT="is" WC="0.42" CC="46"/>
						<SP ID="P28_SP00110" HPOS="489" VPOS="1352" WIDTH="25"/>
						<String ID="P28_ST00140" HPOS="514" VPOS="1314" WIDTH="51" HEIGHT="28" CONTENT="too" WC="0.71" CC="205"/>
						<SP ID="P28_SP00111" HPOS="565" VPOS="1352" WIDTH="28"/>
						<String ID="P28_ST00141" HPOS="593" VPOS="1314" WIDTH="73" HEIGHT="29" CONTENT="dear" WC="0.82" CC="0006"/>
						<SP ID="P28_SP00112" HPOS="666" VPOS="1352" WIDTH="27"/>
						<String ID="P28_ST00142" HPOS="693" VPOS="1314" WIDTH="48" HEIGHT="30" CONTENT="for" WC="0.73" CC="025"/>
						<SP ID="P28_SP00113" HPOS="741" VPOS="1352" WIDTH="24"/>
						<String ID="P28_ST00143" HPOS="765" VPOS="1314" WIDTH="31" HEIGHT="31" CONTENT="la" WC="0.70" CC="60"/>
						<SP ID="P28_SP00114" HPOS="796" VPOS="1352" WIDTH="24"/>
						<String ID="P28_ST00144" HPOS="820" VPOS="1315" WIDTH="120" HEIGHT="32" CONTENT="maison" WC="0.75" CC="001606"/>
					</TextLine>
					<TextLine ID="P28_TL00020" HPOS="161" VPOS="1380" WIDTH="778" HEIGHT="45">
						<String ID="P28_ST00145" HPOS="161" VPOS="1380" WIDTH="162" HEIGHT="39" CONTENT='Prevost,"' WC="0.65" CC="760706012"/>
						<SP ID="P28_SP00115" HPOS="323" VPOS="1419" WIDTH="18"/>
						<String ID="P28_ST00146" HPOS="341" VPOS="1380" WIDTH="194" HEIGHT="41" CONTENT="interrupted" WC="0.74" CC="07504370000"/>
						<SP ID="P28_SP00116" HPOS="535" VPOS="1421" WIDTH="15"/>
						<String ID="P28_ST00147" HPOS="550" VPOS="1383" WIDTH="53" HEIGHT="30" CONTENT="the" WC="0.76" CC="070"/>
						<SP ID="P28_SP00117" HPOS="603" VPOS="1421" WIDTH="16"/>
						<String ID="P28_ST00148" HPOS="619" VPOS="1394" WIDTH="157" HEIGHT="31" CONTENT="purveyor" WC="0.66" CC="07570006"/>
						<SP ID="P28_SP00118" HPOS="776" VPOS="1425" WIDTH="16"/>
						<String ID="P28_ST00149" HPOS="792" VPOS="1386" WIDTH="34" HEIGHT="29" CONTENT="of" WC="0.95" CC="10"/>
						<SP ID="P28_SP00119" HPOS="826" VPOS="1425" WIDTH="23"/>
						<String ID="P28_ST00150" HPOS="849" VPOS="1386" WIDTH="90" HEIGHT="30" CONTENT="Mon" SUBS_TYPE="HypPart1" SUBS_CONTENT="Monsieur" WC="0.82" CC="0070"/>
						<HYP CONTENT="-"/>
					</TextLine>
					<TextLine ID="P28_TL00021" HPOS="165" VPOS="1449" WIDTH="779" HEIGHT="36">
						<String ID="P28_ST00151" HPOS="165" VPOS="1449" WIDTH="83" HEIGHT="32" CONTENT="sieur" SUBS_TYPE="HypPart2" SUBS_CONTENT="Monsieur" WC="0.38" CC="75089"/>
						<SP ID="P28_SP00120" HPOS="248" VPOS="1481" WIDTH="23"/>
						<String ID="P28_ST00152" HPOS="271" VPOS="1450" WIDTH="28" HEIGHT="30" CONTENT="le" WC="0.95" CC="01"/>
						<SP ID="P28_SP00121" HPOS="299" VPOS="1481" WIDTH="21"/>
						<String ID="P28_ST00153" HPOS="320" VPOS="1450" WIDTH="108" HEIGHT="30" CONTENT="Maire." WC="0.75" CC="014530"/>
						<SP ID="P28_SP00122" HPOS="428" VPOS="1481" WIDTH="51"/>
						<String ID="P28_ST00154" HPOS="479" VPOS="1452" WIDTH="117" HEIGHT="31" CONTENT='"Mere' WC="0.82" CC="00061"/>
						<SP ID="P28_SP00123" HPOS="596" VPOS="1483" WIDTH="16"/>
						<String ID="P28_ST00155" HPOS="612" VPOS="1452" WIDTH="116" HEIGHT="32" CONTENT="Jubine" WC="0.56" CC="577060"/>
						<SP ID="P28_SP00124" HPOS="728" VPOS="1484" WIDTH="15"/>
						<String ID="P28_ST00156" HPOS="743" VPOS="1454" WIDTH="71" HEIGHT="31" CONTENT="well" WC="0.61" CC="0762"/>
						<SP ID="P28_SP00125" HPOS="814" VPOS="1485" WIDTH="21"/>
						<String ID="P28_ST00157" HPOS="835" VPOS="1456" WIDTH="109" HEIGHT="29" CONTENT="knows" WC="0.60" CC="67006"/>
					</TextLine>
				</TextBlock>
			</PrintSpace>
		</Page>
	</Layout>
</alto>
