<?xml version="1.0" encoding="UTF-8"?>
<alto xmlns:xsi="http://www.w3.org/2001/XMLSchema-instance" xsi:noNamespaceSchemaLocation="http://www.bl.uk/schemas/alto/alto-1-4.xsd" xmlns:xlink="http://www.w3.org/1999/xlink">
	<Description>
		<MeasurementUnit>mm10</MeasurementUnit>
		<sourceImageInformation>
			<fileName>//head1/IN/2007-46/A0010904365.1/000235.jp2</fileName>
		</sourceImageInformation>
		<OCRProcessing ID="OCRPROCESSING_1">
			<preProcessingStep>
				<processingSoftware>
					<softwareCreator>CCS Content Conversion Specialists GmbH, Germany</softwareCreator>
					<softwareName>CCS docWORKS</softwareName>
					<softwareVersion>6.1-0.62</softwareVersion>
				</processingSoftware>
			</preProcessingStep>
			<ocrProcessingStep>
				<processingSoftware>
					<softwareCreator>ABBYY (BIT Software), Russia</softwareCreator>
					<softwareName>Finereader</softwareName>
				</processingSoftware>
			</ocrProcessingStep>
		</OCRProcessing>
	</Description>
	<Styles>
		<TextStyle ID="TXT_0" FONTSIZE="10" FONTFAMILY="Courier New"/>
		<ParagraphStyle ID="PAR_CENTER" ALIGN="Center"/>
		<ParagraphStyle ID="PAR_LEFT" ALIGN="Left"/>
	</Styles>
	<Layout>
		<Page ID="P219" PHYSICAL_IMG_NR="219" HEIGHT="1638" WIDTH="1019" POSITION="Right" ACCURACY="71.04">
			<TopMargin ID="P219_TM00001" HPOS="0" VPOS="0" WIDTH="1019" HEIGHT="554"/>
			<LeftMargin ID="P219_LM00001" HPOS="0" VPOS="554" WIDTH="125" HEIGHT="925"/>
			<RightMargin ID="P219_RM00001" HPOS="890" VPOS="554" WIDTH="129" HEIGHT="925"/>
			<BottomMargin ID="P219_BM00001" HPOS="0" VPOS="1479" WIDTH="1019" HEIGHT="159"/>
			<PrintSpace ID="P219_PS00001" HPOS="125" VPOS="554" WIDTH="765" HEIGHT="925">
				<TextBlock ID="P219_TB00001" HPOS="375" VPOS="554" WIDTH="264" HEIGHT="31" STYLEREFS="TXT_0 PAR_CENTER">
					<TextLine ID="P219_TL00001" HPOS="377" VPOS="555" WIDTH="262" HEIGHT="30">
						<String ID="P219_ST00001" HPOS="377" VPOS="555" WIDTH="199" HEIGHT="30" CONTENT="CHAPTER" WC="0.62" CC="3707007"/>
						<SP ID="P219_SP00001" HPOS="576" VPOS="585" WIDTH="24"/>
						<String ID="P219_ST00002" HPOS="600" VPOS="556" WIDTH="39" HEIGHT="29" CONTENT="X." WC="1.00" CC="00"/>
					</TextLine>
				</TextBlock>
				<TextBlock ID="P219_TB00002" HPOS="285" VPOS="661" WIDTH="443" HEIGHT="21" STYLEREFS="TXT_0 PAR_CENTER">
					<TextLine ID="P219_TL00002" HPOS="286" VPOS="661" WIDTH="442" HEIGHT="21">
						<String ID="P219_ST00003" HPOS="286" VPOS="661" WIDTH="59" HEIGHT="21" CONTENT="THE" WC="0.40" CC="476"/>
						<SP ID="P219_SP00002" HPOS="345" VPOS="682" WIDTH="23"/>
						<String ID="P219_ST00004" HPOS="368" VPOS="662" WIDTH="90" HEIGHT="20" CONTENT="FEAST" WC="0.62" CC="70055"/>
						<SP ID="P219_SP00003" HPOS="458" VPOS="682" WIDTH="22"/>
						<String ID="P219_ST00005" HPOS="480" VPOS="662" WIDTH="58" HEIGHT="20" CONTENT="FOR" WC="0.52" CC="607"/>
						<SP ID="P219_SP00004" HPOS="538" VPOS="682" WIDTH="21"/>
						<String ID="P219_ST00006" HPOS="559" VPOS="663" WIDTH="59" HEIGHT="19" CONTENT="THE" WC="0.57" CC="066"/>
						<SP ID="P219_SP00005" HPOS="618" VPOS="682" WIDTH="23"/>
						<String ID="P219_ST00007" HPOS="641" VPOS="662" WIDTH="87" HEIGHT="20" CONTENT="DEAD." WC="0.57" CC="76070"/>
					</TextLine>
				</TextBlock>
				<TextBlock ID="P219_TB00003" HPOS="125" VPOS="751" WIDTH="765" HEIGHT="662" STYLEREFS="TXT_0 PAR_LEFT">
					<TextLine ID="P219_TL00003" HPOS="127" VPOS="752" WIDTH="674" HEIGHT="41">
						<String ID="P219_ST00008" HPOS="127" VPOS="752" WIDTH="17" HEIGHT="30" CONTENT="I" WC="1.00" CC="0"/>
						<SP ID="P219_SP00006" HPOS="144" VPOS="782" WIDTH="16"/>
						<String ID="P219_ST00009" HPOS="160" VPOS="761" WIDTH="85" HEIGHT="21" CONTENT="have" WC="0.44" CC="6905"/>
						<SP ID="P219_SP00007" HPOS="245" VPOS="782" WIDTH="16"/>
						<String ID="P219_ST00010" HPOS="261" VPOS="753" WIDTH="123" HEIGHT="40" CONTENT="already" WC="0.91" CC="0050000"/>
						<SP ID="P219_SP00008" HPOS="384" VPOS="793" WIDTH="15"/>
						<String ID="P219_ST00011" HPOS="399" VPOS="753" WIDTH="65" HEIGHT="30" CONTENT="said" WC="0.86" CC="5000"/>
						<SP ID="P219_SP00009" HPOS="464" VPOS="793" WIDTH="14"/>
						<String ID="P219_ST00012" HPOS="478" VPOS="754" WIDTH="67" HEIGHT="29" CONTENT="that" WC="0.75" CC="1701"/>
						<SP ID="P219_SP00010" HPOS="545" VPOS="793" WIDTH="14"/>
						<String ID="P219_ST00013" HPOS="559" VPOS="754" WIDTH="53" HEIGHT="29" CONTENT="the" WC="0.75" CC="070"/>
						<SP ID="P219_SP00011" HPOS="612" VPOS="793" WIDTH="17"/>
						<String ID="P219_ST00014" HPOS="629" VPOS="753" WIDTH="78" HEIGHT="31" CONTENT="Cure" WC="0.55" CC="4760"/>
						<SP ID="P219_SP00012" HPOS="707" VPOS="793" WIDTH="16"/>
						<String ID="P219_ST00015" HPOS="723" VPOS="753" WIDTH="34" HEIGHT="30" CONTENT="of" WC="1.00" CC="00"/>
						<SP ID="P219_SP00013" HPOS="757" VPOS="793" WIDTH="16"/>
						<String ID="P219_ST00016" HPOS="773" VPOS="753" WIDTH="28" HEIGHT="29" CONTENT="D" WC="1.00" CC="0"/>
						<SP ID="P219_SP00014" HPOS="801" VPOS="793" WIDTH="0"/>
					</TextLine>
					<TextLine ID="P219_TL00004" HPOS="127" VPOS="821" WIDTH="761" HEIGHT="40">
						<String ID="P219_ST00017" HPOS="127" VPOS="832" WIDTH="62" HEIGHT="20" CONTENT="was" WC="0.43" CC="907"/>
						<SP ID="P219_SP00015" HPOS="189" VPOS="852" WIDTH="30"/>
						<String ID="P219_ST00018" HPOS="219" VPOS="832" WIDTH="18" HEIGHT="19" CONTENT="a" WC="0.64" CC="3"/>
						<SP ID="P219_SP00016" HPOS="237" VPOS="852" WIDTH="24"/>
						<String ID="P219_ST00019" HPOS="261" VPOS="821" WIDTH="188" HEIGHT="31" CONTENT="remarkable" WC="0.73" CC="6000660700"/>
						<SP ID="P219_SP00017" HPOS="449" VPOS="852" WIDTH="26"/>
						<String ID="P219_ST00020" HPOS="475" VPOS="832" WIDTH="78" HEIGHT="19" CONTENT="man." WC="0.83" CC="0060"/>
						<SP ID="P219_SP00018" HPOS="553" VPOS="852" WIDTH="51"/>
						<String ID="P219_ST00021" HPOS="604" VPOS="821" WIDTH="59" HEIGHT="31" CONTENT="His" WC="0.41" CC="736"/>
						<SP ID="P219_SP00019" HPOS="663" VPOS="852" WIDTH="24"/>
						<String ID="P219_ST00022" HPOS="687" VPOS="824" WIDTH="86" HEIGHT="37" CONTENT="great" WC="0.84" CC="05002"/>
						<SP ID="P219_SP00020" HPOS="773" VPOS="861" WIDTH="28"/>
						<String ID="P219_ST00023" HPOS="801" VPOS="832" WIDTH="87" HEIGHT="29" CONTENT="supe" SUBS_TYPE="HypPart1" SUBS_CONTENT="superiority" WC="0.71" CC="46030"/>
						<HYP CONTENT="-"/>
					</TextLine>
					<TextLine ID="P219_TL00005" HPOS="127" VPOS="889" WIDTH="762" HEIGHT="42">
						<String ID="P219_ST00024" HPOS="127" VPOS="889" WIDTH="110" HEIGHT="41" CONTENT="riority" SUBS_TYPE="HypPart2" SUBS_CONTENT="superiority" WC="0.68" CC="4225420"/>
						<SP ID="P219_SP00021" HPOS="237" VPOS="930" WIDTH="24"/>
						<String ID="P219_ST00025" HPOS="261" VPOS="890" WIDTH="51" HEIGHT="41" CONTENT="lay" WC="0.90" CC="200"/>
						<SP ID="P219_SP00022" HPOS="312" VPOS="931" WIDTH="25"/>
						<String ID="P219_ST00026" HPOS="337" VPOS="890" WIDTH="33" HEIGHT="30" CONTENT="in" WC="0.63" CC="07"/>
						<SP ID="P219_SP00023" HPOS="370" VPOS="931" WIDTH="25"/>
						<String ID="P219_ST00027" HPOS="395" VPOS="891" WIDTH="67" HEIGHT="29" CONTENT="that" WC="0.70" CC="0704"/>
						<SP ID="P219_SP00024" HPOS="462" VPOS="931" WIDTH="25"/>
						<String ID="P219_ST00028" HPOS="487" VPOS="891" WIDTH="39" HEIGHT="29" CONTENT="he" WC="0.63" CC="70"/>
						<SP ID="P219_SP00025" HPOS="526" VPOS="931" WIDTH="26"/>
						<String ID="P219_ST00029" HPOS="552" VPOS="900" WIDTH="61" HEIGHT="21" CONTENT="was" WC="0.80" CC="006"/>
						<SP ID="P219_SP00026" HPOS="613" VPOS="931" WIDTH="27"/>
						<String ID="P219_ST00030" HPOS="640" VPOS="901" WIDTH="32" HEIGHT="19" CONTENT="so" WC="0.40" CC="65"/>
						<SP ID="P219_SP00027" HPOS="672" VPOS="931" WIDTH="29"/>
						<String ID="P219_ST00031" HPOS="701" VPOS="890" WIDTH="127" HEIGHT="40" CONTENT="upright" WC="0.60" CC="7066070"/>
						<SP ID="P219_SP00028" HPOS="828" VPOS="931" WIDTH="28"/>
						<String ID="P219_ST00032" HPOS="856" VPOS="890" WIDTH="33" HEIGHT="30" CONTENT="in" WC="0.65" CC="06"/>
					</TextLine>
					<TextLine ID="P219_TL00006" HPOS="127" VPOS="959" WIDTH="761" HEIGHT="41">
						<String ID="P219_ST00033" HPOS="127" VPOS="959" WIDTH="86" HEIGHT="29" CONTENT="mind" WC="0.71" CC="0370"/>
						<SP ID="P219_SP00029" HPOS="213" VPOS="988" WIDTH="24"/>
						<String ID="P219_ST00034" HPOS="237" VPOS="959" WIDTH="60" HEIGHT="29" CONTENT="and" WC="0.77" CC="060"/>
						<SP ID="P219_SP00030" HPOS="297" VPOS="988" WIDTH="22"/>
						<String ID="P219_ST00035" HPOS="319" VPOS="970" WIDTH="32" HEIGHT="19" CONTENT="so" WC="0.54" CC="72"/>
						<SP ID="P219_SP00031" HPOS="351" VPOS="989" WIDTH="23"/>
						<String ID="P219_ST00036" HPOS="374" VPOS="959" WIDTH="125" HEIGHT="40" CONTENT="largely," WC="0.82" CC="30600004"/>
						<SP ID="P219_SP00032" HPOS="499" VPOS="999" WIDTH="18"/>
						<String ID="P219_ST00037" HPOS="517" VPOS="959" WIDTH="229" HEIGHT="41" CONTENT="unmistakably" WC="0.60" CC="779073060500"/>
						<SP ID="P219_SP00033" HPOS="746" VPOS="1000" WIDTH="20"/>
						<String ID="P219_ST00038" HPOS="766" VPOS="959" WIDTH="122" HEIGHT="30" CONTENT="human." WC="0.65" CC="770060"/>
					</TextLine>
					<TextLine ID="P219_TL00007" HPOS="127" VPOS="1027" WIDTH="763" HEIGHT="41">
						<String ID="P219_ST00039" HPOS="127" VPOS="1028" WIDTH="64" HEIGHT="30" CONTENT="The" WC="0.75" CC="070"/>
						<SP ID="P219_SP00034" HPOS="191" VPOS="1058" WIDTH="16"/>
						<String ID="P219_ST00040" HPOS="207" VPOS="1031" WIDTH="86" HEIGHT="37" CONTENT="great" WC="0.90" CC="05000"/>
						<SP ID="P219_SP00035" HPOS="293" VPOS="1068" WIDTH="18"/>
						<String ID="P219_ST00041" HPOS="311" VPOS="1028" WIDTH="80" HEIGHT="30" CONTENT="fault" WC="0.65" CC="00772"/>
						<SP ID="P219_SP00036" HPOS="391" VPOS="1068" WIDTH="22"/>
						<String ID="P219_ST00042" HPOS="413" VPOS="1028" WIDTH="34" HEIGHT="30" CONTENT="of" WC="1.00" CC="00"/>
						<SP ID="P219_SP00037" HPOS="447" VPOS="1068" WIDTH="18"/>
						<String ID="P219_ST00043" HPOS="465" VPOS="1028" WIDTH="41" HEIGHT="30" CONTENT="all" WC="1.00" CC="000"/>
						<SP ID="P219_SP00038" HPOS="506" VPOS="1068" WIDTH="22"/>
						<String ID="P219_ST00044" HPOS="528" VPOS="1027" WIDTH="206" HEIGHT="39" CONTENT="ecclesiastics," WC="0.73" CC="04310700710262"/>
						<SP ID="P219_SP00039" HPOS="734" VPOS="1068" WIDTH="19"/>
						<String ID="P219_ST00045" HPOS="753" VPOS="1028" WIDTH="137" HEIGHT="30" CONTENT="whether" WC="0.71" CC="0700704"/>
					</TextLine>
					<TextLine ID="P219_TL00008" HPOS="127" VPOS="1097" WIDTH="762" HEIGHT="40">
						<String ID="P219_ST00046" HPOS="127" VPOS="1097" WIDTH="167" HEIGHT="40" CONTENT="belonging" WC="0.60" CC="603560570"/>
						<SP ID="P219_SP00040" HPOS="294" VPOS="1137" WIDTH="29"/>
						<String ID="P219_ST00047" HPOS="323" VPOS="1100" WIDTH="31" HEIGHT="27" CONTENT="to" WC="1.00" CC="00"/>
						<SP ID="P219_SP00041" HPOS="354" VPOS="1137" WIDTH="24"/>
						<String ID="P219_ST00048" HPOS="378" VPOS="1097" WIDTH="53" HEIGHT="31" CONTENT="the" WC="0.75" CC="070"/>
						<SP ID="P219_SP00042" HPOS="431" VPOS="1137" WIDTH="31"/>
						<String ID="P219_ST00049" HPOS="462" VPOS="1097" WIDTH="123" HEIGHT="31" CONTENT="Church" WC="0.36" CC="677727"/>
						<SP ID="P219_SP00043" HPOS="585" VPOS="1137" WIDTH="26"/>
						<String ID="P219_ST00050" HPOS="611" VPOS="1097" WIDTH="34" HEIGHT="30" CONTENT="of" WC="1.00" CC="00"/>
						<SP ID="P219_SP00044" HPOS="645" VPOS="1137" WIDTH="26"/>
						<String ID="P219_ST00051" HPOS="671" VPOS="1097" WIDTH="95" HEIGHT="30" CONTENT="Rome" WC="0.67" CC="7500"/>
						<SP ID="P219_SP00045" HPOS="766" VPOS="1137" WIDTH="31"/>
						<String ID="P219_ST00052" HPOS="797" VPOS="1108" WIDTH="32" HEIGHT="19" CONTENT="or" WC="0.71" CC="05"/>
						<SP ID="P219_SP00046" HPOS="829" VPOS="1137" WIDTH="29"/>
						<String ID="P219_ST00053" HPOS="858" VPOS="1100" WIDTH="31" HEIGHT="27" CONTENT="to" WC="1.00" CC="00"/>
					</TextLine>
					<TextLine ID="P219_TL00009" HPOS="127" VPOS="1166" WIDTH="762" HEIGHT="41">
						<String ID="P219_ST00054" HPOS="127" VPOS="1167" WIDTH="88" HEIGHT="30" CONTENT="other" WC="0.62" CC="06705"/>
						<SP ID="P219_SP00047" HPOS="215" VPOS="1197" WIDTH="15"/>
						<String ID="P219_ST00055" HPOS="230" VPOS="1166" WIDTH="193" HEIGHT="40" CONTENT="confessions," WC="0.72" CC="006006333162"/>
						<SP ID="P219_SP00048" HPOS="423" VPOS="1206" WIDTH="18"/>
						<String ID="P219_ST00056" HPOS="441" VPOS="1166" WIDTH="26" HEIGHT="30" CONTENT="is" WC="0.68" CC="06"/>
						<SP ID="P219_SP00049" HPOS="467" VPOS="1206" WIDTH="15"/>
						<String ID="P219_ST00057" HPOS="482" VPOS="1167" WIDTH="68" HEIGHT="29" CONTENT="that" WC="0.65" CC="0706"/>
						<SP ID="P219_SP00050" HPOS="550" VPOS="1206" WIDTH="19"/>
						<String ID="P219_ST00058" HPOS="569" VPOS="1166" WIDTH="76" HEIGHT="41" CONTENT="they" WC="0.65" CC="6700"/>
						<SP ID="P219_SP00051" HPOS="645" VPOS="1207" WIDTH="15"/>
						<String ID="P219_ST00059" HPOS="660" VPOS="1166" WIDTH="117" HEIGHT="30" CONTENT="confine" WC="0.61" CC="1572270"/>
						<SP ID="P219_SP00052" HPOS="777" VPOS="1207" WIDTH="15"/>
						<String ID="P219_ST00060" HPOS="792" VPOS="1166" WIDTH="97" HEIGHT="30" CONTENT="them" SUBS_TYPE="HypPart1" SUBS_CONTENT="themselves" WC="0.85" CC="07000"/>
						<HYP CONTENT="-"/>
					</TextLine>
					<TextLine ID="P219_TL00010" HPOS="127" VPOS="1235" WIDTH="759" HEIGHT="41">
						<String ID="P219_ST00061" HPOS="127" VPOS="1236" WIDTH="99" HEIGHT="31" CONTENT="selves" SUBS_TYPE="HypPart2" SUBS_CONTENT="themselves" WC="0.66" CC="600607"/>
						<SP ID="P219_SP00053" HPOS="226" VPOS="1267" WIDTH="14"/>
						<String ID="P219_ST00062" HPOS="240" VPOS="1236" WIDTH="152" HEIGHT="40" CONTENT="narrowly" WC="0.66" CC="70440900"/>
						<SP ID="P219_SP00054" HPOS="392" VPOS="1276" WIDTH="16"/>
						<String ID="P219_ST00063" HPOS="408" VPOS="1235" WIDTH="109" HEIGHT="32" CONTENT="within" WC="0.54" CC="060767"/>
						<SP ID="P219_SP00055" HPOS="517" VPOS="1276" WIDTH="15"/>
						<String ID="P219_ST00064" HPOS="532" VPOS="1235" WIDTH="81" HEIGHT="31" CONTENT="their" WC="0.51" CC="37076"/>
						<SP ID="P219_SP00056" HPOS="613" VPOS="1276" WIDTH="20"/>
						<String ID="P219_ST00065" HPOS="633" VPOS="1235" WIDTH="253" HEIGHT="38" CONTENT="establishments," WC="0.57" CC="070078777007270"/>
					</TextLine>
					<TextLine ID="P219_TL00011" HPOS="127" VPOS="1304" WIDTH="760" HEIGHT="40">
						<String ID="P219_ST00066" HPOS="127" VPOS="1305" WIDTH="61" HEIGHT="30" CONTENT="and" WC="0.50" CC="473"/>
						<SP ID="P219_SP00057" HPOS="188" VPOS="1335" WIDTH="22"/>
						<String ID="P219_ST00067" HPOS="210" VPOS="1304" WIDTH="122" HEIGHT="40" CONTENT="ceasing" WC="0.75" CC="3006070"/>
						<SP ID="P219_SP00058" HPOS="332" VPOS="1344" WIDTH="17"/>
						<String ID="P219_ST00068" HPOS="349" VPOS="1307" WIDTH="32" HEIGHT="27" CONTENT="to" WC="0.93" CC="10"/>
						<SP ID="P219_SP00059" HPOS="381" VPOS="1344" WIDTH="16"/>
						<String ID="P219_ST00069" HPOS="397" VPOS="1304" WIDTH="38" HEIGHT="30" CONTENT="be" WC="0.67" CC="60"/>
						<SP ID="P219_SP00060" HPOS="435" VPOS="1344" WIDTH="18"/>
						<String ID="P219_ST00070" HPOS="453" VPOS="1314" WIDTH="79" HEIGHT="29" CONTENT="men," WC="0.71" CC="0074"/>
						<SP ID="P219_SP00061" HPOS="532" VPOS="1344" WIDTH="17"/>
						<String ID="P219_ST00071" HPOS="549" VPOS="1304" WIDTH="123" HEIGHT="30" CONTENT="become" WC="0.84" CC="702000"/>
						<SP ID="P219_SP00062" HPOS="672" VPOS="1344" WIDTH="23"/>
						<String ID="P219_ST00072" HPOS="695" VPOS="1304" WIDTH="192" HEIGHT="30" CONTENT="churchmen." WC="0.55" CC="1777570060"/>
					</TextLine>
					<TextLine ID="P219_TL00012" HPOS="127" VPOS="1373" WIDTH="675" HEIGHT="40">
						<String ID="P219_ST00073" HPOS="127" VPOS="1374" WIDTH="74" HEIGHT="32" CONTENT="This" WC="0.70" CC="0704"/>
						<SP ID="P219_SP00063" HPOS="201" VPOS="1406" WIDTH="15"/>
						<String ID="P219_ST00074" HPOS="216" VPOS="1384" WIDTH="62" HEIGHT="22" CONTENT="was" WC="0.80" CC="006"/>
						<SP ID="P219_SP00064" HPOS="278" VPOS="1406" WIDTH="15"/>
						<String ID="P219_ST00075" HPOS="293" VPOS="1373" WIDTH="149" HEIGHT="40" CONTENT="precisely" WC="0.81" CC="060117000"/>
						<SP ID="P219_SP00065" HPOS="442" VPOS="1413" WIDTH="12"/>
						<String ID="P219_ST00076" HPOS="454" VPOS="1374" WIDTH="83" HEIGHT="32" CONTENT="what" WC="0.77" CC="0701"/>
						<SP ID="P219_SP00066" HPOS="537" VPOS="1413" WIDTH="15"/>
						<String ID="P219_ST00077" HPOS="552" VPOS="1374" WIDTH="51" HEIGHT="30" CONTENT="the" WC="0.75" CC="070"/>
						<SP ID="P219_SP00067" HPOS="603" VPOS="1413" WIDTH="17"/>
						<String ID="P219_ST00078" HPOS="620" VPOS="1373" WIDTH="80" HEIGHT="31" CONTENT="Cure" WC="0.58" CC="6450"/>
						<SP ID="P219_SP00068" HPOS="700" VPOS="1413" WIDTH="22"/>
						<String ID="P219_ST00079" HPOS="722" VPOS="1373" WIDTH="33" HEIGHT="30" CONTENT="of" WC="0.98" CC="00"/>
						<SP ID="P219_SP00069" HPOS="755" VPOS="1413" WIDTH="18"/>
						<String ID="P219_ST00080" HPOS="773" VPOS="1373" WIDTH="29" HEIGHT="29" CONTENT="D" WC="1.00" CC="0"/>
						<SP ID="P219_SP00070" HPOS="802" VPOS="1413" WIDTH="0"/>
					</TextLine>
				</TextBlock>
				<TextBlock ID="P219_TB00004" HPOS="126" VPOS="1441" WIDTH="761" HEIGHT="38" STYLEREFS="TXT_0 PAR_CENTER">
					<TextLine ID="P219_TL00013" HPOS="127" VPOS="1441" WIDTH="760" HEIGHT="38">
						<String ID="P219_ST00081" HPOS="127" VPOS="1444" WIDTH="53" HEIGHT="31" CONTENT="did" WC="0.75" CC="060"/>
						<SP ID="P219_SP00071" HPOS="180" VPOS="1475" WIDTH="29"/>
						<String ID="P219_ST00082" HPOS="209" VPOS="1446" WIDTH="54" HEIGHT="28" CONTENT="not" WC="0.63" CC="640"/>
						<SP ID="P219_SP00072" HPOS="263" VPOS="1475" WIDTH="29"/>
						<String ID="P219_ST00083" HPOS="292" VPOS="1444" WIDTH="48" HEIGHT="29" CONTENT="do." WC="0.91" CC="020"/>
						<SP ID="P219_SP00073" HPOS="340" VPOS="1475" WIDTH="54"/>
						<String ID="P219_ST00084" HPOS="394" VPOS="1442" WIDTH="51" HEIGHT="30" CONTENT="He" WC="0.63" CC="70"/>
						<SP ID="P219_SP00074" HPOS="445" VPOS="1475" WIDTH="29"/>
						<String ID="P219_ST00085" HPOS="474" VPOS="1452" WIDTH="62" HEIGHT="22" CONTENT="was" WC="0.45" CC="906"/>
						<SP ID="P219_SP00075" HPOS="536" VPOS="1475" WIDTH="29"/>
						<String ID="P219_ST00086" HPOS="565" VPOS="1453" WIDTH="18" HEIGHT="19" CONTENT="a" WC="1.00" CC="0"/>
						<SP ID="P219_SP00076" HPOS="583" VPOS="1475" WIDTH="29"/>
						<String ID="P219_ST00087" HPOS="612" VPOS="1452" WIDTH="70" HEIGHT="20" CONTENT="man" WC="0.58" CC="506"/>
						<SP ID="P219_SP00077" HPOS="682" VPOS="1475" WIDTH="26"/>
						<String ID="P219_ST00088" HPOS="708" VPOS="1451" WIDTH="109" HEIGHT="28" CONTENT="among" WC="0.87" CC="00060"/>
						<SP ID="P219_SP00078" HPOS="817" VPOS="1479" WIDTH="23"/>
						<String ID="P219_ST00089" HPOS="840" VPOS="1441" WIDTH="47" HEIGHT="31" CONTENT="his" WC="0.34" CC="756"/>
					</TextLine>
				</TextBlock>
			</PrintSpace>
		</Page>
	</Layout>
</alto>
