<?xml version="1.0" encoding="UTF-8"?>
<alto xmlns:xsi="http://www.w3.org/2001/XMLSchema-instance" xsi:noNamespaceSchemaLocation="http://www.bl.uk/schemas/alto/alto-1-4.xsd" xmlns:xlink="http://www.w3.org/1999/xlink">
	<Description>
		<MeasurementUnit>mm10</MeasurementUnit>
		<sourceImageInformation>
			<fileName>//head1/IN/2007-46/A0010904365.1/000202.jp2</fileName>
		</sourceImageInformation>
		<OCRProcessing ID="OCRPROCESSING_1">
			<preProcessingStep>
				<processingSoftware>
					<softwareCreator>CCS Content Conversion Specialists GmbH, Germany</softwareCreator>
					<softwareName>CCS docWORKS</softwareName>
					<softwareVersion>6.1-0.62</softwareVersion>
				</processingSoftware>
			</preProcessingStep>
			<ocrProcessingStep>
				<processingSoftware>
					<softwareCreator>ABBYY (BIT Software), Russia</softwareCreator>
					<softwareName>Finereader</softwareName>
				</processingSoftware>
			</ocrProcessingStep>
		</OCRProcessing>
	</Description>
	<Styles>
		<TextStyle ID="TXT_0" FONTSIZE="11" FONTFAMILY="Courier New"/>
		<TextStyle ID="TXT_1" FONTSIZE="10" FONTFAMILY="Courier New"/>
		<ParagraphStyle ID="PAR_LEFT" ALIGN="Left"/>
		<ParagraphStyle ID="PAR_CENTER" ALIGN="Center"/>
	</Styles>
	<Layout>
		<Page ID="P188" PHYSICAL_IMG_NR="188" HEIGHT="1638" WIDTH="1019" PRINTED_IMG_NR="170" POSITION="Left" ACCURACY="69.57">
			<TopMargin ID="P188_TM00001" HPOS="0" VPOS="0" WIDTH="1019" HEIGHT="141">
				<TextBlock ID="P188_TB00001" HPOS="153" VPOS="113" WIDTH="50" HEIGHT="26" STYLEREFS="TXT_0 PAR_LEFT">
					<TextLine ID="P188_TL00001" HPOS="153" VPOS="113" WIDTH="50" HEIGHT="26">
						<String ID="P188_ST00001" HPOS="153" VPOS="113" WIDTH="50" HEIGHT="26" CONTENT="170" WC="1.00" CC="000"/>
					</TextLine>
				</TextBlock>
				<TextBlock ID="P188_TB00002" HPOS="400" VPOS="118" WIDTH="261" HEIGHT="22" STYLEREFS="TXT_1 PAR_CENTER">
					<TextLine ID="P188_TL00002" HPOS="401" VPOS="119" WIDTH="260" HEIGHT="21">
						<String ID="P188_ST00002" HPOS="401" VPOS="121" WIDTH="57" HEIGHT="19" CONTENT="ALL" WC="0.71" CC="034"/>
						<SP ID="P188_SP00001" HPOS="458" VPOS="140" WIDTH="21"/>
						<String ID="P188_ST00003" HPOS="479" VPOS="121" WIDTH="57" HEIGHT="19" CONTENT="FOR" WC="0.62" CC="046"/>
						<SP ID="P188_SP00002" HPOS="536" VPOS="140" WIDTH="20"/>
						<String ID="P188_ST00004" HPOS="556" VPOS="119" WIDTH="105" HEIGHT="21" CONTENT="GREED." WC="0.71" CC="504070"/>
					</TextLine>
				</TextBlock>
			</TopMargin>
			<LeftMargin ID="P188_LM00001" HPOS="0" VPOS="141" WIDTH="148" HEIGHT="1349"/>
			<RightMargin ID="P188_RM00001" HPOS="917" VPOS="141" WIDTH="102" HEIGHT="1349"/>
			<BottomMargin ID="P188_BM00001" HPOS="0" VPOS="1490" WIDTH="1019" HEIGHT="148"/>
			<PrintSpace ID="P188_PS00001" HPOS="148" VPOS="141" WIDTH="769" HEIGHT="1349">
				<TextBlock ID="P188_TB00003" HPOS="148" VPOS="202" WIDTH="769" HEIGHT="1288" STYLEREFS="TXT_1 PAR_LEFT">
					<TextLine ID="P188_TL00003" HPOS="151" VPOS="202" WIDTH="764" HEIGHT="43">
						<String ID="P188_ST00005" HPOS="151" VPOS="208" WIDTH="100" HEIGHT="30" CONTENT="whose" WC="0.61" CC="97010"/>
						<SP ID="P188_SP00003" HPOS="251" VPOS="238" WIDTH="30"/>
						<String ID="P188_ST00006" HPOS="281" VPOS="210" WIDTH="151" HEIGHT="28" CONTENT="ancestors" WC="0.64" CC="073450055"/>
						<SP ID="P188_SP00004" HPOS="432" VPOS="238" WIDTH="26"/>
						<String ID="P188_ST00007" HPOS="458" VPOS="207" WIDTH="61" HEIGHT="29" CONTENT="had" WC="0.75" CC="700"/>
						<SP ID="P188_SP00005" HPOS="519" VPOS="238" WIDTH="25"/>
						<String ID="P188_ST00008" HPOS="544" VPOS="204" WIDTH="150" HEIGHT="41" CONTENT="certainly" WC="0.83" CC="004200700"/>
						<SP ID="P188_SP00006" HPOS="694" VPOS="245" WIDTH="24"/>
						<String ID="P188_ST00009" HPOS="718" VPOS="213" WIDTH="93" HEIGHT="21" CONTENT="never" WC="0.61" CC="70029"/>
						<SP ID="P188_SP00007" HPOS="811" VPOS="245" WIDTH="25"/>
						<String ID="P188_ST00010" HPOS="836" VPOS="202" WIDTH="79" HEIGHT="32" CONTENT="been" WC="0.50" CC="7056"/>
					</TextLine>
					<TextLine ID="P188_TL00004" HPOS="149" VPOS="273" WIDTH="765" HEIGHT="43">
						<String ID="P188_ST00011" HPOS="149" VPOS="287" WIDTH="82" HEIGHT="20" CONTENT="more" WC="0.70" CC="0650"/>
						<SP ID="P188_SP00008" HPOS="231" VPOS="307" WIDTH="28"/>
						<String ID="P188_ST00012" HPOS="259" VPOS="277" WIDTH="75" HEIGHT="30" CONTENT="than" WC="0.62" CC="0707"/>
						<SP ID="P188_SP00009" HPOS="334" VPOS="307" WIDTH="33"/>
						<String ID="P188_ST00013" HPOS="367" VPOS="275" WIDTH="117" HEIGHT="41" CONTENT="squires" WC="0.56" CC="2750805"/>
						<SP ID="P188_SP00010" HPOS="484" VPOS="316" WIDTH="35"/>
						<String ID="P188_ST00014" HPOS="519" VPOS="278" WIDTH="33" HEIGHT="27" CONTENT="to" WC="0.78" CC="30"/>
						<SP ID="P188_SP00011" HPOS="552" VPOS="316" WIDTH="30"/>
						<String ID="P188_ST00015" HPOS="582" VPOS="273" WIDTH="158" HEIGHT="30" CONTENT="crusaders" WC="0.58" CC="467500067"/>
						<SP ID="P188_SP00012" HPOS="740" VPOS="316" WIDTH="37"/>
						<String ID="P188_ST00016" HPOS="777" VPOS="283" WIDTH="34" HEIGHT="19" CONTENT="or" WC="0.46" CC="37"/>
						<SP ID="P188_SP00013" HPOS="811" VPOS="316" WIDTH="36"/>
						<String ID="P188_ST00017" HPOS="847" VPOS="283" WIDTH="67" HEIGHT="19" CONTENT="cru" SUBS_TYPE="HypPart1" SUBS_CONTENT="crusaders'" WC="0.46" CC="6373"/>
						<HYP CONTENT="-"/>
					</TextLine>
					<TextLine ID="P188_TL00005" HPOS="149" VPOS="341" WIDTH="763" HEIGHT="43">
						<String ID="P188_ST00018" HPOS="149" VPOS="346" WIDTH="110" HEIGHT="29" CONTENT="saders'" SUBS_TYPE="HypPart2" SUBS_CONTENT="crusaders'" WC="0.65" CC="6041570"/>
						<SP ID="P188_SP00014" HPOS="259" VPOS="375" WIDTH="28"/>
						<String ID="P188_ST00019" HPOS="287" VPOS="356" WIDTH="77" HEIGHT="28" CONTENT="sons," WC="0.43" CC="63764"/>
						<SP ID="P188_SP00015" HPOS="364" VPOS="384" WIDTH="28"/>
						<String ID="P188_ST00020" HPOS="392" VPOS="354" WIDTH="77" HEIGHT="21" CONTENT="even" WC="0.66" CC="0706"/>
						<SP ID="P188_SP00016" HPOS="469" VPOS="384" WIDTH="26"/>
						<String ID="P188_ST00021" HPOS="495" VPOS="343" WIDTH="26" HEIGHT="30" CONTENT="if" WC="0.72" CC="50"/>
						<SP ID="P188_SP00017" HPOS="521" VPOS="384" WIDTH="23"/>
						<String ID="P188_ST00022" HPOS="544" VPOS="343" WIDTH="75" HEIGHT="40" CONTENT="they" WC="0.70" CC="4700"/>
						<SP ID="P188_SP00018" HPOS="619" VPOS="384" WIDTH="27"/>
						<String ID="P188_ST00023" HPOS="646" VPOS="342" WIDTH="61" HEIGHT="30" CONTENT="had" WC="0.75" CC="700"/>
						<SP ID="P188_SP00019" HPOS="707" VPOS="384" WIDTH="24"/>
						<String ID="P188_ST00024" HPOS="731" VPOS="341" WIDTH="80" HEIGHT="31" CONTENT="been" WC="0.63" CC="7007"/>
						<SP ID="P188_SP00020" HPOS="811" VPOS="384" WIDTH="24"/>
						<String ID="P188_ST00025" HPOS="835" VPOS="341" WIDTH="77" HEIGHT="38" CONTENT="that," WC="0.65" CC="07054"/>
					</TextLine>
					<TextLine ID="P188_TL00006" HPOS="149" VPOS="412" WIDTH="766" HEIGHT="42">
						<String ID="P188_ST00026" HPOS="149" VPOS="415" WIDTH="71" HEIGHT="39" CONTENT="still," WC="0.75" CC="702202"/>
						<SP ID="P188_SP00021" HPOS="220" VPOS="454" WIDTH="27"/>
						<String ID="P188_ST00027" HPOS="247" VPOS="416" WIDTH="50" HEIGHT="29" CONTENT="old" WC="1.00" CC="000"/>
						<SP ID="P188_SP00022" HPOS="297" VPOS="454" WIDTH="25"/>
						<String ID="P188_ST00028" HPOS="322" VPOS="414" WIDTH="143" HEIGHT="31" CONTENT="Morville" WC="0.75" CC="04600431"/>
						<SP ID="P188_SP00023" HPOS="465" VPOS="454" WIDTH="26"/>
						<String ID="P188_ST00029" HPOS="491" VPOS="423" WIDTH="63" HEIGHT="22" CONTENT="was" WC="0.72" CC="008"/>
						<SP ID="P188_SP00024" HPOS="554" VPOS="454" WIDTH="26"/>
						<String ID="P188_ST00030" HPOS="580" VPOS="423" WIDTH="17" HEIGHT="19" CONTENT="a" WC="1.00" CC="0"/>
						<SP ID="P188_SP00025" HPOS="597" VPOS="454" WIDTH="27"/>
						<String ID="P188_ST00031" HPOS="624" VPOS="412" WIDTH="111" HEIGHT="40" CONTENT="capital" WC="0.70" CC="0705080"/>
						<SP ID="P188_SP00026" HPOS="735" VPOS="454" WIDTH="21"/>
						<String ID="P188_ST00032" HPOS="756" VPOS="412" WIDTH="78" HEIGHT="39" CONTENT="shot," WC="0.51" CC="77053"/>
						<SP ID="P188_SP00027" HPOS="834" VPOS="454" WIDTH="27"/>
						<String ID="P188_ST00033" HPOS="861" VPOS="413" WIDTH="54" HEIGHT="27" CONTENT="not" WC="0.76" CC="700"/>
					</TextLine>
					<TextLine ID="P188_TL00007" HPOS="149" VPOS="480" WIDTH="765" HEIGHT="44">
						<String ID="P188_ST00034" HPOS="149" VPOS="495" WIDTH="38" HEIGHT="19" CONTENT="an" WC="0.64" CC="07"/>
						<SP ID="P188_SP00028" HPOS="187" VPOS="514" WIDTH="14"/>
						<String ID="P188_ST00035" HPOS="201" VPOS="484" WIDTH="180" HEIGHT="40" CONTENT="unpleasant" WC="0.70" CC="6704004050"/>
						<SP ID="P188_SP00029" HPOS="381" VPOS="524" WIDTH="15"/>
						<String ID="P188_ST00036" HPOS="396" VPOS="482" WIDTH="187" HEIGHT="41" CONTENT="companion," WC="0.75" CC="0000074353"/>
						<SP ID="P188_SP00030" HPOS="583" VPOS="524" WIDTH="19"/>
						<String ID="P188_ST00037" HPOS="602" VPOS="482" WIDTH="60" HEIGHT="29" CONTENT="and" WC="0.75" CC="070"/>
						<SP ID="P188_SP00031" HPOS="662" VPOS="524" WIDTH="20"/>
						<String ID="P188_ST00038" HPOS="682" VPOS="481" WIDTH="33" HEIGHT="30" CONTENT="in" WC="0.63" CC="07"/>
						<SP ID="P188_SP00032" HPOS="715" VPOS="524" WIDTH="14"/>
						<String ID="P188_ST00039" HPOS="729" VPOS="481" WIDTH="53" HEIGHT="30" CONTENT="the" WC="0.51" CC="770"/>
						<SP ID="P188_SP00033" HPOS="782" VPOS="524" WIDTH="16"/>
						<String ID="P188_ST00040" HPOS="798" VPOS="480" WIDTH="116" HEIGHT="41" CONTENT="thinly" SUBS_TYPE="HypPart1" SUBS_CONTENT="thinlypeopled" WC="0.61" CC="0767500"/>
						<HYP CONTENT="-"/>
					</TextLine>
					<TextLine ID="P188_TL00008" HPOS="148" VPOS="550" WIDTH="767" HEIGHT="43">
						<String ID="P188_ST00041" HPOS="148" VPOS="554" WIDTH="127" HEIGHT="39" CONTENT="peopled" SUBS_TYPE="HypPart2" SUBS_CONTENT="thinlypeopled" WC="0.95" CC="0030000"/>
						<SP ID="P188_SP00034" HPOS="275" VPOS="593" WIDTH="28"/>
						<String ID="P188_ST00042" HPOS="303" VPOS="552" WIDTH="251" HEIGHT="41" CONTENT="neighbourhood" WC="0.70" CC="5020770717000"/>
						<SP ID="P188_SP00035" HPOS="554" VPOS="593" WIDTH="31"/>
						<String ID="P188_ST00043" HPOS="585" VPOS="551" WIDTH="33" HEIGHT="31" CONTENT="of" WC="0.83" CC="30"/>
						<SP ID="P188_SP00036" HPOS="618" VPOS="593" WIDTH="27"/>
						<String ID="P188_ST00044" HPOS="645" VPOS="551" WIDTH="28" HEIGHT="29" CONTENT="D" WC="0.25" CC="7"/>
						<SP ID="P188_SP00037" HPOS="673" VPOS="593" WIDTH="114"/>
						<String ID="P188_ST00045" HPOS="787" VPOS="550" WIDTH="40" HEIGHT="30" CONTENT="he" WC="0.62" CC="70"/>
						<SP ID="P188_SP00038" HPOS="827" VPOS="593" WIDTH="25"/>
						<String ID="P188_ST00046" HPOS="852" VPOS="561" WIDTH="63" HEIGHT="21" CONTENT="was" WC="0.79" CC="006"/>
					</TextLine>
					<TextLine ID="P188_TL00009" HPOS="149" VPOS="620" WIDTH="766" HEIGHT="41">
						<String ID="P188_ST00047" HPOS="149" VPOS="622" WIDTH="98" HEIGHT="30" CONTENT="better" WC="0.80" CC="005006"/>
						<SP ID="P188_SP00039" HPOS="247" VPOS="652" WIDTH="14"/>
						<String ID="P188_ST00048" HPOS="261" VPOS="622" WIDTH="76" HEIGHT="29" CONTENT="than" WC="0.65" CC="0706"/>
						<SP ID="P188_SP00040" HPOS="337" VPOS="652" WIDTH="18"/>
						<String ID="P188_ST00049" HPOS="355" VPOS="622" WIDTH="139" HEIGHT="39" CONTENT="nothing." WC="0.52" CC="73072790"/>
						<SP ID="P188_SP00041" HPOS="494" VPOS="661" WIDTH="46"/>
						<String ID="P188_ST00050" HPOS="540" VPOS="621" WIDTH="45" HEIGHT="29" CONTENT="At" WC="0.68" CC="06"/>
						<SP ID="P188_SP00042" HPOS="585" VPOS="661" WIDTH="20"/>
						<String ID="P188_ST00051" HPOS="605" VPOS="620" WIDTH="41" HEIGHT="30" CONTENT="aU" WC="0.40" CC="47"/>
						<SP ID="P188_SP00043" HPOS="646" VPOS="661" WIDTH="19"/>
						<String ID="P188_ST00052" HPOS="665" VPOS="622" WIDTH="116" HEIGHT="37" CONTENT="events," WC="0.54" CC="0607674"/>
						<SP ID="P188_SP00044" HPOS="781" VPOS="661" WIDTH="17"/>
						<String ID="P188_ST00053" HPOS="798" VPOS="620" WIDTH="40" HEIGHT="29" CONTENT="he" WC="0.62" CC="70"/>
						<SP ID="P188_SP00045" HPOS="838" VPOS="661" WIDTH="14"/>
						<String ID="P188_ST00054" HPOS="852" VPOS="630" WIDTH="63" HEIGHT="20" CONTENT="was" WC="0.43" CC="906"/>
					</TextLine>
					<TextLine ID="P188_TL00010" HPOS="149" VPOS="685" WIDTH="767" HEIGHT="41">
						<String ID="P188_ST00055" HPOS="149" VPOS="689" WIDTH="53" HEIGHT="27" CONTENT="not" WC="0.48" CC="626"/>
						<SP ID="P188_SP00046" HPOS="202" VPOS="716" WIDTH="20"/>
						<String ID="P188_ST00056" HPOS="222" VPOS="697" WIDTH="17" HEIGHT="19" CONTENT="a" WC="1.00" CC="0"/>
						<SP ID="P188_SP00047" HPOS="239" VPOS="716" WIDTH="20"/>
						<String ID="P188_ST00057" HPOS="259" VPOS="686" WIDTH="160" HEIGHT="40" CONTENT="bourgeois" WC="0.58" CC="826800037"/>
						<SP ID="P188_SP00048" HPOS="419" VPOS="726" WIDTH="14"/>
						<String ID="P188_ST00058" HPOS="433" VPOS="687" WIDTH="6" HEIGHT="29" CONTENT="!" WC="0.82" CC="1"/>
						<SP ID="P188_SP00049" HPOS="439" VPOS="726" WIDTH="46"/>
						<String ID="P188_ST00059" HPOS="485" VPOS="686" WIDTH="50" HEIGHT="30" CONTENT="He" WC="0.63" CC="70"/>
						<SP ID="P188_SP00050" HPOS="535" VPOS="726" WIDTH="16"/>
						<String ID="P188_ST00060" HPOS="551" VPOS="696" WIDTH="62" HEIGHT="20" CONTENT="was" WC="0.77" CC="006"/>
						<SP ID="P188_SP00051" HPOS="613" VPOS="726" WIDTH="22"/>
						<String ID="P188_ST00061" HPOS="635" VPOS="688" WIDTH="55" HEIGHT="28" CONTENT="not" WC="0.53" CC="706"/>
						<SP ID="P188_SP00052" HPOS="690" VPOS="726" WIDTH="22"/>
						<String ID="P188_ST00062" HPOS="712" VPOS="696" WIDTH="17" HEIGHT="19" CONTENT="a" WC="1.00" CC="0"/>
						<SP ID="P188_SP00053" HPOS="729" VPOS="726" WIDTH="15"/>
						<String ID="P188_ST00063" HPOS="744" VPOS="685" WIDTH="116" HEIGHT="41" CONTENT="lawyer" WC="0.93" CC="000003"/>
						<SP ID="P188_SP00054" HPOS="860" VPOS="726" WIDTH="23"/>
						<String ID="P188_ST00064" HPOS="883" VPOS="695" WIDTH="33" HEIGHT="20" CONTENT="or" WC="0.51" CC="54"/>
					</TextLine>
					<TextLine ID="P188_TL00011" HPOS="149" VPOS="754" WIDTH="766" HEIGHT="42">
						<String ID="P188_ST00065" HPOS="149" VPOS="766" WIDTH="17" HEIGHT="19" CONTENT="a" WC="1.00" CC="0"/>
						<SP ID="P188_SP00055" HPOS="166" VPOS="785" WIDTH="22"/>
						<String ID="P188_ST00066" HPOS="188" VPOS="756" WIDTH="123" HEIGHT="39" CONTENT="banker," WC="0.78" CC="0070034"/>
						<SP ID="P188_SP00056" HPOS="311" VPOS="795" WIDTH="18"/>
						<String ID="P188_ST00067" HPOS="329" VPOS="766" WIDTH="34" HEIGHT="20" CONTENT="or" WC="0.89" CC="02"/>
						<SP ID="P188_SP00057" HPOS="363" VPOS="795" WIDTH="19"/>
						<String ID="P188_ST00068" HPOS="382" VPOS="766" WIDTH="39" HEIGHT="20" CONTENT="an" WC="0.48" CC="37"/>
						<SP ID="P188_SP00058" HPOS="421" VPOS="795" WIDTH="21"/>
						<String ID="P188_ST00069" HPOS="442" VPOS="756" WIDTH="150" HEIGHT="40" CONTENT="employe," WC="0.85" CC="20040004"/>
						<SP ID="P188_SP00059" HPOS="592" VPOS="796" WIDTH="19"/>
						<String ID="P188_ST00070" HPOS="611" VPOS="766" WIDTH="34" HEIGHT="20" CONTENT="or" WC="0.72" CC="05"/>
						<SP ID="P188_SP00060" HPOS="645" VPOS="796" WIDTH="19"/>
						<String ID="P188_ST00071" HPOS="664" VPOS="766" WIDTH="17" HEIGHT="19" CONTENT="a" WC="1.00" CC="0"/>
						<SP ID="P188_SP00061" HPOS="681" VPOS="796" WIDTH="21"/>
						<String ID="P188_ST00072" HPOS="702" VPOS="757" WIDTH="116" HEIGHT="28" CONTENT="savant." WC="0.80" CC="6000700"/>
						<SP ID="P188_SP00062" HPOS="818" VPOS="796" WIDTH="47"/>
						<String ID="P188_ST00073" HPOS="865" VPOS="754" WIDTH="50" HEIGHT="30" CONTENT="He" WC="0.58" CC="70"/>
					</TextLine>
					<TextLine ID="P188_TL00012" HPOS="149" VPOS="823" WIDTH="766" HEIGHT="41">
						<String ID="P188_ST00074" HPOS="149" VPOS="825" WIDTH="89" HEIGHT="30" CONTENT="knew" WC="0.52" CC="0719"/>
						<SP ID="P188_SP00063" HPOS="238" VPOS="855" WIDTH="29"/>
						<String ID="P188_ST00075" HPOS="267" VPOS="824" WIDTH="138" HEIGHT="40" CONTENT="nothing," WC="0.57" CC="64570704"/>
						<SP ID="P188_SP00064" HPOS="405" VPOS="864" WIDTH="29"/>
						<String ID="P188_ST00076" HPOS="434" VPOS="825" WIDTH="61" HEIGHT="29" CONTENT="and" WC="0.76" CC="070"/>
						<SP ID="P188_SP00065" HPOS="495" VPOS="864" WIDTH="29"/>
						<String ID="P188_ST00077" HPOS="524" VPOS="824" WIDTH="53" HEIGHT="30" CONTENT="did" WC="0.55" CC="850"/>
						<SP ID="P188_SP00066" HPOS="577" VPOS="864" WIDTH="29"/>
						<String ID="P188_ST00078" HPOS="606" VPOS="823" WIDTH="133" HEIGHT="41" CONTENT="nothing" WC="0.53" CC="7037076"/>
						<String ID="P188_ST00079" HPOS="753" VPOS="824" WIDTH="7" HEIGHT="30" CONTENT="!" WC="0.72" CC="2"/>
						<SP ID="P188_SP00067" HPOS="760" VPOS="864" WIDTH="57"/>
						<String ID="P188_ST00080" HPOS="817" VPOS="823" WIDTH="98" HEIGHT="30" CONTENT="There" WC="0.57" CC="07067"/>
					</TextLine>
					<TextLine ID="P188_TL00013" HPOS="150" VPOS="893" WIDTH="765" HEIGHT="41">
						<String ID="P188_ST00081" HPOS="150" VPOS="903" WIDTH="62" HEIGHT="21" CONTENT="was" WC="0.77" CC="006"/>
						<SP ID="P188_SP00068" HPOS="212" VPOS="924" WIDTH="21"/>
						<String ID="P188_ST00082" HPOS="233" VPOS="893" WIDTH="114" HEIGHT="41" CONTENT="always" WC="0.73" CC="009006"/>
						<SP ID="P188_SP00069" HPOS="347" VPOS="934" WIDTH="21"/>
						<String ID="P188_ST00083" HPOS="368" VPOS="894" WIDTH="68" HEIGHT="29" CONTENT="that" WC="0.64" CC="5700"/>
						<SP ID="P188_SP00070" HPOS="436" VPOS="934" WIDTH="23"/>
						<String ID="P188_ST00084" HPOS="459" VPOS="897" WIDTH="32" HEIGHT="26" CONTENT="to" WC="0.89" CC="20"/>
						<SP ID="P188_SP00071" HPOS="491" VPOS="934" WIDTH="21"/>
						<String ID="P188_ST00085" HPOS="512" VPOS="904" WIDTH="54" HEIGHT="30" CONTENT="say" WC="0.82" CC="500"/>
						<SP ID="P188_SP00072" HPOS="566" VPOS="934" WIDTH="15"/>
						<String ID="P188_ST00086" HPOS="581" VPOS="893" WIDTH="33" HEIGHT="30" CONTENT="in" WC="0.64" CC="07"/>
						<SP ID="P188_SP00073" HPOS="614" VPOS="934" WIDTH="24"/>
						<String ID="P188_ST00087" HPOS="638" VPOS="893" WIDTH="48" HEIGHT="31" CONTENT="his" WC="0.39" CC="737"/>
						<SP ID="P188_SP00074" HPOS="686" VPOS="934" WIDTH="26"/>
						<String ID="P188_ST00088" HPOS="712" VPOS="893" WIDTH="117" HEIGHT="31" CONTENT="favour." WC="0.72" CC="0004770"/>
						<SP ID="P188_SP00075" HPOS="829" VPOS="934" WIDTH="49"/>
						<String ID="P188_ST00089" HPOS="878" VPOS="893" WIDTH="37" HEIGHT="30" CONTENT="So" WC="0.57" CC="62"/>
					</TextLine>
					<TextLine ID="P188_TL00014" HPOS="150" VPOS="962" WIDTH="764" HEIGHT="31">
						<String ID="P188_ST00090" HPOS="150" VPOS="962" WIDTH="157" HEIGHT="30" CONTENT="Monsieur" WC="0.60" CC="50660067"/>
						<SP ID="P188_SP00076" HPOS="307" VPOS="992" WIDTH="22"/>
						<String ID="P188_ST00091" HPOS="329" VPOS="962" WIDTH="29" HEIGHT="30" CONTENT="le" WC="1.00" CC="00"/>
						<SP ID="P188_SP00077" HPOS="358" VPOS="992" WIDTH="24"/>
						<String ID="P188_ST00092" HPOS="382" VPOS="962" WIDTH="141" HEIGHT="31" CONTENT="Vicomte" WC="0.65" CC="7100930"/>
						<SP ID="P188_SP00078" HPOS="523" VPOS="993" WIDTH="27"/>
						<String ID="P188_ST00093" HPOS="550" VPOS="963" WIDTH="160" HEIGHT="30" CONTENT="consorted" WC="0.72" CC="407705000"/>
						<SP ID="P188_SP00079" HPOS="710" VPOS="993" WIDTH="24"/>
						<String ID="P188_ST00094" HPOS="734" VPOS="962" WIDTH="77" HEIGHT="31" CONTENT="with" WC="0.61" CC="0347"/>
						<SP ID="P188_SP00080" HPOS="811" VPOS="993" WIDTH="29"/>
						<String ID="P188_ST00095" HPOS="840" VPOS="962" WIDTH="74" HEIGHT="30" CONTENT="him." WC="0.69" CC="7400"/>
					</TextLine>
					<TextLine ID="P188_TL00015" HPOS="153" VPOS="1031" WIDTH="761" HEIGHT="40">
						<String ID="P188_ST00096" HPOS="153" VPOS="1031" WIDTH="63" HEIGHT="30" CONTENT="The" WC="0.75" CC="070"/>
						<SP ID="P188_SP00081" HPOS="216" VPOS="1061" WIDTH="22"/>
						<String ID="P188_ST00097" HPOS="238" VPOS="1035" WIDTH="61" HEIGHT="27" CONTENT="two" WC="0.80" CC="600"/>
						<SP ID="P188_SP00082" HPOS="299" VPOS="1062" WIDTH="22"/>
						<String ID="P188_ST00098" HPOS="321" VPOS="1031" WIDTH="104" HEIGHT="40" CONTENT="wives," WC="0.65" CC="900064"/>
						<SP ID="P188_SP00083" HPOS="425" VPOS="1071" WIDTH="17"/>
						<String ID="P188_ST00099" HPOS="442" VPOS="1032" WIDTH="69" HEIGHT="31" CONTENT="who" WC="0.75" CC="070"/>
						<SP ID="P188_SP00084" HPOS="511" VPOS="1071" WIDTH="26"/>
						<String ID="P188_ST00100" HPOS="537" VPOS="1042" WIDTH="81" HEIGHT="21" CONTENT="were" WC="0.61" CC="9050"/>
						<SP ID="P188_SP00085" HPOS="618" VPOS="1071" WIDTH="19"/>
						<String ID="P188_ST00101" HPOS="637" VPOS="1042" WIDTH="70" HEIGHT="22" CONTENT="now" WC="0.69" CC="710"/>
						<SP ID="P188_SP00086" HPOS="707" VPOS="1071" WIDTH="22"/>
						<String ID="P188_ST00102" HPOS="729" VPOS="1032" WIDTH="77" HEIGHT="30" CONTENT="both" WC="0.61" CC="7007"/>
						<SP ID="P188_SP00087" HPOS="806" VPOS="1071" WIDTH="22"/>
						<String ID="P188_ST00103" HPOS="828" VPOS="1032" WIDTH="86" HEIGHT="39" CONTENT="dead," WC="0.98" CC="00000"/>
					</TextLine>
					<TextLine ID="P188_TL00016" HPOS="150" VPOS="1100" WIDTH="766" HEIGHT="41">
						<String ID="P188_ST00104" HPOS="150" VPOS="1100" WIDTH="121" HEIGHT="30" CONTENT="became" WC="0.62" CC="722072"/>
						<SP ID="P188_SP00088" HPOS="271" VPOS="1130" WIDTH="32"/>
						<String ID="P188_ST00105" HPOS="303" VPOS="1110" WIDTH="77" HEIGHT="31" CONTENT="very" WC="0.66" CC="9030"/>
						<SP ID="P188_SP00089" HPOS="380" VPOS="1141" WIDTH="29"/>
						<String ID="P188_ST00106" HPOS="409" VPOS="1101" WIDTH="71" HEIGHT="29" CONTENT="dear" WC="0.71" CC="5006"/>
						<SP ID="P188_SP00090" HPOS="480" VPOS="1141" WIDTH="37"/>
						<String ID="P188_ST00107" HPOS="517" VPOS="1101" WIDTH="124" HEIGHT="39" CONTENT="friends," WC="0.65" CC="03326074"/>
						<SP ID="P188_SP00091" HPOS="641" VPOS="1141" WIDTH="33"/>
						<String ID="P188_ST00108" HPOS="674" VPOS="1102" WIDTH="61" HEIGHT="29" CONTENT="and" WC="0.75" CC="070"/>
						<SP ID="P188_SP00092" HPOS="735" VPOS="1141" WIDTH="37"/>
						<String ID="P188_ST00109" HPOS="772" VPOS="1102" WIDTH="52" HEIGHT="29" CONTENT="the" WC="0.61" CC="172"/>
						<SP ID="P188_SP00093" HPOS="824" VPOS="1141" WIDTH="30"/>
						<String ID="P188_ST00110" HPOS="854" VPOS="1105" WIDTH="62" HEIGHT="29" CONTENT="two" WC="0.65" CC="505"/>
					</TextLine>
					<TextLine ID="P188_TL00017" HPOS="151" VPOS="1168" WIDTH="766" HEIGHT="34">
						<String ID="P188_ST00111" HPOS="151" VPOS="1168" WIDTH="197" HEIGHT="31" CONTENT="Demoiselles" WC="0.80" CC="00030604007"/>
						<SP ID="P188_SP00094" HPOS="348" VPOS="1199" WIDTH="16"/>
						<String ID="P188_ST00112" HPOS="364" VPOS="1169" WIDTH="38" HEIGHT="30" CONTENT="de" WC="0.89" CC="20"/>
						<SP ID="P188_SP00095" HPOS="402" VPOS="1199" WIDTH="14"/>
						<String ID="P188_ST00113" HPOS="416" VPOS="1169" WIDTH="179" HEIGHT="31" CONTENT="Verancour" WC="0.60" CC="704077270"/>
						<SP ID="P188_SP00096" HPOS="595" VPOS="1200" WIDTH="14"/>
						<String ID="P188_ST00114" HPOS="609" VPOS="1174" WIDTH="83" HEIGHT="28" CONTENT="went" WC="0.68" CC="0066"/>
						<SP ID="P188_SP00097" HPOS="692" VPOS="1202" WIDTH="21"/>
						<String ID="P188_ST00115" HPOS="713" VPOS="1174" WIDTH="32" HEIGHT="27" CONTENT="to" WC="1.00" CC="00"/>
						<SP ID="P188_SP00098" HPOS="745" VPOS="1202" WIDTH="16"/>
						<String ID="P188_ST00116" HPOS="761" VPOS="1171" WIDTH="53" HEIGHT="30" CONTENT="the" WC="0.49" CC="770"/>
						<SP ID="P188_SP00099" HPOS="814" VPOS="1202" WIDTH="21"/>
						<String ID="P188_ST00117" HPOS="835" VPOS="1182" WIDTH="82" HEIGHT="20" CONTENT="same" WC="0.66" CC="7600"/>
					</TextLine>
					<TextLine ID="P188_TL00018" HPOS="152" VPOS="1239" WIDTH="763" HEIGHT="42">
						<String ID="P188_ST00118" HPOS="152" VPOS="1241" WIDTH="137" HEIGHT="36" CONTENT="convent," WC="0.69" CC="60700612"/>
						<SP ID="P188_SP00100" HPOS="289" VPOS="1277" WIDTH="14"/>
						<String ID="P188_ST00119" HPOS="303" VPOS="1241" WIDTH="33" HEIGHT="27" CONTENT="at" WC="0.95" CC="00"/>
						<SP ID="P188_SP00101" HPOS="336" VPOS="1277" WIDTH="14"/>
						<String ID="P188_ST00120" HPOS="350" VPOS="1239" WIDTH="139" HEIGHT="40" CONTENT="Poitiers," WC="0.59" CC="603133663"/>
						<SP ID="P188_SP00102" HPOS="489" VPOS="1279" WIDTH="14"/>
						<String ID="P188_ST00121" HPOS="503" VPOS="1239" WIDTH="77" HEIGHT="32" CONTENT="with" WC="0.82" CC="0007"/>
						<SP ID="P188_SP00103" HPOS="580" VPOS="1279" WIDTH="16"/>
						<String ID="P188_ST00122" HPOS="596" VPOS="1240" WIDTH="99" HEIGHT="31" CONTENT="Marie" WC="0.82" CC="00520"/>
						<SP ID="P188_SP00104" HPOS="695" VPOS="1279" WIDTH="17"/>
						<String ID="P188_ST00123" HPOS="712" VPOS="1241" WIDTH="36" HEIGHT="30" CONTENT="de" WC="0.97" CC="00"/>
						<SP ID="P188_SP00105" HPOS="748" VPOS="1279" WIDTH="13"/>
						<String ID="P188_ST00124" HPOS="761" VPOS="1241" WIDTH="154" HEIGHT="40" CONTENT="MorviUe," WC="0.66" CC="00661704"/>
					</TextLine>
					<TextLine ID="P188_TL00019" HPOS="151" VPOS="1307" WIDTH="765" HEIGHT="42">
						<String ID="P188_ST00125" HPOS="151" VPOS="1307" WIDTH="46" HEIGHT="30" CONTENT="for" WC="0.52" CC="706"/>
						<SP ID="P188_SP00106" HPOS="197" VPOS="1337" WIDTH="14"/>
						<String ID="P188_ST00126" HPOS="211" VPOS="1307" WIDTH="102" HEIGHT="32" CONTENT="whose" WC="0.51" CC="97060"/>
						<SP ID="P188_SP00107" HPOS="313" VPOS="1339" WIDTH="23"/>
						<String ID="P188_ST00127" HPOS="336" VPOS="1308" WIDTH="156" HEIGHT="41" CONTENT="schooling" WC="0.67" CC="537500070"/>
						<SP ID="P188_SP00108" HPOS="492" VPOS="1349" WIDTH="19"/>
						<String ID="P188_ST00128" HPOS="511" VPOS="1312" WIDTH="31" HEIGHT="28" CONTENT="at" WC="0.72" CC="05"/>
						<SP ID="P188_SP00109" HPOS="542" VPOS="1349" WIDTH="22"/>
						<String ID="P188_ST00129" HPOS="564" VPOS="1311" WIDTH="68" HEIGHT="29" CONTENT="that" WC="0.58" CC="6702"/>
						<SP ID="P188_SP00110" HPOS="632" VPOS="1349" WIDTH="18"/>
						<String ID="P188_ST00130" HPOS="650" VPOS="1312" WIDTH="163" HEIGHT="29" CONTENT="venerable" WC="0.72" CC="007050703"/>
						<SP ID="P188_SP00111" HPOS="813" VPOS="1349" WIDTH="15"/>
						<String ID="P188_ST00131" HPOS="828" VPOS="1312" WIDTH="88" HEIGHT="31" CONTENT="insti" SUBS_TYPE="HypPart1" SUBS_CONTENT="institution" WC="0.64" CC="076340"/>
						<HYP CONTENT="-"/>
					</TextLine>
					<TextLine ID="P188_TL00020" HPOS="151" VPOS="1377" WIDTH="766" HEIGHT="46">
						<String ID="P188_ST00132" HPOS="151" VPOS="1377" WIDTH="102" HEIGHT="30" CONTENT="tution" SUBS_TYPE="HypPart2" SUBS_CONTENT="institution" WC="0.58" CC="555007"/>
						<SP ID="P188_SP00112" HPOS="253" VPOS="1407" WIDTH="28"/>
						<String ID="P188_ST00133" HPOS="281" VPOS="1378" WIDTH="55" HEIGHT="29" CONTENT="her" WC="0.54" CC="706"/>
						<SP ID="P188_SP00113" HPOS="336" VPOS="1407" WIDTH="28"/>
						<String ID="P188_ST00134" HPOS="364" VPOS="1382" WIDTH="123" HEIGHT="36" CONTENT="parents" WC="0.82" CC="0000705"/>
						<SP ID="P188_SP00114" HPOS="487" VPOS="1418" WIDTH="31"/>
						<String ID="P188_ST00135" HPOS="518" VPOS="1380" WIDTH="158" HEIGHT="31" CONTENT="contrived" WC="0.64" CC="207066009"/>
						<SP ID="P188_SP00115" HPOS="676" VPOS="1418" WIDTH="30"/>
						<String ID="P188_ST00136" HPOS="706" VPOS="1384" WIDTH="32" HEIGHT="27" CONTENT="to" WC="0.90" CC="01"/>
						<SP ID="P188_SP00116" HPOS="738" VPOS="1418" WIDTH="26"/>
						<String ID="P188_ST00137" HPOS="764" VPOS="1381" WIDTH="65" HEIGHT="31" CONTENT="find" WC="0.81" CC="0070"/>
						<SP ID="P188_SP00117" HPOS="829" VPOS="1418" WIDTH="22"/>
						<String ID="P188_ST00138" HPOS="851" VPOS="1383" WIDTH="66" HEIGHT="40" CONTENT="just" WC="0.64" CC="0770"/>
					</TextLine>
					<TextLine ID="P188_TL00021" HPOS="152" VPOS="1448" WIDTH="765" HEIGHT="42">
						<String ID="P188_ST00139" HPOS="152" VPOS="1457" WIDTH="109" HEIGHT="31" CONTENT="money" WC="0.85" CC="00700"/>
						<SP ID="P188_SP00118" HPOS="261" VPOS="1488" WIDTH="16"/>
						<String ID="P188_ST00140" HPOS="277" VPOS="1448" WIDTH="122" HEIGHT="40" CONTENT="enough" WC="0.58" CC="073607"/>
						<SP ID="P188_SP00119" HPOS="399" VPOS="1488" WIDTH="23"/>
						<String ID="P188_ST00141" HPOS="422" VPOS="1452" WIDTH="31" HEIGHT="26" CONTENT="to" WC="0.48" CC="45"/>
						<SP ID="P188_SP00120" HPOS="453" VPOS="1488" WIDTH="16"/>
						<String ID="P188_ST00142" HPOS="469" VPOS="1460" WIDTH="68" HEIGHT="30" CONTENT="pay." WC="1.00" CC="0000"/>
						<SP ID="P188_SP00121" HPOS="537" VPOS="1490" WIDTH="47"/>
						<String ID="P188_ST00143" HPOS="584" VPOS="1450" WIDTH="64" HEIGHT="31" CONTENT="The" WC="0.76" CC="070"/>
						<SP ID="P188_SP00122" HPOS="648" VPOS="1490" WIDTH="24"/>
						<String ID="P188_ST00144" HPOS="672" VPOS="1450" WIDTH="60" HEIGHT="40" CONTENT="girl" WC="0.80" CC="0060"/>
						<SP ID="P188_SP00123" HPOS="732" VPOS="1490" WIDTH="23"/>
						<String ID="P188_ST00145" HPOS="755" VPOS="1462" WIDTH="62" HEIGHT="21" CONTENT="was" WC="0.85" CC="004"/>
						<SP ID="P188_SP00124" HPOS="817" VPOS="1490" WIDTH="27"/>
						<String ID="P188_ST00146" HPOS="844" VPOS="1452" WIDTH="73" HEIGHT="31" CONTENT="deli-" WC="0.97" CC="00001"/>
					</TextLine>
				</TextBlock>
			</PrintSpace>
		</Page>
	</Layout>
</alto>
