<?xml version="1.0" encoding="UTF-8"?>
<alto xmlns:xsi="http://www.w3.org/2001/XMLSchema-instance" xsi:noNamespaceSchemaLocation="http://www.bl.uk/schemas/alto/alto-1-4.xsd" xmlns:xlink="http://www.w3.org/1999/xlink">
	<Description>
		<MeasurementUnit>mm10</MeasurementUnit>
		<sourceImageInformation>
			<fileName>//head1/IN/2007-46/A0010904365.1/000254.jp2</fileName>
		</sourceImageInformation>
		<OCRProcessing ID="OCRPROCESSING_1">
			<preProcessingStep>
				<processingSoftware>
					<softwareCreator>CCS Content Conversion Specialists GmbH, Germany</softwareCreator>
					<softwareName>CCS docWORKS</softwareName>
					<softwareVersion>6.1-0.62</softwareVersion>
				</processingSoftware>
			</preProcessingStep>
			<ocrProcessingStep>
				<processingSoftware>
					<softwareCreator>ABBYY (BIT Software), Russia</softwareCreator>
					<softwareName>Finereader</softwareName>
				</processingSoftware>
			</ocrProcessingStep>
		</OCRProcessing>
	</Description>
	<Styles>
		<TextStyle ID="TXT_0" FONTSIZE="11" FONTFAMILY="Courier New"/>
		<TextStyle ID="TXT_1" FONTSIZE="10" FONTFAMILY="Courier New"/>
		<ParagraphStyle ID="PAR_LEFT" ALIGN="Left"/>
		<ParagraphStyle ID="PAR_CENTER" ALIGN="Center"/>
	</Styles>
	<Layout>
		<Page ID="P238" PHYSICAL_IMG_NR="238" HEIGHT="1638" WIDTH="1019" PRINTED_IMG_NR="220" POSITION="Left" ACCURACY="74.01">
			<TopMargin ID="P238_TM00001" HPOS="0" VPOS="0" WIDTH="1019" HEIGHT="140">
				<TextBlock ID="P238_TB00001" HPOS="115" VPOS="112" WIDTH="53" HEIGHT="26" STYLEREFS="TXT_0 PAR_LEFT">
					<TextLine ID="P238_TL00001" HPOS="115" VPOS="112" WIDTH="53" HEIGHT="26">
						<String ID="P238_ST00001" HPOS="115" VPOS="112" WIDTH="53" HEIGHT="26" CONTENT="220" WC="1.00" CC="000"/>
					</TextLine>
				</TextBlock>
				<TextBlock ID="P238_TB00002" HPOS="370" VPOS="116" WIDTH="264" HEIGHT="24" STYLEREFS="TXT_1 PAR_CENTER">
					<TextLine ID="P238_TL00002" HPOS="371" VPOS="117" WIDTH="263" HEIGHT="23">
						<String ID="P238_ST00002" HPOS="371" VPOS="120" WIDTH="59" HEIGHT="20" CONTENT="ALL" WC="0.47" CC="735"/>
						<SP ID="P238_SP00001" HPOS="430" VPOS="140" WIDTH="19"/>
						<String ID="P238_ST00003" HPOS="449" VPOS="120" WIDTH="58" HEIGHT="20" CONTENT="FOR" WC="0.64" CC="406"/>
						<SP ID="P238_SP00002" HPOS="507" VPOS="140" WIDTH="19"/>
						<String ID="P238_ST00004" HPOS="526" VPOS="117" WIDTH="108" HEIGHT="23" CONTENT="GREED." WC="0.64" CC="606070"/>
					</TextLine>
				</TextBlock>
			</TopMargin>
			<LeftMargin ID="P238_LM00001" HPOS="0" VPOS="140" WIDTH="108" HEIGHT="1348"/>
			<RightMargin ID="P238_RM00001" HPOS="888" VPOS="140" WIDTH="131" HEIGHT="1348"/>
			<BottomMargin ID="P238_BM00001" HPOS="0" VPOS="1488" WIDTH="1019" HEIGHT="150"/>
			<PrintSpace ID="P238_PS00001" HPOS="108" VPOS="140" WIDTH="780" HEIGHT="1348">
				<TextBlock ID="P238_TB00003" HPOS="108" VPOS="198" WIDTH="780" HEIGHT="1290" STYLEREFS="TXT_1 PAR_LEFT">
					<TextLine ID="P238_TL00003" HPOS="115" VPOS="198" WIDTH="770" HEIGHT="49">
						<String ID="P238_ST00005" HPOS="115" VPOS="209" WIDTH="108" HEIGHT="37" CONTENT="tapers," WC="0.73" CC="0001663"/>
						<SP ID="P238_SP00003" HPOS="223" VPOS="246" WIDTH="19"/>
						<String ID="P238_ST00006" HPOS="242" VPOS="207" WIDTH="51" HEIGHT="33" CONTENT="the" WC="0.69" CC="080"/>
						<SP ID="P238_SP00004" HPOS="293" VPOS="246" WIDTH="22"/>
						<String ID="P238_ST00007" HPOS="315" VPOS="207" WIDTH="111" HEIGHT="40" CONTENT="yellow" WC="0.93" CC="010020"/>
						<SP ID="P238_SP00005" HPOS="426" VPOS="247" WIDTH="15"/>
						<String ID="P238_ST00008" HPOS="441" VPOS="215" WIDTH="72" HEIGHT="20" CONTENT="wax" WC="1.00" CC="000"/>
						<SP ID="P238_SP00006" HPOS="513" VPOS="247" WIDTH="22"/>
						<String ID="P238_ST00009" HPOS="535" VPOS="201" WIDTH="183" HEIGHT="33" CONTENT="wherefrom" WC="0.79" CC="070400500"/>
						<SP ID="P238_SP00007" HPOS="718" VPOS="247" WIDTH="23"/>
						<String ID="P238_ST00010" HPOS="741" VPOS="198" WIDTH="144" HEIGHT="41" CONTENT="guttered" WC="0.82" CC="07000500"/>
					</TextLine>
					<TextLine ID="P238_TL00004" HPOS="115" VPOS="268" WIDTH="771" HEIGHT="45">
						<String ID="P238_ST00011" HPOS="115" VPOS="275" WIDTH="89" HEIGHT="31" CONTENT="down" WC="0.93" CC="0200"/>
						<SP ID="P238_SP00008" HPOS="204" VPOS="306" WIDTH="25"/>
						<String ID="P238_ST00012" HPOS="229" VPOS="275" WIDTH="32" HEIGHT="30" CONTENT="in" WC="0.48" CC="27"/>
						<SP ID="P238_SP00009" HPOS="261" VPOS="306" WIDTH="26"/>
						<String ID="P238_ST00013" HPOS="287" VPOS="276" WIDTH="52" HEIGHT="30" CONTENT="the" WC="0.73" CC="070"/>
						<SP ID="P238_SP00010" HPOS="339" VPOS="306" WIDTH="26"/>
						<String ID="P238_ST00014" HPOS="365" VPOS="274" WIDTH="149" HEIGHT="39" CONTENT="draughts" WC="0.62" CC="07080707"/>
						<SP ID="P238_SP00011" HPOS="514" VPOS="313" WIDTH="23"/>
						<String ID="P238_ST00015" HPOS="537" VPOS="272" WIDTH="34" HEIGHT="30" CONTENT="of" WC="1.00" CC="00"/>
						<SP ID="P238_SP00012" HPOS="571" VPOS="313" WIDTH="23"/>
						<String ID="P238_ST00016" HPOS="594" VPOS="270" WIDTH="46" HEIGHT="31" CONTENT="air" WC="0.83" CC="050"/>
						<SP ID="P238_SP00013" HPOS="640" VPOS="313" WIDTH="24"/>
						<String ID="P238_ST00017" HPOS="664" VPOS="270" WIDTH="70" HEIGHT="30" CONTENT="that" WC="0.68" CC="5700"/>
						<SP ID="P238_SP00014" HPOS="734" VPOS="313" WIDTH="26"/>
						<String ID="P238_ST00018" HPOS="760" VPOS="268" WIDTH="126" HEIGHT="30" CONTENT="entered" WC="0.72" CC="5703300"/>
					</TextLine>
					<TextLine ID="P238_TL00005" HPOS="113" VPOS="337" WIDTH="773" HEIGHT="47">
						<String ID="P238_ST00019" HPOS="113" VPOS="345" WIDTH="135" HEIGHT="39" CONTENT="through" WC="0.65" CC="0760701"/>
						<SP ID="P238_SP00015" HPOS="248" VPOS="384" WIDTH="27"/>
						<String ID="P238_ST00020" HPOS="275" VPOS="355" WIDTH="92" HEIGHT="29" CONTENT="every" WC="0.89" CC="00050"/>
						<SP ID="P238_SP00016" HPOS="367" VPOS="384" WIDTH="26"/>
						<String ID="P238_ST00021" HPOS="393" VPOS="342" WIDTH="142" HEIGHT="41" CONTENT="opening." WC="0.70" CC="10463700"/>
						<SP ID="P238_SP00017" HPOS="535" VPOS="384" WIDTH="46"/>
						<String ID="P238_ST00022" HPOS="581" VPOS="340" WIDTH="45" HEIGHT="30" CONTENT="At" WC="0.98" CC="00"/>
						<SP ID="P238_SP00018" HPOS="626" VPOS="384" WIDTH="30"/>
						<String ID="P238_ST00023" HPOS="656" VPOS="350" WIDTH="18" HEIGHT="19" CONTENT="a" WC="0.85" CC="1"/>
						<SP ID="P238_SP00019" HPOS="674" VPOS="384" WIDTH="26"/>
						<String ID="P238_ST00024" HPOS="700" VPOS="338" WIDTH="81" HEIGHT="30" CONTENT="little" WC="0.95" CC="000020"/>
						<SP ID="P238_SP00020" HPOS="781" VPOS="384" WIDTH="26"/>
						<String ID="P238_ST00025" HPOS="807" VPOS="337" WIDTH="79" HEIGHT="31" CONTENT="after" WC="0.77" CC="00605"/>
					</TextLine>
					<TextLine ID="P238_TL00006" HPOS="115" VPOS="406" WIDTH="773" HEIGHT="48">
						<String ID="P238_ST00026" HPOS="115" VPOS="412" WIDTH="72" HEIGHT="31" CONTENT="nine" WC="0.62" CC="7070"/>
						<SP ID="P238_SP00021" HPOS="187" VPOS="443" WIDTH="22"/>
						<String ID="P238_ST00027" HPOS="209" VPOS="423" WIDTH="61" HEIGHT="31" CONTENT="you" WC="0.74" CC="007"/>
						<SP ID="P238_SP00022" HPOS="270" VPOS="454" WIDTH="22"/>
						<String ID="P238_ST00028" HPOS="292" VPOS="413" WIDTH="100" HEIGHT="39" CONTENT="began" WC="0.70" CC="70007"/>
						<SP ID="P238_SP00023" HPOS="392" VPOS="454" WIDTH="22"/>
						<String ID="P238_ST00029" HPOS="414" VPOS="414" WIDTH="32" HEIGHT="27" CONTENT="to" WC="1.00" CC="00"/>
						<SP ID="P238_SP00024" HPOS="446" VPOS="454" WIDTH="15"/>
						<String ID="P238_ST00030" HPOS="461" VPOS="412" WIDTH="74" HEIGHT="28" CONTENT="hear" WC="0.69" CC="7005"/>
						<SP ID="P238_SP00025" HPOS="535" VPOS="454" WIDTH="22"/>
						<String ID="P238_ST00031" HPOS="557" VPOS="410" WIDTH="54" HEIGHT="30" CONTENT="the" WC="0.75" CC="070"/>
						<SP ID="P238_SP00026" HPOS="611" VPOS="454" WIDTH="23"/>
						<String ID="P238_ST00032" HPOS="634" VPOS="409" WIDTH="91" HEIGHT="38" CONTENT="sharp" WC="0.61" CC="67050"/>
						<SP ID="P238_SP00027" HPOS="725" VPOS="454" WIDTH="17"/>
						<String ID="P238_ST00033" HPOS="742" VPOS="406" WIDTH="99" HEIGHT="31" CONTENT="sound" WC="0.57" CC="50870"/>
						<SP ID="P238_SP00028" HPOS="841" VPOS="454" WIDTH="15"/>
						<String ID="P238_ST00034" HPOS="856" VPOS="406" WIDTH="32" HEIGHT="30" CONTENT="of" WC="1.00" CC="00"/>
					</TextLine>
					<TextLine ID="P238_TL00007" HPOS="114" VPOS="476" WIDTH="771" HEIGHT="45">
						<String ID="P238_ST00035" HPOS="114" VPOS="482" WIDTH="100" HEIGHT="29" CONTENT="sabots" WC="0.59" CC="607207"/>
						<SP ID="P238_SP00029" HPOS="214" VPOS="511" WIDTH="22"/>
						<String ID="P238_ST00036" HPOS="236" VPOS="492" WIDTH="83" HEIGHT="29" CONTENT="upon" WC="0.61" CC="8007"/>
						<SP ID="P238_SP00030" HPOS="319" VPOS="521" WIDTH="26"/>
						<String ID="P238_ST00037" HPOS="345" VPOS="481" WIDTH="52" HEIGHT="30" CONTENT="the" WC="0.75" CC="070"/>
						<SP ID="P238_SP00031" HPOS="397" VPOS="521" WIDTH="22"/>
						<String ID="P238_ST00038" HPOS="419" VPOS="480" WIDTH="84" HEIGHT="30" CONTENT="floor." WC="0.85" CC="110050"/>
						<SP ID="P238_SP00032" HPOS="503" VPOS="521" WIDTH="49"/>
						<String ID="P238_ST00039" HPOS="552" VPOS="478" WIDTH="87" HEIGHT="40" CONTENT="They" WC="0.81" CC="0700"/>
						<SP ID="P238_SP00033" HPOS="639" VPOS="521" WIDTH="23"/>
						<String ID="P238_ST00040" HPOS="662" VPOS="488" WIDTH="83" HEIGHT="19" CONTENT="came" WC="1.00" CC="0000"/>
						<SP ID="P238_SP00034" HPOS="745" VPOS="521" WIDTH="27"/>
						<String ID="P238_ST00041" HPOS="772" VPOS="476" WIDTH="34" HEIGHT="30" CONTENT="in" WC="0.64" CC="07"/>
						<SP ID="P238_SP00035" HPOS="806" VPOS="521" WIDTH="22"/>
						<String ID="P238_ST00042" HPOS="828" VPOS="486" WIDTH="57" HEIGHT="20" CONTENT="one" WC="0.59" CC="362"/>
					</TextLine>
					<TextLine ID="P238_TL00008" HPOS="113" VPOS="545" WIDTH="772" HEIGHT="46">
						<String ID="P238_ST00043" HPOS="113" VPOS="550" WIDTH="42" HEIGHT="41" CONTENT="by" WC="0.66" CC="60"/>
						<SP ID="P238_SP00036" HPOS="155" VPOS="591" WIDTH="27"/>
						<String ID="P238_ST00044" HPOS="182" VPOS="561" WIDTH="55" HEIGHT="20" CONTENT="one" WC="0.62" CC="460"/>
						<String ID="P238_ST00045" HPOS="249" VPOS="561" WIDTH="7" HEIGHT="28" CONTENT=";" WC="0.57" CC="4"/>
						<SP ID="P238_SP00037" HPOS="256" VPOS="591" WIDTH="34"/>
						<String ID="P238_ST00046" HPOS="290" VPOS="550" WIDTH="53" HEIGHT="30" CONTENT="the" WC="0.67" CC="072"/>
						<SP ID="P238_SP00038" HPOS="343" VPOS="591" WIDTH="26"/>
						<String ID="P238_ST00047" HPOS="369" VPOS="549" WIDTH="118" HEIGHT="40" CONTENT="closing" WC="0.74" CC="0007350"/>
						<SP ID="P238_SP00039" HPOS="487" VPOS="591" WIDTH="26"/>
						<String ID="P238_ST00048" HPOS="513" VPOS="548" WIDTH="74" HEIGHT="30" CONTENT="door" WC="0.87" CC="0022"/>
						<SP ID="P238_SP00040" HPOS="587" VPOS="591" WIDTH="26"/>
						<String ID="P238_ST00049" HPOS="613" VPOS="556" WIDTH="77" HEIGHT="31" CONTENT="gave" WC="1.00" CC="0000"/>
						<SP ID="P238_SP00041" HPOS="690" VPOS="591" WIDTH="27"/>
						<String ID="P238_ST00050" HPOS="717" VPOS="556" WIDTH="17" HEIGHT="20" CONTENT="a" WC="1.00" CC="0"/>
						<SP ID="P238_SP00042" HPOS="734" VPOS="591" WIDTH="26"/>
						<String ID="P238_ST00051" HPOS="760" VPOS="545" WIDTH="125" HEIGHT="30" CONTENT="muffled" WC="0.89" CC="0700000"/>
					</TextLine>
					<TextLine ID="P238_TL00009" HPOS="113" VPOS="615" WIDTH="771" HEIGHT="43">
						<String ID="P238_ST00052" HPOS="113" VPOS="619" WIDTH="84" HEIGHT="38" CONTENT="slam," WC="0.54" CC="65703"/>
						<SP ID="P238_SP00043" HPOS="197" VPOS="657" WIDTH="18"/>
						<String ID="P238_ST00053" HPOS="215" VPOS="619" WIDTH="53" HEIGHT="30" CONTENT="the" WC="0.64" CC="370"/>
						<SP ID="P238_SP00044" HPOS="268" VPOS="657" WIDTH="14"/>
						<String ID="P238_ST00054" HPOS="282" VPOS="618" WIDTH="71" HEIGHT="40" CONTENT="ring" WC="0.62" CC="5270"/>
						<SP ID="P238_SP00045" HPOS="353" VPOS="658" WIDTH="16"/>
						<String ID="P238_ST00055" HPOS="369" VPOS="618" WIDTH="33" HEIGHT="30" CONTENT="of" WC="0.85" CC="02"/>
						<SP ID="P238_SP00046" HPOS="402" VPOS="658" WIDTH="12"/>
						<String ID="P238_ST00056" HPOS="414" VPOS="627" WIDTH="39" HEIGHT="20" CONTENT="an" WC="0.63" CC="07"/>
						<SP ID="P238_SP00047" HPOS="453" VPOS="658" WIDTH="15"/>
						<String ID="P238_ST00057" HPOS="468" VPOS="616" WIDTH="150" HEIGHT="30" CONTENT="umbrella" WC="0.64" CC="80743220"/>
						<SP ID="P238_SP00048" HPOS="618" VPOS="658" WIDTH="16"/>
						<String ID="P238_ST00058" HPOS="634" VPOS="615" WIDTH="152" HEIGHT="40" CONTENT="dropping" WC="0.83" CC="06000070"/>
						<SP ID="P238_SP00049" HPOS="786" VPOS="658" WIDTH="15"/>
						<String ID="P238_ST00059" HPOS="801" VPOS="625" WIDTH="83" HEIGHT="29" CONTENT="upon" WC="0.67" CC="6006"/>
					</TextLine>
					<TextLine ID="P238_TL00010" HPOS="112" VPOS="684" WIDTH="770" HEIGHT="43">
						<String ID="P238_ST00060" HPOS="112" VPOS="688" WIDTH="54" HEIGHT="29" CONTENT="the" WC="0.68" CC="071"/>
						<SP ID="P238_SP00050" HPOS="166" VPOS="717" WIDTH="25"/>
						<String ID="P238_ST00061" HPOS="191" VPOS="689" WIDTH="162" HEIGHT="38" CONTENT="pavement" WC="0.92" CC="00000060"/>
						<SP ID="P238_SP00051" HPOS="353" VPOS="727" WIDTH="26"/>
						<String ID="P238_ST00062" HPOS="379" VPOS="686" WIDTH="155" HEIGHT="41" CONTENT="produced" WC="0.81" CC="05207000"/>
						<SP ID="P238_SP00052" HPOS="534" VPOS="727" WIDTH="29"/>
						<String ID="P238_ST00063" HPOS="563" VPOS="696" WIDTH="18" HEIGHT="20" CONTENT="a" WC="1.00" CC="0"/>
						<SP ID="P238_SP00053" HPOS="581" VPOS="727" WIDTH="29"/>
						<String ID="P238_ST00064" HPOS="610" VPOS="684" WIDTH="135" HEIGHT="31" CONTENT="metallic" WC="0.84" CC="02000450"/>
						<SP ID="P238_SP00054" HPOS="745" VPOS="727" WIDTH="30"/>
						<String ID="P238_ST00065" HPOS="775" VPOS="685" WIDTH="107" HEIGHT="38" CONTENT="sound," WC="0.59" CC="607603"/>
					</TextLine>
					<TextLine ID="P238_TL00011" HPOS="112" VPOS="754" WIDTH="769" HEIGHT="41">
						<String ID="P238_ST00066" HPOS="112" VPOS="757" WIDTH="53" HEIGHT="30" CONTENT="the" WC="0.70" CC="071"/>
						<SP ID="P238_SP00055" HPOS="165" VPOS="787" WIDTH="22"/>
						<String ID="P238_ST00067" HPOS="187" VPOS="757" WIDTH="128" HEIGHT="30" CONTENT="wooden" WC="0.81" CC="040007"/>
						<SP ID="P238_SP00056" HPOS="315" VPOS="787" WIDTH="21"/>
						<String ID="P238_ST00068" HPOS="336" VPOS="756" WIDTH="85" HEIGHT="30" CONTENT="heels" WC="0.71" CC="70006"/>
						<SP ID="P238_SP00057" HPOS="421" VPOS="787" WIDTH="23"/>
						<String ID="P238_ST00069" HPOS="444" VPOS="755" WIDTH="113" HEIGHT="40" CONTENT="tapped" WC="1.00" CC="000000"/>
						<SP ID="P238_SP00058" HPOS="557" VPOS="795" WIDTH="21"/>
						<String ID="P238_ST00070" HPOS="578" VPOS="754" WIDTH="121" HEIGHT="40" CONTENT="against" WC="0.56" CC="6003766"/>
						<SP ID="P238_SP00059" HPOS="699" VPOS="795" WIDTH="18"/>
						<String ID="P238_ST00071" HPOS="717" VPOS="754" WIDTH="53" HEIGHT="29" CONTENT="the" WC="0.77" CC="060"/>
						<SP ID="P238_SP00060" HPOS="770" VPOS="795" WIDTH="16"/>
						<String ID="P238_ST00072" HPOS="786" VPOS="756" WIDTH="95" HEIGHT="37" CONTENT="stone," WC="0.71" CC="600702"/>
					</TextLine>
					<TextLine ID="P238_TL00012" HPOS="113" VPOS="823" WIDTH="770" HEIGHT="42">
						<String ID="P238_ST00073" HPOS="113" VPOS="836" WIDTH="18" HEIGHT="19" CONTENT="a" WC="1.00" CC="0"/>
						<SP ID="P238_SP00061" HPOS="131" VPOS="855" WIDTH="14"/>
						<String ID="P238_ST00074" HPOS="145" VPOS="825" WIDTH="241" HEIGHT="38" CONTENT="half-drenched," WC="0.74" CC="70000040767002"/>
						<SP ID="P238_SP00062" HPOS="386" VPOS="863" WIDTH="14"/>
						<String ID="P238_ST00075" HPOS="400" VPOS="823" WIDTH="248" HEIGHT="42" CONTENT="poorly-dressed" WC="0.83" CC="01040000306600"/>
						<SP ID="P238_SP00063" HPOS="648" VPOS="865" WIDTH="11"/>
						<String ID="P238_ST00076" HPOS="659" VPOS="825" WIDTH="126" HEIGHT="38" CONTENT="peasant" WC="0.78" CC="0107060"/>
						<SP ID="P238_SP00064" HPOS="785" VPOS="865" WIDTH="11"/>
						<String ID="P238_ST00077" HPOS="796" VPOS="823" WIDTH="87" HEIGHT="30" CONTENT="made" WC="1.00" CC="0000"/>
					</TextLine>
					<TextLine ID="P238_TL00013" HPOS="113" VPOS="892" WIDTH="768" HEIGHT="42">
						<String ID="P238_ST00078" HPOS="113" VPOS="894" WIDTH="57" HEIGHT="39" CONTENT="his," WC="0.44" CC="5474"/>
						<SP ID="P238_SP00065" HPOS="170" VPOS="933" WIDTH="19"/>
						<String ID="P238_ST00079" HPOS="189" VPOS="905" WIDTH="33" HEIGHT="20" CONTENT="or" WC="0.60" CC="43"/>
						<SP ID="P238_SP00066" HPOS="222" VPOS="933" WIDTH="21"/>
						<String ID="P238_ST00080" HPOS="243" VPOS="895" WIDTH="64" HEIGHT="38" CONTENT="her," WC="0.62" CC="7033"/>
						<SP ID="P238_SP00067" HPOS="307" VPOS="933" WIDTH="18"/>
						<String ID="P238_ST00081" HPOS="325" VPOS="904" WIDTH="69" HEIGHT="30" CONTENT="way" WC="0.85" CC="040"/>
						<SP ID="P238_SP00068" HPOS="394" VPOS="934" WIDTH="15"/>
						<String ID="P238_ST00082" HPOS="409" VPOS="904" WIDTH="42" HEIGHT="29" CONTENT="up" WC="0.65" CC="70"/>
						<SP ID="P238_SP00069" HPOS="451" VPOS="934" WIDTH="23"/>
						<String ID="P238_ST00083" HPOS="474" VPOS="896" WIDTH="31" HEIGHT="28" CONTENT="to" WC="0.63" CC="70"/>
						<SP ID="P238_SP00070" HPOS="505" VPOS="934" WIDTH="16"/>
						<String ID="P238_ST00084" HPOS="521" VPOS="893" WIDTH="53" HEIGHT="30" CONTENT="the" WC="0.52" CC="760"/>
						<SP ID="P238_SP00071" HPOS="574" VPOS="934" WIDTH="16"/>
						<String ID="P238_ST00085" HPOS="590" VPOS="892" WIDTH="128" HEIGHT="32" CONTENT="wooden" WC="0.77" CC="023007"/>
						<SP ID="P238_SP00072" HPOS="718" VPOS="934" WIDTH="21"/>
						<String ID="P238_ST00086" HPOS="739" VPOS="892" WIDTH="142" HEIGHT="39" CONTENT="benches," WC="0.61" CC="70707060"/>
					</TextLine>
					<TextLine ID="P238_TL00014" HPOS="113" VPOS="961" WIDTH="770" HEIGHT="42">
						<String ID="P238_ST00087" HPOS="113" VPOS="964" WIDTH="60" HEIGHT="29" CONTENT="and" WC="0.59" CC="065"/>
						<SP ID="P238_SP00073" HPOS="173" VPOS="993" WIDTH="30"/>
						<String ID="P238_ST00088" HPOS="203" VPOS="964" WIDTH="40" HEIGHT="29" CONTENT="all" WC="1.00" CC="000"/>
						<SP ID="P238_SP00074" HPOS="243" VPOS="993" WIDTH="26"/>
						<String ID="P238_ST00089" HPOS="269" VPOS="973" WIDTH="62" HEIGHT="21" CONTENT="was" WC="0.79" CC="006"/>
						<SP ID="P238_SP00075" HPOS="331" VPOS="994" WIDTH="29"/>
						<String ID="P238_ST00090" HPOS="360" VPOS="962" WIDTH="92" HEIGHT="41" CONTENT="again" WC="0.85" CC="00007"/>
						<SP ID="P238_SP00076" HPOS="452" VPOS="1003" WIDTH="29"/>
						<String ID="P238_ST00091" HPOS="481" VPOS="962" WIDTH="72" HEIGHT="30" CONTENT="still." WC="0.77" CC="615000"/>
						<SP ID="P238_SP00077" HPOS="553" VPOS="1003" WIDTH="48"/>
						<String ID="P238_ST00092" HPOS="601" VPOS="961" WIDTH="61" HEIGHT="31" CONTENT="Till" WC="1.00" CC="0000"/>
						<SP ID="P238_SP00078" HPOS="662" VPOS="1003" WIDTH="26"/>
						<String ID="P238_ST00093" HPOS="688" VPOS="961" WIDTH="66" HEIGHT="42" CONTENT="just" WC="0.66" CC="0760"/>
						<SP ID="P238_SP00079" HPOS="754" VPOS="1003" WIDTH="25"/>
						<String ID="P238_ST00094" HPOS="779" VPOS="961" WIDTH="104" HEIGHT="31" CONTENT="before" WC="0.80" CC="700040"/>
					</TextLine>
					<TextLine ID="P238_TL00015" HPOS="112" VPOS="1031" WIDTH="770" HEIGHT="41">
						<String ID="P238_ST00095" HPOS="112" VPOS="1042" WIDTH="79" HEIGHT="20" CONTENT="mass" WC="0.66" CC="0067"/>
						<SP ID="P238_SP00080" HPOS="191" VPOS="1062" WIDTH="22"/>
						<String ID="P238_ST00096" HPOS="213" VPOS="1042" WIDTH="62" HEIGHT="21" CONTENT="was" WC="0.49" CC="086"/>
						<SP ID="P238_SP00081" HPOS="275" VPOS="1063" WIDTH="23"/>
						<String ID="P238_ST00097" HPOS="298" VPOS="1032" WIDTH="193" HEIGHT="30" CONTENT="commenced" WC="0.82" CC="040007300"/>
						<SP ID="P238_SP00082" HPOS="491" VPOS="1063" WIDTH="23"/>
						<String ID="P238_ST00098" HPOS="514" VPOS="1032" WIDTH="73" HEIGHT="40" CONTENT="only" WC="0.81" CC="0700"/>
						<SP ID="P238_SP00083" HPOS="587" VPOS="1072" WIDTH="14"/>
						<String ID="P238_ST00099" HPOS="601" VPOS="1031" WIDTH="55" HEIGHT="30" CONTENT="the" WC="0.60" CC="470"/>
						<SP ID="P238_SP00084" HPOS="656" VPOS="1072" WIDTH="15"/>
						<String ID="P238_ST00100" HPOS="671" VPOS="1041" WIDTH="76" HEIGHT="31" CONTENT="very" WC="0.82" CC="0150"/>
						<SP ID="P238_SP00085" HPOS="747" VPOS="1072" WIDTH="21"/>
						<String ID="P238_ST00101" HPOS="768" VPOS="1031" WIDTH="114" HEIGHT="31" CONTENT="devout" WC="0.85" CC="010070"/>
					</TextLine>
					<TextLine ID="P238_TL00016" HPOS="111" VPOS="1101" WIDTH="769" HEIGHT="41">
						<String ID="P238_ST00102" HPOS="111" VPOS="1113" WIDTH="80" HEIGHT="20" CONTENT="were" WC="0.89" CC="0040"/>
						<SP ID="P238_SP00086" HPOS="191" VPOS="1133" WIDTH="15"/>
						<String ID="P238_ST00103" HPOS="206" VPOS="1101" WIDTH="119" HEIGHT="40" CONTENT="visible," WC="0.69" CC="00657400"/>
						<SP ID="P238_SP00087" HPOS="325" VPOS="1141" WIDTH="17"/>
						<String ID="P238_ST00104" HPOS="342" VPOS="1102" WIDTH="61" HEIGHT="29" CONTENT="and" WC="0.78" CC="060"/>
						<SP ID="P238_SP00088" HPOS="403" VPOS="1141" WIDTH="14"/>
						<String ID="P238_ST00105" HPOS="417" VPOS="1102" WIDTH="86" HEIGHT="29" CONTENT="these" WC="0.71" CC="07060"/>
						<SP ID="P238_SP00089" HPOS="503" VPOS="1141" WIDTH="15"/>
						<String ID="P238_ST00106" HPOS="518" VPOS="1112" WIDTH="80" HEIGHT="20" CONTENT="were" WC="0.68" CC="9020"/>
						<SP ID="P238_SP00090" HPOS="598" VPOS="1141" WIDTH="23"/>
						<String ID="P238_ST00107" HPOS="621" VPOS="1102" WIDTH="113" HEIGHT="39" CONTENT="mostly" WC="0.77" CC="006330"/>
						<SP ID="P238_SP00091" HPOS="734" VPOS="1141" WIDTH="16"/>
						<String ID="P238_ST00108" HPOS="750" VPOS="1103" WIDTH="130" HEIGHT="39" CONTENT="country" WC="0.65" CC="0477040"/>
					</TextLine>
					<TextLine ID="P238_TL00017" HPOS="111" VPOS="1169" WIDTH="769" HEIGHT="41">
						<String ID="P238_ST00109" HPOS="111" VPOS="1170" WIDTH="116" HEIGHT="40" CONTENT="people," WC="0.95" CC="0000003"/>
						<String ID="P238_ST00110" HPOS="231" VPOS="1189" WIDTH="42" HEIGHT="2" CONTENT="—" WC="0.20" CC="8"/>
						<String ID="P238_ST00111" HPOS="274" VPOS="1170" WIDTH="83" HEIGHT="31" CONTENT="what" WC="0.77" CC="0701"/>
						<SP ID="P238_SP00092" HPOS="357" VPOS="1210" WIDTH="25"/>
						<String ID="P238_ST00112" HPOS="382" VPOS="1169" WIDTH="33" HEIGHT="30" CONTENT="in" WC="0.32" CC="75"/>
						<SP ID="P238_SP00093" HPOS="415" VPOS="1210" WIDTH="30"/>
						<String ID="P238_ST00113" HPOS="445" VPOS="1170" WIDTH="116" HEIGHT="30" CONTENT="France" WC="0.58" CC="760613"/>
						<SP ID="P238_SP00094" HPOS="561" VPOS="1210" WIDTH="29"/>
						<String ID="P238_ST00114" HPOS="590" VPOS="1180" WIDTH="51" HEIGHT="20" CONTENT="are" WC="0.77" CC="060"/>
						<SP ID="P238_SP00095" HPOS="641" VPOS="1210" WIDTH="27"/>
						<String ID="P238_ST00115" HPOS="668" VPOS="1170" WIDTH="98" HEIGHT="30" CONTENT="called" WC="0.93" CC="000300"/>
						<SP ID="P238_SP00096" HPOS="766" VPOS="1210" WIDTH="25"/>
						<String ID="P238_ST00116" HPOS="791" VPOS="1169" WIDTH="89" HEIGHT="31" CONTENT="culti" SUBS_TYPE="HypPart1" SUBS_CONTENT="cultivateurs" WC="0.79" CC="070031"/>
						<HYP CONTENT="-"/>
					</TextLine>
					<TextLine ID="P238_TL00018" HPOS="111" VPOS="1239" WIDTH="770" HEIGHT="41">
						<String ID="P238_ST00117" HPOS="111" VPOS="1243" WIDTH="131" HEIGHT="35" CONTENT="vateurs," SUBS_TYPE="HypPart2" SUBS_CONTENT="cultivateurs" WC="0.51" CC="90607463"/>
						<String ID="P238_ST00118" HPOS="247" VPOS="1258" WIDTH="42" HEIGHT="4" CONTENT="—" WC="0.20" CC="8"/>
						<String ID="P238_ST00119" HPOS="289" VPOS="1240" WIDTH="61" HEIGHT="29" CONTENT="and" WC="0.75" CC="070"/>
						<SP ID="P238_SP00097" HPOS="350" VPOS="1278" WIDTH="28"/>
						<String ID="P238_ST00120" HPOS="378" VPOS="1239" WIDTH="81" HEIGHT="30" CONTENT="their" WC="0.57" CC="27046"/>
						<SP ID="P238_SP00098" HPOS="459" VPOS="1278" WIDTH="29"/>
						<String ID="P238_ST00121" HPOS="488" VPOS="1239" WIDTH="140" HEIGHT="31" CONTENT="famdies." WC="0.74" CC="02070170"/>
						<SP ID="P238_SP00099" HPOS="628" VPOS="1278" WIDTH="45"/>
						<String ID="P238_ST00122" HPOS="673" VPOS="1240" WIDTH="126" HEIGHT="40" CONTENT="During" WC="0.57" CC="760560"/>
						<SP ID="P238_SP00100" HPOS="799" VPOS="1280" WIDTH="29"/>
						<String ID="P238_ST00123" HPOS="828" VPOS="1240" WIDTH="53" HEIGHT="30" CONTENT="the" WC="0.75" CC="070"/>
					</TextLine>
					<TextLine ID="P238_TL00019" HPOS="111" VPOS="1308" WIDTH="770" HEIGHT="41">
						<String ID="P238_ST00124" HPOS="111" VPOS="1308" WIDTH="172" HEIGHT="41" CONTENT="procession" WC="0.67" CC="0551077006"/>
						<SP ID="P238_SP00101" HPOS="283" VPOS="1349" WIDTH="29"/>
						<String ID="P238_ST00125" HPOS="312" VPOS="1309" WIDTH="99" HEIGHT="30" CONTENT="round" WC="0.58" CC="60770"/>
						<SP ID="P238_SP00102" HPOS="411" VPOS="1349" WIDTH="33"/>
						<String ID="P238_ST00126" HPOS="444" VPOS="1309" WIDTH="53" HEIGHT="30" CONTENT="the" WC="0.75" CC="060"/>
						<SP ID="P238_SP00103" HPOS="497" VPOS="1349" WIDTH="31"/>
						<String ID="P238_ST00127" HPOS="528" VPOS="1309" WIDTH="123" HEIGHT="39" CONTENT="church," WC="0.52" CC="0774273"/>
						<SP ID="P238_SP00104" HPOS="651" VPOS="1349" WIDTH="33"/>
						<String ID="P238_ST00128" HPOS="684" VPOS="1310" WIDTH="87" HEIGHT="30" CONTENT="there" WC="0.72" CC="07060"/>
						<SP ID="P238_SP00105" HPOS="771" VPOS="1349" WIDTH="29"/>
						<String ID="P238_ST00129" HPOS="800" VPOS="1320" WIDTH="81" HEIGHT="20" CONTENT="were" WC="0.85" CC="0050"/>
					</TextLine>
					<TextLine ID="P238_TL00020" HPOS="110" VPOS="1378" WIDTH="770" HEIGHT="39">
						<String ID="P238_ST00130" HPOS="110" VPOS="1378" WIDTH="60" HEIGHT="30" CONTENT="few" WC="1.00" CC="000"/>
						<SP ID="P238_SP00106" HPOS="170" VPOS="1408" WIDTH="30"/>
						<String ID="P238_ST00131" HPOS="200" VPOS="1378" WIDTH="33" HEIGHT="30" CONTENT="of" WC="1.00" CC="00"/>
						<SP ID="P238_SP00107" HPOS="233" VPOS="1408" WIDTH="26"/>
						<String ID="P238_ST00132" HPOS="259" VPOS="1378" WIDTH="52" HEIGHT="30" CONTENT="the" WC="0.76" CC="070"/>
						<SP ID="P238_SP00108" HPOS="311" VPOS="1408" WIDTH="29"/>
						<String ID="P238_ST00133" HPOS="340" VPOS="1378" WIDTH="173" HEIGHT="39" CONTENT="townsfolk," WC="0.68" CC="1007602453"/>
						<SP ID="P238_SP00109" HPOS="513" VPOS="1417" WIDTH="33"/>
						<String ID="P238_ST00134" HPOS="546" VPOS="1378" WIDTH="58" HEIGHT="30" CONTENT="but" WC="0.59" CC="470"/>
						<SP ID="P238_SP00110" HPOS="604" VPOS="1417" WIDTH="30"/>
						<String ID="P238_ST00135" HPOS="634" VPOS="1378" WIDTH="40" HEIGHT="30" CONTENT="all" WC="0.79" CC="006"/>
						<SP ID="P238_SP00111" HPOS="674" VPOS="1417" WIDTH="29"/>
						<String ID="P238_ST00136" HPOS="703" VPOS="1379" WIDTH="70" HEIGHT="31" CONTENT="who" WC="0.71" CC="071"/>
						<SP ID="P238_SP00112" HPOS="773" VPOS="1417" WIDTH="27"/>
						<String ID="P238_ST00137" HPOS="800" VPOS="1389" WIDTH="80" HEIGHT="22" CONTENT="were" WC="0.86" CC="0050"/>
					</TextLine>
					<TextLine ID="P238_TL00021" HPOS="110" VPOS="1447" WIDTH="771" HEIGHT="41">
						<String ID="P238_ST00138" HPOS="110" VPOS="1450" WIDTH="121" HEIGHT="37" CONTENT="present" WC="0.67" CC="0206076"/>
						<SP ID="P238_SP00113" HPOS="231" VPOS="1487" WIDTH="22"/>
						<String ID="P238_ST00139" HPOS="253" VPOS="1447" WIDTH="141" HEIGHT="32" CONTENT="followed" WC="0.96" CC="00020000"/>
						<SP ID="P238_SP00114" HPOS="394" VPOS="1487" WIDTH="21"/>
						<String ID="P238_ST00140" HPOS="415" VPOS="1448" WIDTH="54" HEIGHT="30" CONTENT="the" WC="0.76" CC="070"/>
						<SP ID="P238_SP00115" HPOS="469" VPOS="1487" WIDTH="22"/>
						<String ID="P238_ST00141" HPOS="491" VPOS="1447" WIDTH="181" HEIGHT="41" CONTENT="procession," WC="0.67" CC="04420650074"/>
						<SP ID="P238_SP00116" HPOS="672" VPOS="1488" WIDTH="23"/>
						<String ID="P238_ST00142" HPOS="695" VPOS="1450" WIDTH="61" HEIGHT="28" CONTENT="and" WC="0.81" CC="050"/>
						<SP ID="P238_SP00117" HPOS="756" VPOS="1488" WIDTH="18"/>
						<String ID="P238_ST00143" HPOS="774" VPOS="1449" WIDTH="107" HEIGHT="39" CONTENT="joined" WC="0.88" CC="100400"/>
					</TextLine>
				</TextBlock>
			</PrintSpace>
		</Page>
	</Layout>
</alto>
