<?xml version="1.0" encoding="UTF-8"?>
<alto xmlns:xsi="http://www.w3.org/2001/XMLSchema-instance" xsi:noNamespaceSchemaLocation="http://www.bl.uk/schemas/alto/alto-1-4.xsd" xmlns:xlink="http://www.w3.org/1999/xlink">
	<Description>
		<MeasurementUnit>mm10</MeasurementUnit>
		<sourceImageInformation>
			<fileName>//head1/IN/2007-46/A0010904365.1/000209.jp2</fileName>
		</sourceImageInformation>
		<OCRProcessing ID="OCRPROCESSING_1">
			<preProcessingStep>
				<processingSoftware>
					<softwareCreator>CCS Content Conversion Specialists GmbH, Germany</softwareCreator>
					<softwareName>CCS docWORKS</softwareName>
					<softwareVersion>6.1-0.62</softwareVersion>
				</processingSoftware>
			</preProcessingStep>
			<ocrProcessingStep>
				<processingSoftware>
					<softwareCreator>ABBYY (BIT Software), Russia</softwareCreator>
					<softwareName>Finereader</softwareName>
				</processingSoftware>
			</ocrProcessingStep>
		</OCRProcessing>
	</Description>
	<Styles>
		<TextStyle ID="TXT_0" FONTSIZE="9" FONTFAMILY="Courier New"/>
		<TextStyle ID="TXT_1" FONTSIZE="11" FONTFAMILY="Courier New"/>
		<ParagraphStyle ID="PAR_LEFT" ALIGN="Left"/>
		<ParagraphStyle ID="PAR_RIGHT" ALIGN="Right"/>
	</Styles>
	<Layout>
		<Page ID="P195" PHYSICAL_IMG_NR="195" HEIGHT="1638" WIDTH="1019" PRINTED_IMG_NR="177" POSITION="Right" ACCURACY="71.79">
			<TopMargin ID="P195_TM00001" HPOS="0" VPOS="0" WIDTH="1019" HEIGHT="122">
				<TextBlock ID="P195_TB00001" HPOS="306" VPOS="96" WIDTH="345" HEIGHT="26" STYLEREFS="TXT_0 PAR_LEFT">
					<TextLine ID="P195_TL00001" HPOS="306" VPOS="96" WIDTH="345" HEIGHT="26">
						<String ID="P195_ST00001" HPOS="306" VPOS="96" WIDTH="69" HEIGHT="22" CONTENT="LESS" WC="0.52" CC="6730"/>
						<SP ID="P195_SP00001" HPOS="375" VPOS="118" WIDTH="20"/>
						<String ID="P195_ST00002" HPOS="395" VPOS="97" WIDTH="85" HEIGHT="21" CONTENT="THAN" WC="0.75" CC="0603"/>
						<SP ID="P195_SP00002" HPOS="480" VPOS="118" WIDTH="22"/>
						<String ID="P195_ST00003" HPOS="502" VPOS="99" WIDTH="17" HEIGHT="19" CONTENT="A" WC="1.00" CC="0"/>
						<SP ID="P195_SP00003" HPOS="519" VPOS="118" WIDTH="21"/>
						<String ID="P195_ST00004" HPOS="540" VPOS="98" WIDTH="111" HEIGHT="24" CONTENT="SQUIRE." WC="0.69" CC="2203642"/>
					</TextLine>
				</TextBlock>
				<TextBlock ID="P195_TB00002" HPOS="812" VPOS="93" WIDTH="50" HEIGHT="26" STYLEREFS="TXT_1 PAR_RIGHT">
					<TextLine ID="P195_TL00002" HPOS="812" VPOS="93" WIDTH="50" HEIGHT="26">
						<String ID="P195_ST00005" HPOS="812" VPOS="93" WIDTH="50" HEIGHT="26" CONTENT="177" WC="1.00" CC="000"/>
					</TextLine>
				</TextBlock>
			</TopMargin>
			<LeftMargin ID="P195_LM00001" HPOS="0" VPOS="121" WIDTH="93" HEIGHT="1403"/>
			<RightMargin ID="P195_RM00001" HPOS="861" VPOS="121" WIDTH="158" HEIGHT="1403"/>
			<BottomMargin ID="P195_BM00001" HPOS="0" VPOS="1524" WIDTH="1019" HEIGHT="114"/>
			<PrintSpace ID="P195_PS00001" HPOS="93" VPOS="121" WIDTH="768" HEIGHT="1403">
				<TextBlock ID="P195_TB00003" HPOS="100" VPOS="180" WIDTH="761" HEIGHT="587" STYLEREFS="TXT_0 PAR_LEFT">
					<TextLine ID="P195_TL00003" HPOS="101" VPOS="180" WIDTH="760" HEIGHT="44">
						<String ID="P195_ST00006" HPOS="101" VPOS="180" WIDTH="34" HEIGHT="30" CONTENT="of" WC="0.69" CC="60"/>
						<SP ID="P195_SP00004" HPOS="135" VPOS="210" WIDTH="16"/>
						<String ID="P195_ST00007" HPOS="151" VPOS="181" WIDTH="169" HEIGHT="39" CONTENT="provincial" WC="0.68" CC="0600775004"/>
						<SP ID="P195_SP00005" HPOS="320" VPOS="220" WIDTH="14"/>
						<String ID="P195_ST00008" HPOS="334" VPOS="182" WIDTH="162" HEIGHT="42" CONTENT="prejudice," WC="0.69" CC="0500706640"/>
						<SP ID="P195_SP00006" HPOS="496" VPOS="224" WIDTH="18"/>
						<String ID="P195_ST00009" HPOS="514" VPOS="183" WIDTH="27" HEIGHT="30" CONTENT="if" WC="0.88" CC="20"/>
						<SP ID="P195_SP00007" HPOS="541" VPOS="224" WIDTH="18"/>
						<String ID="P195_ST00010" HPOS="559" VPOS="183" WIDTH="25" HEIGHT="31" CONTENT="it" WC="1.00" CC="00"/>
						<SP ID="P195_SP00008" HPOS="584" VPOS="224" WIDTH="16"/>
						<String ID="P195_ST00011" HPOS="600" VPOS="194" WIDTH="70" HEIGHT="20" CONTENT="ever" WC="0.90" CC="0003"/>
						<SP ID="P195_SP00009" HPOS="670" VPOS="224" WIDTH="15"/>
						<String ID="P195_ST00012" HPOS="685" VPOS="185" WIDTH="131" HEIGHT="30" CONTENT="adhered" WC="0.82" CC="0070400"/>
						<SP ID="P195_SP00010" HPOS="816" VPOS="224" WIDTH="15"/>
						<String ID="P195_ST00013" HPOS="831" VPOS="188" WIDTH="30" HEIGHT="27" CONTENT="to" WC="1.00" CC="00"/>
					</TextLine>
					<TextLine ID="P195_TL00004" HPOS="100" VPOS="249" WIDTH="759" HEIGHT="44">
						<String ID="P195_ST00014" HPOS="100" VPOS="249" WIDTH="74" HEIGHT="40" CONTENT="him," WC="0.64" CC="7204"/>
						<SP ID="P195_SP00011" HPOS="174" VPOS="289" WIDTH="25"/>
						<String ID="P195_ST00015" HPOS="199" VPOS="250" WIDTH="33" HEIGHT="31" CONTENT="in" WC="0.53" CC="27"/>
						<SP ID="P195_SP00012" HPOS="232" VPOS="289" WIDTH="22"/>
						<String ID="P195_ST00016" HPOS="254" VPOS="251" WIDTH="48" HEIGHT="31" CONTENT="his" WC="0.31" CC="757"/>
						<SP ID="P195_SP00013" HPOS="302" VPOS="289" WIDTH="22"/>
						<String ID="P195_ST00017" HPOS="324" VPOS="254" WIDTH="100" HEIGHT="39" CONTENT="rough" WC="0.66" CC="20607"/>
						<SP ID="P195_SP00014" HPOS="424" VPOS="293" WIDTH="23"/>
						<String ID="P195_ST00018" HPOS="447" VPOS="256" WIDTH="116" HEIGHT="27" CONTENT="contact" WC="0.62" CC="3365700"/>
						<SP ID="P195_SP00015" HPOS="563" VPOS="293" WIDTH="22"/>
						<String ID="P195_ST00019" HPOS="585" VPOS="254" WIDTH="77" HEIGHT="30" CONTENT="with" WC="0.82" CC="0007"/>
						<SP ID="P195_SP00016" HPOS="662" VPOS="293" WIDTH="21"/>
						<String ID="P195_ST00020" HPOS="683" VPOS="254" WIDTH="52" HEIGHT="30" CONTENT="the" WC="0.75" CC="070"/>
						<SP ID="P195_SP00017" HPOS="735" VPOS="293" WIDTH="21"/>
						<String ID="P195_ST00021" HPOS="756" VPOS="255" WIDTH="103" HEIGHT="38" CONTENT="world," WC="0.72" CC="007270"/>
					</TextLine>
					<TextLine ID="P195_TL00005" HPOS="102" VPOS="319" WIDTH="759" HEIGHT="34">
						<String ID="P195_ST00022" HPOS="102" VPOS="319" WIDTH="53" HEIGHT="30" CONTENT="did" WC="0.92" CC="020"/>
						<SP ID="P195_SP00018" HPOS="155" VPOS="349" WIDTH="28"/>
						<String ID="P195_ST00023" HPOS="183" VPOS="320" WIDTH="49" HEIGHT="30" CONTENT="his" WC="0.50" CC="715"/>
						<SP ID="P195_SP00019" HPOS="232" VPOS="350" WIDTH="26"/>
						<String ID="P195_ST00024" HPOS="258" VPOS="325" WIDTH="115" HEIGHT="27" CONTENT="utmost" WC="0.55" CC="650661"/>
						<SP ID="P195_SP00020" HPOS="373" VPOS="352" WIDTH="25"/>
						<String ID="P195_ST00025" HPOS="398" VPOS="323" WIDTH="162" HEIGHT="30" CONTENT="whenever" WC="0.74" CC="07070006"/>
						<SP ID="P195_SP00021" HPOS="560" VPOS="353" WIDTH="29"/>
						<String ID="P195_ST00026" HPOS="589" VPOS="323" WIDTH="38" HEIGHT="30" CONTENT="he" WC="0.63" CC="70"/>
						<SP ID="P195_SP00022" HPOS="627" VPOS="353" WIDTH="27"/>
						<String ID="P195_ST00027" HPOS="654" VPOS="334" WIDTH="81" HEIGHT="19" CONTENT="came" WC="0.84" CC="4002"/>
						<SP ID="P195_SP00023" HPOS="735" VPOS="353" WIDTH="26"/>
						<String ID="P195_ST00028" HPOS="761" VPOS="326" WIDTH="31" HEIGHT="27" CONTENT="to" WC="0.83" CC="30"/>
						<SP ID="P195_SP00024" HPOS="792" VPOS="353" WIDTH="27"/>
						<String ID="P195_ST00029" HPOS="819" VPOS="325" WIDTH="42" HEIGHT="28" CONTENT="La" WC="0.33" CC="39"/>
					</TextLine>
					<TextLine ID="P195_TL00006" HPOS="102" VPOS="389" WIDTH="759" HEIGHT="35">
						<String ID="P195_ST00030" HPOS="102" VPOS="389" WIDTH="189" HEIGHT="31" CONTENT="Morvilhere" WC="0.77" CC="0050207060"/>
						<SP ID="P195_SP00025" HPOS="291" VPOS="420" WIDTH="26"/>
						<String ID="P195_ST00031" HPOS="317" VPOS="394" WIDTH="31" HEIGHT="27" CONTENT="to" WC="0.88" CC="20"/>
						<SP ID="P195_SP00026" HPOS="348" VPOS="421" WIDTH="24"/>
						<String ID="P195_ST00032" HPOS="372" VPOS="395" WIDTH="87" HEIGHT="27" CONTENT="atone" WC="0.80" CC="02060"/>
						<SP ID="P195_SP00027" HPOS="459" VPOS="422" WIDTH="22"/>
						<String ID="P195_ST00033" HPOS="481" VPOS="392" WIDTH="47" HEIGHT="30" CONTENT="for" WC="0.85" CC="004"/>
						<SP ID="P195_SP00028" HPOS="528" VPOS="422" WIDTH="26"/>
						<String ID="P195_ST00034" HPOS="554" VPOS="392" WIDTH="47" HEIGHT="31" CONTENT="his" WC="0.49" CC="616"/>
						<SP ID="P195_SP00029" HPOS="601" VPOS="423" WIDTH="22"/>
						<String ID="P195_ST00035" HPOS="623" VPOS="393" WIDTH="147" HEIGHT="30" CONTENT="brother's" WC="0.52" CC="561673605"/>
						<SP ID="P195_SP00030" HPOS="770" VPOS="423" WIDTH="28"/>
						<String ID="P195_ST00036" HPOS="798" VPOS="404" WIDTH="63" HEIGHT="20" CONTENT="sus" SUBS_TYPE="HypPart1" SUBS_CONTENT="susceptibilities" WC="0.52" CC="6750"/>
						<HYP CONTENT="-"/>
					</TextLine>
					<TextLine ID="P195_TL00007" HPOS="102" VPOS="459" WIDTH="759" HEIGHT="42">
						<String ID="P195_ST00037" HPOS="102" VPOS="459" WIDTH="196" HEIGHT="39" CONTENT="ceptibilities" SUBS_TYPE="HypPart2" SUBS_CONTENT="susceptibilities" WC="0.82" CC="0000561000205"/>
						<SP ID="P195_SP00031" HPOS="298" VPOS="498" WIDTH="30"/>
						<String ID="P195_ST00038" HPOS="328" VPOS="462" WIDTH="59" HEIGHT="29" CONTENT="and" WC="0.86" CC="040"/>
						<SP ID="P195_SP00032" HPOS="387" VPOS="498" WIDTH="31"/>
						<String ID="P195_ST00039" HPOS="418" VPOS="462" WIDTH="103" HEIGHT="39" CONTENT="stupid" WC="0.68" CC="407510"/>
						<SP ID="P195_SP00033" HPOS="521" VPOS="501" WIDTH="29"/>
						<String ID="P195_ST00040" HPOS="550" VPOS="462" WIDTH="151" HEIGHT="39" CONTENT="mistakes," WC="0.76" CC="007600060"/>
						<SP ID="P195_SP00034" HPOS="701" VPOS="501" WIDTH="33"/>
						<String ID="P195_ST00041" HPOS="734" VPOS="464" WIDTH="60" HEIGHT="28" CONTENT="and" WC="0.75" CC="070"/>
						<SP ID="P195_SP00035" HPOS="794" VPOS="501" WIDTH="29"/>
						<String ID="P195_ST00042" HPOS="823" VPOS="464" WIDTH="38" HEIGHT="29" CONTENT="he" WC="0.49" CC="72"/>
					</TextLine>
					<TextLine ID="P195_TL00008" HPOS="101" VPOS="529" WIDTH="760" HEIGHT="41">
						<String ID="P195_ST00043" HPOS="101" VPOS="538" WIDTH="94" HEIGHT="20" CONTENT="never" WC="0.74" CC="70005"/>
						<SP ID="P195_SP00036" HPOS="195" VPOS="558" WIDTH="29"/>
						<String ID="P195_ST00044" HPOS="224" VPOS="529" WIDTH="93" HEIGHT="30" CONTENT="failed" WC="0.98" CC="000010"/>
						<SP ID="P195_SP00037" HPOS="317" VPOS="559" WIDTH="30"/>
						<String ID="P195_ST00045" HPOS="347" VPOS="533" WIDTH="31" HEIGHT="27" CONTENT="to" WC="0.78" CC="04"/>
						<SP ID="P195_SP00038" HPOS="378" VPOS="560" WIDTH="25"/>
						<String ID="P195_ST00046" HPOS="403" VPOS="530" WIDTH="57" HEIGHT="30" CONTENT="call" WC="0.82" CC="2004"/>
						<SP ID="P195_SP00039" HPOS="460" VPOS="560" WIDTH="26"/>
						<String ID="P195_ST00047" HPOS="486" VPOS="541" WIDTH="82" HEIGHT="29" CONTENT="upon" WC="0.63" CC="7007"/>
						<SP ID="P195_SP00040" HPOS="568" VPOS="570" WIDTH="26"/>
						<String ID="P195_ST00048" HPOS="594" VPOS="531" WIDTH="114" HEIGHT="30" CONTENT="Martin" WC="0.58" CC="066047"/>
						<SP ID="P195_SP00041" HPOS="708" VPOS="570" WIDTH="26"/>
						<String ID="P195_ST00049" HPOS="734" VPOS="531" WIDTH="127" HEIGHT="31" CONTENT="Prevost" WC="0.67" CC="6000473"/>
					</TextLine>
					<TextLine ID="P195_TL00009" HPOS="103" VPOS="598" WIDTH="757" HEIGHT="42">
						<String ID="P195_ST00050" HPOS="103" VPOS="607" WIDTH="73" HEIGHT="19" CONTENT="once" WC="0.57" CC="2760"/>
						<SP ID="P195_SP00042" HPOS="176" VPOS="626" WIDTH="17"/>
						<String ID="P195_ST00051" HPOS="193" VPOS="608" WIDTH="33" HEIGHT="19" CONTENT="or" WC="0.75" CC="04"/>
						<SP ID="P195_SP00043" HPOS="226" VPOS="627" WIDTH="19"/>
						<String ID="P195_ST00052" HPOS="245" VPOS="598" WIDTH="88" HEIGHT="31" CONTENT="twice" WC="0.80" CC="09000"/>
						<SP ID="P195_SP00044" HPOS="333" VPOS="629" WIDTH="16"/>
						<String ID="P195_ST00053" HPOS="349" VPOS="599" WIDTH="112" HEIGHT="40" CONTENT="during" WC="0.48" CC="570089"/>
						<SP ID="P195_SP00045" HPOS="461" VPOS="639" WIDTH="22"/>
						<String ID="P195_ST00054" HPOS="483" VPOS="599" WIDTH="47" HEIGHT="30" CONTENT="his" WC="0.35" CC="747"/>
						<SP ID="P195_SP00046" HPOS="530" VPOS="639" WIDTH="22"/>
						<String ID="P195_ST00055" HPOS="552" VPOS="602" WIDTH="67" HEIGHT="38" CONTENT="stay" WC="0.70" CC="6500"/>
						<SP ID="P195_SP00047" HPOS="619" VPOS="640" WIDTH="16"/>
						<String ID="P195_ST00056" HPOS="635" VPOS="600" WIDTH="32" HEIGHT="29" CONTENT="in" WC="0.63" CC="07"/>
						<SP ID="P195_SP00048" HPOS="667" VPOS="640" WIDTH="21"/>
						<String ID="P195_ST00057" HPOS="688" VPOS="601" WIDTH="52" HEIGHT="28" CONTENT="the" WC="0.57" CC="570"/>
						<SP ID="P195_SP00049" HPOS="740" VPOS="640" WIDTH="15"/>
						<String ID="P195_ST00058" HPOS="755" VPOS="601" WIDTH="105" HEIGHT="39" CONTENT="neigh" SUBS_TYPE="HypPart1" SUBS_CONTENT="neighbourhood," WC="0.69" CC="604070"/>
						<HYP CONTENT="-"/>
					</TextLine>
					<TextLine ID="P195_TL00010" HPOS="101" VPOS="666" WIDTH="760" HEIGHT="42">
						<String ID="P195_ST00059" HPOS="101" VPOS="666" WIDTH="166" HEIGHT="40" CONTENT="bourhood," SUBS_TYPE="HypPart2" SUBS_CONTENT="neighbourhood," WC="0.62" CC="745470004"/>
						<SP ID="P195_SP00050" HPOS="267" VPOS="706" WIDTH="26"/>
						<String ID="P195_ST00060" HPOS="293" VPOS="668" WIDTH="60" HEIGHT="29" CONTENT="and" WC="0.78" CC="060"/>
						<SP ID="P195_SP00051" HPOS="353" VPOS="706" WIDTH="21"/>
						<String ID="P195_ST00061" HPOS="374" VPOS="668" WIDTH="171" HEIGHT="40" CONTENT="invariably" WC="0.76" CC="1700720500"/>
						<SP ID="P195_SP00052" HPOS="545" VPOS="708" WIDTH="22"/>
						<String ID="P195_ST00062" HPOS="567" VPOS="668" WIDTH="73" HEIGHT="30" CONTENT="took" WC="0.79" CC="5002"/>
						<SP ID="P195_SP00053" HPOS="640" VPOS="708" WIDTH="25"/>
						<String ID="P195_ST00063" HPOS="665" VPOS="668" WIDTH="47" HEIGHT="30" CONTENT="his" WC="0.40" CC="736"/>
						<SP ID="P195_SP00054" HPOS="712" VPOS="708" WIDTH="22"/>
						<String ID="P195_ST00064" HPOS="734" VPOS="669" WIDTH="127" HEIGHT="39" CONTENT="nephew" WC="0.71" CC="720700"/>
					</TextLine>
					<TextLine ID="P195_TL00011" HPOS="101" VPOS="735" WIDTH="486" HEIGHT="32">
						<String ID="P195_ST00065" HPOS="101" VPOS="735" WIDTH="76" HEIGHT="31" CONTENT="with" WC="0.72" CC="0307"/>
						<SP ID="P195_SP00055" HPOS="177" VPOS="766" WIDTH="15"/>
						<String ID="P195_ST00066" HPOS="192" VPOS="736" WIDTH="65" HEIGHT="30" CONTENT="him" WC="0.55" CC="760"/>
						<SP ID="P195_SP00056" HPOS="257" VPOS="766" WIDTH="16"/>
						<String ID="P195_ST00067" HPOS="273" VPOS="747" WIDTH="39" HEIGHT="20" CONTENT="on" WC="0.63" CC="07"/>
						<SP ID="P195_SP00057" HPOS="312" VPOS="767" WIDTH="14"/>
						<String ID="P195_ST00068" HPOS="326" VPOS="737" WIDTH="86" HEIGHT="30" CONTENT="these" WC="0.71" CC="07070"/>
						<SP ID="P195_SP00058" HPOS="412" VPOS="767" WIDTH="16"/>
						<String ID="P195_ST00069" HPOS="428" VPOS="737" WIDTH="159" HEIGHT="30" CONTENT="occasions." WC="0.70" CC="0330503760"/>
					</TextLine>
				</TextBlock>
				<TextBlock ID="P195_TB00004" HPOS="93" VPOS="808" WIDTH="766" HEIGHT="647" STYLEREFS="TXT_0 PAR_LEFT">
					<TextLine ID="P195_TL00012" HPOS="144" VPOS="808" WIDTH="715" HEIGHT="31">
						<String ID="P195_ST00070" HPOS="144" VPOS="808" WIDTH="64" HEIGHT="30" CONTENT="But" WC="0.53" CC="670"/>
						<SP ID="P195_SP00059" HPOS="208" VPOS="838" WIDTH="26"/>
						<String ID="P195_ST00071" HPOS="234" VPOS="808" WIDTH="81" HEIGHT="30" CONTENT="since" WC="0.59" CC="55701"/>
						<SP ID="P195_SP00060" HPOS="315" VPOS="838" WIDTH="27"/>
						<String ID="P195_ST00072" HPOS="342" VPOS="808" WIDTH="52" HEIGHT="30" CONTENT="the" WC="0.70" CC="170"/>
						<SP ID="P195_SP00061" HPOS="394" VPOS="838" WIDTH="23"/>
						<String ID="P195_ST00073" HPOS="417" VPOS="812" WIDTH="107" HEIGHT="26" CONTENT="return" WC="0.56" CC="201587"/>
						<SP ID="P195_SP00062" HPOS="524" VPOS="838" WIDTH="23"/>
						<String ID="P195_ST00074" HPOS="547" VPOS="809" WIDTH="33" HEIGHT="29" CONTENT="of" WC="1.00" CC="00"/>
						<SP ID="P195_SP00063" HPOS="580" VPOS="838" WIDTH="22"/>
						<String ID="P195_ST00075" HPOS="602" VPOS="809" WIDTH="50" HEIGHT="30" CONTENT="the" WC="0.58" CC="470"/>
						<SP ID="P195_SP00064" HPOS="652" VPOS="839" WIDTH="23"/>
						<String ID="P195_ST00076" HPOS="675" VPOS="812" WIDTH="60" HEIGHT="27" CONTENT="two" WC="1.00" CC="000"/>
						<SP ID="P195_SP00065" HPOS="735" VPOS="839" WIDTH="23"/>
						<String ID="P195_ST00077" HPOS="758" VPOS="809" WIDTH="101" HEIGHT="30" CONTENT="sisters" WC="0.53" CC="6045266"/>
					</TextLine>
					<TextLine ID="P195_TL00013" HPOS="100" VPOS="876" WIDTH="759" HEIGHT="40">
						<String ID="P195_ST00078" HPOS="100" VPOS="877" WIDTH="78" HEIGHT="29" CONTENT="from" WC="0.71" CC="0820"/>
						<SP ID="P195_SP00066" HPOS="178" VPOS="906" WIDTH="37"/>
						<String ID="P195_ST00079" HPOS="215" VPOS="876" WIDTH="80" HEIGHT="30" CONTENT="their" WC="0.63" CC="57040"/>
						<SP ID="P195_SP00067" HPOS="295" VPOS="906" WIDTH="30"/>
						<String ID="P195_ST00080" HPOS="325" VPOS="879" WIDTH="130" HEIGHT="27" CONTENT="convent" WC="0.70" CC="2070072"/>
						<SP ID="P195_SP00068" HPOS="455" VPOS="906" WIDTH="30"/>
						<String ID="P195_ST00081" HPOS="485" VPOS="879" WIDTH="30" HEIGHT="27" CONTENT="at" WC="1.00" CC="00"/>
						<SP ID="P195_SP00069" HPOS="515" VPOS="906" WIDTH="37"/>
						<String ID="P195_ST00082" HPOS="552" VPOS="877" WIDTH="138" HEIGHT="39" CONTENT="Poitiers," WC="0.68" CC="600303653"/>
						<SP ID="P195_SP00070" HPOS="690" VPOS="916" WIDTH="32"/>
						<String ID="P195_ST00083" HPOS="722" VPOS="877" WIDTH="51" HEIGHT="29" CONTENT="the" WC="0.75" CC="070"/>
						<SP ID="P195_SP00071" HPOS="773" VPOS="916" WIDTH="31"/>
						<String ID="P195_ST00084" HPOS="804" VPOS="887" WIDTH="55" HEIGHT="19" CONTENT="one" WC="0.65" CC="370"/>
					</TextLine>
					<TextLine ID="P195_TL00014" HPOS="99" VPOS="940" WIDTH="674" HEIGHT="31">
						<String ID="P195_ST00085" HPOS="99" VPOS="940" WIDTH="163" HEIGHT="31" CONTENT="attraction" WC="0.70" CC="0006007437"/>
						<SP ID="P195_SP00072" HPOS="262" VPOS="971" WIDTH="21"/>
						<String ID="P195_ST00086" HPOS="283" VPOS="940" WIDTH="47" HEIGHT="30" CONTENT="for" WC="0.83" CC="022"/>
						<SP ID="P195_SP00073" HPOS="330" VPOS="971" WIDTH="23"/>
						<String ID="P195_ST00087" HPOS="353" VPOS="940" WIDTH="98" HEIGHT="30" CONTENT="Raoul" WC="0.59" CC="70372"/>
						<SP ID="P195_SP00074" HPOS="451" VPOS="971" WIDTH="16"/>
						<String ID="P195_ST00088" HPOS="467" VPOS="940" WIDTH="36" HEIGHT="30" CONTENT="de" WC="1.00" CC="00"/>
						<SP ID="P195_SP00075" HPOS="503" VPOS="971" WIDTH="23"/>
						<String ID="P195_ST00089" HPOS="526" VPOS="940" WIDTH="142" HEIGHT="30" CONTENT="Morville" WC="0.89" CC="00300500"/>
						<SP ID="P195_SP00076" HPOS="668" VPOS="971" WIDTH="22"/>
						<String ID="P195_ST00090" HPOS="690" VPOS="940" WIDTH="33" HEIGHT="30" CONTENT="in" WC="0.63" CC="07"/>
						<SP ID="P195_SP00077" HPOS="723" VPOS="971" WIDTH="22"/>
						<String ID="P195_ST00091" HPOS="745" VPOS="940" WIDTH="28" HEIGHT="29" CONTENT="D" WC="1.00" CC="0"/>
						<SP ID="P195_SP00078" HPOS="773" VPOS="971" WIDTH="0"/>
					</TextLine>
					<TextLine ID="P195_TL00015" HPOS="98" VPOS="1008" WIDTH="759" HEIGHT="41">
						<String ID="P195_ST00092" HPOS="98" VPOS="1020" WIDTH="62" HEIGHT="19" CONTENT="was" WC="0.80" CC="005"/>
						<SP ID="P195_SP00079" HPOS="160" VPOS="1039" WIDTH="16"/>
						<String ID="P195_ST00093" HPOS="176" VPOS="1009" WIDTH="51" HEIGHT="29" CONTENT="the" WC="0.63" CC="073"/>
						<SP ID="P195_SP00080" HPOS="227" VPOS="1039" WIDTH="17"/>
						<String ID="P195_ST00094" HPOS="244" VPOS="1008" WIDTH="145" HEIGHT="30" CONTENT="Chateau." WC="0.66" CC="47240060"/>
						<SP ID="P195_SP00081" HPOS="389" VPOS="1039" WIDTH="46"/>
						<String ID="P195_ST00095" HPOS="435" VPOS="1009" WIDTH="63" HEIGHT="29" CONTENT="The" WC="0.75" CC="070"/>
						<SP ID="P195_SP00082" HPOS="498" VPOS="1039" WIDTH="23"/>
						<String ID="P195_ST00096" HPOS="521" VPOS="1011" WIDTH="121" HEIGHT="37" CONTENT="pretext" WC="0.89" CC="0500001"/>
						<SP ID="P195_SP00083" HPOS="642" VPOS="1048" WIDTH="15"/>
						<String ID="P195_ST00097" HPOS="657" VPOS="1019" WIDTH="61" HEIGHT="19" CONTENT="was" WC="0.78" CC="006"/>
						<SP ID="P195_SP00084" HPOS="718" VPOS="1048" WIDTH="16"/>
						<String ID="P195_ST00098" HPOS="734" VPOS="1019" WIDTH="17" HEIGHT="19" CONTENT="a" WC="1.00" CC="0"/>
						<SP ID="P195_SP00085" HPOS="751" VPOS="1048" WIDTH="15"/>
						<String ID="P195_ST00099" HPOS="766" VPOS="1009" WIDTH="91" HEIGHT="40" CONTENT="ready" WC="0.79" CC="50040"/>
					</TextLine>
					<TextLine ID="P195_TL00016" HPOS="97" VPOS="1077" WIDTH="760" HEIGHT="41">
						<String ID="P195_ST00100" HPOS="97" VPOS="1088" WIDTH="64" HEIGHT="20" CONTENT="one." WC="0.75" CC="3600"/>
						<SP ID="P195_SP00086" HPOS="161" VPOS="1108" WIDTH="48"/>
						<String ID="P195_ST00101" HPOS="209" VPOS="1078" WIDTH="98" HEIGHT="30" CONTENT="Raoul" WC="0.64" CC="70063"/>
						<SP ID="P195_SP00087" HPOS="307" VPOS="1108" WIDTH="14"/>
						<String ID="P195_ST00102" HPOS="321" VPOS="1078" WIDTH="60" HEIGHT="29" CONTENT="had" WC="0.76" CC="700"/>
						<SP ID="P195_SP00088" HPOS="381" VPOS="1108" WIDTH="20"/>
						<String ID="P195_ST00103" HPOS="401" VPOS="1077" WIDTH="78" HEIGHT="30" CONTENT="been" WC="0.62" CC="7007"/>
						<SP ID="P195_SP00089" HPOS="479" VPOS="1108" WIDTH="15"/>
						<String ID="P195_ST00104" HPOS="494" VPOS="1077" WIDTH="163" HEIGHT="41" CONTENT="devotedly" WC="0.81" CC="000352040"/>
						<SP ID="P195_SP00090" HPOS="657" VPOS="1118" WIDTH="15"/>
						<String ID="P195_ST00105" HPOS="672" VPOS="1077" WIDTH="140" HEIGHT="30" CONTENT="attached" WC="0.83" CC="00500700"/>
						<SP ID="P195_SP00091" HPOS="812" VPOS="1118" WIDTH="14"/>
						<String ID="P195_ST00106" HPOS="826" VPOS="1080" WIDTH="31" HEIGHT="27" CONTENT="to" WC="0.93" CC="01"/>
					</TextLine>
					<TextLine ID="P195_TL00017" HPOS="96" VPOS="1147" WIDTH="761" HEIGHT="40">
						<String ID="P195_ST00107" HPOS="96" VPOS="1147" WIDTH="48" HEIGHT="30" CONTENT="his" WC="0.38" CC="746"/>
						<SP ID="P195_SP00092" HPOS="144" VPOS="1177" WIDTH="27"/>
						<String ID="P195_ST00108" HPOS="171" VPOS="1148" WIDTH="76" HEIGHT="29" CONTENT="dead" WC="1.00" CC="0000"/>
						<SP ID="P195_SP00093" HPOS="247" VPOS="1177" WIDTH="23"/>
						<String ID="P195_ST00109" HPOS="270" VPOS="1147" WIDTH="95" HEIGHT="29" CONTENT="sister." WC="0.72" CC="5251040"/>
						<SP ID="P195_SP00094" HPOS="365" VPOS="1177" WIDTH="47"/>
						<String ID="P195_ST00110" HPOS="412" VPOS="1147" WIDTH="96" HEIGHT="29" CONTENT="There" WC="0.81" CC="07010"/>
						<SP ID="P195_SP00095" HPOS="508" VPOS="1177" WIDTH="27"/>
						<String ID="P195_ST00111" HPOS="535" VPOS="1157" WIDTH="61" HEIGHT="20" CONTENT="was" WC="0.42" CC="907"/>
						<SP ID="P195_SP00096" HPOS="596" VPOS="1177" WIDTH="25"/>
						<String ID="P195_ST00112" HPOS="621" VPOS="1147" WIDTH="57" HEIGHT="29" CONTENT="but" WC="0.50" CC="770"/>
						<SP ID="P195_SP00097" HPOS="678" VPOS="1177" WIDTH="26"/>
						<String ID="P195_ST00113" HPOS="704" VPOS="1157" WIDTH="55" HEIGHT="19" CONTENT="one" WC="0.75" CC="070"/>
						<SP ID="P195_SP00098" HPOS="759" VPOS="1177" WIDTH="26"/>
						<String ID="P195_ST00114" HPOS="785" VPOS="1157" WIDTH="72" HEIGHT="30" CONTENT="year" WC="0.88" CC="0004"/>
					</TextLine>
					<TextLine ID="P195_TL00018" HPOS="95" VPOS="1215" WIDTH="761" HEIGHT="39">
						<String ID="P195_ST00115" HPOS="95" VPOS="1217" WIDTH="140" HEIGHT="31" CONTENT="between" WC="0.79" CC="7000007"/>
						<SP ID="P195_SP00099" HPOS="235" VPOS="1248" WIDTH="21"/>
						<String ID="P195_ST00116" HPOS="256" VPOS="1216" WIDTH="53" HEIGHT="30" CONTENT="the" WC="0.75" CC="070"/>
						<SP ID="P195_SP00100" HPOS="309" VPOS="1248" WIDTH="15"/>
						<String ID="P195_ST00117" HPOS="324" VPOS="1219" WIDTH="69" HEIGHT="35" CONTENT="two," WC="0.82" CC="3003"/>
						<SP ID="P195_SP00101" HPOS="393" VPOS="1254" WIDTH="19"/>
						<String ID="P195_ST00118" HPOS="412" VPOS="1216" WIDTH="60" HEIGHT="29" CONTENT="and" WC="0.80" CC="050"/>
						<SP ID="P195_SP00102" HPOS="472" VPOS="1254" WIDTH="21"/>
						<String ID="P195_ST00119" HPOS="493" VPOS="1216" WIDTH="39" HEIGHT="29" CONTENT="he" WC="0.63" CC="70"/>
						<SP ID="P195_SP00103" HPOS="532" VPOS="1254" WIDTH="15"/>
						<String ID="P195_ST00120" HPOS="547" VPOS="1226" WIDTH="61" HEIGHT="21" CONTENT="was" WC="0.78" CC="006"/>
						<SP ID="P195_SP00104" HPOS="608" VPOS="1254" WIDTH="24"/>
						<String ID="P195_ST00121" HPOS="632" VPOS="1215" WIDTH="119" HEIGHT="30" CONTENT="sixteen" WC="0.80" CC="5100006"/>
						<SP ID="P195_SP00105" HPOS="751" VPOS="1254" WIDTH="15"/>
						<String ID="P195_ST00122" HPOS="766" VPOS="1216" WIDTH="90" HEIGHT="30" CONTENT="when" WC="0.51" CC="0657"/>
					</TextLine>
					<TextLine ID="P195_TL00019" HPOS="95" VPOS="1285" WIDTH="760" HEIGHT="40">
						<String ID="P195_ST00123" HPOS="95" VPOS="1286" WIDTH="98" HEIGHT="30" CONTENT="Marie" WC="0.84" CC="00430"/>
						<SP ID="P195_SP00106" HPOS="193" VPOS="1316" WIDTH="17"/>
						<String ID="P195_ST00124" HPOS="210" VPOS="1285" WIDTH="77" HEIGHT="30" CONTENT="died." WC="0.87" CC="06000"/>
						<SP ID="P195_SP00107" HPOS="287" VPOS="1316" WIDTH="39"/>
						<String ID="P195_ST00125" HPOS="326" VPOS="1285" WIDTH="50" HEIGHT="29" CONTENT="He" WC="0.42" CC="74"/>
						<SP ID="P195_SP00108" HPOS="376" VPOS="1316" WIDTH="16"/>
						<String ID="P195_ST00126" HPOS="392" VPOS="1285" WIDTH="125" HEIGHT="29" CONTENT="himself" WC="0.74" CC="7307000"/>
						<SP ID="P195_SP00109" HPOS="517" VPOS="1316" WIDTH="10"/>
						<String ID="P195_ST00127" HPOS="527" VPOS="1295" WIDTH="62" HEIGHT="20" CONTENT="was" WC="0.77" CC="006"/>
						<SP ID="P195_SP00110" HPOS="589" VPOS="1316" WIDTH="15"/>
						<String ID="P195_ST00128" HPOS="604" VPOS="1287" WIDTH="83" HEIGHT="28" CONTENT="wont" WC="0.80" CC="0061"/>
						<SP ID="P195_SP00111" HPOS="687" VPOS="1316" WIDTH="14"/>
						<String ID="P195_ST00129" HPOS="701" VPOS="1287" WIDTH="32" HEIGHT="27" CONTENT="to" WC="0.87" CC="11"/>
						<SP ID="P195_SP00112" HPOS="733" VPOS="1316" WIDTH="17"/>
						<String ID="P195_ST00130" HPOS="750" VPOS="1295" WIDTH="52" HEIGHT="30" CONTENT="say" WC="0.78" CC="600"/>
						<SP ID="P195_SP00113" HPOS="802" VPOS="1325" WIDTH="15"/>
						<String ID="P195_ST00131" HPOS="817" VPOS="1285" WIDTH="38" HEIGHT="29" CONTENT="he" WC="0.38" CC="57"/>
					</TextLine>
					<TextLine ID="P195_TL00020" HPOS="94" VPOS="1353" WIDTH="762" HEIGHT="38">
						<String ID="P195_ST00132" HPOS="94" VPOS="1356" WIDTH="111" HEIGHT="30" CONTENT="should" WC="0.64" CC="670600"/>
						<SP ID="P195_SP00114" HPOS="205" VPOS="1386" WIDTH="21"/>
						<String ID="P195_ST00133" HPOS="226" VPOS="1365" WIDTH="94" HEIGHT="21" CONTENT="never" WC="0.81" CC="60002"/>
						<SP ID="P195_SP00115" HPOS="320" VPOS="1386" WIDTH="22"/>
						<String ID="P195_ST00134" HPOS="342" VPOS="1354" WIDTH="38" HEIGHT="31" CONTENT="be" WC="0.63" CC="70"/>
						<SP ID="P195_SP00116" HPOS="380" VPOS="1386" WIDTH="23"/>
						<String ID="P195_ST00135" HPOS="403" VPOS="1354" WIDTH="140" HEIGHT="30" CONTENT="consoled" WC="0.71" CC="30760400"/>
						<SP ID="P195_SP00117" HPOS="543" VPOS="1386" WIDTH="22"/>
						<String ID="P195_ST00136" HPOS="565" VPOS="1354" WIDTH="46" HEIGHT="30" CONTENT="for" WC="0.70" CC="035"/>
						<SP ID="P195_SP00118" HPOS="611" VPOS="1386" WIDTH="22"/>
						<String ID="P195_ST00137" HPOS="633" VPOS="1354" WIDTH="54" HEIGHT="29" CONTENT="her" WC="0.55" CC="706"/>
						<SP ID="P195_SP00119" HPOS="687" VPOS="1386" WIDTH="22"/>
						<String ID="P195_ST00138" HPOS="709" VPOS="1353" WIDTH="69" HEIGHT="38" CONTENT="loss," WC="0.56" CC="04664"/>
						<SP ID="P195_SP00120" HPOS="778" VPOS="1391" WIDTH="18"/>
						<String ID="P195_ST00139" HPOS="796" VPOS="1353" WIDTH="60" HEIGHT="29" CONTENT="and" WC="0.46" CC="069"/>
					</TextLine>
					<TextLine ID="P195_TL00021" HPOS="93" VPOS="1422" WIDTH="762" HEIGHT="33">
						<String ID="P195_ST00140" HPOS="93" VPOS="1426" WIDTH="67" HEIGHT="29" CONTENT="that" WC="0.82" CC="0700"/>
						<SP ID="P195_SP00121" HPOS="160" VPOS="1455" WIDTH="21"/>
						<String ID="P195_ST00141" HPOS="181" VPOS="1425" WIDTH="24" HEIGHT="30" CONTENT="it" WC="1.00" CC="00"/>
						<SP ID="P195_SP00122" HPOS="205" VPOS="1455" WIDTH="16"/>
						<String ID="P195_ST00142" HPOS="221" VPOS="1425" WIDTH="61" HEIGHT="29" CONTENT="had" WC="0.75" CC="700"/>
						<SP ID="P195_SP00123" HPOS="282" VPOS="1455" WIDTH="14"/>
						<String ID="P195_ST00143" HPOS="296" VPOS="1424" WIDTH="78" HEIGHT="30" CONTENT="been" WC="0.63" CC="7007"/>
						<SP ID="P195_SP00124" HPOS="374" VPOS="1455" WIDTH="15"/>
						<String ID="P195_ST00144" HPOS="389" VPOS="1434" WIDTH="18" HEIGHT="18" CONTENT="a" WC="1.00" CC="0"/>
						<SP ID="P195_SP00125" HPOS="407" VPOS="1455" WIDTH="14"/>
						<String ID="P195_ST00145" HPOS="421" VPOS="1423" WIDTH="123" HEIGHT="30" CONTENT="heavier" WC="0.75" CC="7000306"/>
						<SP ID="P195_SP00126" HPOS="544" VPOS="1455" WIDTH="14"/>
						<String ID="P195_ST00146" HPOS="558" VPOS="1423" WIDTH="80" HEIGHT="30" CONTENT="blow" WC="0.82" CC="7000"/>
						<SP ID="P195_SP00127" HPOS="638" VPOS="1455" WIDTH="15"/>
						<String ID="P195_ST00147" HPOS="653" VPOS="1426" WIDTH="32" HEIGHT="26" CONTENT="to" WC="0.97" CC="00"/>
						<SP ID="P195_SP00128" HPOS="685" VPOS="1455" WIDTH="15"/>
						<String ID="P195_ST00148" HPOS="700" VPOS="1422" WIDTH="63" HEIGHT="30" CONTENT="him" WC="0.67" CC="630"/>
						<SP ID="P195_SP00129" HPOS="763" VPOS="1455" WIDTH="16"/>
						<String ID="P195_ST00149" HPOS="779" VPOS="1432" WIDTH="76" HEIGHT="20" CONTENT="even" WC="0.73" CC="0063"/>
					</TextLine>
				</TextBlock>
				<TextBlock ID="P195_TB00005" HPOS="135" VPOS="1501" WIDTH="352" HEIGHT="23" STYLEREFS="TXT_0 PAR_LEFT">
					<TextLine ID="P195_TL00022" HPOS="135" VPOS="1501" WIDTH="352" HEIGHT="23">
						<String ID="P195_ST00150" HPOS="135" VPOS="1504" WIDTH="67" HEIGHT="20" CONTENT="VOL." WC="0.89" CC="0040"/>
						<SP ID="P195_SP00130" HPOS="202" VPOS="1524" WIDTH="18"/>
						<String ID="P195_ST00151" HPOS="220" VPOS="1504" WIDTH="20" HEIGHT="20" CONTENT="I." WC="0.83" CC="30"/>
						<SP ID="P195_SP00131" HPOS="240" VPOS="1524" WIDTH="226"/>
						<String ID="P195_ST00152" HPOS="466" VPOS="1501" WIDTH="21" HEIGHT="21" CONTENT="N" WC="0.30" CC="6"/>
					</TextLine>
				</TextBlock>
			</PrintSpace>
		</Page>
	</Layout>
</alto>
