<?xml version="1.0" encoding="UTF-8"?>
<alto xmlns:xsi="http://www.w3.org/2001/XMLSchema-instance" xsi:noNamespaceSchemaLocation="http://www.bl.uk/schemas/alto/alto-1-4.xsd" xmlns:xlink="http://www.w3.org/1999/xlink">
	<Description>
		<MeasurementUnit>mm10</MeasurementUnit>
		<sourceImageInformation>
			<fileName>//head1/IN/2007-46/A0010904365.1/000193.jp2</fileName>
		</sourceImageInformation>
		<OCRProcessing ID="OCRPROCESSING_1">
			<preProcessingStep>
				<processingSoftware>
					<softwareCreator>CCS Content Conversion Specialists GmbH, Germany</softwareCreator>
					<softwareName>CCS docWORKS</softwareName>
					<softwareVersion>6.1-0.62</softwareVersion>
				</processingSoftware>
			</preProcessingStep>
			<ocrProcessingStep>
				<processingSoftware>
					<softwareCreator>ABBYY (BIT Software), Russia</softwareCreator>
					<softwareName>Finereader</softwareName>
				</processingSoftware>
			</ocrProcessingStep>
		</OCRProcessing>
	</Description>
	<Styles>
		<TextStyle ID="TXT_0" FONTSIZE="9" FONTFAMILY="Courier New"/>
		<TextStyle ID="TXT_1" FONTSIZE="11" FONTFAMILY="Courier New"/>
		<ParagraphStyle ID="PAR_LEFT" ALIGN="Left"/>
		<ParagraphStyle ID="PAR_RIGHT" ALIGN="Right"/>
	</Styles>
	<Layout>
		<Page ID="P179" PHYSICAL_IMG_NR="179" HEIGHT="1638" WIDTH="1019" PRINTED_IMG_NR="161" POSITION="Right" ACCURACY="68.92">
			<TopMargin ID="P179_TM00001" HPOS="0" VPOS="0" WIDTH="1019" HEIGHT="143">
				<TextBlock ID="P179_TB00001" HPOS="254" VPOS="113" WIDTH="420" HEIGHT="28" STYLEREFS="TXT_0 PAR_LEFT">
					<TextLine ID="P179_TL00001" HPOS="254" VPOS="114" WIDTH="420" HEIGHT="27">
						<String ID="P179_ST00001" HPOS="254" VPOS="121" WIDTH="61" HEIGHT="20" CONTENT="THE" WC="0.64" CC="064"/>
						<SP ID="P179_SP00001" HPOS="315" VPOS="141" WIDTH="22"/>
						<String ID="P179_ST00002" HPOS="337" VPOS="114" WIDTH="158" HEIGHT="27" CONTENT="VICOMTE'S" WC="0.57" CC="930098203"/>
						<SP ID="P179_SP00002" HPOS="495" VPOS="141" WIDTH="23"/>
						<String ID="P179_ST00003" HPOS="518" VPOS="121" WIDTH="156" HEIGHT="20" CONTENT="TROUBLES." WC="0.61" CC="062542543"/>
						<SP ID="P179_SP00003" HPOS="674" VPOS="141" WIDTH="0"/>
					</TextLine>
				</TextBlock>
				<TextBlock ID="P179_TB00002" HPOS="795" VPOS="114" WIDTH="49" HEIGHT="27" STYLEREFS="TXT_1 PAR_RIGHT">
					<TextLine ID="P179_TL00002" HPOS="795" VPOS="114" WIDTH="49" HEIGHT="27">
						<String ID="P179_ST00004" HPOS="795" VPOS="114" WIDTH="49" HEIGHT="27" CONTENT="161" WC="1.00" CC="000"/>
					</TextLine>
				</TextBlock>
			</TopMargin>
			<LeftMargin ID="P179_LM00001" HPOS="0" VPOS="143" WIDTH="87" HEIGHT="1403"/>
			<RightMargin ID="P179_RM00001" HPOS="855" VPOS="143" WIDTH="164" HEIGHT="1403"/>
			<BottomMargin ID="P179_BM00001" HPOS="0" VPOS="1546" WIDTH="1019" HEIGHT="92"/>
			<PrintSpace ID="P179_PS00001" HPOS="87" VPOS="143" WIDTH="768" HEIGHT="1403">
				<TextBlock ID="P179_TB00003" HPOS="87" VPOS="205" WIDTH="763" HEIGHT="590" STYLEREFS="TXT_0 PAR_LEFT">
					<TextLine ID="P179_TL00003" HPOS="89" VPOS="206" WIDTH="758" HEIGHT="41">
						<String ID="P179_ST00005" HPOS="89" VPOS="206" WIDTH="16" HEIGHT="30" CONTENT="I" WC="0.54" CC="4"/>
						<SP ID="P179_SP00004" HPOS="105" VPOS="236" WIDTH="35"/>
						<String ID="P179_ST00006" HPOS="140" VPOS="207" WIDTH="55" HEIGHT="29" CONTENT="teU" WC="0.68" CC="207"/>
						<SP ID="P179_SP00005" HPOS="195" VPOS="236" WIDTH="35"/>
						<String ID="P179_ST00007" HPOS="230" VPOS="218" WIDTH="62" HEIGHT="29" CONTENT="you" WC="0.72" CC="008"/>
						<SP ID="P179_SP00006" HPOS="292" VPOS="247" WIDTH="29"/>
						<String ID="P179_ST00008" HPOS="321" VPOS="208" WIDTH="114" HEIGHT="30" CONTENT="Felicie" WC="0.78" CC="7030300"/>
						<SP ID="P179_SP00007" HPOS="435" VPOS="247" WIDTH="34"/>
						<String ID="P179_ST00009" HPOS="469" VPOS="209" WIDTH="54" HEIGHT="28" CONTENT="has" WC="0.64" CC="703"/>
						<SP ID="P179_SP00008" HPOS="523" VPOS="247" WIDTH="33"/>
						<String ID="P179_ST00010" HPOS="556" VPOS="219" WIDTH="39" HEIGHT="18" CONTENT="no" WC="0.63" CC="70"/>
						<SP ID="P179_SP00009" HPOS="595" VPOS="247" WIDTH="30"/>
						<String ID="P179_ST00011" HPOS="625" VPOS="209" WIDTH="118" HEIGHT="28" CONTENT="chance." WC="0.72" CC="0707400"/>
						<SP ID="P179_SP00010" HPOS="743" VPOS="247" WIDTH="47"/>
						<String ID="P179_ST00012" HPOS="790" VPOS="208" WIDTH="57" HEIGHT="29" CONTENT="She" WC="0.56" CC="570"/>
					</TextLine>
					<TextLine ID="P179_TL00004" HPOS="88" VPOS="275" WIDTH="762" HEIGHT="42">
						<String ID="P179_ST00013" HPOS="88" VPOS="277" WIDTH="84" HEIGHT="29" CONTENT="must" WC="0.68" CC="0723"/>
						<SP ID="P179_SP00011" HPOS="172" VPOS="306" WIDTH="27"/>
						<String ID="P179_ST00014" HPOS="199" VPOS="275" WIDTH="63" HEIGHT="31" CONTENT="Uve" WC="0.74" CC="700"/>
						<SP ID="P179_SP00012" HPOS="262" VPOS="306" WIDTH="29"/>
						<String ID="P179_ST00015" HPOS="291" VPOS="279" WIDTH="32" HEIGHT="27" CONTENT="to" WC="0.98" CC="00"/>
						<SP ID="P179_SP00013" HPOS="323" VPOS="306" WIDTH="25"/>
						<String ID="P179_ST00016" HPOS="348" VPOS="276" WIDTH="39" HEIGHT="30" CONTENT="be" WC="0.63" CC="70"/>
						<SP ID="P179_SP00014" HPOS="387" VPOS="306" WIDTH="26"/>
						<String ID="P179_ST00017" HPOS="413" VPOS="287" WIDTH="17" HEIGHT="19" CONTENT="a" WC="0.42" CC="5"/>
						<SP ID="P179_SP00015" HPOS="430" VPOS="306" WIDTH="29"/>
						<String ID="P179_ST00018" HPOS="459" VPOS="276" WIDTH="146" HEIGHT="41" CONTENT="beggarly" WC="0.79" CC="70000530"/>
						<SP ID="P179_SP00016" HPOS="605" VPOS="317" WIDTH="26"/>
						<String ID="P179_ST00019" HPOS="631" VPOS="276" WIDTH="49" HEIGHT="30" CONTENT="old" WC="1.00" CC="000"/>
						<SP ID="P179_SP00017" HPOS="680" VPOS="317" WIDTH="29"/>
						<String ID="P179_ST00020" HPOS="709" VPOS="275" WIDTH="89" HEIGHT="40" CONTENT="maid," WC="0.89" CC="00104"/>
						<SP ID="P179_SP00018" HPOS="798" VPOS="317" WIDTH="27"/>
						<String ID="P179_ST00021" HPOS="825" VPOS="276" WIDTH="25" HEIGHT="30" CONTENT="if" WC="1.00" CC="00"/>
					</TextLine>
					<TextLine ID="P179_TL00005" HPOS="90" VPOS="344" WIDTH="760" HEIGHT="41">
						<String ID="P179_ST00022" HPOS="90" VPOS="344" WIDTH="54" HEIGHT="30" CONTENT="she" WC="0.60" CC="271"/>
						<SP ID="P179_SP00019" HPOS="144" VPOS="374" WIDTH="21"/>
						<String ID="P179_ST00023" HPOS="165" VPOS="346" WIDTH="79" HEIGHT="28" CONTENT="can't" WC="0.77" CC="00640"/>
						<SP ID="P179_SP00020" HPOS="244" VPOS="374" WIDTH="22"/>
						<String ID="P179_ST00024" HPOS="266" VPOS="356" WIDTH="102" HEIGHT="29" CONTENT="marry" WC="0.90" CC="00400"/>
						<SP ID="P179_SP00021" HPOS="368" VPOS="385" WIDTH="16"/>
						<String ID="P179_ST00025" HPOS="384" VPOS="345" WIDTH="213" HEIGHT="40" CONTENT="Champmorin" WC="0.61" CC="3700084417"/>
						<SP ID="P179_SP00022" HPOS="597" VPOS="385" WIDTH="11"/>
						<String ID="P179_ST00026" HPOS="608" VPOS="346" WIDTH="7" HEIGHT="29" CONTENT="!" WC="0.54" CC="4"/>
						<String ID="P179_ST00027" HPOS="624" VPOS="346" WIDTH="17" HEIGHT="15" CONTENT='"' WC="0.59" CC="4"/>
						<SP ID="P179_SP00023" HPOS="641" VPOS="385" WIDTH="44"/>
						<String ID="P179_ST00028" HPOS="685" VPOS="346" WIDTH="72" HEIGHT="28" CONTENT="And" WC="0.60" CC="065"/>
						<SP ID="P179_SP00024" HPOS="757" VPOS="385" WIDTH="19"/>
						<String ID="P179_ST00029" HPOS="776" VPOS="346" WIDTH="74" HEIGHT="29" CONTENT="then" WC="0.46" CC="3736"/>
					</TextLine>
					<TextLine ID="P179_TL00006" HPOS="91" VPOS="413" WIDTH="758" HEIGHT="40">
						<String ID="P179_ST00030" HPOS="91" VPOS="413" WIDTH="159" HEIGHT="30" CONTENT="Monsieur" WC="0.58" CC="50753074"/>
						<SP ID="P179_SP00025" HPOS="250" VPOS="443" WIDTH="36"/>
						<String ID="P179_ST00031" HPOS="286" VPOS="414" WIDTH="28" HEIGHT="29" CONTENT="le" WC="1.00" CC="00"/>
						<SP ID="P179_SP00026" HPOS="314" VPOS="443" WIDTH="36"/>
						<String ID="P179_ST00032" HPOS="350" VPOS="413" WIDTH="139" HEIGHT="31" CONTENT="Vicomte" WC="0.83" CC="7000040"/>
						<SP ID="P179_SP00027" HPOS="489" VPOS="444" WIDTH="36"/>
						<String ID="P179_ST00033" HPOS="525" VPOS="414" WIDTH="53" HEIGHT="30" CONTENT="fell" WC="0.93" CC="0002"/>
						<SP ID="P179_SP00028" HPOS="578" VPOS="444" WIDTH="35"/>
						<String ID="P179_ST00034" HPOS="613" VPOS="417" WIDTH="32" HEIGHT="27" CONTENT="to" WC="1.00" CC="00"/>
						<SP ID="P179_SP00029" HPOS="645" VPOS="444" WIDTH="32"/>
						<String ID="P179_ST00035" HPOS="677" VPOS="413" WIDTH="172" HEIGHT="40" CONTENT="wheedling" WC="0.75" CC="070070070"/>
					</TextLine>
					<TextLine ID="P179_TL00007" HPOS="90" VPOS="481" WIDTH="759" HEIGHT="41">
						<String ID="P179_ST00036" HPOS="90" VPOS="481" WIDTH="49" HEIGHT="31" CONTENT="his" WC="0.57" CC="705"/>
						<SP ID="P179_SP00030" HPOS="139" VPOS="512" WIDTH="31"/>
						<String ID="P179_ST00037" HPOS="170" VPOS="485" WIDTH="161" HEIGHT="37" CONTENT="opponent," WC="0.75" CC="100070624"/>
						<SP ID="P179_SP00031" HPOS="331" VPOS="522" WIDTH="32"/>
						<String ID="P179_ST00038" HPOS="363" VPOS="483" WIDTH="59" HEIGHT="29" CONTENT="and" WC="0.42" CC="079"/>
						<SP ID="P179_SP00032" HPOS="422" VPOS="522" WIDTH="30"/>
						<String ID="P179_ST00039" HPOS="452" VPOS="482" WIDTH="94" HEIGHT="30" CONTENT="called" WC="0.85" CC="000008"/>
						<SP ID="P179_SP00033" HPOS="546" VPOS="522" WIDTH="33"/>
						<String ID="P179_ST00040" HPOS="579" VPOS="482" WIDTH="64" HEIGHT="30" CONTENT="him" WC="0.62" CC="730"/>
						<SP ID="P179_SP00034" HPOS="643" VPOS="522" WIDTH="28"/>
						<String ID="P179_ST00041" HPOS="671" VPOS="482" WIDTH="47" HEIGHT="30" CONTENT="his" WC="0.47" CC="725"/>
						<SP ID="P179_SP00035" HPOS="718" VPOS="522" WIDTH="33"/>
						<String ID="P179_ST00042" HPOS="751" VPOS="485" WIDTH="17" HEIGHT="14" CONTENT='"' WC="0.54" CC="4"/>
						<SP ID="P179_SP00036" HPOS="768" VPOS="522" WIDTH="11"/>
						<String ID="P179_ST00043" HPOS="779" VPOS="483" WIDTH="70" HEIGHT="29" CONTENT="dear" WC="0.97" CC="0001"/>
					</TextLine>
					<TextLine ID="P179_TL00008" HPOS="92" VPOS="551" WIDTH="757" HEIGHT="40">
						<String ID="P179_ST00044" HPOS="92" VPOS="551" WIDTH="159" HEIGHT="29" CONTENT="Monsieur" WC="0.74" CC="00760070"/>
						<SP ID="P179_SP00037" HPOS="251" VPOS="580" WIDTH="22"/>
						<String ID="P179_ST00045" HPOS="273" VPOS="551" WIDTH="163" HEIGHT="39" CONTENT='Richard,"' WC="0.75" CC="700703004"/>
						<SP ID="P179_SP00038" HPOS="436" VPOS="590" WIDTH="17"/>
						<String ID="P179_ST00046" HPOS="453" VPOS="551" WIDTH="59" HEIGHT="30" CONTENT="and" WC="0.76" CC="070"/>
						<SP ID="P179_SP00039" HPOS="512" VPOS="590" WIDTH="22"/>
						<String ID="P179_ST00047" HPOS="534" VPOS="552" WIDTH="161" HEIGHT="39" CONTENT="expressed" WC="0.79" CC="000406610"/>
						<SP ID="P179_SP00040" HPOS="695" VPOS="591" WIDTH="21"/>
						<String ID="P179_ST00048" HPOS="716" VPOS="551" WIDTH="46" HEIGHT="30" CONTENT="his" WC="0.48" CC="725"/>
						<SP ID="P179_SP00041" HPOS="762" VPOS="591" WIDTH="19"/>
						<String ID="P179_ST00049" HPOS="781" VPOS="562" WIDTH="68" HEIGHT="19" CONTENT="con" SUBS_TYPE="HypPart1" SUBS_CONTENT="conviction" WC="0.73" CC="3070"/>
						<HYP CONTENT="-"/>
					</TextLine>
					<TextLine ID="P179_TL00009" HPOS="92" VPOS="619" WIDTH="758" HEIGHT="41">
						<String ID="P179_ST00050" HPOS="92" VPOS="619" WIDTH="116" HEIGHT="31" CONTENT="viction" SUBS_TYPE="HypPart2" SUBS_CONTENT="conviction" WC="0.75" CC="0230137"/>
						<SP ID="P179_SP00042" HPOS="208" VPOS="650" WIDTH="22"/>
						<String ID="P179_ST00051" HPOS="230" VPOS="620" WIDTH="67" HEIGHT="30" CONTENT="that" WC="0.76" CC="1700"/>
						<SP ID="P179_SP00043" HPOS="297" VPOS="650" WIDTH="22"/>
						<String ID="P179_ST00052" HPOS="319" VPOS="620" WIDTH="38" HEIGHT="30" CONTENT="he" WC="0.63" CC="70"/>
						<SP ID="P179_SP00044" HPOS="357" VPOS="650" WIDTH="22"/>
						<String ID="P179_ST00053" HPOS="379" VPOS="621" WIDTH="102" HEIGHT="29" CONTENT="would" WC="0.69" CC="00707"/>
						<SP ID="P179_SP00045" HPOS="481" VPOS="650" WIDTH="21"/>
						<String ID="P179_ST00054" HPOS="502" VPOS="620" WIDTH="69" HEIGHT="40" CONTENT="help" WC="0.59" CC="7440"/>
						<SP ID="P179_SP00046" HPOS="571" VPOS="660" WIDTH="22"/>
						<String ID="P179_ST00055" HPOS="593" VPOS="620" WIDTH="65" HEIGHT="30" CONTENT="him" WC="0.38" CC="728"/>
						<SP ID="P179_SP00047" HPOS="658" VPOS="660" WIDTH="19"/>
						<String ID="P179_ST00056" HPOS="677" VPOS="623" WIDTH="52" HEIGHT="27" CONTENT="out" WC="0.65" CC="370"/>
						<SP ID="P179_SP00048" HPOS="729" VPOS="660" WIDTH="22"/>
						<String ID="P179_ST00057" HPOS="751" VPOS="621" WIDTH="34" HEIGHT="29" CONTENT="of" WC="0.91" CC="10"/>
						<SP ID="P179_SP00049" HPOS="785" VPOS="660" WIDTH="18"/>
						<String ID="P179_ST00058" HPOS="803" VPOS="620" WIDTH="47" HEIGHT="30" CONTENT="his" WC="0.46" CC="726"/>
					</TextLine>
					<TextLine ID="P179_TL00010" HPOS="93" VPOS="688" WIDTH="757" HEIGHT="41">
						<String ID="P179_ST00059" HPOS="93" VPOS="688" WIDTH="174" HEIGHT="30" CONTENT="difficulties" WC="0.75" CC="250000703406"/>
						<SP ID="P179_SP00050" HPOS="267" VPOS="718" WIDTH="18"/>
						<String ID="P179_ST00060" HPOS="285" VPOS="689" WIDTH="33" HEIGHT="29" CONTENT="in" WC="0.48" CC="27"/>
						<SP ID="P179_SP00051" HPOS="318" VPOS="718" WIDTH="15"/>
						<String ID="P179_ST00061" HPOS="333" VPOS="689" WIDTH="220" HEIGHT="29" CONTENT="consideration" WC="0.60" CC="4175350506307"/>
						<SP ID="P179_SP00052" HPOS="553" VPOS="718" WIDTH="15"/>
						<String ID="P179_ST00062" HPOS="568" VPOS="689" WIDTH="32" HEIGHT="29" CONTENT="of" WC="1.00" CC="00"/>
						<SP ID="P179_SP00053" HPOS="600" VPOS="718" WIDTH="19"/>
						<String ID="P179_ST00063" HPOS="619" VPOS="689" WIDTH="50" HEIGHT="29" CONTENT="the" WC="0.70" CC="071"/>
						<SP ID="P179_SP00054" HPOS="669" VPOS="718" WIDTH="16"/>
						<String ID="P179_ST00064" HPOS="685" VPOS="689" WIDTH="165" HEIGHT="40" CONTENT="friendship" WC="0.55" CC="3300756709"/>
					</TextLine>
					<TextLine ID="P179_TL00011" HPOS="93" VPOS="757" WIDTH="249" HEIGHT="38">
						<String ID="P179_ST00065" HPOS="93" VPOS="757" WIDTH="75" HEIGHT="38" CONTENT="they" WC="0.81" CC="0700"/>
						<SP ID="P179_SP00055" HPOS="168" VPOS="795" WIDTH="15"/>
						<String ID="P179_ST00066" HPOS="183" VPOS="757" WIDTH="71" HEIGHT="30" CONTENT="bore" WC="0.66" CC="7050"/>
						<SP ID="P179_SP00056" HPOS="254" VPOS="795" WIDTH="16"/>
						<String ID="P179_ST00067" HPOS="270" VPOS="757" WIDTH="72" HEIGHT="30" CONTENT="him." WC="0.64" CC="7700"/>
					</TextLine>
				</TextBlock>
				<TextBlock ID="P179_TB00004" HPOS="92" VPOS="824" WIDTH="758" HEIGHT="316" STYLEREFS="TXT_0 PAR_LEFT">
					<TextLine ID="P179_TL00012" HPOS="137" VPOS="826" WIDTH="713" HEIGHT="30">
						<String ID="P179_ST00068" HPOS="137" VPOS="826" WIDTH="104" HEIGHT="29" CONTENT="When" WC="0.64" CC="0706"/>
						<SP ID="P179_SP00057" HPOS="241" VPOS="855" WIDTH="15"/>
						<String ID="P179_ST00069" HPOS="256" VPOS="826" WIDTH="157" HEIGHT="29" CONTENT="Monsieur" WC="0.64" CC="00751076"/>
						<SP ID="P179_SP00058" HPOS="413" VPOS="855" WIDTH="18"/>
						<String ID="P179_ST00070" HPOS="431" VPOS="826" WIDTH="35" HEIGHT="29" CONTENT="de" WC="1.00" CC="00"/>
						<SP ID="P179_SP00059" HPOS="466" VPOS="855" WIDTH="15"/>
						<String ID="P179_ST00071" HPOS="481" VPOS="826" WIDTH="176" HEIGHT="29" CONTENT="Verancour" WC="0.60" CC="702070475"/>
						<SP ID="P179_SP00060" HPOS="657" VPOS="855" WIDTH="20"/>
						<String ID="P179_ST00072" HPOS="677" VPOS="826" WIDTH="72" HEIGHT="29" CONTENT="took" WC="0.77" CC="6002"/>
						<SP ID="P179_SP00061" HPOS="749" VPOS="855" WIDTH="19"/>
						<String ID="P179_ST00073" HPOS="768" VPOS="827" WIDTH="82" HEIGHT="29" CONTENT="leave" WC="0.97" CC="01000"/>
					</TextLine>
					<TextLine ID="P179_TL00013" HPOS="95" VPOS="894" WIDTH="755" HEIGHT="40">
						<String ID="P179_ST00074" HPOS="95" VPOS="895" WIDTH="34" HEIGHT="30" CONTENT="of" WC="0.75" CC="50"/>
						<SP ID="P179_SP00062" HPOS="129" VPOS="925" WIDTH="19"/>
						<String ID="P179_ST00075" HPOS="148" VPOS="894" WIDTH="132" HEIGHT="30" CONTENT="Richard" WC="0.61" CC="7027270"/>
						<SP ID="P179_SP00063" HPOS="280" VPOS="925" WIDTH="15"/>
						<String ID="P179_ST00076" HPOS="295" VPOS="895" WIDTH="128" HEIGHT="30" CONTENT="Prevost" WC="0.67" CC="6507030"/>
						<SP ID="P179_SP00064" HPOS="423" VPOS="925" WIDTH="21"/>
						<String ID="P179_ST00077" HPOS="444" VPOS="895" WIDTH="52" HEIGHT="29" CONTENT="the" WC="0.75" CC="070"/>
						<SP ID="P179_SP00065" HPOS="496" VPOS="925" WIDTH="22"/>
						<String ID="P179_ST00078" HPOS="518" VPOS="894" WIDTH="90" HEIGHT="30" CONTENT="latter" WC="0.75" CC="004603"/>
						<SP ID="P179_SP00066" HPOS="608" VPOS="925" WIDTH="16"/>
						<String ID="P179_ST00079" HPOS="624" VPOS="895" WIDTH="60" HEIGHT="29" CONTENT="had" WC="0.76" CC="700"/>
						<SP ID="P179_SP00067" HPOS="684" VPOS="925" WIDTH="18"/>
						<String ID="P179_ST00080" HPOS="702" VPOS="894" WIDTH="148" HEIGHT="40" CONTENT="promised" WC="0.69" CC="06082403"/>
					</TextLine>
					<TextLine ID="P179_TL00014" HPOS="94" VPOS="964" WIDTH="756" HEIGHT="40">
						<String ID="P179_ST00081" HPOS="94" VPOS="966" WIDTH="32" HEIGHT="28" CONTENT="to" WC="0.79" CC="04"/>
						<SP ID="P179_SP00068" HPOS="126" VPOS="994" WIDTH="29"/>
						<String ID="P179_ST00082" HPOS="155" VPOS="966" WIDTH="51" HEIGHT="38" CONTENT="try" WC="0.75" CC="070"/>
						<SP ID="P179_SP00069" HPOS="206" VPOS="1004" WIDTH="29"/>
						<String ID="P179_ST00083" HPOS="235" VPOS="964" WIDTH="59" HEIGHT="29" CONTENT="and" WC="0.75" CC="070"/>
						<SP ID="P179_SP00070" HPOS="294" VPOS="1004" WIDTH="29"/>
						<String ID="P179_ST00084" HPOS="323" VPOS="964" WIDTH="119" HEIGHT="30" CONTENT="borrow" WC="0.39" CC="806739"/>
						<SP ID="P179_SP00071" HPOS="442" VPOS="1004" WIDTH="27"/>
						<String ID="P179_ST00085" HPOS="469" VPOS="964" WIDTH="52" HEIGHT="29" CONTENT="the" WC="0.68" CC="071"/>
						<SP ID="P179_SP00072" HPOS="521" VPOS="1004" WIDTH="30"/>
						<String ID="P179_ST00086" HPOS="551" VPOS="965" WIDTH="125" HEIGHT="39" CONTENT="seventy" WC="0.72" CC="4000770"/>
						<SP ID="P179_SP00073" HPOS="676" VPOS="1004" WIDTH="25"/>
						<String ID="P179_ST00087" HPOS="701" VPOS="964" WIDTH="149" HEIGHT="29" CONTENT="thousand" WC="0.57" CC="17376160"/>
					</TextLine>
					<TextLine ID="P179_TL00015" HPOS="94" VPOS="1031" WIDTH="753" HEIGHT="41">
						<String ID="P179_ST00088" HPOS="94" VPOS="1033" WIDTH="107" HEIGHT="38" CONTENT="francs," WC="0.66" CC="0036453"/>
						<SP ID="P179_SP00074" HPOS="201" VPOS="1071" WIDTH="13"/>
						<String ID="P179_ST00089" HPOS="214" VPOS="1032" WIDTH="56" HEIGHT="30" CONTENT="but" WC="0.42" CC="762"/>
						<SP ID="P179_SP00075" HPOS="270" VPOS="1071" WIDTH="14"/>
						<String ID="P179_ST00090" HPOS="284" VPOS="1032" WIDTH="39" HEIGHT="30" CONTENT="he" WC="0.40" CC="74"/>
						<SP ID="P179_SP00076" HPOS="323" VPOS="1071" WIDTH="15"/>
						<String ID="P179_ST00091" HPOS="338" VPOS="1031" WIDTH="62" HEIGHT="30" CONTENT="laid" WC="0.73" CC="5050"/>
						<SP ID="P179_SP00077" HPOS="400" VPOS="1071" WIDTH="15"/>
						<String ID="P179_ST00092" HPOS="415" VPOS="1035" WIDTH="91" HEIGHT="26" CONTENT="stress" WC="0.61" CC="615062"/>
						<SP ID="P179_SP00078" HPOS="506" VPOS="1071" WIDTH="13"/>
						<String ID="P179_ST00093" HPOS="519" VPOS="1042" WIDTH="38" HEIGHT="20" CONTENT="on" WC="0.37" CC="57"/>
						<SP ID="P179_SP00079" HPOS="557" VPOS="1071" WIDTH="15"/>
						<String ID="P179_ST00094" HPOS="572" VPOS="1032" WIDTH="52" HEIGHT="29" CONTENT="the" WC="0.75" CC="070"/>
						<SP ID="P179_SP00080" HPOS="624" VPOS="1071" WIDTH="14"/>
						<String ID="P179_ST00095" HPOS="638" VPOS="1032" WIDTH="84" HEIGHT="30" CONTENT="word" WC="0.68" CC="9020"/>
						<SP ID="P179_SP00081" HPOS="722" VPOS="1071" WIDTH="18"/>
						<String ID="P179_ST00096" HPOS="740" VPOS="1034" WIDTH="17" HEIGHT="14" CONTENT='"' WC="0.53" CC="4"/>
						<SP ID="P179_SP00082" HPOS="757" VPOS="1071" WIDTH="10"/>
						<String ID="P179_ST00097" HPOS="767" VPOS="1032" WIDTH="80" HEIGHT="40" CONTENT='try,"' WC="0.64" CC="53044"/>
					</TextLine>
					<TextLine ID="P179_TL00016" HPOS="94" VPOS="1101" WIDTH="734" HEIGHT="39">
						<String ID="P179_ST00098" HPOS="94" VPOS="1103" WIDTH="46" HEIGHT="29" CONTENT="for" WC="0.85" CC="004"/>
						<SP ID="P179_SP00083" HPOS="140" VPOS="1132" WIDTH="15"/>
						<String ID="P179_ST00099" HPOS="155" VPOS="1103" WIDTH="38" HEIGHT="29" CONTENT="he" WC="0.64" CC="70"/>
						<SP ID="P179_SP00084" HPOS="193" VPOS="1132" WIDTH="16"/>
						<String ID="P179_ST00100" HPOS="209" VPOS="1102" WIDTH="64" HEIGHT="30" CONTENT="said" WC="0.71" CC="6040"/>
						<SP ID="P179_SP00085" HPOS="273" VPOS="1132" WIDTH="15"/>
						<String ID="P179_ST00101" HPOS="288" VPOS="1103" WIDTH="51" HEIGHT="28" CONTENT="the" WC="0.50" CC="770"/>
						<SP ID="P179_SP00086" HPOS="339" VPOS="1132" WIDTH="17"/>
						<String ID="P179_ST00102" HPOS="356" VPOS="1102" WIDTH="154" HEIGHT="38" CONTENT="operation" WC="0.81" CC="000505006"/>
						<SP ID="P179_SP00087" HPOS="510" VPOS="1140" WIDTH="14"/>
						<String ID="P179_ST00103" HPOS="524" VPOS="1102" WIDTH="101" HEIGHT="30" CONTENT="would" WC="0.40" CC="92709"/>
						<SP ID="P179_SP00088" HPOS="625" VPOS="1140" WIDTH="15"/>
						<String ID="P179_ST00104" HPOS="640" VPOS="1102" WIDTH="37" HEIGHT="29" CONTENT="be" WC="0.64" CC="70"/>
						<SP ID="P179_SP00089" HPOS="677" VPOS="1140" WIDTH="15"/>
						<String ID="P179_ST00105" HPOS="692" VPOS="1101" WIDTH="136" HEIGHT="30" CONTENT="difficult." WC="0.79" CC="8000056000"/>
					</TextLine>
				</TextBlock>
				<TextBlock ID="P179_TB00005" HPOS="93" VPOS="1170" WIDTH="762" HEIGHT="321" STYLEREFS="TXT_0 PAR_LEFT">
					<TextLine ID="P179_TL00017" HPOS="138" VPOS="1170" WIDTH="714" HEIGHT="39">
						<String ID="P179_ST00106" HPOS="138" VPOS="1171" WIDTH="63" HEIGHT="30" CONTENT="The" WC="0.75" CC="070"/>
						<SP ID="P179_SP00090" HPOS="201" VPOS="1201" WIDTH="26"/>
						<String ID="P179_ST00107" HPOS="227" VPOS="1170" WIDTH="139" HEIGHT="30" CONTENT="Vicomte" WC="0.89" CC="7000000"/>
						<SP ID="P179_SP00091" HPOS="366" VPOS="1201" WIDTH="26"/>
						<String ID="P179_ST00108" HPOS="392" VPOS="1181" WIDTH="61" HEIGHT="20" CONTENT="was" WC="0.77" CC="006"/>
						<SP ID="P179_SP00092" HPOS="453" VPOS="1201" WIDTH="24"/>
						<String ID="P179_ST00109" HPOS="477" VPOS="1181" WIDTH="39" HEIGHT="19" CONTENT="no" WC="0.35" CC="75"/>
						<SP ID="P179_SP00093" HPOS="516" VPOS="1201" WIDTH="31"/>
						<String ID="P179_ST00110" HPOS="547" VPOS="1181" WIDTH="105" HEIGHT="19" CONTENT="sooner" WC="0.74" CC="500603"/>
						<SP ID="P179_SP00094" HPOS="652" VPOS="1201" WIDTH="24"/>
						<String ID="P179_ST00111" HPOS="676" VPOS="1181" WIDTH="77" HEIGHT="28" CONTENT="gone" WC="0.70" CC="0470"/>
						<SP ID="P179_SP00095" HPOS="753" VPOS="1209" WIDTH="26"/>
						<String ID="P179_ST00112" HPOS="779" VPOS="1170" WIDTH="73" HEIGHT="29" CONTENT="than" WC="0.63" CC="0707"/>
					</TextLine>
					<TextLine ID="P179_TL00018" HPOS="95" VPOS="1239" WIDTH="757" HEIGHT="40">
						<String ID="P179_ST00113" HPOS="95" VPOS="1240" WIDTH="158" HEIGHT="29" CONTENT="Monsieur" WC="0.68" CC="00762017"/>
						<SP ID="P179_SP00096" HPOS="253" VPOS="1269" WIDTH="14"/>
						<String ID="P179_ST00114" HPOS="267" VPOS="1239" WIDTH="133" HEIGHT="30" CONTENT="Richard" WC="0.50" CC="7547063"/>
						<SP ID="P179_SP00097" HPOS="400" VPOS="1269" WIDTH="26"/>
						<String ID="P179_ST00115" HPOS="426" VPOS="1239" WIDTH="115" HEIGHT="40" CONTENT="opened" WC="0.70" CC="400705"/>
						<SP ID="P179_SP00098" HPOS="541" VPOS="1279" WIDTH="23"/>
						<String ID="P179_ST00116" HPOS="564" VPOS="1250" WIDTH="16" HEIGHT="19" CONTENT="a" WC="1.00" CC="0"/>
						<SP ID="P179_SP00099" HPOS="580" VPOS="1279" WIDTH="27"/>
						<String ID="P179_ST00117" HPOS="607" VPOS="1240" WIDTH="115" HEIGHT="29" CONTENT="drawer" WC="0.70" CC="200905"/>
						<SP ID="P179_SP00100" HPOS="722" VPOS="1279" WIDTH="23"/>
						<String ID="P179_ST00118" HPOS="745" VPOS="1239" WIDTH="33" HEIGHT="30" CONTENT="in" WC="0.50" CC="27"/>
						<SP ID="P179_SP00101" HPOS="778" VPOS="1279" WIDTH="23"/>
						<String ID="P179_ST00119" HPOS="801" VPOS="1239" WIDTH="51" HEIGHT="30" CONTENT="the" WC="0.75" CC="070"/>
					</TextLine>
					<TextLine ID="P179_TL00019" HPOS="94" VPOS="1308" WIDTH="761" HEIGHT="39">
						<String ID="P179_ST00120" HPOS="94" VPOS="1308" WIDTH="83" HEIGHT="32" CONTENT="table" WC="0.85" CC="00700"/>
						<SP ID="P179_SP00102" HPOS="177" VPOS="1340" WIDTH="11"/>
						<String ID="P179_ST00121" HPOS="188" VPOS="1319" WIDTH="73" HEIGHT="19" CONTENT="near" WC="0.60" CC="7017"/>
						<SP ID="P179_SP00103" HPOS="261" VPOS="1340" WIDTH="11"/>
						<String ID="P179_ST00122" HPOS="272" VPOS="1308" WIDTH="101" HEIGHT="30" CONTENT="which" WC="0.44" CC="97127"/>
						<SP ID="P179_SP00104" HPOS="373" VPOS="1340" WIDTH="10"/>
						<String ID="P179_ST00123" HPOS="383" VPOS="1308" WIDTH="38" HEIGHT="29" CONTENT="he" WC="0.62" CC="70"/>
						<SP ID="P179_SP00105" HPOS="421" VPOS="1340" WIDTH="11"/>
						<String ID="P179_ST00124" HPOS="432" VPOS="1319" WIDTH="61" HEIGHT="19" CONTENT="was" WC="0.45" CC="906"/>
						<SP ID="P179_SP00106" HPOS="493" VPOS="1340" WIDTH="12"/>
						<String ID="P179_ST00125" HPOS="505" VPOS="1308" WIDTH="115" HEIGHT="39" CONTENT="sitting," WC="0.75" CC="50012702"/>
						<SP ID="P179_SP00107" HPOS="620" VPOS="1347" WIDTH="18"/>
						<String ID="P179_ST00126" HPOS="638" VPOS="1308" WIDTH="59" HEIGHT="29" CONTENT="and" WC="0.20" CC="868"/>
						<SP ID="P179_SP00108" HPOS="697" VPOS="1347" WIDTH="12"/>
						<String ID="P179_ST00127" HPOS="709" VPOS="1308" WIDTH="81" HEIGHT="31" CONTENT="drew" WC="0.62" CC="7700"/>
						<SP ID="P179_SP00109" HPOS="790" VPOS="1347" WIDTH="12"/>
						<String ID="P179_ST00128" HPOS="802" VPOS="1311" WIDTH="53" HEIGHT="26" CONTENT="out" WC="0.55" CC="264"/>
					</TextLine>
					<TextLine ID="P179_TL00020" HPOS="96" VPOS="1380" WIDTH="759" HEIGHT="43">
						<String ID="P179_ST00129" HPOS="96" VPOS="1395" WIDTH="17" HEIGHT="19" CONTENT="a" WC="1.00" CC="0"/>
						<SP ID="P179_SP00110" HPOS="113" VPOS="1414" WIDTH="11"/>
						<String ID="P179_ST00130" HPOS="124" VPOS="1384" WIDTH="84" HEIGHT="39" CONTENT="large" WC="0.88" CC="00500"/>
						<SP ID="P179_SP00111" HPOS="208" VPOS="1423" WIDTH="12"/>
						<String ID="P179_ST00131" HPOS="220" VPOS="1383" WIDTH="116" HEIGHT="29" CONTENT="leather" WC="0.82" CC="0000704"/>
						<SP ID="P179_SP00112" HPOS="336" VPOS="1423" WIDTH="16"/>
						<String ID="P179_ST00132" HPOS="352" VPOS="1381" WIDTH="140" HEIGHT="41" CONTENT="portfolio" WC="0.72" CC="034301650"/>
						<SP ID="P179_SP00113" HPOS="492" VPOS="1423" WIDTH="10"/>
						<String ID="P179_ST00133" HPOS="502" VPOS="1382" WIDTH="56" HEIGHT="29" CONTENT="fuU" WC="0.75" CC="007"/>
						<SP ID="P179_SP00114" HPOS="558" VPOS="1423" WIDTH="17"/>
						<String ID="P179_ST00134" HPOS="575" VPOS="1381" WIDTH="32" HEIGHT="30" CONTENT="of" WC="1.00" CC="00"/>
						<SP ID="P179_SP00115" HPOS="607" VPOS="1423" WIDTH="11"/>
						<String ID="P179_ST00135" HPOS="618" VPOS="1392" WIDTH="114" HEIGHT="29" CONTENT="papers." WC="0.75" CC="9000160"/>
						<SP ID="P179_SP00116" HPOS="732" VPOS="1423" WIDTH="34"/>
						<String ID="P179_ST00136" HPOS="766" VPOS="1380" WIDTH="89" HEIGHT="31" CONTENT="After" WC="0.84" CC="07000"/>
					</TextLine>
					<TextLine ID="P179_TL00021" HPOS="96" VPOS="1450" WIDTH="759" HEIGHT="41">
						<String ID="P179_ST00137" HPOS="96" VPOS="1453" WIDTH="128" HEIGHT="38" CONTENT="turning" WC="0.68" CC="0607170"/>
						<SP ID="P179_SP00117" HPOS="224" VPOS="1491" WIDTH="27"/>
						<String ID="P179_ST00138" HPOS="251" VPOS="1462" WIDTH="71" HEIGHT="21" CONTENT="over" WC="0.78" CC="3005"/>
						<SP ID="P179_SP00118" HPOS="322" VPOS="1491" WIDTH="24"/>
						<String ID="P179_ST00139" HPOS="346" VPOS="1451" WIDTH="115" HEIGHT="31" CONTENT="several" WC="0.88" CC="6000100"/>
						<SP ID="P179_SP00119" HPOS="461" VPOS="1491" WIDTH="25"/>
						<String ID="P179_ST00140" HPOS="486" VPOS="1451" WIDTH="34" HEIGHT="29" CONTENT="of" WC="0.71" CC="50"/>
						<SP ID="P179_SP00120" HPOS="520" VPOS="1491" WIDTH="25"/>
						<String ID="P179_ST00141" HPOS="545" VPOS="1451" WIDTH="90" HEIGHT="38" CONTENT="them," WC="0.77" CC="07003"/>
						<SP ID="P179_SP00121" HPOS="635" VPOS="1491" WIDTH="28"/>
						<String ID="P179_ST00142" HPOS="663" VPOS="1451" WIDTH="39" HEIGHT="28" CONTENT="he" WC="0.62" CC="70"/>
						<SP ID="P179_SP00122" HPOS="702" VPOS="1491" WIDTH="30"/>
						<String ID="P179_ST00143" HPOS="732" VPOS="1450" WIDTH="123" HEIGHT="40" CONTENT="stopped" WC="0.59" CC="5049800"/>
					</TextLine>
				</TextBlock>
				<TextBlock ID="P179_TB00006" HPOS="139" VPOS="1523" WIDTH="386" HEIGHT="23" STYLEREFS="TXT_0 PAR_LEFT">
					<TextLine ID="P179_TL00022" HPOS="140" VPOS="1523" WIDTH="385" HEIGHT="23">
						<String ID="P179_ST00144" HPOS="140" VPOS="1527" WIDTH="67" HEIGHT="19" CONTENT="VOL." WC="0.82" CC="0070"/>
						<SP ID="P179_SP00123" HPOS="207" VPOS="1546" WIDTH="19"/>
						<String ID="P179_ST00145" HPOS="226" VPOS="1526" WIDTH="20" HEIGHT="20" CONTENT="I." WC="1.00" CC="00"/>
						<SP ID="P179_SP00124" HPOS="246" VPOS="1546" WIDTH="257"/>
						<String ID="P179_ST00146" HPOS="503" VPOS="1523" WIDTH="22" HEIGHT="21" CONTENT="M" WC="0.18" CC="8"/>
					</TextLine>
				</TextBlock>
			</PrintSpace>
		</Page>
	</Layout>
</alto>
