<?xml version="1.0" encoding="UTF-8"?>
<alto xmlns:xsi="http://www.w3.org/2001/XMLSchema-instance" xsi:noNamespaceSchemaLocation="http://www.bl.uk/schemas/alto/alto-1-4.xsd" xmlns:xlink="http://www.w3.org/1999/xlink">
	<Description>
		<MeasurementUnit>mm10</MeasurementUnit>
		<sourceImageInformation>
			<fileName>//head1/IN/2008-26/A0011759050/008081.jp2</fileName>
		</sourceImageInformation>
		<OCRProcessing ID="OCRPROCESSING_1">
			<preProcessingStep>
				<processingSoftware>
					<softwareCreator>CCS Content Conversion Specialists GmbH, Germany</softwareCreator>
					<softwareName>CCS docWORKS</softwareName>
					<softwareVersion>6.1-0.67</softwareVersion>
				</processingSoftware>
			</preProcessingStep>
			<ocrProcessingStep>
				<processingSoftware>
					<softwareCreator>ABBYY (BIT Software), Russia</softwareCreator>
					<softwareName>Finereader</softwareName>
				</processingSoftware>
			</ocrProcessingStep>
		</OCRProcessing>
	</Description>
	<Styles>
		<TextStyle ID="TXT_0" FONTSIZE="9" FONTFAMILY="Courier New"/>
		<TextStyle ID="TXT_1" FONTSIZE="10" FONTFAMILY="Courier New"/>
		<ParagraphStyle ID="PAR_CENTER" ALIGN="Center"/>
		<ParagraphStyle ID="PAR_RIGHT" ALIGN="Right"/>
		<ParagraphStyle ID="PAR_LEFT" ALIGN="Left"/>
	</Styles>
	<Layout>
		<Page ID="P89" PHYSICAL_IMG_NR="89" HEIGHT="1962" WIDTH="1120" PRINTED_IMG_NR="79" POSITION="Right" ACCURACY="73.44">
			<TopMargin ID="P89_TM00001" HPOS="0" VPOS="0" WIDTH="1120" HEIGHT="168">
				<TextBlock ID="P89_TB00001" HPOS="419" VPOS="149" WIDTH="243" HEIGHT="16" STYLEREFS="TXT_0 PAR_CENTER">
					<TextLine ID="P89_TL00001" HPOS="421" VPOS="149" WIDTH="241" HEIGHT="16">
						<String ID="P89_ST00001" HPOS="421" VPOS="149" WIDTH="118" HEIGHT="15" CONTENT="POETICAL" WC="0.73" CC="60202090"/>
						<SP ID="P89_SP00001" HPOS="539" VPOS="164" WIDTH="19"/>
						<String ID="P89_ST00002" HPOS="558" VPOS="150" WIDTH="104" HEIGHT="15" CONTENT="AVIARY." WC="0.72" CC="0700650"/>
					</TextLine>
				</TextBlock>
				<TextBlock ID="P89_TB00002" HPOS="933" VPOS="145" WIDTH="27" HEIGHT="21" STYLEREFS="TXT_1 PAR_RIGHT">
					<TextLine ID="P89_TL00002" HPOS="933" VPOS="145" WIDTH="27" HEIGHT="21">
						<String ID="P89_ST00003" HPOS="933" VPOS="145" WIDTH="27" HEIGHT="21" CONTENT="79" WC="1.00" CC="00"/>
					</TextLine>
				</TextBlock>
			</TopMargin>
			<LeftMargin ID="P89_LM00001" HPOS="0" VPOS="168" WIDTH="112" HEIGHT="1568"/>
			<RightMargin ID="P89_RM00001" HPOS="965" VPOS="168" WIDTH="155" HEIGHT="1568"/>
			<BottomMargin ID="P89_BM00001" HPOS="0" VPOS="1736" WIDTH="1120" HEIGHT="225"/>
			<PrintSpace ID="P89_PS00001" HPOS="112" VPOS="168" WIDTH="853" HEIGHT="1568">
				<TextBlock ID="P89_TB00003" HPOS="112" VPOS="224" WIDTH="850" HEIGHT="168" STYLEREFS="TXT_0 PAR_LEFT">
					<TextLine ID="P89_TL00003" HPOS="147" VPOS="225" WIDTH="815" HEIGHT="31">
						<String ID="P89_ST00004" HPOS="147" VPOS="226" WIDTH="29" HEIGHT="23" CONTENT="In" WC="0.42" CC="55"/>
						<SP ID="P89_SP00002" HPOS="176" VPOS="249" WIDTH="10"/>
						<String ID="P89_ST00005" HPOS="186" VPOS="226" WIDTH="37" HEIGHT="23" CONTENT="De" WC="0.66" CC="60"/>
						<SP ID="P89_SP00003" HPOS="223" VPOS="249" WIDTH="9"/>
						<String ID="P89_ST00006" HPOS="232" VPOS="225" WIDTH="82" HEIGHT="24" CONTENT="Lille's" WC="0.67" CC="3660203"/>
						<SP ID="P89_SP00004" HPOS="314" VPOS="249" WIDTH="10"/>
						<String ID="P89_ST00007" HPOS="324" VPOS="233" WIDTH="92" HEIGHT="23" CONTENT="poems," WC="0.82" CC="030041"/>
						<SP ID="P89_SP00005" HPOS="416" VPOS="256" WIDTH="13"/>
						<String ID="P89_ST00008" HPOS="429" VPOS="225" WIDTH="79" HEIGHT="23" CONTENT="which" WC="0.57" CC="97300"/>
						<SP ID="P89_SP00006" HPOS="508" VPOS="256" WIDTH="14"/>
						<String ID="P89_ST00009" HPOS="522" VPOS="225" WIDTH="10" HEIGHT="22" CONTENT="I" WC="1.00" CC="0"/>
						<SP ID="P89_SP00007" HPOS="532" VPOS="256" WIDTH="14"/>
						<String ID="P89_ST00010" HPOS="546" VPOS="229" WIDTH="88" HEIGHT="19" CONTENT="cannot" WC="0.71" CC="006604"/>
						<SP ID="P89_SP00008" HPOS="634" VPOS="256" WIDTH="14"/>
						<String ID="P89_ST00011" HPOS="648" VPOS="233" WIDTH="101" HEIGHT="23" CONTENT="procure" WC="0.81" CC="0075000"/>
						<SP ID="P89_SP00009" HPOS="749" VPOS="256" WIDTH="8"/>
						<String ID="P89_ST00012" HPOS="757" VPOS="225" WIDTH="24" HEIGHT="23" CONTENT="in" WC="0.82" CC="30"/>
						<SP ID="P89_SP00010" HPOS="781" VPOS="256" WIDTH="11"/>
						<String ID="P89_ST00013" HPOS="792" VPOS="225" WIDTH="118" HEIGHT="27" CONTENT="Calcutta," WC="0.86" CC="023500000"/>
						<SP ID="P89_SP00011" HPOS="910" VPOS="256" WIDTH="12"/>
						<String ID="P89_ST00014" HPOS="922" VPOS="226" WIDTH="40" HEIGHT="22" CONTENT="the" WC="0.77" CC="060"/>
					</TextLine>
					<TextLine ID="P89_TL00004" HPOS="114" VPOS="271" WIDTH="848" HEIGHT="33">
						<String ID="P89_ST00015" HPOS="114" VPOS="276" WIDTH="102" HEIGHT="24" CONTENT="tire-lire" WC="0.94" CC="000001020"/>
						<SP ID="P89_SP00012" HPOS="216" VPOS="300" WIDTH="14"/>
						<String ID="P89_ST00016" HPOS="230" VPOS="275" WIDTH="27" HEIGHT="23" CONTENT="of" WC="0.79" CC="40"/>
						<SP ID="P89_SP00013" HPOS="257" VPOS="300" WIDTH="10"/>
						<String ID="P89_ST00017" HPOS="267" VPOS="275" WIDTH="41" HEIGHT="23" CONTENT="the" WC="0.75" CC="070"/>
						<SP ID="P89_SP00014" HPOS="308" VPOS="300" WIDTH="14"/>
						<String ID="P89_ST00018" HPOS="322" VPOS="274" WIDTH="64" HEIGHT="23" CONTENT="Lark" WC="0.89" CC="1030"/>
						<SP ID="P89_SP00015" HPOS="386" VPOS="300" WIDTH="14"/>
						<String ID="P89_ST00019" HPOS="400" VPOS="274" WIDTH="19" HEIGHT="22" CONTENT="is" WC="0.48" CC="45"/>
						<SP ID="P89_SP00016" HPOS="419" VPOS="300" WIDTH="14"/>
						<String ID="P89_ST00020" HPOS="433" VPOS="274" WIDTH="72" HEIGHT="30" CONTENT="given" WC="0.77" CC="04501"/>
						<SP ID="P89_SP00017" HPOS="505" VPOS="304" WIDTH="12"/>
						<String ID="P89_ST00021" HPOS="517" VPOS="283" WIDTH="5" HEIGHT="16" CONTENT=";" WC="0.92" CC="0"/>
						<SP ID="P89_SP00018" HPOS="522" VPOS="304" WIDTH="15"/>
						<String ID="P89_ST00022" HPOS="537" VPOS="273" WIDTH="47" HEIGHT="23" CONTENT="and" WC="0.77" CC="060"/>
						<SP ID="P89_SP00019" HPOS="584" VPOS="304" WIDTH="13"/>
						<String ID="P89_ST00023" HPOS="597" VPOS="273" WIDTH="24" HEIGHT="22" CONTENT="in" WC="0.38" CC="66"/>
						<SP ID="P89_SP00020" HPOS="621" VPOS="304" WIDTH="12"/>
						<String ID="P89_ST00024" HPOS="633" VPOS="272" WIDTH="98" HEIGHT="30" CONTENT="coming" WC="0.61" CC="056550"/>
						<SP ID="P89_SP00021" HPOS="731" VPOS="304" WIDTH="12"/>
						<String ID="P89_ST00025" HPOS="743" VPOS="272" WIDTH="71" HEIGHT="23" CONTENT="down" WC="0.50" CC="0396"/>
						<SP ID="P89_SP00022" HPOS="814" VPOS="304" WIDTH="13"/>
						<String ID="P89_ST00026" HPOS="827" VPOS="272" WIDTH="62" HEIGHT="22" CONTENT="from" WC="0.36" CC="3966"/>
						<SP ID="P89_SP00023" HPOS="889" VPOS="304" WIDTH="14"/>
						<String ID="P89_ST00027" HPOS="903" VPOS="275" WIDTH="14" HEIGHT="8" CONTENT='"' WC="0.25" CC="7"/>
						<SP ID="P89_SP00024" HPOS="917" VPOS="304" WIDTH="11"/>
						<String ID="P89_ST00028" HPOS="928" VPOS="271" WIDTH="34" HEIGHT="23" CONTENT="les" WC="0.69" CC="107"/>
					</TextLine>
					<TextLine ID="P89_TL00005" HPOS="114" VPOS="321" WIDTH="848" HEIGHT="30">
						<String ID="P89_ST00029" HPOS="114" VPOS="323" WIDTH="85" HEIGHT="23" CONTENT='cieux"' WC="0.54" CC="660256"/>
						<SP ID="P89_SP00025" HPOS="199" VPOS="346" WIDTH="14"/>
						<String ID="P89_ST00030" HPOS="213" VPOS="323" WIDTH="42" HEIGHT="23" CONTENT="the" WC="0.78" CC="060"/>
						<SP ID="P89_SP00026" HPOS="255" VPOS="346" WIDTH="19"/>
						<String ID="P89_ST00031" HPOS="274" VPOS="322" WIDTH="55" HEIGHT="23" CONTENT="bird" WC="0.87" CC="0500"/>
						<SP ID="P89_SP00027" HPOS="329" VPOS="346" WIDTH="18"/>
						<String ID="P89_ST00032" HPOS="347" VPOS="321" WIDTH="20" HEIGHT="23" CONTENT="is" WC="0.52" CC="27"/>
						<SP ID="P89_SP00028" HPOS="367" VPOS="346" WIDTH="18"/>
						<String ID="P89_ST00033" HPOS="385" VPOS="321" WIDTH="158" HEIGHT="30" CONTENT="represented" WC="0.69" CC="60900705500"/>
						<SP ID="P89_SP00029" HPOS="543" VPOS="351" WIDTH="12"/>
						<String ID="P89_ST00034" HPOS="555" VPOS="324" WIDTH="25" HEIGHT="19" CONTENT="to" WC="0.67" CC="06"/>
						<SP ID="P89_SP00030" HPOS="580" VPOS="351" WIDTH="22"/>
						<String ID="P89_ST00035" HPOS="602" VPOS="321" WIDTH="63" HEIGHT="23" CONTENT="have" WC="0.76" CC="5030"/>
						<SP ID="P89_SP00031" HPOS="665" VPOS="351" WIDTH="14"/>
						<String ID="P89_ST00036" HPOS="679" VPOS="324" WIDTH="70" HEIGHT="20" CONTENT="notes" WC="0.60" CC="46025"/>
						<SP ID="P89_SP00032" HPOS="749" VPOS="351" WIDTH="23"/>
						<String ID="P89_ST00037" HPOS="772" VPOS="321" WIDTH="190" HEIGHT="30" CONTENT="corresponding" WC="0.79" CC="0090012340050"/>
					</TextLine>
					<TextLine ID="P89_TL00006" HPOS="114" VPOS="368" WIDTH="492" HEIGHT="24">
						<String ID="P89_ST00038" HPOS="114" VPOS="371" WIDTH="58" HEIGHT="21" CONTENT="with" WC="0.67" CC="0417"/>
						<SP ID="P89_SP00033" HPOS="172" VPOS="392" WIDTH="14"/>
						<String ID="P89_ST00039" HPOS="186" VPOS="374" WIDTH="15" HEIGHT="8" CONTENT='"' WC="0.34" CC="6"/>
						<SP ID="P89_SP00034" HPOS="201" VPOS="392" WIDTH="12"/>
						<String ID="P89_ST00040" HPOS="213" VPOS="370" WIDTH="80" HEIGHT="22" CONTENT="Adieu" WC="0.73" CC="00426"/>
						<SP ID="P89_SP00035" HPOS="293" VPOS="392" WIDTH="13"/>
						<String ID="P89_ST00041" HPOS="306" VPOS="369" WIDTH="62" HEIGHT="23" CONTENT="Dieu" WC="0.83" CC="0005"/>
						<SP ID="P89_SP00036" HPOS="368" VPOS="392" WIDTH="11"/>
						<String ID="P89_ST00042" HPOS="379" VPOS="369" WIDTH="4" HEIGHT="22" CONTENT="!" WC="1.00" CC="0"/>
						<SP ID="P89_SP00037" HPOS="383" VPOS="392" WIDTH="38"/>
						<String ID="P89_ST00043" HPOS="421" VPOS="368" WIDTH="79" HEIGHT="23" CONTENT="Adieu" WC="0.94" CC="00101"/>
						<SP ID="P89_SP00038" HPOS="500" VPOS="392" WIDTH="12"/>
						<String ID="P89_ST00044" HPOS="512" VPOS="368" WIDTH="62" HEIGHT="22" CONTENT="Dieu" WC="0.87" CC="0005"/>
						<SP ID="P89_SP00039" HPOS="574" VPOS="392" WIDTH="9"/>
						<String ID="P89_ST00045" HPOS="583" VPOS="368" WIDTH="23" HEIGHT="22" CONTENT='!"' WC="0.69" CC="06"/>
					</TextLine>
				</TextBlock>
				<TextBlock ID="P89_TB00004" HPOS="113" VPOS="417" WIDTH="851" HEIGHT="868" STYLEREFS="TXT_0 PAR_LEFT">
					<TextLine ID="P89_TL00007" HPOS="148" VPOS="417" WIDTH="816" HEIGHT="34">
						<String ID="P89_ST00046" HPOS="148" VPOS="419" WIDTH="99" HEIGHT="32" CONTENT="Having" WC="0.69" CC="507050"/>
						<SP ID="P89_SP00040" HPOS="247" VPOS="451" WIDTH="20"/>
						<String ID="P89_ST00047" HPOS="267" VPOS="427" WIDTH="64" HEIGHT="23" CONTENT="gone" WC="0.77" CC="0540"/>
						<SP ID="P89_SP00041" HPOS="331" VPOS="451" WIDTH="24"/>
						<String ID="P89_ST00048" HPOS="355" VPOS="418" WIDTH="108" HEIGHT="31" CONTENT="through" WC="0.61" CC="5004097"/>
						<SP ID="P89_SP00042" HPOS="463" VPOS="451" WIDTH="21"/>
						<String ID="P89_ST00049" HPOS="484" VPOS="418" WIDTH="41" HEIGHT="22" CONTENT="the" WC="0.76" CC="070"/>
						<SP ID="P89_SP00043" HPOS="525" VPOS="451" WIDTH="21"/>
						<String ID="P89_ST00050" HPOS="546" VPOS="417" WIDTH="119" HEIGHT="31" CONTENT="principal" WC="0.83" CC="062500000"/>
						<SP ID="P89_SP00044" HPOS="665" VPOS="451" WIDTH="21"/>
						<String ID="P89_ST00051" HPOS="686" VPOS="425" WIDTH="115" HEIGHT="24" CONTENT="passages" WC="0.61" CC="06772006"/>
						<SP ID="P89_SP00045" HPOS="801" VPOS="451" WIDTH="21"/>
						<String ID="P89_ST00052" HPOS="822" VPOS="417" WIDTH="25" HEIGHT="23" CONTENT="in" WC="0.47" CC="37"/>
						<SP ID="P89_SP00046" HPOS="847" VPOS="451" WIDTH="13"/>
						<String ID="P89_ST00053" HPOS="860" VPOS="417" WIDTH="104" HEIGHT="31" CONTENT="English" WC="0.64" CC="0305357"/>
					</TextLine>
					<TextLine ID="P89_TL00008" HPOS="114" VPOS="467" WIDTH="848" HEIGHT="34">
						<String ID="P89_ST00054" HPOS="114" VPOS="471" WIDTH="87" HEIGHT="30" CONTENT="Poetry" WC="0.88" CC="600000"/>
						<SP ID="P89_SP00047" HPOS="201" VPOS="501" WIDTH="13"/>
						<String ID="P89_ST00055" HPOS="214" VPOS="470" WIDTH="104" HEIGHT="30" CONTENT="relating" WC="0.76" CC="40800060"/>
						<SP ID="P89_SP00048" HPOS="318" VPOS="501" WIDTH="13"/>
						<String ID="P89_ST00056" HPOS="331" VPOS="473" WIDTH="26" HEIGHT="20" CONTENT="to" WC="0.65" CC="06"/>
						<SP ID="P89_SP00049" HPOS="357" VPOS="501" WIDTH="12"/>
						<String ID="P89_ST00057" HPOS="369" VPOS="468" WIDTH="134" HEIGHT="24" CONTENT="imitations" WC="0.74" CC="4355041002"/>
						<SP ID="P89_SP00050" HPOS="503" VPOS="501" WIDTH="14"/>
						<String ID="P89_ST00058" HPOS="517" VPOS="468" WIDTH="26" HEIGHT="23" CONTENT="of" WC="0.94" CC="01"/>
						<SP ID="P89_SP00051" HPOS="543" VPOS="501" WIDTH="11"/>
						<String ID="P89_ST00059" HPOS="554" VPOS="468" WIDTH="40" HEIGHT="23" CONTENT="the" WC="0.71" CC="071"/>
						<SP ID="P89_SP00052" HPOS="594" VPOS="501" WIDTH="14"/>
						<String ID="P89_ST00060" HPOS="608" VPOS="472" WIDTH="69" HEIGHT="19" CONTENT="notes" WC="0.64" CC="56004"/>
						<SP ID="P89_SP00053" HPOS="677" VPOS="501" WIDTH="14"/>
						<String ID="P89_ST00061" HPOS="691" VPOS="467" WIDTH="26" HEIGHT="23" CONTENT="of" WC="0.95" CC="10"/>
						<SP ID="P89_SP00054" HPOS="717" VPOS="501" WIDTH="11"/>
						<String ID="P89_ST00062" HPOS="728" VPOS="467" WIDTH="71" HEIGHT="27" CONTENT="birds," WC="0.91" CC="500000"/>
						<SP ID="P89_SP00055" HPOS="799" VPOS="501" WIDTH="21"/>
						<String ID="P89_ST00063" HPOS="820" VPOS="468" WIDTH="10" HEIGHT="22" CONTENT="I" WC="1.00" CC="0"/>
						<SP ID="P89_SP00056" HPOS="830" VPOS="501" WIDTH="20"/>
						<String ID="P89_ST00064" HPOS="850" VPOS="468" WIDTH="112" HEIGHT="30" CONTENT="proceed," WC="0.79" CC="05401004"/>
					</TextLine>
					<TextLine ID="P89_TL00009" HPOS="114" VPOS="518" WIDTH="850" HEIGHT="32">
						<String ID="P89_ST00065" HPOS="114" VPOS="528" WIDTH="26" HEIGHT="14" CONTENT="as" WC="0.65" CC="06"/>
						<SP ID="P89_SP00057" HPOS="140" VPOS="542" WIDTH="21"/>
						<String ID="P89_ST00066" HPOS="161" VPOS="520" WIDTH="25" HEIGHT="22" CONTENT="in" WC="0.66" CC="06"/>
						<SP ID="P89_SP00058" HPOS="186" VPOS="542" WIDTH="12"/>
						<String ID="P89_ST00067" HPOS="198" VPOS="519" WIDTH="42" HEIGHT="23" CONTENT="the" WC="0.76" CC="070"/>
						<SP ID="P89_SP00059" HPOS="240" VPOS="542" WIDTH="23"/>
						<String ID="P89_ST00068" HPOS="263" VPOS="520" WIDTH="52" HEIGHT="22" CONTENT="first" WC="0.54" CC="67260"/>
						<SP ID="P89_SP00060" HPOS="315" VPOS="542" WIDTH="13"/>
						<String ID="P89_ST00069" HPOS="328" VPOS="522" WIDTH="62" HEIGHT="28" CONTENT="part," WC="0.66" CC="04542"/>
						<SP ID="P89_SP00061" HPOS="390" VPOS="550" WIDTH="23"/>
						<String ID="P89_ST00070" HPOS="413" VPOS="522" WIDTH="27" HEIGHT="20" CONTENT="to" WC="0.91" CC="01"/>
						<SP ID="P89_SP00062" HPOS="440" VPOS="550" WIDTH="13"/>
						<String ID="P89_ST00071" HPOS="453" VPOS="519" WIDTH="84" HEIGHT="23" CONTENT="advert" WC="0.81" CC="027010"/>
						<SP ID="P89_SP00063" HPOS="537" VPOS="550" WIDTH="19"/>
						<String ID="P89_ST00072" HPOS="556" VPOS="522" WIDTH="26" HEIGHT="20" CONTENT="to" WC="0.83" CC="03"/>
						<SP ID="P89_SP00064" HPOS="582" VPOS="550" WIDTH="22"/>
						<String ID="P89_ST00073" HPOS="604" VPOS="519" WIDTH="91" HEIGHT="22" CONTENT="insects." WC="0.76" CC="06005060"/>
						<SP ID="P89_SP00065" HPOS="695" VPOS="550" WIDTH="37"/>
						<String ID="P89_ST00074" HPOS="732" VPOS="518" WIDTH="50" HEIGHT="23" CONTENT="But" WC="0.45" CC="654"/>
						<SP ID="P89_SP00066" HPOS="782" VPOS="550" WIDTH="19"/>
						<String ID="P89_ST00075" HPOS="801" VPOS="519" WIDTH="68" HEIGHT="23" CONTENT="there" WC="0.97" CC="00100"/>
						<SP ID="P89_SP00067" HPOS="869" VPOS="550" WIDTH="20"/>
						<String ID="P89_ST00076" HPOS="889" VPOS="519" WIDTH="20" HEIGHT="22" CONTENT="is" WC="0.73" CC="22"/>
						<SP ID="P89_SP00068" HPOS="909" VPOS="550" WIDTH="24"/>
						<String ID="P89_ST00077" HPOS="933" VPOS="528" WIDTH="31" HEIGHT="14" CONTENT="an" WC="0.73" CC="05"/>
					</TextLine>
					<TextLine ID="P89_TL00010" HPOS="114" VPOS="566" WIDTH="850" HEIGHT="35">
						<String ID="P89_ST00078" HPOS="114" VPOS="572" WIDTH="132" HEIGHT="29" CONTENT="important" WC="0.53" CC="480836640"/>
						<SP ID="P89_SP00069" HPOS="246" VPOS="601" WIDTH="24"/>
						<String ID="P89_ST00079" HPOS="270" VPOS="570" WIDTH="111" HEIGHT="31" CONTENT="question" WC="0.63" CC="93060260"/>
						<SP ID="P89_SP00070" HPOS="381" VPOS="601" WIDTH="20"/>
						<String ID="P89_ST00080" HPOS="401" VPOS="572" WIDTH="26" HEIGHT="21" CONTENT="to" WC="1.00" CC="00"/>
						<SP ID="P89_SP00071" HPOS="427" VPOS="601" WIDTH="20"/>
						<String ID="P89_ST00081" HPOS="447" VPOS="569" WIDTH="31" HEIGHT="23" CONTENT="be" WC="0.62" CC="70"/>
						<SP ID="P89_SP00072" HPOS="478" VPOS="601" WIDTH="17"/>
						<String ID="P89_ST00082" HPOS="495" VPOS="567" WIDTH="132" HEIGHT="27" CONTENT="answered," WC="0.69" CC="567005201"/>
						<SP ID="P89_SP00073" HPOS="627" VPOS="601" WIDTH="14"/>
						<String ID="P89_ST00083" HPOS="641" VPOS="566" WIDTH="80" HEIGHT="23" CONTENT="which" WC="0.76" CC="07400"/>
						<SP ID="P89_SP00074" HPOS="721" VPOS="601" WIDTH="20"/>
						<String ID="P89_ST00084" HPOS="741" VPOS="566" WIDTH="185" HEIGHT="30" CONTENT="Aristophanes," WC="0.70" CC="0757220304031"/>
						<SP ID="P89_SP00075" HPOS="926" VPOS="601" WIDTH="13"/>
						<String ID="P89_ST00085" HPOS="939" VPOS="566" WIDTH="25" HEIGHT="23" CONTENT="in" WC="0.72" CC="05"/>
					</TextLine>
					<TextLine ID="P89_TL00011" HPOS="115" VPOS="617" WIDTH="849" HEIGHT="33">
						<String ID="P89_ST00086" HPOS="115" VPOS="628" WIDTH="45" HEIGHT="15" CONTENT="one" WC="0.58" CC="570"/>
						<SP ID="P89_SP00076" HPOS="160" VPOS="643" WIDTH="9"/>
						<String ID="P89_ST00087" HPOS="169" VPOS="620" WIDTH="26" HEIGHT="23" CONTENT="of" WC="0.83" CC="03"/>
						<SP ID="P89_SP00077" HPOS="195" VPOS="643" WIDTH="7"/>
						<String ID="P89_ST00088" HPOS="202" VPOS="620" WIDTH="38" HEIGHT="22" CONTENT="his" WC="0.64" CC="045"/>
						<SP ID="P89_SP00078" HPOS="240" VPOS="643" WIDTH="10"/>
						<String ID="P89_ST00089" HPOS="250" VPOS="620" WIDTH="75" HEIGHT="30" CONTENT="plays," WC="0.81" CC="040060"/>
						<SP ID="P89_SP00079" HPOS="325" VPOS="650" WIDTH="10"/>
						<String ID="P89_ST00090" HPOS="335" VPOS="622" WIDTH="55" HEIGHT="28" CONTENT="puts" WC="0.71" CC="0163"/>
						<SP ID="P89_SP00080" HPOS="390" VPOS="650" WIDTH="11"/>
						<String ID="P89_ST00091" HPOS="401" VPOS="622" WIDTH="25" HEIGHT="20" CONTENT="to" WC="0.96" CC="00"/>
						<SP ID="P89_SP00081" HPOS="426" VPOS="650" WIDTH="13"/>
						<String ID="P89_ST00092" HPOS="439" VPOS="618" WIDTH="120" HEIGHT="27" CONTENT="Socrates," WC="0.71" CC="234006072"/>
						<SP ID="P89_SP00082" HPOS="559" VPOS="650" WIDTH="11"/>
						<String ID="P89_ST00093" HPOS="570" VPOS="618" WIDTH="109" HEIGHT="23" CONTENT="whether" WC="0.71" CC="0700705"/>
						<SP ID="P89_SP00083" HPOS="679" VPOS="650" WIDTH="9"/>
						<String ID="P89_ST00094" HPOS="688" VPOS="617" WIDTH="78" HEIGHT="24" CONTENT="Gnats" WC="0.72" CC="07006"/>
						<SP ID="P89_SP00084" HPOS="766" VPOS="650" WIDTH="10"/>
						<String ID="P89_ST00095" HPOS="776" VPOS="618" WIDTH="46" HEIGHT="22" CONTENT="buz" WC="0.75" CC="700"/>
						<SP ID="P89_SP00085" HPOS="822" VPOS="650" WIDTH="10"/>
						<String ID="P89_ST00096" HPOS="832" VPOS="618" WIDTH="58" HEIGHT="22" CONTENT="with" WC="0.64" CC="9030"/>
						<SP ID="P89_SP00086" HPOS="890" VPOS="650" WIDTH="12"/>
						<String ID="P89_ST00097" HPOS="902" VPOS="618" WIDTH="62" HEIGHT="23" CONTENT="their" WC="0.73" CC="05700"/>
					</TextLine>
					<TextLine ID="P89_TL00012" HPOS="114" VPOS="666" WIDTH="849" HEIGHT="30">
						<String ID="P89_ST00098" HPOS="114" VPOS="667" WIDTH="97" HEIGHT="23" CONTENT="mouths" WC="0.72" CC="104217"/>
						<SP ID="P89_SP00087" HPOS="211" VPOS="690" WIDTH="22"/>
						<String ID="P89_ST00099" HPOS="233" VPOS="676" WIDTH="26" HEIGHT="14" CONTENT="or" WC="0.48" CC="64"/>
						<SP ID="P89_SP00088" HPOS="259" VPOS="690" WIDTH="22"/>
						<String ID="P89_ST00100" HPOS="281" VPOS="667" WIDTH="59" HEIGHT="23" CONTENT="with" WC="0.53" CC="9430"/>
						<SP ID="P89_SP00089" HPOS="340" VPOS="690" WIDTH="12"/>
						<String ID="P89_ST00101" HPOS="352" VPOS="667" WIDTH="64" HEIGHT="23" CONTENT="their" WC="0.77" CC="05104"/>
						<SP ID="P89_SP00090" HPOS="416" VPOS="690" WIDTH="13"/>
						<String ID="P89_ST00102" HPOS="429" VPOS="666" WIDTH="54" HEIGHT="23" CONTENT="tails" WC="0.85" CC="00024"/>
						<SP ID="P89_SP00091" HPOS="483" VPOS="690" WIDTH="11"/>
						<String ID="P89_ST00103" HPOS="494" VPOS="666" WIDTH="7" HEIGHT="23" CONTENT="?" WC="1.00" CC="0"/>
						<SP ID="P89_SP00092" HPOS="501" VPOS="690" WIDTH="38"/>
						<String ID="P89_ST00104" HPOS="539" VPOS="666" WIDTH="22" HEIGHT="23" CONTENT="It" WC="1.00" CC="00"/>
						<SP ID="P89_SP00093" HPOS="561" VPOS="690" WIDTH="12"/>
						<String ID="P89_ST00105" HPOS="573" VPOS="666" WIDTH="82" HEIGHT="23" CONTENT="would" WC="0.68" CC="90500"/>
						<SP ID="P89_SP00094" HPOS="655" VPOS="690" WIDTH="21"/>
						<String ID="P89_ST00106" HPOS="676" VPOS="673" WIDTH="87" HEIGHT="23" CONTENT="appear" WC="0.84" CC="900000"/>
						<SP ID="P89_SP00095" HPOS="763" VPOS="696" WIDTH="13"/>
						<String ID="P89_ST00107" HPOS="776" VPOS="669" WIDTH="24" HEIGHT="19" CONTENT="to" WC="0.64" CC="42"/>
						<SP ID="P89_SP00096" HPOS="800" VPOS="696" WIDTH="14"/>
						<String ID="P89_ST00108" HPOS="814" VPOS="666" WIDTH="29" HEIGHT="23" CONTENT="be" WC="0.70" CC="50"/>
						<SP ID="P89_SP00097" HPOS="843" VPOS="696" WIDTH="13"/>
						<String ID="P89_ST00109" HPOS="856" VPOS="666" WIDTH="42" HEIGHT="23" CONTENT="the" WC="0.67" CC="260"/>
						<SP ID="P89_SP00098" HPOS="898" VPOS="696" WIDTH="12"/>
						<String ID="P89_ST00110" HPOS="910" VPOS="666" WIDTH="53" HEIGHT="23" CONTENT="bet" SUBS_TYPE="HypPart1" SUBS_CONTENT="better" WC="0.73" CC="7003"/>
						<HYP CONTENT="-"/>
					</TextLine>
					<TextLine ID="P89_TL00013" HPOS="114" VPOS="716" WIDTH="850" HEIGHT="32">
						<String ID="P89_ST00111" HPOS="114" VPOS="719" WIDTH="38" HEIGHT="19" CONTENT="ter" SUBS_TYPE="HypPart2" SUBS_CONTENT="better" WC="0.71" CC="042"/>
						<SP ID="P89_SP00099" HPOS="152" VPOS="738" WIDTH="13"/>
						<String ID="P89_ST00112" HPOS="165" VPOS="716" WIDTH="108" HEIGHT="30" CONTENT="opinion," WC="0.71" CC="08120170"/>
						<SP ID="P89_SP00100" HPOS="273" VPOS="746" WIDTH="16"/>
						<String ID="P89_ST00113" HPOS="289" VPOS="716" WIDTH="61" HEIGHT="23" CONTENT="after" WC="0.71" CC="91002"/>
						<SP ID="P89_SP00101" HPOS="350" VPOS="746" WIDTH="13"/>
						<String ID="P89_ST00114" HPOS="363" VPOS="724" WIDTH="13" HEIGHT="14" CONTENT="a" WC="0.35" CC="6"/>
						<SP ID="P89_SP00102" HPOS="376" VPOS="746" WIDTH="11"/>
						<String ID="P89_ST00115" HPOS="387" VPOS="716" WIDTH="127" HEIGHT="24" CONTENT="multitude" WC="0.67" CC="665050220"/>
						<SP ID="P89_SP00103" HPOS="514" VPOS="746" WIDTH="14"/>
						<String ID="P89_ST00116" HPOS="528" VPOS="717" WIDTH="26" HEIGHT="22" CONTENT="of" WC="0.69" CC="60"/>
						<SP ID="P89_SP00104" HPOS="554" VPOS="746" WIDTH="11"/>
						<String ID="P89_ST00117" HPOS="565" VPOS="717" WIDTH="171" HEIGHT="31" CONTENT="experiments," WC="0.56" CC="099052646060"/>
						<SP ID="P89_SP00105" HPOS="736" VPOS="748" WIDTH="13"/>
						<String ID="P89_ST00118" HPOS="749" VPOS="717" WIDTH="53" HEIGHT="23" CONTENT="that" WC="0.65" CC="0760"/>
						<SP ID="P89_SP00106" HPOS="802" VPOS="748" WIDTH="13"/>
						<String ID="P89_ST00119" HPOS="815" VPOS="717" WIDTH="40" HEIGHT="23" CONTENT="the" WC="0.75" CC="070"/>
						<SP ID="P89_SP00107" HPOS="855" VPOS="748" WIDTH="20"/>
						<String ID="P89_ST00120" HPOS="875" VPOS="718" WIDTH="89" HEIGHT="22" CONTENT="sounds" WC="0.57" CC="346504"/>
					</TextLine>
					<TextLine ID="P89_TL00014" HPOS="115" VPOS="764" WIDTH="847" HEIGHT="31">
						<String ID="P89_ST00121" HPOS="115" VPOS="764" WIDTH="26" HEIGHT="23" CONTENT="of" WC="0.52" CC="63"/>
						<SP ID="P89_SP00108" HPOS="141" VPOS="787" WIDTH="10"/>
						<String ID="P89_ST00122" HPOS="151" VPOS="765" WIDTH="90" HEIGHT="22" CONTENT="insects" WC="0.68" CC="5670002"/>
						<SP ID="P89_SP00109" HPOS="241" VPOS="787" WIDTH="12"/>
						<String ID="P89_ST00123" HPOS="253" VPOS="773" WIDTH="40" HEIGHT="14" CONTENT="are" WC="0.99" CC="000"/>
						<SP ID="P89_SP00110" HPOS="293" VPOS="787" WIDTH="14"/>
						<String ID="P89_ST00124" HPOS="307" VPOS="772" WIDTH="72" HEIGHT="15" CONTENT="never" WC="0.83" CC="00602"/>
						<SP ID="P89_SP00111" HPOS="379" VPOS="787" WIDTH="8"/>
						<String ID="P89_ST00125" HPOS="387" VPOS="765" WIDTH="124" HEIGHT="30" CONTENT="produced" WC="0.76" CC="01105009"/>
						<SP ID="P89_SP00112" HPOS="511" VPOS="795" WIDTH="12"/>
						<String ID="P89_ST00126" HPOS="523" VPOS="765" WIDTH="47" HEIGHT="22" CONTENT="like" WC="1.00" CC="0000"/>
						<SP ID="P89_SP00113" HPOS="570" VPOS="795" WIDTH="13"/>
						<String ID="P89_ST00127" HPOS="583" VPOS="765" WIDTH="42" HEIGHT="23" CONTENT="the" WC="0.76" CC="070"/>
						<SP ID="P89_SP00114" HPOS="625" VPOS="795" WIDTH="13"/>
						<String ID="P89_ST00128" HPOS="638" VPOS="765" WIDTH="75" HEIGHT="27" CONTENT="voice," WC="0.73" CC="832001"/>
						<SP ID="P89_SP00115" HPOS="713" VPOS="795" WIDTH="13"/>
						<String ID="P89_ST00129" HPOS="726" VPOS="774" WIDTH="27" HEIGHT="14" CONTENT="or" WC="0.79" CC="40"/>
						<SP ID="P89_SP00116" HPOS="753" VPOS="795" WIDTH="13"/>
						<String ID="P89_ST00130" HPOS="766" VPOS="770" WIDTH="70" HEIGHT="18" CONTENT="notes" WC="0.74" CC="52400"/>
						<SP ID="P89_SP00117" HPOS="836" VPOS="795" WIDTH="9"/>
						<String ID="P89_ST00131" HPOS="845" VPOS="766" WIDTH="26" HEIGHT="22" CONTENT="of" WC="0.76" CC="04"/>
						<SP ID="P89_SP00118" HPOS="871" VPOS="795" WIDTH="10"/>
						<String ID="P89_ST00132" HPOS="881" VPOS="766" WIDTH="67" HEIGHT="23" CONTENT="birds" WC="0.68" CC="02426"/>
						<SP ID="P89_SP00119" HPOS="948" VPOS="795" WIDTH="11"/>
						<String ID="P89_ST00133" HPOS="959" VPOS="776" WIDTH="3" HEIGHT="17" CONTENT=";" WC="1.00" CC="0"/>
					</TextLine>
					<TextLine ID="P89_TL00015" HPOS="114" VPOS="812" WIDTH="850" HEIGHT="36">
						<String ID="P89_ST00134" HPOS="114" VPOS="812" WIDTH="54" HEIGHT="22" CONTENT="that" WC="0.80" CC="1600"/>
						<SP ID="P89_SP00120" HPOS="168" VPOS="834" WIDTH="13"/>
						<String ID="P89_ST00135" HPOS="181" VPOS="812" WIDTH="42" HEIGHT="23" CONTENT="the" WC="0.78" CC="060"/>
						<SP ID="P89_SP00121" HPOS="223" VPOS="835" WIDTH="12"/>
						<String ID="P89_ST00136" HPOS="235" VPOS="813" WIDTH="130" HEIGHT="30" CONTENT="humming" WC="0.70" CC="1407330"/>
						<SP ID="P89_SP00122" HPOS="365" VPOS="843" WIDTH="14"/>
						<String ID="P89_ST00137" HPOS="379" VPOS="813" WIDTH="27" HEIGHT="23" CONTENT="of" WC="0.86" CC="02"/>
						<SP ID="P89_SP00123" HPOS="406" VPOS="843" WIDTH="11"/>
						<String ID="P89_ST00138" HPOS="417" VPOS="814" WIDTH="70" HEIGHT="27" CONTENT="Bees," WC="0.75" CC="05070"/>
						<SP ID="P89_SP00124" HPOS="487" VPOS="843" WIDTH="13"/>
						<String ID="P89_ST00139" HPOS="500" VPOS="815" WIDTH="38" HEIGHT="22" CONTENT="for" WC="0.60" CC="065"/>
						<SP ID="P89_SP00125" HPOS="538" VPOS="843" WIDTH="20"/>
						<String ID="P89_ST00140" HPOS="558" VPOS="815" WIDTH="117" HEIGHT="27" CONTENT="instance," WC="0.67" CC="585006201"/>
						<SP ID="P89_SP00126" HPOS="675" VPOS="843" WIDTH="14"/>
						<String ID="P89_ST00141" HPOS="689" VPOS="816" WIDTH="20" HEIGHT="23" CONTENT="is" WC="0.72" CC="05"/>
						<SP ID="P89_SP00127" HPOS="709" VPOS="843" WIDTH="13"/>
						<String ID="P89_ST00142" HPOS="722" VPOS="816" WIDTH="143" HEIGHT="24" CONTENT="occasioned" WC="0.82" CC="0000346300"/>
						<SP ID="P89_SP00128" HPOS="865" VPOS="843" WIDTH="13"/>
						<String ID="P89_ST00143" HPOS="878" VPOS="817" WIDTH="32" HEIGHT="31" CONTENT="by" WC="0.64" CC="70"/>
						<SP ID="P89_SP00129" HPOS="910" VPOS="848" WIDTH="13"/>
						<String ID="P89_ST00144" HPOS="923" VPOS="818" WIDTH="41" HEIGHT="23" CONTENT="the" WC="0.93" CC="002"/>
					</TextLine>
					<TextLine ID="P89_TL00016" HPOS="114" VPOS="862" WIDTH="850" HEIGHT="32">
						<String ID="P89_ST00145" HPOS="114" VPOS="862" WIDTH="97" HEIGHT="23" CONTENT="friction" WC="0.73" CC="03500254"/>
						<SP ID="P89_SP00130" HPOS="211" VPOS="885" WIDTH="12"/>
						<String ID="P89_ST00146" HPOS="223" VPOS="863" WIDTH="27" HEIGHT="22" CONTENT="of" WC="0.63" CC="07"/>
						<SP ID="P89_SP00131" HPOS="250" VPOS="885" WIDTH="10"/>
						<String ID="P89_ST00147" HPOS="260" VPOS="863" WIDTH="42" HEIGHT="23" CONTENT="the" WC="0.66" CC="450"/>
						<SP ID="P89_SP00132" HPOS="302" VPOS="886" WIDTH="12"/>
						<String ID="P89_ST00148" HPOS="314" VPOS="863" WIDTH="70" HEIGHT="23" CONTENT="bases" WC="0.57" CC="09506"/>
						<SP ID="P89_SP00133" HPOS="384" VPOS="886" WIDTH="13"/>
						<String ID="P89_ST00149" HPOS="397" VPOS="863" WIDTH="26" HEIGHT="23" CONTENT="of" WC="0.56" CC="44"/>
						<SP ID="P89_SP00134" HPOS="423" VPOS="886" WIDTH="10"/>
						<String ID="P89_ST00150" HPOS="433" VPOS="863" WIDTH="63" HEIGHT="23" CONTENT="their" WC="0.78" CC="07003"/>
						<SP ID="P89_SP00135" HPOS="496" VPOS="886" WIDTH="13"/>
						<String ID="P89_ST00151" HPOS="509" VPOS="863" WIDTH="77" HEIGHT="31" CONTENT="wings" WC="0.60" CC="00496"/>
						<SP ID="P89_SP00136" HPOS="586" VPOS="894" WIDTH="14"/>
						<String ID="P89_ST00152" HPOS="600" VPOS="864" WIDTH="94" HEIGHT="29" CONTENT="against" WC="0.65" CC="9000454"/>
						<SP ID="P89_SP00137" HPOS="694" VPOS="894" WIDTH="13"/>
						<String ID="P89_ST00153" HPOS="707" VPOS="864" WIDTH="62" HEIGHT="23" CONTENT="their" WC="0.77" CC="06005"/>
						<SP ID="P89_SP00138" HPOS="769" VPOS="894" WIDTH="16"/>
						<String ID="P89_ST00154" HPOS="785" VPOS="864" WIDTH="93" HEIGHT="23" CONTENT="throats" WC="0.78" CC="0730012"/>
						<SP ID="P89_SP00139" HPOS="878" VPOS="894" WIDTH="11"/>
						<String ID="P89_ST00155" HPOS="889" VPOS="874" WIDTH="5" HEIGHT="17" CONTENT=";" WC="1.00" CC="0"/>
						<SP ID="P89_SP00140" HPOS="894" VPOS="894" WIDTH="23"/>
						<String ID="P89_ST00156" HPOS="917" VPOS="865" WIDTH="47" HEIGHT="22" CONTENT="and" WC="0.57" CC="066"/>
					</TextLine>
					<TextLine ID="P89_TL00017" HPOS="115" VPOS="910" WIDTH="849" HEIGHT="32">
						<String ID="P89_ST00157" HPOS="115" VPOS="913" WIDTH="53" HEIGHT="23" CONTENT="that" WC="0.78" CC="0710"/>
						<SP ID="P89_SP00141" HPOS="168" VPOS="936" WIDTH="13"/>
						<String ID="P89_ST00158" HPOS="181" VPOS="913" WIDTH="41" HEIGHT="23" CONTENT="the" WC="0.91" CC="002"/>
						<SP ID="P89_SP00142" HPOS="222" VPOS="936" WIDTH="10"/>
						<String ID="P89_ST00159" HPOS="232" VPOS="912" WIDTH="192" HEIGHT="30" CONTENT="Grasshopper's" WC="0.80" CC="0127610000032"/>
						<SP ID="P89_SP00143" HPOS="424" VPOS="942" WIDTH="14"/>
						<String ID="P89_ST00160" HPOS="438" VPOS="911" WIDTH="76" HEIGHT="23" CONTENT="music" WC="0.73" CC="70600"/>
						<SP ID="P89_SP00144" HPOS="514" VPOS="942" WIDTH="14"/>
						<String ID="P89_ST00161" HPOS="528" VPOS="911" WIDTH="19" HEIGHT="22" CONTENT="is" WC="0.59" CC="34"/>
						<SP ID="P89_SP00145" HPOS="547" VPOS="942" WIDTH="14"/>
						<String ID="P89_ST00162" HPOS="561" VPOS="910" WIDTH="123" HEIGHT="32" CONTENT="produced" WC="0.71" CC="95006010"/>
						<SP ID="P89_SP00146" HPOS="684" VPOS="942" WIDTH="11"/>
						<String ID="P89_ST00163" HPOS="695" VPOS="910" WIDTH="32" HEIGHT="31" CONTENT="by" WC="1.00" CC="00"/>
						<SP ID="P89_SP00147" HPOS="727" VPOS="942" WIDTH="11"/>
						<String ID="P89_ST00164" HPOS="738" VPOS="918" WIDTH="84" HEIGHT="15" CONTENT="means" WC="0.68" CC="00536"/>
						<SP ID="P89_SP00148" HPOS="822" VPOS="942" WIDTH="14"/>
						<String ID="P89_ST00165" HPOS="836" VPOS="910" WIDTH="26" HEIGHT="23" CONTENT="of" WC="0.64" CC="33"/>
						<SP ID="P89_SP00149" HPOS="862" VPOS="942" WIDTH="8"/>
						<String ID="P89_ST00166" HPOS="870" VPOS="919" WIDTH="13" HEIGHT="14" CONTENT="a" WC="1.00" CC="0"/>
						<SP ID="P89_SP00150" HPOS="883" VPOS="942" WIDTH="11"/>
						<String ID="P89_ST00167" HPOS="894" VPOS="910" WIDTH="70" HEIGHT="22" CONTENT="drum" WC="0.68" CC="0029"/>
					</TextLine>
					<TextLine ID="P89_TL00018" HPOS="116" VPOS="959" WIDTH="848" HEIGHT="33">
						<String ID="P89_ST00168" HPOS="116" VPOS="962" WIDTH="25" HEIGHT="23" CONTENT="of" WC="0.83" CC="30"/>
						<SP ID="P89_SP00151" HPOS="141" VPOS="985" WIDTH="9"/>
						<String ID="P89_ST00169" HPOS="150" VPOS="962" WIDTH="185" HEIGHT="30" CONTENT="extraordinary" WC="0.58" CC="0605745055760"/>
						<SP ID="P89_SP00152" HPOS="335" VPOS="992" WIDTH="8"/>
						<String ID="P89_ST00170" HPOS="343" VPOS="961" WIDTH="149" HEIGHT="24" CONTENT="mechanical" WC="0.72" CC="0007236070"/>
						<SP ID="P89_SP00153" HPOS="492" VPOS="992" WIDTH="17"/>
						<String ID="P89_ST00171" HPOS="509" VPOS="960" WIDTH="163" HEIGHT="26" CONTENT="contrivance," WC="0.83" CC="005022107001"/>
						<SP ID="P89_SP00154" HPOS="672" VPOS="992" WIDTH="16"/>
						<String ID="P89_ST00172" HPOS="688" VPOS="959" WIDTH="47" HEIGHT="23" CONTENT="and" WC="0.79" CC="060"/>
						<SP ID="P89_SP00155" HPOS="735" VPOS="992" WIDTH="11"/>
						<String ID="P89_ST00173" HPOS="746" VPOS="959" WIDTH="79" HEIGHT="23" CONTENT="which" WC="0.78" CC="06400"/>
						<SP ID="P89_SP00156" HPOS="825" VPOS="992" WIDTH="22"/>
						<String ID="P89_ST00174" HPOS="847" VPOS="959" WIDTH="43" HEIGHT="23" CONTENT="has" WC="0.66" CC="306"/>
						<SP ID="P89_SP00157" HPOS="890" VPOS="992" WIDTH="13"/>
						<String ID="P89_ST00175" HPOS="903" VPOS="959" WIDTH="61" HEIGHT="23" CONTENT="been" WC="0.83" CC="0006"/>
					</TextLine>
					<TextLine ID="P89_TL00019" HPOS="116" VPOS="1010" WIDTH="848" HEIGHT="32">
						<String ID="P89_ST00176" HPOS="116" VPOS="1010" WIDTH="63" HEIGHT="26" CONTENT="beat," WC="0.84" CC="40030"/>
						<SP ID="P89_SP00158" HPOS="179" VPOS="1036" WIDTH="14"/>
						<String ID="P89_ST00177" HPOS="193" VPOS="1010" WIDTH="62" HEIGHT="23" CONTENT="after" WC="0.91" CC="12000"/>
						<SP ID="P89_SP00159" HPOS="255" VPOS="1036" WIDTH="13"/>
						<String ID="P89_ST00178" HPOS="268" VPOS="1010" WIDTH="138" HEIGHT="27" CONTENT="dissection," WC="0.75" CC="00571001342"/>
						<SP ID="P89_SP00160" HPOS="406" VPOS="1037" WIDTH="14"/>
						<String ID="P89_ST00179" HPOS="420" VPOS="1011" WIDTH="31" HEIGHT="30" CONTENT="by" WC="0.80" CC="40"/>
						<SP ID="P89_SP00161" HPOS="451" VPOS="1041" WIDTH="13"/>
						<String ID="P89_ST00180" HPOS="464" VPOS="1011" WIDTH="42" HEIGHT="23" CONTENT="the" WC="0.83" CC="050"/>
						<SP ID="P89_SP00162" HPOS="506" VPOS="1041" WIDTH="13"/>
						<String ID="P89_ST00181" HPOS="519" VPOS="1011" WIDTH="132" HEIGHT="23" CONTENT="accidental" WC="0.74" CC="0040905005"/>
						<SP ID="P89_SP00163" HPOS="651" VPOS="1041" WIDTH="21"/>
						<String ID="P89_ST00182" HPOS="672" VPOS="1011" WIDTH="104" HEIGHT="31" CONTENT="striking" WC="0.83" CC="60050100"/>
						<SP ID="P89_SP00164" HPOS="776" VPOS="1042" WIDTH="13"/>
						<String ID="P89_ST00183" HPOS="789" VPOS="1012" WIDTH="26" HEIGHT="22" CONTENT="of" WC="0.65" CC="42"/>
						<SP ID="P89_SP00165" HPOS="815" VPOS="1042" WIDTH="11"/>
						<String ID="P89_ST00184" HPOS="826" VPOS="1012" WIDTH="40" HEIGHT="23" CONTENT="the" WC="0.89" CC="030"/>
						<SP ID="P89_SP00166" HPOS="866" VPOS="1042" WIDTH="11"/>
						<String ID="P89_ST00185" HPOS="877" VPOS="1020" WIDTH="87" HEIGHT="22" CONTENT="proper" WC="0.92" CC="004000"/>
					</TextLine>
					<TextLine ID="P89_TL00020" HPOS="116" VPOS="1059" WIDTH="848" HEIGHT="31">
						<String ID="P89_ST00186" HPOS="116" VPOS="1060" WIDTH="111" HEIGHT="26" CONTENT="muscles," WC="0.62" CC="36601064"/>
						<SP ID="P89_SP00167" HPOS="227" VPOS="1086" WIDTH="28"/>
						<String ID="P89_ST00187" HPOS="255" VPOS="1068" WIDTH="27" HEIGHT="14" CONTENT="or" WC="1.00" CC="00"/>
						<SP ID="P89_SP00168" HPOS="282" VPOS="1086" WIDTH="30"/>
						<String ID="P89_ST00188" HPOS="312" VPOS="1060" WIDTH="168" HEIGHT="23" CONTENT="drum-sticks." WC="0.78" CC="005305014050"/>
						<SP ID="P89_SP00169" HPOS="480" VPOS="1086" WIDTH="49"/>
						<String ID="P89_ST00189" HPOS="529" VPOS="1059" WIDTH="55" HEIGHT="23" CONTENT="One" WC="0.71" CC="080"/>
						<SP ID="P89_SP00170" HPOS="584" VPOS="1086" WIDTH="24"/>
						<String ID="P89_ST00190" HPOS="608" VPOS="1060" WIDTH="99" HEIGHT="30" CONTENT="species," WC="0.74" CC="50007070"/>
						<SP ID="P89_SP00171" HPOS="707" VPOS="1090" WIDTH="16"/>
						<String ID="P89_ST00191" HPOS="723" VPOS="1060" WIDTH="95" HEIGHT="26" CONTENT="indeed," WC="0.90" CC="0700000"/>
						<SP ID="P89_SP00172" HPOS="818" VPOS="1090" WIDTH="19"/>
						<String ID="P89_ST00192" HPOS="837" VPOS="1060" WIDTH="28" HEIGHT="23" CONTENT="of" WC="0.81" CC="30"/>
						<SP ID="P89_SP00173" HPOS="865" VPOS="1090" WIDTH="11"/>
						<String ID="P89_ST00193" HPOS="876" VPOS="1060" WIDTH="88" HEIGHT="23" CONTENT="Cicada" WC="0.77" CC="020009"/>
					</TextLine>
					<TextLine ID="P89_TL00021" HPOS="116" VPOS="1108" WIDTH="848" HEIGHT="32">
						<String ID="P89_ST00194" HPOS="116" VPOS="1108" WIDTH="82" HEIGHT="23" CONTENT="makes" WC="0.85" CC="00006"/>
						<SP ID="P89_SP00174" HPOS="198" VPOS="1131" WIDTH="13"/>
						<String ID="P89_ST00195" HPOS="211" VPOS="1108" WIDTH="30" HEIGHT="23" CONTENT="its" WC="0.78" CC="006"/>
						<SP ID="P89_SP00175" HPOS="241" VPOS="1131" WIDTH="14"/>
						<String ID="P89_ST00196" HPOS="255" VPOS="1108" WIDTH="96" HEIGHT="32" CONTENT="chirrup" WC="0.74" CC="0620404"/>
						<SP ID="P89_SP00176" HPOS="351" VPOS="1140" WIDTH="14"/>
						<String ID="P89_ST00197" HPOS="365" VPOS="1109" WIDTH="30" HEIGHT="31" CONTENT="by" WC="1.00" CC="00"/>
						<SP ID="P89_SP00177" HPOS="395" VPOS="1140" WIDTH="14"/>
						<String ID="P89_ST00198" HPOS="409" VPOS="1116" WIDTH="83" HEIGHT="15" CONTENT="means" WC="0.83" CC="00026"/>
						<SP ID="P89_SP00178" HPOS="492" VPOS="1140" WIDTH="14"/>
						<String ID="P89_ST00199" HPOS="506" VPOS="1108" WIDTH="26" HEIGHT="23" CONTENT="of" WC="1.00" CC="00"/>
						<SP ID="P89_SP00179" HPOS="532" VPOS="1140" WIDTH="17"/>
						<String ID="P89_ST00200" HPOS="549" VPOS="1108" WIDTH="106" HEIGHT="31" CONTENT="running" WC="0.51" CC="6756260"/>
						<SP ID="P89_SP00180" HPOS="655" VPOS="1140" WIDTH="13"/>
						<String ID="P89_ST00201" HPOS="668" VPOS="1108" WIDTH="31" HEIGHT="23" CONTENT="its" WC="0.81" CC="040"/>
						<SP ID="P89_SP00181" HPOS="699" VPOS="1140" WIDTH="13"/>
						<String ID="P89_ST00202" HPOS="712" VPOS="1108" WIDTH="48" HEIGHT="24" CONTENT="feet" WC="0.98" CC="0000"/>
						<SP ID="P89_SP00182" HPOS="760" VPOS="1140" WIDTH="21"/>
						<String ID="P89_ST00203" HPOS="781" VPOS="1118" WIDTH="31" HEIGHT="22" CONTENT="up" WC="1.00" CC="00"/>
						<SP ID="P89_SP00183" HPOS="812" VPOS="1140" WIDTH="23"/>
						<String ID="P89_ST00204" HPOS="835" VPOS="1110" WIDTH="46" HEIGHT="22" CONTENT="and" WC="0.86" CC="040"/>
						<SP ID="P89_SP00184" HPOS="881" VPOS="1140" WIDTH="14"/>
						<String ID="P89_ST00205" HPOS="895" VPOS="1110" WIDTH="69" HEIGHT="22" CONTENT="down" WC="0.72" CC="0506"/>
					</TextLine>
					<TextLine ID="P89_TL00022" HPOS="117" VPOS="1157" WIDTH="847" HEIGHT="33">
						<String ID="P89_ST00206" HPOS="117" VPOS="1157" WIDTH="90" HEIGHT="22" CONTENT="certain" WC="0.68" CC="0035650"/>
						<SP ID="P89_SP00185" HPOS="207" VPOS="1179" WIDTH="23"/>
						<String ID="P89_ST00207" HPOS="230" VPOS="1157" WIDTH="83" HEIGHT="31" CONTENT="ridges" WC="0.65" CC="700903"/>
						<SP ID="P89_SP00186" HPOS="313" VPOS="1188" WIDTH="13"/>
						<String ID="P89_ST00208" HPOS="326" VPOS="1157" WIDTH="28" HEIGHT="23" CONTENT="of" WC="0.93" CC="10"/>
						<SP ID="P89_SP00187" HPOS="354" VPOS="1188" WIDTH="17"/>
						<String ID="P89_ST00209" HPOS="371" VPOS="1157" WIDTH="64" HEIGHT="31" CONTENT="tight" WC="0.35" CC="42978"/>
						<SP ID="P89_SP00188" HPOS="435" VPOS="1188" WIDTH="14"/>
						<String ID="P89_ST00210" HPOS="449" VPOS="1157" WIDTH="128" HEIGHT="23" CONTENT="substance" WC="0.67" CC="516740022"/>
						<SP ID="P89_SP00189" HPOS="577" VPOS="1188" WIDTH="13"/>
						<String ID="P89_ST00211" HPOS="590" VPOS="1157" WIDTH="68" HEIGHT="31" CONTENT="lying" WC="0.61" CC="60660"/>
						<SP ID="P89_SP00190" HPOS="658" VPOS="1188" WIDTH="11"/>
						<String ID="P89_ST00212" HPOS="669" VPOS="1158" WIDTH="162" HEIGHT="32" CONTENT="transversely" WC="0.75" CC="000767004120"/>
						<SP ID="P89_SP00191" HPOS="831" VPOS="1190" WIDTH="8"/>
						<String ID="P89_ST00213" HPOS="839" VPOS="1167" WIDTH="81" HEIGHT="15" CONTENT="across" WC="0.65" CC="206066"/>
						<SP ID="P89_SP00192" HPOS="920" VPOS="1190" WIDTH="12"/>
						<String ID="P89_ST00214" HPOS="932" VPOS="1159" WIDTH="32" HEIGHT="23" CONTENT="its" WC="0.67" CC="306"/>
					</TextLine>
					<TextLine ID="P89_TL00023" HPOS="115" VPOS="1206" WIDTH="848" HEIGHT="32">
						<String ID="P89_ST00215" HPOS="115" VPOS="1207" WIDTH="71" HEIGHT="31" CONTENT="body," WC="0.76" CC="70004"/>
						<SP ID="P89_SP00193" HPOS="186" VPOS="1238" WIDTH="13"/>
						<String ID="P89_ST00216" HPOS="199" VPOS="1207" WIDTH="41" HEIGHT="23" CONTENT="the" WC="0.78" CC="060"/>
						<SP ID="P89_SP00194" HPOS="240" VPOS="1238" WIDTH="13"/>
						<String ID="P89_ST00217" HPOS="253" VPOS="1208" WIDTH="125" HEIGHT="30" CONTENT="operation" WC="0.87" CC="000032400"/>
						<SP ID="P89_SP00195" HPOS="378" VPOS="1238" WIDTH="12"/>
						<String ID="P89_ST00218" HPOS="390" VPOS="1207" WIDTH="74" HEIGHT="31" CONTENT="being" WC="0.55" CC="32069"/>
						<SP ID="P89_SP00196" HPOS="464" VPOS="1238" WIDTH="12"/>
						<String ID="P89_ST00219" HPOS="476" VPOS="1215" WIDTH="58" HEIGHT="22" CONTENT="very" WC="0.86" CC="5000"/>
						<SP ID="P89_SP00197" HPOS="534" VPOS="1238" WIDTH="13"/>
						<String ID="P89_ST00220" HPOS="547" VPOS="1206" WIDTH="91" HEIGHT="23" CONTENT="similar" WC="0.55" CC="5406590"/>
						<SP ID="P89_SP00198" HPOS="638" VPOS="1238" WIDTH="12"/>
						<String ID="P89_ST00221" HPOS="650" VPOS="1209" WIDTH="26" HEIGHT="20" CONTENT="to" WC="0.50" CC="09"/>
						<SP ID="P89_SP00199" HPOS="676" VPOS="1238" WIDTH="21"/>
						<String ID="P89_ST00222" HPOS="697" VPOS="1206" WIDTH="41" HEIGHT="23" CONTENT="the" WC="0.78" CC="060"/>
						<SP ID="P89_SP00200" HPOS="738" VPOS="1238" WIDTH="11"/>
						<String ID="P89_ST00223" HPOS="749" VPOS="1206" WIDTH="93" HEIGHT="23" CONTENT="motion" WC="0.70" CC="040067"/>
						<SP ID="P89_SP00201" HPOS="842" VPOS="1238" WIDTH="13"/>
						<String ID="P89_ST00224" HPOS="855" VPOS="1207" WIDTH="26" HEIGHT="22" CONTENT="of" WC="0.62" CC="42"/>
						<SP ID="P89_SP00202" HPOS="881" VPOS="1238" WIDTH="11"/>
						<String ID="P89_ST00225" HPOS="892" VPOS="1215" WIDTH="13" HEIGHT="14" CONTENT="a" WC="1.00" CC="0"/>
						<SP ID="P89_SP00203" HPOS="905" VPOS="1238" WIDTH="14"/>
						<String ID="P89_ST00226" HPOS="919" VPOS="1207" WIDTH="44" HEIGHT="23" CONTENT="fid" SUBS_TYPE="HypPart1" SUBS_CONTENT="fiddle-stick" WC="1.00" CC="0000"/>
						<HYP CONTENT="-"/>
					</TextLine>
					<TextLine ID="P89_TL00024" HPOS="117" VPOS="1257" WIDTH="430" HEIGHT="28">
						<String ID="P89_ST00227" HPOS="117" VPOS="1257" WIDTH="113" HEIGHT="24" CONTENT="dle-stick" SUBS_TYPE="HypPart2" SUBS_CONTENT="fiddle-stick" WC="0.80" CC="050026300"/>
						<SP ID="P89_SP00204" HPOS="230" VPOS="1281" WIDTH="12"/>
						<String ID="P89_ST00228" HPOS="242" VPOS="1266" WIDTH="82" HEIGHT="15" CONTENT="across" WC="0.76" CC="002065"/>
						<SP ID="P89_SP00205" HPOS="324" VPOS="1281" WIDTH="9"/>
						<String ID="P89_ST00229" HPOS="333" VPOS="1257" WIDTH="179" HEIGHT="28" CONTENT="fiddle-strings" WC="0.69" CC="22005206624206"/>
						<String ID="P89_ST00230" HPOS="515" VPOS="1268" WIDTH="32" HEIGHT="3" CONTENT="—" WC="0.20" CC="8"/>
					</TextLine>
				</TextBlock>
				<TextBlock ID="P89_TB00005" HPOS="116" VPOS="1303" WIDTH="849" HEIGHT="125" STYLEREFS="TXT_0 PAR_LEFT">
					<TextLine ID="P89_TL00025" HPOS="152" VPOS="1303" WIDTH="813" HEIGHT="32">
						<String ID="P89_ST00231" HPOS="152" VPOS="1304" WIDTH="76" HEIGHT="23" CONTENT="Keats" WC="0.89" CC="00005"/>
						<SP ID="P89_SP00206" HPOS="228" VPOS="1327" WIDTH="13"/>
						<String ID="P89_ST00232" HPOS="241" VPOS="1305" WIDTH="105" HEIGHT="23" CONTENT="adduces" WC="0.70" CC="0706005"/>
						<SP ID="P89_SP00207" HPOS="346" VPOS="1328" WIDTH="13"/>
						<String ID="P89_ST00233" HPOS="359" VPOS="1305" WIDTH="42" HEIGHT="23" CONTENT="the" WC="0.78" CC="060"/>
						<SP ID="P89_SP00208" HPOS="401" VPOS="1328" WIDTH="14"/>
						<String ID="P89_ST00234" HPOS="415" VPOS="1304" WIDTH="91" HEIGHT="24" CONTENT="Cricket" WC="0.88" CC="4012000"/>
						<SP ID="P89_SP00209" HPOS="506" VPOS="1328" WIDTH="13"/>
						<String ID="P89_ST00235" HPOS="519" VPOS="1312" WIDTH="25" HEIGHT="14" CONTENT="as" WC="0.69" CC="06"/>
						<SP ID="P89_SP00210" HPOS="544" VPOS="1328" WIDTH="13"/>
						<String ID="P89_ST00236" HPOS="557" VPOS="1312" WIDTH="30" HEIGHT="14" CONTENT="an" WC="0.74" CC="05"/>
						<SP ID="P89_SP00211" HPOS="587" VPOS="1328" WIDTH="13"/>
						<String ID="P89_ST00237" HPOS="600" VPOS="1303" WIDTH="110" HEIGHT="23" CONTENT="instance" WC="0.72" CC="67600100"/>
						<SP ID="P89_SP00212" HPOS="710" VPOS="1328" WIDTH="21"/>
						<String ID="P89_ST00238" HPOS="731" VPOS="1303" WIDTH="53" HEIGHT="23" CONTENT="that" WC="0.48" CC="4680"/>
						<SP ID="P89_SP00213" HPOS="784" VPOS="1328" WIDTH="13"/>
						<String ID="P89_ST00239" HPOS="797" VPOS="1306" WIDTH="14" HEIGHT="10" CONTENT='"' WC="0.72" CC="2"/>
						<SP ID="P89_SP00214" HPOS="811" VPOS="1328" WIDTH="15"/>
						<String ID="P89_ST00240" HPOS="826" VPOS="1303" WIDTH="40" HEIGHT="24" CONTENT="the" WC="0.76" CC="070"/>
						<SP ID="P89_SP00215" HPOS="866" VPOS="1328" WIDTH="13"/>
						<String ID="P89_ST00241" HPOS="879" VPOS="1307" WIDTH="86" HEIGHT="28" CONTENT="poetry" WC="0.70" CC="054700"/>
					</TextLine>
					<TextLine ID="P89_TL00026" HPOS="118" VPOS="1351" WIDTH="847" HEIGHT="34">
						<String ID="P89_ST00242" HPOS="118" VPOS="1351" WIDTH="25" HEIGHT="23" CONTENT="of" WC="0.58" CC="25"/>
						<SP ID="P89_SP00216" HPOS="143" VPOS="1374" WIDTH="19"/>
						<String ID="P89_ST00243" HPOS="162" VPOS="1351" WIDTH="84" HEIGHT="23" CONTENT='earth"' WC="0.70" CC="009060"/>
						<SP ID="P89_SP00217" HPOS="246" VPOS="1374" WIDTH="21"/>
						<String ID="P89_ST00244" HPOS="267" VPOS="1361" WIDTH="73" HEIGHT="14" CONTENT="never" WC="0.76" CC="70400"/>
						<SP ID="P89_SP00218" HPOS="340" VPOS="1375" WIDTH="21"/>
						<String ID="P89_ST00245" HPOS="361" VPOS="1360" WIDTH="90" HEIGHT="19" CONTENT="ceases," WC="0.85" CC="0002052"/>
						<SP ID="P89_SP00219" HPOS="451" VPOS="1379" WIDTH="19"/>
						<String ID="P89_ST00246" HPOS="470" VPOS="1352" WIDTH="47" HEIGHT="23" CONTENT="and" WC="0.81" CC="050"/>
						<SP ID="P89_SP00220" HPOS="517" VPOS="1379" WIDTH="10"/>
						<String ID="P89_ST00247" HPOS="527" VPOS="1352" WIDTH="89" HEIGHT="23" CONTENT="Milton" WC="0.64" CC="014355"/>
						<SP ID="P89_SP00221" HPOS="616" VPOS="1379" WIDTH="19"/>
						<String ID="P89_ST00248" HPOS="635" VPOS="1352" WIDTH="43" HEIGHT="23" CONTENT="has" WC="0.65" CC="046"/>
						<SP ID="P89_SP00222" HPOS="678" VPOS="1379" WIDTH="19"/>
						<String ID="P89_ST00249" HPOS="697" VPOS="1353" WIDTH="97" HEIGHT="30" CONTENT="painted" WC="0.65" CC="0927300"/>
						<SP ID="P89_SP00223" HPOS="794" VPOS="1383" WIDTH="21"/>
						<String ID="P89_ST00250" HPOS="815" VPOS="1354" WIDTH="42" HEIGHT="23" CONTENT="the" WC="0.97" CC="000"/>
						<SP ID="P89_SP00224" HPOS="857" VPOS="1383" WIDTH="21"/>
						<String ID="P89_ST00251" HPOS="878" VPOS="1362" WIDTH="87" HEIGHT="23" CONTENT="proper" WC="0.91" CC="000022"/>
					</TextLine>
					<TextLine ID="P89_TL00027" HPOS="117" VPOS="1400" WIDTH="560" HEIGHT="28">
						<String ID="P89_ST00252" HPOS="117" VPOS="1400" WIDTH="219" HEIGHT="28" CONTENT="accompaniments" WC="0.67" CC="00790904300505"/>
						<SP ID="P89_SP00225" HPOS="336" VPOS="1428" WIDTH="13"/>
						<String ID="P89_ST00253" HPOS="349" VPOS="1400" WIDTH="37" HEIGHT="23" CONTENT="for" WC="0.82" CC="500"/>
						<SP ID="P89_SP00226" HPOS="386" VPOS="1428" WIDTH="13"/>
						<String ID="P89_ST00254" HPOS="399" VPOS="1400" WIDTH="47" HEIGHT="23" CONTENT="this" WC="0.63" CC="0526"/>
						<SP ID="P89_SP00227" HPOS="446" VPOS="1428" WIDTH="14"/>
						<String ID="P89_ST00255" HPOS="460" VPOS="1400" WIDTH="98" HEIGHT="24" CONTENT="insect's" WC="0.65" CC="06540406"/>
						<SP ID="P89_SP00228" HPOS="558" VPOS="1428" WIDTH="11"/>
						<String ID="P89_ST00256" HPOS="569" VPOS="1402" WIDTH="75" HEIGHT="23" CONTENT="music" WC="0.46" CC="76750"/>
						<String ID="P89_ST00257" HPOS="645" VPOS="1416" WIDTH="32" HEIGHT="2" CONTENT="—" WC="0.20" CC="8"/>
					</TextLine>
				</TextBlock>
				<TextBlock ID="P89_TB00006" HPOS="237" VPOS="1455" WIDTH="508" HEIGHT="30" STYLEREFS="TXT_0 PAR_LEFT">
					<TextLine ID="P89_TL00028" HPOS="238" VPOS="1455" WIDTH="507" HEIGHT="30">
						<String ID="P89_ST00258" HPOS="238" VPOS="1455" WIDTH="85" HEIGHT="23" CONTENT="Where" WC="0.91" CC="00022"/>
						<SP ID="P89_SP00229" HPOS="323" VPOS="1478" WIDTH="12"/>
						<String ID="P89_ST00259" HPOS="335" VPOS="1456" WIDTH="95" HEIGHT="29" CONTENT="glowing" WC="0.46" CC="9038770"/>
						<SP ID="P89_SP00230" HPOS="430" VPOS="1485" WIDTH="12"/>
						<String ID="P89_ST00260" HPOS="442" VPOS="1458" WIDTH="87" HEIGHT="20" CONTENT="embers" WC="0.64" CC="080146"/>
						<SP ID="P89_SP00231" HPOS="529" VPOS="1485" WIDTH="12"/>
						<String ID="P89_ST00261" HPOS="541" VPOS="1457" WIDTH="73" HEIGHT="22" CONTENT="round" WC="0.65" CC="41236"/>
						<SP ID="P89_SP00232" HPOS="614" VPOS="1485" WIDTH="13"/>
						<String ID="P89_ST00262" HPOS="627" VPOS="1457" WIDTH="38" HEIGHT="22" CONTENT="the" WC="0.95" CC="100"/>
						<SP ID="P89_SP00233" HPOS="665" VPOS="1485" WIDTH="12"/>
						<String ID="P89_ST00263" HPOS="677" VPOS="1466" WIDTH="68" HEIGHT="19" CONTENT="room," WC="0.85" CC="00420"/>
					</TextLine>
				</TextBlock>
				<TextBlock ID="P89_TB00007" HPOS="154" VPOS="1491" WIDTH="536" HEIGHT="87" STYLEREFS="TXT_0 PAR_LEFT">
					<TextLine ID="P89_TL00029" HPOS="241" VPOS="1492" WIDTH="449" HEIGHT="31">
						<String ID="P89_ST00264" HPOS="241" VPOS="1492" WIDTH="78" HEIGHT="23" CONTENT="Teach" WC="0.64" CC="02077"/>
						<SP ID="P89_SP00234" HPOS="319" VPOS="1515" WIDTH="12"/>
						<String ID="P89_ST00265" HPOS="331" VPOS="1494" WIDTH="58" HEIGHT="28" CONTENT="light" WC="0.73" CC="23060"/>
						<SP ID="P89_SP00235" HPOS="389" VPOS="1522" WIDTH="12"/>
						<String ID="P89_ST00266" HPOS="401" VPOS="1498" WIDTH="24" HEIGHT="17" CONTENT="to" WC="1.00" CC="00"/>
						<SP ID="P89_SP00236" HPOS="425" VPOS="1522" WIDTH="12"/>
						<String ID="P89_ST00267" HPOS="437" VPOS="1494" WIDTH="136" HEIGHT="22" CONTENT="counterfeit" WC="0.76" CC="43122700030"/>
						<SP ID="P89_SP00237" HPOS="573" VPOS="1522" WIDTH="11"/>
						<String ID="P89_ST00268" HPOS="584" VPOS="1503" WIDTH="13" HEIGHT="13" CONTENT="a" WC="1.00" CC="0"/>
						<SP ID="P89_SP00238" HPOS="597" VPOS="1522" WIDTH="12"/>
						<String ID="P89_ST00269" HPOS="609" VPOS="1495" WIDTH="81" HEIGHT="28" CONTENT="gloom." WC="0.76" CC="066010"/>
					</TextLine>
					<TextLine ID="P89_TL00030" HPOS="155" VPOS="1546" WIDTH="472" HEIGHT="32">
						<String ID="P89_ST00270" HPOS="155" VPOS="1546" WIDTH="141" HEIGHT="25" CONTENT="Goldsmith" WC="0.77" CC="004073103"/>
						<SP ID="P89_SP00239" HPOS="296" VPOS="1571" WIDTH="13"/>
						<String ID="P89_ST00271" HPOS="309" VPOS="1548" WIDTH="68" HEIGHT="30" CONTENT="gives" WC="0.56" CC="92602"/>
						<SP ID="P89_SP00240" HPOS="377" VPOS="1578" WIDTH="13"/>
						<String ID="P89_ST00272" HPOS="390" VPOS="1556" WIDTH="28" HEIGHT="15" CONTENT="us" WC="0.69" CC="05"/>
						<SP ID="P89_SP00241" HPOS="418" VPOS="1578" WIDTH="13"/>
						<String ID="P89_ST00273" HPOS="431" VPOS="1556" WIDTH="30" HEIGHT="15" CONTENT="an" WC="0.71" CC="05"/>
						<SP ID="P89_SP00242" HPOS="461" VPOS="1578" WIDTH="12"/>
						<String ID="P89_ST00274" HPOS="473" VPOS="1549" WIDTH="120" HEIGHT="22" CONTENT="imitation" WC="0.67" CC="233096300"/>
						<String ID="P89_ST00275" HPOS="595" VPOS="1562" WIDTH="32" HEIGHT="3" CONTENT="—" WC="0.20" CC="8"/>
					</TextLine>
				</TextBlock>
				<TextBlock ID="P89_TB00008" HPOS="236" VPOS="1595" WIDTH="393" HEIGHT="61" STYLEREFS="TXT_0 PAR_LEFT">
					<TextLine ID="P89_TL00031" HPOS="238" VPOS="1596" WIDTH="391" HEIGHT="29">
						<String ID="P89_ST00276" HPOS="238" VPOS="1596" WIDTH="105" HEIGHT="26" CONTENT="Around," WC="0.84" CC="0003700"/>
						<SP ID="P89_SP00243" HPOS="343" VPOS="1622" WIDTH="12"/>
						<String ID="P89_ST00277" HPOS="355" VPOS="1596" WIDTH="23" HEIGHT="21" CONTENT="in" WC="0.83" CC="03"/>
						<SP ID="P89_SP00244" HPOS="378" VPOS="1622" WIDTH="13"/>
						<String ID="P89_ST00278" HPOS="391" VPOS="1596" WIDTH="151" HEIGHT="29" CONTENT="sympathetic" WC="0.84" CC="60000360000"/>
						<SP ID="P89_SP00245" HPOS="542" VPOS="1625" WIDTH="13"/>
						<String ID="P89_ST00279" HPOS="555" VPOS="1596" WIDTH="74" HEIGHT="25" CONTENT="mirth," WC="0.73" CC="062060"/>
					</TextLine>
					<TextLine ID="P89_TL00032" HPOS="236" VPOS="1633" WIDTH="349" HEIGHT="23">
						<String ID="P89_ST00280" HPOS="236" VPOS="1633" WIDTH="49" HEIGHT="21" CONTENT="Her" WC="0.92" CC="200"/>
						<SP ID="P89_SP00246" HPOS="285" VPOS="1654" WIDTH="12"/>
						<String ID="P89_ST00281" HPOS="297" VPOS="1633" WIDTH="70" HEIGHT="22" CONTENT="tricks" WC="0.74" CC="016006"/>
						<SP ID="P89_SP00247" HPOS="367" VPOS="1655" WIDTH="12"/>
						<String ID="P89_ST00282" HPOS="379" VPOS="1633" WIDTH="39" HEIGHT="21" CONTENT="the" WC="0.89" CC="300"/>
						<SP ID="P89_SP00248" HPOS="418" VPOS="1655" WIDTH="13"/>
						<String ID="P89_ST00283" HPOS="431" VPOS="1633" WIDTH="80" HEIGHT="21" CONTENT="Kitten" WC="0.85" CC="160000"/>
						<SP ID="P89_SP00249" HPOS="511" VPOS="1655" WIDTH="12"/>
						<String ID="P89_ST00284" HPOS="523" VPOS="1633" WIDTH="62" HEIGHT="23" CONTENT="tries," WC="0.85" CC="000440"/>
					</TextLine>
				</TextBlock>
				<TextBlock ID="P89_TB00009" HPOS="237" VPOS="1668" WIDTH="502" HEIGHT="68" STYLEREFS="TXT_0 PAR_LEFT">
					<TextLine ID="P89_TL00033" HPOS="239" VPOS="1670" WIDTH="500" HEIGHT="28">
						<String ID="P89_ST00285" HPOS="239" VPOS="1671" WIDTH="51" HEIGHT="22" CONTENT="The" WC="0.81" CC="023"/>
						<SP ID="P89_SP00250" HPOS="290" VPOS="1693" WIDTH="13"/>
						<String ID="P89_ST00286" HPOS="303" VPOS="1671" WIDTH="93" HEIGHT="22" CONTENT="Cricket" WC="0.77" CC="0661001"/>
						<SP ID="P89_SP00251" HPOS="396" VPOS="1693" WIDTH="16"/>
						<String ID="P89_ST00287" HPOS="412" VPOS="1671" WIDTH="109" HEIGHT="27" CONTENT="chirrups" WC="0.64" CC="40079700"/>
						<SP ID="P89_SP00252" HPOS="521" VPOS="1698" WIDTH="11"/>
						<String ID="P89_ST00288" HPOS="532" VPOS="1671" WIDTH="57" HEIGHT="20" CONTENT="from" WC="0.55" CC="0934"/>
						<SP ID="P89_SP00253" HPOS="589" VPOS="1698" WIDTH="13"/>
						<String ID="P89_ST00289" HPOS="602" VPOS="1670" WIDTH="38" HEIGHT="21" CONTENT="the" WC="0.60" CC="461"/>
						<SP ID="P89_SP00254" HPOS="640" VPOS="1698" WIDTH="13"/>
						<String ID="P89_ST00290" HPOS="653" VPOS="1670" WIDTH="86" HEIGHT="25" CONTENT="hearth," WC="0.72" CC="5760000"/>
					</TextLine>
					<TextLine ID="P89_TL00034" HPOS="239" VPOS="1708" WIDTH="336" HEIGHT="28">
						<String ID="P89_ST00291" HPOS="239" VPOS="1709" WIDTH="50" HEIGHT="22" CONTENT="The" WC="0.77" CC="005"/>
						<SP ID="P89_SP00255" HPOS="289" VPOS="1731" WIDTH="13"/>
						<String ID="P89_ST00292" HPOS="302" VPOS="1709" WIDTH="114" HEIGHT="27" CONTENT="crackling" WC="0.66" CC="304503309"/>
						<SP ID="P89_SP00256" HPOS="416" VPOS="1736" WIDTH="16"/>
						<String ID="P89_ST00293" HPOS="432" VPOS="1709" WIDTH="76" HEIGHT="27" CONTENT="faggot" WC="0.83" CC="060030"/>
						<SP ID="P89_SP00257" HPOS="508" VPOS="1736" WIDTH="12"/>
						<String ID="P89_ST00294" HPOS="520" VPOS="1708" WIDTH="55" HEIGHT="22" CONTENT="flies." WC="0.78" CC="002360"/>
					</TextLine>
				</TextBlock>
			</PrintSpace>
		</Page>
	</Layout>
</alto>
