<?xml version="1.0" encoding="UTF-8"?>
<alto xmlns:xsi="http://www.w3.org/2001/XMLSchema-instance" xsi:noNamespaceSchemaLocation="http://www.bl.uk/schemas/alto/alto-1-4.xsd" xmlns:xlink="http://www.w3.org/1999/xlink">
	<Description>
		<MeasurementUnit>mm10</MeasurementUnit>
		<sourceImageInformation>
			<fileName>//head1/IN/2008-26/A0011759050/008074.jp2</fileName>
		</sourceImageInformation>
		<OCRProcessing ID="OCRPROCESSING_1">
			<preProcessingStep>
				<processingSoftware>
					<softwareCreator>CCS Content Conversion Specialists GmbH, Germany</softwareCreator>
					<softwareName>CCS docWORKS</softwareName>
					<softwareVersion>6.1-0.67</softwareVersion>
				</processingSoftware>
			</preProcessingStep>
			<ocrProcessingStep>
				<processingSoftware>
					<softwareCreator>ABBYY (BIT Software), Russia</softwareCreator>
					<softwareName>Finereader</softwareName>
				</processingSoftware>
			</ocrProcessingStep>
		</OCRProcessing>
	</Description>
	<Styles>
		<TextStyle ID="TXT_0" FONTSIZE="10" FONTFAMILY="Courier New"/>
		<TextStyle ID="TXT_1" FONTSIZE="9" FONTFAMILY="Courier New"/>
		<ParagraphStyle ID="PAR_LEFT" ALIGN="Left"/>
		<ParagraphStyle ID="PAR_CENTER" ALIGN="Center"/>
	</Styles>
	<Layout>
		<Page ID="P82" PHYSICAL_IMG_NR="82" HEIGHT="1962" WIDTH="1120" PRINTED_IMG_NR="72" POSITION="Left" ACCURACY="71.79">
			<TopMargin ID="P82_TM00001" HPOS="0" VPOS="0" WIDTH="1120" HEIGHT="200">
				<TextBlock ID="P82_TB00001" HPOS="142" VPOS="176" WIDTH="29" HEIGHT="22" STYLEREFS="TXT_0 PAR_LEFT">
					<TextLine ID="P82_TL00001" HPOS="142" VPOS="176" WIDTH="29" HEIGHT="22">
						<String ID="P82_ST00001" HPOS="142" VPOS="176" WIDTH="29" HEIGHT="22" CONTENT="72" WC="1.00" CC="00"/>
					</TextLine>
				</TextBlock>
				<TextBlock ID="P82_TB00002" HPOS="439" VPOS="182" WIDTH="245" HEIGHT="16" STYLEREFS="TXT_1 PAR_CENTER">
					<TextLine ID="P82_TL00002" HPOS="439" VPOS="182" WIDTH="245" HEIGHT="16">
						<String ID="P82_ST00002" HPOS="439" VPOS="183" WIDTH="121" HEIGHT="15" CONTENT="POETICAL" WC="0.76" CC="60305300"/>
						<SP ID="P82_SP00001" HPOS="560" VPOS="198" WIDTH="20"/>
						<String ID="P82_ST00003" HPOS="580" VPOS="182" WIDTH="104" HEIGHT="16" CONTENT="AVIARY." WC="0.63" CC="0740760"/>
					</TextLine>
				</TextBlock>
			</TopMargin>
			<LeftMargin ID="P82_LM00001" HPOS="0" VPOS="200" WIDTH="124" HEIGHT="1549"/>
			<RightMargin ID="P82_RM00001" HPOS="986" VPOS="200" WIDTH="134" HEIGHT="1549"/>
			<BottomMargin ID="P82_BM00001" HPOS="0" VPOS="1749" WIDTH="1120" HEIGHT="212"/>
			<PrintSpace ID="P82_PS00001" HPOS="124" VPOS="200" WIDTH="862" HEIGHT="1549">
				<TextBlock ID="P82_TB00003" HPOS="138" VPOS="255" WIDTH="848" HEIGHT="121" STYLEREFS="TXT_1 PAR_LEFT">
					<TextLine ID="P82_TL00003" HPOS="139" VPOS="255" WIDTH="847" HEIGHT="34">
						<String ID="P82_ST00004" HPOS="139" VPOS="259" WIDTH="113" HEIGHT="30" CONTENT="carefully" WC="0.77" CC="103007430"/>
						<SP ID="P82_SP00002" HPOS="252" VPOS="289" WIDTH="12"/>
						<String ID="P82_ST00005" HPOS="264" VPOS="258" WIDTH="126" HEIGHT="23" CONTENT="measured" WC="0.88" CC="50030000"/>
						<SP ID="P82_SP00003" HPOS="390" VPOS="289" WIDTH="13"/>
						<String ID="P82_ST00006" HPOS="403" VPOS="258" WIDTH="23" HEIGHT="22" CONTENT="in" WC="0.53" CC="53"/>
						<SP ID="P82_SP00004" HPOS="426" VPOS="289" WIDTH="9"/>
						<String ID="P82_ST00007" HPOS="435" VPOS="265" WIDTH="13" HEIGHT="15" CONTENT="a" WC="1.00" CC="0"/>
						<SP ID="P82_SP00005" HPOS="448" VPOS="289" WIDTH="10"/>
						<String ID="P82_ST00008" HPOS="458" VPOS="265" WIDTH="73" HEIGHT="23" CONTENT="paper" WC="0.96" CC="00010"/>
						<SP ID="P82_SP00006" HPOS="531" VPOS="289" WIDTH="10"/>
						<String ID="P82_ST00009" HPOS="541" VPOS="257" WIDTH="106" HEIGHT="30" CONTENT="forming" WC="0.55" CC="1666360"/>
						<SP ID="P82_SP00007" HPOS="647" VPOS="289" WIDTH="13"/>
						<String ID="P82_ST00010" HPOS="660" VPOS="260" WIDTH="53" HEIGHT="27" CONTENT="part" WC="1.00" CC="0000"/>
						<SP ID="P82_SP00008" HPOS="713" VPOS="289" WIDTH="11"/>
						<String ID="P82_ST00011" HPOS="724" VPOS="256" WIDTH="26" HEIGHT="23" CONTENT="of" WC="0.85" CC="20"/>
						<SP ID="P82_SP00009" HPOS="750" VPOS="289" WIDTH="10"/>
						<String ID="P82_ST00012" HPOS="760" VPOS="256" WIDTH="41" HEIGHT="23" CONTENT="the" WC="0.53" CC="670"/>
						<SP ID="P82_SP00010" HPOS="801" VPOS="289" WIDTH="16"/>
						<String ID="P82_ST00013" HPOS="817" VPOS="255" WIDTH="169" HEIGHT="23" CONTENT="Transactions" WC="0.55" CC="297351031466"/>
					</TextLine>
					<TextLine ID="P82_TL00004" HPOS="140" VPOS="305" WIDTH="846" HEIGHT="32">
						<String ID="P82_ST00014" HPOS="140" VPOS="306" WIDTH="27" HEIGHT="24" CONTENT="of" WC="1.00" CC="00"/>
						<SP ID="P82_SP00011" HPOS="167" VPOS="330" WIDTH="9"/>
						<String ID="P82_ST00015" HPOS="176" VPOS="307" WIDTH="41" HEIGHT="23" CONTENT="the" WC="0.58" CC="570"/>
						<SP ID="P82_SP00012" HPOS="217" VPOS="330" WIDTH="12"/>
						<String ID="P82_ST00016" HPOS="229" VPOS="306" WIDTH="116" HEIGHT="23" CONTENT="Linnæan" WC="0.57" CC="4063806"/>
						<SP ID="P82_SP00013" HPOS="345" VPOS="330" WIDTH="13"/>
						<String ID="P82_ST00017" HPOS="358" VPOS="305" WIDTH="105" HEIGHT="32" CONTENT="Society." WC="0.78" CC="50140500"/>
						<SP ID="P82_SP00014" HPOS="463" VPOS="337" WIDTH="37"/>
						<String ID="P82_ST00018" HPOS="500" VPOS="306" WIDTH="67" HEIGHT="31" CONTENT="They" WC="0.84" CC="0600"/>
						<SP ID="P82_SP00015" HPOS="567" VPOS="337" WIDTH="14"/>
						<String ID="P82_ST00019" HPOS="581" VPOS="313" WIDTH="39" HEIGHT="15" CONTENT="are" WC="0.63" CC="910"/>
						<SP ID="P82_SP00016" HPOS="620" VPOS="337" WIDTH="12"/>
						<String ID="P82_ST00020" HPOS="632" VPOS="305" WIDTH="57" HEIGHT="23" CONTENT="thus" WC="0.42" CC="2757"/>
						<SP ID="P82_SP00017" HPOS="689" VPOS="337" WIDTH="13"/>
						<String ID="P82_ST00021" HPOS="702" VPOS="305" WIDTH="96" HEIGHT="23" CONTENT="noticed" WC="0.57" CC="7264440"/>
						<SP ID="P82_SP00018" HPOS="798" VPOS="337" WIDTH="13"/>
						<String ID="P82_ST00022" HPOS="811" VPOS="305" WIDTH="31" HEIGHT="31" CONTENT="by" WC="0.67" CC="60"/>
						<SP ID="P82_SP00019" HPOS="842" VPOS="337" WIDTH="20"/>
						<String ID="P82_ST00023" HPOS="862" VPOS="305" WIDTH="124" HEIGHT="31" CONTENT="Hej'wood" WC="0.65" CC="50870410"/>
					</TextLine>
					<TextLine ID="P82_TL00005" HPOS="139" VPOS="353" WIDTH="138" HEIGHT="23">
						<String ID="P82_ST00024" HPOS="139" VPOS="353" WIDTH="24" HEIGHT="23" CONTENT="in" WC="0.83" CC="30"/>
						<SP ID="P82_SP00020" HPOS="163" VPOS="376" WIDTH="16"/>
						<String ID="P82_ST00025" HPOS="179" VPOS="354" WIDTH="62" HEIGHT="22" CONTENT="1587" WC="0.76" CC="0504"/>
						<String ID="P82_ST00026" HPOS="244" VPOS="367" WIDTH="33" HEIGHT="3" CONTENT="—" WC="0.20" CC="8"/>
					</TextLine>
				</TextBlock>
				<TextBlock ID="P82_TB00004" HPOS="258" VPOS="417" WIDTH="685" HEIGHT="213" STYLEREFS="TXT_1 PAR_LEFT">
					<TextLine ID="P82_TL00006" HPOS="260" VPOS="417" WIDTH="606" HEIGHT="30">
						<String ID="P82_ST00027" HPOS="260" VPOS="418" WIDTH="46" HEIGHT="22" CONTENT="Use" WC="0.83" CC="004"/>
						<SP ID="P82_SP00021" HPOS="306" VPOS="440" WIDTH="12"/>
						<String ID="P82_ST00028" HPOS="318" VPOS="418" WIDTH="91" HEIGHT="21" CONTENT="maketh" WC="0.80" CC="130006"/>
						<SP ID="P82_SP00022" HPOS="409" VPOS="440" WIDTH="13"/>
						<String ID="P82_ST00029" HPOS="422" VPOS="418" WIDTH="100" HEIGHT="29" CONTENT="maistry," WC="0.72" CC="06650300"/>
						<SP ID="P82_SP00023" HPOS="522" VPOS="447" WIDTH="11"/>
						<String ID="P82_ST00030" HPOS="533" VPOS="417" WIDTH="47" HEIGHT="22" CONTENT="this" WC="0.54" CC="0746"/>
						<SP ID="P82_SP00024" HPOS="580" VPOS="447" WIDTH="13"/>
						<String ID="P82_ST00031" HPOS="593" VPOS="417" WIDTH="54" HEIGHT="22" CONTENT="hath" WC="0.65" CC="6106"/>
						<SP ID="P82_SP00025" HPOS="647" VPOS="447" WIDTH="12"/>
						<String ID="P82_ST00032" HPOS="659" VPOS="418" WIDTH="57" HEIGHT="21" CONTENT="been" WC="0.49" CC="4563"/>
						<SP ID="P82_SP00026" HPOS="716" VPOS="447" WIDTH="13"/>
						<String ID="P82_ST00033" HPOS="729" VPOS="417" WIDTH="48" HEIGHT="22" CONTENT="said" WC="0.72" CC="5050"/>
						<SP ID="P82_SP00027" HPOS="777" VPOS="447" WIDTH="11"/>
						<String ID="P82_ST00034" HPOS="788" VPOS="417" WIDTH="78" HEIGHT="29" CONTENT="alway," WC="0.91" CC="040000"/>
					</TextLine>
					<TextLine ID="P82_TL00007" HPOS="258" VPOS="454" WIDTH="495" HEIGHT="29">
						<String ID="P82_ST00035" HPOS="258" VPOS="455" WIDTH="47" HEIGHT="22" CONTENT="But" WC="0.79" CC="600"/>
						<SP ID="P82_SP00028" HPOS="305" VPOS="477" WIDTH="11"/>
						<String ID="P82_ST00036" HPOS="316" VPOS="456" WIDTH="29" HEIGHT="20" CONTENT="all" WC="0.82" CC="005"/>
						<SP ID="P82_SP00029" HPOS="345" VPOS="477" WIDTH="11"/>
						<String ID="P82_ST00037" HPOS="356" VPOS="455" WIDTH="19" HEIGHT="22" CONTENT="is" WC="0.63" CC="24"/>
						<SP ID="P82_SP00030" HPOS="375" VPOS="477" WIDTH="12"/>
						<String ID="P82_ST00038" HPOS="387" VPOS="459" WIDTH="40" HEIGHT="18" CONTENT="not" WC="0.85" CC="130"/>
						<SP ID="P82_SP00031" HPOS="427" VPOS="477" WIDTH="11"/>
						<String ID="P82_ST00039" HPOS="438" VPOS="455" WIDTH="77" HEIGHT="28" CONTENT="alway," WC="0.82" CC="900000"/>
						<SP ID="P82_SP00032" HPOS="515" VPOS="483" WIDTH="12"/>
						<String ID="P82_ST00040" HPOS="527" VPOS="462" WIDTH="24" HEIGHT="13" CONTENT="as" WC="0.57" CC="17"/>
						<SP ID="P82_SP00033" HPOS="551" VPOS="483" WIDTH="12"/>
						<String ID="P82_ST00041" HPOS="563" VPOS="454" WIDTH="30" HEIGHT="21" CONTENT="all" WC="0.65" CC="531"/>
						<SP ID="P82_SP00034" HPOS="593" VPOS="483" WIDTH="11"/>
						<String ID="P82_ST00042" HPOS="604" VPOS="461" WIDTH="50" HEIGHT="14" CONTENT="men" WC="0.37" CC="926"/>
						<SP ID="P82_SP00035" HPOS="654" VPOS="483" WIDTH="12"/>
						<String ID="P82_ST00043" HPOS="666" VPOS="454" WIDTH="29" HEIGHT="21" CONTENT="do" WC="0.98" CC="00"/>
						<SP ID="P82_SP00036" HPOS="695" VPOS="483" WIDTH="12"/>
						<String ID="P82_ST00044" HPOS="707" VPOS="461" WIDTH="46" HEIGHT="21" CONTENT="say." WC="0.81" CC="5200"/>
					</TextLine>
					<TextLine ID="P82_TL00008" HPOS="261" VPOS="491" WIDTH="616" HEIGHT="29">
						<String ID="P82_ST00045" HPOS="261" VPOS="492" WIDTH="26" HEIGHT="21" CONTENT="In" WC="0.60" CC="16"/>
						<SP ID="P82_SP00037" HPOS="287" VPOS="513" WIDTH="13"/>
						<String ID="P82_ST00046" HPOS="300" VPOS="492" WIDTH="67" HEIGHT="28" CONTENT="April" WC="0.86" CC="00070"/>
						<SP ID="P82_SP00038" HPOS="367" VPOS="520" WIDTH="11"/>
						<String ID="P82_ST00047" HPOS="378" VPOS="492" WIDTH="38" HEIGHT="22" CONTENT="the" WC="0.76" CC="070"/>
						<SP ID="P82_SP00039" HPOS="416" VPOS="520" WIDTH="13"/>
						<String ID="P82_ST00048" HPOS="429" VPOS="492" WIDTH="99" HEIGHT="22" CONTENT="Cuckow" WC="0.68" CC="007820"/>
						<SP ID="P82_SP00040" HPOS="528" VPOS="520" WIDTH="12"/>
						<String ID="P82_ST00049" HPOS="540" VPOS="498" WIDTH="43" HEIGHT="15" CONTENT="can" WC="0.78" CC="060"/>
						<SP ID="P82_SP00041" HPOS="583" VPOS="520" WIDTH="12"/>
						<String ID="P82_ST00050" HPOS="595" VPOS="491" WIDTH="48" HEIGHT="28" CONTENT="sing" WC="0.41" CC="6439"/>
						<SP ID="P82_SP00042" HPOS="643" VPOS="520" WIDTH="12"/>
						<String ID="P82_ST00051" HPOS="655" VPOS="491" WIDTH="40" HEIGHT="21" CONTENT="her" WC="0.86" CC="400"/>
						<SP ID="P82_SP00043" HPOS="695" VPOS="520" WIDTH="12"/>
						<String ID="P82_ST00052" HPOS="707" VPOS="497" WIDTH="55" HEIGHT="22" CONTENT="song" WC="0.74" CC="6030"/>
						<SP ID="P82_SP00044" HPOS="762" VPOS="520" WIDTH="11"/>
						<String ID="P82_ST00053" HPOS="773" VPOS="491" WIDTH="30" HEIGHT="28" CONTENT="by" WC="1.00" CC="00"/>
						<SP ID="P82_SP00045" HPOS="803" VPOS="520" WIDTH="10"/>
						<String ID="P82_ST00054" HPOS="813" VPOS="494" WIDTH="49" HEIGHT="19" CONTENT="rote" WC="0.84" CC="0500"/>
						<SP ID="P82_SP00046" HPOS="862" VPOS="520" WIDTH="11"/>
						<String ID="P82_ST00055" HPOS="873" VPOS="498" WIDTH="4" HEIGHT="14" CONTENT=":" WC="0.77" CC="2"/>
					</TextLine>
					<TextLine ID="P82_TL00009" HPOS="260" VPOS="528" WIDTH="502" HEIGHT="29">
						<String ID="P82_ST00056" HPOS="260" VPOS="528" WIDTH="26" HEIGHT="21" CONTENT="In" WC="0.83" CC="30"/>
						<SP ID="P82_SP00047" HPOS="286" VPOS="549" WIDTH="13"/>
						<String ID="P82_ST00057" HPOS="299" VPOS="528" WIDTH="61" HEIGHT="22" CONTENT="June" WC="0.94" CC="0200"/>
						<SP ID="P82_SP00048" HPOS="360" VPOS="550" WIDTH="12"/>
						<String ID="P82_ST00058" HPOS="372" VPOS="529" WIDTH="26" HEIGHT="21" CONTENT="of" WC="1.00" CC="00"/>
						<SP ID="P82_SP00049" HPOS="398" VPOS="550" WIDTH="7"/>
						<String ID="P82_ST00059" HPOS="405" VPOS="532" WIDTH="54" HEIGHT="18" CONTENT="tune" WC="0.93" CC="0200"/>
						<SP ID="P82_SP00050" HPOS="459" VPOS="550" WIDTH="13"/>
						<String ID="P82_ST00060" HPOS="472" VPOS="529" WIDTH="39" HEIGHT="21" CONTENT="she" WC="0.81" CC="500"/>
						<SP ID="P82_SP00051" HPOS="511" VPOS="550" WIDTH="11"/>
						<String ID="P82_ST00061" HPOS="522" VPOS="533" WIDTH="83" HEIGHT="17" CONTENT="cannot" WC="0.72" CC="307130"/>
						<SP ID="P82_SP00052" HPOS="605" VPOS="550" WIDTH="12"/>
						<String ID="P82_ST00062" HPOS="617" VPOS="528" WIDTH="49" HEIGHT="29" CONTENT="sing" WC="0.42" CC="5429"/>
						<SP ID="P82_SP00053" HPOS="666" VPOS="557" WIDTH="11"/>
						<String ID="P82_ST00063" HPOS="677" VPOS="536" WIDTH="13" HEIGHT="13" CONTENT="a" WC="1.00" CC="0"/>
						<SP ID="P82_SP00054" HPOS="690" VPOS="557" WIDTH="11"/>
						<String ID="P82_ST00064" HPOS="701" VPOS="532" WIDTH="61" HEIGHT="18" CONTENT="note." WC="0.79" CC="72000"/>
					</TextLine>
					<TextLine ID="P82_TL00010" HPOS="260" VPOS="564" WIDTH="655" HEIGHT="29">
						<String ID="P82_ST00065" HPOS="260" VPOS="566" WIDTH="33" HEIGHT="21" CONTENT="At" WC="1.00" CC="00"/>
						<SP ID="P82_SP00055" HPOS="293" VPOS="587" WIDTH="11"/>
						<String ID="P82_ST00066" HPOS="304" VPOS="566" WIDTH="48" HEIGHT="22" CONTENT="first" WC="0.59" CC="11664"/>
						<SP ID="P82_SP00056" HPOS="352" VPOS="588" WIDTH="12"/>
						<String ID="P82_ST00067" HPOS="364" VPOS="566" WIDTH="114" HEIGHT="26" CONTENT="Koo-coo," WC="0.89" CC="00500020"/>
						<SP ID="P82_SP00057" HPOS="478" VPOS="592" WIDTH="11"/>
						<String ID="P82_ST00068" HPOS="489" VPOS="566" WIDTH="115" HEIGHT="26" CONTENT="Koo-coo," WC="0.73" CC="50435010"/>
						<SP ID="P82_SP00058" HPOS="604" VPOS="592" WIDTH="12"/>
						<String ID="P82_ST00069" HPOS="616" VPOS="573" WIDTH="66" HEIGHT="20" CONTENT="many" WC="0.69" CC="0560"/>
						<SP ID="P82_SP00059" HPOS="682" VPOS="593" WIDTH="14"/>
						<String ID="P82_ST00070" HPOS="696" VPOS="565" WIDTH="67" HEIGHT="21" CONTENT="times" WC="0.59" CC="00865"/>
						<SP ID="P82_SP00060" HPOS="763" VPOS="593" WIDTH="12"/>
						<String ID="P82_ST00071" HPOS="775" VPOS="572" WIDTH="41" HEIGHT="14" CONTENT="can" WC="0.74" CC="403"/>
						<SP ID="P82_SP00061" HPOS="816" VPOS="593" WIDTH="12"/>
						<String ID="P82_ST00072" HPOS="828" VPOS="564" WIDTH="40" HEIGHT="21" CONTENT="she" WC="0.63" CC="370"/>
						<SP ID="P82_SP00062" HPOS="868" VPOS="593" WIDTH="12"/>
						<String ID="P82_ST00073" HPOS="880" VPOS="564" WIDTH="35" HEIGHT="21" CONTENT="do." WC="0.97" CC="000"/>
					</TextLine>
					<TextLine ID="P82_TL00011" HPOS="260" VPOS="603" WIDTH="683" HEIGHT="27">
						<String ID="P82_ST00074" HPOS="260" VPOS="604" WIDTH="33" HEIGHT="21" CONTENT="At" WC="1.00" CC="00"/>
						<SP ID="P82_SP00063" HPOS="293" VPOS="625" WIDTH="11"/>
						<String ID="P82_ST00075" HPOS="304" VPOS="604" WIDTH="44" HEIGHT="21" CONTENT="last" WC="0.56" CC="0753"/>
						<SP ID="P82_SP00064" HPOS="348" VPOS="625" WIDTH="12"/>
						<String ID="P82_ST00076" HPOS="360" VPOS="604" WIDTH="87" HEIGHT="26" CONTENT="Kooke," WC="0.78" CC="317000"/>
						<SP ID="P82_SP00065" HPOS="447" VPOS="630" WIDTH="13"/>
						<String ID="P82_ST00077" HPOS="460" VPOS="603" WIDTH="88" HEIGHT="27" CONTENT="Kooke," WC="0.73" CC="436001"/>
						<SP ID="P82_SP00066" HPOS="548" VPOS="630" WIDTH="12"/>
						<String ID="P82_ST00078" HPOS="560" VPOS="603" WIDTH="88" HEIGHT="27" CONTENT="Kooke," WC="0.90" CC="410000"/>
						<SP ID="P82_SP00067" HPOS="648" VPOS="630" WIDTH="13"/>
						<String ID="P82_ST00079" HPOS="661" VPOS="603" WIDTH="33" HEIGHT="21" CONTENT="six" WC="0.28" CC="559"/>
						<SP ID="P82_SP00068" HPOS="694" VPOS="630" WIDTH="12"/>
						<String ID="P82_ST00080" HPOS="706" VPOS="603" WIDTH="92" HEIGHT="22" CONTENT="Kookes" WC="0.95" CC="000020"/>
						<SP ID="P82_SP00069" HPOS="798" VPOS="630" WIDTH="12"/>
						<String ID="P82_ST00081" HPOS="810" VPOS="607" WIDTH="24" HEIGHT="17" CONTENT="to" WC="0.90" CC="02"/>
						<SP ID="P82_SP00070" HPOS="834" VPOS="630" WIDTH="12"/>
						<String ID="P82_ST00082" HPOS="846" VPOS="610" WIDTH="42" HEIGHT="15" CONTENT="one" WC="0.62" CC="470"/>
						<SP ID="P82_SP00071" HPOS="888" VPOS="630" WIDTH="11"/>
						<String ID="P82_ST00083" HPOS="899" VPOS="611" WIDTH="44" HEIGHT="14" CONTENT="coo." WC="0.72" CC="1053"/>
					</TextLine>
				</TextBlock>
				<TextBlock ID="P82_TB00005" HPOS="138" VPOS="666" WIDTH="844" HEIGHT="328" STYLEREFS="TXT_1 PAR_LEFT">
					<TextLine ID="P82_TL00012" HPOS="174" VPOS="666" WIDTH="808" HEIGHT="31">
						<String ID="P82_ST00084" HPOS="174" VPOS="666" WIDTH="22" HEIGHT="24" CONTENT="It" WC="0.56" CC="08"/>
						<SP ID="P82_SP00072" HPOS="196" VPOS="690" WIDTH="22"/>
						<String ID="P82_ST00085" HPOS="218" VPOS="674" WIDTH="54" HEIGHT="23" CONTENT="may" WC="0.91" CC="200"/>
						<SP ID="P82_SP00073" HPOS="272" VPOS="697" WIDTH="12"/>
						<String ID="P82_ST00086" HPOS="284" VPOS="667" WIDTH="30" HEIGHT="23" CONTENT="be" WC="0.62" CC="70"/>
						<SP ID="P82_SP00074" HPOS="314" VPOS="697" WIDTH="14"/>
						<String ID="P82_ST00087" HPOS="328" VPOS="667" WIDTH="123" HEIGHT="27" CONTENT="observed," WC="0.55" CC="276063083"/>
						<SP ID="P82_SP00075" HPOS="451" VPOS="697" WIDTH="21"/>
						<String ID="P82_ST00088" HPOS="472" VPOS="668" WIDTH="60" HEIGHT="22" CONTENT="with" WC="0.62" CC="0437"/>
						<SP ID="P82_SP00076" HPOS="532" VPOS="697" WIDTH="20"/>
						<String ID="P82_ST00089" HPOS="552" VPOS="668" WIDTH="122" HEIGHT="22" CONTENT="reference" WC="0.81" CC="200060700"/>
						<SP ID="P82_SP00077" HPOS="674" VPOS="697" WIDTH="24"/>
						<String ID="P82_ST00090" HPOS="698" VPOS="670" WIDTH="25" HEIGHT="20" CONTENT="to" WC="1.00" CC="00"/>
						<SP ID="P82_SP00078" HPOS="723" VPOS="697" WIDTH="17"/>
						<String ID="P82_ST00091" HPOS="740" VPOS="667" WIDTH="41" HEIGHT="23" CONTENT="the" WC="0.75" CC="070"/>
						<SP ID="P82_SP00079" HPOS="781" VPOS="697" WIDTH="20"/>
						<String ID="P82_ST00092" HPOS="801" VPOS="668" WIDTH="75" HEIGHT="22" CONTENT="above" WC="0.57" CC="97040"/>
						<SP ID="P82_SP00080" HPOS="876" VPOS="697" WIDTH="19"/>
						<String ID="P82_ST00093" HPOS="895" VPOS="675" WIDTH="87" HEIGHT="19" CONTENT="verses," WC="0.56" CC="6069042"/>
					</TextLine>
					<TextLine ID="P82_TL00013" HPOS="141" VPOS="717" WIDTH="840" HEIGHT="31">
						<String ID="P82_ST00094" HPOS="141" VPOS="718" WIDTH="52" HEIGHT="22" CONTENT="that" WC="0.82" CC="0700"/>
						<SP ID="P82_SP00081" HPOS="193" VPOS="740" WIDTH="22"/>
						<String ID="P82_ST00095" HPOS="215" VPOS="717" WIDTH="42" HEIGHT="23" CONTENT="the" WC="0.76" CC="070"/>
						<SP ID="P82_SP00082" HPOS="257" VPOS="740" WIDTH="13"/>
						<String ID="P82_ST00096" HPOS="270" VPOS="717" WIDTH="105" HEIGHT="23" CONTENT="Cuckow" WC="0.64" CC="075008"/>
						<SP ID="P82_SP00083" HPOS="375" VPOS="740" WIDTH="20"/>
						<String ID="P82_ST00097" HPOS="395" VPOS="725" WIDTH="81" HEIGHT="15" CONTENT="comes" WC="0.69" CC="04604"/>
						<SP ID="P82_SP00084" HPOS="476" VPOS="740" WIDTH="13"/>
						<String ID="P82_ST00098" HPOS="489" VPOS="721" WIDTH="24" HEIGHT="19" CONTENT="to" WC="0.71" CC="05"/>
						<SP ID="P82_SP00085" HPOS="513" VPOS="740" WIDTH="14"/>
						<String ID="P82_ST00099" HPOS="527" VPOS="718" WIDTH="113" HEIGHT="30" CONTENT="England" WC="0.81" CC="0603030"/>
						<SP ID="P82_SP00086" HPOS="640" VPOS="748" WIDTH="13"/>
						<String ID="P82_ST00100" HPOS="653" VPOS="718" WIDTH="24" HEIGHT="22" CONTENT="in" WC="0.93" CC="10"/>
						<SP ID="P82_SP00087" HPOS="677" VPOS="748" WIDTH="13"/>
						<String ID="P82_ST00101" HPOS="690" VPOS="718" WIDTH="42" HEIGHT="22" CONTENT="the" WC="0.88" CC="300"/>
						<SP ID="P82_SP00088" HPOS="732" VPOS="748" WIDTH="13"/>
						<String ID="P82_ST00102" HPOS="745" VPOS="718" WIDTH="90" HEIGHT="22" CONTENT="middle" WC="0.89" CC="020004"/>
						<SP ID="P82_SP00089" HPOS="835" VPOS="748" WIDTH="20"/>
						<String ID="P82_ST00103" HPOS="855" VPOS="718" WIDTH="26" HEIGHT="22" CONTENT="of" WC="0.95" CC="10"/>
						<SP ID="P82_SP00090" HPOS="881" VPOS="748" WIDTH="16"/>
						<String ID="P82_ST00104" HPOS="897" VPOS="717" WIDTH="68" HEIGHT="30" CONTENT="April" WC="0.98" CC="00001"/>
						<SP ID="P82_SP00091" HPOS="965" VPOS="748" WIDTH="12"/>
						<String ID="P82_ST00105" HPOS="977" VPOS="728" WIDTH="4" HEIGHT="16" CONTENT=";" WC="0.59" CC="4"/>
					</TextLine>
					<TextLine ID="P82_TL00014" HPOS="141" VPOS="765" WIDTH="841" HEIGHT="32">
						<String ID="P82_ST00106" HPOS="141" VPOS="767" WIDTH="40" HEIGHT="23" CONTENT="the" WC="0.77" CC="060"/>
						<SP ID="P82_SP00092" HPOS="181" VPOS="790" WIDTH="20"/>
						<String ID="P82_ST00107" HPOS="201" VPOS="766" WIDTH="169" HEIGHT="31" CONTENT="Nightingale," WC="0.64" CC="609704490000"/>
						<SP ID="P82_SP00093" HPOS="370" VPOS="797" WIDTH="25"/>
						<String ID="P82_ST00108" HPOS="395" VPOS="766" WIDTH="88" HEIGHT="26" CONTENT="whom," WC="0.65" CC="07063"/>
						<SP ID="P82_SP00094" HPOS="483" VPOS="797" WIDTH="22"/>
						<String ID="P82_ST00109" HPOS="505" VPOS="773" WIDTH="35" HEIGHT="16" CONTENT="we" WC="1.00" CC="00"/>
						<SP ID="P82_SP00095" HPOS="540" VPOS="797" WIDTH="25"/>
						<String ID="P82_ST00110" HPOS="565" VPOS="766" WIDTH="62" HEIGHT="23" CONTENT="have" WC="0.85" CC="0060"/>
						<SP ID="P82_SP00096" HPOS="627" VPOS="797" WIDTH="22"/>
						<String ID="P82_ST00111" HPOS="649" VPOS="773" WIDTH="57" HEIGHT="16" CONTENT="seen" WC="0.70" CC="5006"/>
						<SP ID="P82_SP00097" HPOS="706" VPOS="797" WIDTH="12"/>
						<String ID="P82_ST00112" HPOS="718" VPOS="766" WIDTH="19" HEIGHT="23" CONTENT="it" WC="0.73" CC="50"/>
						<SP ID="P82_SP00098" HPOS="737" VPOS="797" WIDTH="17"/>
						<String ID="P82_ST00113" HPOS="754" VPOS="765" WIDTH="21" HEIGHT="24" CONTENT="is" WC="0.53" CC="44"/>
						<SP ID="P82_SP00099" HPOS="775" VPOS="797" WIDTH="18"/>
						<String ID="P82_ST00114" HPOS="793" VPOS="765" WIDTH="27" HEIGHT="23" CONTENT="of" WC="0.67" CC="60"/>
						<SP ID="P82_SP00100" HPOS="820" VPOS="797" WIDTH="17"/>
						<String ID="P82_ST00115" HPOS="837" VPOS="766" WIDTH="145" HEIGHT="29" CONTENT="importance" WC="0.62" CC="0600548721"/>
					</TextLine>
					<TextLine ID="P82_TL00015" HPOS="141" VPOS="814" WIDTH="841" HEIGHT="31">
						<String ID="P82_ST00116" HPOS="141" VPOS="818" WIDTH="25" HEIGHT="20" CONTENT="to" WC="0.77" CC="04"/>
						<SP ID="P82_SP00101" HPOS="166" VPOS="838" WIDTH="22"/>
						<String ID="P82_ST00117" HPOS="188" VPOS="815" WIDTH="58" HEIGHT="23" CONTENT="hear" WC="0.93" CC="2000"/>
						<SP ID="P82_SP00102" HPOS="246" VPOS="838" WIDTH="11"/>
						<String ID="P82_ST00118" HPOS="257" VPOS="816" WIDTH="61" HEIGHT="26" CONTENT="first," WC="0.87" CC="001600"/>
						<SP ID="P82_SP00103" HPOS="318" VPOS="842" WIDTH="14"/>
						<String ID="P82_ST00119" HPOS="332" VPOS="823" WIDTH="80" HEIGHT="15" CONTENT="comes" WC="0.88" CC="00006"/>
						<SP ID="P82_SP00104" HPOS="412" VPOS="842" WIDTH="14"/>
						<String ID="P82_ST00120" HPOS="426" VPOS="815" WIDTH="24" HEIGHT="23" CONTENT="in" WC="0.55" CC="44"/>
						<SP ID="P82_SP00105" HPOS="450" VPOS="842" WIDTH="12"/>
						<String ID="P82_ST00121" HPOS="462" VPOS="815" WIDTH="41" HEIGHT="23" CONTENT="the" WC="0.83" CC="050"/>
						<SP ID="P82_SP00106" HPOS="503" VPOS="842" WIDTH="19"/>
						<String ID="P82_ST00122" HPOS="522" VPOS="815" WIDTH="134" HEIGHT="30" CONTENT="beginning" WC="0.83" CC="000370130"/>
						<SP ID="P82_SP00107" HPOS="656" VPOS="845" WIDTH="13"/>
						<String ID="P82_ST00123" HPOS="669" VPOS="814" WIDTH="25" HEIGHT="23" CONTENT="of" WC="0.63" CC="52"/>
						<SP ID="P82_SP00108" HPOS="694" VPOS="845" WIDTH="9"/>
						<String ID="P82_ST00124" HPOS="703" VPOS="814" WIDTH="77" HEIGHT="31" CONTENT="April." WC="0.66" CC="093340"/>
						<SP ID="P82_SP00109" HPOS="780" VPOS="845" WIDTH="35"/>
						<String ID="P82_ST00125" HPOS="815" VPOS="815" WIDTH="51" HEIGHT="23" CONTENT="The" WC="0.75" CC="070"/>
						<SP ID="P82_SP00110" HPOS="866" VPOS="845" WIDTH="14"/>
						<String ID="P82_ST00126" HPOS="880" VPOS="815" WIDTH="102" HEIGHT="23" CONTENT="Cuckow" WC="0.69" CC="043018"/>
					</TextLine>
					<TextLine ID="P82_TL00016" HPOS="140" VPOS="864" WIDTH="842" HEIGHT="32">
						<String ID="P82_ST00127" HPOS="140" VPOS="864" WIDTH="79" HEIGHT="24" CONTENT="leaves" WC="0.80" CC="000704"/>
						<SP ID="P82_SP00111" HPOS="219" VPOS="888" WIDTH="21"/>
						<String ID="P82_ST00128" HPOS="240" VPOS="864" WIDTH="112" HEIGHT="31" CONTENT="England" WC="0.85" CC="0504000"/>
						<SP ID="P82_SP00112" HPOS="352" VPOS="895" WIDTH="13"/>
						<String ID="P82_ST00129" HPOS="365" VPOS="864" WIDTH="63" HEIGHT="31" CONTENT="early" WC="0.82" CC="00440"/>
						<SP ID="P82_SP00113" HPOS="428" VPOS="895" WIDTH="14"/>
						<String ID="P82_ST00130" HPOS="442" VPOS="864" WIDTH="25" HEIGHT="24" CONTENT="in" WC="0.66" CC="06"/>
						<SP ID="P82_SP00114" HPOS="467" VPOS="895" WIDTH="10"/>
						<String ID="P82_ST00131" HPOS="477" VPOS="865" WIDTH="64" HEIGHT="30" CONTENT="July," WC="0.81" CC="02402"/>
						<SP ID="P82_SP00115" HPOS="541" VPOS="895" WIDTH="14"/>
						<String ID="P82_ST00132" HPOS="555" VPOS="873" WIDTH="26" HEIGHT="14" CONTENT="so" WC="0.45" CC="64"/>
						<SP ID="P82_SP00116" HPOS="581" VPOS="895" WIDTH="13"/>
						<String ID="P82_ST00133" HPOS="594" VPOS="866" WIDTH="53" HEIGHT="23" CONTENT="that" WC="0.81" CC="0700"/>
						<SP ID="P82_SP00117" HPOS="647" VPOS="895" WIDTH="11"/>
						<String ID="P82_ST00134" HPOS="658" VPOS="865" WIDTH="18" HEIGHT="24" CONTENT="it" WC="0.98" CC="00"/>
						<SP ID="P82_SP00118" HPOS="676" VPOS="895" WIDTH="9"/>
						<String ID="P82_ST00135" HPOS="685" VPOS="866" WIDTH="19" HEIGHT="23" CONTENT="is" WC="0.44" CC="37"/>
						<SP ID="P82_SP00119" HPOS="704" VPOS="895" WIDTH="13"/>
						<String ID="P82_ST00136" HPOS="717" VPOS="869" WIDTH="42" HEIGHT="19" CONTENT="not" WC="0.76" CC="510"/>
						<SP ID="P82_SP00120" HPOS="759" VPOS="895" WIDTH="13"/>
						<String ID="P82_ST00137" HPOS="772" VPOS="865" WIDTH="82" HEIGHT="24" CONTENT="driven" WC="0.73" CC="002607"/>
						<SP ID="P82_SP00121" HPOS="854" VPOS="895" WIDTH="14"/>
						<String ID="P82_ST00138" HPOS="868" VPOS="873" WIDTH="66" HEIGHT="23" CONTENT="away" WC="1.00" CC="0000"/>
						<SP ID="P82_SP00122" HPOS="934" VPOS="896" WIDTH="18"/>
						<String ID="P82_ST00139" HPOS="952" VPOS="866" WIDTH="30" HEIGHT="29" CONTENT="by" WC="0.68" CC="60"/>
					</TextLine>
					<TextLine ID="P82_TL00017" HPOS="139" VPOS="914" WIDTH="843" HEIGHT="32">
						<String ID="P82_ST00140" HPOS="139" VPOS="916" WIDTH="41" HEIGHT="23" CONTENT="the" WC="0.68" CC="053"/>
						<SP ID="P82_SP00123" HPOS="180" VPOS="939" WIDTH="14"/>
						<String ID="P82_ST00141" HPOS="194" VPOS="916" WIDTH="135" HEIGHT="23" CONTENT="immediate" WC="0.75" CC="560072000"/>
						<SP ID="P82_SP00124" HPOS="329" VPOS="939" WIDTH="12"/>
						<String ID="P82_ST00142" HPOS="341" VPOS="923" WIDTH="110" HEIGHT="23" CONTENT="pressure" WC="0.76" CC="00067230"/>
						<SP ID="P82_SP00125" HPOS="451" VPOS="946" WIDTH="14"/>
						<String ID="P82_ST00143" HPOS="465" VPOS="915" WIDTH="26" HEIGHT="24" CONTENT="of" WC="0.54" CC="53"/>
						<SP ID="P82_SP00126" HPOS="491" VPOS="946" WIDTH="10"/>
						<String ID="P82_ST00144" HPOS="501" VPOS="915" WIDTH="54" HEIGHT="24" CONTENT="cold" WC="0.84" CC="0140"/>
						<SP ID="P82_SP00127" HPOS="555" VPOS="946" WIDTH="12"/>
						<String ID="P82_ST00145" HPOS="567" VPOS="923" WIDTH="27" HEIGHT="15" CONTENT="or" WC="0.91" CC="01"/>
						<SP ID="P82_SP00128" HPOS="594" VPOS="946" WIDTH="12"/>
						<String ID="P82_ST00146" HPOS="606" VPOS="918" WIDTH="65" HEIGHT="20" CONTENT="want" WC="0.87" CC="0004"/>
						<SP ID="P82_SP00129" HPOS="671" VPOS="946" WIDTH="12"/>
						<String ID="P82_ST00147" HPOS="683" VPOS="915" WIDTH="27" HEIGHT="23" CONTENT="of" WC="0.84" CC="03"/>
						<SP ID="P82_SP00130" HPOS="710" VPOS="946" WIDTH="18"/>
						<String ID="P82_ST00148" HPOS="728" VPOS="914" WIDTH="65" HEIGHT="27" CONTENT="food," WC="0.69" CC="54202"/>
						<SP ID="P82_SP00131" HPOS="793" VPOS="946" WIDTH="15"/>
						<String ID="P82_ST00149" HPOS="808" VPOS="914" WIDTH="42" HEIGHT="23" CONTENT="but" WC="0.58" CC="650"/>
						<SP ID="P82_SP00132" HPOS="850" VPOS="946" WIDTH="15"/>
						<String ID="P82_ST00150" HPOS="865" VPOS="914" WIDTH="31" HEIGHT="30" CONTENT="by" WC="0.77" CC="40"/>
						<SP ID="P82_SP00133" HPOS="896" VPOS="946" WIDTH="22"/>
						<String ID="P82_ST00151" HPOS="918" VPOS="922" WIDTH="64" HEIGHT="15" CONTENT="some" WC="0.71" CC="6040"/>
					</TextLine>
					<TextLine ID="P82_TL00018" HPOS="139" VPOS="965" WIDTH="630" HEIGHT="29">
						<String ID="P82_ST00152" HPOS="139" VPOS="966" WIDTH="98" HEIGHT="23" CONTENT="instinct" WC="0.71" CC="10626600"/>
						<SP ID="P82_SP00134" HPOS="237" VPOS="989" WIDTH="12"/>
						<String ID="P82_ST00153" HPOS="249" VPOS="973" WIDTH="31" HEIGHT="15" CONTENT="no" WC="0.50" CC="44"/>
						<SP ID="P82_SP00135" HPOS="280" VPOS="989" WIDTH="14"/>
						<String ID="P82_ST00154" HPOS="294" VPOS="965" WIDTH="74" HEIGHT="24" CONTENT="doubt" WC="0.79" CC="04040"/>
						<SP ID="P82_SP00136" HPOS="368" VPOS="989" WIDTH="13"/>
						<String ID="P82_ST00155" HPOS="381" VPOS="965" WIDTH="112" HEIGHT="24" CONTENT="essential" WC="0.66" CC="076240270"/>
						<SP ID="P82_SP00137" HPOS="493" VPOS="989" WIDTH="12"/>
						<String ID="P82_ST00156" HPOS="505" VPOS="965" WIDTH="36" HEIGHT="23" CONTENT="for" WC="0.50" CC="229"/>
						<SP ID="P82_SP00138" HPOS="541" VPOS="989" WIDTH="13"/>
						<String ID="P82_ST00157" HPOS="554" VPOS="965" WIDTH="30" HEIGHT="23" CONTENT="its" WC="0.59" CC="056"/>
						<SP ID="P82_SP00139" HPOS="584" VPOS="989" WIDTH="12"/>
						<String ID="P82_ST00158" HPOS="596" VPOS="965" WIDTH="173" HEIGHT="29" CONTENT="preservation." WC="0.73" CC="0006097006050"/>
					</TextLine>
				</TextBlock>
				<TextBlock ID="P82_TB00006" HPOS="494" VPOS="1054" WIDTH="133" HEIGHT="15" STYLEREFS="TXT_1 PAR_CENTER">
					<TextLine ID="P82_TL00019" HPOS="494" VPOS="1055" WIDTH="133" HEIGHT="14">
						<String ID="P82_ST00159" HPOS="494" VPOS="1055" WIDTH="51" HEIGHT="14" CONTENT="THE" WC="0.53" CC="067"/>
						<SP ID="P82_SP00140" HPOS="545" VPOS="1069" WIDTH="19"/>
						<String ID="P82_ST00160" HPOS="564" VPOS="1055" WIDTH="63" HEIGHT="14" CONTENT="OWL." WC="0.55" CC="1950"/>
					</TextLine>
				</TextBlock>
				<TextBlock ID="P82_TB00007" HPOS="139" VPOS="1101" WIDTH="841" HEIGHT="81" STYLEREFS="TXT_1 PAR_LEFT">
					<TextLine ID="P82_TL00020" HPOS="172" VPOS="1101" WIDTH="808" HEIGHT="32">
						<String ID="P82_ST00161" HPOS="172" VPOS="1104" WIDTH="51" HEIGHT="23" CONTENT="The" WC="0.76" CC="060"/>
						<SP ID="P82_SP00141" HPOS="223" VPOS="1127" WIDTH="19"/>
						<String ID="P82_ST00162" HPOS="242" VPOS="1103" WIDTH="53" HEIGHT="24" CONTENT="Owl" WC="0.91" CC="002"/>
						<SP ID="P82_SP00142" HPOS="295" VPOS="1127" WIDTH="14"/>
						<String ID="P82_ST00163" HPOS="309" VPOS="1103" WIDTH="47" HEIGHT="24" CONTENT="and" WC="0.99" CC="000"/>
						<SP ID="P82_SP00143" HPOS="356" VPOS="1127" WIDTH="21"/>
						<String ID="P82_ST00164" HPOS="377" VPOS="1103" WIDTH="31" HEIGHT="23" CONTENT="its" WC="0.62" CC="505"/>
						<SP ID="P82_SP00144" HPOS="408" VPOS="1127" WIDTH="13"/>
						<String ID="P82_ST00165" HPOS="421" VPOS="1110" WIDTH="62" HEIGHT="23" CONTENT="song" WC="0.52" CC="4049"/>
						<SP ID="P82_SP00145" HPOS="483" VPOS="1133" WIDTH="20"/>
						<String ID="P82_ST00166" HPOS="503" VPOS="1102" WIDTH="44" HEIGHT="23" CONTENT="has" WC="0.57" CC="705"/>
						<SP ID="P82_SP00146" HPOS="547" VPOS="1133" WIDTH="13"/>
						<String ID="P82_ST00167" HPOS="560" VPOS="1102" WIDTH="61" HEIGHT="23" CONTENT="been" WC="0.78" CC="2005"/>
						<SP ID="P82_SP00147" HPOS="621" VPOS="1133" WIDTH="12"/>
						<String ID="P82_ST00168" HPOS="633" VPOS="1101" WIDTH="137" HEIGHT="31" CONTENT="frequently" WC="0.84" CC="2300600020"/>
						<SP ID="P82_SP00148" HPOS="770" VPOS="1133" WIDTH="12"/>
						<String ID="P82_ST00169" HPOS="782" VPOS="1101" WIDTH="110" HEIGHT="24" CONTENT="imitated" WC="0.85" CC="07100030"/>
						<SP ID="P82_SP00149" HPOS="892" VPOS="1133" WIDTH="11"/>
						<String ID="P82_ST00170" HPOS="903" VPOS="1111" WIDTH="4" HEIGHT="17" CONTENT=";" WC="0.69" CC="3"/>
						<SP ID="P82_SP00150" HPOS="907" VPOS="1133" WIDTH="15"/>
						<String ID="P82_ST00171" HPOS="922" VPOS="1109" WIDTH="25" HEIGHT="15" CONTENT="as" WC="0.74" CC="05"/>
						<SP ID="P82_SP00151" HPOS="947" VPOS="1133" WIDTH="11"/>
						<String ID="P82_ST00172" HPOS="958" VPOS="1101" WIDTH="22" HEIGHT="23" CONTENT="in" WC="1.00" CC="00"/>
					</TextLine>
					<TextLine ID="P82_TL00021" HPOS="141" VPOS="1150" WIDTH="523" HEIGHT="32">
						<String ID="P82_ST00173" HPOS="141" VPOS="1151" WIDTH="170" HEIGHT="31" CONTENT="Shakspeare's" WC="0.71" CC="676000072012"/>
						<SP ID="P82_SP00152" HPOS="311" VPOS="1182" WIDTH="14"/>
						<String ID="P82_ST00174" HPOS="325" VPOS="1154" WIDTH="14" HEIGHT="8" CONTENT='"' WC="0.30" CC="6"/>
						<SP ID="P82_SP00153" HPOS="339" VPOS="1182" WIDTH="14"/>
						<String ID="P82_ST00175" HPOS="353" VPOS="1150" WIDTH="86" HEIGHT="23" CONTENT="Love's" WC="0.59" CC="055065"/>
						<SP ID="P82_SP00154" HPOS="439" VPOS="1182" WIDTH="13"/>
						<String ID="P82_ST00176" HPOS="452" VPOS="1150" WIDTH="80" HEIGHT="23" CONTENT="Labor" WC="0.77" CC="00542"/>
						<SP ID="P82_SP00155" HPOS="532" VPOS="1182" WIDTH="12"/>
						<String ID="P82_ST00177" HPOS="544" VPOS="1150" WIDTH="84" HEIGHT="27" CONTENT='Lost,"' WC="0.67" CC="006047"/>
						<String ID="P82_ST00178" HPOS="631" VPOS="1164" WIDTH="33" HEIGHT="2" CONTENT="—" WC="0.20" CC="8"/>
					</TextLine>
				</TextBlock>
				<TextBlock ID="P82_TB00008" HPOS="256" VPOS="1213" WIDTH="455" HEIGHT="26" STYLEREFS="TXT_1 PAR_LEFT">
					<TextLine ID="P82_TL00022" HPOS="257" VPOS="1213" WIDTH="454" HEIGHT="26">
						<String ID="P82_ST00179" HPOS="257" VPOS="1215" WIDTH="74" HEIGHT="21" CONTENT="When" WC="0.71" CC="0047"/>
						<SP ID="P82_SP00156" HPOS="331" VPOS="1236" WIDTH="11"/>
						<String ID="P82_ST00180" HPOS="342" VPOS="1214" WIDTH="31" HEIGHT="21" CONTENT="all" WC="0.73" CC="502"/>
						<SP ID="P82_SP00157" HPOS="373" VPOS="1236" WIDTH="10"/>
						<String ID="P82_ST00181" HPOS="383" VPOS="1214" WIDTH="67" HEIGHT="21" CONTENT="aloud" WC="0.73" CC="26220"/>
						<SP ID="P82_SP00158" HPOS="450" VPOS="1236" WIDTH="11"/>
						<String ID="P82_ST00182" HPOS="461" VPOS="1213" WIDTH="39" HEIGHT="22" CONTENT="the" WC="0.75" CC="024"/>
						<SP ID="P82_SP00159" HPOS="500" VPOS="1236" WIDTH="11"/>
						<String ID="P82_ST00183" HPOS="511" VPOS="1214" WIDTH="60" HEIGHT="21" CONTENT="wind" WC="0.39" CC="9670"/>
						<SP ID="P82_SP00160" HPOS="571" VPOS="1236" WIDTH="10"/>
						<String ID="P82_ST00184" HPOS="581" VPOS="1214" WIDTH="55" HEIGHT="22" CONTENT="doth" WC="0.79" CC="0007"/>
						<SP ID="P82_SP00161" HPOS="636" VPOS="1236" WIDTH="12"/>
						<String ID="P82_ST00185" HPOS="648" VPOS="1214" WIDTH="63" HEIGHT="25" CONTENT="blow," WC="0.95" CC="00200"/>
					</TextLine>
				</TextBlock>
				<TextBlock ID="P82_TB00009" HPOS="250" VPOS="1242" WIDTH="526" HEIGHT="110" STYLEREFS="TXT_1 PAR_LEFT">
					<TextLine ID="P82_TL00023" HPOS="258" VPOS="1249" WIDTH="515" HEIGHT="30">
						<String ID="P82_ST00186" HPOS="258" VPOS="1250" WIDTH="55" HEIGHT="21" CONTENT="And" WC="0.75" CC="070"/>
						<SP ID="P82_SP00162" HPOS="313" VPOS="1271" WIDTH="11"/>
						<String ID="P82_ST00187" HPOS="324" VPOS="1249" WIDTH="112" HEIGHT="29" CONTENT="coughing" WC="0.28" CC="73697669"/>
						<SP ID="P82_SP00163" HPOS="436" VPOS="1278" WIDTH="12"/>
						<String ID="P82_ST00188" HPOS="448" VPOS="1250" WIDTH="87" HEIGHT="21" CONTENT="drowns" WC="0.71" CC="053070"/>
						<SP ID="P82_SP00164" HPOS="535" VPOS="1278" WIDTH="12"/>
						<String ID="P82_ST00189" HPOS="547" VPOS="1250" WIDTH="39" HEIGHT="22" CONTENT="the" WC="0.76" CC="070"/>
						<SP ID="P82_SP00165" HPOS="586" VPOS="1278" WIDTH="12"/>
						<String ID="P82_ST00190" HPOS="598" VPOS="1250" WIDTH="100" HEIGHT="29" CONTENT="parson's" WC="0.63" CC="02156641"/>
						<SP ID="P82_SP00166" HPOS="698" VPOS="1279" WIDTH="12"/>
						<String ID="P82_ST00191" HPOS="710" VPOS="1259" WIDTH="63" HEIGHT="19" CONTENT="saw-i," WC="0.73" CC="500180"/>
					</TextLine>
					<TextLine ID="P82_TL00024" HPOS="325" VPOS="1287" WIDTH="389" HEIGHT="29">
						<String ID="P82_ST00192" HPOS="325" VPOS="1289" WIDTH="62" HEIGHT="22" CONTENT="birds" WC="0.50" CC="64706"/>
						<SP ID="P82_SP00167" HPOS="387" VPOS="1311" WIDTH="12"/>
						<String ID="P82_ST00193" HPOS="399" VPOS="1289" WIDTH="29" HEIGHT="21" CONTENT="sit" WC="0.46" CC="554"/>
						<SP ID="P82_SP00168" HPOS="428" VPOS="1311" WIDTH="12"/>
						<String ID="P82_ST00194" HPOS="440" VPOS="1287" WIDTH="109" HEIGHT="29" CONTENT="brooding" WC="0.70" CC="07661200"/>
						<SP ID="P82_SP00169" HPOS="549" VPOS="1316" WIDTH="11"/>
						<String ID="P82_ST00195" HPOS="560" VPOS="1287" WIDTH="23" HEIGHT="22" CONTENT="in" WC="0.64" CC="07"/>
						<SP ID="P82_SP00170" HPOS="583" VPOS="1316" WIDTH="11"/>
						<String ID="P82_ST00196" HPOS="594" VPOS="1288" WIDTH="39" HEIGHT="21" CONTENT="the" WC="0.77" CC="060"/>
						<SP ID="P82_SP00171" HPOS="633" VPOS="1316" WIDTH="12"/>
						<String ID="P82_ST00197" HPOS="645" VPOS="1295" WIDTH="69" HEIGHT="20" CONTENT="snow," WC="0.66" CC="16502"/>
					</TextLine>
					<TextLine ID="P82_TL00025" HPOS="259" VPOS="1326" WIDTH="485" HEIGHT="23">
						<String ID="P82_ST00198" HPOS="259" VPOS="1328" WIDTH="55" HEIGHT="21" CONTENT="And" WC="0.43" CC="970"/>
						<SP ID="P82_SP00172" HPOS="314" VPOS="1349" WIDTH="12"/>
						<String ID="P82_ST00199" HPOS="326" VPOS="1326" WIDTH="108" HEIGHT="23" CONTENT="Marian's" WC="0.63" CC="00450765"/>
						<SP ID="P82_SP00173" HPOS="434" VPOS="1349" WIDTH="11"/>
						<String ID="P82_ST00200" HPOS="445" VPOS="1334" WIDTH="53" HEIGHT="14" CONTENT="nose" WC="0.61" CC="7061"/>
						<SP ID="P82_SP00174" HPOS="498" VPOS="1349" WIDTH="13"/>
						<String ID="P82_ST00201" HPOS="511" VPOS="1326" WIDTH="67" HEIGHT="22" CONTENT="looks" WC="0.50" CC="04396"/>
						<SP ID="P82_SP00175" HPOS="578" VPOS="1349" WIDTH="11"/>
						<String ID="P82_ST00202" HPOS="589" VPOS="1326" WIDTH="39" HEIGHT="22" CONTENT="red" WC="0.79" CC="500"/>
						<SP ID="P82_SP00176" HPOS="628" VPOS="1349" WIDTH="10"/>
						<String ID="P82_ST00203" HPOS="638" VPOS="1326" WIDTH="45" HEIGHT="22" CONTENT="and" WC="0.76" CC="070"/>
						<SP ID="P82_SP00177" HPOS="683" VPOS="1349" WIDTH="11"/>
						<String ID="P82_ST00204" HPOS="694" VPOS="1333" WIDTH="50" HEIGHT="15" CONTENT="raw." WC="0.81" CC="5200"/>
					</TextLine>
				</TextBlock>
				<TextBlock ID="P82_TB00010" HPOS="244" VPOS="1360" WIDTH="488" HEIGHT="76" STYLEREFS="TXT_1 PAR_LEFT">
					<TextLine ID="P82_TL00026" HPOS="258" VPOS="1365" WIDTH="471" HEIGHT="26">
						<String ID="P82_ST00205" HPOS="258" VPOS="1368" WIDTH="75" HEIGHT="22" CONTENT="When" WC="0.63" CC="0256"/>
						<SP ID="P82_SP00178" HPOS="333" VPOS="1390" WIDTH="11"/>
						<String ID="P82_ST00206" HPOS="344" VPOS="1368" WIDTH="90" HEIGHT="21" CONTENT="roasted" WC="0.63" CC="4604630"/>
						<SP ID="P82_SP00179" HPOS="434" VPOS="1390" WIDTH="11"/>
						<String ID="P82_ST00207" HPOS="445" VPOS="1367" WIDTH="64" HEIGHT="22" CONTENT="crabs" WC="0.54" CC="75035"/>
						<SP ID="P82_SP00180" HPOS="509" VPOS="1390" WIDTH="12"/>
						<String ID="P82_ST00208" HPOS="521" VPOS="1366" WIDTH="46" HEIGHT="22" CONTENT="hiss" WC="0.57" CC="0466"/>
						<SP ID="P82_SP00181" HPOS="567" VPOS="1390" WIDTH="11"/>
						<String ID="P82_ST00209" HPOS="578" VPOS="1366" WIDTH="23" HEIGHT="21" CONTENT="in" WC="0.66" CC="24"/>
						<SP ID="P82_SP00182" HPOS="601" VPOS="1390" WIDTH="12"/>
						<String ID="P82_ST00210" HPOS="613" VPOS="1365" WIDTH="38" HEIGHT="22" CONTENT="the" WC="0.58" CC="075"/>
						<SP ID="P82_SP00183" HPOS="651" VPOS="1390" WIDTH="12"/>
						<String ID="P82_ST00211" HPOS="663" VPOS="1365" WIDTH="66" HEIGHT="26" CONTENT="bowl," WC="0.73" CC="70060"/>
					</TextLine>
					<TextLine ID="P82_TL00027" HPOS="259" VPOS="1404" WIDTH="439" HEIGHT="30">
						<String ID="P82_ST00212" HPOS="259" VPOS="1406" WIDTH="66" HEIGHT="22" CONTENT="Then" WC="0.85" CC="0005"/>
						<SP ID="P82_SP00184" HPOS="325" VPOS="1428" WIDTH="12"/>
						<String ID="P82_ST00213" HPOS="337" VPOS="1406" WIDTH="86" HEIGHT="28" CONTENT="nightly" WC="0.75" CC="2390020"/>
						<SP ID="P82_SP00185" HPOS="423" VPOS="1434" WIDTH="13"/>
						<String ID="P82_ST00214" HPOS="436" VPOS="1406" WIDTH="60" HEIGHT="28" CONTENT="sings" WC="0.52" CC="46605"/>
						<SP ID="P82_SP00186" HPOS="496" VPOS="1434" WIDTH="11"/>
						<String ID="P82_ST00215" HPOS="507" VPOS="1405" WIDTH="39" HEIGHT="22" CONTENT="the" WC="0.55" CC="641"/>
						<SP ID="P82_SP00187" HPOS="546" VPOS="1434" WIDTH="12"/>
						<String ID="P82_ST00216" HPOS="558" VPOS="1405" WIDTH="85" HEIGHT="28" CONTENT="staring" WC="0.72" CC="5000670"/>
						<SP ID="P82_SP00188" HPOS="643" VPOS="1434" WIDTH="11"/>
						<String ID="P82_ST00217" HPOS="654" VPOS="1404" WIDTH="44" HEIGHT="22" CONTENT="owl" WC="0.65" CC="190"/>
					</TextLine>
				</TextBlock>
				<TextBlock ID="P82_TB00011" HPOS="440" VPOS="1441" WIDTH="128" HEIGHT="22" STYLEREFS="TXT_1 PAR_LEFT">
					<TextLine ID="P82_TL00028" HPOS="440" VPOS="1441" WIDTH="128" HEIGHT="22">
						<String ID="P82_ST00218" HPOS="440" VPOS="1441" WIDTH="112" HEIGHT="22" CONTENT="To-whoo" WC="0.73" CC="9009000"/>
						<SP ID="P82_SP00189" HPOS="552" VPOS="1463" WIDTH="10"/>
						<String ID="P82_ST00219" HPOS="562" VPOS="1451" WIDTH="6" HEIGHT="12" CONTENT=";" WC="1.00" CC="0"/>
					</TextLine>
				</TextBlock>
				<TextBlock ID="P82_TB00012" HPOS="260" VPOS="1478" WIDTH="413" HEIGHT="26" STYLEREFS="TXT_1 PAR_LEFT">
					<TextLine ID="P82_TL00029" HPOS="261" VPOS="1478" WIDTH="412" HEIGHT="26">
						<String ID="P82_ST00220" HPOS="261" VPOS="1479" WIDTH="109" HEIGHT="25" CONTENT="To-whit," WC="0.76" CC="00079002"/>
						<SP ID="P82_SP00190" HPOS="370" VPOS="1504" WIDTH="13"/>
						<String ID="P82_ST00221" HPOS="383" VPOS="1478" WIDTH="108" HEIGHT="26" CONTENT="to-whoo," WC="0.72" CC="00286021"/>
						<SP ID="P82_SP00191" HPOS="491" VPOS="1504" WIDTH="12"/>
						<String ID="P82_ST00222" HPOS="503" VPOS="1485" WIDTH="13" HEIGHT="13" CONTENT="a" WC="1.00" CC="0"/>
						<SP ID="P82_SP00192" HPOS="516" VPOS="1504" WIDTH="11"/>
						<String ID="P82_ST00223" HPOS="527" VPOS="1485" WIDTH="75" HEIGHT="19" CONTENT="merry" WC="0.95" CC="02000"/>
						<SP ID="P82_SP00193" HPOS="602" VPOS="1504" WIDTH="13"/>
						<String ID="P82_ST00224" HPOS="615" VPOS="1480" WIDTH="58" HEIGHT="22" CONTENT="note," WC="0.75" CC="74000"/>
					</TextLine>
				</TextBlock>
				<TextBlock ID="P82_TB00013" HPOS="258" VPOS="1512" WIDTH="472" HEIGHT="33" STYLEREFS="TXT_1 PAR_LEFT">
					<TextLine ID="P82_TL00030" HPOS="258" VPOS="1513" WIDTH="472" HEIGHT="32">
						<String ID="P82_ST00225" HPOS="258" VPOS="1518" WIDTH="76" HEIGHT="22" CONTENT="While" WC="0.84" CC="04002"/>
						<SP ID="P82_SP00194" HPOS="334" VPOS="1540" WIDTH="11"/>
						<String ID="P82_ST00226" HPOS="345" VPOS="1524" WIDTH="77" HEIGHT="21" CONTENT="greasy" WC="0.64" CC="040960"/>
						<SP ID="P82_SP00195" HPOS="422" VPOS="1545" WIDTH="11"/>
						<String ID="P82_ST00227" HPOS="433" VPOS="1515" WIDTH="60" HEIGHT="23" CONTENT="Joan" WC="0.82" CC="0007"/>
						<SP ID="P82_SP00196" HPOS="493" VPOS="1545" WIDTH="12"/>
						<String ID="P82_ST00228" HPOS="505" VPOS="1514" WIDTH="55" HEIGHT="22" CONTENT="doth" WC="0.85" CC="0005"/>
						<SP ID="P82_SP00197" HPOS="560" VPOS="1545" WIDTH="12"/>
						<String ID="P82_ST00229" HPOS="572" VPOS="1513" WIDTH="50" HEIGHT="22" CONTENT="keel" WC="0.97" CC="0010"/>
						<SP ID="P82_SP00198" HPOS="622" VPOS="1545" WIDTH="11"/>
						<String ID="P82_ST00230" HPOS="633" VPOS="1513" WIDTH="39" HEIGHT="22" CONTENT="the" WC="1.00" CC="000"/>
						<SP ID="P82_SP00199" HPOS="672" VPOS="1545" WIDTH="12"/>
						<String ID="P82_ST00231" HPOS="684" VPOS="1517" WIDTH="46" HEIGHT="24" CONTENT="pot." WC="0.96" CC="0001"/>
					</TextLine>
				</TextBlock>
				<TextBlock ID="P82_TB00014" HPOS="136" VPOS="1572" WIDTH="844" HEIGHT="177" STYLEREFS="TXT_1 PAR_LEFT">
					<TextLine ID="P82_TL00031" HPOS="172" VPOS="1572" WIDTH="808" HEIGHT="38">
						<String ID="P82_ST00232" HPOS="172" VPOS="1580" WIDTH="29" HEIGHT="23" CONTENT="In" WC="0.88" CC="02"/>
						<SP ID="P82_SP00200" HPOS="201" VPOS="1603" WIDTH="12"/>
						<String ID="P82_ST00233" HPOS="213" VPOS="1580" WIDTH="64" HEIGHT="30" CONTENT="Dray" WC="0.52" CC="7119"/>
						<SP ID="P82_SP00201" HPOS="277" VPOS="1610" WIDTH="2"/>
						<String ID="P82_ST00234" HPOS="279" VPOS="1578" WIDTH="49" HEIGHT="23" CONTENT="ton'" WC="0.74" CC="0270"/>
						<String ID="P82_ST00235" HPOS="332" VPOS="1586" WIDTH="10" HEIGHT="15" CONTENT="s" WC="0.31" CC="6"/>
						<SP ID="P82_SP00202" HPOS="342" VPOS="1610" WIDTH="12"/>
						<String ID="P82_ST00236" HPOS="354" VPOS="1585" WIDTH="68" HEIGHT="22" CONTENT="poem" WC="0.67" CC="0606"/>
						<SP ID="P82_SP00203" HPOS="422" VPOS="1610" WIDTH="15"/>
						<String ID="P82_ST00237" HPOS="437" VPOS="1576" WIDTH="26" HEIGHT="23" CONTENT="of" WC="0.98" CC="00"/>
						<SP ID="P82_SP00204" HPOS="463" VPOS="1610" WIDTH="10"/>
						<String ID="P82_ST00238" HPOS="473" VPOS="1579" WIDTH="15" HEIGHT="9" CONTENT='"' WC="0.81" CC="1"/>
						<SP ID="P82_SP00205" HPOS="488" VPOS="1610" WIDTH="10"/>
						<String ID="P82_ST00239" HPOS="498" VPOS="1574" WIDTH="93" HEIGHT="24" CONTENT="Noah's" WC="0.66" CC="060706"/>
						<SP ID="P82_SP00206" HPOS="591" VPOS="1610" WIDTH="14"/>
						<String ID="P82_ST00240" HPOS="605" VPOS="1573" WIDTH="91" HEIGHT="23" CONTENT='Flood"' WC="0.58" CC="070916"/>
						<SP ID="P82_SP00207" HPOS="696" VPOS="1610" WIDTH="20"/>
						<String ID="P82_ST00241" HPOS="716" VPOS="1573" WIDTH="41" HEIGHT="23" CONTENT="the" WC="0.76" CC="070"/>
						<SP ID="P82_SP00208" HPOS="757" VPOS="1610" WIDTH="14"/>
						<String ID="P82_ST00242" HPOS="771" VPOS="1572" WIDTH="59" HEIGHT="24" CONTENT="Poet" WC="0.66" CC="5700"/>
						<SP ID="P82_SP00209" HPOS="830" VPOS="1610" WIDTH="18"/>
						<String ID="P82_ST00243" HPOS="848" VPOS="1573" WIDTH="83" HEIGHT="30" CONTENT="brings" WC="0.51" CC="702577"/>
						<SP ID="P82_SP00210" HPOS="931" VPOS="1610" WIDTH="20"/>
						<String ID="P82_ST00244" HPOS="951" VPOS="1572" WIDTH="29" HEIGHT="23" CONTENT="all" WC="0.91" CC="002"/>
					</TextLine>
					<TextLine ID="P82_TL00032" HPOS="136" VPOS="1624" WIDTH="844" HEIGHT="32">
						<String ID="P82_ST00245" HPOS="136" VPOS="1629" WIDTH="42" HEIGHT="22" CONTENT="the" WC="0.96" CC="100"/>
						<SP ID="P82_SP00211" HPOS="178" VPOS="1651" WIDTH="18"/>
						<String ID="P82_ST00246" HPOS="196" VPOS="1628" WIDTH="65" HEIGHT="23" CONTENT="birds" WC="0.67" CC="03607"/>
						<SP ID="P82_SP00212" HPOS="261" VPOS="1651" WIDTH="12"/>
						<String ID="P82_ST00247" HPOS="273" VPOS="1628" WIDTH="51" HEIGHT="23" CONTENT="into" WC="0.69" CC="0515"/>
						<SP ID="P82_SP00213" HPOS="324" VPOS="1651" WIDTH="13"/>
						<String ID="P82_ST00248" HPOS="337" VPOS="1627" WIDTH="41" HEIGHT="23" CONTENT="the" WC="0.77" CC="060"/>
						<SP ID="P82_SP00214" HPOS="378" VPOS="1651" WIDTH="13"/>
						<String ID="P82_ST00249" HPOS="391" VPOS="1626" WIDTH="58" HEIGHT="27" CONTENT="Ark," WC="0.74" CC="0603"/>
						<SP ID="P82_SP00215" HPOS="449" VPOS="1653" WIDTH="15"/>
						<String ID="P82_ST00250" HPOS="464" VPOS="1626" WIDTH="100" HEIGHT="23" CONTENT="without" WC="0.73" CC="0301416"/>
						<SP ID="P82_SP00216" HPOS="564" VPOS="1653" WIDTH="21"/>
						<String ID="P82_ST00251" HPOS="585" VPOS="1625" WIDTH="121" HEIGHT="31" CONTENT="imitating" WC="0.78" CC="064000520"/>
						<SP ID="P82_SP00217" HPOS="706" VPOS="1656" WIDTH="14"/>
						<String ID="P82_ST00252" HPOS="720" VPOS="1634" WIDTH="46" HEIGHT="22" CONTENT="any" WC="0.79" CC="060"/>
						<SP ID="P82_SP00218" HPOS="766" VPOS="1656" WIDTH="13"/>
						<String ID="P82_ST00253" HPOS="779" VPOS="1624" WIDTH="26" HEIGHT="24" CONTENT="of" WC="0.56" CC="43"/>
						<SP ID="P82_SP00219" HPOS="805" VPOS="1656" WIDTH="16"/>
						<String ID="P82_ST00254" HPOS="821" VPOS="1625" WIDTH="75" HEIGHT="23" CONTENT="them." WC="0.63" CC="06460"/>
						<SP ID="P82_SP00220" HPOS="896" VPOS="1656" WIDTH="37"/>
						<String ID="P82_ST00255" HPOS="933" VPOS="1625" WIDTH="47" HEIGHT="22" CONTENT="But" WC="0.75" CC="070"/>
					</TextLine>
					<TextLine ID="P82_TL00033" HPOS="138" VPOS="1674" WIDTH="842" HEIGHT="32">
						<String ID="P82_ST00256" HPOS="138" VPOS="1684" WIDTH="26" HEIGHT="16" CONTENT="as" WC="0.20" CC="95"/>
						<SP ID="P82_SP00221" HPOS="164" VPOS="1700" WIDTH="21"/>
						<String ID="P82_ST00257" HPOS="185" VPOS="1684" WIDTH="59" HEIGHT="15" CONTENT="soon" WC="0.69" CC="4006"/>
						<SP ID="P82_SP00222" HPOS="244" VPOS="1700" WIDTH="12"/>
						<String ID="P82_ST00258" HPOS="256" VPOS="1684" WIDTH="25" HEIGHT="15" CONTENT="as" WC="0.70" CC="06"/>
						<SP ID="P82_SP00223" HPOS="281" VPOS="1700" WIDTH="12"/>
						<String ID="P82_ST00259" HPOS="293" VPOS="1675" WIDTH="41" HEIGHT="23" CONTENT="the" WC="0.77" CC="060"/>
						<SP ID="P82_SP00224" HPOS="334" VPOS="1700" WIDTH="14"/>
						<String ID="P82_ST00260" HPOS="348" VPOS="1675" WIDTH="60" HEIGHT="23" CONTENT="olive" WC="0.81" CC="01440"/>
						<SP ID="P82_SP00225" HPOS="408" VPOS="1700" WIDTH="13"/>
						<String ID="P82_ST00261" HPOS="421" VPOS="1675" WIDTH="91" HEIGHT="23" CONTENT="branch" WC="0.73" CC="400307"/>
						<SP ID="P82_SP00226" HPOS="512" VPOS="1700" WIDTH="12"/>
						<String ID="P82_ST00262" HPOS="524" VPOS="1675" WIDTH="20" HEIGHT="23" CONTENT="is" WC="0.55" CC="44"/>
						<SP ID="P82_SP00227" HPOS="544" VPOS="1700" WIDTH="12"/>
						<String ID="P82_ST00263" HPOS="556" VPOS="1674" WIDTH="96" HEIGHT="24" CONTENT="fetched" WC="0.76" CC="0000708"/>
						<SP ID="P82_SP00228" HPOS="652" VPOS="1700" WIDTH="13"/>
						<String ID="P82_ST00264" HPOS="665" VPOS="1675" WIDTH="31" HEIGHT="31" CONTENT="by" WC="0.14" CC="79"/>
						<SP ID="P82_SP00229" HPOS="696" VPOS="1706" WIDTH="18"/>
						<String ID="P82_ST00265" HPOS="714" VPOS="1675" WIDTH="40" HEIGHT="23" CONTENT="the" WC="0.84" CC="030"/>
						<SP ID="P82_SP00230" HPOS="754" VPOS="1706" WIDTH="14"/>
						<String ID="P82_ST00266" HPOS="768" VPOS="1675" WIDTH="74" HEIGHT="26" CONTENT="Dove," WC="0.69" CC="75101"/>
						<SP ID="P82_SP00231" HPOS="842" VPOS="1706" WIDTH="15"/>
						<String ID="P82_ST00267" HPOS="857" VPOS="1675" WIDTH="40" HEIGHT="23" CONTENT="the" WC="0.78" CC="060"/>
						<SP ID="P82_SP00232" HPOS="897" VPOS="1706" WIDTH="18"/>
						<String ID="P82_ST00268" HPOS="915" VPOS="1674" WIDTH="65" HEIGHT="23" CONTENT="birds" WC="0.76" CC="05005"/>
					</TextLine>
					<TextLine ID="P82_TL00034" HPOS="137" VPOS="1722" WIDTH="843" HEIGHT="27">
						<String ID="P82_ST00269" HPOS="137" VPOS="1725" WIDTH="47" HEIGHT="23" CONTENT="and" WC="0.51" CC="770"/>
						<SP ID="P82_SP00233" HPOS="184" VPOS="1748" WIDTH="10"/>
						<String ID="P82_ST00270" HPOS="194" VPOS="1725" WIDTH="79" HEIGHT="23" CONTENT="beasts" WC="0.70" CC="600604"/>
						<SP ID="P82_SP00234" HPOS="273" VPOS="1748" WIDTH="14"/>
						<String ID="P82_ST00271" HPOS="287" VPOS="1725" WIDTH="68" HEIGHT="22" CONTENT="make" WC="0.75" CC="0900"/>
						<SP ID="P82_SP00235" HPOS="355" VPOS="1748" WIDTH="13"/>
						<String ID="P82_ST00272" HPOS="368" VPOS="1732" WIDTH="13" HEIGHT="15" CONTENT="a" WC="0.31" CC="6"/>
						<SP ID="P82_SP00236" HPOS="381" VPOS="1748" WIDTH="12"/>
						<String ID="P82_ST00273" HPOS="393" VPOS="1724" WIDTH="154" HEIGHT="24" CONTENT="tremendous" WC="0.74" CC="0024170064"/>
						<SP ID="P82_SP00237" HPOS="547" VPOS="1748" WIDTH="13"/>
						<String ID="P82_ST00274" HPOS="560" VPOS="1723" WIDTH="74" HEIGHT="23" CONTENT="noise." WC="0.70" CC="703700"/>
						<SP ID="P82_SP00238" HPOS="634" VPOS="1748" WIDTH="20"/>
						<String ID="P82_ST00275" HPOS="654" VPOS="1723" WIDTH="50" HEIGHT="23" CONTENT="The" WC="0.89" CC="030"/>
						<SP ID="P82_SP00239" HPOS="704" VPOS="1748" WIDTH="14"/>
						<String ID="P82_ST00276" HPOS="718" VPOS="1723" WIDTH="62" HEIGHT="22" CONTENT="Lion" WC="0.55" CC="3617"/>
						<SP ID="P82_SP00240" HPOS="780" VPOS="1748" WIDTH="12"/>
						<String ID="P82_ST00277" HPOS="792" VPOS="1730" WIDTH="74" HEIGHT="19" CONTENT="roars," WC="0.57" CC="403673"/>
						<SP ID="P82_SP00241" HPOS="866" VPOS="1749" WIDTH="15"/>
						<String ID="P82_ST00278" HPOS="881" VPOS="1723" WIDTH="40" HEIGHT="22" CONTENT="the" WC="0.77" CC="060"/>
						<SP ID="P82_SP00242" HPOS="921" VPOS="1749" WIDTH="12"/>
						<String ID="P82_ST00279" HPOS="933" VPOS="1722" WIDTH="47" HEIGHT="23" CONTENT="Ass" WC="0.50" CC="077"/>
					</TextLine>
				</TextBlock>
			</PrintSpace>
		</Page>
	</Layout>
</alto>
