<?xml version="1.0" encoding="UTF-8"?>
<alto xmlns:xsi="http://www.w3.org/2001/XMLSchema-instance" xsi:noNamespaceSchemaLocation="http://www.bl.uk/schemas/alto/alto-1-4.xsd" xmlns:xlink="http://www.w3.org/1999/xlink">
	<Description>
		<MeasurementUnit>mm10</MeasurementUnit>
		<sourceImageInformation>
			<fileName>//head1/IN/2008-26/A0011759050/008008.jp2</fileName>
		</sourceImageInformation>
		<OCRProcessing ID="OCRPROCESSING_1">
			<preProcessingStep>
				<processingSoftware>
					<softwareCreator>CCS Content Conversion Specialists GmbH, Germany</softwareCreator>
					<softwareName>CCS docWORKS</softwareName>
					<softwareVersion>6.1-0.67</softwareVersion>
				</processingSoftware>
			</preProcessingStep>
			<ocrProcessingStep>
				<processingSoftware>
					<softwareCreator>ABBYY (BIT Software), Russia</softwareCreator>
					<softwareName>Finereader</softwareName>
				</processingSoftware>
			</ocrProcessingStep>
		</OCRProcessing>
	</Description>
	<Styles>
		<TextStyle ID="TXT_0" FONTSIZE="10" FONTFAMILY="Courier New"/>
		<TextStyle ID="TXT_1" FONTSIZE="9" FONTFAMILY="Courier New"/>
		<ParagraphStyle ID="PAR_LEFT" ALIGN="Left"/>
		<ParagraphStyle ID="PAR_CENTER" ALIGN="Center"/>
		<ParagraphStyle ID="PAR_RIGHT" ALIGN="Right"/>
	</Styles>
	<Layout>
		<Page ID="P16" PHYSICAL_IMG_NR="16" HEIGHT="1962" WIDTH="1120" PRINTED_IMG_NR="8" POSITION="Left" ACCURACY="75.18">
			<TopMargin ID="P16_TM00001" HPOS="0" VPOS="0" WIDTH="1120" HEIGHT="184">
				<TextBlock ID="P16_TB00001" HPOS="157" VPOS="161" WIDTH="14" HEIGHT="22" STYLEREFS="TXT_0 PAR_LEFT">
					<TextLine ID="P16_TL00001" HPOS="169" VPOS="181" WIDTH="2" HEIGHT="2">
						<String ID="P16_ST00001" HPOS="169" VPOS="181" WIDTH="2" HEIGHT="2" CONTENT="8" WC="1.00" CC="0"/>
					</TextLine>
				</TextBlock>
				<TextBlock ID="P16_TB00002" HPOS="461" VPOS="169" WIDTH="244" HEIGHT="15" STYLEREFS="TXT_1 PAR_CENTER">
					<TextLine ID="P16_TL00002" HPOS="461" VPOS="169" WIDTH="244" HEIGHT="15">
						<String ID="P16_ST00002" HPOS="461" VPOS="169" WIDTH="120" HEIGHT="15" CONTENT="POETICAL" WC="0.63" CC="33640307"/>
						<SP ID="P16_SP00001" HPOS="581" VPOS="184" WIDTH="20"/>
						<String ID="P16_ST00003" HPOS="601" VPOS="169" WIDTH="104" HEIGHT="15" CONTENT="AVIARY." WC="0.58" CC="9660070"/>
					</TextLine>
				</TextBlock>
			</TopMargin>
			<LeftMargin ID="P16_LM00001" HPOS="0" VPOS="183" WIDTH="154" HEIGHT="1552"/>
			<RightMargin ID="P16_RM00001" HPOS="1009" VPOS="183" WIDTH="111" HEIGHT="1552"/>
			<BottomMargin ID="P16_BM00001" HPOS="0" VPOS="1735" WIDTH="1120" HEIGHT="226"/>
			<PrintSpace ID="P16_PS00001" HPOS="154" VPOS="183" WIDTH="855" HEIGHT="1552">
				<TextBlock ID="P16_TB00003" HPOS="154" VPOS="242" WIDTH="855" HEIGHT="621" STYLEREFS="TXT_1 PAR_LEFT">
					<TextLine ID="P16_TL00003" HPOS="189" VPOS="243" WIDTH="817" HEIGHT="27">
						<String ID="P16_ST00004" HPOS="189" VPOS="245" WIDTH="63" HEIGHT="24" CONTENT="And," WC="0.81" CC="0700"/>
						<SP ID="P16_SP00002" HPOS="252" VPOS="269" WIDTH="23"/>
						<String ID="P16_ST00005" HPOS="275" VPOS="245" WIDTH="64" HEIGHT="25" CONTENT="here," WC="0.77" CC="40600"/>
						<SP ID="P16_SP00003" HPOS="339" VPOS="270" WIDTH="24"/>
						<String ID="P16_ST00006" HPOS="363" VPOS="252" WIDTH="25" HEIGHT="15" CONTENT="as" WC="0.68" CC="06"/>
						<SP ID="P16_SP00004" HPOS="388" VPOS="270" WIDTH="13"/>
						<String ID="P16_ST00007" HPOS="401" VPOS="244" WIDTH="89" HEIGHT="23" CONTENT="Milton" WC="0.49" CC="007498"/>
						<SP ID="P16_SP00005" HPOS="490" VPOS="270" WIDTH="25"/>
						<String ID="P16_ST00008" HPOS="515" VPOS="245" WIDTH="20" HEIGHT="23" CONTENT="is" WC="0.49" CC="27"/>
						<SP ID="P16_SP00006" HPOS="535" VPOS="270" WIDTH="13"/>
						<String ID="P16_ST00009" HPOS="548" VPOS="245" WIDTH="66" HEIGHT="23" CONTENT="often" WC="0.91" CC="01002"/>
						<SP ID="P16_SP00007" HPOS="614" VPOS="270" WIDTH="22"/>
						<String ID="P16_ST00010" HPOS="636" VPOS="252" WIDTH="14" HEIGHT="15" CONTENT="a" WC="1.00" CC="0"/>
						<SP ID="P16_SP00008" HPOS="650" VPOS="270" WIDTH="13"/>
						<String ID="P16_ST00011" HPOS="663" VPOS="245" WIDTH="59" HEIGHT="22" CONTENT="Poet" WC="0.71" CC="7030"/>
						<SP ID="P16_SP00009" HPOS="722" VPOS="270" WIDTH="14"/>
						<String ID="P16_ST00012" HPOS="736" VPOS="244" WIDTH="23" HEIGHT="22" CONTENT="in" WC="0.51" CC="27"/>
						<SP ID="P16_SP00010" HPOS="759" VPOS="270" WIDTH="22"/>
						<String ID="P16_ST00013" HPOS="781" VPOS="243" WIDTH="42" HEIGHT="23" CONTENT="the" WC="0.76" CC="070"/>
						<SP ID="P16_SP00011" HPOS="823" VPOS="270" WIDTH="13"/>
						<String ID="P16_ST00014" HPOS="836" VPOS="243" WIDTH="74" HEIGHT="23" CONTENT="midst" WC="0.86" CC="03030"/>
						<SP ID="P16_SP00012" HPOS="910" VPOS="270" WIDTH="13"/>
						<String ID="P16_ST00015" HPOS="923" VPOS="243" WIDTH="25" HEIGHT="23" CONTENT="of" WC="0.75" CC="40"/>
						<SP ID="P16_SP00013" HPOS="948" VPOS="270" WIDTH="21"/>
						<String ID="P16_ST00016" HPOS="969" VPOS="243" WIDTH="37" HEIGHT="22" CONTENT="his" WC="0.66" CC="215"/>
					</TextLine>
					<TextLine ID="P16_TL00004" HPOS="156" VPOS="290" WIDTH="853" HEIGHT="33">
						<String ID="P16_ST00017" HPOS="156" VPOS="301" WIDTH="77" HEIGHT="22" CONTENT="prose," WC="0.79" CC="060500"/>
						<SP ID="P16_SP00014" HPOS="233" VPOS="323" WIDTH="15"/>
						<String ID="P16_ST00018" HPOS="248" VPOS="294" WIDTH="10" HEIGHT="22" CONTENT="I" WC="1.00" CC="0"/>
						<SP ID="P16_SP00015" HPOS="258" VPOS="323" WIDTH="14"/>
						<String ID="P16_ST00019" HPOS="272" VPOS="294" WIDTH="46" HEIGHT="22" CONTENT="will" WC="0.65" CC="0445"/>
						<SP ID="P16_SP00016" HPOS="318" VPOS="323" WIDTH="20"/>
						<String ID="P16_ST00020" HPOS="338" VPOS="294" WIDTH="90" HEIGHT="23" CONTENT="adduce" WC="0.88" CC="000700"/>
						<SP ID="P16_SP00017" HPOS="428" VPOS="323" WIDTH="21"/>
						<String ID="P16_ST00021" HPOS="449" VPOS="301" WIDTH="13" HEIGHT="15" CONTENT="a" WC="1.00" CC="0"/>
						<SP ID="P16_SP00018" HPOS="462" VPOS="323" WIDTH="13"/>
						<String ID="P16_ST00022" HPOS="475" VPOS="295" WIDTH="75" HEIGHT="22" CONTENT="simile" WC="0.73" CC="703410"/>
						<SP ID="P16_SP00019" HPOS="550" VPOS="323" WIDTH="14"/>
						<String ID="P16_ST00023" HPOS="564" VPOS="295" WIDTH="62" HEIGHT="21" CONTENT="from" WC="0.73" CC="0315"/>
						<SP ID="P16_SP00020" HPOS="626" VPOS="323" WIDTH="14"/>
						<String ID="P16_ST00024" HPOS="640" VPOS="294" WIDTH="37" HEIGHT="22" CONTENT="his" WC="0.54" CC="525"/>
						<SP ID="P16_SP00021" HPOS="677" VPOS="323" WIDTH="19"/>
						<String ID="P16_ST00025" HPOS="696" VPOS="295" WIDTH="63" HEIGHT="20" CONTENT="tract" WC="0.98" CC="01000"/>
						<SP ID="P16_SP00022" HPOS="759" VPOS="323" WIDTH="11"/>
						<String ID="P16_ST00026" HPOS="770" VPOS="300" WIDTH="31" HEIGHT="14" CONTENT="on" WC="0.80" CC="04"/>
						<SP ID="P16_SP00023" HPOS="801" VPOS="323" WIDTH="12"/>
						<String ID="P16_ST00027" HPOS="813" VPOS="291" WIDTH="40" HEIGHT="23" CONTENT="the" WC="1.00" CC="000"/>
						<SP ID="P16_SP00024" HPOS="853" VPOS="323" WIDTH="15"/>
						<String ID="P16_ST00028" HPOS="868" VPOS="291" WIDTH="101" HEIGHT="31" CONTENT="Liberty" WC="0.86" CC="1520000"/>
						<SP ID="P16_SP00025" HPOS="969" VPOS="323" WIDTH="14"/>
						<String ID="P16_ST00029" HPOS="983" VPOS="290" WIDTH="26" HEIGHT="23" CONTENT="of" WC="0.68" CC="05"/>
					</TextLine>
					<TextLine ID="P16_TL00005" HPOS="156" VPOS="346" WIDTH="851" HEIGHT="33">
						<String ID="P16_ST00030" HPOS="156" VPOS="350" WIDTH="40" HEIGHT="23" CONTENT="the" WC="0.73" CC="160"/>
						<SP ID="P16_SP00026" HPOS="196" VPOS="373" WIDTH="14"/>
						<String ID="P16_ST00031" HPOS="210" VPOS="350" WIDTH="77" HEIGHT="25" CONTENT="Press," WC="0.82" CC="000612"/>
						<SP ID="P16_SP00027" HPOS="287" VPOS="375" WIDTH="14"/>
						<String ID="P16_ST00032" HPOS="301" VPOS="350" WIDTH="78" HEIGHT="22" CONTENT="which" WC="0.69" CC="47201"/>
						<SP ID="P16_SP00028" HPOS="379" VPOS="375" WIDTH="13"/>
						<String ID="P16_ST00033" HPOS="392" VPOS="350" WIDTH="29" HEIGHT="22" CONTENT="he" WC="0.61" CC="70"/>
						<SP ID="P16_SP00029" HPOS="421" VPOS="375" WIDTH="22"/>
						<String ID="P16_ST00034" HPOS="443" VPOS="350" WIDTH="90" HEIGHT="29" CONTENT="applies" WC="0.81" CC="2000323"/>
						<SP ID="P16_SP00030" HPOS="533" VPOS="379" WIDTH="24"/>
						<String ID="P16_ST00035" HPOS="557" VPOS="353" WIDTH="25" HEIGHT="19" CONTENT="to" WC="0.70" CC="06"/>
						<SP ID="P16_SP00031" HPOS="582" VPOS="379" WIDTH="13"/>
						<String ID="P16_ST00036" HPOS="595" VPOS="349" WIDTH="41" HEIGHT="22" CONTENT="the" WC="0.87" CC="030"/>
						<SP ID="P16_SP00032" HPOS="636" VPOS="379" WIDTH="13"/>
						<String ID="P16_ST00037" HPOS="649" VPOS="347" WIDTH="104" HEIGHT="31" CONTENT="English" WC="0.77" CC="5005400"/>
						<SP ID="P16_SP00033" HPOS="753" VPOS="379" WIDTH="19"/>
						<String ID="P16_ST00038" HPOS="772" VPOS="346" WIDTH="83" HEIGHT="23" CONTENT="nation" WC="0.85" CC="500300"/>
						<SP ID="P16_SP00034" HPOS="855" VPOS="379" WIDTH="19"/>
						<String ID="P16_ST00039" HPOS="874" VPOS="346" WIDTH="71" HEIGHT="22" CONTENT="when" WC="0.82" CC="0700"/>
						<SP ID="P16_SP00035" HPOS="945" VPOS="379" WIDTH="11"/>
						<String ID="P16_ST00040" HPOS="956" VPOS="346" WIDTH="51" HEIGHT="30" CONTENT="just" WC="0.62" CC="3550"/>
					</TextLine>
					<TextLine ID="P16_TL00006" HPOS="156" VPOS="398" WIDTH="850" HEIGHT="32">
						<String ID="P16_ST00041" HPOS="156" VPOS="399" WIDTH="165" HEIGHT="29" CONTENT="emancipated" WC="0.78" CC="24740005000"/>
						<SP ID="P16_SP00036" HPOS="321" VPOS="428" WIDTH="24"/>
						<String ID="P16_ST00042" HPOS="345" VPOS="398" WIDTH="62" HEIGHT="23" CONTENT="from" WC="0.84" CC="3300"/>
						<SP ID="P16_SP00037" HPOS="407" VPOS="428" WIDTH="24"/>
						<String ID="P16_ST00043" HPOS="431" VPOS="399" WIDTH="41" HEIGHT="23" CONTENT="the" WC="0.75" CC="070"/>
						<SP ID="P16_SP00038" HPOS="472" VPOS="428" WIDTH="13"/>
						<String ID="P16_ST00044" HPOS="485" VPOS="403" WIDTH="104" HEIGHT="27" CONTENT="tyranny" WC="0.83" CC="0050320"/>
						<SP ID="P16_SP00039" HPOS="589" VPOS="430" WIDTH="14"/>
						<String ID="P16_ST00045" HPOS="603" VPOS="400" WIDTH="26" HEIGHT="22" CONTENT="of" WC="1.00" CC="00"/>
						<SP ID="P16_SP00040" HPOS="629" VPOS="430" WIDTH="10"/>
						<String ID="P16_ST00046" HPOS="639" VPOS="400" WIDTH="42" HEIGHT="22" CONTENT="the" WC="0.76" CC="070"/>
						<SP ID="P16_SP00041" HPOS="681" VPOS="430" WIDTH="15"/>
						<String ID="P16_ST00047" HPOS="696" VPOS="399" WIDTH="96" HEIGHT="23" CONTENT="Stuarts" WC="0.69" CC="4040606"/>
						<String ID="P16_ST00048" HPOS="793" VPOS="412" WIDTH="33" HEIGHT="3" CONTENT="—" WC="0.20" CC="8"/>
						<String ID="P16_ST00049" HPOS="829" VPOS="401" WIDTH="14" HEIGHT="10" CONTENT='"' WC="0.66" CC="3"/>
						<SP ID="P16_SP00042" HPOS="843" VPOS="430" WIDTH="12"/>
						<String ID="P16_ST00050" HPOS="855" VPOS="399" WIDTH="127" HEIGHT="23" CONTENT="Methinks" WC="0.76" CC="00070307"/>
						<SP ID="P16_SP00043" HPOS="982" VPOS="430" WIDTH="13"/>
						<String ID="P16_ST00051" HPOS="995" VPOS="399" WIDTH="11" HEIGHT="23" CONTENT="I" WC="1.00" CC="0"/>
					</TextLine>
					<TextLine ID="P16_TL00007" HPOS="156" VPOS="445" WIDTH="853" HEIGHT="31">
						<String ID="P16_ST00052" HPOS="156" VPOS="454" WIDTH="38" HEIGHT="14" CONTENT="see" WC="0.75" CC="700"/>
						<SP ID="P16_SP00044" HPOS="194" VPOS="468" WIDTH="19"/>
						<String ID="P16_ST00053" HPOS="213" VPOS="446" WIDTH="25" HEIGHT="22" CONTENT="in" WC="0.76" CC="40"/>
						<SP ID="P16_SP00045" HPOS="238" VPOS="468" WIDTH="17"/>
						<String ID="P16_ST00054" HPOS="255" VPOS="454" WIDTH="41" HEIGHT="22" CONTENT="my" WC="0.50" CC="90"/>
						<SP ID="P16_SP00046" HPOS="296" VPOS="476" WIDTH="14"/>
						<String ID="P16_ST00055" HPOS="310" VPOS="445" WIDTH="66" HEIGHT="23" CONTENT="mind" WC="0.84" CC="0600"/>
						<SP ID="P16_SP00047" HPOS="376" VPOS="476" WIDTH="21"/>
						<String ID="P16_ST00056" HPOS="397" VPOS="454" WIDTH="13" HEIGHT="15" CONTENT="a" WC="1.00" CC="0"/>
						<SP ID="P16_SP00048" HPOS="410" VPOS="476" WIDTH="13"/>
						<String ID="P16_ST00057" HPOS="423" VPOS="446" WIDTH="71" HEIGHT="23" CONTENT="noble" WC="0.57" CC="74720"/>
						<SP ID="P16_SP00049" HPOS="494" VPOS="476" WIDTH="15"/>
						<String ID="P16_ST00058" HPOS="509" VPOS="447" WIDTH="46" HEIGHT="21" CONTENT="and" WC="0.64" CC="450"/>
						<SP ID="P16_SP00050" HPOS="555" VPOS="476" WIDTH="13"/>
						<String ID="P16_ST00059" HPOS="568" VPOS="447" WIDTH="108" HEIGHT="29" CONTENT="puissant" WC="0.57" CC="95425050"/>
						<SP ID="P16_SP00051" HPOS="676" VPOS="476" WIDTH="13"/>
						<String ID="P16_ST00060" HPOS="689" VPOS="446" WIDTH="91" HEIGHT="26" CONTENT="nation," WC="0.58" CC="7804600"/>
						<SP ID="P16_SP00052" HPOS="780" VPOS="476" WIDTH="16"/>
						<String ID="P16_ST00061" HPOS="796" VPOS="445" WIDTH="100" HEIGHT="31" CONTENT="rousing" WC="0.51" CC="4415079"/>
						<SP ID="P16_SP00053" HPOS="896" VPOS="476" WIDTH="22"/>
						<String ID="P16_ST00062" HPOS="918" VPOS="445" WIDTH="91" HEIGHT="23" CONTENT="herself" WC="0.80" CC="0314004"/>
					</TextLine>
					<TextLine ID="P16_TL00008" HPOS="155" VPOS="494" WIDTH="848" HEIGHT="33">
						<String ID="P16_ST00063" HPOS="155" VPOS="494" WIDTH="46" HEIGHT="22" CONTENT="Hke" WC="0.74" CC="700"/>
						<SP ID="P16_SP00054" HPOS="201" VPOS="516" WIDTH="14"/>
						<String ID="P16_ST00064" HPOS="215" VPOS="501" WIDTH="13" HEIGHT="15" CONTENT="a" WC="0.61" CC="3"/>
						<SP ID="P16_SP00055" HPOS="228" VPOS="516" WIDTH="13"/>
						<String ID="P16_ST00065" HPOS="241" VPOS="496" WIDTH="85" HEIGHT="28" CONTENT="strong" WC="0.73" CC="704030"/>
						<SP ID="P16_SP00056" HPOS="326" VPOS="524" WIDTH="12"/>
						<String ID="P16_ST00066" HPOS="338" VPOS="501" WIDTH="55" HEIGHT="15" CONTENT="man" WC="0.68" CC="044"/>
						<SP ID="P16_SP00057" HPOS="393" VPOS="524" WIDTH="14"/>
						<String ID="P16_ST00067" HPOS="407" VPOS="494" WIDTH="61" HEIGHT="22" CONTENT="after" WC="0.79" CC="61300"/>
						<SP ID="P16_SP00058" HPOS="468" VPOS="524" WIDTH="11"/>
						<String ID="P16_ST00068" HPOS="479" VPOS="494" WIDTH="64" HEIGHT="31" CONTENT="sleep" WC="0.87" CC="60000"/>
						<SP ID="P16_SP00059" HPOS="543" VPOS="525" WIDTH="11"/>
						<String ID="P16_ST00069" HPOS="554" VPOS="495" WIDTH="48" HEIGHT="22" CONTENT="and" WC="0.81" CC="050"/>
						<SP ID="P16_SP00060" HPOS="602" VPOS="525" WIDTH="13"/>
						<String ID="P16_ST00070" HPOS="615" VPOS="495" WIDTH="104" HEIGHT="32" CONTENT="shaking" WC="0.82" CC="5000070"/>
						<SP ID="P16_SP00061" HPOS="719" VPOS="527" WIDTH="13"/>
						<String ID="P16_ST00071" HPOS="732" VPOS="496" WIDTH="43" HEIGHT="22" CONTENT="her" WC="1.00" CC="000"/>
						<SP ID="P16_SP00062" HPOS="775" VPOS="527" WIDTH="13"/>
						<String ID="P16_ST00072" HPOS="788" VPOS="495" WIDTH="128" HEIGHT="24" CONTENT="invincible" WC="0.82" CC="1270600000"/>
						<SP ID="P16_SP00063" HPOS="916" VPOS="527" WIDTH="13"/>
						<String ID="P16_ST00073" HPOS="929" VPOS="496" WIDTH="74" HEIGHT="23" CONTENT="locks." WC="0.87" CC="300040"/>
					</TextLine>
					<TextLine ID="P16_TL00009" HPOS="156" VPOS="541" WIDTH="848" HEIGHT="30">
						<String ID="P16_ST00074" HPOS="156" VPOS="541" WIDTH="125" HEIGHT="23" CONTENT="Methinks" WC="0.91" CC="00060000"/>
						<SP ID="P16_SP00064" HPOS="281" VPOS="564" WIDTH="11"/>
						<String ID="P16_ST00075" HPOS="292" VPOS="541" WIDTH="10" HEIGHT="23" CONTENT="I" WC="0.53" CC="4"/>
						<SP ID="P16_SP00065" HPOS="302" VPOS="564" WIDTH="14"/>
						<String ID="P16_ST00076" HPOS="316" VPOS="549" WIDTH="39" HEIGHT="15" CONTENT="see" WC="0.78" CC="600"/>
						<SP ID="P16_SP00066" HPOS="355" VPOS="564" WIDTH="11"/>
						<String ID="P16_ST00077" HPOS="366" VPOS="542" WIDTH="43" HEIGHT="22" CONTENT="her" WC="0.98" CC="000"/>
						<SP ID="P16_SP00067" HPOS="409" VPOS="564" WIDTH="12"/>
						<String ID="P16_ST00078" HPOS="421" VPOS="549" WIDTH="26" HEIGHT="15" CONTENT="as" WC="0.74" CC="14"/>
						<SP ID="P16_SP00068" HPOS="447" VPOS="564" WIDTH="14"/>
						<String ID="P16_ST00079" HPOS="461" VPOS="549" WIDTH="30" HEIGHT="15" CONTENT="an" WC="0.84" CC="03"/>
						<SP ID="P16_SP00069" HPOS="491" VPOS="564" WIDTH="13"/>
						<String ID="P16_ST00080" HPOS="504" VPOS="541" WIDTH="83" HEIGHT="30" CONTENT="Eagle," WC="0.98" CC="100000"/>
						<SP ID="P16_SP00070" HPOS="587" VPOS="571" WIDTH="18"/>
						<String ID="P16_ST00081" HPOS="605" VPOS="541" WIDTH="85" HEIGHT="30" CONTENT="muing" WC="0.83" CC="50300"/>
						<SP ID="P16_SP00071" HPOS="690" VPOS="571" WIDTH="11"/>
						<String ID="P16_ST00082" HPOS="701" VPOS="541" WIDTH="44" HEIGHT="23" CONTENT="her" WC="0.59" CC="605"/>
						<SP ID="P16_SP00072" HPOS="745" VPOS="571" WIDTH="8"/>
						<String ID="P16_ST00083" HPOS="753" VPOS="541" WIDTH="96" HEIGHT="30" CONTENT="mighty" WC="0.83" CC="040500"/>
						<SP ID="P16_SP00073" HPOS="849" VPOS="571" WIDTH="13"/>
						<String ID="P16_ST00084" HPOS="862" VPOS="541" WIDTH="83" HEIGHT="30" CONTENT="youth," WC="0.82" CC="000072"/>
						<SP ID="P16_SP00074" HPOS="945" VPOS="571" WIDTH="13"/>
						<String ID="P16_ST00085" HPOS="958" VPOS="542" WIDTH="46" HEIGHT="22" CONTENT="and" WC="0.69" CC="072"/>
					</TextLine>
					<TextLine ID="P16_TL00010" HPOS="155" VPOS="589" WIDTH="849" HEIGHT="33">
						<String ID="P16_ST00086" HPOS="155" VPOS="589" WIDTH="109" HEIGHT="30" CONTENT="kindling" WC="0.66" CC="04504570"/>
						<SP ID="P16_SP00075" HPOS="264" VPOS="619" WIDTH="12"/>
						<String ID="P16_ST00087" HPOS="276" VPOS="589" WIDTH="43" HEIGHT="23" CONTENT="her" WC="0.76" CC="700"/>
						<SP ID="P16_SP00076" HPOS="319" VPOS="619" WIDTH="11"/>
						<String ID="P16_ST00088" HPOS="330" VPOS="590" WIDTH="130" HEIGHT="23" CONTENT="undazzled" WC="0.73" CC="760320110"/>
						<SP ID="P16_SP00077" HPOS="460" VPOS="619" WIDTH="14"/>
						<String ID="P16_ST00089" HPOS="474" VPOS="599" WIDTH="55" HEIGHT="22" CONTENT="eyes" WC="0.87" CC="0005"/>
						<SP ID="P16_SP00078" HPOS="529" VPOS="621" WIDTH="13"/>
						<String ID="P16_ST00090" HPOS="542" VPOS="594" WIDTH="24" HEIGHT="20" CONTENT="at" WC="1.00" CC="00"/>
						<SP ID="P16_SP00079" HPOS="566" VPOS="621" WIDTH="13"/>
						<String ID="P16_ST00091" HPOS="579" VPOS="591" WIDTH="41" HEIGHT="23" CONTENT="the" WC="0.96" CC="010"/>
						<SP ID="P16_SP00080" HPOS="620" VPOS="621" WIDTH="14"/>
						<String ID="P16_ST00092" HPOS="634" VPOS="591" WIDTH="42" HEIGHT="23" CONTENT="fuU" WC="0.47" CC="068"/>
						<SP ID="P16_SP00081" HPOS="676" VPOS="621" WIDTH="14"/>
						<String ID="P16_ST00093" HPOS="690" VPOS="591" WIDTH="97" HEIGHT="30" CONTENT="midday" WC="0.82" CC="540000"/>
						<SP ID="P16_SP00082" HPOS="787" VPOS="621" WIDTH="9"/>
						<String ID="P16_ST00094" HPOS="796" VPOS="592" WIDTH="70" HEIGHT="22" CONTENT="beam" WC="0.90" CC="3000"/>
						<SP ID="P16_SP00083" HPOS="866" VPOS="621" WIDTH="13"/>
						<String ID="P16_ST00095" HPOS="879" VPOS="601" WIDTH="5" HEIGHT="17" CONTENT=";" WC="0.41" CC="5"/>
						<SP ID="P16_SP00084" HPOS="884" VPOS="621" WIDTH="14"/>
						<String ID="P16_ST00096" HPOS="898" VPOS="592" WIDTH="106" HEIGHT="30" CONTENT="purging" WC="0.87" CC="0500300"/>
					</TextLine>
					<TextLine ID="P16_TL00011" HPOS="156" VPOS="639" WIDTH="850" HEIGHT="32">
						<String ID="P16_ST00097" HPOS="156" VPOS="640" WIDTH="46" HEIGHT="22" CONTENT="and" WC="0.83" CC="310"/>
						<SP ID="P16_SP00085" HPOS="202" VPOS="662" WIDTH="13"/>
						<String ID="P16_ST00098" HPOS="215" VPOS="640" WIDTH="125" HEIGHT="31" CONTENT="unsealing" WC="0.77" CC="056006010"/>
						<SP ID="P16_SP00086" HPOS="340" VPOS="671" WIDTH="12"/>
						<String ID="P16_ST00099" HPOS="352" VPOS="640" WIDTH="44" HEIGHT="23" CONTENT="her" WC="0.76" CC="700"/>
						<SP ID="P16_SP00087" HPOS="396" VPOS="671" WIDTH="19"/>
						<String ID="P16_ST00100" HPOS="415" VPOS="640" WIDTH="164" HEIGHT="31" CONTENT="long-abused" WC="0.72" CC="50660006500"/>
						<SP ID="P16_SP00088" HPOS="579" VPOS="671" WIDTH="21"/>
						<String ID="P16_ST00101" HPOS="600" VPOS="640" WIDTH="67" HEIGHT="31" CONTENT="sight" WC="0.66" CC="63070"/>
						<SP ID="P16_SP00089" HPOS="667" VPOS="671" WIDTH="18"/>
						<String ID="P16_ST00102" HPOS="685" VPOS="643" WIDTH="24" HEIGHT="19" CONTENT="at" WC="1.00" CC="00"/>
						<SP ID="P16_SP00090" HPOS="709" VPOS="671" WIDTH="20"/>
						<String ID="P16_ST00103" HPOS="729" VPOS="639" WIDTH="41" HEIGHT="23" CONTENT="the" WC="0.96" CC="010"/>
						<SP ID="P16_SP00091" HPOS="770" VPOS="671" WIDTH="14"/>
						<String ID="P16_ST00104" HPOS="784" VPOS="639" WIDTH="110" HEIGHT="23" CONTENT="fountain" WC="0.91" CC="00070000"/>
						<SP ID="P16_SP00092" HPOS="894" VPOS="671" WIDTH="13"/>
						<String ID="P16_ST00105" HPOS="907" VPOS="639" WIDTH="66" HEIGHT="24" CONTENT="itself" WC="0.67" CC="304064"/>
						<SP ID="P16_SP00093" HPOS="973" VPOS="671" WIDTH="7"/>
						<String ID="P16_ST00106" HPOS="980" VPOS="640" WIDTH="26" HEIGHT="22" CONTENT="of" WC="0.91" CC="10"/>
					</TextLine>
					<TextLine ID="P16_TL00012" HPOS="156" VPOS="687" WIDTH="848" HEIGHT="30">
						<String ID="P16_ST00107" HPOS="156" VPOS="687" WIDTH="116" HEIGHT="30" CONTENT="heavenly" WC="0.75" CC="00060760"/>
						<SP ID="P16_SP00094" HPOS="272" VPOS="717" WIDTH="21"/>
						<String ID="P16_ST00108" HPOS="293" VPOS="688" WIDTH="111" HEIGHT="23" CONTENT="radiance" WC="0.85" CC="70020200"/>
						<SP ID="P16_SP00095" HPOS="404" VPOS="717" WIDTH="12"/>
						<String ID="P16_ST00109" HPOS="416" VPOS="698" WIDTH="4" HEIGHT="16" CONTENT=";" WC="0.83" CC="1"/>
						<SP ID="P16_SP00096" HPOS="420" VPOS="717" WIDTH="21"/>
						<String ID="P16_ST00110" HPOS="441" VPOS="687" WIDTH="69" HEIGHT="23" CONTENT="while" WC="0.72" CC="07330"/>
						<SP ID="P16_SP00097" HPOS="510" VPOS="717" WIDTH="21"/>
						<String ID="P16_ST00111" HPOS="531" VPOS="688" WIDTH="42" HEIGHT="22" CONTENT="the" WC="0.75" CC="070"/>
						<SP ID="P16_SP00098" HPOS="573" VPOS="717" WIDTH="19"/>
						<String ID="P16_ST00112" HPOS="592" VPOS="687" WIDTH="77" HEIGHT="23" CONTENT="whole" WC="0.81" CC="00440"/>
						<SP ID="P16_SP00099" HPOS="669" VPOS="717" WIDTH="21"/>
						<String ID="P16_ST00113" HPOS="690" VPOS="687" WIDTH="67" HEIGHT="22" CONTENT="noise" WC="0.48" CC="58560"/>
						<SP ID="P16_SP00100" HPOS="757" VPOS="717" WIDTH="18"/>
						<String ID="P16_ST00114" HPOS="775" VPOS="687" WIDTH="27" HEIGHT="23" CONTENT="of" WC="0.92" CC="10"/>
						<SP ID="P16_SP00101" HPOS="802" VPOS="717" WIDTH="16"/>
						<String ID="P16_ST00115" HPOS="818" VPOS="687" WIDTH="117" HEIGHT="23" CONTENT="timorous" WC="0.71" CC="04601046"/>
						<SP ID="P16_SP00102" HPOS="935" VPOS="717" WIDTH="22"/>
						<String ID="P16_ST00116" HPOS="957" VPOS="688" WIDTH="47" HEIGHT="22" CONTENT="and" WC="0.85" CC="040"/>
					</TextLine>
					<TextLine ID="P16_TL00013" HPOS="156" VPOS="732" WIDTH="847" HEIGHT="36">
						<String ID="P16_ST00117" HPOS="156" VPOS="732" WIDTH="105" HEIGHT="32" CONTENT="flocking" WC="0.95" CC="00040000"/>
						<SP ID="P16_SP00103" HPOS="261" VPOS="764" WIDTH="13"/>
						<String ID="P16_ST00118" HPOS="274" VPOS="734" WIDTH="73" HEIGHT="26" CONTENT="birds," WC="0.64" CC="431074"/>
						<SP ID="P16_SP00104" HPOS="347" VPOS="764" WIDTH="15"/>
						<String ID="P16_ST00119" HPOS="362" VPOS="735" WIDTH="58" HEIGHT="23" CONTENT="with" WC="0.55" CC="9240"/>
						<SP ID="P16_SP00105" HPOS="420" VPOS="764" WIDTH="20"/>
						<String ID="P16_ST00120" HPOS="440" VPOS="736" WIDTH="70" HEIGHT="23" CONTENT="those" WC="0.91" CC="00040"/>
						<SP ID="P16_SP00106" HPOS="510" VPOS="764" WIDTH="14"/>
						<String ID="P16_ST00121" HPOS="524" VPOS="736" WIDTH="50" HEIGHT="23" CONTENT="also" WC="0.81" CC="0060"/>
						<SP ID="P16_SP00107" HPOS="574" VPOS="764" WIDTH="19"/>
						<String ID="P16_ST00122" HPOS="593" VPOS="737" WIDTH="53" HEIGHT="22" CONTENT="that" WC="0.95" CC="0200"/>
						<SP ID="P16_SP00108" HPOS="646" VPOS="764" WIDTH="21"/>
						<String ID="P16_ST00123" HPOS="667" VPOS="737" WIDTH="54" HEIGHT="22" CONTENT="love" WC="0.91" CC="0030"/>
						<SP ID="P16_SP00109" HPOS="721" VPOS="764" WIDTH="12"/>
						<String ID="P16_ST00124" HPOS="733" VPOS="737" WIDTH="42" HEIGHT="23" CONTENT="the" WC="0.76" CC="070"/>
						<SP ID="P16_SP00110" HPOS="775" VPOS="764" WIDTH="21"/>
						<String ID="P16_ST00125" HPOS="796" VPOS="737" WIDTH="113" HEIGHT="31" CONTENT="twilight," WC="0.71" CC="003209720"/>
						<SP ID="P16_SP00111" HPOS="909" VPOS="768" WIDTH="14"/>
						<String ID="P16_ST00126" HPOS="923" VPOS="738" WIDTH="80" HEIGHT="23" CONTENT="flutter" WC="0.87" CC="0040004"/>
					</TextLine>
					<TextLine ID="P16_TL00014" HPOS="156" VPOS="781" WIDTH="847" HEIGHT="37">
						<String ID="P16_ST00127" HPOS="156" VPOS="781" WIDTH="73" HEIGHT="23" CONTENT="about" WC="0.82" CC="12130"/>
						<SP ID="P16_SP00112" HPOS="229" VPOS="804" WIDTH="15"/>
						<String ID="P16_ST00128" HPOS="244" VPOS="783" WIDTH="100" HEIGHT="22" CONTENT="amazed" WC="0.78" CC="060500"/>
						<SP ID="P16_SP00113" HPOS="344" VPOS="805" WIDTH="12"/>
						<String ID="P16_ST00129" HPOS="356" VPOS="787" WIDTH="25" HEIGHT="19" CONTENT="at" WC="1.00" CC="00"/>
						<SP ID="P16_SP00114" HPOS="381" VPOS="806" WIDTH="12"/>
						<String ID="P16_ST00130" HPOS="393" VPOS="784" WIDTH="64" HEIGHT="23" CONTENT="what" WC="0.82" CC="0700"/>
						<SP ID="P16_SP00115" HPOS="457" VPOS="807" WIDTH="14"/>
						<String ID="P16_ST00131" HPOS="471" VPOS="784" WIDTH="43" HEIGHT="23" CONTENT="she" WC="0.76" CC="700"/>
						<SP ID="P16_SP00116" HPOS="514" VPOS="807" WIDTH="13"/>
						<String ID="P16_ST00132" HPOS="527" VPOS="792" WIDTH="91" HEIGHT="19" CONTENT="means," WC="0.81" CC="020503"/>
						<SP ID="P16_SP00117" HPOS="618" VPOS="811" WIDTH="14"/>
						<String ID="P16_ST00133" HPOS="632" VPOS="786" WIDTH="47" HEIGHT="22" CONTENT="and" WC="0.75" CC="070"/>
						<SP ID="P16_SP00118" HPOS="679" VPOS="811" WIDTH="12"/>
						<String ID="P16_ST00134" HPOS="691" VPOS="786" WIDTH="24" HEIGHT="22" CONTENT="in" WC="0.65" CC="07"/>
						<SP ID="P16_SP00119" HPOS="715" VPOS="811" WIDTH="13"/>
						<String ID="P16_ST00135" HPOS="728" VPOS="786" WIDTH="63" HEIGHT="23" CONTENT="their" WC="0.68" CC="17042"/>
						<SP ID="P16_SP00120" HPOS="791" VPOS="811" WIDTH="13"/>
						<String ID="P16_ST00136" HPOS="804" VPOS="787" WIDTH="99" HEIGHT="22" CONTENT="envious" WC="0.53" CC="0644555"/>
						<SP ID="P16_SP00121" HPOS="903" VPOS="811" WIDTH="13"/>
						<String ID="P16_ST00137" HPOS="916" VPOS="787" WIDTH="87" HEIGHT="31" CONTENT="gabble" WC="0.80" CC="030700"/>
					</TextLine>
					<TextLine ID="P16_TL00015" HPOS="156" VPOS="831" WIDTH="696" HEIGHT="32">
						<String ID="P16_ST00138" HPOS="156" VPOS="831" WIDTH="78" HEIGHT="22" CONTENT="would" WC="0.81" CC="25100"/>
						<SP ID="P16_SP00122" HPOS="234" VPOS="853" WIDTH="13"/>
						<String ID="P16_ST00139" HPOS="247" VPOS="833" WIDTH="179" HEIGHT="30" CONTENT="prognosticate" WC="0.93" CC="0040020000000"/>
						<SP ID="P16_SP00123" HPOS="426" VPOS="863" WIDTH="14"/>
						<String ID="P16_ST00140" HPOS="440" VPOS="842" WIDTH="13" HEIGHT="15" CONTENT="a" WC="1.00" CC="0"/>
						<SP ID="P16_SP00124" HPOS="453" VPOS="863" WIDTH="12"/>
						<String ID="P16_ST00141" HPOS="465" VPOS="842" WIDTH="56" HEIGHT="21" CONTENT="year" WC="0.80" CC="0304"/>
						<SP ID="P16_SP00125" HPOS="521" VPOS="863" WIDTH="13"/>
						<String ID="P16_ST00142" HPOS="534" VPOS="835" WIDTH="27" HEIGHT="23" CONTENT="of" WC="0.83" CC="30"/>
						<SP ID="P16_SP00126" HPOS="561" VPOS="863" WIDTH="11"/>
						<String ID="P16_ST00143" HPOS="572" VPOS="835" WIDTH="69" HEIGHT="24" CONTENT="Sects" WC="0.79" CC="40204"/>
						<SP ID="P16_SP00127" HPOS="641" VPOS="863" WIDTH="13"/>
						<String ID="P16_ST00144" HPOS="654" VPOS="836" WIDTH="47" HEIGHT="23" CONTENT="and" WC="0.80" CC="060"/>
						<SP ID="P16_SP00128" HPOS="701" VPOS="863" WIDTH="15"/>
						<String ID="P16_ST00145" HPOS="716" VPOS="836" WIDTH="136" HEIGHT="24" CONTENT='Schisms."' WC="0.69" CC="327070502"/>
					</TextLine>
				</TextBlock>
				<TextBlock ID="P16_TB00004" HPOS="290" VPOS="900" WIDTH="711" HEIGHT="33" STYLEREFS="TXT_1 PAR_RIGHT">
					<TextLine ID="P16_TL00016" HPOS="291" VPOS="901" WIDTH="710" HEIGHT="27">
						<String ID="P16_ST00146" HPOS="291" VPOS="901" WIDTH="51" HEIGHT="23" CONTENT="Our" WC="0.75" CC="070"/>
						<SP ID="P16_SP00129" HPOS="342" VPOS="924" WIDTH="22"/>
						<String ID="P16_ST00147" HPOS="364" VPOS="907" WIDTH="162" HEIGHT="18" CONTENT="amusements" WC="0.81" CC="0027020023"/>
						<SP ID="P16_SP00130" HPOS="526" VPOS="925" WIDTH="20"/>
						<String ID="P16_ST00148" HPOS="546" VPOS="903" WIDTH="24" HEIGHT="22" CONTENT="in" WC="1.00" CC="00"/>
						<SP ID="P16_SP00131" HPOS="570" VPOS="925" WIDTH="25"/>
						<String ID="P16_ST00149" HPOS="595" VPOS="911" WIDTH="71" HEIGHT="16" CONTENT="many" WC="0.87" CC="4000"/>
						<SP ID="P16_SP00132" HPOS="666" VPOS="927" WIDTH="23"/>
						<String ID="P16_ST00150" HPOS="689" VPOS="904" WIDTH="121" HEIGHT="23" CONTENT="instances" WC="0.63" CC="572607003"/>
						<SP ID="P16_SP00133" HPOS="810" VPOS="927" WIDTH="25"/>
						<String ID="P16_ST00151" HPOS="835" VPOS="904" WIDTH="80" HEIGHT="23" CONTENT="derive" WC="0.90" CC="000500"/>
						<SP ID="P16_SP00134" HPOS="915" VPOS="927" WIDTH="25"/>
						<String ID="P16_ST00152" HPOS="940" VPOS="904" WIDTH="61" HEIGHT="24" CONTENT="their" WC="0.88" CC="00103"/>
					</TextLine>
				</TextBlock>
				<TextBlock ID="P16_TB00005" HPOS="155" VPOS="949" WIDTH="269" HEIGHT="22" STYLEREFS="TXT_1 PAR_LEFT">
					<TextLine ID="P16_TL00017" HPOS="156" VPOS="949" WIDTH="268" HEIGHT="22">
						<String ID="P16_ST00153" HPOS="156" VPOS="956" WIDTH="82" HEIGHT="15" CONTENT="names" WC="0.61" CC="60506"/>
						<SP ID="P16_SP00135" HPOS="238" VPOS="971" WIDTH="13"/>
						<String ID="P16_ST00154" HPOS="251" VPOS="949" WIDTH="61" HEIGHT="22" CONTENT="from" WC="0.65" CC="4440"/>
						<SP ID="P16_SP00136" HPOS="312" VPOS="971" WIDTH="13"/>
						<String ID="P16_ST00155" HPOS="325" VPOS="950" WIDTH="66" HEIGHT="21" CONTENT="birds" WC="0.49" CC="76704"/>
						<String ID="P16_ST00156" HPOS="393" VPOS="964" WIDTH="31" HEIGHT="4" CONTENT="—" WC="0.20" CC="8"/>
					</TextLine>
				</TextBlock>
				<TextBlock ID="P16_TB00006" HPOS="303" VPOS="1025" WIDTH="472" HEIGHT="66" STYLEREFS="TXT_1 PAR_LEFT">
					<TextLine ID="P16_TL00018" HPOS="304" VPOS="1026" WIDTH="471" HEIGHT="29">
						<String ID="P16_ST00157" HPOS="304" VPOS="1026" WIDTH="69" HEIGHT="21" CONTENT="What" WC="1.00" CC="0000"/>
						<SP ID="P16_SP00137" HPOS="373" VPOS="1047" WIDTH="12"/>
						<String ID="P16_ST00158" HPOS="385" VPOS="1027" WIDTH="87" HEIGHT="28" CONTENT="figured" WC="0.93" CC="0000400"/>
						<SP ID="P16_SP00138" HPOS="472" VPOS="1055" WIDTH="12"/>
						<String ID="P16_ST00159" HPOS="484" VPOS="1027" WIDTH="69" HEIGHT="21" CONTENT="slates" WC="0.67" CC="700156"/>
						<SP ID="P16_SP00139" HPOS="553" VPOS="1055" WIDTH="12"/>
						<String ID="P16_ST00160" HPOS="565" VPOS="1035" WIDTH="37" HEIGHT="13" CONTENT="are" WC="0.67" CC="540"/>
						<SP ID="P16_SP00140" HPOS="602" VPOS="1055" WIDTH="12"/>
						<String ID="P16_ST00161" HPOS="614" VPOS="1028" WIDTH="50" HEIGHT="21" CONTENT="best" WC="0.79" CC="0250"/>
						<SP ID="P16_SP00141" HPOS="664" VPOS="1055" WIDTH="12"/>
						<String ID="P16_ST00162" HPOS="676" VPOS="1032" WIDTH="24" HEIGHT="18" CONTENT="to" WC="0.81" CC="03"/>
						<SP ID="P16_SP00142" HPOS="700" VPOS="1055" WIDTH="11"/>
						<String ID="P16_ST00163" HPOS="711" VPOS="1029" WIDTH="64" HEIGHT="20" CONTENT="make" WC="0.81" CC="0403"/>
					</TextLine>
					<TextLine ID="P16_TL00019" HPOS="306" VPOS="1063" WIDTH="455" HEIGHT="28">
						<String ID="P16_ST00164" HPOS="306" VPOS="1063" WIDTH="36" HEIGHT="22" CONTENT="On" WC="0.59" CC="25"/>
						<SP ID="P16_SP00143" HPOS="342" VPOS="1085" WIDTH="13"/>
						<String ID="P16_ST00165" HPOS="355" VPOS="1068" WIDTH="82" HEIGHT="23" CONTENT="watery" WC="0.93" CC="003000"/>
						<SP ID="P16_SP00144" HPOS="437" VPOS="1091" WIDTH="13"/>
						<String ID="P16_ST00166" HPOS="450" VPOS="1065" WIDTH="86" HEIGHT="21" CONTENT="surface" WC="0.66" CC="7500460"/>
						<SP ID="P16_SP00145" HPOS="536" VPOS="1091" WIDTH="8"/>
						<String ID="P16_ST00167" HPOS="544" VPOS="1066" WIDTH="57" HEIGHT="21" CONTENT="duck" WC="0.88" CC="0022"/>
						<SP ID="P16_SP00146" HPOS="601" VPOS="1091" WIDTH="12"/>
						<String ID="P16_ST00168" HPOS="613" VPOS="1067" WIDTH="44" HEIGHT="20" CONTENT="and" WC="0.80" CC="060"/>
						<SP ID="P16_SP00147" HPOS="657" VPOS="1091" WIDTH="12"/>
						<String ID="P16_ST00169" HPOS="669" VPOS="1068" WIDTH="71" HEIGHT="20" CONTENT="drake" WC="0.72" CC="00049"/>
						<SP ID="P16_SP00148" HPOS="740" VPOS="1091" WIDTH="9"/>
						<String ID="P16_ST00170" HPOS="749" VPOS="1069" WIDTH="12" HEIGHT="19" CONTENT="?" WC="0.77" CC="2"/>
					</TextLine>
				</TextBlock>
				<TextBlock ID="P16_TB00007" HPOS="811" VPOS="1104" WIDTH="127" HEIGHT="22" STYLEREFS="TXT_1 PAR_RIGHT">
					<TextLine ID="P16_TL00020" HPOS="812" VPOS="1104" WIDTH="126" HEIGHT="22">
						<String ID="P16_ST00171" HPOS="812" VPOS="1104" WIDTH="126" HEIGHT="22" CONTENT="Hudibras." WC="0.61" CC="290100981"/>
					</TextLine>
				</TextBlock>
				<TextBlock ID="P16_TB00008" HPOS="304" VPOS="1148" WIDTH="384" HEIGHT="66" STYLEREFS="TXT_1 PAR_LEFT">
					<TextLine ID="P16_TL00021" HPOS="305" VPOS="1148" WIDTH="383" HEIGHT="33">
						<String ID="P16_ST00172" HPOS="305" VPOS="1148" WIDTH="22" HEIGHT="22" CONTENT="It" WC="0.71" CC="05"/>
						<SP ID="P16_SP00149" HPOS="327" VPOS="1170" WIDTH="11"/>
						<String ID="P16_ST00173" HPOS="338" VPOS="1148" WIDTH="113" HEIGHT="29" CONTENT="happen'd" WC="0.76" CC="01006740"/>
						<SP ID="P16_SP00150" HPOS="451" VPOS="1177" WIDTH="11"/>
						<String ID="P16_ST00174" HPOS="462" VPOS="1157" WIDTH="24" HEIGHT="14" CONTENT="as" WC="0.48" CC="36"/>
						<SP ID="P16_SP00151" HPOS="486" VPOS="1177" WIDTH="11"/>
						<String ID="P16_ST00175" HPOS="497" VPOS="1158" WIDTH="12" HEIGHT="14" CONTENT="a" WC="0.68" CC="3"/>
						<SP ID="P16_SP00152" HPOS="509" VPOS="1177" WIDTH="10"/>
						<String ID="P16_ST00176" HPOS="519" VPOS="1151" WIDTH="43" HEIGHT="28" CONTENT="boy" WC="0.94" CC="010"/>
						<SP ID="P16_SP00153" HPOS="562" VPOS="1179" WIDTH="9"/>
						<String ID="P16_ST00177" HPOS="571" VPOS="1159" WIDTH="42" HEIGHT="14" CONTENT="one" WC="0.92" CC="011"/>
						<SP ID="P16_SP00154" HPOS="613" VPOS="1179" WIDTH="12"/>
						<String ID="P16_ST00178" HPOS="625" VPOS="1152" WIDTH="63" HEIGHT="29" CONTENT="night" WC="0.81" CC="54000"/>
					</TextLine>
					<TextLine ID="P16_TL00022" HPOS="305" VPOS="1185" WIDTH="335" HEIGHT="29">
						<String ID="P16_ST00179" HPOS="305" VPOS="1185" WIDTH="47" HEIGHT="22" CONTENT="Did" WC="0.77" CC="500"/>
						<SP ID="P16_SP00155" HPOS="352" VPOS="1207" WIDTH="11"/>
						<String ID="P16_ST00180" HPOS="363" VPOS="1186" WIDTH="29" HEIGHT="28" CONTENT="fly" WC="1.00" CC="000"/>
						<SP ID="P16_SP00156" HPOS="392" VPOS="1214" WIDTH="12"/>
						<String ID="P16_ST00181" HPOS="404" VPOS="1187" WIDTH="34" HEIGHT="21" CONTENT="his" WC="0.46" CC="644"/>
						<SP ID="P16_SP00157" HPOS="438" VPOS="1214" WIDTH="10"/>
						<String ID="P16_ST00182" HPOS="448" VPOS="1188" WIDTH="69" HEIGHT="21" CONTENT="tarsel" WC="0.87" CC="003400"/>
						<SP ID="P16_SP00158" HPOS="517" VPOS="1214" WIDTH="11"/>
						<String ID="P16_ST00183" HPOS="528" VPOS="1189" WIDTH="26" HEIGHT="21" CONTENT="of" WC="0.89" CC="20"/>
						<SP ID="P16_SP00159" HPOS="554" VPOS="1214" WIDTH="8"/>
						<String ID="P16_ST00184" HPOS="562" VPOS="1196" WIDTH="13" HEIGHT="14" CONTENT="a" WC="0.42" CC="5"/>
						<SP ID="P16_SP00160" HPOS="575" VPOS="1214" WIDTH="11"/>
						<String ID="P16_ST00185" HPOS="586" VPOS="1190" WIDTH="54" HEIGHT="24" CONTENT="kite," WC="0.75" CC="42500"/>
					</TextLine>
				</TextBlock>
				<TextBlock ID="P16_TB00009" HPOS="304" VPOS="1222" WIDTH="546" HEIGHT="68" STYLEREFS="TXT_1 PAR_LEFT">
					<TextLine ID="P16_TL00023" HPOS="305" VPOS="1223" WIDTH="545" HEIGHT="33">
						<String ID="P16_ST00186" HPOS="305" VPOS="1223" WIDTH="50" HEIGHT="21" CONTENT="The" WC="0.56" CC="471"/>
						<SP ID="P16_SP00161" HPOS="355" VPOS="1244" WIDTH="12"/>
						<String ID="P16_ST00187" HPOS="367" VPOS="1227" WIDTH="113" HEIGHT="25" CONTENT="strongest" WC="0.69" CC="700370260"/>
						<SP ID="P16_SP00162" HPOS="480" VPOS="1252" WIDTH="12"/>
						<String ID="P16_ST00188" HPOS="492" VPOS="1225" WIDTH="155" HEIGHT="31" CONTENT="long-winged" WC="0.70" CC="00701967000"/>
						<SP ID="P16_SP00163" HPOS="647" VPOS="1256" WIDTH="11"/>
						<String ID="P16_ST00189" HPOS="658" VPOS="1228" WIDTH="64" HEIGHT="22" CONTENT="hawk" WC="0.56" CC="6190"/>
						<SP ID="P16_SP00164" HPOS="722" VPOS="1256" WIDTH="12"/>
						<String ID="P16_ST00190" HPOS="734" VPOS="1229" WIDTH="50" HEIGHT="22" CONTENT="that" WC="0.77" CC="0503"/>
						<SP ID="P16_SP00165" HPOS="784" VPOS="1256" WIDTH="12"/>
						<String ID="P16_ST00191" HPOS="796" VPOS="1229" WIDTH="54" HEIGHT="27" CONTENT="flies," WC="0.74" CC="006350"/>
					</TextLine>
					<TextLine ID="P16_TL00024" HPOS="306" VPOS="1261" WIDTH="365" HEIGHT="29">
						<String ID="P16_ST00192" HPOS="306" VPOS="1261" WIDTH="61" HEIGHT="22" CONTENT="That" WC="1.00" CC="0000"/>
						<SP ID="P16_SP00166" HPOS="367" VPOS="1283" WIDTH="12"/>
						<String ID="P16_ST00193" HPOS="379" VPOS="1262" WIDTH="45" HEIGHT="21" CONTENT="Hke" WC="0.57" CC="713"/>
						<SP ID="P16_SP00167" HPOS="424" VPOS="1283" WIDTH="13"/>
						<String ID="P16_ST00194" HPOS="437" VPOS="1270" WIDTH="12" HEIGHT="13" CONTENT="a" WC="1.00" CC="0"/>
						<SP ID="P16_SP00168" HPOS="449" VPOS="1283" WIDTH="11"/>
						<String ID="P16_ST00195" HPOS="460" VPOS="1262" WIDTH="51" HEIGHT="22" CONTENT="bird" WC="0.57" CC="6432"/>
						<SP ID="P16_SP00169" HPOS="511" VPOS="1284" WIDTH="11"/>
						<String ID="P16_ST00196" HPOS="522" VPOS="1263" WIDTH="26" HEIGHT="21" CONTENT="of" WC="0.55" CC="08"/>
						<SP ID="P16_SP00170" HPOS="548" VPOS="1284" WIDTH="9"/>
						<String ID="P16_ST00197" HPOS="557" VPOS="1264" WIDTH="114" HEIGHT="26" CONTENT="Paradise," WC="0.82" CC="302003600"/>
					</TextLine>
				</TextBlock>
				<TextBlock ID="P16_TB00010" HPOS="302" VPOS="1299" WIDTH="591" HEIGHT="363" STYLEREFS="TXT_1 PAR_LEFT">
					<TextLine ID="P16_TL00025" HPOS="306" VPOS="1300" WIDTH="429" HEIGHT="32">
						<String ID="P16_ST00198" HPOS="306" VPOS="1300" WIDTH="33" HEIGHT="22" CONTENT="Or" WC="0.41" CC="65"/>
						<SP ID="P16_SP00171" HPOS="339" VPOS="1322" WIDTH="12"/>
						<String ID="P16_ST00199" HPOS="351" VPOS="1300" WIDTH="106" HEIGHT="22" CONTENT="Herald's" WC="0.80" CC="10200036"/>
						<SP ID="P16_SP00172" HPOS="457" VPOS="1322" WIDTH="13"/>
						<String ID="P16_ST00200" HPOS="470" VPOS="1301" WIDTH="103" HEIGHT="27" CONTENT="Martlet," WC="0.92" CC="00320000"/>
						<SP ID="P16_SP00173" HPOS="573" VPOS="1328" WIDTH="12"/>
						<String ID="P16_ST00201" HPOS="585" VPOS="1302" WIDTH="40" HEIGHT="22" CONTENT="has" WC="0.56" CC="606"/>
						<SP ID="P16_SP00174" HPOS="625" VPOS="1328" WIDTH="13"/>
						<String ID="P16_ST00202" HPOS="638" VPOS="1311" WIDTH="29" HEIGHT="13" CONTENT="no" WC="0.46" CC="73"/>
						<SP ID="P16_SP00175" HPOS="667" VPOS="1328" WIDTH="12"/>
						<String ID="P16_ST00203" HPOS="679" VPOS="1304" WIDTH="56" HEIGHT="28" CONTENT="legs," WC="0.70" CC="60061"/>
					</TextLine>
					<TextLine ID="P16_TL00026" HPOS="306" VPOS="1338" WIDTH="497" HEIGHT="30">
						<String ID="P16_ST00204" HPOS="306" VPOS="1338" WIDTH="48" HEIGHT="21" CONTENT="Nor" WC="0.68" CC="054"/>
						<SP ID="P16_SP00176" HPOS="354" VPOS="1359" WIDTH="12"/>
						<String ID="P16_ST00205" HPOS="366" VPOS="1339" WIDTH="94" HEIGHT="21" CONTENT="hatches" WC="0.47" CC="3097536"/>
						<SP ID="P16_SP00177" HPOS="460" VPOS="1360" WIDTH="11"/>
						<String ID="P16_ST00206" HPOS="471" VPOS="1346" WIDTH="77" HEIGHT="21" CONTENT="young" WC="0.54" CC="05079"/>
						<SP ID="P16_SP00178" HPOS="548" VPOS="1367" WIDTH="11"/>
						<String ID="P16_ST00207" HPOS="559" VPOS="1346" WIDTH="61" HEIGHT="19" CONTENT="ones," WC="0.65" CC="26070"/>
						<SP ID="P16_SP00179" HPOS="620" VPOS="1367" WIDTH="12"/>
						<String ID="P16_ST00208" HPOS="632" VPOS="1347" WIDTH="41" HEIGHT="14" CONTENT="nor" WC="0.68" CC="602"/>
						<SP ID="P16_SP00180" HPOS="673" VPOS="1367" WIDTH="10"/>
						<String ID="P16_ST00209" HPOS="683" VPOS="1339" WIDTH="48" HEIGHT="29" CONTENT="lays" WC="0.64" CC="4405"/>
						<SP ID="P16_SP00181" HPOS="731" VPOS="1368" WIDTH="12"/>
						<String ID="P16_ST00210" HPOS="743" VPOS="1347" WIDTH="60" HEIGHT="21" CONTENT="eggs." WC="0.71" CC="70051"/>
					</TextLine>
					<TextLine ID="P16_TL00027" HPOS="305" VPOS="1376" WIDTH="520" HEIGHT="29">
						<String ID="P16_ST00211" HPOS="305" VPOS="1376" WIDTH="43" HEIGHT="21" CONTENT="His" WC="0.65" CC="307"/>
						<SP ID="P16_SP00182" HPOS="348" VPOS="1397" WIDTH="12"/>
						<String ID="P16_ST00212" HPOS="360" VPOS="1376" WIDTH="57" HEIGHT="21" CONTENT="train" WC="0.79" CC="30060"/>
						<SP ID="P16_SP00183" HPOS="417" VPOS="1397" WIDTH="11"/>
						<String ID="P16_ST00213" HPOS="428" VPOS="1383" WIDTH="45" HEIGHT="15" CONTENT="was" WC="0.77" CC="006"/>
						<SP ID="P16_SP00184" HPOS="473" VPOS="1398" WIDTH="13"/>
						<String ID="P16_ST00214" HPOS="486" VPOS="1377" WIDTH="35" HEIGHT="21" CONTENT="six" WC="0.43" CC="619"/>
						<SP ID="P16_SP00185" HPOS="521" VPOS="1398" WIDTH="12"/>
						<String ID="P16_ST00215" HPOS="533" VPOS="1377" WIDTH="67" HEIGHT="28" CONTENT="yards" WC="0.82" CC="02006"/>
						<SP ID="P16_SP00186" HPOS="600" VPOS="1405" WIDTH="11"/>
						<String ID="P16_ST00216" HPOS="611" VPOS="1377" WIDTH="62" HEIGHT="28" CONTENT="long," WC="0.85" CC="00700"/>
						<SP ID="P16_SP00187" HPOS="673" VPOS="1405" WIDTH="10"/>
						<String ID="P16_ST00217" HPOS="683" VPOS="1377" WIDTH="55" HEIGHT="21" CONTENT="milk" WC="0.85" CC="0500"/>
						<SP ID="P16_SP00188" HPOS="738" VPOS="1405" WIDTH="13"/>
						<String ID="P16_ST00218" HPOS="751" VPOS="1378" WIDTH="74" HEIGHT="25" CONTENT="white," WC="0.91" CC="000040"/>
					</TextLine>
					<TextLine ID="P16_TL00028" HPOS="304" VPOS="1413" WIDTH="487" HEIGHT="31">
						<String ID="P16_ST00219" HPOS="304" VPOS="1413" WIDTH="33" HEIGHT="21" CONTENT="At" WC="1.00" CC="00"/>
						<SP ID="P16_SP00189" HPOS="337" VPOS="1434" WIDTH="7"/>
						<String ID="P16_ST00220" HPOS="344" VPOS="1413" WIDTH="32" HEIGHT="21" CONTENT="th'" WC="0.82" CC="050"/>
						<SP ID="P16_SP00190" HPOS="376" VPOS="1434" WIDTH="12"/>
						<String ID="P16_ST00221" HPOS="388" VPOS="1414" WIDTH="44" HEIGHT="20" CONTENT="end" WC="0.57" CC="660"/>
						<SP ID="P16_SP00191" HPOS="432" VPOS="1434" WIDTH="11"/>
						<String ID="P16_ST00222" HPOS="443" VPOS="1414" WIDTH="27" HEIGHT="21" CONTENT="of" WC="0.81" CC="12"/>
						<SP ID="P16_SP00192" HPOS="470" VPOS="1435" WIDTH="7"/>
						<String ID="P16_ST00223" HPOS="477" VPOS="1414" WIDTH="73" HEIGHT="21" CONTENT="which" WC="0.81" CC="05040"/>
						<SP ID="P16_SP00193" HPOS="550" VPOS="1435" WIDTH="12"/>
						<String ID="P16_ST00224" HPOS="562" VPOS="1414" WIDTH="63" HEIGHT="22" CONTENT="there" WC="0.71" CC="06520"/>
						<SP ID="P16_SP00194" HPOS="625" VPOS="1436" WIDTH="12"/>
						<String ID="P16_ST00225" HPOS="637" VPOS="1415" WIDTH="61" HEIGHT="29" CONTENT="hung" WC="0.54" CC="6470"/>
						<SP ID="P16_SP00195" HPOS="698" VPOS="1444" WIDTH="12"/>
						<String ID="P16_ST00226" HPOS="710" VPOS="1422" WIDTH="13" HEIGHT="14" CONTENT="a" WC="1.00" CC="0"/>
						<SP ID="P16_SP00196" HPOS="723" VPOS="1444" WIDTH="11"/>
						<String ID="P16_ST00227" HPOS="734" VPOS="1416" WIDTH="57" HEIGHT="28" CONTENT="light" WC="0.50" CC="02965"/>
					</TextLine>
					<TextLine ID="P16_TL00029" HPOS="304" VPOS="1448" WIDTH="443" HEIGHT="32">
						<String ID="P16_ST00228" HPOS="304" VPOS="1448" WIDTH="98" HEIGHT="22" CONTENT="Inclos'd" WC="0.78" CC="10500720"/>
						<SP ID="P16_SP00197" HPOS="402" VPOS="1470" WIDTH="12"/>
						<String ID="P16_ST00229" HPOS="414" VPOS="1449" WIDTH="22" HEIGHT="21" CONTENT="in" WC="0.67" CC="33"/>
						<SP ID="P16_SP00198" HPOS="436" VPOS="1470" WIDTH="12"/>
						<String ID="P16_ST00230" HPOS="448" VPOS="1449" WIDTH="105" HEIGHT="22" CONTENT="lanthorn" WC="0.70" CC="20800066"/>
						<SP ID="P16_SP00199" HPOS="553" VPOS="1471" WIDTH="11"/>
						<String ID="P16_ST00231" HPOS="564" VPOS="1451" WIDTH="66" HEIGHT="20" CONTENT="made" WC="0.75" CC="2205"/>
						<SP ID="P16_SP00200" HPOS="630" VPOS="1471" WIDTH="8"/>
						<String ID="P16_ST00232" HPOS="638" VPOS="1451" WIDTH="26" HEIGHT="21" CONTENT="of" WC="1.00" CC="00"/>
						<SP ID="P16_SP00201" HPOS="664" VPOS="1472" WIDTH="7"/>
						<String ID="P16_ST00233" HPOS="671" VPOS="1459" WIDTH="76" HEIGHT="21" CONTENT="paper," WC="0.85" CC="000062"/>
					</TextLine>
					<TextLine ID="P16_TL00030" HPOS="303" VPOS="1487" WIDTH="434" HEIGHT="29">
						<String ID="P16_ST00234" HPOS="303" VPOS="1487" WIDTH="62" HEIGHT="21" CONTENT="That" WC="0.80" CC="0430"/>
						<SP ID="P16_SP00202" HPOS="365" VPOS="1508" WIDTH="12"/>
						<String ID="P16_ST00235" HPOS="377" VPOS="1487" WIDTH="32" HEIGHT="20" CONTENT="far" WC="0.78" CC="420"/>
						<SP ID="P16_SP00203" HPOS="409" VPOS="1508" WIDTH="9"/>
						<String ID="P16_ST00236" HPOS="418" VPOS="1488" WIDTH="34" HEIGHT="20" CONTENT="off" WC="1.00" CC="000"/>
						<SP ID="P16_SP00204" HPOS="452" VPOS="1508" WIDTH="8"/>
						<String ID="P16_ST00237" HPOS="460" VPOS="1487" WIDTH="44" HEIGHT="21" CONTENT="like" WC="0.79" CC="2600"/>
						<SP ID="P16_SP00205" HPOS="504" VPOS="1508" WIDTH="11"/>
						<String ID="P16_ST00238" HPOS="515" VPOS="1495" WIDTH="13" HEIGHT="14" CONTENT="a" WC="1.00" CC="0"/>
						<SP ID="P16_SP00206" HPOS="528" VPOS="1509" WIDTH="12"/>
						<String ID="P16_ST00239" HPOS="540" VPOS="1492" WIDTH="46" HEIGHT="17" CONTENT="star" WC="0.53" CC="6056"/>
						<SP ID="P16_SP00207" HPOS="586" VPOS="1509" WIDTH="12"/>
						<String ID="P16_ST00240" HPOS="598" VPOS="1488" WIDTH="38" HEIGHT="21" CONTENT="did" WC="0.98" CC="000"/>
						<SP ID="P16_SP00208" HPOS="636" VPOS="1509" WIDTH="11"/>
						<String ID="P16_ST00241" HPOS="647" VPOS="1496" WIDTH="90" HEIGHT="20" CONTENT="appear." WC="0.90" CC="0000060"/>
					</TextLine>
					<TextLine ID="P16_TL00031" HPOS="305" VPOS="1523" WIDTH="424" HEIGHT="30">
						<String ID="P16_ST00242" HPOS="305" VPOS="1523" WIDTH="57" HEIGHT="21" CONTENT="This" WC="0.51" CC="0667"/>
						<SP ID="P16_SP00209" HPOS="362" VPOS="1544" WIDTH="13"/>
						<String ID="P16_ST00243" HPOS="375" VPOS="1523" WIDTH="119" HEIGHT="28" CONTENT="Sidrophel" WC="0.72" CC="020016706"/>
						<SP ID="P16_SP00210" HPOS="494" VPOS="1551" WIDTH="12"/>
						<String ID="P16_ST00244" HPOS="506" VPOS="1525" WIDTH="29" HEIGHT="27" CONTENT="by" WC="0.81" CC="30"/>
						<SP ID="P16_SP00211" HPOS="535" VPOS="1552" WIDTH="12"/>
						<String ID="P16_ST00245" HPOS="547" VPOS="1524" WIDTH="84" HEIGHT="22" CONTENT="chance" WC="0.81" CC="040600"/>
						<SP ID="P16_SP00212" HPOS="631" VPOS="1552" WIDTH="14"/>
						<String ID="P16_ST00246" HPOS="645" VPOS="1525" WIDTH="84" HEIGHT="28" CONTENT="espy'd," WC="0.67" CC="5690010"/>
					</TextLine>
					<TextLine ID="P16_TL00032" HPOS="303" VPOS="1560" WIDTH="438" HEIGHT="30">
						<String ID="P16_ST00247" HPOS="303" VPOS="1560" WIDTH="53" HEIGHT="22" CONTENT="And" WC="0.86" CC="040"/>
						<SP ID="P16_SP00213" HPOS="356" VPOS="1582" WIDTH="13"/>
						<String ID="P16_ST00248" HPOS="369" VPOS="1560" WIDTH="52" HEIGHT="21" CONTENT="with" WC="0.85" CC="0600"/>
						<SP ID="P16_SP00214" HPOS="421" VPOS="1582" WIDTH="12"/>
						<String ID="P16_ST00249" HPOS="433" VPOS="1565" WIDTH="142" HEIGHT="17" CONTENT="amazement" WC="0.73" CC="004660050"/>
						<SP ID="P16_SP00215" HPOS="575" VPOS="1582" WIDTH="12"/>
						<String ID="P16_ST00250" HPOS="587" VPOS="1561" WIDTH="85" HEIGHT="29" CONTENT="staring" WC="0.73" CC="6090020"/>
						<SP ID="P16_SP00216" HPOS="672" VPOS="1590" WIDTH="12"/>
						<String ID="P16_ST00251" HPOS="684" VPOS="1561" WIDTH="57" HEIGHT="22" CONTENT="wide" WC="0.89" CC="0400"/>
					</TextLine>
					<TextLine ID="P16_TL00033" HPOS="303" VPOS="1597" WIDTH="590" HEIGHT="28">
						<String ID="P16_ST00252" HPOS="303" VPOS="1599" WIDTH="13" HEIGHT="10" CONTENT='"' WC="0.80" CC="1"/>
						<SP ID="P16_SP00217" HPOS="316" VPOS="1609" WIDTH="9"/>
						<String ID="P16_ST00253" HPOS="325" VPOS="1597" WIDTH="63" HEIGHT="21" CONTENT="Bless" WC="0.70" CC="60106"/>
						<SP ID="P16_SP00218" HPOS="388" VPOS="1618" WIDTH="12"/>
						<String ID="P16_ST00254" HPOS="400" VPOS="1597" WIDTH="41" HEIGHT="25" CONTENT="us,'" WC="0.81" CC="2103"/>
						<SP ID="P16_SP00219" HPOS="441" VPOS="1622" WIDTH="20"/>
						<String ID="P16_ST00255" HPOS="461" VPOS="1598" WIDTH="71" HEIGHT="27" CONTENT="quoth" WC="0.48" CC="97205"/>
						<SP ID="P16_SP00220" HPOS="532" VPOS="1625" WIDTH="13"/>
						<String ID="P16_ST00256" HPOS="545" VPOS="1598" WIDTH="36" HEIGHT="26" CONTENT="he," WC="0.80" CC="401"/>
						<SP ID="P16_SP00221" HPOS="581" VPOS="1625" WIDTH="12"/>
						<String ID="P16_ST00257" HPOS="593" VPOS="1601" WIDTH="14" HEIGHT="9" CONTENT='"' WC="0.91" CC="0"/>
						<SP ID="P16_SP00222" HPOS="607" VPOS="1625" WIDTH="12"/>
						<String ID="P16_ST00258" HPOS="619" VPOS="1598" WIDTH="60" HEIGHT="23" CONTENT="what" WC="0.82" CC="0700"/>
						<SP ID="P16_SP00223" HPOS="679" VPOS="1625" WIDTH="12"/>
						<String ID="P16_ST00259" HPOS="691" VPOS="1600" WIDTH="103" HEIGHT="21" CONTENT="dreadful" WC="0.80" CC="07000070"/>
						<SP ID="P16_SP00224" HPOS="794" VPOS="1625" WIDTH="9"/>
						<String ID="P16_ST00260" HPOS="803" VPOS="1602" WIDTH="90" HEIGHT="21" CONTENT="wonder" WC="0.62" CC="907005"/>
					</TextLine>
					<TextLine ID="P16_TL00034" HPOS="302" VPOS="1632" WIDTH="471" HEIGHT="30">
						<String ID="P16_ST00261" HPOS="302" VPOS="1633" WIDTH="22" HEIGHT="21" CONTENT="Is" WC="0.71" CC="05"/>
						<SP ID="P16_SP00225" HPOS="324" VPOS="1654" WIDTH="12"/>
						<String ID="P16_ST00262" HPOS="336" VPOS="1632" WIDTH="49" HEIGHT="22" CONTENT="that" WC="0.83" CC="0600"/>
						<SP ID="P16_SP00226" HPOS="385" VPOS="1654" WIDTH="13"/>
						<String ID="P16_ST00263" HPOS="398" VPOS="1640" WIDTH="93" HEIGHT="20" CONTENT="appears" WC="0.84" CC="0200016"/>
						<SP ID="P16_SP00227" HPOS="491" VPOS="1660" WIDTH="13"/>
						<String ID="P16_ST00264" HPOS="504" VPOS="1633" WIDTH="22" HEIGHT="21" CONTENT="in" WC="0.70" CC="14"/>
						<SP ID="P16_SP00228" HPOS="526" VPOS="1660" WIDTH="12"/>
						<String ID="P16_ST00265" HPOS="538" VPOS="1633" WIDTH="106" HEIGHT="22" CONTENT="Heavens" WC="0.69" CC="6003305"/>
						<SP ID="P16_SP00229" HPOS="644" VPOS="1660" WIDTH="11"/>
						<String ID="P16_ST00266" HPOS="655" VPOS="1636" WIDTH="118" HEIGHT="26" CONTENT='yonder?"' WC="0.70" CC="02400690"/>
					</TextLine>
				</TextBlock>
				<TextBlock ID="P16_TB00011" HPOS="301" VPOS="1668" WIDTH="444" HEIGHT="67" STYLEREFS="TXT_1 PAR_LEFT">
					<TextLine ID="P16_TL00035" HPOS="301" VPOS="1669" WIDTH="399" HEIGHT="31">
						<String ID="P16_ST00267" HPOS="301" VPOS="1669" WIDTH="57" HEIGHT="21" CONTENT="This" WC="0.60" CC="0357"/>
						<SP ID="P16_SP00230" HPOS="358" VPOS="1690" WIDTH="10"/>
						<String ID="P16_ST00268" HPOS="368" VPOS="1670" WIDTH="55" HEIGHT="25" CONTENT="said," WC="0.79" CC="70201"/>
						<SP ID="P16_SP00231" HPOS="423" VPOS="1695" WIDTH="12"/>
						<String ID="P16_ST00269" HPOS="435" VPOS="1670" WIDTH="28" HEIGHT="21" CONTENT="he" WC="0.57" CC="44"/>
						<SP ID="P16_SP00232" HPOS="463" VPOS="1695" WIDTH="13"/>
						<String ID="P16_ST00270" HPOS="476" VPOS="1674" WIDTH="23" HEIGHT="18" CONTENT="to" WC="1.00" CC="00"/>
						<SP ID="P16_SP00233" HPOS="499" VPOS="1695" WIDTH="12"/>
						<String ID="P16_ST00271" HPOS="511" VPOS="1670" WIDTH="35" HEIGHT="22" CONTENT="his" WC="0.55" CC="327"/>
						<SP ID="P16_SP00234" HPOS="546" VPOS="1695" WIDTH="13"/>
						<String ID="P16_ST00272" HPOS="559" VPOS="1672" WIDTH="80" HEIGHT="28" CONTENT="engine" WC="0.63" CC="039071"/>
						<SP ID="P16_SP00235" HPOS="639" VPOS="1700" WIDTH="12"/>
						<String ID="P16_ST00273" HPOS="651" VPOS="1672" WIDTH="49" HEIGHT="21" CONTENT="flew" WC="0.79" CC="0007"/>
					</TextLine>
					<TextLine ID="P16_TL00036" HPOS="301" VPOS="1704" WIDTH="444" HEIGHT="31">
						<String ID="P16_ST00274" HPOS="301" VPOS="1704" WIDTH="83" HEIGHT="22" CONTENT="Placed" WC="0.51" CC="705509"/>
						<SP ID="P16_SP00236" HPOS="384" VPOS="1726" WIDTH="14"/>
						<String ID="P16_ST00275" HPOS="398" VPOS="1714" WIDTH="53" HEIGHT="13" CONTENT="near" WC="0.36" CC="7592"/>
						<SP ID="P16_SP00237" HPOS="451" VPOS="1727" WIDTH="9"/>
						<String ID="P16_ST00276" HPOS="460" VPOS="1711" WIDTH="22" HEIGHT="17" CONTENT="at" WC="0.47" CC="90"/>
						<SP ID="P16_SP00238" HPOS="482" VPOS="1728" WIDTH="14"/>
						<String ID="P16_ST00277" HPOS="496" VPOS="1708" WIDTH="66" HEIGHT="24" CONTENT="hand," WC="0.80" CC="00801"/>
						<SP ID="P16_SP00239" HPOS="562" VPOS="1732" WIDTH="8"/>
						<String ID="P16_ST00278" HPOS="570" VPOS="1708" WIDTH="22" HEIGHT="21" CONTENT="in" WC="0.48" CC="64"/>
						<SP ID="P16_SP00240" HPOS="592" VPOS="1732" WIDTH="14"/>
						<String ID="P16_ST00279" HPOS="606" VPOS="1716" WIDTH="58" HEIGHT="19" CONTENT="open" WC="0.70" CC="0902"/>
						<SP ID="P16_SP00241" HPOS="664" VPOS="1735" WIDTH="12"/>
						<String ID="P16_ST00280" HPOS="676" VPOS="1709" WIDTH="55" HEIGHT="22" CONTENT="view" WC="0.66" CC="6600"/>
						<SP ID="P16_SP00242" HPOS="731" VPOS="1735" WIDTH="10"/>
						<String ID="P16_ST00281" HPOS="741" VPOS="1718" WIDTH="4" HEIGHT="13" CONTENT=":" WC="0.71" CC="2"/>
					</TextLine>
				</TextBlock>
			</PrintSpace>
		</Page>
	</Layout>
</alto>
