<?xml version="1.0" encoding="UTF-8"?>
<alto xmlns:xsi="http://www.w3.org/2001/XMLSchema-instance" xsi:noNamespaceSchemaLocation="http://www.bl.uk/schemas/alto/alto-1-4.xsd" xmlns:xlink="http://www.w3.org/1999/xlink">
	<Description>
		<MeasurementUnit>mm10</MeasurementUnit>
		<sourceImageInformation>
			<fileName>//head1/IN/2008-26/A0011759050/008154.jp2</fileName>
		</sourceImageInformation>
		<OCRProcessing ID="OCRPROCESSING_1">
			<preProcessingStep>
				<processingSoftware>
					<softwareCreator>CCS Content Conversion Specialists GmbH, Germany</softwareCreator>
					<softwareName>CCS docWORKS</softwareName>
					<softwareVersion>6.1-0.67</softwareVersion>
				</processingSoftware>
			</preProcessingStep>
			<ocrProcessingStep>
				<processingSoftware>
					<softwareCreator>ABBYY (BIT Software), Russia</softwareCreator>
					<softwareName>Finereader</softwareName>
				</processingSoftware>
			</ocrProcessingStep>
		</OCRProcessing>
	</Description>
	<Styles/>
	<Layout>
		<Page ID="P162" PHYSICAL_IMG_NR="162" HEIGHT="1962" WIDTH="1120" POSITION="Left">
			<TopMargin ID="P162_TM00001" HPOS="0" VPOS="0" WIDTH="1120" HEIGHT="0"/>
			<LeftMargin ID="P162_LM00001" HPOS="0" VPOS="0" WIDTH="0" HEIGHT="1961"/>
			<RightMargin ID="P162_RM00001" HPOS="1120" VPOS="0" WIDTH="0" HEIGHT="1961"/>
			<BottomMargin ID="P162_BM00001" HPOS="0" VPOS="1961" WIDTH="1120" HEIGHT="0"/>
			<PrintSpace ID="P162_PS00001" HPOS="0" VPOS="0" WIDTH="1120" HEIGHT="1961"/>
		</Page>
	</Layout>
</alto>
