<?xml version="1.0" encoding="UTF-8"?>
<alto xmlns:xsi="http://www.w3.org/2001/XMLSchema-instance" xsi:noNamespaceSchemaLocation="http://www.bl.uk/schemas/alto/alto-1-4.xsd" xmlns:xlink="http://www.w3.org/1999/xlink">
	<Description>
		<MeasurementUnit>mm10</MeasurementUnit>
		<sourceImageInformation>
			<fileName>//head1/IN/2008-26/A0011759050/008078.jp2</fileName>
		</sourceImageInformation>
		<OCRProcessing ID="OCRPROCESSING_1">
			<preProcessingStep>
				<processingSoftware>
					<softwareCreator>CCS Content Conversion Specialists GmbH, Germany</softwareCreator>
					<softwareName>CCS docWORKS</softwareName>
					<softwareVersion>6.1-0.67</softwareVersion>
				</processingSoftware>
			</preProcessingStep>
			<ocrProcessingStep>
				<processingSoftware>
					<softwareCreator>ABBYY (BIT Software), Russia</softwareCreator>
					<softwareName>Finereader</softwareName>
				</processingSoftware>
			</ocrProcessingStep>
		</OCRProcessing>
	</Description>
	<Styles>
		<TextStyle ID="TXT_0" FONTSIZE="10" FONTFAMILY="Courier New"/>
		<TextStyle ID="TXT_1" FONTSIZE="9" FONTFAMILY="Courier New"/>
		<ParagraphStyle ID="PAR_LEFT" ALIGN="Left"/>
		<ParagraphStyle ID="PAR_CENTER" ALIGN="Center"/>
		<ParagraphStyle ID="PAR_RIGHT" ALIGN="Right"/>
	</Styles>
	<Layout>
		<Page ID="P86" PHYSICAL_IMG_NR="86" HEIGHT="1962" WIDTH="1120" PRINTED_IMG_NR="76" POSITION="Left" ACCURACY="71.51">
			<TopMargin ID="P86_TM00001" HPOS="0" VPOS="0" WIDTH="1120" HEIGHT="204">
				<TextBlock ID="P86_TB00001" HPOS="139" VPOS="180" WIDTH="27" HEIGHT="22" STYLEREFS="TXT_0 PAR_LEFT">
					<TextLine ID="P86_TL00001" HPOS="139" VPOS="180" WIDTH="27" HEIGHT="22">
						<String ID="P86_ST00001" HPOS="139" VPOS="180" WIDTH="27" HEIGHT="22" CONTENT="76" WC="1.00" CC="00"/>
					</TextLine>
				</TextBlock>
				<TextBlock ID="P86_TB00002" HPOS="433" VPOS="182" WIDTH="241" HEIGHT="19" STYLEREFS="TXT_1 PAR_CENTER">
					<TextLine ID="P86_TL00002" HPOS="434" VPOS="184" WIDTH="240" HEIGHT="17">
						<String ID="P86_ST00002" HPOS="434" VPOS="187" WIDTH="120" HEIGHT="14" CONTENT="POETICAL" WC="0.63" CC="60700706"/>
						<SP ID="P86_SP00001" HPOS="554" VPOS="201" WIDTH="19"/>
						<String ID="P86_ST00003" HPOS="573" VPOS="184" WIDTH="101" HEIGHT="17" CONTENT="AVIARY." WC="0.70" CC="0660700"/>
					</TextLine>
				</TextBlock>
			</TopMargin>
			<LeftMargin ID="P86_LM00001" HPOS="0" VPOS="204" WIDTH="139" HEIGHT="1545"/>
			<RightMargin ID="P86_RM00001" HPOS="993" VPOS="204" WIDTH="127" HEIGHT="1545"/>
			<BottomMargin ID="P86_BM00001" HPOS="0" VPOS="1749" WIDTH="1120" HEIGHT="212"/>
			<PrintSpace ID="P86_PS00001" HPOS="139" VPOS="204" WIDTH="854" HEIGHT="1545">
				<TextBlock ID="P86_TB00003" HPOS="256" VPOS="259" WIDTH="509" HEIGHT="287" STYLEREFS="TXT_1 PAR_LEFT">
					<TextLine ID="P86_TL00003" HPOS="257" VPOS="259" WIDTH="414" HEIGHT="30">
						<String ID="P86_ST00004" HPOS="257" VPOS="260" WIDTH="11" HEIGHT="21" CONTENT="I" WC="0.46" CC="5"/>
						<SP ID="P86_SP00002" HPOS="268" VPOS="281" WIDTH="11"/>
						<String ID="P86_ST00005" HPOS="279" VPOS="259" WIDTH="70" HEIGHT="22" CONTENT="heard" WC="0.66" CC="28050"/>
						<SP ID="P86_SP00003" HPOS="349" VPOS="281" WIDTH="12"/>
						<String ID="P86_ST00006" HPOS="361" VPOS="267" WIDTH="12" HEIGHT="14" CONTENT="a" WC="1.00" CC="0"/>
						<SP ID="P86_SP00004" HPOS="373" VPOS="281" WIDTH="11"/>
						<String ID="P86_ST00007" HPOS="384" VPOS="260" WIDTH="138" HEIGHT="22" CONTENT="Stock-dove" WC="0.84" CC="2010000505"/>
						<SP ID="P86_SP00005" HPOS="522" VPOS="282" WIDTH="13"/>
						<String ID="P86_ST00008" HPOS="535" VPOS="261" WIDTH="49" HEIGHT="28" CONTENT="sing" WC="0.58" CC="7270"/>
						<SP ID="P86_SP00006" HPOS="584" VPOS="289" WIDTH="12"/>
						<String ID="P86_ST00009" HPOS="596" VPOS="268" WIDTH="25" HEIGHT="14" CONTENT="or" WC="0.79" CC="40"/>
						<SP ID="P86_SP00007" HPOS="621" VPOS="289" WIDTH="11"/>
						<String ID="P86_ST00010" HPOS="632" VPOS="268" WIDTH="39" HEIGHT="15" CONTENT="say" WC="0.50" CC="608"/>
					</TextLine>
					<TextLine ID="P86_TL00004" HPOS="257" VPOS="296" WIDTH="389" HEIGHT="29">
						<String ID="P86_ST00011" HPOS="257" VPOS="296" WIDTH="43" HEIGHT="22" CONTENT="His" WC="0.55" CC="606"/>
						<SP ID="P86_SP00008" HPOS="300" VPOS="318" WIDTH="10"/>
						<String ID="P86_ST00012" HPOS="310" VPOS="296" WIDTH="90" HEIGHT="29" CONTENT="homely" WC="0.55" CC="617370"/>
						<SP ID="P86_SP00009" HPOS="400" VPOS="325" WIDTH="11"/>
						<String ID="P86_ST00013" HPOS="411" VPOS="298" WIDTH="51" HEIGHT="26" CONTENT="tale," WC="0.77" CC="00253"/>
						<SP ID="P86_SP00010" HPOS="462" VPOS="325" WIDTH="12"/>
						<String ID="P86_ST00014" HPOS="474" VPOS="298" WIDTH="46" HEIGHT="21" CONTENT="this" WC="0.53" CC="0647"/>
						<SP ID="P86_SP00011" HPOS="520" VPOS="325" WIDTH="11"/>
						<String ID="P86_ST00015" HPOS="531" VPOS="305" WIDTH="52" HEIGHT="20" CONTENT="very" WC="0.74" CC="7020"/>
						<SP ID="P86_SP00012" HPOS="583" VPOS="325" WIDTH="12"/>
						<String ID="P86_ST00016" HPOS="595" VPOS="298" WIDTH="51" HEIGHT="27" CONTENT="day," WC="0.98" CC="0000"/>
					</TextLine>
					<TextLine ID="P86_TL00005" HPOS="257" VPOS="332" WIDTH="486" HEIGHT="31">
						<String ID="P86_ST00017" HPOS="257" VPOS="332" WIDTH="44" HEIGHT="22" CONTENT="His" WC="0.56" CC="606"/>
						<SP ID="P86_SP00013" HPOS="301" VPOS="354" WIDTH="11"/>
						<String ID="P86_ST00018" HPOS="312" VPOS="333" WIDTH="61" HEIGHT="22" CONTENT="voice" WC="0.64" CC="51270"/>
						<SP ID="P86_SP00014" HPOS="373" VPOS="355" WIDTH="12"/>
						<String ID="P86_ST00019" HPOS="385" VPOS="342" WIDTH="44" HEIGHT="13" CONTENT="was" WC="0.89" CC="003"/>
						<SP ID="P86_SP00015" HPOS="429" VPOS="355" WIDTH="11"/>
						<String ID="P86_ST00020" HPOS="440" VPOS="335" WIDTH="81" HEIGHT="21" CONTENT="buried" WC="0.78" CC="620040"/>
						<SP ID="P86_SP00016" HPOS="521" VPOS="356" WIDTH="11"/>
						<String ID="P86_ST00021" HPOS="532" VPOS="342" WIDTH="81" HEIGHT="21" CONTENT="among" WC="0.61" CC="62370"/>
						<SP ID="P86_SP00017" HPOS="613" VPOS="363" WIDTH="11"/>
						<String ID="P86_ST00022" HPOS="624" VPOS="333" WIDTH="39" HEIGHT="22" CONTENT="the" WC="0.53" CC="373"/>
						<SP ID="P86_SP00018" HPOS="663" VPOS="363" WIDTH="12"/>
						<String ID="P86_ST00023" HPOS="675" VPOS="336" WIDTH="68" HEIGHT="22" CONTENT="trees," WC="0.62" CC="027670"/>
					</TextLine>
					<TextLine ID="P86_TL00006" HPOS="258" VPOS="370" WIDTH="418" HEIGHT="30">
						<String ID="P86_ST00024" HPOS="258" VPOS="370" WIDTH="45" HEIGHT="22" CONTENT="Yet" WC="0.87" CC="030"/>
						<SP ID="P86_SP00019" HPOS="303" VPOS="392" WIDTH="12"/>
						<String ID="P86_ST00025" HPOS="315" VPOS="374" WIDTH="23" HEIGHT="18" CONTENT="to" WC="0.65" CC="33"/>
						<SP ID="P86_SP00020" HPOS="338" VPOS="392" WIDTH="12"/>
						<String ID="P86_ST00026" HPOS="350" VPOS="370" WIDTH="27" HEIGHT="22" CONTENT="be" WC="0.87" CC="20"/>
						<SP ID="P86_SP00021" HPOS="377" VPOS="392" WIDTH="12"/>
						<String ID="P86_ST00027" HPOS="389" VPOS="378" WIDTH="63" HEIGHT="14" CONTENT="come" WC="0.77" CC="3500"/>
						<SP ID="P86_SP00022" HPOS="452" VPOS="392" WIDTH="14"/>
						<String ID="P86_ST00028" HPOS="466" VPOS="375" WIDTH="23" HEIGHT="17" CONTENT="at" WC="0.69" CC="60"/>
						<SP ID="P86_SP00023" HPOS="489" VPOS="392" WIDTH="9"/>
						<String ID="P86_ST00029" HPOS="498" VPOS="372" WIDTH="29" HEIGHT="28" CONTENT="by" WC="0.85" CC="20"/>
						<SP ID="P86_SP00024" HPOS="527" VPOS="400" WIDTH="11"/>
						<String ID="P86_ST00030" HPOS="538" VPOS="371" WIDTH="39" HEIGHT="21" CONTENT="the" WC="0.76" CC="070"/>
						<SP ID="P86_SP00025" HPOS="577" VPOS="400" WIDTH="11"/>
						<String ID="P86_ST00031" HPOS="588" VPOS="372" WIDTH="88" HEIGHT="20" CONTENT="breeze." WC="0.66" CC="6703500"/>
					</TextLine>
					<TextLine ID="P86_TL00007" HPOS="260" VPOS="406" WIDTH="505" HEIGHT="28">
						<String ID="P86_ST00032" HPOS="260" VPOS="406" WIDTH="35" HEIGHT="22" CONTENT="He" WC="0.79" CC="04"/>
						<SP ID="P86_SP00026" HPOS="295" VPOS="428" WIDTH="13"/>
						<String ID="P86_ST00033" HPOS="308" VPOS="407" WIDTH="39" HEIGHT="21" CONTENT="did" WC="0.76" CC="070"/>
						<SP ID="P86_SP00027" HPOS="347" VPOS="428" WIDTH="12"/>
						<String ID="P86_ST00034" HPOS="359" VPOS="411" WIDTH="39" HEIGHT="18" CONTENT="not" WC="0.59" CC="740"/>
						<SP ID="P86_SP00028" HPOS="398" VPOS="429" WIDTH="12"/>
						<String ID="P86_ST00035" HPOS="410" VPOS="415" WIDTH="63" HEIGHT="15" CONTENT="cease" WC="0.53" CC="32475"/>
						<SP ID="P86_SP00029" HPOS="473" VPOS="430" WIDTH="10"/>
						<String ID="P86_ST00036" HPOS="483" VPOS="416" WIDTH="4" HEIGHT="18" CONTENT=";" WC="0.84" CC="1"/>
						<SP ID="P86_SP00030" HPOS="487" VPOS="434" WIDTH="17"/>
						<String ID="P86_ST00037" HPOS="504" VPOS="409" WIDTH="40" HEIGHT="21" CONTENT="but" WC="0.69" CC="530"/>
						<SP ID="P86_SP00031" HPOS="544" VPOS="434" WIDTH="12"/>
						<String ID="P86_ST00038" HPOS="556" VPOS="408" WIDTH="71" HEIGHT="22" CONTENT="cooed" WC="0.80" CC="50201"/>
						<SP ID="P86_SP00032" HPOS="627" VPOS="434" WIDTH="11"/>
						<String ID="P86_ST00039" HPOS="638" VPOS="408" WIDTH="44" HEIGHT="21" CONTENT="and" WC="0.76" CC="070"/>
						<SP ID="P86_SP00033" HPOS="682" VPOS="434" WIDTH="11"/>
						<String ID="P86_ST00040" HPOS="693" VPOS="407" WIDTH="72" HEIGHT="22" CONTENT="cooed" WC="0.65" CC="40057"/>
					</TextLine>
					<TextLine ID="P86_TL00008" HPOS="261" VPOS="444" WIDTH="446" HEIGHT="30">
						<String ID="P86_ST00041" HPOS="261" VPOS="445" WIDTH="55" HEIGHT="21" CONTENT="And" WC="0.83" CC="040"/>
						<SP ID="P86_SP00034" HPOS="316" VPOS="466" WIDTH="8"/>
						<String ID="P86_ST00042" HPOS="324" VPOS="445" WIDTH="123" HEIGHT="22" CONTENT="somewhat" WC="0.65" CC="55300760"/>
						<SP ID="P86_SP00035" HPOS="447" VPOS="467" WIDTH="9"/>
						<String ID="P86_ST00043" HPOS="456" VPOS="446" WIDTH="116" HEIGHT="28" CONTENT="pensively" WC="0.69" CC="017347300"/>
						<SP ID="P86_SP00036" HPOS="572" VPOS="474" WIDTH="9"/>
						<String ID="P86_ST00044" HPOS="581" VPOS="445" WIDTH="29" HEIGHT="22" CONTENT="he" WC="0.67" CC="60"/>
						<SP ID="P86_SP00037" HPOS="610" VPOS="474" WIDTH="11"/>
						<String ID="P86_ST00045" HPOS="621" VPOS="444" WIDTH="86" HEIGHT="22" CONTENT="wooed." WC="0.70" CC="902310"/>
					</TextLine>
					<TextLine ID="P86_TL00009" HPOS="262" VPOS="481" WIDTH="461" HEIGHT="30">
						<String ID="P86_ST00046" HPOS="262" VPOS="482" WIDTH="36" HEIGHT="21" CONTENT="He" WC="1.00" CC="00"/>
						<SP ID="P86_SP00038" HPOS="298" VPOS="503" WIDTH="12"/>
						<String ID="P86_ST00047" HPOS="310" VPOS="490" WIDTH="55" HEIGHT="21" CONTENT="sang" WC="0.59" CC="5370"/>
						<SP ID="P86_SP00039" HPOS="365" VPOS="511" WIDTH="11"/>
						<String ID="P86_ST00048" HPOS="376" VPOS="483" WIDTH="27" HEIGHT="21" CONTENT="of" WC="0.59" CC="25"/>
						<SP ID="P86_SP00040" HPOS="403" VPOS="511" WIDTH="5"/>
						<String ID="P86_ST00049" HPOS="408" VPOS="483" WIDTH="49" HEIGHT="22" CONTENT="love" WC="0.69" CC="5060"/>
						<SP ID="P86_SP00041" HPOS="457" VPOS="511" WIDTH="11"/>
						<String ID="P86_ST00050" HPOS="468" VPOS="483" WIDTH="54" HEIGHT="21" CONTENT="with" WC="0.42" CC="9606"/>
						<SP ID="P86_SP00042" HPOS="522" VPOS="511" WIDTH="12"/>
						<String ID="P86_ST00051" HPOS="534" VPOS="482" WIDTH="63" HEIGHT="29" CONTENT="quiet" WC="0.65" CC="54500"/>
						<SP ID="P86_SP00043" HPOS="597" VPOS="511" WIDTH="11"/>
						<String ID="P86_ST00052" HPOS="608" VPOS="481" WIDTH="115" HEIGHT="29" CONTENT="blending," WC="0.55" CC="640706490"/>
					</TextLine>
					<TextLine ID="P86_TL00010" HPOS="262" VPOS="517" WIDTH="417" HEIGHT="29">
						<String ID="P86_ST00053" HPOS="262" VPOS="517" WIDTH="59" HEIGHT="23" CONTENT="Slow" WC="0.71" CC="6400"/>
						<SP ID="P86_SP00044" HPOS="321" VPOS="540" WIDTH="11"/>
						<String ID="P86_ST00054" HPOS="332" VPOS="522" WIDTH="24" HEIGHT="18" CONTENT="to" WC="0.73" CC="05"/>
						<SP ID="P86_SP00045" HPOS="356" VPOS="540" WIDTH="12"/>
						<String ID="P86_ST00055" HPOS="368" VPOS="519" WIDTH="74" HEIGHT="27" CONTENT="begin," WC="0.57" CC="328351"/>
						<SP ID="P86_SP00046" HPOS="442" VPOS="546" WIDTH="13"/>
						<String ID="P86_ST00056" HPOS="455" VPOS="520" WIDTH="44" HEIGHT="21" CONTENT="and" WC="0.42" CC="259"/>
						<SP ID="P86_SP00047" HPOS="499" VPOS="546" WIDTH="12"/>
						<String ID="P86_ST00057" HPOS="511" VPOS="527" WIDTH="66" HEIGHT="14" CONTENT="never" WC="0.85" CC="00700"/>
						<SP ID="P86_SP00048" HPOS="577" VPOS="546" WIDTH="12"/>
						<String ID="P86_ST00058" HPOS="589" VPOS="519" WIDTH="90" HEIGHT="27" CONTENT="ending." WC="0.62" CC="0782700"/>
					</TextLine>
				</TextBlock>
				<TextBlock ID="P86_TB00004" HPOS="791" VPOS="552" WIDTH="163" HEIGHT="22" STYLEREFS="TXT_1 PAR_RIGHT">
					<TextLine ID="P86_TL00011" HPOS="792" VPOS="552" WIDTH="162" HEIGHT="22">
						<String ID="P86_ST00059" HPOS="792" VPOS="552" WIDTH="162" HEIGHT="22" CONTENT="Wordsworth." WC="0.87" CC="00209000020"/>
					</TextLine>
				</TextBlock>
				<TextBlock ID="P86_TB00005" HPOS="176" VPOS="624" WIDTH="778" HEIGHT="33" STYLEREFS="TXT_1 PAR_CENTER">
					<TextLine ID="P86_TL00012" HPOS="177" VPOS="624" WIDTH="777" HEIGHT="33">
						<String ID="P86_ST00060" HPOS="177" VPOS="629" WIDTH="29" HEIGHT="23" CONTENT="In" WC="0.42" CC="56"/>
						<SP ID="P86_SP00049" HPOS="206" VPOS="652" WIDTH="13"/>
						<String ID="P86_ST00061" HPOS="219" VPOS="638" WIDTH="44" HEIGHT="14" CONTENT="one" WC="0.81" CC="202"/>
						<SP ID="P86_SP00050" HPOS="263" VPOS="652" WIDTH="11"/>
						<String ID="P86_ST00062" HPOS="274" VPOS="629" WIDTH="26" HEIGHT="23" CONTENT="of" WC="0.70" CC="50"/>
						<SP ID="P86_SP00051" HPOS="300" VPOS="652" WIDTH="12"/>
						<String ID="P86_ST00063" HPOS="312" VPOS="629" WIDTH="121" HEIGHT="23" CONTENT="Colman's" WC="0.72" CC="34600106"/>
						<SP ID="P86_SP00052" HPOS="433" VPOS="652" WIDTH="14"/>
						<String ID="P86_ST00064" HPOS="447" VPOS="629" WIDTH="75" HEIGHT="28" CONTENT="plays," WC="0.89" CC="050010"/>
						<SP ID="P86_SP00053" HPOS="522" VPOS="657" WIDTH="14"/>
						<String ID="P86_ST00065" HPOS="536" VPOS="628" WIDTH="75" HEIGHT="23" CONTENT="called" WC="0.67" CC="074410"/>
						<SP ID="P86_SP00054" HPOS="611" VPOS="657" WIDTH="14"/>
						<String ID="P86_ST00066" HPOS="625" VPOS="631" WIDTH="14" HEIGHT="9" CONTENT='"' WC="0.31" CC="6"/>
						<SP ID="P86_SP00055" HPOS="639" VPOS="657" WIDTH="10"/>
						<String ID="P86_ST00067" HPOS="649" VPOS="627" WIDTH="68" HEIGHT="30" CONTENT="Polly" WC="0.79" CC="50040"/>
						<SP ID="P86_SP00056" HPOS="717" VPOS="657" WIDTH="14"/>
						<String ID="P86_ST00068" HPOS="731" VPOS="624" WIDTH="190" HEIGHT="33" CONTENT='Honeycombe"' WC="0.81" CC="61240020003"/>
						<String ID="P86_ST00069" HPOS="923" VPOS="638" WIDTH="31" HEIGHT="4" CONTENT="—" WC="0.20" CC="8"/>
					</TextLine>
				</TextBlock>
				<TextBlock ID="P86_TB00006" HPOS="143" VPOS="695" WIDTH="842" HEIGHT="103" STYLEREFS="TXT_1 PAR_LEFT">
					<TextLine ID="P86_TL00013" HPOS="176" VPOS="695" WIDTH="809" HEIGHT="32">
						<String ID="P86_ST00070" HPOS="176" VPOS="701" WIDTH="142" HEIGHT="21" CONTENT="Scribble.—" WC="0.60" CC="8093504008"/>
						<String ID="P86_ST00071" HPOS="319" VPOS="700" WIDTH="57" HEIGHT="22" CONTENT="Now" WC="0.24" CC="867"/>
						<SP ID="P86_SP00057" HPOS="376" VPOS="722" WIDTH="17"/>
						<String ID="P86_ST00072" HPOS="393" VPOS="700" WIDTH="34" HEIGHT="20" CONTENT="for" WC="0.63" CC="513"/>
						<SP ID="P86_SP00058" HPOS="427" VPOS="722" WIDTH="18"/>
						<String ID="P86_ST00073" HPOS="445" VPOS="699" WIDTH="58" HEIGHT="22" CONTENT="Miss" WC="0.69" CC="0056"/>
						<SP ID="P86_SP00059" HPOS="503" VPOS="722" WIDTH="12"/>
						<String ID="P86_ST00074" HPOS="515" VPOS="699" WIDTH="71" HEIGHT="28" CONTENT="Polly." WC="0.77" CC="420500"/>
						<SP ID="P86_SP00060" HPOS="586" VPOS="727" WIDTH="19"/>
						<String ID="P86_ST00075" HPOS="605" VPOS="697" WIDTH="82" HEIGHT="21" CONTENT="Here's" WC="0.64" CC="423316"/>
						<SP ID="P86_SP00061" HPOS="687" VPOS="727" WIDTH="7"/>
						<String ID="P86_ST00076" HPOS="694" VPOS="697" WIDTH="41" HEIGHT="21" CONTENT="her" WC="0.75" CC="700"/>
						<SP ID="P86_SP00062" HPOS="735" VPOS="727" WIDTH="17"/>
						<String ID="P86_ST00077" HPOS="752" VPOS="695" WIDTH="145" HEIGHT="23" CONTENT="biUet-doux." WC="0.56" CC="66840393600"/>
						<SP ID="P86_SP00063" HPOS="897" VPOS="727" WIDTH="32"/>
						<String ID="P86_ST00078" HPOS="929" VPOS="695" WIDTH="56" HEIGHT="22" CONTENT='"To' WC="0.67" CC="009"/>
					</TextLine>
					<TextLine ID="P86_TL00014" HPOS="144" VPOS="734" WIDTH="841" HEIGHT="29">
						<String ID="P86_ST00079" HPOS="144" VPOS="742" WIDTH="36" HEIGHT="21" CONTENT="my" WC="0.21" CC="59"/>
						<SP ID="P86_SP00064" HPOS="180" VPOS="763" WIDTH="13"/>
						<String ID="P86_ST00080" HPOS="193" VPOS="735" WIDTH="89" HEIGHT="21" CONTENT="dearest" WC="0.66" CC="0542550"/>
						<SP ID="P86_SP00065" HPOS="282" VPOS="763" WIDTH="13"/>
						<String ID="P86_ST00081" HPOS="295" VPOS="734" WIDTH="113" HEIGHT="22" CONTENT='Scribble"' WC="0.68" CC="057607000"/>
						<SP ID="P86_SP00066" HPOS="408" VPOS="763" WIDTH="20"/>
						<String ID="P86_ST00082" HPOS="428" VPOS="735" WIDTH="105" HEIGHT="27" CONTENT="(reading" WC="0.72" CC="03400670"/>
						<SP ID="P86_SP00067" HPOS="533" VPOS="763" WIDTH="11"/>
						<String ID="P86_ST00083" HPOS="544" VPOS="734" WIDTH="39" HEIGHT="22" CONTENT="the" WC="0.52" CC="770"/>
						<SP ID="P86_SP00068" HPOS="583" VPOS="763" WIDTH="19"/>
						<String ID="P86_ST00084" HPOS="602" VPOS="734" WIDTH="122" HEIGHT="28" CONTENT="direction)" WC="0.67" CC="0525602440"/>
						<SP ID="P86_SP00069" HPOS="724" VPOS="763" WIDTH="13"/>
						<String ID="P86_ST00085" HPOS="737" VPOS="734" WIDTH="51" HEIGHT="26" CONTENT="and," WC="1.00" CC="0000"/>
						<SP ID="P86_SP00070" HPOS="788" VPOS="763" WIDTH="21"/>
						<String ID="P86_ST00086" HPOS="809" VPOS="734" WIDTH="38" HEIGHT="21" CONTENT="the" WC="0.48" CC="572"/>
						<SP ID="P86_SP00071" HPOS="847" VPOS="763" WIDTH="22"/>
						<String ID="P86_ST00087" HPOS="869" VPOS="734" WIDTH="51" HEIGHT="26" CONTENT="seal," WC="0.62" CC="66050"/>
						<SP ID="P86_SP00072" HPOS="920" VPOS="763" WIDTH="21"/>
						<String ID="P86_ST00088" HPOS="941" VPOS="737" WIDTH="44" HEIGHT="18" CONTENT="two" WC="0.75" CC="007"/>
					</TextLine>
					<TextLine ID="P86_TL00015" HPOS="146" VPOS="771" WIDTH="373" HEIGHT="27">
						<String ID="P86_ST00089" HPOS="146" VPOS="772" WIDTH="67" HEIGHT="21" CONTENT="doves" WC="0.59" CC="04546"/>
						<SP ID="P86_SP00073" HPOS="213" VPOS="793" WIDTH="12"/>
						<String ID="P86_ST00090" HPOS="225" VPOS="771" WIDTH="85" HEIGHT="27" CONTENT="biffing," WC="0.59" CC="47444500"/>
						<SP ID="P86_SP00074" HPOS="310" VPOS="798" WIDTH="8"/>
						<String ID="P86_ST00091" HPOS="318" VPOS="771" WIDTH="53" HEIGHT="22" CONTENT="with" WC="0.64" CC="3505"/>
						<SP ID="P86_SP00075" HPOS="371" VPOS="798" WIDTH="13"/>
						<String ID="P86_ST00092" HPOS="384" VPOS="771" WIDTH="44" HEIGHT="21" CONTENT="this" WC="0.50" CC="0666"/>
						<SP ID="P86_SP00076" HPOS="428" VPOS="798" WIDTH="11"/>
						<String ID="P86_ST00093" HPOS="439" VPOS="775" WIDTH="80" HEIGHT="18" CONTENT="motto." WC="0.75" CC="640030"/>
					</TextLine>
				</TextBlock>
				<TextBlock ID="P86_TB00007" HPOS="444" VPOS="806" WIDTH="104" HEIGHT="26" STYLEREFS="TXT_1 PAR_LEFT">
					<TextLine ID="P86_TL00016" HPOS="445" VPOS="807" WIDTH="103" HEIGHT="25">
						<String ID="P86_ST00094" HPOS="445" VPOS="807" WIDTH="42" HEIGHT="21" CONTENT="We" WC="0.52" CC="62"/>
						<SP ID="P86_SP00077" HPOS="487" VPOS="828" WIDTH="11"/>
						<String ID="P86_ST00095" HPOS="498" VPOS="811" WIDTH="50" HEIGHT="21" CONTENT="two," WC="0.91" CC="3000"/>
					</TextLine>
				</TextBlock>
				<TextBlock ID="P86_TB00008" HPOS="447" VPOS="843" WIDTH="183" HEIGHT="58" STYLEREFS="TXT_1 PAR_LEFT">
					<TextLine ID="P86_TL00017" HPOS="447" VPOS="844" WIDTH="183" HEIGHT="28">
						<String ID="P86_ST00096" HPOS="447" VPOS="844" WIDTH="74" HEIGHT="22" CONTENT="When" WC="0.32" CC="9637"/>
						<SP ID="P86_SP00078" HPOS="521" VPOS="866" WIDTH="12"/>
						<String ID="P86_ST00097" HPOS="533" VPOS="852" WIDTH="32" HEIGHT="15" CONTENT="we" WC="0.54" CC="90"/>
						<SP ID="P86_SP00079" HPOS="565" VPOS="867" WIDTH="12"/>
						<String ID="P86_ST00098" HPOS="577" VPOS="853" WIDTH="53" HEIGHT="19" CONTENT="woo," WC="0.57" CC="9250"/>
					</TextLine>
					<TextLine ID="P86_TL00018" HPOS="447" VPOS="881" WIDTH="174" HEIGHT="20">
						<String ID="P86_ST00099" HPOS="447" VPOS="881" WIDTH="53" HEIGHT="20" CONTENT="Bill" WC="0.81" CC="0070"/>
						<SP ID="P86_SP00080" HPOS="500" VPOS="901" WIDTH="9"/>
						<String ID="P86_ST00100" HPOS="509" VPOS="882" WIDTH="44" HEIGHT="19" CONTENT="and" WC="0.69" CC="260"/>
						<SP ID="P86_SP00081" HPOS="553" VPOS="901" WIDTH="15"/>
						<String ID="P86_ST00101" HPOS="568" VPOS="882" WIDTH="53" HEIGHT="19" CONTENT="Coo." WC="1.00" CC="0000"/>
					</TextLine>
				</TextBlock>
				<TextBlock ID="P86_TB00009" HPOS="149" VPOS="944" WIDTH="844" HEIGHT="805" STYLEREFS="TXT_1 PAR_LEFT">
					<TextLine ID="P86_TL00019" HPOS="182" VPOS="946" WIDTH="805" HEIGHT="32">
						<String ID="P86_ST00102" HPOS="182" VPOS="946" WIDTH="49" HEIGHT="23" CONTENT="The" WC="0.45" CC="474"/>
						<SP ID="P86_SP00082" HPOS="231" VPOS="969" WIDTH="22"/>
						<String ID="P86_ST00103" HPOS="253" VPOS="947" WIDTH="77" HEIGHT="30" CONTENT="cooing" WC="0.74" CC="545000"/>
						<SP ID="P86_SP00083" HPOS="330" VPOS="977" WIDTH="14"/>
						<String ID="P86_ST00104" HPOS="344" VPOS="946" WIDTH="26" HEIGHT="23" CONTENT="of" WC="0.87" CC="20"/>
						<SP ID="P86_SP00084" HPOS="370" VPOS="977" WIDTH="20"/>
						<String ID="P86_ST00105" HPOS="390" VPOS="946" WIDTH="41" HEIGHT="23" CONTENT="the" WC="0.77" CC="240"/>
						<SP ID="P86_SP00085" HPOS="431" VPOS="977" WIDTH="14"/>
						<String ID="P86_ST00106" HPOS="445" VPOS="946" WIDTH="66" HEIGHT="23" CONTENT="Dove" WC="0.61" CC="7160"/>
						<SP ID="P86_SP00086" HPOS="511" VPOS="977" WIDTH="20"/>
						<String ID="P86_ST00107" HPOS="531" VPOS="947" WIDTH="20" HEIGHT="22" CONTENT="is" WC="0.48" CC="46"/>
						<SP ID="P86_SP00087" HPOS="551" VPOS="977" WIDTH="13"/>
						<String ID="P86_ST00108" HPOS="564" VPOS="955" WIDTH="13" HEIGHT="14" CONTENT="a" WC="1.00" CC="0"/>
						<SP ID="P86_SP00088" HPOS="577" VPOS="977" WIDTH="21"/>
						<String ID="P86_ST00109" HPOS="598" VPOS="947" WIDTH="149" HEIGHT="23" CONTENT="remarkable" WC="0.85" CC="7030000030"/>
						<SP ID="P86_SP00089" HPOS="747" VPOS="977" WIDTH="23"/>
						<String ID="P86_ST00110" HPOS="770" VPOS="951" WIDTH="64" HEIGHT="22" CONTENT="note," WC="0.64" CC="76004"/>
						<SP ID="P86_SP00090" HPOS="834" VPOS="977" WIDTH="23"/>
						<String ID="P86_ST00111" HPOS="857" VPOS="948" WIDTH="71" HEIGHT="30" CONTENT="being" WC="0.72" CC="53300"/>
						<SP ID="P86_SP00091" HPOS="928" VPOS="978" WIDTH="19"/>
						<String ID="P86_ST00112" HPOS="947" VPOS="948" WIDTH="40" HEIGHT="22" CONTENT="the" WC="0.49" CC="176"/>
					</TextLine>
					<TextLine ID="P86_TL00020" HPOS="150" VPOS="994" WIDTH="836" HEIGHT="32">
						<String ID="P86_ST00113" HPOS="150" VPOS="995" WIDTH="56" HEIGHT="31" CONTENT="only" WC="0.65" CC="3630"/>
						<SP ID="P86_SP00092" HPOS="206" VPOS="1026" WIDTH="12"/>
						<String ID="P86_ST00114" HPOS="218" VPOS="995" WIDTH="106" HEIGHT="23" CONTENT="instance" WC="0.79" CC="31700400"/>
						<SP ID="P86_SP00093" HPOS="324" VPOS="1026" WIDTH="15"/>
						<String ID="P86_ST00115" HPOS="339" VPOS="995" WIDTH="27" HEIGHT="22" CONTENT="of" WC="0.93" CC="01"/>
						<SP ID="P86_SP00094" HPOS="366" VPOS="1026" WIDTH="20"/>
						<String ID="P86_ST00116" HPOS="386" VPOS="1003" WIDTH="46" HEIGHT="23" CONTENT="any" WC="0.59" CC="470"/>
						<SP ID="P86_SP00095" HPOS="432" VPOS="1026" WIDTH="13"/>
						<String ID="P86_ST00117" HPOS="445" VPOS="995" WIDTH="71" HEIGHT="30" CONTENT="thing" WC="0.72" CC="07060"/>
						<SP ID="P86_SP00096" HPOS="516" VPOS="1026" WIDTH="13"/>
						<String ID="P86_ST00118" HPOS="529" VPOS="994" WIDTH="47" HEIGHT="23" CONTENT="soft" WC="0.86" CC="3020"/>
						<SP ID="P86_SP00097" HPOS="576" VPOS="1026" WIDTH="13"/>
						<String ID="P86_ST00119" HPOS="589" VPOS="995" WIDTH="47" HEIGHT="22" CONTENT="and" WC="1.00" CC="000"/>
						<SP ID="P86_SP00098" HPOS="636" VPOS="1026" WIDTH="13"/>
						<String ID="P86_ST00120" HPOS="649" VPOS="995" WIDTH="114" HEIGHT="30" CONTENT="soothing" WC="0.61" CC="53307470"/>
						<SP ID="P86_SP00099" HPOS="763" VPOS="1026" WIDTH="19"/>
						<String ID="P86_ST00121" HPOS="782" VPOS="995" WIDTH="62" HEIGHT="22" CONTENT="from" WC="0.78" CC="2500"/>
						<SP ID="P86_SP00100" HPOS="844" VPOS="1026" WIDTH="13"/>
						<String ID="P86_ST00122" HPOS="857" VPOS="1003" WIDTH="13" HEIGHT="14" CONTENT="a" WC="1.00" CC="0"/>
						<SP ID="P86_SP00101" HPOS="870" VPOS="1026" WIDTH="11"/>
						<String ID="P86_ST00123" HPOS="881" VPOS="995" WIDTH="53" HEIGHT="22" CONTENT="bird" WC="0.76" CC="7020"/>
						<SP ID="P86_SP00102" HPOS="934" VPOS="1026" WIDTH="13"/>
						<String ID="P86_ST00124" HPOS="947" VPOS="996" WIDTH="39" HEIGHT="21" CONTENT="he" SUBS_TYPE="HypPart1" SUBS_CONTENT="helonging" WC="0.75" CC="700"/>
						<HYP CONTENT="-"/>
					</TextLine>
					<TextLine ID="P86_TL00021" HPOS="149" VPOS="1042" WIDTH="837" HEIGHT="32">
						<String ID="P86_ST00125" HPOS="149" VPOS="1043" WIDTH="101" HEIGHT="30" CONTENT="longing" SUBS_TYPE="HypPart2" SUBS_CONTENT="helonging" WC="0.77" CC="0500370"/>
						<SP ID="P86_SP00103" HPOS="250" VPOS="1073" WIDTH="8"/>
						<String ID="P86_ST00126" HPOS="258" VPOS="1046" WIDTH="25" HEIGHT="19" CONTENT="to" WC="1.00" CC="00"/>
						<SP ID="P86_SP00104" HPOS="283" VPOS="1073" WIDTH="10"/>
						<String ID="P86_ST00127" HPOS="293" VPOS="1043" WIDTH="41" HEIGHT="22" CONTENT="the" WC="0.89" CC="021"/>
						<SP ID="P86_SP00105" HPOS="334" VPOS="1073" WIDTH="6"/>
						<String ID="P86_ST00128" HPOS="340" VPOS="1043" WIDTH="69" HEIGHT="22" CONTENT="order" WC="0.80" CC="10035"/>
						<SP ID="P86_SP00106" HPOS="409" VPOS="1073" WIDTH="13"/>
						<String ID="P86_ST00129" HPOS="422" VPOS="1042" WIDTH="26" HEIGHT="23" CONTENT="of" WC="0.69" CC="06"/>
						<SP ID="P86_SP00107" HPOS="448" VPOS="1073" WIDTH="11"/>
						<String ID="P86_ST00130" HPOS="459" VPOS="1042" WIDTH="142" HEIGHT="23" CONTENT="Scratchers." WC="0.77" CC="25003105050"/>
						<SP ID="P86_SP00108" HPOS="601" VPOS="1073" WIDTH="31"/>
						<String ID="P86_ST00131" HPOS="632" VPOS="1042" WIDTH="50" HEIGHT="23" CONTENT="The" WC="0.75" CC="070"/>
						<SP ID="P86_SP00109" HPOS="682" VPOS="1073" WIDTH="13"/>
						<String ID="P86_ST00132" HPOS="695" VPOS="1042" WIDTH="80" HEIGHT="23" CONTENT="voices" WC="0.79" CC="603002"/>
						<SP ID="P86_SP00110" HPOS="775" VPOS="1073" WIDTH="8"/>
						<String ID="P86_ST00133" HPOS="783" VPOS="1042" WIDTH="26" HEIGHT="23" CONTENT="of" WC="0.77" CC="13"/>
						<SP ID="P86_SP00111" HPOS="809" VPOS="1073" WIDTH="5"/>
						<String ID="P86_ST00134" HPOS="814" VPOS="1043" WIDTH="66" HEIGHT="22" CONTENT="birds" WC="0.81" CC="03302"/>
						<SP ID="P86_SP00112" HPOS="880" VPOS="1073" WIDTH="9"/>
						<String ID="P86_ST00135" HPOS="889" VPOS="1043" WIDTH="97" HEIGHT="31" CONTENT="belong" SUBS_TYPE="HypPart1" SUBS_CONTENT="belonging" WC="0.83" CC="7400000"/>
						<HYP CONTENT="-"/>
					</TextLine>
					<TextLine ID="P86_TL00022" HPOS="151" VPOS="1089" WIDTH="837" HEIGHT="33">
						<String ID="P86_ST00136" HPOS="151" VPOS="1092" WIDTH="41" HEIGHT="30" CONTENT="ing" SUBS_TYPE="HypPart2" SUBS_CONTENT="belonging" WC="0.63" CC="550"/>
						<SP ID="P86_SP00113" HPOS="192" VPOS="1122" WIDTH="12"/>
						<String ID="P86_ST00137" HPOS="204" VPOS="1095" WIDTH="25" HEIGHT="20" CONTENT="to" WC="0.48" CC="45"/>
						<SP ID="P86_SP00114" HPOS="229" VPOS="1122" WIDTH="12"/>
						<String ID="P86_ST00138" HPOS="241" VPOS="1092" WIDTH="49" HEIGHT="23" CONTENT="this" WC="0.60" CC="0753"/>
						<SP ID="P86_SP00115" HPOS="290" VPOS="1122" WIDTH="13"/>
						<String ID="P86_ST00139" HPOS="303" VPOS="1091" WIDTH="70" HEIGHT="23" CONTENT="order" WC="0.94" CC="00002"/>
						<SP ID="P86_SP00116" HPOS="373" VPOS="1122" WIDTH="22"/>
						<String ID="P86_ST00140" HPOS="395" VPOS="1098" WIDTH="38" HEIGHT="15" CONTENT="are" WC="0.78" CC="060"/>
						<SP ID="P86_SP00117" HPOS="433" VPOS="1122" WIDTH="14"/>
						<String ID="P86_ST00141" HPOS="447" VPOS="1090" WIDTH="136" HEIGHT="31" CONTENT="frequently" WC="0.79" CC="0000706060"/>
						<SP ID="P86_SP00118" HPOS="583" VPOS="1122" WIDTH="22"/>
						<String ID="P86_ST00142" HPOS="605" VPOS="1093" WIDTH="93" HEIGHT="27" CONTENT="strong," WC="0.65" CC="7040604"/>
						<SP ID="P86_SP00119" HPOS="698" VPOS="1122" WIDTH="12"/>
						<String ID="P86_ST00143" HPOS="710" VPOS="1089" WIDTH="44" HEIGHT="22" CONTENT="but" WC="1.00" CC="000"/>
						<SP ID="P86_SP00120" HPOS="754" VPOS="1122" WIDTH="20"/>
						<String ID="P86_ST00144" HPOS="774" VPOS="1089" WIDTH="101" HEIGHT="23" CONTENT="without" WC="0.81" CC="0223013"/>
						<SP ID="P86_SP00121" HPOS="875" VPOS="1122" WIDTH="11"/>
						<String ID="P86_ST00145" HPOS="886" VPOS="1089" WIDTH="102" HEIGHT="32" CONTENT="melody," WC="0.53" CC="9064604"/>
					</TextLine>
					<TextLine ID="P86_TL00023" HPOS="151" VPOS="1136" WIDTH="838" HEIGHT="34">
						<String ID="P86_ST00146" HPOS="151" VPOS="1149" WIDTH="33" HEIGHT="19" CONTENT="as," WC="0.50" CC="950"/>
						<SP ID="P86_SP00122" HPOS="184" VPOS="1168" WIDTH="13"/>
						<String ID="P86_ST00147" HPOS="197" VPOS="1142" WIDTH="38" HEIGHT="22" CONTENT="for" WC="0.75" CC="420"/>
						<SP ID="P86_SP00123" HPOS="235" VPOS="1168" WIDTH="9"/>
						<String ID="P86_ST00148" HPOS="244" VPOS="1142" WIDTH="115" HEIGHT="24" CONTENT="instance," WC="0.73" CC="247007010"/>
						<SP ID="P86_SP00124" HPOS="359" VPOS="1168" WIDTH="14"/>
						<String ID="P86_ST00149" HPOS="373" VPOS="1140" WIDTH="41" HEIGHT="23" CONTENT="the" WC="0.71" CC="071"/>
						<SP ID="P86_SP00125" HPOS="414" VPOS="1168" WIDTH="16"/>
						<String ID="P86_ST00150" HPOS="430" VPOS="1139" WIDTH="108" HEIGHT="31" CONTENT="crowing" WC="0.63" CC="3540460"/>
						<SP ID="P86_SP00126" HPOS="538" VPOS="1170" WIDTH="10"/>
						<String ID="P86_ST00151" HPOS="548" VPOS="1138" WIDTH="27" HEIGHT="23" CONTENT="of" WC="0.94" CC="00"/>
						<SP ID="P86_SP00127" HPOS="575" VPOS="1170" WIDTH="11"/>
						<String ID="P86_ST00152" HPOS="586" VPOS="1145" WIDTH="13" HEIGHT="15" CONTENT="a" WC="1.00" CC="0"/>
						<SP ID="P86_SP00128" HPOS="599" VPOS="1170" WIDTH="13"/>
						<String ID="P86_ST00153" HPOS="612" VPOS="1137" WIDTH="75" HEIGHT="26" CONTENT="Cock," WC="0.90" CC="00003"/>
						<SP ID="P86_SP00129" HPOS="687" VPOS="1170" WIDTH="15"/>
						<String ID="P86_ST00154" HPOS="702" VPOS="1136" WIDTH="47" HEIGHT="23" CONTENT="and" WC="0.95" CC="100"/>
						<SP ID="P86_SP00130" HPOS="749" VPOS="1170" WIDTH="10"/>
						<String ID="P86_ST00155" HPOS="759" VPOS="1136" WIDTH="41" HEIGHT="23" CONTENT="the" WC="0.75" CC="070"/>
						<SP ID="P86_SP00131" HPOS="800" VPOS="1170" WIDTH="13"/>
						<String ID="P86_ST00156" HPOS="813" VPOS="1143" WIDTH="91" HEIGHT="16" CONTENT="scream" WC="0.78" CC="600006"/>
						<SP ID="P86_SP00132" HPOS="904" VPOS="1170" WIDTH="13"/>
						<String ID="P86_ST00157" HPOS="917" VPOS="1136" WIDTH="25" HEIGHT="23" CONTENT="of" WC="0.75" CC="50"/>
						<SP ID="P86_SP00133" HPOS="942" VPOS="1170" WIDTH="7"/>
						<String ID="P86_ST00158" HPOS="949" VPOS="1137" WIDTH="40" HEIGHT="22" CONTENT="the" WC="0.94" CC="010"/>
					</TextLine>
					<TextLine ID="P86_TL00024" HPOS="151" VPOS="1187" WIDTH="837" HEIGHT="26">
						<String ID="P86_ST00159" HPOS="151" VPOS="1188" WIDTH="114" HEIGHT="24" CONTENT="Peacock." WC="0.85" CC="55001000"/>
						<SP ID="P86_SP00134" HPOS="265" VPOS="1212" WIDTH="36"/>
						<String ID="P86_ST00160" HPOS="301" VPOS="1188" WIDTH="50" HEIGHT="22" CONTENT="The" WC="0.77" CC="060"/>
						<SP ID="P86_SP00135" HPOS="351" VPOS="1212" WIDTH="15"/>
						<String ID="P86_ST00161" HPOS="366" VPOS="1187" WIDTH="137" HEIGHT="26" CONTENT="Swimmers," WC="0.63" CC="081007770"/>
						<SP ID="P86_SP00136" HPOS="503" VPOS="1213" WIDTH="23"/>
						<String ID="P86_ST00162" HPOS="526" VPOS="1187" WIDTH="42" HEIGHT="22" CONTENT="the" WC="0.50" CC="950"/>
						<SP ID="P86_SP00137" HPOS="568" VPOS="1213" WIDTH="18"/>
						<String ID="P86_ST00163" HPOS="586" VPOS="1187" WIDTH="105" HEIGHT="25" CONTENT="Waders," WC="0.49" CC="6056780"/>
						<SP ID="P86_SP00138" HPOS="691" VPOS="1213" WIDTH="21"/>
						<String ID="P86_ST00164" HPOS="712" VPOS="1187" WIDTH="47" HEIGHT="22" CONTENT="and" WC="0.80" CC="050"/>
						<SP ID="P86_SP00139" HPOS="759" VPOS="1213" WIDTH="15"/>
						<String ID="P86_ST00165" HPOS="774" VPOS="1187" WIDTH="109" HEIGHT="22" CONTENT="Coursers" WC="0.66" CC="02700908"/>
						<SP ID="P86_SP00140" HPOS="883" VPOS="1213" WIDTH="22"/>
						<String ID="P86_ST00166" HPOS="905" VPOS="1187" WIDTH="30" HEIGHT="22" CONTENT="do" WC="0.89" CC="02"/>
						<SP ID="P86_SP00141" HPOS="935" VPOS="1213" WIDTH="12"/>
						<String ID="P86_ST00167" HPOS="947" VPOS="1190" WIDTH="41" HEIGHT="19" CONTENT="not" WC="0.53" CC="516"/>
					</TextLine>
					<TextLine ID="P86_TL00025" HPOS="153" VPOS="1234" WIDTH="835" HEIGHT="31">
						<String ID="P86_ST00168" HPOS="153" VPOS="1243" WIDTH="87" HEIGHT="22" CONTENT="appear" WC="0.94" CC="000003"/>
						<SP ID="P86_SP00142" HPOS="240" VPOS="1265" WIDTH="17"/>
						<String ID="P86_ST00169" HPOS="257" VPOS="1238" WIDTH="26" HEIGHT="20" CONTENT="to" WC="1.00" CC="00"/>
						<SP ID="P86_SP00143" HPOS="283" VPOS="1265" WIDTH="18"/>
						<String ID="P86_ST00170" HPOS="301" VPOS="1235" WIDTH="61" HEIGHT="23" CONTENT="have" WC="0.79" CC="6020"/>
						<SP ID="P86_SP00144" HPOS="362" VPOS="1265" WIDTH="22"/>
						<String ID="P86_ST00171" HPOS="384" VPOS="1243" WIDTH="45" HEIGHT="22" CONTENT="any" WC="0.76" CC="070"/>
						<SP ID="P86_SP00145" HPOS="429" VPOS="1265" WIDTH="13"/>
						<String ID="P86_ST00172" HPOS="442" VPOS="1235" WIDTH="53" HEIGHT="23" CONTENT="bird" WC="0.75" CC="0332"/>
						<SP ID="P86_SP00146" HPOS="495" VPOS="1265" WIDTH="13"/>
						<String ID="P86_ST00173" HPOS="508" VPOS="1234" WIDTH="26" HEIGHT="23" CONTENT="of" WC="0.70" CC="32"/>
						<SP ID="P86_SP00147" HPOS="534" VPOS="1265" WIDTH="10"/>
						<String ID="P86_ST00174" HPOS="544" VPOS="1235" WIDTH="62" HEIGHT="23" CONTENT="their" WC="0.68" CC="07034"/>
						<SP ID="P86_SP00148" HPOS="606" VPOS="1265" WIDTH="19"/>
						<String ID="P86_ST00175" HPOS="625" VPOS="1235" WIDTH="133" HEIGHT="30" CONTENT="respective" WC="0.77" CC="0070301360"/>
						<SP ID="P86_SP00149" HPOS="758" VPOS="1265" WIDTH="23"/>
						<String ID="P86_ST00176" HPOS="781" VPOS="1236" WIDTH="83" HEIGHT="22" CONTENT="orders" WC="0.69" CC="049004"/>
						<SP ID="P86_SP00150" HPOS="864" VPOS="1265" WIDTH="12"/>
						<String ID="P86_ST00177" HPOS="876" VPOS="1238" WIDTH="26" HEIGHT="20" CONTENT="to" WC="0.94" CC="10"/>
						<SP ID="P86_SP00151" HPOS="902" VPOS="1265" WIDTH="12"/>
						<String ID="P86_ST00178" HPOS="914" VPOS="1236" WIDTH="74" HEIGHT="22" CONTENT="vindi" SUBS_TYPE="HypPart1" SUBS_CONTENT="vindicate" WC="0.71" CC="126042"/>
						<HYP CONTENT="-"/>
					</TextLine>
					<TextLine ID="P86_TL00026" HPOS="153" VPOS="1282" WIDTH="835" HEIGHT="26">
						<String ID="P86_ST00179" HPOS="153" VPOS="1286" WIDTH="52" HEIGHT="20" CONTENT="cate" SUBS_TYPE="HypPart2" SUBS_CONTENT="vindicate" WC="0.73" CC="1080"/>
						<SP ID="P86_SP00152" HPOS="205" VPOS="1306" WIDTH="13"/>
						<String ID="P86_ST00180" HPOS="218" VPOS="1282" WIDTH="61" HEIGHT="23" CONTENT="their" WC="0.74" CC="07050"/>
						<SP ID="P86_SP00153" HPOS="279" VPOS="1306" WIDTH="12"/>
						<String ID="P86_ST00181" HPOS="291" VPOS="1282" WIDTH="99" HEIGHT="23" CONTENT="musical" WC="0.79" CC="0553000"/>
						<SP ID="P86_SP00154" HPOS="390" VPOS="1306" WIDTH="13"/>
						<String ID="P86_ST00182" HPOS="403" VPOS="1283" WIDTH="132" HEIGHT="22" CONTENT="character." WC="0.87" CC="0610000030"/>
						<SP ID="P86_SP00155" HPOS="535" VPOS="1306" WIDTH="37"/>
						<String ID="P86_ST00183" HPOS="572" VPOS="1283" WIDTH="50" HEIGHT="23" CONTENT="The" WC="0.75" CC="070"/>
						<SP ID="P86_SP00156" HPOS="622" VPOS="1306" WIDTH="14"/>
						<String ID="P86_ST00184" HPOS="636" VPOS="1283" WIDTH="52" HEIGHT="24" CONTENT="Owl" WC="0.51" CC="670"/>
						<SP ID="P86_SP00157" HPOS="688" VPOS="1307" WIDTH="21"/>
						<String ID="P86_ST00185" HPOS="709" VPOS="1287" WIDTH="89" HEIGHT="19" CONTENT="cannot" WC="0.69" CC="406340"/>
						<SP ID="P86_SP00158" HPOS="798" VPOS="1307" WIDTH="12"/>
						<String ID="P86_ST00186" HPOS="810" VPOS="1284" WIDTH="29" HEIGHT="23" CONTENT="be" WC="0.81" CC="30"/>
						<SP ID="P86_SP00159" HPOS="839" VPOS="1307" WIDTH="14"/>
						<String ID="P86_ST00187" HPOS="853" VPOS="1284" WIDTH="50" HEIGHT="23" CONTENT="said" WC="0.84" CC="6000"/>
						<SP ID="P86_SP00160" HPOS="903" VPOS="1307" WIDTH="11"/>
						<String ID="P86_ST00188" HPOS="914" VPOS="1287" WIDTH="25" HEIGHT="20" CONTENT="to" WC="0.70" CC="32"/>
						<SP ID="P86_SP00161" HPOS="939" VPOS="1307" WIDTH="13"/>
						<String ID="P86_ST00189" HPOS="952" VPOS="1292" WIDTH="36" HEIGHT="16" CONTENT="ac" SUBS_TYPE="HypPart1" SUBS_CONTENT="accomplish" WC="0.79" CC="113"/>
						<HYP CONTENT="-"/>
					</TextLine>
					<TextLine ID="P86_TL00027" HPOS="154" VPOS="1332" WIDTH="836" HEIGHT="32">
						<String ID="P86_ST00190" HPOS="154" VPOS="1334" WIDTH="119" HEIGHT="30" CONTENT="complish" SUBS_TYPE="HypPart2" SUBS_CONTENT="accomplish" WC="0.60" CC="11907172"/>
						<SP ID="P86_SP00162" HPOS="273" VPOS="1364" WIDTH="12"/>
						<String ID="P86_ST00191" HPOS="285" VPOS="1334" WIDTH="71" HEIGHT="23" CONTENT="much" WC="0.56" CC="9501"/>
						<SP ID="P86_SP00163" HPOS="356" VPOS="1364" WIDTH="10"/>
						<String ID="P86_ST00192" HPOS="366" VPOS="1333" WIDTH="37" HEIGHT="23" CONTENT="for" WC="0.74" CC="610"/>
						<SP ID="P86_SP00164" HPOS="403" VPOS="1364" WIDTH="12"/>
						<String ID="P86_ST00193" HPOS="415" VPOS="1334" WIDTH="41" HEIGHT="23" CONTENT="the" WC="0.75" CC="070"/>
						<SP ID="P86_SP00165" HPOS="456" VPOS="1364" WIDTH="13"/>
						<String ID="P86_ST00194" HPOS="469" VPOS="1332" WIDTH="98" HEIGHT="24" CONTENT="musical" WC="0.79" CC="0560003"/>
						<SP ID="P86_SP00166" HPOS="567" VPOS="1364" WIDTH="12"/>
						<String ID="P86_ST00195" HPOS="579" VPOS="1332" WIDTH="125" HEIGHT="23" CONTENT="character" WC="0.72" CC="160500407"/>
						<SP ID="P86_SP00167" HPOS="704" VPOS="1364" WIDTH="13"/>
						<String ID="P86_ST00196" HPOS="717" VPOS="1332" WIDTH="26" HEIGHT="23" CONTENT="of" WC="0.59" CC="52"/>
						<SP ID="P86_SP00168" HPOS="743" VPOS="1364" WIDTH="11"/>
						<String ID="P86_ST00197" HPOS="754" VPOS="1332" WIDTH="40" HEIGHT="23" CONTENT="the" WC="1.00" CC="000"/>
						<SP ID="P86_SP00169" HPOS="794" VPOS="1364" WIDTH="11"/>
						<String ID="P86_ST00198" HPOS="805" VPOS="1332" WIDTH="115" HEIGHT="23" CONTENT="Raveners" WC="0.65" CC="00099006"/>
						<SP ID="P86_SP00170" HPOS="920" VPOS="1364" WIDTH="9"/>
						<String ID="P86_ST00199" HPOS="929" VPOS="1343" WIDTH="7" HEIGHT="16" CONTENT=",■" WC="0.45" CC="38"/>
						<SP ID="P86_SP00171" HPOS="936" VPOS="1364" WIDTH="13"/>
						<String ID="P86_ST00200" HPOS="949" VPOS="1333" WIDTH="41" HEIGHT="22" CONTENT="but" WC="1.00" CC="000"/>
					</TextLine>
					<TextLine ID="P86_TL00028" HPOS="154" VPOS="1380" WIDTH="837" HEIGHT="26">
						<String ID="P86_ST00201" HPOS="154" VPOS="1381" WIDTH="19" HEIGHT="23" CONTENT="it" WC="0.70" CC="60"/>
						<SP ID="P86_SP00172" HPOS="173" VPOS="1404" WIDTH="12"/>
						<String ID="P86_ST00202" HPOS="185" VPOS="1381" WIDTH="20" HEIGHT="23" CONTENT="is" WC="0.52" CC="44"/>
						<SP ID="P86_SP00173" HPOS="205" VPOS="1404" WIDTH="13"/>
						<String ID="P86_ST00203" HPOS="218" VPOS="1381" WIDTH="90" HEIGHT="23" CONTENT="related" WC="0.91" CC="0050000"/>
						<SP ID="P86_SP00174" HPOS="308" VPOS="1404" WIDTH="14"/>
						<String ID="P86_ST00204" HPOS="322" VPOS="1381" WIDTH="51" HEIGHT="23" CONTENT="that" WC="0.53" CC="4770"/>
						<SP ID="P86_SP00175" HPOS="373" VPOS="1404" WIDTH="14"/>
						<String ID="P86_ST00205" HPOS="387" VPOS="1388" WIDTH="46" HEIGHT="15" CONTENT="one" WC="0.75" CC="060"/>
						<SP ID="P86_SP00176" HPOS="433" VPOS="1404" WIDTH="18"/>
						<String ID="P86_ST00206" HPOS="451" VPOS="1380" WIDTH="27" HEIGHT="23" CONTENT="of" WC="0.60" CC="43"/>
						<SP ID="P86_SP00177" HPOS="478" VPOS="1404" WIDTH="18"/>
						<String ID="P86_ST00207" HPOS="496" VPOS="1380" WIDTH="63" HEIGHT="23" CONTENT="their" WC="0.74" CC="06041"/>
						<SP ID="P86_SP00178" HPOS="559" VPOS="1404" WIDTH="12"/>
						<String ID="P86_ST00208" HPOS="571" VPOS="1380" WIDTH="128" HEIGHT="26" CONTENT="members," WC="0.80" CC="90000050"/>
						<SP ID="P86_SP00179" HPOS="699" VPOS="1406" WIDTH="14"/>
						<String ID="P86_ST00209" HPOS="713" VPOS="1380" WIDTH="34" HEIGHT="23" CONTENT="Le" WC="0.80" CC="30"/>
						<SP ID="P86_SP00180" HPOS="747" VPOS="1406" WIDTH="13"/>
						<String ID="P86_ST00210" HPOS="760" VPOS="1380" WIDTH="96" HEIGHT="23" CONTENT="Faucon" WC="0.83" CC="032030"/>
						<SP ID="P86_SP00181" HPOS="856" VPOS="1406" WIDTH="14"/>
						<String ID="P86_ST00211" HPOS="870" VPOS="1380" WIDTH="121" HEIGHT="23" CONTENT="Chanteur" WC="0.78" CC="07160200"/>
					</TextLine>
					<TextLine ID="P86_TL00029" HPOS="154" VPOS="1428" WIDTH="837" HEIGHT="32">
						<String ID="P86_ST00212" HPOS="154" VPOS="1430" WIDTH="27" HEIGHT="23" CONTENT="of" WC="0.71" CC="50"/>
						<SP ID="P86_SP00182" HPOS="181" VPOS="1453" WIDTH="10"/>
						<String ID="P86_ST00213" HPOS="191" VPOS="1430" WIDTH="88" HEIGHT="26" CONTENT="Africa," WC="0.85" CC="0341000"/>
						<SP ID="P86_SP00183" HPOS="279" VPOS="1456" WIDTH="13"/>
						<String ID="P86_ST00214" HPOS="292" VPOS="1437" WIDTH="123" HEIGHT="23" CONTENT="possesses" WC="0.68" CC="014607701"/>
						<SP ID="P86_SP00184" HPOS="415" VPOS="1460" WIDTH="13"/>
						<String ID="P86_ST00215" HPOS="428" VPOS="1429" WIDTH="99" HEIGHT="23" CONTENT="musical" WC="0.70" CC="3740006"/>
						<SP ID="P86_SP00185" HPOS="527" VPOS="1460" WIDTH="13"/>
						<String ID="P86_ST00216" HPOS="540" VPOS="1429" WIDTH="97" HEIGHT="23" CONTENT="talents." WC="0.83" CC="00004061"/>
						<SP ID="P86_SP00186" HPOS="637" VPOS="1460" WIDTH="37"/>
						<String ID="P86_ST00217" HPOS="674" VPOS="1428" WIDTH="91" HEIGHT="30" CONTENT="Nearly" WC="0.94" CC="000030"/>
						<SP ID="P86_SP00187" HPOS="765" VPOS="1460" WIDTH="13"/>
						<String ID="P86_ST00218" HPOS="778" VPOS="1428" WIDTH="31" HEIGHT="23" CONTENT="all" WC="0.68" CC="072"/>
						<SP ID="P86_SP00188" HPOS="809" VPOS="1460" WIDTH="12"/>
						<String ID="P86_ST00219" HPOS="821" VPOS="1428" WIDTH="41" HEIGHT="23" CONTENT="the" WC="0.77" CC="060"/>
						<SP ID="P86_SP00189" HPOS="862" VPOS="1460" WIDTH="13"/>
						<String ID="P86_ST00220" HPOS="875" VPOS="1429" WIDTH="116" HEIGHT="30" CONTENT="harmony" WC="0.71" CC="7004160"/>
					</TextLine>
					<TextLine ID="P86_TL00030" HPOS="155" VPOS="1476" WIDTH="838" HEIGHT="31">
						<String ID="P86_ST00221" HPOS="155" VPOS="1477" WIDTH="26" HEIGHT="23" CONTENT="of" WC="0.66" CC="60"/>
						<SP ID="P86_SP00190" HPOS="181" VPOS="1500" WIDTH="9"/>
						<String ID="P86_ST00222" HPOS="190" VPOS="1477" WIDTH="41" HEIGHT="23" CONTENT="the" WC="0.75" CC="070"/>
						<SP ID="P86_SP00191" HPOS="231" VPOS="1500" WIDTH="13"/>
						<String ID="P86_ST00223" HPOS="244" VPOS="1484" WIDTH="87" HEIGHT="23" CONTENT="groves" WC="0.72" CC="040407"/>
						<SP ID="P86_SP00192" HPOS="331" VPOS="1507" WIDTH="20"/>
						<String ID="P86_ST00224" HPOS="351" VPOS="1476" WIDTH="115" HEIGHT="31" CONTENT="proceeds" WC="0.90" CC="00300004"/>
						<SP ID="P86_SP00193" HPOS="466" VPOS="1507" WIDTH="12"/>
						<String ID="P86_ST00225" HPOS="478" VPOS="1476" WIDTH="60" HEIGHT="23" CONTENT="from" WC="0.86" CC="0500"/>
						<SP ID="P86_SP00194" HPOS="538" VPOS="1507" WIDTH="20"/>
						<String ID="P86_ST00226" HPOS="558" VPOS="1477" WIDTH="42" HEIGHT="22" CONTENT="the" WC="0.83" CC="050"/>
						<SP ID="P86_SP00195" HPOS="600" VPOS="1507" WIDTH="19"/>
						<String ID="P86_ST00227" HPOS="619" VPOS="1477" WIDTH="70" HEIGHT="23" CONTENT="order" WC="0.67" CC="50820"/>
						<SP ID="P86_SP00196" HPOS="689" VPOS="1507" WIDTH="14"/>
						<String ID="P86_ST00228" HPOS="703" VPOS="1477" WIDTH="27" HEIGHT="23" CONTENT="of" WC="0.86" CC="01"/>
						<SP ID="P86_SP00197" HPOS="730" VPOS="1507" WIDTH="9"/>
						<String ID="P86_ST00229" HPOS="739" VPOS="1478" WIDTH="125" HEIGHT="23" CONTENT="Perchers." WC="0.82" CC="050400060"/>
						<SP ID="P86_SP00198" HPOS="864" VPOS="1507" WIDTH="37"/>
						<String ID="P86_ST00230" HPOS="901" VPOS="1479" WIDTH="55" HEIGHT="23" CONTENT="And" WC="0.65" CC="037"/>
						<SP ID="P86_SP00199" HPOS="956" VPOS="1507" WIDTH="13"/>
						<String ID="P86_ST00231" HPOS="969" VPOS="1479" WIDTH="24" HEIGHT="23" CONTENT="of" WC="0.49" CC="54"/>
					</TextLine>
					<TextLine ID="P86_TL00031" HPOS="154" VPOS="1524" WIDTH="837" HEIGHT="31">
						<String ID="P86_ST00232" HPOS="154" VPOS="1526" WIDTH="49" HEIGHT="23" CONTENT="this" WC="0.52" CC="0764"/>
						<SP ID="P86_SP00200" HPOS="203" VPOS="1549" WIDTH="20"/>
						<String ID="P86_ST00233" HPOS="223" VPOS="1526" WIDTH="77" HEIGHT="26" CONTENT="order," WC="0.73" CC="008060"/>
						<SP ID="P86_SP00201" HPOS="300" VPOS="1552" WIDTH="19"/>
						<String ID="P86_ST00234" HPOS="319" VPOS="1525" WIDTH="42" HEIGHT="23" CONTENT="the" WC="0.92" CC="200"/>
						<SP ID="P86_SP00202" HPOS="361" VPOS="1552" WIDTH="12"/>
						<String ID="P86_ST00235" HPOS="373" VPOS="1524" WIDTH="117" HEIGHT="30" CONTENT="cleft-bill," WC="0.60" CC="38700172840"/>
						<SP ID="P86_SP00203" HPOS="490" VPOS="1554" WIDTH="21"/>
						<String ID="P86_ST00236" HPOS="511" VPOS="1524" WIDTH="150" HEIGHT="26" CONTENT="slender-bill," WC="0.50" CC="2669177254242"/>
						<SP ID="P86_SP00204" HPOS="661" VPOS="1554" WIDTH="15"/>
						<String ID="P86_ST00237" HPOS="676" VPOS="1524" WIDTH="47" HEIGHT="22" CONTENT="and" WC="0.76" CC="160"/>
						<SP ID="P86_SP00205" HPOS="723" VPOS="1554" WIDTH="12"/>
						<String ID="P86_ST00238" HPOS="735" VPOS="1524" WIDTH="106" HEIGHT="31" CONTENT="climbing" WC="0.56" CC="01341599"/>
						<SP ID="P86_SP00206" HPOS="841" VPOS="1555" WIDTH="12"/>
						<String ID="P86_ST00239" HPOS="853" VPOS="1524" WIDTH="72" HEIGHT="23" CONTENT="tribes" WC="0.74" CC="006503"/>
						<SP ID="P86_SP00207" HPOS="925" VPOS="1555" WIDTH="13"/>
						<String ID="P86_ST00240" HPOS="938" VPOS="1532" WIDTH="53" HEIGHT="23" CONTENT="pro" SUBS_TYPE="HypPart1" SUBS_CONTENT="produce" WC="0.78" CC="0440"/>
						<HYP CONTENT="-"/>
					</TextLine>
					<TextLine ID="P86_TL00032" HPOS="156" VPOS="1573" WIDTH="836" HEIGHT="30">
						<String ID="P86_ST00241" HPOS="156" VPOS="1573" WIDTH="59" HEIGHT="22" CONTENT="duce" SUBS_TYPE="HypPart2" SUBS_CONTENT="produce" WC="0.93" CC="0200"/>
						<SP ID="P86_SP00208" HPOS="215" VPOS="1595" WIDTH="13"/>
						<String ID="P86_ST00242" HPOS="228" VPOS="1581" WIDTH="57" HEIGHT="22" CONTENT="very" WC="0.68" CC="4008"/>
						<SP ID="P86_SP00209" HPOS="285" VPOS="1603" WIDTH="10"/>
						<String ID="P86_ST00243" HPOS="295" VPOS="1573" WIDTH="136" HEIGHT="23" CONTENT="indifferent" WC="0.86" CC="03040000060"/>
						<SP ID="P86_SP00210" HPOS="431" VPOS="1603" WIDTH="11"/>
						<String ID="P86_ST00244" HPOS="442" VPOS="1575" WIDTH="132" HEIGHT="28" CONTENT="songsters." WC="0.77" CC="5070700020"/>
						<SP ID="P86_SP00211" HPOS="574" VPOS="1603" WIDTH="36"/>
						<String ID="P86_ST00245" HPOS="610" VPOS="1573" WIDTH="49" HEIGHT="22" CONTENT="But" WC="0.59" CC="605"/>
						<SP ID="P86_SP00212" HPOS="659" VPOS="1603" WIDTH="19"/>
						<String ID="P86_ST00246" HPOS="678" VPOS="1580" WIDTH="14" HEIGHT="15" CONTENT="a" WC="1.00" CC="0"/>
						<SP ID="P86_SP00213" HPOS="692" VPOS="1603" WIDTH="23"/>
						<String ID="P86_ST00247" HPOS="715" VPOS="1573" WIDTH="45" HEIGHT="23" CONTENT="few" WC="0.64" CC="208"/>
						<SP ID="P86_SP00214" HPOS="760" VPOS="1603" WIDTH="21"/>
						<String ID="P86_ST00248" HPOS="781" VPOS="1573" WIDTH="102" HEIGHT="23" CONTENT="families" WC="0.85" CC="20020006"/>
						<SP ID="P86_SP00215" HPOS="883" VPOS="1603" WIDTH="25"/>
						<String ID="P86_ST00249" HPOS="908" VPOS="1574" WIDTH="26" HEIGHT="22" CONTENT="of" WC="0.75" CC="50"/>
						<SP ID="P86_SP00216" HPOS="934" VPOS="1603" WIDTH="19"/>
						<String ID="P86_ST00250" HPOS="953" VPOS="1574" WIDTH="39" HEIGHT="23" CONTENT="the" WC="0.86" CC="040"/>
					</TextLine>
					<TextLine ID="P86_TL00033" HPOS="155" VPOS="1621" WIDTH="838" HEIGHT="28">
						<String ID="P86_ST00251" HPOS="155" VPOS="1622" WIDTH="126" HEIGHT="27" CONTENT="tooth-bill," WC="0.85" CC="00000234302"/>
						<SP ID="P86_SP00217" HPOS="281" VPOS="1649" WIDTH="20"/>
						<String ID="P86_ST00252" HPOS="301" VPOS="1623" WIDTH="47" HEIGHT="22" CONTENT="and" WC="0.63" CC="550"/>
						<SP ID="P86_SP00218" HPOS="348" VPOS="1649" WIDTH="20"/>
						<String ID="P86_ST00253" HPOS="368" VPOS="1622" WIDTH="119" HEIGHT="23" CONTENT="conic-bill" WC="0.73" CC="0532402133"/>
						<SP ID="P86_SP00219" HPOS="487" VPOS="1649" WIDTH="17"/>
						<String ID="P86_ST00254" HPOS="504" VPOS="1622" WIDTH="73" HEIGHT="23" CONTENT="tribes" WC="0.72" CC="050604"/>
						<SP ID="P86_SP00220" HPOS="577" VPOS="1649" WIDTH="20"/>
						<String ID="P86_ST00255" HPOS="597" VPOS="1621" WIDTH="25" HEIGHT="23" CONTENT="of" WC="0.45" CC="46"/>
						<SP ID="P86_SP00221" HPOS="622" VPOS="1649" WIDTH="10"/>
						<String ID="P86_ST00256" HPOS="632" VPOS="1622" WIDTH="41" HEIGHT="23" CONTENT="the" WC="0.81" CC="050"/>
						<SP ID="P86_SP00222" HPOS="673" VPOS="1649" WIDTH="14"/>
						<String ID="P86_ST00257" HPOS="687" VPOS="1622" WIDTH="70" HEIGHT="23" CONTENT="order" WC="0.74" CC="35300"/>
						<SP ID="P86_SP00223" HPOS="757" VPOS="1649" WIDTH="13"/>
						<String ID="P86_ST00258" HPOS="770" VPOS="1622" WIDTH="26" HEIGHT="23" CONTENT="of" WC="0.58" CC="34"/>
						<SP ID="P86_SP00224" HPOS="796" VPOS="1649" WIDTH="13"/>
						<String ID="P86_ST00259" HPOS="809" VPOS="1623" WIDTH="113" HEIGHT="22" CONTENT="Perchers" WC="0.63" CC="60604424"/>
						<SP ID="P86_SP00225" HPOS="922" VPOS="1649" WIDTH="12"/>
						<String ID="P86_ST00260" HPOS="934" VPOS="1623" WIDTH="59" HEIGHT="22" CONTENT="have" WC="0.59" CC="5460"/>
					</TextLine>
					<TextLine ID="P86_TL00034" HPOS="155" VPOS="1668" WIDTH="838" HEIGHT="35">
						<String ID="P86_ST00261" HPOS="155" VPOS="1668" WIDTH="91" HEIGHT="23" CONTENT="carried" WC="0.80" CC="6250000"/>
						<SP ID="P86_SP00226" HPOS="246" VPOS="1691" WIDTH="16"/>
						<String ID="P86_ST00262" HPOS="262" VPOS="1677" WIDTH="73" HEIGHT="23" CONTENT="away," WC="1.00" CC="00000"/>
						<SP ID="P86_SP00227" HPOS="335" VPOS="1700" WIDTH="14"/>
						<String ID="P86_ST00263" HPOS="349" VPOS="1669" WIDTH="24" HEIGHT="23" CONTENT="in" WC="0.40" CC="65"/>
						<SP ID="P86_SP00228" HPOS="373" VPOS="1700" WIDTH="12"/>
						<String ID="P86_ST00264" HPOS="385" VPOS="1670" WIDTH="88" HEIGHT="30" CONTENT="regard" WC="0.77" CC="119010"/>
						<SP ID="P86_SP00229" HPOS="473" VPOS="1700" WIDTH="9"/>
						<String ID="P86_ST00265" HPOS="482" VPOS="1673" WIDTH="25" HEIGHT="20" CONTENT="to" WC="0.91" CC="01"/>
						<SP ID="P86_SP00230" HPOS="507" VPOS="1700" WIDTH="13"/>
						<String ID="P86_ST00266" HPOS="520" VPOS="1670" WIDTH="63" HEIGHT="24" CONTENT="their" WC="0.72" CC="27040"/>
						<SP ID="P86_SP00231" HPOS="583" VPOS="1700" WIDTH="12"/>
						<String ID="P86_ST00267" HPOS="595" VPOS="1674" WIDTH="76" HEIGHT="23" CONTENT="notes," WC="0.73" CC="053070"/>
						<SP ID="P86_SP00232" HPOS="671" VPOS="1700" WIDTH="16"/>
						<String ID="P86_ST00268" HPOS="687" VPOS="1672" WIDTH="29" HEIGHT="22" CONTENT="all" WC="0.63" CC="055"/>
						<SP ID="P86_SP00233" HPOS="716" VPOS="1700" WIDTH="13"/>
						<String ID="P86_ST00269" HPOS="729" VPOS="1672" WIDTH="41" HEIGHT="23" CONTENT="the" WC="0.69" CC="270"/>
						<SP ID="P86_SP00234" HPOS="770" VPOS="1700" WIDTH="14"/>
						<String ID="P86_ST00270" HPOS="784" VPOS="1673" WIDTH="115" HEIGHT="30" CONTENT="suffrages" WC="0.66" CC="367330005"/>
						<SP ID="P86_SP00235" HPOS="899" VPOS="1703" WIDTH="13"/>
						<String ID="P86_ST00271" HPOS="912" VPOS="1673" WIDTH="26" HEIGHT="22" CONTENT="of" WC="0.67" CC="23"/>
						<SP ID="P86_SP00236" HPOS="938" VPOS="1703" WIDTH="15"/>
						<String ID="P86_ST00272" HPOS="953" VPOS="1673" WIDTH="40" HEIGHT="22" CONTENT="the" WC="0.76" CC="070"/>
					</TextLine>
					<TextLine ID="P86_TL00035" HPOS="155" VPOS="1715" WIDTH="838" HEIGHT="34">
						<String ID="P86_ST00273" HPOS="155" VPOS="1715" WIDTH="80" HEIGHT="22" CONTENT="Poets." WC="0.75" CC="123070"/>
						<SP ID="P86_SP00237" HPOS="235" VPOS="1737" WIDTH="35"/>
						<String ID="P86_ST00274" HPOS="270" VPOS="1715" WIDTH="51" HEIGHT="23" CONTENT="The" WC="0.77" CC="060"/>
						<SP ID="P86_SP00238" HPOS="321" VPOS="1738" WIDTH="17"/>
						<String ID="P86_ST00275" HPOS="338" VPOS="1717" WIDTH="51" HEIGHT="22" CONTENT="first" WC="0.84" CC="00052"/>
						<SP ID="P86_SP00239" HPOS="389" VPOS="1739" WIDTH="13"/>
						<String ID="P86_ST00276" HPOS="402" VPOS="1717" WIDTH="54" HEIGHT="22" CONTENT="bird" WC="0.55" CC="6550"/>
						<SP ID="P86_SP00240" HPOS="456" VPOS="1739" WIDTH="20"/>
						<String ID="P86_ST00277" HPOS="476" VPOS="1717" WIDTH="26" HEIGHT="22" CONTENT="of" WC="0.74" CC="13"/>
						<SP ID="P86_SP00241" HPOS="502" VPOS="1739" WIDTH="10"/>
						<String ID="P86_ST00278" HPOS="512" VPOS="1717" WIDTH="82" HEIGHT="24" CONTENT="whose" WC="0.47" CC="96460"/>
						<SP ID="P86_SP00242" HPOS="594" VPOS="1741" WIDTH="19"/>
						<String ID="P86_ST00279" HPOS="613" VPOS="1720" WIDTH="75" HEIGHT="22" CONTENT="music" WC="0.58" CC="45540"/>
						<SP ID="P86_SP00243" HPOS="688" VPOS="1742" WIDTH="14"/>
						<String ID="P86_ST00280" HPOS="702" VPOS="1720" WIDTH="11" HEIGHT="22" CONTENT="I" WC="1.00" CC="0"/>
						<SP ID="P86_SP00244" HPOS="713" VPOS="1742" WIDTH="13"/>
						<String ID="P86_ST00281" HPOS="726" VPOS="1728" WIDTH="61" HEIGHT="21" CONTENT="gave" WC="0.53" CC="9160"/>
						<SP ID="P86_SP00245" HPOS="787" VPOS="1749" WIDTH="13"/>
						<String ID="P86_ST00282" HPOS="800" VPOS="1721" WIDTH="139" HEIGHT="27" CONTENT="imitations," WC="0.73" CC="30406023062"/>
						<SP ID="P86_SP00246" HPOS="939" VPOS="1749" WIDTH="14"/>
						<String ID="P86_ST00283" HPOS="953" VPOS="1722" WIDTH="40" HEIGHT="22" CONTENT="the" WC="0.79" CC="060"/>
					</TextLine>
				</TextBlock>
			</PrintSpace>
		</Page>
	</Layout>
</alto>
