<?xml version="1.0" encoding="UTF-8"?>
<alto xmlns:xsi="http://www.w3.org/2001/XMLSchema-instance" xsi:noNamespaceSchemaLocation="http://www.bl.uk/schemas/alto/alto-1-4.xsd" xmlns:xlink="http://www.w3.org/1999/xlink">
	<Description>
		<MeasurementUnit>mm10</MeasurementUnit>
		<sourceImageInformation>
			<fileName>//head1/IN/2008-26/A0011759050/008121.jp2</fileName>
		</sourceImageInformation>
		<OCRProcessing ID="OCRPROCESSING_1">
			<preProcessingStep>
				<processingSoftware>
					<softwareCreator>CCS Content Conversion Specialists GmbH, Germany</softwareCreator>
					<softwareName>CCS docWORKS</softwareName>
					<softwareVersion>6.1-0.67</softwareVersion>
				</processingSoftware>
			</preProcessingStep>
			<ocrProcessingStep>
				<processingSoftware>
					<softwareCreator>ABBYY (BIT Software), Russia</softwareCreator>
					<softwareName>Finereader</softwareName>
				</processingSoftware>
			</ocrProcessingStep>
		</OCRProcessing>
	</Description>
	<Styles>
		<TextStyle ID="TXT_0" FONTSIZE="10" FONTFAMILY="Courier New"/>
		<TextStyle ID="TXT_1" FONTSIZE="9" FONTFAMILY="Courier New"/>
		<ParagraphStyle ID="PAR_RIGHT" ALIGN="Right"/>
		<ParagraphStyle ID="PAR_LEFT" ALIGN="Left"/>
	</Styles>
	<Layout>
		<Page ID="P129" PHYSICAL_IMG_NR="129" HEIGHT="1962" WIDTH="1120" PRINTED_IMG_NR="119" POSITION="Right" ACCURACY="76.02">
			<TopMargin ID="P129_TM00001" HPOS="0" VPOS="0" WIDTH="1120" HEIGHT="165">
				<TextBlock ID="P129_TB00001" HPOS="894" VPOS="142" WIDTH="45" HEIGHT="21" STYLEREFS="TXT_0 PAR_RIGHT">
					<TextLine ID="P129_TL00001" HPOS="894" VPOS="142" WIDTH="45" HEIGHT="21">
						<String ID="P129_ST00001" HPOS="894" VPOS="142" WIDTH="45" HEIGHT="21" CONTENT="119" WC="1.00" CC="000"/>
					</TextLine>
				</TextBlock>
				<TextBlock ID="P129_TB00002" HPOS="393" VPOS="146" WIDTH="247" HEIGHT="16" STYLEREFS="TXT_1 PAR_LEFT">
					<TextLine ID="P129_TL00002" HPOS="394" VPOS="147" WIDTH="246" HEIGHT="15">
						<String ID="P129_ST00002" HPOS="394" VPOS="147" WIDTH="122" HEIGHT="15" CONTENT="POETICAL" WC="0.80" CC="00734000"/>
						<SP ID="P129_SP00001" HPOS="516" VPOS="162" WIDTH="22"/>
						<String ID="P129_ST00003" HPOS="538" VPOS="148" WIDTH="102" HEIGHT="14" CONTENT="AVIARY." WC="0.69" CC="0440570"/>
					</TextLine>
				</TextBlock>
			</TopMargin>
			<LeftMargin ID="P129_LM00001" HPOS="0" VPOS="165" WIDTH="26" HEIGHT="1773"/>
			<RightMargin ID="P129_RM00001" HPOS="1119" VPOS="165" WIDTH="1" HEIGHT="1773"/>
			<BottomMargin ID="P129_BM00001" HPOS="0" VPOS="1938" WIDTH="1120" HEIGHT="23"/>
			<PrintSpace ID="P129_PS00001" HPOS="26" VPOS="165" WIDTH="1093" HEIGHT="1773">
				<TextBlock ID="P129_TB00003" HPOS="210" VPOS="219" WIDTH="478" HEIGHT="139" STYLEREFS="TXT_1 PAR_LEFT">
					<TextLine ID="P129_TL00003" HPOS="212" VPOS="220" WIDTH="476" HEIGHT="29">
						<String ID="P129_ST00004" HPOS="212" VPOS="221" WIDTH="54" HEIGHT="22" CONTENT="And" WC="0.81" CC="050"/>
						<SP ID="P129_SP00002" HPOS="266" VPOS="243" WIDTH="11"/>
						<String ID="P129_ST00005" HPOS="277" VPOS="221" WIDTH="88" HEIGHT="28" CONTENT="mighty" WC="0.83" CC="040500"/>
						<SP ID="P129_SP00003" HPOS="365" VPOS="249" WIDTH="11"/>
						<String ID="P129_ST00006" HPOS="376" VPOS="220" WIDTH="72" HEIGHT="26" CONTENT="Mars," WC="0.76" CC="03170"/>
						<SP ID="P129_SP00004" HPOS="448" VPOS="249" WIDTH="12"/>
						<String ID="P129_ST00007" HPOS="460" VPOS="221" WIDTH="34" HEIGHT="21" CONTENT="for" WC="0.85" CC="004"/>
						<SP ID="P129_SP00005" HPOS="494" VPOS="249" WIDTH="12"/>
						<String ID="P129_ST00008" HPOS="506" VPOS="227" WIDTH="44" HEIGHT="15" CONTENT="war" WC="0.77" CC="024"/>
						<SP ID="P129_SP00006" HPOS="550" VPOS="249" WIDTH="11"/>
						<String ID="P129_ST00009" HPOS="561" VPOS="222" WIDTH="127" HEIGHT="25" CONTENT="renowned," WC="0.86" CC="304200100"/>
					</TextLine>
					<TextLine ID="P129_TL00004" HPOS="213" VPOS="258" WIDTH="403" HEIGHT="23">
						<String ID="P129_ST00010" HPOS="213" VPOS="260" WIDTH="25" HEIGHT="21" CONTENT="In" WC="0.76" CC="04"/>
						<SP ID="P129_SP00007" HPOS="238" VPOS="281" WIDTH="12"/>
						<String ID="P129_ST00011" HPOS="250" VPOS="258" WIDTH="144" HEIGHT="23" CONTENT="adamantine" WC="0.57" CC="6067570720"/>
						<SP ID="P129_SP00008" HPOS="394" VPOS="281" WIDTH="13"/>
						<String ID="P129_ST00012" HPOS="407" VPOS="265" WIDTH="90" HEIGHT="14" CONTENT="armour" WC="0.63" CC="630055"/>
						<SP ID="P129_SP00009" HPOS="497" VPOS="281" WIDTH="11"/>
						<String ID="P129_ST00013" HPOS="508" VPOS="258" WIDTH="108" HEIGHT="21" CONTENT="frowned." WC="0.83" CC="10007400"/>
					</TextLine>
					<TextLine ID="P129_TL00005" HPOS="212" VPOS="294" WIDTH="433" HEIGHT="32">
						<String ID="P129_ST00014" HPOS="212" VPOS="297" WIDTH="33" HEIGHT="29" CONTENT="By" WC="0.83" CC="30"/>
						<SP ID="P129_SP00010" HPOS="245" VPOS="326" WIDTH="12"/>
						<String ID="P129_ST00015" HPOS="257" VPOS="297" WIDTH="46" HEIGHT="21" CONTENT="him" WC="0.79" CC="060"/>
						<SP ID="P129_SP00011" HPOS="303" VPOS="326" WIDTH="12"/>
						<String ID="P129_ST00016" HPOS="315" VPOS="296" WIDTH="39" HEIGHT="21" CONTENT="the" WC="1.00" CC="000"/>
						<SP ID="P129_SP00012" HPOS="354" VPOS="326" WIDTH="11"/>
						<String ID="P129_ST00017" HPOS="365" VPOS="295" WIDTH="108" HEIGHT="22" CONTENT="childless" WC="0.78" CC="510000065"/>
						<SP ID="P129_SP00013" HPOS="473" VPOS="326" WIDTH="12"/>
						<String ID="P129_ST00018" HPOS="485" VPOS="294" WIDTH="98" HEIGHT="29" CONTENT="goddess" WC="0.55" CC="9300565"/>
						<SP ID="P129_SP00014" HPOS="583" VPOS="326" WIDTH="12"/>
						<String ID="P129_ST00019" HPOS="595" VPOS="302" WIDTH="50" HEIGHT="13" CONTENT="rose" WC="0.73" CC="0550"/>
					</TextLine>
					<TextLine ID="P129_TL00006" HPOS="211" VPOS="332" WIDTH="383" HEIGHT="26">
						<String ID="P129_ST00020" HPOS="211" VPOS="333" WIDTH="110" HEIGHT="25" CONTENT="Minerva," WC="0.61" CC="03734651"/>
						<SP ID="P129_SP00015" HPOS="321" VPOS="358" WIDTH="14"/>
						<String ID="P129_ST00021" HPOS="335" VPOS="332" WIDTH="103" HEIGHT="22" CONTENT="studious" WC="0.74" CC="40104206"/>
						<SP ID="P129_SP00016" HPOS="438" VPOS="358" WIDTH="13"/>
						<String ID="P129_ST00022" HPOS="451" VPOS="336" WIDTH="23" HEIGHT="17" CONTENT="to" WC="0.59" CC="43"/>
						<SP ID="P129_SP00017" HPOS="474" VPOS="358" WIDTH="12"/>
						<String ID="P129_ST00023" HPOS="486" VPOS="338" WIDTH="108" HEIGHT="20" CONTENT="compose" WC="0.83" CC="1000440"/>
					</TextLine>
				</TextBlock>
				<TextBlock ID="P129_TB00004" HPOS="209" VPOS="368" WIDTH="533" HEIGHT="66" STYLEREFS="TXT_1 PAR_LEFT">
					<TextLine ID="P129_TL00007" HPOS="211" VPOS="369" WIDTH="531" HEIGHT="29">
						<String ID="P129_ST00024" HPOS="211" VPOS="370" WIDTH="49" HEIGHT="21" CONTENT="Her" WC="0.42" CC="835"/>
						<SP ID="P129_SP00018" HPOS="260" VPOS="391" WIDTH="11"/>
						<String ID="P129_ST00025" HPOS="271" VPOS="370" WIDTH="92" HEIGHT="22" CONTENT="twisted" WC="1.00" CC="0000000"/>
						<SP ID="P129_SP00019" HPOS="363" VPOS="392" WIDTH="10"/>
						<String ID="P129_ST00026" HPOS="373" VPOS="369" WIDTH="95" HEIGHT="22" CONTENT="threads" WC="0.84" CC="0060400"/>
						<SP ID="P129_SP00020" HPOS="468" VPOS="392" WIDTH="9"/>
						<String ID="P129_ST00027" HPOS="477" VPOS="379" WIDTH="7" HEIGHT="13" CONTENT=";" WC="1.00" CC="0"/>
						<SP ID="P129_SP00021" HPOS="484" VPOS="392" WIDTH="13"/>
						<String ID="P129_ST00028" HPOS="497" VPOS="369" WIDTH="39" HEIGHT="21" CONTENT="the" WC="0.76" CC="700"/>
						<SP ID="P129_SP00022" HPOS="536" VPOS="392" WIDTH="11"/>
						<String ID="P129_ST00029" HPOS="547" VPOS="370" WIDTH="49" HEIGHT="21" CONTENT="web" WC="0.91" CC="002"/>
						<SP ID="P129_SP00023" HPOS="596" VPOS="392" WIDTH="12"/>
						<String ID="P129_ST00030" HPOS="608" VPOS="370" WIDTH="39" HEIGHT="21" CONTENT="she" WC="0.95" CC="010"/>
						<SP ID="P129_SP00024" HPOS="647" VPOS="392" WIDTH="12"/>
						<String ID="P129_ST00031" HPOS="659" VPOS="374" WIDTH="83" HEIGHT="24" CONTENT="strung," WC="0.74" CC="6601300"/>
					</TextLine>
					<TextLine ID="P129_TL00008" HPOS="210" VPOS="406" WIDTH="414" HEIGHT="28">
						<String ID="P129_ST00032" HPOS="210" VPOS="406" WIDTH="55" HEIGHT="21" CONTENT="And" WC="0.84" CC="040"/>
						<SP ID="P129_SP00025" HPOS="265" VPOS="427" WIDTH="11"/>
						<String ID="P129_ST00033" HPOS="276" VPOS="406" WIDTH="45" HEIGHT="21" CONTENT="o'er" WC="0.70" CC="3332"/>
						<SP ID="P129_SP00026" HPOS="321" VPOS="427" WIDTH="11"/>
						<String ID="P129_ST00034" HPOS="332" VPOS="413" WIDTH="13" HEIGHT="13" CONTENT="a" WC="1.00" CC="0"/>
						<SP ID="P129_SP00027" HPOS="345" VPOS="427" WIDTH="8"/>
						<String ID="P129_ST00035" HPOS="353" VPOS="406" WIDTH="60" HEIGHT="21" CONTENT="loom" WC="0.78" CC="1340"/>
						<SP ID="P129_SP00028" HPOS="413" VPOS="427" WIDTH="12"/>
						<String ID="P129_ST00036" HPOS="425" VPOS="406" WIDTH="27" HEIGHT="20" CONTENT="of" WC="0.68" CC="51"/>
						<SP ID="P129_SP00029" HPOS="452" VPOS="427" WIDTH="6"/>
						<String ID="P129_ST00037" HPOS="458" VPOS="406" WIDTH="85" HEIGHT="21" CONTENT="marble" WC="0.75" CC="002551"/>
						<SP ID="P129_SP00030" HPOS="543" VPOS="427" WIDTH="13"/>
						<String ID="P129_ST00038" HPOS="556" VPOS="407" WIDTH="68" HEIGHT="27" CONTENT="hung." WC="0.76" CC="54100"/>
					</TextLine>
				</TextBlock>
				<TextBlock ID="P129_TB00005" HPOS="208" VPOS="442" WIDTH="490" HEIGHT="104" STYLEREFS="TXT_1 PAR_LEFT">
					<TextLine ID="P129_TL00009" HPOS="212" VPOS="443" WIDTH="460" HEIGHT="30">
						<String ID="P129_ST00039" HPOS="212" VPOS="443" WIDTH="88" HEIGHT="27" CONTENT="Thetis," WC="0.72" CC="0406250"/>
						<SP ID="P129_SP00031" HPOS="300" VPOS="470" WIDTH="13"/>
						<String ID="P129_ST00040" HPOS="313" VPOS="443" WIDTH="39" HEIGHT="22" CONTENT="the" WC="0.53" CC="076"/>
						<SP ID="P129_SP00032" HPOS="352" VPOS="470" WIDTH="8"/>
						<String ID="P129_ST00041" HPOS="360" VPOS="444" WIDTH="106" HEIGHT="20" CONTENT="troubled" WC="0.75" CC="01255500"/>
						<SP ID="P129_SP00033" HPOS="466" VPOS="470" WIDTH="13"/>
						<String ID="P129_ST00042" HPOS="479" VPOS="444" WIDTH="98" HEIGHT="22" CONTENT="Ocean's" WC="0.80" CC="7000230"/>
						<SP ID="P129_SP00034" HPOS="577" VPOS="470" WIDTH="13"/>
						<String ID="P129_ST00043" HPOS="590" VPOS="453" WIDTH="82" HEIGHT="20" CONTENT="queen," WC="0.87" CC="031003"/>
					</TextLine>
					<TextLine ID="P129_TL00010" HPOS="210" VPOS="481" WIDTH="488" HEIGHT="29">
						<String ID="P129_ST00044" HPOS="210" VPOS="481" WIDTH="105" HEIGHT="22" CONTENT="Match'd" WC="0.69" CC="0904060"/>
						<SP ID="P129_SP00035" HPOS="315" VPOS="503" WIDTH="11"/>
						<String ID="P129_ST00045" HPOS="326" VPOS="481" WIDTH="54" HEIGHT="22" CONTENT="with" WC="0.78" CC="0107"/>
						<SP ID="P129_SP00036" HPOS="380" VPOS="503" WIDTH="12"/>
						<String ID="P129_ST00046" HPOS="392" VPOS="482" WIDTH="113" HEIGHT="27" CONTENT="ajaoxtal," WC="0.53" CC="078097080"/>
						<SP ID="P129_SP00037" HPOS="505" VPOS="509" WIDTH="13"/>
						<String ID="P129_ST00047" HPOS="518" VPOS="486" WIDTH="53" HEIGHT="18" CONTENT="next" WC="0.91" CC="0300"/>
						<SP ID="P129_SP00038" HPOS="571" VPOS="509" WIDTH="9"/>
						<String ID="P129_ST00048" HPOS="580" VPOS="490" WIDTH="45" HEIGHT="14" CONTENT="was" WC="0.90" CC="011"/>
						<SP ID="P129_SP00039" HPOS="625" VPOS="509" WIDTH="13"/>
						<String ID="P129_ST00049" HPOS="638" VPOS="491" WIDTH="60" HEIGHT="19" CONTENT="seen," WC="0.72" CC="70700"/>
					</TextLine>
					<TextLine ID="P129_TL00011" HPOS="210" VPOS="519" WIDTH="346" HEIGHT="27">
						<String ID="P129_ST00050" HPOS="210" VPOS="519" WIDTH="120" HEIGHT="27" CONTENT="Reclining" WC="0.61" CC="604057630"/>
						<SP ID="P129_SP00040" HPOS="330" VPOS="546" WIDTH="12"/>
						<String ID="P129_ST00051" HPOS="342" VPOS="526" WIDTH="28" HEIGHT="14" CONTENT="on" WC="0.93" CC="01"/>
						<SP ID="P129_SP00041" HPOS="370" VPOS="546" WIDTH="13"/>
						<String ID="P129_ST00052" HPOS="383" VPOS="526" WIDTH="13" HEIGHT="15" CONTENT="a" WC="1.00" CC="0"/>
						<SP ID="P129_SP00042" HPOS="396" VPOS="546" WIDTH="11"/>
						<String ID="P129_ST00053" HPOS="407" VPOS="519" WIDTH="87" HEIGHT="22" CONTENT="funeral" WC="0.76" CC="1260202"/>
						<SP ID="P129_SP00043" HPOS="494" VPOS="546" WIDTH="12"/>
						<String ID="P129_ST00054" HPOS="506" VPOS="527" WIDTH="50" HEIGHT="19" CONTENT="urn," WC="0.55" CC="5471"/>
					</TextLine>
				</TextBlock>
				<TextBlock ID="P129_TB00006" HPOS="209" VPOS="556" WIDTH="483" HEIGHT="102" STYLEREFS="TXT_1 PAR_LEFT">
					<TextLine ID="P129_TL00012" HPOS="211" VPOS="557" WIDTH="481" HEIGHT="29">
						<String ID="P129_ST00055" HPOS="211" VPOS="558" WIDTH="49" HEIGHT="21" CONTENT="Her" WC="0.67" CC="503"/>
						<SP ID="P129_SP00044" HPOS="260" VPOS="579" WIDTH="12"/>
						<String ID="P129_ST00056" HPOS="272" VPOS="557" WIDTH="131" HEIGHT="22" CONTENT="short-liv'd" WC="0.79" CC="40050124210"/>
						<SP ID="P129_SP00045" HPOS="403" VPOS="579" WIDTH="12"/>
						<String ID="P129_ST00057" HPOS="415" VPOS="558" WIDTH="88" HEIGHT="28" CONTENT="darling" WC="0.83" CC="0000208"/>
						<SP ID="P129_SP00046" HPOS="503" VPOS="586" WIDTH="12"/>
						<String ID="P129_ST00058" HPOS="515" VPOS="565" WIDTH="41" HEIGHT="14" CONTENT="son" WC="0.56" CC="443"/>
						<SP ID="P129_SP00047" HPOS="556" VPOS="586" WIDTH="13"/>
						<String ID="P129_ST00059" HPOS="569" VPOS="562" WIDTH="24" HEIGHT="18" CONTENT="to" WC="0.73" CC="05"/>
						<SP ID="P129_SP00048" HPOS="593" VPOS="586" WIDTH="13"/>
						<String ID="P129_ST00060" HPOS="606" VPOS="566" WIDTH="86" HEIGHT="14" CONTENT="mourn." WC="0.88" CC="000070"/>
					</TextLine>
					<TextLine ID="P129_TL00013" HPOS="211" VPOS="595" WIDTH="474" HEIGHT="27">
						<String ID="P129_ST00061" HPOS="211" VPOS="597" WIDTH="50" HEIGHT="21" CONTENT="The" WC="0.61" CC="046"/>
						<SP ID="P129_SP00049" HPOS="261" VPOS="618" WIDTH="12"/>
						<String ID="P129_ST00062" HPOS="273" VPOS="597" WIDTH="44" HEIGHT="21" CONTENT="last" WC="0.68" CC="6240"/>
						<SP ID="P129_SP00050" HPOS="317" VPOS="618" WIDTH="12"/>
						<String ID="P129_ST00063" HPOS="329" VPOS="603" WIDTH="45" HEIGHT="15" CONTENT="was" WC="0.59" CC="056"/>
						<SP ID="P129_SP00051" HPOS="374" VPOS="618" WIDTH="11"/>
						<String ID="P129_ST00064" HPOS="385" VPOS="596" WIDTH="36" HEIGHT="26" CONTENT="he," WC="0.93" CC="002"/>
						<SP ID="P129_SP00052" HPOS="421" VPOS="622" WIDTH="12"/>
						<String ID="P129_ST00065" HPOS="433" VPOS="596" WIDTH="75" HEIGHT="21" CONTENT="whose" WC="0.68" CC="03660"/>
						<SP ID="P129_SP00053" HPOS="508" VPOS="622" WIDTH="13"/>
						<String ID="P129_ST00066" HPOS="521" VPOS="595" WIDTH="99" HEIGHT="22" CONTENT="thunder" WC="0.74" CC="0466000"/>
						<SP ID="P129_SP00054" HPOS="620" VPOS="622" WIDTH="12"/>
						<String ID="P129_ST00067" HPOS="632" VPOS="597" WIDTH="53" HEIGHT="21" CONTENT="slew" WC="0.86" CC="5000"/>
					</TextLine>
					<TextLine ID="P129_TL00014" HPOS="210" VPOS="634" WIDTH="377" HEIGHT="24">
						<String ID="P129_ST00068" HPOS="210" VPOS="635" WIDTH="50" HEIGHT="22" CONTENT="The" WC="0.80" CC="005"/>
						<SP ID="P129_SP00055" HPOS="260" VPOS="657" WIDTH="12"/>
						<String ID="P129_ST00069" HPOS="272" VPOS="635" WIDTH="70" HEIGHT="22" CONTENT="Titan" WC="0.75" CC="04007"/>
						<SP ID="P129_SP00056" HPOS="342" VPOS="657" WIDTH="12"/>
						<String ID="P129_ST00070" HPOS="354" VPOS="642" WIDTH="59" HEIGHT="16" CONTENT="race," WC="0.71" CC="36400"/>
						<SP ID="P129_SP00057" HPOS="413" VPOS="658" WIDTH="12"/>
						<String ID="P129_ST00071" HPOS="425" VPOS="641" WIDTH="12" HEIGHT="14" CONTENT="a" WC="1.00" CC="0"/>
						<SP ID="P129_SP00058" HPOS="437" VPOS="658" WIDTH="12"/>
						<String ID="P129_ST00072" HPOS="449" VPOS="634" WIDTH="62" HEIGHT="21" CONTENT="rebel" WC="0.55" CC="61625"/>
						<SP ID="P129_SP00059" HPOS="511" VPOS="658" WIDTH="12"/>
						<String ID="P129_ST00073" HPOS="523" VPOS="641" WIDTH="64" HEIGHT="17" CONTENT="crew," WC="0.80" CC="36000"/>
					</TextLine>
				</TextBlock>
				<TextBlock ID="P129_TB00007" HPOS="209" VPOS="670" WIDTH="466" HEIGHT="65" STYLEREFS="TXT_1 PAR_LEFT">
					<TextLine ID="P129_TL00015" HPOS="210" VPOS="671" WIDTH="414" HEIGHT="23">
						<String ID="P129_ST00074" HPOS="210" VPOS="673" WIDTH="62" HEIGHT="21" CONTENT="That" WC="0.78" CC="0440"/>
						<SP ID="P129_SP00060" HPOS="272" VPOS="694" WIDTH="11"/>
						<String ID="P129_ST00075" HPOS="283" VPOS="672" WIDTH="59" HEIGHT="21" CONTENT="from" WC="0.92" CC="2000"/>
						<SP ID="P129_SP00061" HPOS="342" VPOS="694" WIDTH="11"/>
						<String ID="P129_ST00076" HPOS="353" VPOS="679" WIDTH="13" HEIGHT="14" CONTENT="a" WC="1.00" CC="0"/>
						<SP ID="P129_SP00062" HPOS="366" VPOS="694" WIDTH="9"/>
						<String ID="P129_ST00077" HPOS="375" VPOS="671" WIDTH="104" HEIGHT="21" CONTENT="hundred" WC="0.90" CC="0500000"/>
						<SP ID="P129_SP00063" HPOS="479" VPOS="694" WIDTH="12"/>
						<String ID="P129_ST00078" HPOS="491" VPOS="671" WIDTH="52" HEIGHT="21" CONTENT="huTs" WC="0.66" CC="3810"/>
						<SP ID="P129_SP00064" HPOS="543" VPOS="694" WIDTH="11"/>
						<String ID="P129_ST00079" HPOS="554" VPOS="671" WIDTH="70" HEIGHT="21" CONTENT="allied" WC="0.68" CC="240750"/>
					</TextLine>
					<TextLine ID="P129_TL00016" HPOS="210" VPOS="704" WIDTH="465" HEIGHT="31">
						<String ID="P129_ST00080" HPOS="210" VPOS="709" WIDTH="27" HEIGHT="22" CONTENT="In" WC="0.42" CC="46"/>
						<SP ID="P129_SP00065" HPOS="237" VPOS="731" WIDTH="11"/>
						<String ID="P129_ST00081" HPOS="248" VPOS="709" WIDTH="98" HEIGHT="26" CONTENT="impious" WC="0.50" CC="0906567"/>
						<SP ID="P129_SP00066" HPOS="346" VPOS="735" WIDTH="12"/>
						<String ID="P129_ST00082" HPOS="358" VPOS="708" WIDTH="91" HEIGHT="27" CONTENT="leagues" WC="0.81" CC="0000327"/>
						<SP ID="P129_SP00067" HPOS="449" VPOS="735" WIDTH="12"/>
						<String ID="P129_ST00083" HPOS="461" VPOS="707" WIDTH="59" HEIGHT="22" CONTENT="their" WC="0.71" CC="05062"/>
						<SP ID="P129_SP00068" HPOS="520" VPOS="735" WIDTH="10"/>
						<String ID="P129_ST00084" HPOS="530" VPOS="704" WIDTH="55" HEIGHT="31" CONTENT="king" WC="0.56" CC="9070"/>
						<SP ID="P129_SP00069" HPOS="585" VPOS="735" WIDTH="11"/>
						<String ID="P129_ST00085" HPOS="596" VPOS="708" WIDTH="79" HEIGHT="21" CONTENT="defied." WC="0.97" CC="0000100"/>
					</TextLine>
				</TextBlock>
				<TextBlock ID="P129_TB00008" HPOS="88" VPOS="752" WIDTH="849" HEIGHT="124" STYLEREFS="TXT_1 PAR_LEFT">
					<TextLine ID="P129_TL00017" HPOS="124" VPOS="753" WIDTH="813" HEIGHT="33">
						<String ID="P129_ST00086" HPOS="124" VPOS="756" WIDTH="38" HEIGHT="23" CONTENT="Sir" WC="0.64" CC="522"/>
						<SP ID="P129_SP00070" HPOS="162" VPOS="779" WIDTH="11"/>
						<String ID="P129_ST00087" HPOS="173" VPOS="755" WIDTH="28" HEIGHT="24" CONTENT="C." WC="1.00" CC="00"/>
						<SP ID="P129_SP00071" HPOS="201" VPOS="779" WIDTH="17"/>
						<String ID="P129_ST00088" HPOS="218" VPOS="755" WIDTH="96" HEIGHT="30" CONTENT="Sedley," WC="0.89" CC="6000001"/>
						<SP ID="P129_SP00072" HPOS="314" VPOS="785" WIDTH="14"/>
						<String ID="P129_ST00089" HPOS="328" VPOS="754" WIDTH="25" HEIGHT="23" CONTENT="in" WC="1.00" CC="00"/>
						<SP ID="P129_SP00073" HPOS="353" VPOS="785" WIDTH="14"/>
						<String ID="P129_ST00090" HPOS="367" VPOS="762" WIDTH="14" HEIGHT="14" CONTENT="a" WC="1.00" CC="0"/>
						<SP ID="P129_SP00074" HPOS="381" VPOS="785" WIDTH="11"/>
						<String ID="P129_ST00091" HPOS="392" VPOS="762" WIDTH="72" HEIGHT="22" CONTENT="poem" WC="0.94" CC="0200"/>
						<SP ID="P129_SP00075" HPOS="464" VPOS="785" WIDTH="12"/>
						<String ID="P129_ST00092" HPOS="476" VPOS="753" WIDTH="84" HEIGHT="27" CONTENT="called," WC="0.83" CC="0334000"/>
						<SP ID="P129_SP00076" HPOS="560" VPOS="785" WIDTH="20"/>
						<String ID="P129_ST00093" HPOS="580" VPOS="757" WIDTH="16" HEIGHT="9" CONTENT='"' WC="0.33" CC="6"/>
						<SP ID="P129_SP00077" HPOS="596" VPOS="785" WIDTH="12"/>
						<String ID="P129_ST00094" HPOS="608" VPOS="754" WIDTH="51" HEIGHT="24" CONTENT="The" WC="0.98" CC="000"/>
						<SP ID="P129_SP00078" HPOS="659" VPOS="785" WIDTH="14"/>
						<String ID="P129_ST00095" HPOS="673" VPOS="755" WIDTH="76" HEIGHT="31" CONTENT="Royal" WC="0.84" CC="30004"/>
						<SP ID="P129_SP00079" HPOS="749" VPOS="786" WIDTH="11"/>
						<String ID="P129_ST00096" HPOS="760" VPOS="756" WIDTH="121" HEIGHT="23" CONTENT='Knotter"' WC="0.87" CC="13400000"/>
						<SP ID="P129_SP00080" HPOS="881" VPOS="786" WIDTH="14"/>
						<String ID="P129_ST00097" HPOS="895" VPOS="757" WIDTH="42" HEIGHT="23" CONTENT="has" WC="0.74" CC="304"/>
					</TextLine>
					<TextLine ID="P129_TL00018" HPOS="90" VPOS="803" WIDTH="847" HEIGHT="31">
						<String ID="P129_ST00098" HPOS="90" VPOS="806" WIDTH="206" HEIGHT="25" CONTENT="commemorated" WC="0.80" CC="000307034300"/>
						<SP ID="P129_SP00081" HPOS="296" VPOS="831" WIDTH="41"/>
						<String ID="P129_ST00099" HPOS="337" VPOS="805" WIDTH="86" HEIGHT="28" CONTENT="Queen" WC="0.77" CC="05006"/>
						<SP ID="P129_SP00082" HPOS="423" VPOS="833" WIDTH="45"/>
						<String ID="P129_ST00100" HPOS="468" VPOS="803" WIDTH="94" HEIGHT="31" CONTENT="Mary's" WC="0.83" CC="030006"/>
						<SP ID="P129_SP00083" HPOS="562" VPOS="834" WIDTH="43"/>
						<String ID="P129_ST00101" HPOS="605" VPOS="804" WIDTH="97" HEIGHT="30" CONTENT="passion" WC="0.60" CC="7053325"/>
						<SP ID="P129_SP00084" HPOS="702" VPOS="834" WIDTH="32"/>
						<String ID="P129_ST00102" HPOS="734" VPOS="804" WIDTH="38" HEIGHT="23" CONTENT="for" WC="0.77" CC="303"/>
						<SP ID="P129_SP00085" HPOS="772" VPOS="834" WIDTH="42"/>
						<String ID="P129_ST00103" HPOS="814" VPOS="807" WIDTH="15" HEIGHT="9" CONTENT='"' WC="0.33" CC="6"/>
						<SP ID="P129_SP00086" HPOS="829" VPOS="834" WIDTH="14"/>
						<String ID="P129_ST00104" HPOS="843" VPOS="805" WIDTH="94" HEIGHT="23" CONTENT="twisted" WC="0.91" CC="0006000"/>
					</TextLine>
					<TextLine ID="P129_TL00019" HPOS="89" VPOS="854" WIDTH="125" HEIGHT="22">
						<String ID="P129_ST00105" HPOS="89" VPOS="854" WIDTH="125" HEIGHT="22" CONTENT='threads."' WC="0.74" CC="066090100"/>
					</TextLine>
				</TextBlock>
				<TextBlock ID="P129_TB00009" HPOS="88" VPOS="900" WIDTH="848" HEIGHT="177" STYLEREFS="TXT_1 PAR_LEFT">
					<TextLine ID="P129_TL00020" HPOS="123" VPOS="901" WIDTH="813" HEIGHT="32">
						<String ID="P129_ST00106" HPOS="123" VPOS="902" WIDTH="11" HEIGHT="23" CONTENT="I" WC="1.00" CC="0"/>
						<SP ID="P129_SP00087" HPOS="134" VPOS="925" WIDTH="21"/>
						<String ID="P129_ST00107" HPOS="155" VPOS="902" WIDTH="49" HEIGHT="23" CONTENT="will" WC="1.00" CC="0000"/>
						<SP ID="P129_SP00088" HPOS="204" VPOS="925" WIDTH="21"/>
						<String ID="P129_ST00108" HPOS="225" VPOS="901" WIDTH="116" HEIGHT="24" CONTENT="conclude" WC="0.77" CC="00001780"/>
						<SP ID="P129_SP00089" HPOS="341" VPOS="925" WIDTH="25"/>
						<String ID="P129_ST00109" HPOS="366" VPOS="902" WIDTH="49" HEIGHT="22" CONTENT="this" WC="0.71" CC="0136"/>
						<SP ID="P129_SP00090" HPOS="415" VPOS="925" WIDTH="22"/>
						<String ID="P129_ST00110" HPOS="437" VPOS="902" WIDTH="137" HEIGHT="31" CONTENT="digression" WC="0.57" CC="0403465556"/>
						<SP ID="P129_SP00091" HPOS="574" VPOS="933" WIDTH="21"/>
						<String ID="P129_ST00111" HPOS="595" VPOS="902" WIDTH="33" HEIGHT="30" CONTENT="by" WC="0.62" CC="70"/>
						<SP ID="P129_SP00092" HPOS="628" VPOS="933" WIDTH="19"/>
						<String ID="P129_ST00112" HPOS="647" VPOS="901" WIDTH="110" HEIGHT="31" CONTENT="noticing" WC="0.82" CC="40230210"/>
						<SP ID="P129_SP00093" HPOS="757" VPOS="933" WIDTH="21"/>
						<String ID="P129_ST00113" HPOS="778" VPOS="909" WIDTH="29" HEIGHT="15" CONTENT="an" WC="0.72" CC="05"/>
						<SP ID="P129_SP00094" HPOS="807" VPOS="933" WIDTH="21"/>
						<String ID="P129_ST00114" HPOS="828" VPOS="902" WIDTH="108" HEIGHT="23" CONTENT="instance" WC="0.78" CC="63700000"/>
					</TextLine>
					<TextLine ID="P129_TL00021" HPOS="89" VPOS="950" WIDTH="847" HEIGHT="32">
						<String ID="P129_ST00115" HPOS="89" VPOS="951" WIDTH="79" HEIGHT="23" CONTENT="where" WC="0.65" CC="07450"/>
						<SP ID="P129_SP00095" HPOS="168" VPOS="974" WIDTH="14"/>
						<String ID="P129_ST00116" HPOS="182" VPOS="950" WIDTH="40" HEIGHT="23" CONTENT="the" WC="0.76" CC="070"/>
						<SP ID="P129_SP00096" HPOS="222" VPOS="974" WIDTH="14"/>
						<String ID="P129_ST00117" HPOS="236" VPOS="950" WIDTH="94" HEIGHT="30" CONTENT="painter" WC="0.82" CC="0425000"/>
						<SP ID="P129_SP00097" HPOS="330" VPOS="980" WIDTH="13"/>
						<String ID="P129_ST00118" HPOS="343" VPOS="954" WIDTH="64" HEIGHT="19" CONTENT="must" WC="0.71" CC="4510"/>
						<SP ID="P129_SP00098" HPOS="407" VPOS="980" WIDTH="13"/>
						<String ID="P129_ST00119" HPOS="420" VPOS="950" WIDTH="64" HEIGHT="31" CONTENT="yield" WC="0.82" CC="05110"/>
						<SP ID="P129_SP00099" HPOS="484" VPOS="981" WIDTH="11"/>
						<String ID="P129_ST00120" HPOS="495" VPOS="954" WIDTH="24" HEIGHT="19" CONTENT="to" WC="1.00" CC="00"/>
						<SP ID="P129_SP00100" HPOS="519" VPOS="981" WIDTH="12"/>
						<String ID="P129_ST00121" HPOS="531" VPOS="951" WIDTH="42" HEIGHT="22" CONTENT="the" WC="0.77" CC="060"/>
						<SP ID="P129_SP00101" HPOS="573" VPOS="981" WIDTH="13"/>
						<String ID="P129_ST00122" HPOS="586" VPOS="955" WIDTH="66" HEIGHT="26" CONTENT="poet," WC="0.82" CC="50300"/>
						<SP ID="P129_SP00102" HPOS="652" VPOS="981" WIDTH="13"/>
						<String ID="P129_ST00123" HPOS="665" VPOS="951" WIDTH="62" HEIGHT="22" CONTENT="from" WC="0.79" CC="0601"/>
						<SP ID="P129_SP00103" HPOS="727" VPOS="981" WIDTH="15"/>
						<String ID="P129_ST00124" HPOS="742" VPOS="955" WIDTH="64" HEIGHT="19" CONTENT="want" WC="0.61" CC="0671"/>
						<SP ID="P129_SP00104" HPOS="806" VPOS="981" WIDTH="20"/>
						<String ID="P129_ST00125" HPOS="826" VPOS="951" WIDTH="27" HEIGHT="22" CONTENT="of" WC="1.00" CC="00"/>
						<SP ID="P129_SP00105" HPOS="853" VPOS="981" WIDTH="10"/>
						<String ID="P129_ST00126" HPOS="863" VPOS="951" WIDTH="73" HEIGHT="31" CONTENT="being" WC="0.63" CC="60470"/>
					</TextLine>
					<TextLine ID="P129_TL00022" HPOS="90" VPOS="999" WIDTH="845" HEIGHT="32">
						<String ID="P129_ST00127" HPOS="90" VPOS="1000" WIDTH="51" HEIGHT="22" CONTENT="able" WC="0.50" CC="6660"/>
						<SP ID="P129_SP00106" HPOS="141" VPOS="1022" WIDTH="14"/>
						<String ID="P129_ST00128" HPOS="155" VPOS="1002" WIDTH="24" HEIGHT="20" CONTENT="to" WC="0.93" CC="10"/>
						<SP ID="P129_SP00107" HPOS="179" VPOS="1022" WIDTH="11"/>
						<String ID="P129_ST00129" HPOS="190" VPOS="1002" WIDTH="125" HEIGHT="27" CONTENT="represent" WC="0.65" CC="309545010"/>
						<SP ID="P129_SP00108" HPOS="315" VPOS="1029" WIDTH="13"/>
						<String ID="P129_ST00130" HPOS="328" VPOS="1007" WIDTH="13" HEIGHT="15" CONTENT="a" WC="0.69" CC="3"/>
						<SP ID="P129_SP00109" HPOS="341" VPOS="1029" WIDTH="13"/>
						<String ID="P129_ST00131" HPOS="354" VPOS="1000" WIDTH="138" HEIGHT="22" CONTENT="succession" WC="0.65" CC="5420077501"/>
						<SP ID="P129_SP00110" HPOS="492" VPOS="1029" WIDTH="15"/>
						<String ID="P129_ST00132" HPOS="507" VPOS="999" WIDTH="26" HEIGHT="23" CONTENT="of" WC="0.96" CC="00"/>
						<SP ID="P129_SP00111" HPOS="533" VPOS="1029" WIDTH="16"/>
						<String ID="P129_ST00133" HPOS="549" VPOS="1000" WIDTH="74" HEIGHT="26" CONTENT="ideas," WC="0.77" CC="120053"/>
						<SP ID="P129_SP00112" HPOS="623" VPOS="1029" WIDTH="14"/>
						<String ID="P129_ST00134" HPOS="637" VPOS="1008" WIDTH="27" HEIGHT="14" CONTENT="or" WC="0.98" CC="00"/>
						<SP ID="P129_SP00113" HPOS="664" VPOS="1029" WIDTH="13"/>
						<String ID="P129_ST00135" HPOS="677" VPOS="1000" WIDTH="100" HEIGHT="31" CONTENT="images." WC="0.81" CC="4300050"/>
						<SP ID="P129_SP00114" HPOS="777" VPOS="1031" WIDTH="38"/>
						<String ID="P129_ST00136" HPOS="815" VPOS="1000" WIDTH="52" HEIGHT="24" CONTENT="The" WC="0.79" CC="060"/>
						<SP ID="P129_SP00115" HPOS="867" VPOS="1031" WIDTH="14"/>
						<String ID="P129_ST00137" HPOS="881" VPOS="1009" WIDTH="54" HEIGHT="22" CONTENT="pas" SUBS_TYPE="HypPart1" SUBS_CONTENT="passage" WC="0.80" CC="0052"/>
						<HYP CONTENT="-"/>
					</TextLine>
					<TextLine ID="P129_TL00023" HPOS="90" VPOS="1047" WIDTH="594" HEIGHT="30">
						<String ID="P129_ST00138" HPOS="90" VPOS="1056" WIDTH="56" HEIGHT="21" CONTENT="sage" SUBS_TYPE="HypPart2" SUBS_CONTENT="passage" WC="0.66" CC="6070"/>
						<SP ID="P129_SP00116" HPOS="146" VPOS="1077" WIDTH="14"/>
						<String ID="P129_ST00139" HPOS="160" VPOS="1049" WIDTH="19" HEIGHT="22" CONTENT="is" WC="0.53" CC="26"/>
						<SP ID="P129_SP00117" HPOS="179" VPOS="1077" WIDTH="13"/>
						<String ID="P129_ST00140" HPOS="192" VPOS="1048" WIDTH="24" HEIGHT="23" CONTENT="in" WC="0.90" CC="20"/>
						<SP ID="P129_SP00118" HPOS="216" VPOS="1077" WIDTH="15"/>
						<String ID="P129_ST00141" HPOS="231" VPOS="1047" WIDTH="173" HEIGHT="30" CONTENT="Shakspeare's" WC="0.78" CC="600049000005"/>
						<SP ID="P129_SP00119" HPOS="404" VPOS="1077" WIDTH="20"/>
						<String ID="P129_ST00142" HPOS="424" VPOS="1047" WIDTH="53" HEIGHT="30" CONTENT="play" WC="0.80" CC="0430"/>
						<SP ID="P129_SP00120" HPOS="477" VPOS="1077" WIDTH="13"/>
						<String ID="P129_ST00143" HPOS="490" VPOS="1047" WIDTH="27" HEIGHT="23" CONTENT="of" WC="0.91" CC="01"/>
						<SP ID="P129_SP00121" HPOS="517" VPOS="1077" WIDTH="18"/>
						<String ID="P129_ST00144" HPOS="535" VPOS="1047" WIDTH="149" HEIGHT="30" CONTENT="Cymbeline." WC="0.79" CC="0095002300"/>
					</TextLine>
				</TextBlock>
				<TextBlock ID="P129_TB00010" HPOS="206" VPOS="1096" WIDTH="525" HEIGHT="65" STYLEREFS="TXT_1 PAR_LEFT">
					<TextLine ID="P129_TL00024" HPOS="207" VPOS="1097" WIDTH="524" HEIGHT="31">
						<String ID="P129_ST00145" HPOS="207" VPOS="1102" WIDTH="101" HEIGHT="26" CONTENT="Lmogen." WC="0.78" CC="7007000"/>
						<String ID="P129_ST00146" HPOS="309" VPOS="1114" WIDTH="30" HEIGHT="2" CONTENT="—" WC="0.20" CC="8"/>
						<String ID="P129_ST00147" HPOS="341" VPOS="1099" WIDTH="68" HEIGHT="22" CONTENT="Thou" WC="0.69" CC="0705"/>
						<SP ID="P129_SP00122" HPOS="409" VPOS="1128" WIDTH="12"/>
						<String ID="P129_ST00148" HPOS="421" VPOS="1098" WIDTH="110" HEIGHT="23" CONTENT="should'st" WC="0.62" CC="604500664"/>
						<SP ID="P129_SP00123" HPOS="531" VPOS="1128" WIDTH="11"/>
						<String ID="P129_ST00149" HPOS="542" VPOS="1098" WIDTH="56" HEIGHT="21" CONTENT="have" WC="0.69" CC="4070"/>
						<SP ID="P129_SP00124" HPOS="598" VPOS="1128" WIDTH="12"/>
						<String ID="P129_ST00150" HPOS="610" VPOS="1097" WIDTH="65" HEIGHT="21" CONTENT="made" WC="0.92" CC="0003"/>
						<SP ID="P129_SP00125" HPOS="675" VPOS="1128" WIDTH="11"/>
						<String ID="P129_ST00151" HPOS="686" VPOS="1097" WIDTH="45" HEIGHT="21" CONTENT="him" WC="0.78" CC="060"/>
					</TextLine>
					<TextLine ID="P129_TL00025" HPOS="209" VPOS="1134" WIDTH="443" HEIGHT="27">
						<String ID="P129_ST00152" HPOS="209" VPOS="1138" WIDTH="34" HEIGHT="21" CONTENT="As" WC="0.76" CC="04"/>
						<SP ID="P129_SP00126" HPOS="243" VPOS="1159" WIDTH="11"/>
						<String ID="P129_ST00153" HPOS="254" VPOS="1137" WIDTH="59" HEIGHT="22" CONTENT="little" WC="0.83" CC="640000"/>
						<SP ID="P129_SP00127" HPOS="313" VPOS="1159" WIDTH="12"/>
						<String ID="P129_ST00154" HPOS="325" VPOS="1144" WIDTH="24" HEIGHT="14" CONTENT="as" WC="0.69" CC="06"/>
						<SP ID="P129_SP00128" HPOS="349" VPOS="1159" WIDTH="10"/>
						<String ID="P129_ST00155" HPOS="359" VPOS="1143" WIDTH="13" HEIGHT="15" CONTENT="a" WC="1.00" CC="0"/>
						<SP ID="P129_SP00129" HPOS="372" VPOS="1159" WIDTH="10"/>
						<String ID="P129_ST00156" HPOS="382" VPOS="1143" WIDTH="66" HEIGHT="18" CONTENT="crow," WC="0.88" CC="30200"/>
						<SP ID="P129_SP00130" HPOS="448" VPOS="1161" WIDTH="12"/>
						<String ID="P129_ST00157" HPOS="460" VPOS="1143" WIDTH="26" HEIGHT="14" CONTENT="or" WC="0.80" CC="04"/>
						<SP ID="P129_SP00131" HPOS="486" VPOS="1161" WIDTH="10"/>
						<String ID="P129_ST00158" HPOS="496" VPOS="1136" WIDTH="52" HEIGHT="25" CONTENT="less," WC="0.78" CC="30340"/>
						<SP ID="P129_SP00132" HPOS="548" VPOS="1161" WIDTH="10"/>
						<String ID="P129_ST00159" HPOS="558" VPOS="1134" WIDTH="44" HEIGHT="22" CONTENT="e'er" WC="0.75" CC="0153"/>
						<SP ID="P129_SP00133" HPOS="602" VPOS="1161" WIDTH="9"/>
						<String ID="P129_ST00160" HPOS="611" VPOS="1134" WIDTH="41" HEIGHT="21" CONTENT="left" WC="0.68" CC="5041"/>
					</TextLine>
				</TextBlock>
				<TextBlock ID="P129_TB00011" HPOS="209" VPOS="1173" WIDTH="224" HEIGHT="28" STYLEREFS="TXT_1 PAR_LEFT">
					<TextLine ID="P129_TL00026" HPOS="210" VPOS="1174" WIDTH="223" HEIGHT="27">
						<String ID="P129_ST00161" HPOS="210" VPOS="1176" WIDTH="36" HEIGHT="21" CONTENT="To" WC="1.00" CC="00"/>
						<SP ID="P129_SP00134" HPOS="246" VPOS="1197" WIDTH="11"/>
						<String ID="P129_ST00162" HPOS="257" VPOS="1176" WIDTH="112" HEIGHT="25" CONTENT="aster-eye" WC="0.68" CC="388130400"/>
						<SP ID="P129_SP00135" HPOS="369" VPOS="1201" WIDTH="12"/>
						<String ID="P129_ST00163" HPOS="381" VPOS="1174" WIDTH="52" HEIGHT="21" CONTENT="him." WC="0.80" CC="0511"/>
					</TextLine>
				</TextBlock>
				<TextBlock ID="P129_TB00012" HPOS="207" VPOS="1209" WIDTH="333" HEIGHT="26" STYLEREFS="TXT_1 PAR_LEFT">
					<TextLine ID="P129_TL00027" HPOS="208" VPOS="1210" WIDTH="332" HEIGHT="25">
						<String ID="P129_ST00164" HPOS="208" VPOS="1214" WIDTH="83" HEIGHT="20" CONTENT="Pisan." WC="0.98" CC="000100"/>
						<String ID="P129_ST00165" HPOS="293" VPOS="1226" WIDTH="28" HEIGHT="2" CONTENT="—" WC="0.20" CC="8"/>
						<String ID="P129_ST00166" HPOS="324" VPOS="1211" WIDTH="101" HEIGHT="24" CONTENT="Madam," WC="1.00" CC="000000"/>
						<SP ID="P129_SP00136" HPOS="425" VPOS="1235" WIDTH="12"/>
						<String ID="P129_ST00167" HPOS="437" VPOS="1217" WIDTH="25" HEIGHT="15" CONTENT="so" WC="0.46" CC="64"/>
						<SP ID="P129_SP00137" HPOS="462" VPOS="1235" WIDTH="11"/>
						<String ID="P129_ST00168" HPOS="473" VPOS="1210" WIDTH="11" HEIGHT="21" CONTENT="I" WC="0.98" CC="0"/>
						<SP ID="P129_SP00138" HPOS="484" VPOS="1235" WIDTH="12"/>
						<String ID="P129_ST00169" HPOS="496" VPOS="1210" WIDTH="44" HEIGHT="21" CONTENT="did." WC="0.50" CC="4680"/>
					</TextLine>
				</TextBlock>
				<TextBlock ID="P129_TB00013" HPOS="205" VPOS="1244" WIDTH="731" HEIGHT="69" STYLEREFS="TXT_1 PAR_LEFT">
					<TextLine ID="P129_TL00028" HPOS="206" VPOS="1245" WIDTH="730" HEIGHT="33">
						<String ID="P129_ST00170" HPOS="206" VPOS="1252" WIDTH="73" HEIGHT="26" CONTENT="Imog." WC="1.00" CC="00000"/>
						<String ID="P129_ST00171" HPOS="282" VPOS="1264" WIDTH="27" HEIGHT="2" CONTENT="—" WC="0.20" CC="8"/>
						<String ID="P129_ST00172" HPOS="313" VPOS="1249" WIDTH="11" HEIGHT="21" CONTENT="I" WC="1.00" CC="0"/>
						<SP ID="P129_SP00139" HPOS="324" VPOS="1278" WIDTH="9"/>
						<String ID="P129_ST00173" HPOS="333" VPOS="1248" WIDTH="76" HEIGHT="22" CONTENT="would" WC="0.78" CC="04600"/>
						<SP ID="P129_SP00140" HPOS="409" VPOS="1278" WIDTH="8"/>
						<String ID="P129_ST00174" HPOS="417" VPOS="1248" WIDTH="56" HEIGHT="21" CONTENT="have" WC="0.82" CC="0070"/>
						<SP ID="P129_SP00141" HPOS="473" VPOS="1278" WIDTH="8"/>
						<String ID="P129_ST00175" HPOS="481" VPOS="1247" WIDTH="70" HEIGHT="21" CONTENT="broke" WC="0.86" CC="10400"/>
						<SP ID="P129_SP00142" HPOS="551" VPOS="1278" WIDTH="10"/>
						<String ID="P129_ST00176" HPOS="561" VPOS="1254" WIDTH="36" HEIGHT="21" CONTENT="my" WC="0.92" CC="10"/>
						<SP ID="P129_SP00143" HPOS="597" VPOS="1278" WIDTH="9"/>
						<String ID="P129_ST00177" HPOS="606" VPOS="1245" WIDTH="145" HEIGHT="29" CONTENT="eye-strings," WC="0.76" CC="201060300950"/>
						<SP ID="P129_SP00144" HPOS="751" VPOS="1278" WIDTH="11"/>
						<String ID="P129_ST00178" HPOS="762" VPOS="1246" WIDTH="77" HEIGHT="21" CONTENT="crackt" WC="0.61" CC="665400"/>
						<SP ID="P129_SP00145" HPOS="839" VPOS="1278" WIDTH="12"/>
						<String ID="P129_ST00179" HPOS="851" VPOS="1245" WIDTH="35" HEIGHT="26" CONTENT="'m," WC="0.95" CC="100"/>
						<SP ID="P129_SP00146" HPOS="886" VPOS="1278" WIDTH="10"/>
						<String ID="P129_ST00180" HPOS="896" VPOS="1246" WIDTH="40" HEIGHT="21" CONTENT="but" WC="0.68" CC="044"/>
					</TextLine>
					<TextLine ID="P129_TL00029" HPOS="208" VPOS="1282" WIDTH="486" HEIGHT="31">
						<String ID="P129_ST00181" HPOS="208" VPOS="1287" WIDTH="35" HEIGHT="22" CONTENT="To" WC="0.77" CC="04"/>
						<SP ID="P129_SP00147" HPOS="243" VPOS="1309" WIDTH="11"/>
						<String ID="P129_ST00182" HPOS="254" VPOS="1287" WIDTH="54" HEIGHT="22" CONTENT="look" WC="0.85" CC="2030"/>
						<SP ID="P129_SP00148" HPOS="308" VPOS="1309" WIDTH="10"/>
						<String ID="P129_ST00183" HPOS="318" VPOS="1293" WIDTH="61" HEIGHT="20" CONTENT="upon" WC="0.90" CC="3010"/>
						<SP ID="P129_SP00149" HPOS="379" VPOS="1313" WIDTH="12"/>
						<String ID="P129_ST00184" HPOS="391" VPOS="1285" WIDTH="46" HEIGHT="21" CONTENT="him" WC="0.55" CC="760"/>
						<String ID="P129_ST00185" HPOS="446" VPOS="1292" WIDTH="4" HEIGHT="18" CONTENT=";" WC="0.64" CC="3"/>
						<SP ID="P129_SP00150" HPOS="450" VPOS="1313" WIDTH="13"/>
						<String ID="P129_ST00186" HPOS="463" VPOS="1284" WIDTH="34" HEIGHT="21" CONTENT="till" WC="0.84" CC="0014"/>
						<SP ID="P129_SP00151" HPOS="497" VPOS="1313" WIDTH="11"/>
						<String ID="P129_ST00187" HPOS="508" VPOS="1283" WIDTH="39" HEIGHT="21" CONTENT="the" WC="0.79" CC="060"/>
						<SP ID="P129_SP00152" HPOS="547" VPOS="1313" WIDTH="11"/>
						<String ID="P129_ST00188" HPOS="558" VPOS="1282" WIDTH="136" HEIGHT="22" CONTENT="diminution" WC="0.67" CC="0603070627"/>
					</TextLine>
				</TextBlock>
				<TextBlock ID="P129_TB00014" HPOS="205" VPOS="1319" WIDTH="590" HEIGHT="143" STYLEREFS="TXT_1 PAR_LEFT">
					<TextLine ID="P129_TL00030" HPOS="207" VPOS="1320" WIDTH="588" HEIGHT="33">
						<String ID="P129_ST00189" HPOS="207" VPOS="1325" WIDTH="36" HEIGHT="22" CONTENT="Of" WC="0.56" CC="71"/>
						<SP ID="P129_SP00153" HPOS="243" VPOS="1347" WIDTH="7"/>
						<String ID="P129_ST00190" HPOS="250" VPOS="1331" WIDTH="67" HEIGHT="22" CONTENT="space" WC="0.84" CC="30130"/>
						<SP ID="P129_SP00154" HPOS="317" VPOS="1353" WIDTH="11"/>
						<String ID="P129_ST00191" HPOS="328" VPOS="1323" WIDTH="46" HEIGHT="22" CONTENT="had" WC="0.69" CC="620"/>
						<SP ID="P129_SP00155" HPOS="374" VPOS="1353" WIDTH="11"/>
						<String ID="P129_ST00192" HPOS="385" VPOS="1322" WIDTH="94" HEIGHT="29" CONTENT="pointed" WC="0.77" CC="0503070"/>
						<SP ID="P129_SP00156" HPOS="479" VPOS="1353" WIDTH="11"/>
						<String ID="P129_ST00193" HPOS="490" VPOS="1321" WIDTH="46" HEIGHT="21" CONTENT="him" WC="0.84" CC="040"/>
						<SP ID="P129_SP00157" HPOS="536" VPOS="1353" WIDTH="11"/>
						<String ID="P129_ST00194" HPOS="547" VPOS="1321" WIDTH="67" HEIGHT="28" CONTENT="sharp" WC="0.52" CC="66640"/>
						<SP ID="P129_SP00158" HPOS="614" VPOS="1353" WIDTH="12"/>
						<String ID="P129_ST00195" HPOS="626" VPOS="1328" WIDTH="24" HEIGHT="14" CONTENT="as" WC="0.67" CC="06"/>
						<SP ID="P129_SP00159" HPOS="650" VPOS="1353" WIDTH="12"/>
						<String ID="P129_ST00196" HPOS="662" VPOS="1328" WIDTH="36" HEIGHT="21" CONTENT="my" WC="1.00" CC="00"/>
						<SP ID="P129_SP00160" HPOS="698" VPOS="1353" WIDTH="12"/>
						<String ID="P129_ST00197" HPOS="710" VPOS="1320" WIDTH="85" HEIGHT="22" CONTENT="needle." WC="0.87" CC="0000702"/>
					</TextLine>
					<TextLine ID="P129_TL00031" HPOS="207" VPOS="1359" WIDTH="542" HEIGHT="31">
						<String ID="P129_ST00198" HPOS="207" VPOS="1361" WIDTH="58" HEIGHT="29" CONTENT="Nay," WC="1.00" CC="0000"/>
						<SP ID="P129_SP00161" HPOS="265" VPOS="1390" WIDTH="12"/>
						<String ID="P129_ST00199" HPOS="277" VPOS="1359" WIDTH="99" HEIGHT="22" CONTENT="follow'd" WC="0.79" CC="02450030"/>
						<SP ID="P129_SP00162" HPOS="376" VPOS="1390" WIDTH="11"/>
						<String ID="P129_ST00200" HPOS="387" VPOS="1359" WIDTH="53" HEIGHT="27" CONTENT="him," WC="0.58" CC="6152"/>
						<SP ID="P129_SP00163" HPOS="440" VPOS="1390" WIDTH="12"/>
						<String ID="P129_ST00201" HPOS="452" VPOS="1359" WIDTH="35" HEIGHT="22" CONTENT="till" WC="0.71" CC="0065"/>
						<SP ID="P129_SP00164" HPOS="487" VPOS="1390" WIDTH="13"/>
						<String ID="P129_ST00202" HPOS="500" VPOS="1359" WIDTH="28" HEIGHT="22" CONTENT="he" WC="0.73" CC="50"/>
						<SP ID="P129_SP00165" HPOS="528" VPOS="1390" WIDTH="12"/>
						<String ID="P129_ST00203" HPOS="540" VPOS="1359" WIDTH="46" HEIGHT="21" CONTENT="had" WC="0.64" CC="640"/>
						<SP ID="P129_SP00166" HPOS="586" VPOS="1390" WIDTH="11"/>
						<String ID="P129_ST00204" HPOS="597" VPOS="1359" WIDTH="85" HEIGHT="21" CONTENT="melted" WC="0.92" CC="030000"/>
						<SP ID="P129_SP00167" HPOS="682" VPOS="1390" WIDTH="9"/>
						<String ID="P129_ST00205" HPOS="691" VPOS="1359" WIDTH="58" HEIGHT="21" CONTENT="from" WC="0.77" CC="0360"/>
					</TextLine>
					<TextLine ID="P129_TL00032" HPOS="206" VPOS="1395" WIDTH="523" HEIGHT="29">
						<String ID="P129_ST00206" HPOS="206" VPOS="1396" WIDTH="51" HEIGHT="22" CONTENT="The" WC="0.81" CC="050"/>
						<SP ID="P129_SP00168" HPOS="257" VPOS="1418" WIDTH="13"/>
						<String ID="P129_ST00207" HPOS="270" VPOS="1396" WIDTH="117" HEIGHT="22" CONTENT="smaUness" WC="0.62" CC="60084036"/>
						<SP ID="P129_SP00169" HPOS="387" VPOS="1418" WIDTH="12"/>
						<String ID="P129_ST00208" HPOS="399" VPOS="1396" WIDTH="26" HEIGHT="21" CONTENT="of" WC="0.84" CC="30"/>
						<SP ID="P129_SP00170" HPOS="425" VPOS="1418" WIDTH="7"/>
						<String ID="P129_ST00209" HPOS="432" VPOS="1403" WIDTH="13" HEIGHT="14" CONTENT="a" WC="0.71" CC="2"/>
						<SP ID="P129_SP00171" HPOS="445" VPOS="1418" WIDTH="11"/>
						<String ID="P129_ST00210" HPOS="456" VPOS="1399" WIDTH="61" HEIGHT="25" CONTENT="gnat," WC="0.85" CC="07000"/>
						<SP ID="P129_SP00172" HPOS="517" VPOS="1424" WIDTH="12"/>
						<String ID="P129_ST00211" HPOS="529" VPOS="1399" WIDTH="24" HEIGHT="18" CONTENT="to" WC="1.00" CC="00"/>
						<SP ID="P129_SP00173" HPOS="553" VPOS="1424" WIDTH="12"/>
						<String ID="P129_ST00212" HPOS="565" VPOS="1395" WIDTH="39" HEIGHT="26" CONTENT="air," WC="0.83" CC="0510"/>
						<SP ID="P129_SP00174" HPOS="604" VPOS="1424" WIDTH="13"/>
						<String ID="P129_ST00213" HPOS="617" VPOS="1396" WIDTH="44" HEIGHT="21" CONTENT="and" WC="0.70" CC="350"/>
						<SP ID="P129_SP00175" HPOS="661" VPOS="1424" WIDTH="13"/>
						<String ID="P129_ST00214" HPOS="674" VPOS="1396" WIDTH="55" HEIGHT="21" CONTENT="then" WC="0.70" CC="0506"/>
					</TextLine>
					<TextLine ID="P129_TL00033" HPOS="207" VPOS="1434" WIDTH="416" HEIGHT="28">
						<String ID="P129_ST00215" HPOS="207" VPOS="1435" WIDTH="65" HEIGHT="21" CONTENT="Have" WC="0.70" CC="7040"/>
						<SP ID="P129_SP00176" HPOS="272" VPOS="1456" WIDTH="10"/>
						<String ID="P129_ST00216" HPOS="282" VPOS="1434" WIDTH="75" HEIGHT="22" CONTENT="turn'd" WC="0.78" CC="006510"/>
						<SP ID="P129_SP00177" HPOS="357" VPOS="1456" WIDTH="12"/>
						<String ID="P129_ST00217" HPOS="369" VPOS="1435" WIDTH="60" HEIGHT="21" CONTENT="mine" WC="0.75" CC="0630"/>
						<SP ID="P129_SP00178" HPOS="429" VPOS="1456" WIDTH="12"/>
						<String ID="P129_ST00218" HPOS="441" VPOS="1442" WIDTH="48" HEIGHT="20" CONTENT="eye," WC="1.00" CC="0000"/>
						<SP ID="P129_SP00179" HPOS="489" VPOS="1462" WIDTH="13"/>
						<String ID="P129_ST00219" HPOS="502" VPOS="1435" WIDTH="45" HEIGHT="21" CONTENT="and" WC="0.89" CC="030"/>
						<SP ID="P129_SP00180" HPOS="547" VPOS="1462" WIDTH="9"/>
						<String ID="P129_ST00220" HPOS="556" VPOS="1438" WIDTH="67" HEIGHT="24" CONTENT="wept." WC="0.93" CC="03000"/>
					</TextLine>
				</TextBlock>
				<TextBlock ID="P129_TB00015" HPOS="118" VPOS="1481" WIDTH="815" HEIGHT="31" STYLEREFS="TXT_1 PAR_LEFT">
					<TextLine ID="P129_TL00034" HPOS="120" VPOS="1483" WIDTH="813" HEIGHT="29">
						<String ID="P129_ST00221" HPOS="120" VPOS="1484" WIDTH="46" HEIGHT="23" CONTENT="We" WC="1.00" CC="00"/>
						<SP ID="P129_SP00181" HPOS="166" VPOS="1507" WIDTH="13"/>
						<String ID="P129_ST00222" HPOS="179" VPOS="1491" WIDTH="40" HEIGHT="16" CONTENT="are" WC="0.78" CC="060"/>
						<SP ID="P129_SP00182" HPOS="219" VPOS="1507" WIDTH="13"/>
						<String ID="P129_ST00223" HPOS="232" VPOS="1483" WIDTH="76" HEIGHT="23" CONTENT="called" WC="0.74" CC="004208"/>
						<SP ID="P129_SP00183" HPOS="308" VPOS="1507" WIDTH="20"/>
						<String ID="P129_ST00224" HPOS="328" VPOS="1483" WIDTH="63" HEIGHT="22" CONTENT="from" WC="0.79" CC="3030"/>
						<SP ID="P129_SP00184" HPOS="391" VPOS="1507" WIDTH="13"/>
						<String ID="P129_ST00225" HPOS="404" VPOS="1483" WIDTH="49" HEIGHT="22" CONTENT="this" WC="0.64" CC="2335"/>
						<SP ID="P129_SP00185" HPOS="453" VPOS="1507" WIDTH="19"/>
						<String ID="P129_ST00226" HPOS="472" VPOS="1483" WIDTH="136" HEIGHT="29" CONTENT="digression" WC="0.64" CC="0397055003"/>
						<SP ID="P129_SP00186" HPOS="608" VPOS="1512" WIDTH="20"/>
						<String ID="P129_ST00227" HPOS="628" VPOS="1483" WIDTH="31" HEIGHT="29" CONTENT="by" WC="0.90" CC="10"/>
						<SP ID="P129_SP00187" HPOS="659" VPOS="1512" WIDTH="14"/>
						<String ID="P129_ST00228" HPOS="673" VPOS="1491" WIDTH="12" HEIGHT="14" CONTENT="a" WC="0.64" CC="3"/>
						<SP ID="P129_SP00188" HPOS="685" VPOS="1512" WIDTH="21"/>
						<String ID="P129_ST00229" HPOS="706" VPOS="1491" WIDTH="57" HEIGHT="21" CONTENT="very" WC="1.00" CC="0000"/>
						<SP ID="P129_SP00189" HPOS="763" VPOS="1512" WIDTH="13"/>
						<String ID="P129_ST00230" HPOS="776" VPOS="1483" WIDTH="69" HEIGHT="29" CONTENT="lively" WC="0.75" CC="444010"/>
						<SP ID="P129_SP00190" HPOS="845" VPOS="1512" WIDTH="26"/>
						<String ID="P129_ST00231" HPOS="871" VPOS="1491" WIDTH="62" HEIGHT="15" CONTENT="sum-" WC="0.65" CC="6520"/>
					</TextLine>
				</TextBlock>
				<TextBlock ID="P129_TB00016" HPOS="85" VPOS="1539" WIDTH="103" HEIGHT="14" STYLEREFS="TXT_1 PAR_LEFT">
					<TextLine ID="P129_TL00035" HPOS="86" VPOS="1540" WIDTH="102" HEIGHT="13">
						<String ID="P129_ST00232" HPOS="86" VPOS="1540" WIDTH="69" HEIGHT="13" CONTENT="mons" WC="0.73" CC="0117"/>
						<String ID="P129_ST00233" HPOS="157" VPOS="1546" WIDTH="31" HEIGHT="2" CONTENT="—" WC="0.20" CC="8"/>
					</TextLine>
				</TextBlock>
				<TextBlock ID="P129_TB00017" HPOS="207" VPOS="1578" WIDTH="586" HEIGHT="67" STYLEREFS="TXT_1 PAR_LEFT">
					<TextLine ID="P129_TL00036" HPOS="208" VPOS="1579" WIDTH="585" HEIGHT="28">
						<String ID="P129_ST00234" HPOS="208" VPOS="1581" WIDTH="63" HEIGHT="22" CONTENT="Hark" WC="0.75" CC="0720"/>
						<SP ID="P129_SP00191" HPOS="271" VPOS="1603" WIDTH="11"/>
						<String ID="P129_ST00235" HPOS="282" VPOS="1582" WIDTH="4" HEIGHT="20" CONTENT="!" WC="0.86" CC="1"/>
						<SP ID="P129_SP00192" HPOS="286" VPOS="1603" WIDTH="14"/>
						<String ID="P129_ST00236" HPOS="300" VPOS="1581" WIDTH="65" HEIGHT="21" CONTENT="Hark" WC="0.69" CC="0424"/>
						<SP ID="P129_SP00193" HPOS="365" VPOS="1603" WIDTH="9"/>
						<String ID="P129_ST00237" HPOS="374" VPOS="1581" WIDTH="5" HEIGHT="21" CONTENT="!" WC="1.00" CC="0"/>
						<SP ID="P129_SP00194" HPOS="379" VPOS="1603" WIDTH="13"/>
						<String ID="P129_ST00238" HPOS="392" VPOS="1581" WIDTH="39" HEIGHT="22" CONTENT="the" WC="0.91" CC="002"/>
						<SP ID="P129_SP00195" HPOS="431" VPOS="1603" WIDTH="13"/>
						<String ID="P129_ST00239" HPOS="444" VPOS="1580" WIDTH="59" HEIGHT="22" CONTENT="Lark" WC="0.58" CC="6090"/>
						<SP ID="P129_SP00196" HPOS="503" VPOS="1603" WIDTH="12"/>
						<String ID="P129_ST00240" HPOS="515" VPOS="1585" WIDTH="22" HEIGHT="17" CONTENT="at" WC="1.00" CC="00"/>
						<SP ID="P129_SP00197" HPOS="537" VPOS="1603" WIDTH="14"/>
						<String ID="P129_ST00241" HPOS="551" VPOS="1579" WIDTH="105" HEIGHT="23" CONTENT="heaven's" WC="0.70" CC="04030437"/>
						<SP ID="P129_SP00198" HPOS="656" VPOS="1603" WIDTH="8"/>
						<String ID="P129_ST00242" HPOS="664" VPOS="1583" WIDTH="51" HEIGHT="24" CONTENT="gate" WC="0.61" CC="9023"/>
						<SP ID="P129_SP00199" HPOS="715" VPOS="1607" WIDTH="10"/>
						<String ID="P129_ST00243" HPOS="725" VPOS="1579" WIDTH="68" HEIGHT="27" CONTENT="rings," WC="0.58" CC="446062"/>
					</TextLine>
					<TextLine ID="P129_TL00037" HPOS="266" VPOS="1618" WIDTH="308" HEIGHT="27">
						<String ID="P129_ST00244" HPOS="266" VPOS="1620" WIDTH="54" HEIGHT="21" CONTENT="And" WC="0.76" CC="070"/>
						<SP ID="P129_SP00200" HPOS="320" VPOS="1641" WIDTH="10"/>
						<String ID="P129_ST00245" HPOS="330" VPOS="1619" WIDTH="101" HEIGHT="21" CONTENT="Phœbus" WC="0.78" CC="600033"/>
						<SP ID="P129_SP00201" HPOS="431" VPOS="1641" WIDTH="10"/>
						<String ID="P129_ST00246" HPOS="441" VPOS="1619" WIDTH="56" HEIGHT="26" CONTENT="'gins" WC="0.64" CC="09016"/>
						<SP ID="P129_SP00202" HPOS="497" VPOS="1645" WIDTH="12"/>
						<String ID="P129_ST00247" HPOS="509" VPOS="1618" WIDTH="65" HEIGHT="25" CONTENT="arise," WC="0.77" CC="321500"/>
					</TextLine>
				</TextBlock>
				<TextBlock ID="P129_TB00018" HPOS="265" VPOS="1653" WIDTH="520" HEIGHT="64" STYLEREFS="TXT_1 PAR_LEFT">
					<TextLine ID="P129_TL00038" HPOS="328" VPOS="1654" WIDTH="457" HEIGHT="28">
						<String ID="P129_ST00248" HPOS="328" VPOS="1657" WIDTH="43" HEIGHT="22" CONTENT="His" WC="0.58" CC="056"/>
						<SP ID="P129_SP00203" HPOS="371" VPOS="1679" WIDTH="12"/>
						<String ID="P129_ST00249" HPOS="383" VPOS="1657" WIDTH="76" HEIGHT="21" CONTENT="steeds" WC="0.68" CC="650006"/>
						<SP ID="P129_SP00204" HPOS="459" VPOS="1679" WIDTH="11"/>
						<String ID="P129_ST00250" HPOS="470" VPOS="1662" WIDTH="25" HEIGHT="16" CONTENT="to" WC="0.76" CC="40"/>
						<SP ID="P129_SP00205" HPOS="495" VPOS="1679" WIDTH="12"/>
						<String ID="P129_ST00251" HPOS="507" VPOS="1660" WIDTH="68" HEIGHT="17" CONTENT="water" WC="0.71" CC="04234"/>
						<SP ID="P129_SP00206" HPOS="575" VPOS="1679" WIDTH="11"/>
						<String ID="P129_ST00252" HPOS="586" VPOS="1659" WIDTH="23" HEIGHT="17" CONTENT="at" WC="0.71" CC="31"/>
						<SP ID="P129_SP00207" HPOS="609" VPOS="1679" WIDTH="12"/>
						<String ID="P129_ST00253" HPOS="621" VPOS="1655" WIDTH="65" HEIGHT="21" CONTENT="those" WC="0.79" CC="00064"/>
						<SP ID="P129_SP00208" HPOS="686" VPOS="1679" WIDTH="13"/>
						<String ID="P129_ST00254" HPOS="699" VPOS="1654" WIDTH="86" HEIGHT="28" CONTENT="springs" WC="0.75" CC="6001503"/>
					</TextLine>
					<TextLine ID="P129_TL00039" HPOS="266" VPOS="1691" WIDTH="372" HEIGHT="26">
						<String ID="P129_ST00255" HPOS="266" VPOS="1695" WIDTH="38" HEIGHT="22" CONTENT="On" WC="0.30" CC="66"/>
						<SP ID="P129_SP00209" HPOS="304" VPOS="1717" WIDTH="11"/>
						<String ID="P129_ST00256" HPOS="315" VPOS="1694" WIDTH="102" HEIGHT="22" CONTENT="chaliced" WC="0.62" CC="50505570"/>
						<SP ID="P129_SP00210" HPOS="417" VPOS="1717" WIDTH="13"/>
						<String ID="P129_ST00257" HPOS="430" VPOS="1693" WIDTH="86" HEIGHT="21" CONTENT="flowers" WC="0.79" CC="1110046"/>
						<SP ID="P129_SP00211" HPOS="516" VPOS="1717" WIDTH="12"/>
						<String ID="P129_ST00258" HPOS="528" VPOS="1692" WIDTH="49" HEIGHT="21" CONTENT="that" WC="0.62" CC="1435"/>
						<SP ID="P129_SP00212" HPOS="577" VPOS="1717" WIDTH="13"/>
						<String ID="P129_ST00259" HPOS="590" VPOS="1691" WIDTH="48" HEIGHT="26" CONTENT="lies," WC="0.58" CC="45370"/>
					</TextLine>
				</TextBlock>
			</PrintSpace>
		</Page>
	</Layout>
</alto>
