<?xml version="1.0" encoding="UTF-8"?>
<alto xmlns:xsi="http://www.w3.org/2001/XMLSchema-instance" xsi:noNamespaceSchemaLocation="http://www.bl.uk/schemas/alto/alto-1-4.xsd" xmlns:xlink="http://www.w3.org/1999/xlink">
	<Description>
		<MeasurementUnit>mm10</MeasurementUnit>
		<sourceImageInformation>
			<fileName>//head1/IN/2008-26/A0011759050/008117.jp2</fileName>
		</sourceImageInformation>
		<OCRProcessing ID="OCRPROCESSING_1">
			<preProcessingStep>
				<processingSoftware>
					<softwareCreator>CCS Content Conversion Specialists GmbH, Germany</softwareCreator>
					<softwareName>CCS docWORKS</softwareName>
					<softwareVersion>6.1-0.67</softwareVersion>
				</processingSoftware>
			</preProcessingStep>
			<ocrProcessingStep>
				<processingSoftware>
					<softwareCreator>ABBYY (BIT Software), Russia</softwareCreator>
					<softwareName>Finereader</softwareName>
				</processingSoftware>
			</ocrProcessingStep>
		</OCRProcessing>
	</Description>
	<Styles>
		<TextStyle ID="TXT_0" FONTSIZE="10" FONTFAMILY="Courier New"/>
		<TextStyle ID="TXT_1" FONTSIZE="9" FONTFAMILY="Courier New"/>
		<ParagraphStyle ID="PAR_RIGHT" ALIGN="Right"/>
		<ParagraphStyle ID="PAR_LEFT" ALIGN="Left"/>
	</Styles>
	<Layout>
		<Page ID="P125" PHYSICAL_IMG_NR="125" HEIGHT="1962" WIDTH="1120" PRINTED_IMG_NR="115" POSITION="Right" ACCURACY="71.24">
			<TopMargin ID="P125_TM00001" HPOS="0" VPOS="0" WIDTH="1120" HEIGHT="170">
				<TextBlock ID="P125_TB00001" HPOS="900" VPOS="148" WIDTH="44" HEIGHT="20" STYLEREFS="TXT_0 PAR_RIGHT">
					<TextLine ID="P125_TL00001" HPOS="900" VPOS="148" WIDTH="44" HEIGHT="20">
						<String ID="P125_ST00001" HPOS="900" VPOS="148" WIDTH="44" HEIGHT="20" CONTENT="115" WC="1.00" CC="000"/>
					</TextLine>
				</TextBlock>
				<TextBlock ID="P125_TB00002" HPOS="398" VPOS="154" WIDTH="247" HEIGHT="14" STYLEREFS="TXT_1 PAR_LEFT">
					<TextLine ID="P125_TL00002" HPOS="399" VPOS="154" WIDTH="246" HEIGHT="14">
						<String ID="P125_ST00002" HPOS="399" VPOS="154" WIDTH="121" HEIGHT="14" CONTENT="POETICAL" WC="0.70" CC="06705200"/>
						<SP ID="P125_SP00001" HPOS="520" VPOS="168" WIDTH="19"/>
						<String ID="P125_ST00003" HPOS="539" VPOS="154" WIDTH="106" HEIGHT="14" CONTENT="AVIARY." WC="0.66" CC="0360670"/>
					</TextLine>
				</TextBlock>
			</TopMargin>
			<LeftMargin ID="P125_LM00001" HPOS="0" VPOS="170" WIDTH="95" HEIGHT="1597"/>
			<RightMargin ID="P125_RM00001" HPOS="1119" VPOS="170" WIDTH="1" HEIGHT="1597"/>
			<BottomMargin ID="P125_BM00001" HPOS="0" VPOS="1767" WIDTH="1120" HEIGHT="194"/>
			<PrintSpace ID="P125_PS00001" HPOS="95" VPOS="170" WIDTH="1024" HEIGHT="1597">
				<TextBlock ID="P125_TB00003" HPOS="92" VPOS="222" WIDTH="862" HEIGHT="87" STYLEREFS="TXT_1 PAR_LEFT">
					<TextLine ID="P125_TL00003" HPOS="96" VPOS="227" WIDTH="851" HEIGHT="33">
						<String ID="P125_ST00004" HPOS="96" VPOS="227" WIDTH="78" HEIGHT="23" CONTENT="which" WC="0.56" CC="07077"/>
						<SP ID="P125_SP00002" HPOS="174" VPOS="250" WIDTH="14"/>
						<String ID="P125_ST00005" HPOS="188" VPOS="235" WIDTH="35" HEIGHT="15" CONTENT="we" WC="1.00" CC="00"/>
						<SP ID="P125_SP00003" HPOS="223" VPOS="250" WIDTH="12"/>
						<String ID="P125_ST00006" HPOS="235" VPOS="227" WIDTH="60" HEIGHT="23" CONTENT="have" WC="0.93" CC="2000"/>
						<SP ID="P125_SP00004" HPOS="295" VPOS="250" WIDTH="10"/>
						<String ID="P125_ST00007" HPOS="305" VPOS="228" WIDTH="50" HEIGHT="29" CONTENT="just" WC="0.56" CC="5164"/>
						<SP ID="P125_SP00005" HPOS="355" VPOS="257" WIDTH="14"/>
						<String ID="P125_ST00008" HPOS="369" VPOS="228" WIDTH="60" HEIGHT="23" CONTENT="been" WC="0.58" CC="7061"/>
						<SP ID="P125_SP00006" HPOS="429" VPOS="257" WIDTH="11"/>
						<String ID="P125_ST00009" HPOS="440" VPOS="229" WIDTH="124" HEIGHT="29" CONTENT="speaking," WC="0.53" CC="590703490"/>
						<SP ID="P125_SP00007" HPOS="564" VPOS="258" WIDTH="15"/>
						<String ID="P125_ST00010" HPOS="579" VPOS="229" WIDTH="40" HEIGHT="22" CONTENT="did" WC="0.93" CC="020"/>
						<SP ID="P125_SP00008" HPOS="619" VPOS="258" WIDTH="13"/>
						<String ID="P125_ST00011" HPOS="632" VPOS="229" WIDTH="58" HEIGHT="31" CONTENT="they" WC="0.82" CC="0700"/>
						<SP ID="P125_SP00009" HPOS="690" VPOS="260" WIDTH="12"/>
						<String ID="P125_ST00012" HPOS="702" VPOS="229" WIDTH="60" HEIGHT="23" CONTENT="form" WC="0.58" CC="4650"/>
						<SP ID="P125_SP00010" HPOS="762" VPOS="260" WIDTH="15"/>
						<String ID="P125_ST00013" HPOS="777" VPOS="237" WIDTH="66" HEIGHT="15" CONTENT="some" WC="0.86" CC="5000"/>
						<SP ID="P125_SP00011" HPOS="843" VPOS="260" WIDTH="13"/>
						<String ID="P125_ST00014" HPOS="856" VPOS="229" WIDTH="91" HEIGHT="30" CONTENT="picture" WC="0.72" CC="9040050"/>
					</TextLine>
					<TextLine ID="P125_TL00004" HPOS="96" VPOS="276" WIDTH="849" HEIGHT="31">
						<String ID="P125_ST00015" HPOS="96" VPOS="277" WIDTH="47" HEIGHT="23" CONTENT="like" WC="0.75" CC="7101"/>
						<SP ID="P125_SP00012" HPOS="143" VPOS="300" WIDTH="14"/>
						<String ID="P125_ST00016" HPOS="157" VPOS="276" WIDTH="108" HEIGHT="24" CONTENT="Sterne's" WC="0.71" CC="40053035"/>
						<SP ID="P125_SP00013" HPOS="265" VPOS="300" WIDTH="17"/>
						<String ID="P125_ST00017" HPOS="282" VPOS="279" WIDTH="24" HEIGHT="20" CONTENT="to" WC="0.76" CC="04"/>
						<SP ID="P125_SP00014" HPOS="306" VPOS="300" WIDTH="20"/>
						<String ID="P125_ST00018" HPOS="326" VPOS="276" WIDTH="63" HEIGHT="23" CONTENT="their" WC="0.98" CC="00000"/>
						<SP ID="P125_SP00015" HPOS="389" VPOS="300" WIDTH="21"/>
						<String ID="P125_ST00019" HPOS="410" VPOS="276" WIDTH="87" HEIGHT="26" CONTENT="minds," WC="0.54" CC="766061"/>
						<SP ID="P125_SP00016" HPOS="497" VPOS="302" WIDTH="23"/>
						<String ID="P125_ST00020" HPOS="520" VPOS="277" WIDTH="79" HEIGHT="26" CONTENT="when," WC="0.91" CC="00031"/>
						<SP ID="P125_SP00017" HPOS="599" VPOS="303" WIDTH="24"/>
						<String ID="P125_ST00021" HPOS="623" VPOS="277" WIDTH="46" HEIGHT="23" CONTENT="like" WC="0.92" CC="0300"/>
						<SP ID="P125_SP00018" HPOS="669" VPOS="303" WIDTH="22"/>
						<String ID="P125_ST00022" HPOS="691" VPOS="281" WIDTH="14" HEIGHT="7" CONTENT='"' WC="0.30" CC="6"/>
						<SP ID="P125_SP00019" HPOS="705" VPOS="303" WIDTH="14"/>
						<String ID="P125_ST00023" HPOS="719" VPOS="277" WIDTH="109" HEIGHT="30" CONTENT="choughs" WC="0.72" CC="0640007"/>
						<SP ID="P125_SP00020" HPOS="828" VPOS="307" WIDTH="22"/>
						<String ID="P125_ST00024" HPOS="850" VPOS="277" WIDTH="25" HEIGHT="22" CONTENT="of" WC="0.72" CC="50"/>
						<SP ID="P125_SP00021" HPOS="875" VPOS="307" WIDTH="12"/>
						<String ID="P125_ST00025" HPOS="887" VPOS="277" WIDTH="58" HEIGHT="29" CONTENT="deep" WC="0.97" CC="0100"/>
					</TextLine>
				</TextBlock>
				<TextBlock ID="P125_TB00004" HPOS="97" VPOS="321" WIDTH="847" HEIGHT="32" STYLEREFS="TXT_1 PAR_LEFT">
					<TextLine ID="P125_TL00005" HPOS="97" VPOS="321" WIDTH="847" HEIGHT="32">
						<String ID="P125_ST00026" HPOS="97" VPOS="324" WIDTH="80" HEIGHT="26" CONTENT='chat,"' WC="0.81" CC="210015"/>
						<SP ID="P125_SP00022" HPOS="177" VPOS="350" WIDTH="9"/>
						<String ID="P125_ST00027" HPOS="186" VPOS="325" WIDTH="58" HEIGHT="28" CONTENT="they" WC="0.86" CC="0500"/>
						<SP ID="P125_SP00023" HPOS="244" VPOS="353" WIDTH="13"/>
						<String ID="P125_ST00028" HPOS="257" VPOS="327" WIDTH="81" HEIGHT="26" CONTENT="repeat" WC="0.67" CC="209033"/>
						<SP ID="P125_SP00024" HPOS="338" VPOS="353" WIDTH="11"/>
						<String ID="P125_ST00029" HPOS="349" VPOS="324" WIDTH="40" HEIGHT="22" CONTENT="the" WC="0.61" CC="550"/>
						<SP ID="P125_SP00025" HPOS="389" VPOS="353" WIDTH="14"/>
						<String ID="P125_ST00030" HPOS="403" VPOS="331" WIDTH="86" HEIGHT="22" CONTENT="prayer" WC="0.91" CC="050000"/>
						<SP ID="P125_SP00026" HPOS="489" VPOS="353" WIDTH="11"/>
						<String ID="P125_ST00031" HPOS="500" VPOS="323" WIDTH="37" HEIGHT="23" CONTENT="for" WC="0.56" CC="254"/>
						<SP ID="P125_SP00027" HPOS="537" VPOS="353" WIDTH="14"/>
						<String ID="P125_ST00032" HPOS="551" VPOS="326" WIDTH="14" HEIGHT="9" CONTENT='"' WC="0.75" CC="2"/>
						<SP ID="P125_SP00028" HPOS="565" VPOS="353" WIDTH="10"/>
						<String ID="P125_ST00033" HPOS="575" VPOS="323" WIDTH="30" HEIGHT="22" CONTENT="all" WC="0.81" CC="023"/>
						<SP ID="P125_SP00029" HPOS="605" VPOS="353" WIDTH="14"/>
						<String ID="P125_ST00034" HPOS="619" VPOS="323" WIDTH="120" HEIGHT="30" CONTENT="prisoners" WC="0.42" CC="974697007"/>
						<SP ID="P125_SP00030" HPOS="739" VPOS="353" WIDTH="14"/>
						<String ID="P125_ST00035" HPOS="753" VPOS="323" WIDTH="47" HEIGHT="22" CONTENT="and" WC="0.75" CC="070"/>
						<SP ID="P125_SP00031" HPOS="800" VPOS="353" WIDTH="13"/>
						<String ID="P125_ST00036" HPOS="813" VPOS="321" WIDTH="131" HEIGHT="31" CONTENT='captives."' WC="0.77" CC="0006420216"/>
					</TextLine>
				</TextBlock>
				<TextBlock ID="P125_TB00005" HPOS="401" VPOS="422" WIDTH="239" HEIGHT="15" STYLEREFS="TXT_1 PAR_LEFT">
					<TextLine ID="P125_TL00006" HPOS="401" VPOS="422" WIDTH="239" HEIGHT="15">
						<String ID="P125_ST00037" HPOS="401" VPOS="423" WIDTH="51" HEIGHT="14" CONTENT="THE" WC="0.78" CC="015"/>
						<SP ID="P125_SP00032" HPOS="452" VPOS="437" WIDTH="20"/>
						<String ID="P125_ST00038" HPOS="472" VPOS="422" WIDTH="168" HEIGHT="15" CONTENT="RED-BREAST." WC="0.56" CC="54743690212"/>
					</TextLine>
				</TextBlock>
				<TextBlock ID="P125_TB00006" HPOS="131" VPOS="472" WIDTH="677" HEIGHT="32" STYLEREFS="TXT_1 PAR_LEFT">
					<TextLine ID="P125_TL00007" HPOS="131" VPOS="472" WIDTH="677" HEIGHT="32">
						<String ID="P125_ST00039" HPOS="131" VPOS="475" WIDTH="27" HEIGHT="22" CONTENT="In" WC="0.76" CC="40"/>
						<SP ID="P125_SP00033" HPOS="158" VPOS="497" WIDTH="16"/>
						<String ID="P125_ST00040" HPOS="174" VPOS="475" WIDTH="129" HEIGHT="29" CONTENT="Southey's" WC="0.73" CC="607010026"/>
						<SP ID="P125_SP00034" HPOS="303" VPOS="504" WIDTH="11"/>
						<String ID="P125_ST00041" HPOS="314" VPOS="475" WIDTH="74" HEIGHT="22" CONTENT="Poem" WC="0.89" CC="4000"/>
						<SP ID="P125_SP00035" HPOS="388" VPOS="504" WIDTH="13"/>
						<String ID="P125_ST00042" HPOS="401" VPOS="482" WIDTH="32" HEIGHT="15" CONTENT="on" WC="0.63" CC="07"/>
						<SP ID="P125_SP00036" HPOS="433" VPOS="504" WIDTH="14"/>
						<String ID="P125_ST00043" HPOS="447" VPOS="472" WIDTH="205" HEIGHT="30" CONTENT="Contemplation," WC="0.62" CC="03600305936084"/>
						<SP ID="P125_SP00037" HPOS="652" VPOS="504" WIDTH="14"/>
						<String ID="P125_ST00044" HPOS="666" VPOS="480" WIDTH="35" HEIGHT="14" CONTENT="we" WC="0.61" CC="70"/>
						<SP ID="P125_SP00038" HPOS="701" VPOS="504" WIDTH="14"/>
						<String ID="P125_ST00045" HPOS="715" VPOS="472" WIDTH="60" HEIGHT="22" CONTENT="have" WC="0.69" CC="6050"/>
						<String ID="P125_ST00046" HPOS="777" VPOS="485" WIDTH="31" HEIGHT="2" CONTENT="—" WC="0.20" CC="8"/>
					</TextLine>
				</TextBlock>
				<TextBlock ID="P125_TB00007" HPOS="215" VPOS="530" WIDTH="662" HEIGHT="101" STYLEREFS="TXT_1 PAR_LEFT">
					<TextLine ID="P125_TL00008" HPOS="217" VPOS="530" WIDTH="613" HEIGHT="30">
						<String ID="P125_ST00047" HPOS="217" VPOS="532" WIDTH="57" HEIGHT="21" CONTENT="Now" WC="0.80" CC="050"/>
						<SP ID="P125_SP00039" HPOS="274" VPOS="553" WIDTH="11"/>
						<String ID="P125_ST00048" HPOS="285" VPOS="531" WIDTH="38" HEIGHT="22" CONTENT="the" WC="1.00" CC="000"/>
						<SP ID="P125_SP00040" HPOS="323" VPOS="553" WIDTH="12"/>
						<String ID="P125_ST00049" HPOS="335" VPOS="532" WIDTH="93" HEIGHT="28" CONTENT="pleased" WC="0.85" CC="0100340"/>
						<SP ID="P125_SP00041" HPOS="428" VPOS="560" WIDTH="11"/>
						<String ID="P125_ST00050" HPOS="439" VPOS="538" WIDTH="40" HEIGHT="21" CONTENT="eye" WC="1.00" CC="000"/>
						<SP ID="P125_SP00042" HPOS="479" VPOS="560" WIDTH="12"/>
						<String ID="P125_ST00051" HPOS="491" VPOS="530" WIDTH="57" HEIGHT="22" CONTENT="from" WC="0.75" CC="0350"/>
						<SP ID="P125_SP00043" HPOS="548" VPOS="560" WIDTH="11"/>
						<String ID="P125_ST00052" HPOS="559" VPOS="538" WIDTH="45" HEIGHT="21" CONTENT="yon" WC="0.58" CC="047"/>
						<SP ID="P125_SP00044" HPOS="604" VPOS="560" WIDTH="11"/>
						<String ID="P125_ST00053" HPOS="615" VPOS="531" WIDTH="51" HEIGHT="21" CONTENT="lone" WC="0.72" CC="3070"/>
						<SP ID="P125_SP00045" HPOS="666" VPOS="560" WIDTH="12"/>
						<String ID="P125_ST00054" HPOS="678" VPOS="534" WIDTH="90" HEIGHT="24" CONTENT="cottage" WC="0.69" CC="5013604"/>
						<SP ID="P125_SP00046" HPOS="768" VPOS="560" WIDTH="14"/>
						<String ID="P125_ST00055" HPOS="782" VPOS="537" WIDTH="48" HEIGHT="14" CONTENT="sees" WC="0.66" CC="6006"/>
					</TextLine>
					<TextLine ID="P125_TL00009" HPOS="218" VPOS="567" WIDTH="659" HEIGHT="30">
						<String ID="P125_ST00056" HPOS="218" VPOS="568" WIDTH="37" HEIGHT="23" CONTENT="On" WC="0.68" CC="41"/>
						<SP ID="P125_SP00047" HPOS="255" VPOS="591" WIDTH="13"/>
						<String ID="P125_ST00057" HPOS="268" VPOS="568" WIDTH="38" HEIGHT="23" CONTENT="the" WC="0.60" CC="550"/>
						<SP ID="P125_SP00048" HPOS="306" VPOS="591" WIDTH="12"/>
						<String ID="P125_ST00058" HPOS="318" VPOS="576" WIDTH="66" HEIGHT="21" CONTENT="green" WC="0.77" CC="00047"/>
						<SP ID="P125_SP00049" HPOS="384" VPOS="597" WIDTH="12"/>
						<String ID="P125_ST00059" HPOS="396" VPOS="568" WIDTH="66" HEIGHT="22" CONTENT="mead" WC="0.88" CC="0220"/>
						<SP ID="P125_SP00050" HPOS="462" VPOS="597" WIDTH="12"/>
						<String ID="P125_ST00060" HPOS="474" VPOS="568" WIDTH="38" HEIGHT="22" CONTENT="the" WC="0.86" CC="040"/>
						<SP ID="P125_SP00051" HPOS="512" VPOS="597" WIDTH="13"/>
						<String ID="P125_ST00061" HPOS="525" VPOS="568" WIDTH="77" HEIGHT="21" CONTENT="smoke" WC="0.78" CC="62000"/>
						<SP ID="P125_SP00052" HPOS="602" VPOS="597" WIDTH="11"/>
						<String ID="P125_ST00062" HPOS="613" VPOS="568" WIDTH="54" HEIGHT="28" CONTENT="long" WC="0.74" CC="3600"/>
						<SP ID="P125_SP00053" HPOS="667" VPOS="597" WIDTH="12"/>
						<String ID="P125_ST00063" HPOS="679" VPOS="568" WIDTH="130" HEIGHT="27" CONTENT="shadowing" WC="0.66" CC="640050660"/>
						<SP ID="P125_SP00054" HPOS="809" VPOS="597" WIDTH="11"/>
						<String ID="P125_ST00064" HPOS="820" VPOS="567" WIDTH="57" HEIGHT="28" CONTENT="play," WC="0.77" CC="03701"/>
					</TextLine>
					<TextLine ID="P125_TL00010" HPOS="216" VPOS="605" WIDTH="519" HEIGHT="26">
						<String ID="P125_ST00065" HPOS="216" VPOS="607" WIDTH="51" HEIGHT="21" CONTENT="The" WC="0.81" CC="500"/>
						<SP ID="P125_SP00055" HPOS="267" VPOS="628" WIDTH="12"/>
						<String ID="P125_ST00066" HPOS="279" VPOS="607" WIDTH="145" HEIGHT="21" CONTENT="Red-breast" WC="0.87" CC="0500000501"/>
						<SP ID="P125_SP00056" HPOS="424" VPOS="628" WIDTH="11"/>
						<String ID="P125_ST00067" HPOS="435" VPOS="613" WIDTH="29" HEIGHT="14" CONTENT="on" WC="0.64" CC="07"/>
						<SP ID="P125_SP00057" HPOS="464" VPOS="628" WIDTH="12"/>
						<String ID="P125_ST00068" HPOS="476" VPOS="606" WIDTH="39" HEIGHT="21" CONTENT="the" WC="0.74" CC="043"/>
						<SP ID="P125_SP00058" HPOS="515" VPOS="628" WIDTH="12"/>
						<String ID="P125_ST00069" HPOS="527" VPOS="605" WIDTH="130" HEIGHT="22" CONTENT="blossomed" WC="0.77" CC="014434000"/>
						<SP ID="P125_SP00059" HPOS="657" VPOS="628" WIDTH="12"/>
						<String ID="P125_ST00070" HPOS="669" VPOS="611" WIDTH="66" HEIGHT="20" CONTENT="spray" WC="0.54" CC="40890"/>
					</TextLine>
				</TextBlock>
				<TextBlock ID="P125_TB00008" HPOS="126" VPOS="639" WIDTH="829" HEIGHT="255" STYLEREFS="TXT_1 PAR_LEFT">
					<TextLine ID="P125_TL00011" HPOS="276" VPOS="644" WIDTH="574" HEIGHT="28">
						<String ID="P125_ST00071" HPOS="276" VPOS="644" WIDTH="103" HEIGHT="21" CONTENT="Warbles" WC="0.89" CC="0000016"/>
						<SP ID="P125_SP00060" HPOS="379" VPOS="665" WIDTH="13"/>
						<String ID="P125_ST00072" HPOS="392" VPOS="644" WIDTH="46" HEIGHT="21" CONTENT="still" WC="0.72" CC="50241"/>
						<SP ID="P125_SP00061" HPOS="438" VPOS="665" WIDTH="11"/>
						<String ID="P125_ST00073" HPOS="449" VPOS="644" WIDTH="40" HEIGHT="21" CONTENT="her" WC="0.69" CC="620"/>
						<SP ID="P125_SP00062" HPOS="489" VPOS="665" WIDTH="10"/>
						<String ID="P125_ST00074" HPOS="499" VPOS="644" WIDTH="69" HEIGHT="21" CONTENT="latest" WC="0.60" CC="240474"/>
						<SP ID="P125_SP00063" HPOS="568" VPOS="665" WIDTH="12"/>
						<String ID="P125_ST00075" HPOS="580" VPOS="644" WIDTH="43" HEIGHT="28" CONTENT="lay." WC="0.75" CC="0090"/>
						<SP ID="P125_SP00064" HPOS="623" VPOS="672" WIDTH="197"/>
						<String ID="P125_ST00076" HPOS="820" VPOS="644" WIDTH="30" HEIGHT="25" CONTENT="(/." WC="0.46" CC="194"/>
					</TextLine>
					<TextLine ID="P125_TL00012" HPOS="215" VPOS="676" WIDTH="740" HEIGHT="33">
						<String ID="P125_ST00077" HPOS="215" VPOS="680" WIDTH="55" HEIGHT="21" CONTENT="And" WC="0.47" CC="068"/>
						<SP ID="P125_SP00065" HPOS="270" VPOS="701" WIDTH="11"/>
						<String ID="P125_ST00078" HPOS="281" VPOS="680" WIDTH="34" HEIGHT="21" CONTENT="lo!" WC="0.80" CC="060"/>
						<SP ID="P125_SP00066" HPOS="315" VPOS="701" WIDTH="19"/>
						<String ID="P125_ST00079" HPOS="334" VPOS="679" WIDTH="39" HEIGHT="22" CONTENT="the" WC="1.00" CC="000"/>
						<SP ID="P125_SP00067" HPOS="373" VPOS="701" WIDTH="12"/>
						<String ID="P125_ST00080" HPOS="385" VPOS="680" WIDTH="76" HEIGHT="22" CONTENT="Rooks" WC="0.35" CC="63496"/>
						<SP ID="P125_SP00068" HPOS="461" VPOS="702" WIDTH="12"/>
						<String ID="P125_ST00081" HPOS="473" VPOS="684" WIDTH="24" HEIGHT="18" CONTENT="to" WC="0.84" CC="03"/>
						<SP ID="P125_SP00069" HPOS="497" VPOS="702" WIDTH="11"/>
						<String ID="P125_ST00082" HPOS="508" VPOS="687" WIDTH="43" HEIGHT="21" CONTENT="yon" WC="0.75" CC="015"/>
						<SP ID="P125_SP00070" HPOS="551" VPOS="708" WIDTH="12"/>
						<String ID="P125_ST00083" HPOS="563" VPOS="680" WIDTH="143" HEIGHT="29" CONTENT="high-tufted" WC="0.92" CC="03013000000"/>
						<SP ID="P125_SP00071" HPOS="706" VPOS="709" WIDTH="12"/>
						<String ID="P125_ST00084" HPOS="718" VPOS="684" WIDTH="67" HEIGHT="21" CONTENT="trees," WC="0.67" CC="290240"/>
						<SP ID="P125_SP00072" HPOS="785" VPOS="709" WIDTH="17"/>
						<String ID="P125_ST00085" HPOS="802" VPOS="676" WIDTH="102" HEIGHT="26" CONTENT="/'ol-^L" WC="0.33" CC="9498482"/>
						<SP ID="P125_SP00073" HPOS="904" VPOS="709" WIDTH="14"/>
						<String ID="P125_ST00086" HPOS="918" VPOS="680" WIDTH="37" HEIGHT="27" CONTENT="/u-" WC="0.45" CC="870"/>
					</TextLine>
					<TextLine ID="P125_TL00013" HPOS="216" VPOS="710" WIDTH="739" HEIGHT="36">
						<String ID="P125_ST00087" HPOS="216" VPOS="717" WIDTH="76" HEIGHT="29" CONTENT="Wing," WC="0.71" CC="60700"/>
						<SP ID="P125_SP00074" HPOS="292" VPOS="746" WIDTH="12"/>
						<String ID="P125_ST00088" HPOS="304" VPOS="717" WIDTH="22" HEIGHT="20" CONTENT="in" WC="0.47" CC="36"/>
						<SP ID="P125_SP00075" HPOS="326" VPOS="746" WIDTH="12"/>
						<String ID="P125_ST00089" HPOS="338" VPOS="717" WIDTH="54" HEIGHT="29" CONTENT="long" WC="0.73" CC="1270"/>
						<SP ID="P125_SP00076" HPOS="392" VPOS="746" WIDTH="10"/>
						<String ID="P125_ST00090" HPOS="402" VPOS="717" WIDTH="56" HEIGHT="27" CONTENT="files," WC="0.83" CC="110070"/>
						<SP ID="P125_SP00077" HPOS="458" VPOS="746" WIDTH="11"/>
						<String ID="P125_ST00091" HPOS="469" VPOS="718" WIDTH="127" HEIGHT="22" CONTENT="vociferous" WC="0.61" CC="0642050556"/>
						<SP ID="P125_SP00078" HPOS="596" VPOS="746" WIDTH="11"/>
						<String ID="P125_ST00092" HPOS="607" VPOS="718" WIDTH="60" HEIGHT="22" CONTENT="their" WC="0.81" CC="05030"/>
						<SP ID="P125_SP00079" HPOS="667" VPOS="746" WIDTH="11"/>
						<String ID="P125_ST00093" HPOS="678" VPOS="725" WIDTH="55" HEIGHT="21" CONTENT="way." WC="1.00" CC="0000"/>
						<SP ID="P125_SP00080" HPOS="733" VPOS="746" WIDTH="53"/>
						<String ID="P125_ST00094" HPOS="786" VPOS="710" WIDTH="169" HEIGHT="36" CONTENT='/"Ylc^iiciJ' WC="0.14" CC="96998887879"/>
					</TextLine>
					<TextLine ID="P125_TL00014" HPOS="216" VPOS="751" WIDTH="739" HEIGHT="35">
						<String ID="P125_ST00095" HPOS="216" VPOS="754" WIDTH="66" HEIGHT="22" CONTENT="Calm" WC="0.97" CC="0010"/>
						<SP ID="P125_SP00081" HPOS="282" VPOS="776" WIDTH="12"/>
						<String ID="P125_ST00096" HPOS="294" VPOS="754" WIDTH="192" HEIGHT="29" CONTENT="Contemplation," WC="0.77" CC="04000003635070"/>
						<SP ID="P125_SP00082" HPOS="486" VPOS="783" WIDTH="12"/>
						<String ID="P125_ST00097" HPOS="498" VPOS="755" WIDTH="36" HEIGHT="21" CONTENT="'tis" WC="0.71" CC="2044"/>
						<SP ID="P125_SP00083" HPOS="534" VPOS="783" WIDTH="12"/>
						<String ID="P125_ST00098" HPOS="546" VPOS="755" WIDTH="39" HEIGHT="29" CONTENT="thy" WC="0.97" CC="000"/>
						<SP ID="P125_SP00084" HPOS="585" VPOS="784" WIDTH="12"/>
						<String ID="P125_ST00099" HPOS="597" VPOS="755" WIDTH="93" HEIGHT="22" CONTENT="favorite" WC="0.78" CC="00065400"/>
						<SP ID="P125_SP00085" HPOS="690" VPOS="784" WIDTH="12"/>
						<String ID="P125_ST00100" HPOS="702" VPOS="755" WIDTH="64" HEIGHT="21" CONTENT="hour." WC="0.80" CC="03060"/>
						<SP ID="P125_SP00086" HPOS="766" VPOS="784" WIDTH="33"/>
						<String ID="P125_ST00101" HPOS="799" VPOS="751" WIDTH="30" HEIGHT="25" CONTENT="X,'" WC="0.57" CC="740"/>
						<SP ID="P125_SP00087" HPOS="829" VPOS="784" WIDTH="47"/>
						<String ID="P125_ST00102" HPOS="876" VPOS="757" WIDTH="13" HEIGHT="16" CONTENT="/" WC="0.01" CC="9"/>
						<SP ID="P125_SP00088" HPOS="889" VPOS="784" WIDTH="28"/>
						<String ID="P125_ST00103" HPOS="917" VPOS="755" WIDTH="6" HEIGHT="3" CONTENT="'" WC="0.51" CC="4"/>
						<SP ID="P125_SP00089" HPOS="923" VPOS="784" WIDTH="26"/>
						<String ID="P125_ST00104" HPOS="949" VPOS="770" WIDTH="6" HEIGHT="16" CONTENT="t" WC="0.60" CC="3"/>
					</TextLine>
					<TextLine ID="P125_TL00015" HPOS="217" VPOS="791" WIDTH="644" HEIGHT="26">
						<String ID="P125_ST00105" HPOS="217" VPOS="791" WIDTH="71" HEIGHT="21" CONTENT="Come" WC="0.79" CC="0503"/>
						<SP ID="P125_SP00090" HPOS="288" VPOS="812" WIDTH="14"/>
						<String ID="P125_ST00106" HPOS="302" VPOS="792" WIDTH="170" HEIGHT="25" CONTENT="tranquillizing" WC="0.69" CC="00670260005068"/>
						<SP ID="P125_SP00091" HPOS="472" VPOS="817" WIDTH="13"/>
						<String ID="P125_ST00107" HPOS="485" VPOS="792" WIDTH="76" HEIGHT="22" CONTENT="Power" WC="0.85" CC="00006"/>
						<SP ID="P125_SP00092" HPOS="561" VPOS="817" WIDTH="10"/>
						<String ID="P125_ST00108" HPOS="571" VPOS="794" WIDTH="4" HEIGHT="20" CONTENT="!" WC="1.00" CC="0"/>
						<SP ID="P125_SP00093" HPOS="575" VPOS="817" WIDTH="199"/>
						<String ID="P125_ST00109" HPOS="774" VPOS="809" WIDTH="8" HEIGHT="8" CONTENT="," WC="0.24" CC="7"/>
						<SP ID="P125_SP00094" HPOS="782" VPOS="817" WIDTH="22"/>
						<String ID="P125_ST00110" HPOS="804" VPOS="802" WIDTH="13" HEIGHT="11" CONTENT="&gt;" WC="0.27" CC="7"/>
						<SP ID="P125_SP00095" HPOS="817" VPOS="817" WIDTH="12"/>
						<String ID="P125_ST00111" HPOS="829" VPOS="794" WIDTH="32" HEIGHT="23" CONTENT="~/" WC="0.34" CC="39"/>
					</TextLine>
					<TextLine ID="P125_TL00016" HPOS="129" VPOS="861" WIDTH="816" HEIGHT="31">
						<String ID="P125_ST00112" HPOS="129" VPOS="862" WIDTH="125" HEIGHT="22" CONTENT="Thomson" WC="0.47" CC="0566637"/>
						<SP ID="P125_SP00096" HPOS="254" VPOS="884" WIDTH="22"/>
						<String ID="P125_ST00113" HPOS="276" VPOS="862" WIDTH="43" HEIGHT="22" CONTENT="has" WC="0.66" CC="306"/>
						<SP ID="P125_SP00097" HPOS="319" VPOS="884" WIDTH="22"/>
						<String ID="P125_ST00114" HPOS="341" VPOS="869" WIDTH="13" HEIGHT="15" CONTENT="a" WC="1.00" CC="0"/>
						<SP ID="P125_SP00098" HPOS="354" VPOS="884" WIDTH="12"/>
						<String ID="P125_ST00115" HPOS="366" VPOS="865" WIDTH="80" HEIGHT="27" CONTENT="pretty" WC="0.88" CC="000510"/>
						<SP ID="P125_SP00099" HPOS="446" VPOS="892" WIDTH="23"/>
						<String ID="P125_ST00116" HPOS="469" VPOS="862" WIDTH="147" HEIGHT="30" CONTENT="description" WC="0.75" CC="80600200044"/>
						<SP ID="P125_SP00100" HPOS="616" VPOS="892" WIDTH="22"/>
						<String ID="P125_ST00117" HPOS="638" VPOS="862" WIDTH="26" HEIGHT="22" CONTENT="of" WC="0.83" CC="03"/>
						<SP ID="P125_SP00101" HPOS="664" VPOS="892" WIDTH="19"/>
						<String ID="P125_ST00118" HPOS="683" VPOS="862" WIDTH="41" HEIGHT="22" CONTENT="the" WC="0.80" CC="060"/>
						<SP ID="P125_SP00102" HPOS="724" VPOS="892" WIDTH="15"/>
						<String ID="P125_ST00119" HPOS="739" VPOS="861" WIDTH="78" HEIGHT="23" CONTENT="Robin" WC="0.59" CC="69004"/>
						<SP ID="P125_SP00103" HPOS="817" VPOS="892" WIDTH="13"/>
						<String ID="P125_ST00120" HPOS="830" VPOS="861" WIDTH="115" HEIGHT="30" CONTENT="glancing" WC="0.63" CC="90160470"/>
					</TextLine>
				</TextBlock>
				<TextBlock ID="P125_TB00009" HPOS="96" VPOS="907" WIDTH="851" HEIGHT="226" STYLEREFS="TXT_1 PAR_LEFT">
					<TextLine ID="P125_TL00017" HPOS="97" VPOS="907" WIDTH="848" HEIGHT="31">
						<String ID="P125_ST00121" HPOS="97" VPOS="908" WIDTH="37" HEIGHT="23" CONTENT="his" WC="0.74" CC="042"/>
						<SP ID="P125_SP00104" HPOS="134" VPOS="931" WIDTH="22"/>
						<String ID="P125_ST00122" HPOS="156" VPOS="916" WIDTH="42" HEIGHT="22" CONTENT="eye" WC="1.00" CC="000"/>
						<SP ID="P125_SP00105" HPOS="198" VPOS="938" WIDTH="24"/>
						<String ID="P125_ST00123" HPOS="222" VPOS="908" WIDTH="103" HEIGHT="23" CONTENT="askance" WC="0.68" CC="9700500"/>
						<SP ID="P125_SP00106" HPOS="325" VPOS="938" WIDTH="15"/>
						<String ID="P125_ST00124" HPOS="340" VPOS="911" WIDTH="23" HEIGHT="20" CONTENT="at" WC="0.85" CC="20"/>
						<SP ID="P125_SP00107" HPOS="363" VPOS="938" WIDTH="13"/>
						<String ID="P125_ST00125" HPOS="376" VPOS="916" WIDTH="13" HEIGHT="15" CONTENT="a" WC="1.00" CC="0"/>
						<SP ID="P125_SP00108" HPOS="389" VPOS="938" WIDTH="13"/>
						<String ID="P125_ST00126" HPOS="402" VPOS="909" WIDTH="81" HEIGHT="29" CONTENT="family" WC="0.80" CC="000560"/>
						<SP ID="P125_SP00109" HPOS="483" VPOS="938" WIDTH="15"/>
						<String ID="P125_ST00127" HPOS="498" VPOS="909" WIDTH="82" HEIGHT="23" CONTENT="seated" WC="1.00" CC="000000"/>
						<SP ID="P125_SP00110" HPOS="580" VPOS="938" WIDTH="23"/>
						<String ID="P125_ST00128" HPOS="603" VPOS="909" WIDTH="78" HEIGHT="22" CONTENT="round" WC="0.66" CC="33360"/>
						<SP ID="P125_SP00111" HPOS="681" VPOS="938" WIDTH="23"/>
						<String ID="P125_ST00129" HPOS="704" VPOS="916" WIDTH="13" HEIGHT="15" CONTENT="a" WC="0.77" CC="2"/>
						<SP ID="P125_SP00112" HPOS="717" VPOS="938" WIDTH="20"/>
						<String ID="P125_ST00130" HPOS="737" VPOS="907" WIDTH="208" HEIGHT="26" CONTENT="breakfast-table," WC="0.78" CC="2434020503004100"/>
					</TextLine>
					<TextLine ID="P125_TL00018" HPOS="97" VPOS="956" WIDTH="850" HEIGHT="31">
						<String ID="P125_ST00131" HPOS="97" VPOS="956" WIDTH="46" HEIGHT="23" CONTENT="and" WC="0.90" CC="020"/>
						<SP ID="P125_SP00113" HPOS="143" VPOS="979" WIDTH="14"/>
						<String ID="P125_ST00132" HPOS="157" VPOS="957" WIDTH="98" HEIGHT="30" CONTENT="picking" WC="0.76" CC="0000079"/>
						<SP ID="P125_SP00114" HPOS="255" VPOS="987" WIDTH="12"/>
						<String ID="P125_ST00133" HPOS="267" VPOS="956" WIDTH="40" HEIGHT="23" CONTENT="the" WC="0.89" CC="030"/>
						<SP ID="P125_SP00115" HPOS="307" VPOS="987" WIDTH="14"/>
						<String ID="P125_ST00134" HPOS="321" VPOS="957" WIDTH="105" HEIGHT="23" CONTENT="crumbs." WC="0.62" CC="0055760"/>
						<SP ID="P125_SP00116" HPOS="426" VPOS="987" WIDTH="37"/>
						<String ID="P125_ST00135" HPOS="463" VPOS="957" WIDTH="170" HEIGHT="23" CONTENT="Wordsworth" WC="0.56" CC="0290972404"/>
						<SP ID="P125_SP00117" HPOS="633" VPOS="987" WIDTH="14"/>
						<String ID="P125_ST00136" HPOS="647" VPOS="959" WIDTH="43" HEIGHT="22" CONTENT="has" WC="0.70" CC="035"/>
						<SP ID="P125_SP00118" HPOS="690" VPOS="987" WIDTH="14"/>
						<String ID="P125_ST00137" HPOS="704" VPOS="958" WIDTH="92" HEIGHT="23" CONTENT="several" WC="0.60" CC="7920601"/>
						<SP ID="P125_SP00119" HPOS="796" VPOS="987" WIDTH="19"/>
						<String ID="P125_ST00138" HPOS="815" VPOS="958" WIDTH="92" HEIGHT="23" CONTENT="notices" WC="0.74" CC="6002204"/>
						<SP ID="P125_SP00120" HPOS="907" VPOS="987" WIDTH="14"/>
						<String ID="P125_ST00139" HPOS="921" VPOS="958" WIDTH="26" HEIGHT="22" CONTENT="of" WC="0.79" CC="40"/>
					</TextLine>
					<TextLine ID="P125_TL00019" HPOS="97" VPOS="1005" WIDTH="848" HEIGHT="32">
						<String ID="P125_ST00140" HPOS="97" VPOS="1005" WIDTH="40" HEIGHT="22" CONTENT="the" WC="0.63" CC="073"/>
						<SP ID="P125_SP00121" HPOS="137" VPOS="1027" WIDTH="15"/>
						<String ID="P125_ST00141" HPOS="152" VPOS="1005" WIDTH="166" HEIGHT="23" CONTENT="Red-breast's" WC="0.78" CC="100070005206"/>
						<SP ID="P125_SP00122" HPOS="318" VPOS="1028" WIDTH="13"/>
						<String ID="P125_ST00142" HPOS="331" VPOS="1009" WIDTH="70" HEIGHT="19" CONTENT="notes" WC="0.86" CC="00007"/>
						<SP ID="P125_SP00123" HPOS="401" VPOS="1028" WIDTH="11"/>
						<String ID="P125_ST00143" HPOS="412" VPOS="1016" WIDTH="5" HEIGHT="16" CONTENT=";" WC="0.83" CC="1"/>
						<SP ID="P125_SP00124" HPOS="417" VPOS="1032" WIDTH="21"/>
						<String ID="P125_ST00144" HPOS="438" VPOS="1006" WIDTH="18" HEIGHT="22" CONTENT="it" WC="1.00" CC="00"/>
						<SP ID="P125_SP00125" HPOS="456" VPOS="1032" WIDTH="12"/>
						<String ID="P125_ST00145" HPOS="468" VPOS="1006" WIDTH="21" HEIGHT="22" CONTENT="is" WC="0.70" CC="05"/>
						<SP ID="P125_SP00126" HPOS="489" VPOS="1032" WIDTH="12"/>
						<String ID="P125_ST00146" HPOS="501" VPOS="1006" WIDTH="42" HEIGHT="23" CONTENT="the" WC="0.84" CC="040"/>
						<SP ID="P125_SP00127" HPOS="543" VPOS="1032" WIDTH="13"/>
						<String ID="P125_ST00147" HPOS="556" VPOS="1006" WIDTH="56" HEIGHT="31" CONTENT="only" WC="0.80" CC="3400"/>
						<SP ID="P125_SP00128" HPOS="612" VPOS="1037" WIDTH="12"/>
						<String ID="P125_ST00148" HPOS="624" VPOS="1006" WIDTH="54" HEIGHT="23" CONTENT="bird" WC="0.91" CC="0030"/>
						<SP ID="P125_SP00129" HPOS="678" VPOS="1037" WIDTH="13"/>
						<String ID="P125_ST00149" HPOS="691" VPOS="1006" WIDTH="30" HEIGHT="22" CONTENT="he" WC="0.69" CC="60"/>
						<SP ID="P125_SP00130" HPOS="721" VPOS="1037" WIDTH="14"/>
						<String ID="P125_ST00150" HPOS="735" VPOS="1006" WIDTH="87" HEIGHT="22" CONTENT="admits" WC="0.79" CC="005007"/>
						<SP ID="P125_SP00131" HPOS="822" VPOS="1037" WIDTH="13"/>
						<String ID="P125_ST00151" HPOS="835" VPOS="1006" WIDTH="51" HEIGHT="22" CONTENT="into" WC="0.77" CC="0206"/>
						<SP ID="P125_SP00132" HPOS="886" VPOS="1037" WIDTH="21"/>
						<String ID="P125_ST00152" HPOS="907" VPOS="1005" WIDTH="38" HEIGHT="22" CONTENT="his" WC="0.48" CC="743"/>
					</TextLine>
					<TextLine ID="P125_TL00020" HPOS="97" VPOS="1053" WIDTH="848" HEIGHT="32">
						<String ID="P125_ST00153" HPOS="97" VPOS="1059" WIDTH="85" HEIGHT="19" CONTENT="sonnet" WC="0.75" CC="704300"/>
						<SP ID="P125_SP00133" HPOS="182" VPOS="1078" WIDTH="12"/>
						<String ID="P125_ST00154" HPOS="194" VPOS="1064" WIDTH="30" HEIGHT="14" CONTENT="on" WC="0.74" CC="50"/>
						<SP ID="P125_SP00134" HPOS="224" VPOS="1078" WIDTH="13"/>
						<String ID="P125_ST00155" HPOS="237" VPOS="1056" WIDTH="41" HEIGHT="22" CONTENT="the" WC="0.77" CC="060"/>
						<SP ID="P125_SP00135" HPOS="278" VPOS="1078" WIDTH="23"/>
						<String ID="P125_ST00156" HPOS="301" VPOS="1055" WIDTH="126" HEIGHT="23" CONTENT="Trosachs." WC="0.69" CC="036400560"/>
						<SP ID="P125_SP00136" HPOS="427" VPOS="1078" WIDTH="38"/>
						<String ID="P125_ST00157" HPOS="465" VPOS="1054" WIDTH="28" HEIGHT="23" CONTENT="In" WC="0.80" CC="40"/>
						<SP ID="P125_SP00137" HPOS="493" VPOS="1078" WIDTH="13"/>
						<String ID="P125_ST00158" HPOS="506" VPOS="1063" WIDTH="14" HEIGHT="14" CONTENT="a" WC="0.59" CC="4"/>
						<SP ID="P125_SP00138" HPOS="520" VPOS="1078" WIDTH="12"/>
						<String ID="P125_ST00159" HPOS="532" VPOS="1063" WIDTH="70" HEIGHT="22" CONTENT="poem" WC="0.88" CC="0040"/>
						<SP ID="P125_SP00139" HPOS="602" VPOS="1085" WIDTH="14"/>
						<String ID="P125_ST00160" HPOS="616" VPOS="1063" WIDTH="31" HEIGHT="13" CONTENT="on" WC="0.36" CC="57"/>
						<SP ID="P125_SP00140" HPOS="647" VPOS="1085" WIDTH="13"/>
						<String ID="P125_ST00161" HPOS="660" VPOS="1063" WIDTH="13" HEIGHT="13" CONTENT="a" WC="0.86" CC="1"/>
						<SP ID="P125_SP00141" HPOS="673" VPOS="1085" WIDTH="13"/>
						<String ID="P125_ST00162" HPOS="686" VPOS="1053" WIDTH="195" HEIGHT="24" CONTENT="Westmoreland" WC="0.68" CC="007163006930"/>
						<SP ID="P125_SP00142" HPOS="881" VPOS="1085" WIDTH="14"/>
						<String ID="P125_ST00163" HPOS="895" VPOS="1056" WIDTH="50" HEIGHT="19" CONTENT="cot" SUBS_TYPE="HypPart1" SUBS_CONTENT="cottage" WC="0.70" CC="2422"/>
						<HYP CONTENT="-"/>
					</TextLine>
					<TextLine ID="P125_TL00021" HPOS="97" VPOS="1104" WIDTH="190" HEIGHT="29">
						<String ID="P125_ST00164" HPOS="97" VPOS="1108" WIDTH="55" HEIGHT="25" CONTENT="tage" SUBS_TYPE="HypPart2" SUBS_CONTENT="cottage" WC="0.75" CC="0900"/>
						<SP ID="P125_SP00143" HPOS="152" VPOS="1133" WIDTH="15"/>
						<String ID="P125_ST00165" HPOS="167" VPOS="1104" WIDTH="29" HEIGHT="22" CONTENT="he" WC="0.65" CC="70"/>
						<SP ID="P125_SP00144" HPOS="196" VPOS="1133" WIDTH="13"/>
						<String ID="P125_ST00166" HPOS="209" VPOS="1104" WIDTH="78" HEIGHT="22" CONTENT="has-" WC="0.48" CC="0964"/>
					</TextLine>
				</TextBlock>
				<TextBlock ID="P125_TB00010" HPOS="215" VPOS="1175" WIDTH="544" HEIGHT="98" STYLEREFS="TXT_1 PAR_LEFT">
					<TextLine ID="P125_TL00022" HPOS="218" VPOS="1175" WIDTH="478" HEIGHT="30">
						<String ID="P125_ST00167" HPOS="218" VPOS="1178" WIDTH="84" HEIGHT="21" CONTENT="Driven" WC="0.68" CC="104551"/>
						<SP ID="P125_SP00145" HPOS="302" VPOS="1199" WIDTH="13"/>
						<String ID="P125_ST00168" HPOS="315" VPOS="1177" WIDTH="21" HEIGHT="21" CONTENT="in" WC="0.57" CC="71"/>
						<SP ID="P125_SP00146" HPOS="336" VPOS="1199" WIDTH="13"/>
						<String ID="P125_ST00169" HPOS="349" VPOS="1178" WIDTH="29" HEIGHT="27" CONTENT="by" WC="1.00" CC="00"/>
						<SP ID="P125_SP00147" HPOS="378" VPOS="1205" WIDTH="11"/>
						<String ID="P125_ST00170" HPOS="389" VPOS="1176" WIDTH="114" HEIGHT="22" CONTENT="autumn's" WC="0.75" CC="36000046"/>
						<SP ID="P125_SP00148" HPOS="503" VPOS="1205" WIDTH="12"/>
						<String ID="P125_ST00171" HPOS="515" VPOS="1175" WIDTH="136" HEIGHT="28" CONTENT="sharpening" WC="0.67" CC="5720005550"/>
						<SP ID="P125_SP00149" HPOS="651" VPOS="1205" WIDTH="12"/>
						<String ID="P125_ST00172" HPOS="663" VPOS="1175" WIDTH="33" HEIGHT="21" CONTENT="air" WC="0.80" CC="500"/>
					</TextLine>
					<TextLine ID="P125_TL00023" HPOS="217" VPOS="1211" WIDTH="542" HEIGHT="30">
						<String ID="P125_ST00173" HPOS="217" VPOS="1215" WIDTH="68" HEIGHT="21" CONTENT="From" WC="0.94" CC="2000"/>
						<SP ID="P125_SP00150" HPOS="285" VPOS="1236" WIDTH="11"/>
						<String ID="P125_ST00174" HPOS="296" VPOS="1214" WIDTH="127" HEIGHT="27" CONTENT="half-stript" WC="0.86" CC="00100600050"/>
						<SP ID="P125_SP00151" HPOS="423" VPOS="1241" WIDTH="11"/>
						<String ID="P125_ST00175" HPOS="434" VPOS="1213" WIDTH="82" HEIGHT="25" CONTENT="woods," WC="0.52" CC="940670"/>
						<SP ID="P125_SP00152" HPOS="516" VPOS="1241" WIDTH="13"/>
						<String ID="P125_ST00176" HPOS="529" VPOS="1212" WIDTH="44" HEIGHT="21" CONTENT="and" WC="0.78" CC="402"/>
						<SP ID="P125_SP00153" HPOS="573" VPOS="1241" WIDTH="12"/>
						<String ID="P125_ST00177" HPOS="585" VPOS="1215" WIDTH="103" HEIGHT="24" CONTENT="pastures" WC="0.64" CC="04630337"/>
						<SP ID="P125_SP00154" HPOS="688" VPOS="1241" WIDTH="12"/>
						<String ID="P125_ST00178" HPOS="700" VPOS="1211" WIDTH="59" HEIGHT="25" CONTENT="bare," WC="0.85" CC="32100"/>
					</TextLine>
					<TextLine ID="P125_TL00024" HPOS="217" VPOS="1249" WIDTH="449" HEIGHT="24">
						<String ID="P125_ST00179" HPOS="217" VPOS="1253" WIDTH="66" HEIGHT="20" CONTENT="Brisk" WC="0.64" CC="55050"/>
						<SP ID="P125_SP00155" HPOS="283" VPOS="1273" WIDTH="13"/>
						<String ID="P125_ST00180" HPOS="296" VPOS="1252" WIDTH="74" HEIGHT="21" CONTENT="Robin" WC="0.67" CC="63105"/>
						<SP ID="P125_SP00156" HPOS="370" VPOS="1273" WIDTH="13"/>
						<String ID="P125_ST00181" HPOS="383" VPOS="1251" WIDTH="65" HEIGHT="21" CONTENT="seeks" WC="0.69" CC="61006"/>
						<SP ID="P125_SP00157" HPOS="448" VPOS="1273" WIDTH="12"/>
						<String ID="P125_ST00182" HPOS="460" VPOS="1258" WIDTH="12" HEIGHT="13" CONTENT="a" WC="1.00" CC="0"/>
						<SP ID="P125_SP00158" HPOS="472" VPOS="1273" WIDTH="11"/>
						<String ID="P125_ST00183" HPOS="483" VPOS="1249" WIDTH="98" HEIGHT="21" CONTENT="kindlier" WC="0.74" CC="05104305"/>
						<SP ID="P125_SP00159" HPOS="581" VPOS="1273" WIDTH="11"/>
						<String ID="P125_ST00184" HPOS="592" VPOS="1249" WIDTH="74" HEIGHT="21" CONTENT="home." WC="0.86" CC="04010"/>
					</TextLine>
				</TextBlock>
				<TextBlock ID="P125_TB00011" HPOS="215" VPOS="1287" WIDTH="542" HEIGHT="359" STYLEREFS="TXT_1 PAR_LEFT">
					<TextLine ID="P125_TL00025" HPOS="218" VPOS="1287" WIDTH="373" HEIGHT="29">
						<String ID="P125_ST00185" HPOS="218" VPOS="1288" WIDTH="47" HEIGHT="22" CONTENT="Not" WC="0.74" CC="042"/>
						<SP ID="P125_SP00160" HPOS="265" VPOS="1310" WIDTH="12"/>
						<String ID="P125_ST00186" HPOS="277" VPOS="1288" WIDTH="46" HEIGHT="21" CONTENT="Hke" WC="0.74" CC="700"/>
						<SP ID="P125_SP00161" HPOS="323" VPOS="1310" WIDTH="11"/>
						<String ID="P125_ST00187" HPOS="334" VPOS="1295" WIDTH="13" HEIGHT="14" CONTENT="a" WC="0.26" CC="7"/>
						<SP ID="P125_SP00162" HPOS="347" VPOS="1310" WIDTH="11"/>
						<String ID="P125_ST00188" HPOS="358" VPOS="1288" WIDTH="84" HEIGHT="28" CONTENT="beggar" WC="0.73" CC="600900"/>
						<SP ID="P125_SP00163" HPOS="442" VPOS="1316" WIDTH="10"/>
						<String ID="P125_ST00189" HPOS="452" VPOS="1287" WIDTH="20" HEIGHT="21" CONTENT="is" WC="0.35" CC="66"/>
						<SP ID="P125_SP00164" HPOS="472" VPOS="1316" WIDTH="11"/>
						<String ID="P125_ST00190" HPOS="483" VPOS="1287" WIDTH="28" HEIGHT="21" CONTENT="he" WC="0.67" CC="23"/>
						<SP ID="P125_SP00165" HPOS="511" VPOS="1316" WIDTH="10"/>
						<String ID="P125_ST00191" HPOS="521" VPOS="1294" WIDTH="70" HEIGHT="18" CONTENT="come," WC="0.87" CC="50000"/>
					</TextLine>
					<TextLine ID="P125_TL00026" HPOS="217" VPOS="1325" WIDTH="417" HEIGHT="27">
						<String ID="P125_ST00192" HPOS="217" VPOS="1327" WIDTH="45" HEIGHT="21" CONTENT="But" WC="0.81" CC="500"/>
						<SP ID="P125_SP00166" HPOS="262" VPOS="1348" WIDTH="12"/>
						<String ID="P125_ST00193" HPOS="274" VPOS="1330" WIDTH="76" HEIGHT="18" CONTENT="enters" WC="0.77" CC="300306"/>
						<SP ID="P125_SP00167" HPOS="350" VPOS="1348" WIDTH="11"/>
						<String ID="P125_ST00194" HPOS="361" VPOS="1333" WIDTH="24" HEIGHT="14" CONTENT="as" WC="0.65" CC="06"/>
						<SP ID="P125_SP00168" HPOS="385" VPOS="1348" WIDTH="12"/>
						<String ID="P125_ST00195" HPOS="397" VPOS="1332" WIDTH="13" HEIGHT="15" CONTENT="a" WC="0.59" CC="4"/>
						<SP ID="P125_SP00169" HPOS="410" VPOS="1348" WIDTH="11"/>
						<String ID="P125_ST00196" HPOS="421" VPOS="1325" WIDTH="129" HEIGHT="22" CONTENT="looked-for" WC="0.79" CC="1044000351"/>
						<SP ID="P125_SP00170" HPOS="550" VPOS="1348" WIDTH="11"/>
						<String ID="P125_ST00197" HPOS="561" VPOS="1327" WIDTH="73" HEIGHT="25" CONTENT="guest," WC="0.85" CC="020600"/>
					</TextLine>
					<TextLine ID="P125_TL00027" HPOS="218" VPOS="1362" WIDTH="385" HEIGHT="29">
						<String ID="P125_ST00198" HPOS="218" VPOS="1363" WIDTH="122" HEIGHT="28" CONTENT="Confiding" WC="0.69" CC="355000570"/>
						<SP ID="P125_SP00171" HPOS="340" VPOS="1391" WIDTH="12"/>
						<String ID="P125_ST00199" HPOS="352" VPOS="1363" WIDTH="23" HEIGHT="20" CONTENT="in" WC="0.63" CC="07"/>
						<SP ID="P125_SP00172" HPOS="375" VPOS="1391" WIDTH="12"/>
						<String ID="P125_ST00200" HPOS="387" VPOS="1362" WIDTH="35" HEIGHT="21" CONTENT="his" WC="0.43" CC="376"/>
						<SP ID="P125_SP00173" HPOS="422" VPOS="1391" WIDTH="12"/>
						<String ID="P125_ST00201" HPOS="434" VPOS="1362" WIDTH="73" HEIGHT="28" CONTENT="ruddy" WC="0.97" CC="10000"/>
						<SP ID="P125_SP00174" HPOS="507" VPOS="1391" WIDTH="12"/>
						<String ID="P125_ST00202" HPOS="519" VPOS="1362" WIDTH="84" HEIGHT="24" CONTENT="breast," WC="0.69" CC="2106604"/>
					</TextLine>
					<TextLine ID="P125_TL00028" HPOS="217" VPOS="1398" WIDTH="379" HEIGHT="26">
						<String ID="P125_ST00203" HPOS="217" VPOS="1399" WIDTH="34" HEIGHT="21" CONTENT="As" WC="0.84" CC="03"/>
						<SP ID="P125_SP00175" HPOS="251" VPOS="1420" WIDTH="11"/>
						<String ID="P125_ST00204" HPOS="262" VPOS="1399" WIDTH="21" HEIGHT="21" CONTENT="if" WC="0.65" CC="15"/>
						<SP ID="P125_SP00176" HPOS="283" VPOS="1420" WIDTH="7"/>
						<String ID="P125_ST00205" HPOS="290" VPOS="1399" WIDTH="17" HEIGHT="21" CONTENT="it" WC="0.67" CC="15"/>
						<SP ID="P125_SP00177" HPOS="307" VPOS="1420" WIDTH="12"/>
						<String ID="P125_ST00206" HPOS="319" VPOS="1407" WIDTH="57" HEIGHT="13" CONTENT="were" WC="0.95" CC="0001"/>
						<SP ID="P125_SP00178" HPOS="376" VPOS="1420" WIDTH="13"/>
						<String ID="P125_ST00207" HPOS="389" VPOS="1407" WIDTH="12" HEIGHT="13" CONTENT="a" WC="0.34" CC="6"/>
						<SP ID="P125_SP00179" HPOS="401" VPOS="1420" WIDTH="12"/>
						<String ID="P125_ST00208" HPOS="413" VPOS="1399" WIDTH="91" HEIGHT="21" CONTENT="natural" WC="0.80" CC="6401010"/>
						<SP ID="P125_SP00180" HPOS="504" VPOS="1420" WIDTH="12"/>
						<String ID="P125_ST00209" HPOS="516" VPOS="1398" WIDTH="80" HEIGHT="26" CONTENT="shield," WC="0.74" CC="7101060"/>
					</TextLine>
					<TextLine ID="P125_TL00029" HPOS="218" VPOS="1435" WIDTH="453" HEIGHT="31">
						<String ID="P125_ST00210" HPOS="218" VPOS="1437" WIDTH="107" HEIGHT="29" CONTENT="Charged" WC="0.75" CC="7600030"/>
						<SP ID="P125_SP00181" HPOS="325" VPOS="1466" WIDTH="11"/>
						<String ID="P125_ST00211" HPOS="336" VPOS="1437" WIDTH="54" HEIGHT="21" CONTENT="with" WC="0.81" CC="0007"/>
						<SP ID="P125_SP00182" HPOS="390" VPOS="1466" WIDTH="13"/>
						<String ID="P125_ST00212" HPOS="403" VPOS="1445" WIDTH="13" HEIGHT="12" CONTENT="a" WC="1.00" CC="0"/>
						<SP ID="P125_SP00183" HPOS="416" VPOS="1466" WIDTH="11"/>
						<String ID="P125_ST00213" HPOS="427" VPOS="1437" WIDTH="79" HEIGHT="21" CONTENT="blazon" WC="0.56" CC="540646"/>
						<SP ID="P125_SP00184" HPOS="506" VPOS="1466" WIDTH="13"/>
						<String ID="P125_ST00214" HPOS="519" VPOS="1444" WIDTH="28" HEIGHT="13" CONTENT="on" WC="0.76" CC="40"/>
						<SP ID="P125_SP00185" HPOS="547" VPOS="1466" WIDTH="13"/>
						<String ID="P125_ST00215" HPOS="560" VPOS="1435" WIDTH="39" HEIGHT="22" CONTENT="the" WC="0.82" CC="040"/>
						<SP ID="P125_SP00186" HPOS="599" VPOS="1466" WIDTH="12"/>
						<String ID="P125_ST00216" HPOS="611" VPOS="1435" WIDTH="60" HEIGHT="27" CONTENT="field," WC="0.80" CC="005501"/>
					</TextLine>
					<TextLine ID="P125_TL00030" HPOS="217" VPOS="1473" WIDTH="422" HEIGHT="30">
						<String ID="P125_ST00217" HPOS="217" VPOS="1476" WIDTH="51" HEIGHT="21" CONTENT="Due" WC="0.85" CC="301"/>
						<SP ID="P125_SP00187" HPOS="268" VPOS="1497" WIDTH="11"/>
						<String ID="P125_ST00218" HPOS="279" VPOS="1480" WIDTH="24" HEIGHT="17" CONTENT="to" WC="0.77" CC="04"/>
						<SP ID="P125_SP00188" HPOS="303" VPOS="1497" WIDTH="12"/>
						<String ID="P125_ST00219" HPOS="315" VPOS="1475" WIDTH="50" HEIGHT="21" CONTENT="that" WC="0.45" CC="9542"/>
						<SP ID="P125_SP00189" HPOS="365" VPOS="1497" WIDTH="12"/>
						<String ID="P125_ST00220" HPOS="377" VPOS="1475" WIDTH="58" HEIGHT="28" CONTENT="good" WC="0.76" CC="0260"/>
						<SP ID="P125_SP00190" HPOS="435" VPOS="1503" WIDTH="12"/>
						<String ID="P125_ST00221" HPOS="447" VPOS="1474" WIDTH="45" HEIGHT="22" CONTENT="and" WC="0.78" CC="060"/>
						<SP ID="P125_SP00191" HPOS="492" VPOS="1503" WIDTH="12"/>
						<String ID="P125_ST00222" HPOS="504" VPOS="1474" WIDTH="64" HEIGHT="28" CONTENT="pious" WC="0.80" CC="03006"/>
						<SP ID="P125_SP00192" HPOS="568" VPOS="1503" WIDTH="13"/>
						<String ID="P125_ST00223" HPOS="581" VPOS="1473" WIDTH="58" HEIGHT="21" CONTENT="deed" WC="0.84" CC="0600"/>
					</TextLine>
					<TextLine ID="P125_TL00031" HPOS="217" VPOS="1510" WIDTH="405" HEIGHT="24">
						<String ID="P125_ST00224" HPOS="217" VPOS="1512" WIDTH="34" HEIGHT="22" CONTENT="Of" WC="0.28" CC="58"/>
						<SP ID="P125_SP00193" HPOS="251" VPOS="1534" WIDTH="8"/>
						<String ID="P125_ST00225" HPOS="259" VPOS="1512" WIDTH="73" HEIGHT="21" CONTENT="which" WC="0.81" CC="00440"/>
						<SP ID="P125_SP00194" HPOS="332" VPOS="1534" WIDTH="12"/>
						<String ID="P125_ST00226" HPOS="344" VPOS="1519" WIDTH="32" HEIGHT="14" CONTENT="we" WC="1.00" CC="00"/>
						<SP ID="P125_SP00195" HPOS="376" VPOS="1534" WIDTH="13"/>
						<String ID="P125_ST00227" HPOS="389" VPOS="1512" WIDTH="22" HEIGHT="21" CONTENT="in" WC="0.48" CC="18"/>
						<SP ID="P125_SP00196" HPOS="411" VPOS="1534" WIDTH="12"/>
						<String ID="P125_ST00228" HPOS="423" VPOS="1511" WIDTH="38" HEIGHT="22" CONTENT="the" WC="0.45" CC="266"/>
						<SP ID="P125_SP00197" HPOS="461" VPOS="1534" WIDTH="13"/>
						<String ID="P125_ST00229" HPOS="474" VPOS="1511" WIDTH="76" HEIGHT="21" CONTENT="ballad" WC="0.80" CC="007400"/>
						<SP ID="P125_SP00198" HPOS="550" VPOS="1534" WIDTH="11"/>
						<String ID="P125_ST00230" HPOS="561" VPOS="1510" WIDTH="61" HEIGHT="21" CONTENT="read." WC="0.85" CC="05001"/>
					</TextLine>
					<TextLine ID="P125_TL00032" HPOS="218" VPOS="1546" WIDTH="427" HEIGHT="32">
						<String ID="P125_ST00231" HPOS="218" VPOS="1549" WIDTH="34" HEIGHT="22" CONTENT="He" WC="0.42" CC="65"/>
						<SP ID="P125_SP00199" HPOS="252" VPOS="1571" WIDTH="12"/>
						<String ID="P125_ST00232" HPOS="264" VPOS="1549" WIDTH="64" HEIGHT="29" CONTENT="plays" WC="0.71" CC="05305"/>
						<SP ID="P125_SP00200" HPOS="328" VPOS="1578" WIDTH="11"/>
						<String ID="P125_ST00233" HPOS="339" VPOS="1549" WIDTH="39" HEIGHT="21" CONTENT="the" WC="0.59" CC="325"/>
						<SP ID="P125_SP00201" HPOS="378" VPOS="1578" WIDTH="12"/>
						<String ID="P125_ST00234" HPOS="390" VPOS="1551" WIDTH="79" HEIGHT="26" CONTENT="expert" WC="0.63" CC="490204"/>
						<SP ID="P125_SP00202" HPOS="469" VPOS="1578" WIDTH="12"/>
						<String ID="P125_ST00235" HPOS="481" VPOS="1546" WIDTH="164" HEIGHT="27" CONTENT="ventriloquist," WC="0.78" CC="10702001404602"/>
					</TextLine>
					<TextLine ID="P125_TL00033" HPOS="217" VPOS="1583" WIDTH="540" HEIGHT="32">
						<String ID="P125_ST00236" HPOS="217" VPOS="1588" WIDTH="53" HEIGHT="20" CONTENT="And" WC="1.00" CC="000"/>
						<SP ID="P125_SP00203" HPOS="270" VPOS="1608" WIDTH="12"/>
						<String ID="P125_ST00237" HPOS="282" VPOS="1587" WIDTH="83" HEIGHT="28" CONTENT="caught" WC="0.67" CC="066070"/>
						<SP ID="P125_SP00204" HPOS="365" VPOS="1615" WIDTH="13"/>
						<String ID="P125_ST00238" HPOS="378" VPOS="1587" WIDTH="28" HEIGHT="27" CONTENT="by" WC="0.50" CC="09"/>
						<SP ID="P125_SP00205" HPOS="406" VPOS="1615" WIDTH="12"/>
						<String ID="P125_ST00239" HPOS="418" VPOS="1586" WIDTH="107" HEIGHT="29" CONTENT="glimpses" WC="0.71" CC="90000705"/>
						<SP ID="P125_SP00206" HPOS="525" VPOS="1615" WIDTH="13"/>
						<String ID="P125_ST00240" HPOS="538" VPOS="1592" WIDTH="56" HEIGHT="18" CONTENT="now," WC="0.47" CC="4194"/>
						<SP ID="P125_SP00207" HPOS="594" VPOS="1615" WIDTH="14"/>
						<String ID="P125_ST00241" HPOS="608" VPOS="1591" WIDTH="49" HEIGHT="14" CONTENT="now" WC="0.65" CC="730"/>
						<SP ID="P125_SP00208" HPOS="657" VPOS="1615" WIDTH="9"/>
						<String ID="P125_ST00242" HPOS="666" VPOS="1583" WIDTH="91" HEIGHT="24" CONTENT="missed," WC="0.76" CC="2406400"/>
					</TextLine>
					<TextLine ID="P125_TL00034" HPOS="218" VPOS="1622" WIDTH="429" HEIGHT="24">
						<String ID="P125_ST00243" HPOS="218" VPOS="1623" WIDTH="94" HEIGHT="22" CONTENT="Puzzles" WC="0.65" CC="4036009"/>
						<SP ID="P125_SP00209" HPOS="312" VPOS="1645" WIDTH="12"/>
						<String ID="P125_ST00244" HPOS="324" VPOS="1623" WIDTH="38" HEIGHT="22" CONTENT="the" WC="0.59" CC="470"/>
						<SP ID="P125_SP00210" HPOS="362" VPOS="1645" WIDTH="11"/>
						<String ID="P125_ST00245" HPOS="373" VPOS="1623" WIDTH="92" HEIGHT="21" CONTENT="listener" WC="0.58" CC="00544458"/>
						<SP ID="P125_SP00211" HPOS="465" VPOS="1645" WIDTH="13"/>
						<String ID="P125_ST00246" HPOS="478" VPOS="1623" WIDTH="54" HEIGHT="20" CONTENT="with" WC="0.95" CC="0100"/>
						<SP ID="P125_SP00212" HPOS="532" VPOS="1645" WIDTH="12"/>
						<String ID="P125_ST00247" HPOS="544" VPOS="1629" WIDTH="12" HEIGHT="13" CONTENT="a" WC="1.00" CC="0"/>
						<SP ID="P125_SP00213" HPOS="556" VPOS="1645" WIDTH="12"/>
						<String ID="P125_ST00248" HPOS="568" VPOS="1622" WIDTH="79" HEIGHT="24" CONTENT="doubt," WC="0.87" CC="040200"/>
					</TextLine>
				</TextBlock>
				<TextBlock ID="P125_TB00012" HPOS="215" VPOS="1658" WIDTH="481" HEIGHT="61" STYLEREFS="TXT_1 PAR_LEFT">
					<TextLine ID="P125_TL00035" HPOS="216" VPOS="1658" WIDTH="427" HEIGHT="25">
						<String ID="P125_ST00249" HPOS="216" VPOS="1662" WIDTH="24" HEIGHT="21" CONTENT="If" WC="0.76" CC="40"/>
						<SP ID="P125_SP00214" HPOS="240" VPOS="1683" WIDTH="7"/>
						<String ID="P125_ST00250" HPOS="247" VPOS="1662" WIDTH="39" HEIGHT="21" CONTENT="the" WC="0.88" CC="300"/>
						<SP ID="P125_SP00215" HPOS="286" VPOS="1683" WIDTH="14"/>
						<String ID="P125_ST00251" HPOS="300" VPOS="1661" WIDTH="44" HEIGHT="21" CONTENT="soft" WC="0.65" CC="5530"/>
						<SP ID="P125_SP00216" HPOS="344" VPOS="1683" WIDTH="12"/>
						<String ID="P125_ST00252" HPOS="356" VPOS="1660" WIDTH="63" HEIGHT="21" CONTENT="voice" WC="0.45" CC="64654"/>
						<SP ID="P125_SP00217" HPOS="419" VPOS="1683" WIDTH="12"/>
						<String ID="P125_ST00253" HPOS="431" VPOS="1659" WIDTH="28" HEIGHT="21" CONTENT="he" WC="0.45" CC="73"/>
						<SP ID="P125_SP00218" HPOS="459" VPOS="1683" WIDTH="13"/>
						<String ID="P125_ST00254" HPOS="472" VPOS="1659" WIDTH="83" HEIGHT="21" CONTENT="throws" WC="0.84" CC="060002"/>
						<SP ID="P125_SP00219" HPOS="555" VPOS="1683" WIDTH="11"/>
						<String ID="P125_ST00255" HPOS="566" VPOS="1658" WIDTH="77" HEIGHT="24" CONTENT="about," WC="0.65" CC="003573"/>
					</TextLine>
					<TextLine ID="P125_TL00036" HPOS="218" VPOS="1693" WIDTH="478" HEIGHT="26">
						<String ID="P125_ST00256" HPOS="218" VPOS="1698" WIDTH="83" HEIGHT="21" CONTENT="Comes" WC="0.58" CC="06409"/>
						<SP ID="P125_SP00220" HPOS="301" VPOS="1719" WIDTH="13"/>
						<String ID="P125_ST00257" HPOS="314" VPOS="1698" WIDTH="57" HEIGHT="20" CONTENT="from" WC="0.61" CC="3075"/>
						<SP ID="P125_SP00221" HPOS="371" VPOS="1719" WIDTH="13"/>
						<String ID="P125_ST00258" HPOS="384" VPOS="1695" WIDTH="77" HEIGHT="22" CONTENT="within" WC="0.68" CC="900611"/>
						<SP ID="P125_SP00222" HPOS="461" VPOS="1719" WIDTH="12"/>
						<String ID="P125_ST00259" HPOS="473" VPOS="1695" WIDTH="75" HEIGHT="24" CONTENT="doors," WC="0.69" CC="064041"/>
						<SP ID="P125_SP00223" HPOS="548" VPOS="1719" WIDTH="12"/>
						<String ID="P125_ST00260" HPOS="560" VPOS="1701" WIDTH="24" HEIGHT="15" CONTENT="or" WC="0.36" CC="56"/>
						<SP ID="P125_SP00224" HPOS="584" VPOS="1719" WIDTH="12"/>
						<String ID="P125_ST00261" HPOS="596" VPOS="1693" WIDTH="100" HEIGHT="21" CONTENT="without." WC="0.54" CC="01779650"/>
					</TextLine>
				</TextBlock>
				<TextBlock ID="P125_TB00013" HPOS="301" VPOS="1744" WIDTH="48" HEIGHT="23" STYLEREFS="TXT_1 PAR_LEFT">
					<TextLine ID="P125_TL00037" HPOS="301" VPOS="1744" WIDTH="48" HEIGHT="23">
						<String ID="P125_ST00262" HPOS="301" VPOS="1751" WIDTH="16" HEIGHT="16" CONTENT="Q" WC="0.17" CC="8"/>
						<SP ID="P125_SP00225" HPOS="317" VPOS="1767" WIDTH="19"/>
						<String ID="P125_ST00263" HPOS="336" VPOS="1744" WIDTH="13" HEIGHT="21" CONTENT="2" WC="1.00" CC="0"/>
					</TextLine>
				</TextBlock>
			</PrintSpace>
		</Page>
	</Layout>
</alto>
