<?xml version="1.0" encoding="UTF-8"?>
<alto xmlns:xsi="http://www.w3.org/2001/XMLSchema-instance" xsi:noNamespaceSchemaLocation="http://www.bl.uk/schemas/alto/alto-1-4.xsd" xmlns:xlink="http://www.w3.org/1999/xlink">
	<Description>
		<MeasurementUnit>mm10</MeasurementUnit>
		<sourceImageInformation>
			<fileName>//head1/IN/2008-26/A0011759050/008076.jp2</fileName>
		</sourceImageInformation>
		<OCRProcessing ID="OCRPROCESSING_1">
			<preProcessingStep>
				<processingSoftware>
					<softwareCreator>CCS Content Conversion Specialists GmbH, Germany</softwareCreator>
					<softwareName>CCS docWORKS</softwareName>
					<softwareVersion>6.1-0.67</softwareVersion>
				</processingSoftware>
			</preProcessingStep>
			<ocrProcessingStep>
				<processingSoftware>
					<softwareCreator>ABBYY (BIT Software), Russia</softwareCreator>
					<softwareName>Finereader</softwareName>
				</processingSoftware>
			</ocrProcessingStep>
		</OCRProcessing>
	</Description>
	<Styles>
		<TextStyle ID="TXT_0" FONTSIZE="10" FONTFAMILY="Courier New"/>
		<TextStyle ID="TXT_1" FONTSIZE="9" FONTFAMILY="Courier New"/>
		<ParagraphStyle ID="PAR_LEFT" ALIGN="Left"/>
		<ParagraphStyle ID="PAR_CENTER" ALIGN="Center"/>
	</Styles>
	<Layout>
		<Page ID="P84" PHYSICAL_IMG_NR="84" HEIGHT="1962" WIDTH="1120" PRINTED_IMG_NR="74" POSITION="Left" ACCURACY="69.89">
			<TopMargin ID="P84_TM00001" HPOS="0" VPOS="0" WIDTH="1120" HEIGHT="205">
				<TextBlock ID="P84_TB00001" HPOS="143" VPOS="182" WIDTH="28" HEIGHT="22" STYLEREFS="TXT_0 PAR_LEFT">
					<TextLine ID="P84_TL00001" HPOS="143" VPOS="182" WIDTH="28" HEIGHT="22">
						<String ID="P84_ST00001" HPOS="143" VPOS="182" WIDTH="28" HEIGHT="22" CONTENT="74" WC="1.00" CC="00"/>
					</TextLine>
				</TextBlock>
				<TextBlock ID="P84_TB00002" HPOS="455" VPOS="184" WIDTH="243" HEIGHT="18" STYLEREFS="TXT_1 PAR_CENTER">
					<TextLine ID="P84_TL00002" HPOS="455" VPOS="184" WIDTH="243" HEIGHT="18">
						<String ID="P84_ST00002" HPOS="455" VPOS="186" WIDTH="120" HEIGHT="16" CONTENT="POETICAL" WC="0.56" CC="76556300"/>
						<SP ID="P84_SP00001" HPOS="575" VPOS="202" WIDTH="20"/>
						<String ID="P84_ST00003" HPOS="595" VPOS="184" WIDTH="103" HEIGHT="15" CONTENT="AVIARY." WC="0.45" CC="0779570"/>
					</TextLine>
				</TextBlock>
			</TopMargin>
			<LeftMargin ID="P84_LM00001" HPOS="0" VPOS="205" WIDTH="143" HEIGHT="1562"/>
			<RightMargin ID="P84_RM00001" HPOS="986" VPOS="205" WIDTH="134" HEIGHT="1562"/>
			<BottomMargin ID="P84_BM00001" HPOS="0" VPOS="1767" WIDTH="1120" HEIGHT="194"/>
			<PrintSpace ID="P84_PS00001" HPOS="143" VPOS="205" WIDTH="843" HEIGHT="1562">
				<TextBlock ID="P84_TB00003" HPOS="263" VPOS="259" WIDTH="444" HEIGHT="67" STYLEREFS="TXT_1 PAR_LEFT">
					<TextLine ID="P84_TL00003" HPOS="264" VPOS="259" WIDTH="349" HEIGHT="29">
						<String ID="P84_ST00004" HPOS="264" VPOS="261" WIDTH="56" HEIGHT="21" CONTENT="Now" WC="0.89" CC="030"/>
						<SP ID="P84_SP00002" HPOS="320" VPOS="282" WIDTH="12"/>
						<String ID="P84_ST00005" HPOS="332" VPOS="261" WIDTH="17" HEIGHT="21" CONTENT="it" WC="0.72" CC="50"/>
						<SP ID="P84_SP00003" HPOS="349" VPOS="282" WIDTH="13"/>
						<String ID="P84_ST00006" HPOS="362" VPOS="260" WIDTH="18" HEIGHT="22" CONTENT="is" WC="0.29" CC="67"/>
						<SP ID="P84_SP00004" HPOS="380" VPOS="282" WIDTH="12"/>
						<String ID="P84_ST00007" HPOS="392" VPOS="260" WIDTH="38" HEIGHT="22" CONTENT="the" WC="0.50" CC="662"/>
						<SP ID="P84_SP00005" HPOS="430" VPOS="282" WIDTH="12"/>
						<String ID="P84_ST00008" HPOS="442" VPOS="260" WIDTH="55" HEIGHT="22" CONTENT="time" WC="0.88" CC="0400"/>
						<SP ID="P84_SP00006" HPOS="497" VPOS="282" WIDTH="11"/>
						<String ID="P84_ST00009" HPOS="508" VPOS="260" WIDTH="27" HEIGHT="22" CONTENT="of" WC="0.57" CC="08"/>
						<SP ID="P84_SP00007" HPOS="535" VPOS="282" WIDTH="7"/>
						<String ID="P84_ST00010" HPOS="542" VPOS="259" WIDTH="71" HEIGHT="29" CONTENT="night," WC="0.48" CC="659710"/>
					</TextLine>
					<TextLine ID="P84_TL00004" HPOS="293" VPOS="297" WIDTH="414" HEIGHT="29">
						<String ID="P84_ST00011" HPOS="293" VPOS="299" WIDTH="61" HEIGHT="22" CONTENT="That" WC="1.00" CC="0000"/>
						<SP ID="P84_SP00008" HPOS="354" VPOS="321" WIDTH="12"/>
						<String ID="P84_ST00012" HPOS="366" VPOS="299" WIDTH="38" HEIGHT="22" CONTENT="the" WC="0.85" CC="003"/>
						<SP ID="P84_SP00009" HPOS="404" VPOS="321" WIDTH="13"/>
						<String ID="P84_ST00013" HPOS="417" VPOS="306" WIDTH="85" HEIGHT="20" CONTENT="graves," WC="0.87" CC="0204100"/>
						<SP ID="P84_SP00010" HPOS="502" VPOS="326" WIDTH="12"/>
						<String ID="P84_ST00014" HPOS="514" VPOS="299" WIDTH="30" HEIGHT="21" CONTENT="all" WC="0.92" CC="200"/>
						<SP ID="P84_SP00011" HPOS="544" VPOS="326" WIDTH="8"/>
						<String ID="P84_ST00015" HPOS="552" VPOS="298" WIDTH="83" HEIGHT="28" CONTENT="gaping" WC="0.54" CC="060289"/>
						<SP ID="P84_SP00012" HPOS="635" VPOS="326" WIDTH="9"/>
						<String ID="P84_ST00016" HPOS="644" VPOS="297" WIDTH="63" HEIGHT="25" CONTENT="wide," WC="0.74" CC="06060"/>
					</TextLine>
				</TextBlock>
				<TextBlock ID="P84_TB00004" HPOS="263" VPOS="334" WIDTH="444" HEIGHT="66" STYLEREFS="TXT_1 PAR_LEFT">
					<TextLine ID="P84_TL00005" HPOS="263" VPOS="335" WIDTH="382" HEIGHT="30">
						<String ID="P84_ST00017" HPOS="263" VPOS="336" WIDTH="73" HEIGHT="29" CONTENT="Every" WC="0.63" CC="05209"/>
						<SP ID="P84_SP00013" HPOS="336" VPOS="365" WIDTH="12"/>
						<String ID="P84_ST00018" HPOS="348" VPOS="343" WIDTH="41" HEIGHT="15" CONTENT="one" WC="0.79" CC="420"/>
						<SP ID="P84_SP00014" HPOS="389" VPOS="365" WIDTH="12"/>
						<String ID="P84_ST00019" HPOS="401" VPOS="336" WIDTH="43" HEIGHT="21" CONTENT="lets" WC="0.70" CC="5005"/>
						<SP ID="P84_SP00015" HPOS="444" VPOS="365" WIDTH="12"/>
						<String ID="P84_ST00020" HPOS="456" VPOS="335" WIDTH="59" HEIGHT="22" CONTENT="forth" WC="0.50" CC="64607"/>
						<SP ID="P84_SP00016" HPOS="515" VPOS="365" WIDTH="12"/>
						<String ID="P84_ST00021" HPOS="527" VPOS="336" WIDTH="29" HEIGHT="21" CONTENT="its" WC="0.77" CC="006"/>
						<SP ID="P84_SP00017" HPOS="556" VPOS="365" WIDTH="12"/>
						<String ID="P84_ST00022" HPOS="568" VPOS="335" WIDTH="77" HEIGHT="28" CONTENT="sprite," WC="0.63" CC="6725110"/>
					</TextLine>
					<TextLine ID="P84_TL00006" HPOS="293" VPOS="372" WIDTH="414" HEIGHT="28">
						<String ID="P84_ST00023" HPOS="293" VPOS="372" WIDTH="26" HEIGHT="22" CONTENT="In" WC="0.63" CC="16"/>
						<SP ID="P84_SP00018" HPOS="319" VPOS="394" WIDTH="12"/>
						<String ID="P84_ST00024" HPOS="331" VPOS="372" WIDTH="39" HEIGHT="21" CONTENT="the" WC="0.82" CC="050"/>
						<SP ID="P84_SP00019" HPOS="370" VPOS="394" WIDTH="9"/>
						<String ID="P84_ST00025" HPOS="379" VPOS="372" WIDTH="140" HEIGHT="28" CONTENT="churchyard" WC="0.48" CC="5740679650"/>
						<SP ID="P84_SP00020" HPOS="519" VPOS="400" WIDTH="11"/>
						<String ID="P84_ST00026" HPOS="530" VPOS="372" WIDTH="67" HEIGHT="28" CONTENT="paths" WC="0.65" CC="02176"/>
						<SP ID="P84_SP00021" HPOS="597" VPOS="400" WIDTH="11"/>
						<String ID="P84_ST00027" HPOS="608" VPOS="377" WIDTH="23" HEIGHT="17" CONTENT="to" WC="0.54" CC="35"/>
						<SP ID="P84_SP00022" HPOS="631" VPOS="400" WIDTH="10"/>
						<String ID="P84_ST00028" HPOS="641" VPOS="372" WIDTH="66" HEIGHT="28" CONTENT="glide." WC="0.57" CC="955040"/>
					</TextLine>
				</TextBlock>
				<TextBlock ID="P84_TB00005" HPOS="263" VPOS="410" WIDTH="387" HEIGHT="67" STYLEREFS="TXT_1 PAR_LEFT">
					<TextLine ID="P84_TL00007" HPOS="264" VPOS="410" WIDTH="354" HEIGHT="27">
						<String ID="P84_ST00029" HPOS="264" VPOS="411" WIDTH="53" HEIGHT="21" CONTENT="And" WC="0.78" CC="060"/>
						<SP ID="P84_SP00023" HPOS="317" VPOS="432" WIDTH="12"/>
						<String ID="P84_ST00030" HPOS="329" VPOS="418" WIDTH="39" HEIGHT="19" CONTENT="we," WC="1.00" CC="000"/>
						<SP ID="P84_SP00024" HPOS="368" VPOS="437" WIDTH="12"/>
						<String ID="P84_ST00031" HPOS="380" VPOS="410" WIDTH="82" HEIGHT="27" CONTENT="fairies," WC="0.60" CC="93044270"/>
						<SP ID="P84_SP00025" HPOS="462" VPOS="437" WIDTH="13"/>
						<String ID="P84_ST00032" HPOS="475" VPOS="410" WIDTH="49" HEIGHT="21" CONTENT="that" WC="0.85" CC="0050"/>
						<SP ID="P84_SP00026" HPOS="524" VPOS="437" WIDTH="12"/>
						<String ID="P84_ST00033" HPOS="536" VPOS="411" WIDTH="28" HEIGHT="21" CONTENT="do" WC="0.82" CC="03"/>
						<SP ID="P84_SP00027" HPOS="564" VPOS="437" WIDTH="12"/>
						<String ID="P84_ST00034" HPOS="576" VPOS="418" WIDTH="42" HEIGHT="14" CONTENT="run" WC="0.48" CC="563"/>
					</TextLine>
					<TextLine ID="P84_TL00008" HPOS="293" VPOS="448" WIDTH="357" HEIGHT="29">
						<String ID="P84_ST00035" HPOS="293" VPOS="449" WIDTH="34" HEIGHT="28" CONTENT="By" WC="1.00" CC="00"/>
						<SP ID="P84_SP00028" HPOS="327" VPOS="477" WIDTH="11"/>
						<String ID="P84_ST00036" HPOS="338" VPOS="448" WIDTH="38" HEIGHT="22" CONTENT="the" WC="0.94" CC="001"/>
						<SP ID="P84_SP00029" HPOS="376" VPOS="477" WIDTH="12"/>
						<String ID="P84_ST00037" HPOS="388" VPOS="448" WIDTH="66" HEIGHT="29" CONTENT="triple" WC="0.66" CC="505350"/>
						<SP ID="P84_SP00030" HPOS="454" VPOS="477" WIDTH="12"/>
						<String ID="P84_ST00038" HPOS="466" VPOS="448" WIDTH="106" HEIGHT="22" CONTENT="Hecate's" WC="0.74" CC="06350005"/>
						<SP ID="P84_SP00031" HPOS="572" VPOS="477" WIDTH="11"/>
						<String ID="P84_ST00039" HPOS="583" VPOS="452" WIDTH="67" HEIGHT="21" CONTENT="team," WC="0.82" CC="00350"/>
					</TextLine>
				</TextBlock>
				<TextBlock ID="P84_TB00006" HPOS="263" VPOS="484" WIDTH="450" HEIGHT="64" STYLEREFS="TXT_1 PAR_LEFT">
					<TextLine ID="P84_TL00009" HPOS="264" VPOS="485" WIDTH="382" HEIGHT="28">
						<String ID="P84_ST00040" HPOS="264" VPOS="485" WIDTH="68" HEIGHT="22" CONTENT="From" WC="0.83" CC="6000"/>
						<SP ID="P84_SP00032" HPOS="332" VPOS="507" WIDTH="11"/>
						<String ID="P84_ST00041" HPOS="343" VPOS="485" WIDTH="39" HEIGHT="21" CONTENT="the" WC="0.72" CC="520"/>
						<SP ID="P84_SP00033" HPOS="382" VPOS="507" WIDTH="11"/>
						<String ID="P84_ST00042" HPOS="393" VPOS="492" WIDTH="107" HEIGHT="21" CONTENT="presence" WC="0.54" CC="92470650"/>
						<SP ID="P84_SP00034" HPOS="500" VPOS="513" WIDTH="12"/>
						<String ID="P84_ST00043" HPOS="512" VPOS="485" WIDTH="26" HEIGHT="21" CONTENT="of" WC="1.00" CC="00"/>
						<SP ID="P84_SP00035" HPOS="538" VPOS="513" WIDTH="7"/>
						<String ID="P84_ST00044" HPOS="545" VPOS="485" WIDTH="39" HEIGHT="21" CONTENT="the" WC="0.75" CC="061"/>
						<SP ID="P84_SP00036" HPOS="584" VPOS="513" WIDTH="13"/>
						<String ID="P84_ST00045" HPOS="597" VPOS="492" WIDTH="49" HEIGHT="18" CONTENT="sun," WC="0.69" CC="7220"/>
					</TextLine>
					<TextLine ID="P84_TL00010" HPOS="295" VPOS="520" WIDTH="418" HEIGHT="28">
						<String ID="P84_ST00046" HPOS="295" VPOS="520" WIDTH="125" HEIGHT="28" CONTENT="Following" WC="0.79" CC="602000440"/>
						<SP ID="P84_SP00037" HPOS="420" VPOS="548" WIDTH="9"/>
						<String ID="P84_ST00047" HPOS="429" VPOS="520" WIDTH="107" HEIGHT="22" CONTENT="darkness" WC="0.61" CC="02276046"/>
						<SP ID="P84_SP00038" HPOS="536" VPOS="548" WIDTH="11"/>
						<String ID="P84_ST00048" HPOS="547" VPOS="520" WIDTH="48" HEIGHT="22" CONTENT="like" WC="0.61" CC="0590"/>
						<SP ID="P84_SP00039" HPOS="595" VPOS="548" WIDTH="12"/>
						<String ID="P84_ST00049" HPOS="607" VPOS="529" WIDTH="12" HEIGHT="13" CONTENT="a" WC="1.00" CC="0"/>
						<SP ID="P84_SP00040" HPOS="619" VPOS="548" WIDTH="12"/>
						<String ID="P84_ST00050" HPOS="631" VPOS="521" WIDTH="82" HEIGHT="26" CONTENT="dream," WC="0.75" CC="003451"/>
					</TextLine>
				</TextBlock>
				<TextBlock ID="P84_TB00007" HPOS="264" VPOS="559" WIDTH="460" HEIGHT="59" STYLEREFS="TXT_1 PAR_LEFT">
					<TextLine ID="P84_TL00011" HPOS="265" VPOS="559" WIDTH="365" HEIGHT="26">
						<String ID="P84_ST00051" HPOS="265" VPOS="560" WIDTH="56" HEIGHT="22" CONTENT="Now" WC="0.74" CC="700"/>
						<SP ID="P84_SP00041" HPOS="321" VPOS="582" WIDTH="12"/>
						<String ID="P84_ST00052" HPOS="333" VPOS="567" WIDTH="37" HEIGHT="14" CONTENT="are" WC="0.63" CC="414"/>
						<SP ID="P84_SP00042" HPOS="370" VPOS="582" WIDTH="11"/>
						<String ID="P84_ST00053" HPOS="381" VPOS="559" WIDTH="64" HEIGHT="21" CONTENT="frolic" WC="0.76" CC="003055"/>
						<SP ID="P84_SP00043" HPOS="445" VPOS="582" WIDTH="10"/>
						<String ID="P84_ST00054" HPOS="455" VPOS="568" WIDTH="4" HEIGHT="17" CONTENT=";" WC="0.73" CC="2"/>
						<SP ID="P84_SP00044" HPOS="459" VPOS="585" WIDTH="18"/>
						<String ID="P84_ST00055" HPOS="477" VPOS="563" WIDTH="39" HEIGHT="17" CONTENT="not" WC="0.72" CC="430"/>
						<SP ID="P84_SP00045" HPOS="516" VPOS="585" WIDTH="12"/>
						<String ID="P84_ST00056" HPOS="528" VPOS="567" WIDTH="13" HEIGHT="13" CONTENT="a" WC="1.00" CC="0"/>
						<SP ID="P84_SP00046" HPOS="541" VPOS="585" WIDTH="11"/>
						<String ID="P84_ST00057" HPOS="552" VPOS="567" WIDTH="78" HEIGHT="13" CONTENT="mouse" WC="0.76" CC="26300"/>
					</TextLine>
					<TextLine ID="P84_TL00012" HPOS="296" VPOS="596" WIDTH="428" HEIGHT="22">
						<String ID="P84_ST00058" HPOS="296" VPOS="597" WIDTH="63" HEIGHT="21" CONTENT="Shall" WC="0.82" CC="00305"/>
						<SP ID="P84_SP00047" HPOS="359" VPOS="618" WIDTH="11"/>
						<String ID="P84_ST00059" HPOS="370" VPOS="596" WIDTH="88" HEIGHT="22" CONTENT="disturb" WC="0.63" CC="0374055"/>
						<SP ID="P84_SP00048" HPOS="458" VPOS="618" WIDTH="12"/>
						<String ID="P84_ST00060" HPOS="470" VPOS="597" WIDTH="44" HEIGHT="21" CONTENT="this" WC="0.44" CC="5736"/>
						<SP ID="P84_SP00049" HPOS="514" VPOS="618" WIDTH="12"/>
						<String ID="P84_ST00061" HPOS="526" VPOS="597" WIDTH="110" HEIGHT="21" CONTENT="hallowed" WC="0.70" CC="04003960"/>
						<SP ID="P84_SP00050" HPOS="636" VPOS="618" WIDTH="11"/>
						<String ID="P84_ST00062" HPOS="647" VPOS="597" WIDTH="77" HEIGHT="21" CONTENT="house." WC="0.73" CC="041360"/>
					</TextLine>
				</TextBlock>
				<TextBlock ID="P84_TB00008" HPOS="265" VPOS="634" WIDTH="379" HEIGHT="25" STYLEREFS="TXT_1 PAR_LEFT">
					<TextLine ID="P84_TL00013" HPOS="266" VPOS="634" WIDTH="378" HEIGHT="25">
						<String ID="P84_ST00063" HPOS="266" VPOS="635" WIDTH="11" HEIGHT="21" CONTENT="I" WC="1.00" CC="0"/>
						<SP ID="P84_SP00051" HPOS="277" VPOS="656" WIDTH="12"/>
						<String ID="P84_ST00064" HPOS="289" VPOS="642" WIDTH="36" HEIGHT="14" CONTENT="am" WC="0.79" CC="12"/>
						<SP ID="P84_SP00052" HPOS="325" VPOS="656" WIDTH="12"/>
						<String ID="P84_ST00065" HPOS="337" VPOS="638" WIDTH="57" HEIGHT="21" CONTENT="sent," WC="0.79" CC="64000"/>
						<SP ID="P84_SP00053" HPOS="394" VPOS="659" WIDTH="11"/>
						<String ID="P84_ST00066" HPOS="405" VPOS="634" WIDTH="54" HEIGHT="21" CONTENT="with" WC="0.77" CC="0404"/>
						<SP ID="P84_SP00054" HPOS="459" VPOS="659" WIDTH="12"/>
						<String ID="P84_ST00067" HPOS="471" VPOS="634" WIDTH="86" HEIGHT="25" CONTENT="broom," WC="0.71" CC="470400"/>
						<SP ID="P84_SP00055" HPOS="557" VPOS="659" WIDTH="12"/>
						<String ID="P84_ST00068" HPOS="569" VPOS="634" WIDTH="75" HEIGHT="21" CONTENT="before" WC="0.58" CC="533560"/>
					</TextLine>
				</TextBlock>
				<TextBlock ID="P84_TB00009" HPOS="295" VPOS="670" WIDTH="456" HEIGHT="29" STYLEREFS="TXT_1 PAR_LEFT">
					<TextLine ID="P84_TL00014" HPOS="295" VPOS="670" WIDTH="456" HEIGHT="29">
						<String ID="P84_ST00069" HPOS="295" VPOS="673" WIDTH="36" HEIGHT="21" CONTENT="To" WC="1.00" CC="00"/>
						<SP ID="P84_SP00056" HPOS="331" VPOS="694" WIDTH="12"/>
						<String ID="P84_ST00070" HPOS="343" VPOS="680" WIDTH="72" HEIGHT="19" CONTENT="sweep" WC="0.89" CC="50000"/>
						<SP ID="P84_SP00057" HPOS="415" VPOS="699" WIDTH="12"/>
						<String ID="P84_ST00071" HPOS="427" VPOS="672" WIDTH="38" HEIGHT="21" CONTENT="the" WC="0.79" CC="060"/>
						<SP ID="P84_SP00058" HPOS="465" VPOS="699" WIDTH="13"/>
						<String ID="P84_ST00072" HPOS="478" VPOS="672" WIDTH="52" HEIGHT="20" CONTENT="dust" WC="0.82" CC="0420"/>
						<SP ID="P84_SP00059" HPOS="530" VPOS="699" WIDTH="14"/>
						<String ID="P84_ST00073" HPOS="544" VPOS="671" WIDTH="85" HEIGHT="21" CONTENT="behind" WC="0.53" CC="663370"/>
						<SP ID="P84_SP00060" HPOS="629" VPOS="699" WIDTH="11"/>
						<String ID="P84_ST00074" HPOS="640" VPOS="670" WIDTH="39" HEIGHT="22" CONTENT="the" WC="0.76" CC="070"/>
						<SP ID="P84_SP00061" HPOS="679" VPOS="699" WIDTH="11"/>
						<String ID="P84_ST00075" HPOS="690" VPOS="670" WIDTH="61" HEIGHT="21" CONTENT="door." WC="0.98" CC="00000"/>
					</TextLine>
				</TextBlock>
				<TextBlock ID="P84_TB00010" HPOS="146" VPOS="728" WIDTH="839" HEIGHT="278" STYLEREFS="TXT_1 PAR_LEFT">
					<TextLine ID="P84_TL00015" HPOS="180" VPOS="729" WIDTH="805" HEIGHT="32">
						<String ID="P84_ST00076" HPOS="180" VPOS="732" WIDTH="11" HEIGHT="23" CONTENT="I" WC="0.69" CC="3"/>
						<SP ID="P84_SP00062" HPOS="191" VPOS="755" WIDTH="14"/>
						<String ID="P84_ST00077" HPOS="205" VPOS="732" WIDTH="60" HEIGHT="22" CONTENT="have" WC="0.64" CC="2550"/>
						<SP ID="P84_SP00063" HPOS="265" VPOS="755" WIDTH="13"/>
						<String ID="P84_ST00078" HPOS="278" VPOS="729" WIDTH="71" HEIGHT="32" CONTENT="given" WC="0.61" CC="05327"/>
						<SP ID="P84_SP00064" HPOS="349" VPOS="761" WIDTH="13"/>
						<String ID="P84_ST00079" HPOS="362" VPOS="729" WIDTH="41" HEIGHT="23" CONTENT="the" WC="0.87" CC="030"/>
						<SP ID="P84_SP00065" HPOS="403" VPOS="761" WIDTH="12"/>
						<String ID="P84_ST00080" HPOS="415" VPOS="729" WIDTH="77" HEIGHT="23" CONTENT="whole" WC="0.79" CC="06020"/>
						<SP ID="P84_SP00066" HPOS="492" VPOS="761" WIDTH="14"/>
						<String ID="P84_ST00081" HPOS="506" VPOS="737" WIDTH="62" HEIGHT="22" CONTENT="song" WC="0.44" CC="7229"/>
						<SP ID="P84_SP00067" HPOS="568" VPOS="761" WIDTH="10"/>
						<String ID="P84_ST00082" HPOS="578" VPOS="729" WIDTH="25" HEIGHT="23" CONTENT="of" WC="0.90" CC="01"/>
						<SP ID="P84_SP00068" HPOS="603" VPOS="761" WIDTH="7"/>
						<String ID="P84_ST00083" HPOS="610" VPOS="729" WIDTH="73" HEIGHT="27" CONTENT="Puck," WC="0.58" CC="67501"/>
						<SP ID="P84_SP00069" HPOS="683" VPOS="761" WIDTH="14"/>
						<String ID="P84_ST00084" HPOS="697" VPOS="730" WIDTH="102" HEIGHT="22" CONTENT="because" WC="0.62" CC="1140755"/>
						<SP ID="P84_SP00070" HPOS="799" VPOS="761" WIDTH="13"/>
						<String ID="P84_ST00085" HPOS="812" VPOS="729" WIDTH="11" HEIGHT="23" CONTENT="I" WC="0.53" CC="4"/>
						<SP ID="P84_SP00071" HPOS="823" VPOS="761" WIDTH="13"/>
						<String ID="P84_ST00086" HPOS="836" VPOS="729" WIDTH="69" HEIGHT="23" CONTENT="think" WC="0.61" CC="07550"/>
						<SP ID="P84_SP00072" HPOS="905" VPOS="761" WIDTH="12"/>
						<String ID="P84_ST00087" HPOS="917" VPOS="729" WIDTH="17" HEIGHT="23" CONTENT="it" WC="0.76" CC="40"/>
						<SP ID="P84_SP00073" HPOS="934" VPOS="761" WIDTH="11"/>
						<String ID="P84_ST00088" HPOS="945" VPOS="729" WIDTH="40" HEIGHT="23" CONTENT="the" WC="0.51" CC="175"/>
					</TextLine>
					<TextLine ID="P84_TL00016" HPOS="146" VPOS="778" WIDTH="838" HEIGHT="33">
						<String ID="P84_ST00089" HPOS="146" VPOS="784" WIDTH="55" HEIGHT="23" CONTENT="best" WC="0.57" CC="7360"/>
						<SP ID="P84_SP00074" HPOS="201" VPOS="807" WIDTH="13"/>
						<String ID="P84_ST00090" HPOS="214" VPOS="782" WIDTH="26" HEIGHT="23" CONTENT="of" WC="0.87" CC="01"/>
						<SP ID="P84_SP00075" HPOS="240" VPOS="807" WIDTH="11"/>
						<String ID="P84_ST00091" HPOS="251" VPOS="779" WIDTH="172" HEIGHT="32" CONTENT="Shakspeare's" WC="0.73" CC="477060000005"/>
						<SP ID="P84_SP00076" HPOS="423" VPOS="811" WIDTH="13"/>
						<String ID="P84_ST00092" HPOS="436" VPOS="779" WIDTH="83" HEIGHT="31" CONTENT="lyrical" WC="0.39" CC="3936098"/>
						<SP ID="P84_SP00077" HPOS="519" VPOS="811" WIDTH="22"/>
						<String ID="P84_ST00093" HPOS="541" VPOS="779" WIDTH="122" HEIGHT="22" CONTENT="effusions." WC="0.72" CC="0005731720"/>
						<SP ID="P84_SP00078" HPOS="663" VPOS="811" WIDTH="37"/>
						<String ID="P84_ST00094" HPOS="700" VPOS="779" WIDTH="105" HEIGHT="30" CONTENT="Perhaps" WC="0.65" CC="7025403"/>
						<SP ID="P84_SP00079" HPOS="805" VPOS="811" WIDTH="21"/>
						<String ID="P84_ST00095" HPOS="826" VPOS="779" WIDTH="47" HEIGHT="22" CONTENT="this" WC="0.59" CC="0644"/>
						<SP ID="P84_SP00080" HPOS="873" VPOS="811" WIDTH="18"/>
						<String ID="P84_ST00096" HPOS="891" VPOS="778" WIDTH="93" HEIGHT="30" CONTENT="opinion" WC="0.58" CC="4900544"/>
					</TextLine>
					<TextLine ID="P84_TL00017" HPOS="146" VPOS="825" WIDTH="839" HEIGHT="32">
						<String ID="P84_ST00097" HPOS="146" VPOS="831" WIDTH="48" HEIGHT="24" CONTENT="will" WC="0.75" CC="0270"/>
						<SP ID="P84_SP00081" HPOS="194" VPOS="855" WIDTH="12"/>
						<String ID="P84_ST00098" HPOS="206" VPOS="834" WIDTH="43" HEIGHT="19" CONTENT="not" WC="0.31" CC="766"/>
						<SP ID="P84_SP00082" HPOS="249" VPOS="855" WIDTH="11"/>
						<String ID="P84_ST00099" HPOS="260" VPOS="830" WIDTH="30" HEIGHT="22" CONTENT="be" WC="0.63" CC="70"/>
						<SP ID="P84_SP00083" HPOS="290" VPOS="855" WIDTH="14"/>
						<String ID="P84_ST00100" HPOS="304" VPOS="828" WIDTH="112" HEIGHT="23" CONTENT="assented" WC="0.68" CC="06707300"/>
						<SP ID="P84_SP00084" HPOS="416" VPOS="855" WIDTH="12"/>
						<String ID="P84_ST00101" HPOS="428" VPOS="831" WIDTH="25" HEIGHT="20" CONTENT="to" WC="1.00" CC="00"/>
						<SP ID="P84_SP00085" HPOS="453" VPOS="855" WIDTH="12"/>
						<String ID="P84_ST00102" HPOS="465" VPOS="837" WIDTH="5" HEIGHT="17" CONTENT=";" WC="1.00" CC="0"/>
						<SP ID="P84_SP00086" HPOS="470" VPOS="855" WIDTH="16"/>
						<String ID="P84_ST00103" HPOS="486" VPOS="828" WIDTH="49" HEIGHT="23" CONTENT="still" WC="0.51" CC="73660"/>
						<SP ID="P84_SP00087" HPOS="535" VPOS="855" WIDTH="12"/>
						<String ID="P84_ST00104" HPOS="547" VPOS="828" WIDTH="55" HEIGHT="26" CONTENT="less," WC="0.71" CC="02054"/>
						<SP ID="P84_SP00088" HPOS="602" VPOS="855" WIDTH="11"/>
						<String ID="P84_ST00105" HPOS="613" VPOS="835" WIDTH="61" HEIGHT="16" CONTENT="were" WC="0.69" CC="9020"/>
						<SP ID="P84_SP00089" HPOS="674" VPOS="855" WIDTH="11"/>
						<String ID="P84_ST00106" HPOS="685" VPOS="828" WIDTH="11" HEIGHT="23" CONTENT="I" WC="0.65" CC="3"/>
						<SP ID="P84_SP00090" HPOS="696" VPOS="855" WIDTH="13"/>
						<String ID="P84_ST00107" HPOS="709" VPOS="830" WIDTH="25" HEIGHT="20" CONTENT="to" WC="0.72" CC="05"/>
						<SP ID="P84_SP00091" HPOS="734" VPOS="855" WIDTH="13"/>
						<String ID="P84_ST00108" HPOS="747" VPOS="834" WIDTH="145" HEIGHT="23" CONTENT="accompany" WC="0.73" CC="140600560"/>
						<SP ID="P84_SP00092" HPOS="892" VPOS="857" WIDTH="10"/>
						<String ID="P84_ST00109" HPOS="902" VPOS="827" WIDTH="18" HEIGHT="22" CONTENT="it" WC="0.73" CC="50"/>
						<SP ID="P84_SP00093" HPOS="920" VPOS="857" WIDTH="9"/>
						<String ID="P84_ST00110" HPOS="929" VPOS="825" WIDTH="56" HEIGHT="24" CONTENT="with" WC="0.56" CC="9402"/>
					</TextLine>
					<TextLine ID="P84_TL00018" HPOS="148" VPOS="876" WIDTH="837" HEIGHT="33">
						<String ID="P84_ST00111" HPOS="148" VPOS="888" WIDTH="29" HEIGHT="14" CONTENT="an" WC="0.25" CC="77"/>
						<SP ID="P84_SP00094" HPOS="177" VPOS="902" WIDTH="13"/>
						<String ID="P84_ST00112" HPOS="190" VPOS="878" WIDTH="136" HEIGHT="23" CONTENT="intimation" WC="0.73" CC="2420003156"/>
						<SP ID="P84_SP00095" HPOS="326" VPOS="902" WIDTH="12"/>
						<String ID="P84_ST00113" HPOS="338" VPOS="877" WIDTH="53" HEIGHT="23" CONTENT="that" WC="0.83" CC="0600"/>
						<SP ID="P84_SP00096" HPOS="391" VPOS="902" WIDTH="13"/>
						<String ID="P84_ST00114" HPOS="404" VPOS="876" WIDTH="11" HEIGHT="24" CONTENT="I" WC="1.00" CC="0"/>
						<SP ID="P84_SP00097" HPOS="415" VPOS="902" WIDTH="25"/>
						<String ID="P84_ST00115" HPOS="440" VPOS="877" WIDTH="70" HEIGHT="23" CONTENT="think" WC="0.75" CC="06060"/>
						<SP ID="P84_SP00098" HPOS="510" VPOS="902" WIDTH="22"/>
						<String ID="P84_ST00116" HPOS="532" VPOS="878" WIDTH="50" HEIGHT="22" CONTENT="him" WC="0.60" CC="740"/>
						<SP ID="P84_SP00099" HPOS="582" VPOS="902" WIDTH="20"/>
						<String ID="P84_ST00117" HPOS="602" VPOS="878" WIDTH="105" HEIGHT="26" CONTENT="inferior," WC="0.79" CC="352100050"/>
						<SP ID="P84_SP00100" HPOS="707" VPOS="904" WIDTH="23"/>
						<String ID="P84_ST00118" HPOS="730" VPOS="886" WIDTH="25" HEIGHT="15" CONTENT="as" WC="0.63" CC="07"/>
						<SP ID="P84_SP00101" HPOS="755" VPOS="904" WIDTH="18"/>
						<String ID="P84_ST00119" HPOS="773" VPOS="886" WIDTH="12" HEIGHT="15" CONTENT="a" WC="1.00" CC="0"/>
						<SP ID="P84_SP00102" HPOS="785" VPOS="904" WIDTH="22"/>
						<String ID="P84_ST00120" HPOS="807" VPOS="879" WIDTH="60" HEIGHT="30" CONTENT="lyric" WC="0.68" CC="30452"/>
						<SP ID="P84_SP00103" HPOS="867" VPOS="909" WIDTH="18"/>
						<String ID="P84_ST00121" HPOS="885" VPOS="882" WIDTH="62" HEIGHT="27" CONTENT="poet," WC="0.80" CC="04500"/>
						<SP ID="P84_SP00104" HPOS="947" VPOS="909" WIDTH="14"/>
						<String ID="P84_ST00122" HPOS="961" VPOS="882" WIDTH="24" HEIGHT="19" CONTENT="to" WC="0.70" CC="06"/>
					</TextLine>
					<TextLine ID="P84_TL00019" HPOS="149" VPOS="924" WIDTH="836" HEIGHT="32">
						<String ID="P84_ST00123" HPOS="149" VPOS="929" WIDTH="117" HEIGHT="26" CONTENT="Fletcher," WC="0.75" CC="014006054"/>
						<SP ID="P84_SP00105" HPOS="266" VPOS="955" WIDTH="15"/>
						<String ID="P84_ST00124" HPOS="281" VPOS="928" WIDTH="46" HEIGHT="22" CONTENT="and" WC="0.52" CC="049"/>
						<SP ID="P84_SP00106" HPOS="327" VPOS="955" WIDTH="13"/>
						<String ID="P84_ST00125" HPOS="340" VPOS="927" WIDTH="52" HEIGHT="23" CONTENT="Ben" WC="0.50" CC="742"/>
						<SP ID="P84_SP00107" HPOS="392" VPOS="955" WIDTH="12"/>
						<String ID="P84_ST00126" HPOS="404" VPOS="926" WIDTH="102" HEIGHT="24" CONTENT="Jonson." WC="0.60" CC="0375470"/>
						<SP ID="P84_SP00108" HPOS="506" VPOS="955" WIDTH="26"/>
						<String ID="P84_ST00127" HPOS="532" VPOS="925" WIDTH="150" HEIGHT="31" CONTENT="Shakspeare" WC="0.66" CC="3700690600"/>
						<SP ID="P84_SP00109" HPOS="682" VPOS="956" WIDTH="14"/>
						<String ID="P84_ST00128" HPOS="696" VPOS="925" WIDTH="116" HEIGHT="24" CONTENT="indicates" WC="0.74" CC="470110107"/>
						<SP ID="P84_SP00110" HPOS="812" VPOS="956" WIDTH="14"/>
						<String ID="P84_ST00129" HPOS="826" VPOS="933" WIDTH="13" HEIGHT="14" CONTENT="a" WC="1.00" CC="0"/>
						<SP ID="P84_SP00111" HPOS="839" VPOS="956" WIDTH="12"/>
						<String ID="P84_ST00130" HPOS="851" VPOS="924" WIDTH="98" HEIGHT="23" CONTENT="distaste" WC="0.76" CC="00740700"/>
						<SP ID="P84_SP00112" HPOS="949" VPOS="956" WIDTH="12"/>
						<String ID="P84_ST00131" HPOS="961" VPOS="927" WIDTH="24" HEIGHT="19" CONTENT="to" WC="0.54" CC="53"/>
					</TextLine>
					<TextLine ID="P84_TL00020" HPOS="146" VPOS="975" WIDTH="734" HEIGHT="31">
						<String ID="P84_ST00132" HPOS="146" VPOS="977" WIDTH="41" HEIGHT="23" CONTENT="the" WC="0.86" CC="210"/>
						<SP ID="P84_SP00113" HPOS="187" VPOS="1000" WIDTH="13"/>
						<String ID="P84_ST00133" HPOS="200" VPOS="975" WIDTH="109" HEIGHT="24" CONTENT="shackles" WC="0.82" CC="77000000"/>
						<SP ID="P84_SP00114" HPOS="309" VPOS="1000" WIDTH="13"/>
						<String ID="P84_ST00134" HPOS="322" VPOS="975" WIDTH="26" HEIGHT="23" CONTENT="of" WC="1.00" CC="00"/>
						<SP ID="P84_SP00115" HPOS="348" VPOS="1000" WIDTH="11"/>
						<String ID="P84_ST00135" HPOS="359" VPOS="978" WIDTH="83" HEIGHT="23" CONTENT="metre," WC="0.88" CC="002300"/>
						<SP ID="P84_SP00116" HPOS="442" VPOS="1001" WIDTH="14"/>
						<String ID="P84_ST00136" HPOS="456" VPOS="983" WIDTH="26" HEIGHT="14" CONTENT="so" WC="0.69" CC="60"/>
						<SP ID="P84_SP00117" HPOS="482" VPOS="1001" WIDTH="14"/>
						<String ID="P84_ST00137" HPOS="496" VPOS="976" WIDTH="112" HEIGHT="22" CONTENT="essential" WC="0.69" CC="076030504"/>
						<SP ID="P84_SP00118" HPOS="608" VPOS="1001" WIDTH="13"/>
						<String ID="P84_ST00138" HPOS="621" VPOS="979" WIDTH="25" HEIGHT="20" CONTENT="to" WC="0.75" CC="04"/>
						<SP ID="P84_SP00119" HPOS="646" VPOS="1001" WIDTH="11"/>
						<String ID="P84_ST00139" HPOS="657" VPOS="976" WIDTH="59" HEIGHT="30" CONTENT="lyric" WC="0.81" CC="30050"/>
						<SP ID="P84_SP00120" HPOS="716" VPOS="1006" WIDTH="13"/>
						<String ID="P84_ST00140" HPOS="729" VPOS="976" WIDTH="116" HEIGHT="30" CONTENT="harmony" WC="0.74" CC="7003060"/>
						<String ID="P84_ST00141" HPOS="846" VPOS="989" WIDTH="34" HEIGHT="4" CONTENT="—" WC="0.20" CC="8"/>
					</TextLine>
				</TextBlock>
				<TextBlock ID="P84_TB00011" HPOS="270" VPOS="1037" WIDTH="487" HEIGHT="28" STYLEREFS="TXT_1 PAR_LEFT">
					<TextLine ID="P84_TL00021" HPOS="270" VPOS="1037" WIDTH="487" HEIGHT="28">
						<String ID="P84_ST00142" HPOS="270" VPOS="1038" WIDTH="11" HEIGHT="21" CONTENT="I" WC="0.99" CC="0"/>
						<SP ID="P84_SP00121" HPOS="281" VPOS="1059" WIDTH="12"/>
						<String ID="P84_ST00143" HPOS="293" VPOS="1038" WIDTH="44" HEIGHT="21" CONTENT="had" WC="0.48" CC="590"/>
						<SP ID="P84_SP00122" HPOS="337" VPOS="1059" WIDTH="11"/>
						<String ID="P84_ST00144" HPOS="348" VPOS="1037" WIDTH="76" HEIGHT="22" CONTENT="rather" WC="0.69" CC="060335"/>
						<SP ID="P84_SP00123" HPOS="424" VPOS="1059" WIDTH="11"/>
						<String ID="P84_ST00145" HPOS="435" VPOS="1038" WIDTH="28" HEIGHT="21" CONTENT="be" WC="0.66" CC="60"/>
						<SP ID="P84_SP00124" HPOS="463" VPOS="1059" WIDTH="12"/>
						<String ID="P84_ST00146" HPOS="475" VPOS="1044" WIDTH="11" HEIGHT="14" CONTENT="a" WC="1.00" CC="0"/>
						<SP ID="P84_SP00125" HPOS="486" VPOS="1059" WIDTH="11"/>
						<String ID="P84_ST00147" HPOS="497" VPOS="1038" WIDTH="81" HEIGHT="26" CONTENT="kitten," WC="0.96" CC="0000000"/>
						<SP ID="P84_SP00126" HPOS="578" VPOS="1064" WIDTH="13"/>
						<String ID="P84_ST00148" HPOS="591" VPOS="1039" WIDTH="44" HEIGHT="21" CONTENT="and" WC="0.75" CC="070"/>
						<SP ID="P84_SP00127" HPOS="635" VPOS="1064" WIDTH="11"/>
						<String ID="P84_ST00149" HPOS="646" VPOS="1046" WIDTH="38" HEIGHT="19" CONTENT="cry" WC="0.73" CC="250"/>
						<SP ID="P84_SP00128" HPOS="684" VPOS="1065" WIDTH="12"/>
						<String ID="P84_ST00150" HPOS="696" VPOS="1046" WIDTH="61" HEIGHT="19" CONTENT="mew," WC="0.96" CC="0100"/>
					</TextLine>
				</TextBlock>
				<TextBlock ID="P84_TB00012" HPOS="266" VPOS="1075" WIDTH="594" HEIGHT="28" STYLEREFS="TXT_1 PAR_CENTER">
					<TextLine ID="P84_TL00022" HPOS="267" VPOS="1076" WIDTH="593" HEIGHT="27">
						<String ID="P84_ST00151" HPOS="267" VPOS="1077" WIDTH="66" HEIGHT="22" CONTENT="Than" WC="0.52" CC="0765"/>
						<SP ID="P84_SP00129" HPOS="333" VPOS="1099" WIDTH="12"/>
						<String ID="P84_ST00152" HPOS="345" VPOS="1084" WIDTH="41" HEIGHT="14" CONTENT="one" WC="0.79" CC="005"/>
						<SP ID="P84_SP00130" HPOS="386" VPOS="1099" WIDTH="13"/>
						<String ID="P84_ST00153" HPOS="399" VPOS="1077" WIDTH="26" HEIGHT="21" CONTENT="of" WC="0.88" CC="02"/>
						<SP ID="P84_SP00131" HPOS="425" VPOS="1099" WIDTH="7"/>
						<String ID="P84_ST00154" HPOS="432" VPOS="1076" WIDTH="64" HEIGHT="22" CONTENT="these" WC="0.67" CC="46050"/>
						<SP ID="P84_SP00132" HPOS="496" VPOS="1099" WIDTH="12"/>
						<String ID="P84_ST00155" HPOS="508" VPOS="1083" WIDTH="60" HEIGHT="14" CONTENT="same" WC="0.57" CC="6244"/>
						<SP ID="P84_SP00133" HPOS="568" VPOS="1099" WIDTH="12"/>
						<String ID="P84_ST00156" HPOS="580" VPOS="1080" WIDTH="71" HEIGHT="18" CONTENT="metre" WC="0.71" CC="20640"/>
						<SP ID="P84_SP00134" HPOS="651" VPOS="1099" WIDTH="13"/>
						<String ID="P84_ST00157" HPOS="664" VPOS="1077" WIDTH="196" HEIGHT="26" CONTENT="ballad-mongers." WC="0.77" CC="015730100100253"/>
					</TextLine>
				</TextBlock>
				<TextBlock ID="P84_TB00013" HPOS="148" VPOS="1134" WIDTH="837" HEIGHT="80" STYLEREFS="TXT_1 PAR_LEFT">
					<TextLine ID="P84_TL00023" HPOS="180" VPOS="1135" WIDTH="805" HEIGHT="33">
						<String ID="P84_ST00158" HPOS="180" VPOS="1138" WIDTH="57" HEIGHT="23" CONTENT="And" WC="0.77" CC="060"/>
						<SP ID="P84_SP00135" HPOS="237" VPOS="1161" WIDTH="17"/>
						<String ID="P84_ST00159" HPOS="254" VPOS="1138" WIDTH="31" HEIGHT="22" CONTENT="he" WC="0.46" CC="63"/>
						<SP ID="P84_SP00136" HPOS="285" VPOS="1161" WIDTH="10"/>
						<String ID="P84_ST00160" HPOS="295" VPOS="1144" WIDTH="59" HEIGHT="24" CONTENT="goes" WC="0.59" CC="8205"/>
						<SP ID="P84_SP00137" HPOS="354" VPOS="1168" WIDTH="12"/>
						<String ID="P84_ST00161" HPOS="366" VPOS="1145" WIDTH="32" HEIGHT="15" CONTENT="on" WC="0.81" CC="03"/>
						<SP ID="P84_SP00138" HPOS="398" VPOS="1168" WIDTH="13"/>
						<String ID="P84_ST00162" HPOS="411" VPOS="1139" WIDTH="25" HEIGHT="21" CONTENT="to" WC="0.86" CC="20"/>
						<SP ID="P84_SP00139" HPOS="436" VPOS="1168" WIDTH="13"/>
						<String ID="P84_ST00163" HPOS="449" VPOS="1144" WIDTH="43" HEIGHT="23" CONTENT="say" WC="0.76" CC="700"/>
						<SP ID="P84_SP00140" HPOS="492" VPOS="1168" WIDTH="12"/>
						<String ID="P84_ST00164" HPOS="504" VPOS="1136" WIDTH="52" HEIGHT="23" CONTENT="that" WC="0.81" CC="0700"/>
						<SP ID="P84_SP00141" HPOS="556" VPOS="1168" WIDTH="22"/>
						<String ID="P84_ST00165" HPOS="578" VPOS="1135" WIDTH="103" HEIGHT="31" CONTENT="nothing" WC="0.56" CC="7247360"/>
						<SP ID="P84_SP00142" HPOS="681" VPOS="1168" WIDTH="11"/>
						<String ID="P84_ST00166" HPOS="692" VPOS="1139" WIDTH="48" HEIGHT="20" CONTENT="sets" WC="0.65" CC="6006"/>
						<SP ID="P84_SP00143" HPOS="740" VPOS="1168" WIDTH="13"/>
						<String ID="P84_ST00167" HPOS="753" VPOS="1136" WIDTH="37" HEIGHT="22" CONTENT="his" WC="0.70" CC="701"/>
						<SP ID="P84_SP00144" HPOS="790" VPOS="1168" WIDTH="13"/>
						<String ID="P84_ST00168" HPOS="803" VPOS="1135" WIDTH="66" HEIGHT="24" CONTENT="teeth" WC="0.74" CC="00066"/>
						<SP ID="P84_SP00145" HPOS="869" VPOS="1168" WIDTH="14"/>
						<String ID="P84_ST00169" HPOS="883" VPOS="1144" WIDTH="29" HEIGHT="14" CONTENT="on" WC="0.74" CC="05"/>
						<SP ID="P84_SP00146" HPOS="912" VPOS="1168" WIDTH="14"/>
						<String ID="P84_ST00170" HPOS="926" VPOS="1135" WIDTH="59" HEIGHT="31" CONTENT="edge" WC="0.76" CC="0090"/>
					</TextLine>
					<TextLine ID="P84_TL00024" HPOS="148" VPOS="1184" WIDTH="439" HEIGHT="30">
						<String ID="P84_ST00171" HPOS="148" VPOS="1195" WIDTH="25" HEIGHT="15" CONTENT="so" WC="0.58" CC="52"/>
						<SP ID="P84_SP00147" HPOS="173" VPOS="1210" WIDTH="15"/>
						<String ID="P84_ST00172" HPOS="188" VPOS="1194" WIDTH="58" HEIGHT="16" CONTENT="soon" WC="0.35" CC="6935"/>
						<SP ID="P84_SP00148" HPOS="246" VPOS="1210" WIDTH="14"/>
						<String ID="P84_ST00173" HPOS="260" VPOS="1193" WIDTH="25" HEIGHT="15" CONTENT="as" WC="0.22" CC="96"/>
						<SP ID="P84_SP00149" HPOS="285" VPOS="1210" WIDTH="19"/>
						<String ID="P84_ST00174" HPOS="304" VPOS="1189" WIDTH="15" HEIGHT="8" CONTENT='"' WC="0.59" CC="4"/>
						<SP ID="P84_SP00150" HPOS="319" VPOS="1210" WIDTH="14"/>
						<String ID="P84_ST00175" HPOS="333" VPOS="1185" WIDTH="107" HEIGHT="29" CONTENT="mincing" WC="0.73" CC="0030329"/>
						<SP ID="P84_SP00151" HPOS="440" VPOS="1214" WIDTH="12"/>
						<String ID="P84_ST00176" HPOS="452" VPOS="1184" WIDTH="100" HEIGHT="30" CONTENT='poetry"' WC="0.76" CC="0405600"/>
						<String ID="P84_ST00177" HPOS="553" VPOS="1197" WIDTH="34" HEIGHT="4" CONTENT="—" WC="0.20" CC="8"/>
					</TextLine>
				</TextBlock>
				<TextBlock ID="P84_TB00014" HPOS="267" VPOS="1240" WIDTH="540" HEIGHT="29" STYLEREFS="TXT_1 PAR_LEFT">
					<TextLine ID="P84_TL00025" HPOS="267" VPOS="1240" WIDTH="540" HEIGHT="29">
						<String ID="P84_ST00178" HPOS="267" VPOS="1242" WIDTH="50" HEIGHT="22" CONTENT="'Tis" WC="0.77" CC="0062"/>
						<SP ID="P84_SP00152" HPOS="317" VPOS="1264" WIDTH="10"/>
						<String ID="P84_ST00179" HPOS="327" VPOS="1242" WIDTH="46" HEIGHT="21" CONTENT="like" WC="0.71" CC="5500"/>
						<SP ID="P84_SP00153" HPOS="373" VPOS="1264" WIDTH="14"/>
						<String ID="P84_ST00180" HPOS="387" VPOS="1241" WIDTH="38" HEIGHT="22" CONTENT="the" WC="0.75" CC="070"/>
						<SP ID="P84_SP00154" HPOS="425" VPOS="1264" WIDTH="12"/>
						<String ID="P84_ST00181" HPOS="437" VPOS="1241" WIDTH="78" HEIGHT="21" CONTENT="forced" WC="0.85" CC="000360"/>
						<SP ID="P84_SP00155" HPOS="515" VPOS="1264" WIDTH="11"/>
						<String ID="P84_ST00182" HPOS="526" VPOS="1241" WIDTH="46" HEIGHT="28" CONTENT="gait" WC="0.88" CC="0040"/>
						<SP ID="P84_SP00156" HPOS="572" VPOS="1269" WIDTH="12"/>
						<String ID="P84_ST00183" HPOS="584" VPOS="1240" WIDTH="26" HEIGHT="22" CONTENT="of" WC="0.84" CC="30"/>
						<SP ID="P84_SP00157" HPOS="610" VPOS="1269" WIDTH="7"/>
						<String ID="P84_ST00184" HPOS="617" VPOS="1248" WIDTH="13" HEIGHT="14" CONTENT="a" WC="0.78" CC="2"/>
						<SP ID="P84_SP00158" HPOS="630" VPOS="1269" WIDTH="12"/>
						<String ID="P84_ST00185" HPOS="642" VPOS="1240" WIDTH="105" HEIGHT="29" CONTENT="shuffling" WC="0.64" CC="656000660"/>
						<SP ID="P84_SP00159" HPOS="747" VPOS="1269" WIDTH="12"/>
						<String ID="P84_ST00186" HPOS="759" VPOS="1248" WIDTH="48" HEIGHT="21" CONTENT="nag." WC="0.44" CC="6590"/>
					</TextLine>
				</TextBlock>
				<TextBlock ID="P84_TB00015" HPOS="145" VPOS="1297" WIDTH="841" HEIGHT="227" STYLEREFS="TXT_1 PAR_LEFT">
					<TextLine ID="P84_TL00026" HPOS="181" VPOS="1297" WIDTH="805" HEIGHT="33">
						<String ID="P84_ST00187" HPOS="181" VPOS="1299" WIDTH="29" HEIGHT="23" CONTENT="In" WC="0.54" CC="26"/>
						<SP ID="P84_SP00160" HPOS="210" VPOS="1322" WIDTH="23"/>
						<String ID="P84_ST00188" HPOS="233" VPOS="1298" WIDTH="38" HEIGHT="23" CONTENT="his" WC="0.59" CC="066"/>
						<SP ID="P84_SP00161" HPOS="271" VPOS="1322" WIDTH="21"/>
						<String ID="P84_ST00189" HPOS="292" VPOS="1298" WIDTH="71" HEIGHT="31" CONTENT="lyrics" WC="0.54" CC="467314"/>
						<SP ID="P84_SP00162" HPOS="363" VPOS="1329" WIDTH="25"/>
						<String ID="P84_ST00190" HPOS="388" VPOS="1297" WIDTH="152" HEIGHT="31" CONTENT="Shakspeare" WC="0.62" CC="5740500660"/>
						<SP ID="P84_SP00163" HPOS="540" VPOS="1329" WIDTH="25"/>
						<String ID="P84_ST00191" HPOS="565" VPOS="1298" WIDTH="96" HEIGHT="22" CONTENT="evinces" WC="0.65" CC="0426306"/>
						<SP ID="P84_SP00164" HPOS="661" VPOS="1329" WIDTH="22"/>
						<String ID="P84_ST00192" HPOS="683" VPOS="1298" WIDTH="41" HEIGHT="23" CONTENT="the" WC="0.64" CC="370"/>
						<SP ID="P84_SP00165" HPOS="724" VPOS="1329" WIDTH="17"/>
						<String ID="P84_ST00193" HPOS="741" VPOS="1298" WIDTH="67" HEIGHT="23" CONTENT="truth" WC="0.60" CC="00667"/>
						<SP ID="P84_SP00166" HPOS="808" VPOS="1329" WIDTH="14"/>
						<String ID="P84_ST00194" HPOS="822" VPOS="1298" WIDTH="26" HEIGHT="23" CONTENT="of" WC="0.85" CC="02"/>
						<SP ID="P84_SP00167" HPOS="848" VPOS="1329" WIDTH="21"/>
						<String ID="P84_ST00195" HPOS="869" VPOS="1298" WIDTH="117" HEIGHT="32" CONTENT="Dryden's" WC="0.54" CC="64902615"/>
					</TextLine>
					<TextLine ID="P84_TL00027" HPOS="149" VPOS="1347" WIDTH="837" HEIGHT="31">
						<String ID="P84_ST00196" HPOS="149" VPOS="1348" WIDTH="160" HEIGHT="26" CONTENT="observation," WC="0.69" CC="573267010002"/>
						<SP ID="P84_SP00168" HPOS="309" VPOS="1374" WIDTH="24"/>
						<String ID="P84_ST00197" HPOS="333" VPOS="1347" WIDTH="54" HEIGHT="23" CONTENT="that" WC="0.84" CC="0600"/>
						<SP ID="P84_SP00169" HPOS="387" VPOS="1374" WIDTH="22"/>
						<String ID="P84_ST00198" HPOS="409" VPOS="1347" WIDTH="31" HEIGHT="23" CONTENT="he" WC="0.89" CC="20"/>
						<SP ID="P84_SP00170" HPOS="440" VPOS="1374" WIDTH="19"/>
						<String ID="P84_ST00199" HPOS="459" VPOS="1355" WIDTH="49" HEIGHT="15" CONTENT="was" WC="0.76" CC="007"/>
						<SP ID="P84_SP00171" HPOS="508" VPOS="1374" WIDTH="20"/>
						<String ID="P84_ST00200" HPOS="528" VPOS="1347" WIDTH="41" HEIGHT="23" CONTENT="the" WC="0.75" CC="070"/>
						<SP ID="P84_SP00172" HPOS="569" VPOS="1374" WIDTH="17"/>
						<String ID="P84_ST00201" HPOS="586" VPOS="1347" WIDTH="77" HEIGHT="23" CONTENT="Janus" WC="0.59" CC="00767"/>
						<SP ID="P84_SP00173" HPOS="663" VPOS="1374" WIDTH="19"/>
						<String ID="P84_ST00202" HPOS="682" VPOS="1348" WIDTH="26" HEIGHT="22" CONTENT="of" WC="0.77" CC="04"/>
						<SP ID="P84_SP00174" HPOS="708" VPOS="1374" WIDTH="21"/>
						<String ID="P84_ST00203" HPOS="729" VPOS="1348" WIDTH="77" HEIGHT="26" CONTENT="Poets," WC="0.61" CC="500674"/>
						<SP ID="P84_SP00175" HPOS="806" VPOS="1374" WIDTH="21"/>
						<String ID="P84_ST00204" HPOS="827" VPOS="1348" WIDTH="90" HEIGHT="30" CONTENT="having" WC="0.58" CC="556060"/>
						<SP ID="P84_SP00176" HPOS="917" VPOS="1378" WIDTH="22"/>
						<String ID="P84_ST00205" HPOS="939" VPOS="1351" WIDTH="47" HEIGHT="19" CONTENT="two" WC="0.79" CC="006"/>
					</TextLine>
					<TextLine ID="P84_TL00028" HPOS="146" VPOS="1394" WIDTH="838" HEIGHT="31">
						<String ID="P84_ST00206" HPOS="146" VPOS="1397" WIDTH="72" HEIGHT="25" CONTENT="faces," WC="0.76" CC="020064"/>
						<SP ID="P84_SP00177" HPOS="218" VPOS="1422" WIDTH="15"/>
						<String ID="P84_ST00207" HPOS="233" VPOS="1403" WIDTH="45" HEIGHT="15" CONTENT="one" WC="0.85" CC="400"/>
						<SP ID="P84_SP00178" HPOS="278" VPOS="1422" WIDTH="24"/>
						<String ID="P84_ST00208" HPOS="302" VPOS="1394" WIDTH="26" HEIGHT="23" CONTENT="of" WC="0.75" CC="04"/>
						<SP ID="P84_SP00179" HPOS="328" VPOS="1422" WIDTH="15"/>
						<String ID="P84_ST00209" HPOS="343" VPOS="1394" WIDTH="136" HEIGHT="31" CONTENT="deformity," WC="0.79" CC="0022075004"/>
						<SP ID="P84_SP00180" HPOS="479" VPOS="1425" WIDTH="14"/>
						<String ID="P84_ST00210" HPOS="493" VPOS="1394" WIDTH="47" HEIGHT="22" CONTENT="and" WC="0.47" CC="960"/>
						<SP ID="P84_SP00181" HPOS="540" VPOS="1425" WIDTH="21"/>
						<String ID="P84_ST00211" HPOS="561" VPOS="1394" WIDTH="41" HEIGHT="23" CONTENT="the" WC="0.75" CC="070"/>
						<SP ID="P84_SP00182" HPOS="602" VPOS="1425" WIDTH="19"/>
						<String ID="P84_ST00212" HPOS="621" VPOS="1394" WIDTH="69" HEIGHT="23" CONTENT="other" WC="0.82" CC="60200"/>
						<SP ID="P84_SP00183" HPOS="690" VPOS="1425" WIDTH="22"/>
						<String ID="P84_ST00213" HPOS="712" VPOS="1395" WIDTH="26" HEIGHT="22" CONTENT="of" WC="0.83" CC="30"/>
						<SP ID="P84_SP00184" HPOS="738" VPOS="1425" WIDTH="19"/>
						<String ID="P84_ST00214" HPOS="757" VPOS="1395" WIDTH="116" HEIGHT="30" CONTENT="exquisite" WC="0.64" CC="290667000"/>
						<SP ID="P84_SP00185" HPOS="873" VPOS="1425" WIDTH="17"/>
						<String ID="P84_ST00215" HPOS="890" VPOS="1395" WIDTH="94" HEIGHT="30" CONTENT="beauty." WC="0.72" CC="7006004"/>
					</TextLine>
					<TextLine ID="P84_TL00029" HPOS="145" VPOS="1442" WIDTH="841" HEIGHT="31">
						<String ID="P84_ST00216" HPOS="145" VPOS="1444" WIDTH="76" HEIGHT="24" CONTENT="What" WC="0.75" CC="0702"/>
						<SP ID="P84_SP00186" HPOS="221" VPOS="1468" WIDTH="25"/>
						<String ID="P84_ST00217" HPOS="246" VPOS="1452" WIDTH="44" HEIGHT="14" CONTENT="can" WC="0.94" CC="010"/>
						<SP ID="P84_SP00187" HPOS="290" VPOS="1468" WIDTH="21"/>
						<String ID="P84_ST00218" HPOS="311" VPOS="1443" WIDTH="29" HEIGHT="23" CONTENT="be" WC="0.73" CC="05"/>
						<SP ID="P84_SP00188" HPOS="340" VPOS="1468" WIDTH="21"/>
						<String ID="P84_ST00219" HPOS="361" VPOS="1451" WIDTH="65" HEIGHT="14" CONTENT="more" WC="0.29" CC="6695"/>
						<SP ID="P84_SP00189" HPOS="426" VPOS="1468" WIDTH="14"/>
						<String ID="P84_ST00220" HPOS="440" VPOS="1442" WIDTH="136" HEIGHT="31" CONTENT="grovelling" WC="0.66" CC="0412066029"/>
						<SP ID="P84_SP00190" HPOS="576" VPOS="1473" WIDTH="21"/>
						<String ID="P84_ST00221" HPOS="597" VPOS="1442" WIDTH="58" HEIGHT="23" CONTENT="than" WC="0.69" CC="0290"/>
						<SP ID="P84_SP00191" HPOS="655" VPOS="1473" WIDTH="21"/>
						<String ID="P84_ST00222" HPOS="676" VPOS="1443" WIDTH="42" HEIGHT="22" CONTENT="the" WC="0.78" CC="060"/>
						<SP ID="P84_SP00192" HPOS="718" VPOS="1473" WIDTH="22"/>
						<String ID="P84_ST00223" HPOS="740" VPOS="1442" WIDTH="75" HEIGHT="31" CONTENT="Dirge" WC="0.73" CC="00390"/>
						<SP ID="P84_SP00193" HPOS="815" VPOS="1473" WIDTH="14"/>
						<String ID="P84_ST00224" HPOS="829" VPOS="1451" WIDTH="30" HEIGHT="14" CONTENT="on" WC="0.66" CC="06"/>
						<SP ID="P84_SP00194" HPOS="859" VPOS="1473" WIDTH="14"/>
						<String ID="P84_ST00225" HPOS="873" VPOS="1442" WIDTH="87" HEIGHT="27" CONTENT="Fidele," WC="0.82" CC="5000600"/>
						<SP ID="P84_SP00195" HPOS="960" VPOS="1473" WIDTH="13"/>
						<String ID="P84_ST00226" HPOS="973" VPOS="1450" WIDTH="13" HEIGHT="14" CONTENT="a" WC="1.00" CC="0"/>
					</TextLine>
					<TextLine ID="P84_TL00030" HPOS="145" VPOS="1492" WIDTH="815" HEIGHT="32">
						<String ID="P84_ST00227" HPOS="145" VPOS="1495" WIDTH="93" HEIGHT="29" CONTENT="subject" WC="0.79" CC="0513011"/>
						<SP ID="P84_SP00196" HPOS="238" VPOS="1524" WIDTH="12"/>
						<String ID="P84_ST00228" HPOS="250" VPOS="1493" WIDTH="25" HEIGHT="23" CONTENT="of" WC="0.33" CC="75"/>
						<SP ID="P84_SP00197" HPOS="275" VPOS="1524" WIDTH="11"/>
						<String ID="P84_ST00229" HPOS="286" VPOS="1492" WIDTH="79" HEIGHT="24" CONTENT="which" WC="0.60" CC="07425"/>
						<SP ID="P84_SP00198" HPOS="365" VPOS="1524" WIDTH="14"/>
						<String ID="P84_ST00230" HPOS="379" VPOS="1492" WIDTH="91" HEIGHT="23" CONTENT="Collins" WC="0.62" CC="0431573"/>
						<SP ID="P84_SP00199" HPOS="470" VPOS="1524" WIDTH="10"/>
						<String ID="P84_ST00231" HPOS="480" VPOS="1493" WIDTH="44" HEIGHT="22" CONTENT="has" WC="0.51" CC="707"/>
						<SP ID="P84_SP00200" HPOS="524" VPOS="1524" WIDTH="13"/>
						<String ID="P84_ST00232" HPOS="537" VPOS="1493" WIDTH="83" HEIGHT="23" CONTENT="shown" WC="0.56" CC="47206"/>
						<SP ID="P84_SP00201" HPOS="620" VPOS="1524" WIDTH="14"/>
						<String ID="P84_ST00233" HPOS="634" VPOS="1493" WIDTH="41" HEIGHT="23" CONTENT="the" WC="0.70" CC="071"/>
						<SP ID="P84_SP00202" HPOS="675" VPOS="1524" WIDTH="15"/>
						<String ID="P84_ST00234" HPOS="690" VPOS="1493" WIDTH="103" HEIGHT="31" CONTENT="poetical" WC="0.77" CC="06000342"/>
						<SP ID="P84_SP00203" HPOS="793" VPOS="1524" WIDTH="13"/>
						<String ID="P84_ST00235" HPOS="806" VPOS="1493" WIDTH="154" HEIGHT="31" CONTENT="capabilities." WC="0.77" CC="0005601203331"/>
					</TextLine>
				</TextBlock>
				<TextBlock ID="P84_TB00016" HPOS="264" VPOS="1551" WIDTH="428" HEIGHT="69" STYLEREFS="TXT_1 PAR_LEFT">
					<TextLine ID="P84_TL00031" HPOS="264" VPOS="1552" WIDTH="428" HEIGHT="30">
						<String ID="P84_ST00236" HPOS="264" VPOS="1552" WIDTH="58" HEIGHT="21" CONTENT="Fear" WC="0.66" CC="2350"/>
						<SP ID="P84_SP00204" HPOS="322" VPOS="1573" WIDTH="13"/>
						<String ID="P84_ST00237" HPOS="335" VPOS="1559" WIDTH="28" HEIGHT="15" CONTENT="no" WC="0.68" CC="60"/>
						<SP ID="P84_SP00205" HPOS="363" VPOS="1574" WIDTH="13"/>
						<String ID="P84_ST00238" HPOS="376" VPOS="1560" WIDTH="60" HEIGHT="14" CONTENT="more" WC="0.49" CC="9090"/>
						<SP ID="P84_SP00206" HPOS="436" VPOS="1574" WIDTH="12"/>
						<String ID="P84_ST00239" HPOS="448" VPOS="1552" WIDTH="38" HEIGHT="22" CONTENT="the" WC="0.74" CC="403"/>
						<SP ID="P84_SP00207" HPOS="486" VPOS="1574" WIDTH="12"/>
						<String ID="P84_ST00240" HPOS="498" VPOS="1553" WIDTH="53" HEIGHT="22" CONTENT="heat" WC="0.77" CC="6200"/>
						<SP ID="P84_SP00208" HPOS="551" VPOS="1575" WIDTH="12"/>
						<String ID="P84_ST00241" HPOS="563" VPOS="1554" WIDTH="18" HEIGHT="21" CONTENT="o'" WC="0.82" CC="03"/>
						<SP ID="P84_SP00209" HPOS="581" VPOS="1575" WIDTH="13"/>
						<String ID="P84_ST00242" HPOS="594" VPOS="1555" WIDTH="38" HEIGHT="21" CONTENT="the" WC="0.74" CC="070"/>
						<SP ID="P84_SP00210" HPOS="632" VPOS="1576" WIDTH="13"/>
						<String ID="P84_ST00243" HPOS="645" VPOS="1563" WIDTH="47" HEIGHT="19" CONTENT="sun," WC="0.64" CC="6430"/>
					</TextLine>
					<TextLine ID="P84_TL00032" HPOS="298" VPOS="1590" WIDTH="389" HEIGHT="30">
						<String ID="P84_ST00244" HPOS="298" VPOS="1590" WIDTH="48" HEIGHT="21" CONTENT="Nor" WC="0.82" CC="202"/>
						<SP ID="P84_SP00211" HPOS="346" VPOS="1611" WIDTH="12"/>
						<String ID="P84_ST00245" HPOS="358" VPOS="1591" WIDTH="38" HEIGHT="21" CONTENT="the" WC="0.67" CC="063"/>
						<SP ID="P84_SP00212" HPOS="396" VPOS="1612" WIDTH="11"/>
						<String ID="P84_ST00246" HPOS="407" VPOS="1591" WIDTH="85" HEIGHT="22" CONTENT="furious" WC="0.51" CC="0565456"/>
						<SP ID="P84_SP00213" HPOS="492" VPOS="1613" WIDTH="11"/>
						<String ID="P84_ST00247" HPOS="503" VPOS="1591" WIDTH="97" HEIGHT="22" CONTENT="winter's" WC="0.56" CC="06772316"/>
						<SP ID="P84_SP00214" HPOS="600" VPOS="1613" WIDTH="11"/>
						<String ID="P84_ST00248" HPOS="611" VPOS="1599" WIDTH="63" HEIGHT="21" CONTENT="rages" WC="0.67" CC="46006"/>
						<String ID="P84_ST00249" HPOS="683" VPOS="1601" WIDTH="4" HEIGHT="17" CONTENT=";" WC="0.97" CC="0"/>
					</TextLine>
				</TextBlock>
				<TextBlock ID="P84_TB00017" HPOS="265" VPOS="1627" WIDTH="519" HEIGHT="140" STYLEREFS="TXT_1 PAR_LEFT">
					<TextLine ID="P84_TL00033" HPOS="265" VPOS="1627" WIDTH="425" HEIGHT="30">
						<String ID="P84_ST00250" HPOS="265" VPOS="1627" WIDTH="68" HEIGHT="22" CONTENT="Thou" WC="0.56" CC="7602"/>
						<SP ID="P84_SP00215" HPOS="333" VPOS="1649" WIDTH="13"/>
						<String ID="P84_ST00251" HPOS="346" VPOS="1628" WIDTH="39" HEIGHT="29" CONTENT="thy" WC="0.60" CC="029"/>
						<SP ID="P84_SP00216" HPOS="385" VPOS="1657" WIDTH="12"/>
						<String ID="P84_ST00252" HPOS="397" VPOS="1628" WIDTH="92" HEIGHT="29" CONTENT="worldly" WC="0.84" CC="0400060"/>
						<SP ID="P84_SP00217" HPOS="489" VPOS="1657" WIDTH="12"/>
						<String ID="P84_ST00253" HPOS="501" VPOS="1629" WIDTH="50" HEIGHT="21" CONTENT="task" WC="0.83" CC="0050"/>
						<SP ID="P84_SP00218" HPOS="551" VPOS="1657" WIDTH="11"/>
						<String ID="P84_ST00254" HPOS="562" VPOS="1629" WIDTH="51" HEIGHT="21" CONTENT="hast" WC="0.70" CC="7040"/>
						<SP ID="P84_SP00219" HPOS="613" VPOS="1657" WIDTH="12"/>
						<String ID="P84_ST00255" HPOS="625" VPOS="1630" WIDTH="65" HEIGHT="26" CONTENT="done," WC="0.81" CC="04030"/>
					</TextLine>
					<TextLine ID="P84_TL00034" HPOS="296" VPOS="1664" WIDTH="472" HEIGHT="32">
						<String ID="P84_ST00256" HPOS="296" VPOS="1664" WIDTH="75" HEIGHT="22" CONTENT="Home" WC="0.67" CC="7500"/>
						<SP ID="P84_SP00220" HPOS="371" VPOS="1686" WIDTH="12"/>
						<String ID="P84_ST00257" HPOS="383" VPOS="1669" WIDTH="34" HEIGHT="17" CONTENT="art" WC="0.76" CC="052"/>
						<SP ID="P84_SP00221" HPOS="417" VPOS="1686" WIDTH="12"/>
						<String ID="P84_ST00258" HPOS="429" VPOS="1673" WIDTH="65" HEIGHT="21" CONTENT="gone," WC="0.70" CC="93020"/>
						<SP ID="P84_SP00222" HPOS="494" VPOS="1694" WIDTH="12"/>
						<String ID="P84_ST00259" HPOS="506" VPOS="1666" WIDTH="45" HEIGHT="21" CONTENT="and" WC="0.47" CC="870"/>
						<SP ID="P84_SP00223" HPOS="551" VPOS="1694" WIDTH="12"/>
						<String ID="P84_ST00260" HPOS="563" VPOS="1666" WIDTH="59" HEIGHT="23" CONTENT="ta'en" WC="0.59" CC="07443"/>
						<SP ID="P84_SP00224" HPOS="622" VPOS="1694" WIDTH="13"/>
						<String ID="P84_ST00261" HPOS="635" VPOS="1667" WIDTH="39" HEIGHT="29" CONTENT="thy" WC="1.00" CC="000"/>
						<SP ID="P84_SP00225" HPOS="674" VPOS="1696" WIDTH="13"/>
						<String ID="P84_ST00262" HPOS="687" VPOS="1676" WIDTH="81" HEIGHT="20" CONTENT="wages." WC="0.62" CC="940080"/>
					</TextLine>
					<TextLine ID="P84_TL00035" HPOS="295" VPOS="1701" WIDTH="390" HEIGHT="30">
						<String ID="P84_ST00263" HPOS="295" VPOS="1701" WIDTH="90" HEIGHT="22" CONTENT="Golden" WC="0.67" CC="315026"/>
						<SP ID="P84_SP00226" HPOS="385" VPOS="1723" WIDTH="13"/>
						<String ID="P84_ST00264" HPOS="398" VPOS="1702" WIDTH="48" HEIGHT="21" CONTENT="lads" WC="0.56" CC="5406"/>
						<SP ID="P84_SP00227" HPOS="446" VPOS="1723" WIDTH="12"/>
						<String ID="P84_ST00265" HPOS="458" VPOS="1703" WIDTH="44" HEIGHT="21" CONTENT="and" WC="0.69" CC="270"/>
						<SP ID="P84_SP00228" HPOS="502" VPOS="1724" WIDTH="12"/>
						<String ID="P84_ST00266" HPOS="514" VPOS="1703" WIDTH="52" HEIGHT="28" CONTENT="girls" WC="0.69" CC="05531"/>
						<SP ID="P84_SP00229" HPOS="566" VPOS="1731" WIDTH="12"/>
						<String ID="P84_ST00267" HPOS="578" VPOS="1703" WIDTH="29" HEIGHT="21" CONTENT="all" WC="0.65" CC="450"/>
						<SP ID="P84_SP00230" HPOS="607" VPOS="1731" WIDTH="12"/>
						<String ID="P84_ST00268" HPOS="619" VPOS="1708" WIDTH="66" HEIGHT="22" CONTENT="must," WC="0.56" CC="08660"/>
					</TextLine>
					<TextLine ID="P84_TL00036" HPOS="298" VPOS="1739" WIDTH="486" HEIGHT="28">
						<String ID="P84_ST00269" HPOS="298" VPOS="1739" WIDTH="56" HEIGHT="21" CONTENT="Like" WC="0.40" CC="4566"/>
						<SP ID="P84_SP00231" HPOS="354" VPOS="1760" WIDTH="16"/>
						<String ID="P84_ST00270" HPOS="370" VPOS="1739" WIDTH="110" HEIGHT="28" CONTENT="Chimney" WC="0.38" CC="6357496"/>
						<SP ID="P84_SP00232" HPOS="480" VPOS="1767" WIDTH="14"/>
						<String ID="P84_ST00271" HPOS="494" VPOS="1740" WIDTH="119" HEIGHT="27" CONTENT="Sweepers" WC="0.38" CC="90609996"/>
						<SP ID="P84_SP00233" HPOS="613" VPOS="1767" WIDTH="10"/>
						<String ID="P84_ST00272" HPOS="623" VPOS="1748" WIDTH="59" HEIGHT="14" CONTENT="ceme" WC="0.70" CC="4700"/>
						<SP ID="P84_SP00234" HPOS="682" VPOS="1767" WIDTH="12"/>
						<String ID="P84_ST00273" HPOS="694" VPOS="1745" WIDTH="21" HEIGHT="17" CONTENT="to" WC="0.72" CC="22"/>
						<SP ID="P84_SP00235" HPOS="715" VPOS="1767" WIDTH="13"/>
						<String ID="P84_ST00274" HPOS="728" VPOS="1743" WIDTH="56" HEIGHT="20" CONTENT="dust." WC="0.39" CC="78590"/>
					</TextLine>
				</TextBlock>
			</PrintSpace>
		</Page>
	</Layout>
</alto>
