<?xml version="1.0" encoding="UTF-8"?>
<alto xmlns:xsi="http://www.w3.org/2001/XMLSchema-instance" xsi:noNamespaceSchemaLocation="http://www.bl.uk/schemas/alto/alto-1-4.xsd" xmlns:xlink="http://www.w3.org/1999/xlink">
	<Description>
		<MeasurementUnit>mm10</MeasurementUnit>
		<sourceImageInformation>
			<fileName>//head1/IN/2008-26/A0011759050/008093.jp2</fileName>
		</sourceImageInformation>
		<OCRProcessing ID="OCRPROCESSING_1">
			<preProcessingStep>
				<processingSoftware>
					<softwareCreator>CCS Content Conversion Specialists GmbH, Germany</softwareCreator>
					<softwareName>CCS docWORKS</softwareName>
					<softwareVersion>6.1-0.67</softwareVersion>
				</processingSoftware>
			</preProcessingStep>
			<ocrProcessingStep>
				<processingSoftware>
					<softwareCreator>ABBYY (BIT Software), Russia</softwareCreator>
					<softwareName>Finereader</softwareName>
				</processingSoftware>
			</ocrProcessingStep>
		</OCRProcessing>
	</Description>
	<Styles>
		<TextStyle ID="TXT_0" FONTSIZE="9" FONTFAMILY="Courier New"/>
		<TextStyle ID="TXT_1" FONTSIZE="10" FONTFAMILY="Courier New"/>
		<ParagraphStyle ID="PAR_CENTER" ALIGN="Center"/>
		<ParagraphStyle ID="PAR_RIGHT" ALIGN="Right"/>
		<ParagraphStyle ID="PAR_LEFT" ALIGN="Left"/>
	</Styles>
	<Layout>
		<Page ID="P101" PHYSICAL_IMG_NR="101" HEIGHT="1962" WIDTH="1120" PRINTED_IMG_NR="91" POSITION="Right" ACCURACY="74.10">
			<TopMargin ID="P101_TM00001" HPOS="0" VPOS="0" WIDTH="1120" HEIGHT="179">
				<TextBlock ID="P101_TB00001" HPOS="419" VPOS="157" WIDTH="243" HEIGHT="17" STYLEREFS="TXT_0 PAR_CENTER">
					<TextLine ID="P101_TL00001" HPOS="419" VPOS="158" WIDTH="243" HEIGHT="16">
						<String ID="P101_ST00001" HPOS="419" VPOS="158" WIDTH="120" HEIGHT="15" CONTENT="POETICAL" WC="0.82" CC="63400000"/>
						<SP ID="P101_SP00001" HPOS="539" VPOS="173" WIDTH="20"/>
						<String ID="P101_ST00002" HPOS="559" VPOS="158" WIDTH="103" HEIGHT="16" CONTENT="AVIARY." WC="0.67" CC="0540570"/>
					</TextLine>
				</TextBlock>
				<TextBlock ID="P101_TB00002" HPOS="927" VPOS="156" WIDTH="28" HEIGHT="21" STYLEREFS="TXT_1 PAR_RIGHT">
					<TextLine ID="P101_TL00002" HPOS="927" VPOS="156" WIDTH="28" HEIGHT="21">
						<String ID="P101_ST00003" HPOS="927" VPOS="156" WIDTH="28" HEIGHT="21" CONTENT="91" WC="1.00" CC="00"/>
					</TextLine>
				</TextBlock>
			</TopMargin>
			<LeftMargin ID="P101_LM00001" HPOS="0" VPOS="179" WIDTH="96" HEIGHT="1594"/>
			<RightMargin ID="P101_RM00001" HPOS="956" VPOS="179" WIDTH="164" HEIGHT="1594"/>
			<BottomMargin ID="P101_BM00001" HPOS="0" VPOS="1773" WIDTH="1120" HEIGHT="188"/>
			<PrintSpace ID="P101_PS00001" HPOS="96" VPOS="179" WIDTH="860" HEIGHT="1594">
				<TextBlock ID="P101_TB00003" HPOS="104" VPOS="228" WIDTH="852" HEIGHT="811" STYLEREFS="TXT_0 PAR_LEFT">
					<TextLine ID="P101_TL00003" HPOS="108" VPOS="229" WIDTH="848" HEIGHT="38">
						<String ID="P101_ST00004" HPOS="108" VPOS="229" WIDTH="37" HEIGHT="23" CONTENT="his" WC="0.81" CC="005"/>
						<SP ID="P101_SP00002" HPOS="145" VPOS="252" WIDTH="13"/>
						<String ID="P101_ST00005" HPOS="158" VPOS="230" WIDTH="75" HEIGHT="31" CONTENT="plays," WC="0.64" CC="820900"/>
						<SP ID="P101_SP00003" HPOS="233" VPOS="261" WIDTH="15"/>
						<String ID="P101_ST00006" HPOS="248" VPOS="231" WIDTH="79" HEIGHT="23" CONTENT="which" WC="0.84" CC="00007"/>
						<SP ID="P101_SP00004" HPOS="327" VPOS="261" WIDTH="13"/>
						<String ID="P101_ST00007" HPOS="340" VPOS="235" WIDTH="65" HEIGHT="20" CONTENT="must" WC="0.84" CC="0060"/>
						<SP ID="P101_SP00005" HPOS="405" VPOS="261" WIDTH="13"/>
						<String ID="P101_ST00008" HPOS="418" VPOS="233" WIDTH="60" HEIGHT="24" CONTENT="have" WC="0.65" CC="7420"/>
						<SP ID="P101_SP00006" HPOS="478" VPOS="261" WIDTH="19"/>
						<String ID="P101_ST00009" HPOS="497" VPOS="233" WIDTH="88" HEIGHT="31" CONTENT="clearly" WC="0.80" CC="0000760"/>
						<SP ID="P101_SP00007" HPOS="585" VPOS="264" WIDTH="13"/>
						<String ID="P101_ST00010" HPOS="598" VPOS="235" WIDTH="119" HEIGHT="30" CONTENT="appeared" WC="0.81" CC="09000500"/>
						<SP ID="P101_SP00008" HPOS="717" VPOS="265" WIDTH="21"/>
						<String ID="P101_ST00011" HPOS="738" VPOS="235" WIDTH="24" HEIGHT="23" CONTENT="in" WC="0.67" CC="60"/>
						<SP ID="P101_SP00009" HPOS="762" VPOS="265" WIDTH="21"/>
						<String ID="P101_ST00012" HPOS="783" VPOS="236" WIDTH="42" HEIGHT="23" CONTENT="the" WC="0.60" CC="470"/>
						<SP ID="P101_SP00010" HPOS="825" VPOS="265" WIDTH="21"/>
						<String ID="P101_ST00013" HPOS="846" VPOS="237" WIDTH="110" HEIGHT="30" CONTENT="previous" WC="0.70" CC="07036051"/>
					</TextLine>
					<TextLine ID="P101_TL00004" HPOS="107" VPOS="278" WIDTH="849" HEIGHT="33">
						<String ID="P101_ST00014" HPOS="107" VPOS="278" WIDTH="47" HEIGHT="24" CONTENT="lost" WC="0.75" CC="3060"/>
						<SP ID="P101_SP00011" HPOS="154" VPOS="302" WIDTH="14"/>
						<String ID="P101_ST00015" HPOS="168" VPOS="279" WIDTH="113" HEIGHT="32" CONTENT="Register" WC="0.83" CC="00036001"/>
						<SP ID="P101_SP00012" HPOS="281" VPOS="311" WIDTH="19"/>
						<String ID="P101_ST00016" HPOS="300" VPOS="281" WIDTH="26" HEIGHT="23" CONTENT="of" WC="0.64" CC="42"/>
						<SP ID="P101_SP00013" HPOS="326" VPOS="311" WIDTH="11"/>
						<String ID="P101_ST00017" HPOS="337" VPOS="282" WIDTH="91" HEIGHT="26" CONTENT="Bucke," WC="1.00" CC="000000"/>
						<SP ID="P101_SP00014" HPOS="428" VPOS="311" WIDTH="19"/>
						<String ID="P101_ST00018" HPOS="447" VPOS="286" WIDTH="89" HEIGHT="20" CONTENT="cannot" WC="0.72" CC="006270"/>
						<SP ID="P101_SP00015" HPOS="536" VPOS="311" WIDTH="18"/>
						<String ID="P101_ST00019" HPOS="554" VPOS="284" WIDTH="30" HEIGHT="22" CONTENT="be" WC="0.75" CC="50"/>
						<SP ID="P101_SP00016" HPOS="584" VPOS="311" WIDTH="13"/>
						<String ID="P101_ST00020" HPOS="597" VPOS="285" WIDTH="158" HEIGHT="24" CONTENT="ascertained." WC="0.90" CC="020002001300"/>
						<SP ID="P101_SP00017" HPOS="755" VPOS="311" WIDTH="37"/>
						<String ID="P101_ST00021" HPOS="792" VPOS="286" WIDTH="56" HEIGHT="24" CONTENT="And" WC="1.00" CC="000"/>
						<SP ID="P101_SP00018" HPOS="848" VPOS="311" WIDTH="13"/>
						<String ID="P101_ST00022" HPOS="861" VPOS="287" WIDTH="65" HEIGHT="23" CONTENT="what" WC="0.98" CC="0000"/>
						<SP ID="P101_SP00019" HPOS="926" VPOS="311" WIDTH="12"/>
						<String ID="P101_ST00023" HPOS="938" VPOS="288" WIDTH="18" HEIGHT="22" CONTENT="is" WC="0.73" CC="05"/>
					</TextLine>
					<TextLine ID="P101_TL00005" HPOS="108" VPOS="329" WIDTH="848" HEIGHT="39">
						<String ID="P101_ST00024" HPOS="108" VPOS="329" WIDTH="49" HEIGHT="23" CONTENT="still" WC="0.76" CC="70002"/>
						<SP ID="P101_SP00020" HPOS="157" VPOS="352" WIDTH="19"/>
						<String ID="P101_ST00025" HPOS="176" VPOS="338" WIDTH="67" HEIGHT="16" CONTENT="more" WC="1.00" CC="0000"/>
						<SP ID="P101_SP00021" HPOS="243" VPOS="354" WIDTH="22"/>
						<String ID="P101_ST00026" HPOS="265" VPOS="332" WIDTH="144" HEIGHT="30" CONTENT="provoking," WC="0.85" CC="7006000000"/>
						<SP ID="P101_SP00022" HPOS="409" VPOS="362" WIDTH="25"/>
						<String ID="P101_ST00027" HPOS="434" VPOS="333" WIDTH="151" HEIGHT="24" CONTENT="Henslowe's" WC="0.73" CC="4006610006"/>
						<SP ID="P101_SP00023" HPOS="585" VPOS="362" WIDTH="15"/>
						<String ID="P101_ST00028" HPOS="600" VPOS="335" WIDTH="72" HEIGHT="31" CONTENT="Diary" WC="0.96" CC="00002"/>
						<SP ID="P101_SP00024" HPOS="672" VPOS="366" WIDTH="14"/>
						<String ID="P101_ST00029" HPOS="686" VPOS="339" WIDTH="24" HEIGHT="19" CONTENT="at" WC="0.83" CC="30"/>
						<SP ID="P101_SP00025" HPOS="710" VPOS="366" WIDTH="13"/>
						<String ID="P101_ST00030" HPOS="723" VPOS="335" WIDTH="110" HEIGHT="24" CONTENT="Dulwich" WC="0.60" CC="7520407"/>
						<SP ID="P101_SP00026" HPOS="833" VPOS="366" WIDTH="22"/>
						<String ID="P101_ST00031" HPOS="855" VPOS="336" WIDTH="101" HEIGHT="32" CONTENT="College" WC="0.84" CC="0100090"/>
					</TextLine>
					<TextLine ID="P101_TL00006" HPOS="108" VPOS="377" WIDTH="847" HEIGHT="37">
						<String ID="P101_ST00032" HPOS="108" VPOS="377" WIDTH="120" HEIGHT="31" CONTENT="(founded" WC="0.86" CC="30015000"/>
						<SP ID="P101_SP00027" HPOS="228" VPOS="408" WIDTH="11"/>
						<String ID="P101_ST00033" HPOS="239" VPOS="379" WIDTH="33" HEIGHT="31" CONTENT="by" WC="0.63" CC="70"/>
						<SP ID="P101_SP00028" HPOS="272" VPOS="410" WIDTH="12"/>
						<String ID="P101_ST00034" HPOS="284" VPOS="379" WIDTH="38" HEIGHT="23" CONTENT="his" WC="0.56" CC="264"/>
						<SP ID="P101_SP00029" HPOS="322" VPOS="410" WIDTH="10"/>
						<String ID="P101_ST00035" HPOS="332" VPOS="380" WIDTH="142" HEIGHT="24" CONTENT="son-in-law" WC="0.64" CC="6441040509"/>
						<SP ID="P101_SP00030" HPOS="474" VPOS="410" WIDTH="12"/>
						<String ID="P101_ST00036" HPOS="486" VPOS="381" WIDTH="42" HEIGHT="24" CONTENT="the" WC="0.72" CC="070"/>
						<SP ID="P101_SP00031" HPOS="528" VPOS="410" WIDTH="13"/>
						<String ID="P101_ST00037" HPOS="541" VPOS="382" WIDTH="83" HEIGHT="30" CONTENT="player" WC="0.88" CC="020004"/>
						<SP ID="P101_SP00032" HPOS="624" VPOS="412" WIDTH="13"/>
						<String ID="P101_ST00038" HPOS="637" VPOS="383" WIDTH="113" HEIGHT="31" CONTENT="Alleyne)" WC="0.88" CC="04500000"/>
						<SP ID="P101_SP00033" HPOS="750" VPOS="414" WIDTH="16"/>
						<String ID="P101_ST00039" HPOS="766" VPOS="383" WIDTH="77" HEIGHT="24" CONTENT="which" WC="0.83" CC="07100"/>
						<SP ID="P101_SP00034" HPOS="843" VPOS="414" WIDTH="14"/>
						<String ID="P101_ST00040" HPOS="857" VPOS="385" WIDTH="98" HEIGHT="23" CONTENT="reaches" WC="0.69" CC="0003656"/>
					</TextLine>
					<TextLine ID="P101_TL00007" HPOS="107" VPOS="429" WIDTH="847" HEIGHT="29">
						<String ID="P101_ST00041" HPOS="107" VPOS="429" WIDTH="63" HEIGHT="24" CONTENT="from" WC="0.80" CC="3300"/>
						<SP ID="P101_SP00035" HPOS="170" VPOS="453" WIDTH="24"/>
						<String ID="P101_ST00042" HPOS="194" VPOS="432" WIDTH="60" HEIGHT="22" CONTENT="1591" WC="0.89" CC="0004"/>
						<SP ID="P101_SP00036" HPOS="254" VPOS="454" WIDTH="17"/>
						<String ID="P101_ST00043" HPOS="271" VPOS="434" WIDTH="26" HEIGHT="20" CONTENT="to" WC="0.70" CC="50"/>
						<SP ID="P101_SP00037" HPOS="297" VPOS="454" WIDTH="16"/>
						<String ID="P101_ST00044" HPOS="313" VPOS="433" WIDTH="72" HEIGHT="25" CONTENT="1603," WC="0.87" CC="00330"/>
						<SP ID="P101_SP00038" HPOS="385" VPOS="458" WIDTH="16"/>
						<String ID="P101_ST00045" HPOS="401" VPOS="432" WIDTH="47" HEIGHT="23" CONTENT="and" WC="1.00" CC="000"/>
						<SP ID="P101_SP00039" HPOS="448" VPOS="458" WIDTH="14"/>
						<String ID="P101_ST00046" HPOS="462" VPOS="432" WIDTH="78" HEIGHT="23" CONTENT="shews" WC="0.56" CC="77007"/>
						<SP ID="P101_SP00040" HPOS="540" VPOS="458" WIDTH="23"/>
						<String ID="P101_ST00047" HPOS="563" VPOS="432" WIDTH="152" HEIGHT="23" CONTENT="Henslowe's" WC="0.62" CC="7047320605"/>
						<SP ID="P101_SP00041" HPOS="715" VPOS="458" WIDTH="19"/>
						<String ID="P101_ST00048" HPOS="734" VPOS="433" WIDTH="91" HEIGHT="23" CONTENT="minute" WC="0.82" CC="306010"/>
						<SP ID="P101_SP00042" HPOS="825" VPOS="458" WIDTH="23"/>
						<String ID="P101_ST00049" HPOS="848" VPOS="436" WIDTH="106" HEIGHT="20" CONTENT="transac" SUBS_TYPE="HypPart1" SUBS_CONTENT="transactions" WC="0.92" CC="00006000"/>
						<HYP CONTENT="-"/>
					</TextLine>
					<TextLine ID="P101_TL00008" HPOS="108" VPOS="478" WIDTH="848" HEIGHT="32">
						<String ID="P101_ST00050" HPOS="108" VPOS="478" WIDTH="63" HEIGHT="22" CONTENT="tions" SUBS_TYPE="HypPart2" SUBS_CONTENT="transactions" WC="0.86" CC="03003"/>
						<SP ID="P101_SP00043" HPOS="171" VPOS="500" WIDTH="10"/>
						<String ID="P101_ST00051" HPOS="181" VPOS="478" WIDTH="59" HEIGHT="23" CONTENT="with" WC="0.76" CC="0107"/>
						<SP ID="P101_SP00044" HPOS="240" VPOS="501" WIDTH="12"/>
						<String ID="P101_ST00052" HPOS="252" VPOS="479" WIDTH="76" HEIGHT="31" CONTENT="thirty" WC="0.85" CC="004030"/>
						<SP ID="P101_SP00045" HPOS="328" VPOS="510" WIDTH="11"/>
						<String ID="P101_ST00053" HPOS="339" VPOS="480" WIDTH="117" HEIGHT="23" CONTENT="dramatic" WC="0.76" CC="90030060"/>
						<SP ID="P101_SP00046" HPOS="456" VPOS="510" WIDTH="11"/>
						<String ID="P101_ST00054" HPOS="467" VPOS="480" WIDTH="100" HEIGHT="26" CONTENT="writers," WC="0.81" CC="04400301"/>
						<SP ID="P101_SP00047" HPOS="567" VPOS="510" WIDTH="11"/>
						<String ID="P101_ST00055" HPOS="578" VPOS="480" WIDTH="57" HEIGHT="23" CONTENT="does" WC="0.60" CC="0905"/>
						<SP ID="P101_SP00048" HPOS="635" VPOS="510" WIDTH="13"/>
						<String ID="P101_ST00056" HPOS="648" VPOS="484" WIDTH="43" HEIGHT="19" CONTENT="not" WC="0.76" CC="510"/>
						<SP ID="P101_SP00049" HPOS="691" VPOS="510" WIDTH="13"/>
						<String ID="P101_ST00057" HPOS="704" VPOS="480" WIDTH="73" HEIGHT="23" CONTENT="relate" WC="0.82" CC="203013"/>
						<SP ID="P101_SP00050" HPOS="777" VPOS="510" WIDTH="11"/>
						<String ID="P101_ST00058" HPOS="788" VPOS="484" WIDTH="25" HEIGHT="19" CONTENT="to" WC="1.00" CC="00"/>
						<SP ID="P101_SP00051" HPOS="813" VPOS="510" WIDTH="10"/>
						<String ID="P101_ST00059" HPOS="823" VPOS="480" WIDTH="42" HEIGHT="23" CONTENT="the" WC="0.75" CC="070"/>
						<SP ID="P101_SP00052" HPOS="865" VPOS="510" WIDTH="14"/>
						<String ID="P101_ST00060" HPOS="879" VPOS="481" WIDTH="77" HEIGHT="23" CONTENT="Globe" WC="0.81" CC="03050"/>
					</TextLine>
					<TextLine ID="P101_TL00009" HPOS="108" VPOS="528" WIDTH="848" HEIGHT="33">
						<String ID="P101_ST00061" HPOS="108" VPOS="535" WIDTH="27" HEIGHT="15" CONTENT="or" WC="0.77" CC="30"/>
						<SP ID="P101_SP00053" HPOS="135" VPOS="550" WIDTH="11"/>
						<String ID="P101_ST00062" HPOS="146" VPOS="528" WIDTH="151" HEIGHT="23" CONTENT="Blackfriars'" WC="0.78" CC="060101009060"/>
						<SP ID="P101_SP00054" HPOS="297" VPOS="551" WIDTH="19"/>
						<String ID="P101_ST00063" HPOS="316" VPOS="529" WIDTH="125" HEIGHT="27" CONTENT="Theatres," WC="0.84" CC="000500043"/>
						<SP ID="P101_SP00055" HPOS="441" VPOS="556" WIDTH="16"/>
						<String ID="P101_ST00064" HPOS="457" VPOS="533" WIDTH="25" HEIGHT="19" CONTENT="to" WC="1.00" CC="00"/>
						<SP ID="P101_SP00056" HPOS="482" VPOS="556" WIDTH="13"/>
						<String ID="P101_ST00065" HPOS="495" VPOS="530" WIDTH="78" HEIGHT="23" CONTENT="which" WC="0.48" CC="97106"/>
						<SP ID="P101_SP00057" HPOS="573" VPOS="556" WIDTH="11"/>
						<String ID="P101_ST00066" HPOS="584" VPOS="529" WIDTH="152" HEIGHT="32" CONTENT="Shakspeare" WC="0.78" CC="4700700300"/>
						<SP ID="P101_SP00058" HPOS="736" VPOS="561" WIDTH="13"/>
						<String ID="P101_ST00067" HPOS="749" VPOS="538" WIDTH="48" HEIGHT="14" CONTENT="was" WC="0.72" CC="034"/>
						<SP ID="P101_SP00059" HPOS="797" VPOS="561" WIDTH="13"/>
						<String ID="P101_ST00068" HPOS="810" VPOS="531" WIDTH="146" HEIGHT="26" CONTENT="exclusively" WC="0.56" CC="08705636036"/>
					</TextLine>
					<TextLine ID="P101_TL00010" HPOS="108" VPOS="577" WIDTH="846" HEIGHT="33">
						<String ID="P101_ST00069" HPOS="108" VPOS="577" WIDTH="110" HEIGHT="24" CONTENT="devoted." WC="0.96" CC="00030000"/>
						<SP ID="P101_SP00060" HPOS="218" VPOS="601" WIDTH="39"/>
						<String ID="P101_ST00070" HPOS="257" VPOS="578" WIDTH="22" HEIGHT="24" CONTENT="It" WC="0.67" CC="06"/>
						<SP ID="P101_SP00061" HPOS="279" VPOS="602" WIDTH="21"/>
						<String ID="P101_ST00071" HPOS="300" VPOS="587" WIDTH="56" HEIGHT="23" CONTENT="may" WC="0.93" CC="200"/>
						<SP ID="P101_SP00062" HPOS="356" VPOS="610" WIDTH="21"/>
						<String ID="P101_ST00072" HPOS="377" VPOS="579" WIDTH="30" HEIGHT="23" CONTENT="be" WC="0.64" CC="70"/>
						<SP ID="P101_SP00063" HPOS="407" VPOS="610" WIDTH="20"/>
						<String ID="P101_ST00073" HPOS="427" VPOS="578" WIDTH="98" HEIGHT="23" CONTENT="noticed" WC="0.81" CC="7023000"/>
						<SP ID="P101_SP00064" HPOS="525" VPOS="610" WIDTH="21"/>
						<String ID="P101_ST00074" HPOS="546" VPOS="577" WIDTH="54" HEIGHT="23" CONTENT="that" WC="0.81" CC="0700"/>
						<SP ID="P101_SP00065" HPOS="600" VPOS="610" WIDTH="22"/>
						<String ID="P101_ST00075" HPOS="622" VPOS="577" WIDTH="41" HEIGHT="23" CONTENT="the" WC="1.00" CC="000"/>
						<SP ID="P101_SP00066" HPOS="663" VPOS="610" WIDTH="22"/>
						<String ID="P101_ST00076" HPOS="685" VPOS="577" WIDTH="45" HEIGHT="23" CONTENT="site" WC="0.73" CC="7300"/>
						<SP ID="P101_SP00067" HPOS="730" VPOS="610" WIDTH="23"/>
						<String ID="P101_ST00077" HPOS="753" VPOS="577" WIDTH="26" HEIGHT="23" CONTENT="of" WC="0.59" CC="34"/>
						<SP ID="P101_SP00068" HPOS="779" VPOS="610" WIDTH="19"/>
						<String ID="P101_ST00078" HPOS="798" VPOS="577" WIDTH="156" HEIGHT="23" CONTENT="Blackfriars'" WC="0.76" CC="602006030072"/>
					</TextLine>
					<TextLine ID="P101_TL00011" HPOS="106" VPOS="625" WIDTH="848" HEIGHT="33">
						<String ID="P101_ST00079" HPOS="106" VPOS="625" WIDTH="102" HEIGHT="24" CONTENT="Theatre" WC="0.87" CC="0701000"/>
						<SP ID="P101_SP00069" HPOS="208" VPOS="649" WIDTH="21"/>
						<String ID="P101_ST00080" HPOS="229" VPOS="634" WIDTH="49" HEIGHT="15" CONTENT="was" WC="1.00" CC="000"/>
						<SP ID="P101_SP00070" HPOS="278" VPOS="649" WIDTH="21"/>
						<String ID="P101_ST00081" HPOS="299" VPOS="627" WIDTH="64" HEIGHT="23" CONTENT="close" WC="0.60" CC="01555"/>
						<SP ID="P101_SP00071" HPOS="363" VPOS="650" WIDTH="16"/>
						<String ID="P101_ST00082" HPOS="379" VPOS="631" WIDTH="26" HEIGHT="19" CONTENT="to" WC="0.88" CC="02"/>
						<SP ID="P101_SP00072" HPOS="405" VPOS="650" WIDTH="19"/>
						<String ID="P101_ST00083" HPOS="424" VPOS="627" WIDTH="182" HEIGHT="31" CONTENT="Apothecaries'" WC="0.79" CC="0060700003142"/>
						<SP ID="P101_SP00073" HPOS="606" VPOS="658" WIDTH="21"/>
						<String ID="P101_ST00084" HPOS="627" VPOS="627" WIDTH="64" HEIGHT="28" CONTENT="Hall," WC="0.74" CC="40223"/>
						<SP ID="P101_SP00074" HPOS="691" VPOS="658" WIDTH="25"/>
						<String ID="P101_ST00085" HPOS="716" VPOS="627" WIDTH="47" HEIGHT="23" CONTENT="and" WC="0.83" CC="050"/>
						<SP ID="P101_SP00075" HPOS="763" VPOS="658" WIDTH="11"/>
						<String ID="P101_ST00086" HPOS="774" VPOS="627" WIDTH="20" HEIGHT="23" CONTENT="is" WC="0.64" CC="25"/>
						<SP ID="P101_SP00076" HPOS="794" VPOS="658" WIDTH="20"/>
						<String ID="P101_ST00087" HPOS="814" VPOS="627" WIDTH="48" HEIGHT="23" CONTENT="still" WC="0.75" CC="60060"/>
						<SP ID="P101_SP00077" HPOS="862" VPOS="658" WIDTH="15"/>
						<String ID="P101_ST00088" HPOS="877" VPOS="628" WIDTH="77" HEIGHT="23" CONTENT="called" WC="0.97" CC="100000"/>
					</TextLine>
					<TextLine ID="P101_TL00012" HPOS="108" VPOS="674" WIDTH="848" HEIGHT="32">
						<String ID="P101_ST00089" HPOS="108" VPOS="677" WIDTH="14" HEIGHT="10" CONTENT='"' WC="0.59" CC="4"/>
						<SP ID="P101_SP00078" HPOS="122" VPOS="687" WIDTH="14"/>
						<String ID="P101_ST00090" HPOS="136" VPOS="675" WIDTH="145" HEIGHT="29" CONTENT="Play-house" WC="0.66" CC="5100067560"/>
						<SP ID="P101_SP00079" HPOS="281" VPOS="704" WIDTH="15"/>
						<String ID="P101_ST00091" HPOS="296" VPOS="675" WIDTH="103" HEIGHT="24" CONTENT='Court."' WC="0.83" CC="0204004"/>
						<SP ID="P101_SP00080" HPOS="399" VPOS="704" WIDTH="37"/>
						<String ID="P101_ST00092" HPOS="436" VPOS="676" WIDTH="52" HEIGHT="23" CONTENT="The" WC="0.78" CC="060"/>
						<SP ID="P101_SP00081" HPOS="488" VPOS="704" WIDTH="14"/>
						<String ID="P101_ST00093" HPOS="502" VPOS="676" WIDTH="78" HEIGHT="23" CONTENT="Globe" WC="0.59" CC="06660"/>
						<SP ID="P101_SP00082" HPOS="580" VPOS="704" WIDTH="15"/>
						<String ID="P101_ST00094" HPOS="595" VPOS="683" WIDTH="49" HEIGHT="15" CONTENT="was" WC="0.77" CC="006"/>
						<SP ID="P101_SP00083" HPOS="644" VPOS="704" WIDTH="12"/>
						<String ID="P101_ST00095" HPOS="656" VPOS="683" WIDTH="32" HEIGHT="15" CONTENT="on" WC="0.65" CC="07"/>
						<SP ID="P101_SP00084" HPOS="688" VPOS="704" WIDTH="12"/>
						<String ID="P101_ST00096" HPOS="700" VPOS="675" WIDTH="42" HEIGHT="23" CONTENT="the" WC="0.75" CC="070"/>
						<SP ID="P101_SP00085" HPOS="742" VPOS="704" WIDTH="22"/>
						<String ID="P101_ST00097" HPOS="764" VPOS="674" WIDTH="90" HEIGHT="32" CONTENT="Surrey" WC="0.80" CC="450010"/>
						<SP ID="P101_SP00086" HPOS="854" VPOS="706" WIDTH="13"/>
						<String ID="P101_ST00098" HPOS="867" VPOS="676" WIDTH="51" HEIGHT="23" CONTENT="side" WC="0.70" CC="7500"/>
						<SP ID="P101_SP00087" HPOS="918" VPOS="706" WIDTH="14"/>
						<String ID="P101_ST00099" HPOS="932" VPOS="676" WIDTH="24" HEIGHT="23" CONTENT="of" WC="0.57" CC="34"/>
					</TextLine>
					<TextLine ID="P101_TL00013" HPOS="106" VPOS="723" WIDTH="850" HEIGHT="28">
						<String ID="P101_ST00100" HPOS="106" VPOS="724" WIDTH="42" HEIGHT="24" CONTENT="the" WC="0.44" CC="970"/>
						<SP ID="P101_SP00088" HPOS="148" VPOS="748" WIDTH="21"/>
						<String ID="P101_ST00101" HPOS="169" VPOS="725" WIDTH="63" HEIGHT="23" CONTENT="river" WC="0.67" CC="44501"/>
						<SP ID="P101_SP00089" HPOS="232" VPOS="748" WIDTH="12"/>
						<String ID="P101_ST00102" HPOS="244" VPOS="734" WIDTH="5" HEIGHT="17" CONTENT=";" WC="0.98" CC="0"/>
						<SP ID="P101_SP00090" HPOS="249" VPOS="751" WIDTH="20"/>
						<String ID="P101_ST00103" HPOS="269" VPOS="725" WIDTH="19" HEIGHT="23" CONTENT="it" WC="0.80" CC="30"/>
						<SP ID="P101_SP00091" HPOS="288" VPOS="751" WIDTH="12"/>
						<String ID="P101_ST00104" HPOS="300" VPOS="725" WIDTH="19" HEIGHT="23" CONTENT="it" WC="0.87" CC="02"/>
						<SP ID="P101_SP00092" HPOS="319" VPOS="751" WIDTH="13"/>
						<String ID="P101_ST00105" HPOS="332" VPOS="725" WIDTH="141" HEIGHT="23" CONTENT="mentioned" WC="0.69" CC="607024600"/>
						<SP ID="P101_SP00093" HPOS="473" VPOS="751" WIDTH="13"/>
						<String ID="P101_ST00106" HPOS="486" VPOS="724" WIDTH="25" HEIGHT="23" CONTENT="in" WC="0.42" CC="56"/>
						<SP ID="P101_SP00094" HPOS="511" VPOS="751" WIDTH="13"/>
						<String ID="P101_ST00107" HPOS="524" VPOS="724" WIDTH="54" HEIGHT="23" CONTENT="Ben" WC="0.90" CC="002"/>
						<SP ID="P101_SP00095" HPOS="578" VPOS="751" WIDTH="20"/>
						<String ID="P101_ST00108" HPOS="598" VPOS="723" WIDTH="116" HEIGHT="24" CONTENT="Jonson's" WC="0.67" CC="04074405"/>
						<SP ID="P101_SP00096" HPOS="714" VPOS="751" WIDTH="19"/>
						<String ID="P101_ST00109" HPOS="733" VPOS="727" WIDTH="16" HEIGHT="8" CONTENT='"' WC="0.30" CC="6"/>
						<SP ID="P101_SP00097" HPOS="749" VPOS="751" WIDTH="15"/>
						<String ID="P101_ST00110" HPOS="764" VPOS="723" WIDTH="146" HEIGHT="23" CONTENT="Execration" WC="0.88" CC="0003200014"/>
						<SP ID="P101_SP00098" HPOS="910" VPOS="751" WIDTH="21"/>
						<String ID="P101_ST00111" HPOS="931" VPOS="724" WIDTH="25" HEIGHT="22" CONTENT="of" WC="1.00" CC="00"/>
					</TextLine>
					<TextLine ID="P101_TL00014" HPOS="106" VPOS="771" WIDTH="849" HEIGHT="33">
						<String ID="P101_ST00112" HPOS="106" VPOS="771" WIDTH="120" HEIGHT="27" CONTENT='Vulcan,"' WC="0.55" CC="96303623"/>
						<SP ID="P101_SP00099" HPOS="226" VPOS="798" WIDTH="13"/>
						<String ID="P101_ST00113" HPOS="239" VPOS="772" WIDTH="47" HEIGHT="23" CONTENT="and" WC="0.82" CC="050"/>
						<SP ID="P101_SP00100" HPOS="286" VPOS="798" WIDTH="11"/>
						<String ID="P101_ST00114" HPOS="297" VPOS="772" WIDTH="71" HEIGHT="24" CONTENT="other" WC="0.71" CC="00706"/>
						<SP ID="P101_SP00101" HPOS="368" VPOS="798" WIDTH="10"/>
						<String ID="P101_ST00115" HPOS="378" VPOS="773" WIDTH="101" HEIGHT="26" CONTENT="writers," WC="0.77" CC="03600260"/>
						<SP ID="P101_SP00102" HPOS="479" VPOS="799" WIDTH="11"/>
						<String ID="P101_ST00116" HPOS="490" VPOS="776" WIDTH="26" HEIGHT="20" CONTENT="to" WC="0.41" CC="46"/>
						<SP ID="P101_SP00103" HPOS="516" VPOS="799" WIDTH="8"/>
						<String ID="P101_ST00117" HPOS="524" VPOS="773" WIDTH="61" HEIGHT="23" CONTENT="have" WC="0.55" CC="2860"/>
						<SP ID="P101_SP00104" HPOS="585" VPOS="799" WIDTH="10"/>
						<String ID="P101_ST00118" HPOS="595" VPOS="773" WIDTH="61" HEIGHT="23" CONTENT="been" WC="0.64" CC="6205"/>
						<SP ID="P101_SP00105" HPOS="656" VPOS="799" WIDTH="10"/>
						<String ID="P101_ST00119" HPOS="666" VPOS="774" WIDTH="81" HEIGHT="25" CONTENT="burnt," WC="0.73" CC="703400"/>
						<SP ID="P101_SP00106" HPOS="747" VPOS="799" WIDTH="11"/>
						<String ID="P101_ST00120" HPOS="758" VPOS="774" WIDTH="25" HEIGHT="22" CONTENT="in" WC="0.78" CC="22"/>
						<SP ID="P101_SP00107" HPOS="783" VPOS="799" WIDTH="8"/>
						<String ID="P101_ST00121" HPOS="791" VPOS="782" WIDTH="164" HEIGHT="22" CONTENT="consequence" WC="0.88" CC="00260000400"/>
					</TextLine>
					<TextLine ID="P101_TL00015" HPOS="107" VPOS="821" WIDTH="847" HEIGHT="33">
						<String ID="P101_ST00122" HPOS="107" VPOS="825" WIDTH="26" HEIGHT="23" CONTENT="of" WC="0.89" CC="20"/>
						<SP ID="P101_SP00108" HPOS="133" VPOS="848" WIDTH="10"/>
						<String ID="P101_ST00123" HPOS="143" VPOS="824" WIDTH="75" HEIGHT="30" CONTENT="being" WC="0.83" CC="20140"/>
						<SP ID="P101_SP00109" HPOS="218" VPOS="854" WIDTH="13"/>
						<String ID="P101_ST00124" HPOS="231" VPOS="826" WIDTH="37" HEIGHT="20" CONTENT="set" WC="0.78" CC="600"/>
						<SP ID="P101_SP00110" HPOS="268" VPOS="854" WIDTH="22"/>
						<String ID="P101_ST00125" HPOS="290" VPOS="831" WIDTH="31" HEIGHT="15" CONTENT="on" WC="0.71" CC="05"/>
						<SP ID="P101_SP00111" HPOS="321" VPOS="854" WIDTH="13"/>
						<String ID="P101_ST00126" HPOS="334" VPOS="824" WIDTH="42" HEIGHT="22" CONTENT="fire" WC="1.00" CC="0000"/>
						<SP ID="P101_SP00112" HPOS="376" VPOS="854" WIDTH="20"/>
						<String ID="P101_ST00127" HPOS="396" VPOS="823" WIDTH="33" HEIGHT="31" CONTENT="by" WC="0.63" CC="70"/>
						<SP ID="P101_SP00113" HPOS="429" VPOS="854" WIDTH="22"/>
						<String ID="P101_ST00128" HPOS="451" VPOS="823" WIDTH="41" HEIGHT="22" CONTENT="the" WC="1.00" CC="000"/>
						<SP ID="P101_SP00114" HPOS="492" VPOS="854" WIDTH="22"/>
						<String ID="P101_ST00129" HPOS="514" VPOS="821" WIDTH="114" HEIGHT="32" CONTENT="wadding" WC="1.00" CC="0000000"/>
						<SP ID="P101_SP00115" HPOS="628" VPOS="854" WIDTH="22"/>
						<String ID="P101_ST00130" HPOS="650" VPOS="821" WIDTH="26" HEIGHT="22" CONTENT="of" WC="0.64" CC="34"/>
						<SP ID="P101_SP00116" HPOS="676" VPOS="854" WIDTH="18"/>
						<String ID="P101_ST00131" HPOS="694" VPOS="829" WIDTH="94" HEIGHT="14" CONTENT="cannon" WC="0.79" CC="006402"/>
						<SP ID="P101_SP00117" HPOS="788" VPOS="854" WIDTH="20"/>
						<String ID="P101_ST00132" HPOS="808" VPOS="821" WIDTH="146" HEIGHT="31" CONTENT="discharged" WC="0.86" CC="0460010000"/>
					</TextLine>
					<TextLine ID="P101_TL00016" HPOS="106" VPOS="870" WIDTH="848" HEIGHT="32">
						<String ID="P101_ST00133" HPOS="106" VPOS="871" WIDTH="70" HEIGHT="23" CONTENT="when" WC="0.42" CC="9507"/>
						<SP ID="P101_SP00118" HPOS="176" VPOS="894" WIDTH="22"/>
						<String ID="P101_ST00134" HPOS="198" VPOS="871" WIDTH="86" HEIGHT="31" CONTENT="Henry" WC="0.82" CC="60200"/>
						<SP ID="P101_SP00119" HPOS="284" VPOS="902" WIDTH="20"/>
						<String ID="P101_ST00135" HPOS="304" VPOS="870" WIDTH="63" HEIGHT="23" CONTENT="VIII" WC="1.00" CC="0000"/>
						<SP ID="P101_SP00120" HPOS="367" VPOS="902" WIDTH="23"/>
						<String ID="P101_ST00136" HPOS="390" VPOS="874" WIDTH="80" HEIGHT="19" CONTENT="enters" WC="0.69" CC="052045"/>
						<SP ID="P101_SP00121" HPOS="470" VPOS="902" WIDTH="22"/>
						<String ID="P101_ST00137" HPOS="492" VPOS="870" WIDTH="121" HEIGHT="31" CONTENT="Wolsey's" WC="0.63" CC="06474005"/>
						<SP ID="P101_SP00122" HPOS="613" VPOS="902" WIDTH="21"/>
						<String ID="P101_ST00138" HPOS="634" VPOS="870" WIDTH="83" HEIGHT="31" CONTENT="palace" WC="0.80" CC="074000"/>
						<SP ID="P101_SP00123" HPOS="717" VPOS="902" WIDTH="17"/>
						<String ID="P101_ST00139" HPOS="734" VPOS="871" WIDTH="25" HEIGHT="22" CONTENT="in" WC="0.83" CC="03"/>
						<SP ID="P101_SP00124" HPOS="759" VPOS="902" WIDTH="22"/>
						<String ID="P101_ST00140" HPOS="781" VPOS="870" WIDTH="173" HEIGHT="32" CONTENT="Shakspeare's" WC="0.65" CC="364039004045"/>
					</TextLine>
					<TextLine ID="P101_TL00017" HPOS="105" VPOS="918" WIDTH="845" HEIGHT="35">
						<String ID="P101_ST00141" HPOS="105" VPOS="919" WIDTH="65" HEIGHT="31" CONTENT="play." WC="0.75" CC="92000"/>
						<SP ID="P101_SP00125" HPOS="170" VPOS="950" WIDTH="37"/>
						<String ID="P101_ST00142" HPOS="207" VPOS="919" WIDTH="103" HEIGHT="30" CONTENT="Prynne," WC="0.72" CC="6006600"/>
						<SP ID="P101_SP00126" HPOS="310" VPOS="950" WIDTH="14"/>
						<String ID="P101_ST00143" HPOS="324" VPOS="918" WIDTH="25" HEIGHT="23" CONTENT="in" WC="0.79" CC="04"/>
						<SP ID="P101_SP00127" HPOS="349" VPOS="950" WIDTH="20"/>
						<String ID="P101_ST00144" HPOS="369" VPOS="918" WIDTH="38" HEIGHT="23" CONTENT="his" WC="0.50" CC="535"/>
						<SP ID="P101_SP00128" HPOS="407" VPOS="950" WIDTH="15"/>
						<String ID="P101_ST00145" HPOS="422" VPOS="919" WIDTH="200" HEIGHT="31" CONTENT="Histriomastyx," WC="0.64" CC="67603407073003"/>
						<SP ID="P101_SP00129" HPOS="622" VPOS="950" WIDTH="14"/>
						<String ID="P101_ST00146" HPOS="636" VPOS="920" WIDTH="105" HEIGHT="24" CONTENT="ascribes" WC="0.69" CC="06502602"/>
						<SP ID="P101_SP00130" HPOS="741" VPOS="950" WIDTH="21"/>
						<String ID="P101_ST00147" HPOS="762" VPOS="921" WIDTH="42" HEIGHT="23" CONTENT="the" WC="0.86" CC="040"/>
						<SP ID="P101_SP00131" HPOS="804" VPOS="950" WIDTH="12"/>
						<String ID="P101_ST00148" HPOS="816" VPOS="922" WIDTH="134" HEIGHT="31" CONTENT="conflagra" SUBS_TYPE="HypPart1" SUBS_CONTENT="conflagration" WC="0.85" CC="0450050000"/>
						<HYP CONTENT="-"/>
					</TextLine>
					<TextLine ID="P101_TL00018" HPOS="105" VPOS="965" WIDTH="849" HEIGHT="38">
						<String ID="P101_ST00149" HPOS="105" VPOS="966" WIDTH="51" HEIGHT="22" CONTENT="tion" SUBS_TYPE="HypPart2" SUBS_CONTENT="conflagration" WC="0.76" CC="0305"/>
						<SP ID="P101_SP00132" HPOS="156" VPOS="988" WIDTH="20"/>
						<String ID="P101_ST00150" HPOS="176" VPOS="969" WIDTH="27" HEIGHT="20" CONTENT="to" WC="1.00" CC="00"/>
						<SP ID="P101_SP00133" HPOS="203" VPOS="989" WIDTH="21"/>
						<String ID="P101_ST00151" HPOS="224" VPOS="966" WIDTH="41" HEIGHT="23" CONTENT="the" WC="0.76" CC="070"/>
						<SP ID="P101_SP00134" HPOS="265" VPOS="989" WIDTH="20"/>
						<String ID="P101_ST00152" HPOS="285" VPOS="965" WIDTH="71" HEIGHT="25" CONTENT="Devil" WC="0.61" CC="70443"/>
						<SP ID="P101_SP00135" HPOS="356" VPOS="990" WIDTH="22"/>
						<String ID="P101_ST00153" HPOS="378" VPOS="967" WIDTH="112" HEIGHT="31" CONTENT="entering" WC="0.78" CC="04000570"/>
						<SP ID="P101_SP00136" HPOS="490" VPOS="998" WIDTH="21"/>
						<String ID="P101_ST00154" HPOS="511" VPOS="968" WIDTH="41" HEIGHT="24" CONTENT="the" WC="0.77" CC="060"/>
						<SP ID="P101_SP00137" HPOS="552" VPOS="998" WIDTH="18"/>
						<String ID="P101_ST00155" HPOS="570" VPOS="969" WIDTH="103" HEIGHT="24" CONTENT="Theatre" WC="0.92" CC="0400000"/>
						<SP ID="P101_SP00138" HPOS="673" VPOS="998" WIDTH="21"/>
						<String ID="P101_ST00156" HPOS="694" VPOS="974" WIDTH="14" HEIGHT="8" CONTENT='"' WC="0.61" CC="3"/>
						<SP ID="P101_SP00139" HPOS="708" VPOS="998" WIDTH="12"/>
						<String ID="P101_ST00157" HPOS="720" VPOS="970" WIDTH="151" HEIGHT="33" CONTENT="hissing-hot" WC="0.69" CC="71566100050"/>
						<SP ID="P101_SP00140" HPOS="871" VPOS="1003" WIDTH="21"/>
						<String ID="P101_ST00158" HPOS="892" VPOS="972" WIDTH="62" HEIGHT="23" CONTENT="from" WC="0.70" CC="0038"/>
					</TextLine>
					<TextLine ID="P101_TL00019" HPOS="104" VPOS="1017" WIDTH="76" HEIGHT="22">
						<String ID="P101_ST00159" HPOS="104" VPOS="1017" WIDTH="76" HEIGHT="22" CONTENT='hell."' WC="0.80" CC="712000"/>
					</TextLine>
				</TextBlock>
				<TextBlock ID="P101_TB00004" HPOS="96" VPOS="1065" WIDTH="857" HEIGHT="667" STYLEREFS="TXT_0 PAR_LEFT">
					<TextLine ID="P101_TL00020" HPOS="139" VPOS="1066" WIDTH="813" HEIGHT="33">
						<String ID="P101_ST00160" HPOS="139" VPOS="1066" WIDTH="127" HEIGHT="23" CONTENT="Women's" WC="0.88" CC="0000402"/>
						<SP ID="P101_SP00141" HPOS="266" VPOS="1089" WIDTH="13"/>
						<String ID="P101_ST00161" HPOS="279" VPOS="1069" WIDTH="66" HEIGHT="28" CONTENT="parts" WC="0.77" CC="03403"/>
						<SP ID="P101_SP00142" HPOS="345" VPOS="1097" WIDTH="13"/>
						<String ID="P101_ST00162" HPOS="358" VPOS="1069" WIDTH="24" HEIGHT="20" CONTENT="at" WC="0.70" CC="05"/>
						<SP ID="P101_SP00143" HPOS="382" VPOS="1097" WIDTH="18"/>
						<String ID="P101_ST00163" HPOS="400" VPOS="1066" WIDTH="41" HEIGHT="23" CONTENT="the" WC="0.75" CC="070"/>
						<SP ID="P101_SP00144" HPOS="441" VPOS="1097" WIDTH="14"/>
						<String ID="P101_ST00164" HPOS="455" VPOS="1066" WIDTH="80" HEIGHT="31" CONTENT="public" WC="0.58" CC="956030"/>
						<SP ID="P101_SP00145" HPOS="535" VPOS="1097" WIDTH="13"/>
						<String ID="P101_ST00165" HPOS="548" VPOS="1066" WIDTH="117" HEIGHT="24" CONTENT="Theatres" WC="0.71" CC="07090006"/>
						<SP ID="P101_SP00146" HPOS="665" VPOS="1097" WIDTH="19"/>
						<String ID="P101_ST00166" HPOS="684" VPOS="1075" WIDTH="63" HEIGHT="16" CONTENT="were" WC="0.82" CC="0070"/>
						<SP ID="P101_SP00147" HPOS="747" VPOS="1097" WIDTH="13"/>
						<String ID="P101_ST00167" HPOS="760" VPOS="1069" WIDTH="93" HEIGHT="30" CONTENT="usually" WC="0.91" CC="0500000"/>
						<SP ID="P101_SP00148" HPOS="853" VPOS="1099" WIDTH="18"/>
						<String ID="P101_ST00168" HPOS="871" VPOS="1077" WIDTH="81" HEIGHT="22" CONTENT="repre" SUBS_TYPE="HypPart1" SUBS_CONTENT="represented" WC="0.64" CC="509303"/>
						<HYP CONTENT="-"/>
					</TextLine>
					<TextLine ID="P101_TL00021" HPOS="105" VPOS="1114" WIDTH="848" HEIGHT="35">
						<String ID="P101_ST00169" HPOS="105" VPOS="1115" WIDTH="86" HEIGHT="23" CONTENT="sented" SUBS_TYPE="HypPart2" SUBS_CONTENT="represented" WC="0.75" CC="530500"/>
						<SP ID="P101_SP00149" HPOS="191" VPOS="1138" WIDTH="11"/>
						<String ID="P101_ST00170" HPOS="202" VPOS="1115" WIDTH="32" HEIGHT="31" CONTENT="by" WC="0.50" CC="09"/>
						<SP ID="P101_SP00150" HPOS="234" VPOS="1146" WIDTH="12"/>
						<String ID="P101_ST00171" HPOS="246" VPOS="1115" WIDTH="68" HEIGHT="31" CONTENT="boys." WC="0.90" CC="00040"/>
						<SP ID="P101_SP00151" HPOS="314" VPOS="1146" WIDTH="38"/>
						<String ID="P101_ST00172" HPOS="352" VPOS="1114" WIDTH="78" HEIGHT="27" CONTENT="Flute," WC="0.91" CC="040000"/>
						<SP ID="P101_SP00152" HPOS="430" VPOS="1146" WIDTH="14"/>
						<String ID="P101_ST00173" HPOS="444" VPOS="1115" WIDTH="24" HEIGHT="22" CONTENT="in" WC="0.26" CC="68"/>
						<SP ID="P101_SP00153" HPOS="468" VPOS="1146" WIDTH="22"/>
						<String ID="P101_ST00174" HPOS="490" VPOS="1115" WIDTH="162" HEIGHT="24" CONTENT="Midsummer" WC="0.89" CC="000320003"/>
						<SP ID="P101_SP00154" HPOS="652" VPOS="1146" WIDTH="13"/>
						<String ID="P101_ST00175" HPOS="665" VPOS="1117" WIDTH="92" HEIGHT="30" CONTENT="Nights" WC="0.70" CC="009601"/>
						<SP ID="P101_SP00155" HPOS="757" VPOS="1147" WIDTH="14"/>
						<String ID="P101_ST00176" HPOS="771" VPOS="1118" WIDTH="98" HEIGHT="26" CONTENT="Dream," WC="0.62" CC="130960"/>
						<SP ID="P101_SP00156" HPOS="869" VPOS="1147" WIDTH="21"/>
						<String ID="P101_ST00177" HPOS="890" VPOS="1126" WIDTH="63" HEIGHT="23" CONTENT="says," WC="0.70" CC="70070"/>
					</TextLine>
					<TextLine ID="P101_TL00022" HPOS="106" VPOS="1163" WIDTH="847" HEIGHT="37">
						<String ID="P101_ST00178" HPOS="106" VPOS="1167" WIDTH="14" HEIGHT="7" CONTENT='"' WC="0.48" CC="5"/>
						<SP ID="P101_SP00157" HPOS="120" VPOS="1174" WIDTH="14"/>
						<String ID="P101_ST00179" HPOS="134" VPOS="1163" WIDTH="46" HEIGHT="23" CONTENT="Let" WC="0.89" CC="101"/>
						<SP ID="P101_SP00158" HPOS="180" VPOS="1186" WIDTH="12"/>
						<String ID="P101_ST00180" HPOS="192" VPOS="1171" WIDTH="38" HEIGHT="14" CONTENT="me" WC="0.50" CC="90"/>
						<SP ID="P101_SP00159" HPOS="230" VPOS="1186" WIDTH="12"/>
						<String ID="P101_ST00181" HPOS="242" VPOS="1166" WIDTH="44" HEIGHT="19" CONTENT="not" WC="0.57" CC="750"/>
						<SP ID="P101_SP00160" HPOS="286" VPOS="1186" WIDTH="12"/>
						<String ID="P101_ST00182" HPOS="298" VPOS="1163" WIDTH="54" HEIGHT="31" CONTENT="play" WC="0.81" CC="0700"/>
						<SP ID="P101_SP00161" HPOS="352" VPOS="1194" WIDTH="14"/>
						<String ID="P101_ST00183" HPOS="366" VPOS="1171" WIDTH="13" HEIGHT="14" CONTENT="a" WC="0.79" CC="2"/>
						<SP ID="P101_SP00162" HPOS="379" VPOS="1194" WIDTH="11"/>
						<String ID="P101_ST00184" HPOS="390" VPOS="1171" WIDTH="103" HEIGHT="19" CONTENT="woman," WC="0.94" CC="003000"/>
						<SP ID="P101_SP00163" HPOS="493" VPOS="1194" WIDTH="23"/>
						<String ID="P101_ST00185" HPOS="516" VPOS="1164" WIDTH="11" HEIGHT="23" CONTENT="I" WC="1.00" CC="0"/>
						<SP ID="P101_SP00164" HPOS="527" VPOS="1194" WIDTH="13"/>
						<String ID="P101_ST00186" HPOS="540" VPOS="1165" WIDTH="60" HEIGHT="23" CONTENT="have" WC="0.81" CC="1060"/>
						<SP ID="P101_SP00165" HPOS="600" VPOS="1194" WIDTH="14"/>
						<String ID="P101_ST00187" HPOS="614" VPOS="1174" WIDTH="14" HEIGHT="14" CONTENT="a" WC="1.00" CC="0"/>
						<SP ID="P101_SP00166" HPOS="628" VPOS="1194" WIDTH="11"/>
						<String ID="P101_ST00188" HPOS="639" VPOS="1166" WIDTH="74" HEIGHT="23" CONTENT="beard" WC="0.90" CC="40000"/>
						<SP ID="P101_SP00167" HPOS="713" VPOS="1194" WIDTH="20"/>
						<String ID="P101_ST00189" HPOS="733" VPOS="1168" WIDTH="123" HEIGHT="30" CONTENT='coming."' WC="0.71" CC="30627002"/>
						<SP ID="P101_SP00168" HPOS="856" VPOS="1198" WIDTH="31"/>
						<String ID="P101_ST00190" HPOS="887" VPOS="1168" WIDTH="66" HEIGHT="32" CONTENT="Boys" WC="0.82" CC="0006"/>
					</TextLine>
					<TextLine ID="P101_TL00023" HPOS="104" VPOS="1212" WIDTH="849" HEIGHT="33">
						<String ID="P101_ST00191" HPOS="104" VPOS="1223" WIDTH="63" HEIGHT="15" CONTENT="were" WC="0.86" CC="0310"/>
						<SP ID="P101_SP00169" HPOS="167" VPOS="1238" WIDTH="12"/>
						<String ID="P101_ST00192" HPOS="179" VPOS="1213" WIDTH="94" HEIGHT="24" CONTENT="trained" WC="0.71" CC="0626500"/>
						<SP ID="P101_SP00170" HPOS="273" VPOS="1238" WIDTH="13"/>
						<String ID="P101_ST00193" HPOS="286" VPOS="1217" WIDTH="23" HEIGHT="19" CONTENT="at" WC="1.00" CC="00"/>
						<SP ID="P101_SP00171" HPOS="309" VPOS="1238" WIDTH="10"/>
						<String ID="P101_ST00194" HPOS="319" VPOS="1213" WIDTH="42" HEIGHT="23" CONTENT="the" WC="0.75" CC="070"/>
						<SP ID="P101_SP00172" HPOS="361" VPOS="1238" WIDTH="13"/>
						<String ID="P101_ST00195" HPOS="374" VPOS="1212" WIDTH="66" HEIGHT="32" CONTENT="royal" WC="0.74" CC="39000"/>
						<SP ID="P101_SP00173" HPOS="440" VPOS="1244" WIDTH="13"/>
						<String ID="P101_ST00196" HPOS="453" VPOS="1221" WIDTH="106" HEIGHT="22" CONTENT="expence" WC="0.74" CC="0900430"/>
						<SP ID="P101_SP00174" HPOS="559" VPOS="1244" WIDTH="13"/>
						<String ID="P101_ST00197" HPOS="572" VPOS="1213" WIDTH="37" HEIGHT="23" CONTENT="for" WC="0.42" CC="465"/>
						<SP ID="P101_SP00175" HPOS="609" VPOS="1244" WIDTH="20"/>
						<String ID="P101_ST00198" HPOS="629" VPOS="1217" WIDTH="69" HEIGHT="28" CONTENT="stage" WC="0.78" CC="41400"/>
						<SP ID="P101_SP00176" HPOS="698" VPOS="1245" WIDTH="10"/>
						<String ID="P101_ST00199" HPOS="708" VPOS="1214" WIDTH="186" HEIGHT="30" CONTENT="performances." WC="0.83" CC="0040036000051"/>
						<SP ID="P101_SP00177" HPOS="894" VPOS="1245" WIDTH="31"/>
						<String ID="P101_ST00200" HPOS="925" VPOS="1215" WIDTH="28" HEIGHT="22" CONTENT="In" WC="0.57" CC="08"/>
					</TextLine>
					<TextLine ID="P101_TL00024" HPOS="105" VPOS="1262" WIDTH="848" HEIGHT="30">
						<String ID="P101_ST00201" HPOS="105" VPOS="1263" WIDTH="85" HEIGHT="28" CONTENT="Queen" WC="0.80" CC="05004"/>
						<SP ID="P101_SP00178" HPOS="190" VPOS="1291" WIDTH="13"/>
						<String ID="P101_ST00202" HPOS="203" VPOS="1262" WIDTH="148" HEIGHT="23" CONTENT="Elizabeth's" WC="0.62" CC="04148305706"/>
						<SP ID="P101_SP00179" HPOS="351" VPOS="1291" WIDTH="21"/>
						<String ID="P101_ST00203" HPOS="372" VPOS="1262" WIDTH="59" HEIGHT="22" CONTENT="time" WC="0.81" CC="0250"/>
						<SP ID="P101_SP00180" HPOS="431" VPOS="1291" WIDTH="19"/>
						<String ID="P101_ST00204" HPOS="450" VPOS="1262" WIDTH="57" HEIGHT="30" CONTENT="they" WC="0.97" CC="0100"/>
						<SP ID="P101_SP00181" HPOS="507" VPOS="1292" WIDTH="21"/>
						<String ID="P101_ST00205" HPOS="528" VPOS="1270" WIDTH="61" HEIGHT="14" CONTENT="were" WC="1.00" CC="0000"/>
						<SP ID="P101_SP00182" HPOS="589" VPOS="1292" WIDTH="22"/>
						<String ID="P101_ST00206" HPOS="611" VPOS="1262" WIDTH="76" HEIGHT="22" CONTENT="called" WC="0.71" CC="093200"/>
						<SP ID="P101_SP00183" HPOS="687" VPOS="1292" WIDTH="20"/>
						<String ID="P101_ST00207" HPOS="707" VPOS="1266" WIDTH="14" HEIGHT="7" CONTENT='"' WC="0.26" CC="7"/>
						<SP ID="P101_SP00184" HPOS="721" VPOS="1292" WIDTH="11"/>
						<String ID="P101_ST00208" HPOS="732" VPOS="1262" WIDTH="115" HEIGHT="24" CONTENT="Children" WC="0.65" CC="06608005"/>
						<SP ID="P101_SP00185" HPOS="847" VPOS="1292" WIDTH="20"/>
						<String ID="P101_ST00209" HPOS="867" VPOS="1263" WIDTH="26" HEIGHT="22" CONTENT="of" WC="0.73" CC="50"/>
						<SP ID="P101_SP00186" HPOS="893" VPOS="1292" WIDTH="20"/>
						<String ID="P101_ST00210" HPOS="913" VPOS="1264" WIDTH="40" HEIGHT="22" CONTENT="the" WC="0.61" CC="650"/>
					</TextLine>
					<TextLine ID="P101_TL00025" HPOS="105" VPOS="1312" WIDTH="848" HEIGHT="33">
						<String ID="P101_ST00211" HPOS="105" VPOS="1315" WIDTH="109" HEIGHT="30" CONTENT='Chapel"' WC="0.68" CC="0609005"/>
						<SP ID="P101_SP00187" HPOS="214" VPOS="1345" WIDTH="9"/>
						<String ID="P101_ST00212" HPOS="223" VPOS="1323" WIDTH="28" HEIGHT="15" CONTENT="or" WC="0.82" CC="30"/>
						<SP ID="P101_SP00188" HPOS="251" VPOS="1345" WIDTH="12"/>
						<String ID="P101_ST00213" HPOS="263" VPOS="1317" WIDTH="16" HEIGHT="10" CONTENT='"' WC="0.62" CC="3"/>
						<SP ID="P101_SP00189" HPOS="279" VPOS="1345" WIDTH="9"/>
						<String ID="P101_ST00214" HPOS="288" VPOS="1314" WIDTH="42" HEIGHT="22" CONTENT="the" WC="0.92" CC="020"/>
						<SP ID="P101_SP00190" HPOS="330" VPOS="1345" WIDTH="12"/>
						<String ID="P101_ST00215" HPOS="342" VPOS="1313" WIDTH="108" HEIGHT="23" CONTENT="children" WC="0.72" CC="03300905"/>
						<SP ID="P101_SP00191" HPOS="450" VPOS="1345" WIDTH="9"/>
						<String ID="P101_ST00216" HPOS="459" VPOS="1313" WIDTH="25" HEIGHT="22" CONTENT="of" WC="1.00" CC="00"/>
						<SP ID="P101_SP00192" HPOS="484" VPOS="1345" WIDTH="10"/>
						<String ID="P101_ST00217" HPOS="494" VPOS="1312" WIDTH="87" HEIGHT="22" CONTENT='Pauls"' WC="0.50" CC="645605"/>
						<SP ID="P101_SP00193" HPOS="581" VPOS="1345" WIDTH="14"/>
						<String ID="P101_ST00218" HPOS="595" VPOS="1312" WIDTH="47" HEIGHT="22" CONTENT="and" WC="0.92" CC="020"/>
						<SP ID="P101_SP00194" HPOS="642" VPOS="1345" WIDTH="10"/>
						<String ID="P101_ST00219" HPOS="652" VPOS="1312" WIDTH="148" HEIGHT="26" CONTENT="afterwards," WC="0.75" CC="01006009090"/>
						<SP ID="P101_SP00195" HPOS="800" VPOS="1345" WIDTH="20"/>
						<String ID="P101_ST00220" HPOS="820" VPOS="1315" WIDTH="13" HEIGHT="8" CONTENT='"' WC="0.27" CC="7"/>
						<SP ID="P101_SP00196" HPOS="833" VPOS="1345" WIDTH="13"/>
						<String ID="P101_ST00221" HPOS="846" VPOS="1312" WIDTH="107" HEIGHT="23" CONTENT="children" WC="0.76" CC="07200027"/>
					</TextLine>
					<TextLine ID="P101_TL00026" HPOS="104" VPOS="1362" WIDTH="849" HEIGHT="31">
						<String ID="P101_ST00222" HPOS="104" VPOS="1365" WIDTH="26" HEIGHT="23" CONTENT="of" WC="0.47" CC="64"/>
						<SP ID="P101_SP00197" HPOS="130" VPOS="1388" WIDTH="18"/>
						<String ID="P101_ST00223" HPOS="148" VPOS="1365" WIDTH="40" HEIGHT="23" CONTENT="the" WC="0.83" CC="050"/>
						<SP ID="P101_SP00198" HPOS="188" VPOS="1388" WIDTH="21"/>
						<String ID="P101_ST00224" HPOS="209" VPOS="1363" WIDTH="104" HEIGHT="24" CONTENT='revels."' WC="0.79" CC="30005006"/>
						<SP ID="P101_SP00199" HPOS="313" VPOS="1388" WIDTH="49"/>
						<String ID="P101_ST00225" HPOS="362" VPOS="1363" WIDTH="78" HEIGHT="23" CONTENT="There" WC="0.81" CC="07001"/>
						<SP ID="P101_SP00200" HPOS="440" VPOS="1388" WIDTH="21"/>
						<String ID="P101_ST00226" HPOS="461" VPOS="1362" WIDTH="20" HEIGHT="23" CONTENT="is" WC="0.79" CC="03"/>
						<SP ID="P101_SP00201" HPOS="481" VPOS="1388" WIDTH="17"/>
						<String ID="P101_ST00227" HPOS="498" VPOS="1366" WIDTH="85" HEIGHT="19" CONTENT="extant" WC="0.92" CC="000040"/>
						<SP ID="P101_SP00202" HPOS="583" VPOS="1388" WIDTH="22"/>
						<String ID="P101_ST00228" HPOS="605" VPOS="1370" WIDTH="12" HEIGHT="14" CONTENT="a" WC="1.00" CC="0"/>
						<SP ID="P101_SP00203" HPOS="617" VPOS="1388" WIDTH="27"/>
						<String ID="P101_ST00229" HPOS="644" VPOS="1362" WIDTH="156" HEIGHT="22" CONTENT="commission" WC="0.61" CC="0403066447"/>
						<SP ID="P101_SP00204" HPOS="800" VPOS="1388" WIDTH="22"/>
						<String ID="P101_ST00230" HPOS="822" VPOS="1362" WIDTH="80" HEIGHT="22" CONTENT="issued" WC="0.66" CC="475300"/>
						<SP ID="P101_SP00205" HPOS="902" VPOS="1388" WIDTH="20"/>
						<String ID="P101_ST00231" HPOS="922" VPOS="1362" WIDTH="31" HEIGHT="31" CONTENT="by" WC="1.00" CC="00"/>
					</TextLine>
					<TextLine ID="P101_TL00027" HPOS="103" VPOS="1410" WIDTH="850" HEIGHT="32">
						<String ID="P101_ST00232" HPOS="103" VPOS="1414" WIDTH="86" HEIGHT="28" CONTENT="Queen" WC="0.74" CC="05007"/>
						<SP ID="P101_SP00206" HPOS="189" VPOS="1442" WIDTH="13"/>
						<String ID="P101_ST00233" HPOS="202" VPOS="1412" WIDTH="128" HEIGHT="24" CONTENT="Elizabeth" WC="0.65" CC="340095061"/>
						<SP ID="P101_SP00207" HPOS="330" VPOS="1442" WIDTH="12"/>
						<String ID="P101_ST00234" HPOS="342" VPOS="1412" WIDTH="47" HEIGHT="22" CONTENT="and" WC="0.79" CC="060"/>
						<SP ID="P101_SP00208" HPOS="389" VPOS="1442" WIDTH="24"/>
						<String ID="P101_ST00235" HPOS="413" VPOS="1411" WIDTH="105" HEIGHT="23" CONTENT="directed" WC="0.85" CC="03000430"/>
						<SP ID="P101_SP00209" HPOS="518" VPOS="1442" WIDTH="15"/>
						<String ID="P101_ST00236" HPOS="533" VPOS="1414" WIDTH="25" HEIGHT="19" CONTENT="to" WC="0.64" CC="07"/>
						<SP ID="P101_SP00210" HPOS="558" VPOS="1442" WIDTH="14"/>
						<String ID="P101_ST00237" HPOS="572" VPOS="1419" WIDTH="45" HEIGHT="14" CONTENT="one" WC="0.83" CC="050"/>
						<SP ID="P101_SP00211" HPOS="617" VPOS="1442" WIDTH="22"/>
						<String ID="P101_ST00238" HPOS="639" VPOS="1410" WIDTH="76" HEIGHT="27" CONTENT="Giles," WC="0.88" CC="000060"/>
						<SP ID="P101_SP00212" HPOS="715" VPOS="1442" WIDTH="21"/>
						<String ID="P101_ST00239" HPOS="736" VPOS="1414" WIDTH="15" HEIGHT="8" CONTENT='"' WC="0.47" CC="5"/>
						<SP ID="P101_SP00213" HPOS="751" VPOS="1442" WIDTH="14"/>
						<String ID="P101_ST00240" HPOS="765" VPOS="1414" WIDTH="89" HEIGHT="19" CONTENT="master" WC="0.73" CC="096000"/>
						<SP ID="P101_SP00214" HPOS="854" VPOS="1442" WIDTH="21"/>
						<String ID="P101_ST00241" HPOS="875" VPOS="1410" WIDTH="26" HEIGHT="23" CONTENT="of" WC="0.82" CC="03"/>
						<SP ID="P101_SP00215" HPOS="901" VPOS="1442" WIDTH="10"/>
						<String ID="P101_ST00242" HPOS="911" VPOS="1411" WIDTH="42" HEIGHT="22" CONTENT="the" WC="0.78" CC="060"/>
					</TextLine>
					<TextLine ID="P101_TL00028" HPOS="103" VPOS="1459" WIDTH="850" HEIGHT="32">
						<String ID="P101_ST00243" HPOS="103" VPOS="1463" WIDTH="109" HEIGHT="23" CONTENT="children" WC="0.80" CC="07600100"/>
						<SP ID="P101_SP00216" HPOS="212" VPOS="1486" WIDTH="13"/>
						<String ID="P101_ST00244" HPOS="225" VPOS="1462" WIDTH="27" HEIGHT="23" CONTENT="of" WC="0.82" CC="03"/>
						<SP ID="P101_SP00217" HPOS="252" VPOS="1486" WIDTH="11"/>
						<String ID="P101_ST00245" HPOS="263" VPOS="1461" WIDTH="95" HEIGHT="27" CONTENT='Pauls,"' WC="0.68" CC="6030604"/>
						<SP ID="P101_SP00218" HPOS="358" VPOS="1488" WIDTH="21"/>
						<String ID="P101_ST00246" HPOS="379" VPOS="1461" WIDTH="116" HEIGHT="30" CONTENT="ordering" WC="0.78" CC="00004470"/>
						<SP ID="P101_SP00219" HPOS="495" VPOS="1491" WIDTH="11"/>
						<String ID="P101_ST00247" HPOS="506" VPOS="1460" WIDTH="50" HEIGHT="23" CONTENT="him" WC="0.89" CC="030"/>
						<SP ID="P101_SP00220" HPOS="556" VPOS="1491" WIDTH="13"/>
						<String ID="P101_ST00248" HPOS="569" VPOS="1462" WIDTH="26" HEIGHT="20" CONTENT="to" WC="0.69" CC="06"/>
						<SP ID="P101_SP00221" HPOS="595" VPOS="1491" WIDTH="14"/>
						<String ID="P101_ST00249" HPOS="609" VPOS="1459" WIDTH="63" HEIGHT="23" CONTENT="seize" WC="0.81" CC="60300"/>
						<SP ID="P101_SP00222" HPOS="672" VPOS="1491" WIDTH="20"/>
						<String ID="P101_ST00250" HPOS="692" VPOS="1461" WIDTH="14" HEIGHT="10" CONTENT='"' WC="0.52" CC="4"/>
						<SP ID="P101_SP00223" HPOS="706" VPOS="1491" WIDTH="12"/>
						<String ID="P101_ST00251" HPOS="718" VPOS="1459" WIDTH="86" HEIGHT="23" CONTENT="within" WC="0.47" CC="055757"/>
						<SP ID="P101_SP00224" HPOS="804" VPOS="1491" WIDTH="22"/>
						<String ID="P101_ST00252" HPOS="826" VPOS="1467" WIDTH="47" HEIGHT="22" CONTENT="any" WC="0.96" CC="010"/>
						<SP ID="P101_SP00225" HPOS="873" VPOS="1491" WIDTH="13"/>
						<String ID="P101_ST00253" HPOS="886" VPOS="1459" WIDTH="67" HEIGHT="30" CONTENT="place" WC="0.56" CC="94700"/>
					</TextLine>
					<TextLine ID="P101_TL00029" HPOS="103" VPOS="1509" WIDTH="850" HEIGHT="30">
						<String ID="P101_ST00254" HPOS="103" VPOS="1511" WIDTH="26" HEIGHT="22" CONTENT="of" WC="1.00" CC="00"/>
						<SP ID="P101_SP00226" HPOS="129" VPOS="1533" WIDTH="12"/>
						<String ID="P101_ST00255" HPOS="141" VPOS="1517" WIDTH="43" HEIGHT="16" CONTENT="our" WC="0.61" CC="470"/>
						<SP ID="P101_SP00227" HPOS="184" VPOS="1533" WIDTH="13"/>
						<String ID="P101_ST00256" HPOS="197" VPOS="1510" WIDTH="89" HEIGHT="23" CONTENT="realme" WC="0.88" CC="001500"/>
						<SP ID="P101_SP00228" HPOS="286" VPOS="1533" WIDTH="13"/>
						<String ID="P101_ST00257" HPOS="299" VPOS="1509" WIDTH="27" HEIGHT="23" CONTENT="of" WC="0.80" CC="03"/>
						<SP ID="P101_SP00229" HPOS="326" VPOS="1533" WIDTH="10"/>
						<String ID="P101_ST00258" HPOS="336" VPOS="1509" WIDTH="114" HEIGHT="30" CONTENT="England" WC="0.73" CC="0805040"/>
						<SP ID="P101_SP00230" HPOS="450" VPOS="1539" WIDTH="23"/>
						<String ID="P101_ST00259" HPOS="473" VPOS="1509" WIDTH="48" HEIGHT="23" CONTENT="and" WC="0.72" CC="080"/>
						<SP ID="P101_SP00231" HPOS="521" VPOS="1539" WIDTH="13"/>
						<String ID="P101_ST00260" HPOS="534" VPOS="1509" WIDTH="83" HEIGHT="23" CONTENT="Wales" WC="0.76" CC="00506"/>
						<SP ID="P101_SP00232" HPOS="617" VPOS="1539" WIDTH="14"/>
						<String ID="P101_ST00261" HPOS="631" VPOS="1517" WIDTH="47" HEIGHT="22" CONTENT="any" WC="0.86" CC="040"/>
						<SP ID="P101_SP00233" HPOS="678" VPOS="1539" WIDTH="13"/>
						<String ID="P101_ST00262" HPOS="691" VPOS="1509" WIDTH="108" HEIGHT="23" CONTENT="children" WC="0.84" CC="01040105"/>
						<SP ID="P101_SP00234" HPOS="799" VPOS="1539" WIDTH="13"/>
						<String ID="P101_ST00263" HPOS="812" VPOS="1509" WIDTH="79" HEIGHT="23" CONTENT="whom" WC="0.60" CC="0366"/>
						<SP ID="P101_SP00235" HPOS="891" VPOS="1539" WIDTH="15"/>
						<String ID="P101_ST00264" HPOS="906" VPOS="1517" WIDTH="47" HEIGHT="22" CONTENT="you" WC="0.55" CC="067"/>
					</TextLine>
					<TextLine ID="P101_TL00030" HPOS="105" VPOS="1557" WIDTH="848" HEIGHT="31">
						<String ID="P101_ST00265" HPOS="105" VPOS="1559" WIDTH="60" HEIGHT="23" CONTENT="shall" WC="0.36" CC="66954"/>
						<SP ID="P101_SP00236" HPOS="165" VPOS="1582" WIDTH="24"/>
						<String ID="P101_ST00266" HPOS="189" VPOS="1559" WIDTH="69" HEIGHT="23" CONTENT="deem" WC="0.95" CC="0001"/>
						<SP ID="P101_SP00237" HPOS="258" VPOS="1582" WIDTH="13"/>
						<String ID="P101_ST00267" HPOS="271" VPOS="1560" WIDTH="55" HEIGHT="28" CONTENT="apte" WC="0.83" CC="6000"/>
						<SP ID="P101_SP00238" HPOS="326" VPOS="1588" WIDTH="14"/>
						<String ID="P101_ST00268" HPOS="340" VPOS="1557" WIDTH="47" HEIGHT="23" CONTENT="and" WC="0.48" CC="860"/>
						<SP ID="P101_SP00239" HPOS="387" VPOS="1588" WIDTH="14"/>
						<String ID="P101_ST00269" HPOS="401" VPOS="1562" WIDTH="78" HEIGHT="18" CONTENT="meete" WC="0.74" CC="90300"/>
						<SP ID="P101_SP00240" HPOS="479" VPOS="1588" WIDTH="20"/>
						<String ID="P101_ST00270" HPOS="499" VPOS="1561" WIDTH="25" HEIGHT="19" CONTENT="to" WC="0.72" CC="05"/>
						<SP ID="P101_SP00241" HPOS="524" VPOS="1588" WIDTH="13"/>
						<String ID="P101_ST00271" HPOS="537" VPOS="1558" WIDTH="103" HEIGHT="23" CONTENT="instruct" WC="0.75" CC="23511400"/>
						<SP ID="P101_SP00242" HPOS="640" VPOS="1588" WIDTH="22"/>
						<String ID="P101_ST00272" HPOS="662" VPOS="1558" WIDTH="25" HEIGHT="22" CONTENT="in" WC="0.70" CC="50"/>
						<SP ID="P101_SP00243" HPOS="687" VPOS="1588" WIDTH="13"/>
						<String ID="P101_ST00273" HPOS="700" VPOS="1558" WIDTH="99" HEIGHT="30" CONTENT="singing" WC="0.53" CC="7079160"/>
						<SP ID="P101_SP00244" HPOS="799" VPOS="1588" WIDTH="12"/>
						<String ID="P101_ST00274" HPOS="811" VPOS="1558" WIDTH="48" HEIGHT="22" CONTENT="and" WC="0.82" CC="050"/>
						<SP ID="P101_SP00245" HPOS="859" VPOS="1588" WIDTH="20"/>
						<String ID="P101_ST00275" HPOS="879" VPOS="1561" WIDTH="74" HEIGHT="27" CONTENT="stage" SUBS_TYPE="HypPart1" SUBS_CONTENT="stageplays," WC="0.63" CC="804503"/>
						<HYP CONTENT="-"/>
					</TextLine>
					<TextLine ID="P101_TL00031" HPOS="98" VPOS="1605" WIDTH="855" HEIGHT="33">
						<String ID="P101_ST00276" HPOS="98" VPOS="1607" WIDTH="77" HEIGHT="31" CONTENT="plays," SUBS_TYPE="HypPart2" SUBS_CONTENT="stageplays," WC="1.00" CC="000000"/>
						<SP ID="P101_SP00246" HPOS="175" VPOS="1638" WIDTH="11"/>
						<String ID="P101_ST00277" HPOS="186" VPOS="1607" WIDTH="103" HEIGHT="23" CONTENT="without" WC="0.78" CC="0500071"/>
						<SP ID="P101_SP00247" HPOS="289" VPOS="1638" WIDTH="8"/>
						<String ID="P101_ST00278" HPOS="297" VPOS="1615" WIDTH="46" HEIGHT="22" CONTENT="any" WC="0.61" CC="650"/>
						<SP ID="P101_SP00248" HPOS="343" VPOS="1638" WIDTH="9"/>
						<String ID="P101_ST00279" HPOS="352" VPOS="1605" WIDTH="66" HEIGHT="27" CONTENT="letts," WC="0.76" CC="300063"/>
						<SP ID="P101_SP00249" HPOS="418" VPOS="1638" WIDTH="10"/>
						<String ID="P101_ST00280" HPOS="428" VPOS="1609" WIDTH="75" HEIGHT="26" CONTENT="staye," WC="0.70" CC="700604"/>
						<SP ID="P101_SP00250" HPOS="503" VPOS="1638" WIDTH="11"/>
						<String ID="P101_ST00281" HPOS="514" VPOS="1613" WIDTH="26" HEIGHT="14" CONTENT="or" WC="0.38" CC="57"/>
						<SP ID="P101_SP00251" HPOS="540" VPOS="1638" WIDTH="9"/>
						<String ID="P101_ST00282" HPOS="549" VPOS="1605" WIDTH="161" HEIGHT="30" CONTENT="interruption" WC="0.78" CC="400003002636"/>
						<SP ID="P101_SP00252" HPOS="710" VPOS="1638" WIDTH="13"/>
						<String ID="P101_ST00283" HPOS="723" VPOS="1609" WIDTH="26" HEIGHT="18" CONTENT="to" WC="0.82" CC="03"/>
						<SP ID="P101_SP00253" HPOS="749" VPOS="1638" WIDTH="11"/>
						<String ID="P101_ST00284" HPOS="760" VPOS="1605" WIDTH="41" HEIGHT="22" CONTENT="the" WC="0.67" CC="270"/>
						<SP ID="P101_SP00254" HPOS="801" VPOS="1638" WIDTH="13"/>
						<String ID="P101_ST00285" HPOS="814" VPOS="1605" WIDTH="139" HEIGHT="31" CONTENT='contrary."' WC="0.66" CC="0683106007"/>
					</TextLine>
					<TextLine ID="P101_TL00032" HPOS="101" VPOS="1652" WIDTH="852" HEIGHT="30">
						<String ID="P101_ST00286" HPOS="101" VPOS="1659" WIDTH="79" HEIGHT="23" CONTENT="These" WC="0.71" CC="07070"/>
						<SP ID="P101_SP00255" HPOS="180" VPOS="1682" WIDTH="13"/>
						<String ID="P101_ST00287" HPOS="193" VPOS="1665" WIDTH="40" HEIGHT="16" CONTENT="are" WC="0.78" CC="023"/>
						<SP ID="P101_SP00256" HPOS="233" VPOS="1682" WIDTH="14"/>
						<String ID="P101_ST00288" HPOS="247" VPOS="1657" WIDTH="39" HEIGHT="23" CONTENT="the" WC="0.39" CC="575"/>
						<SP ID="P101_SP00257" HPOS="286" VPOS="1682" WIDTH="15"/>
						<String ID="P101_ST00289" HPOS="301" VPOS="1656" WIDTH="109" HEIGHT="23" CONTENT="children" WC="0.79" CC="07100106"/>
						<SP ID="P101_SP00258" HPOS="410" VPOS="1682" WIDTH="14"/>
						<String ID="P101_ST00290" HPOS="424" VPOS="1654" WIDTH="25" HEIGHT="23" CONTENT="of" WC="0.67" CC="24"/>
						<SP ID="P101_SP00259" HPOS="449" VPOS="1682" WIDTH="11"/>
						<String ID="P101_ST00291" HPOS="460" VPOS="1654" WIDTH="81" HEIGHT="22" CONTENT="whom" WC="0.72" CC="7003"/>
						<SP ID="P101_SP00260" HPOS="541" VPOS="1682" WIDTH="14"/>
						<String ID="P101_ST00292" HPOS="555" VPOS="1652" WIDTH="151" HEIGHT="30" CONTENT="Shakspeare" WC="0.54" CC="1490580860"/>
						<SP ID="P101_SP00261" HPOS="706" VPOS="1682" WIDTH="14"/>
						<String ID="P101_ST00293" HPOS="720" VPOS="1659" WIDTH="55" HEIGHT="23" CONTENT="says" WC="0.72" CC="6004"/>
						<SP ID="P101_SP00262" HPOS="775" VPOS="1682" WIDTH="20"/>
						<String ID="P101_ST00294" HPOS="795" VPOS="1652" WIDTH="114" HEIGHT="30" CONTENT="(perhaps" WC="0.81" CC="20001604"/>
						<SP ID="P101_SP00263" HPOS="909" VPOS="1682" WIDTH="13"/>
						<String ID="P101_ST00295" HPOS="922" VPOS="1660" WIDTH="31" HEIGHT="15" CONTENT="on" WC="0.62" CC="07"/>
					</TextLine>
					<TextLine ID="P101_TL00033" HPOS="102" VPOS="1701" WIDTH="851" HEIGHT="31">
						<String ID="P101_ST00296" HPOS="102" VPOS="1709" WIDTH="102" HEIGHT="19" CONTENT="account" WC="0.62" CC="9026160"/>
						<SP ID="P101_SP00264" HPOS="204" VPOS="1728" WIDTH="21"/>
						<String ID="P101_ST00297" HPOS="225" VPOS="1704" WIDTH="26" HEIGHT="23" CONTENT="of" WC="0.21" CC="95"/>
						<SP ID="P101_SP00265" HPOS="251" VPOS="1728" WIDTH="18"/>
						<String ID="P101_ST00298" HPOS="269" VPOS="1704" WIDTH="63" HEIGHT="22" CONTENT="their" WC="0.80" CC="06021"/>
						<SP ID="P101_SP00266" HPOS="332" VPOS="1728" WIDTH="13"/>
						<String ID="P101_ST00299" HPOS="345" VPOS="1703" WIDTH="115" HEIGHT="29" CONTENT="affecting" WC="0.71" CC="000605580"/>
						<SP ID="P101_SP00267" HPOS="460" VPOS="1732" WIDTH="13"/>
						<String ID="P101_ST00300" HPOS="473" VPOS="1702" WIDTH="37" HEIGHT="23" CONTENT="his" WC="0.41" CC="565"/>
						<SP ID="P101_SP00268" HPOS="510" VPOS="1732" WIDTH="19"/>
						<String ID="P101_ST00301" HPOS="529" VPOS="1701" WIDTH="103" HEIGHT="31" CONTENT="receipts" WC="0.79" CC="20053005"/>
						<SP ID="P101_SP00269" HPOS="632" VPOS="1732" WIDTH="9"/>
						<String ID="P101_ST00302" HPOS="641" VPOS="1704" WIDTH="24" HEIGHT="20" CONTENT="at" WC="0.70" CC="60"/>
						<SP ID="P101_SP00270" HPOS="665" VPOS="1732" WIDTH="17"/>
						<String ID="P101_ST00303" HPOS="682" VPOS="1701" WIDTH="165" HEIGHT="31" CONTENT="Blackfriars')" WC="0.68" CC="0557044412600"/>
						<String ID="P101_ST00304" HPOS="850" VPOS="1715" WIDTH="33" HEIGHT="3" CONTENT="—" WC="0.20" CC="8"/>
						<String ID="P101_ST00305" HPOS="886" VPOS="1706" WIDTH="13" HEIGHT="8" CONTENT='"' WC="0.36" CC="6"/>
						<SP ID="P101_SP00271" HPOS="899" VPOS="1732" WIDTH="15"/>
						<String ID="P101_ST00306" HPOS="914" VPOS="1703" WIDTH="39" HEIGHT="22" CONTENT="An" WC="0.85" CC="02"/>
					</TextLine>
				</TextBlock>
				<TextBlock ID="P101_TB00005" HPOS="308" VPOS="1753" WIDTH="50" HEIGHT="20" STYLEREFS="TXT_0 PAR_LEFT">
					<TextLine ID="P101_TL00034" HPOS="308" VPOS="1754" WIDTH="50" HEIGHT="19">
						<String ID="P101_ST00307" HPOS="308" VPOS="1760" WIDTH="16" HEIGHT="13" CONTENT="n" WC="1.00" CC="0"/>
						<SP ID="P101_SP00272" HPOS="324" VPOS="1773" WIDTH="22"/>
						<String ID="P101_ST00308" HPOS="346" VPOS="1754" WIDTH="12" HEIGHT="19" CONTENT="2" WC="0.01" CC="9"/>
					</TextLine>
				</TextBlock>
			</PrintSpace>
		</Page>
	</Layout>
</alto>
