<?xml version="1.0" encoding="UTF-8"?>
<alto xmlns:xsi="http://www.w3.org/2001/XMLSchema-instance" xsi:noNamespaceSchemaLocation="http://www.bl.uk/schemas/alto/alto-1-4.xsd" xmlns:xlink="http://www.w3.org/1999/xlink">
	<Description>
		<MeasurementUnit>mm10</MeasurementUnit>
		<sourceImageInformation>
			<fileName>//head1/IN/2008-22/A0011651692/008561.jp2</fileName>
		</sourceImageInformation>
		<OCRProcessing ID="OCRPROCESSING_1">
			<preProcessingStep>
				<processingSoftware>
					<softwareCreator>CCS Content Conversion Specialists GmbH, Germany</softwareCreator>
					<softwareName>CCS docWORKS</softwareName>
					<softwareVersion>6.1-0.67</softwareVersion>
				</processingSoftware>
			</preProcessingStep>
			<ocrProcessingStep>
				<processingSoftware>
					<softwareCreator>ABBYY (BIT Software), Russia</softwareCreator>
					<softwareName>Finereader</softwareName>
				</processingSoftware>
			</ocrProcessingStep>
		</OCRProcessing>
	</Description>
	<Styles>
		<TextStyle ID="TXT_0" FONTSIZE="9" FONTFAMILY="Courier New"/>
		<TextStyle ID="TXT_1" FONTSIZE="10" FONTFAMILY="Courier New"/>
		<ParagraphStyle ID="PAR_CENTER" ALIGN="Center"/>
		<ParagraphStyle ID="PAR_RIGHT" ALIGN="Right"/>
		<ParagraphStyle ID="PAR_LEFT" ALIGN="Left"/>
	</Styles>
	<Layout>
		<Page ID="P169" PHYSICAL_IMG_NR="169" HEIGHT="1619" WIDTH="1023" PRINTED_IMG_NR="155" POSITION="Right" ACCURACY="77.60">
			<TopMargin ID="P169_TM00001" HPOS="0" VPOS="0" WIDTH="1022" HEIGHT="120">
				<TextBlock ID="P169_TB00001" HPOS="359" VPOS="100" WIDTH="322" HEIGHT="17" STYLEREFS="TXT_0 PAR_CENTER">
					<TextLine ID="P169_TL00001" HPOS="360" VPOS="102" WIDTH="321" HEIGHT="15">
						<String ID="P169_ST00001" HPOS="360" VPOS="102" WIDTH="131" HEIGHT="15" CONTENT="GIRALDUS" WC="0.38" CC="77909662"/>
						<SP ID="P169_SP00001" HPOS="491" VPOS="117" WIDTH="15"/>
						<String ID="P169_ST00002" HPOS="506" VPOS="102" WIDTH="175" HEIGHT="15" CONTENT="CAMBRENSIS." WC="0.62" CC="17007391540"/>
					</TextLine>
				</TextBlock>
				<TextBlock ID="P169_TB00002" HPOS="891" VPOS="95" WIDTH="47" HEIGHT="23" STYLEREFS="TXT_1 PAR_RIGHT">
					<TextLine ID="P169_TL00002" HPOS="891" VPOS="95" WIDTH="47" HEIGHT="23">
						<String ID="P169_ST00003" HPOS="891" VPOS="95" WIDTH="47" HEIGHT="23" CONTENT="155" WC="1.00" CC="000"/>
					</TextLine>
				</TextBlock>
			</TopMargin>
			<LeftMargin ID="P169_LM00001" HPOS="0" VPOS="120" WIDTH="93" HEIGHT="1424"/>
			<RightMargin ID="P169_RM00001" HPOS="942" VPOS="120" WIDTH="80" HEIGHT="1424"/>
			<BottomMargin ID="P169_BM00001" HPOS="0" VPOS="1544" WIDTH="1022" HEIGHT="74"/>
			<PrintSpace ID="P169_PS00001" HPOS="93" VPOS="120" WIDTH="849" HEIGHT="1424">
				<TextBlock ID="P169_TB00003" HPOS="96" VPOS="158" WIDTH="846" HEIGHT="395" STYLEREFS="TXT_0 PAR_LEFT">
					<TextLine ID="P169_TL00003" HPOS="97" VPOS="158" WIDTH="844" HEIGHT="34">
						<String ID="P169_ST00004" HPOS="97" VPOS="163" WIDTH="24" HEIGHT="19" CONTENT="to" WC="0.82" CC="03"/>
						<SP ID="P169_SP00002" HPOS="121" VPOS="182" WIDTH="14"/>
						<String ID="P169_ST00005" HPOS="135" VPOS="158" WIDTH="68" HEIGHT="32" CONTENT="King" WC="0.83" CC="0410"/>
						<SP ID="P169_SP00003" HPOS="203" VPOS="190" WIDTH="12"/>
						<String ID="P169_ST00006" HPOS="215" VPOS="158" WIDTH="115" HEIGHT="27" CONTENT="Richard," WC="0.85" CC="50060000"/>
						<SP ID="P169_SP00004" HPOS="330" VPOS="190" WIDTH="13"/>
						<String ID="P169_ST00007" HPOS="343" VPOS="159" WIDTH="62" HEIGHT="26" CONTENT="who," WC="0.99" CC="0000"/>
						<SP ID="P169_SP00005" HPOS="405" VPOS="190" WIDTH="10"/>
						<String ID="P169_ST00008" HPOS="415" VPOS="160" WIDTH="76" HEIGHT="31" CONTENT="dying" WC="0.69" CC="09050"/>
						<SP ID="P169_SP00006" HPOS="491" VPOS="191" WIDTH="13"/>
						<String ID="P169_ST00009" HPOS="504" VPOS="159" WIDTH="84" HEIGHT="24" CONTENT="before" WC="0.89" CC="104000"/>
						<SP ID="P169_SP00007" HPOS="588" VPOS="191" WIDTH="11"/>
						<String ID="P169_ST00010" HPOS="599" VPOS="161" WIDTH="19" HEIGHT="22" CONTENT="it" WC="0.67" CC="60"/>
						<SP ID="P169_SP00008" HPOS="618" VPOS="191" WIDTH="10"/>
						<String ID="P169_ST00011" HPOS="628" VPOS="168" WIDTH="47" HEIGHT="15" CONTENT="was" WC="0.78" CC="401"/>
						<SP ID="P169_SP00009" HPOS="675" VPOS="191" WIDTH="10"/>
						<String ID="P169_ST00012" HPOS="685" VPOS="160" WIDTH="96" HEIGHT="29" CONTENT="settled," WC="0.74" CC="45055000"/>
						<SP ID="P169_SP00010" HPOS="781" VPOS="191" WIDTH="11"/>
						<String ID="P169_ST00013" HPOS="792" VPOS="161" WIDTH="40" HEIGHT="23" CONTENT="the" WC="0.81" CC="050"/>
						<SP ID="P169_SP00011" HPOS="832" VPOS="191" WIDTH="9"/>
						<String ID="P169_ST00014" HPOS="841" VPOS="161" WIDTH="100" HEIGHT="31" CONTENT="chapter" WC="0.84" CC="0500103"/>
					</TextLine>
					<TextLine ID="P169_TL00004" HPOS="96" VPOS="192" WIDTH="846" HEIGHT="33">
						<String ID="P169_ST00015" HPOS="96" VPOS="193" WIDTH="128" HEIGHT="31" CONTENT="presented" WC="0.88" CC="030007000"/>
						<SP ID="P169_SP00012" HPOS="224" VPOS="224" WIDTH="13"/>
						<String ID="P169_ST00016" HPOS="237" VPOS="196" WIDTH="26" HEIGHT="20" CONTENT="to" WC="1.00" CC="00"/>
						<SP ID="P169_SP00013" HPOS="263" VPOS="224" WIDTH="13"/>
						<String ID="P169_ST00017" HPOS="276" VPOS="192" WIDTH="68" HEIGHT="32" CONTENT="King" WC="0.67" CC="0660"/>
						<SP ID="P169_SP00014" HPOS="344" VPOS="224" WIDTH="13"/>
						<String ID="P169_ST00018" HPOS="357" VPOS="193" WIDTH="65" HEIGHT="24" CONTENT="John" WC="0.94" CC="0002"/>
						<SP ID="P169_SP00015" HPOS="422" VPOS="224" WIDTH="14"/>
						<String ID="P169_ST00019" HPOS="436" VPOS="193" WIDTH="83" HEIGHT="23" CONTENT="letters" WC="0.69" CC="0056054"/>
						<SP ID="P169_SP00016" HPOS="519" VPOS="224" WIDTH="16"/>
						<String ID="P169_ST00020" HPOS="535" VPOS="194" WIDTH="224" HEIGHT="31" CONTENT="recommendatory" WC="0.90" CC="06000007000000"/>
						<SP ID="P169_SP00017" HPOS="759" VPOS="225" WIDTH="14"/>
						<String ID="P169_ST00021" HPOS="773" VPOS="195" WIDTH="23" HEIGHT="22" CONTENT="in" WC="0.73" CC="50"/>
						<SP ID="P169_SP00018" HPOS="796" VPOS="225" WIDTH="16"/>
						<String ID="P169_ST00022" HPOS="812" VPOS="194" WIDTH="85" HEIGHT="24" CONTENT="favour" WC="0.73" CC="033350"/>
						<SP ID="P169_SP00019" HPOS="897" VPOS="225" WIDTH="18"/>
						<String ID="P169_ST00023" HPOS="915" VPOS="195" WIDTH="27" HEIGHT="23" CONTENT="of" WC="0.85" CC="20"/>
					</TextLine>
					<TextLine ID="P169_TL00005" HPOS="97" VPOS="226" WIDTH="844" HEIGHT="34">
						<String ID="P169_ST00024" HPOS="97" VPOS="226" WIDTH="129" HEIGHT="28" CONTENT="Giraldus;" WC="0.67" CC="050900093"/>
						<SP ID="P169_SP00020" HPOS="226" VPOS="254" WIDTH="21"/>
						<String ID="P169_ST00025" HPOS="247" VPOS="228" WIDTH="43" HEIGHT="22" CONTENT="but" WC="0.81" CC="500"/>
						<SP ID="P169_SP00021" HPOS="290" VPOS="254" WIDTH="13"/>
						<String ID="P169_ST00026" HPOS="303" VPOS="227" WIDTH="40" HEIGHT="23" CONTENT="the" WC="0.87" CC="030"/>
						<SP ID="P169_SP00022" HPOS="343" VPOS="254" WIDTH="13"/>
						<String ID="P169_ST00027" HPOS="356" VPOS="226" WIDTH="121" HEIGHT="24" CONTENT="influence" WC="0.81" CC="260020210"/>
						<SP ID="P169_SP00023" HPOS="477" VPOS="254" WIDTH="18"/>
						<String ID="P169_ST00028" HPOS="495" VPOS="227" WIDTH="27" HEIGHT="23" CONTENT="of" WC="0.65" CC="15"/>
						<SP ID="P169_SP00024" HPOS="522" VPOS="254" WIDTH="9"/>
						<String ID="P169_ST00029" HPOS="531" VPOS="228" WIDTH="41" HEIGHT="23" CONTENT="the" WC="1.00" CC="000"/>
						<SP ID="P169_SP00025" HPOS="572" VPOS="254" WIDTH="13"/>
						<String ID="P169_ST00030" HPOS="585" VPOS="228" WIDTH="159" HEIGHT="30" CONTENT="Archbishop" WC="0.86" CC="0270003000"/>
						<SP ID="P169_SP00026" HPOS="744" VPOS="258" WIDTH="8"/>
						<String ID="P169_ST00031" HPOS="752" VPOS="228" WIDTH="28" HEIGHT="23" CONTENT="of" WC="0.83" CC="03"/>
						<SP ID="P169_SP00027" HPOS="780" VPOS="258" WIDTH="7"/>
						<String ID="P169_ST00032" HPOS="787" VPOS="229" WIDTH="154" HEIGHT="31" CONTENT="Canterbury" WC="0.73" CC="0067046010"/>
					</TextLine>
					<TextLine ID="P169_TL00006" HPOS="96" VPOS="261" WIDTH="845" HEIGHT="33">
						<String ID="P169_ST00033" HPOS="96" VPOS="261" WIDTH="130" HEIGHT="30" CONTENT="prevailed," WC="0.92" CC="0000000600"/>
						<SP ID="P169_SP00028" HPOS="226" VPOS="291" WIDTH="23"/>
						<String ID="P169_ST00034" HPOS="249" VPOS="262" WIDTH="47" HEIGHT="22" CONTENT="and" WC="0.63" CC="910"/>
						<SP ID="P169_SP00029" HPOS="296" VPOS="291" WIDTH="24"/>
						<String ID="P169_ST00035" HPOS="320" VPOS="261" WIDTH="41" HEIGHT="23" CONTENT="the" WC="0.75" CC="042"/>
						<SP ID="P169_SP00030" HPOS="361" VPOS="291" WIDTH="25"/>
						<String ID="P169_ST00036" HPOS="386" VPOS="261" WIDTH="145" HEIGHT="30" CONTENT="application" WC="0.98" CC="00000000002"/>
						<SP ID="P169_SP00031" HPOS="531" VPOS="291" WIDTH="24"/>
						<String ID="P169_ST00037" HPOS="555" VPOS="269" WIDTH="47" HEIGHT="15" CONTENT="was" WC="1.00" CC="000"/>
						<SP ID="P169_SP00032" HPOS="602" VPOS="291" WIDTH="24"/>
						<String ID="P169_ST00038" HPOS="626" VPOS="261" WIDTH="178" HEIGHT="24" CONTENT="unsuccessful." WC="0.83" CC="6300000470000"/>
						<SP ID="P169_SP00033" HPOS="804" VPOS="291" WIDTH="37"/>
						<String ID="P169_ST00039" HPOS="841" VPOS="262" WIDTH="100" HEIGHT="32" CONTENT="Shortly" WC="0.67" CC="4920060"/>
					</TextLine>
					<TextLine ID="P169_TL00007" HPOS="96" VPOS="294" WIDTH="844" HEIGHT="27">
						<String ID="P169_ST00040" HPOS="96" VPOS="294" WIDTH="61" HEIGHT="24" CONTENT="after" WC="0.61" CC="70605"/>
						<SP ID="P169_SP00034" HPOS="157" VPOS="318" WIDTH="20"/>
						<String ID="P169_ST00041" HPOS="177" VPOS="296" WIDTH="47" HEIGHT="22" CONTENT="this" WC="0.66" CC="2047"/>
						<SP ID="P169_SP00035" HPOS="224" VPOS="318" WIDTH="20"/>
						<String ID="P169_ST00042" HPOS="244" VPOS="295" WIDTH="115" HEIGHT="23" CONTENT="Giraldus" WC="0.84" CC="05000070"/>
						<SP ID="P169_SP00036" HPOS="359" VPOS="318" WIDTH="19"/>
						<String ID="P169_ST00043" HPOS="378" VPOS="296" WIDTH="113" HEIGHT="22" CONTENT="revisited" WC="0.81" CC="600350000"/>
						<SP ID="P169_SP00037" HPOS="491" VPOS="318" WIDTH="26"/>
						<String ID="P169_ST00044" HPOS="517" VPOS="295" WIDTH="35" HEIGHT="23" CONTENT="St." WC="1.00" CC="000"/>
						<SP ID="P169_SP00038" HPOS="552" VPOS="318" WIDTH="26"/>
						<String ID="P169_ST00045" HPOS="578" VPOS="295" WIDTH="110" HEIGHT="26" CONTENT="David's," WC="0.93" CC="00000040"/>
						<SP ID="P169_SP00039" HPOS="688" VPOS="321" WIDTH="21"/>
						<String ID="P169_ST00046" HPOS="709" VPOS="298" WIDTH="14" HEIGHT="11" CONTENT='"' WC="0.71" CC="2"/>
						<SP ID="P169_SP00040" HPOS="723" VPOS="321" WIDTH="10"/>
						<String ID="P169_ST00047" HPOS="733" VPOS="296" WIDTH="79" HEIGHT="22" CONTENT="where" WC="0.88" CC="00140"/>
						<SP ID="P169_SP00041" HPOS="812" VPOS="321" WIDTH="25"/>
						<String ID="P169_ST00048" HPOS="837" VPOS="296" WIDTH="30" HEIGHT="22" CONTENT="he" WC="0.66" CC="60"/>
						<SP ID="P169_SP00042" HPOS="867" VPOS="321" WIDTH="25"/>
						<String ID="P169_ST00049" HPOS="892" VPOS="304" WIDTH="48" HEIGHT="15" CONTENT="was" WC="0.85" CC="004"/>
					</TextLine>
					<TextLine ID="P169_TL00008" HPOS="97" VPOS="329" WIDTH="843" HEIGHT="32">
						<String ID="P169_ST00050" HPOS="97" VPOS="329" WIDTH="113" HEIGHT="22" CONTENT="received" WC="0.87" CC="20000070"/>
						<SP ID="P169_SP00043" HPOS="210" VPOS="351" WIDTH="22"/>
						<String ID="P169_ST00051" HPOS="232" VPOS="329" WIDTH="56" HEIGHT="22" CONTENT="with" WC="0.66" CC="0426"/>
						<SP ID="P169_SP00044" HPOS="288" VPOS="351" WIDTH="20"/>
						<String ID="P169_ST00052" HPOS="308" VPOS="329" WIDTH="40" HEIGHT="22" CONTENT="the" WC="0.90" CC="020"/>
						<SP ID="P169_SP00045" HPOS="348" VPOS="351" WIDTH="19"/>
						<String ID="P169_ST00053" HPOS="367" VPOS="332" WIDTH="105" HEIGHT="27" CONTENT="greatest" WC="0.67" CC="84004116"/>
						<SP ID="P169_SP00046" HPOS="472" VPOS="359" WIDTH="13"/>
						<String ID="P169_ST00054" HPOS="485" VPOS="329" WIDTH="45" HEIGHT="31" CONTENT="joy" WC="1.00" CC="000"/>
						<SP ID="P169_SP00047" HPOS="530" VPOS="360" WIDTH="18"/>
						<String ID="P169_ST00055" HPOS="548" VPOS="329" WIDTH="59" HEIGHT="22" CONTENT="both" WC="0.88" CC="0004"/>
						<SP ID="P169_SP00048" HPOS="607" VPOS="360" WIDTH="20"/>
						<String ID="P169_ST00056" HPOS="627" VPOS="329" WIDTH="31" HEIGHT="31" CONTENT="by" WC="0.70" CC="60"/>
						<SP ID="P169_SP00049" HPOS="658" VPOS="360" WIDTH="14"/>
						<String ID="P169_ST00057" HPOS="672" VPOS="329" WIDTH="40" HEIGHT="22" CONTENT="the" WC="0.95" CC="010"/>
						<SP ID="P169_SP00050" HPOS="712" VPOS="360" WIDTH="20"/>
						<String ID="P169_ST00058" HPOS="732" VPOS="329" WIDTH="82" HEIGHT="32" CONTENT="clergy" WC="0.91" CC="014000"/>
						<SP ID="P169_SP00051" HPOS="814" VPOS="361" WIDTH="20"/>
						<String ID="P169_ST00059" HPOS="834" VPOS="330" WIDTH="46" HEIGHT="22" CONTENT="and" WC="0.79" CC="060"/>
						<SP ID="P169_SP00052" HPOS="880" VPOS="361" WIDTH="20"/>
						<String ID="P169_ST00060" HPOS="900" VPOS="330" WIDTH="40" HEIGHT="22" CONTENT="the" WC="0.87" CC="030"/>
					</TextLine>
					<TextLine ID="P169_TL00009" HPOS="98" VPOS="362" WIDTH="842" HEIGHT="31">
						<String ID="P169_ST00061" HPOS="98" VPOS="362" WIDTH="94" HEIGHT="31" CONTENT="people." WC="0.90" CC="0020130"/>
						<SP ID="P169_SP00053" HPOS="192" VPOS="393" WIDTH="38"/>
						<String ID="P169_ST00062" HPOS="230" VPOS="362" WIDTH="23" HEIGHT="23" CONTENT="A" WC="1.00" CC="0"/>
						<SP ID="P169_SP00054" HPOS="253" VPOS="393" WIDTH="14"/>
						<String ID="P169_ST00063" HPOS="267" VPOS="362" WIDTH="158" HEIGHT="23" CONTENT="convocation" WC="0.81" CC="03601600003"/>
						<SP ID="P169_SP00055" HPOS="425" VPOS="393" WIDTH="15"/>
						<String ID="P169_ST00064" HPOS="440" VPOS="371" WIDTH="46" HEIGHT="14" CONTENT="was" WC="0.59" CC="047"/>
						<SP ID="P169_SP00056" HPOS="486" VPOS="393" WIDTH="13"/>
						<String ID="P169_ST00065" HPOS="499" VPOS="363" WIDTH="70" HEIGHT="30" CONTENT="again" WC="0.97" CC="00001"/>
						<SP ID="P169_SP00057" HPOS="569" VPOS="393" WIDTH="19"/>
						<String ID="P169_ST00066" HPOS="588" VPOS="362" WIDTH="56" HEIGHT="23" CONTENT="held" WC="0.80" CC="3040"/>
						<SP ID="P169_SP00058" HPOS="644" VPOS="393" WIDTH="13"/>
						<String ID="P169_ST00067" HPOS="657" VPOS="362" WIDTH="38" HEIGHT="23" CONTENT="for" WC="0.75" CC="043"/>
						<SP ID="P169_SP00059" HPOS="695" VPOS="393" WIDTH="12"/>
						<String ID="P169_ST00068" HPOS="707" VPOS="363" WIDTH="40" HEIGHT="22" CONTENT="the" WC="0.73" CC="160"/>
						<SP ID="P169_SP00060" HPOS="747" VPOS="393" WIDTH="14"/>
						<String ID="P169_ST00069" HPOS="761" VPOS="363" WIDTH="101" HEIGHT="23" CONTENT="election" WC="0.70" CC="70302045"/>
						<SP ID="P169_SP00061" HPOS="862" VPOS="393" WIDTH="21"/>
						<String ID="P169_ST00070" HPOS="883" VPOS="363" WIDTH="28" HEIGHT="23" CONTENT="of" WC="0.85" CC="02"/>
						<SP ID="P169_SP00062" HPOS="911" VPOS="393" WIDTH="15"/>
						<String ID="P169_ST00071" HPOS="926" VPOS="372" WIDTH="14" HEIGHT="14" CONTENT="a" WC="0.42" CC="5"/>
					</TextLine>
					<TextLine ID="P169_TL00010" HPOS="97" VPOS="396" WIDTH="842" HEIGHT="30">
						<String ID="P169_ST00072" HPOS="97" VPOS="396" WIDTH="94" HEIGHT="30" CONTENT="bishop," WC="0.85" CC="0060400"/>
						<SP ID="P169_SP00063" HPOS="191" VPOS="426" WIDTH="14"/>
						<String ID="P169_ST00073" HPOS="205" VPOS="396" WIDTH="49" HEIGHT="23" CONTENT="and" WC="0.75" CC="070"/>
						<SP ID="P169_SP00064" HPOS="254" VPOS="426" WIDTH="17"/>
						<String ID="P169_ST00074" HPOS="271" VPOS="397" WIDTH="42" HEIGHT="22" CONTENT="the" WC="0.74" CC="070"/>
						<SP ID="P169_SP00065" HPOS="313" VPOS="426" WIDTH="13"/>
						<String ID="P169_ST00075" HPOS="326" VPOS="401" WIDTH="66" HEIGHT="17" CONTENT="votes" WC="0.55" CC="81343"/>
						<SP ID="P169_SP00066" HPOS="392" VPOS="426" WIDTH="15"/>
						<String ID="P169_ST00076" HPOS="407" VPOS="404" WIDTH="61" HEIGHT="14" CONTENT="were" WC="0.64" CC="9300"/>
						<SP ID="P169_SP00067" HPOS="468" VPOS="426" WIDTH="13"/>
						<String ID="P169_ST00077" HPOS="481" VPOS="397" WIDTH="145" HEIGHT="22" CONTENT="unanimous" WC="0.68" CC="073620260"/>
						<SP ID="P169_SP00068" HPOS="626" VPOS="426" WIDTH="17"/>
						<String ID="P169_ST00078" HPOS="643" VPOS="397" WIDTH="23" HEIGHT="21" CONTENT="in" WC="0.57" CC="26"/>
						<SP ID="P169_SP00069" HPOS="666" VPOS="426" WIDTH="15"/>
						<String ID="P169_ST00079" HPOS="681" VPOS="396" WIDTH="86" HEIGHT="23" CONTENT="favour" WC="0.64" CC="007642"/>
						<SP ID="P169_SP00070" HPOS="767" VPOS="426" WIDTH="12"/>
						<String ID="P169_ST00080" HPOS="779" VPOS="397" WIDTH="27" HEIGHT="22" CONTENT="of" WC="0.90" CC="20"/>
						<SP ID="P169_SP00071" HPOS="806" VPOS="426" WIDTH="10"/>
						<String ID="P169_ST00081" HPOS="816" VPOS="397" WIDTH="123" HEIGHT="27" CONTENT="Giraldus," WC="0.75" CC="516010600"/>
					</TextLine>
					<TextLine ID="P169_TL00011" HPOS="98" VPOS="429" WIDTH="842" HEIGHT="32">
						<String ID="P169_ST00082" HPOS="98" VPOS="429" WIDTH="53" HEIGHT="23" CONTENT="who" WC="0.67" CC="900"/>
						<SP ID="P169_SP00072" HPOS="151" VPOS="452" WIDTH="15"/>
						<String ID="P169_ST00083" HPOS="166" VPOS="439" WIDTH="47" HEIGHT="13" CONTENT="was" WC="0.46" CC="960"/>
						<SP ID="P169_SP00073" HPOS="213" VPOS="452" WIDTH="13"/>
						<String ID="P169_ST00084" HPOS="226" VPOS="430" WIDTH="119" HEIGHT="31" CONTENT="earnestly" WC="0.73" CC="041526300"/>
						<SP ID="P169_SP00074" HPOS="345" VPOS="461" WIDTH="14"/>
						<String ID="P169_ST00085" HPOS="359" VPOS="430" WIDTH="128" HEIGHT="31" CONTENT="requested" WC="0.75" CC="320607030"/>
						<SP ID="P169_SP00075" HPOS="487" VPOS="461" WIDTH="14"/>
						<String ID="P169_ST00086" HPOS="501" VPOS="434" WIDTH="24" HEIGHT="19" CONTENT="to" WC="0.83" CC="30"/>
						<SP ID="P169_SP00076" HPOS="525" VPOS="461" WIDTH="19"/>
						<String ID="P169_ST00087" HPOS="544" VPOS="438" WIDTH="31" HEIGHT="23" CONTENT="go" WC="1.00" CC="00"/>
						<SP ID="P169_SP00077" HPOS="575" VPOS="461" WIDTH="18"/>
						<String ID="P169_ST00088" HPOS="593" VPOS="430" WIDTH="163" HEIGHT="31" CONTENT="immediately" WC="0.90" CC="06010000030"/>
						<SP ID="P169_SP00078" HPOS="756" VPOS="461" WIDTH="14"/>
						<String ID="P169_ST00089" HPOS="770" VPOS="434" WIDTH="25" HEIGHT="19" CONTENT="to" WC="0.79" CC="04"/>
						<SP ID="P169_SP00079" HPOS="795" VPOS="461" WIDTH="19"/>
						<String ID="P169_ST00090" HPOS="814" VPOS="431" WIDTH="40" HEIGHT="22" CONTENT="the" WC="1.00" CC="000"/>
						<SP ID="P169_SP00080" HPOS="854" VPOS="461" WIDTH="16"/>
						<String ID="P169_ST00091" HPOS="870" VPOS="434" WIDTH="70" HEIGHT="19" CONTENT="court" WC="0.87" CC="05010"/>
					</TextLine>
					<TextLine ID="P169_TL00012" HPOS="97" VPOS="463" WIDTH="842" HEIGHT="31">
						<String ID="P169_ST00092" HPOS="97" VPOS="463" WIDTH="29" HEIGHT="23" CONTENT="of" WC="0.71" CC="50"/>
						<SP ID="P169_SP00081" HPOS="126" VPOS="486" WIDTH="11"/>
						<String ID="P169_ST00093" HPOS="137" VPOS="463" WIDTH="86" HEIGHT="28" CONTENT="Rome," WC="0.99" CC="00000"/>
						<SP ID="P169_SP00082" HPOS="223" VPOS="491" WIDTH="14"/>
						<String ID="P169_ST00094" HPOS="237" VPOS="464" WIDTH="47" HEIGHT="22" CONTENT="and" WC="0.72" CC="080"/>
						<SP ID="P169_SP00083" HPOS="284" VPOS="491" WIDTH="16"/>
						<String ID="P169_ST00095" HPOS="300" VPOS="464" WIDTH="66" HEIGHT="22" CONTENT="there" WC="0.47" CC="66660"/>
						<SP ID="P169_SP00084" HPOS="366" VPOS="491" WIDTH="16"/>
						<String ID="P169_ST00096" HPOS="382" VPOS="468" WIDTH="25" HEIGHT="19" CONTENT="to" WC="0.65" CC="24"/>
						<SP ID="P169_SP00085" HPOS="407" VPOS="491" WIDTH="18"/>
						<String ID="P169_ST00097" HPOS="425" VPOS="467" WIDTH="75" HEIGHT="20" CONTENT="assert" WC="0.75" CC="037120"/>
						<SP ID="P169_SP00086" HPOS="500" VPOS="491" WIDTH="18"/>
						<String ID="P169_ST00098" HPOS="518" VPOS="464" WIDTH="40" HEIGHT="22" CONTENT="the" WC="1.00" CC="000"/>
						<SP ID="P169_SP00087" HPOS="558" VPOS="491" WIDTH="20"/>
						<String ID="P169_ST00099" HPOS="578" VPOS="465" WIDTH="75" HEIGHT="29" CONTENT="rights" WC="0.72" CC="500450"/>
						<SP ID="P169_SP00088" HPOS="653" VPOS="494" WIDTH="19"/>
						<String ID="P169_ST00100" HPOS="672" VPOS="463" WIDTH="28" HEIGHT="24" CONTENT="of" WC="0.98" CC="00"/>
						<SP ID="P169_SP00089" HPOS="700" VPOS="494" WIDTH="10"/>
						<String ID="P169_ST00101" HPOS="710" VPOS="465" WIDTH="40" HEIGHT="22" CONTENT="the" WC="0.75" CC="070"/>
						<SP ID="P169_SP00090" HPOS="750" VPOS="494" WIDTH="18"/>
						<String ID="P169_ST00102" HPOS="768" VPOS="465" WIDTH="171" HEIGHT="29" CONTENT="metropolitan" WC="0.74" CC="007400902006"/>
					</TextLine>
					<TextLine ID="P169_TL00013" HPOS="97" VPOS="497" WIDTH="842" HEIGHT="31">
						<String ID="P169_ST00103" HPOS="97" VPOS="505" WIDTH="40" HEIGHT="15" CONTENT="see" WC="1.00" CC="000"/>
						<SP ID="P169_SP00091" HPOS="137" VPOS="520" WIDTH="13"/>
						<String ID="P169_ST00104" HPOS="150" VPOS="497" WIDTH="27" HEIGHT="24" CONTENT="of" WC="0.83" CC="30"/>
						<SP ID="P169_SP00092" HPOS="177" VPOS="521" WIDTH="11"/>
						<String ID="P169_ST00105" HPOS="188" VPOS="498" WIDTH="33" HEIGHT="23" CONTENT="St." WC="0.67" CC="270"/>
						<SP ID="P169_SP00093" HPOS="221" VPOS="521" WIDTH="20"/>
						<String ID="P169_ST00106" HPOS="241" VPOS="497" WIDTH="110" HEIGHT="28" CONTENT="David's," WC="0.72" CC="05930130"/>
						<SP ID="P169_SP00094" HPOS="351" VPOS="525" WIDTH="15"/>
						<String ID="P169_ST00107" HPOS="366" VPOS="498" WIDTH="48" HEIGHT="22" CONTENT="and" WC="1.00" CC="000"/>
						<SP ID="P169_SP00095" HPOS="414" VPOS="525" WIDTH="20"/>
						<String ID="P169_ST00108" HPOS="434" VPOS="501" WIDTH="24" HEIGHT="19" CONTENT="to" WC="0.30" CC="76"/>
						<SP ID="P169_SP00096" HPOS="458" VPOS="525" WIDTH="18"/>
						<String ID="P169_ST00109" HPOS="476" VPOS="505" WIDTH="102" HEIGHT="23" CONTENT="procure" WC="0.90" CC="0400100"/>
						<SP ID="P169_SP00097" HPOS="578" VPOS="528" WIDTH="18"/>
						<String ID="P169_ST00110" HPOS="596" VPOS="505" WIDTH="14" HEIGHT="15" CONTENT="a" WC="1.00" CC="0"/>
						<SP ID="P169_SP00098" HPOS="610" VPOS="528" WIDTH="19"/>
						<String ID="P169_ST00111" HPOS="629" VPOS="498" WIDTH="144" HEIGHT="23" CONTENT="ratification" WC="0.86" CC="103000000406"/>
						<SP ID="P169_SP00099" HPOS="773" VPOS="528" WIDTH="20"/>
						<String ID="P169_ST00112" HPOS="793" VPOS="498" WIDTH="28" HEIGHT="23" CONTENT="of" WC="0.91" CC="10"/>
						<SP ID="P169_SP00100" HPOS="821" VPOS="528" WIDTH="16"/>
						<String ID="P169_ST00113" HPOS="837" VPOS="498" WIDTH="36" HEIGHT="23" CONTENT="his" WC="0.33" CC="639"/>
						<SP ID="P169_SP00101" HPOS="873" VPOS="528" WIDTH="12"/>
						<String ID="P169_ST00114" HPOS="885" VPOS="506" WIDTH="54" HEIGHT="15" CONTENT="own" WC="0.66" CC="090"/>
					</TextLine>
					<TextLine ID="P169_TL00014" HPOS="97" VPOS="531" WIDTH="126" HEIGHT="22">
						<String ID="P169_ST00115" HPOS="97" VPOS="531" WIDTH="126" HEIGHT="22" CONTENT='election."' WC="0.86" CC="0010400602"/>
					</TextLine>
				</TextBlock>
				<TextBlock ID="P169_TB00004" HPOS="93" VPOS="564" WIDTH="847" HEIGHT="980" STYLEREFS="TXT_0 PAR_LEFT">
					<TextLine ID="P169_TL00015" HPOS="149" VPOS="565" WIDTH="789" HEIGHT="31">
						<String ID="P169_ST00116" HPOS="149" VPOS="565" WIDTH="117" HEIGHT="23" CONTENT="Giraldus" WC="0.78" CC="00604023"/>
						<SP ID="P169_SP00102" HPOS="266" VPOS="588" WIDTH="20"/>
						<String ID="P169_ST00117" HPOS="286" VPOS="568" WIDTH="62" HEIGHT="20" CONTENT="went" WC="0.91" CC="0021"/>
						<SP ID="P169_SP00103" HPOS="348" VPOS="588" WIDTH="22"/>
						<String ID="P169_ST00118" HPOS="370" VPOS="568" WIDTH="24" HEIGHT="20" CONTENT="to" WC="1.00" CC="00"/>
						<SP ID="P169_SP00104" HPOS="394" VPOS="588" WIDTH="21"/>
						<String ID="P169_ST00119" HPOS="415" VPOS="565" WIDTH="79" HEIGHT="23" CONTENT="Rome" WC="0.76" CC="0360"/>
						<SP ID="P169_SP00105" HPOS="494" VPOS="588" WIDTH="20"/>
						<String ID="P169_ST00120" HPOS="514" VPOS="566" WIDTH="158" HEIGHT="30" CONTENT="accordingly" WC="0.65" CC="00005008948"/>
						<SP ID="P169_SP00106" HPOS="672" VPOS="596" WIDTH="12"/>
						<String ID="P169_ST00121" HPOS="684" VPOS="575" WIDTH="5" HEIGHT="16" CONTENT=";" WC="0.67" CC="3"/>
						<SP ID="P169_SP00107" HPOS="689" VPOS="596" WIDTH="19"/>
						<String ID="P169_ST00122" HPOS="708" VPOS="565" WIDTH="40" HEIGHT="23" CONTENT="the" WC="0.83" CC="220"/>
						<SP ID="P169_SP00108" HPOS="748" VPOS="596" WIDTH="21"/>
						<String ID="P169_ST00123" HPOS="769" VPOS="573" WIDTH="72" HEIGHT="15" CONTENT="cause" WC="0.76" CC="40700"/>
						<SP ID="P169_SP00109" HPOS="841" VPOS="596" WIDTH="20"/>
						<String ID="P169_ST00124" HPOS="861" VPOS="566" WIDTH="77" HEIGHT="22" CONTENT="lasted" WC="0.76" CC="206500"/>
					</TextLine>
					<TextLine ID="P169_TL00016" HPOS="97" VPOS="599" WIDTH="842" HEIGHT="31">
						<String ID="P169_ST00125" HPOS="97" VPOS="599" WIDTH="47" HEIGHT="22" CONTENT="five" WC="0.45" CC="7680"/>
						<SP ID="P169_SP00110" HPOS="144" VPOS="621" WIDTH="14"/>
						<String ID="P169_ST00126" HPOS="158" VPOS="607" WIDTH="76" HEIGHT="23" CONTENT="years," WC="0.56" CC="090564"/>
						<SP ID="P169_SP00111" HPOS="234" VPOS="630" WIDTH="14"/>
						<String ID="P169_ST00127" HPOS="248" VPOS="599" WIDTH="47" HEIGHT="22" CONTENT="and" WC="0.75" CC="070"/>
						<SP ID="P169_SP00112" HPOS="295" VPOS="630" WIDTH="14"/>
						<String ID="P169_ST00128" HPOS="309" VPOS="602" WIDTH="52" HEIGHT="19" CONTENT="cost" WC="0.92" CC="0030"/>
						<SP ID="P169_SP00113" HPOS="361" VPOS="630" WIDTH="13"/>
						<String ID="P169_ST00129" HPOS="374" VPOS="599" WIDTH="40" HEIGHT="22" CONTENT="the" WC="0.61" CC="640"/>
						<SP ID="P169_SP00114" HPOS="414" VPOS="630" WIDTH="14"/>
						<String ID="P169_ST00130" HPOS="428" VPOS="599" WIDTH="161" HEIGHT="30" CONTENT="bishop-elect" WC="0.75" CC="303060040406"/>
						<SP ID="P169_SP00115" HPOS="589" VPOS="630" WIDTH="13"/>
						<String ID="P169_ST00131" HPOS="602" VPOS="599" WIDTH="66" HEIGHT="23" CONTENT="three" WC="0.71" CC="04260"/>
						<SP ID="P169_SP00116" HPOS="668" VPOS="630" WIDTH="14"/>
						<String ID="P169_ST00132" HPOS="682" VPOS="599" WIDTH="117" HEIGHT="31" CONTENT="journeys" WC="0.71" CC="00745005"/>
						<SP ID="P169_SP00117" HPOS="799" VPOS="630" WIDTH="13"/>
						<String ID="P169_ST00133" HPOS="812" VPOS="603" WIDTH="25" HEIGHT="18" CONTENT="to" WC="0.88" CC="20"/>
						<SP ID="P169_SP00118" HPOS="837" VPOS="630" WIDTH="15"/>
						<String ID="P169_ST00134" HPOS="852" VPOS="599" WIDTH="87" HEIGHT="23" CONTENT="Rome." WC="0.90" CC="05000"/>
					</TextLine>
					<TextLine ID="P169_TL00017" HPOS="98" VPOS="632" WIDTH="841" HEIGHT="31">
						<String ID="P169_ST00135" HPOS="98" VPOS="634" WIDTH="35" HEIGHT="21" CONTENT="At" WC="1.00" CC="00"/>
						<SP ID="P169_SP00119" HPOS="133" VPOS="655" WIDTH="14"/>
						<String ID="P169_ST00136" HPOS="147" VPOS="632" WIDTH="44" HEIGHT="23" CONTENT="last" WC="0.70" CC="5060"/>
						<SP ID="P169_SP00120" HPOS="191" VPOS="655" WIDTH="13"/>
						<String ID="P169_ST00137" HPOS="204" VPOS="633" WIDTH="18" HEIGHT="22" CONTENT="it" WC="1.00" CC="00"/>
						<SP ID="P169_SP00121" HPOS="222" VPOS="655" WIDTH="13"/>
						<String ID="P169_ST00138" HPOS="235" VPOS="641" WIDTH="47" HEIGHT="14" CONTENT="was" WC="0.85" CC="004"/>
						<SP ID="P169_SP00122" HPOS="282" VPOS="655" WIDTH="14"/>
						<String ID="P169_ST00139" HPOS="296" VPOS="632" WIDTH="101" HEIGHT="23" CONTENT="decided" WC="0.84" CC="0720000"/>
						<SP ID="P169_SP00123" HPOS="397" VPOS="655" WIDTH="19"/>
						<String ID="P169_ST00140" HPOS="416" VPOS="633" WIDTH="94" HEIGHT="30" CONTENT="against" WC="0.70" CC="0100864"/>
						<SP ID="P169_SP00124" HPOS="510" VPOS="663" WIDTH="14"/>
						<String ID="P169_ST00141" HPOS="524" VPOS="632" WIDTH="116" HEIGHT="24" CONTENT="Giraldus" WC="0.87" CC="00040050"/>
						<SP ID="P169_SP00125" HPOS="640" VPOS="663" WIDTH="18"/>
						<String ID="P169_ST00142" HPOS="658" VPOS="641" WIDTH="31" HEIGHT="14" CONTENT="on" WC="0.72" CC="05"/>
						<SP ID="P169_SP00126" HPOS="689" VPOS="663" WIDTH="19"/>
						<String ID="P169_ST00143" HPOS="708" VPOS="633" WIDTH="58" HEIGHT="22" CONTENT="both" WC="1.00" CC="0000"/>
						<SP ID="P169_SP00127" HPOS="766" VPOS="663" WIDTH="20"/>
						<String ID="P169_ST00144" HPOS="786" VPOS="633" WIDTH="93" HEIGHT="30" CONTENT="points;" WC="0.57" CC="0028494"/>
						<SP ID="P169_SP00128" HPOS="879" VPOS="663" WIDTH="20"/>
						<String ID="P169_ST00145" HPOS="899" VPOS="633" WIDTH="40" HEIGHT="22" CONTENT="the" WC="0.85" CC="400"/>
					</TextLine>
					<TextLine ID="P169_TL00018" HPOS="97" VPOS="666" WIDTH="842" HEIGHT="31">
						<String ID="P169_ST00146" HPOS="97" VPOS="666" WIDTH="102" HEIGHT="23" CONTENT="election" WC="0.69" CC="10270156"/>
						<SP ID="P169_SP00129" HPOS="199" VPOS="689" WIDTH="15"/>
						<String ID="P169_ST00147" HPOS="214" VPOS="666" WIDTH="76" HEIGHT="23" CONTENT="ofthe" WC="0.86" CC="60000"/>
						<SP ID="P169_SP00130" HPOS="290" VPOS="689" WIDTH="19"/>
						<String ID="P169_ST00148" HPOS="309" VPOS="667" WIDTH="100" HEIGHT="30" CONTENT="chapter" WC="0.73" CC="0049004"/>
						<SP ID="P169_SP00131" HPOS="409" VPOS="697" WIDTH="14"/>
						<String ID="P169_ST00149" HPOS="423" VPOS="674" WIDTH="46" HEIGHT="14" CONTENT="was" WC="0.82" CC="005"/>
						<SP ID="P169_SP00132" HPOS="469" VPOS="697" WIDTH="19"/>
						<String ID="P169_ST00150" HPOS="488" VPOS="666" WIDTH="113" HEIGHT="23" CONTENT="declared" WC="0.67" CC="00009670"/>
						<SP ID="P169_SP00133" HPOS="601" VPOS="697" WIDTH="20"/>
						<String ID="P169_ST00151" HPOS="621" VPOS="666" WIDTH="48" HEIGHT="23" CONTENT="null" WC="0.85" CC="6000"/>
						<SP ID="P169_SP00134" HPOS="669" VPOS="697" WIDTH="19"/>
						<String ID="P169_ST00152" HPOS="688" VPOS="667" WIDTH="47" HEIGHT="22" CONTENT="and" WC="1.00" CC="000"/>
						<SP ID="P169_SP00135" HPOS="735" VPOS="697" WIDTH="20"/>
						<String ID="P169_ST00153" HPOS="755" VPOS="667" WIDTH="65" HEIGHT="26" CONTENT="void," WC="0.82" CC="00503"/>
						<SP ID="P169_SP00136" HPOS="820" VPOS="697" WIDTH="14"/>
						<String ID="P169_ST00154" HPOS="834" VPOS="667" WIDTH="45" HEIGHT="22" CONTENT="and" WC="0.63" CC="640"/>
						<SP ID="P169_SP00137" HPOS="879" VPOS="697" WIDTH="21"/>
						<String ID="P169_ST00155" HPOS="900" VPOS="667" WIDTH="39" HEIGHT="22" CONTENT="the" WC="0.91" CC="020"/>
					</TextLine>
					<TextLine ID="P169_TL00019" HPOS="93" VPOS="699" WIDTH="845" HEIGHT="33">
						<String ID="P169_ST00156" HPOS="93" VPOS="700" WIDTH="155" HEIGHT="32" CONTENT="jurisdiction" WC="0.74" CC="060060004507"/>
						<SP ID="P169_SP00138" HPOS="248" VPOS="732" WIDTH="23"/>
						<String ID="P169_ST00157" HPOS="271" VPOS="700" WIDTH="28" HEIGHT="23" CONTENT="of" WC="0.66" CC="15"/>
						<SP ID="P169_SP00139" HPOS="299" VPOS="732" WIDTH="18"/>
						<String ID="P169_ST00158" HPOS="317" VPOS="700" WIDTH="41" HEIGHT="22" CONTENT="the" WC="0.99" CC="000"/>
						<SP ID="P169_SP00140" HPOS="358" VPOS="732" WIDTH="27"/>
						<String ID="P169_ST00159" HPOS="385" VPOS="700" WIDTH="156" HEIGHT="30" CONTENT="Archbishop" WC="0.71" CC="0070806410"/>
						<SP ID="P169_SP00141" HPOS="541" VPOS="732" WIDTH="25"/>
						<String ID="P169_ST00160" HPOS="566" VPOS="699" WIDTH="27" HEIGHT="23" CONTENT="of" WC="0.83" CC="30"/>
						<SP ID="P169_SP00142" HPOS="593" VPOS="732" WIDTH="23"/>
						<String ID="P169_ST00161" HPOS="616" VPOS="700" WIDTH="154" HEIGHT="31" CONTENT="Canterbury" WC="0.72" CC="0075034420"/>
						<SP ID="P169_SP00143" HPOS="770" VPOS="732" WIDTH="25"/>
						<String ID="P169_ST00162" HPOS="795" VPOS="700" WIDTH="143" HEIGHT="23" CONTENT="confirmed." WC="0.84" CC="0272200000"/>
					</TextLine>
					<TextLine ID="P169_TL00020" HPOS="97" VPOS="733" WIDTH="842" HEIGHT="31">
						<String ID="P169_ST00163" HPOS="97" VPOS="734" WIDTH="54" HEIGHT="23" CONTENT="The" WC="1.00" CC="000"/>
						<SP ID="P169_SP00144" HPOS="151" VPOS="757" WIDTH="17"/>
						<String ID="P169_ST00164" HPOS="168" VPOS="734" WIDTH="56" HEIGHT="23" CONTENT="fatal" WC="0.81" CC="00206"/>
						<SP ID="P169_SP00145" HPOS="224" VPOS="757" WIDTH="19"/>
						<String ID="P169_ST00165" HPOS="243" VPOS="735" WIDTH="44" HEIGHT="22" CONTENT="bar" WC="0.79" CC="104"/>
						<SP ID="P169_SP00146" HPOS="287" VPOS="757" WIDTH="18"/>
						<String ID="P169_ST00166" HPOS="305" VPOS="738" WIDTH="25" HEIGHT="18" CONTENT="to" WC="1.00" CC="00"/>
						<SP ID="P169_SP00147" HPOS="330" VPOS="757" WIDTH="18"/>
						<String ID="P169_ST00167" HPOS="348" VPOS="734" WIDTH="41" HEIGHT="22" CONTENT="the" WC="0.96" CC="010"/>
						<SP ID="P169_SP00148" HPOS="389" VPOS="757" WIDTH="20"/>
						<String ID="P169_ST00168" HPOS="409" VPOS="733" WIDTH="240" HEIGHT="31" CONTENT="acknowledgement" WC="0.70" CC="000669000009074"/>
						<SP ID="P169_SP00149" HPOS="649" VPOS="764" WIDTH="19"/>
						<String ID="P169_ST00169" HPOS="668" VPOS="734" WIDTH="28" HEIGHT="22" CONTENT="of" WC="1.00" CC="00"/>
						<SP ID="P169_SP00150" HPOS="696" VPOS="764" WIDTH="14"/>
						<String ID="P169_ST00170" HPOS="710" VPOS="734" WIDTH="41" HEIGHT="22" CONTENT="the" WC="0.68" CC="350"/>
						<SP ID="P169_SP00151" HPOS="751" VPOS="764" WIDTH="20"/>
						<String ID="P169_ST00171" HPOS="771" VPOS="734" WIDTH="168" HEIGHT="30" CONTENT="metropolitan" WC="0.67" CC="350099030600"/>
					</TextLine>
					<TextLine ID="P169_TL00021" HPOS="98" VPOS="767" WIDTH="842" HEIGHT="31">
						<String ID="P169_ST00172" HPOS="98" VPOS="768" WIDTH="83" HEIGHT="23" CONTENT="claims" WC="0.73" CC="003092"/>
						<SP ID="P169_SP00152" HPOS="181" VPOS="791" WIDTH="16"/>
						<String ID="P169_ST00173" HPOS="197" VPOS="768" WIDTH="26" HEIGHT="22" CONTENT="of" WC="0.82" CC="03"/>
						<SP ID="P169_SP00153" HPOS="223" VPOS="791" WIDTH="17"/>
						<String ID="P169_ST00174" HPOS="240" VPOS="770" WIDTH="36" HEIGHT="21" CONTENT="St." WC="0.94" CC="010"/>
						<SP ID="P169_SP00154" HPOS="276" VPOS="791" WIDTH="19"/>
						<String ID="P169_ST00175" HPOS="295" VPOS="767" WIDTH="103" HEIGHT="23" CONTENT="David's" WC="0.67" CC="0903046"/>
						<SP ID="P169_SP00155" HPOS="398" VPOS="791" WIDTH="16"/>
						<String ID="P169_ST00176" HPOS="414" VPOS="775" WIDTH="47" HEIGHT="14" CONTENT="was" WC="0.85" CC="004"/>
						<SP ID="P169_SP00156" HPOS="461" VPOS="791" WIDTH="19"/>
						<String ID="P169_ST00177" HPOS="480" VPOS="767" WIDTH="40" HEIGHT="23" CONTENT="the" WC="0.76" CC="501"/>
						<SP ID="P169_SP00157" HPOS="520" VPOS="791" WIDTH="20"/>
						<String ID="P169_ST00178" HPOS="540" VPOS="768" WIDTH="103" HEIGHT="22" CONTENT="absence" WC="0.61" CC="0766600"/>
						<SP ID="P169_SP00158" HPOS="643" VPOS="791" WIDTH="20"/>
						<String ID="P169_ST00179" HPOS="663" VPOS="767" WIDTH="27" HEIGHT="23" CONTENT="of" WC="1.00" CC="00"/>
						<SP ID="P169_SP00159" HPOS="690" VPOS="791" WIDTH="16"/>
						<String ID="P169_ST00180" HPOS="706" VPOS="776" WIDTH="13" HEIGHT="14" CONTENT="a" WC="1.00" CC="0"/>
						<SP ID="P169_SP00160" HPOS="719" VPOS="791" WIDTH="12"/>
						<String ID="P169_ST00181" HPOS="731" VPOS="767" WIDTH="56" HEIGHT="31" CONTENT="pall." WC="0.96" CC="00020"/>
						<SP ID="P169_SP00161" HPOS="787" VPOS="798" WIDTH="37"/>
						<String ID="P169_ST00182" HPOS="824" VPOS="767" WIDTH="116" HEIGHT="23" CONTENT="Giraldus" WC="0.67" CC="00780055"/>
					</TextLine>
					<TextLine ID="P169_TL00022" HPOS="98" VPOS="800" WIDTH="841" HEIGHT="31">
						<String ID="P169_ST00183" HPOS="98" VPOS="802" WIDTH="147" HEIGHT="23" CONTENT="maintained" WC="0.69" CC="6006086300"/>
						<SP ID="P169_SP00162" HPOS="245" VPOS="825" WIDTH="20"/>
						<String ID="P169_ST00184" HPOS="265" VPOS="802" WIDTH="52" HEIGHT="22" CONTENT="that" WC="0.98" CC="0000"/>
						<SP ID="P169_SP00163" HPOS="317" VPOS="825" WIDTH="20"/>
						<String ID="P169_ST00185" HPOS="337" VPOS="800" WIDTH="156" HEIGHT="31" CONTENT="Archbishop" WC="0.51" CC="0947519540"/>
						<SP ID="P169_SP00164" HPOS="493" VPOS="831" WIDTH="21"/>
						<String ID="P169_ST00186" HPOS="514" VPOS="800" WIDTH="127" HEIGHT="31" CONTENT="Sampson," WC="0.75" CC="63002060"/>
						<SP ID="P169_SP00165" HPOS="641" VPOS="831" WIDTH="14"/>
						<String ID="P169_ST00187" HPOS="655" VPOS="801" WIDTH="75" HEIGHT="22" CONTENT="about" WC="0.98" CC="00000"/>
						<SP ID="P169_SP00166" HPOS="730" VPOS="831" WIDTH="20"/>
						<String ID="P169_ST00188" HPOS="750" VPOS="801" WIDTH="56" HEIGHT="27" CONTENT="920," WC="0.77" CC="0090"/>
						<SP ID="P169_SP00167" HPOS="806" VPOS="831" WIDTH="14"/>
						<String ID="P169_ST00189" HPOS="820" VPOS="801" WIDTH="75" HEIGHT="30" CONTENT="flying" WC="0.46" CC="009569"/>
						<SP ID="P169_SP00168" HPOS="895" VPOS="831" WIDTH="21"/>
						<String ID="P169_ST00190" HPOS="916" VPOS="805" WIDTH="23" HEIGHT="19" CONTENT="to" WC="0.55" CC="44"/>
					</TextLine>
					<TextLine ID="P169_TL00023" HPOS="99" VPOS="834" WIDTH="840" HEIGHT="31">
						<String ID="P169_ST00191" HPOS="99" VPOS="835" WIDTH="64" HEIGHT="24" CONTENT="Dole" WC="0.89" CC="0031"/>
						<SP ID="P169_SP00169" HPOS="163" VPOS="859" WIDTH="14"/>
						<String ID="P169_ST00192" HPOS="177" VPOS="835" WIDTH="61" HEIGHT="23" CONTENT="from" WC="0.52" CC="0917"/>
						<SP ID="P169_SP00170" HPOS="238" VPOS="859" WIDTH="14"/>
						<String ID="P169_ST00193" HPOS="252" VPOS="842" WIDTH="14" HEIGHT="16" CONTENT="a" WC="1.00" CC="0"/>
						<SP ID="P169_SP00171" HPOS="266" VPOS="859" WIDTH="12"/>
						<String ID="P169_ST00194" HPOS="278" VPOS="835" WIDTH="138" HEIGHT="30" CONTENT="pestilence," WC="0.89" CC="00005005000"/>
						<SP ID="P169_SP00172" HPOS="416" VPOS="865" WIDTH="15"/>
						<String ID="P169_ST00195" HPOS="431" VPOS="834" WIDTH="94" HEIGHT="23" CONTENT="carried" WC="0.79" CC="3043300"/>
						<SP ID="P169_SP00173" HPOS="525" VPOS="865" WIDTH="19"/>
						<String ID="P169_ST00196" HPOS="544" VPOS="835" WIDTH="19" HEIGHT="22" CONTENT="it" WC="0.94" CC="10"/>
						<SP ID="P169_SP00174" HPOS="563" VPOS="865" WIDTH="17"/>
						<String ID="P169_ST00197" HPOS="580" VPOS="842" WIDTH="66" HEIGHT="22" CONTENT="away" WC="1.00" CC="0000"/>
						<SP ID="P169_SP00175" HPOS="646" VPOS="865" WIDTH="15"/>
						<String ID="P169_ST00198" HPOS="661" VPOS="835" WIDTH="57" HEIGHT="22" CONTENT="with" WC="1.00" CC="0000"/>
						<SP ID="P169_SP00176" HPOS="718" VPOS="865" WIDTH="15"/>
						<String ID="P169_ST00199" HPOS="733" VPOS="834" WIDTH="56" HEIGHT="22" CONTENT="him." WC="0.63" CC="3190"/>
						<SP ID="P169_SP00177" HPOS="789" VPOS="865" WIDTH="37"/>
						<String ID="P169_ST00200" HPOS="826" VPOS="834" WIDTH="49" HEIGHT="23" CONTENT="But" WC="0.80" CC="050"/>
						<SP ID="P169_SP00178" HPOS="875" VPOS="865" WIDTH="18"/>
						<String ID="P169_ST00201" HPOS="893" VPOS="835" WIDTH="46" HEIGHT="22" CONTENT="this" WC="0.59" CC="3660"/>
					</TextLine>
					<TextLine ID="P169_TL00024" HPOS="99" VPOS="867" WIDTH="841" HEIGHT="31">
						<String ID="P169_ST00202" HPOS="99" VPOS="870" WIDTH="106" HEIGHT="22" CONTENT="removal" WC="0.81" CC="3090000"/>
						<SP ID="P169_SP00179" HPOS="205" VPOS="892" WIDTH="14"/>
						<String ID="P169_ST00203" HPOS="219" VPOS="869" WIDTH="26" HEIGHT="23" CONTENT="of" WC="1.00" CC="00"/>
						<SP ID="P169_SP00180" HPOS="245" VPOS="892" WIDTH="9"/>
						<String ID="P169_ST00204" HPOS="254" VPOS="870" WIDTH="40" HEIGHT="21" CONTENT="the" WC="0.70" CC="530"/>
						<SP ID="P169_SP00181" HPOS="294" VPOS="892" WIDTH="13"/>
						<String ID="P169_ST00205" HPOS="307" VPOS="868" WIDTH="47" HEIGHT="30" CONTENT="pall" WC="0.97" CC="0010"/>
						<SP ID="P169_SP00182" HPOS="354" VPOS="898" WIDTH="15"/>
						<String ID="P169_ST00206" HPOS="369" VPOS="868" WIDTH="18" HEIGHT="22" CONTENT="is" WC="0.39" CC="65"/>
						<SP ID="P169_SP00183" HPOS="387" VPOS="898" WIDTH="13"/>
						<String ID="P169_ST00207" HPOS="400" VPOS="871" WIDTH="43" HEIGHT="19" CONTENT="not" WC="0.75" CC="700"/>
						<SP ID="P169_SP00184" HPOS="443" VPOS="898" WIDTH="12"/>
						<String ID="P169_ST00208" HPOS="455" VPOS="867" WIDTH="88" HEIGHT="30" CONTENT="clearly" WC="0.77" CC="0102640"/>
						<SP ID="P169_SP00185" HPOS="543" VPOS="898" WIDTH="15"/>
						<String ID="P169_ST00209" HPOS="558" VPOS="868" WIDTH="68" HEIGHT="23" CONTENT="made" WC="0.77" CC="9000"/>
						<SP ID="P169_SP00186" HPOS="626" VPOS="898" WIDTH="9"/>
						<String ID="P169_ST00210" HPOS="635" VPOS="872" WIDTH="50" HEIGHT="24" CONTENT="out," WC="0.82" CC="0250"/>
						<SP ID="P169_SP00187" HPOS="685" VPOS="898" WIDTH="13"/>
						<String ID="P169_ST00211" HPOS="698" VPOS="868" WIDTH="47" HEIGHT="22" CONTENT="and" WC="0.75" CC="070"/>
						<SP ID="P169_SP00188" HPOS="745" VPOS="898" WIDTH="15"/>
						<String ID="P169_ST00212" HPOS="760" VPOS="869" WIDTH="39" HEIGHT="22" CONTENT="the" WC="0.54" CC="426"/>
						<SP ID="P169_SP00189" HPOS="799" VPOS="898" WIDTH="13"/>
						<String ID="P169_ST00213" HPOS="812" VPOS="872" WIDTH="128" HEIGHT="20" CONTENT="statement" WC="0.81" CC="600500400"/>
					</TextLine>
					<TextLine ID="P169_TL00025" HPOS="99" VPOS="901" WIDTH="840" HEIGHT="31">
						<String ID="P169_ST00214" HPOS="99" VPOS="903" WIDTH="67" HEIGHT="22" CONTENT="itself" WC="0.83" CC="042002"/>
						<SP ID="P169_SP00190" HPOS="166" VPOS="925" WIDTH="14"/>
						<String ID="P169_ST00215" HPOS="180" VPOS="903" WIDTH="75" HEIGHT="27" CONTENT="reads," WC="0.70" CC="460060"/>
						<SP ID="P169_SP00191" HPOS="255" VPOS="930" WIDTH="18"/>
						<String ID="P169_ST00216" HPOS="273" VPOS="902" WIDTH="47" HEIGHT="23" CONTENT="like" WC="0.69" CC="5401"/>
						<SP ID="P169_SP00192" HPOS="320" VPOS="930" WIDTH="20"/>
						<String ID="P169_ST00217" HPOS="340" VPOS="902" WIDTH="40" HEIGHT="22" CONTENT="the" WC="0.86" CC="400"/>
						<SP ID="P169_SP00193" HPOS="380" VPOS="930" WIDTH="18"/>
						<String ID="P169_ST00218" HPOS="398" VPOS="901" WIDTH="171" HEIGHT="30" CONTENT="reproduction" WC="0.85" CC="300100008040"/>
						<SP ID="P169_SP00194" HPOS="569" VPOS="931" WIDTH="19"/>
						<String ID="P169_ST00219" HPOS="588" VPOS="901" WIDTH="26" HEIGHT="23" CONTENT="of" WC="1.00" CC="00"/>
						<SP ID="P169_SP00195" HPOS="614" VPOS="931" WIDTH="13"/>
						<String ID="P169_ST00220" HPOS="627" VPOS="909" WIDTH="14" HEIGHT="15" CONTENT="a" WC="1.00" CC="0"/>
						<SP ID="P169_SP00196" HPOS="641" VPOS="931" WIDTH="16"/>
						<String ID="P169_ST00221" HPOS="657" VPOS="906" WIDTH="66" HEIGHT="26" CONTENT="story" WC="0.55" CC="60059"/>
						<SP ID="P169_SP00197" HPOS="723" VPOS="932" WIDTH="13"/>
						<String ID="P169_ST00222" HPOS="736" VPOS="902" WIDTH="133" HEIGHT="23" CONTENT="connected" WC="0.99" CC="000000000"/>
						<SP ID="P169_SP00198" HPOS="869" VPOS="932" WIDTH="14"/>
						<String ID="P169_ST00223" HPOS="883" VPOS="903" WIDTH="56" HEIGHT="22" CONTENT="with" WC="0.88" CC="0004"/>
					</TextLine>
					<TextLine ID="P169_TL00026" HPOS="99" VPOS="935" WIDTH="841" HEIGHT="30">
						<String ID="P169_ST00224" HPOS="99" VPOS="937" WIDTH="102" HEIGHT="22" CONTENT="another" WC="0.78" CC="0080032"/>
						<SP ID="P169_SP00199" HPOS="201" VPOS="959" WIDTH="20"/>
						<String ID="P169_ST00225" HPOS="221" VPOS="936" WIDTH="127" HEIGHT="29" CONTENT="Sampson," WC="0.57" CC="20096670"/>
						<SP ID="P169_SP00200" HPOS="348" VPOS="965" WIDTH="15"/>
						<String ID="P169_ST00226" HPOS="363" VPOS="935" WIDTH="85" HEIGHT="29" CONTENT="bishop" WC="0.46" CC="639750"/>
						<SP ID="P169_SP00201" HPOS="448" VPOS="965" WIDTH="20"/>
						<String ID="P169_ST00227" HPOS="468" VPOS="935" WIDTH="27" HEIGHT="23" CONTENT="of" WC="0.96" CC="00"/>
						<SP ID="P169_SP00202" HPOS="495" VPOS="965" WIDTH="17"/>
						<String ID="P169_ST00228" HPOS="512" VPOS="935" WIDTH="62" HEIGHT="23" CONTENT="Dole" WC="0.62" CC="0176"/>
						<SP ID="P169_SP00203" HPOS="574" VPOS="965" WIDTH="20"/>
						<String ID="P169_ST00229" HPOS="594" VPOS="936" WIDTH="23" HEIGHT="21" CONTENT="in" WC="1.00" CC="00"/>
						<SP ID="P169_SP00204" HPOS="617" VPOS="965" WIDTH="19"/>
						<String ID="P169_ST00230" HPOS="636" VPOS="935" WIDTH="41" HEIGHT="23" CONTENT="the" WC="0.81" CC="005"/>
						<SP ID="P169_SP00205" HPOS="677" VPOS="965" WIDTH="18"/>
						<String ID="P169_ST00231" HPOS="695" VPOS="936" WIDTH="62" HEIGHT="22" CONTENT="sixth" WC="0.79" CC="30006"/>
						<SP ID="P169_SP00206" HPOS="757" VPOS="965" WIDTH="15"/>
						<String ID="P169_ST00232" HPOS="772" VPOS="940" WIDTH="110" HEIGHT="25" CONTENT="century." WC="0.77" CC="20740200"/>
						<SP ID="P169_SP00207" HPOS="882" VPOS="965" WIDTH="37"/>
						<String ID="P169_ST00233" HPOS="919" VPOS="936" WIDTH="21" HEIGHT="22" CONTENT="It" WC="0.51" CC="44"/>
					</TextLine>
					<TextLine ID="P169_TL00027" HPOS="99" VPOS="969" WIDTH="840" HEIGHT="29">
						<String ID="P169_ST00234" HPOS="99" VPOS="971" WIDTH="72" HEIGHT="22" CONTENT="could" WC="0.81" CC="40040"/>
						<SP ID="P169_SP00208" HPOS="171" VPOS="993" WIDTH="20"/>
						<String ID="P169_ST00235" HPOS="191" VPOS="975" WIDTH="41" HEIGHT="17" CONTENT="not" WC="0.58" CC="830"/>
						<SP ID="P169_SP00209" HPOS="232" VPOS="993" WIDTH="21"/>
						<String ID="P169_ST00236" HPOS="253" VPOS="970" WIDTH="29" HEIGHT="22" CONTENT="be" WC="0.69" CC="60"/>
						<SP ID="P169_SP00210" HPOS="282" VPOS="993" WIDTH="19"/>
						<String ID="P169_ST00237" HPOS="301" VPOS="969" WIDTH="182" HEIGHT="23" CONTENT="authenticated" WC="0.81" CC="1105072000400"/>
						<SP ID="P169_SP00211" HPOS="483" VPOS="993" WIDTH="19"/>
						<String ID="P169_ST00238" HPOS="502" VPOS="969" WIDTH="52" HEIGHT="22" CONTENT="that" WC="0.63" CC="6710"/>
						<SP ID="P169_SP00212" HPOS="554" VPOS="993" WIDTH="18"/>
						<String ID="P169_ST00239" HPOS="572" VPOS="976" WIDTH="14" HEIGHT="15" CONTENT="a" WC="1.00" CC="0"/>
						<SP ID="P169_SP00213" HPOS="586" VPOS="993" WIDTH="17"/>
						<String ID="P169_ST00240" HPOS="603" VPOS="969" WIDTH="48" HEIGHT="29" CONTENT="pall" WC="0.72" CC="0064"/>
						<SP ID="P169_SP00214" HPOS="651" VPOS="998" WIDTH="19"/>
						<String ID="P169_ST00241" HPOS="670" VPOS="969" WIDTH="46" HEIGHT="22" CONTENT="had" WC="0.77" CC="600"/>
						<SP ID="P169_SP00215" HPOS="716" VPOS="998" WIDTH="18"/>
						<String ID="P169_ST00242" HPOS="734" VPOS="969" WIDTH="59" HEIGHT="22" CONTENT="been" WC="0.70" CC="4006"/>
						<SP ID="P169_SP00216" HPOS="793" VPOS="998" WIDTH="14"/>
						<String ID="P169_ST00243" HPOS="807" VPOS="974" WIDTH="53" HEIGHT="17" CONTENT="sent" WC="0.59" CC="0672"/>
						<SP ID="P169_SP00217" HPOS="860" VPOS="998" WIDTH="18"/>
						<String ID="P169_ST00244" HPOS="878" VPOS="969" WIDTH="61" HEIGHT="22" CONTENT="from" WC="0.63" CC="0409"/>
					</TextLine>
					<TextLine ID="P169_TL00028" HPOS="99" VPOS="1002" WIDTH="840" HEIGHT="31">
						<String ID="P169_ST00245" HPOS="99" VPOS="1004" WIDTH="79" HEIGHT="23" CONTENT="Rome" WC="0.92" CC="2000"/>
						<SP ID="P169_SP00218" HPOS="178" VPOS="1027" WIDTH="17"/>
						<String ID="P169_ST00246" HPOS="195" VPOS="1008" WIDTH="24" HEIGHT="19" CONTENT="to" WC="0.66" CC="06"/>
						<SP ID="P169_SP00219" HPOS="219" VPOS="1027" WIDTH="15"/>
						<String ID="P169_ST00247" HPOS="234" VPOS="1003" WIDTH="123" HEIGHT="27" CONTENT="Menevia," WC="0.64" CC="90709003"/>
						<SP ID="P169_SP00220" HPOS="357" VPOS="1030" WIDTH="19"/>
						<String ID="P169_ST00248" HPOS="376" VPOS="1010" WIDTH="28" HEIGHT="14" CONTENT="or" WC="0.97" CC="00"/>
						<SP ID="P169_SP00221" HPOS="404" VPOS="1030" WIDTH="18"/>
						<String ID="P169_ST00249" HPOS="422" VPOS="1006" WIDTH="25" HEIGHT="18" CONTENT="to" WC="0.83" CC="03"/>
						<SP ID="P169_SP00222" HPOS="447" VPOS="1030" WIDTH="18"/>
						<String ID="P169_ST00250" HPOS="465" VPOS="1010" WIDTH="47" HEIGHT="23" CONTENT="any" WC="0.81" CC="050"/>
						<SP ID="P169_SP00223" HPOS="512" VPOS="1033" WIDTH="20"/>
						<String ID="P169_ST00251" HPOS="532" VPOS="1002" WIDTH="86" HEIGHT="30" CONTENT="bishop" WC="0.88" CC="007000"/>
						<SP ID="P169_SP00224" HPOS="618" VPOS="1033" WIDTH="19"/>
						<String ID="P169_ST00252" HPOS="637" VPOS="1002" WIDTH="22" HEIGHT="22" CONTENT="in" WC="0.66" CC="60"/>
						<SP ID="P169_SP00225" HPOS="659" VPOS="1033" WIDTH="21"/>
						<String ID="P169_ST00253" HPOS="680" VPOS="1002" WIDTH="102" HEIGHT="28" CONTENT="Britain," WC="0.82" CC="50000520"/>
						<SP ID="P169_SP00226" HPOS="782" VPOS="1033" WIDTH="19"/>
						<String ID="P169_ST00254" HPOS="801" VPOS="1002" WIDTH="81" HEIGHT="22" CONTENT="before" WC="1.00" CC="000000"/>
						<SP ID="P169_SP00227" HPOS="882" VPOS="1033" WIDTH="17"/>
						<String ID="P169_ST00255" HPOS="899" VPOS="1003" WIDTH="40" HEIGHT="23" CONTENT="the" WC="1.00" CC="000"/>
					</TextLine>
					<TextLine ID="P169_TL00029" HPOS="98" VPOS="1036" WIDTH="842" HEIGHT="32">
						<String ID="P169_ST00256" HPOS="98" VPOS="1039" WIDTH="96" HEIGHT="22" CONTENT="mission" WC="0.52" CC="3472077"/>
						<SP ID="P169_SP00228" HPOS="194" VPOS="1061" WIDTH="15"/>
						<String ID="P169_ST00257" HPOS="209" VPOS="1037" WIDTH="27" HEIGHT="23" CONTENT="of" WC="0.94" CC="10"/>
						<SP ID="P169_SP00229" HPOS="236" VPOS="1061" WIDTH="11"/>
						<String ID="P169_ST00258" HPOS="247" VPOS="1037" WIDTH="147" HEIGHT="31" CONTENT="Augustine." WC="0.83" CC="0005100440"/>
						<SP ID="P169_SP00230" HPOS="394" VPOS="1068" WIDTH="37"/>
						<String ID="P169_ST00259" HPOS="431" VPOS="1036" WIDTH="54" HEIGHT="22" CONTENT="The" WC="0.76" CC="070"/>
						<SP ID="P169_SP00231" HPOS="485" VPOS="1068" WIDTH="18"/>
						<String ID="P169_ST00260" HPOS="503" VPOS="1036" WIDTH="104" HEIGHT="22" CONTENT="absence" WC="0.68" CC="0037803"/>
						<SP ID="P169_SP00232" HPOS="607" VPOS="1068" WIDTH="13"/>
						<String ID="P169_ST00261" HPOS="620" VPOS="1036" WIDTH="76" HEIGHT="22" CONTENT="ofthe" WC="0.87" CC="30020"/>
						<SP ID="P169_SP00233" HPOS="696" VPOS="1068" WIDTH="13"/>
						<String ID="P169_ST00262" HPOS="709" VPOS="1036" WIDTH="48" HEIGHT="30" CONTENT="pall" WC="0.88" CC="0040"/>
						<SP ID="P169_SP00234" HPOS="757" VPOS="1068" WIDTH="15"/>
						<String ID="P169_ST00263" HPOS="772" VPOS="1044" WIDTH="52" HEIGHT="23" CONTENT="may" WC="0.78" CC="060"/>
						<SP ID="P169_SP00235" HPOS="824" VPOS="1068" WIDTH="15"/>
						<String ID="P169_ST00264" HPOS="839" VPOS="1036" WIDTH="28" HEIGHT="22" CONTENT="be" WC="0.15" CC="79"/>
						<SP ID="P169_SP00236" HPOS="867" VPOS="1068" WIDTH="16"/>
						<String ID="P169_ST00265" HPOS="883" VPOS="1036" WIDTH="57" HEIGHT="23" CONTENT="fatal" WC="0.74" CC="54002"/>
					</TextLine>
					<TextLine ID="P169_TL00030" HPOS="97" VPOS="1069" WIDTH="843" HEIGHT="32">
						<String ID="P169_ST00266" HPOS="97" VPOS="1076" WIDTH="24" HEIGHT="19" CONTENT="to" WC="0.61" CC="52"/>
						<SP ID="P169_SP00237" HPOS="121" VPOS="1095" WIDTH="14"/>
						<String ID="P169_ST00267" HPOS="135" VPOS="1073" WIDTH="40" HEIGHT="22" CONTENT="the" WC="0.54" CC="760"/>
						<SP ID="P169_SP00238" HPOS="175" VPOS="1095" WIDTH="14"/>
						<String ID="P169_ST00268" HPOS="189" VPOS="1072" WIDTH="84" HEIGHT="23" CONTENT="claims" WC="0.41" CC="309596"/>
						<SP ID="P169_SP00239" HPOS="273" VPOS="1095" WIDTH="19"/>
						<String ID="P169_ST00269" HPOS="292" VPOS="1070" WIDTH="27" HEIGHT="22" CONTENT="of" WC="1.00" CC="00"/>
						<SP ID="P169_SP00240" HPOS="319" VPOS="1095" WIDTH="13"/>
						<String ID="P169_ST00270" HPOS="332" VPOS="1069" WIDTH="123" HEIGHT="27" CONTENT="Menevia," WC="0.88" CC="20700000"/>
						<SP ID="P169_SP00241" HPOS="455" VPOS="1096" WIDTH="14"/>
						<String ID="P169_ST00271" HPOS="469" VPOS="1078" WIDTH="64" HEIGHT="22" CONTENT="upon" WC="0.66" CC="0056"/>
						<SP ID="P169_SP00242" HPOS="533" VPOS="1100" WIDTH="17"/>
						<String ID="P169_ST00272" HPOS="550" VPOS="1069" WIDTH="95" HEIGHT="23" CONTENT="Roman" WC="0.45" CC="05947"/>
						<SP ID="P169_SP00243" HPOS="645" VPOS="1100" WIDTH="13"/>
						<String ID="P169_ST00273" HPOS="658" VPOS="1070" WIDTH="137" HEIGHT="30" CONTENT="principles," WC="0.86" CC="00250001050"/>
						<SP ID="P169_SP00244" HPOS="795" VPOS="1100" WIDTH="14"/>
						<String ID="P169_ST00274" HPOS="809" VPOS="1078" WIDTH="25" HEIGHT="14" CONTENT="as" WC="0.82" CC="03"/>
						<SP ID="P169_SP00245" HPOS="834" VPOS="1100" WIDTH="13"/>
						<String ID="P169_ST00275" HPOS="847" VPOS="1070" WIDTH="93" HEIGHT="31" CONTENT="against" WC="0.72" CC="0001476"/>
					</TextLine>
					<TextLine ID="P169_TL00031" HPOS="96" VPOS="1103" WIDTH="844" HEIGHT="31">
						<String ID="P169_ST00276" HPOS="96" VPOS="1113" WIDTH="14" HEIGHT="16" CONTENT="a" WC="1.00" CC="0"/>
						<SP ID="P169_SP00246" HPOS="110" VPOS="1129" WIDTH="14"/>
						<String ID="P169_ST00277" HPOS="124" VPOS="1106" WIDTH="95" HEIGHT="23" CONTENT="Roman" WC="0.66" CC="03058"/>
						<SP ID="P169_SP00247" HPOS="219" VPOS="1129" WIDTH="16"/>
						<String ID="P169_ST00278" HPOS="235" VPOS="1104" WIDTH="113" HEIGHT="25" CONTENT="Catholic" WC="0.76" CC="09503000"/>
						<SP ID="P169_SP00248" HPOS="348" VPOS="1129" WIDTH="19"/>
						<String ID="P169_ST00279" HPOS="367" VPOS="1103" WIDTH="106" HEIGHT="23" CONTENT="Primate" WC="0.83" CC="5000060"/>
						<SP ID="P169_SP00249" HPOS="473" VPOS="1129" WIDTH="19"/>
						<String ID="P169_ST00280" HPOS="492" VPOS="1103" WIDTH="27" HEIGHT="23" CONTENT="of" WC="0.54" CC="09"/>
						<SP ID="P169_SP00250" HPOS="519" VPOS="1129" WIDTH="17"/>
						<String ID="P169_ST00281" HPOS="536" VPOS="1103" WIDTH="119" HEIGHT="31" CONTENT="England," WC="0.78" CC="02009500"/>
						<SP ID="P169_SP00251" HPOS="655" VPOS="1134" WIDTH="15"/>
						<String ID="P169_ST00282" HPOS="670" VPOS="1104" WIDTH="42" HEIGHT="22" CONTENT="but" WC="0.41" CC="664"/>
						<SP ID="P169_SP00252" HPOS="712" VPOS="1134" WIDTH="13"/>
						<String ID="P169_ST00283" HPOS="725" VPOS="1104" WIDTH="58" HEIGHT="22" CONTENT="does" WC="0.87" CC="0005"/>
						<SP ID="P169_SP00253" HPOS="783" VPOS="1134" WIDTH="14"/>
						<String ID="P169_ST00284" HPOS="797" VPOS="1107" WIDTH="41" HEIGHT="19" CONTENT="not" WC="0.79" CC="104"/>
						<SP ID="P169_SP00254" HPOS="838" VPOS="1134" WIDTH="18"/>
						<String ID="P169_ST00285" HPOS="856" VPOS="1104" WIDTH="23" HEIGHT="21" CONTENT="in" WC="0.57" CC="08"/>
						<SP ID="P169_SP00255" HPOS="879" VPOS="1134" WIDTH="21"/>
						<String ID="P169_ST00286" HPOS="900" VPOS="1104" WIDTH="40" HEIGHT="23" CONTENT="the" WC="0.76" CC="070"/>
					</TextLine>
					<TextLine ID="P169_TL00032" HPOS="96" VPOS="1137" WIDTH="843" HEIGHT="33">
						<String ID="P169_ST00287" HPOS="96" VPOS="1140" WIDTH="60" HEIGHT="23" CONTENT="least" WC="0.73" CC="00066"/>
						<SP ID="P169_SP00256" HPOS="156" VPOS="1163" WIDTH="13"/>
						<String ID="P169_ST00288" HPOS="169" VPOS="1139" WIDTH="124" HEIGHT="31" CONTENT="prejudice" WC="0.78" CC="008000740"/>
						<SP ID="P169_SP00257" HPOS="293" VPOS="1170" WIDTH="14"/>
						<String ID="P169_ST00289" HPOS="307" VPOS="1138" WIDTH="68" HEIGHT="23" CONTENT="those" WC="0.52" CC="17760"/>
						<SP ID="P169_SP00258" HPOS="375" VPOS="1170" WIDTH="13"/>
						<String ID="P169_ST00290" HPOS="388" VPOS="1137" WIDTH="83" HEIGHT="23" CONTENT="claims" WC="0.68" CC="009305"/>
						<SP ID="P169_SP00259" HPOS="471" VPOS="1170" WIDTH="13"/>
						<String ID="P169_ST00291" HPOS="484" VPOS="1145" WIDTH="25" HEIGHT="15" CONTENT="as" WC="0.70" CC="05"/>
						<SP ID="P169_SP00260" HPOS="509" VPOS="1170" WIDTH="19"/>
						<String ID="P169_ST00292" HPOS="528" VPOS="1138" WIDTH="94" HEIGHT="30" CONTENT="against" WC="0.66" CC="6040461"/>
						<SP ID="P169_SP00261" HPOS="622" VPOS="1170" WIDTH="12"/>
						<String ID="P169_ST00293" HPOS="634" VPOS="1145" WIDTH="13" HEIGHT="15" CONTENT="a" WC="1.00" CC="0"/>
						<SP ID="P169_SP00262" HPOS="647" VPOS="1170" WIDTH="17"/>
						<String ID="P169_ST00294" HPOS="664" VPOS="1137" WIDTH="137" HEIGHT="23" CONTENT="Protestant" WC="0.73" CC="0606020073"/>
						<SP ID="P169_SP00263" HPOS="801" VPOS="1170" WIDTH="24"/>
						<String ID="P169_ST00295" HPOS="825" VPOS="1137" WIDTH="114" HEIGHT="23" CONTENT="Primate." WC="0.83" CC="54030000"/>
					</TextLine>
					<TextLine ID="P169_TL00033" HPOS="97" VPOS="1170" WIDTH="842" HEIGHT="33">
						<String ID="P169_ST00296" HPOS="97" VPOS="1174" WIDTH="52" HEIGHT="23" CONTENT="The" WC="0.76" CC="070"/>
						<SP ID="P169_SP00264" HPOS="149" VPOS="1197" WIDTH="22"/>
						<String ID="P169_ST00297" HPOS="171" VPOS="1174" WIDTH="50" HEIGHT="22" CONTENT="fact" WC="0.42" CC="5934"/>
						<SP ID="P169_SP00265" HPOS="221" VPOS="1197" WIDTH="18"/>
						<String ID="P169_ST00298" HPOS="239" VPOS="1180" WIDTH="94" HEIGHT="23" CONTENT="proves," WC="0.78" CC="0630050"/>
						<SP ID="P169_SP00266" HPOS="333" VPOS="1203" WIDTH="14"/>
						<String ID="P169_ST00299" HPOS="347" VPOS="1175" WIDTH="42" HEIGHT="19" CONTENT="not" WC="0.65" CC="720"/>
						<SP ID="P169_SP00267" HPOS="389" VPOS="1203" WIDTH="13"/>
						<String ID="P169_ST00300" HPOS="402" VPOS="1172" WIDTH="51" HEIGHT="22" CONTENT="that" WC="0.55" CC="3706"/>
						<SP ID="P169_SP00268" HPOS="453" VPOS="1203" WIDTH="15"/>
						<String ID="P169_ST00301" HPOS="468" VPOS="1170" WIDTH="35" HEIGHT="24" CONTENT="St." WC="0.99" CC="000"/>
						<SP ID="P169_SP00269" HPOS="503" VPOS="1203" WIDTH="15"/>
						<String ID="P169_ST00302" HPOS="518" VPOS="1170" WIDTH="100" HEIGHT="23" CONTENT="David's" WC="0.72" CC="0046025"/>
						<SP ID="P169_SP00270" HPOS="618" VPOS="1203" WIDTH="17"/>
						<String ID="P169_ST00303" HPOS="635" VPOS="1171" WIDTH="19" HEIGHT="22" CONTENT="is" WC="0.98" CC="00"/>
						<SP ID="P169_SP00271" HPOS="654" VPOS="1203" WIDTH="14"/>
						<String ID="P169_ST00304" HPOS="668" VPOS="1179" WIDTH="30" HEIGHT="15" CONTENT="no" WC="0.80" CC="30"/>
						<SP ID="P169_SP00272" HPOS="698" VPOS="1203" WIDTH="14"/>
						<String ID="P169_ST00305" HPOS="712" VPOS="1174" WIDTH="53" HEIGHT="20" CONTENT="true" WC="1.00" CC="0000"/>
						<SP ID="P169_SP00273" HPOS="765" VPOS="1203" WIDTH="13"/>
						<String ID="P169_ST00306" HPOS="778" VPOS="1171" WIDTH="47" HEIGHT="22" CONTENT="and" WC="1.00" CC="000"/>
						<SP ID="P169_SP00274" HPOS="825" VPOS="1203" WIDTH="15"/>
						<String ID="P169_ST00307" HPOS="840" VPOS="1171" WIDTH="99" HEIGHT="30" CONTENT="rightful" WC="0.64" CC="04965001"/>
					</TextLine>
					<TextLine ID="P169_TL00034" HPOS="95" VPOS="1204" WIDTH="844" HEIGHT="34">
						<String ID="P169_ST00308" HPOS="95" VPOS="1207" WIDTH="183" HEIGHT="31" CONTENT="archbishopric" WC="0.60" CC="0439659700300"/>
						<SP ID="P169_SP00275" HPOS="278" VPOS="1238" WIDTH="14"/>
						<String ID="P169_ST00309" HPOS="292" VPOS="1211" WIDTH="24" HEIGHT="18" CONTENT="at" WC="0.94" CC="01"/>
						<SP ID="P169_SP00276" HPOS="316" VPOS="1238" WIDTH="13"/>
						<String ID="P169_ST00310" HPOS="329" VPOS="1206" WIDTH="38" HEIGHT="26" CONTENT="all," WC="0.95" CC="0010"/>
						<SP ID="P169_SP00277" HPOS="367" VPOS="1238" WIDTH="15"/>
						<String ID="P169_ST00311" HPOS="382" VPOS="1206" WIDTH="43" HEIGHT="21" CONTENT="but" WC="0.57" CC="731"/>
						<SP ID="P169_SP00278" HPOS="425" VPOS="1238" WIDTH="17"/>
						<String ID="P169_ST00312" HPOS="442" VPOS="1205" WIDTH="53" HEIGHT="22" CONTENT="that" WC="0.67" CC="6600"/>
						<SP ID="P169_SP00279" HPOS="495" VPOS="1238" WIDTH="18"/>
						<String ID="P169_ST00313" HPOS="513" VPOS="1205" WIDTH="41" HEIGHT="22" CONTENT="she" WC="0.56" CC="570"/>
						<SP ID="P169_SP00280" HPOS="554" VPOS="1238" WIDTH="17"/>
						<String ID="P169_ST00314" HPOS="571" VPOS="1205" WIDTH="18" HEIGHT="22" CONTENT="is" WC="0.81" CC="03"/>
						<SP ID="P169_SP00281" HPOS="589" VPOS="1238" WIDTH="13"/>
						<String ID="P169_ST00315" HPOS="602" VPOS="1213" WIDTH="14" HEIGHT="14" CONTENT="a" WC="0.45" CC="5"/>
						<SP ID="P169_SP00282" HPOS="616" VPOS="1238" WIDTH="13"/>
						<String ID="P169_ST00316" HPOS="629" VPOS="1208" WIDTH="52" HEIGHT="19" CONTENT="true" WC="0.60" CC="0536"/>
						<SP ID="P169_SP00283" HPOS="681" VPOS="1238" WIDTH="15"/>
						<String ID="P169_ST00317" HPOS="696" VPOS="1205" WIDTH="46" HEIGHT="22" CONTENT="and" WC="0.71" CC="080"/>
						<SP ID="P169_SP00284" HPOS="742" VPOS="1238" WIDTH="14"/>
						<String ID="P169_ST00318" HPOS="756" VPOS="1204" WIDTH="99" HEIGHT="30" CONTENT="rightful" WC="0.76" CC="40035004"/>
						<SP ID="P169_SP00285" HPOS="855" VPOS="1238" WIDTH="16"/>
						<String ID="P169_ST00319" HPOS="871" VPOS="1205" WIDTH="68" HEIGHT="23" CONTENT="arch" SUBS_TYPE="HypPart1" SUBS_CONTENT="archbishopric," WC="0.48" CC="60872"/>
						<HYP CONTENT="-"/>
					</TextLine>
					<TextLine ID="P169_TL00035" HPOS="95" VPOS="1238" WIDTH="844" HEIGHT="34">
						<String ID="P169_ST00320" HPOS="95" VPOS="1242" WIDTH="131" HEIGHT="30" CONTENT="bishopric," SUBS_TYPE="HypPart2" SUBS_CONTENT="archbishopric," WC="0.86" CC="0050303000"/>
						<SP ID="P169_SP00286" HPOS="226" VPOS="1272" WIDTH="23"/>
						<String ID="P169_ST00321" HPOS="249" VPOS="1240" WIDTH="49" HEIGHT="23" CONTENT="and" WC="0.88" CC="030"/>
						<SP ID="P169_SP00287" HPOS="298" VPOS="1272" WIDTH="18"/>
						<String ID="P169_ST00322" HPOS="316" VPOS="1240" WIDTH="53" HEIGHT="22" CONTENT="that" WC="0.93" CC="2000"/>
						<SP ID="P169_SP00288" HPOS="369" VPOS="1272" WIDTH="18"/>
						<String ID="P169_ST00323" HPOS="387" VPOS="1239" WIDTH="165" HEIGHT="29" CONTENT="independent" WC="0.79" CC="00000008084"/>
						<SP ID="P169_SP00289" HPOS="552" VPOS="1272" WIDTH="18"/>
						<String ID="P169_ST00324" HPOS="570" VPOS="1238" WIDTH="27" HEIGHT="23" CONTENT="of" WC="0.85" CC="02"/>
						<SP ID="P169_SP00290" HPOS="597" VPOS="1272" WIDTH="16"/>
						<String ID="P169_ST00325" HPOS="613" VPOS="1239" WIDTH="40" HEIGHT="22" CONTENT="the" WC="0.77" CC="060"/>
						<SP ID="P169_SP00291" HPOS="653" VPOS="1272" WIDTH="21"/>
						<String ID="P169_ST00326" HPOS="674" VPOS="1238" WIDTH="76" HEIGHT="29" CONTENT="Pope," WC="0.87" CC="06000"/>
						<SP ID="P169_SP00292" HPOS="750" VPOS="1272" WIDTH="18"/>
						<String ID="P169_ST00327" HPOS="768" VPOS="1239" WIDTH="46" HEIGHT="21" CONTENT="and" WC="0.81" CC="050"/>
						<SP ID="P169_SP00293" HPOS="814" VPOS="1272" WIDTH="20"/>
						<String ID="P169_ST00328" HPOS="834" VPOS="1239" WIDTH="28" HEIGHT="22" CONTENT="de" WC="1.00" CC="00"/>
						<SP ID="P169_SP00294" HPOS="862" VPOS="1272" WIDTH="10"/>
						<String ID="P169_ST00329" HPOS="872" VPOS="1239" WIDTH="67" HEIGHT="30" CONTENT="jure," WC="0.85" CC="06000"/>
					</TextLine>
					<TextLine ID="P169_TL00036" HPOS="95" VPOS="1271" WIDTH="844" HEIGHT="35">
						<String ID="P169_ST00330" HPOS="95" VPOS="1276" WIDTH="103" HEIGHT="30" CONTENT="though," WC="0.71" CC="2018231"/>
						<SP ID="P169_SP00295" HPOS="198" VPOS="1306" WIDTH="9"/>
						<String ID="P169_ST00331" HPOS="207" VPOS="1273" WIDTH="144" HEIGHT="31" CONTENT="unhappily," WC="0.55" CC="1701690691"/>
						<SP ID="P169_SP00296" HPOS="351" VPOS="1306" WIDTH="9"/>
						<String ID="P169_ST00332" HPOS="360" VPOS="1277" WIDTH="43" HEIGHT="18" CONTENT="not" WC="0.61" CC="704"/>
						<SP ID="P169_SP00297" HPOS="403" VPOS="1306" WIDTH="8"/>
						<String ID="P169_ST00333" HPOS="411" VPOS="1272" WIDTH="104" HEIGHT="32" CONTENT="defacto," WC="0.86" CC="05004000"/>
						<SP ID="P169_SP00298" HPOS="515" VPOS="1306" WIDTH="11"/>
						<String ID="P169_ST00334" HPOS="526" VPOS="1272" WIDTH="163" HEIGHT="30" CONTENT="independent" WC="0.83" CC="55000060000"/>
						<SP ID="P169_SP00299" HPOS="689" VPOS="1306" WIDTH="7"/>
						<String ID="P169_ST00335" HPOS="696" VPOS="1271" WIDTH="28" HEIGHT="24" CONTENT="of" WC="0.95" CC="10"/>
						<SP ID="P169_SP00300" HPOS="724" VPOS="1306" WIDTH="6"/>
						<String ID="P169_ST00336" HPOS="730" VPOS="1273" WIDTH="41" HEIGHT="21" CONTENT="the" WC="0.76" CC="007"/>
						<SP ID="P169_SP00301" HPOS="771" VPOS="1306" WIDTH="12"/>
						<String ID="P169_ST00337" HPOS="783" VPOS="1272" WIDTH="156" HEIGHT="30" CONTENT="Archbishop" WC="0.75" CC="0024704500"/>
					</TextLine>
					<TextLine ID="P169_TL00037" HPOS="95" VPOS="1307" WIDTH="266" HEIGHT="32">
						<String ID="P169_ST00338" HPOS="95" VPOS="1309" WIDTH="28" HEIGHT="23" CONTENT="of" WC="1.00" CC="00"/>
						<SP ID="P169_SP00302" HPOS="123" VPOS="1332" WIDTH="12"/>
						<String ID="P169_ST00339" HPOS="135" VPOS="1309" WIDTH="154" HEIGHT="30" CONTENT="Canterbury" WC="0.55" CC="0585707540"/>
						<SP ID="P169_SP00303" HPOS="289" VPOS="1339" WIDTH="14"/>
						<String ID="P169_ST00340" HPOS="303" VPOS="1307" WIDTH="58" HEIGHT="22" CONTENT="also." WC="0.83" CC="00620"/>
					</TextLine>
					<TextLine ID="P169_TL00038" HPOS="148" VPOS="1338" WIDTH="791" HEIGHT="33">
						<String ID="P169_ST00341" HPOS="148" VPOS="1343" WIDTH="53" HEIGHT="22" CONTENT="The" WC="1.00" CC="000"/>
						<SP ID="P169_SP00304" HPOS="201" VPOS="1365" WIDTH="19"/>
						<String ID="P169_ST00342" HPOS="220" VPOS="1342" WIDTH="102" HEIGHT="23" CONTENT="election" WC="0.77" CC="60001036"/>
						<SP ID="P169_SP00305" HPOS="322" VPOS="1365" WIDTH="20"/>
						<String ID="P169_ST00343" HPOS="342" VPOS="1340" WIDTH="111" HEIGHT="31" CONTENT="question" WC="0.77" CC="00070406"/>
						<SP ID="P169_SP00306" HPOS="453" VPOS="1371" WIDTH="21"/>
						<String ID="P169_ST00344" HPOS="474" VPOS="1339" WIDTH="28" HEIGHT="22" CONTENT="of" WC="0.89" CC="20"/>
						<SP ID="P169_SP00307" HPOS="502" VPOS="1371" WIDTH="16"/>
						<String ID="P169_ST00345" HPOS="518" VPOS="1339" WIDTH="40" HEIGHT="22" CONTENT="the" WC="0.97" CC="000"/>
						<SP ID="P169_SP00308" HPOS="558" VPOS="1371" WIDTH="14"/>
						<String ID="P169_ST00346" HPOS="572" VPOS="1339" WIDTH="100" HEIGHT="31" CONTENT="chapter" WC="0.78" CC="0500207"/>
						<SP ID="P169_SP00309" HPOS="672" VPOS="1371" WIDTH="13"/>
						<String ID="P169_ST00347" HPOS="685" VPOS="1338" WIDTH="27" HEIGHT="23" CONTENT="of" WC="0.42" CC="65"/>
						<SP ID="P169_SP00310" HPOS="712" VPOS="1371" WIDTH="17"/>
						<String ID="P169_ST00348" HPOS="729" VPOS="1338" WIDTH="36" HEIGHT="23" CONTENT="St." WC="0.84" CC="210"/>
						<SP ID="P169_SP00311" HPOS="765" VPOS="1371" WIDTH="13"/>
						<String ID="P169_ST00349" HPOS="778" VPOS="1338" WIDTH="101" HEIGHT="23" CONTENT="David's" WC="0.76" CC="0600900"/>
						<SP ID="P169_SP00312" HPOS="879" VPOS="1371" WIDTH="14"/>
						<String ID="P169_ST00350" HPOS="893" VPOS="1347" WIDTH="46" HEIGHT="14" CONTENT="was" WC="0.61" CC="046"/>
					</TextLine>
					<TextLine ID="P169_TL00039" HPOS="94" VPOS="1372" WIDTH="845" HEIGHT="35">
						<String ID="P169_ST00351" HPOS="94" VPOS="1377" WIDTH="42" HEIGHT="23" CONTENT="the" WC="0.85" CC="040"/>
						<SP ID="P169_SP00313" HPOS="136" VPOS="1400" WIDTH="24"/>
						<String ID="P169_ST00352" HPOS="160" VPOS="1380" WIDTH="68" HEIGHT="27" CONTENT="great" WC="0.54" CC="99003"/>
						<SP ID="P169_SP00314" HPOS="228" VPOS="1407" WIDTH="25"/>
						<String ID="P169_ST00353" HPOS="253" VPOS="1374" WIDTH="95" HEIGHT="31" CONTENT="subject" WC="0.83" CC="4200500"/>
						<SP ID="P169_SP00315" HPOS="348" VPOS="1407" WIDTH="25"/>
						<String ID="P169_ST00354" HPOS="373" VPOS="1372" WIDTH="28" HEIGHT="24" CONTENT="of" WC="0.88" CC="20"/>
						<SP ID="P169_SP00316" HPOS="401" VPOS="1407" WIDTH="16"/>
						<String ID="P169_ST00355" HPOS="417" VPOS="1373" WIDTH="40" HEIGHT="22" CONTENT="the" WC="0.57" CC="507"/>
						<SP ID="P169_SP00317" HPOS="457" VPOS="1407" WIDTH="26"/>
						<String ID="P169_ST00356" HPOS="483" VPOS="1372" WIDTH="48" HEIGHT="30" CONTENT="day" WC="0.69" CC="009"/>
						<SP ID="P169_SP00318" HPOS="531" VPOS="1407" WIDTH="25"/>
						<String ID="P169_ST00357" HPOS="556" VPOS="1372" WIDTH="51" HEIGHT="23" CONTENT="into" WC="0.70" CC="0830"/>
						<SP ID="P169_SP00319" HPOS="607" VPOS="1407" WIDTH="24"/>
						<String ID="P169_ST00358" HPOS="631" VPOS="1372" WIDTH="79" HEIGHT="22" CONTENT="which" WC="0.74" CC="07400"/>
						<SP ID="P169_SP00320" HPOS="710" VPOS="1407" WIDTH="26"/>
						<String ID="P169_ST00359" HPOS="736" VPOS="1372" WIDTH="82" HEIGHT="22" CONTENT="Welsh" WC="0.66" CC="00366"/>
						<SP ID="P169_SP00321" HPOS="818" VPOS="1407" WIDTH="25"/>
						<String ID="P169_ST00360" HPOS="843" VPOS="1372" WIDTH="96" HEIGHT="31" CONTENT="politics" WC="0.88" CC="14000201"/>
					</TextLine>
					<TextLine ID="P169_TL00040" HPOS="95" VPOS="1405" WIDTH="844" HEIGHT="29">
						<String ID="P169_ST00361" HPOS="95" VPOS="1418" WIDTH="63" HEIGHT="16" CONTENT="were" WC="0.75" CC="8000"/>
						<SP ID="P169_SP00322" HPOS="158" VPOS="1434" WIDTH="22"/>
						<String ID="P169_ST00362" HPOS="180" VPOS="1409" WIDTH="129" HEIGHT="24" CONTENT="absorbed." WC="0.74" CC="056007102"/>
						<SP ID="P169_SP00323" HPOS="309" VPOS="1434" WIDTH="44"/>
						<String ID="P169_ST00363" HPOS="353" VPOS="1407" WIDTH="55" HEIGHT="23" CONTENT="The" WC="0.77" CC="060"/>
						<SP ID="P169_SP00324" HPOS="408" VPOS="1434" WIDTH="22"/>
						<String ID="P169_ST00364" HPOS="430" VPOS="1407" WIDTH="99" HEIGHT="22" CONTENT="Princes" WC="0.82" CC="6000005"/>
						<SP ID="P169_SP00325" HPOS="529" VPOS="1434" WIDTH="22"/>
						<String ID="P169_ST00365" HPOS="551" VPOS="1406" WIDTH="58" HEIGHT="23" CONTENT="both" WC="0.99" CC="0000"/>
						<SP ID="P169_SP00326" HPOS="609" VPOS="1434" WIDTH="26"/>
						<String ID="P169_ST00366" HPOS="635" VPOS="1405" WIDTH="27" HEIGHT="23" CONTENT="of" WC="1.00" CC="00"/>
						<SP ID="P169_SP00327" HPOS="662" VPOS="1434" WIDTH="22"/>
						<String ID="P169_ST00367" HPOS="684" VPOS="1405" WIDTH="78" HEIGHT="23" CONTENT="North" WC="0.67" CC="04155"/>
						<SP ID="P169_SP00328" HPOS="762" VPOS="1434" WIDTH="24"/>
						<String ID="P169_ST00368" HPOS="786" VPOS="1405" WIDTH="48" HEIGHT="23" CONTENT="and" WC="0.80" CC="050"/>
						<SP ID="P169_SP00329" HPOS="834" VPOS="1434" WIDTH="27"/>
						<String ID="P169_ST00369" HPOS="861" VPOS="1406" WIDTH="78" HEIGHT="23" CONTENT="South" WC="0.55" CC="43607"/>
					</TextLine>
					<TextLine ID="P169_TL00041" HPOS="95" VPOS="1439" WIDTH="844" HEIGHT="33">
						<String ID="P169_ST00370" HPOS="95" VPOS="1444" WIDTH="83" HEIGHT="23" CONTENT="Wales" WC="0.80" CC="01026"/>
						<SP ID="P169_SP00330" HPOS="178" VPOS="1467" WIDTH="12"/>
						<String ID="P169_ST00371" HPOS="190" VPOS="1442" WIDTH="155" HEIGHT="30" CONTENT="strenuously" WC="0.60" CC="65067650400"/>
						<SP ID="P169_SP00331" HPOS="345" VPOS="1472" WIDTH="13"/>
						<String ID="P169_ST00372" HPOS="358" VPOS="1440" WIDTH="133" HEIGHT="31" CONTENT="supported" WC="0.76" CC="610050600"/>
						<SP ID="P169_SP00332" HPOS="491" VPOS="1472" WIDTH="18"/>
						<String ID="P169_ST00373" HPOS="509" VPOS="1440" WIDTH="39" HEIGHT="23" CONTENT="the" WC="0.61" CC="604"/>
						<SP ID="P169_SP00333" HPOS="548" VPOS="1472" WIDTH="16"/>
						<String ID="P169_ST00374" HPOS="564" VPOS="1440" WIDTH="108" HEIGHT="30" CONTENT="chapter." WC="0.84" CC="00600060"/>
						<SP ID="P169_SP00334" HPOS="672" VPOS="1472" WIDTH="31"/>
						<String ID="P169_ST00375" HPOS="703" VPOS="1439" WIDTH="53" HEIGHT="23" CONTENT="The" WC="0.92" CC="020"/>
						<SP ID="P169_SP00335" HPOS="756" VPOS="1472" WIDTH="13"/>
						<String ID="P169_ST00376" HPOS="769" VPOS="1444" WIDTH="94" HEIGHT="23" CONTENT="matter," WC="0.91" CC="0031000"/>
						<SP ID="P169_SP00336" HPOS="863" VPOS="1472" WIDTH="15"/>
						<String ID="P169_ST00377" HPOS="878" VPOS="1439" WIDTH="61" HEIGHT="24" CONTENT="after" WC="0.88" CC="22001"/>
					</TextLine>
					<TextLine ID="P169_TL00042" HPOS="94" VPOS="1473" WIDTH="845" HEIGHT="36">
						<String ID="P169_ST00378" HPOS="94" VPOS="1487" WIDTH="15" HEIGHT="15" CONTENT="a" WC="1.00" CC="0"/>
						<SP ID="P169_SP00337" HPOS="109" VPOS="1502" WIDTH="12"/>
						<String ID="P169_ST00379" HPOS="121" VPOS="1478" WIDTH="64" HEIGHT="31" CONTENT="good" WC="0.65" CC="9030"/>
						<SP ID="P169_SP00338" HPOS="185" VPOS="1509" WIDTH="19"/>
						<String ID="P169_ST00380" HPOS="204" VPOS="1477" WIDTH="54" HEIGHT="23" CONTENT="deal" WC="0.98" CC="0000"/>
						<SP ID="P169_SP00339" HPOS="258" VPOS="1509" WIDTH="13"/>
						<String ID="P169_ST00381" HPOS="271" VPOS="1476" WIDTH="27" HEIGHT="23" CONTENT="of" WC="0.50" CC="09"/>
						<SP ID="P169_SP00340" HPOS="298" VPOS="1509" WIDTH="11"/>
						<String ID="P169_ST00382" HPOS="309" VPOS="1476" WIDTH="106" HEIGHT="29" CONTENT="bribery," WC="0.89" CC="32200000"/>
						<SP ID="P169_SP00341" HPOS="415" VPOS="1509" WIDTH="15"/>
						<String ID="P169_ST00383" HPOS="430" VPOS="1474" WIDTH="148" HEIGHT="31" CONTENT="corruption," WC="0.77" CC="05326000230"/>
						<SP ID="P169_SP00342" HPOS="578" VPOS="1509" WIDTH="14"/>
						<String ID="P169_ST00384" HPOS="592" VPOS="1473" WIDTH="47" HEIGHT="23" CONTENT="and" WC="0.89" CC="030"/>
						<SP ID="P169_SP00343" HPOS="639" VPOS="1509" WIDTH="19"/>
						<String ID="P169_ST00385" HPOS="658" VPOS="1474" WIDTH="97" HEIGHT="30" CONTENT="ratting," WC="0.71" CC="70530600"/>
						<SP ID="P169_SP00344" HPOS="755" VPOS="1509" WIDTH="14"/>
						<String ID="P169_ST00386" HPOS="769" VPOS="1473" WIDTH="77" HEIGHT="23" CONTENT="ended" WC="0.78" CC="06040"/>
						<SP ID="P169_SP00345" HPOS="846" VPOS="1509" WIDTH="15"/>
						<String ID="P169_ST00387" HPOS="861" VPOS="1474" WIDTH="22" HEIGHT="22" CONTENT="in" WC="0.68" CC="06"/>
						<SP ID="P169_SP00346" HPOS="883" VPOS="1509" WIDTH="14"/>
						<String ID="P169_ST00388" HPOS="897" VPOS="1474" WIDTH="42" HEIGHT="23" CONTENT="the" WC="0.88" CC="300"/>
					</TextLine>
					<TextLine ID="P169_TL00043" HPOS="94" VPOS="1506" WIDTH="844" HEIGHT="38">
						<String ID="P169_ST00389" HPOS="94" VPOS="1513" WIDTH="178" HEIGHT="31" CONTENT="appointment," WC="0.60" CC="089007763102"/>
						<SP ID="P169_SP00347" HPOS="272" VPOS="1544" WIDTH="23"/>
						<String ID="P169_ST00390" HPOS="295" VPOS="1510" WIDTH="56" HEIGHT="22" CONTENT="with" WC="0.59" CC="9007"/>
						<SP ID="P169_SP00348" HPOS="351" VPOS="1544" WIDTH="26"/>
						<String ID="P169_ST00391" HPOS="377" VPOS="1506" WIDTH="135" HEIGHT="26" CONTENT="Giraldus's" WC="0.81" CC="0000703204"/>
						<SP ID="P169_SP00349" HPOS="512" VPOS="1544" WIDTH="24"/>
						<String ID="P169_ST00392" HPOS="536" VPOS="1515" WIDTH="170" HEIGHT="20" CONTENT="concurrence," WC="0.83" CC="002750012100"/>
						<SP ID="P169_SP00350" HPOS="706" VPOS="1544" WIDTH="29"/>
						<String ID="P169_ST00393" HPOS="735" VPOS="1507" WIDTH="28" HEIGHT="23" CONTENT="of" WC="0.96" CC="00"/>
						<SP ID="P169_SP00351" HPOS="763" VPOS="1544" WIDTH="20"/>
						<String ID="P169_ST00394" HPOS="783" VPOS="1507" WIDTH="100" HEIGHT="33" CONTENT="Geoffry" WC="0.91" CC="0050010"/>
						<SP ID="P169_SP00352" HPOS="883" VPOS="1544" WIDTH="24"/>
						<String ID="P169_ST00395" HPOS="907" VPOS="1508" WIDTH="31" HEIGHT="24" CONTENT="de" WC="0.89" CC="02"/>
					</TextLine>
				</TextBlock>
			</PrintSpace>
		</Page>
	</Layout>
</alto>
