<?xml version="1.0" encoding="UTF-8"?>
<alto xmlns:xsi="http://www.w3.org/2001/XMLSchema-instance" xsi:noNamespaceSchemaLocation="http://www.bl.uk/schemas/alto/alto-1-4.xsd" xmlns:xlink="http://www.w3.org/1999/xlink">
	<Description>
		<MeasurementUnit>mm10</MeasurementUnit>
		<sourceImageInformation>
			<fileName>//head1/IN/2008-22/A0011651692/008415.jp2</fileName>
		</sourceImageInformation>
		<OCRProcessing ID="OCRPROCESSING_1">
			<preProcessingStep>
				<processingSoftware>
					<softwareCreator>CCS Content Conversion Specialists GmbH, Germany</softwareCreator>
					<softwareName>CCS docWORKS</softwareName>
					<softwareVersion>6.1-0.67</softwareVersion>
				</processingSoftware>
			</preProcessingStep>
			<ocrProcessingStep>
				<processingSoftware>
					<softwareCreator>ABBYY (BIT Software), Russia</softwareCreator>
					<softwareName>Finereader</softwareName>
				</processingSoftware>
			</ocrProcessingStep>
		</OCRProcessing>
	</Description>
	<Styles>
		<TextStyle ID="TXT_0" FONTSIZE="10" FONTFAMILY="Courier New"/>
		<TextStyle ID="TXT_1" FONTSIZE="9" FONTFAMILY="Courier New"/>
		<ParagraphStyle ID="PAR_RIGHT" ALIGN="Right"/>
		<ParagraphStyle ID="PAR_CENTER" ALIGN="Center"/>
		<ParagraphStyle ID="PAR_LEFT" ALIGN="Left"/>
	</Styles>
	<Layout>
		<Page ID="P27" PHYSICAL_IMG_NR="27" HEIGHT="1619" WIDTH="1023" PRINTED_IMG_NR="13" POSITION="Right" ACCURACY="77.57">
			<TopMargin ID="P27_TM00001" HPOS="0" VPOS="0" WIDTH="1022" HEIGHT="105">
				<TextBlock ID="P27_TB00001" HPOS="921" VPOS="82" WIDTH="28" HEIGHT="22" STYLEREFS="TXT_0 PAR_RIGHT">
					<TextLine ID="P27_TL00001" HPOS="921" VPOS="82" WIDTH="28" HEIGHT="22">
						<String ID="P27_ST00001" HPOS="921" VPOS="82" WIDTH="28" HEIGHT="22" CONTENT="13" WC="1.00" CC="00"/>
					</TextLine>
				</TextBlock>
				<TextBlock ID="P27_TB00002" HPOS="466" VPOS="84" WIDTH="125" HEIGHT="16" STYLEREFS="TXT_1 PAR_CENTER">
					<TextLine ID="P27_TL00002" HPOS="466" VPOS="84" WIDTH="125" HEIGHT="16">
						<String ID="P27_ST00002" HPOS="466" VPOS="84" WIDTH="125" HEIGHT="16" CONTENT="BARDISM." WC="0.64" CC="20662170"/>
					</TextLine>
				</TextBlock>
			</TopMargin>
			<LeftMargin ID="P27_LM00001" HPOS="0" VPOS="105" WIDTH="99" HEIGHT="1419"/>
			<RightMargin ID="P27_RM00001" HPOS="956" VPOS="105" WIDTH="66" HEIGHT="1419"/>
			<BottomMargin ID="P27_BM00001" HPOS="0" VPOS="1524" WIDTH="1022" HEIGHT="94"/>
			<PrintSpace ID="P27_PS00001" HPOS="99" VPOS="105" WIDTH="857" HEIGHT="1419">
				<TextBlock ID="P27_TB00003" HPOS="99" VPOS="138" WIDTH="856" HEIGHT="609" STYLEREFS="TXT_1 PAR_LEFT">
					<TextLine ID="P27_TL00003" HPOS="152" VPOS="138" WIDTH="799" HEIGHT="39">
						<String ID="P27_ST00003" HPOS="152" VPOS="138" WIDTH="54" HEIGHT="25" CONTENT="The" WC="0.70" CC="260"/>
						<SP ID="P27_SP00001" HPOS="206" VPOS="163" WIDTH="12"/>
						<String ID="P27_ST00004" HPOS="218" VPOS="139" WIDTH="103" HEIGHT="32" CONTENT="judicial" WC="0.61" CC="07056056"/>
						<SP ID="P27_SP00002" HPOS="321" VPOS="171" WIDTH="20"/>
						<String ID="P27_ST00005" HPOS="341" VPOS="141" WIDTH="69" HEIGHT="24" CONTENT="habit" WC="0.68" CC="38210"/>
						<SP ID="P27_SP00003" HPOS="410" VPOS="171" WIDTH="18"/>
						<String ID="P27_ST00006" HPOS="428" VPOS="143" WIDTH="27" HEIGHT="22" CONTENT="of" WC="1.00" CC="00"/>
						<SP ID="P27_SP00004" HPOS="455" VPOS="171" WIDTH="16"/>
						<String ID="P27_ST00007" HPOS="471" VPOS="143" WIDTH="39" HEIGHT="23" CONTENT="the" WC="0.94" CC="100"/>
						<SP ID="P27_SP00005" HPOS="510" VPOS="171" WIDTH="22"/>
						<String ID="P27_ST00008" HPOS="532" VPOS="144" WIDTH="163" HEIGHT="23" CONTENT="Arch-Druid" WC="0.76" CC="0470063100"/>
						<SP ID="P27_SP00006" HPOS="695" VPOS="171" WIDTH="13"/>
						<String ID="P27_ST00009" HPOS="708" VPOS="153" WIDTH="48" HEIGHT="15" CONTENT="was" WC="0.93" CC="010"/>
						<SP ID="P27_SP00007" HPOS="756" VPOS="171" WIDTH="18"/>
						<String ID="P27_ST00010" HPOS="774" VPOS="145" WIDTH="111" HEIGHT="32" CONTENT="splendid" WC="0.53" CC="60895006"/>
						<SP ID="P27_SP00008" HPOS="885" VPOS="177" WIDTH="20"/>
						<String ID="P27_ST00011" HPOS="905" VPOS="147" WIDTH="46" HEIGHT="22" CONTENT="and" WC="0.99" CC="000"/>
					</TextLine>
					<TextLine ID="P27_TL00004" HPOS="101" VPOS="172" WIDTH="852" HEIGHT="38">
						<String ID="P27_ST00012" HPOS="101" VPOS="172" WIDTH="146" HEIGHT="32" CONTENT="imposing.*" WC="0.59" CC="0907706900"/>
						<SP ID="P27_SP00009" HPOS="247" VPOS="204" WIDTH="40"/>
						<String ID="P27_ST00013" HPOS="287" VPOS="174" WIDTH="40" HEIGHT="24" CONTENT="He" WC="0.77" CC="40"/>
						<SP ID="P27_SP00010" HPOS="327" VPOS="204" WIDTH="14"/>
						<String ID="P27_ST00014" HPOS="341" VPOS="183" WIDTH="48" HEIGHT="15" CONTENT="was" WC="1.00" CC="000"/>
						<SP ID="P27_SP00011" HPOS="389" VPOS="204" WIDTH="19"/>
						<String ID="P27_ST00015" HPOS="408" VPOS="176" WIDTH="96" HEIGHT="23" CONTENT="clothed" WC="0.98" CC="0000000"/>
						<SP ID="P27_SP00012" HPOS="504" VPOS="204" WIDTH="18"/>
						<String ID="P27_ST00016" HPOS="522" VPOS="177" WIDTH="23" HEIGHT="22" CONTENT="in" WC="0.69" CC="06"/>
						<SP ID="P27_SP00013" HPOS="545" VPOS="204" WIDTH="14"/>
						<String ID="P27_ST00017" HPOS="559" VPOS="185" WIDTH="15" HEIGHT="15" CONTENT="a" WC="1.00" CC="0"/>
						<SP ID="P27_SP00014" HPOS="574" VPOS="204" WIDTH="13"/>
						<String ID="P27_ST00018" HPOS="587" VPOS="177" WIDTH="60" HEIGHT="23" CONTENT="stole" WC="0.77" CC="53100"/>
						<SP ID="P27_SP00015" HPOS="647" VPOS="204" WIDTH="18"/>
						<String ID="P27_ST00019" HPOS="665" VPOS="177" WIDTH="29" HEIGHT="24" CONTENT="of" WC="0.83" CC="30"/>
						<SP ID="P27_SP00016" HPOS="694" VPOS="204" WIDTH="10"/>
						<String ID="P27_ST00020" HPOS="704" VPOS="180" WIDTH="82" HEIGHT="30" CONTENT="-virgin" WC="0.74" CC="3026006"/>
						<SP ID="P27_SP00017" HPOS="786" VPOS="210" WIDTH="16"/>
						<String ID="P27_ST00021" HPOS="802" VPOS="180" WIDTH="80" HEIGHT="26" CONTENT="white," WC="0.68" CC="900450"/>
						<SP ID="P27_SP00018" HPOS="882" VPOS="210" WIDTH="14"/>
						<String ID="P27_ST00022" HPOS="896" VPOS="188" WIDTH="57" HEIGHT="15" CONTENT="over" WC="0.56" CC="6064"/>
					</TextLine>
					<TextLine ID="P27_TL00005" HPOS="101" VPOS="207" WIDTH="850" HEIGHT="36">
						<String ID="P27_ST00023" HPOS="101" VPOS="215" WIDTH="14" HEIGHT="15" CONTENT="a" WC="0.44" CC="5"/>
						<SP ID="P27_SP00019" HPOS="115" VPOS="230" WIDTH="21"/>
						<String ID="P27_ST00024" HPOS="136" VPOS="207" WIDTH="79" HEIGHT="23" CONTENT="closer" WC="0.74" CC="000940"/>
						<SP ID="P27_SP00020" HPOS="215" VPOS="230" WIDTH="18"/>
						<String ID="P27_ST00025" HPOS="233" VPOS="209" WIDTH="60" HEIGHT="23" CONTENT="robe" WC="0.81" CC="0007"/>
						<SP ID="P27_SP00021" HPOS="293" VPOS="232" WIDTH="19"/>
						<String ID="P27_ST00026" HPOS="312" VPOS="208" WIDTH="28" HEIGHT="24" CONTENT="of" WC="0.90" CC="10"/>
						<SP ID="P27_SP00022" HPOS="340" VPOS="232" WIDTH="15"/>
						<String ID="P27_ST00027" HPOS="355" VPOS="210" WIDTH="40" HEIGHT="22" CONTENT="the" WC="0.80" CC="050"/>
						<SP ID="P27_SP00023" HPOS="395" VPOS="232" WIDTH="21"/>
						<String ID="P27_ST00028" HPOS="416" VPOS="217" WIDTH="73" HEIGHT="21" CONTENT="same," WC="0.73" CC="50700"/>
						<SP ID="P27_SP00024" HPOS="489" VPOS="238" WIDTH="18"/>
						<String ID="P27_ST00029" HPOS="507" VPOS="210" WIDTH="108" HEIGHT="24" CONTENT="fastened" WC="0.88" CC="00900000"/>
						<SP ID="P27_SP00025" HPOS="615" VPOS="238" WIDTH="21"/>
						<String ID="P27_ST00030" HPOS="636" VPOS="212" WIDTH="34" HEIGHT="30" CONTENT="by" WC="1.00" CC="00"/>
						<SP ID="P27_SP00026" HPOS="670" VPOS="242" WIDTH="15"/>
						<String ID="P27_ST00031" HPOS="685" VPOS="220" WIDTH="13" HEIGHT="14" CONTENT="a" WC="1.00" CC="0"/>
						<SP ID="P27_SP00027" HPOS="698" VPOS="242" WIDTH="19"/>
						<String ID="P27_ST00032" HPOS="717" VPOS="213" WIDTH="85" HEIGHT="30" CONTENT="girdle," WC="0.71" CC="9009000"/>
						<SP ID="P27_SP00028" HPOS="802" VPOS="243" WIDTH="20"/>
						<String ID="P27_ST00033" HPOS="822" VPOS="221" WIDTH="30" HEIGHT="15" CONTENT="on" WC="0.67" CC="06"/>
						<SP ID="P27_SP00029" HPOS="852" VPOS="243" WIDTH="21"/>
						<String ID="P27_ST00034" HPOS="873" VPOS="214" WIDTH="78" HEIGHT="23" CONTENT="which" WC="0.60" CC="90306"/>
					</TextLine>
					<TextLine ID="P27_TL00006" HPOS="101" VPOS="242" WIDTH="852" HEIGHT="34">
						<String ID="P27_ST00035" HPOS="101" VPOS="242" WIDTH="122" HEIGHT="29" CONTENT="appeared" WC="1.00" CC="00000000"/>
						<SP ID="P27_SP00030" HPOS="223" VPOS="271" WIDTH="19"/>
						<String ID="P27_ST00036" HPOS="242" VPOS="243" WIDTH="41" HEIGHT="22" CONTENT="the" WC="1.00" CC="000"/>
						<SP ID="P27_SP00031" HPOS="283" VPOS="271" WIDTH="13"/>
						<String ID="P27_ST00037" HPOS="296" VPOS="243" WIDTH="90" HEIGHT="30" CONTENT="crystal" WC="0.72" CC="0092105"/>
						<SP ID="P27_SP00032" HPOS="386" VPOS="273" WIDTH="17"/>
						<String ID="P27_ST00038" HPOS="403" VPOS="243" WIDTH="28" HEIGHT="22" CONTENT="of" WC="1.00" CC="00"/>
						<SP ID="P27_SP00033" HPOS="431" VPOS="273" WIDTH="13"/>
						<String ID="P27_ST00039" HPOS="444" VPOS="252" WIDTH="96" HEIGHT="23" CONTENT="augury" WC="0.81" CC="006040"/>
						<SP ID="P27_SP00034" HPOS="540" VPOS="275" WIDTH="14"/>
						<String ID="P27_ST00040" HPOS="554" VPOS="245" WIDTH="103" HEIGHT="23" CONTENT="encased" WC="0.91" CC="0100130"/>
						<SP ID="P27_SP00035" HPOS="657" VPOS="275" WIDTH="15"/>
						<String ID="P27_ST00041" HPOS="672" VPOS="246" WIDTH="24" HEIGHT="22" CONTENT="in" WC="0.77" CC="04"/>
						<SP ID="P27_SP00036" HPOS="696" VPOS="275" WIDTH="16"/>
						<String ID="P27_ST00042" HPOS="712" VPOS="246" WIDTH="65" HEIGHT="30" CONTENT="gold." WC="0.94" CC="20000"/>
						<SP ID="P27_SP00037" HPOS="777" VPOS="276" WIDTH="37"/>
						<String ID="P27_ST00043" HPOS="814" VPOS="247" WIDTH="88" HEIGHT="23" CONTENT="Round" WC="0.67" CC="73140"/>
						<SP ID="P27_SP00038" HPOS="902" VPOS="276" WIDTH="15"/>
						<String ID="P27_ST00044" HPOS="917" VPOS="248" WIDTH="36" HEIGHT="22" CONTENT="his" WC="0.57" CC="506"/>
					</TextLine>
					<TextLine ID="P27_TL00007" HPOS="101" VPOS="275" WIDTH="852" HEIGHT="35">
						<String ID="P27_ST00045" HPOS="101" VPOS="275" WIDTH="63" HEIGHT="23" CONTENT="neck" WC="0.78" CC="8000"/>
						<SP ID="P27_SP00039" HPOS="164" VPOS="298" WIDTH="14"/>
						<String ID="P27_ST00046" HPOS="178" VPOS="283" WIDTH="50" HEIGHT="15" CONTENT="was" WC="0.65" CC="073"/>
						<SP ID="P27_SP00040" HPOS="228" VPOS="298" WIDTH="22"/>
						<String ID="P27_ST00047" HPOS="250" VPOS="276" WIDTH="41" HEIGHT="22" CONTENT="the" WC="0.78" CC="600"/>
						<SP ID="P27_SP00041" HPOS="291" VPOS="298" WIDTH="21"/>
						<String ID="P27_ST00048" HPOS="312" VPOS="276" WIDTH="148" HEIGHT="31" CONTENT="breastplate" WC="0.82" CC="01406200040"/>
						<SP ID="P27_SP00042" HPOS="460" VPOS="307" WIDTH="22"/>
						<String ID="P27_ST00049" HPOS="482" VPOS="278" WIDTH="28" HEIGHT="22" CONTENT="of" WC="0.47" CC="90"/>
						<SP ID="P27_SP00043" HPOS="510" VPOS="307" WIDTH="12"/>
						<String ID="P27_ST00050" HPOS="522" VPOS="278" WIDTH="142" HEIGHT="31" CONTENT="judgment," WC="0.71" CC="060900800"/>
						<SP ID="P27_SP00044" HPOS="664" VPOS="309" WIDTH="19"/>
						<String ID="P27_ST00051" HPOS="683" VPOS="280" WIDTH="52" HEIGHT="22" CONTENT="said" WC="0.87" CC="4000"/>
						<SP ID="P27_SP00045" HPOS="735" VPOS="309" WIDTH="18"/>
						<String ID="P27_ST00052" HPOS="753" VPOS="285" WIDTH="26" HEIGHT="18" CONTENT="to" WC="1.00" CC="00"/>
						<SP ID="P27_SP00046" HPOS="779" VPOS="309" WIDTH="18"/>
						<String ID="P27_ST00053" HPOS="797" VPOS="288" WIDTH="93" HEIGHT="22" CONTENT="possess" WC="0.69" CC="0650306"/>
						<SP ID="P27_SP00047" HPOS="890" VPOS="310" WIDTH="22"/>
						<String ID="P27_ST00054" HPOS="912" VPOS="282" WIDTH="41" HEIGHT="22" CONTENT="the" WC="0.59" CC="470"/>
					</TextLine>
					<TextLine ID="P27_TL00008" HPOS="101" VPOS="309" WIDTH="850" HEIGHT="35">
						<String ID="P27_ST00055" HPOS="101" VPOS="309" WIDTH="108" HEIGHT="32" CONTENT="salutary" WC="0.74" CC="90200160"/>
						<SP ID="P27_SP00048" HPOS="209" VPOS="341" WIDTH="14"/>
						<String ID="P27_ST00056" HPOS="223" VPOS="310" WIDTH="45" HEIGHT="23" CONTENT="but" WC="0.61" CC="074"/>
						<SP ID="P27_SP00049" HPOS="268" VPOS="341" WIDTH="15"/>
						<String ID="P27_ST00057" HPOS="283" VPOS="310" WIDTH="193" HEIGHT="24" CONTENT="uncomfortable" WC="0.72" CC="6204090040700"/>
						<SP ID="P27_SP00050" HPOS="476" VPOS="341" WIDTH="14"/>
						<String ID="P27_ST00058" HPOS="490" VPOS="316" WIDTH="114" HEIGHT="27" CONTENT="property" WC="0.70" CC="00980220"/>
						<SP ID="P27_SP00051" HPOS="604" VPOS="343" WIDTH="11"/>
						<String ID="P27_ST00059" HPOS="615" VPOS="312" WIDTH="29" HEIGHT="24" CONTENT="of" WC="0.70" CC="50"/>
						<SP ID="P27_SP00052" HPOS="644" VPOS="343" WIDTH="6"/>
						<String ID="P27_ST00060" HPOS="650" VPOS="314" WIDTH="132" HEIGHT="30" CONTENT="squeezing" WC="0.73" CC="605000380"/>
						<SP ID="P27_SP00053" HPOS="782" VPOS="344" WIDTH="14"/>
						<String ID="P27_ST00061" HPOS="796" VPOS="315" WIDTH="39" HEIGHT="22" CONTENT="the" WC="0.65" CC="360"/>
						<SP ID="P27_SP00054" HPOS="835" VPOS="344" WIDTH="11"/>
						<String ID="P27_ST00062" HPOS="846" VPOS="314" WIDTH="62" HEIGHT="23" CONTENT="neck" WC="0.79" CC="8000"/>
						<SP ID="P27_SP00055" HPOS="908" VPOS="344" WIDTH="13"/>
						<String ID="P27_ST00063" HPOS="921" VPOS="322" WIDTH="30" HEIGHT="15" CONTENT="ou" WC="0.33" CC="48"/>
					</TextLine>
					<TextLine ID="P27_TL00009" HPOS="102" VPOS="343" WIDTH="851" HEIGHT="35">
						<String ID="P27_ST00064" HPOS="102" VPOS="343" WIDTH="42" HEIGHT="23" CONTENT="the" WC="0.76" CC="070"/>
						<SP ID="P27_SP00056" HPOS="144" VPOS="366" WIDTH="13"/>
						<String ID="P27_ST00065" HPOS="157" VPOS="348" WIDTH="128" HEIGHT="19" CONTENT="utterance" WC="0.71" CC="624400070"/>
						<SP ID="P27_SP00057" HPOS="285" VPOS="367" WIDTH="14"/>
						<String ID="P27_ST00066" HPOS="299" VPOS="343" WIDTH="28" HEIGHT="24" CONTENT="of" WC="0.41" CC="38"/>
						<SP ID="P27_SP00058" HPOS="327" VPOS="367" WIDTH="11"/>
						<String ID="P27_ST00067" HPOS="338" VPOS="353" WIDTH="13" HEIGHT="14" CONTENT="a" WC="1.00" CC="0"/>
						<SP ID="P27_SP00059" HPOS="351" VPOS="367" WIDTH="13"/>
						<String ID="P27_ST00068" HPOS="364" VPOS="349" WIDTH="100" HEIGHT="27" CONTENT="corrupt" WC="0.82" CC="0043004"/>
						<SP ID="P27_SP00060" HPOS="464" VPOS="376" WIDTH="13"/>
						<String ID="P27_ST00069" HPOS="477" VPOS="345" WIDTH="140" HEIGHT="32" CONTENT="judgment." WC="0.82" CC="050060400"/>
						<SP ID="P27_SP00061" HPOS="617" VPOS="377" WIDTH="39"/>
						<String ID="P27_ST00070" HPOS="656" VPOS="346" WIDTH="82" HEIGHT="23" CONTENT="Below" WC="0.82" CC="30500"/>
						<SP ID="P27_SP00062" HPOS="738" VPOS="377" WIDTH="14"/>
						<String ID="P27_ST00071" HPOS="752" VPOS="348" WIDTH="41" HEIGHT="22" CONTENT="the" WC="0.79" CC="600"/>
						<SP ID="P27_SP00063" HPOS="793" VPOS="377" WIDTH="14"/>
						<String ID="P27_ST00072" HPOS="807" VPOS="348" WIDTH="146" HEIGHT="30" CONTENT="breastplate" WC="0.67" CC="54107005046"/>
					</TextLine>
					<TextLine ID="P27_TL00010" HPOS="103" VPOS="378" WIDTH="850" HEIGHT="33">
						<String ID="P27_ST00073" HPOS="103" VPOS="385" WIDTH="48" HEIGHT="14" CONTENT="was" WC="0.95" CC="001"/>
						<SP ID="P27_SP00064" HPOS="151" VPOS="399" WIDTH="14"/>
						<String ID="P27_ST00074" HPOS="165" VPOS="378" WIDTH="140" HEIGHT="30" CONTENT="suspended" WC="0.76" CC="405901000"/>
						<SP ID="P27_SP00065" HPOS="305" VPOS="408" WIDTH="17"/>
						<String ID="P27_ST00075" HPOS="322" VPOS="379" WIDTH="42" HEIGHT="23" CONTENT="the" WC="0.94" CC="010"/>
						<SP ID="P27_SP00066" HPOS="364" VPOS="408" WIDTH="13"/>
						<String ID="P27_ST00076" HPOS="377" VPOS="379" WIDTH="74" HEIGHT="24" CONTENT="Glain" WC="0.84" CC="00007"/>
						<SP ID="P27_SP00067" HPOS="451" VPOS="408" WIDTH="21"/>
						<String ID="P27_ST00077" HPOS="472" VPOS="379" WIDTH="83" HEIGHT="27" CONTENT="Neidr," WC="0.92" CC="102000"/>
						<SP ID="P27_SP00068" HPOS="555" VPOS="408" WIDTH="15"/>
						<String ID="P27_ST00078" HPOS="570" VPOS="387" WIDTH="27" HEIGHT="16" CONTENT="or" WC="0.67" CC="23"/>
						<SP ID="P27_SP00069" HPOS="597" VPOS="408" WIDTH="16"/>
						<String ID="P27_ST00079" HPOS="613" VPOS="380" WIDTH="117" HEIGHT="30" CONTENT="serpent's" WC="0.67" CC="300006349"/>
						<SP ID="P27_SP00070" HPOS="730" VPOS="410" WIDTH="15"/>
						<String ID="P27_ST00080" HPOS="745" VPOS="381" WIDTH="80" HEIGHT="30" CONTENT="jewel." WC="1.00" CC="000000"/>
						<SP ID="P27_SP00071" HPOS="825" VPOS="411" WIDTH="38"/>
						<String ID="P27_ST00081" HPOS="863" VPOS="381" WIDTH="39" HEIGHT="23" CONTENT="On" WC="0.93" CC="10"/>
						<SP ID="P27_SP00072" HPOS="902" VPOS="411" WIDTH="16"/>
						<String ID="P27_ST00082" HPOS="918" VPOS="382" WIDTH="35" HEIGHT="22" CONTENT="his" WC="0.69" CC="026"/>
					</TextLine>
					<TextLine ID="P27_TL00011" HPOS="103" VPOS="410" WIDTH="851" HEIGHT="35">
						<String ID="P27_ST00083" HPOS="103" VPOS="410" WIDTH="62" HEIGHT="24" CONTENT="head" WC="0.78" CC="7100"/>
						<SP ID="P27_SP00073" HPOS="165" VPOS="434" WIDTH="14"/>
						<String ID="P27_ST00084" HPOS="179" VPOS="411" WIDTH="31" HEIGHT="23" CONTENT="he" WC="1.00" CC="00"/>
						<SP ID="P27_SP00074" HPOS="210" VPOS="434" WIDTH="14"/>
						<String ID="P27_ST00085" HPOS="224" VPOS="412" WIDTH="48" HEIGHT="23" CONTENT="had" WC="0.76" CC="700"/>
						<SP ID="P27_SP00075" HPOS="272" VPOS="435" WIDTH="19"/>
						<String ID="P27_ST00086" HPOS="291" VPOS="420" WIDTH="14" HEIGHT="15" CONTENT="a" WC="1.00" CC="0"/>
						<SP ID="P27_SP00076" HPOS="305" VPOS="435" WIDTH="20"/>
						<String ID="P27_ST00087" HPOS="325" VPOS="413" WIDTH="62" HEIGHT="23" CONTENT="tiara" WC="0.68" CC="06900"/>
						<SP ID="P27_SP00077" HPOS="387" VPOS="436" WIDTH="12"/>
						<String ID="P27_ST00088" HPOS="399" VPOS="413" WIDTH="28" HEIGHT="23" CONTENT="of" WC="0.82" CC="03"/>
						<SP ID="P27_SP00078" HPOS="427" VPOS="436" WIDTH="11"/>
						<String ID="P27_ST00089" HPOS="438" VPOS="414" WIDTH="65" HEIGHT="29" CONTENT="gold." WC="0.88" CC="00500"/>
						<SP ID="P27_SP00079" HPOS="503" VPOS="443" WIDTH="37"/>
						<String ID="P27_ST00090" HPOS="540" VPOS="413" WIDTH="39" HEIGHT="23" CONTENT="On" WC="0.67" CC="06"/>
						<SP ID="P27_SP00080" HPOS="579" VPOS="443" WIDTH="14"/>
						<String ID="P27_ST00091" HPOS="593" VPOS="414" WIDTH="61" HEIGHT="22" CONTENT="each" WC="0.64" CC="6070"/>
						<SP ID="P27_SP00081" HPOS="654" VPOS="443" WIDTH="14"/>
						<String ID="P27_ST00092" HPOS="668" VPOS="413" WIDTH="27" HEIGHT="23" CONTENT="of" WC="0.80" CC="30"/>
						<SP ID="P27_SP00082" HPOS="695" VPOS="443" WIDTH="15"/>
						<String ID="P27_ST00093" HPOS="710" VPOS="419" WIDTH="48" HEIGHT="17" CONTENT="two" WC="1.00" CC="000"/>
						<SP ID="P27_SP00083" HPOS="758" VPOS="443" WIDTH="19"/>
						<String ID="P27_ST00094" HPOS="777" VPOS="414" WIDTH="89" HEIGHT="31" CONTENT="fingers" WC="0.71" CC="0059040"/>
						<SP ID="P27_SP00084" HPOS="866" VPOS="445" WIDTH="13"/>
						<String ID="P27_ST00095" HPOS="879" VPOS="414" WIDTH="27" HEIGHT="23" CONTENT="of" WC="0.72" CC="05"/>
						<SP ID="P27_SP00085" HPOS="906" VPOS="445" WIDTH="12"/>
						<String ID="P27_ST00096" HPOS="918" VPOS="415" WIDTH="36" HEIGHT="22" CONTENT="his" WC="0.38" CC="755"/>
					</TextLine>
					<TextLine ID="P27_TL00012" HPOS="103" VPOS="445" WIDTH="851" HEIGHT="33">
						<String ID="P27_ST00097" HPOS="103" VPOS="445" WIDTH="146" HEIGHT="30" CONTENT="right-hand" WC="0.86" CC="5000001060"/>
						<SP ID="P27_SP00086" HPOS="249" VPOS="475" WIDTH="19"/>
						<String ID="P27_ST00098" HPOS="268" VPOS="446" WIDTH="30" HEIGHT="22" CONTENT="he" WC="0.65" CC="70"/>
						<SP ID="P27_SP00087" HPOS="298" VPOS="475" WIDTH="21"/>
						<String ID="P27_ST00099" HPOS="319" VPOS="454" WIDTH="63" HEIGHT="15" CONTENT="wore" WC="0.86" CC="0050"/>
						<SP ID="P27_SP00088" HPOS="382" VPOS="475" WIDTH="21"/>
						<String ID="P27_ST00100" HPOS="403" VPOS="454" WIDTH="14" HEIGHT="15" CONTENT="a" WC="0.59" CC="4"/>
						<SP ID="P27_SP00089" HPOS="417" VPOS="475" WIDTH="18"/>
						<String ID="P27_ST00101" HPOS="435" VPOS="447" WIDTH="69" HEIGHT="31" CONTENT="ring;" WC="0.60" CC="60390"/>
						<SP ID="P27_SP00090" HPOS="504" VPOS="478" WIDTH="22"/>
						<String ID="P27_ST00102" HPOS="526" VPOS="455" WIDTH="46" HEIGHT="15" CONTENT="one" WC="0.83" CC="050"/>
						<SP ID="P27_SP00091" HPOS="572" VPOS="478" WIDTH="15"/>
						<String ID="P27_ST00103" HPOS="587" VPOS="447" WIDTH="74" HEIGHT="31" CONTENT="plain," WC="0.89" CC="000060"/>
						<SP ID="P27_SP00092" HPOS="661" VPOS="478" WIDTH="14"/>
						<String ID="P27_ST00104" HPOS="675" VPOS="447" WIDTH="39" HEIGHT="23" CONTENT="the" WC="0.77" CC="060"/>
						<SP ID="P27_SP00093" HPOS="714" VPOS="478" WIDTH="15"/>
						<String ID="P27_ST00105" HPOS="729" VPOS="447" WIDTH="69" HEIGHT="23" CONTENT="other" WC="0.78" CC="01080"/>
						<SP ID="P27_SP00094" HPOS="798" VPOS="478" WIDTH="18"/>
						<String ID="P27_ST00106" HPOS="816" VPOS="448" WIDTH="41" HEIGHT="23" CONTENT="the" WC="0.58" CC="470"/>
						<SP ID="P27_SP00095" HPOS="857" VPOS="478" WIDTH="15"/>
						<String ID="P27_ST00107" HPOS="872" VPOS="449" WIDTH="82" HEIGHT="22" CONTENT="chain" SUBS_TYPE="HypPart1" SUBS_CONTENT="chainring" WC="0.64" CC="090082"/>
						<HYP CONTENT="-"/>
					</TextLine>
					<TextLine ID="P27_TL00013" HPOS="104" VPOS="479" WIDTH="850" HEIGHT="31">
						<String ID="P27_ST00108" HPOS="104" VPOS="479" WIDTH="55" HEIGHT="31" CONTENT="ring" SUBS_TYPE="HypPart2" SUBS_CONTENT="chainring" WC="0.66" CC="2280"/>
						<SP ID="P27_SP00096" HPOS="159" VPOS="510" WIDTH="14"/>
						<String ID="P27_ST00109" HPOS="173" VPOS="479" WIDTH="27" HEIGHT="23" CONTENT="of" WC="0.88" CC="20"/>
						<SP ID="P27_SP00097" HPOS="200" VPOS="510" WIDTH="17"/>
						<String ID="P27_ST00110" HPOS="217" VPOS="480" WIDTH="143" HEIGHT="22" CONTENT="divination." WC="0.71" CC="07030007480"/>
						<SP ID="P27_SP00098" HPOS="360" VPOS="510" WIDTH="38"/>
						<String ID="P27_ST00111" HPOS="398" VPOS="482" WIDTH="35" HEIGHT="20" CONTENT="As" WC="0.78" CC="04"/>
						<SP ID="P27_SP00099" HPOS="433" VPOS="510" WIDTH="19"/>
						<String ID="P27_ST00112" HPOS="452" VPOS="480" WIDTH="30" HEIGHT="23" CONTENT="he" WC="0.66" CC="60"/>
						<SP ID="P27_SP00100" HPOS="482" VPOS="510" WIDTH="19"/>
						<String ID="P27_ST00113" HPOS="501" VPOS="481" WIDTH="70" HEIGHT="23" CONTENT="stood" WC="0.76" CC="06500"/>
						<SP ID="P27_SP00101" HPOS="571" VPOS="510" WIDTH="20"/>
						<String ID="P27_ST00114" HPOS="591" VPOS="481" WIDTH="81" HEIGHT="23" CONTENT="beside" WC="0.67" CC="609200"/>
						<SP ID="P27_SP00102" HPOS="672" VPOS="510" WIDTH="20"/>
						<String ID="P27_ST00115" HPOS="692" VPOS="482" WIDTH="40" HEIGHT="22" CONTENT="the" WC="0.83" CC="400"/>
						<SP ID="P27_SP00103" HPOS="732" VPOS="510" WIDTH="17"/>
						<String ID="P27_ST00116" HPOS="749" VPOS="485" WIDTH="69" HEIGHT="19" CONTENT="stone" WC="0.88" CC="30020"/>
						<SP ID="P27_SP00104" HPOS="818" VPOS="510" WIDTH="18"/>
						<String ID="P27_ST00117" HPOS="836" VPOS="482" WIDTH="61" HEIGHT="22" CONTENT="altar" WC="0.79" CC="00361"/>
						<SP ID="P27_SP00105" HPOS="897" VPOS="510" WIDTH="21"/>
						<String ID="P27_ST00118" HPOS="918" VPOS="482" WIDTH="36" HEIGHT="23" CONTENT="his" WC="0.70" CC="016"/>
					</TextLine>
					<TextLine ID="P27_TL00014" HPOS="104" VPOS="513" WIDTH="850" HEIGHT="28">
						<String ID="P27_ST00119" HPOS="104" VPOS="513" WIDTH="67" HEIGHT="23" CONTENT="hand" WC="0.80" CC="7000"/>
						<SP ID="P27_SP00106" HPOS="171" VPOS="536" WIDTH="19"/>
						<String ID="P27_ST00120" HPOS="190" VPOS="514" WIDTH="81" HEIGHT="22" CONTENT="rested" WC="0.74" CC="075200"/>
						<SP ID="P27_SP00107" HPOS="271" VPOS="536" WIDTH="19"/>
						<String ID="P27_ST00121" HPOS="290" VPOS="521" WIDTH="31" HEIGHT="15" CONTENT="on" WC="0.74" CC="13"/>
						<SP ID="P27_SP00108" HPOS="321" VPOS="536" WIDTH="20"/>
						<String ID="P27_ST00122" HPOS="341" VPOS="514" WIDTH="41" HEIGHT="22" CONTENT="the" WC="0.78" CC="600"/>
						<SP ID="P27_SP00109" HPOS="382" VPOS="536" WIDTH="20"/>
						<String ID="P27_ST00123" HPOS="402" VPOS="514" WIDTH="151" HEIGHT="27" CONTENT="Elucidator," WC="0.74" CC="00403906040"/>
						<SP ID="P27_SP00110" HPOS="553" VPOS="541" WIDTH="15"/>
						<String ID="P27_ST00124" HPOS="568" VPOS="515" WIDTH="79" HEIGHT="23" CONTENT="which" WC="0.88" CC="03002"/>
						<SP ID="P27_SP00111" HPOS="647" VPOS="541" WIDTH="21"/>
						<String ID="P27_ST00125" HPOS="668" VPOS="516" WIDTH="120" HEIGHT="22" CONTENT="consisted" WC="0.69" CC="006709300"/>
						<SP ID="P27_SP00112" HPOS="788" VPOS="541" WIDTH="25"/>
						<String ID="P27_ST00126" HPOS="813" VPOS="515" WIDTH="28" HEIGHT="23" CONTENT="of" WC="1.00" CC="00"/>
						<SP ID="P27_SP00113" HPOS="841" VPOS="541" WIDTH="22"/>
						<String ID="P27_ST00127" HPOS="863" VPOS="515" WIDTH="91" HEIGHT="23" CONTENT="several" WC="0.71" CC="6074000"/>
					</TextLine>
					<TextLine ID="P27_TL00015" HPOS="104" VPOS="547" WIDTH="850" HEIGHT="33">
						<String ID="P27_ST00128" HPOS="104" VPOS="551" WIDTH="80" HEIGHT="18" CONTENT="staves" WC="0.39" CC="549807"/>
						<SP ID="P27_SP00114" HPOS="184" VPOS="569" WIDTH="18"/>
						<String ID="P27_ST00129" HPOS="202" VPOS="547" WIDTH="78" HEIGHT="22" CONTENT="called" WC="0.91" CC="000500"/>
						<SP ID="P27_SP00115" HPOS="280" VPOS="569" WIDTH="16"/>
						<String ID="P27_ST00130" HPOS="296" VPOS="547" WIDTH="162" HEIGHT="27" CONTENT="Coelbrenau," WC="0.73" CC="09007005060"/>
						<SP ID="P27_SP00116" HPOS="458" VPOS="574" WIDTH="14"/>
						<String ID="P27_ST00131" HPOS="472" VPOS="556" WIDTH="71" HEIGHT="15" CONTENT="omen" WC="0.57" CC="6604"/>
						<SP ID="P27_SP00117" HPOS="543" VPOS="574" WIDTH="15"/>
						<String ID="P27_ST00132" HPOS="558" VPOS="549" WIDTH="83" HEIGHT="26" CONTENT="sticks," WC="0.75" CC="4320060"/>
						<SP ID="P27_SP00118" HPOS="641" VPOS="575" WIDTH="13"/>
						<String ID="P27_ST00133" HPOS="654" VPOS="557" WIDTH="31" HEIGHT="14" CONTENT="on" WC="1.00" CC="00"/>
						<SP ID="P27_SP00119" HPOS="685" VPOS="575" WIDTH="15"/>
						<String ID="P27_ST00134" HPOS="700" VPOS="549" WIDTH="79" HEIGHT="23" CONTENT="which" WC="0.97" CC="01000"/>
						<SP ID="P27_SP00120" HPOS="779" VPOS="575" WIDTH="19"/>
						<String ID="P27_ST00135" HPOS="798" VPOS="549" WIDTH="39" HEIGHT="23" CONTENT="the" WC="0.70" CC="340"/>
						<SP ID="P27_SP00121" HPOS="837" VPOS="575" WIDTH="15"/>
						<String ID="P27_ST00136" HPOS="852" VPOS="549" WIDTH="102" HEIGHT="31" CONTENT="judicial" WC="0.81" CC="02006022"/>
					</TextLine>
					<TextLine ID="P27_TL00016" HPOS="105" VPOS="581" WIDTH="850" HEIGHT="32">
						<String ID="P27_ST00137" HPOS="105" VPOS="581" WIDTH="104" HEIGHT="22" CONTENT="maxims" WC="0.86" CC="050002"/>
						<SP ID="P27_SP00122" HPOS="209" VPOS="603" WIDTH="19"/>
						<String ID="P27_ST00138" HPOS="228" VPOS="589" WIDTH="63" HEIGHT="15" CONTENT="were" WC="0.62" CC="9500"/>
						<SP ID="P27_SP00123" HPOS="291" VPOS="604" WIDTH="19"/>
						<String ID="P27_ST00139" HPOS="310" VPOS="585" WIDTH="56" HEIGHT="23" CONTENT="cut;" WC="0.94" CC="0020"/>
						<SP ID="P27_SP00124" HPOS="366" VPOS="608" WIDTH="19"/>
						<String ID="P27_ST00140" HPOS="385" VPOS="582" WIDTH="47" HEIGHT="22" CONTENT="and" WC="0.73" CC="340"/>
						<SP ID="P27_SP00125" HPOS="432" VPOS="608" WIDTH="21"/>
						<String ID="P27_ST00141" HPOS="453" VPOS="582" WIDTH="79" HEIGHT="23" CONTENT="which" WC="0.67" CC="07035"/>
						<SP ID="P27_SP00126" HPOS="532" VPOS="608" WIDTH="19"/>
						<String ID="P27_ST00142" HPOS="551" VPOS="583" WIDTH="75" HEIGHT="30" CONTENT="being" WC="0.71" CC="23080"/>
						<SP ID="P27_SP00127" HPOS="626" VPOS="613" WIDTH="13"/>
						<String ID="P27_ST00143" HPOS="639" VPOS="586" WIDTH="44" HEIGHT="27" CONTENT="put" WC="0.80" CC="050"/>
						<SP ID="P27_SP00128" HPOS="683" VPOS="613" WIDTH="19"/>
						<String ID="P27_ST00144" HPOS="702" VPOS="584" WIDTH="50" HEIGHT="22" CONTENT="into" WC="0.54" CC="1772"/>
						<SP ID="P27_SP00129" HPOS="752" VPOS="613" WIDTH="13"/>
						<String ID="P27_ST00145" HPOS="765" VPOS="591" WIDTH="14" HEIGHT="14" CONTENT="a" WC="1.00" CC="0"/>
						<SP ID="P27_SP00130" HPOS="779" VPOS="613" WIDTH="12"/>
						<String ID="P27_ST00146" HPOS="791" VPOS="582" WIDTH="83" HEIGHT="28" CONTENT="frame," WC="0.88" CC="000600"/>
						<SP ID="P27_SP00131" HPOS="874" VPOS="613" WIDTH="20"/>
						<String ID="P27_ST00147" HPOS="894" VPOS="591" WIDTH="61" HEIGHT="15" CONTENT="were" WC="0.79" CC="0160"/>
					</TextLine>
					<TextLine ID="P27_TL00017" HPOS="106" VPOS="614" WIDTH="849" HEIGHT="33">
						<String ID="P27_ST00148" HPOS="106" VPOS="614" WIDTH="87" HEIGHT="23" CONTENT="turned" WC="0.62" CC="069600"/>
						<SP ID="P27_SP00132" HPOS="193" VPOS="637" WIDTH="19"/>
						<String ID="P27_ST00149" HPOS="212" VPOS="618" WIDTH="26" HEIGHT="19" CONTENT="at" WC="1.00" CC="00"/>
						<SP ID="P27_SP00133" HPOS="238" VPOS="637" WIDTH="18"/>
						<String ID="P27_ST00150" HPOS="256" VPOS="615" WIDTH="118" HEIGHT="31" CONTENT="pleasure," WC="0.93" CC="020020000"/>
						<SP ID="P27_SP00134" HPOS="374" VPOS="646" WIDTH="14"/>
						<String ID="P27_ST00151" HPOS="388" VPOS="623" WIDTH="27" HEIGHT="15" CONTENT="so" WC="0.78" CC="40"/>
						<SP ID="P27_SP00135" HPOS="415" VPOS="646" WIDTH="19"/>
						<String ID="P27_ST00152" HPOS="434" VPOS="616" WIDTH="53" HEIGHT="22" CONTENT="that" WC="0.67" CC="6600"/>
						<SP ID="P27_SP00136" HPOS="487" VPOS="646" WIDTH="18"/>
						<String ID="P27_ST00153" HPOS="505" VPOS="616" WIDTH="59" HEIGHT="23" CONTENT="each" WC="0.97" CC="0100"/>
						<SP ID="P27_SP00137" HPOS="564" VPOS="646" WIDTH="20"/>
						<String ID="P27_ST00154" HPOS="584" VPOS="620" WIDTH="66" HEIGHT="19" CONTENT="stave" WC="0.87" CC="60000"/>
						<SP ID="P27_SP00138" HPOS="650" VPOS="646" WIDTH="20"/>
						<String ID="P27_ST00155" HPOS="670" VPOS="617" WIDTH="154" HEIGHT="30" CONTENT="represented" WC="0.84" CC="30000264000"/>
						<SP ID="P27_SP00139" HPOS="824" VPOS="647" WIDTH="18"/>
						<String ID="P27_ST00156" HPOS="842" VPOS="624" WIDTH="15" HEIGHT="16" CONTENT="a" WC="0.16" CC="8"/>
						<SP ID="P27_SP00140" HPOS="857" VPOS="647" WIDTH="17"/>
						<String ID="P27_ST00157" HPOS="874" VPOS="617" WIDTH="81" HEIGHT="30" CONTENT="triplet" WC="0.76" CC="0500540"/>
					</TextLine>
					<TextLine ID="P27_TL00018" HPOS="105" VPOS="647" WIDTH="850" HEIGHT="34">
						<String ID="P27_ST00158" HPOS="105" VPOS="648" WIDTH="68" HEIGHT="23" CONTENT="when" WC="0.70" CC="0605"/>
						<SP ID="P27_SP00141" HPOS="173" VPOS="671" WIDTH="16"/>
						<String ID="P27_ST00159" HPOS="189" VPOS="647" WIDTH="94" HEIGHT="24" CONTENT="formed" WC="0.72" CC="702600"/>
						<SP ID="P27_SP00142" HPOS="283" VPOS="671" WIDTH="20"/>
						<String ID="P27_ST00160" HPOS="303" VPOS="649" WIDTH="29" HEIGHT="22" CONTENT="of" WC="0.82" CC="30"/>
						<SP ID="P27_SP00143" HPOS="332" VPOS="671" WIDTH="19"/>
						<String ID="P27_ST00161" HPOS="351" VPOS="649" WIDTH="69" HEIGHT="23" CONTENT="three" WC="0.81" CC="20520"/>
						<SP ID="P27_SP00144" HPOS="420" VPOS="672" WIDTH="14"/>
						<String ID="P27_ST00162" HPOS="434" VPOS="652" WIDTH="5" HEIGHT="11" CONTENT="'" WC="1.00" CC="0"/>
						<SP ID="P27_SP00145" HPOS="439" VPOS="672" WIDTH="10"/>
						<String ID="P27_ST00163" HPOS="449" VPOS="649" WIDTH="79" HEIGHT="24" CONTENT="sides.'" WC="0.80" CC="6000033"/>
						<SP ID="P27_SP00146" HPOS="528" VPOS="673" WIDTH="38"/>
						<String ID="P27_ST00164" HPOS="566" VPOS="650" WIDTH="54" HEIGHT="23" CONTENT="The" WC="1.00" CC="000"/>
						<SP ID="P27_SP00147" HPOS="620" VPOS="673" WIDTH="13"/>
						<String ID="P27_ST00165" HPOS="633" VPOS="651" WIDTH="84" HEIGHT="22" CONTENT="reader" WC="0.77" CC="520006"/>
						<SP ID="P27_SP00148" HPOS="717" VPOS="673" WIDTH="13"/>
						<String ID="P27_ST00166" HPOS="730" VPOS="651" WIDTH="48" HEIGHT="22" CONTENT="will" WC="1.00" CC="0000"/>
						<SP ID="P27_SP00149" HPOS="778" VPOS="673" WIDTH="20"/>
						<String ID="P27_ST00167" HPOS="798" VPOS="651" WIDTH="29" HEIGHT="22" CONTENT="be" WC="1.00" CC="00"/>
						<SP ID="P27_SP00150" HPOS="827" VPOS="673" WIDTH="19"/>
						<String ID="P27_ST00168" HPOS="846" VPOS="658" WIDTH="26" HEIGHT="15" CONTENT="so" WC="0.22" CC="78"/>
						<SP ID="P27_SP00151" HPOS="872" VPOS="673" WIDTH="18"/>
						<String ID="P27_ST00169" HPOS="890" VPOS="651" WIDTH="65" HEIGHT="30" CONTENT="good" WC="0.50" CC="4770"/>
					</TextLine>
					<TextLine ID="P27_TL00019" HPOS="105" VPOS="682" WIDTH="850" HEIGHT="30">
						<String ID="P27_ST00170" HPOS="105" VPOS="690" WIDTH="25" HEIGHT="15" CONTENT="as" WC="0.72" CC="05"/>
						<SP ID="P27_SP00152" HPOS="130" VPOS="705" WIDTH="20"/>
						<String ID="P27_ST00171" HPOS="150" VPOS="686" WIDTH="24" HEIGHT="19" CONTENT="to" WC="1.00" CC="00"/>
						<SP ID="P27_SP00153" HPOS="174" VPOS="705" WIDTH="20"/>
						<String ID="P27_ST00172" HPOS="194" VPOS="682" WIDTH="94" HEIGHT="23" CONTENT="admire" WC="0.78" CC="153010"/>
						<SP ID="P27_SP00154" HPOS="288" VPOS="705" WIDTH="19"/>
						<String ID="P27_ST00173" HPOS="307" VPOS="683" WIDTH="41" HEIGHT="23" CONTENT="the" WC="0.52" CC="670"/>
						<SP ID="P27_SP00155" HPOS="348" VPOS="706" WIDTH="22"/>
						<String ID="P27_ST00174" HPOS="370" VPOS="683" WIDTH="88" HEIGHT="23" CONTENT="official" WC="1.00" CC="00000000"/>
						<SP ID="P27_SP00156" HPOS="458" VPOS="706" WIDTH="19"/>
						<String ID="P27_ST00175" HPOS="477" VPOS="687" WIDTH="110" HEIGHT="20" CONTENT="costume" WC="0.79" CC="0070070"/>
						<SP ID="P27_SP00157" HPOS="587" VPOS="707" WIDTH="19"/>
						<String ID="P27_ST00176" HPOS="606" VPOS="683" WIDTH="28" HEIGHT="24" CONTENT="of" WC="0.73" CC="50"/>
						<SP ID="P27_SP00158" HPOS="634" VPOS="707" WIDTH="19"/>
						<String ID="P27_ST00177" HPOS="653" VPOS="685" WIDTH="41" HEIGHT="22" CONTENT="the" WC="0.87" CC="300"/>
						<SP ID="P27_SP00159" HPOS="694" VPOS="707" WIDTH="20"/>
						<String ID="P27_ST00178" HPOS="714" VPOS="684" WIDTH="171" HEIGHT="28" CONTENT="Arch-Druid," WC="0.84" CC="04003006201"/>
						<SP ID="P27_SP00160" HPOS="885" VPOS="712" WIDTH="22"/>
						<String ID="P27_ST00179" HPOS="907" VPOS="685" WIDTH="48" HEIGHT="22" CONTENT="and" WC="0.71" CC="080"/>
					</TextLine>
					<TextLine ID="P27_TL00020" HPOS="106" VPOS="716" WIDTH="512" HEIGHT="31">
						<String ID="P27_ST00180" HPOS="106" VPOS="717" WIDTH="56" HEIGHT="22" CONTENT="wait" WC="0.70" CC="0470"/>
						<SP ID="P27_SP00161" HPOS="162" VPOS="739" WIDTH="13"/>
						<String ID="P27_ST00181" HPOS="175" VPOS="724" WIDTH="14" HEIGHT="15" CONTENT="a" WC="1.00" CC="0"/>
						<SP ID="P27_SP00162" HPOS="189" VPOS="739" WIDTH="13"/>
						<String ID="P27_ST00182" HPOS="202" VPOS="716" WIDTH="44" HEIGHT="23" CONTENT="few" WC="0.99" CC="000"/>
						<SP ID="P27_SP00163" HPOS="246" VPOS="739" WIDTH="15"/>
						<String ID="P27_ST00183" HPOS="261" VPOS="724" WIDTH="74" HEIGHT="23" CONTENT="pages" WC="0.89" CC="00005"/>
						<SP ID="P27_SP00164" HPOS="335" VPOS="747" WIDTH="14"/>
						<String ID="P27_ST00184" HPOS="349" VPOS="717" WIDTH="38" HEIGHT="23" CONTENT="for" WC="0.52" CC="409"/>
						<SP ID="P27_SP00165" HPOS="387" VPOS="747" WIDTH="12"/>
						<String ID="P27_ST00185" HPOS="399" VPOS="718" WIDTH="41" HEIGHT="22" CONTENT="the" WC="0.98" CC="000"/>
						<SP ID="P27_SP00166" HPOS="440" VPOS="747" WIDTH="14"/>
						<String ID="P27_ST00186" HPOS="454" VPOS="718" WIDTH="164" HEIGHT="29" CONTENT="explanation." WC="0.93" CC="000006000000"/>
					</TextLine>
				</TextBlock>
				<TextBlock ID="P27_TB00004" HPOS="105" VPOS="749" WIDTH="851" HEIGHT="705" STYLEREFS="TXT_1 PAR_LEFT">
					<TextLine ID="P27_TL00021" HPOS="158" VPOS="750" WIDTH="797" HEIGHT="32">
						<String ID="P27_ST00187" HPOS="158" VPOS="750" WIDTH="53" HEIGHT="23" CONTENT="The" WC="0.75" CC="070"/>
						<SP ID="P27_SP00167" HPOS="211" VPOS="773" WIDTH="15"/>
						<String ID="P27_ST00188" HPOS="226" VPOS="751" WIDTH="65" HEIGHT="22" CONTENT="third" WC="0.76" CC="00560"/>
						<SP ID="P27_SP00168" HPOS="291" VPOS="773" WIDTH="14"/>
						<String ID="P27_ST00189" HPOS="305" VPOS="751" WIDTH="71" HEIGHT="22" CONTENT="order" WC="1.00" CC="00000"/>
						<SP ID="P27_SP00169" HPOS="376" VPOS="773" WIDTH="13"/>
						<String ID="P27_ST00190" HPOS="389" VPOS="759" WIDTH="48" HEIGHT="14" CONTENT="was" WC="0.91" CC="002"/>
						<SP ID="P27_SP00170" HPOS="437" VPOS="773" WIDTH="19"/>
						<String ID="P27_ST00191" HPOS="456" VPOS="751" WIDTH="41" HEIGHT="23" CONTENT="the" WC="0.86" CC="400"/>
						<SP ID="P27_SP00171" HPOS="497" VPOS="774" WIDTH="16"/>
						<String ID="P27_ST00192" HPOS="513" VPOS="751" WIDTH="98" HEIGHT="31" CONTENT="Ovydd," WC="0.96" CC="200000"/>
						<SP ID="P27_SP00172" HPOS="611" VPOS="782" WIDTH="20"/>
						<String ID="P27_ST00193" HPOS="631" VPOS="759" WIDTH="28" HEIGHT="15" CONTENT="or" WC="0.75" CC="05"/>
						<SP ID="P27_SP00173" HPOS="659" VPOS="782" WIDTH="12"/>
						<String ID="P27_ST00194" HPOS="671" VPOS="751" WIDTH="87" HEIGHT="28" CONTENT="Ovate," WC="0.92" CC="400000"/>
						<SP ID="P27_SP00174" HPOS="758" VPOS="782" WIDTH="20"/>
						<String ID="P27_ST00195" HPOS="778" VPOS="755" WIDTH="25" HEIGHT="18" CONTENT="to" WC="0.84" CC="03"/>
						<SP ID="P27_SP00175" HPOS="803" VPOS="782" WIDTH="13"/>
						<String ID="P27_ST00196" HPOS="816" VPOS="751" WIDTH="79" HEIGHT="23" CONTENT="wliich" WC="0.73" CC="902300"/>
						<SP ID="P27_SP00176" HPOS="895" VPOS="782" WIDTH="20"/>
						<String ID="P27_ST00197" HPOS="915" VPOS="751" WIDTH="40" HEIGHT="23" CONTENT="the" WC="0.82" CC="400"/>
					</TextLine>
					<TextLine ID="P27_TL00022" HPOS="106" VPOS="784" WIDTH="850" HEIGHT="31">
						<String ID="P27_ST00198" HPOS="106" VPOS="784" WIDTH="130" HEIGHT="22" CONTENT="candidate" WC="0.76" CC="045020035"/>
						<SP ID="P27_SP00177" HPOS="236" VPOS="806" WIDTH="25"/>
						<String ID="P27_ST00199" HPOS="261" VPOS="784" WIDTH="72" HEIGHT="23" CONTENT="could" WC="0.77" CC="63000"/>
						<SP ID="P27_SP00178" HPOS="333" VPOS="807" WIDTH="26"/>
						<String ID="P27_ST00200" HPOS="359" VPOS="785" WIDTH="30" HEIGHT="22" CONTENT="be" WC="0.49" CC="09"/>
						<SP ID="P27_SP00179" HPOS="389" VPOS="807" WIDTH="26"/>
						<String ID="P27_ST00201" HPOS="415" VPOS="785" WIDTH="166" HEIGHT="30" CONTENT="immediately" WC="0.75" CC="00000406609"/>
						<SP ID="P27_SP00180" HPOS="581" VPOS="815" WIDTH="25"/>
						<String ID="P27_ST00202" HPOS="606" VPOS="785" WIDTH="119" HEIGHT="23" CONTENT="admitted" WC="0.92" CC="00006000"/>
						<SP ID="P27_SP00181" HPOS="725" VPOS="815" WIDTH="25"/>
						<String ID="P27_ST00203" HPOS="750" VPOS="784" WIDTH="102" HEIGHT="23" CONTENT="without" WC="0.72" CC="0056070"/>
						<SP ID="P27_SP00182" HPOS="852" VPOS="815" WIDTH="31"/>
						<String ID="P27_ST00204" HPOS="883" VPOS="785" WIDTH="73" HEIGHT="30" CONTENT="being" WC="0.74" CC="00380"/>
					</TextLine>
					<TextLine ID="P27_TL00023" HPOS="106" VPOS="817" WIDTH="850" HEIGHT="33">
						<String ID="P27_ST00205" HPOS="106" VPOS="817" WIDTH="98" HEIGHT="31" CONTENT="obliged" WC="0.64" CC="9905000"/>
						<SP ID="P27_SP00183" HPOS="204" VPOS="848" WIDTH="14"/>
						<String ID="P27_ST00206" HPOS="218" VPOS="823" WIDTH="25" HEIGHT="17" CONTENT="to" WC="1.00" CC="00"/>
						<SP ID="P27_SP00184" HPOS="243" VPOS="848" WIDTH="13"/>
						<String ID="P27_ST00207" HPOS="256" VPOS="826" WIDTH="55" HEIGHT="22" CONTENT="pass" WC="0.69" CC="0056"/>
						<SP ID="P27_SP00185" HPOS="311" VPOS="848" WIDTH="14"/>
						<String ID="P27_ST00208" HPOS="325" VPOS="818" WIDTH="107" HEIGHT="31" CONTENT="through" WC="0.73" CC="1550500"/>
						<SP ID="P27_SP00186" HPOS="432" VPOS="849" WIDTH="14"/>
						<String ID="P27_ST00209" HPOS="446" VPOS="819" WIDTH="41" HEIGHT="22" CONTENT="the" WC="0.68" CC="530"/>
						<SP ID="P27_SP00187" HPOS="487" VPOS="849" WIDTH="10"/>
						<String ID="P27_ST00210" HPOS="497" VPOS="818" WIDTH="96" HEIGHT="32" CONTENT="regular" WC="0.72" CC="0409004"/>
						<SP ID="P27_SP00188" HPOS="593" VPOS="850" WIDTH="13"/>
						<String ID="P27_ST00211" HPOS="606" VPOS="818" WIDTH="135" HEIGHT="31" CONTENT="discipline." WC="0.80" CC="00302900500"/>
						<SP ID="P27_SP00189" HPOS="741" VPOS="850" WIDTH="37"/>
						<String ID="P27_ST00212" HPOS="778" VPOS="818" WIDTH="52" HEIGHT="23" CONTENT="The" WC="0.71" CC="071"/>
						<SP ID="P27_SP00190" HPOS="830" VPOS="850" WIDTH="10"/>
						<String ID="P27_ST00213" HPOS="840" VPOS="818" WIDTH="116" HEIGHT="31" CONTENT="requisite" WC="0.79" CC="300106006"/>
					</TextLine>
					<TextLine ID="P27_TL00024" HPOS="106" VPOS="851" WIDTH="850" HEIGHT="32">
						<String ID="P27_ST00214" HPOS="106" VPOS="851" WIDTH="182" HEIGHT="31" CONTENT="qualifications" WC="0.84" CC="03010000505031"/>
						<SP ID="P27_SP00191" HPOS="288" VPOS="882" WIDTH="17"/>
						<String ID="P27_ST00215" HPOS="305" VPOS="860" WIDTH="71" HEIGHT="19" CONTENT="were," WC="0.76" CC="00470"/>
						<SP ID="P27_SP00192" HPOS="376" VPOS="882" WIDTH="15"/>
						<String ID="P27_ST00216" HPOS="391" VPOS="853" WIDTH="23" HEIGHT="21" CONTENT="in" WC="0.76" CC="12"/>
						<SP ID="P27_SP00193" HPOS="414" VPOS="882" WIDTH="18"/>
						<String ID="P27_ST00217" HPOS="432" VPOS="853" WIDTH="106" HEIGHT="30" CONTENT="general," WC="0.77" CC="90233000"/>
						<SP ID="P27_SP00194" HPOS="538" VPOS="883" WIDTH="20"/>
						<String ID="P27_ST00218" HPOS="558" VPOS="860" WIDTH="29" HEIGHT="15" CONTENT="an" WC="0.66" CC="06"/>
						<SP ID="P27_SP00195" HPOS="587" VPOS="883" WIDTH="21"/>
						<String ID="P27_ST00219" HPOS="608" VPOS="852" WIDTH="177" HEIGHT="31" CONTENT="acquaintance" WC="0.85" CC="000290220000"/>
						<SP ID="P27_SP00196" HPOS="785" VPOS="883" WIDTH="17"/>
						<String ID="P27_ST00220" HPOS="802" VPOS="852" WIDTH="56" HEIGHT="22" CONTENT="with" WC="0.85" CC="0005"/>
						<SP ID="P27_SP00197" HPOS="858" VPOS="883" WIDTH="20"/>
						<String ID="P27_ST00221" HPOS="878" VPOS="852" WIDTH="78" HEIGHT="22" CONTENT="disco" SUBS_TYPE="HypPart1" SUBS_CONTENT="discoveries" WC="0.89" CC="006000"/>
						<HYP CONTENT="-"/>
					</TextLine>
					<TextLine ID="P27_TL00025" HPOS="106" VPOS="885" WIDTH="850" HEIGHT="31">
						<String ID="P27_ST00222" HPOS="106" VPOS="885" WIDTH="78" HEIGHT="23" CONTENT="veries" SUBS_TYPE="HypPart2" SUBS_CONTENT="discoveries" WC="0.52" CC="509606"/>
						<SP ID="P27_SP00198" HPOS="184" VPOS="908" WIDTH="14"/>
						<String ID="P27_ST00223" HPOS="198" VPOS="885" WIDTH="24" HEIGHT="22" CONTENT="in" WC="0.72" CC="22"/>
						<SP ID="P27_SP00199" HPOS="222" VPOS="908" WIDTH="13"/>
						<String ID="P27_ST00224" HPOS="235" VPOS="886" WIDTH="104" HEIGHT="26" CONTENT="science," WC="0.69" CC="07627000"/>
						<SP ID="P27_SP00200" HPOS="339" VPOS="912" WIDTH="16"/>
						<String ID="P27_ST00225" HPOS="355" VPOS="886" WIDTH="40" HEIGHT="22" CONTENT="the" WC="0.75" CC="070"/>
						<SP ID="P27_SP00201" HPOS="395" VPOS="912" WIDTH="19"/>
						<String ID="P27_ST00226" HPOS="414" VPOS="894" WIDTH="42" HEIGHT="15" CONTENT="use" WC="0.61" CC="650"/>
						<SP ID="P27_SP00202" HPOS="456" VPOS="912" WIDTH="19"/>
						<String ID="P27_ST00227" HPOS="475" VPOS="885" WIDTH="28" HEIGHT="23" CONTENT="of" WC="1.00" CC="00"/>
						<SP ID="P27_SP00203" HPOS="503" VPOS="912" WIDTH="14"/>
						<String ID="P27_ST00228" HPOS="517" VPOS="886" WIDTH="90" HEIGHT="26" CONTENT="letters," WC="0.74" CC="17000460"/>
						<SP ID="P27_SP00204" HPOS="607" VPOS="912" WIDTH="14"/>
						<String ID="P27_ST00229" HPOS="621" VPOS="886" WIDTH="126" HEIGHT="26" CONTENT="medicine," WC="0.70" CC="600425700"/>
						<SP ID="P27_SP00205" HPOS="747" VPOS="912" WIDTH="20"/>
						<String ID="P27_ST00230" HPOS="767" VPOS="885" WIDTH="127" HEIGHT="31" CONTENT="language," WC="0.82" CC="073040000"/>
						<SP ID="P27_SP00206" HPOS="894" VPOS="916" WIDTH="14"/>
						<String ID="P27_ST00231" HPOS="908" VPOS="885" WIDTH="48" HEIGHT="23" CONTENT="and" WC="0.87" CC="030"/>
					</TextLine>
					<TextLine ID="P27_TL00026" HPOS="106" VPOS="918" WIDTH="850" HEIGHT="32">
						<String ID="P27_ST00232" HPOS="106" VPOS="919" WIDTH="42" HEIGHT="23" CONTENT="the" WC="1.00" CC="000"/>
						<SP ID="P27_SP00207" HPOS="148" VPOS="942" WIDTH="14"/>
						<String ID="P27_ST00233" HPOS="162" VPOS="918" WIDTH="57" HEIGHT="24" CONTENT="like." WC="0.91" CC="13000"/>
						<SP ID="P27_SP00208" HPOS="219" VPOS="942" WIDTH="38"/>
						<String ID="P27_ST00234" HPOS="257" VPOS="918" WIDTH="40" HEIGHT="24" CONTENT="On" WC="0.63" CC="07"/>
						<SP ID="P27_SP00209" HPOS="297" VPOS="942" WIDTH="14"/>
						<String ID="P27_ST00235" HPOS="311" VPOS="919" WIDTH="132" HEIGHT="31" CONTENT="particular" WC="0.88" CC="0005200400"/>
						<SP ID="P27_SP00210" HPOS="443" VPOS="950" WIDTH="18"/>
						<String ID="P27_ST00236" HPOS="461" VPOS="920" WIDTH="132" HEIGHT="26" CONTENT="occasions," WC="0.69" CC="5016600450"/>
						<SP ID="P27_SP00211" HPOS="593" VPOS="950" WIDTH="21"/>
						<String ID="P27_ST00237" HPOS="614" VPOS="920" WIDTH="22" HEIGHT="21" CONTENT="in" WC="1.00" CC="00"/>
						<SP ID="P27_SP00212" HPOS="636" VPOS="950" WIDTH="15"/>
						<String ID="P27_ST00238" HPOS="651" VPOS="919" WIDTH="177" HEIGHT="23" CONTENT="consideration" WC="0.81" CC="0087000000008"/>
						<SP ID="P27_SP00213" HPOS="828" VPOS="950" WIDTH="20"/>
						<String ID="P27_ST00239" HPOS="848" VPOS="919" WIDTH="28" HEIGHT="22" CONTENT="of" WC="0.93" CC="10"/>
						<SP ID="P27_SP00214" HPOS="876" VPOS="950" WIDTH="10"/>
						<String ID="P27_ST00240" HPOS="886" VPOS="919" WIDTH="70" HEIGHT="23" CONTENT="other" WC="0.87" CC="00104"/>
					</TextLine>
					<TextLine ID="P27_TL00027" HPOS="106" VPOS="952" WIDTH="849" HEIGHT="31">
						<String ID="P27_ST00241" HPOS="106" VPOS="953" WIDTH="109" HEIGHT="22" CONTENT="eminent" WC="0.76" CC="3007004"/>
						<SP ID="P27_SP00215" HPOS="215" VPOS="975" WIDTH="13"/>
						<String ID="P27_ST00242" HPOS="228" VPOS="953" WIDTH="64" HEIGHT="30" CONTENT="gifts," WC="0.83" CC="040060"/>
						<SP ID="P27_SP00216" HPOS="292" VPOS="983" WIDTH="14"/>
						<String ID="P27_ST00243" HPOS="306" VPOS="961" WIDTH="60" HEIGHT="15" CONTENT="even" WC="0.84" CC="0600"/>
						<SP ID="P27_SP00217" HPOS="366" VPOS="983" WIDTH="16"/>
						<String ID="P27_ST00244" HPOS="382" VPOS="954" WIDTH="39" HEIGHT="22" CONTENT="the" WC="0.76" CC="070"/>
						<SP ID="P27_SP00218" HPOS="421" VPOS="983" WIDTH="14"/>
						<String ID="P27_ST00245" HPOS="435" VPOS="953" WIDTH="142" HEIGHT="30" CONTENT="knowledge" WC="0.72" CC="080003092"/>
						<SP ID="P27_SP00219" HPOS="577" VPOS="983" WIDTH="10"/>
						<String ID="P27_ST00246" HPOS="587" VPOS="952" WIDTH="33" HEIGHT="28" CONTENT="of," WC="0.96" CC="001"/>
						<SP ID="P27_SP00220" HPOS="620" VPOS="983" WIDTH="11"/>
						<String ID="P27_ST00247" HPOS="631" VPOS="953" WIDTH="48" HEIGHT="22" CONTENT="and" WC="1.00" CC="000"/>
						<SP ID="P27_SP00221" HPOS="679" VPOS="983" WIDTH="13"/>
						<String ID="P27_ST00248" HPOS="692" VPOS="961" WIDTH="15" HEIGHT="14" CONTENT="a" WC="1.00" CC="0"/>
						<SP ID="P27_SP00222" HPOS="707" VPOS="983" WIDTH="12"/>
						<String ID="P27_ST00249" HPOS="719" VPOS="953" WIDTH="86" HEIGHT="30" CONTENT="genius" WC="0.66" CC="007605"/>
						<SP ID="P27_SP00223" HPOS="805" VPOS="983" WIDTH="11"/>
						<String ID="P27_ST00250" HPOS="816" VPOS="952" WIDTH="36" HEIGHT="23" CONTENT="for" WC="0.73" CC="502"/>
						<SP ID="P27_SP00224" HPOS="852" VPOS="983" WIDTH="10"/>
						<String ID="P27_ST00251" HPOS="862" VPOS="956" WIDTH="93" HEIGHT="27" CONTENT="poetry," WC="0.70" CC="0007390"/>
					</TextLine>
					<TextLine ID="P27_TL00028" HPOS="106" VPOS="986" WIDTH="850" HEIGHT="31">
						<String ID="P27_ST00252" HPOS="106" VPOS="987" WIDTH="80" HEIGHT="30" CONTENT="might" WC="0.58" CC="80470"/>
						<SP ID="P27_SP00225" HPOS="186" VPOS="1017" WIDTH="14"/>
						<String ID="P27_ST00253" HPOS="200" VPOS="987" WIDTH="29" HEIGHT="23" CONTENT="be" WC="0.76" CC="40"/>
						<SP ID="P27_SP00226" HPOS="229" VPOS="1017" WIDTH="15"/>
						<String ID="P27_ST00254" HPOS="244" VPOS="987" WIDTH="128" HEIGHT="30" CONTENT="dispensed" WC="0.80" CC="007006300"/>
						<SP ID="P27_SP00227" HPOS="372" VPOS="1017" WIDTH="15"/>
						<String ID="P27_ST00255" HPOS="387" VPOS="987" WIDTH="65" HEIGHT="23" CONTENT="with." WC="0.76" CC="02270"/>
						<SP ID="P27_SP00228" HPOS="452" VPOS="1017" WIDTH="25"/>
						<String ID="P27_ST00256" HPOS="477" VPOS="986" WIDTH="54" HEIGHT="23" CONTENT="The" WC="0.78" CC="500"/>
						<SP ID="P27_SP00229" HPOS="531" VPOS="1017" WIDTH="12"/>
						<String ID="P27_ST00257" HPOS="543" VPOS="986" WIDTH="88" HEIGHT="31" CONTENT="Ovydd" WC="1.00" CC="00000"/>
						<SP ID="P27_SP00230" HPOS="631" VPOS="1017" WIDTH="14"/>
						<String ID="P27_ST00258" HPOS="645" VPOS="994" WIDTH="53" HEIGHT="19" CONTENT="was," WC="0.72" CC="0550"/>
						<SP ID="P27_SP00231" HPOS="698" VPOS="1017" WIDTH="16"/>
						<String ID="P27_ST00259" HPOS="714" VPOS="987" WIDTH="118" HEIGHT="26" CONTENT="however," WC="0.73" CC="07007131"/>
						<SP ID="P27_SP00232" HPOS="832" VPOS="1017" WIDTH="12"/>
						<String ID="P27_ST00260" HPOS="844" VPOS="986" WIDTH="112" HEIGHT="31" CONTENT="enjoined" WC="0.96" CC="00000300"/>
					</TextLine>
					<TextLine ID="P27_TL00029" HPOS="106" VPOS="1020" WIDTH="850" HEIGHT="31">
						<String ID="P27_ST00261" HPOS="106" VPOS="1024" WIDTH="26" HEIGHT="19" CONTENT="to" WC="0.48" CC="54"/>
						<SP ID="P27_SP00233" HPOS="132" VPOS="1043" WIDTH="13"/>
						<String ID="P27_ST00262" HPOS="145" VPOS="1021" WIDTH="118" HEIGHT="30" CONTENT="acquaint" WC="0.85" CC="00054010"/>
						<SP ID="P27_SP00234" HPOS="263" VPOS="1051" WIDTH="13"/>
						<String ID="P27_ST00263" HPOS="276" VPOS="1020" WIDTH="99" HEIGHT="24" CONTENT="himself" WC="0.87" CC="5001020"/>
						<SP ID="P27_SP00235" HPOS="375" VPOS="1051" WIDTH="11"/>
						<String ID="P27_ST00264" HPOS="386" VPOS="1021" WIDTH="56" HEIGHT="22" CONTENT="with" WC="0.48" CC="0667"/>
						<SP ID="P27_SP00236" HPOS="442" VPOS="1051" WIDTH="15"/>
						<String ID="P27_ST00265" HPOS="457" VPOS="1021" WIDTH="41" HEIGHT="22" CONTENT="the" WC="0.70" CC="260"/>
						<SP ID="P27_SP00237" HPOS="498" VPOS="1051" WIDTH="14"/>
						<String ID="P27_ST00266" HPOS="512" VPOS="1021" WIDTH="89" HEIGHT="22" CONTENT="Bardic" WC="0.83" CC="000063"/>
						<SP ID="P27_SP00238" HPOS="601" VPOS="1051" WIDTH="15"/>
						<String ID="P27_ST00267" HPOS="616" VPOS="1020" WIDTH="126" HEIGHT="23" CONTENT="Institutes" WC="0.77" CC="6210523000"/>
						<SP ID="P27_SP00239" HPOS="742" VPOS="1051" WIDTH="13"/>
						<String ID="P27_ST00268" HPOS="755" VPOS="1020" WIDTH="47" HEIGHT="22" CONTENT="and" WC="0.76" CC="060"/>
						<SP ID="P27_SP00240" HPOS="802" VPOS="1051" WIDTH="20"/>
						<String ID="P27_ST00269" HPOS="822" VPOS="1021" WIDTH="134" HEIGHT="21" CONTENT="traditions." WC="0.88" CC="00003300500"/>
					</TextLine>
					<TextLine ID="P27_TL00030" HPOS="107" VPOS="1053" WIDTH="849" HEIGHT="32">
						<String ID="P27_ST00270" HPOS="107" VPOS="1054" WIDTH="49" HEIGHT="23" CONTENT="For" WC="0.61" CC="640"/>
						<SP ID="P27_SP00241" HPOS="156" VPOS="1077" WIDTH="18"/>
						<String ID="P27_ST00271" HPOS="174" VPOS="1055" WIDTH="19" HEIGHT="22" CONTENT="it" WC="0.42" CC="55"/>
						<SP ID="P27_SP00242" HPOS="193" VPOS="1077" WIDTH="19"/>
						<String ID="P27_ST00272" HPOS="212" VPOS="1055" WIDTH="79" HEIGHT="30" CONTENT="might" WC="0.74" CC="52040"/>
						<SP ID="P27_SP00243" HPOS="291" VPOS="1085" WIDTH="24"/>
						<String ID="P27_ST00273" HPOS="315" VPOS="1062" WIDTH="75" HEIGHT="15" CONTENT="occur" WC="0.65" CC="90051"/>
						<SP ID="P27_SP00244" HPOS="390" VPOS="1085" WIDTH="18"/>
						<String ID="P27_ST00274" HPOS="408" VPOS="1055" WIDTH="53" HEIGHT="22" CONTENT="that" WC="0.55" CC="0385"/>
						<SP ID="P27_SP00245" HPOS="461" VPOS="1085" WIDTH="24"/>
						<String ID="P27_ST00275" HPOS="485" VPOS="1055" WIDTH="41" HEIGHT="22" CONTENT="the" WC="0.99" CC="000"/>
						<SP ID="P27_SP00246" HPOS="526" VPOS="1085" WIDTH="17"/>
						<String ID="P27_ST00276" HPOS="543" VPOS="1054" WIDTH="72" HEIGHT="23" CONTENT="order" WC="0.53" CC="09904"/>
						<SP ID="P27_SP00247" HPOS="615" VPOS="1085" WIDTH="18"/>
						<String ID="P27_ST00277" HPOS="633" VPOS="1053" WIDTH="28" HEIGHT="24" CONTENT="of" WC="0.78" CC="40"/>
						<SP ID="P27_SP00248" HPOS="661" VPOS="1085" WIDTH="11"/>
						<String ID="P27_ST00278" HPOS="672" VPOS="1053" WIDTH="91" HEIGHT="24" CONTENT="Ovates" WC="0.91" CC="000400"/>
						<SP ID="P27_SP00249" HPOS="763" VPOS="1085" WIDTH="18"/>
						<String ID="P27_ST00279" HPOS="781" VPOS="1053" WIDTH="87" HEIGHT="23" CONTENT="should" WC="0.81" CC="230310"/>
						<SP ID="P27_SP00250" HPOS="868" VPOS="1085" WIDTH="19"/>
						<String ID="P27_ST00280" HPOS="887" VPOS="1053" WIDTH="69" HEIGHT="23" CONTENT="alone" WC="0.63" CC="13066"/>
					</TextLine>
					<TextLine ID="P27_TL00031" HPOS="107" VPOS="1087" WIDTH="848" HEIGHT="31">
						<String ID="P27_ST00281" HPOS="107" VPOS="1088" WIDTH="126" HEIGHT="28" CONTENT="continue," WC="0.78" CC="106613000"/>
						<SP ID="P27_SP00251" HPOS="233" VPOS="1116" WIDTH="22"/>
						<String ID="P27_ST00282" HPOS="255" VPOS="1088" WIDTH="79" HEIGHT="23" CONTENT="which" WC="0.77" CC="90010"/>
						<SP ID="P27_SP00252" HPOS="334" VPOS="1116" WIDTH="23"/>
						<String ID="P27_ST00283" HPOS="357" VPOS="1089" WIDTH="23" HEIGHT="21" CONTENT="in" WC="0.52" CC="26"/>
						<SP ID="P27_SP00253" HPOS="380" VPOS="1116" WIDTH="24"/>
						<String ID="P27_ST00284" HPOS="404" VPOS="1088" WIDTH="29" HEIGHT="23" CONTENT="its" WC="0.83" CC="004"/>
						<SP ID="P27_SP00254" HPOS="433" VPOS="1116" WIDTH="22"/>
						<String ID="P27_ST00285" HPOS="455" VPOS="1088" WIDTH="102" HEIGHT="30" CONTENT="original" WC="0.67" CC="04193600"/>
						<SP ID="P27_SP00255" HPOS="557" VPOS="1118" WIDTH="21"/>
						<String ID="P27_ST00286" HPOS="578" VPOS="1088" WIDTH="81" HEIGHT="30" CONTENT="purity" WC="0.53" CC="539009"/>
						<SP ID="P27_SP00256" HPOS="659" VPOS="1118" WIDTH="21"/>
						<String ID="P27_ST00287" HPOS="680" VPOS="1087" WIDTH="71" HEIGHT="23" CONTENT="could" WC="0.98" CC="01000"/>
						<SP ID="P27_SP00257" HPOS="751" VPOS="1118" WIDTH="22"/>
						<String ID="P27_ST00288" HPOS="773" VPOS="1091" WIDTH="43" HEIGHT="19" CONTENT="not" WC="0.81" CC="500"/>
						<SP ID="P27_SP00258" HPOS="816" VPOS="1118" WIDTH="19"/>
						<String ID="P27_ST00289" HPOS="835" VPOS="1088" WIDTH="30" HEIGHT="22" CONTENT="be" WC="0.92" CC="10"/>
						<SP ID="P27_SP00259" HPOS="865" VPOS="1118" WIDTH="20"/>
						<String ID="P27_ST00290" HPOS="885" VPOS="1087" WIDTH="70" HEIGHT="27" CONTENT="done," WC="0.88" CC="00500"/>
					</TextLine>
					<TextLine ID="P27_TL00032" HPOS="106" VPOS="1121" WIDTH="850" HEIGHT="32">
						<String ID="P27_ST00291" HPOS="106" VPOS="1122" WIDTH="83" HEIGHT="23" CONTENT="unless" WC="0.50" CC="682055"/>
						<SP ID="P27_SP00260" HPOS="189" VPOS="1145" WIDTH="14"/>
						<String ID="P27_ST00292" HPOS="203" VPOS="1121" WIDTH="57" HEIGHT="32" CONTENT="they" WC="0.84" CC="5000"/>
						<SP ID="P27_SP00261" HPOS="260" VPOS="1153" WIDTH="13"/>
						<String ID="P27_ST00293" HPOS="273" VPOS="1130" WIDTH="64" HEIGHT="15" CONTENT="were" WC="0.79" CC="0043"/>
						<SP ID="P27_SP00262" HPOS="337" VPOS="1153" WIDTH="18"/>
						<String ID="P27_ST00294" HPOS="355" VPOS="1122" WIDTH="149" HEIGHT="31" CONTENT="acquainted" WC="0.74" CC="0007046007"/>
						<SP ID="P27_SP00263" HPOS="504" VPOS="1153" WIDTH="14"/>
						<String ID="P27_ST00295" HPOS="518" VPOS="1121" WIDTH="56" HEIGHT="23" CONTENT="with" WC="0.73" CC="0037"/>
						<SP ID="P27_SP00264" HPOS="574" VPOS="1153" WIDTH="20"/>
						<String ID="P27_ST00296" HPOS="594" VPOS="1122" WIDTH="30" HEIGHT="21" CONTENT="its" WC="0.40" CC="574"/>
						<SP ID="P27_SP00265" HPOS="624" VPOS="1153" WIDTH="17"/>
						<String ID="P27_ST00297" HPOS="641" VPOS="1126" WIDTH="53" HEIGHT="17" CONTENT="true" WC="0.80" CC="0070"/>
						<SP ID="P27_SP00266" HPOS="694" VPOS="1153" WIDTH="18"/>
						<String ID="P27_ST00298" HPOS="712" VPOS="1121" WIDTH="137" HEIGHT="30" CONTENT="principles," WC="0.75" CC="09060400060"/>
						<SP ID="P27_SP00267" HPOS="849" VPOS="1153" WIDTH="14"/>
						<String ID="P27_ST00299" HPOS="863" VPOS="1125" WIDTH="93" HEIGHT="23" CONTENT="nature," WC="0.76" CC="6025000"/>
					</TextLine>
					<TextLine ID="P27_TL00033" HPOS="108" VPOS="1154" WIDTH="848" HEIGHT="33">
						<String ID="P27_ST00300" HPOS="108" VPOS="1156" WIDTH="48" HEIGHT="22" CONTENT="and" WC="0.72" CC="080"/>
						<SP ID="P27_SP00268" HPOS="156" VPOS="1178" WIDTH="20"/>
						<String ID="P27_ST00301" HPOS="176" VPOS="1155" WIDTH="129" HEIGHT="23" CONTENT="intention." WC="0.71" CC="0730640600"/>
						<SP ID="P27_SP00269" HPOS="305" VPOS="1178" WIDTH="38"/>
						<String ID="P27_ST00302" HPOS="343" VPOS="1156" WIDTH="52" HEIGHT="23" CONTENT="The" WC="0.84" CC="040"/>
						<SP ID="P27_SP00270" HPOS="395" VPOS="1179" WIDTH="15"/>
						<String ID="P27_ST00303" HPOS="410" VPOS="1155" WIDTH="91" HEIGHT="32" CONTENT="Ovydd" WC="0.59" CC="20908"/>
						<SP ID="P27_SP00271" HPOS="501" VPOS="1187" WIDTH="19"/>
						<String ID="P27_ST00304" HPOS="520" VPOS="1154" WIDTH="72" HEIGHT="24" CONTENT="could" WC="0.66" CC="50740"/>
						<SP ID="P27_SP00272" HPOS="592" VPOS="1187" WIDTH="18"/>
						<String ID="P27_ST00305" HPOS="610" VPOS="1155" WIDTH="108" HEIGHT="23" CONTENT="exercise" WC="0.76" CC="09020050"/>
						<SP ID="P27_SP00273" HPOS="718" VPOS="1187" WIDTH="12"/>
						<String ID="P27_ST00306" HPOS="730" VPOS="1154" WIDTH="33" HEIGHT="23" CONTENT="all" WC="1.00" CC="000"/>
						<SP ID="P27_SP00274" HPOS="763" VPOS="1187" WIDTH="18"/>
						<String ID="P27_ST00307" HPOS="781" VPOS="1154" WIDTH="41" HEIGHT="22" CONTENT="the" WC="0.62" CC="730"/>
						<SP ID="P27_SP00275" HPOS="822" VPOS="1187" WIDTH="13"/>
						<String ID="P27_ST00308" HPOS="835" VPOS="1154" WIDTH="121" HEIGHT="22" CONTENT="functions" WC="0.70" CC="045820006"/>
					</TextLine>
					<TextLine ID="P27_TL00034" HPOS="108" VPOS="1187" WIDTH="848" HEIGHT="33">
						<String ID="P27_ST00309" HPOS="108" VPOS="1189" WIDTH="27" HEIGHT="23" CONTENT="of" WC="1.00" CC="00"/>
						<SP ID="P27_SP00276" HPOS="135" VPOS="1212" WIDTH="12"/>
						<String ID="P27_ST00310" HPOS="147" VPOS="1189" WIDTH="109" HEIGHT="22" CONTENT="Bardism" WC="0.89" CC="7000000"/>
						<SP ID="P27_SP00277" HPOS="256" VPOS="1212" WIDTH="12"/>
						<String ID="P27_ST00311" HPOS="268" VPOS="1199" WIDTH="6" HEIGHT="17" CONTENT=";" WC="1.00" CC="0"/>
						<SP ID="P27_SP00278" HPOS="274" VPOS="1216" WIDTH="19"/>
						<String ID="P27_ST00312" HPOS="293" VPOS="1190" WIDTH="47" HEIGHT="23" CONTENT="and" WC="0.99" CC="000"/>
						<SP ID="P27_SP00279" HPOS="340" VPOS="1216" WIDTH="15"/>
						<String ID="P27_ST00313" HPOS="355" VPOS="1190" WIDTH="32" HEIGHT="30" CONTENT="by" WC="0.57" CC="08"/>
						<SP ID="P27_SP00280" HPOS="387" VPOS="1220" WIDTH="13"/>
						<String ID="P27_ST00314" HPOS="400" VPOS="1198" WIDTH="67" HEIGHT="14" CONTENT="some" WC="0.89" CC="0004"/>
						<SP ID="P27_SP00281" HPOS="467" VPOS="1220" WIDTH="14"/>
						<String ID="P27_ST00315" HPOS="481" VPOS="1189" WIDTH="131" HEIGHT="31" CONTENT="particular" WC="0.74" CC="0041222533"/>
						<SP ID="P27_SP00282" HPOS="612" VPOS="1220" WIDTH="17"/>
						<String ID="P27_ST00316" HPOS="629" VPOS="1190" WIDTH="169" HEIGHT="29" CONTENT="performance" WC="0.83" CC="00505600100"/>
						<SP ID="P27_SP00283" HPOS="798" VPOS="1220" WIDTH="14"/>
						<String ID="P27_ST00317" HPOS="812" VPOS="1187" WIDTH="29" HEIGHT="22" CONTENT="he" WC="1.00" CC="00"/>
						<SP ID="P27_SP00284" HPOS="841" VPOS="1220" WIDTH="15"/>
						<String ID="P27_ST00318" HPOS="856" VPOS="1187" WIDTH="100" HEIGHT="23" CONTENT="became" WC="0.90" CC="004100"/>
					</TextLine>
					<TextLine ID="P27_TL00035" HPOS="108" VPOS="1220" WIDTH="847" HEIGHT="33">
						<String ID="P27_ST00319" HPOS="108" VPOS="1223" WIDTH="103" HEIGHT="23" CONTENT="entitled" WC="0.76" CC="08006300"/>
						<SP ID="P27_SP00285" HPOS="211" VPOS="1246" WIDTH="14"/>
						<String ID="P27_ST00320" HPOS="225" VPOS="1227" WIDTH="25" HEIGHT="18" CONTENT="to" WC="1.00" CC="00"/>
						<SP ID="P27_SP00286" HPOS="250" VPOS="1246" WIDTH="14"/>
						<String ID="P27_ST00321" HPOS="264" VPOS="1224" WIDTH="70" HEIGHT="22" CONTENT="other" WC="0.93" CC="00200"/>
						<SP ID="P27_SP00287" HPOS="334" VPOS="1246" WIDTH="14"/>
						<String ID="P27_ST00322" HPOS="348" VPOS="1224" WIDTH="107" HEIGHT="29" CONTENT="degrees," WC="0.81" CC="08050010"/>
						<SP ID="P27_SP00288" HPOS="455" VPOS="1253" WIDTH="21"/>
						<String ID="P27_ST00323" HPOS="476" VPOS="1231" WIDTH="29" HEIGHT="14" CONTENT="on" WC="0.90" CC="20"/>
						<SP ID="P27_SP00289" HPOS="505" VPOS="1253" WIDTH="21"/>
						<String ID="P27_ST00324" HPOS="526" VPOS="1223" WIDTH="40" HEIGHT="22" CONTENT="the" WC="0.59" CC="074"/>
						<SP ID="P27_SP00290" HPOS="566" VPOS="1253" WIDTH="20"/>
						<String ID="P27_ST00325" HPOS="586" VPOS="1222" WIDTH="168" HEIGHT="23" CONTENT="confirmation" WC="0.55" CC="018774700557"/>
						<SP ID="P27_SP00291" HPOS="754" VPOS="1253" WIDTH="15"/>
						<String ID="P27_ST00326" HPOS="769" VPOS="1220" WIDTH="28" HEIGHT="24" CONTENT="of" WC="0.84" CC="30"/>
						<SP ID="P27_SP00292" HPOS="797" VPOS="1253" WIDTH="11"/>
						<String ID="P27_ST00327" HPOS="808" VPOS="1229" WIDTH="13" HEIGHT="14" CONTENT="a" WC="1.00" CC="0"/>
						<SP ID="P27_SP00293" HPOS="821" VPOS="1253" WIDTH="13"/>
						<String ID="P27_ST00328" HPOS="834" VPOS="1220" WIDTH="121" HEIGHT="23" CONTENT="Gorsedd." WC="0.77" CC="00080090"/>
					</TextLine>
					<TextLine ID="P27_TL00036" HPOS="109" VPOS="1254" WIDTH="847" HEIGHT="33">
						<String ID="P27_ST00329" HPOS="109" VPOS="1256" WIDTH="55" HEIGHT="23" CONTENT="The" WC="0.75" CC="070"/>
						<SP ID="P27_SP00294" HPOS="164" VPOS="1279" WIDTH="23"/>
						<String ID="P27_ST00330" HPOS="187" VPOS="1257" WIDTH="129" HEIGHT="22" CONTENT="candidate" WC="0.80" CC="007000640"/>
						<SP ID="P27_SP00295" HPOS="316" VPOS="1279" WIDTH="22"/>
						<String ID="P27_ST00331" HPOS="338" VPOS="1256" WIDTH="39" HEIGHT="24" CONTENT="for" WC="0.79" CC="230"/>
						<SP ID="P27_SP00296" HPOS="377" VPOS="1280" WIDTH="20"/>
						<String ID="P27_ST00332" HPOS="397" VPOS="1257" WIDTH="41" HEIGHT="23" CONTENT="the" WC="1.00" CC="000"/>
						<SP ID="P27_SP00297" HPOS="438" VPOS="1280" WIDTH="21"/>
						<String ID="P27_ST00333" HPOS="459" VPOS="1257" WIDTH="72" HEIGHT="22" CONTENT="order" WC="0.70" CC="62050"/>
						<SP ID="P27_SP00298" HPOS="531" VPOS="1280" WIDTH="20"/>
						<String ID="P27_ST00334" HPOS="551" VPOS="1255" WIDTH="29" HEIGHT="24" CONTENT="of" WC="1.00" CC="00"/>
						<SP ID="P27_SP00299" HPOS="580" VPOS="1280" WIDTH="18"/>
						<String ID="P27_ST00335" HPOS="598" VPOS="1255" WIDTH="91" HEIGHT="32" CONTENT="Ovydd" WC="0.94" CC="30000"/>
						<SP ID="P27_SP00300" HPOS="689" VPOS="1287" WIDTH="22"/>
						<String ID="P27_ST00336" HPOS="711" VPOS="1262" WIDTH="47" HEIGHT="15" CONTENT="was" WC="0.90" CC="003"/>
						<SP ID="P27_SP00301" HPOS="758" VPOS="1287" WIDTH="21"/>
						<String ID="P27_ST00337" HPOS="779" VPOS="1254" WIDTH="92" HEIGHT="23" CONTENT="elected" WC="0.90" CC="0400020"/>
						<SP ID="P27_SP00302" HPOS="871" VPOS="1287" WIDTH="24"/>
						<String ID="P27_ST00338" HPOS="895" VPOS="1257" WIDTH="23" HEIGHT="19" CONTENT="at" WC="0.65" CC="07"/>
						<SP ID="P27_SP00303" HPOS="918" VPOS="1287" WIDTH="25"/>
						<String ID="P27_ST00339" HPOS="943" VPOS="1263" WIDTH="13" HEIGHT="14" CONTENT="a" WC="0.32" CC="6"/>
					</TextLine>
					<TextLine ID="P27_TL00037" HPOS="109" VPOS="1287" WIDTH="847" HEIGHT="33">
						<String ID="P27_ST00340" HPOS="109" VPOS="1290" WIDTH="123" HEIGHT="26" CONTENT="Gorsedd," WC="0.93" CC="10120000"/>
						<SP ID="P27_SP00304" HPOS="232" VPOS="1316" WIDTH="22"/>
						<String ID="P27_ST00341" HPOS="254" VPOS="1298" WIDTH="29" HEIGHT="15" CONTENT="on" WC="0.57" CC="08"/>
						<SP ID="P27_SP00305" HPOS="283" VPOS="1316" WIDTH="22"/>
						<String ID="P27_ST00342" HPOS="305" VPOS="1291" WIDTH="40" HEIGHT="22" CONTENT="the" WC="0.61" CC="470"/>
						<SP ID="P27_SP00306" HPOS="345" VPOS="1316" WIDTH="21"/>
						<String ID="P27_ST00343" HPOS="366" VPOS="1291" WIDTH="115" HEIGHT="29" CONTENT="previous" WC="0.95" CC="00001002"/>
						<SP ID="P27_SP00307" HPOS="481" VPOS="1320" WIDTH="21"/>
						<String ID="P27_ST00344" HPOS="502" VPOS="1289" WIDTH="222" HEIGHT="24" CONTENT="recommendation" WC="0.66" CC="37050954000055"/>
						<SP ID="P27_SP00308" HPOS="724" VPOS="1320" WIDTH="23"/>
						<String ID="P27_ST00345" HPOS="747" VPOS="1287" WIDTH="27" HEIGHT="23" CONTENT="of" WC="0.86" CC="02"/>
						<SP ID="P27_SP00309" HPOS="774" VPOS="1320" WIDTH="16"/>
						<String ID="P27_ST00346" HPOS="790" VPOS="1296" WIDTH="13" HEIGHT="14" CONTENT="a" WC="1.00" CC="0"/>
						<SP ID="P27_SP00310" HPOS="803" VPOS="1320" WIDTH="20"/>
						<String ID="P27_ST00347" HPOS="823" VPOS="1287" WIDTH="133" HEIGHT="31" CONTENT="graduated" WC="1.00" CC="000000000"/>
					</TextLine>
					<TextLine ID="P27_TL00038" HPOS="110" VPOS="1320" WIDTH="846" HEIGHT="33">
						<String ID="P27_ST00348" HPOS="110" VPOS="1324" WIDTH="66" HEIGHT="23" CONTENT="Bard" WC="0.84" CC="6000"/>
						<SP ID="P27_SP00311" HPOS="176" VPOS="1347" WIDTH="19"/>
						<String ID="P27_ST00349" HPOS="195" VPOS="1323" WIDTH="27" HEIGHT="23" CONTENT="of" WC="0.50" CC="09"/>
						<SP ID="P27_SP00312" HPOS="222" VPOS="1347" WIDTH="17"/>
						<String ID="P27_ST00350" HPOS="239" VPOS="1331" WIDTH="48" HEIGHT="22" CONTENT="any" WC="0.72" CC="080"/>
						<SP ID="P27_SP00313" HPOS="287" VPOS="1353" WIDTH="20"/>
						<String ID="P27_ST00351" HPOS="307" VPOS="1323" WIDTH="28" HEIGHT="24" CONTENT="of" WC="0.89" CC="10"/>
						<SP ID="P27_SP00314" HPOS="335" VPOS="1353" WIDTH="16"/>
						<String ID="P27_ST00352" HPOS="351" VPOS="1325" WIDTH="41" HEIGHT="22" CONTENT="the" WC="1.00" CC="000"/>
						<SP ID="P27_SP00315" HPOS="392" VPOS="1353" WIDTH="20"/>
						<String ID="P27_ST00353" HPOS="412" VPOS="1325" WIDTH="67" HEIGHT="22" CONTENT="three" WC="0.87" CC="20300"/>
						<SP ID="P27_SP00316" HPOS="479" VPOS="1353" WIDTH="15"/>
						<String ID="P27_ST00354" HPOS="494" VPOS="1324" WIDTH="91" HEIGHT="26" CONTENT="orders," WC="0.80" CC="4000090"/>
						<SP ID="P27_SP00317" HPOS="585" VPOS="1353" WIDTH="16"/>
						<String ID="P27_ST00355" HPOS="601" VPOS="1323" WIDTH="52" HEIGHT="22" CONTENT="who" WC="0.31" CC="964"/>
						<SP ID="P27_SP00318" HPOS="653" VPOS="1353" WIDTH="20"/>
						<String ID="P27_ST00356" HPOS="673" VPOS="1321" WIDTH="78" HEIGHT="31" CONTENT="might" WC="0.52" CC="61717"/>
						<SP ID="P27_SP00319" HPOS="751" VPOS="1353" WIDTH="18"/>
						<String ID="P27_ST00357" HPOS="769" VPOS="1320" WIDTH="60" HEIGHT="23" CONTENT="from" WC="0.88" CC="2010"/>
						<SP ID="P27_SP00320" HPOS="829" VPOS="1353" WIDTH="19"/>
						<String ID="P27_ST00358" HPOS="848" VPOS="1321" WIDTH="37" HEIGHT="22" CONTENT="his" WC="0.60" CC="046"/>
						<SP ID="P27_SP00321" HPOS="885" VPOS="1353" WIDTH="17"/>
						<String ID="P27_ST00359" HPOS="902" VPOS="1329" WIDTH="54" HEIGHT="15" CONTENT="own" WC="0.64" CC="604"/>
					</TextLine>
					<TextLine ID="P27_TL00039" HPOS="110" VPOS="1355" WIDTH="846" HEIGHT="33">
						<String ID="P27_ST00360" HPOS="110" VPOS="1358" WIDTH="145" HEIGHT="30" CONTENT="knowledge" WC="0.71" CC="060000990"/>
						<SP ID="P27_SP00322" HPOS="255" VPOS="1388" WIDTH="24"/>
						<String ID="P27_ST00361" HPOS="279" VPOS="1358" WIDTH="97" HEIGHT="22" CONTENT="declare" WC="0.87" CC="0020050"/>
						<SP ID="P27_SP00323" HPOS="376" VPOS="1388" WIDTH="24"/>
						<String ID="P27_ST00362" HPOS="400" VPOS="1358" WIDTH="54" HEIGHT="22" CONTENT="that" WC="1.00" CC="0000"/>
						<SP ID="P27_SP00324" HPOS="454" VPOS="1388" WIDTH="23"/>
						<String ID="P27_ST00363" HPOS="477" VPOS="1358" WIDTH="30" HEIGHT="22" CONTENT="he" WC="0.80" CC="40"/>
						<SP ID="P27_SP00325" HPOS="507" VPOS="1388" WIDTH="22"/>
						<String ID="P27_ST00364" HPOS="529" VPOS="1357" WIDTH="78" HEIGHT="22" CONTENT="whom" WC="0.64" CC="0706"/>
						<SP ID="P27_SP00326" HPOS="607" VPOS="1388" WIDTH="26"/>
						<String ID="P27_ST00365" HPOS="633" VPOS="1356" WIDTH="30" HEIGHT="22" CONTENT="he" WC="1.00" CC="00"/>
						<SP ID="P27_SP00327" HPOS="663" VPOS="1388" WIDTH="24"/>
						<String ID="P27_ST00366" HPOS="687" VPOS="1355" WIDTH="120" HEIGHT="31" CONTENT="proposed" WC="0.86" CC="01001800"/>
						<SP ID="P27_SP00328" HPOS="807" VPOS="1388" WIDTH="21"/>
						<String ID="P27_ST00367" HPOS="828" VPOS="1362" WIDTH="48" HEIGHT="15" CONTENT="was" WC="0.67" CC="009"/>
						<SP ID="P27_SP00329" HPOS="876" VPOS="1388" WIDTH="22"/>
						<String ID="P27_ST00368" HPOS="898" VPOS="1355" WIDTH="58" HEIGHT="31" CONTENT="duly" WC="0.83" CC="0060"/>
					</TextLine>
					<TextLine ID="P27_TL00040" HPOS="110" VPOS="1388" WIDTH="846" HEIGHT="35">
						<String ID="P27_ST00369" HPOS="110" VPOS="1391" WIDTH="125" HEIGHT="32" CONTENT="qualified." WC="0.80" CC="0054051003"/>
						<SP ID="P27_SP00330" HPOS="235" VPOS="1423" WIDTH="37"/>
						<String ID="P27_ST00370" HPOS="272" VPOS="1390" WIDTH="26" HEIGHT="24" CONTENT="If" WC="0.29" CC="49"/>
						<SP ID="P27_SP00331" HPOS="298" VPOS="1423" WIDTH="10"/>
						<String ID="P27_ST00371" HPOS="308" VPOS="1391" WIDTH="40" HEIGHT="23" CONTENT="the" WC="0.84" CC="400"/>
						<SP ID="P27_SP00332" HPOS="348" VPOS="1423" WIDTH="19"/>
						<String ID="P27_ST00372" HPOS="367" VPOS="1391" WIDTH="129" HEIGHT="23" CONTENT="candidate" WC="0.95" CC="000000400"/>
						<SP ID="P27_SP00333" HPOS="496" VPOS="1423" WIDTH="14"/>
						<String ID="P27_ST00373" HPOS="510" VPOS="1397" WIDTH="61" HEIGHT="16" CONTENT="were" WC="0.74" CC="0640"/>
						<SP ID="P27_SP00334" HPOS="571" VPOS="1423" WIDTH="20"/>
						<String ID="P27_ST00374" HPOS="591" VPOS="1393" WIDTH="42" HEIGHT="19" CONTENT="not" WC="0.53" CC="805"/>
						<SP ID="P27_SP00335" HPOS="633" VPOS="1423" WIDTH="20"/>
						<String ID="P27_ST00375" HPOS="653" VPOS="1389" WIDTH="87" HEIGHT="22" CONTENT="known" WC="0.92" CC="02100"/>
						<SP ID="P27_SP00336" HPOS="740" VPOS="1423" WIDTH="19"/>
						<String ID="P27_ST00376" HPOS="759" VPOS="1391" WIDTH="26" HEIGHT="20" CONTENT="to" WC="1.00" CC="00"/>
						<SP ID="P27_SP00337" HPOS="785" VPOS="1423" WIDTH="12"/>
						<String ID="P27_ST00377" HPOS="797" VPOS="1397" WIDTH="15" HEIGHT="14" CONTENT="a" WC="0.66" CC="3"/>
						<SP ID="P27_SP00338" HPOS="812" VPOS="1423" WIDTH="18"/>
						<String ID="P27_ST00378" HPOS="830" VPOS="1388" WIDTH="72" HEIGHT="27" CONTENT="Bard," WC="0.80" CC="30500"/>
						<SP ID="P27_SP00339" HPOS="902" VPOS="1423" WIDTH="15"/>
						<String ID="P27_ST00379" HPOS="917" VPOS="1389" WIDTH="39" HEIGHT="23" CONTENT="the" WC="0.65" CC="370"/>
					</TextLine>
					<TextLine ID="P27_TL00041" HPOS="109" VPOS="1422" WIDTH="847" HEIGHT="32">
						<String ID="P27_ST00380" HPOS="109" VPOS="1425" WIDTH="226" HEIGHT="24" CONTENT="recommendation" WC="0.76" CC="30056612000530"/>
						<SP ID="P27_SP00340" HPOS="335" VPOS="1449" WIDTH="14"/>
						<String ID="P27_ST00381" HPOS="349" VPOS="1424" WIDTH="28" HEIGHT="23" CONTENT="of" WC="0.67" CC="60"/>
						<SP ID="P27_SP00341" HPOS="377" VPOS="1449" WIDTH="10"/>
						<String ID="P27_ST00382" HPOS="387" VPOS="1432" WIDTH="12" HEIGHT="15" CONTENT="a" WC="0.94" CC="0"/>
						<SP ID="P27_SP00342" HPOS="399" VPOS="1449" WIDTH="9"/>
						<String ID="P27_ST00383" HPOS="408" VPOS="1424" WIDTH="78" HEIGHT="30" CONTENT="judge" WC="0.68" CC="06090"/>
						<SP ID="P27_SP00343" HPOS="486" VPOS="1454" WIDTH="11"/>
						<String ID="P27_ST00384" HPOS="497" VPOS="1431" WIDTH="28" HEIGHT="16" CONTENT="or" WC="0.96" CC="00"/>
						<SP ID="P27_SP00344" HPOS="525" VPOS="1454" WIDTH="12"/>
						<String ID="P27_ST00385" HPOS="537" VPOS="1423" WIDTH="149" HEIGHT="30" CONTENT="magistrate," WC="0.73" CC="06934040000"/>
						<SP ID="P27_SP00345" HPOS="686" VPOS="1454" WIDTH="11"/>
						<String ID="P27_ST00386" HPOS="697" VPOS="1430" WIDTH="28" HEIGHT="15" CONTENT="or" WC="0.98" CC="00"/>
						<SP ID="P27_SP00346" HPOS="725" VPOS="1454" WIDTH="9"/>
						<String ID="P27_ST00387" HPOS="734" VPOS="1422" WIDTH="85" HEIGHT="23" CONTENT="twelve" WC="0.76" CC="440230"/>
						<SP ID="P27_SP00347" HPOS="819" VPOS="1454" WIDTH="13"/>
						<String ID="P27_ST00388" HPOS="832" VPOS="1423" WIDTH="124" HEIGHT="29" CONTENT="reputable" WC="0.75" CC="177000600"/>
					</TextLine>
				</TextBlock>
				<TextBlock ID="P27_TB00005" HPOS="360" VPOS="1497" WIDTH="341" HEIGHT="27" STYLEREFS="TXT_1 PAR_CENTER">
					<TextLine ID="P27_TL00042" HPOS="360" VPOS="1497" WIDTH="341" HEIGHT="27">
						<String ID="P27_ST00389" HPOS="360" VPOS="1503" WIDTH="9" HEIGHT="10" CONTENT="»" WC="0.55" CC="4"/>
						<SP ID="P27_SP00348" HPOS="369" VPOS="1513" WIDTH="17"/>
						<String ID="P27_ST00390" HPOS="386" VPOS="1497" WIDTH="113" HEIGHT="27" CONTENT="Meyrick's" WC="0.85" CC="000014006"/>
						<SP ID="P27_SP00349" HPOS="499" VPOS="1524" WIDTH="11"/>
						<String ID="P27_ST00391" HPOS="510" VPOS="1498" WIDTH="115" HEIGHT="23" CONTENT="Costumes," WC="0.65" CC="006751062"/>
						<SP ID="P27_SP00350" HPOS="625" VPOS="1524" WIDTH="11"/>
						<String ID="P27_ST00392" HPOS="636" VPOS="1504" WIDTH="20" HEIGHT="19" CONTENT="p." WC="0.98" CC="00"/>
						<SP ID="P27_SP00351" HPOS="656" VPOS="1524" WIDTH="12"/>
						<String ID="P27_ST00393" HPOS="668" VPOS="1497" WIDTH="33" HEIGHT="20" CONTENT="28." WC="0.54" CC="850"/>
					</TextLine>
				</TextBlock>
			</PrintSpace>
		</Page>
	</Layout>
</alto>
