<?xml version="1.0" encoding="UTF-8"?>
<alto xmlns:xsi="http://www.w3.org/2001/XMLSchema-instance" xsi:noNamespaceSchemaLocation="http://www.bl.uk/schemas/alto/alto-1-4.xsd" xmlns:xlink="http://www.w3.org/1999/xlink">
	<Description>
		<MeasurementUnit>mm10</MeasurementUnit>
		<sourceImageInformation>
			<fileName>//head1/IN/2008-22/A0011651692/008538.jp2</fileName>
		</sourceImageInformation>
		<OCRProcessing ID="OCRPROCESSING_1">
			<preProcessingStep>
				<processingSoftware>
					<softwareCreator>CCS Content Conversion Specialists GmbH, Germany</softwareCreator>
					<softwareName>CCS docWORKS</softwareName>
					<softwareVersion>6.1-0.67</softwareVersion>
				</processingSoftware>
			</preProcessingStep>
			<ocrProcessingStep>
				<processingSoftware>
					<softwareCreator>ABBYY (BIT Software), Russia</softwareCreator>
					<softwareName>Finereader</softwareName>
				</processingSoftware>
			</ocrProcessingStep>
		</OCRProcessing>
	</Description>
	<Styles>
		<TextStyle ID="TXT_0" FONTSIZE="10" FONTFAMILY="Courier New"/>
		<TextStyle ID="TXT_1" FONTSIZE="9" FONTFAMILY="Courier New"/>
		<ParagraphStyle ID="PAR_LEFT" ALIGN="Left"/>
		<ParagraphStyle ID="PAR_CENTER" ALIGN="Center"/>
	</Styles>
	<Layout>
		<Page ID="P148" PHYSICAL_IMG_NR="148" HEIGHT="1619" WIDTH="1023" PRINTED_IMG_NR="134" POSITION="Left" ACCURACY="78.49">
			<TopMargin ID="P148_TM00001" HPOS="0" VPOS="0" WIDTH="1022" HEIGHT="126">
				<TextBlock ID="P148_TB00001" HPOS="75" VPOS="102" WIDTH="46" HEIGHT="22" STYLEREFS="TXT_0 PAR_LEFT">
					<TextLine ID="P148_TL00001" HPOS="75" VPOS="102" WIDTH="46" HEIGHT="22">
						<String ID="P148_ST00001" HPOS="75" VPOS="102" WIDTH="46" HEIGHT="22" CONTENT="134" WC="1.00" CC="000"/>
					</TextLine>
				</TextBlock>
				<TextBlock ID="P148_TB00002" HPOS="319" VPOS="109" WIDTH="350" HEIGHT="17" STYLEREFS="TXT_1 PAR_CENTER">
					<TextLine ID="P148_TL00002" HPOS="320" VPOS="110" WIDTH="349" HEIGHT="16">
						<String ID="P148_ST00002" HPOS="320" VPOS="110" WIDTH="138" HEIGHT="16" CONTENT="MONASTIC" WC="0.79" CC="50910000"/>
						<SP ID="P148_SP00001" HPOS="458" VPOS="126" WIDTH="16"/>
						<String ID="P148_ST00003" HPOS="474" VPOS="110" WIDTH="195" HEIGHT="16" CONTENT="INSTITUTIONS." WC="0.71" CC="5900501200910"/>
					</TextLine>
				</TextBlock>
			</TopMargin>
			<LeftMargin ID="P148_LM00001" HPOS="0" VPOS="126" WIDTH="64" HEIGHT="1418"/>
			<RightMargin ID="P148_RM00001" HPOS="917" VPOS="126" WIDTH="105" HEIGHT="1418"/>
			<BottomMargin ID="P148_BM00001" HPOS="0" VPOS="1544" WIDTH="1022" HEIGHT="74"/>
			<PrintSpace ID="P148_PS00001" HPOS="64" VPOS="126" WIDTH="853" HEIGHT="1418">
				<TextBlock ID="P148_TB00003" HPOS="68" VPOS="164" WIDTH="849" HEIGHT="706" STYLEREFS="TXT_1 PAR_LEFT">
					<TextLine ID="P148_TL00003" HPOS="74" VPOS="165" WIDTH="843" HEIGHT="33">
						<String ID="P148_ST00004" HPOS="74" VPOS="167" WIDTH="201" HEIGHT="27" CONTENT="embellishment," WC="0.57" CC="30573109661670"/>
						<SP ID="P148_SP00002" HPOS="275" VPOS="194" WIDTH="13"/>
						<String ID="P148_ST00005" HPOS="288" VPOS="171" WIDTH="25" HEIGHT="20" CONTENT="at" WC="0.96" CC="00"/>
						<SP ID="P148_SP00003" HPOS="313" VPOS="194" WIDTH="12"/>
						<String ID="P148_ST00006" HPOS="325" VPOS="169" WIDTH="40" HEIGHT="22" CONTENT="the" WC="1.00" CC="000"/>
						<SP ID="P148_SP00004" HPOS="365" VPOS="194" WIDTH="14"/>
						<String ID="P148_ST00007" HPOS="379" VPOS="169" WIDTH="102" HEIGHT="23" CONTENT="crimson" WC="0.77" CC="0300605"/>
						<SP ID="P148_SP00005" HPOS="481" VPOS="194" WIDTH="14"/>
						<String ID="P148_ST00008" HPOS="495" VPOS="176" WIDTH="71" HEIGHT="16" CONTENT="moss." WC="0.75" CC="50600"/>
						<SP ID="P148_SP00006" HPOS="566" VPOS="194" WIDTH="30"/>
						<String ID="P148_ST00009" HPOS="596" VPOS="169" WIDTH="41" HEIGHT="23" CONTENT="All" WC="0.95" CC="100"/>
						<SP ID="P148_SP00007" HPOS="637" VPOS="194" WIDTH="14"/>
						<String ID="P148_ST00010" HPOS="651" VPOS="176" WIDTH="32" HEIGHT="22" CONTENT="up" WC="1.00" CC="00"/>
						<SP ID="P148_SP00008" HPOS="683" VPOS="198" WIDTH="14"/>
						<String ID="P148_ST00011" HPOS="697" VPOS="170" WIDTH="25" HEIGHT="20" CONTENT="to" WC="0.96" CC="00"/>
						<SP ID="P148_SP00009" HPOS="722" VPOS="198" WIDTH="12"/>
						<String ID="P148_ST00012" HPOS="734" VPOS="167" WIDTH="54" HEIGHT="22" CONTENT="that" WC="0.67" CC="0705"/>
						<SP ID="P148_SP00010" HPOS="788" VPOS="198" WIDTH="13"/>
						<String ID="P148_ST00013" HPOS="801" VPOS="165" WIDTH="116" HEIGHT="23" CONTENT="inclusive" WC="0.69" CC="250316700"/>
					</TextLine>
					<TextLine ID="P148_TL00004" HPOS="73" VPOS="199" WIDTH="844" HEIGHT="35">
						<String ID="P148_ST00014" HPOS="73" VPOS="201" WIDTH="12" HEIGHT="23" CONTENT="I" WC="1.00" CC="0"/>
						<SP ID="P148_SP00011" HPOS="85" VPOS="224" WIDTH="14"/>
						<String ID="P148_ST00015" HPOS="99" VPOS="201" WIDTH="55" HEIGHT="23" CONTENT="take" WC="1.00" CC="0000"/>
						<SP ID="P148_SP00012" HPOS="154" VPOS="224" WIDTH="13"/>
						<String ID="P148_ST00016" HPOS="167" VPOS="204" WIDTH="25" HEIGHT="20" CONTENT="to" WC="0.44" CC="46"/>
						<SP ID="P148_SP00013" HPOS="192" VPOS="224" WIDTH="12"/>
						<String ID="P148_ST00017" HPOS="204" VPOS="202" WIDTH="30" HEIGHT="22" CONTENT="be" WC="0.71" CC="50"/>
						<SP ID="P148_SP00014" HPOS="234" VPOS="224" WIDTH="14"/>
						<String ID="P148_ST00018" HPOS="248" VPOS="201" WIDTH="90" HEIGHT="28" CONTENT="Welsh," WC="0.82" CC="000360"/>
						<SP ID="P148_SP00015" HPOS="338" VPOS="229" WIDTH="14"/>
						<String ID="P148_ST00019" HPOS="352" VPOS="203" WIDTH="31" HEIGHT="22" CONTENT="all" WC="0.47" CC="743"/>
						<SP ID="P148_SP00016" HPOS="383" VPOS="229" WIDTH="13"/>
						<String ID="P148_ST00020" HPOS="396" VPOS="203" WIDTH="95" HEIGHT="31" CONTENT="beyond" WC="0.80" CC="400070"/>
						<SP ID="P148_SP00017" HPOS="491" VPOS="234" WIDTH="16"/>
						<String ID="P148_ST00021" HPOS="507" VPOS="203" WIDTH="90" HEIGHT="22" CONTENT="Saxon." WC="0.90" CC="500000"/>
						<SP ID="P148_SP00018" HPOS="597" VPOS="234" WIDTH="39"/>
						<String ID="P148_ST00022" HPOS="636" VPOS="202" WIDTH="38" HEIGHT="23" CONTENT="To" WC="0.97" CC="00"/>
						<SP ID="P148_SP00019" HPOS="674" VPOS="234" WIDTH="14"/>
						<String ID="P148_ST00023" HPOS="688" VPOS="201" WIDTH="73" HEIGHT="30" CONTENT="apply" WC="0.70" CC="00940"/>
						<SP ID="P148_SP00020" HPOS="761" VPOS="234" WIDTH="13"/>
						<String ID="P148_ST00024" HPOS="774" VPOS="208" WIDTH="39" HEIGHT="23" CONTENT="my" WC="1.00" CC="00"/>
						<SP ID="P148_SP00021" HPOS="813" VPOS="234" WIDTH="15"/>
						<String ID="P148_ST00025" HPOS="828" VPOS="199" WIDTH="52" HEIGHT="23" CONTENT="rule" WC="0.94" CC="0200"/>
						<SP ID="P148_SP00022" HPOS="880" VPOS="234" WIDTH="14"/>
						<String ID="P148_ST00026" HPOS="894" VPOS="202" WIDTH="23" HEIGHT="20" CONTENT="to" WC="0.80" CC="03"/>
					</TextLine>
					<TextLine ID="P148_TL00005" HPOS="74" VPOS="232" WIDTH="843" HEIGHT="32">
						<String ID="P148_ST00027" HPOS="74" VPOS="236" WIDTH="66" HEIGHT="22" CONTENT="these" WC="0.67" CC="37040"/>
						<SP ID="P148_SP00023" HPOS="140" VPOS="258" WIDTH="13"/>
						<String ID="P148_ST00028" HPOS="153" VPOS="235" WIDTH="119" HEIGHT="28" CONTENT="miracles," WC="0.78" CC="063005040"/>
						<SP ID="P148_SP00024" HPOS="272" VPOS="263" WIDTH="14"/>
						<String ID="P148_ST00029" HPOS="286" VPOS="236" WIDTH="67" HEIGHT="23" CONTENT="there" WC="0.78" CC="06030"/>
						<SP ID="P148_SP00025" HPOS="353" VPOS="263" WIDTH="17"/>
						<String ID="P148_ST00030" HPOS="370" VPOS="243" WIDTH="44" HEIGHT="16" CONTENT="can" WC="0.69" CC="306"/>
						<SP ID="P148_SP00026" HPOS="414" VPOS="263" WIDTH="14"/>
						<String ID="P148_ST00031" HPOS="428" VPOS="236" WIDTH="30" HEIGHT="23" CONTENT="be" WC="0.68" CC="50"/>
						<SP ID="P148_SP00027" HPOS="458" VPOS="263" WIDTH="17"/>
						<String ID="P148_ST00032" HPOS="475" VPOS="244" WIDTH="31" HEIGHT="15" CONTENT="no" WC="0.64" CC="70"/>
						<SP ID="P148_SP00028" HPOS="506" VPOS="263" WIDTH="18"/>
						<String ID="P148_ST00033" HPOS="524" VPOS="236" WIDTH="67" HEIGHT="23" CONTENT="harm" WC="0.70" CC="6050"/>
						<SP ID="P148_SP00029" HPOS="591" VPOS="263" WIDTH="15"/>
						<String ID="P148_ST00034" HPOS="606" VPOS="236" WIDTH="23" HEIGHT="22" CONTENT="in" WC="0.76" CC="40"/>
						<SP ID="P148_SP00030" HPOS="629" VPOS="263" WIDTH="14"/>
						<String ID="P148_ST00035" HPOS="643" VPOS="235" WIDTH="123" HEIGHT="29" CONTENT="believing" WC="0.77" CC="003005750"/>
						<SP ID="P148_SP00031" HPOS="766" VPOS="264" WIDTH="13"/>
						<String ID="P148_ST00036" HPOS="779" VPOS="234" WIDTH="41" HEIGHT="22" CONTENT="the" WC="0.98" CC="000"/>
						<SP ID="P148_SP00032" HPOS="820" VPOS="264" WIDTH="13"/>
						<String ID="P148_ST00037" HPOS="833" VPOS="232" WIDTH="84" HEIGHT="24" CONTENT="Welsh" WC="0.72" CC="00067"/>
					</TextLine>
					<TextLine ID="P148_TL00006" HPOS="73" VPOS="267" WIDTH="844" HEIGHT="34">
						<String ID="P148_ST00038" HPOS="73" VPOS="267" WIDTH="96" HEIGHT="32" CONTENT="legend," WC="0.74" CC="5700500"/>
						<SP ID="P148_SP00033" HPOS="169" VPOS="299" WIDTH="13"/>
						<String ID="P148_ST00039" HPOS="182" VPOS="276" WIDTH="32" HEIGHT="16" CONTENT="no" WC="0.81" CC="30"/>
						<SP ID="P148_SP00034" HPOS="214" VPOS="299" WIDTH="12"/>
						<String ID="P148_ST00040" HPOS="226" VPOS="269" WIDTH="36" HEIGHT="22" CONTENT="sin" WC="0.70" CC="304"/>
						<SP ID="P148_SP00035" HPOS="262" VPOS="299" WIDTH="14"/>
						<String ID="P148_ST00041" HPOS="276" VPOS="269" WIDTH="24" HEIGHT="22" CONTENT="in" WC="0.57" CC="26"/>
						<SP ID="P148_SP00036" HPOS="300" VPOS="299" WIDTH="14"/>
						<String ID="P148_ST00042" HPOS="314" VPOS="269" WIDTH="157" HEIGHT="32" CONTENT="disbelieving" WC="0.81" CC="004301000064"/>
						<SP ID="P148_SP00037" HPOS="471" VPOS="301" WIDTH="13"/>
						<String ID="P148_ST00043" HPOS="484" VPOS="270" WIDTH="41" HEIGHT="22" CONTENT="the" WC="0.49" CC="770"/>
						<SP ID="P148_SP00038" HPOS="525" VPOS="301" WIDTH="15"/>
						<String ID="P148_ST00044" HPOS="540" VPOS="270" WIDTH="81" HEIGHT="22" CONTENT="Saxon" WC="0.68" CC="30803"/>
						<SP ID="P148_SP00039" HPOS="621" VPOS="301" WIDTH="14"/>
						<String ID="P148_ST00045" HPOS="635" VPOS="268" WIDTH="91" HEIGHT="31" CONTENT="sequel." WC="0.74" CC="7005050"/>
						<SP ID="P148_SP00040" HPOS="726" VPOS="301" WIDTH="41"/>
						<String ID="P148_ST00046" HPOS="767" VPOS="267" WIDTH="53" HEIGHT="23" CONTENT="The" WC="0.58" CC="056"/>
						<SP ID="P148_SP00041" HPOS="820" VPOS="301" WIDTH="14"/>
						<String ID="P148_ST00047" HPOS="834" VPOS="270" WIDTH="83" HEIGHT="20" CONTENT="waters" WC="0.68" CC="904004"/>
					</TextLine>
					<TextLine ID="P148_TL00007" HPOS="73" VPOS="301" WIDTH="844" HEIGHT="33">
						<String ID="P148_ST00048" HPOS="73" VPOS="303" WIDTH="28" HEIGHT="22" CONTENT="of" WC="0.81" CC="30"/>
						<SP ID="P148_SP00042" HPOS="101" VPOS="325" WIDTH="11"/>
						<String ID="P148_ST00049" HPOS="112" VPOS="302" WIDTH="35" HEIGHT="23" CONTENT="St." WC="0.62" CC="261"/>
						<SP ID="P148_SP00043" HPOS="147" VPOS="325" WIDTH="14"/>
						<String ID="P148_ST00050" HPOS="161" VPOS="302" WIDTH="167" HEIGHT="23" CONTENT="Wenefrede's" WC="0.74" CC="70600130044"/>
						<SP ID="P148_SP00044" HPOS="328" VPOS="325" WIDTH="14"/>
						<String ID="P148_ST00051" HPOS="342" VPOS="303" WIDTH="53" HEIGHT="22" CONTENT="well" WC="0.60" CC="9050"/>
						<SP ID="P148_SP00045" HPOS="395" VPOS="325" WIDTH="13"/>
						<String ID="P148_ST00052" HPOS="408" VPOS="311" WIDTH="39" HEIGHT="15" CONTENT="are" WC="0.82" CC="050"/>
						<SP ID="P148_SP00046" HPOS="447" VPOS="326" WIDTH="17"/>
						<String ID="P148_ST00053" HPOS="464" VPOS="303" WIDTH="166" HEIGHT="30" CONTENT="indisputably" WC="0.61" CC="560670609600"/>
						<SP ID="P148_SP00047" HPOS="630" VPOS="333" WIDTH="14"/>
						<String ID="P148_ST00054" HPOS="644" VPOS="301" WIDTH="189" HEIGHT="33" CONTENT="endowejLwith" WC="0.64" CC="050500790526"/>
						<SP ID="P148_SP00048" HPOS="833" VPOS="334" WIDTH="12"/>
						<String ID="P148_ST00055" HPOS="845" VPOS="308" WIDTH="72" HEIGHT="23" CONTENT="every" WC="0.96" CC="00020"/>
					</TextLine>
					<TextLine ID="P148_TL00008" HPOS="72" VPOS="335" WIDTH="845" HEIGHT="32">
						<String ID="P148_ST00056" HPOS="72" VPOS="336" WIDTH="65" HEIGHT="31" CONTENT="good" WC="0.68" CC="8300"/>
						<SP ID="P148_SP00049" HPOS="137" VPOS="367" WIDTH="21"/>
						<String ID="P148_ST00057" HPOS="158" VPOS="336" WIDTH="93" HEIGHT="31" CONTENT="quality" WC="0.87" CC="0502000"/>
						<SP ID="P148_SP00050" HPOS="251" VPOS="367" WIDTH="19"/>
						<String ID="P148_ST00058" HPOS="270" VPOS="336" WIDTH="127" HEIGHT="23" CONTENT="attendant" WC="0.81" CC="000060009"/>
						<SP ID="P148_SP00051" HPOS="397" VPOS="367" WIDTH="20"/>
						<String ID="P148_ST00059" HPOS="417" VPOS="344" WIDTH="31" HEIGHT="15" CONTENT="on" WC="0.61" CC="43"/>
						<SP ID="P148_SP00052" HPOS="448" VPOS="367" WIDTH="25"/>
						<String ID="P148_ST00060" HPOS="473" VPOS="336" WIDTH="56" HEIGHT="23" CONTENT="cold" WC="0.79" CC="0430"/>
						<SP ID="P148_SP00053" HPOS="529" VPOS="367" WIDTH="23"/>
						<String ID="P148_ST00061" HPOS="552" VPOS="336" WIDTH="78" HEIGHT="22" CONTENT="baths." WC="0.81" CC="330040"/>
						<SP ID="P148_SP00054" HPOS="630" VPOS="367" WIDTH="45"/>
						<String ID="P148_ST00062" HPOS="675" VPOS="336" WIDTH="49" HEIGHT="22" CONTENT="She" WC="0.80" CC="600"/>
						<SP ID="P148_SP00055" HPOS="724" VPOS="367" WIDTH="25"/>
						<String ID="P148_ST00063" HPOS="749" VPOS="338" WIDTH="46" HEIGHT="20" CONTENT='"ms' WC="0.31" CC="496"/>
						<SP ID="P148_SP00056" HPOS="795" VPOS="367" WIDTH="25"/>
						<String ID="P148_ST00064" HPOS="820" VPOS="335" WIDTH="97" HEIGHT="30" CONTENT="equally" WC="0.84" CC="0008200"/>
					</TextLine>
					<TextLine ID="P148_TL00009" HPOS="72" VPOS="369" WIDTH="845" HEIGHT="31">
						<String ID="P148_ST00065" HPOS="72" VPOS="370" WIDTH="136" HEIGHT="30" CONTENT="propitious" WC="0.92" CC="0312000000"/>
						<SP ID="P148_SP00057" HPOS="208" VPOS="400" WIDTH="17"/>
						<String ID="P148_ST00066" HPOS="225" VPOS="374" WIDTH="24" HEIGHT="18" CONTENT="to" WC="0.79" CC="40"/>
						<SP ID="P148_SP00058" HPOS="249" VPOS="400" WIDTH="16"/>
						<String ID="P148_ST00067" HPOS="265" VPOS="369" WIDTH="151" HEIGHT="23" CONTENT="Protestants" WC="0.74" CC="60050040820"/>
						<SP ID="P148_SP00059" HPOS="416" VPOS="400" WIDTH="17"/>
						<String ID="P148_ST00068" HPOS="433" VPOS="370" WIDTH="47" HEIGHT="22" CONTENT="and" WC="0.89" CC="030"/>
						<SP ID="P148_SP00060" HPOS="480" VPOS="400" WIDTH="15"/>
						<String ID="P148_ST00069" HPOS="495" VPOS="369" WIDTH="96" HEIGHT="23" CONTENT="Roman" WC="0.73" CC="61500"/>
						<SP ID="P148_SP00061" HPOS="591" VPOS="400" WIDTH="16"/>
						<String ID="P148_ST00070" HPOS="607" VPOS="369" WIDTH="131" HEIGHT="28" CONTENT="Catholics," WC="0.83" CC="0006000414"/>
						<SP ID="P148_SP00062" HPOS="738" VPOS="400" WIDTH="14"/>
						<String ID="P148_ST00071" HPOS="752" VPOS="369" WIDTH="38" HEIGHT="22" CONTENT="for" WC="0.63" CC="064"/>
						<SP ID="P148_SP00063" HPOS="790" VPOS="400" WIDTH="16"/>
						<String ID="P148_ST00072" HPOS="806" VPOS="372" WIDTH="111" HEIGHT="27" CONTENT="amongst" WC="0.62" CC="0945050"/>
					</TextLine>
					<TextLine ID="P148_TL00010" HPOS="72" VPOS="402" WIDTH="845" HEIGHT="32">
						<String ID="P148_ST00073" HPOS="72" VPOS="403" WIDTH="41" HEIGHT="23" CONTENT="the" WC="1.00" CC="000"/>
						<SP ID="P148_SP00064" HPOS="113" VPOS="426" WIDTH="19"/>
						<String ID="P148_ST00074" HPOS="132" VPOS="403" WIDTH="114" HEIGHT="31" CONTENT="offerings" WC="0.80" CC="011004602"/>
						<SP ID="P148_SP00065" HPOS="246" VPOS="434" WIDTH="18"/>
						<String ID="P148_ST00075" HPOS="264" VPOS="411" WIDTH="40" HEIGHT="15" CONTENT="are" WC="0.76" CC="070"/>
						<SP ID="P148_SP00066" HPOS="304" VPOS="434" WIDTH="19"/>
						<String ID="P148_ST00076" HPOS="323" VPOS="406" WIDTH="25" HEIGHT="20" CONTENT="to" WC="1.00" CC="00"/>
						<SP ID="P148_SP00067" HPOS="348" VPOS="434" WIDTH="18"/>
						<String ID="P148_ST00077" HPOS="366" VPOS="403" WIDTH="31" HEIGHT="23" CONTENT="be" WC="0.70" CC="60"/>
						<SP ID="P148_SP00068" HPOS="397" VPOS="434" WIDTH="19"/>
						<String ID="P148_ST00078" HPOS="416" VPOS="402" WIDTH="75" HEIGHT="24" CONTENT="found" WC="0.82" CC="30050"/>
						<SP ID="P148_SP00069" HPOS="491" VPOS="434" WIDTH="20"/>
						<String ID="P148_ST00079" HPOS="511" VPOS="402" WIDTH="105" HEIGHT="32" CONTENT="grateful" WC="0.75" CC="06050250"/>
						<SP ID="P148_SP00070" HPOS="616" VPOS="434" WIDTH="19"/>
						<String ID="P148_ST00080" HPOS="635" VPOS="403" WIDTH="149" HEIGHT="22" CONTENT="testimonies" WC="0.81" CC="50201004501"/>
						<SP ID="P148_SP00071" HPOS="784" VPOS="434" WIDTH="18"/>
						<String ID="P148_ST00081" HPOS="802" VPOS="402" WIDTH="61" HEIGHT="23" CONTENT="from" WC="0.75" CC="0306"/>
						<SP ID="P148_SP00072" HPOS="863" VPOS="434" WIDTH="14"/>
						<String ID="P148_ST00082" HPOS="877" VPOS="403" WIDTH="40" HEIGHT="22" CONTENT="the" WC="0.86" CC="400"/>
					</TextLine>
					<TextLine ID="P148_TL00011" HPOS="72" VPOS="436" WIDTH="845" HEIGHT="32">
						<String ID="P148_ST00083" HPOS="72" VPOS="437" WIDTH="104" HEIGHT="31" CONTENT="patients" WC="0.78" CC="01004603"/>
						<SP ID="P148_SP00073" HPOS="176" VPOS="468" WIDTH="19"/>
						<String ID="P148_ST00084" HPOS="195" VPOS="436" WIDTH="28" HEIGHT="23" CONTENT="of" WC="0.96" CC="00"/>
						<SP ID="P148_SP00074" HPOS="223" VPOS="468" WIDTH="14"/>
						<String ID="P148_ST00085" HPOS="237" VPOS="437" WIDTH="60" HEIGHT="23" CONTENT="each" WC="1.00" CC="0000"/>
						<SP ID="P148_SP00075" HPOS="297" VPOS="468" WIDTH="19"/>
						<String ID="P148_ST00086" HPOS="316" VPOS="436" WIDTH="126" HEIGHT="32" CONTENT='religion."' WC="0.85" CC="4053010000"/>
						<SP ID="P148_SP00076" HPOS="442" VPOS="468" WIDTH="43"/>
						<String ID="P148_ST00087" HPOS="485" VPOS="436" WIDTH="12" HEIGHT="23" CONTENT="I" WC="1.00" CC="0"/>
						<SP ID="P148_SP00077" HPOS="497" VPOS="468" WIDTH="19"/>
						<String ID="P148_ST00088" HPOS="516" VPOS="444" WIDTH="39" HEIGHT="15" CONTENT="am" WC="0.81" CC="03"/>
						<SP ID="P148_SP00078" HPOS="555" VPOS="468" WIDTH="19"/>
						<String ID="P148_ST00089" HPOS="574" VPOS="436" WIDTH="82" HEIGHT="31" CONTENT="happy" WC="0.67" CC="70008"/>
						<SP ID="P148_SP00079" HPOS="656" VPOS="468" WIDTH="21"/>
						<String ID="P148_ST00090" HPOS="677" VPOS="440" WIDTH="24" HEIGHT="19" CONTENT="to" WC="0.75" CC="04"/>
						<SP ID="P148_SP00080" HPOS="701" VPOS="468" WIDTH="22"/>
						<String ID="P148_ST00091" HPOS="723" VPOS="436" WIDTH="59" HEIGHT="24" CONTENT="hear" WC="0.74" CC="4005"/>
						<SP ID="P148_SP00081" HPOS="782" VPOS="468" WIDTH="20"/>
						<String ID="P148_ST00092" HPOS="802" VPOS="436" WIDTH="53" HEIGHT="23" CONTENT="that" WC="0.71" CC="0605"/>
						<SP ID="P148_SP00082" HPOS="855" VPOS="468" WIDTH="21"/>
						<String ID="P148_ST00093" HPOS="876" VPOS="436" WIDTH="41" HEIGHT="23" CONTENT="the" WC="0.66" CC="270"/>
					</TextLine>
					<TextLine ID="P148_TL00012" HPOS="71" VPOS="470" WIDTH="846" HEIGHT="32">
						<String ID="P148_ST00094" HPOS="71" VPOS="471" WIDTH="63" HEIGHT="22" CONTENT="saint" WC="0.85" CC="30040"/>
						<SP ID="P148_SP00083" HPOS="134" VPOS="493" WIDTH="19"/>
						<String ID="P148_ST00095" HPOS="153" VPOS="471" WIDTH="18" HEIGHT="22" CONTENT="is" WC="0.62" CC="34"/>
						<SP ID="P148_SP00084" HPOS="171" VPOS="493" WIDTH="19"/>
						<String ID="P148_ST00096" HPOS="190" VPOS="470" WIDTH="28" HEIGHT="23" CONTENT="of" WC="0.86" CC="20"/>
						<SP ID="P148_SP00085" HPOS="218" VPOS="493" WIDTH="10"/>
						<String ID="P148_ST00097" HPOS="228" VPOS="479" WIDTH="40" HEIGHT="23" CONTENT="myr" WC="0.42" CC="907"/>
						<SP ID="P148_SP00086" HPOS="268" VPOS="502" WIDTH="13"/>
						<String ID="P148_ST00098" HPOS="281" VPOS="479" WIDTH="52" HEIGHT="23" CONTENT="way" WC="1.00" CC="000"/>
						<SP ID="P148_SP00087" HPOS="333" VPOS="502" WIDTH="14"/>
						<String ID="P148_ST00099" HPOS="347" VPOS="470" WIDTH="27" HEIGHT="23" CONTENT="of" WC="0.41" CC="19"/>
						<SP ID="P148_SP00088" HPOS="374" VPOS="502" WIDTH="8"/>
						<String ID="P148_ST00100" HPOS="382" VPOS="470" WIDTH="120" HEIGHT="32" CONTENT="thinking." WC="0.65" CC="474603400"/>
						<SP ID="P148_SP00089" HPOS="502" VPOS="502" WIDTH="37"/>
						<String ID="P148_ST00101" HPOS="539" VPOS="470" WIDTH="12" HEIGHT="23" CONTENT="I" WC="0.97" CC="0"/>
						<SP ID="P148_SP00090" HPOS="551" VPOS="502" WIDTH="14"/>
						<String ID="P148_ST00102" HPOS="565" VPOS="470" WIDTH="46" HEIGHT="23" CONTENT="will" WC="0.94" CC="0002"/>
						<SP ID="P148_SP00091" HPOS="611" VPOS="502" WIDTH="13"/>
						<String ID="P148_ST00103" HPOS="624" VPOS="478" WIDTH="47" HEIGHT="24" CONTENT="pay" WC="0.73" CC="007"/>
						<SP ID="P148_SP00092" HPOS="671" VPOS="502" WIDTH="14"/>
						<String ID="P148_ST00104" HPOS="685" VPOS="470" WIDTH="103" HEIGHT="32" CONTENT="especial" WC="0.85" CC="00000136"/>
						<SP ID="P148_SP00093" HPOS="788" VPOS="502" WIDTH="13"/>
						<String ID="P148_ST00105" HPOS="801" VPOS="470" WIDTH="116" HEIGHT="23" CONTENT="devotion" WC="0.68" CC="00919003"/>
					</TextLine>
					<TextLine ID="P148_TL00013" HPOS="71" VPOS="503" WIDTH="846" HEIGHT="33">
						<String ID="P148_ST00106" HPOS="71" VPOS="507" WIDTH="25" HEIGHT="20" CONTENT="to" WC="1.00" CC="00"/>
						<SP ID="P148_SP00094" HPOS="96" VPOS="527" WIDTH="11"/>
						<String ID="P148_ST00107" HPOS="107" VPOS="504" WIDTH="42" HEIGHT="23" CONTENT="her" WC="0.64" CC="603"/>
						<SP ID="P148_SP00095" HPOS="149" VPOS="527" WIDTH="13"/>
						<String ID="P148_ST00108" HPOS="162" VPOS="504" WIDTH="37" HEIGHT="23" CONTENT="for" WC="0.82" CC="004"/>
						<SP ID="P148_SP00096" HPOS="199" VPOS="527" WIDTH="10"/>
						<String ID="P148_ST00109" HPOS="209" VPOS="505" WIDTH="40" HEIGHT="22" CONTENT="the" WC="0.83" CC="031"/>
						<SP ID="P148_SP00097" HPOS="249" VPOS="527" WIDTH="10"/>
						<String ID="P148_ST00110" HPOS="259" VPOS="504" WIDTH="91" HEIGHT="29" CONTENT="future," WC="0.61" CC="4637400"/>
						<SP ID="P148_SP00098" HPOS="350" VPOS="533" WIDTH="13"/>
						<String ID="P148_ST00111" HPOS="363" VPOS="505" WIDTH="47" HEIGHT="22" CONTENT="and" WC="0.89" CC="003"/>
						<SP ID="P148_SP00099" HPOS="410" VPOS="533" WIDTH="14"/>
						<String ID="P148_ST00112" HPOS="424" VPOS="513" WIDTH="49" HEIGHT="22" CONTENT="say," WC="0.94" CC="2000"/>
						<SP ID="P148_SP00100" HPOS="473" VPOS="535" WIDTH="14"/>
						<String ID="P148_ST00113" HPOS="487" VPOS="513" WIDTH="26" HEIGHT="14" CONTENT="as" WC="0.25" CC="95"/>
						<SP ID="P148_SP00101" HPOS="513" VPOS="535" WIDTH="10"/>
						<String ID="P148_ST00114" HPOS="523" VPOS="504" WIDTH="10" HEIGHT="23" CONTENT="I" WC="0.64" CC="3"/>
						<SP ID="P148_SP00102" HPOS="533" VPOS="535" WIDTH="12"/>
						<String ID="P148_ST00115" HPOS="545" VPOS="504" WIDTH="31" HEIGHT="23" CONTENT="do" WC="1.00" CC="00"/>
						<SP ID="P148_SP00103" HPOS="576" VPOS="535" WIDTH="14"/>
						<String ID="P148_ST00116" HPOS="590" VPOS="512" WIDTH="62" HEIGHT="20" CONTENT="now," WC="0.90" CC="3000"/>
						<SP ID="P148_SP00104" HPOS="652" VPOS="535" WIDTH="16"/>
						<String ID="P148_ST00117" HPOS="668" VPOS="503" WIDTH="94" HEIGHT="25" CONTENT="Sancta" WC="0.85" CC="004003"/>
						<SP ID="P148_SP00105" HPOS="762" VPOS="535" WIDTH="17"/>
						<String ID="P148_ST00118" HPOS="779" VPOS="504" WIDTH="138" HEIGHT="32" CONTENT="Wenefrede" WC="0.72" CC="059000018"/>
					</TextLine>
					<TextLine ID="P148_TL00014" HPOS="71" VPOS="537" WIDTH="844" HEIGHT="32">
						<String ID="P148_ST00119" HPOS="71" VPOS="546" WIDTH="44" HEIGHT="15" CONTENT="ora" WC="0.91" CC="200"/>
						<SP ID="P148_SP00106" HPOS="115" VPOS="561" WIDTH="9"/>
						<String ID="P148_ST00120" HPOS="124" VPOS="546" WIDTH="48" HEIGHT="23" CONTENT="pro" WC="0.72" CC="800"/>
						<SP ID="P148_SP00107" HPOS="172" VPOS="569" WIDTH="11"/>
						<String ID="P148_ST00121" HPOS="183" VPOS="537" WIDTH="75" HEIGHT="24" CONTENT="nobis." WC="0.65" CC="804502"/>
						<SP ID="P148_SP00108" HPOS="258" VPOS="569" WIDTH="37"/>
						<String ID="P148_ST00122" HPOS="295" VPOS="538" WIDTH="53" HEIGHT="24" CONTENT="The" WC="0.84" CC="040"/>
						<SP ID="P148_SP00109" HPOS="348" VPOS="569" WIDTH="20"/>
						<String ID="P148_ST00123" HPOS="368" VPOS="538" WIDTH="91" HEIGHT="24" CONTENT="Gothic" WC="0.87" CC="015000"/>
						<SP ID="P148_SP00110" HPOS="459" VPOS="569" WIDTH="13"/>
						<String ID="P148_ST00124" HPOS="472" VPOS="538" WIDTH="89" HEIGHT="23" CONTENT="arched" WC="0.82" CC="040600"/>
						<SP ID="P148_SP00111" HPOS="561" VPOS="569" WIDTH="16"/>
						<String ID="P148_ST00125" HPOS="577" VPOS="546" WIDTH="94" HEIGHT="23" CONTENT="canopy" WC="0.66" CC="003690"/>
						<SP ID="P148_SP00112" HPOS="671" VPOS="569" WIDTH="14"/>
						<String ID="P148_ST00126" HPOS="685" VPOS="538" WIDTH="28" HEIGHT="24" CONTENT="of" WC="0.79" CC="04"/>
						<SP ID="P148_SP00113" HPOS="713" VPOS="569" WIDTH="10"/>
						<String ID="P148_ST00127" HPOS="723" VPOS="539" WIDTH="47" HEIGHT="22" CONTENT="this" WC="0.64" CC="6016"/>
						<SP ID="P148_SP00114" HPOS="770" VPOS="569" WIDTH="17"/>
						<String ID="P148_ST00128" HPOS="787" VPOS="538" WIDTH="128" HEIGHT="23" CONTENT="far-famed" WC="0.87" CC="007000400"/>
					</TextLine>
					<TextLine ID="P148_TL00015" HPOS="71" VPOS="571" WIDTH="844" HEIGHT="32">
						<String ID="P148_ST00129" HPOS="71" VPOS="572" WIDTH="53" HEIGHT="23" CONTENT="well" WC="0.98" CC="0000"/>
						<SP ID="P148_SP00115" HPOS="124" VPOS="595" WIDTH="11"/>
						<String ID="P148_ST00130" HPOS="135" VPOS="573" WIDTH="75" HEIGHT="26" CONTENT="dates," WC="0.80" CC="001063"/>
						<SP ID="P148_SP00116" HPOS="210" VPOS="599" WIDTH="11"/>
						<String ID="P148_ST00131" HPOS="221" VPOS="573" WIDTH="18" HEIGHT="22" CONTENT="it" WC="0.82" CC="03"/>
						<SP ID="P148_SP00117" HPOS="239" VPOS="599" WIDTH="11"/>
						<String ID="P148_ST00132" HPOS="250" VPOS="572" WIDTH="19" HEIGHT="22" CONTENT="is" WC="0.79" CC="40"/>
						<SP ID="P148_SP00118" HPOS="269" VPOS="599" WIDTH="9"/>
						<String ID="P148_ST00133" HPOS="278" VPOS="572" WIDTH="112" HEIGHT="30" CONTENT="thought," WC="0.84" CC="27030000"/>
						<SP ID="P148_SP00119" HPOS="390" VPOS="602" WIDTH="11"/>
						<String ID="P148_ST00134" HPOS="401" VPOS="572" WIDTH="62" HEIGHT="23" CONTENT="from" WC="0.71" CC="0514"/>
						<SP ID="P148_SP00120" HPOS="463" VPOS="602" WIDTH="12"/>
						<String ID="P148_ST00135" HPOS="475" VPOS="573" WIDTH="39" HEIGHT="22" CONTENT="the" WC="0.80" CC="410"/>
						<SP ID="P148_SP00121" HPOS="514" VPOS="602" WIDTH="9"/>
						<String ID="P148_ST00136" HPOS="523" VPOS="571" WIDTH="109" HEIGHT="24" CONTENT="fifteenth" WC="0.69" CC="007600265"/>
						<SP ID="P148_SP00122" HPOS="632" VPOS="602" WIDTH="12"/>
						<String ID="P148_ST00137" HPOS="644" VPOS="575" WIDTH="110" HEIGHT="28" CONTENT="century." WC="0.87" CC="00604000"/>
						<SP ID="P148_SP00123" HPOS="754" VPOS="603" WIDTH="19"/>
						<String ID="P148_ST00138" HPOS="773" VPOS="572" WIDTH="82" HEIGHT="23" CONTENT="There" WC="0.84" CC="02050"/>
						<SP ID="P148_SP00124" HPOS="855" VPOS="603" WIDTH="10"/>
						<String ID="P148_ST00139" HPOS="865" VPOS="572" WIDTH="26" HEIGHT="28" CONTENT="is," WC="0.67" CC="170"/>
						<SP ID="P148_SP00125" HPOS="891" VPOS="603" WIDTH="11"/>
						<String ID="P148_ST00140" HPOS="902" VPOS="571" WIDTH="13" HEIGHT="24" CONTENT="I" WC="1.00" CC="0"/>
					</TextLine>
					<TextLine ID="P148_TL00016" HPOS="70" VPOS="605" WIDTH="846" HEIGHT="31">
						<String ID="P148_ST00141" HPOS="70" VPOS="606" WIDTH="92" HEIGHT="27" CONTENT="learn,*" WC="0.67" CC="4053314"/>
						<SP ID="P148_SP00126" HPOS="162" VPOS="633" WIDTH="15"/>
						<String ID="P148_ST00142" HPOS="177" VPOS="606" WIDTH="49" HEIGHT="22" CONTENT='"in' WC="0.73" CC="312"/>
						<SP ID="P148_SP00127" HPOS="226" VPOS="633" WIDTH="13"/>
						<String ID="P148_ST00143" HPOS="239" VPOS="613" WIDTH="46" HEIGHT="16" CONTENT="one" WC="0.83" CC="040"/>
						<SP ID="P148_SP00128" HPOS="285" VPOS="633" WIDTH="13"/>
						<String ID="P148_ST00144" HPOS="298" VPOS="605" WIDTH="77" HEIGHT="24" CONTENT="ofthe" WC="0.87" CC="00060"/>
						<SP ID="P148_SP00129" HPOS="375" VPOS="633" WIDTH="15"/>
						<String ID="P148_ST00145" HPOS="390" VPOS="609" WIDTH="110" HEIGHT="20" CONTENT="sweetest" WC="0.77" CC="30008060"/>
						<SP ID="P148_SP00130" HPOS="500" VPOS="633" WIDTH="13"/>
						<String ID="P148_ST00146" HPOS="513" VPOS="606" WIDTH="90" HEIGHT="30" CONTENT="valleys" WC="0.78" CC="0440105"/>
						<SP ID="P148_SP00131" HPOS="603" VPOS="636" WIDTH="13"/>
						<String ID="P148_ST00147" HPOS="616" VPOS="607" WIDTH="24" HEIGHT="22" CONTENT="in" WC="0.67" CC="33"/>
						<SP ID="P148_SP00132" HPOS="640" VPOS="636" WIDTH="16"/>
						<String ID="P148_ST00148" HPOS="656" VPOS="606" WIDTH="187" HEIGHT="30" CONTENT="Denbighshire," WC="0.79" CC="0062006150200"/>
						<SP ID="P148_SP00133" HPOS="843" VPOS="636" WIDTH="14"/>
						<String ID="P148_ST00149" HPOS="857" VPOS="613" WIDTH="59" HEIGHT="16" CONTENT="near" WC="0.65" CC="5403"/>
					</TextLine>
					<TextLine ID="P148_TL00017" HPOS="70" VPOS="639" WIDTH="844" HEIGHT="31">
						<String ID="P148_ST00150" HPOS="70" VPOS="642" WIDTH="25" HEIGHT="20" CONTENT="to" WC="0.93" CC="00"/>
						<SP ID="P148_SP00134" HPOS="95" VPOS="662" WIDTH="23"/>
						<String ID="P148_ST00151" HPOS="118" VPOS="640" WIDTH="79" HEIGHT="22" CONTENT="where" WC="0.86" CC="06000"/>
						<SP ID="P148_SP00135" HPOS="197" VPOS="662" WIDTH="18"/>
						<String ID="P148_ST00152" HPOS="215" VPOS="640" WIDTH="41" HEIGHT="22" CONTENT="the" WC="0.79" CC="060"/>
						<SP ID="P148_SP00136" HPOS="256" VPOS="662" WIDTH="20"/>
						<String ID="P148_ST00153" HPOS="276" VPOS="639" WIDTH="76" HEIGHT="31" CONTENT="Elwy," WC="0.80" CC="00900"/>
						<SP ID="P148_SP00137" HPOS="352" VPOS="670" WIDTH="19"/>
						<String ID="P148_ST00154" HPOS="371" VPOS="639" WIDTH="60" HEIGHT="23" CONTENT="after" WC="0.84" CC="00105"/>
						<SP ID="P148_SP00138" HPOS="431" VPOS="670" WIDTH="18"/>
						<String ID="P148_ST00155" HPOS="449" VPOS="640" WIDTH="125" HEIGHT="30" CONTENT="emerging" WC="0.81" CC="20000570"/>
						<SP ID="P148_SP00139" HPOS="574" VPOS="670" WIDTH="18"/>
						<String ID="P148_ST00156" HPOS="592" VPOS="639" WIDTH="62" HEIGHT="23" CONTENT="from" WC="0.75" CC="0540"/>
						<SP ID="P148_SP00140" HPOS="654" VPOS="670" WIDTH="20"/>
						<String ID="P148_ST00157" HPOS="674" VPOS="640" WIDTH="40" HEIGHT="22" CONTENT="the" WC="0.76" CC="070"/>
						<SP ID="P148_SP00141" HPOS="714" VPOS="670" WIDTH="20"/>
						<String ID="P148_ST00158" HPOS="734" VPOS="640" WIDTH="84" HEIGHT="22" CONTENT="bosom" WC="0.87" CC="00204"/>
						<SP ID="P148_SP00142" HPOS="818" VPOS="670" WIDTH="19"/>
						<String ID="P148_ST00159" HPOS="837" VPOS="640" WIDTH="28" HEIGHT="22" CONTENT="of" WC="0.98" CC="00"/>
						<SP ID="P148_SP00143" HPOS="865" VPOS="670" WIDTH="8"/>
						<String ID="P148_ST00160" HPOS="873" VPOS="640" WIDTH="41" HEIGHT="22" CONTENT="the" WC="1.00" CC="000"/>
					</TextLine>
					<TextLine ID="P148_TL00018" HPOS="70" VPOS="673" WIDTH="842" HEIGHT="31">
						<String ID="P148_ST00161" HPOS="70" VPOS="673" WIDTH="62" HEIGHT="27" CONTENT="hills," WC="0.74" CC="602050"/>
						<SP ID="P148_SP00144" HPOS="132" VPOS="700" WIDTH="28"/>
						<String ID="P148_ST00162" HPOS="160" VPOS="673" WIDTH="82" HEIGHT="22" CONTENT="makes" WC="0.83" CC="60002"/>
						<SP ID="P148_SP00145" HPOS="242" VPOS="700" WIDTH="27"/>
						<String ID="P148_ST00163" HPOS="269" VPOS="673" WIDTH="29" HEIGHT="22" CONTENT="its" WC="0.84" CC="004"/>
						<SP ID="P148_SP00146" HPOS="298" VPOS="700" WIDTH="23"/>
						<String ID="P148_ST00164" HPOS="321" VPOS="680" WIDTH="53" HEIGHT="23" CONTENT="way" WC="1.00" CC="000"/>
						<SP ID="P148_SP00147" HPOS="374" VPOS="703" WIDTH="20"/>
						<String ID="P148_ST00165" HPOS="394" VPOS="673" WIDTH="50" HEIGHT="22" CONTENT="into" WC="0.88" CC="4000"/>
						<SP ID="P148_SP00148" HPOS="444" VPOS="703" WIDTH="19"/>
						<String ID="P148_ST00166" HPOS="463" VPOS="673" WIDTH="40" HEIGHT="22" CONTENT="the" WC="0.84" CC="400"/>
						<SP ID="P148_SP00149" HPOS="503" VPOS="703" WIDTH="20"/>
						<String ID="P148_ST00167" HPOS="523" VPOS="673" WIDTH="52" HEIGHT="22" CONTENT="vale" WC="0.98" CC="0000"/>
						<SP ID="P148_SP00150" HPOS="575" VPOS="703" WIDTH="20"/>
						<String ID="P148_ST00168" HPOS="595" VPOS="673" WIDTH="29" HEIGHT="22" CONTENT="of" WC="1.00" CC="00"/>
						<SP ID="P148_SP00151" HPOS="624" VPOS="703" WIDTH="15"/>
						<String ID="P148_ST00169" HPOS="639" VPOS="673" WIDTH="91" HEIGHT="27" CONTENT='Clwd,"' WC="0.85" CC="060020"/>
						<SP ID="P148_SP00152" HPOS="730" VPOS="703" WIDTH="28"/>
						<String ID="P148_ST00170" HPOS="758" VPOS="681" WIDTH="15" HEIGHT="15" CONTENT="a" WC="1.00" CC="0"/>
						<SP ID="P148_SP00153" HPOS="773" VPOS="703" WIDTH="28"/>
						<String ID="P148_ST00171" HPOS="801" VPOS="673" WIDTH="111" HEIGHT="31" CONTENT="Ffynnon" WC="0.64" CC="0490513"/>
					</TextLine>
					<TextLine ID="P148_TL00019" HPOS="71" VPOS="706" WIDTH="843" HEIGHT="31">
						<String ID="P148_ST00172" HPOS="71" VPOS="706" WIDTH="68" HEIGHT="28" CONTENT="Vair," WC="0.75" CC="90020"/>
						<SP ID="P148_SP00154" HPOS="139" VPOS="734" WIDTH="14"/>
						<String ID="P148_ST00173" HPOS="153" VPOS="706" WIDTH="101" HEIGHT="23" CONTENT="another" WC="0.90" CC="0003002"/>
						<SP ID="P148_SP00155" HPOS="254" VPOS="734" WIDTH="12"/>
						<String ID="P148_ST00174" HPOS="266" VPOS="706" WIDTH="56" HEIGHT="31" CONTENT="holy" WC="0.84" CC="6000"/>
						<SP ID="P148_SP00156" HPOS="322" VPOS="737" WIDTH="14"/>
						<String ID="P148_ST00175" HPOS="336" VPOS="706" WIDTH="59" HEIGHT="23" CONTENT="well." WC="0.99" CC="00000"/>
						<SP ID="P148_SP00157" HPOS="395" VPOS="737" WIDTH="38"/>
						<String ID="P148_ST00176" HPOS="433" VPOS="706" WIDTH="53" HEIGHT="23" CONTENT="The" WC="0.83" CC="050"/>
						<SP ID="P148_SP00158" HPOS="486" VPOS="737" WIDTH="18"/>
						<String ID="P148_ST00177" HPOS="504" VPOS="706" WIDTH="86" HEIGHT="23" CONTENT="ruined" WC="0.68" CC="530630"/>
						<SP ID="P148_SP00159" HPOS="590" VPOS="737" WIDTH="17"/>
						<String ID="P148_ST00178" HPOS="607" VPOS="706" WIDTH="84" HEIGHT="31" CONTENT="chapel" WC="0.88" CC="060000"/>
						<SP ID="P148_SP00160" HPOS="691" VPOS="737" WIDTH="13"/>
						<String ID="P148_ST00179" HPOS="704" VPOS="706" WIDTH="79" HEIGHT="24" CONTENT="which" WC="0.88" CC="00006"/>
						<SP ID="P148_SP00161" HPOS="783" VPOS="737" WIDTH="14"/>
						<String ID="P148_ST00180" HPOS="797" VPOS="715" WIDTH="85" HEIGHT="15" CONTENT="covers" WC="0.80" CC="000650"/>
						<SP ID="P148_SP00162" HPOS="882" VPOS="737" WIDTH="13"/>
						<String ID="P148_ST00181" HPOS="895" VPOS="707" WIDTH="19" HEIGHT="23" CONTENT="it" WC="0.71" CC="05"/>
					</TextLine>
					<TextLine ID="P148_TL00020" HPOS="70" VPOS="739" WIDTH="842" HEIGHT="33">
						<String ID="P148_ST00182" HPOS="70" VPOS="740" WIDTH="20" HEIGHT="22" CONTENT="is" WC="0.50" CC="45"/>
						<SP ID="P148_SP00163" HPOS="90" VPOS="762" WIDTH="19"/>
						<String ID="P148_ST00183" HPOS="109" VPOS="740" WIDTH="127" HEIGHT="23" CONTENT="dedicated" WC="0.92" CC="000006000"/>
						<SP ID="P148_SP00164" HPOS="236" VPOS="763" WIDTH="12"/>
						<String ID="P148_ST00184" HPOS="248" VPOS="743" WIDTH="25" HEIGHT="19" CONTENT="to" WC="1.00" CC="00"/>
						<SP ID="P148_SP00165" HPOS="273" VPOS="763" WIDTH="13"/>
						<String ID="P148_ST00185" HPOS="286" VPOS="740" WIDTH="40" HEIGHT="22" CONTENT="the" WC="0.75" CC="070"/>
						<SP ID="P148_SP00166" HPOS="326" VPOS="763" WIDTH="16"/>
						<String ID="P148_ST00186" HPOS="342" VPOS="739" WIDTH="97" HEIGHT="23" CONTENT="Blessed" WC="0.93" CC="0000400"/>
						<SP ID="P148_SP00167" HPOS="439" VPOS="763" WIDTH="13"/>
						<String ID="P148_ST00187" HPOS="452" VPOS="739" WIDTH="70" HEIGHT="32" CONTENT="Lady" WC="0.92" CC="3000"/>
						<SP ID="P148_SP00168" HPOS="522" VPOS="771" WIDTH="11"/>
						<String ID="P148_ST00188" HPOS="533" VPOS="750" WIDTH="5" HEIGHT="17" CONTENT=";" WC="1.00" CC="0"/>
						<SP ID="P148_SP00169" HPOS="538" VPOS="771" WIDTH="19"/>
						<String ID="P148_ST00189" HPOS="557" VPOS="740" WIDTH="46" HEIGHT="22" CONTENT="and" WC="0.70" CC="260"/>
						<SP ID="P148_SP00170" HPOS="603" VPOS="771" WIDTH="15"/>
						<String ID="P148_ST00190" HPOS="618" VPOS="740" WIDTH="22" HEIGHT="22" CONTENT="in" WC="0.73" CC="05"/>
						<SP ID="P148_SP00171" HPOS="640" VPOS="771" WIDTH="14"/>
						<String ID="P148_ST00191" HPOS="654" VPOS="740" WIDTH="41" HEIGHT="23" CONTENT="the" WC="1.00" CC="000"/>
						<SP ID="P148_SP00172" HPOS="695" VPOS="771" WIDTH="18"/>
						<String ID="P148_ST00192" HPOS="713" VPOS="741" WIDTH="99" HEIGHT="31" CONTENT="opinion" WC="0.69" CC="3045007"/>
						<SP ID="P148_SP00173" HPOS="812" VPOS="772" WIDTH="18"/>
						<String ID="P148_ST00193" HPOS="830" VPOS="740" WIDTH="28" HEIGHT="23" CONTENT="of" WC="1.00" CC="00"/>
						<SP ID="P148_SP00174" HPOS="858" VPOS="772" WIDTH="14"/>
						<String ID="P148_ST00194" HPOS="872" VPOS="741" WIDTH="40" HEIGHT="22" CONTENT="the" WC="0.76" CC="070"/>
					</TextLine>
					<TextLine ID="P148_TL00021" HPOS="69" VPOS="773" WIDTH="843" HEIGHT="32">
						<String ID="P148_ST00195" HPOS="69" VPOS="774" WIDTH="88" HEIGHT="22" CONTENT="author" WC="0.56" CC="045429"/>
						<SP ID="P148_SP00175" HPOS="157" VPOS="796" WIDTH="13"/>
						<String ID="P148_ST00196" HPOS="170" VPOS="773" WIDTH="27" HEIGHT="23" CONTENT="of" WC="1.00" CC="00"/>
						<SP ID="P148_SP00176" HPOS="197" VPOS="796" WIDTH="9"/>
						<String ID="P148_ST00197" HPOS="206" VPOS="774" WIDTH="48" HEIGHT="22" CONTENT="this" WC="0.63" CC="0517"/>
						<SP ID="P148_SP00177" HPOS="254" VPOS="796" WIDTH="12"/>
						<String ID="P148_ST00198" HPOS="266" VPOS="773" WIDTH="122" HEIGHT="31" CONTENT="elegantly" WC="0.63" CC="000406659"/>
						<SP ID="P148_SP00178" HPOS="388" VPOS="804" WIDTH="13"/>
						<String ID="P148_ST00199" HPOS="401" VPOS="773" WIDTH="94" HEIGHT="23" CONTENT="written" WC="0.64" CC="0427505"/>
						<SP ID="P148_SP00179" HPOS="495" VPOS="804" WIDTH="19"/>
						<String ID="P148_ST00200" HPOS="514" VPOS="773" WIDTH="47" HEIGHT="23" CONTENT="and" WC="0.80" CC="060"/>
						<SP ID="P148_SP00180" HPOS="561" VPOS="804" WIDTH="19"/>
						<String ID="P148_ST00201" HPOS="580" VPOS="773" WIDTH="89" HEIGHT="32" CONTENT="feeling" WC="0.96" CC="0000110"/>
						<SP ID="P148_SP00181" HPOS="669" VPOS="805" WIDTH="13"/>
						<String ID="P148_ST00202" HPOS="682" VPOS="775" WIDTH="174" HEIGHT="27" CONTENT="contribution," WC="0.78" CC="0035515012003"/>
						<SP ID="P148_SP00182" HPOS="856" VPOS="805" WIDTH="14"/>
						<String ID="P148_ST00203" HPOS="870" VPOS="774" WIDTH="42" HEIGHT="23" CONTENT="has" WC="0.64" CC="703"/>
					</TextLine>
					<TextLine ID="P148_TL00022" HPOS="70" VPOS="807" WIDTH="841" HEIGHT="28">
						<String ID="P148_ST00204" HPOS="70" VPOS="807" WIDTH="61" HEIGHT="23" CONTENT="been" WC="0.88" CC="0004"/>
						<SP ID="P148_SP00183" HPOS="131" VPOS="830" WIDTH="22"/>
						<String ID="P148_ST00205" HPOS="153" VPOS="807" WIDTH="62" HEIGHT="23" CONTENT="built" WC="0.71" CC="50044"/>
						<SP ID="P148_SP00184" HPOS="215" VPOS="830" WIDTH="21"/>
						<String ID="P148_ST00206" HPOS="236" VPOS="810" WIDTH="24" HEIGHT="20" CONTENT="at" WC="1.00" CC="00"/>
						<SP ID="P148_SP00185" HPOS="260" VPOS="830" WIDTH="21"/>
						<String ID="P148_ST00207" HPOS="281" VPOS="807" WIDTH="113" HEIGHT="22" CONTENT="different" WC="0.81" CC="000016080"/>
						<SP ID="P148_SP00186" HPOS="394" VPOS="830" WIDTH="23"/>
						<String ID="P148_ST00208" HPOS="417" VPOS="807" WIDTH="77" HEIGHT="28" CONTENT="times," WC="0.83" CC="002052"/>
						<SP ID="P148_SP00187" HPOS="494" VPOS="835" WIDTH="25"/>
						<String ID="P148_ST00209" HPOS="519" VPOS="807" WIDTH="41" HEIGHT="23" CONTENT="the" WC="0.89" CC="030"/>
						<SP ID="P148_SP00188" HPOS="560" VPOS="835" WIDTH="24"/>
						<String ID="P148_ST00210" HPOS="584" VPOS="807" WIDTH="95" HEIGHT="24" CONTENT="earliest" WC="0.84" CC="00322040"/>
						<SP ID="P148_SP00189" HPOS="679" VPOS="835" WIDTH="23"/>
						<String ID="P148_ST00211" HPOS="702" VPOS="808" WIDTH="62" HEIGHT="23" CONTENT="later" WC="0.84" CC="40003"/>
						<SP ID="P148_SP00190" HPOS="764" VPOS="835" WIDTH="23"/>
						<String ID="P148_ST00212" HPOS="787" VPOS="808" WIDTH="58" HEIGHT="23" CONTENT="than" WC="0.68" CC="0606"/>
						<SP ID="P148_SP00191" HPOS="845" VPOS="835" WIDTH="26"/>
						<String ID="P148_ST00213" HPOS="871" VPOS="808" WIDTH="40" HEIGHT="23" CONTENT="the" WC="0.81" CC="050"/>
					</TextLine>
					<TextLine ID="P148_TL00023" HPOS="70" VPOS="840" WIDTH="215" HEIGHT="30">
						<String ID="P148_ST00214" HPOS="70" VPOS="840" WIDTH="93" HEIGHT="24" CONTENT="twelfth" WC="0.75" CC="0014054"/>
						<SP ID="P148_SP00192" HPOS="163" VPOS="864" WIDTH="13"/>
						<String ID="P148_ST00215" HPOS="176" VPOS="843" WIDTH="109" HEIGHT="27" CONTENT="century." WC="0.66" CC="60624600"/>
					</TextLine>
				</TextBlock>
				<TextBlock ID="P148_TB00004" HPOS="64" VPOS="872" WIDTH="847" HEIGHT="606" STYLEREFS="TXT_1 PAR_LEFT">
					<TextLine ID="P148_TL00024" HPOS="121" VPOS="873" WIDTH="790" HEIGHT="32">
						<String ID="P148_ST00216" HPOS="121" VPOS="874" WIDTH="72" HEIGHT="24" CONTENT="From" WC="0.51" CC="5517"/>
						<SP ID="P148_SP00193" HPOS="193" VPOS="898" WIDTH="18"/>
						<String ID="P148_ST00217" HPOS="211" VPOS="874" WIDTH="67" HEIGHT="23" CONTENT="these" WC="0.82" CC="04210"/>
						<SP ID="P148_SP00194" HPOS="278" VPOS="898" WIDTH="21"/>
						<String ID="P148_ST00218" HPOS="299" VPOS="873" WIDTH="81" HEIGHT="32" CONTENT="lonely" WC="0.65" CC="652050"/>
						<SP ID="P148_SP00195" HPOS="380" VPOS="905" WIDTH="16"/>
						<String ID="P148_ST00219" HPOS="396" VPOS="874" WIDTH="48" HEIGHT="23" CONTENT="and" WC="0.91" CC="020"/>
						<SP ID="P148_SP00196" HPOS="444" VPOS="905" WIDTH="20"/>
						<String ID="P148_ST00220" HPOS="464" VPOS="875" WIDTH="154" HEIGHT="30" CONTENT="sequestered" WC="0.91" CC="00000050400"/>
						<SP ID="P148_SP00197" HPOS="618" VPOS="905" WIDTH="22"/>
						<String ID="P148_ST00221" HPOS="640" VPOS="877" WIDTH="73" HEIGHT="28" CONTENT="spots," WC="0.87" CC="400020"/>
						<SP ID="P148_SP00198" HPOS="713" VPOS="905" WIDTH="20"/>
						<String ID="P148_ST00222" HPOS="733" VPOS="875" WIDTH="12" HEIGHT="23" CONTENT="I" WC="0.55" CC="4"/>
						<SP ID="P148_SP00199" HPOS="745" VPOS="905" WIDTH="18"/>
						<String ID="P148_ST00223" HPOS="763" VPOS="883" WIDTH="54" HEIGHT="22" CONTENT="pass" WC="0.78" CC="0034"/>
						<SP ID="P148_SP00200" HPOS="817" VPOS="905" WIDTH="20"/>
						<String ID="P148_ST00224" HPOS="837" VPOS="883" WIDTH="30" HEIGHT="15" CONTENT="on" WC="0.76" CC="04"/>
						<SP ID="P148_SP00201" HPOS="867" VPOS="905" WIDTH="20"/>
						<String ID="P148_ST00225" HPOS="887" VPOS="878" WIDTH="24" HEIGHT="21" CONTENT="to" WC="0.85" CC="02"/>
					</TextLine>
					<TextLine ID="P148_TL00025" HPOS="70" VPOS="906" WIDTH="841" HEIGHT="33">
						<String ID="P148_ST00226" HPOS="70" VPOS="909" WIDTH="80" HEIGHT="22" CONTENT="others" WC="0.71" CC="005046"/>
						<SP ID="P148_SP00202" HPOS="150" VPOS="931" WIDTH="14"/>
						<String ID="P148_ST00227" HPOS="164" VPOS="909" WIDTH="23" HEIGHT="22" CONTENT="in" WC="0.34" CC="57"/>
						<SP ID="P148_SP00203" HPOS="187" VPOS="931" WIDTH="9"/>
						<String ID="P148_ST00228" HPOS="196" VPOS="908" WIDTH="79" HEIGHT="23" CONTENT="which" WC="0.71" CC="05503"/>
						<SP ID="P148_SP00204" HPOS="275" VPOS="931" WIDTH="12"/>
						<String ID="P148_ST00229" HPOS="287" VPOS="908" WIDTH="38" HEIGHT="23" CONTENT="the" WC="0.76" CC="070"/>
						<SP ID="P148_SP00205" HPOS="325" VPOS="931" WIDTH="13"/>
						<String ID="P148_ST00230" HPOS="338" VPOS="916" WIDTH="65" HEIGHT="15" CONTENT="same" WC="0.80" CC="3040"/>
						<SP ID="P148_SP00206" HPOS="403" VPOS="931" WIDTH="13"/>
						<String ID="P148_ST00231" HPOS="416" VPOS="908" WIDTH="70" HEIGHT="30" CONTENT="spirit" WC="0.89" CC="200300"/>
						<SP ID="P148_SP00207" HPOS="486" VPOS="938" WIDTH="12"/>
						<String ID="P148_ST00232" HPOS="498" VPOS="906" WIDTH="27" HEIGHT="25" CONTENT="of" WC="0.50" CC="09"/>
						<SP ID="P148_SP00208" HPOS="525" VPOS="938" WIDTH="9"/>
						<String ID="P148_ST00233" HPOS="534" VPOS="909" WIDTH="69" HEIGHT="29" CONTENT="pious" WC="0.89" CC="00050"/>
						<SP ID="P148_SP00209" HPOS="603" VPOS="938" WIDTH="13"/>
						<String ID="P148_ST00234" HPOS="616" VPOS="908" WIDTH="156" HEIGHT="24" CONTENT="recollection" WC="0.71" CC="200206304454"/>
						<SP ID="P148_SP00210" HPOS="772" VPOS="938" WIDTH="13"/>
						<String ID="P148_ST00235" HPOS="785" VPOS="909" WIDTH="126" HEIGHT="30" CONTENT="energised" WC="0.80" CC="001002660"/>
					</TextLine>
					<TextLine ID="P148_TL00026" HPOS="69" VPOS="941" WIDTH="842" HEIGHT="31">
						<String ID="P148_ST00236" HPOS="69" VPOS="942" WIDTH="24" HEIGHT="22" CONTENT="in" WC="0.46" CC="46"/>
						<SP ID="P148_SP00211" HPOS="93" VPOS="964" WIDTH="11"/>
						<String ID="P148_ST00237" HPOS="104" VPOS="950" WIDTH="13" HEIGHT="15" CONTENT="a" WC="1.00" CC="0"/>
						<SP ID="P148_SP00212" HPOS="117" VPOS="965" WIDTH="10"/>
						<String ID="P148_ST00238" HPOS="127" VPOS="942" WIDTH="74" HEIGHT="23" CONTENT="wider" WC="0.79" CC="06003"/>
						<SP ID="P148_SP00213" HPOS="201" VPOS="965" WIDTH="8"/>
						<String ID="P148_ST00239" HPOS="209" VPOS="942" WIDTH="93" HEIGHT="30" CONTENT="sphere." WC="0.75" CC="1940001"/>
						<SP ID="P148_SP00214" HPOS="302" VPOS="972" WIDTH="36"/>
						<String ID="P148_ST00240" HPOS="338" VPOS="941" WIDTH="24" HEIGHT="23" CONTENT="It" WC="0.51" CC="36"/>
						<SP ID="P148_SP00215" HPOS="362" VPOS="972" WIDTH="9"/>
						<String ID="P148_ST00241" HPOS="371" VPOS="942" WIDTH="19" HEIGHT="22" CONTENT="is" WC="0.95" CC="01"/>
						<SP ID="P148_SP00216" HPOS="390" VPOS="972" WIDTH="11"/>
						<String ID="P148_ST00242" HPOS="401" VPOS="942" WIDTH="138" HEIGHT="30" CONTENT="impossible" WC="0.65" CC="7000374740"/>
						<SP ID="P148_SP00217" HPOS="539" VPOS="972" WIDTH="13"/>
						<String ID="P148_ST00243" HPOS="552" VPOS="945" WIDTH="25" HEIGHT="20" CONTENT="to" WC="0.76" CC="04"/>
						<SP ID="P148_SP00218" HPOS="577" VPOS="972" WIDTH="13"/>
						<String ID="P148_ST00244" HPOS="590" VPOS="943" WIDTH="57" HEIGHT="22" CONTENT="read" WC="1.00" CC="0000"/>
						<SP ID="P148_SP00219" HPOS="647" VPOS="972" WIDTH="10"/>
						<String ID="P148_ST00245" HPOS="657" VPOS="943" WIDTH="41" HEIGHT="23" CONTENT="the" WC="0.80" CC="060"/>
						<SP ID="P148_SP00220" HPOS="698" VPOS="972" WIDTH="14"/>
						<String ID="P148_ST00246" HPOS="712" VPOS="946" WIDTH="116" HEIGHT="20" CONTENT="accounts" WC="0.82" CC="00104502"/>
						<SP ID="P148_SP00221" HPOS="828" VPOS="972" WIDTH="8"/>
						<String ID="P148_ST00247" HPOS="836" VPOS="942" WIDTH="28" HEIGHT="23" CONTENT="of" WC="0.70" CC="41"/>
						<SP ID="P148_SP00222" HPOS="864" VPOS="972" WIDTH="8"/>
						<String ID="P148_ST00248" HPOS="872" VPOS="943" WIDTH="39" HEIGHT="23" CONTENT="the" WC="0.92" CC="200"/>
					</TextLine>
					<TextLine ID="P148_TL00027" HPOS="69" VPOS="975" WIDTH="842" HEIGHT="32">
						<String ID="P148_ST00249" HPOS="69" VPOS="976" WIDTH="65" HEIGHT="30" CONTENT="early" WC="0.88" CC="00500"/>
						<SP ID="P148_SP00223" HPOS="134" VPOS="1006" WIDTH="15"/>
						<String ID="P148_ST00250" HPOS="149" VPOS="976" WIDTH="116" HEIGHT="23" CONTENT="monastic" WC="0.81" CC="40204300"/>
						<SP ID="P148_SP00224" HPOS="265" VPOS="1006" WIDTH="13"/>
						<String ID="P148_ST00251" HPOS="278" VPOS="975" WIDTH="148" HEIGHT="23" CONTENT="institutions" WC="0.75" CC="570014400060"/>
						<SP ID="P148_SP00225" HPOS="426" VPOS="1006" WIDTH="13"/>
						<String ID="P148_ST00252" HPOS="439" VPOS="976" WIDTH="24" HEIGHT="22" CONTENT="in" WC="0.53" CC="53"/>
						<SP ID="P148_SP00226" HPOS="463" VPOS="1006" WIDTH="14"/>
						<String ID="P148_ST00253" HPOS="477" VPOS="975" WIDTH="89" HEIGHT="28" CONTENT="Wales," WC="0.88" CC="003120"/>
						<SP ID="P148_SP00227" HPOS="566" VPOS="1006" WIDTH="14"/>
						<String ID="P148_ST00254" HPOS="580" VPOS="977" WIDTH="103" HEIGHT="22" CONTENT="without" WC="0.86" CC="0300005"/>
						<SP ID="P148_SP00228" HPOS="683" VPOS="1006" WIDTH="12"/>
						<String ID="P148_ST00255" HPOS="695" VPOS="977" WIDTH="74" HEIGHT="30" CONTENT="being" WC="0.78" CC="00370"/>
						<SP ID="P148_SP00229" HPOS="769" VPOS="1007" WIDTH="13"/>
						<String ID="P148_ST00256" HPOS="782" VPOS="977" WIDTH="83" HEIGHT="22" CONTENT="struck" WC="0.56" CC="609630"/>
						<SP ID="P148_SP00230" HPOS="865" VPOS="1007" WIDTH="13"/>
						<String ID="P148_ST00257" HPOS="878" VPOS="977" WIDTH="33" HEIGHT="30" CONTENT="by" WC="0.70" CC="60"/>
					</TextLine>
					<TextLine ID="P148_TL00028" HPOS="68" VPOS="1008" WIDTH="842" HEIGHT="33">
						<String ID="P148_ST00258" HPOS="68" VPOS="1010" WIDTH="42" HEIGHT="22" CONTENT="the" WC="0.93" CC="020"/>
						<SP ID="P148_SP00231" HPOS="110" VPOS="1032" WIDTH="11"/>
						<String ID="P148_ST00259" HPOS="121" VPOS="1010" WIDTH="122" HEIGHT="29" CONTENT="grandeur" WC="0.86" CC="06000004"/>
						<SP ID="P148_SP00232" HPOS="243" VPOS="1039" WIDTH="8"/>
						<String ID="P148_ST00260" HPOS="251" VPOS="1008" WIDTH="28" HEIGHT="24" CONTENT="of" WC="0.81" CC="30"/>
						<SP ID="P148_SP00233" HPOS="279" VPOS="1039" WIDTH="8"/>
						<String ID="P148_ST00261" HPOS="287" VPOS="1009" WIDTH="72" HEIGHT="27" CONTENT="ideas," WC="0.77" CC="500061"/>
						<SP ID="P148_SP00234" HPOS="359" VPOS="1039" WIDTH="11"/>
						<String ID="P148_ST00262" HPOS="370" VPOS="1009" WIDTH="41" HEIGHT="23" CONTENT="the" WC="0.77" CC="051"/>
						<SP ID="P148_SP00235" HPOS="411" VPOS="1039" WIDTH="11"/>
						<String ID="P148_ST00263" HPOS="422" VPOS="1009" WIDTH="86" HEIGHT="23" CONTENT="talents" WC="0.65" CC="4620604"/>
						<SP ID="P148_SP00236" HPOS="508" VPOS="1039" WIDTH="9"/>
						<String ID="P148_ST00264" HPOS="517" VPOS="1009" WIDTH="37" HEIGHT="23" CONTENT="for" WC="0.71" CC="044"/>
						<SP ID="P148_SP00237" HPOS="554" VPOS="1039" WIDTH="10"/>
						<String ID="P148_ST00265" HPOS="564" VPOS="1010" WIDTH="172" HEIGHT="31" CONTENT="organisation," WC="0.86" CC="0000044040130"/>
						<SP ID="P148_SP00238" HPOS="736" VPOS="1041" WIDTH="9"/>
						<String ID="P148_ST00266" HPOS="745" VPOS="1010" WIDTH="41" HEIGHT="22" CONTENT="the" WC="0.97" CC="000"/>
						<SP ID="P148_SP00239" HPOS="786" VPOS="1041" WIDTH="11"/>
						<String ID="P148_ST00267" HPOS="797" VPOS="1010" WIDTH="113" HEIGHT="22" CONTENT="adminis" SUBS_TYPE="HypPart1" SUBS_CONTENT="administrative" WC="0.73" CC="90801010"/>
						<HYP CONTENT="-"/>
					</TextLine>
					<TextLine ID="P148_TL00029" HPOS="67" VPOS="1043" WIDTH="841" HEIGHT="30">
						<String ID="P148_ST00268" HPOS="67" VPOS="1043" WIDTH="87" HEIGHT="22" CONTENT="trative" SUBS_TYPE="HypPart2" SUBS_CONTENT="administrative" WC="0.96" CC="0100100"/>
						<SP ID="P148_SP00240" HPOS="154" VPOS="1065" WIDTH="11"/>
						<String ID="P148_ST00269" HPOS="165" VPOS="1043" WIDTH="136" HEIGHT="30" CONTENT="capacities," WC="0.73" CC="20090066040"/>
						<SP ID="P148_SP00241" HPOS="301" VPOS="1073" WIDTH="9"/>
						<String ID="P148_ST00270" HPOS="310" VPOS="1043" WIDTH="47" HEIGHT="22" CONTENT="and" WC="0.71" CC="080"/>
						<SP ID="P148_SP00242" HPOS="357" VPOS="1073" WIDTH="12"/>
						<String ID="P148_ST00271" HPOS="369" VPOS="1043" WIDTH="143" HEIGHT="22" CONTENT="marvellous" WC="0.72" CC="0057060205"/>
						<SP ID="P148_SP00243" HPOS="512" VPOS="1073" WIDTH="9"/>
						<String ID="P148_ST00272" HPOS="521" VPOS="1043" WIDTH="141" HEIGHT="30" CONTENT="knowledge" WC="0.84" CC="070600000"/>
						<SP ID="P148_SP00244" HPOS="662" VPOS="1073" WIDTH="15"/>
						<String ID="P148_ST00273" HPOS="677" VPOS="1043" WIDTH="28" HEIGHT="22" CONTENT="of" WC="1.00" CC="00"/>
						<SP ID="P148_SP00245" HPOS="705" VPOS="1073" WIDTH="10"/>
						<String ID="P148_ST00274" HPOS="715" VPOS="1043" WIDTH="89" HEIGHT="22" CONTENT="human" WC="0.76" CC="51005"/>
						<SP ID="P148_SP00246" HPOS="804" VPOS="1073" WIDTH="11"/>
						<String ID="P148_ST00275" HPOS="815" VPOS="1048" WIDTH="93" HEIGHT="23" CONTENT="nature," WC="0.70" CC="7017103"/>
					</TextLine>
					<TextLine ID="P148_TL00030" HPOS="69" VPOS="1075" WIDTH="840" HEIGHT="31">
						<String ID="P148_ST00276" HPOS="69" VPOS="1076" WIDTH="124" HEIGHT="30" CONTENT="displayed" WC="0.91" CC="005020000"/>
						<SP ID="P148_SP00247" HPOS="193" VPOS="1106" WIDTH="22"/>
						<String ID="P148_ST00277" HPOS="215" VPOS="1076" WIDTH="32" HEIGHT="30" CONTENT="by" WC="0.69" CC="60"/>
						<SP ID="P148_SP00248" HPOS="247" VPOS="1106" WIDTH="22"/>
						<String ID="P148_ST00278" HPOS="269" VPOS="1076" WIDTH="40" HEIGHT="22" CONTENT="the" WC="0.66" CC="072"/>
						<SP ID="P148_SP00249" HPOS="309" VPOS="1106" WIDTH="22"/>
						<String ID="P148_ST00279" HPOS="331" VPOS="1075" WIDTH="119" HEIGHT="23" CONTENT="founders." WC="0.74" CC="206602500"/>
						<SP ID="P148_SP00250" HPOS="450" VPOS="1106" WIDTH="38"/>
						<String ID="P148_ST00280" HPOS="488" VPOS="1075" WIDTH="70" HEIGHT="23" CONTENT="Read" WC="1.00" CC="0000"/>
						<SP ID="P148_SP00251" HPOS="558" VPOS="1106" WIDTH="22"/>
						<String ID="P148_ST00281" HPOS="580" VPOS="1076" WIDTH="35" HEIGHT="23" CONTENT="St." WC="0.86" CC="400"/>
						<SP ID="P148_SP00252" HPOS="615" VPOS="1106" WIDTH="21"/>
						<String ID="P148_ST00282" HPOS="636" VPOS="1076" WIDTH="101" HEIGHT="23" CONTENT="David's" WC="0.97" CC="0000001"/>
						<SP ID="P148_SP00253" HPOS="737" VPOS="1106" WIDTH="21"/>
						<String ID="P148_ST00283" HPOS="758" VPOS="1076" WIDTH="52" HEIGHT="23" CONTENT="rule" WC="0.94" CC="0200"/>
						<SP ID="P148_SP00254" HPOS="810" VPOS="1106" WIDTH="19"/>
						<String ID="P148_ST00284" HPOS="829" VPOS="1081" WIDTH="24" HEIGHT="18" CONTENT="at" WC="1.00" CC="00"/>
						<SP ID="P148_SP00255" HPOS="853" VPOS="1106" WIDTH="20"/>
						<String ID="P148_ST00285" HPOS="873" VPOS="1077" WIDTH="36" HEIGHT="22" CONTENT="his" WC="0.53" CC="607"/>
					</TextLine>
					<TextLine ID="P148_TL00031" HPOS="67" VPOS="1103" WIDTH="840" HEIGHT="39">
						<String ID="P148_ST00286" HPOS="67" VPOS="1109" WIDTH="83" HEIGHT="27" CONTENT="house," WC="0.82" CC="003402"/>
						<SP ID="P148_SP00256" HPOS="150" VPOS="1136" WIDTH="12"/>
						<String ID="P148_ST00287" HPOS="162" VPOS="1109" WIDTH="126" HEIGHT="27" CONTENT="Rosevale," WC="0.89" CC="003000004"/>
						<SP ID="P148_SP00257" HPOS="288" VPOS="1136" WIDTH="12"/>
						<String ID="P148_ST00288" HPOS="300" VPOS="1103" WIDTH="126" HEIGHT="33" CONTENT="MeWda;" WC="0.87" CC="004120"/>
						<SP ID="P148_SP00258" HPOS="426" VPOS="1136" WIDTH="15"/>
						<String ID="P148_ST00289" HPOS="441" VPOS="1109" WIDTH="34" HEIGHT="23" CONTENT="St." WC="0.62" CC="370"/>
						<SP ID="P148_SP00259" HPOS="475" VPOS="1136" WIDTH="10"/>
						<String ID="P148_ST00290" HPOS="485" VPOS="1109" WIDTH="163" HEIGHT="30" CONTENT="Kentigern's," WC="0.74" CC="007709003012"/>
						<SP ID="P148_SP00260" HPOS="648" VPOS="1139" WIDTH="11"/>
						<String ID="P148_ST00291" HPOS="659" VPOS="1114" WIDTH="25" HEIGHT="18" CONTENT="at" WC="0.92" CC="01"/>
						<SP ID="P148_SP00261" HPOS="684" VPOS="1139" WIDTH="9"/>
						<String ID="P148_ST00292" HPOS="693" VPOS="1110" WIDTH="37" HEIGHT="22" CONTENT="his" WC="0.44" CC="646"/>
						<SP ID="P148_SP00262" HPOS="730" VPOS="1139" WIDTH="10"/>
						<String ID="P148_ST00293" HPOS="740" VPOS="1113" WIDTH="24" HEIGHT="19" CONTENT="at" WC="1.00" CC="00"/>
						<SP ID="P148_SP00263" HPOS="764" VPOS="1139" WIDTH="10"/>
						<String ID="P148_ST00294" HPOS="774" VPOS="1109" WIDTH="133" HEIGHT="33" CONTENT="Llanelwy." WC="0.65" CC="303860090"/>
					</TextLine>
					<TextLine ID="P148_TL00032" HPOS="69" VPOS="1142" WIDTH="841" HEIGHT="32">
						<String ID="P148_ST00295" HPOS="69" VPOS="1142" WIDTH="148" HEIGHT="32" CONTENT="Everybody" WC="0.65" CC="000694109"/>
						<SP ID="P148_SP00264" HPOS="217" VPOS="1174" WIDTH="13"/>
						<String ID="P148_ST00296" HPOS="230" VPOS="1142" WIDTH="18" HEIGHT="23" CONTENT="is" WC="1.00" CC="00"/>
						<SP ID="P148_SP00265" HPOS="248" VPOS="1174" WIDTH="13"/>
						<String ID="P148_ST00297" HPOS="261" VPOS="1142" WIDTH="127" HEIGHT="30" CONTENT="employed" WC="0.73" CC="06050900"/>
						<SP ID="P148_SP00266" HPOS="388" VPOS="1174" WIDTH="17"/>
						<String ID="P148_ST00298" HPOS="405" VPOS="1145" WIDTH="25" HEIGHT="20" CONTENT="at" WC="0.58" CC="80"/>
						<SP ID="P148_SP00267" HPOS="430" VPOS="1174" WIDTH="17"/>
						<String ID="P148_ST00299" HPOS="447" VPOS="1142" WIDTH="52" HEIGHT="23" CONTENT="that" WC="0.84" CC="0600"/>
						<SP ID="P148_SP00268" HPOS="499" VPOS="1174" WIDTH="12"/>
						<String ID="P148_ST00300" HPOS="511" VPOS="1142" WIDTH="132" HEIGHT="31" CONTENT="particular" WC="0.85" CC="0006020500"/>
						<SP ID="P148_SP00269" HPOS="643" VPOS="1174" WIDTH="13"/>
						<String ID="P148_ST00301" HPOS="656" VPOS="1143" WIDTH="66" HEIGHT="23" CONTENT="work" WC="0.80" CC="0250"/>
						<SP ID="P148_SP00270" HPOS="722" VPOS="1174" WIDTH="12"/>
						<String ID="P148_ST00302" HPOS="734" VPOS="1143" WIDTH="39" HEIGHT="24" CONTENT="for" WC="0.70" CC="602"/>
						<SP ID="P148_SP00271" HPOS="773" VPOS="1174" WIDTH="13"/>
						<String ID="P148_ST00303" HPOS="786" VPOS="1144" WIDTH="79" HEIGHT="23" CONTENT="which" WC="0.46" CC="97026"/>
						<SP ID="P148_SP00272" HPOS="865" VPOS="1174" WIDTH="13"/>
						<String ID="P148_ST00304" HPOS="878" VPOS="1145" WIDTH="32" HEIGHT="23" CONTENT="he" WC="0.62" CC="70"/>
					</TextLine>
					<TextLine ID="P148_TL00033" HPOS="67" VPOS="1176" WIDTH="839" HEIGHT="28">
						<String ID="P148_ST00305" HPOS="67" VPOS="1176" WIDTH="20" HEIGHT="22" CONTENT="is" WC="0.66" CC="33"/>
						<SP ID="P148_SP00273" HPOS="87" VPOS="1198" WIDTH="12"/>
						<String ID="P148_ST00306" HPOS="99" VPOS="1176" WIDTH="53" HEIGHT="22" CONTENT="best" WC="0.70" CC="3160"/>
						<SP ID="P148_SP00274" HPOS="152" VPOS="1198" WIDTH="13"/>
						<String ID="P148_ST00307" HPOS="165" VPOS="1176" WIDTH="67" HEIGHT="22" CONTENT="fitted" WC="0.93" CC="001300"/>
						<String ID="P148_ST00308" HPOS="241" VPOS="1185" WIDTH="6" HEIGHT="17" CONTENT=";" WC="0.83" CC="1"/>
						<SP ID="P148_SP00275" HPOS="247" VPOS="1202" WIDTH="14"/>
						<String ID="P148_ST00309" HPOS="261" VPOS="1176" WIDTH="68" HEIGHT="22" CONTENT="there" WC="0.71" CC="45040"/>
						<SP ID="P148_SP00276" HPOS="329" VPOS="1202" WIDTH="13"/>
						<String ID="P148_ST00310" HPOS="342" VPOS="1176" WIDTH="19" HEIGHT="22" CONTENT="is" WC="0.67" CC="33"/>
						<SP ID="P148_SP00277" HPOS="361" VPOS="1202" WIDTH="13"/>
						<String ID="P148_ST00311" HPOS="374" VPOS="1183" WIDTH="30" HEIGHT="15" CONTENT="no" WC="1.00" CC="00"/>
						<SP ID="P148_SP00278" HPOS="404" VPOS="1202" WIDTH="14"/>
						<String ID="P148_ST00312" HPOS="418" VPOS="1176" WIDTH="110" HEIGHT="28" CONTENT="idleness," WC="0.71" CC="301060670"/>
						<SP ID="P148_SP00279" HPOS="528" VPOS="1204" WIDTH="11"/>
						<String ID="P148_ST00313" HPOS="539" VPOS="1184" WIDTH="31" HEIGHT="14" CONTENT="no" WC="0.71" CC="14"/>
						<SP ID="P148_SP00280" HPOS="570" VPOS="1204" WIDTH="10"/>
						<String ID="P148_ST00314" HPOS="580" VPOS="1176" WIDTH="116" HEIGHT="28" CONTENT="disorder," WC="0.75" CC="036530200"/>
						<SP ID="P148_SP00281" HPOS="696" VPOS="1204" WIDTH="10"/>
						<String ID="P148_ST00315" HPOS="706" VPOS="1186" WIDTH="31" HEIGHT="15" CONTENT="no" WC="0.69" CC="60"/>
						<SP ID="P148_SP00282" HPOS="737" VPOS="1204" WIDTH="11"/>
						<String ID="P148_ST00316" HPOS="748" VPOS="1178" WIDTH="158" HEIGHT="23" CONTENT="irreverence." WC="0.52" CC="065083797160"/>
					</TextLine>
					<TextLine ID="P148_TL00034" HPOS="66" VPOS="1209" WIDTH="843" HEIGHT="28">
						<String ID="P148_ST00317" HPOS="66" VPOS="1209" WIDTH="55" HEIGHT="28" CONTENT="We," WC="0.95" CC="001"/>
						<SP ID="P148_SP00283" HPOS="121" VPOS="1237" WIDTH="13"/>
						<String ID="P148_ST00318" HPOS="134" VPOS="1209" WIDTH="53" HEIGHT="23" CONTENT="who" WC="0.80" CC="050"/>
						<SP ID="P148_SP00284" HPOS="187" VPOS="1237" WIDTH="19"/>
						<String ID="P148_ST00319" HPOS="206" VPOS="1210" WIDTH="61" HEIGHT="22" CONTENT="have" WC="0.59" CC="4650"/>
						<SP ID="P148_SP00285" HPOS="267" VPOS="1237" WIDTH="18"/>
						<String ID="P148_ST00320" HPOS="285" VPOS="1209" WIDTH="60" HEIGHT="22" CONTENT="been" WC="0.83" CC="0005"/>
						<SP ID="P148_SP00286" HPOS="345" VPOS="1237" WIDTH="19"/>
						<String ID="P148_ST00321" HPOS="364" VPOS="1212" WIDTH="24" HEIGHT="19" CONTENT="at" WC="1.00" CC="00"/>
						<SP ID="P148_SP00287" HPOS="388" VPOS="1237" WIDTH="18"/>
						<String ID="P148_ST00322" HPOS="406" VPOS="1217" WIDTH="41" HEIGHT="15" CONTENT="sea" WC="0.83" CC="500"/>
						<SP ID="P148_SP00288" HPOS="447" VPOS="1237" WIDTH="17"/>
						<String ID="P148_ST00323" HPOS="464" VPOS="1209" WIDTH="31" HEIGHT="23" CONTENT="all" WC="0.77" CC="006"/>
						<SP ID="P148_SP00289" HPOS="495" VPOS="1237" WIDTH="18"/>
						<String ID="P148_ST00324" HPOS="513" VPOS="1217" WIDTH="45" HEIGHT="15" CONTENT="our" WC="1.00" CC="000"/>
						<SP ID="P148_SP00290" HPOS="558" VPOS="1237" WIDTH="17"/>
						<String ID="P148_ST00325" HPOS="575" VPOS="1209" WIDTH="67" HEIGHT="28" CONTENT="lives," WC="0.94" CC="110000"/>
						<SP ID="P148_SP00291" HPOS="642" VPOS="1237" WIDTH="18"/>
						<String ID="P148_ST00326" HPOS="660" VPOS="1211" WIDTH="47" HEIGHT="22" CONTENT="and" WC="0.84" CC="040"/>
						<SP ID="P148_SP00292" HPOS="707" VPOS="1237" WIDTH="19"/>
						<String ID="P148_ST00327" HPOS="726" VPOS="1219" WIDTH="40" HEIGHT="15" CONTENT="are" WC="0.90" CC="030"/>
						<SP ID="P148_SP00293" HPOS="766" VPOS="1237" WIDTH="14"/>
						<String ID="P148_ST00328" HPOS="780" VPOS="1220" WIDTH="31" HEIGHT="15" CONTENT="no" WC="0.91" CC="01"/>
						<SP ID="P148_SP00294" HPOS="811" VPOS="1237" WIDTH="12"/>
						<String ID="P148_ST00329" HPOS="823" VPOS="1220" WIDTH="86" HEIGHT="15" CONTENT="nearer" WC="0.65" CC="700606"/>
					</TextLine>
					<TextLine ID="P148_TL00035" HPOS="66" VPOS="1242" WIDTH="842" HEIGHT="33">
						<String ID="P148_ST00330" HPOS="66" VPOS="1247" WIDTH="56" HEIGHT="27" CONTENT="port" WC="0.61" CC="9120"/>
						<SP ID="P148_SP00295" HPOS="122" VPOS="1274" WIDTH="13"/>
						<String ID="P148_ST00331" HPOS="135" VPOS="1251" WIDTH="53" HEIGHT="15" CONTENT="now" WC="0.92" CC="200"/>
						<SP ID="P148_SP00296" HPOS="188" VPOS="1274" WIDTH="10"/>
						<String ID="P148_ST00332" HPOS="198" VPOS="1243" WIDTH="75" HEIGHT="23" CONTENT="about" WC="0.68" CC="74040"/>
						<SP ID="P148_SP00297" HPOS="273" VPOS="1274" WIDTH="12"/>
						<String ID="P148_ST00333" HPOS="285" VPOS="1245" WIDTH="68" HEIGHT="28" CONTENT="great" WC="0.95" CC="02000"/>
						<SP ID="P148_SP00298" HPOS="353" VPOS="1274" WIDTH="10"/>
						<String ID="P148_ST00334" HPOS="363" VPOS="1242" WIDTH="73" HEIGHT="23" CONTENT="social" WC="0.79" CC="660000"/>
						<SP ID="P148_SP00299" HPOS="436" VPOS="1274" WIDTH="8"/>
						<String ID="P148_ST00335" HPOS="444" VPOS="1243" WIDTH="132" HEIGHT="31" CONTENT="questions," WC="0.73" CC="0407440050"/>
						<SP ID="P148_SP00300" HPOS="576" VPOS="1274" WIDTH="9"/>
						<String ID="P148_ST00336" HPOS="585" VPOS="1243" WIDTH="79" HEIGHT="32" CONTENT="might" WC="0.63" CC="96020"/>
						<SP ID="P148_SP00301" HPOS="664" VPOS="1275" WIDTH="12"/>
						<String ID="P148_ST00337" HPOS="676" VPOS="1244" WIDTH="75" HEIGHT="30" CONTENT="learn," WC="0.61" CC="700474"/>
						<SP ID="P148_SP00302" HPOS="751" VPOS="1275" WIDTH="15"/>
						<String ID="P148_ST00338" HPOS="766" VPOS="1245" WIDTH="21" HEIGHT="23" CONTENT="if" WC="1.00" CC="00"/>
						<SP ID="P148_SP00303" HPOS="787" VPOS="1275" WIDTH="9"/>
						<String ID="P148_ST00339" HPOS="796" VPOS="1253" WIDTH="36" HEIGHT="15" CONTENT="we" WC="1.00" CC="00"/>
						<SP ID="P148_SP00304" HPOS="832" VPOS="1275" WIDTH="13"/>
						<String ID="P148_ST00340" HPOS="845" VPOS="1253" WIDTH="63" HEIGHT="16" CONTENT="were" WC="0.84" CC="0006"/>
					</TextLine>
					<TextLine ID="P148_TL00036" HPOS="67" VPOS="1276" WIDTH="841" HEIGHT="33">
						<String ID="P148_ST00341" HPOS="67" VPOS="1281" WIDTH="43" HEIGHT="18" CONTENT="not" WC="0.73" CC="700"/>
						<SP ID="P148_SP00305" HPOS="110" VPOS="1299" WIDTH="18"/>
						<String ID="P148_ST00342" HPOS="128" VPOS="1280" WIDTH="41" HEIGHT="19" CONTENT="too" WC="0.94" CC="010"/>
						<SP ID="P148_SP00306" HPOS="169" VPOS="1299" WIDTH="18"/>
						<String ID="P148_ST00343" HPOS="187" VPOS="1276" WIDTH="86" HEIGHT="32" CONTENT="proud," WC="0.86" CC="000304"/>
						<SP ID="P148_SP00307" HPOS="273" VPOS="1308" WIDTH="18"/>
						<String ID="P148_ST00344" HPOS="291" VPOS="1284" WIDTH="65" HEIGHT="14" CONTENT="some" WC="0.75" CC="3060"/>
						<SP ID="P148_SP00308" HPOS="356" VPOS="1308" WIDTH="14"/>
						<String ID="P148_ST00345" HPOS="370" VPOS="1276" WIDTH="55" HEIGHT="22" CONTENT="wise" WC="0.87" CC="0050"/>
						<SP ID="P148_SP00309" HPOS="425" VPOS="1308" WIDTH="17"/>
						<String ID="P148_ST00346" HPOS="442" VPOS="1276" WIDTH="91" HEIGHT="23" CONTENT="lessons" WC="0.65" CC="6054042"/>
						<SP ID="P148_SP00310" HPOS="533" VPOS="1308" WIDTH="18"/>
						<String ID="P148_ST00347" HPOS="551" VPOS="1276" WIDTH="61" HEIGHT="24" CONTENT="from" WC="0.83" CC="0600"/>
						<SP ID="P148_SP00311" HPOS="612" VPOS="1308" WIDTH="19"/>
						<String ID="P148_ST00348" HPOS="631" VPOS="1278" WIDTH="67" HEIGHT="23" CONTENT="these" WC="0.65" CC="66030"/>
						<SP ID="P148_SP00312" HPOS="698" VPOS="1308" WIDTH="18"/>
						<String ID="P148_ST00349" HPOS="716" VPOS="1286" WIDTH="61" HEIGHT="23" CONTENT="poor" WC="0.57" CC="8151"/>
						<SP ID="P148_SP00313" HPOS="777" VPOS="1309" WIDTH="18"/>
						<String ID="P148_ST00350" HPOS="795" VPOS="1279" WIDTH="113" HEIGHT="30" CONTENT="despised" WC="0.72" CC="03507600"/>
					</TextLine>
					<TextLine ID="P148_TL00037" HPOS="66" VPOS="1309" WIDTH="842" HEIGHT="27">
						<String ID="P148_ST00351" HPOS="66" VPOS="1310" WIDTH="93" HEIGHT="23" CONTENT="monks." WC="0.83" CC="306000"/>
						<SP ID="P148_SP00314" HPOS="159" VPOS="1333" WIDTH="37"/>
						<String ID="P148_ST00352" HPOS="196" VPOS="1310" WIDTH="80" HEIGHT="23" CONTENT="There" WC="0.84" CC="04210"/>
						<SP ID="P148_SP00315" HPOS="276" VPOS="1333" WIDTH="12"/>
						<String ID="P148_ST00353" HPOS="288" VPOS="1318" WIDTH="40" HEIGHT="14" CONTENT="are" WC="1.00" CC="000"/>
						<SP ID="P148_SP00316" HPOS="328" VPOS="1333" WIDTH="13"/>
						<String ID="P148_ST00354" HPOS="341" VPOS="1309" WIDTH="112" HEIGHT="23" CONTENT="manifold" WC="0.73" CC="60508000"/>
						<SP ID="P148_SP00317" HPOS="453" VPOS="1333" WIDTH="13"/>
						<String ID="P148_ST00355" HPOS="466" VPOS="1310" WIDTH="86" HEIGHT="23" CONTENT="abuses" WC="0.86" CC="000223"/>
						<SP ID="P148_SP00318" HPOS="552" VPOS="1333" WIDTH="16"/>
						<String ID="P148_ST00356" HPOS="568" VPOS="1311" WIDTH="132" HEIGHT="24" CONTENT="incidental" WC="0.84" CC="5300000007"/>
						<SP ID="P148_SP00319" HPOS="700" VPOS="1335" WIDTH="17"/>
						<String ID="P148_ST00357" HPOS="717" VPOS="1315" WIDTH="25" HEIGHT="20" CONTENT="to" WC="1.00" CC="00"/>
						<SP ID="P148_SP00320" HPOS="742" VPOS="1335" WIDTH="18"/>
						<String ID="P148_ST00358" HPOS="760" VPOS="1313" WIDTH="148" HEIGHT="23" CONTENT="institutions" WC="0.67" CC="561653001070"/>
					</TextLine>
					<TextLine ID="P148_TL00038" HPOS="66" VPOS="1343" WIDTH="842" HEIGHT="34">
						<String ID="P148_ST00359" HPOS="66" VPOS="1343" WIDTH="28" HEIGHT="24" CONTENT="of" WC="1.00" CC="00"/>
						<SP ID="P148_SP00321" HPOS="94" VPOS="1367" WIDTH="16"/>
						<String ID="P148_ST00360" HPOS="110" VPOS="1345" WIDTH="46" HEIGHT="22" CONTENT="this" WC="0.57" CC="7107"/>
						<SP ID="P148_SP00322" HPOS="156" VPOS="1367" WIDTH="19"/>
						<String ID="P148_ST00361" HPOS="175" VPOS="1344" WIDTH="68" HEIGHT="28" CONTENT="kind," WC="0.80" CC="03500"/>
						<SP ID="P148_SP00323" HPOS="243" VPOS="1372" WIDTH="21"/>
						<String ID="P148_ST00362" HPOS="264" VPOS="1343" WIDTH="46" HEIGHT="23" CONTENT="and" WC="0.80" CC="050"/>
						<SP ID="P148_SP00324" HPOS="310" VPOS="1372" WIDTH="21"/>
						<String ID="P148_ST00363" HPOS="331" VPOS="1351" WIDTH="62" HEIGHT="15" CONTENT="none" WC="0.66" CC="6600"/>
						<SP ID="P148_SP00325" HPOS="393" VPOS="1372" WIDTH="19"/>
						<String ID="P148_ST00364" HPOS="412" VPOS="1344" WIDTH="77" HEIGHT="31" CONTENT="ought" WC="0.56" CC="03943"/>
						<SP ID="P148_SP00326" HPOS="489" VPOS="1375" WIDTH="21"/>
						<String ID="P148_ST00365" HPOS="510" VPOS="1347" WIDTH="24" HEIGHT="20" CONTENT="to" WC="0.76" CC="31"/>
						<SP ID="P148_SP00327" HPOS="534" VPOS="1375" WIDTH="21"/>
						<String ID="P148_ST00366" HPOS="555" VPOS="1344" WIDTH="30" HEIGHT="23" CONTENT="be" WC="0.32" CC="66"/>
						<SP ID="P148_SP00328" HPOS="585" VPOS="1375" WIDTH="20"/>
						<String ID="P148_ST00367" HPOS="605" VPOS="1345" WIDTH="102" HEIGHT="24" CONTENT="allowed" WC="0.84" CC="0504000"/>
						<SP ID="P148_SP00329" HPOS="707" VPOS="1375" WIDTH="16"/>
						<String ID="P148_ST00368" HPOS="723" VPOS="1350" WIDTH="89" HEIGHT="27" CONTENT="except" WC="0.83" CC="090000"/>
						<SP ID="P148_SP00330" HPOS="812" VPOS="1377" WIDTH="18"/>
						<String ID="P148_ST00369" HPOS="830" VPOS="1347" WIDTH="78" HEIGHT="23" CONTENT="under" WC="0.65" CC="18007"/>
					</TextLine>
					<TextLine ID="P148_TL00039" HPOS="66" VPOS="1377" WIDTH="842" HEIGHT="31">
						<String ID="P148_ST00370" HPOS="66" VPOS="1378" WIDTH="68" HEIGHT="23" CONTENT="strict" WC="0.72" CC="401306"/>
						<SP ID="P148_SP00331" HPOS="134" VPOS="1401" WIDTH="9"/>
						<String ID="P148_ST00371" HPOS="143" VPOS="1377" WIDTH="122" HEIGHT="31" CONTENT="episcopal" WC="0.78" CC="006156000"/>
						<SP ID="P148_SP00332" HPOS="265" VPOS="1408" WIDTH="9"/>
						<String ID="P148_ST00372" HPOS="274" VPOS="1377" WIDTH="147" HEIGHT="30" CONTENT="supervision" WC="0.82" CC="00003014035"/>
						<SP ID="P148_SP00333" HPOS="421" VPOS="1408" WIDTH="9"/>
						<String ID="P148_ST00373" HPOS="430" VPOS="1377" WIDTH="46" HEIGHT="23" CONTENT="and" WC="0.75" CC="070"/>
						<SP ID="P148_SP00334" HPOS="476" VPOS="1408" WIDTH="13"/>
						<String ID="P148_ST00374" HPOS="489" VPOS="1378" WIDTH="91" HEIGHT="23" CONTENT="control" WC="0.76" CC="1400604"/>
						<String ID="P148_ST00375" HPOS="588" VPOS="1388" WIDTH="5" HEIGHT="17" CONTENT=";" WC="1.00" CC="0"/>
						<SP ID="P148_SP00335" HPOS="593" VPOS="1408" WIDTH="10"/>
						<String ID="P148_ST00376" HPOS="603" VPOS="1379" WIDTH="48" HEIGHT="23" CONTENT="still" WC="0.73" CC="46200"/>
						<SP ID="P148_SP00336" HPOS="651" VPOS="1408" WIDTH="11"/>
						<String ID="P148_ST00377" HPOS="662" VPOS="1379" WIDTH="11" HEIGHT="23" CONTENT="I" WC="1.00" CC="0"/>
						<SP ID="P148_SP00337" HPOS="673" VPOS="1408" WIDTH="10"/>
						<String ID="P148_ST00378" HPOS="683" VPOS="1387" WIDTH="48" HEIGHT="20" CONTENT="see," WC="0.82" CC="3004"/>
						<SP ID="P148_SP00338" HPOS="731" VPOS="1408" WIDTH="9"/>
						<String ID="P148_ST00379" HPOS="740" VPOS="1388" WIDTH="27" HEIGHT="15" CONTENT="or" WC="0.55" CC="35"/>
						<SP ID="P148_SP00339" HPOS="767" VPOS="1408" WIDTH="9"/>
						<String ID="P148_ST00380" HPOS="776" VPOS="1380" WIDTH="69" HEIGHT="22" CONTENT="think" WC="0.54" CC="36650"/>
						<SP ID="P148_SP00340" HPOS="845" VPOS="1408" WIDTH="11"/>
						<String ID="P148_ST00381" HPOS="856" VPOS="1380" WIDTH="52" HEIGHT="23" CONTENT="that" WC="0.63" CC="3703"/>
					</TextLine>
					<TextLine ID="P148_TL00040" HPOS="65" VPOS="1410" WIDTH="842" HEIGHT="35">
						<String ID="P148_ST00382" HPOS="65" VPOS="1410" WIDTH="12" HEIGHT="24" CONTENT="I" WC="1.00" CC="0"/>
						<SP ID="P148_SP00341" HPOS="77" VPOS="1434" WIDTH="19"/>
						<String ID="P148_ST00383" HPOS="96" VPOS="1419" WIDTH="47" HEIGHT="19" CONTENT="see," WC="0.87" CC="5000"/>
						<SP ID="P148_SP00342" HPOS="143" VPOS="1438" WIDTH="23"/>
						<String ID="P148_ST00384" HPOS="166" VPOS="1412" WIDTH="25" HEIGHT="22" CONTENT="in" WC="0.98" CC="00"/>
						<SP ID="P148_SP00343" HPOS="191" VPOS="1438" WIDTH="18"/>
						<String ID="P148_ST00385" HPOS="209" VPOS="1411" WIDTH="40" HEIGHT="23" CONTENT="the" WC="0.70" CC="170"/>
						<SP ID="P148_SP00344" HPOS="249" VPOS="1438" WIDTH="18"/>
						<String ID="P148_ST00386" HPOS="267" VPOS="1410" WIDTH="117" HEIGHT="24" CONTENT="monastic" WC="0.70" CC="03742050"/>
						<SP ID="P148_SP00345" HPOS="384" VPOS="1438" WIDTH="18"/>
						<String ID="P148_ST00387" HPOS="402" VPOS="1411" WIDTH="125" HEIGHT="30" CONTENT="principle," WC="0.77" CC="0746000400"/>
						<SP ID="P148_SP00346" HPOS="527" VPOS="1441" WIDTH="19"/>
						<String ID="P148_ST00388" HPOS="546" VPOS="1419" WIDTH="15" HEIGHT="16" CONTENT="a" WC="1.00" CC="0"/>
						<SP ID="P148_SP00347" HPOS="561" VPOS="1441" WIDTH="18"/>
						<String ID="P148_ST00389" HPOS="579" VPOS="1412" WIDTH="150" HEIGHT="24" CONTENT="breakwater" WC="0.68" CC="0700800509"/>
						<SP ID="P148_SP00348" HPOS="729" VPOS="1441" WIDTH="22"/>
						<String ID="P148_ST00390" HPOS="751" VPOS="1414" WIDTH="94" HEIGHT="31" CONTENT="against" WC="0.75" CC="0006730"/>
						<SP ID="P148_SP00349" HPOS="845" VPOS="1445" WIDTH="22"/>
						<String ID="P148_ST00391" HPOS="867" VPOS="1414" WIDTH="40" HEIGHT="23" CONTENT="the" WC="1.00" CC="000"/>
					</TextLine>
					<TextLine ID="P148_TL00041" HPOS="66" VPOS="1443" WIDTH="840" HEIGHT="35">
						<String ID="P148_ST00392" HPOS="66" VPOS="1445" WIDTH="178" HEIGHT="31" CONTENT="revolutionary" WC="0.86" CC="4090102000000"/>
						<SP ID="P148_SP00350" HPOS="244" VPOS="1476" WIDTH="13"/>
						<String ID="P148_ST00393" HPOS="257" VPOS="1444" WIDTH="74" HEIGHT="31" CONTENT="spirit." WC="0.76" CC="0804200"/>
						<SP ID="P148_SP00351" HPOS="331" VPOS="1476" WIDTH="37"/>
						<String ID="P148_ST00394" HPOS="368" VPOS="1443" WIDTH="24" HEIGHT="24" CONTENT="It" WC="0.70" CC="23"/>
						<SP ID="P148_SP00352" HPOS="392" VPOS="1476" WIDTH="16"/>
						<String ID="P148_ST00395" HPOS="408" VPOS="1444" WIDTH="86" HEIGHT="30" CONTENT="speaks" WC="0.69" CC="480006"/>
						<SP ID="P148_SP00353" HPOS="494" VPOS="1476" WIDTH="17"/>
						<String ID="P148_ST00396" HPOS="511" VPOS="1448" WIDTH="43" HEIGHT="20" CONTENT="not" WC="0.81" CC="500"/>
						<SP ID="P148_SP00354" HPOS="554" VPOS="1476" WIDTH="17"/>
						<String ID="P148_ST00397" HPOS="571" VPOS="1448" WIDTH="25" HEIGHT="20" CONTENT="to" WC="0.99" CC="00"/>
						<SP ID="P148_SP00355" HPOS="596" VPOS="1476" WIDTH="17"/>
						<String ID="P148_ST00398" HPOS="613" VPOS="1446" WIDTH="41" HEIGHT="23" CONTENT="the" WC="1.00" CC="000"/>
						<SP ID="P148_SP00356" HPOS="654" VPOS="1476" WIDTH="14"/>
						<String ID="P148_ST00399" HPOS="668" VPOS="1454" WIDTH="40" HEIGHT="16" CONTENT="ear" WC="1.00" CC="000"/>
						<SP ID="P148_SP00357" HPOS="708" VPOS="1476" WIDTH="13"/>
						<String ID="P148_ST00400" HPOS="721" VPOS="1447" WIDTH="64" HEIGHT="31" CONTENT="only," WC="0.78" CC="07300"/>
						<SP ID="P148_SP00358" HPOS="785" VPOS="1478" WIDTH="15"/>
						<String ID="P148_ST00401" HPOS="800" VPOS="1448" WIDTH="44" HEIGHT="23" CONTENT="but" WC="0.57" CC="606"/>
						<SP ID="P148_SP00359" HPOS="844" VPOS="1478" WIDTH="12"/>
						<String ID="P148_ST00402" HPOS="856" VPOS="1448" WIDTH="50" HEIGHT="23" CONTENT="also" WC="0.88" CC="0300"/>
					</TextLine>
				</TextBlock>
				<TextBlock ID="P148_TB00005" HPOS="307" VPOS="1517" WIDTH="344" HEIGHT="27" STYLEREFS="TXT_1 PAR_CENTER">
					<TextLine ID="P148_TL00042" HPOS="309" VPOS="1518" WIDTH="342" HEIGHT="26">
						<String ID="P148_ST00403" HPOS="309" VPOS="1518" WIDTH="12" HEIGHT="14" CONTENT="*" WC="0.81" CC="1"/>
						<SP ID="P148_SP00360" HPOS="321" VPOS="1532" WIDTH="15"/>
						<String ID="P148_ST00404" HPOS="336" VPOS="1518" WIDTH="61" HEIGHT="20" CONTENT="Arch." WC="0.69" CC="00671"/>
						<SP ID="P148_SP00361" HPOS="397" VPOS="1538" WIDTH="13"/>
						<String ID="P148_ST00405" HPOS="410" VPOS="1518" WIDTH="71" HEIGHT="20" CONTENT="Camb." WC="0.81" CC="04050"/>
						<SP ID="P148_SP00362" HPOS="481" VPOS="1538" WIDTH="11"/>
						<String ID="P148_ST00406" HPOS="492" VPOS="1519" WIDTH="40" HEIGHT="20" CONTENT="vol." WC="0.56" CC="9330"/>
						<SP ID="P148_SP00363" HPOS="532" VPOS="1539" WIDTH="11"/>
						<String ID="P148_ST00407" HPOS="543" VPOS="1520" WIDTH="21" HEIGHT="19" CONTENT="ii." WC="0.79" CC="140"/>
						<SP ID="P148_SP00364" HPOS="564" VPOS="1539" WIDTH="10"/>
						<String ID="P148_ST00408" HPOS="574" VPOS="1527" WIDTH="21" HEIGHT="17" CONTENT="p." WC="1.00" CC="00"/>
						<SP ID="P148_SP00365" HPOS="595" VPOS="1544" WIDTH="11"/>
						<String ID="P148_ST00409" HPOS="606" VPOS="1520" WIDTH="45" HEIGHT="20" CONTENT="261." WC="0.78" CC="0440"/>
					</TextLine>
				</TextBlock>
			</PrintSpace>
		</Page>
	</Layout>
</alto>
