<?xml version="1.0" encoding="UTF-8"?>
<alto xmlns:xsi="http://www.w3.org/2001/XMLSchema-instance" xsi:noNamespaceSchemaLocation="http://www.bl.uk/schemas/alto/alto-1-4.xsd" xmlns:xlink="http://www.w3.org/1999/xlink">
	<Description>
		<MeasurementUnit>mm10</MeasurementUnit>
		<sourceImageInformation>
			<fileName>//head1/IN/2008-22/A0011651692/008522.jp2</fileName>
		</sourceImageInformation>
		<OCRProcessing ID="OCRPROCESSING_1">
			<preProcessingStep>
				<processingSoftware>
					<softwareCreator>CCS Content Conversion Specialists GmbH, Germany</softwareCreator>
					<softwareName>CCS docWORKS</softwareName>
					<softwareVersion>6.1-0.67</softwareVersion>
				</processingSoftware>
			</preProcessingStep>
			<ocrProcessingStep>
				<processingSoftware>
					<softwareCreator>ABBYY (BIT Software), Russia</softwareCreator>
					<softwareName>Finereader</softwareName>
				</processingSoftware>
			</ocrProcessingStep>
		</OCRProcessing>
	</Description>
	<Styles>
		<TextStyle ID="TXT_0" FONTSIZE="10" FONTFAMILY="Courier New"/>
		<TextStyle ID="TXT_1" FONTSIZE="9" FONTFAMILY="Courier New"/>
		<ParagraphStyle ID="PAR_LEFT" ALIGN="Left"/>
		<ParagraphStyle ID="PAR_CENTER" ALIGN="Center"/>
	</Styles>
	<Layout>
		<Page ID="P132" PHYSICAL_IMG_NR="132" HEIGHT="1619" WIDTH="1023" PRINTED_IMG_NR="118" POSITION="Left" ACCURACY="80.90">
			<TopMargin ID="P132_TM00001" HPOS="0" VPOS="0" WIDTH="1022" HEIGHT="129">
				<TextBlock ID="P132_TB00001" HPOS="91" VPOS="104" WIDTH="49" HEIGHT="23" STYLEREFS="TXT_0 PAR_LEFT">
					<TextLine ID="P132_TL00001" HPOS="91" VPOS="104" WIDTH="49" HEIGHT="23">
						<String ID="P132_ST00001" HPOS="91" VPOS="104" WIDTH="49" HEIGHT="23" CONTENT="118" WC="1.00" CC="000"/>
					</TextLine>
				</TextBlock>
				<TextBlock ID="P132_TB00002" HPOS="368" VPOS="112" WIDTH="289" HEIGHT="17" STYLEREFS="TXT_1 PAR_CENTER">
					<TextLine ID="P132_TL00002" HPOS="369" VPOS="113" WIDTH="288" HEIGHT="16">
						<String ID="P132_ST00002" HPOS="369" VPOS="113" WIDTH="54" HEIGHT="16" CONTENT="THE" WC="0.74" CC="061"/>
						<SP ID="P132_SP00001" HPOS="423" VPOS="129" WIDTH="13"/>
						<String ID="P132_ST00003" HPOS="436" VPOS="113" WIDTH="90" HEIGHT="16" CONTENT="WELSH" WC="0.52" CC="74055"/>
						<SP ID="P132_SP00002" HPOS="526" VPOS="129" WIDTH="15"/>
						<String ID="P132_ST00004" HPOS="541" VPOS="113" WIDTH="116" HEIGHT="16" CONTENT="CHURCH." WC="0.89" CC="0004020"/>
					</TextLine>
				</TextBlock>
			</TopMargin>
			<LeftMargin ID="P132_LM00001" HPOS="0" VPOS="129" WIDTH="86" HEIGHT="1417"/>
			<RightMargin ID="P132_RM00001" HPOS="937" VPOS="129" WIDTH="85" HEIGHT="1417"/>
			<BottomMargin ID="P132_BM00001" HPOS="0" VPOS="1546" WIDTH="1022" HEIGHT="72"/>
			<PrintSpace ID="P132_PS00001" HPOS="86" VPOS="129" WIDTH="851" HEIGHT="1417">
				<TextBlock ID="P132_TB00003" HPOS="86" VPOS="168" WIDTH="851" HEIGHT="1306" STYLEREFS="TXT_1 PAR_LEFT">
					<TextLine ID="P132_TL00003" HPOS="91" VPOS="168" WIDTH="846" HEIGHT="35">
						<String ID="P132_ST00005" HPOS="91" VPOS="171" WIDTH="99" HEIGHT="28" CONTENT="scopate" WC="0.88" CC="3000050"/>
						<SP ID="P132_SP00003" HPOS="190" VPOS="199" WIDTH="13"/>
						<String ID="P132_ST00006" HPOS="203" VPOS="168" WIDTH="28" HEIGHT="24" CONTENT="of" WC="0.67" CC="06"/>
						<SP ID="P132_SP00004" HPOS="231" VPOS="199" WIDTH="11"/>
						<String ID="P132_ST00007" HPOS="242" VPOS="168" WIDTH="34" HEIGHT="25" CONTENT="St." WC="0.76" CC="070"/>
						<SP ID="P132_SP00005" HPOS="276" VPOS="199" WIDTH="15"/>
						<String ID="P132_ST00008" HPOS="291" VPOS="169" WIDTH="111" HEIGHT="24" CONTENT="David's." WC="0.67" CC="05370090"/>
						<SP ID="P132_SP00006" HPOS="402" VPOS="199" WIDTH="36"/>
						<String ID="P132_ST00009" HPOS="438" VPOS="171" WIDTH="29" HEIGHT="22" CONTENT="In" WC="1.00" CC="00"/>
						<SP ID="P132_SP00007" HPOS="467" VPOS="199" WIDTH="13"/>
						<String ID="P132_ST00010" HPOS="480" VPOS="171" WIDTH="41" HEIGHT="23" CONTENT="the" WC="0.78" CC="051"/>
						<SP ID="P132_SP00008" HPOS="521" VPOS="199" WIDTH="14"/>
						<String ID="P132_ST00011" HPOS="535" VPOS="171" WIDTH="67" HEIGHT="32" CONTENT="early" WC="0.82" CC="00260"/>
						<SP ID="P132_SP00009" HPOS="602" VPOS="203" WIDTH="12"/>
						<String ID="P132_ST00012" HPOS="614" VPOS="174" WIDTH="54" HEIGHT="28" CONTENT="part" WC="1.00" CC="0000"/>
						<SP ID="P132_SP00010" HPOS="668" VPOS="203" WIDTH="13"/>
						<String ID="P132_ST00013" HPOS="681" VPOS="169" WIDTH="28" HEIGHT="24" CONTENT="of" WC="1.00" CC="00"/>
						<SP ID="P132_SP00011" HPOS="709" VPOS="203" WIDTH="11"/>
						<String ID="P132_ST00014" HPOS="720" VPOS="170" WIDTH="40" HEIGHT="23" CONTENT="the" WC="0.79" CC="410"/>
						<SP ID="P132_SP00012" HPOS="760" VPOS="203" WIDTH="13"/>
						<String ID="P132_ST00015" HPOS="773" VPOS="168" WIDTH="93" HEIGHT="25" CONTENT="twelfth" WC="0.75" CC="0036600"/>
						<SP ID="P132_SP00013" HPOS="866" VPOS="203" WIDTH="15"/>
						<String ID="P132_ST00016" HPOS="881" VPOS="177" WIDTH="56" HEIGHT="15" CONTENT="cen" SUBS_TYPE="HypPart1" SUBS_CONTENT="century," WC="0.87" CC="0220"/>
						<HYP CONTENT="-"/>
					</TextLine>
					<TextLine ID="P132_TL00004" HPOS="91" VPOS="203" WIDTH="844" HEIGHT="33">
						<String ID="P132_ST00017" HPOS="91" VPOS="206" WIDTH="65" HEIGHT="27" CONTENT="tury," SUBS_TYPE="HypPart2" SUBS_CONTENT="century," WC="0.81" CC="00090"/>
						<SP ID="P132_SP00014" HPOS="156" VPOS="233" WIDTH="14"/>
						<String ID="P132_ST00018" HPOS="170" VPOS="203" WIDTH="40" HEIGHT="23" CONTENT="the" WC="0.80" CC="006"/>
						<SP ID="P132_SP00015" HPOS="210" VPOS="233" WIDTH="15"/>
						<String ID="P132_ST00019" HPOS="225" VPOS="203" WIDTH="100" HEIGHT="31" CONTENT="English" WC="0.68" CC="0704460"/>
						<SP ID="P132_SP00016" HPOS="325" VPOS="234" WIDTH="14"/>
						<String ID="P132_ST00020" HPOS="339" VPOS="204" WIDTH="47" HEIGHT="23" CONTENT="had" WC="0.63" CC="703"/>
						<SP ID="P132_SP00017" HPOS="386" VPOS="234" WIDTH="11"/>
						<String ID="P132_ST00021" HPOS="397" VPOS="204" WIDTH="88" HEIGHT="31" CONTENT="gained" WC="0.84" CC="030500"/>
						<SP ID="P132_SP00018" HPOS="485" VPOS="235" WIDTH="13"/>
						<String ID="P132_ST00022" HPOS="498" VPOS="213" WIDTH="15" HEIGHT="14" CONTENT="a" WC="1.00" CC="0"/>
						<SP ID="P132_SP00019" HPOS="513" VPOS="235" WIDTH="11"/>
						<String ID="P132_ST00023" HPOS="524" VPOS="204" WIDTH="55" HEIGHT="23" CONTENT="firm" WC="0.90" CC="0003"/>
						<SP ID="P132_SP00020" HPOS="579" VPOS="235" WIDTH="19"/>
						<String ID="P132_ST00024" HPOS="598" VPOS="204" WIDTH="96" HEIGHT="32" CONTENT="footing" WC="0.84" CC="0302030"/>
						<SP ID="P132_SP00021" HPOS="694" VPOS="236" WIDTH="18"/>
						<String ID="P132_ST00025" HPOS="712" VPOS="204" WIDTH="24" HEIGHT="22" CONTENT="in" WC="0.86" CC="20"/>
						<SP ID="P132_SP00022" HPOS="736" VPOS="236" WIDTH="15"/>
						<String ID="P132_ST00026" HPOS="751" VPOS="203" WIDTH="78" HEIGHT="24" CONTENT="South" WC="0.67" CC="66013"/>
						<SP ID="P132_SP00023" HPOS="829" VPOS="236" WIDTH="15"/>
						<String ID="P132_ST00027" HPOS="844" VPOS="203" WIDTH="91" HEIGHT="23" CONTENT="Wales." WC="0.73" CC="305060"/>
					</TextLine>
					<TextLine ID="P132_TL00005" HPOS="92" VPOS="236" WIDTH="844" HEIGHT="25">
						<String ID="P132_ST00028" HPOS="92" VPOS="236" WIDTH="55" HEIGHT="24" CONTENT="The" WC="0.60" CC="605"/>
						<SP ID="P132_SP00024" HPOS="147" VPOS="260" WIDTH="18"/>
						<String ID="P132_ST00029" HPOS="165" VPOS="237" WIDTH="96" HEIGHT="23" CONTENT="diocese" WC="0.90" CC="0000060"/>
						<SP ID="P132_SP00025" HPOS="261" VPOS="260" WIDTH="16"/>
						<String ID="P132_ST00030" HPOS="277" VPOS="237" WIDTH="28" HEIGHT="23" CONTENT="of" WC="0.80" CC="30"/>
						<SP ID="P132_SP00026" HPOS="305" VPOS="260" WIDTH="12"/>
						<String ID="P132_ST00031" HPOS="317" VPOS="237" WIDTH="35" HEIGHT="23" CONTENT="St." WC="0.98" CC="000"/>
						<SP ID="P132_SP00027" HPOS="352" VPOS="260" WIDTH="13"/>
						<String ID="P132_ST00032" HPOS="365" VPOS="237" WIDTH="102" HEIGHT="23" CONTENT="David's" WC="0.85" CC="0006012"/>
						<SP ID="P132_SP00028" HPOS="467" VPOS="260" WIDTH="17"/>
						<String ID="P132_ST00033" HPOS="484" VPOS="238" WIDTH="42" HEIGHT="22" CONTENT="fell" WC="1.00" CC="0000"/>
						<SP ID="P132_SP00029" HPOS="526" VPOS="260" WIDTH="13"/>
						<String ID="P132_ST00034" HPOS="539" VPOS="237" WIDTH="83" HEIGHT="24" CONTENT="within" WC="0.72" CC="040470"/>
						<SP ID="P132_SP00030" HPOS="622" VPOS="261" WIDTH="18"/>
						<String ID="P132_ST00035" HPOS="640" VPOS="238" WIDTH="43" HEIGHT="22" CONTENT="the" WC="0.82" CC="050"/>
						<SP ID="P132_SP00031" HPOS="683" VPOS="261" WIDTH="20"/>
						<String ID="P132_ST00036" HPOS="703" VPOS="237" WIDTH="82" HEIGHT="24" CONTENT="Saxon" WC="0.70" CC="50800"/>
						<SP ID="P132_SP00032" HPOS="785" VPOS="261" WIDTH="19"/>
						<String ID="P132_ST00037" HPOS="804" VPOS="237" WIDTH="68" HEIGHT="23" CONTENT="lines." WC="0.79" CC="105310"/>
						<SP ID="P132_SP00033" HPOS="872" VPOS="261" WIDTH="39"/>
						<String ID="P132_ST00038" HPOS="911" VPOS="236" WIDTH="25" HEIGHT="23" CONTENT="A" WC="1.00" CC="0"/>
					</TextLine>
					<TextLine ID="P132_TL00006" HPOS="92" VPOS="271" WIDTH="845" HEIGHT="31">
						<String ID="P132_ST00039" HPOS="92" VPOS="273" WIDTH="103" HEIGHT="28" CONTENT="century" WC="0.88" CC="0030500"/>
						<SP ID="P132_SP00034" HPOS="195" VPOS="301" WIDTH="19"/>
						<String ID="P132_ST00040" HPOS="214" VPOS="271" WIDTH="48" HEIGHT="22" CONTENT="and" WC="0.69" CC="260"/>
						<SP ID="P132_SP00035" HPOS="262" VPOS="301" WIDTH="18"/>
						<String ID="P132_ST00041" HPOS="280" VPOS="278" WIDTH="13" HEIGHT="15" CONTENT="a" WC="1.00" CC="0"/>
						<SP ID="P132_SP00036" HPOS="293" VPOS="301" WIDTH="19"/>
						<String ID="P132_ST00042" HPOS="312" VPOS="271" WIDTH="53" HEIGHT="23" CONTENT="half" WC="0.91" CC="0003"/>
						<SP ID="P132_SP00037" HPOS="365" VPOS="301" WIDTH="15"/>
						<String ID="P132_ST00043" HPOS="380" VPOS="271" WIDTH="84" HEIGHT="23" CONTENT="before" WC="0.83" CC="000360"/>
						<SP ID="P132_SP00038" HPOS="464" VPOS="301" WIDTH="17"/>
						<String ID="P132_ST00044" HPOS="481" VPOS="272" WIDTH="40" HEIGHT="22" CONTENT="the" WC="0.84" CC="400"/>
						<SP ID="P132_SP00039" HPOS="521" VPOS="301" WIDTH="20"/>
						<String ID="P132_ST00045" HPOS="541" VPOS="271" WIDTH="58" HEIGHT="23" CONTENT="final" WC="0.88" CC="00401"/>
						<SP ID="P132_SP00040" HPOS="599" VPOS="301" WIDTH="18"/>
						<String ID="P132_ST00046" HPOS="617" VPOS="275" WIDTH="120" HEIGHT="27" CONTENT="conquest" WC="0.73" CC="15700060"/>
						<SP ID="P132_SP00041" HPOS="737" VPOS="302" WIDTH="16"/>
						<String ID="P132_ST00047" HPOS="753" VPOS="271" WIDTH="27" HEIGHT="23" CONTENT="of" WC="1.00" CC="00"/>
						<SP ID="P132_SP00042" HPOS="780" VPOS="302" WIDTH="9"/>
						<String ID="P132_ST00048" HPOS="789" VPOS="271" WIDTH="91" HEIGHT="27" CONTENT="Wales," WC="0.81" CC="030070"/>
						<SP ID="P132_SP00043" HPOS="880" VPOS="302" WIDTH="20"/>
						<String ID="P132_ST00049" HPOS="900" VPOS="277" WIDTH="37" HEIGHT="16" CONTENT="we" WC="1.00" CC="00"/>
					</TextLine>
					<TextLine ID="P132_TL00007" HPOS="90" VPOS="299" WIDTH="846" HEIGHT="37">
						<String ID="P132_ST00050" HPOS="90" VPOS="304" WIDTH="63" HEIGHT="23" CONTENT="have" WC="0.64" CC="7060"/>
						<SP ID="P132_SP00044" HPOS="153" VPOS="327" WIDTH="15"/>
						<String ID="P132_ST00051" HPOS="168" VPOS="299" WIDTH="84" HEIGHT="36" CONTENT="Henry" WC="0.85" CC="70000"/>
						<SP ID="P132_SP00045" HPOS="252" VPOS="335" WIDTH="14"/>
						<String ID="P132_ST00052" HPOS="266" VPOS="304" WIDTH="21" HEIGHT="22" CONTENT="I." WC="1.00" CC="00"/>
						<SP ID="P132_SP00046" HPOS="287" VPOS="335" WIDTH="15"/>
						<String ID="P132_ST00053" HPOS="302" VPOS="304" WIDTH="142" HEIGHT="32" CONTENT="interfering" WC="0.80" CC="23400005600"/>
						<SP ID="P132_SP00047" HPOS="444" VPOS="336" WIDTH="20"/>
						<String ID="P132_ST00054" HPOS="464" VPOS="305" WIDTH="23" HEIGHT="22" CONTENT="in" WC="0.35" CC="57"/>
						<SP ID="P132_SP00048" HPOS="487" VPOS="336" WIDTH="21"/>
						<String ID="P132_ST00055" HPOS="508" VPOS="305" WIDTH="41" HEIGHT="22" CONTENT="the" WC="0.93" CC="020"/>
						<SP ID="P132_SP00049" HPOS="549" VPOS="336" WIDTH="20"/>
						<String ID="P132_ST00056" HPOS="569" VPOS="304" WIDTH="104" HEIGHT="23" CONTENT="election" WC="0.79" CC="03020604"/>
						<SP ID="P132_SP00050" HPOS="673" VPOS="336" WIDTH="20"/>
						<String ID="P132_ST00057" HPOS="693" VPOS="304" WIDTH="27" HEIGHT="22" CONTENT="of" WC="1.00" CC="00"/>
						<SP ID="P132_SP00051" HPOS="720" VPOS="336" WIDTH="10"/>
						<String ID="P132_ST00058" HPOS="730" VPOS="312" WIDTH="30" HEIGHT="14" CONTENT="an" WC="1.00" CC="00"/>
						<SP ID="P132_SP00052" HPOS="760" VPOS="336" WIDTH="19"/>
						<String ID="P132_ST00059" HPOS="779" VPOS="304" WIDTH="157" HEIGHT="30" CONTENT="archbishop," WC="0.85" CC="02070022200"/>
					</TextLine>
					<TextLine ID="P132_TL00008" HPOS="90" VPOS="337" WIDTH="847" HEIGHT="32">
						<String ID="P132_ST00060" HPOS="90" VPOS="337" WIDTH="49" HEIGHT="24" CONTENT="and" WC="0.63" CC="650"/>
						<SP ID="P132_SP00053" HPOS="139" VPOS="361" WIDTH="13"/>
						<String ID="P132_ST00061" HPOS="152" VPOS="337" WIDTH="127" HEIGHT="32" CONTENT="depriving" WC="0.64" CC="060177630"/>
						<SP ID="P132_SP00054" HPOS="279" VPOS="369" WIDTH="13"/>
						<String ID="P132_ST00062" HPOS="292" VPOS="338" WIDTH="40" HEIGHT="23" CONTENT="the" WC="0.80" CC="050"/>
						<SP ID="P132_SP00055" HPOS="332" VPOS="369" WIDTH="14"/>
						<String ID="P132_ST00063" HPOS="346" VPOS="339" WIDTH="100" HEIGHT="30" CONTENT="chapter" WC="0.95" CC="0000003"/>
						<SP ID="P132_SP00056" HPOS="446" VPOS="369" WIDTH="18"/>
						<String ID="P132_ST00064" HPOS="464" VPOS="337" WIDTH="28" HEIGHT="24" CONTENT="of" WC="0.92" CC="10"/>
						<SP ID="P132_SP00057" HPOS="492" VPOS="369" WIDTH="9"/>
						<String ID="P132_ST00065" HPOS="501" VPOS="338" WIDTH="63" HEIGHT="23" CONTENT="their" WC="0.64" CC="06172"/>
						<SP ID="P132_SP00058" HPOS="564" VPOS="369" WIDTH="7"/>
						<String ID="P132_ST00066" HPOS="571" VPOS="337" WIDTH="53" HEIGHT="32" CONTENT="just" WC="0.68" CC="0650"/>
						<SP ID="P132_SP00059" HPOS="624" VPOS="369" WIDTH="12"/>
						<String ID="P132_ST00067" HPOS="636" VPOS="338" WIDTH="87" HEIGHT="30" CONTENT="rights." WC="0.78" CC="5005030"/>
						<SP ID="P132_SP00060" HPOS="723" VPOS="369" WIDTH="36"/>
						<String ID="P132_ST00068" HPOS="759" VPOS="337" WIDTH="53" HEIGHT="22" CONTENT="The" WC="1.00" CC="000"/>
						<SP ID="P132_SP00061" HPOS="812" VPOS="369" WIDTH="18"/>
						<String ID="P132_ST00069" HPOS="830" VPOS="338" WIDTH="107" HEIGHT="30" CONTENT="sanctity" WC="0.91" CC="50100000"/>
					</TextLine>
					<TextLine ID="P132_TL00009" HPOS="90" VPOS="370" WIDTH="847" HEIGHT="33">
						<String ID="P132_ST00070" HPOS="90" VPOS="371" WIDTH="81" HEIGHT="23" CONTENT="which" WC="0.45" CC="96604"/>
						<SP ID="P132_SP00062" HPOS="171" VPOS="394" WIDTH="20"/>
						<String ID="P132_ST00071" HPOS="191" VPOS="371" WIDTH="108" HEIGHT="23" CONTENT="invested" WC="0.71" CC="63506000"/>
						<SP ID="P132_SP00063" HPOS="299" VPOS="394" WIDTH="18"/>
						<String ID="P132_ST00072" HPOS="317" VPOS="372" WIDTH="42" HEIGHT="23" CONTENT="the" WC="1.00" CC="000"/>
						<SP ID="P132_SP00064" HPOS="359" VPOS="395" WIDTH="18"/>
						<String ID="P132_ST00073" HPOS="377" VPOS="379" WIDTH="109" HEIGHT="24" CONTENT="memory" WC="0.91" CC="500000"/>
						<SP ID="P132_SP00065" HPOS="486" VPOS="403" WIDTH="13"/>
						<String ID="P132_ST00074" HPOS="499" VPOS="371" WIDTH="27" HEIGHT="23" CONTENT="of" WC="0.72" CC="41"/>
						<SP ID="P132_SP00066" HPOS="526" VPOS="403" WIDTH="9"/>
						<String ID="P132_ST00075" HPOS="535" VPOS="371" WIDTH="44" HEIGHT="23" CONTENT="her" WC="0.91" CC="002"/>
						<SP ID="P132_SP00067" HPOS="579" VPOS="403" WIDTH="17"/>
						<String ID="P132_ST00076" HPOS="596" VPOS="375" WIDTH="70" HEIGHT="28" CONTENT="great" WC="0.95" CC="02000"/>
						<SP ID="P132_SP00068" HPOS="666" VPOS="403" WIDTH="18"/>
						<String ID="P132_ST00077" HPOS="684" VPOS="371" WIDTH="72" HEIGHT="28" CONTENT="saint," WC="0.84" CC="010610"/>
						<SP ID="P132_SP00069" HPOS="756" VPOS="403" WIDTH="13"/>
						<String ID="P132_ST00078" HPOS="769" VPOS="370" WIDTH="47" HEIGHT="23" CONTENT="and" WC="0.82" CC="050"/>
						<SP ID="P132_SP00070" HPOS="816" VPOS="403" WIDTH="18"/>
						<String ID="P132_ST00079" HPOS="834" VPOS="370" WIDTH="64" HEIGHT="23" CONTENT="drew" WC="0.95" CC="0100"/>
						<SP ID="P132_SP00071" HPOS="898" VPOS="403" WIDTH="12"/>
						<String ID="P132_ST00080" HPOS="910" VPOS="378" WIDTH="27" HEIGHT="15" CONTENT="so" WC="0.54" CC="71"/>
					</TextLine>
					<TextLine ID="P132_TL00010" HPOS="89" VPOS="404" WIDTH="848" HEIGHT="32">
						<String ID="P132_ST00081" HPOS="89" VPOS="413" WIDTH="75" HEIGHT="23" CONTENT="many" WC="0.61" CC="7160"/>
						<SP ID="P132_SP00072" HPOS="164" VPOS="436" WIDTH="12"/>
						<String ID="P132_ST00082" HPOS="176" VPOS="405" WIDTH="120" HEIGHT="22" CONTENT="thousand" WC="0.71" CC="32344040"/>
						<SP ID="P132_SP00073" HPOS="296" VPOS="436" WIDTH="13"/>
						<String ID="P132_ST00083" HPOS="309" VPOS="405" WIDTH="154" HEIGHT="23" CONTENT="bare-footed" WC="0.90" CC="00600300000"/>
						<SP ID="P132_SP00074" HPOS="463" VPOS="436" WIDTH="12"/>
						<String ID="P132_ST00084" HPOS="475" VPOS="405" WIDTH="110" HEIGHT="31" CONTENT="pilgrims" WC="0.71" CC="05004344"/>
						<SP ID="P132_SP00075" HPOS="585" VPOS="436" WIDTH="13"/>
						<String ID="P132_ST00085" HPOS="598" VPOS="409" WIDTH="25" HEIGHT="18" CONTENT="to" WC="1.00" CC="00"/>
						<SP ID="P132_SP00076" HPOS="623" VPOS="436" WIDTH="15"/>
						<String ID="P132_ST00086" HPOS="638" VPOS="404" WIDTH="35" HEIGHT="23" CONTENT="his" WC="0.66" CC="054"/>
						<SP ID="P132_SP00077" HPOS="673" VPOS="436" WIDTH="17"/>
						<String ID="P132_ST00087" HPOS="690" VPOS="404" WIDTH="83" HEIGHT="23" CONTENT="shrine" WC="0.73" CC="450050"/>
						<String ID="P132_ST00088" HPOS="774" VPOS="418" WIDTH="32" HEIGHT="3" CONTENT="—" WC="0.20" CC="8"/>
						<String ID="P132_ST00089" HPOS="808" VPOS="407" WIDTH="48" HEIGHT="20" CONTENT="two" WC="0.54" CC="390"/>
						<SP ID="P132_SP00078" HPOS="856" VPOS="436" WIDTH="13"/>
						<String ID="P132_ST00090" HPOS="869" VPOS="404" WIDTH="68" HEIGHT="23" CONTENT="visits" WC="0.60" CC="906007"/>
					</TextLine>
					<TextLine ID="P132_TL00011" HPOS="90" VPOS="437" WIDTH="847" HEIGHT="33">
						<String ID="P132_ST00091" HPOS="90" VPOS="442" WIDTH="25" HEIGHT="20" CONTENT="to" WC="0.93" CC="01"/>
						<SP ID="P132_SP00079" HPOS="115" VPOS="462" WIDTH="15"/>
						<String ID="P132_ST00092" HPOS="130" VPOS="438" WIDTH="35" HEIGHT="24" CONTENT="St." WC="0.85" CC="400"/>
						<SP ID="P132_SP00080" HPOS="165" VPOS="462" WIDTH="9"/>
						<String ID="P132_ST00093" HPOS="174" VPOS="438" WIDTH="102" HEIGHT="23" CONTENT="David's" WC="0.79" CC="0080014"/>
						<SP ID="P132_SP00081" HPOS="276" VPOS="462" WIDTH="12"/>
						<String ID="P132_ST00094" HPOS="288" VPOS="439" WIDTH="74" HEIGHT="31" CONTENT="being" WC="0.82" CC="20060"/>
						<SP ID="P132_SP00082" HPOS="362" VPOS="470" WIDTH="13"/>
						<String ID="P132_ST00095" HPOS="375" VPOS="439" WIDTH="79" HEIGHT="30" CONTENT="equal," WC="1.00" CC="000000"/>
						<SP ID="P132_SP00083" HPOS="454" VPOS="470" WIDTH="13"/>
						<String ID="P132_ST00096" HPOS="467" VPOS="439" WIDTH="24" HEIGHT="22" CONTENT="in" WC="0.77" CC="04"/>
						<SP ID="P132_SP00084" HPOS="491" VPOS="470" WIDTH="14"/>
						<String ID="P132_ST00097" HPOS="505" VPOS="438" WIDTH="109" HEIGHT="31" CONTENT="spiritual" WC="0.74" CC="405660000"/>
						<SP ID="P132_SP00085" HPOS="614" VPOS="470" WIDTH="13"/>
						<String ID="P132_ST00098" HPOS="627" VPOS="438" WIDTH="146" HEIGHT="27" CONTENT="arithmetic," WC="0.91" CC="00004500000"/>
						<SP ID="P132_SP00086" HPOS="773" VPOS="470" WIDTH="13"/>
						<String ID="P132_ST00099" HPOS="786" VPOS="441" WIDTH="26" HEIGHT="19" CONTENT="to" WC="0.96" CC="00"/>
						<SP ID="P132_SP00087" HPOS="812" VPOS="470" WIDTH="11"/>
						<String ID="P132_ST00100" HPOS="823" VPOS="445" WIDTH="46" HEIGHT="15" CONTENT="one" WC="0.88" CC="030"/>
						<SP ID="P132_SP00088" HPOS="869" VPOS="470" WIDTH="14"/>
						<String ID="P132_ST00101" HPOS="883" VPOS="437" WIDTH="54" HEIGHT="23" CONTENT="visit" WC="0.81" CC="00720"/>
					</TextLine>
					<TextLine ID="P132_TL00012" HPOS="89" VPOS="471" WIDTH="848" HEIGHT="32">
						<String ID="P132_ST00102" HPOS="89" VPOS="475" WIDTH="26" HEIGHT="21" CONTENT="to" WC="0.92" CC="01"/>
						<SP ID="P132_SP00089" HPOS="115" VPOS="496" WIDTH="21"/>
						<String ID="P132_ST00103" HPOS="136" VPOS="472" WIDTH="79" HEIGHT="23" CONTENT="Rome" WC="0.83" CC="6000"/>
						<String ID="P132_ST00104" HPOS="223" VPOS="486" WIDTH="30" HEIGHT="3" CONTENT="—" WC="0.20" CC="8"/>
						<String ID="P132_ST00105" HPOS="258" VPOS="472" WIDTH="48" HEIGHT="23" CONTENT="had" WC="0.90" CC="200"/>
						<SP ID="P132_SP00090" HPOS="306" VPOS="496" WIDTH="19"/>
						<String ID="P132_ST00106" HPOS="325" VPOS="473" WIDTH="29" HEIGHT="23" CONTENT="its" WC="1.00" CC="000"/>
						<SP ID="P132_SP00091" HPOS="354" VPOS="496" WIDTH="17"/>
						<String ID="P132_ST00107" HPOS="371" VPOS="473" WIDTH="210" HEIGHT="23" CONTENT="inconveniences." WC="0.77" CC="060020067040060"/>
						<SP ID="P132_SP00092" HPOS="581" VPOS="496" WIDTH="37"/>
						<String ID="P132_ST00108" HPOS="618" VPOS="471" WIDTH="82" HEIGHT="24" CONTENT="There" WC="0.94" CC="00020"/>
						<SP ID="P132_SP00093" HPOS="700" VPOS="496" WIDTH="18"/>
						<String ID="P132_ST00109" HPOS="718" VPOS="479" WIDTH="61" HEIGHT="16" CONTENT="were" WC="0.67" CC="9030"/>
						<SP ID="P132_SP00094" HPOS="779" VPOS="496" WIDTH="17"/>
						<String ID="P132_ST00110" HPOS="796" VPOS="479" WIDTH="73" HEIGHT="24" CONTENT="many" WC="0.83" CC="0060"/>
						<SP ID="P132_SP00095" HPOS="869" VPOS="503" WIDTH="14"/>
						<String ID="P132_ST00111" HPOS="883" VPOS="471" WIDTH="54" HEIGHT="24" CONTENT="who" WC="0.84" CC="004"/>
					</TextLine>
					<TextLine ID="P132_TL00013" HPOS="89" VPOS="505" WIDTH="847" HEIGHT="32">
						<String ID="P132_ST00112" HPOS="89" VPOS="514" WIDTH="69" HEIGHT="16" CONTENT="came" WC="0.90" CC="0004"/>
						<SP ID="P132_SP00096" HPOS="158" VPOS="530" WIDTH="13"/>
						<String ID="P132_ST00113" HPOS="171" VPOS="507" WIDTH="22" HEIGHT="22" CONTENT="in" WC="0.65" CC="07"/>
						<SP ID="P132_SP00097" HPOS="193" VPOS="530" WIDTH="15"/>
						<String ID="P132_ST00114" HPOS="208" VPOS="507" WIDTH="101" HEIGHT="28" CONTENT="sincere," WC="0.73" CC="34530400"/>
						<SP ID="P132_SP00098" HPOS="309" VPOS="535" WIDTH="13"/>
						<String ID="P132_ST00115" HPOS="322" VPOS="506" WIDTH="45" HEIGHT="23" CONTENT="but" WC="0.90" CC="002"/>
						<SP ID="P132_SP00099" HPOS="367" VPOS="535" WIDTH="13"/>
						<String ID="P132_ST00116" HPOS="380" VPOS="510" WIDTH="42" HEIGHT="19" CONTENT="not" WC="0.73" CC="601"/>
						<SP ID="P132_SP00100" HPOS="422" VPOS="535" WIDTH="12"/>
						<String ID="P132_ST00117" HPOS="434" VPOS="514" WIDTH="14" HEIGHT="15" CONTENT="a" WC="1.00" CC="0"/>
						<SP ID="P132_SP00101" HPOS="448" VPOS="535" WIDTH="11"/>
						<String ID="P132_ST00118" HPOS="459" VPOS="506" WIDTH="45" HEIGHT="23" CONTENT="few" WC="1.00" CC="000"/>
						<SP ID="P132_SP00102" HPOS="504" VPOS="535" WIDTH="14"/>
						<String ID="P132_ST00119" HPOS="518" VPOS="507" WIDTH="23" HEIGHT="22" CONTENT="in" WC="0.68" CC="06"/>
						<SP ID="P132_SP00103" HPOS="541" VPOS="535" WIDTH="14"/>
						<String ID="P132_ST00120" HPOS="555" VPOS="505" WIDTH="129" HEIGHT="24" CONTENT="simulated" WC="0.75" CC="009060500"/>
						<SP ID="P132_SP00104" HPOS="684" VPOS="535" WIDTH="13"/>
						<String ID="P132_ST00121" HPOS="697" VPOS="506" WIDTH="75" HEIGHT="31" CONTENT="piety." WC="0.83" CC="060300"/>
						<SP ID="P132_SP00105" HPOS="772" VPOS="537" WIDTH="39"/>
						<String ID="P132_ST00122" HPOS="811" VPOS="505" WIDTH="88" HEIGHT="27" CONTENT="When," WC="0.82" CC="04031"/>
						<SP ID="P132_SP00106" HPOS="899" VPOS="537" WIDTH="13"/>
						<String ID="P132_ST00123" HPOS="912" VPOS="505" WIDTH="24" HEIGHT="23" CONTENT="in" WC="0.82" CC="30"/>
					</TextLine>
					<TextLine ID="P132_TL00014" HPOS="92" VPOS="539" WIDTH="845" HEIGHT="32">
						<String ID="P132_ST00124" HPOS="92" VPOS="540" WIDTH="73" HEIGHT="27" CONTENT="1079," WC="0.99" CC="00000"/>
						<SP ID="P132_SP00107" HPOS="165" VPOS="567" WIDTH="11"/>
						<String ID="P132_ST00125" HPOS="176" VPOS="540" WIDTH="108" HEIGHT="23" CONTENT="William" WC="0.92" CC="0000004"/>
						<SP ID="P132_SP00108" HPOS="284" VPOS="567" WIDTH="11"/>
						<String ID="P132_ST00126" HPOS="295" VPOS="540" WIDTH="40" HEIGHT="23" CONTENT="the" WC="1.00" CC="000"/>
						<SP ID="P132_SP00109" HPOS="335" VPOS="567" WIDTH="10"/>
						<String ID="P132_ST00127" HPOS="345" VPOS="539" WIDTH="145" HEIGHT="32" CONTENT="Conqueror" WC="0.78" CC="025004024"/>
						<SP ID="P132_SP00110" HPOS="490" VPOS="571" WIDTH="12"/>
						<String ID="P132_ST00128" HPOS="502" VPOS="540" WIDTH="70" HEIGHT="23" CONTENT="made" WC="1.00" CC="0000"/>
						<SP ID="P132_SP00111" HPOS="572" VPOS="571" WIDTH="13"/>
						<String ID="P132_ST00129" HPOS="585" VPOS="547" WIDTH="14" HEIGHT="16" CONTENT="a" WC="1.00" CC="0"/>
						<SP ID="P132_SP00112" HPOS="599" VPOS="571" WIDTH="13"/>
						<String ID="P132_ST00130" HPOS="612" VPOS="540" WIDTH="144" HEIGHT="30" CONTENT="pilgrimage" WC="0.68" CC="0267456000"/>
						<SP ID="P132_SP00113" HPOS="756" VPOS="571" WIDTH="11"/>
						<String ID="P132_ST00131" HPOS="767" VPOS="542" WIDTH="24" HEIGHT="21" CONTENT="to" WC="0.72" CC="50"/>
						<SP ID="P132_SP00114" HPOS="791" VPOS="571" WIDTH="14"/>
						<String ID="P132_ST00132" HPOS="805" VPOS="539" WIDTH="40" HEIGHT="23" CONTENT="the" WC="1.00" CC="000"/>
						<SP ID="P132_SP00115" HPOS="845" VPOS="571" WIDTH="11"/>
						<String ID="P132_ST00133" HPOS="856" VPOS="540" WIDTH="81" HEIGHT="22" CONTENT="shrine" WC="0.59" CC="754060"/>
					</TextLine>
					<TextLine ID="P132_TL00015" HPOS="88" VPOS="573" WIDTH="849" HEIGHT="31">
						<String ID="P132_ST00134" HPOS="88" VPOS="574" WIDTH="30" HEIGHT="23" CONTENT="of" WC="0.90" CC="20"/>
						<SP ID="P132_SP00116" HPOS="118" VPOS="597" WIDTH="20"/>
						<String ID="P132_ST00135" HPOS="138" VPOS="573" WIDTH="34" HEIGHT="24" CONTENT="St." WC="0.81" CC="500"/>
						<SP ID="P132_SP00117" HPOS="172" VPOS="597" WIDTH="15"/>
						<String ID="P132_ST00136" HPOS="187" VPOS="574" WIDTH="90" HEIGHT="27" CONTENT="David," WC="0.76" CC="009400"/>
						<SP ID="P132_SP00118" HPOS="277" VPOS="601" WIDTH="20"/>
						<String ID="P132_ST00137" HPOS="297" VPOS="574" WIDTH="17" HEIGHT="22" CONTENT="it" WC="0.98" CC="00"/>
						<SP ID="P132_SP00119" HPOS="314" VPOS="601" WIDTH="18"/>
						<String ID="P132_ST00138" HPOS="332" VPOS="581" WIDTH="49" HEIGHT="16" CONTENT="was" WC="0.78" CC="006"/>
						<SP ID="P132_SP00120" HPOS="381" VPOS="601" WIDTH="22"/>
						<String ID="P132_ST00139" HPOS="403" VPOS="577" WIDTH="43" HEIGHT="20" CONTENT="not" WC="0.57" CC="705"/>
						<SP ID="P132_SP00121" HPOS="446" VPOS="601" WIDTH="18"/>
						<String ID="P132_ST00140" HPOS="464" VPOS="581" WIDTH="60" HEIGHT="23" CONTENT="pure" WC="0.72" CC="0540"/>
						<SP ID="P132_SP00122" HPOS="524" VPOS="604" WIDTH="21"/>
						<String ID="P132_ST00141" HPOS="545" VPOS="581" WIDTH="129" HEIGHT="16" CONTENT="reverence" WC="0.94" CC="000000400"/>
						<SP ID="P132_SP00123" HPOS="674" VPOS="604" WIDTH="20"/>
						<String ID="P132_ST00142" HPOS="694" VPOS="574" WIDTH="53" HEIGHT="23" CONTENT="that" WC="0.77" CC="6200"/>
						<SP ID="P132_SP00124" HPOS="747" VPOS="604" WIDTH="23"/>
						<String ID="P132_ST00143" HPOS="770" VPOS="574" WIDTH="94" HEIGHT="22" CONTENT="carried" WC="0.83" CC="0523000"/>
						<SP ID="P132_SP00125" HPOS="864" VPOS="604" WIDTH="22"/>
						<String ID="P132_ST00144" HPOS="886" VPOS="573" WIDTH="51" HEIGHT="23" CONTENT="him" WC="0.67" CC="621"/>
					</TextLine>
					<TextLine ID="P132_TL00016" HPOS="88" VPOS="606" WIDTH="848" HEIGHT="32">
						<String ID="P132_ST00145" HPOS="88" VPOS="607" WIDTH="99" HEIGHT="23" CONTENT="thither." WC="0.80" CC="03026020"/>
						<SP ID="P132_SP00126" HPOS="187" VPOS="630" WIDTH="41"/>
						<String ID="P132_ST00146" HPOS="228" VPOS="607" WIDTH="59" HEIGHT="23" CONTENT="This" WC="0.91" CC="0003"/>
						<SP ID="P132_SP00127" HPOS="287" VPOS="630" WIDTH="22"/>
						<String ID="P132_ST00147" HPOS="309" VPOS="610" WIDTH="95" HEIGHT="27" CONTENT="pretext" WC="0.94" CC="0300000"/>
						<SP ID="P132_SP00128" HPOS="404" VPOS="637" WIDTH="21"/>
						<String ID="P132_ST00148" HPOS="425" VPOS="615" WIDTH="61" HEIGHT="23" CONTENT="gave" WC="0.81" CC="0070"/>
						<SP ID="P132_SP00129" HPOS="486" VPOS="638" WIDTH="20"/>
						<String ID="P132_ST00149" HPOS="506" VPOS="615" WIDTH="14" HEIGHT="15" CONTENT="a" WC="1.00" CC="0"/>
						<SP ID="P132_SP00130" HPOS="520" VPOS="638" WIDTH="18"/>
						<String ID="P132_ST00150" HPOS="538" VPOS="607" WIDTH="51" HEIGHT="23" CONTENT="safe" WC="0.71" CC="3340"/>
						<SP ID="P132_SP00131" HPOS="589" VPOS="638" WIDTH="20"/>
						<String ID="P132_ST00151" HPOS="609" VPOS="614" WIDTH="100" HEIGHT="23" CONTENT="passage" WC="0.82" CC="0075000"/>
						<SP ID="P132_SP00132" HPOS="709" VPOS="638" WIDTH="18"/>
						<String ID="P132_ST00152" HPOS="727" VPOS="610" WIDTH="26" HEIGHT="20" CONTENT="to" WC="0.79" CC="04"/>
						<SP ID="P132_SP00133" HPOS="753" VPOS="638" WIDTH="18"/>
						<String ID="P132_ST00153" HPOS="771" VPOS="606" WIDTH="101" HEIGHT="24" CONTENT="himself" WC="0.71" CC="6075000"/>
						<SP ID="P132_SP00134" HPOS="872" VPOS="638" WIDTH="16"/>
						<String ID="P132_ST00154" HPOS="888" VPOS="607" WIDTH="48" HEIGHT="23" CONTENT="and" WC="0.74" CC="007"/>
					</TextLine>
					<TextLine ID="P132_TL00017" HPOS="88" VPOS="640" WIDTH="848" HEIGHT="31">
						<String ID="P132_ST00155" HPOS="88" VPOS="648" WIDTH="69" HEIGHT="23" CONTENT="army" WC="0.83" CC="6000"/>
						<String ID="P132_ST00156" HPOS="166" VPOS="651" WIDTH="6" HEIGHT="17" CONTENT=";" WC="1.00" CC="0"/>
						<SP ID="P132_SP00135" HPOS="172" VPOS="671" WIDTH="18"/>
						<String ID="P132_ST00157" HPOS="190" VPOS="641" WIDTH="45" HEIGHT="22" CONTENT="but" WC="0.31" CC="964"/>
						<SP ID="P132_SP00136" HPOS="235" VPOS="671" WIDTH="13"/>
						<String ID="P132_ST00158" HPOS="248" VPOS="641" WIDTH="29" HEIGHT="22" CONTENT="he" WC="0.73" CC="50"/>
						<SP ID="P132_SP00137" HPOS="277" VPOS="671" WIDTH="14"/>
						<String ID="P132_ST00159" HPOS="291" VPOS="641" WIDTH="41" HEIGHT="22" CONTENT="did" WC="0.85" CC="400"/>
						<SP ID="P132_SP00138" HPOS="332" VPOS="671" WIDTH="15"/>
						<String ID="P132_ST00160" HPOS="347" VPOS="644" WIDTH="41" HEIGHT="19" CONTENT="not" WC="0.74" CC="601"/>
						<SP ID="P132_SP00139" HPOS="388" VPOS="671" WIDTH="13"/>
						<String ID="P132_ST00161" HPOS="401" VPOS="644" WIDTH="83" HEIGHT="19" CONTENT="return" WC="0.77" CC="000651"/>
						<SP ID="P132_SP00140" HPOS="484" VPOS="671" WIDTH="13"/>
						<String ID="P132_ST00162" HPOS="497" VPOS="641" WIDTH="103" HEIGHT="23" CONTENT="without" WC="0.77" CC="0240009"/>
						<SP ID="P132_SP00141" HPOS="600" VPOS="671" WIDTH="18"/>
						<String ID="P132_ST00163" HPOS="618" VPOS="641" WIDTH="115" HEIGHT="30" CONTENT="exacting" WC="0.75" CC="09000270"/>
						<SP ID="P132_SP00142" HPOS="733" VPOS="671" WIDTH="18"/>
						<String ID="P132_ST00164" HPOS="751" VPOS="641" WIDTH="104" HEIGHT="30" CONTENT="homage" WC="0.95" CC="020000"/>
						<SP ID="P132_SP00143" HPOS="855" VPOS="671" WIDTH="19"/>
						<String ID="P132_ST00165" HPOS="874" VPOS="640" WIDTH="62" HEIGHT="23" CONTENT="from" WC="0.76" CC="0530"/>
					</TextLine>
					<TextLine ID="P132_TL00018" HPOS="88" VPOS="674" WIDTH="846" HEIGHT="31">
						<String ID="P132_ST00166" HPOS="88" VPOS="674" WIDTH="41" HEIGHT="23" CONTENT="the" WC="0.62" CC="550"/>
						<SP ID="P132_SP00144" HPOS="129" VPOS="697" WIDTH="14"/>
						<String ID="P132_ST00167" HPOS="143" VPOS="674" WIDTH="70" HEIGHT="31" CONTENT="kings" WC="0.76" CC="06104"/>
						<SP ID="P132_SP00145" HPOS="213" VPOS="705" WIDTH="13"/>
						<String ID="P132_ST00168" HPOS="226" VPOS="674" WIDTH="48" HEIGHT="23" CONTENT="and" WC="0.76" CC="070"/>
						<SP ID="P132_SP00146" HPOS="274" VPOS="705" WIDTH="13"/>
						<String ID="P132_ST00169" HPOS="287" VPOS="674" WIDTH="94" HEIGHT="31" CONTENT="princes" WC="0.71" CC="0350055"/>
						<SP ID="P132_SP00147" HPOS="381" VPOS="705" WIDTH="14"/>
						<String ID="P132_ST00170" HPOS="395" VPOS="674" WIDTH="75" HEIGHT="23" CONTENT="ofthe" WC="0.97" CC="00010"/>
						<SP ID="P132_SP00148" HPOS="470" VPOS="705" WIDTH="13"/>
						<String ID="P132_ST00171" HPOS="483" VPOS="674" WIDTH="65" HEIGHT="23" CONTENT="land." WC="0.84" CC="20500"/>
						<SP ID="P132_SP00149" HPOS="548" VPOS="705" WIDTH="32"/>
						<String ID="P132_ST00172" HPOS="580" VPOS="674" WIDTH="47" HEIGHT="23" CONTENT="We" WC="1.00" CC="00"/>
						<SP ID="P132_SP00150" HPOS="627" VPOS="705" WIDTH="10"/>
						<String ID="P132_ST00173" HPOS="637" VPOS="674" WIDTH="31" HEIGHT="22" CONTENT="do" WC="1.00" CC="00"/>
						<SP ID="P132_SP00151" HPOS="668" VPOS="705" WIDTH="13"/>
						<String ID="P132_ST00174" HPOS="681" VPOS="679" WIDTH="43" HEIGHT="17" CONTENT="not" WC="0.64" CC="307"/>
						<SP ID="P132_SP00152" HPOS="724" VPOS="705" WIDTH="12"/>
						<String ID="P132_ST00175" HPOS="736" VPOS="674" WIDTH="55" HEIGHT="30" CONTENT="give" WC="0.61" CC="0690"/>
						<SP ID="P132_SP00153" HPOS="791" VPOS="705" WIDTH="12"/>
						<String ID="P132_ST00176" HPOS="803" VPOS="674" WIDTH="86" HEIGHT="31" CONTENT="Henry" WC="0.67" CC="50540"/>
						<SP ID="P132_SP00154" HPOS="889" VPOS="705" WIDTH="11"/>
						<String ID="P132_ST00177" HPOS="900" VPOS="674" WIDTH="34" HEIGHT="22" CONTENT="II." WC="0.59" CC="083"/>
					</TextLine>
					<TextLine ID="P132_TL00019" HPOS="88" VPOS="707" WIDTH="846" HEIGHT="32">
						<String ID="P132_ST00178" HPOS="88" VPOS="708" WIDTH="77" HEIGHT="23" CONTENT="credit" WC="0.89" CC="020003"/>
						<SP ID="P132_SP00155" HPOS="165" VPOS="731" WIDTH="13"/>
						<String ID="P132_ST00179" HPOS="178" VPOS="708" WIDTH="36" HEIGHT="22" CONTENT="for" WC="0.80" CC="023"/>
						<SP ID="P132_SP00156" HPOS="214" VPOS="731" WIDTH="15"/>
						<String ID="P132_ST00180" HPOS="229" VPOS="716" WIDTH="47" HEIGHT="23" CONTENT="any" WC="0.60" CC="029"/>
						<SP ID="P132_SP00157" HPOS="276" VPOS="739" WIDTH="14"/>
						<String ID="P132_ST00181" HPOS="290" VPOS="708" WIDTH="80" HEIGHT="23" CONTENT="better" WC="0.78" CC="900003"/>
						<SP ID="P132_SP00158" HPOS="370" VPOS="739" WIDTH="16"/>
						<String ID="P132_ST00182" HPOS="386" VPOS="708" WIDTH="102" HEIGHT="23" CONTENT="motives" WC="0.82" CC="5001005"/>
						<SP ID="P132_SP00159" HPOS="488" VPOS="739" WIDTH="17"/>
						<String ID="P132_ST00183" HPOS="505" VPOS="708" WIDTH="23" HEIGHT="22" CONTENT="in" WC="0.78" CC="40"/>
						<SP ID="P132_SP00160" HPOS="528" VPOS="739" WIDTH="18"/>
						<String ID="P132_ST00184" HPOS="546" VPOS="708" WIDTH="41" HEIGHT="23" CONTENT="the" WC="1.00" CC="000"/>
						<SP ID="P132_SP00161" HPOS="587" VPOS="739" WIDTH="18"/>
						<String ID="P132_ST00185" HPOS="605" VPOS="708" WIDTH="57" HEIGHT="22" CONTENT="visit" WC="0.59" CC="93600"/>
						<SP ID="P132_SP00162" HPOS="662" VPOS="739" WIDTH="12"/>
						<String ID="P132_ST00186" HPOS="674" VPOS="707" WIDTH="81" HEIGHT="23" CONTENT="which" WC="0.74" CC="06041"/>
						<SP ID="P132_SP00163" HPOS="755" VPOS="739" WIDTH="13"/>
						<String ID="P132_ST00187" HPOS="768" VPOS="707" WIDTH="39" HEIGHT="28" CONTENT="he," WC="0.96" CC="100"/>
						<SP ID="P132_SP00164" HPOS="807" VPOS="739" WIDTH="14"/>
						<String ID="P132_ST00188" HPOS="821" VPOS="708" WIDTH="24" HEIGHT="22" CONTENT="in" WC="1.00" CC="00"/>
						<SP ID="P132_SP00165" HPOS="845" VPOS="739" WIDTH="16"/>
						<String ID="P132_ST00189" HPOS="861" VPOS="708" WIDTH="73" HEIGHT="28" CONTENT="1171," WC="0.86" CC="01050"/>
					</TextLine>
					<TextLine ID="P132_TL00020" HPOS="88" VPOS="741" WIDTH="847" HEIGHT="32">
						<String ID="P132_ST00190" HPOS="88" VPOS="741" WIDTH="99" HEIGHT="23" CONTENT="habited" WC="0.83" CC="6040000"/>
						<SP ID="P132_SP00166" HPOS="187" VPOS="764" WIDTH="14"/>
						<String ID="P132_ST00191" HPOS="201" VPOS="749" WIDTH="25" HEIGHT="15" CONTENT="as" WC="0.64" CC="07"/>
						<SP ID="P132_SP00167" HPOS="226" VPOS="764" WIDTH="12"/>
						<String ID="P132_ST00192" HPOS="238" VPOS="749" WIDTH="15" HEIGHT="15" CONTENT="a" WC="1.00" CC="0"/>
						<SP ID="P132_SP00168" HPOS="253" VPOS="764" WIDTH="12"/>
						<String ID="P132_ST00193" HPOS="265" VPOS="741" WIDTH="104" HEIGHT="31" CONTENT="pilgrim," WC="0.88" CC="05001020"/>
						<SP ID="P132_SP00169" HPOS="369" VPOS="772" WIDTH="13"/>
						<String ID="P132_ST00194" HPOS="382" VPOS="741" WIDTH="48" HEIGHT="23" CONTENT="and" WC="0.76" CC="070"/>
						<SP ID="P132_SP00170" HPOS="430" VPOS="772" WIDTH="12"/>
						<String ID="P132_ST00195" HPOS="442" VPOS="742" WIDTH="98" HEIGHT="31" CONTENT="leaning" WC="0.65" CC="0005665"/>
						<SP ID="P132_SP00171" HPOS="540" VPOS="773" WIDTH="12"/>
						<String ID="P132_ST00196" HPOS="552" VPOS="750" WIDTH="32" HEIGHT="14" CONTENT="on" WC="0.57" CC="08"/>
						<SP ID="P132_SP00172" HPOS="584" VPOS="773" WIDTH="11"/>
						<String ID="P132_ST00197" HPOS="595" VPOS="750" WIDTH="14" HEIGHT="14" CONTENT="a" WC="1.00" CC="0"/>
						<SP ID="P132_SP00173" HPOS="609" VPOS="773" WIDTH="9"/>
						<String ID="P132_ST00198" HPOS="618" VPOS="741" WIDTH="63" HEIGHT="28" CONTENT="staff," WC="0.78" CC="660000"/>
						<SP ID="P132_SP00174" HPOS="681" VPOS="773" WIDTH="10"/>
						<String ID="P132_ST00199" HPOS="691" VPOS="741" WIDTH="57" HEIGHT="30" CONTENT="paid" WC="0.86" CC="0050"/>
						<SP ID="P132_SP00175" HPOS="748" VPOS="773" WIDTH="14"/>
						<String ID="P132_ST00200" HPOS="762" VPOS="745" WIDTH="24" HEIGHT="19" CONTENT="to" WC="0.85" CC="20"/>
						<SP ID="P132_SP00176" HPOS="786" VPOS="773" WIDTH="14"/>
						<String ID="P132_ST00201" HPOS="800" VPOS="741" WIDTH="40" HEIGHT="23" CONTENT="the" WC="0.69" CC="540"/>
						<SP ID="P132_SP00177" HPOS="840" VPOS="773" WIDTH="13"/>
						<String ID="P132_ST00202" HPOS="853" VPOS="741" WIDTH="82" HEIGHT="23" CONTENT="shrine" WC="0.69" CC="250630"/>
					</TextLine>
					<TextLine ID="P132_TL00021" HPOS="88" VPOS="774" WIDTH="848" HEIGHT="32">
						<String ID="P132_ST00203" HPOS="88" VPOS="775" WIDTH="30" HEIGHT="23" CONTENT="of" WC="1.00" CC="00"/>
						<SP ID="P132_SP00178" HPOS="118" VPOS="798" WIDTH="11"/>
						<String ID="P132_ST00204" HPOS="129" VPOS="775" WIDTH="36" HEIGHT="23" CONTENT="St." WC="1.00" CC="000"/>
						<SP ID="P132_SP00179" HPOS="165" VPOS="798" WIDTH="17"/>
						<String ID="P132_ST00205" HPOS="182" VPOS="774" WIDTH="88" HEIGHT="24" CONTENT="David." WC="0.96" CC="000002"/>
						<SP ID="P132_SP00180" HPOS="270" VPOS="798" WIDTH="39"/>
						<String ID="P132_ST00206" HPOS="309" VPOS="774" WIDTH="72" HEIGHT="31" CONTENT="Upon" WC="0.67" CC="0804"/>
						<SP ID="P132_SP00181" HPOS="381" VPOS="805" WIDTH="19"/>
						<String ID="P132_ST00207" HPOS="400" VPOS="783" WIDTH="31" HEIGHT="15" CONTENT="no" WC="1.00" CC="00"/>
						<SP ID="P132_SP00182" HPOS="431" VPOS="805" WIDTH="20"/>
						<String ID="P132_ST00208" HPOS="451" VPOS="775" WIDTH="142" HEIGHT="31" CONTENT="recognised" WC="0.84" CC="5005000400"/>
						<SP ID="P132_SP00183" HPOS="593" VPOS="806" WIDTH="20"/>
						<String ID="P132_ST00209" HPOS="613" VPOS="775" WIDTH="93" HEIGHT="23" CONTENT="church" WC="0.75" CC="066100"/>
						<SP ID="P132_SP00184" HPOS="706" VPOS="806" WIDTH="14"/>
						<String ID="P132_ST00210" HPOS="720" VPOS="775" WIDTH="119" HEIGHT="31" CONTENT="principle" WC="0.81" CC="066300000"/>
						<SP ID="P132_SP00185" HPOS="839" VPOS="806" WIDTH="18"/>
						<String ID="P132_ST00211" HPOS="857" VPOS="775" WIDTH="79" HEIGHT="31" CONTENT="ought" WC="0.85" CC="00070"/>
					</TextLine>
					<TextLine ID="P132_TL00022" HPOS="88" VPOS="808" WIDTH="847" HEIGHT="32">
						<String ID="P132_ST00212" HPOS="88" VPOS="808" WIDTH="42" HEIGHT="24" CONTENT="the" WC="1.00" CC="000"/>
						<SP ID="P132_SP00186" HPOS="130" VPOS="832" WIDTH="23"/>
						<String ID="P132_ST00213" HPOS="153" VPOS="808" WIDTH="129" HEIGHT="24" CONTENT="Cambrian" WC="0.88" CC="00710010"/>
						<SP ID="P132_SP00187" HPOS="282" VPOS="832" WIDTH="21"/>
						<String ID="P132_ST00214" HPOS="303" VPOS="812" WIDTH="26" HEIGHT="19" CONTENT="to" WC="1.00" CC="00"/>
						<SP ID="P132_SP00188" HPOS="329" VPOS="832" WIDTH="20"/>
						<String ID="P132_ST00215" HPOS="349" VPOS="808" WIDTH="62" HEIGHT="23" CONTENT="have" WC="0.78" CC="5030"/>
						<SP ID="P132_SP00189" HPOS="411" VPOS="832" WIDTH="19"/>
						<String ID="P132_ST00216" HPOS="430" VPOS="809" WIDTH="62" HEIGHT="23" CONTENT="been" WC="0.89" CC="0003"/>
						<SP ID="P132_SP00190" HPOS="492" VPOS="832" WIDTH="21"/>
						<String ID="P132_ST00217" HPOS="513" VPOS="808" WIDTH="95" HEIGHT="31" CONTENT="subject" WC="0.87" CC="2300010"/>
						<SP ID="P132_SP00191" HPOS="608" VPOS="839" WIDTH="19"/>
						<String ID="P132_ST00218" HPOS="627" VPOS="812" WIDTH="25" HEIGHT="20" CONTENT="to" WC="0.84" CC="30"/>
						<SP ID="P132_SP00192" HPOS="652" VPOS="839" WIDTH="22"/>
						<String ID="P132_ST00219" HPOS="674" VPOS="809" WIDTH="41" HEIGHT="22" CONTENT="the" WC="0.91" CC="110"/>
						<SP ID="P132_SP00193" HPOS="715" VPOS="839" WIDTH="22"/>
						<String ID="P132_ST00220" HPOS="737" VPOS="808" WIDTH="102" HEIGHT="32" CONTENT="English" WC="0.77" CC="3600130"/>
						<SP ID="P132_SP00194" HPOS="839" VPOS="840" WIDTH="25"/>
						<String ID="P132_ST00221" HPOS="864" VPOS="809" WIDTH="71" HEIGHT="22" CONTENT="arch" SUBS_TYPE="HypPart1" SUBS_CONTENT="archbishopric;" WC="0.75" CC="04060"/>
						<HYP CONTENT="-"/>
					</TextLine>
					<TextLine ID="P132_TL00023" HPOS="88" VPOS="841" WIDTH="847" HEIGHT="32">
						<String ID="P132_ST00222" HPOS="88" VPOS="842" WIDTH="137" HEIGHT="31" CONTENT="bishopric;" SUBS_TYPE="HypPart2" SUBS_CONTENT="archbishopric;" WC="0.78" CC="0007004314"/>
						<SP ID="P132_SP00195" HPOS="225" VPOS="873" WIDTH="20"/>
						<String ID="P132_ST00223" HPOS="245" VPOS="842" WIDTH="41" HEIGHT="23" CONTENT="the" WC="0.84" CC="040"/>
						<SP ID="P132_SP00196" HPOS="286" VPOS="873" WIDTH="17"/>
						<String ID="P132_ST00224" HPOS="303" VPOS="841" WIDTH="90" HEIGHT="24" CONTENT="former" WC="0.89" CC="002003"/>
						<SP ID="P132_SP00197" HPOS="393" VPOS="873" WIDTH="18"/>
						<String ID="P132_ST00225" HPOS="411" VPOS="850" WIDTH="47" HEIGHT="15" CONTENT="was" WC="0.78" CC="006"/>
						<SP ID="P132_SP00198" HPOS="458" VPOS="873" WIDTH="17"/>
						<String ID="P132_ST00226" HPOS="475" VPOS="842" WIDTH="41" HEIGHT="23" CONTENT="the" WC="0.78" CC="060"/>
						<SP ID="P132_SP00199" HPOS="516" VPOS="873" WIDTH="22"/>
						<String ID="P132_ST00227" HPOS="538" VPOS="842" WIDTH="68" HEIGHT="23" CONTENT="older" WC="0.80" CC="42002"/>
						<SP ID="P132_SP00200" HPOS="606" VPOS="873" WIDTH="18"/>
						<String ID="P132_ST00228" HPOS="624" VPOS="850" WIDTH="40" HEIGHT="14" CONTENT="see" WC="0.82" CC="500"/>
						<SP ID="P132_SP00201" HPOS="664" VPOS="873" WIDTH="19"/>
						<String ID="P132_ST00229" HPOS="683" VPOS="843" WIDTH="34" HEIGHT="30" CONTENT="by" WC="0.50" CC="90"/>
						<SP ID="P132_SP00202" HPOS="717" VPOS="873" WIDTH="12"/>
						<String ID="P132_ST00230" HPOS="729" VPOS="850" WIDTH="70" HEIGHT="15" CONTENT="more" WC="0.72" CC="1108"/>
						<SP ID="P132_SP00203" HPOS="799" VPOS="873" WIDTH="14"/>
						<String ID="P132_ST00231" HPOS="813" VPOS="842" WIDTH="59" HEIGHT="22" CONTENT="than" WC="1.00" CC="0000"/>
						<SP ID="P132_SP00204" HPOS="872" VPOS="873" WIDTH="17"/>
						<String ID="P132_ST00232" HPOS="889" VPOS="850" WIDTH="46" HEIGHT="15" CONTENT="one" WC="1.00" CC="000"/>
					</TextLine>
					<TextLine ID="P132_TL00024" HPOS="88" VPOS="875" WIDTH="848" HEIGHT="31">
						<String ID="P132_ST00233" HPOS="88" VPOS="876" WIDTH="112" HEIGHT="23" CONTENT="hundred" WC="0.70" CC="6360400"/>
						<SP ID="P132_SP00205" HPOS="200" VPOS="899" WIDTH="13"/>
						<String ID="P132_ST00234" HPOS="213" VPOS="884" WIDTH="79" HEIGHT="22" CONTENT="years," WC="0.74" CC="900500"/>
						<SP ID="P132_SP00206" HPOS="292" VPOS="906" WIDTH="14"/>
						<String ID="P132_ST00235" HPOS="306" VPOS="876" WIDTH="47" HEIGHT="23" CONTENT="and" WC="1.00" CC="000"/>
						<SP ID="P132_SP00207" HPOS="353" VPOS="906" WIDTH="21"/>
						<String ID="P132_ST00236" HPOS="374" VPOS="876" WIDTH="45" HEIGHT="22" CONTENT="had" WC="0.99" CC="000"/>
						<SP ID="P132_SP00208" HPOS="419" VPOS="906" WIDTH="18"/>
						<String ID="P132_ST00237" HPOS="437" VPOS="876" WIDTH="98" HEIGHT="30" CONTENT="always," WC="0.75" CC="0092050"/>
						<SP ID="P132_SP00209" HPOS="535" VPOS="906" WIDTH="13"/>
						<String ID="P132_ST00238" HPOS="548" VPOS="876" WIDTH="66" HEIGHT="23" CONTENT="since" WC="0.87" CC="11300"/>
						<SP ID="P132_SP00210" HPOS="614" VPOS="906" WIDTH="20"/>
						<String ID="P132_ST00239" HPOS="634" VPOS="876" WIDTH="41" HEIGHT="22" CONTENT="the" WC="0.77" CC="060"/>
						<SP ID="P132_SP00211" HPOS="675" VPOS="906" WIDTH="21"/>
						<String ID="P132_ST00240" HPOS="696" VPOS="875" WIDTH="108" HEIGHT="24" CONTENT="removal" WC="0.50" CC="6304396"/>
						<SP ID="P132_SP00212" HPOS="804" VPOS="906" WIDTH="19"/>
						<String ID="P132_ST00241" HPOS="823" VPOS="879" WIDTH="23" HEIGHT="19" CONTENT="to" WC="1.00" CC="00"/>
						<SP ID="P132_SP00213" HPOS="846" VPOS="906" WIDTH="15"/>
						<String ID="P132_ST00242" HPOS="861" VPOS="875" WIDTH="75" HEIGHT="24" CONTENT="Caer" SUBS_TYPE="HypPart1" SUBS_CONTENT="Caerleon," WC="0.59" CC="09640"/>
						<HYP CONTENT="-"/>
					</TextLine>
					<TextLine ID="P132_TL00025" HPOS="88" VPOS="909" WIDTH="847" HEIGHT="30">
						<String ID="P132_ST00243" HPOS="88" VPOS="909" WIDTH="65" HEIGHT="30" CONTENT="leon," SUBS_TYPE="HypPart2" SUBS_CONTENT="Caerleon," WC="0.89" CC="10004"/>
						<SP ID="P132_SP00214" HPOS="153" VPOS="939" WIDTH="13"/>
						<String ID="P132_ST00244" HPOS="166" VPOS="910" WIDTH="102" HEIGHT="23" CONTENT="claimed" WC="0.76" CC="0604600"/>
						<SP ID="P132_SP00215" HPOS="268" VPOS="939" WIDTH="13"/>
						<String ID="P132_ST00245" HPOS="281" VPOS="910" WIDTH="169" HEIGHT="29" CONTENT="metropolitan" WC="0.88" CC="800000100005"/>
						<SP ID="P132_SP00216" HPOS="450" VPOS="939" WIDTH="14"/>
						<String ID="P132_ST00246" HPOS="464" VPOS="909" WIDTH="160" HEIGHT="30" CONTENT="jurisdiction." WC="0.78" CC="2157000200250"/>
						<SP ID="P132_SP00217" HPOS="624" VPOS="939" WIDTH="37"/>
						<String ID="P132_ST00247" HPOS="661" VPOS="909" WIDTH="69" HEIGHT="23" CONTENT="With" WC="0.73" CC="0226"/>
						<SP ID="P132_SP00218" HPOS="730" VPOS="939" WIDTH="18"/>
						<String ID="P132_ST00248" HPOS="748" VPOS="917" WIDTH="25" HEIGHT="15" CONTENT="as" WC="0.92" CC="01"/>
						<SP ID="P132_SP00219" HPOS="773" VPOS="939" WIDTH="16"/>
						<String ID="P132_ST00249" HPOS="789" VPOS="910" WIDTH="74" HEIGHT="22" CONTENT="much" WC="0.87" CC="5000"/>
						<SP ID="P132_SP00220" HPOS="863" VPOS="939" WIDTH="20"/>
						<String ID="P132_ST00250" HPOS="883" VPOS="917" WIDTH="52" HEIGHT="16" CONTENT="rea" SUBS_TYPE="HypPart1" SUBS_CONTENT="reason," WC="0.89" CC="4000"/>
						<HYP CONTENT="-"/>
					</TextLine>
					<TextLine ID="P132_TL00026" HPOS="88" VPOS="942" WIDTH="848" HEIGHT="31">
						<String ID="P132_ST00251" HPOS="88" VPOS="950" WIDTH="52" HEIGHT="21" CONTENT="son," SUBS_TYPE="HypPart2" SUBS_CONTENT="reason," WC="0.68" CC="4240"/>
						<SP ID="P132_SP00221" HPOS="140" VPOS="971" WIDTH="14"/>
						<String ID="P132_ST00252" HPOS="154" VPOS="944" WIDTH="24" HEIGHT="22" CONTENT="in" WC="0.50" CC="36"/>
						<SP ID="P132_SP00222" HPOS="178" VPOS="971" WIDTH="15"/>
						<String ID="P132_ST00253" HPOS="193" VPOS="943" WIDTH="40" HEIGHT="23" CONTENT="the" WC="0.85" CC="400"/>
						<SP ID="P132_SP00223" HPOS="233" VPOS="971" WIDTH="14"/>
						<String ID="P132_ST00254" HPOS="247" VPOS="943" WIDTH="92" HEIGHT="24" CONTENT="United" WC="0.79" CC="056000"/>
						<SP ID="P132_SP00224" HPOS="339" VPOS="971" WIDTH="20"/>
						<String ID="P132_ST00255" HPOS="359" VPOS="943" WIDTH="127" HEIGHT="23" CONTENT="Churches" WC="0.82" CC="03032004"/>
						<SP ID="P132_SP00225" HPOS="486" VPOS="971" WIDTH="14"/>
						<String ID="P132_ST00256" HPOS="500" VPOS="943" WIDTH="28" HEIGHT="23" CONTENT="of" WC="0.91" CC="01"/>
						<SP ID="P132_SP00226" HPOS="528" VPOS="971" WIDTH="16"/>
						<String ID="P132_ST00257" HPOS="544" VPOS="943" WIDTH="113" HEIGHT="30" CONTENT="England" WC="0.75" CC="0603070"/>
						<SP ID="P132_SP00227" HPOS="657" VPOS="973" WIDTH="17"/>
						<String ID="P132_ST00258" HPOS="674" VPOS="943" WIDTH="48" HEIGHT="23" CONTENT="and" WC="0.81" CC="050"/>
						<SP ID="P132_SP00228" HPOS="722" VPOS="973" WIDTH="17"/>
						<String ID="P132_ST00259" HPOS="739" VPOS="942" WIDTH="105" HEIGHT="28" CONTENT="Ireland," WC="0.79" CC="03060700"/>
						<SP ID="P132_SP00229" HPOS="844" VPOS="973" WIDTH="14"/>
						<String ID="P132_ST00260" HPOS="858" VPOS="944" WIDTH="78" HEIGHT="29" CONTENT="might" WC="0.87" CC="10050"/>
					</TextLine>
					<TextLine ID="P132_TL00027" HPOS="88" VPOS="976" WIDTH="847" HEIGHT="32">
						<String ID="P132_ST00261" HPOS="88" VPOS="977" WIDTH="42" HEIGHT="23" CONTENT="the" WC="0.95" CC="100"/>
						<SP ID="P132_SP00230" HPOS="130" VPOS="1000" WIDTH="24"/>
						<String ID="P132_ST00262" HPOS="154" VPOS="976" WIDTH="177" HEIGHT="30" CONTENT="Metropolitan" WC="0.89" CC="010200004400"/>
						<SP ID="P132_SP00231" HPOS="331" VPOS="1006" WIDTH="19"/>
						<String ID="P132_ST00263" HPOS="350" VPOS="976" WIDTH="29" HEIGHT="24" CONTENT="of" WC="1.00" CC="00"/>
						<SP ID="P132_SP00232" HPOS="379" VPOS="1006" WIDTH="16"/>
						<String ID="P132_ST00264" HPOS="395" VPOS="977" WIDTH="111" HEIGHT="31" CONTENT="Armagh" WC="0.64" CC="096005"/>
						<SP ID="P132_SP00233" HPOS="506" VPOS="1008" WIDTH="19"/>
						<String ID="P132_ST00265" HPOS="525" VPOS="977" WIDTH="48" HEIGHT="23" CONTENT="and" WC="0.78" CC="050"/>
						<SP ID="P132_SP00234" HPOS="573" VPOS="1008" WIDTH="19"/>
						<String ID="P132_ST00266" HPOS="592" VPOS="976" WIDTH="107" HEIGHT="24" CONTENT="Primate" WC="0.72" CC="7503030"/>
						<SP ID="P132_SP00235" HPOS="699" VPOS="1008" WIDTH="19"/>
						<String ID="P132_ST00267" HPOS="718" VPOS="977" WIDTH="29" HEIGHT="23" CONTENT="be" WC="0.96" CC="00"/>
						<SP ID="P132_SP00236" HPOS="747" VPOS="1008" WIDTH="19"/>
						<String ID="P132_ST00268" HPOS="766" VPOS="977" WIDTH="71" HEIGHT="23" CONTENT="made" WC="1.00" CC="0000"/>
						<SP ID="P132_SP00237" HPOS="837" VPOS="1008" WIDTH="19"/>
						<String ID="P132_ST00269" HPOS="856" VPOS="984" WIDTH="14" HEIGHT="16" CONTENT="a" WC="1.00" CC="0"/>
						<SP ID="P132_SP00238" HPOS="870" VPOS="1008" WIDTH="18"/>
						<String ID="P132_ST00270" HPOS="888" VPOS="976" WIDTH="47" HEIGHT="24" CONTENT="suf" SUBS_TYPE="HypPart1" SUBS_CONTENT="suffragan" WC="0.76" CC="1501"/>
						<HYP CONTENT="-"/>
					</TextLine>
					<TextLine ID="P132_TL00028" HPOS="88" VPOS="1010" WIDTH="847" HEIGHT="31">
						<String ID="P132_ST00271" HPOS="88" VPOS="1010" WIDTH="84" HEIGHT="31" CONTENT="fragan" SUBS_TYPE="HypPart2" SUBS_CONTENT="suffragan" WC="0.77" CC="040206"/>
						<SP ID="P132_SP00239" HPOS="172" VPOS="1041" WIDTH="15"/>
						<String ID="P132_ST00272" HPOS="187" VPOS="1010" WIDTH="28" HEIGHT="23" CONTENT="of" WC="1.00" CC="00"/>
						<SP ID="P132_SP00240" HPOS="215" VPOS="1041" WIDTH="15"/>
						<String ID="P132_ST00273" HPOS="230" VPOS="1011" WIDTH="40" HEIGHT="22" CONTENT="the" WC="0.98" CC="000"/>
						<SP ID="P132_SP00241" HPOS="270" VPOS="1041" WIDTH="22"/>
						<String ID="P132_ST00274" HPOS="292" VPOS="1010" WIDTH="155" HEIGHT="30" CONTENT="Archbishop" WC="0.60" CC="0500766607"/>
						<SP ID="P132_SP00242" HPOS="447" VPOS="1041" WIDTH="19"/>
						<String ID="P132_ST00275" HPOS="466" VPOS="1010" WIDTH="29" HEIGHT="23" CONTENT="of" WC="1.00" CC="00"/>
						<SP ID="P132_SP00243" HPOS="495" VPOS="1041" WIDTH="16"/>
						<String ID="P132_ST00276" HPOS="511" VPOS="1010" WIDTH="162" HEIGHT="31" CONTENT="Canterbury," WC="0.87" CC="00730003000"/>
						<SP ID="P132_SP00244" HPOS="673" VPOS="1041" WIDTH="18"/>
						<String ID="P132_ST00277" HPOS="691" VPOS="1017" WIDTH="26" HEIGHT="16" CONTENT="as" WC="0.95" CC="01"/>
						<SP ID="P132_SP00245" HPOS="717" VPOS="1041" WIDTH="22"/>
						<String ID="P132_ST00278" HPOS="739" VPOS="1011" WIDTH="23" HEIGHT="21" CONTENT="in" WC="0.60" CC="07"/>
						<SP ID="P132_SP00246" HPOS="762" VPOS="1041" WIDTH="19"/>
						<String ID="P132_ST00279" HPOS="781" VPOS="1011" WIDTH="42" HEIGHT="22" CONTENT="the" WC="0.86" CC="040"/>
						<SP ID="P132_SP00247" HPOS="823" VPOS="1041" WIDTH="21"/>
						<String ID="P132_ST00280" HPOS="844" VPOS="1010" WIDTH="91" HEIGHT="24" CONTENT="United" WC="0.82" CC="050005"/>
					</TextLine>
					<TextLine ID="P132_TL00029" HPOS="89" VPOS="1043" WIDTH="846" HEIGHT="31">
						<String ID="P132_ST00281" HPOS="89" VPOS="1044" WIDTH="126" HEIGHT="23" CONTENT="Churches" WC="0.81" CC="06400002"/>
						<SP ID="P132_SP00248" HPOS="215" VPOS="1067" WIDTH="22"/>
						<String ID="P132_ST00282" HPOS="237" VPOS="1044" WIDTH="28" HEIGHT="22" CONTENT="of" WC="1.00" CC="00"/>
						<SP ID="P132_SP00249" HPOS="265" VPOS="1067" WIDTH="16"/>
						<String ID="P132_ST00283" HPOS="281" VPOS="1044" WIDTH="115" HEIGHT="30" CONTENT="England" WC="0.75" CC="0405140"/>
						<SP ID="P132_SP00250" HPOS="396" VPOS="1074" WIDTH="23"/>
						<String ID="P132_ST00284" HPOS="419" VPOS="1044" WIDTH="48" HEIGHT="22" CONTENT="and" WC="0.89" CC="030"/>
						<SP ID="P132_SP00251" HPOS="467" VPOS="1074" WIDTH="18"/>
						<String ID="P132_ST00285" HPOS="485" VPOS="1044" WIDTH="81" HEIGHT="22" CONTENT="Wales" WC="0.59" CC="09234"/>
						<SP ID="P132_SP00252" HPOS="566" VPOS="1074" WIDTH="21"/>
						<String ID="P132_ST00286" HPOS="587" VPOS="1044" WIDTH="42" HEIGHT="22" CONTENT="the" WC="0.57" CC="056"/>
						<SP ID="P132_SP00253" HPOS="629" VPOS="1074" WIDTH="21"/>
						<String ID="P132_ST00287" HPOS="650" VPOS="1043" WIDTH="177" HEIGHT="30" CONTENT="Metropolitan" WC="0.95" CC="000000000005"/>
						<SP ID="P132_SP00254" HPOS="827" VPOS="1074" WIDTH="25"/>
						<String ID="P132_ST00288" HPOS="852" VPOS="1044" WIDTH="30" HEIGHT="22" CONTENT="of" WC="0.71" CC="50"/>
						<SP ID="P132_SP00255" HPOS="882" VPOS="1074" WIDTH="18"/>
						<String ID="P132_ST00289" HPOS="900" VPOS="1044" WIDTH="35" HEIGHT="22" CONTENT="St." WC="0.86" CC="400"/>
					</TextLine>
					<TextLine ID="P132_TL00030" HPOS="88" VPOS="1077" WIDTH="845" HEIGHT="30">
						<String ID="P132_ST00290" HPOS="88" VPOS="1077" WIDTH="102" HEIGHT="22" CONTENT="David's" WC="0.64" CC="5004336"/>
						<SP ID="P132_SP00256" HPOS="190" VPOS="1099" WIDTH="13"/>
						<String ID="P132_ST00291" HPOS="203" VPOS="1077" WIDTH="30" HEIGHT="22" CONTENT="be" WC="0.93" CC="10"/>
						<SP ID="P132_SP00257" HPOS="233" VPOS="1099" WIDTH="14"/>
						<String ID="P132_ST00292" HPOS="247" VPOS="1077" WIDTH="106" HEIGHT="22" CONTENT="reduced" WC="0.83" CC="0506000"/>
						<SP ID="P132_SP00258" HPOS="353" VPOS="1099" WIDTH="14"/>
						<String ID="P132_ST00293" HPOS="367" VPOS="1080" WIDTH="25" HEIGHT="19" CONTENT="to" WC="1.00" CC="00"/>
						<SP ID="P132_SP00259" HPOS="392" VPOS="1099" WIDTH="17"/>
						<String ID="P132_ST00294" HPOS="409" VPOS="1077" WIDTH="54" HEIGHT="22" CONTENT="that" WC="1.00" CC="0000"/>
						<SP ID="P132_SP00260" HPOS="463" VPOS="1099" WIDTH="18"/>
						<String ID="P132_ST00295" HPOS="481" VPOS="1077" WIDTH="130" HEIGHT="30" CONTENT="unworthy" WC="0.72" CC="35000660"/>
						<SP ID="P132_SP00261" HPOS="611" VPOS="1107" WIDTH="12"/>
						<String ID="P132_ST00296" HPOS="623" VPOS="1077" WIDTH="47" HEIGHT="22" CONTENT="and" WC="0.81" CC="050"/>
						<SP ID="P132_SP00262" HPOS="670" VPOS="1107" WIDTH="16"/>
						<String ID="P132_ST00297" HPOS="686" VPOS="1077" WIDTH="83" HEIGHT="30" CONTENT="unjust" WC="0.63" CC="550442"/>
						<SP ID="P132_SP00263" HPOS="769" VPOS="1107" WIDTH="17"/>
						<String ID="P132_ST00298" HPOS="786" VPOS="1077" WIDTH="147" HEIGHT="30" CONTENT="subjection." WC="0.79" CC="35050000061"/>
					</TextLine>
					<TextLine ID="P132_TL00031" HPOS="88" VPOS="1105" WIDTH="849" HEIGHT="35">
						<String ID="P132_ST00299" HPOS="88" VPOS="1110" WIDTH="72" HEIGHT="22" CONTENT="Time" WC="0.96" CC="0100"/>
						<SP ID="P132_SP00264" HPOS="160" VPOS="1132" WIDTH="13"/>
						<String ID="P132_ST00300" HPOS="173" VPOS="1110" WIDTH="42" HEIGHT="22" CONTENT="has" WC="0.69" CC="305"/>
						<SP ID="P132_SP00265" HPOS="215" VPOS="1132" WIDTH="13"/>
						<String ID="P132_ST00301" HPOS="228" VPOS="1113" WIDTH="42" HEIGHT="19" CONTENT="not" WC="1.00" CC="000"/>
						<SP ID="P132_SP00266" HPOS="270" VPOS="1132" WIDTH="13"/>
						<String ID="P132_ST00302" HPOS="283" VPOS="1110" WIDTH="130" HEIGHT="22" CONTENT="weakened" WC="0.83" CC="03000702"/>
						<SP ID="P132_SP00267" HPOS="413" VPOS="1132" WIDTH="17"/>
						<String ID="P132_ST00303" HPOS="430" VPOS="1110" WIDTH="41" HEIGHT="22" CONTENT="the" WC="0.60" CC="560"/>
						<SP ID="P132_SP00268" HPOS="471" VPOS="1132" WIDTH="18"/>
						<String ID="P132_ST00304" HPOS="489" VPOS="1110" WIDTH="66" HEIGHT="23" CONTENT="force" WC="0.88" CC="10400"/>
						<SP ID="P132_SP00269" HPOS="555" VPOS="1133" WIDTH="19"/>
						<String ID="P132_ST00305" HPOS="574" VPOS="1105" WIDTH="28" HEIGHT="27" CONTENT="of" WC="1.00" CC="00"/>
						<SP ID="P132_SP00270" HPOS="602" VPOS="1133" WIDTH="10"/>
						<String ID="P132_ST00306" HPOS="612" VPOS="1110" WIDTH="41" HEIGHT="22" CONTENT="the" WC="0.77" CC="150"/>
						<SP ID="P132_SP00271" HPOS="653" VPOS="1133" WIDTH="17"/>
						<String ID="P132_ST00307" HPOS="670" VPOS="1110" WIDTH="130" HEIGHT="30" CONTENT="indignant" WC="0.77" CC="070006060"/>
						<SP ID="P132_SP00272" HPOS="800" VPOS="1140" WIDTH="12"/>
						<String ID="P132_ST00308" HPOS="812" VPOS="1111" WIDTH="77" HEIGHT="22" CONTENT="words" WC="0.78" CC="00505"/>
						<SP ID="P132_SP00273" HPOS="889" VPOS="1140" WIDTH="21"/>
						<String ID="P132_ST00309" HPOS="910" VPOS="1110" WIDTH="27" HEIGHT="23" CONTENT="of" WC="0.82" CC="02"/>
					</TextLine>
					<TextLine ID="P132_TL00032" HPOS="88" VPOS="1143" WIDTH="846" HEIGHT="33">
						<String ID="P132_ST00310" HPOS="88" VPOS="1143" WIDTH="116" HEIGHT="23" CONTENT="Giraldus" WC="0.73" CC="10003069"/>
						<SP ID="P132_SP00274" HPOS="204" VPOS="1166" WIDTH="10"/>
						<String ID="P132_ST00311" HPOS="214" VPOS="1152" WIDTH="6" HEIGHT="14" CONTENT=":" WC="1.00" CC="0"/>
						<SP ID="P132_SP00275" HPOS="220" VPOS="1166" WIDTH="20"/>
						<String ID="P132_ST00312" HPOS="240" VPOS="1146" WIDTH="14" HEIGHT="11" CONTENT='"' WC="0.95" CC="0"/>
						<SP ID="P132_SP00276" HPOS="254" VPOS="1166" WIDTH="10"/>
						<String ID="P132_ST00313" HPOS="264" VPOS="1143" WIDTH="69" HEIGHT="23" CONTENT="With" WC="0.83" CC="0402"/>
						<SP ID="P132_SP00277" HPOS="333" VPOS="1166" WIDTH="20"/>
						<String ID="P132_ST00314" HPOS="353" VPOS="1147" WIDTH="95" HEIGHT="26" CONTENT="respect" WC="0.88" CC="0060020"/>
						<SP ID="P132_SP00278" HPOS="448" VPOS="1173" WIDTH="10"/>
						<String ID="P132_ST00315" HPOS="458" VPOS="1148" WIDTH="24" HEIGHT="18" CONTENT="to" WC="1.00" CC="00"/>
						<SP ID="P132_SP00279" HPOS="482" VPOS="1173" WIDTH="13"/>
						<String ID="P132_ST00316" HPOS="495" VPOS="1143" WIDTH="41" HEIGHT="23" CONTENT="the" WC="0.81" CC="050"/>
						<SP ID="P132_SP00280" HPOS="536" VPOS="1173" WIDTH="16"/>
						<String ID="P132_ST00317" HPOS="552" VPOS="1147" WIDTH="50" HEIGHT="19" CONTENT="two" WC="0.67" CC="090"/>
						<SP ID="P132_SP00281" HPOS="602" VPOS="1173" WIDTH="12"/>
						<String ID="P132_ST00318" HPOS="614" VPOS="1151" WIDTH="52" HEIGHT="15" CONTENT="sees" WC="0.83" CC="3002"/>
						<SP ID="P132_SP00282" HPOS="666" VPOS="1173" WIDTH="13"/>
						<String ID="P132_ST00319" HPOS="679" VPOS="1143" WIDTH="27" HEIGHT="23" CONTENT="of" WC="1.00" CC="00"/>
						<SP ID="P132_SP00283" HPOS="706" VPOS="1173" WIDTH="11"/>
						<String ID="P132_ST00320" HPOS="717" VPOS="1143" WIDTH="155" HEIGHT="33" CONTENT="Canterbury" WC="0.87" CC="0000042230"/>
						<SP ID="P132_SP00284" HPOS="872" VPOS="1176" WIDTH="14"/>
						<String ID="P132_ST00321" HPOS="886" VPOS="1145" WIDTH="48" HEIGHT="23" CONTENT="and" WC="0.91" CC="020"/>
					</TextLine>
					<TextLine ID="P132_TL00033" HPOS="88" VPOS="1176" WIDTH="846" HEIGHT="32">
						<String ID="P132_ST00322" HPOS="88" VPOS="1177" WIDTH="37" HEIGHT="22" CONTENT="St." WC="0.61" CC="560"/>
						<SP ID="P132_SP00285" HPOS="125" VPOS="1199" WIDTH="12"/>
						<String ID="P132_ST00323" HPOS="137" VPOS="1176" WIDTH="110" HEIGHT="28" CONTENT="David's," WC="0.88" CC="01040030"/>
						<SP ID="P132_SP00286" HPOS="247" VPOS="1204" WIDTH="12"/>
						<String ID="P132_ST00324" HPOS="259" VPOS="1177" WIDTH="11" HEIGHT="22" CONTENT="I" WC="1.00" CC="0"/>
						<SP ID="P132_SP00287" HPOS="270" VPOS="1204" WIDTH="11"/>
						<String ID="P132_ST00325" HPOS="281" VPOS="1177" WIDTH="47" HEIGHT="22" CONTENT="will" WC="0.98" CC="0000"/>
						<SP ID="P132_SP00288" HPOS="328" VPOS="1204" WIDTH="19"/>
						<String ID="P132_ST00326" HPOS="347" VPOS="1177" WIDTH="85" HEIGHT="30" CONTENT="briefly" WC="0.85" CC="0600300"/>
						<SP ID="P132_SP00289" HPOS="432" VPOS="1207" WIDTH="15"/>
						<String ID="P132_ST00327" HPOS="447" VPOS="1177" WIDTH="96" HEIGHT="30" CONTENT="explain" WC="0.90" CC="0000006"/>
						<SP ID="P132_SP00290" HPOS="543" VPOS="1207" WIDTH="13"/>
						<String ID="P132_ST00328" HPOS="556" VPOS="1185" WIDTH="40" HEIGHT="22" CONTENT="my" WC="0.19" CC="69"/>
						<SP ID="P132_SP00291" HPOS="596" VPOS="1207" WIDTH="15"/>
						<String ID="P132_ST00329" HPOS="611" VPOS="1177" WIDTH="98" HEIGHT="29" CONTENT="opinion" WC="0.64" CC="2005465"/>
						<SP ID="P132_SP00292" HPOS="709" VPOS="1207" WIDTH="14"/>
						<String ID="P132_ST00330" HPOS="723" VPOS="1177" WIDTH="28" HEIGHT="22" CONTENT="of" WC="0.86" CC="02"/>
						<SP ID="P132_SP00293" HPOS="751" VPOS="1207" WIDTH="9"/>
						<String ID="P132_ST00331" HPOS="760" VPOS="1177" WIDTH="63" HEIGHT="23" CONTENT="their" WC="0.81" CC="03005"/>
						<SP ID="P132_SP00294" HPOS="823" VPOS="1207" WIDTH="12"/>
						<String ID="P132_ST00332" HPOS="835" VPOS="1182" WIDTH="99" HEIGHT="26" CONTENT="present" WC="0.77" CC="0504041"/>
					</TextLine>
					<TextLine ID="P132_TL00034" HPOS="88" VPOS="1210" WIDTH="847" HEIGHT="31">
						<String ID="P132_ST00333" HPOS="88" VPOS="1213" WIDTH="69" HEIGHT="20" CONTENT="state." WC="0.91" CC="500000"/>
						<SP ID="P132_SP00295" HPOS="157" VPOS="1233" WIDTH="36"/>
						<String ID="P132_ST00334" HPOS="193" VPOS="1210" WIDTH="39" HEIGHT="23" CONTENT="On" WC="0.80" CC="30"/>
						<SP ID="P132_SP00296" HPOS="232" VPOS="1233" WIDTH="20"/>
						<String ID="P132_ST00335" HPOS="252" VPOS="1218" WIDTH="45" HEIGHT="15" CONTENT="one" WC="0.84" CC="040"/>
						<SP ID="P132_SP00297" HPOS="297" VPOS="1233" WIDTH="18"/>
						<String ID="P132_ST00336" HPOS="315" VPOS="1210" WIDTH="51" HEIGHT="22" CONTENT="side" WC="0.70" CC="6500"/>
						<SP ID="P132_SP00298" HPOS="366" VPOS="1233" WIDTH="16"/>
						<String ID="P132_ST00337" HPOS="382" VPOS="1217" WIDTH="49" HEIGHT="22" CONTENT="you" WC="0.68" CC="900"/>
						<SP ID="P132_SP00299" HPOS="431" VPOS="1239" WIDTH="19"/>
						<String ID="P132_ST00338" HPOS="450" VPOS="1210" WIDTH="47" HEIGHT="22" CONTENT="will" WC="0.36" CC="9554"/>
						<SP ID="P132_SP00300" HPOS="497" VPOS="1239" WIDTH="17"/>
						<String ID="P132_ST00339" HPOS="514" VPOS="1218" WIDTH="39" HEIGHT="14" CONTENT="see" WC="0.84" CC="400"/>
						<SP ID="P132_SP00301" HPOS="553" VPOS="1239" WIDTH="18"/>
						<String ID="P132_ST00340" HPOS="571" VPOS="1210" WIDTH="67" HEIGHT="31" CONTENT="royal" WC="0.86" CC="30002"/>
						<SP ID="P132_SP00302" HPOS="638" VPOS="1241" WIDTH="17"/>
						<String ID="P132_ST00341" HPOS="655" VPOS="1210" WIDTH="94" HEIGHT="29" CONTENT="favour," WC="0.67" CC="3080351"/>
						<SP ID="P132_SP00303" HPOS="749" VPOS="1241" WIDTH="18"/>
						<String ID="P132_ST00342" HPOS="767" VPOS="1210" WIDTH="119" HEIGHT="25" CONTENT="affluence" WC="0.84" CC="500000610"/>
						<SP ID="P132_SP00304" HPOS="886" VPOS="1241" WIDTH="21"/>
						<String ID="P132_ST00343" HPOS="907" VPOS="1211" WIDTH="28" HEIGHT="24" CONTENT="of" WC="0.80" CC="30"/>
					</TextLine>
					<TextLine ID="P132_TL00035" HPOS="87" VPOS="1243" WIDTH="847" HEIGHT="32">
						<String ID="P132_ST00344" HPOS="87" VPOS="1244" WIDTH="88" HEIGHT="27" CONTENT="riches," WC="0.87" CC="3400000"/>
						<SP ID="P132_SP00305" HPOS="175" VPOS="1271" WIDTH="13"/>
						<String ID="P132_ST00345" HPOS="188" VPOS="1251" WIDTH="131" HEIGHT="15" CONTENT="numerous" WC="0.64" CC="74003336"/>
						<SP ID="P132_SP00306" HPOS="319" VPOS="1271" WIDTH="12"/>
						<String ID="P132_ST00346" HPOS="331" VPOS="1243" WIDTH="48" HEIGHT="22" CONTENT="and" WC="0.71" CC="620"/>
						<SP ID="P132_SP00307" HPOS="379" VPOS="1271" WIDTH="13"/>
						<String ID="P132_ST00347" HPOS="392" VPOS="1243" WIDTH="99" HEIGHT="31" CONTENT="opulent" WC="0.89" CC="0010060"/>
						<SP ID="P132_SP00308" HPOS="491" VPOS="1274" WIDTH="16"/>
						<String ID="P132_ST00348" HPOS="507" VPOS="1243" WIDTH="121" HEIGHT="31" CONTENT="suffragan" WC="0.82" CC="310040023"/>
						<SP ID="P132_SP00309" HPOS="628" VPOS="1274" WIDTH="18"/>
						<String ID="P132_ST00349" HPOS="646" VPOS="1244" WIDTH="110" HEIGHT="31" CONTENT="bishops," WC="0.66" CC="00460960"/>
						<SP ID="P132_SP00310" HPOS="756" VPOS="1275" WIDTH="12"/>
						<String ID="P132_ST00350" HPOS="768" VPOS="1248" WIDTH="70" HEIGHT="27" CONTENT="great" WC="0.84" CC="00034"/>
						<SP ID="P132_SP00311" HPOS="838" VPOS="1275" WIDTH="18"/>
						<String ID="P132_ST00351" HPOS="856" VPOS="1246" WIDTH="78" HEIGHT="22" CONTENT="abun" SUBS_TYPE="HypPart1" SUBS_CONTENT="abundance" WC="0.85" CC="03400"/>
						<HYP CONTENT="-"/>
					</TextLine>
					<TextLine ID="P132_TL00036" HPOS="88" VPOS="1276" WIDTH="845" HEIGHT="29">
						<String ID="P132_ST00352" HPOS="88" VPOS="1277" WIDTH="77" HEIGHT="23" CONTENT="dance" SUBS_TYPE="HypPart2" SUBS_CONTENT="abundance" WC="0.57" CC="00767"/>
						<SP ID="P132_SP00312" HPOS="165" VPOS="1300" WIDTH="17"/>
						<String ID="P132_ST00353" HPOS="182" VPOS="1277" WIDTH="28" HEIGHT="23" CONTENT="of" WC="1.00" CC="00"/>
						<SP ID="P132_SP00313" HPOS="210" VPOS="1300" WIDTH="9"/>
						<String ID="P132_ST00354" HPOS="219" VPOS="1276" WIDTH="96" HEIGHT="24" CONTENT="learned" WC="0.88" CC="0101500"/>
						<SP ID="P132_SP00314" HPOS="315" VPOS="1300" WIDTH="17"/>
						<String ID="P132_ST00355" HPOS="332" VPOS="1284" WIDTH="63" HEIGHT="20" CONTENT="men," WC="0.82" CC="6010"/>
						<SP ID="P132_SP00315" HPOS="395" VPOS="1304" WIDTH="14"/>
						<String ID="P132_ST00356" HPOS="409" VPOS="1277" WIDTH="48" HEIGHT="22" CONTENT="and" WC="0.81" CC="050"/>
						<SP ID="P132_SP00316" HPOS="457" VPOS="1304" WIDTH="18"/>
						<String ID="P132_ST00357" HPOS="475" VPOS="1276" WIDTH="52" HEIGHT="23" CONTENT="well" WC="0.71" CC="9010"/>
						<SP ID="P132_SP00317" HPOS="527" VPOS="1304" WIDTH="17"/>
						<String ID="P132_ST00358" HPOS="544" VPOS="1277" WIDTH="85" HEIGHT="22" CONTENT="skilled" WC="0.69" CC="6015007"/>
						<SP ID="P132_SP00318" HPOS="629" VPOS="1304" WIDTH="18"/>
						<String ID="P132_ST00359" HPOS="647" VPOS="1277" WIDTH="24" HEIGHT="22" CONTENT="in" WC="0.50" CC="36"/>
						<SP ID="P132_SP00319" HPOS="671" VPOS="1304" WIDTH="20"/>
						<String ID="P132_ST00360" HPOS="691" VPOS="1277" WIDTH="42" HEIGHT="23" CONTENT="the" WC="0.71" CC="160"/>
						<SP ID="P132_SP00320" HPOS="733" VPOS="1304" WIDTH="18"/>
						<String ID="P132_ST00361" HPOS="751" VPOS="1278" WIDTH="57" HEIGHT="23" CONTENT="laws" WC="0.83" CC="6000"/>
						<SP ID="P132_SP00321" HPOS="808" VPOS="1304" WIDTH="11"/>
						<String ID="P132_ST00362" HPOS="819" VPOS="1288" WIDTH="5" HEIGHT="17" CONTENT=";" WC="1.00" CC="0"/>
						<SP ID="P132_SP00322" HPOS="824" VPOS="1305" WIDTH="20"/>
						<String ID="P132_ST00363" HPOS="844" VPOS="1287" WIDTH="29" HEIGHT="14" CONTENT="on" WC="0.67" CC="06"/>
						<SP ID="P132_SP00323" HPOS="873" VPOS="1305" WIDTH="20"/>
						<String ID="P132_ST00364" HPOS="893" VPOS="1279" WIDTH="40" HEIGHT="23" CONTENT="the" WC="0.84" CC="202"/>
					</TextLine>
					<TextLine ID="P132_TL00037" HPOS="88" VPOS="1309" WIDTH="845" HEIGHT="34">
						<String ID="P132_ST00365" HPOS="88" VPOS="1311" WIDTH="71" HEIGHT="23" CONTENT="other" WC="0.71" CC="20605"/>
						<SP ID="P132_SP00324" HPOS="159" VPOS="1334" WIDTH="12"/>
						<String ID="P132_ST00366" HPOS="171" VPOS="1311" WIDTH="59" HEIGHT="27" CONTENT="side," WC="0.61" CC="35900"/>
						<SP ID="P132_SP00325" HPOS="230" VPOS="1338" WIDTH="13"/>
						<String ID="P132_ST00367" HPOS="243" VPOS="1319" WIDTH="14" HEIGHT="14" CONTENT="a" WC="1.00" CC="0"/>
						<SP ID="P132_SP00326" HPOS="257" VPOS="1338" WIDTH="13"/>
						<String ID="P132_ST00368" HPOS="270" VPOS="1310" WIDTH="134" HEIGHT="31" CONTENT="deficiency" WC="0.88" CC="0000060500"/>
						<SP ID="P132_SP00327" HPOS="404" VPOS="1341" WIDTH="13"/>
						<String ID="P132_ST00369" HPOS="417" VPOS="1309" WIDTH="28" HEIGHT="23" CONTENT="of" WC="1.00" CC="00"/>
						<SP ID="P132_SP00328" HPOS="445" VPOS="1341" WIDTH="9"/>
						<String ID="P132_ST00370" HPOS="454" VPOS="1310" WIDTH="32" HEIGHT="22" CONTENT="all" WC="0.66" CC="504"/>
						<SP ID="P132_SP00329" HPOS="486" VPOS="1341" WIDTH="13"/>
						<String ID="P132_ST00371" HPOS="499" VPOS="1310" WIDTH="67" HEIGHT="23" CONTENT="these" WC="0.85" CC="05010"/>
						<SP ID="P132_SP00330" HPOS="566" VPOS="1341" WIDTH="18"/>
						<String ID="P132_ST00372" HPOS="584" VPOS="1311" WIDTH="89" HEIGHT="31" CONTENT="things," WC="0.75" CC="0030064"/>
						<SP ID="P132_SP00331" HPOS="673" VPOS="1342" WIDTH="15"/>
						<String ID="P132_ST00373" HPOS="688" VPOS="1312" WIDTH="46" HEIGHT="22" CONTENT="and" WC="1.00" CC="000"/>
						<SP ID="P132_SP00332" HPOS="734" VPOS="1342" WIDTH="15"/>
						<String ID="P132_ST00374" HPOS="749" VPOS="1320" WIDTH="14" HEIGHT="14" CONTENT="a" WC="1.00" CC="0"/>
						<SP ID="P132_SP00333" HPOS="763" VPOS="1342" WIDTH="12"/>
						<String ID="P132_ST00375" HPOS="775" VPOS="1312" WIDTH="60" HEIGHT="23" CONTENT="total" WC="0.76" CC="05005"/>
						<SP ID="P132_SP00334" HPOS="835" VPOS="1342" WIDTH="17"/>
						<String ID="P132_ST00376" HPOS="852" VPOS="1313" WIDTH="81" HEIGHT="30" CONTENT="priva" SUBS_TYPE="HypPart1" SUBS_CONTENT="privation" WC="0.90" CC="000500"/>
						<HYP CONTENT="-"/>
					</TextLine>
					<TextLine ID="P132_TL00038" HPOS="88" VPOS="1343" WIDTH="846" HEIGHT="33">
						<String ID="P132_ST00377" HPOS="88" VPOS="1345" WIDTH="50" HEIGHT="23" CONTENT="tion" SUBS_TYPE="HypPart2" SUBS_CONTENT="privation" WC="0.53" CC="2654"/>
						<SP ID="P132_SP00335" HPOS="138" VPOS="1368" WIDTH="18"/>
						<String ID="P132_ST00378" HPOS="156" VPOS="1344" WIDTH="27" HEIGHT="23" CONTENT="of" WC="0.77" CC="40"/>
						<SP ID="P132_SP00336" HPOS="183" VPOS="1368" WIDTH="11"/>
						<String ID="P132_ST00379" HPOS="194" VPOS="1344" WIDTH="94" HEIGHT="32" CONTENT="justice," WC="0.80" CC="10433002"/>
						<SP ID="P132_SP00337" HPOS="288" VPOS="1376" WIDTH="14"/>
						<String ID="P132_ST00380" HPOS="302" VPOS="1352" WIDTH="30" HEIGHT="14" CONTENT="on" WC="0.64" CC="07"/>
						<SP ID="P132_SP00338" HPOS="332" VPOS="1376" WIDTH="14"/>
						<String ID="P132_ST00381" HPOS="346" VPOS="1343" WIDTH="77" HEIGHT="23" CONTENT="which" WC="0.60" CC="84600"/>
						<SP ID="P132_SP00339" HPOS="423" VPOS="1376" WIDTH="18"/>
						<String ID="P132_ST00382" HPOS="441" VPOS="1348" WIDTH="105" HEIGHT="18" CONTENT="account" WC="0.90" CC="0000006"/>
						<SP ID="P132_SP00340" HPOS="546" VPOS="1376" WIDTH="17"/>
						<String ID="P132_ST00383" HPOS="563" VPOS="1344" WIDTH="40" HEIGHT="22" CONTENT="the" WC="0.65" CC="540"/>
						<SP ID="P132_SP00341" HPOS="603" VPOS="1376" WIDTH="17"/>
						<String ID="P132_ST00384" HPOS="620" VPOS="1353" WIDTH="116" HEIGHT="23" CONTENT="recovery" WC="0.79" CC="50009010"/>
						<SP ID="P132_SP00342" HPOS="736" VPOS="1376" WIDTH="16"/>
						<String ID="P132_ST00385" HPOS="752" VPOS="1345" WIDTH="27" HEIGHT="23" CONTENT="of" WC="1.00" CC="00"/>
						<SP ID="P132_SP00343" HPOS="779" VPOS="1376" WIDTH="9"/>
						<String ID="P132_ST00386" HPOS="788" VPOS="1346" WIDTH="29" HEIGHT="23" CONTENT="its" WC="0.58" CC="057"/>
						<SP ID="P132_SP00344" HPOS="817" VPOS="1376" WIDTH="19"/>
						<String ID="P132_ST00387" HPOS="836" VPOS="1347" WIDTH="98" HEIGHT="23" CONTENT="ancient" WC="0.84" CC="0000046"/>
					</TextLine>
					<TextLine ID="P132_TL00039" HPOS="88" VPOS="1377" WIDTH="845" HEIGHT="34">
						<String ID="P132_ST00388" HPOS="88" VPOS="1378" WIDTH="77" HEIGHT="31" CONTENT="rights" WC="0.68" CC="500706"/>
						<SP ID="P132_SP00345" HPOS="165" VPOS="1409" WIDTH="10"/>
						<String ID="P132_ST00389" HPOS="175" VPOS="1378" WIDTH="48" HEIGHT="23" CONTENT="will" WC="0.76" CC="0152"/>
						<SP ID="P132_SP00346" HPOS="223" VPOS="1409" WIDTH="13"/>
						<String ID="P132_ST00390" HPOS="236" VPOS="1381" WIDTH="42" HEIGHT="20" CONTENT="not" WC="0.73" CC="601"/>
						<SP ID="P132_SP00347" HPOS="278" VPOS="1409" WIDTH="13"/>
						<String ID="P132_ST00391" HPOS="291" VPOS="1377" WIDTH="73" HEIGHT="31" CONTENT="easily" WC="0.75" CC="205600"/>
						<SP ID="P132_SP00348" HPOS="364" VPOS="1409" WIDTH="12"/>
						<String ID="P132_ST00392" HPOS="376" VPOS="1377" WIDTH="31" HEIGHT="23" CONTENT="be" WC="0.86" CC="20"/>
						<SP ID="P132_SP00349" HPOS="407" VPOS="1409" WIDTH="12"/>
						<String ID="P132_ST00393" HPOS="419" VPOS="1377" WIDTH="110" HEIGHT="27" CONTENT="effected," WC="0.99" CC="000000000"/>
						<SP ID="P132_SP00350" HPOS="529" VPOS="1409" WIDTH="14"/>
						<String ID="P132_ST00394" HPOS="543" VPOS="1377" WIDTH="45" HEIGHT="23" CONTENT="but" WC="0.85" CC="040"/>
						<SP ID="P132_SP00351" HPOS="588" VPOS="1409" WIDTH="13"/>
						<String ID="P132_ST00395" HPOS="601" VPOS="1378" WIDTH="31" HEIGHT="31" CONTENT="by" WC="0.71" CC="50"/>
						<SP ID="P132_SP00352" HPOS="632" VPOS="1409" WIDTH="15"/>
						<String ID="P132_ST00396" HPOS="647" VPOS="1387" WIDTH="82" HEIGHT="14" CONTENT="means" WC="0.62" CC="61055"/>
						<SP ID="P132_SP00353" HPOS="729" VPOS="1409" WIDTH="14"/>
						<String ID="P132_ST00397" HPOS="743" VPOS="1378" WIDTH="28" HEIGHT="24" CONTENT="of" WC="1.00" CC="00"/>
						<SP ID="P132_SP00354" HPOS="771" VPOS="1409" WIDTH="9"/>
						<String ID="P132_ST00398" HPOS="780" VPOS="1380" WIDTH="71" HEIGHT="23" CONTENT="those" WC="0.79" CC="04040"/>
						<SP ID="P132_SP00355" HPOS="851" VPOS="1409" WIDTH="13"/>
						<String ID="P132_ST00399" HPOS="864" VPOS="1383" WIDTH="69" HEIGHT="28" CONTENT="great" WC="0.65" CC="74301"/>
					</TextLine>
					<TextLine ID="P132_TL00040" HPOS="88" VPOS="1411" WIDTH="845" HEIGHT="33">
						<String ID="P132_ST00400" HPOS="88" VPOS="1412" WIDTH="106" HEIGHT="30" CONTENT="changes" WC="0.72" CC="0605006"/>
						<SP ID="P132_SP00356" HPOS="194" VPOS="1442" WIDTH="21"/>
						<String ID="P132_ST00401" HPOS="215" VPOS="1412" WIDTH="47" HEIGHT="22" CONTENT="and" WC="0.80" CC="050"/>
						<SP ID="P132_SP00357" HPOS="262" VPOS="1442" WIDTH="20"/>
						<String ID="P132_ST00402" HPOS="282" VPOS="1411" WIDTH="150" HEIGHT="23" CONTENT="vicissitudes" WC="0.70" CC="060373440006"/>
						<SP ID="P132_SP00358" HPOS="432" VPOS="1442" WIDTH="20"/>
						<String ID="P132_ST00403" HPOS="452" VPOS="1411" WIDTH="78" HEIGHT="23" CONTENT="which" WC="1.00" CC="00000"/>
						<SP ID="P132_SP00359" HPOS="530" VPOS="1442" WIDTH="23"/>
						<String ID="P132_ST00404" HPOS="553" VPOS="1411" WIDTH="128" HEIGHT="31" CONTENT="kingdoms" WC="0.77" CC="01380040"/>
						<SP ID="P132_SP00360" HPOS="681" VPOS="1442" WIDTH="21"/>
						<String ID="P132_ST00405" HPOS="702" VPOS="1413" WIDTH="146" HEIGHT="31" CONTENT="experience" WC="0.85" CC="0003550000"/>
						<SP ID="P132_SP00361" HPOS="848" VPOS="1444" WIDTH="22"/>
						<String ID="P132_ST00406" HPOS="870" VPOS="1413" WIDTH="63" HEIGHT="23" CONTENT="from" WC="0.86" CC="0130"/>
					</TextLine>
					<TextLine ID="P132_TL00041" HPOS="87" VPOS="1444" WIDTH="456" HEIGHT="30">
						<String ID="P132_ST00407" HPOS="87" VPOS="1446" WIDTH="97" HEIGHT="23" CONTENT="various" WC="0.72" CC="1016090"/>
						<SP ID="P132_SP00362" HPOS="184" VPOS="1469" WIDTH="13"/>
						<String ID="P132_ST00408" HPOS="197" VPOS="1445" WIDTH="46" HEIGHT="24" CONTENT="and" WC="0.80" CC="050"/>
						<SP ID="P132_SP00363" HPOS="243" VPOS="1469" WIDTH="13"/>
						<String ID="P132_ST00409" HPOS="256" VPOS="1444" WIDTH="150" HEIGHT="30" CONTENT="unexpected" WC="0.97" CC="0000000300"/>
						<SP ID="P132_SP00364" HPOS="406" VPOS="1474" WIDTH="13"/>
						<String ID="P132_ST00410" HPOS="419" VPOS="1444" WIDTH="124" HEIGHT="24" CONTENT='events."*' WC="0.86" CC="000604000"/>
					</TextLine>
				</TextBlock>
				<TextBlock ID="P132_TB00004" HPOS="319" VPOS="1520" WIDTH="376" HEIGHT="26" STYLEREFS="TXT_1 PAR_CENTER">
					<TextLine ID="P132_TL00042" HPOS="320" VPOS="1520" WIDTH="375" HEIGHT="26">
						<String ID="P132_ST00411" HPOS="320" VPOS="1521" WIDTH="11" HEIGHT="13" CONTENT="*" WC="1.00" CC="0"/>
						<SP ID="P132_SP00365" HPOS="331" VPOS="1534" WIDTH="16"/>
						<String ID="P132_ST00412" HPOS="347" VPOS="1520" WIDTH="88" HEIGHT="21" CONTENT="Hoare's" WC="0.75" CC="1024404"/>
						<SP ID="P132_SP00366" HPOS="435" VPOS="1541" WIDTH="11"/>
						<String ID="P132_ST00413" HPOS="446" VPOS="1520" WIDTH="100" HEIGHT="26" CONTENT="Giraldus," WC="0.62" CC="502660660"/>
						<SP ID="P132_SP00367" HPOS="546" VPOS="1546" WIDTH="11"/>
						<String ID="P132_ST00414" HPOS="557" VPOS="1522" WIDTH="42" HEIGHT="19" CONTENT="vol." WC="0.85" CC="0500"/>
						<SP ID="P132_SP00368" HPOS="599" VPOS="1546" WIDTH="11"/>
						<String ID="P132_ST00415" HPOS="610" VPOS="1522" WIDTH="21" HEIGHT="19" CONTENT="ii." WC="0.83" CC="040"/>
						<SP ID="P132_SP00369" HPOS="631" VPOS="1546" WIDTH="12"/>
						<String ID="P132_ST00416" HPOS="643" VPOS="1529" WIDTH="22" HEIGHT="17" CONTENT="p." WC="1.00" CC="00"/>
						<SP ID="P132_SP00370" HPOS="665" VPOS="1546" WIDTH="11"/>
						<String ID="P132_ST00417" HPOS="676" VPOS="1522" WIDTH="19" HEIGHT="19" CONTENT="6." WC="0.93" CC="01"/>
					</TextLine>
				</TextBlock>
			</PrintSpace>
		</Page>
	</Layout>
</alto>
