<?xml version="1.0" encoding="UTF-8"?>
<alto xmlns:xsi="http://www.w3.org/2001/XMLSchema-instance" xsi:noNamespaceSchemaLocation="http://www.bl.uk/schemas/alto/alto-1-4.xsd" xmlns:xlink="http://www.w3.org/1999/xlink">
	<Description>
		<MeasurementUnit>mm10</MeasurementUnit>
		<sourceImageInformation>
			<fileName>//head1/IN/2008-22/A0011651692/008474.jp2</fileName>
		</sourceImageInformation>
		<OCRProcessing ID="OCRPROCESSING_1">
			<preProcessingStep>
				<processingSoftware>
					<softwareCreator>CCS Content Conversion Specialists GmbH, Germany</softwareCreator>
					<softwareName>CCS docWORKS</softwareName>
					<softwareVersion>6.1-0.67</softwareVersion>
				</processingSoftware>
			</preProcessingStep>
			<ocrProcessingStep>
				<processingSoftware>
					<softwareCreator>ABBYY (BIT Software), Russia</softwareCreator>
					<softwareName>Finereader</softwareName>
				</processingSoftware>
			</ocrProcessingStep>
		</OCRProcessing>
	</Description>
	<Styles>
		<TextStyle ID="TXT_0" FONTSIZE="10" FONTFAMILY="Courier New"/>
		<TextStyle ID="TXT_1" FONTSIZE="9" FONTFAMILY="Courier New"/>
		<ParagraphStyle ID="PAR_LEFT" ALIGN="Left"/>
		<ParagraphStyle ID="PAR_RIGHT" ALIGN="Right"/>
		<ParagraphStyle ID="PAR_CENTER" ALIGN="Center"/>
	</Styles>
	<Layout>
		<Page ID="P86" PHYSICAL_IMG_NR="86" HEIGHT="1619" WIDTH="1023" PRINTED_IMG_NR="72" POSITION="Left" ACCURACY="77.39">
			<TopMargin ID="P86_TM00001" HPOS="0" VPOS="0" WIDTH="1022" HEIGHT="121">
				<TextBlock ID="P86_TB00001" HPOS="120" VPOS="93" WIDTH="32" HEIGHT="23" STYLEREFS="TXT_0 PAR_LEFT">
					<TextLine ID="P86_TL00001" HPOS="120" VPOS="93" WIDTH="32" HEIGHT="23">
						<String ID="P86_ST00001" HPOS="120" VPOS="93" WIDTH="32" HEIGHT="23" CONTENT="72" WC="1.00" CC="00"/>
					</TextLine>
				</TextBlock>
				<TextBlock ID="P86_TB00002" HPOS="386" VPOS="104" WIDTH="305" HEIGHT="17" STYLEREFS="TXT_1 PAR_RIGHT">
					<TextLine ID="P86_TL00002" HPOS="387" VPOS="105" WIDTH="304" HEIGHT="16">
						<String ID="P86_ST00002" HPOS="387" VPOS="105" WIDTH="53" HEIGHT="16" CONTENT="THE" WC="0.47" CC="906"/>
						<SP ID="P86_SP00001" HPOS="440" VPOS="121" WIDTH="14"/>
						<String ID="P86_ST00003" HPOS="454" VPOS="105" WIDTH="82" HEIGHT="16" CONTENT="KINGS" WC="0.67" CC="05073"/>
						<SP ID="P86_SP00002" HPOS="536" VPOS="121" WIDTH="14"/>
						<String ID="P86_ST00004" HPOS="550" VPOS="105" WIDTH="32" HEIGHT="16" CONTENT="OF" WC="0.86" CC="02"/>
						<SP ID="P86_SP00003" HPOS="582" VPOS="121" WIDTH="15"/>
						<String ID="P86_ST00005" HPOS="597" VPOS="105" WIDTH="94" HEIGHT="16" CONTENT="WALES." WC="0.42" CC="990573"/>
					</TextLine>
				</TextBlock>
			</TopMargin>
			<LeftMargin ID="P86_LM00001" HPOS="0" VPOS="118" WIDTH="111" HEIGHT="1389"/>
			<RightMargin ID="P86_RM00001" HPOS="966" VPOS="118" WIDTH="56" HEIGHT="1389"/>
			<BottomMargin ID="P86_BM00001" HPOS="0" VPOS="1507" WIDTH="1022" HEIGHT="111"/>
			<PrintSpace ID="P86_PS00001" HPOS="111" VPOS="118" WIDTH="855" HEIGHT="1389">
				<TextBlock ID="P86_TB00003" HPOS="111" VPOS="157" WIDTH="855" HEIGHT="1281" STYLEREFS="TXT_1 PAR_LEFT">
					<TextLine ID="P86_TL00003" HPOS="120" VPOS="157" WIDTH="846" HEIGHT="37">
						<String ID="P86_ST00006" HPOS="120" VPOS="160" WIDTH="100" HEIGHT="22" CONTENT="wisdom" WC="0.83" CC="900000"/>
						<SP ID="P86_SP00004" HPOS="220" VPOS="182" WIDTH="13"/>
						<String ID="P86_ST00007" HPOS="233" VPOS="160" WIDTH="49" HEIGHT="23" CONTENT="and" WC="0.75" CC="070"/>
						<SP ID="P86_SP00005" HPOS="282" VPOS="183" WIDTH="11"/>
						<String ID="P86_ST00008" HPOS="293" VPOS="160" WIDTH="110" HEIGHT="33" CONTENT="learning" WC="0.74" CC="40005630"/>
						<SP ID="P86_SP00006" HPOS="403" VPOS="193" WIDTH="8"/>
						<String ID="P86_ST00009" HPOS="411" VPOS="162" WIDTH="62" HEIGHT="23" CONTENT="from" WC="0.89" CC="0400"/>
						<SP ID="P86_SP00007" HPOS="473" VPOS="193" WIDTH="9"/>
						<String ID="P86_ST00010" HPOS="482" VPOS="171" WIDTH="72" HEIGHT="23" CONTENT="every" WC="0.91" CC="01030"/>
						<SP ID="P86_SP00008" HPOS="554" VPOS="194" WIDTH="11"/>
						<String ID="P86_ST00011" HPOS="565" VPOS="162" WIDTH="150" HEIGHT="24" CONTENT="commote.*" WC="0.75" CC="003900530"/>
						<SP ID="P86_SP00009" HPOS="715" VPOS="194" WIDTH="36"/>
						<String ID="P86_ST00012" HPOS="751" VPOS="160" WIDTH="55" HEIGHT="22" CONTENT="The" WC="0.76" CC="070"/>
						<SP ID="P86_SP00010" HPOS="806" VPOS="194" WIDTH="11"/>
						<String ID="P86_ST00013" HPOS="817" VPOS="157" WIDTH="149" HEIGHT="25" CONTENT="convention" WC="0.90" CC="0200000025"/>
					</TextLine>
					<TextLine ID="P86_TL00004" HPOS="120" VPOS="193" WIDTH="846" HEIGHT="34">
						<String ID="P86_ST00014" HPOS="120" VPOS="201" WIDTH="48" HEIGHT="15" CONTENT="was" WC="0.47" CC="905"/>
						<SP ID="P86_SP00011" HPOS="168" VPOS="216" WIDTH="13"/>
						<String ID="P86_ST00015" HPOS="181" VPOS="195" WIDTH="142" HEIGHT="23" CONTENT="summoned" WC="0.76" CC="47000700"/>
						<SP ID="P86_SP00012" HPOS="323" VPOS="218" WIDTH="14"/>
						<String ID="P86_ST00016" HPOS="337" VPOS="201" WIDTH="24" HEIGHT="17" CONTENT="at" WC="0.77" CC="04"/>
						<SP ID="P86_SP00013" HPOS="361" VPOS="218" WIDTH="13"/>
						<String ID="P86_ST00017" HPOS="374" VPOS="196" WIDTH="40" HEIGHT="22" CONTENT="the" WC="1.00" CC="000"/>
						<SP ID="P86_SP00014" HPOS="414" VPOS="218" WIDTH="11"/>
						<String ID="P86_ST00018" HPOS="425" VPOS="197" WIDTH="134" HEIGHT="30" CONTENT="beginning" WC="0.72" CC="000703670"/>
						<SP ID="P86_SP00015" HPOS="559" VPOS="227" WIDTH="14"/>
						<String ID="P86_ST00019" HPOS="573" VPOS="196" WIDTH="28" HEIGHT="23" CONTENT="of" WC="1.00" CC="00"/>
						<SP ID="P86_SP00016" HPOS="601" VPOS="227" WIDTH="7"/>
						<String ID="P86_ST00020" HPOS="608" VPOS="195" WIDTH="71" HEIGHT="27" CONTENT="Lent," WC="0.68" CC="02840"/>
						<SP ID="P86_SP00017" HPOS="679" VPOS="227" WIDTH="11"/>
						<String ID="P86_ST00021" HPOS="690" VPOS="195" WIDTH="46" HEIGHT="23" CONTENT="but" WC="0.58" CC="453"/>
						<SP ID="P86_SP00018" HPOS="736" VPOS="227" WIDTH="14"/>
						<String ID="P86_ST00022" HPOS="750" VPOS="201" WIDTH="31" HEIGHT="15" CONTENT="no" WC="0.52" CC="53"/>
						<SP ID="P86_SP00019" HPOS="781" VPOS="227" WIDTH="14"/>
						<String ID="P86_ST00023" HPOS="795" VPOS="193" WIDTH="111" HEIGHT="22" CONTENT="business" WC="0.65" CC="70901043"/>
						<SP ID="P86_SP00020" HPOS="906" VPOS="227" WIDTH="12"/>
						<String ID="P86_ST00024" HPOS="918" VPOS="199" WIDTH="48" HEIGHT="16" CONTENT="was" WC="0.48" CC="086"/>
					</TextLine>
					<TextLine ID="P86_TL00005" HPOS="120" VPOS="225" WIDTH="846" HEIGHT="28">
						<String ID="P86_ST00025" HPOS="120" VPOS="228" WIDTH="138" HEIGHT="23" CONTENT="transacted" WC="0.73" CC="0004657300"/>
						<SP ID="P86_SP00021" HPOS="258" VPOS="251" WIDTH="13"/>
						<String ID="P86_ST00026" HPOS="271" VPOS="228" WIDTH="35" HEIGHT="22" CONTENT="till" WC="0.83" CC="6000"/>
						<SP ID="P86_SP00022" HPOS="306" VPOS="251" WIDTH="13"/>
						<String ID="P86_ST00027" HPOS="319" VPOS="229" WIDTH="40" HEIGHT="23" CONTENT="the" WC="0.80" CC="050"/>
						<SP ID="P86_SP00023" HPOS="359" VPOS="252" WIDTH="12"/>
						<String ID="P86_ST00028" HPOS="371" VPOS="229" WIDTH="63" HEIGHT="24" CONTENT="close" WC="0.61" CC="43190"/>
						<SP ID="P86_SP00024" HPOS="434" VPOS="253" WIDTH="13"/>
						<String ID="P86_ST00029" HPOS="447" VPOS="230" WIDTH="28" HEIGHT="23" CONTENT="of" WC="0.73" CC="50"/>
						<SP ID="P86_SP00025" HPOS="475" VPOS="253" WIDTH="11"/>
						<String ID="P86_ST00030" HPOS="486" VPOS="230" WIDTH="40" HEIGHT="23" CONTENT="the" WC="0.76" CC="070"/>
						<SP ID="P86_SP00026" HPOS="526" VPOS="253" WIDTH="9"/>
						<String ID="P86_ST00031" HPOS="535" VPOS="230" WIDTH="85" HEIGHT="23" CONTENT="sacred" WC="0.88" CC="700000"/>
						<SP ID="P86_SP00027" HPOS="620" VPOS="253" WIDTH="10"/>
						<String ID="P86_ST00032" HPOS="630" VPOS="236" WIDTH="94" HEIGHT="16" CONTENT="season." WC="0.78" CC="5005040"/>
						<SP ID="P86_SP00028" HPOS="724" VPOS="253" WIDTH="37"/>
						<String ID="P86_ST00033" HPOS="761" VPOS="226" WIDTH="84" HEIGHT="24" CONTENT="While" WC="0.86" CC="06000"/>
						<SP ID="P86_SP00029" HPOS="845" VPOS="253" WIDTH="13"/>
						<String ID="P86_ST00034" HPOS="858" VPOS="226" WIDTH="20" HEIGHT="22" CONTENT="it" WC="0.85" CC="20"/>
						<SP ID="P86_SP00030" HPOS="878" VPOS="253" WIDTH="11"/>
						<String ID="P86_ST00035" HPOS="889" VPOS="225" WIDTH="77" HEIGHT="23" CONTENT="lasted" WC="0.85" CC="206000"/>
					</TextLine>
					<TextLine ID="P86_TL00006" HPOS="119" VPOS="259" WIDTH="847" HEIGHT="34">
						<String ID="P86_ST00036" HPOS="119" VPOS="262" WIDTH="41" HEIGHT="22" CONTENT="the" WC="0.71" CC="700"/>
						<SP ID="P86_SP00031" HPOS="160" VPOS="284" WIDTH="22"/>
						<String ID="P86_ST00037" HPOS="182" VPOS="261" WIDTH="64" HEIGHT="32" CONTENT="good" WC="1.00" CC="0000"/>
						<SP ID="P86_SP00032" HPOS="246" VPOS="293" WIDTH="23"/>
						<String ID="P86_ST00038" HPOS="269" VPOS="261" WIDTH="95" HEIGHT="25" CONTENT="Howell" WC="0.75" CC="008023"/>
						<SP ID="P86_SP00033" HPOS="364" VPOS="293" WIDTH="19"/>
						<String ID="P86_ST00039" HPOS="383" VPOS="264" WIDTH="123" HEIGHT="22" CONTENT="remained" WC="0.91" CC="50002000"/>
						<SP ID="P86_SP00034" HPOS="506" VPOS="293" WIDTH="23"/>
						<String ID="P86_ST00040" HPOS="529" VPOS="264" WIDTH="57" HEIGHT="22" CONTENT="with" WC="0.73" CC="0603"/>
						<SP ID="P86_SP00035" HPOS="586" VPOS="293" WIDTH="22"/>
						<String ID="P86_ST00041" HPOS="608" VPOS="263" WIDTH="38" HEIGHT="23" CONTENT="his" WC="0.45" CC="456"/>
						<SP ID="P86_SP00036" HPOS="646" VPOS="293" WIDTH="24"/>
						<String ID="P86_ST00042" HPOS="670" VPOS="261" WIDTH="113" HEIGHT="32" CONTENT="prelates," WC="0.83" CC="000504040"/>
						<SP ID="P86_SP00037" HPOS="783" VPOS="293" WIDTH="20"/>
						<String ID="P86_ST00043" HPOS="803" VPOS="259" WIDTH="92" HEIGHT="28" CONTENT="nobles," WC="0.77" CC="8040020"/>
						<SP ID="P86_SP00038" HPOS="895" VPOS="293" WIDTH="23"/>
						<String ID="P86_ST00044" HPOS="918" VPOS="259" WIDTH="48" HEIGHT="23" CONTENT="and" WC="0.56" CC="930"/>
					</TextLine>
					<TextLine ID="P86_TL00007" HPOS="119" VPOS="293" WIDTH="847" HEIGHT="34">
						<String ID="P86_ST00045" HPOS="119" VPOS="295" WIDTH="158" HEIGHT="28" CONTENT="counsellors," WC="0.84" CC="001650001030"/>
						<SP ID="P86_SP00039" HPOS="277" VPOS="323" WIDTH="20"/>
						<String ID="P86_ST00046" HPOS="297" VPOS="297" WIDTH="45" HEIGHT="22" CONTENT='"in' WC="1.00" CC="000"/>
						<SP ID="P86_SP00040" HPOS="342" VPOS="323" WIDTH="19"/>
						<String ID="P86_ST00047" HPOS="361" VPOS="304" WIDTH="87" HEIGHT="23" CONTENT="prayer" WC="0.91" CC="020003"/>
						<SP ID="P86_SP00041" HPOS="448" VPOS="327" WIDTH="18"/>
						<String ID="P86_ST00048" HPOS="466" VPOS="297" WIDTH="48" HEIGHT="22" CONTENT="and" WC="0.77" CC="060"/>
						<SP ID="P86_SP00042" HPOS="514" VPOS="327" WIDTH="18"/>
						<String ID="P86_ST00049" HPOS="532" VPOS="296" WIDTH="97" HEIGHT="31" CONTENT="fasting," WC="0.60" CC="09606330"/>
						<SP ID="P86_SP00043" HPOS="629" VPOS="327" WIDTH="21"/>
						<String ID="P86_ST00050" HPOS="650" VPOS="296" WIDTH="101" HEIGHT="30" CONTENT="craving" WC="0.79" CC="0360120"/>
						<SP ID="P86_SP00044" HPOS="751" VPOS="327" WIDTH="21"/>
						<String ID="P86_ST00051" HPOS="772" VPOS="294" WIDTH="41" HEIGHT="23" CONTENT="the" WC="0.75" CC="070"/>
						<SP ID="P86_SP00045" HPOS="813" VPOS="327" WIDTH="21"/>
						<String ID="P86_ST00052" HPOS="834" VPOS="293" WIDTH="132" HEIGHT="23" CONTENT="assistance" WC="0.66" CC="2764600500"/>
					</TextLine>
					<TextLine ID="P86_TL00008" HPOS="119" VPOS="326" WIDTH="847" HEIGHT="35">
						<String ID="P86_ST00053" HPOS="119" VPOS="329" WIDTH="47" HEIGHT="23" CONTENT="and" WC="1.00" CC="000"/>
						<SP ID="P86_SP00046" HPOS="166" VPOS="352" WIDTH="14"/>
						<String ID="P86_ST00054" HPOS="180" VPOS="329" WIDTH="117" HEIGHT="23" CONTENT="direction" WC="0.88" CC="003000006"/>
						<SP ID="P86_SP00047" HPOS="297" VPOS="352" WIDTH="13"/>
						<String ID="P86_ST00055" HPOS="310" VPOS="330" WIDTH="27" HEIGHT="22" CONTENT="of" WC="0.74" CC="31"/>
						<SP ID="P86_SP00048" HPOS="337" VPOS="352" WIDTH="10"/>
						<String ID="P86_ST00056" HPOS="347" VPOS="330" WIDTH="76" HEIGHT="23" CONTENT="God's" WC="0.87" CC="03002"/>
						<SP ID="P86_SP00049" HPOS="423" VPOS="353" WIDTH="14"/>
						<String ID="P86_ST00057" HPOS="437" VPOS="330" WIDTH="67" HEIGHT="31" CONTENT="Holy" WC="0.92" CC="0200"/>
						<SP ID="P86_SP00050" HPOS="504" VPOS="361" WIDTH="15"/>
						<String ID="P86_ST00058" HPOS="519" VPOS="330" WIDTH="82" HEIGHT="30" CONTENT="Spirit," WC="0.86" CC="0063000"/>
						<SP ID="P86_SP00051" HPOS="601" VPOS="361" WIDTH="14"/>
						<String ID="P86_ST00059" HPOS="615" VPOS="330" WIDTH="53" HEIGHT="22" CONTENT="that" WC="0.62" CC="6530"/>
						<SP ID="P86_SP00052" HPOS="668" VPOS="361" WIDTH="13"/>
						<String ID="P86_ST00060" HPOS="681" VPOS="329" WIDTH="31" HEIGHT="23" CONTENT="he" WC="0.80" CC="30"/>
						<SP ID="P86_SP00053" HPOS="712" VPOS="361" WIDTH="13"/>
						<String ID="P86_ST00061" HPOS="725" VPOS="328" WIDTH="79" HEIGHT="31" CONTENT="might" WC="0.63" CC="50075"/>
						<SP ID="P86_SP00054" HPOS="804" VPOS="361" WIDTH="11"/>
						<String ID="P86_ST00062" HPOS="815" VPOS="326" WIDTH="91" HEIGHT="25" CONTENT="reform" WC="0.66" CC="606231"/>
						<SP ID="P86_SP00055" HPOS="906" VPOS="361" WIDTH="19"/>
						<String ID="P86_ST00063" HPOS="925" VPOS="327" WIDTH="41" HEIGHT="23" CONTENT="the" WC="0.66" CC="224"/>
					</TextLine>
					<TextLine ID="P86_TL00009" HPOS="118" VPOS="361" WIDTH="848" HEIGHT="33">
						<String ID="P86_ST00064" HPOS="118" VPOS="363" WIDTH="58" HEIGHT="23" CONTENT="laws" WC="0.93" CC="2000"/>
						<SP ID="P86_SP00056" HPOS="176" VPOS="386" WIDTH="12"/>
						<String ID="P86_ST00065" HPOS="188" VPOS="363" WIDTH="49" HEIGHT="23" CONTENT="and" WC="0.70" CC="530"/>
						<SP ID="P86_SP00057" HPOS="237" VPOS="386" WIDTH="12"/>
						<String ID="P86_ST00066" HPOS="249" VPOS="366" WIDTH="106" HEIGHT="20" CONTENT="customs" WC="0.72" CC="0040176"/>
						<SP ID="P86_SP00058" HPOS="355" VPOS="386" WIDTH="13"/>
						<String ID="P86_ST00067" HPOS="368" VPOS="364" WIDTH="28" HEIGHT="22" CONTENT="of" WC="1.00" CC="00"/>
						<SP ID="P86_SP00059" HPOS="396" VPOS="386" WIDTH="10"/>
						<String ID="P86_ST00068" HPOS="406" VPOS="364" WIDTH="41" HEIGHT="22" CONTENT="the" WC="0.74" CC="070"/>
						<SP ID="P86_SP00060" HPOS="447" VPOS="386" WIDTH="15"/>
						<String ID="P86_ST00069" HPOS="462" VPOS="366" WIDTH="104" HEIGHT="28" CONTENT="country" WC="0.86" CC="0016000"/>
						<SP ID="P86_SP00061" HPOS="566" VPOS="394" WIDTH="14"/>
						<String ID="P86_ST00070" HPOS="580" VPOS="363" WIDTH="27" HEIGHT="23" CONTENT="of" WC="0.58" CC="08"/>
						<SP ID="P86_SP00062" HPOS="607" VPOS="394" WIDTH="10"/>
						<String ID="P86_ST00071" HPOS="617" VPOS="363" WIDTH="93" HEIGHT="26" CONTENT="Wales," WC="0.90" CC="000050"/>
						<SP ID="P86_SP00063" HPOS="710" VPOS="394" WIDTH="12"/>
						<String ID="P86_ST00072" HPOS="722" VPOS="365" WIDTH="25" HEIGHT="20" CONTENT="to" WC="0.59" CC="34"/>
						<SP ID="P86_SP00064" HPOS="747" VPOS="394" WIDTH="19"/>
						<String ID="P86_ST00073" HPOS="766" VPOS="362" WIDTH="41" HEIGHT="22" CONTENT="the" WC="0.82" CC="050"/>
						<SP ID="P86_SP00065" HPOS="807" VPOS="394" WIDTH="19"/>
						<String ID="P86_ST00074" HPOS="826" VPOS="362" WIDTH="96" HEIGHT="23" CONTENT="honour" WC="0.62" CC="754004"/>
						<SP ID="P86_SP00066" HPOS="922" VPOS="394" WIDTH="17"/>
						<String ID="P86_ST00075" HPOS="939" VPOS="361" WIDTH="27" HEIGHT="23" CONTENT="of" WC="1.00" CC="00"/>
					</TextLine>
					<TextLine ID="P86_TL00010" HPOS="119" VPOS="395" WIDTH="846" HEIGHT="33">
						<String ID="P86_ST00076" HPOS="119" VPOS="396" WIDTH="65" HEIGHT="28" CONTENT="God," WC="0.98" CC="0000"/>
						<SP ID="P86_SP00067" HPOS="184" VPOS="424" WIDTH="20"/>
						<String ID="P86_ST00077" HPOS="204" VPOS="397" WIDTH="47" HEIGHT="23" CONTENT="and" WC="0.80" CC="060"/>
						<SP ID="P86_SP00068" HPOS="251" VPOS="424" WIDTH="20"/>
						<String ID="P86_ST00078" HPOS="271" VPOS="397" WIDTH="39" HEIGHT="23" CONTENT="the" WC="0.66" CC="450"/>
						<SP ID="P86_SP00069" HPOS="310" VPOS="424" WIDTH="20"/>
						<String ID="P86_ST00079" HPOS="330" VPOS="398" WIDTH="68" HEIGHT="30" CONTENT="quiet" WC="0.87" CC="02300"/>
						<SP ID="P86_SP00070" HPOS="398" VPOS="428" WIDTH="18"/>
						<String ID="P86_ST00080" HPOS="416" VPOS="400" WIDTH="160" HEIGHT="28" CONTENT="government" WC="0.77" CC="9000025220"/>
						<SP ID="P86_SP00071" HPOS="576" VPOS="428" WIDTH="19"/>
						<String ID="P86_ST00081" HPOS="595" VPOS="397" WIDTH="24" HEIGHT="23" CONTENT="of" WC="0.98" CC="00"/>
						<SP ID="P86_SP00072" HPOS="619" VPOS="428" WIDTH="11"/>
						<String ID="P86_ST00082" HPOS="630" VPOS="397" WIDTH="41" HEIGHT="23" CONTENT="the" WC="0.76" CC="070"/>
						<SP ID="P86_SP00073" HPOS="671" VPOS="428" WIDTH="19"/>
						<String ID="P86_ST00083" HPOS="690" VPOS="395" WIDTH="112" HEIGHT="31" CONTENT='people."' WC="0.87" CC="07300000"/>
						<SP ID="P86_SP00074" HPOS="802" VPOS="428" WIDTH="38"/>
						<String ID="P86_ST00084" HPOS="840" VPOS="395" WIDTH="53" HEIGHT="23" CONTENT="The" WC="0.95" CC="010"/>
						<SP ID="P86_SP00075" HPOS="893" VPOS="428" WIDTH="13"/>
						<String ID="P86_ST00085" HPOS="906" VPOS="403" WIDTH="59" HEIGHT="16" CONTENT="con" SUBS_TYPE="HypPart1" SUBS_CONTENT="convention" WC="0.81" CC="0007"/>
						<HYP CONTENT="-"/>
					</TextLine>
					<TextLine ID="P86_TL00011" HPOS="118" VPOS="429" WIDTH="847" HEIGHT="32">
						<String ID="P86_ST00086" HPOS="118" VPOS="431" WIDTH="98" HEIGHT="22" CONTENT="vention" SUBS_TYPE="HypPart2" SUBS_CONTENT="convention" WC="0.57" CC="4465306"/>
						<SP ID="P86_SP00076" HPOS="216" VPOS="453" WIDTH="15"/>
						<String ID="P86_ST00087" HPOS="231" VPOS="438" WIDTH="100" HEIGHT="23" CONTENT="appears" WC="0.59" CC="3091057"/>
						<SP ID="P86_SP00077" HPOS="331" VPOS="461" WIDTH="13"/>
						<String ID="P86_ST00088" HPOS="344" VPOS="435" WIDTH="25" HEIGHT="18" CONTENT="to" WC="0.84" CC="03"/>
						<SP ID="P86_SP00078" HPOS="369" VPOS="461" WIDTH="13"/>
						<String ID="P86_ST00089" HPOS="382" VPOS="431" WIDTH="61" HEIGHT="22" CONTENT="have" WC="1.00" CC="0000"/>
						<SP ID="P86_SP00079" HPOS="443" VPOS="461" WIDTH="14"/>
						<String ID="P86_ST00090" HPOS="457" VPOS="431" WIDTH="60" HEIGHT="22" CONTENT="been" WC="0.92" CC="0003"/>
						<SP ID="P86_SP00080" HPOS="517" VPOS="461" WIDTH="13"/>
						<String ID="P86_ST00091" HPOS="530" VPOS="431" WIDTH="145" HEIGHT="22" CONTENT="summoned" WC="0.73" CC="30720700"/>
						<SP ID="P86_SP00081" HPOS="675" VPOS="461" WIDTH="13"/>
						<String ID="P86_ST00092" HPOS="688" VPOS="434" WIDTH="25" HEIGHT="19" CONTENT="to" WC="0.89" CC="20"/>
						<SP ID="P86_SP00082" HPOS="713" VPOS="461" WIDTH="13"/>
						<String ID="P86_ST00093" HPOS="726" VPOS="431" WIDTH="56" HEIGHT="29" CONTENT="give" WC="0.81" CC="0052"/>
						<SP ID="P86_SP00083" HPOS="782" VPOS="461" WIDTH="15"/>
						<String ID="P86_ST00094" HPOS="797" VPOS="429" WIDTH="41" HEIGHT="24" CONTENT="the" WC="0.57" CC="066"/>
						<SP ID="P86_SP00084" HPOS="838" VPOS="461" WIDTH="18"/>
						<String ID="P86_ST00095" HPOS="856" VPOS="429" WIDTH="109" HEIGHT="24" CONTENT="national" WC="0.57" CC="50355580"/>
					</TextLine>
					<TextLine ID="P86_TL00012" HPOS="118" VPOS="463" WIDTH="847" HEIGHT="33">
						<String ID="P86_ST00096" HPOS="118" VPOS="465" WIDTH="110" HEIGHT="22" CONTENT="sanction" WC="0.71" CC="50600505"/>
						<SP ID="P86_SP00085" HPOS="228" VPOS="487" WIDTH="14"/>
						<String ID="P86_ST00097" HPOS="242" VPOS="464" WIDTH="46" HEIGHT="23" CONTENT="and" WC="0.82" CC="140"/>
						<SP ID="P86_SP00086" HPOS="288" VPOS="487" WIDTH="14"/>
						<String ID="P86_ST00098" HPOS="302" VPOS="464" WIDTH="115" HEIGHT="31" CONTENT="approval" WC="1.00" CC="00000000"/>
						<SP ID="P86_SP00087" HPOS="417" VPOS="495" WIDTH="14"/>
						<String ID="P86_ST00099" HPOS="431" VPOS="468" WIDTH="25" HEIGHT="19" CONTENT="to" WC="0.76" CC="40"/>
						<SP ID="P86_SP00088" HPOS="456" VPOS="495" WIDTH="14"/>
						<String ID="P86_ST00100" HPOS="470" VPOS="464" WIDTH="39" HEIGHT="23" CONTENT="the" WC="1.00" CC="000"/>
						<SP ID="P86_SP00089" HPOS="509" VPOS="495" WIDTH="16"/>
						<String ID="P86_ST00101" HPOS="525" VPOS="464" WIDTH="77" HEIGHT="32" CONTENT="king's" WC="0.76" CC="055030"/>
						<SP ID="P86_SP00090" HPOS="602" VPOS="496" WIDTH="13"/>
						<String ID="P86_ST00102" HPOS="615" VPOS="464" WIDTH="106" HEIGHT="31" CONTENT="designs." WC="0.80" CC="00600503"/>
						<SP ID="P86_SP00091" HPOS="721" VPOS="496" WIDTH="36"/>
						<String ID="P86_ST00103" HPOS="757" VPOS="464" WIDTH="99" HEIGHT="22" CONTENT="Twelve" WC="1.00" CC="000000"/>
						<SP ID="P86_SP00092" HPOS="856" VPOS="496" WIDTH="10"/>
						<String ID="P86_ST00104" HPOS="866" VPOS="463" WIDTH="29" HEIGHT="23" CONTENT="of" WC="0.97" CC="00"/>
						<SP ID="P86_SP00093" HPOS="895" VPOS="496" WIDTH="6"/>
						<String ID="P86_ST00105" HPOS="901" VPOS="464" WIDTH="64" HEIGHT="22" CONTENT="their" WC="0.72" CC="06043"/>
					</TextLine>
					<TextLine ID="P86_TL00013" HPOS="117" VPOS="497" WIDTH="845" HEIGHT="33">
						<String ID="P86_ST00106" HPOS="117" VPOS="498" WIDTH="73" HEIGHT="31" CONTENT="body," WC="0.76" CC="03800"/>
						<SP ID="P86_SP00094" HPOS="190" VPOS="529" WIDTH="15"/>
						<String ID="P86_ST00107" HPOS="205" VPOS="506" WIDTH="25" HEIGHT="15" CONTENT="as" WC="0.52" CC="09"/>
						<SP ID="P86_SP00095" HPOS="230" VPOS="529" WIDTH="13"/>
						<String ID="P86_ST00108" HPOS="243" VPOS="498" WIDTH="114" HEIGHT="32" CONTENT="ordinary" WC="0.75" CC="33032150"/>
						<SP ID="P86_SP00096" HPOS="357" VPOS="530" WIDTH="13"/>
						<String ID="P86_ST00109" HPOS="370" VPOS="498" WIDTH="202" HEIGHT="29" CONTENT="commissioners," WC="0.84" CC="02000520000260"/>
						<SP ID="P86_SP00097" HPOS="572" VPOS="530" WIDTH="14"/>
						<String ID="P86_ST00110" HPOS="586" VPOS="498" WIDTH="56" HEIGHT="23" CONTENT="with" WC="0.44" CC="9066"/>
						<SP ID="P86_SP00098" HPOS="642" VPOS="530" WIDTH="18"/>
						<String ID="P86_ST00111" HPOS="660" VPOS="506" WIDTH="14" HEIGHT="15" CONTENT="a" WC="0.99" CC="0"/>
						<SP ID="P86_SP00099" HPOS="674" VPOS="530" WIDTH="19"/>
						<String ID="P86_ST00112" HPOS="693" VPOS="497" WIDTH="63" HEIGHT="23" CONTENT="head" WC="0.89" CC="4000"/>
						<SP ID="P86_SP00100" HPOS="756" VPOS="530" WIDTH="18"/>
						<String ID="P86_ST00113" HPOS="774" VPOS="497" WIDTH="188" HEIGHT="28" CONTENT="commissioner," WC="0.78" CC="0312045403020"/>
					</TextLine>
					<TextLine ID="P86_TL00014" HPOS="117" VPOS="531" WIDTH="847" HEIGHT="32">
						<String ID="P86_ST00114" HPOS="117" VPOS="531" WIDTH="139" HEIGHT="32" CONTENT="Blegwryd," WC="0.96" CC="200000000"/>
						<SP ID="P86_SP00101" HPOS="256" VPOS="563" WIDTH="16"/>
						<String ID="P86_ST00115" HPOS="272" VPOS="532" WIDTH="138" HEIGHT="24" CONTENT="chancellor" WC="0.69" CC="0723072401"/>
						<SP ID="P86_SP00102" HPOS="410" VPOS="563" WIDTH="18"/>
						<String ID="P86_ST00116" HPOS="428" VPOS="532" WIDTH="28" HEIGHT="23" CONTENT="of" WC="0.89" CC="20"/>
						<SP ID="P86_SP00103" HPOS="456" VPOS="563" WIDTH="14"/>
						<String ID="P86_ST00117" HPOS="470" VPOS="532" WIDTH="121" HEIGHT="28" CONTENT="Llandaff," WC="0.58" CC="060702693"/>
						<SP ID="P86_SP00104" HPOS="591" VPOS="563" WIDTH="19"/>
						<String ID="P86_ST00118" HPOS="610" VPOS="532" WIDTH="41" HEIGHT="23" CONTENT="the" WC="0.80" CC="060"/>
						<SP ID="P86_SP00105" HPOS="651" VPOS="563" WIDTH="18"/>
						<String ID="P86_ST00119" HPOS="669" VPOS="535" WIDTH="107" HEIGHT="28" CONTENT="greatest" WC="0.83" CC="00400090"/>
						<SP ID="P86_SP00106" HPOS="776" VPOS="563" WIDTH="21"/>
						<String ID="P86_ST00120" HPOS="797" VPOS="531" WIDTH="97" HEIGHT="24" CONTENT="scholar" WC="0.69" CC="6070700"/>
						<SP ID="P86_SP00107" HPOS="894" VPOS="563" WIDTH="21"/>
						<String ID="P86_ST00121" HPOS="915" VPOS="531" WIDTH="49" HEIGHT="23" CONTENT="and" WC="0.88" CC="030"/>
					</TextLine>
					<TextLine ID="P86_TL00015" HPOS="117" VPOS="565" WIDTH="845" HEIGHT="32">
						<String ID="P86_ST00122" HPOS="117" VPOS="566" WIDTH="53" HEIGHT="23" CONTENT="best" WC="0.73" CC="6040"/>
						<SP ID="P86_SP00108" HPOS="170" VPOS="589" WIDTH="12"/>
						<String ID="P86_ST00123" HPOS="182" VPOS="566" WIDTH="89" HEIGHT="30" CONTENT="lawyer" WC="0.58" CC="699000"/>
						<SP ID="P86_SP00109" HPOS="271" VPOS="596" WIDTH="13"/>
						<String ID="P86_ST00124" HPOS="284" VPOS="565" WIDTH="28" HEIGHT="24" CONTENT="of" WC="1.00" CC="00"/>
						<SP ID="P86_SP00110" HPOS="312" VPOS="596" WIDTH="10"/>
						<String ID="P86_ST00125" HPOS="322" VPOS="566" WIDTH="37" HEIGHT="23" CONTENT="his" WC="0.53" CC="607"/>
						<SP ID="P86_SP00111" HPOS="359" VPOS="596" WIDTH="12"/>
						<String ID="P86_ST00126" HPOS="371" VPOS="567" WIDTH="55" HEIGHT="29" CONTENT="day," WC="0.75" CC="0090"/>
						<SP ID="P86_SP00112" HPOS="426" VPOS="596" WIDTH="13"/>
						<String ID="P86_ST00127" HPOS="439" VPOS="574" WIDTH="61" HEIGHT="15" CONTENT="were" WC="0.68" CC="9020"/>
						<SP ID="P86_SP00113" HPOS="500" VPOS="596" WIDTH="14"/>
						<String ID="P86_ST00128" HPOS="514" VPOS="566" WIDTH="130" HEIGHT="30" CONTENT="appointed" WC="0.83" CC="000006800"/>
						<SP ID="P86_SP00114" HPOS="644" VPOS="596" WIDTH="10"/>
						<String ID="P86_ST00129" HPOS="654" VPOS="566" WIDTH="33" HEIGHT="31" CONTENT="by" WC="0.71" CC="50"/>
						<SP ID="P86_SP00115" HPOS="687" VPOS="597" WIDTH="11"/>
						<String ID="P86_ST00130" HPOS="698" VPOS="565" WIDTH="40" HEIGHT="23" CONTENT="the" WC="0.77" CC="060"/>
						<SP ID="P86_SP00116" HPOS="738" VPOS="597" WIDTH="11"/>
						<String ID="P86_ST00131" HPOS="749" VPOS="565" WIDTH="58" HEIGHT="31" CONTENT="king" WC="0.80" CC="5020"/>
						<SP ID="P86_SP00117" HPOS="807" VPOS="597" WIDTH="10"/>
						<String ID="P86_ST00132" HPOS="817" VPOS="569" WIDTH="25" HEIGHT="19" CONTENT="to" WC="0.77" CC="04"/>
						<SP ID="P86_SP00118" HPOS="842" VPOS="597" WIDTH="9"/>
						<String ID="P86_ST00133" HPOS="851" VPOS="566" WIDTH="111" HEIGHT="22" CONTENT="examine" WC="0.64" CC="5970010"/>
					</TextLine>
					<TextLine ID="P86_TL00016" HPOS="117" VPOS="599" WIDTH="845" HEIGHT="32">
						<String ID="P86_ST00134" HPOS="117" VPOS="600" WIDTH="41" HEIGHT="23" CONTENT="the" WC="0.79" CC="060"/>
						<SP ID="P86_SP00119" HPOS="158" VPOS="623" WIDTH="13"/>
						<String ID="P86_ST00135" HPOS="171" VPOS="600" WIDTH="105" HEIGHT="31" CONTENT="existing" WC="0.85" CC="00504000"/>
						<SP ID="P86_SP00120" HPOS="276" VPOS="631" WIDTH="14"/>
						<String ID="P86_ST00136" HPOS="290" VPOS="600" WIDTH="83" HEIGHT="23" CONTENT="Welsh" WC="0.71" CC="00732"/>
						<SP ID="P86_SP00121" HPOS="373" VPOS="631" WIDTH="14"/>
						<String ID="P86_ST00137" HPOS="387" VPOS="600" WIDTH="64" HEIGHT="29" CONTENT="laws," WC="0.51" CC="08950"/>
						<SP ID="P86_SP00122" HPOS="451" VPOS="631" WIDTH="13"/>
						<String ID="P86_ST00138" HPOS="464" VPOS="600" WIDTH="47" HEIGHT="23" CONTENT="and" WC="0.82" CC="050"/>
						<SP ID="P86_SP00123" HPOS="511" VPOS="631" WIDTH="13"/>
						<String ID="P86_ST00139" HPOS="524" VPOS="600" WIDTH="61" HEIGHT="22" CONTENT="from" WC="0.71" CC="5320"/>
						<SP ID="P86_SP00124" HPOS="585" VPOS="631" WIDTH="13"/>
						<String ID="P86_ST00140" HPOS="598" VPOS="600" WIDTH="74" HEIGHT="26" CONTENT="them," WC="0.77" CC="00163"/>
						<SP ID="P86_SP00125" HPOS="672" VPOS="631" WIDTH="13"/>
						<String ID="P86_ST00141" HPOS="685" VPOS="600" WIDTH="58" HEIGHT="22" CONTENT="with" WC="0.84" CC="0410"/>
						<SP ID="P86_SP00126" HPOS="743" VPOS="631" WIDTH="14"/>
						<String ID="P86_ST00142" HPOS="757" VPOS="600" WIDTH="60" HEIGHT="22" CONTENT="such" WC="0.60" CC="3407"/>
						<SP ID="P86_SP00127" HPOS="817" VPOS="631" WIDTH="19"/>
						<String ID="P86_ST00143" HPOS="836" VPOS="599" WIDTH="126" HEIGHT="23" CONTENT="modifica" SUBS_TYPE="HypPart1" SUBS_CONTENT="modifications" WC="0.87" CC="700000003"/>
						<HYP CONTENT="-"/>
					</TextLine>
					<TextLine ID="P86_TL00017" HPOS="116" VPOS="633" WIDTH="845" HEIGHT="31">
						<String ID="P86_ST00144" HPOS="116" VPOS="634" WIDTH="63" HEIGHT="23" CONTENT="tions" SUBS_TYPE="HypPart2" SUBS_CONTENT="modifications" WC="0.72" CC="04034"/>
						<SP ID="P86_SP00128" HPOS="179" VPOS="657" WIDTH="13"/>
						<String ID="P86_ST00145" HPOS="192" VPOS="641" WIDTH="26" HEIGHT="16" CONTENT="as" WC="0.74" CC="05"/>
						<SP ID="P86_SP00129" HPOS="218" VPOS="657" WIDTH="13"/>
						<String ID="P86_ST00146" HPOS="231" VPOS="634" WIDTH="63" HEIGHT="23" CONTENT="their" WC="0.99" CC="00000"/>
						<SP ID="P86_SP00130" HPOS="294" VPOS="657" WIDTH="14"/>
						<String ID="P86_ST00147" HPOS="308" VPOS="634" WIDTH="83" HEIGHT="23" CONTENT="united" WC="0.69" CC="025306"/>
						<SP ID="P86_SP00131" HPOS="391" VPOS="657" WIDTH="13"/>
						<String ID="P86_ST00148" HPOS="404" VPOS="634" WIDTH="99" HEIGHT="23" CONTENT="wisdom" WC="0.87" CC="000034"/>
						<SP ID="P86_SP00132" HPOS="503" VPOS="657" WIDTH="13"/>
						<String ID="P86_ST00149" HPOS="516" VPOS="634" WIDTH="79" HEIGHT="30" CONTENT="might" WC="0.78" CC="04060"/>
						<SP ID="P86_SP00133" HPOS="595" VPOS="664" WIDTH="14"/>
						<String ID="P86_ST00150" HPOS="609" VPOS="636" WIDTH="107" HEIGHT="27" CONTENT="suggest," WC="0.71" CC="30003780"/>
						<SP ID="P86_SP00134" HPOS="716" VPOS="664" WIDTH="14"/>
						<String ID="P86_ST00151" HPOS="730" VPOS="633" WIDTH="66" HEIGHT="23" CONTENT="draw" WC="0.49" CC="3609"/>
						<SP ID="P86_SP00135" HPOS="796" VPOS="664" WIDTH="19"/>
						<String ID="P86_ST00152" HPOS="815" VPOS="641" WIDTH="32" HEIGHT="22" CONTENT="up" WC="0.69" CC="60"/>
						<SP ID="P86_SP00136" HPOS="847" VPOS="664" WIDTH="20"/>
						<String ID="P86_ST00153" HPOS="867" VPOS="640" WIDTH="29" HEIGHT="15" CONTENT="an" WC="0.46" CC="63"/>
						<SP ID="P86_SP00137" HPOS="896" VPOS="664" WIDTH="21"/>
						<String ID="P86_ST00154" HPOS="917" VPOS="633" WIDTH="44" HEIGHT="23" CONTENT="im" SUBS_TYPE="HypPart1" SUBS_CONTENT="improved" WC="0.90" CC="300"/>
						<HYP CONTENT="-"/>
					</TextLine>
					<TextLine ID="P86_TL00018" HPOS="116" VPOS="666" WIDTH="844" HEIGHT="31">
						<String ID="P86_ST00155" HPOS="116" VPOS="668" WIDTH="92" HEIGHT="29" CONTENT="proved" SUBS_TYPE="HypPart2" SUBS_CONTENT="improved" WC="0.88" CC="041000"/>
						<SP ID="P86_SP00138" HPOS="208" VPOS="697" WIDTH="21"/>
						<String ID="P86_ST00156" HPOS="229" VPOS="668" WIDTH="68" HEIGHT="22" CONTENT="code." WC="0.99" CC="00000"/>
						<SP ID="P86_SP00139" HPOS="297" VPOS="697" WIDTH="37"/>
						<String ID="P86_ST00157" HPOS="334" VPOS="667" WIDTH="53" HEIGHT="23" CONTENT="The" WC="0.76" CC="051"/>
						<SP ID="P86_SP00140" HPOS="387" VPOS="697" WIDTH="20"/>
						<String ID="P86_ST00158" HPOS="407" VPOS="668" WIDTH="200" HEIGHT="26" CONTENT="commissioners," WC="0.70" CC="06100141660390"/>
						<SP ID="P86_SP00141" HPOS="607" VPOS="697" WIDTH="21"/>
						<String ID="P86_ST00159" HPOS="628" VPOS="666" WIDTH="62" HEIGHT="24" CONTENT="after" WC="0.83" CC="00304"/>
						<SP ID="P86_SP00142" HPOS="690" VPOS="697" WIDTH="20"/>
						<String ID="P86_ST00160" HPOS="710" VPOS="674" WIDTH="14" HEIGHT="16" CONTENT="a" WC="0.06" CC="9"/>
						<SP ID="P86_SP00143" HPOS="724" VPOS="697" WIDTH="22"/>
						<String ID="P86_ST00161" HPOS="746" VPOS="667" WIDTH="102" HEIGHT="30" CONTENT="diligent" WC="0.81" CC="00005062"/>
						<SP ID="P86_SP00144" HPOS="848" VPOS="697" WIDTH="19"/>
						<String ID="P86_ST00162" HPOS="867" VPOS="667" WIDTH="93" HEIGHT="27" CONTENT="search," WC="0.75" CC="5403030"/>
					</TextLine>
					<TextLine ID="P86_TL00019" HPOS="116" VPOS="700" WIDTH="845" HEIGHT="32">
						<String ID="P86_ST00163" HPOS="116" VPOS="701" WIDTH="72" HEIGHT="22" CONTENT="chose" WC="0.92" CC="00102"/>
						<SP ID="P86_SP00145" HPOS="188" VPOS="723" WIDTH="20"/>
						<String ID="P86_ST00164" HPOS="208" VPOS="701" WIDTH="40" HEIGHT="23" CONTENT="the" WC="1.00" CC="000"/>
						<SP ID="P86_SP00146" HPOS="248" VPOS="724" WIDTH="17"/>
						<String ID="P86_ST00165" HPOS="265" VPOS="701" WIDTH="57" HEIGHT="22" CONTENT="laws" WC="0.68" CC="6060"/>
						<SP ID="P86_SP00147" HPOS="322" VPOS="724" WIDTH="19"/>
						<String ID="P86_ST00166" HPOS="341" VPOS="701" WIDTH="29" HEIGHT="22" CONTENT="of" WC="0.88" CC="20"/>
						<SP ID="P86_SP00148" HPOS="370" VPOS="724" WIDTH="12"/>
						<String ID="P86_ST00167" HPOS="382" VPOS="701" WIDTH="124" HEIGHT="31" CONTENT="Dyvnwal" WC="0.84" CC="0016002"/>
						<SP ID="P86_SP00149" HPOS="506" VPOS="732" WIDTH="17"/>
						<String ID="P86_ST00168" HPOS="523" VPOS="701" WIDTH="129" HEIGHT="22" CONTENT="Moelmud" WC="0.85" CC="0001800"/>
						<SP ID="P86_SP00150" HPOS="652" VPOS="732" WIDTH="18"/>
						<String ID="P86_ST00169" HPOS="670" VPOS="708" WIDTH="26" HEIGHT="15" CONTENT="as" WC="1.00" CC="00"/>
						<SP ID="P86_SP00151" HPOS="696" VPOS="732" WIDTH="17"/>
						<String ID="P86_ST00170" HPOS="713" VPOS="700" WIDTH="40" HEIGHT="23" CONTENT="the" WC="0.80" CC="050"/>
						<SP ID="P86_SP00152" HPOS="753" VPOS="732" WIDTH="17"/>
						<String ID="P86_ST00171" HPOS="770" VPOS="701" WIDTH="64" HEIGHT="22" CONTENT="basis" WC="0.60" CC="18116"/>
						<SP ID="P86_SP00153" HPOS="834" VPOS="732" WIDTH="20"/>
						<String ID="P86_ST00172" HPOS="854" VPOS="700" WIDTH="29" HEIGHT="23" CONTENT="of" WC="0.81" CC="30"/>
						<SP ID="P86_SP00154" HPOS="883" VPOS="732" WIDTH="15"/>
						<String ID="P86_ST00173" HPOS="898" VPOS="701" WIDTH="63" HEIGHT="22" CONTENT="their" WC="0.71" CC="42007"/>
					</TextLine>
					<TextLine ID="P86_TL00020" HPOS="116" VPOS="734" WIDTH="844" HEIGHT="32">
						<String ID="P86_ST00174" HPOS="116" VPOS="734" WIDTH="119" HEIGHT="23" CONTENT="reformed" WC="0.85" CC="53000200"/>
						<SP ID="P86_SP00155" HPOS="235" VPOS="757" WIDTH="19"/>
						<String ID="P86_ST00175" HPOS="254" VPOS="739" WIDTH="97" HEIGHT="27" CONTENT="system," WC="0.79" CC="5010060"/>
						<SP ID="P86_SP00156" HPOS="351" VPOS="766" WIDTH="14"/>
						<String ID="P86_ST00176" HPOS="365" VPOS="735" WIDTH="46" HEIGHT="22" CONTENT="and" WC="0.84" CC="040"/>
						<SP ID="P86_SP00157" HPOS="411" VPOS="766" WIDTH="14"/>
						<String ID="P86_ST00177" HPOS="425" VPOS="735" WIDTH="89" HEIGHT="31" CONTENT="having" WC="0.81" CC="640000"/>
						<SP ID="P86_SP00158" HPOS="514" VPOS="766" WIDTH="13"/>
						<String ID="P86_ST00178" HPOS="527" VPOS="734" WIDTH="136" HEIGHT="31" CONTENT="completed" WC="0.71" CC="002053760"/>
						<SP ID="P86_SP00159" HPOS="663" VPOS="766" WIDTH="13"/>
						<String ID="P86_ST00179" HPOS="676" VPOS="734" WIDTH="64" HEIGHT="23" CONTENT="their" WC="0.76" CC="06005"/>
						<SP ID="P86_SP00160" HPOS="740" VPOS="766" WIDTH="12"/>
						<String ID="P86_ST00180" HPOS="752" VPOS="734" WIDTH="60" HEIGHT="28" CONTENT="task," WC="0.74" CC="60600"/>
						<SP ID="P86_SP00161" HPOS="812" VPOS="766" WIDTH="14"/>
						<String ID="P86_ST00181" HPOS="826" VPOS="734" WIDTH="134" HEIGHT="22" CONTENT="submitted" WC="0.84" CC="006015000"/>
					</TextLine>
					<TextLine ID="P86_TL00021" HPOS="116" VPOS="767" WIDTH="845" HEIGHT="33">
						<String ID="P86_ST00182" HPOS="116" VPOS="768" WIDTH="62" HEIGHT="23" CONTENT="their" WC="0.94" CC="00002"/>
						<SP ID="P86_SP00162" HPOS="178" VPOS="791" WIDTH="20"/>
						<String ID="P86_ST00183" HPOS="198" VPOS="768" WIDTH="95" HEIGHT="23" CONTENT="labours" WC="0.70" CC="6040603"/>
						<SP ID="P86_SP00163" HPOS="293" VPOS="791" WIDTH="18"/>
						<String ID="P86_ST00184" HPOS="311" VPOS="772" WIDTH="26" HEIGHT="19" CONTENT="to" WC="1.00" CC="00"/>
						<SP ID="P86_SP00164" HPOS="337" VPOS="791" WIDTH="18"/>
						<String ID="P86_ST00185" HPOS="355" VPOS="768" WIDTH="41" HEIGHT="23" CONTENT="the" WC="0.77" CC="060"/>
						<SP ID="P86_SP00165" HPOS="396" VPOS="791" WIDTH="14"/>
						<String ID="P86_ST00186" HPOS="410" VPOS="768" WIDTH="131" HEIGHT="32" CONTENT="judgment" WC="0.84" CC="00006060"/>
						<SP ID="P86_SP00166" HPOS="541" VPOS="800" WIDTH="19"/>
						<String ID="P86_ST00187" HPOS="560" VPOS="768" WIDTH="27" HEIGHT="23" CONTENT="of" WC="1.00" CC="00"/>
						<SP ID="P86_SP00167" HPOS="587" VPOS="800" WIDTH="13"/>
						<String ID="P86_ST00188" HPOS="600" VPOS="768" WIDTH="41" HEIGHT="23" CONTENT="the" WC="0.65" CC="360"/>
						<SP ID="P86_SP00168" HPOS="641" VPOS="800" WIDTH="16"/>
						<String ID="P86_ST00189" HPOS="657" VPOS="768" WIDTH="156" HEIGHT="27" CONTENT="convention," WC="0.75" CC="30540700060"/>
						<SP ID="P86_SP00169" HPOS="813" VPOS="800" WIDTH="21"/>
						<String ID="P86_ST00190" HPOS="834" VPOS="768" WIDTH="32" HEIGHT="31" CONTENT="by" WC="1.00" CC="00"/>
						<SP ID="P86_SP00170" HPOS="866" VPOS="800" WIDTH="13"/>
						<String ID="P86_ST00191" HPOS="879" VPOS="767" WIDTH="82" HEIGHT="23" CONTENT="whom" WC="0.41" CC="9607"/>
					</TextLine>
					<TextLine ID="P86_TL00022" HPOS="116" VPOS="801" WIDTH="845" HEIGHT="32">
						<String ID="P86_ST00192" HPOS="116" VPOS="801" WIDTH="57" HEIGHT="32" CONTENT="they" WC="0.86" CC="3200"/>
						<SP ID="P86_SP00171" HPOS="173" VPOS="833" WIDTH="9"/>
						<String ID="P86_ST00193" HPOS="182" VPOS="810" WIDTH="62" HEIGHT="15" CONTENT="were" WC="0.90" CC="0040"/>
						<SP ID="P86_SP00172" HPOS="244" VPOS="833" WIDTH="11"/>
						<String ID="P86_ST00194" HPOS="255" VPOS="802" WIDTH="122" HEIGHT="31" CONTENT="approved" WC="0.82" CC="60304000"/>
						<SP ID="P86_SP00173" HPOS="377" VPOS="833" WIDTH="10"/>
						<String ID="P86_ST00195" HPOS="387" VPOS="802" WIDTH="48" HEIGHT="22" CONTENT="and" WC="0.85" CC="040"/>
						<SP ID="P86_SP00174" HPOS="435" VPOS="833" WIDTH="9"/>
						<String ID="P86_ST00196" HPOS="444" VPOS="802" WIDTH="95" HEIGHT="23" CONTENT="ratified" WC="0.76" CC="47070000"/>
						<SP ID="P86_SP00175" HPOS="539" VPOS="833" WIDTH="11"/>
						<String ID="P86_ST00197" HPOS="550" VPOS="812" WIDTH="5" HEIGHT="16" CONTENT=";" WC="1.00" CC="0"/>
						<SP ID="P86_SP00176" HPOS="555" VPOS="833" WIDTH="19"/>
						<String ID="P86_ST00198" HPOS="574" VPOS="802" WIDTH="47" HEIGHT="23" CONTENT="and" WC="0.65" CC="630"/>
						<SP ID="P86_SP00177" HPOS="621" VPOS="833" WIDTH="9"/>
						<String ID="P86_ST00199" HPOS="630" VPOS="802" WIDTH="58" HEIGHT="31" CONTENT="they" WC="0.69" CC="4700"/>
						<SP ID="P86_SP00178" HPOS="688" VPOS="833" WIDTH="11"/>
						<String ID="P86_ST00200" HPOS="699" VPOS="801" WIDTH="141" HEIGHT="23" CONTENT="afterwards" WC="0.90" CC="0050000301"/>
						<SP ID="P86_SP00179" HPOS="840" VPOS="833" WIDTH="7"/>
						<String ID="P86_ST00201" HPOS="847" VPOS="801" WIDTH="114" HEIGHT="23" CONTENT="received" WC="0.95" CC="40000000"/>
					</TextLine>
					<TextLine ID="P86_TL00023" HPOS="116" VPOS="835" WIDTH="845" HEIGHT="32">
						<String ID="P86_ST00202" HPOS="116" VPOS="835" WIDTH="42" HEIGHT="23" CONTENT="the" WC="0.74" CC="250"/>
						<SP ID="P86_SP00180" HPOS="158" VPOS="858" WIDTH="14"/>
						<String ID="P86_ST00203" HPOS="172" VPOS="836" WIDTH="66" HEIGHT="31" CONTENT="royal" WC="0.86" CC="30003"/>
						<SP ID="P86_SP00181" HPOS="238" VPOS="867" WIDTH="13"/>
						<String ID="P86_ST00204" HPOS="251" VPOS="839" WIDTH="86" HEIGHT="20" CONTENT="assent." WC="0.60" CC="2660560"/>
						<SP ID="P86_SP00182" HPOS="337" VPOS="867" WIDTH="37"/>
						<String ID="P86_ST00205" HPOS="374" VPOS="835" WIDTH="96" HEIGHT="23" CONTENT="Howell" WC="0.65" CC="209071"/>
						<SP ID="P86_SP00183" HPOS="470" VPOS="867" WIDTH="14"/>
						<String ID="P86_ST00206" HPOS="484" VPOS="836" WIDTH="102" HEIGHT="22" CONTENT="ordered" WC="0.94" CC="0000400"/>
						<SP ID="P86_SP00184" HPOS="586" VPOS="867" WIDTH="13"/>
						<String ID="P86_ST00207" HPOS="599" VPOS="835" WIDTH="68" HEIGHT="23" CONTENT="three" WC="1.00" CC="00000"/>
						<SP ID="P86_SP00185" HPOS="667" VPOS="867" WIDTH="13"/>
						<String ID="P86_ST00208" HPOS="680" VPOS="836" WIDTH="82" HEIGHT="30" CONTENT="copies" WC="0.70" CC="000376"/>
						<SP ID="P86_SP00186" HPOS="762" VPOS="867" WIDTH="12"/>
						<String ID="P86_ST00209" HPOS="774" VPOS="839" WIDTH="27" HEIGHT="19" CONTENT="to" WC="1.00" CC="00"/>
						<SP ID="P86_SP00187" HPOS="801" VPOS="867" WIDTH="17"/>
						<String ID="P86_ST00210" HPOS="818" VPOS="835" WIDTH="31" HEIGHT="23" CONTENT="be" WC="0.70" CC="60"/>
						<SP ID="P86_SP00188" HPOS="849" VPOS="867" WIDTH="15"/>
						<String ID="P86_ST00211" HPOS="864" VPOS="835" WIDTH="97" HEIGHT="23" CONTENT="written" WC="0.85" CC="0300007"/>
					</TextLine>
					<TextLine ID="P86_TL00024" HPOS="116" VPOS="868" WIDTH="846" HEIGHT="32">
						<String ID="P86_ST00212" HPOS="116" VPOS="872" WIDTH="44" HEIGHT="20" CONTENT="out" WC="0.56" CC="255"/>
						<SP ID="P86_SP00189" HPOS="160" VPOS="892" WIDTH="12"/>
						<String ID="P86_ST00213" HPOS="172" VPOS="870" WIDTH="24" HEIGHT="22" CONTENT="in" WC="0.54" CC="53"/>
						<SP ID="P86_SP00190" HPOS="196" VPOS="892" WIDTH="12"/>
						<String ID="P86_ST00214" HPOS="208" VPOS="869" WIDTH="43" HEIGHT="23" CONTENT="full" WC="0.98" CC="0000"/>
						<String ID="P86_ST00215" HPOS="262" VPOS="879" WIDTH="6" HEIGHT="18" CONTENT=";" WC="1.00" CC="0"/>
						<SP ID="P86_SP00191" HPOS="268" VPOS="897" WIDTH="19"/>
						<String ID="P86_ST00216" HPOS="287" VPOS="877" WIDTH="45" HEIGHT="15" CONTENT="one" WC="0.71" CC="340"/>
						<SP ID="P86_SP00192" HPOS="332" VPOS="897" WIDTH="14"/>
						<String ID="P86_ST00217" HPOS="346" VPOS="868" WIDTH="37" HEIGHT="24" CONTENT="for" WC="0.55" CC="066"/>
						<SP ID="P86_SP00193" HPOS="383" VPOS="897" WIDTH="13"/>
						<String ID="P86_ST00218" HPOS="396" VPOS="870" WIDTH="37" HEIGHT="22" CONTENT="his" WC="0.57" CC="606"/>
						<SP ID="P86_SP00194" HPOS="433" VPOS="897" WIDTH="13"/>
						<String ID="P86_ST00219" HPOS="446" VPOS="878" WIDTH="52" HEIGHT="15" CONTENT="own" WC="0.55" CC="390"/>
						<SP ID="P86_SP00195" HPOS="498" VPOS="897" WIDTH="17"/>
						<String ID="P86_ST00220" HPOS="515" VPOS="877" WIDTH="48" HEIGHT="19" CONTENT="use," WC="0.86" CC="0500"/>
						<SP ID="P86_SP00196" HPOS="563" VPOS="897" WIDTH="15"/>
						<String ID="P86_ST00221" HPOS="578" VPOS="869" WIDTH="102" HEIGHT="23" CONTENT="another" WC="0.86" CC="0010105"/>
						<SP ID="P86_SP00197" HPOS="680" VPOS="897" WIDTH="18"/>
						<String ID="P86_ST00222" HPOS="698" VPOS="872" WIDTH="26" HEIGHT="20" CONTENT="to" WC="0.86" CC="02"/>
						<SP ID="P86_SP00198" HPOS="724" VPOS="897" WIDTH="19"/>
						<String ID="P86_ST00223" HPOS="743" VPOS="869" WIDTH="30" HEIGHT="23" CONTENT="be" WC="0.95" CC="10"/>
						<SP ID="P86_SP00199" HPOS="773" VPOS="897" WIDTH="18"/>
						<String ID="P86_ST00224" HPOS="791" VPOS="868" WIDTH="127" HEIGHT="32" CONTENT="deposited" WC="0.91" CC="010041000"/>
						<SP ID="P86_SP00200" HPOS="918" VPOS="900" WIDTH="18"/>
						<String ID="P86_ST00225" HPOS="936" VPOS="872" WIDTH="26" HEIGHT="20" CONTENT="at" WC="0.78" CC="04"/>
					</TextLine>
					<TextLine ID="P86_TL00025" HPOS="116" VPOS="901" WIDTH="845" HEIGHT="33">
						<String ID="P86_ST00226" HPOS="116" VPOS="903" WIDTH="41" HEIGHT="23" CONTENT="the" WC="0.80" CC="060"/>
						<SP ID="P86_SP00201" HPOS="157" VPOS="926" WIDTH="13"/>
						<String ID="P86_ST00227" HPOS="170" VPOS="903" WIDTH="84" HEIGHT="31" CONTENT="palace" WC="0.90" CC="006000"/>
						<SP ID="P86_SP00202" HPOS="254" VPOS="934" WIDTH="12"/>
						<String ID="P86_ST00228" HPOS="266" VPOS="902" WIDTH="28" HEIGHT="24" CONTENT="of" WC="0.77" CC="40"/>
						<SP ID="P86_SP00203" HPOS="294" VPOS="934" WIDTH="10"/>
						<String ID="P86_ST00229" HPOS="304" VPOS="903" WIDTH="135" HEIGHT="28" CONTENT="Aberfraw," WC="0.90" CC="000502000"/>
						<SP ID="P86_SP00204" HPOS="439" VPOS="934" WIDTH="14"/>
						<String ID="P86_ST00230" HPOS="453" VPOS="903" WIDTH="48" HEIGHT="23" CONTENT="and" WC="1.00" CC="000"/>
						<SP ID="P86_SP00205" HPOS="501" VPOS="934" WIDTH="18"/>
						<String ID="P86_ST00231" HPOS="519" VPOS="911" WIDTH="15" HEIGHT="15" CONTENT="a" WC="1.00" CC="0"/>
						<SP ID="P86_SP00206" HPOS="534" VPOS="934" WIDTH="18"/>
						<String ID="P86_ST00232" HPOS="552" VPOS="903" WIDTH="64" HEIGHT="23" CONTENT="third" WC="0.69" CC="54050"/>
						<SP ID="P86_SP00207" HPOS="616" VPOS="934" WIDTH="19"/>
						<String ID="P86_ST00233" HPOS="635" VPOS="906" WIDTH="25" HEIGHT="20" CONTENT="at" WC="0.61" CC="34"/>
						<SP ID="P86_SP00208" HPOS="660" VPOS="934" WIDTH="17"/>
						<String ID="P86_ST00234" HPOS="677" VPOS="902" WIDTH="128" HEIGHT="24" CONTENT="Dinevwr." WC="0.68" CC="63702050"/>
						<SP ID="P86_SP00209" HPOS="805" VPOS="934" WIDTH="37"/>
						<String ID="P86_ST00235" HPOS="842" VPOS="901" WIDTH="65" HEIGHT="25" CONTENT="That" WC="0.85" CC="0600"/>
						<SP ID="P86_SP00210" HPOS="907" VPOS="934" WIDTH="13"/>
						<String ID="P86_ST00236" HPOS="920" VPOS="902" WIDTH="41" HEIGHT="24" CONTENT="the" WC="0.67" CC="450"/>
					</TextLine>
					<TextLine ID="P86_TL00026" HPOS="116" VPOS="936" WIDTH="845" HEIGHT="31">
						<String ID="P86_ST00237" HPOS="116" VPOS="937" WIDTH="118" HEIGHT="23" CONTENT="amended" WC="0.88" CC="0401010"/>
						<SP ID="P86_SP00211" HPOS="234" VPOS="960" WIDTH="13"/>
						<String ID="P86_ST00238" HPOS="247" VPOS="937" WIDTH="57" HEIGHT="23" CONTENT="laws" WC="0.82" CC="6000"/>
						<SP ID="P86_SP00212" HPOS="304" VPOS="960" WIDTH="11"/>
						<String ID="P86_ST00239" HPOS="315" VPOS="937" WIDTH="87" HEIGHT="23" CONTENT="should" WC="0.69" CC="560500"/>
						<SP ID="P86_SP00213" HPOS="402" VPOS="960" WIDTH="12"/>
						<String ID="P86_ST00240" HPOS="414" VPOS="940" WIDTH="66" HEIGHT="21" CONTENT="want" WC="0.89" CC="0040"/>
						<SP ID="P86_SP00214" HPOS="480" VPOS="961" WIDTH="12"/>
						<String ID="P86_ST00241" HPOS="492" VPOS="937" WIDTH="103" HEIGHT="30" CONTENT="nothing" WC="0.80" CC="4025100"/>
						<SP ID="P86_SP00215" HPOS="595" VPOS="967" WIDTH="13"/>
						<String ID="P86_ST00242" HPOS="608" VPOS="939" WIDTH="25" HEIGHT="21" CONTENT="to" WC="0.76" CC="04"/>
						<SP ID="P86_SP00216" HPOS="633" VPOS="967" WIDTH="13"/>
						<String ID="P86_ST00243" HPOS="646" VPOS="937" WIDTH="55" HEIGHT="30" CONTENT="give" WC="0.88" CC="0400"/>
						<SP ID="P86_SP00217" HPOS="701" VPOS="967" WIDTH="18"/>
						<String ID="P86_ST00244" HPOS="719" VPOS="936" WIDTH="66" HEIGHT="24" CONTENT="them" WC="0.82" CC="0700"/>
						<SP ID="P86_SP00218" HPOS="785" VPOS="967" WIDTH="19"/>
						<String ID="P86_ST00245" HPOS="804" VPOS="936" WIDTH="91" HEIGHT="30" CONTENT="weight" WC="0.69" CC="047060"/>
						<SP ID="P86_SP00219" HPOS="895" VPOS="967" WIDTH="18"/>
						<String ID="P86_ST00246" HPOS="913" VPOS="936" WIDTH="48" HEIGHT="23" CONTENT="and" WC="0.82" CC="050"/>
					</TextLine>
					<TextLine ID="P86_TL00027" HPOS="115" VPOS="970" WIDTH="845" HEIGHT="31">
						<String ID="P86_ST00247" HPOS="115" VPOS="971" WIDTH="134" HEIGHT="30" CONTENT="authority," WC="0.79" CC="7007050100"/>
						<SP ID="P86_SP00220" HPOS="249" VPOS="1001" WIDTH="12"/>
						<String ID="P86_ST00248" HPOS="261" VPOS="971" WIDTH="41" HEIGHT="23" CONTENT="the" WC="0.36" CC="477"/>
						<SP ID="P86_SP00221" HPOS="302" VPOS="1001" WIDTH="14"/>
						<String ID="P86_ST00249" HPOS="316" VPOS="971" WIDTH="157" HEIGHT="30" CONTENT="Archbishop" WC="0.86" CC="0100400008"/>
						<SP ID="P86_SP00222" HPOS="473" VPOS="1001" WIDTH="14"/>
						<String ID="P86_ST00250" HPOS="487" VPOS="970" WIDTH="27" HEIGHT="24" CONTENT="of" WC="0.79" CC="21"/>
						<SP ID="P86_SP00223" HPOS="514" VPOS="1001" WIDTH="11"/>
						<String ID="P86_ST00251" HPOS="525" VPOS="970" WIDTH="35" HEIGHT="24" CONTENT="St." WC="0.79" CC="060"/>
						<SP ID="P86_SP00224" HPOS="560" VPOS="1001" WIDTH="10"/>
						<String ID="P86_ST00252" HPOS="570" VPOS="970" WIDTH="103" HEIGHT="23" CONTENT="David's" WC="0.83" CC="6005000"/>
						<SP ID="P86_SP00225" HPOS="673" VPOS="1001" WIDTH="13"/>
						<String ID="P86_ST00253" HPOS="686" VPOS="971" WIDTH="159" HEIGHT="30" CONTENT="pronounced" WC="0.71" CC="0532544030"/>
						<SP ID="P86_SP00226" HPOS="845" VPOS="1001" WIDTH="17"/>
						<String ID="P86_ST00254" HPOS="862" VPOS="977" WIDTH="98" HEIGHT="16" CONTENT="excom" SUBS_TYPE="HypPart1" SUBS_CONTENT="excommunication" WC="0.76" CC="070230"/>
						<HYP CONTENT="-"/>
					</TextLine>
					<TextLine ID="P86_TL00028" HPOS="116" VPOS="1004" WIDTH="845" HEIGHT="31">
						<String ID="P86_ST00255" HPOS="116" VPOS="1005" WIDTH="149" HEIGHT="22" CONTENT="munication" SUBS_TYPE="HypPart2" SUBS_CONTENT="excommunication" WC="0.79" CC="5553000010"/>
						<SP ID="P86_SP00227" HPOS="265" VPOS="1027" WIDTH="14"/>
						<String ID="P86_ST00256" HPOS="279" VPOS="1005" WIDTH="95" HEIGHT="30" CONTENT="against" WC="0.88" CC="0000403"/>
						<SP ID="P86_SP00228" HPOS="374" VPOS="1035" WIDTH="13"/>
						<String ID="P86_ST00257" HPOS="387" VPOS="1005" WIDTH="31" HEIGHT="22" CONTENT="all" WC="0.80" CC="500"/>
						<SP ID="P86_SP00229" HPOS="418" VPOS="1035" WIDTH="13"/>
						<String ID="P86_ST00258" HPOS="431" VPOS="1005" WIDTH="54" HEIGHT="22" CONTENT="who" WC="0.76" CC="051"/>
						<SP ID="P86_SP00230" HPOS="485" VPOS="1035" WIDTH="18"/>
						<String ID="P86_ST00259" HPOS="503" VPOS="1005" WIDTH="88" HEIGHT="22" CONTENT="should" WC="0.85" CC="610000"/>
						<SP ID="P86_SP00231" HPOS="591" VPOS="1035" WIDTH="18"/>
						<String ID="P86_ST00260" HPOS="609" VPOS="1005" WIDTH="102" HEIGHT="28" CONTENT="disobey" WC="0.83" CC="0003700"/>
						<SP ID="P86_SP00232" HPOS="711" VPOS="1035" WIDTH="13"/>
						<String ID="P86_ST00261" HPOS="724" VPOS="1004" WIDTH="73" HEIGHT="23" CONTENT="them." WC="0.60" CC="56070"/>
						<SP ID="P86_SP00233" HPOS="797" VPOS="1035" WIDTH="38"/>
						<String ID="P86_ST00262" HPOS="835" VPOS="1004" WIDTH="54" HEIGHT="23" CONTENT="The" WC="0.79" CC="060"/>
						<SP ID="P86_SP00234" HPOS="889" VPOS="1035" WIDTH="18"/>
						<String ID="P86_ST00263" HPOS="907" VPOS="1011" WIDTH="54" HEIGHT="16" CONTENT="new" WC="0.43" CC="709"/>
					</TextLine>
					<TextLine ID="P86_TL00029" HPOS="114" VPOS="1038" WIDTH="847" HEIGHT="30">
						<String ID="P86_ST00264" HPOS="114" VPOS="1038" WIDTH="150" HEIGHT="23" CONTENT="institutions" WC="0.78" CC="256500000050"/>
						<SP ID="P86_SP00235" HPOS="264" VPOS="1061" WIDTH="12"/>
						<String ID="P86_ST00265" HPOS="276" VPOS="1038" WIDTH="48" HEIGHT="23" CONTENT="had" WC="0.80" CC="500"/>
						<SP ID="P86_SP00236" HPOS="324" VPOS="1061" WIDTH="13"/>
						<String ID="P86_ST00266" HPOS="337" VPOS="1038" WIDTH="111" HEIGHT="23" CONTENT="received" WC="0.85" CC="50005000"/>
						<SP ID="P86_SP00237" HPOS="448" VPOS="1061" WIDTH="13"/>
						<String ID="P86_ST00267" HPOS="461" VPOS="1038" WIDTH="31" HEIGHT="22" CONTENT="all" WC="0.79" CC="005"/>
						<SP ID="P86_SP00238" HPOS="492" VPOS="1061" WIDTH="13"/>
						<String ID="P86_ST00268" HPOS="505" VPOS="1038" WIDTH="41" HEIGHT="22" CONTENT="the" WC="0.79" CC="050"/>
						<SP ID="P86_SP00239" HPOS="546" VPOS="1061" WIDTH="12"/>
						<String ID="P86_ST00269" HPOS="558" VPOS="1042" WIDTH="102" HEIGHT="26" CONTENT="support" WC="0.78" CC="7000205"/>
						<SP ID="P86_SP00240" HPOS="660" VPOS="1068" WIDTH="9"/>
						<String ID="P86_ST00270" HPOS="669" VPOS="1038" WIDTH="80" HEIGHT="22" CONTENT="whicli" WC="0.66" CC="030376"/>
						<SP ID="P86_SP00241" HPOS="749" VPOS="1068" WIDTH="13"/>
						<String ID="P86_ST00271" HPOS="762" VPOS="1038" WIDTH="42" HEIGHT="22" CONTENT="the" WC="0.61" CC="560"/>
						<SP ID="P86_SP00242" HPOS="804" VPOS="1068" WIDTH="13"/>
						<String ID="P86_ST00272" HPOS="817" VPOS="1038" WIDTH="144" HEIGHT="22" CONTENT="authorities" WC="0.70" CC="00350650306"/>
					</TextLine>
					<TextLine ID="P86_TL00030" HPOS="114" VPOS="1071" WIDTH="847" HEIGHT="31">
						<String ID="P86_ST00273" HPOS="114" VPOS="1071" WIDTH="24" HEIGHT="23" CONTENT="in" WC="0.85" CC="20"/>
						<SP ID="P86_SP00243" HPOS="138" VPOS="1094" WIDTH="16"/>
						<String ID="P86_ST00274" HPOS="154" VPOS="1071" WIDTH="99" HEIGHT="23" CONTENT="Church" WC="0.59" CC="065074"/>
						<SP ID="P86_SP00244" HPOS="253" VPOS="1094" WIDTH="18"/>
						<String ID="P86_ST00275" HPOS="271" VPOS="1072" WIDTH="46" HEIGHT="22" CONTENT="and" WC="0.95" CC="010"/>
						<SP ID="P86_SP00245" HPOS="317" VPOS="1094" WIDTH="15"/>
						<String ID="P86_ST00276" HPOS="332" VPOS="1071" WIDTH="67" HEIGHT="23" CONTENT="State" WC="0.71" CC="10740"/>
						<SP ID="P86_SP00246" HPOS="399" VPOS="1094" WIDTH="13"/>
						<String ID="P86_ST00277" HPOS="412" VPOS="1071" WIDTH="72" HEIGHT="23" CONTENT="could" WC="0.88" CC="01210"/>
						<SP ID="P86_SP00247" HPOS="484" VPOS="1094" WIDTH="13"/>
						<String ID="P86_ST00278" HPOS="497" VPOS="1072" WIDTH="55" HEIGHT="30" CONTENT="give" WC="1.00" CC="0000"/>
						<SP ID="P86_SP00248" HPOS="552" VPOS="1102" WIDTH="13"/>
						<String ID="P86_ST00279" HPOS="565" VPOS="1071" WIDTH="81" HEIGHT="27" CONTENT="them;" WC="0.65" CC="00772"/>
						<SP ID="P86_SP00249" HPOS="646" VPOS="1102" WIDTH="17"/>
						<String ID="P86_ST00280" HPOS="663" VPOS="1071" WIDTH="49" HEIGHT="23" CONTENT="still" WC="0.63" CC="42261"/>
						<SP ID="P86_SP00250" HPOS="712" VPOS="1102" WIDTH="14"/>
						<String ID="P86_ST00281" HPOS="726" VPOS="1071" WIDTH="97" HEIGHT="22" CONTENT="Howell" WC="0.61" CC="649000"/>
						<SP ID="P86_SP00251" HPOS="823" VPOS="1102" WIDTH="14"/>
						<String ID="P86_ST00282" HPOS="837" VPOS="1078" WIDTH="48" HEIGHT="15" CONTENT="was" WC="0.78" CC="006"/>
						<SP ID="P86_SP00252" HPOS="885" VPOS="1102" WIDTH="10"/>
						<String ID="P86_ST00283" HPOS="895" VPOS="1071" WIDTH="28" HEIGHT="22" CONTENT="of" WC="0.85" CC="20"/>
						<SP ID="P86_SP00253" HPOS="923" VPOS="1102" WIDTH="10"/>
						<String ID="P86_ST00284" HPOS="933" VPOS="1078" WIDTH="28" HEIGHT="16" CONTENT="so" WC="0.46" CC="90"/>
					</TextLine>
					<TextLine ID="P86_TL00031" HPOS="114" VPOS="1104" WIDTH="846" HEIGHT="31">
						<String ID="P86_ST00285" HPOS="114" VPOS="1104" WIDTH="115" HEIGHT="31" CONTENT="religious" WC="0.74" CC="603000371"/>
						<SP ID="P86_SP00254" HPOS="229" VPOS="1135" WIDTH="13"/>
						<String ID="P86_ST00286" HPOS="242" VPOS="1113" WIDTH="13" HEIGHT="14" CONTENT="a" WC="0.04" CC="9"/>
						<SP ID="P86_SP00255" HPOS="255" VPOS="1135" WIDTH="14"/>
						<String ID="P86_ST00287" HPOS="269" VPOS="1105" WIDTH="75" HEIGHT="30" CONTENT="spirit," WC="0.72" CC="9004400"/>
						<SP ID="P86_SP00256" HPOS="344" VPOS="1135" WIDTH="12"/>
						<String ID="P86_ST00288" HPOS="356" VPOS="1105" WIDTH="47" HEIGHT="22" CONTENT="and" WC="0.82" CC="050"/>
						<SP ID="P86_SP00257" HPOS="403" VPOS="1135" WIDTH="15"/>
						<String ID="P86_ST00289" HPOS="418" VPOS="1105" WIDTH="125" HEIGHT="23" CONTENT="cherished" WC="0.76" CC="075006100"/>
						<SP ID="P86_SP00258" HPOS="543" VPOS="1135" WIDTH="14"/>
						<String ID="P86_ST00290" HPOS="557" VPOS="1112" WIDTH="26" HEIGHT="15" CONTENT="so" WC="0.75" CC="04"/>
						<SP ID="P86_SP00259" HPOS="583" VPOS="1135" WIDTH="18"/>
						<String ID="P86_ST00291" HPOS="601" VPOS="1104" WIDTH="62" HEIGHT="31" CONTENT="deep" WC="0.79" CC="0205"/>
						<SP ID="P86_SP00260" HPOS="663" VPOS="1135" WIDTH="18"/>
						<String ID="P86_ST00292" HPOS="681" VPOS="1112" WIDTH="15" HEIGHT="15" CONTENT="a" WC="1.00" CC="0"/>
						<SP ID="P86_SP00261" HPOS="696" VPOS="1135" WIDTH="17"/>
						<String ID="P86_ST00293" HPOS="713" VPOS="1112" WIDTH="131" HEIGHT="16" CONTENT="reverence" WC="0.84" CC="600001500"/>
						<SP ID="P86_SP00262" HPOS="844" VPOS="1135" WIDTH="18"/>
						<String ID="P86_ST00294" HPOS="862" VPOS="1104" WIDTH="37" HEIGHT="23" CONTENT="for" WC="0.62" CC="901"/>
						<SP ID="P86_SP00263" HPOS="899" VPOS="1135" WIDTH="18"/>
						<String ID="P86_ST00295" HPOS="917" VPOS="1105" WIDTH="43" HEIGHT="23" CONTENT="the" WC="0.79" CC="600"/>
					</TextLine>
					<TextLine ID="P86_TL00032" HPOS="114" VPOS="1137" WIDTH="845" HEIGHT="33">
						<String ID="P86_ST00296" HPOS="114" VPOS="1138" WIDTH="68" HEIGHT="32" CONTENT="Holy" WC="0.66" CC="4530"/>
						<SP ID="P86_SP00264" HPOS="182" VPOS="1170" WIDTH="16"/>
						<String ID="P86_ST00297" HPOS="198" VPOS="1137" WIDTH="54" HEIGHT="30" CONTENT="See," WC="0.86" CC="2200"/>
						<SP ID="P86_SP00265" HPOS="252" VPOS="1170" WIDTH="13"/>
						<String ID="P86_ST00298" HPOS="265" VPOS="1139" WIDTH="54" HEIGHT="22" CONTENT="that" WC="0.87" CC="0500"/>
						<SP ID="P86_SP00266" HPOS="319" VPOS="1170" WIDTH="9"/>
						<String ID="P86_ST00299" HPOS="328" VPOS="1138" WIDTH="30" HEIGHT="23" CONTENT="he" WC="0.84" CC="11"/>
						<SP ID="P86_SP00267" HPOS="358" VPOS="1170" WIDTH="14"/>
						<String ID="P86_ST00300" HPOS="372" VPOS="1146" WIDTH="47" HEIGHT="15" CONTENT="was" WC="1.00" CC="000"/>
						<SP ID="P86_SP00268" HPOS="419" VPOS="1170" WIDTH="13"/>
						<String ID="P86_ST00301" HPOS="432" VPOS="1142" WIDTH="43" HEIGHT="19" CONTENT="not" WC="0.78" CC="302"/>
						<SP ID="P86_SP00269" HPOS="475" VPOS="1170" WIDTH="12"/>
						<String ID="P86_ST00302" HPOS="487" VPOS="1142" WIDTH="99" HEIGHT="20" CONTENT="content" WC="0.70" CC="1453005"/>
						<SP ID="P86_SP00270" HPOS="586" VPOS="1170" WIDTH="13"/>
						<String ID="P86_ST00303" HPOS="599" VPOS="1138" WIDTH="35" HEIGHT="23" CONTENT="till" WC="0.86" CC="0230"/>
						<SP ID="P86_SP00271" HPOS="634" VPOS="1170" WIDTH="12"/>
						<String ID="P86_ST00304" HPOS="646" VPOS="1138" WIDTH="25" HEIGHT="23" CONTENT="in" WC="1.00" CC="00"/>
						<SP ID="P86_SP00272" HPOS="671" VPOS="1170" WIDTH="14"/>
						<String ID="P86_ST00305" HPOS="685" VPOS="1146" WIDTH="97" HEIGHT="23" CONTENT="person," WC="0.73" CC="0076040"/>
						<SP ID="P86_SP00273" HPOS="782" VPOS="1170" WIDTH="14"/>
						<String ID="P86_ST00306" HPOS="796" VPOS="1138" WIDTH="116" HEIGHT="24" CONTENT="attended" WC="0.86" CC="05500000"/>
						<SP ID="P86_SP00274" HPOS="912" VPOS="1170" WIDTH="14"/>
						<String ID="P86_ST00307" HPOS="926" VPOS="1138" WIDTH="33" HEIGHT="32" CONTENT="by" WC="1.00" CC="00"/>
					</TextLine>
					<TextLine ID="P86_TL00033" HPOS="114" VPOS="1171" WIDTH="846" HEIGHT="33">
						<String ID="P86_ST00308" HPOS="114" VPOS="1172" WIDTH="41" HEIGHT="23" CONTENT="the" WC="0.77" CC="060"/>
						<SP ID="P86_SP00275" HPOS="155" VPOS="1195" WIDTH="14"/>
						<String ID="P86_ST00309" HPOS="169" VPOS="1172" WIDTH="157" HEIGHT="31" CONTENT="Archbishop" WC="0.69" CC="0405525600"/>
						<SP ID="P86_SP00276" HPOS="326" VPOS="1203" WIDTH="13"/>
						<String ID="P86_ST00310" HPOS="339" VPOS="1172" WIDTH="27" HEIGHT="23" CONTENT="of" WC="1.00" CC="00"/>
						<SP ID="P86_SP00277" HPOS="366" VPOS="1203" WIDTH="10"/>
						<String ID="P86_ST00311" HPOS="376" VPOS="1172" WIDTH="34" HEIGHT="23" CONTENT="St." WC="0.58" CC="750"/>
						<SP ID="P86_SP00278" HPOS="410" VPOS="1203" WIDTH="10"/>
						<String ID="P86_ST00312" HPOS="420" VPOS="1171" WIDTH="100" HEIGHT="24" CONTENT="David's" WC="0.83" CC="0005006"/>
						<SP ID="P86_SP00279" HPOS="520" VPOS="1203" WIDTH="13"/>
						<String ID="P86_ST00313" HPOS="533" VPOS="1172" WIDTH="47" HEIGHT="23" CONTENT="and" WC="0.60" CC="550"/>
						<SP ID="P86_SP00280" HPOS="580" VPOS="1203" WIDTH="14"/>
						<String ID="P86_ST00314" HPOS="594" VPOS="1172" WIDTH="41" HEIGHT="23" CONTENT="the" WC="0.71" CC="340"/>
						<SP ID="P86_SP00281" HPOS="635" VPOS="1203" WIDTH="11"/>
						<String ID="P86_ST00315" HPOS="646" VPOS="1171" WIDTH="104" HEIGHT="32" CONTENT="Bishops" WC="0.75" CC="0070504"/>
						<SP ID="P86_SP00282" HPOS="750" VPOS="1203" WIDTH="12"/>
						<String ID="P86_ST00316" HPOS="762" VPOS="1171" WIDTH="28" HEIGHT="24" CONTENT="of" WC="0.76" CC="40"/>
						<SP ID="P86_SP00283" HPOS="790" VPOS="1203" WIDTH="9"/>
						<String ID="P86_ST00317" HPOS="799" VPOS="1172" WIDTH="100" HEIGHT="32" CONTENT="Bangor" WC="0.83" CC="401030"/>
						<SP ID="P86_SP00284" HPOS="899" VPOS="1204" WIDTH="12"/>
						<String ID="P86_ST00318" HPOS="911" VPOS="1172" WIDTH="49" HEIGHT="23" CONTENT="and" WC="1.00" CC="000"/>
					</TextLine>
					<TextLine ID="P86_TL00034" HPOS="115" VPOS="1205" WIDTH="844" HEIGHT="32">
						<String ID="P86_ST00319" HPOS="115" VPOS="1205" WIDTH="35" HEIGHT="24" CONTENT="St." WC="0.62" CC="460"/>
						<SP ID="P86_SP00285" HPOS="150" VPOS="1229" WIDTH="15"/>
						<String ID="P86_ST00320" HPOS="165" VPOS="1206" WIDTH="93" HEIGHT="31" CONTENT="Asaph," WC="0.82" CC="060030"/>
						<SP ID="P86_SP00286" HPOS="258" VPOS="1237" WIDTH="13"/>
						<String ID="P86_ST00321" HPOS="271" VPOS="1206" WIDTH="30" HEIGHT="23" CONTENT="he" WC="0.83" CC="30"/>
						<SP ID="P86_SP00287" HPOS="301" VPOS="1237" WIDTH="14"/>
						<String ID="P86_ST00322" HPOS="315" VPOS="1206" WIDTH="46" HEIGHT="23" CONTENT="had" WC="0.90" CC="200"/>
						<SP ID="P86_SP00288" HPOS="361" VPOS="1237" WIDTH="12"/>
						<String ID="P86_ST00323" HPOS="373" VPOS="1206" WIDTH="129" HEIGHT="31" CONTENT="presented" WC="0.85" CC="000525000"/>
						<SP ID="P86_SP00289" HPOS="502" VPOS="1237" WIDTH="13"/>
						<String ID="P86_ST00324" HPOS="515" VPOS="1205" WIDTH="99" HEIGHT="24" CONTENT="himself" WC="0.77" CC="5504000"/>
						<SP ID="P86_SP00290" HPOS="614" VPOS="1237" WIDTH="10"/>
						<String ID="P86_ST00325" HPOS="624" VPOS="1209" WIDTH="25" HEIGHT="20" CONTENT="at" WC="0.80" CC="04"/>
						<SP ID="P86_SP00291" HPOS="649" VPOS="1237" WIDTH="12"/>
						<String ID="P86_ST00326" HPOS="661" VPOS="1205" WIDTH="41" HEIGHT="24" CONTENT="the" WC="0.60" CC="560"/>
						<SP ID="P86_SP00292" HPOS="702" VPOS="1237" WIDTH="15"/>
						<String ID="P86_ST00327" HPOS="717" VPOS="1205" WIDTH="75" HEIGHT="32" CONTENT="Papal" WC="0.56" CC="40555"/>
						<SP ID="P86_SP00293" HPOS="792" VPOS="1237" WIDTH="14"/>
						<String ID="P86_ST00328" HPOS="806" VPOS="1205" WIDTH="87" HEIGHT="29" CONTENT="Court," WC="0.87" CC="002400"/>
						<SP ID="P86_SP00294" HPOS="893" VPOS="1237" WIDTH="18"/>
						<String ID="P86_ST00329" HPOS="911" VPOS="1206" WIDTH="48" HEIGHT="24" CONTENT="and" WC="0.99" CC="000"/>
					</TextLine>
					<TextLine ID="P86_TL00035" HPOS="114" VPOS="1235" WIDTH="845" HEIGHT="35">
						<String ID="P86_ST00330" HPOS="114" VPOS="1235" WIDTH="111" HEIGHT="28" CONTENT="received" WC="0.83" CC="20011440"/>
						<SP ID="P86_SP00295" HPOS="225" VPOS="1263" WIDTH="22"/>
						<String ID="P86_ST00331" HPOS="247" VPOS="1240" WIDTH="40" HEIGHT="23" CONTENT="the" WC="0.59" CC="570"/>
						<SP ID="P86_SP00296" HPOS="287" VPOS="1263" WIDTH="22"/>
						<String ID="P86_ST00332" HPOS="309" VPOS="1240" WIDTH="167" HEIGHT="23" CONTENT="confirmation" WC="0.89" CC="010000020008"/>
						<SP ID="P86_SP00297" HPOS="476" VPOS="1263" WIDTH="23"/>
						<String ID="P86_ST00333" HPOS="499" VPOS="1239" WIDTH="28" HEIGHT="24" CONTENT="of" WC="0.81" CC="30"/>
						<SP ID="P86_SP00298" HPOS="527" VPOS="1263" WIDTH="17"/>
						<String ID="P86_ST00334" HPOS="544" VPOS="1240" WIDTH="40" HEIGHT="23" CONTENT="the" WC="0.73" CC="070"/>
						<SP ID="P86_SP00299" HPOS="584" VPOS="1263" WIDTH="20"/>
						<String ID="P86_ST00335" HPOS="604" VPOS="1240" WIDTH="129" HEIGHT="30" CONTENT="sovereign" WC="0.76" CC="444010007"/>
						<SP ID="P86_SP00300" HPOS="733" VPOS="1270" WIDTH="19"/>
						<String ID="P86_ST00336" HPOS="752" VPOS="1240" WIDTH="95" HEIGHT="30" CONTENT="pontiff," WC="0.85" CC="02500004"/>
						<SP ID="P86_SP00301" HPOS="847" VPOS="1270" WIDTH="20"/>
						<String ID="P86_ST00337" HPOS="867" VPOS="1248" WIDTH="27" HEIGHT="15" CONTENT="as" WC="0.77" CC="04"/>
						<SP ID="P86_SP00302" HPOS="894" VPOS="1270" WIDTH="23"/>
						<String ID="P86_ST00338" HPOS="917" VPOS="1240" WIDTH="42" HEIGHT="24" CONTENT="the" WC="0.86" CC="040"/>
					</TextLine>
					<TextLine ID="P86_TL00036" HPOS="113" VPOS="1273" WIDTH="846" HEIGHT="32">
						<String ID="P86_ST00339" HPOS="113" VPOS="1273" WIDTH="115" HEIGHT="31" CONTENT="finishing" WC="0.53" CC="116067459"/>
						<SP ID="P86_SP00303" HPOS="228" VPOS="1304" WIDTH="18"/>
						<String ID="P86_ST00340" HPOS="246" VPOS="1273" WIDTH="81" HEIGHT="24" CONTENT="stroke" WC="0.85" CC="400400"/>
						<SP ID="P86_SP00304" HPOS="327" VPOS="1304" WIDTH="17"/>
						<String ID="P86_ST00341" HPOS="344" VPOS="1276" WIDTH="26" HEIGHT="21" CONTENT="to" WC="1.00" CC="00"/>
						<SP ID="P86_SP00305" HPOS="370" VPOS="1304" WIDTH="18"/>
						<String ID="P86_ST00342" HPOS="388" VPOS="1274" WIDTH="37" HEIGHT="22" CONTENT="his" WC="0.51" CC="634"/>
						<SP ID="P86_SP00306" HPOS="425" VPOS="1304" WIDTH="16"/>
						<String ID="P86_ST00343" HPOS="441" VPOS="1273" WIDTH="73" HEIGHT="24" CONTENT="noble" WC="0.82" CC="70001"/>
						<SP ID="P86_SP00307" HPOS="514" VPOS="1304" WIDTH="18"/>
						<String ID="P86_ST00344" HPOS="532" VPOS="1274" WIDTH="48" HEIGHT="23" CONTENT="and" WC="1.00" CC="000"/>
						<SP ID="P86_SP00308" HPOS="580" VPOS="1304" WIDTH="18"/>
						<String ID="P86_ST00345" HPOS="598" VPOS="1274" WIDTH="115" HEIGHT="30" CONTENT="patriotic" WC="0.73" CC="031560420"/>
						<SP ID="P86_SP00309" HPOS="713" VPOS="1304" WIDTH="17"/>
						<String ID="P86_ST00346" HPOS="730" VPOS="1274" WIDTH="94" HEIGHT="31" CONTENT="design." WC="0.73" CC="5064003"/>
						<SP ID="P86_SP00310" HPOS="824" VPOS="1305" WIDTH="37"/>
						<String ID="P86_ST00347" HPOS="861" VPOS="1273" WIDTH="98" HEIGHT="24" CONTENT="Howell" WC="0.79" CC="500007"/>
					</TextLine>
					<TextLine ID="P86_TL00037" HPOS="112" VPOS="1307" WIDTH="849" HEIGHT="28">
						<String ID="P86_ST00348" HPOS="112" VPOS="1307" WIDTH="87" HEIGHT="23" CONTENT="visited" WC="0.62" CC="9470400"/>
						<SP ID="P86_SP00311" HPOS="199" VPOS="1330" WIDTH="21"/>
						<String ID="P86_ST00349" HPOS="220" VPOS="1307" WIDTH="78" HEIGHT="23" CONTENT="Rome" WC="0.92" CC="0030"/>
						<SP ID="P86_SP00312" HPOS="298" VPOS="1330" WIDTH="18"/>
						<String ID="P86_ST00350" HPOS="316" VPOS="1315" WIDTH="32" HEIGHT="16" CONTENT="on" WC="1.00" CC="00"/>
						<SP ID="P86_SP00313" HPOS="348" VPOS="1331" WIDTH="24"/>
						<String ID="P86_ST00351" HPOS="372" VPOS="1310" WIDTH="48" HEIGHT="21" CONTENT="two" WC="0.87" CC="300"/>
						<SP ID="P86_SP00314" HPOS="420" VPOS="1331" WIDTH="18"/>
						<String ID="P86_ST00352" HPOS="438" VPOS="1307" WIDTH="133" HEIGHT="28" CONTENT="occasions," WC="0.74" CC="6000152430"/>
						<SP ID="P86_SP00315" HPOS="571" VPOS="1335" WIDTH="23"/>
						<String ID="P86_ST00353" HPOS="594" VPOS="1308" WIDTH="76" HEIGHT="23" CONTENT="about" WC="0.96" CC="01000"/>
						<SP ID="P86_SP00316" HPOS="670" VPOS="1335" WIDTH="20"/>
						<String ID="P86_ST00354" HPOS="690" VPOS="1307" WIDTH="50" HEIGHT="23" CONTENT="926" WC="0.78" CC="060"/>
						<SP ID="P86_SP00317" HPOS="740" VPOS="1335" WIDTH="23"/>
						<String ID="P86_ST00355" HPOS="763" VPOS="1308" WIDTH="48" HEIGHT="23" CONTENT="and" WC="1.00" CC="000"/>
						<SP ID="P86_SP00318" HPOS="811" VPOS="1335" WIDTH="25"/>
						<String ID="P86_ST00356" HPOS="836" VPOS="1308" WIDTH="50" HEIGHT="23" CONTENT="930" WC="0.36" CC="576"/>
						<String ID="P86_ST00357" HPOS="896" VPOS="1317" WIDTH="6" HEIGHT="18" CONTENT=";" WC="1.00" CC="0"/>
						<SP ID="P86_SP00319" HPOS="902" VPOS="1335" WIDTH="31"/>
						<String ID="P86_ST00358" HPOS="933" VPOS="1307" WIDTH="28" HEIGHT="24" CONTENT="of" WC="0.44" CC="28"/>
					</TextLine>
					<TextLine ID="P86_TL00038" HPOS="112" VPOS="1341" WIDTH="846" HEIGHT="31">
						<String ID="P86_ST00359" HPOS="112" VPOS="1341" WIDTH="80" HEIGHT="23" CONTENT="which" WC="0.85" CC="07000"/>
						<SP ID="P86_SP00320" HPOS="192" VPOS="1364" WIDTH="24"/>
						<String ID="P86_ST00360" HPOS="216" VPOS="1342" WIDTH="84" HEIGHT="30" CONTENT="period" WC="0.86" CC="013100"/>
						<SP ID="P86_SP00321" HPOS="300" VPOS="1372" WIDTH="24"/>
						<String ID="P86_ST00361" HPOS="324" VPOS="1349" WIDTH="14" HEIGHT="15" CONTENT="a" WC="1.00" CC="0"/>
						<SP ID="P86_SP00322" HPOS="338" VPOS="1372" WIDTH="26"/>
						<String ID="P86_ST00362" HPOS="364" VPOS="1341" WIDTH="95" HEIGHT="23" CONTENT="Roman" WC="0.90" CC="01003"/>
						<SP ID="P86_SP00323" HPOS="459" VPOS="1372" WIDTH="22"/>
						<String ID="P86_ST00363" HPOS="481" VPOS="1341" WIDTH="112" HEIGHT="23" CONTENT="Catholic" WC="0.80" CC="00150062"/>
						<SP ID="P86_SP00324" HPOS="593" VPOS="1372" WIDTH="21"/>
						<String ID="P86_ST00364" HPOS="614" VPOS="1342" WIDTH="118" HEIGHT="22" CONTENT="historian" WC="0.65" CC="644024071"/>
						<SP ID="P86_SP00325" HPOS="732" VPOS="1372" WIDTH="23"/>
						<String ID="P86_ST00365" HPOS="755" VPOS="1342" WIDTH="86" HEIGHT="27" CONTENT="writes," WC="0.88" CC="0003050"/>
						<String ID="P86_ST00366" HPOS="843" VPOS="1356" WIDTH="35" HEIGHT="3" CONTENT="—" WC="0.20" CC="8"/>
						<String ID="P86_ST00367" HPOS="879" VPOS="1344" WIDTH="15" HEIGHT="11" CONTENT='"' WC="0.95" CC="0"/>
						<SP ID="P86_SP00326" HPOS="894" VPOS="1372" WIDTH="10"/>
						<String ID="P86_ST00368" HPOS="904" VPOS="1341" WIDTH="54" HEIGHT="23" CONTENT="The" WC="0.75" CC="070"/>
					</TextLine>
					<TextLine ID="P86_TL00039" HPOS="113" VPOS="1374" WIDTH="845" HEIGHT="33">
						<String ID="P86_ST00369" HPOS="113" VPOS="1374" WIDTH="97" HEIGHT="23" CONTENT="Roman" WC="0.95" CC="00002"/>
						<SP ID="P86_SP00327" HPOS="210" VPOS="1397" WIDTH="19"/>
						<String ID="P86_ST00370" HPOS="229" VPOS="1375" WIDTH="46" HEIGHT="22" CONTENT="See" WC="0.76" CC="700"/>
						<SP ID="P86_SP00328" HPOS="275" VPOS="1397" WIDTH="17"/>
						<String ID="P86_ST00371" HPOS="292" VPOS="1382" WIDTH="100" HEIGHT="24" CONTENT="appears" WC="0.72" CC="9000306"/>
						<SP ID="P86_SP00329" HPOS="392" VPOS="1406" WIDTH="17"/>
						<String ID="P86_ST00372" HPOS="409" VPOS="1378" WIDTH="25" HEIGHT="20" CONTENT="to" WC="1.00" CC="00"/>
						<SP ID="P86_SP00330" HPOS="434" VPOS="1406" WIDTH="19"/>
						<String ID="P86_ST00373" HPOS="453" VPOS="1375" WIDTH="61" HEIGHT="22" CONTENT="have" WC="0.94" CC="2000"/>
						<SP ID="P86_SP00331" HPOS="514" VPOS="1406" WIDTH="18"/>
						<String ID="P86_ST00374" HPOS="532" VPOS="1375" WIDTH="62" HEIGHT="23" CONTENT="been" WC="0.82" CC="4002"/>
						<SP ID="P86_SP00332" HPOS="594" VPOS="1406" WIDTH="19"/>
						<String ID="P86_ST00375" HPOS="613" VPOS="1375" WIDTH="24" HEIGHT="22" CONTENT="in" WC="0.69" CC="06"/>
						<SP ID="P86_SP00333" HPOS="637" VPOS="1406" WIDTH="19"/>
						<String ID="P86_ST00376" HPOS="656" VPOS="1383" WIDTH="15" HEIGHT="15" CONTENT="a" WC="1.00" CC="0"/>
						<SP ID="P86_SP00334" HPOS="671" VPOS="1406" WIDTH="17"/>
						<String ID="P86_ST00377" HPOS="688" VPOS="1378" WIDTH="63" HEIGHT="20" CONTENT="state" WC="0.85" CC="10500"/>
						<SP ID="P86_SP00335" HPOS="751" VPOS="1406" WIDTH="17"/>
						<String ID="P86_ST00378" HPOS="768" VPOS="1375" WIDTH="28" HEIGHT="23" CONTENT="of" WC="0.58" CC="08"/>
						<SP ID="P86_SP00336" HPOS="796" VPOS="1406" WIDTH="15"/>
						<String ID="P86_ST00379" HPOS="811" VPOS="1375" WIDTH="147" HEIGHT="32" CONTENT="disgraceful" WC="0.79" CC="90006000033"/>
					</TextLine>
					<TextLine ID="P86_TL00040" HPOS="112" VPOS="1408" WIDTH="845" HEIGHT="30">
						<String ID="P86_ST00380" HPOS="112" VPOS="1408" WIDTH="157" HEIGHT="30" CONTENT="dependence" WC="0.89" CC="0000200710"/>
						<SP ID="P86_SP00337" HPOS="269" VPOS="1438" WIDTH="20"/>
						<String ID="P86_ST00381" HPOS="289" VPOS="1416" WIDTH="31" HEIGHT="16" CONTENT="on" WC="0.67" CC="06"/>
						<SP ID="P86_SP00338" HPOS="320" VPOS="1438" WIDTH="20"/>
						<String ID="P86_ST00382" HPOS="340" VPOS="1409" WIDTH="91" HEIGHT="23" CONTENT="certain" WC="0.65" CC="2093062"/>
						<SP ID="P86_SP00339" HPOS="431" VPOS="1438" WIDTH="23"/>
						<String ID="P86_ST00383" HPOS="454" VPOS="1408" WIDTH="97" HEIGHT="24" CONTENT="Roman" WC="0.83" CC="02005"/>
						<SP ID="P86_SP00340" HPOS="551" VPOS="1438" WIDTH="20"/>
						<String ID="P86_ST00384" HPOS="571" VPOS="1416" WIDTH="103" HEIGHT="21" CONTENT="women," WC="0.88" CC="005010"/>
						<SP ID="P86_SP00341" HPOS="674" VPOS="1438" WIDTH="22"/>
						<String ID="P86_ST00385" HPOS="696" VPOS="1409" WIDTH="62" HEIGHT="27" CONTENT="who," WC="0.72" CC="0640"/>
						<SP ID="P86_SP00342" HPOS="758" VPOS="1438" WIDTH="20"/>
						<String ID="P86_ST00386" HPOS="778" VPOS="1408" WIDTH="135" HEIGHT="24" CONTENT="influential" WC="0.79" CC="20000071605"/>
						<SP ID="P86_SP00343" HPOS="913" VPOS="1438" WIDTH="19"/>
						<String ID="P86_ST00387" HPOS="932" VPOS="1416" WIDTH="25" HEIGHT="16" CONTENT="as" WC="0.30" CC="76"/>
					</TextLine>
				</TextBlock>
				<TextBlock ID="P86_TB00004" HPOS="206" VPOS="1480" WIDTH="656" HEIGHT="27" STYLEREFS="TXT_1 PAR_CENTER">
					<TextLine ID="P86_TL00041" HPOS="207" VPOS="1480" WIDTH="655" HEIGHT="27">
						<String ID="P86_ST00388" HPOS="207" VPOS="1480" WIDTH="13" HEIGHT="14" CONTENT="*" WC="1.00" CC="0"/>
						<SP ID="P86_SP00344" HPOS="220" VPOS="1494" WIDTH="14"/>
						<String ID="P86_ST00389" HPOS="234" VPOS="1480" WIDTH="20" HEIGHT="21" CONTENT="A" WC="1.00" CC="0"/>
						<SP ID="P86_SP00345" HPOS="254" VPOS="1501" WIDTH="10"/>
						<String ID="P86_ST00390" HPOS="264" VPOS="1484" WIDTH="100" HEIGHT="18" CONTENT="commote" WC="0.78" CC="6200204"/>
						<SP ID="P86_SP00346" HPOS="364" VPOS="1502" WIDTH="10"/>
						<String ID="P86_ST00391" HPOS="374" VPOS="1482" WIDTH="114" HEIGHT="25" CONTENT="comprised" WC="0.60" CC="368005550"/>
						<SP ID="P86_SP00347" HPOS="488" VPOS="1507" WIDTH="10"/>
						<String ID="P86_ST00392" HPOS="498" VPOS="1483" WIDTH="71" HEIGHT="19" CONTENT="twelve" WC="0.50" CC="691704"/>
						<SP ID="P86_SP00348" HPOS="569" VPOS="1507" WIDTH="10"/>
						<String ID="P86_ST00393" HPOS="579" VPOS="1489" WIDTH="81" HEIGHT="13" CONTENT="manors" WC="0.42" CC="673636"/>
						<SP ID="P86_SP00349" HPOS="660" VPOS="1507" WIDTH="10"/>
						<String ID="P86_ST00394" HPOS="670" VPOS="1482" WIDTH="40" HEIGHT="20" CONTENT="and" WC="0.44" CC="970"/>
						<SP ID="P86_SP00350" HPOS="710" VPOS="1507" WIDTH="10"/>
						<String ID="P86_ST00395" HPOS="720" VPOS="1484" WIDTH="40" HEIGHT="18" CONTENT="two" WC="0.61" CC="092"/>
						<SP ID="P86_SP00351" HPOS="760" VPOS="1507" WIDTH="10"/>
						<String ID="P86_ST00396" HPOS="770" VPOS="1481" WIDTH="92" HEIGHT="21" CONTENT="hamlets." WC="0.66" CC="25053180"/>
					</TextLine>
				</TextBlock>
			</PrintSpace>
		</Page>
	</Layout>
</alto>
