<?xml version="1.0" encoding="UTF-8"?>
<alto xmlns:xsi="http://www.w3.org/2001/XMLSchema-instance" xsi:noNamespaceSchemaLocation="http://www.bl.uk/schemas/alto/alto-1-4.xsd" xmlns:xlink="http://www.w3.org/1999/xlink">
	<Description>
		<MeasurementUnit>mm10</MeasurementUnit>
		<sourceImageInformation>
			<fileName>//head1/IN/2008-22/A0011651692/008450.jp2</fileName>
		</sourceImageInformation>
		<OCRProcessing ID="OCRPROCESSING_1">
			<preProcessingStep>
				<processingSoftware>
					<softwareCreator>CCS Content Conversion Specialists GmbH, Germany</softwareCreator>
					<softwareName>CCS docWORKS</softwareName>
					<softwareVersion>6.1-0.67</softwareVersion>
				</processingSoftware>
			</preProcessingStep>
			<ocrProcessingStep>
				<processingSoftware>
					<softwareCreator>ABBYY (BIT Software), Russia</softwareCreator>
					<softwareName>Finereader</softwareName>
				</processingSoftware>
			</ocrProcessingStep>
		</OCRProcessing>
	</Description>
	<Styles>
		<TextStyle ID="TXT_0" FONTSIZE="10" FONTFAMILY="Courier New"/>
		<TextStyle ID="TXT_1" FONTSIZE="9" FONTFAMILY="Courier New"/>
		<ParagraphStyle ID="PAR_LEFT" ALIGN="Left"/>
		<ParagraphStyle ID="PAR_RIGHT" ALIGN="Right"/>
		<ParagraphStyle ID="PAR_CENTER" ALIGN="Center"/>
	</Styles>
	<Layout>
		<Page ID="P62" PHYSICAL_IMG_NR="62" HEIGHT="1619" WIDTH="1023" PRINTED_IMG_NR="48" POSITION="Left" ACCURACY="73.30">
			<TopMargin ID="P62_TM00001" HPOS="0" VPOS="0" WIDTH="1022" HEIGHT="125">
				<TextBlock ID="P62_TB00001" HPOS="139" VPOS="99" WIDTH="32" HEIGHT="24" STYLEREFS="TXT_0 PAR_LEFT">
					<TextLine ID="P62_TL00001" HPOS="139" VPOS="99" WIDTH="32" HEIGHT="24">
						<String ID="P62_ST00001" HPOS="139" VPOS="99" WIDTH="32" HEIGHT="24" CONTENT="48" WC="1.00" CC="00"/>
					</TextLine>
				</TextBlock>
				<TextBlock ID="P62_TB00002" HPOS="496" VPOS="109" WIDTH="127" HEIGHT="16" STYLEREFS="TXT_1 PAR_RIGHT">
					<TextLine ID="P62_TL00002" HPOS="497" VPOS="109" WIDTH="126" HEIGHT="16">
						<String ID="P62_ST00002" HPOS="497" VPOS="109" WIDTH="126" HEIGHT="16" CONTENT="BARDISM." WC="0.63" CC="00363690"/>
					</TextLine>
				</TextBlock>
			</TopMargin>
			<LeftMargin ID="P62_LM00001" HPOS="0" VPOS="125" WIDTH="139" HEIGHT="1420"/>
			<RightMargin ID="P62_RM00001" HPOS="992" VPOS="125" WIDTH="30" HEIGHT="1420"/>
			<BottomMargin ID="P62_BM00001" HPOS="0" VPOS="1545" WIDTH="1022" HEIGHT="73"/>
			<PrintSpace ID="P62_PS00001" HPOS="139" VPOS="125" WIDTH="853" HEIGHT="1420">
				<TextBlock ID="P62_TB00003" HPOS="139" VPOS="165" WIDTH="849" HEIGHT="629" STYLEREFS="TXT_1 PAR_LEFT">
					<TextLine ID="P62_TL00003" HPOS="142" VPOS="166" WIDTH="844" HEIGHT="25">
						<String ID="P62_ST00003" HPOS="142" VPOS="167" WIDTH="81" HEIGHT="22" CONTENT="whose" WC="0.66" CC="06171"/>
						<SP ID="P62_SP00001" HPOS="223" VPOS="189" WIDTH="22"/>
						<String ID="P62_ST00004" HPOS="245" VPOS="169" WIDTH="67" HEIGHT="21" CONTENT="court" WC="0.58" CC="40627"/>
						<SP ID="P62_SP00002" HPOS="312" VPOS="190" WIDTH="20"/>
						<String ID="P62_ST00005" HPOS="332" VPOS="167" WIDTH="30" HEIGHT="22" CONTENT="he" WC="0.67" CC="60"/>
						<SP ID="P62_SP00003" HPOS="362" VPOS="190" WIDTH="21"/>
						<String ID="P62_ST00006" HPOS="383" VPOS="167" WIDTH="95" HEIGHT="23" CONTENT="resided" WC="0.70" CC="5167000"/>
						<SP ID="P62_SP00004" HPOS="478" VPOS="190" WIDTH="19"/>
						<String ID="P62_ST00007" HPOS="497" VPOS="167" WIDTH="37" HEIGHT="23" CONTENT="for" WC="0.60" CC="470"/>
						<SP ID="P62_SP00005" HPOS="534" VPOS="190" WIDTH="17"/>
						<String ID="P62_ST00008" HPOS="551" VPOS="176" WIDTH="14" HEIGHT="15" CONTENT="a" WC="1.00" CC="0"/>
						<SP ID="P62_SP00006" HPOS="565" VPOS="191" WIDTH="23"/>
						<String ID="P62_ST00009" HPOS="588" VPOS="167" WIDTH="78" HEIGHT="23" CONTENT="while." WC="0.75" CC="070070"/>
						<SP ID="P62_SP00007" HPOS="666" VPOS="191" WIDTH="38"/>
						<String ID="P62_ST00010" HPOS="704" VPOS="167" WIDTH="53" HEIGHT="23" CONTENT="The" WC="0.84" CC="040"/>
						<SP ID="P62_SP00008" HPOS="757" VPOS="191" WIDTH="21"/>
						<String ID="P62_ST00011" HPOS="778" VPOS="167" WIDTH="92" HEIGHT="22" CONTENT="service" WC="0.72" CC="5702400"/>
						<SP ID="P62_SP00009" HPOS="870" VPOS="191" WIDTH="19"/>
						<String ID="P62_ST00012" HPOS="889" VPOS="166" WIDTH="28" HEIGHT="23" CONTENT="of" WC="0.76" CC="40"/>
						<SP ID="P62_SP00010" HPOS="917" VPOS="191" WIDTH="21"/>
						<String ID="P62_ST00013" HPOS="938" VPOS="166" WIDTH="48" HEIGHT="23" CONTENT="this" WC="0.63" CC="3109"/>
					</TextLine>
					<TextLine ID="P62_TL00004" HPOS="144" VPOS="200" WIDTH="842" HEIGHT="31">
						<String ID="P62_ST00014" HPOS="144" VPOS="200" WIDTH="135" HEIGHT="23" CONTENT="chivalrous" WC="0.78" CC="0008400025"/>
						<SP ID="P62_SP00011" HPOS="279" VPOS="223" WIDTH="13"/>
						<String ID="P62_ST00015" HPOS="292" VPOS="201" WIDTH="89" HEIGHT="30" CONTENT="prince," WC="0.74" CC="0574100"/>
						<SP ID="P62_SP00012" HPOS="381" VPOS="231" WIDTH="14"/>
						<String ID="P62_ST00016" HPOS="395" VPOS="202" WIDTH="149" HEIGHT="22" CONTENT="honourable" WC="0.72" CC="7000430560"/>
						<SP ID="P62_SP00013" HPOS="544" VPOS="231" WIDTH="14"/>
						<String ID="P62_ST00017" HPOS="558" VPOS="210" WIDTH="25" HEIGHT="14" CONTENT="as" WC="0.34" CC="93"/>
						<SP ID="P62_SP00014" HPOS="583" VPOS="231" WIDTH="13"/>
						<String ID="P62_ST00018" HPOS="596" VPOS="202" WIDTH="19" HEIGHT="22" CONTENT="it" WC="0.72" CC="05"/>
						<SP ID="P62_SP00015" HPOS="615" VPOS="231" WIDTH="12"/>
						<String ID="P62_ST00019" HPOS="627" VPOS="210" WIDTH="55" HEIGHT="19" CONTENT="was," WC="0.84" CC="0060"/>
						<SP ID="P62_SP00016" HPOS="682" VPOS="231" WIDTH="14"/>
						<String ID="P62_ST00020" HPOS="696" VPOS="201" WIDTH="101" HEIGHT="23" CONTENT="became" WC="0.85" CC="000260"/>
						<SP ID="P62_SP00017" HPOS="797" VPOS="231" WIDTH="13"/>
						<String ID="P62_ST00021" HPOS="810" VPOS="200" WIDTH="136" HEIGHT="23" CONTENT="distasteful" WC="0.71" CC="00930636000"/>
						<SP ID="P62_SP00018" HPOS="946" VPOS="231" WIDTH="13"/>
						<String ID="P62_ST00022" HPOS="959" VPOS="203" WIDTH="27" HEIGHT="19" CONTENT="to" WC="0.94" CC="01"/>
					</TextLine>
					<TextLine ID="P62_TL00005" HPOS="143" VPOS="234" WIDTH="843" HEIGHT="33">
						<String ID="P62_ST00023" HPOS="143" VPOS="242" WIDTH="14" HEIGHT="14" CONTENT="a" WC="0.04" CC="9"/>
						<SP ID="P62_SP00019" HPOS="157" VPOS="256" WIDTH="12"/>
						<String ID="P62_ST00024" HPOS="169" VPOS="234" WIDTH="66" HEIGHT="22" CONTENT="mind" WC="0.80" CC="0502"/>
						<SP ID="P62_SP00020" HPOS="235" VPOS="256" WIDTH="13"/>
						<String ID="P62_ST00025" HPOS="248" VPOS="235" WIDTH="59" HEIGHT="26" CONTENT="that," WC="0.81" CC="02050"/>
						<SP ID="P62_SP00021" HPOS="307" VPOS="261" WIDTH="12"/>
						<String ID="P62_ST00026" HPOS="319" VPOS="235" WIDTH="126" HEIGHT="31" CONTENT="poet-like," WC="0.77" CC="0400362060"/>
						<SP ID="P62_SP00022" HPOS="445" VPOS="266" WIDTH="11"/>
						<String ID="P62_ST00027" HPOS="456" VPOS="236" WIDTH="104" HEIGHT="31" CONTENT="yearned" WC="0.64" CC="9350600"/>
						<SP ID="P62_SP00023" HPOS="560" VPOS="267" WIDTH="10"/>
						<String ID="P62_ST00028" HPOS="570" VPOS="235" WIDTH="37" HEIGHT="23" CONTENT="for" WC="0.50" CC="644"/>
						<SP ID="P62_SP00024" HPOS="607" VPOS="267" WIDTH="12"/>
						<String ID="P62_ST00029" HPOS="619" VPOS="236" WIDTH="140" HEIGHT="22" CONTENT="retirement" WC="0.77" CC="4004540030"/>
						<SP ID="P62_SP00025" HPOS="759" VPOS="267" WIDTH="9"/>
						<String ID="P62_ST00030" HPOS="768" VPOS="235" WIDTH="47" HEIGHT="22" CONTENT="and" WC="0.71" CC="080"/>
						<SP ID="P62_SP00026" HPOS="815" VPOS="267" WIDTH="9"/>
						<String ID="P62_ST00031" HPOS="824" VPOS="234" WIDTH="162" HEIGHT="31" CONTENT="tranquillity." WC="0.73" CC="0405820060090"/>
					</TextLine>
					<TextLine ID="P62_TL00006" HPOS="142" VPOS="267" WIDTH="844" HEIGHT="25">
						<String ID="P62_ST00032" HPOS="142" VPOS="268" WIDTH="119" HEIGHT="22" CONTENT="Aneurim" WC="0.80" CC="0442030"/>
						<SP ID="P62_SP00027" HPOS="261" VPOS="290" WIDTH="20"/>
						<String ID="P62_ST00033" HPOS="281" VPOS="267" WIDTH="42" HEIGHT="24" CONTENT="left" WC="0.72" CC="2053"/>
						<SP ID="P62_SP00028" HPOS="323" VPOS="291" WIDTH="18"/>
						<String ID="P62_ST00034" HPOS="341" VPOS="268" WIDTH="113" HEIGHT="23" CONTENT="Arthur's" WC="0.72" CC="05001265"/>
						<SP ID="P62_SP00029" HPOS="454" VPOS="291" WIDTH="16"/>
						<String ID="P62_ST00035" HPOS="470" VPOS="272" WIDTH="69" HEIGHT="20" CONTENT="court" WC="0.71" CC="30064"/>
						<SP ID="P62_SP00030" HPOS="539" VPOS="292" WIDTH="19"/>
						<String ID="P62_ST00036" HPOS="558" VPOS="269" WIDTH="47" HEIGHT="23" CONTENT="and" WC="1.00" CC="000"/>
						<SP ID="P62_SP00031" HPOS="605" VPOS="292" WIDTH="20"/>
						<String ID="P62_ST00037" HPOS="625" VPOS="269" WIDTH="99" HEIGHT="22" CONTENT="became" WC="0.76" CC="707000"/>
						<SP ID="P62_SP00032" HPOS="724" VPOS="292" WIDTH="21"/>
						<String ID="P62_ST00038" HPOS="745" VPOS="277" WIDTH="29" HEIGHT="14" CONTENT="an" WC="0.59" CC="08"/>
						<SP ID="P62_SP00033" HPOS="774" VPOS="292" WIDTH="19"/>
						<String ID="P62_ST00039" HPOS="793" VPOS="269" WIDTH="89" HEIGHT="22" CONTENT="inmate" WC="0.89" CC="060000"/>
						<SP ID="P62_SP00034" HPOS="882" VPOS="292" WIDTH="20"/>
						<String ID="P62_ST00040" HPOS="902" VPOS="268" WIDTH="27" HEIGHT="22" CONTENT="of" WC="0.29" CC="49"/>
						<SP ID="P62_SP00035" HPOS="929" VPOS="292" WIDTH="15"/>
						<String ID="P62_ST00041" HPOS="944" VPOS="268" WIDTH="42" HEIGHT="22" CONTENT="the" WC="0.75" CC="070"/>
					</TextLine>
					<TextLine ID="P62_TL00007" HPOS="141" VPOS="301" WIDTH="845" HEIGHT="32">
						<String ID="P62_ST00042" HPOS="141" VPOS="301" WIDTH="92" HEIGHT="30" CONTENT="college" WC="0.86" CC="0003500"/>
						<SP ID="P62_SP00036" HPOS="233" VPOS="331" WIDTH="17"/>
						<String ID="P62_ST00043" HPOS="250" VPOS="310" WIDTH="27" HEIGHT="14" CONTENT="or" WC="0.88" CC="02"/>
						<SP ID="P62_SP00037" HPOS="277" VPOS="331" WIDTH="17"/>
						<String ID="P62_ST00044" HPOS="294" VPOS="305" WIDTH="134" HEIGHT="28" CONTENT="monastery" WC="0.73" CC="904050040"/>
						<SP ID="P62_SP00038" HPOS="428" VPOS="333" WIDTH="17"/>
						<String ID="P62_ST00045" HPOS="445" VPOS="302" WIDTH="27" HEIGHT="23" CONTENT="of" WC="0.50" CC="45"/>
						<SP ID="P62_SP00039" HPOS="472" VPOS="333" WIDTH="18"/>
						<String ID="P62_ST00046" HPOS="490" VPOS="303" WIDTH="86" HEIGHT="30" CONTENT="Catwg" WC="0.80" CC="00009"/>
						<SP ID="P62_SP00040" HPOS="576" VPOS="333" WIDTH="18"/>
						<String ID="P62_ST00047" HPOS="594" VPOS="310" WIDTH="27" HEIGHT="15" CONTENT="or" WC="0.54" CC="36"/>
						<SP ID="P62_SP00041" HPOS="621" VPOS="333" WIDTH="18"/>
						<String ID="P62_ST00048" HPOS="639" VPOS="302" WIDTH="93" HEIGHT="30" CONTENT="Cadog," WC="0.69" CC="017090"/>
						<SP ID="P62_SP00042" HPOS="732" VPOS="333" WIDTH="14"/>
						<String ID="P62_ST00049" HPOS="746" VPOS="305" WIDTH="25" HEIGHT="20" CONTENT="at" WC="0.97" CC="00"/>
						<SP ID="P62_SP00043" HPOS="771" VPOS="333" WIDTH="12"/>
						<String ID="P62_ST00050" HPOS="783" VPOS="302" WIDTH="161" HEIGHT="26" CONTENT="Llancarvan," WC="0.65" CC="90011708072"/>
						<SP ID="P62_SP00044" HPOS="944" VPOS="333" WIDTH="14"/>
						<String ID="P62_ST00051" HPOS="958" VPOS="309" WIDTH="28" HEIGHT="15" CONTENT="or" WC="0.50" CC="26"/>
					</TextLine>
					<TextLine ID="P62_TL00008" HPOS="142" VPOS="333" WIDTH="844" HEIGHT="33">
						<String ID="P62_ST00052" HPOS="142" VPOS="333" WIDTH="105" HEIGHT="25" CONTENT="Llanfei." WC="0.70" CC="80430060"/>
						<SP ID="P62_SP00045" HPOS="247" VPOS="358" WIDTH="49"/>
						<String ID="P62_ST00053" HPOS="296" VPOS="336" WIDTH="27" HEIGHT="23" CONTENT="In" WC="0.98" CC="00"/>
						<SP ID="P62_SP00046" HPOS="323" VPOS="359" WIDTH="26"/>
						<String ID="P62_ST00054" HPOS="349" VPOS="336" WIDTH="46" HEIGHT="23" CONTENT="this" WC="0.70" CC="2035"/>
						<SP ID="P62_SP00047" HPOS="395" VPOS="359" WIDTH="24"/>
						<String ID="P62_ST00055" HPOS="419" VPOS="337" WIDTH="127" HEIGHT="29" CONTENT="congenial" WC="0.73" CC="008036023"/>
						<SP ID="P62_SP00048" HPOS="546" VPOS="366" WIDTH="25"/>
						<String ID="P62_ST00056" HPOS="571" VPOS="336" WIDTH="85" HEIGHT="25" CONTENT="abode," WC="0.86" CC="061000"/>
						<SP ID="P62_SP00049" HPOS="656" VPOS="366" WIDTH="21"/>
						<String ID="P62_ST00057" HPOS="677" VPOS="336" WIDTH="47" HEIGHT="22" CONTENT="and" WC="0.71" CC="520"/>
						<SP ID="P62_SP00050" HPOS="724" VPOS="366" WIDTH="22"/>
						<String ID="P62_ST00058" HPOS="746" VPOS="337" WIDTH="25" HEIGHT="20" CONTENT="in" WC="0.69" CC="06"/>
						<SP ID="P62_SP00051" HPOS="771" VPOS="366" WIDTH="20"/>
						<String ID="P62_ST00059" HPOS="791" VPOS="336" WIDTH="40" HEIGHT="22" CONTENT="the" WC="0.73" CC="052"/>
						<SP ID="P62_SP00052" HPOS="831" VPOS="366" WIDTH="25"/>
						<String ID="P62_ST00060" HPOS="856" VPOS="334" WIDTH="130" HEIGHT="32" CONTENT="delightful" WC="0.77" CC="0000074280"/>
					</TextLine>
					<TextLine ID="P62_TL00009" HPOS="141" VPOS="368" WIDTH="845" HEIGHT="31">
						<String ID="P62_ST00061" HPOS="141" VPOS="369" WIDTH="92" HEIGHT="30" CONTENT="society" WC="0.79" CC="6007000"/>
						<SP ID="P62_SP00053" HPOS="233" VPOS="399" WIDTH="14"/>
						<String ID="P62_ST00062" HPOS="247" VPOS="369" WIDTH="26" HEIGHT="23" CONTENT="of" WC="1.00" CC="00"/>
						<SP ID="P62_SP00054" HPOS="273" VPOS="399" WIDTH="10"/>
						<String ID="P62_ST00063" HPOS="283" VPOS="369" WIDTH="113" HEIGHT="27" CONTENT="Taliesin," WC="0.81" CC="007204300"/>
						<SP ID="P62_SP00055" HPOS="396" VPOS="399" WIDTH="14"/>
						<String ID="P62_ST00064" HPOS="410" VPOS="370" WIDTH="53" HEIGHT="23" CONTENT="who" WC="0.71" CC="053"/>
						<SP ID="P62_SP00056" HPOS="463" VPOS="399" WIDTH="15"/>
						<String ID="P62_ST00065" HPOS="478" VPOS="377" WIDTH="45" HEIGHT="15" CONTENT="was" WC="0.76" CC="007"/>
						<SP ID="P62_SP00057" HPOS="523" VPOS="399" WIDTH="13"/>
						<String ID="P62_ST00066" HPOS="536" VPOS="377" WIDTH="14" HEIGHT="15" CONTENT="a" WC="1.00" CC="0"/>
						<SP ID="P62_SP00058" HPOS="550" VPOS="399" WIDTH="14"/>
						<String ID="P62_ST00067" HPOS="564" VPOS="369" WIDTH="113" HEIGHT="30" CONTENT="frequent" WC="0.85" CC="00003250"/>
						<SP ID="P62_SP00059" HPOS="677" VPOS="399" WIDTH="13"/>
						<String ID="P62_ST00068" HPOS="690" VPOS="369" WIDTH="84" HEIGHT="22" CONTENT="visitor" WC="0.78" CC="4350001"/>
						<SP ID="P62_SP00060" HPOS="774" VPOS="399" WIDTH="9"/>
						<String ID="P62_ST00069" HPOS="783" VPOS="372" WIDTH="25" HEIGHT="20" CONTENT="at" WC="1.00" CC="00"/>
						<SP ID="P62_SP00061" HPOS="808" VPOS="399" WIDTH="13"/>
						<String ID="P62_ST00070" HPOS="821" VPOS="368" WIDTH="165" HEIGHT="27" CONTENT="Llancarvan," WC="0.63" CC="86260033502"/>
					</TextLine>
					<TextLine ID="P62_TL00010" HPOS="143" VPOS="402" WIDTH="844" HEIGHT="31">
						<String ID="P62_ST00071" HPOS="143" VPOS="403" WIDTH="118" HEIGHT="22" CONTENT="Aneurim" WC="0.85" CC="0200601"/>
						<SP ID="P62_SP00062" HPOS="261" VPOS="425" WIDTH="24"/>
						<String ID="P62_ST00072" HPOS="285" VPOS="407" WIDTH="70" HEIGHT="26" CONTENT="spent" WC="0.52" CC="60079"/>
						<SP ID="P62_SP00063" HPOS="355" VPOS="433" WIDTH="23"/>
						<String ID="P62_ST00073" HPOS="378" VPOS="404" WIDTH="41" HEIGHT="22" CONTENT="the" WC="0.54" CC="660"/>
						<SP ID="P62_SP00064" HPOS="419" VPOS="433" WIDTH="24"/>
						<String ID="P62_ST00074" HPOS="443" VPOS="403" WIDTH="137" HEIGHT="23" CONTENT="remainder" WC="0.73" CC="607600031"/>
						<SP ID="P62_SP00065" HPOS="580" VPOS="433" WIDTH="24"/>
						<String ID="P62_ST00075" HPOS="604" VPOS="402" WIDTH="28" HEIGHT="24" CONTENT="of" WC="1.00" CC="00"/>
						<SP ID="P62_SP00066" HPOS="632" VPOS="433" WIDTH="18"/>
						<String ID="P62_ST00076" HPOS="650" VPOS="402" WIDTH="37" HEIGHT="23" CONTENT="his" WC="0.68" CC="702"/>
						<SP ID="P62_SP00067" HPOS="687" VPOS="433" WIDTH="19"/>
						<String ID="P62_ST00077" HPOS="706" VPOS="403" WIDTH="69" HEIGHT="29" CONTENT="days." WC="0.94" CC="00002"/>
						<SP ID="P62_SP00068" HPOS="775" VPOS="433" WIDTH="43"/>
						<String ID="P62_ST00078" HPOS="818" VPOS="402" WIDTH="54" HEIGHT="23" CONTENT="The" WC="0.89" CC="030"/>
						<SP ID="P62_SP00069" HPOS="872" VPOS="433" WIDTH="21"/>
						<String ID="P62_ST00079" HPOS="893" VPOS="402" WIDTH="94" HEIGHT="23" CONTENT="mutual" WC="0.75" CC="700600"/>
					</TextLine>
					<TextLine ID="P62_TL00011" HPOS="141" VPOS="432" WIDTH="845" HEIGHT="35">
						<String ID="P62_ST00080" HPOS="141" VPOS="437" WIDTH="86" HEIGHT="30" CONTENT="regard" WC="0.81" CC="400600"/>
						<SP ID="P62_SP00070" HPOS="227" VPOS="467" WIDTH="19"/>
						<String ID="P62_ST00081" HPOS="246" VPOS="436" WIDTH="27" HEIGHT="24" CONTENT="of" WC="0.84" CC="30"/>
						<SP ID="P62_SP00071" HPOS="273" VPOS="467" WIDTH="14"/>
						<String ID="P62_ST00082" HPOS="287" VPOS="432" WIDTH="105" HEIGHT="28" CONTENT="Taliesin" WC="0.65" CC="90600523"/>
						<SP ID="P62_SP00072" HPOS="392" VPOS="467" WIDTH="18"/>
						<String ID="P62_ST00083" HPOS="410" VPOS="436" WIDTH="47" HEIGHT="23" CONTENT="and" WC="0.63" CC="370"/>
						<SP ID="P62_SP00073" HPOS="457" VPOS="467" WIDTH="20"/>
						<String ID="P62_ST00084" HPOS="477" VPOS="436" WIDTH="119" HEIGHT="23" CONTENT="Aneurim" WC="0.81" CC="0500106"/>
						<SP ID="P62_SP00074" HPOS="596" VPOS="467" WIDTH="18"/>
						<String ID="P62_ST00085" HPOS="614" VPOS="443" WIDTH="101" HEIGHT="23" CONTENT="appears" WC="0.81" CC="6000032"/>
						<SP ID="P62_SP00075" HPOS="715" VPOS="467" WIDTH="17"/>
						<String ID="P62_ST00086" HPOS="732" VPOS="437" WIDTH="23" HEIGHT="22" CONTENT="in" WC="0.73" CC="05"/>
						<SP ID="P62_SP00076" HPOS="755" VPOS="467" WIDTH="16"/>
						<String ID="P62_ST00087" HPOS="771" VPOS="436" WIDTH="64" HEIGHT="23" CONTENT="their" WC="0.63" CC="76004"/>
						<SP ID="P62_SP00077" HPOS="835" VPOS="467" WIDTH="18"/>
						<String ID="P62_ST00088" HPOS="853" VPOS="436" WIDTH="133" HEIGHT="30" CONTENT="writings.*" WC="0.98" CC="0000000100"/>
					</TextLine>
					<TextLine ID="P62_TL00012" HPOS="141" VPOS="469" WIDTH="847" HEIGHT="31">
						<String ID="P62_ST00089" HPOS="141" VPOS="472" WIDTH="13" HEIGHT="11" CONTENT='"' WC="1.00" CC="0"/>
						<SP ID="P62_SP00078" HPOS="154" VPOS="483" WIDTH="12"/>
						<String ID="P62_ST00090" HPOS="166" VPOS="470" WIDTH="37" HEIGHT="23" CONTENT="Of" WC="1.00" CC="00"/>
						<SP ID="P62_SP00079" HPOS="203" VPOS="493" WIDTH="16"/>
						<String ID="P62_ST00091" HPOS="219" VPOS="471" WIDTH="40" HEIGHT="22" CONTENT="the" WC="0.50" CC="770"/>
						<SP ID="P62_SP00080" HPOS="259" VPOS="493" WIDTH="20"/>
						<String ID="P62_ST00092" HPOS="279" VPOS="471" WIDTH="70" HEIGHT="22" CONTENT="mead" WC="1.00" CC="0000"/>
						<SP ID="P62_SP00081" HPOS="349" VPOS="493" WIDTH="21"/>
						<String ID="P62_ST00093" HPOS="370" VPOS="471" WIDTH="47" HEIGHT="22" CONTENT="and" WC="0.88" CC="030"/>
						<SP ID="P62_SP00082" HPOS="417" VPOS="493" WIDTH="22"/>
						<String ID="P62_ST00094" HPOS="439" VPOS="469" WIDTH="28" HEIGHT="23" CONTENT="of" WC="1.00" CC="00"/>
						<SP ID="P62_SP00083" HPOS="467" VPOS="493" WIDTH="16"/>
						<String ID="P62_ST00095" HPOS="483" VPOS="470" WIDTH="41" HEIGHT="22" CONTENT="the" WC="0.83" CC="040"/>
						<SP ID="P62_SP00084" HPOS="524" VPOS="493" WIDTH="26"/>
						<String ID="P62_ST00096" HPOS="550" VPOS="471" WIDTH="68" HEIGHT="25" CONTENT="horn," WC="0.60" CC="60930"/>
						<SP ID="P62_SP00085" HPOS="618" VPOS="496" WIDTH="20"/>
						<String ID="P62_ST00097" HPOS="638" VPOS="470" WIDTH="48" HEIGHT="22" CONTENT="and" WC="0.55" CC="057"/>
						<SP ID="P62_SP00086" HPOS="686" VPOS="496" WIDTH="21"/>
						<String ID="P62_ST00098" HPOS="707" VPOS="469" WIDTH="28" HEIGHT="24" CONTENT="of" WC="0.98" CC="00"/>
						<SP ID="P62_SP00087" HPOS="735" VPOS="496" WIDTH="17"/>
						<String ID="P62_ST00099" HPOS="752" VPOS="470" WIDTH="41" HEIGHT="22" CONTENT="the" WC="0.82" CC="050"/>
						<SP ID="P62_SP00088" HPOS="793" VPOS="496" WIDTH="22"/>
						<String ID="P62_ST00100" HPOS="815" VPOS="470" WIDTH="120" HEIGHT="30" CONTENT="assembly" WC="0.64" CC="05449400"/>
						<SP ID="P62_SP00089" HPOS="935" VPOS="500" WIDTH="25"/>
						<String ID="P62_ST00101" HPOS="960" VPOS="469" WIDTH="28" HEIGHT="23" CONTENT="of" WC="0.66" CC="60"/>
					</TextLine>
					<TextLine ID="P62_TL00013" HPOS="142" VPOS="503" WIDTH="846" HEIGHT="31">
						<String ID="P62_ST00102" HPOS="142" VPOS="503" WIDTH="132" HEIGHT="28" CONTENT="Cattraeth," WC="0.82" CC="0000506050"/>
						<SP ID="P62_SP00090" HPOS="274" VPOS="531" WIDTH="12"/>
						<String ID="P62_ST00103" HPOS="286" VPOS="504" WIDTH="19" HEIGHT="27" CONTENT="I," WC="0.95" CC="01"/>
						<SP ID="P62_SP00091" HPOS="305" VPOS="531" WIDTH="13"/>
						<String ID="P62_ST00104" HPOS="318" VPOS="504" WIDTH="127" HEIGHT="26" CONTENT="Aneurim," WC="0.78" CC="06052200"/>
						<SP ID="P62_SP00092" HPOS="445" VPOS="531" WIDTH="11"/>
						<String ID="P62_ST00105" HPOS="456" VPOS="503" WIDTH="48" HEIGHT="23" CONTENT="will" WC="0.94" CC="0002"/>
						<SP ID="P62_SP00093" HPOS="504" VPOS="531" WIDTH="10"/>
						<String ID="P62_ST00106" HPOS="514" VPOS="503" WIDTH="77" HEIGHT="23" CONTENT="frame" WC="1.00" CC="00000"/>
						<SP ID="P62_SP00094" HPOS="591" VPOS="531" WIDTH="9"/>
						<String ID="P62_ST00107" HPOS="600" VPOS="504" WIDTH="65" HEIGHT="22" CONTENT="what" WC="0.54" CC="6622"/>
						<SP ID="P62_SP00095" HPOS="665" VPOS="531" WIDTH="13"/>
						<String ID="P62_ST00108" HPOS="678" VPOS="503" WIDTH="105" HEIGHT="23" CONTENT="Taliesin" WC="0.74" CC="09700002"/>
						<SP ID="P62_SP00096" HPOS="783" VPOS="531" WIDTH="12"/>
						<String ID="P62_ST00109" HPOS="795" VPOS="503" WIDTH="90" HEIGHT="28" CONTENT="knows," WC="0.94" CC="000030"/>
						<SP ID="P62_SP00097" HPOS="885" VPOS="531" WIDTH="14"/>
						<String ID="P62_ST00110" HPOS="899" VPOS="511" WIDTH="15" HEIGHT="15" CONTENT="a" WC="1.00" CC="0"/>
						<SP ID="P62_SP00098" HPOS="914" VPOS="531" WIDTH="12"/>
						<String ID="P62_ST00111" HPOS="926" VPOS="510" WIDTH="62" HEIGHT="24" CONTENT="song" WC="0.42" CC="6069"/>
					</TextLine>
					<TextLine ID="P62_TL00014" HPOS="141" VPOS="537" WIDTH="847" HEIGHT="31">
						<String ID="P62_ST00112" HPOS="141" VPOS="537" WIDTH="28" HEIGHT="22" CONTENT="of" WC="0.70" CC="50"/>
						<SP ID="P62_SP00099" HPOS="169" VPOS="559" WIDTH="20"/>
						<String ID="P62_ST00113" HPOS="189" VPOS="537" WIDTH="178" HEIGHT="31" CONTENT="participation," WC="0.84" CC="00032400308000"/>
						<SP ID="P62_SP00100" HPOS="367" VPOS="568" WIDTH="19"/>
						<String ID="P62_ST00114" HPOS="386" VPOS="537" WIDTH="79" HEIGHT="22" CONTENT="which" WC="0.79" CC="06004"/>
						<SP ID="P62_SP00101" HPOS="465" VPOS="568" WIDTH="22"/>
						<String ID="P62_ST00115" HPOS="487" VPOS="537" WIDTH="60" HEIGHT="22" CONTENT="shall" WC="0.61" CC="67050"/>
						<SP ID="P62_SP00102" HPOS="547" VPOS="568" WIDTH="19"/>
						<String ID="P62_ST00116" HPOS="566" VPOS="537" WIDTH="29" HEIGHT="22" CONTENT="be" WC="1.00" CC="00"/>
						<SP ID="P62_SP00103" HPOS="595" VPOS="568" WIDTH="21"/>
						<String ID="P62_ST00117" HPOS="616" VPOS="537" WIDTH="90" HEIGHT="22" CONTENT="offered" WC="0.70" CC="4560300"/>
						<SP ID="P62_SP00104" HPOS="706" VPOS="568" WIDTH="16"/>
						<String ID="P62_ST00118" HPOS="722" VPOS="537" WIDTH="34" HEIGHT="30" CONTENT="by" WC="0.29" CC="49"/>
						<SP ID="P62_SP00105" HPOS="756" VPOS="568" WIDTH="15"/>
						<String ID="P62_ST00119" HPOS="771" VPOS="537" WIDTH="114" HEIGHT="23" CONTENT="Gododin" WC="0.85" CC="0000045"/>
						<SP ID="P62_SP00106" HPOS="885" VPOS="568" WIDTH="20"/>
						<String ID="P62_ST00120" HPOS="905" VPOS="537" WIDTH="83" HEIGHT="22" CONTENT="before" WC="0.63" CC="554050"/>
					</TextLine>
					<TextLine ID="P62_TL00015" HPOS="142" VPOS="570" WIDTH="845" HEIGHT="31">
						<String ID="P62_ST00121" HPOS="142" VPOS="570" WIDTH="40" HEIGHT="23" CONTENT="the" WC="0.78" CC="060"/>
						<SP ID="P62_SP00107" HPOS="182" VPOS="593" WIDTH="13"/>
						<String ID="P62_ST00122" HPOS="195" VPOS="570" WIDTH="67" HEIGHT="23" CONTENT="dawn" WC="0.87" CC="0005"/>
						<SP ID="P62_SP00108" HPOS="262" VPOS="593" WIDTH="15"/>
						<String ID="P62_ST00123" HPOS="277" VPOS="570" WIDTH="28" HEIGHT="23" CONTENT="of" WC="0.89" CC="20"/>
						<SP ID="P62_SP00109" HPOS="305" VPOS="593" WIDTH="9"/>
						<String ID="P62_ST00124" HPOS="314" VPOS="571" WIDTH="40" HEIGHT="22" CONTENT="the" WC="0.73" CC="070"/>
						<SP ID="P62_SP00110" HPOS="354" VPOS="593" WIDTH="13"/>
						<String ID="P62_ST00125" HPOS="367" VPOS="571" WIDTH="46" HEIGHT="30" CONTENT="day" WC="0.81" CC="005"/>
						<SP ID="P62_SP00111" HPOS="413" VPOS="601" WIDTH="13"/>
						<String ID="P62_ST00126" HPOS="426" VPOS="570" WIDTH="28" HEIGHT="23" CONTENT="of" WC="1.00" CC="00"/>
						<SP ID="P62_SP00112" HPOS="454" VPOS="601" WIDTH="9"/>
						<String ID="P62_ST00127" HPOS="463" VPOS="570" WIDTH="65" HEIGHT="23" CONTENT='toil."' WC="1.00" CC="000000"/>
						<SP ID="P62_SP00113" HPOS="528" VPOS="601" WIDTH="38"/>
						<String ID="P62_ST00128" HPOS="566" VPOS="574" WIDTH="14" HEIGHT="10" CONTENT='"' WC="1.00" CC="0"/>
						<SP ID="P62_SP00114" HPOS="580" VPOS="601" WIDTH="10"/>
						<String ID="P62_ST00129" HPOS="590" VPOS="570" WIDTH="12" HEIGHT="23" CONTENT="I" WC="1.00" CC="0"/>
						<SP ID="P62_SP00115" HPOS="602" VPOS="601" WIDTH="12"/>
						<String ID="P62_ST00130" HPOS="614" VPOS="570" WIDTH="70" HEIGHT="23" CONTENT="know" WC="0.69" CC="0650"/>
						<SP ID="P62_SP00116" HPOS="684" VPOS="601" WIDTH="9"/>
						<String ID="P62_ST00131" HPOS="693" VPOS="570" WIDTH="41" HEIGHT="23" CONTENT="the" WC="0.74" CC="060"/>
						<SP ID="P62_SP00117" HPOS="734" VPOS="601" WIDTH="10"/>
						<String ID="P62_ST00132" HPOS="744" VPOS="570" WIDTH="65" HEIGHT="23" CONTENT="fame" WC="0.85" CC="6000"/>
						<SP ID="P62_SP00118" HPOS="809" VPOS="601" WIDTH="10"/>
						<String ID="P62_ST00133" HPOS="819" VPOS="570" WIDTH="28" HEIGHT="23" CONTENT="of" WC="1.00" CC="00"/>
						<SP ID="P62_SP00119" HPOS="847" VPOS="601" WIDTH="12"/>
						<String ID="P62_ST00134" HPOS="859" VPOS="571" WIDTH="128" HEIGHT="27" CONTENT="Aneurim," WC="0.85" CC="05006000"/>
					</TextLine>
					<TextLine ID="P62_TL00016" HPOS="141" VPOS="604" WIDTH="847" HEIGHT="30">
						<String ID="P62_ST00135" HPOS="141" VPOS="604" WIDTH="52" HEIGHT="22" CONTENT="that" WC="0.72" CC="5500"/>
						<SP ID="P62_SP00120" HPOS="193" VPOS="626" WIDTH="14"/>
						<String ID="P62_ST00136" HPOS="207" VPOS="604" WIDTH="136" HEIGHT="23" CONTENT="celebrated" WC="0.81" CC="2260052000"/>
						<SP ID="P62_SP00121" HPOS="343" VPOS="627" WIDTH="13"/>
						<String ID="P62_ST00137" HPOS="356" VPOS="604" WIDTH="93" HEIGHT="30" CONTENT="genius," WC="0.88" CC="0000610"/>
						<SP ID="P62_SP00122" HPOS="449" VPOS="634" WIDTH="14"/>
						<String ID="P62_ST00138" HPOS="463" VPOS="612" WIDTH="59" HEIGHT="15" CONTENT="even" WC="0.82" CC="0007"/>
						<SP ID="P62_SP00123" HPOS="522" VPOS="634" WIDTH="16"/>
						<String ID="P62_ST00139" HPOS="538" VPOS="604" WIDTH="18" HEIGHT="27" CONTENT="I," WC="0.60" CC="52"/>
						<SP ID="P62_SP00124" HPOS="556" VPOS="634" WIDTH="16"/>
						<String ID="P62_ST00140" HPOS="572" VPOS="604" WIDTH="114" HEIGHT="27" CONTENT="Taliesin," WC="0.77" CC="000507061"/>
						<SP ID="P62_SP00125" HPOS="686" VPOS="634" WIDTH="11"/>
						<String ID="P62_ST00141" HPOS="697" VPOS="604" WIDTH="62" HEIGHT="22" CONTENT="from" WC="0.84" CC="0006"/>
						<SP ID="P62_SP00126" HPOS="759" VPOS="634" WIDTH="12"/>
						<String ID="P62_ST00142" HPOS="771" VPOS="605" WIDTH="39" HEIGHT="22" CONTENT="the" WC="0.69" CC="620"/>
						<SP ID="P62_SP00127" HPOS="810" VPOS="634" WIDTH="14"/>
						<String ID="P62_ST00143" HPOS="824" VPOS="605" WIDTH="77" HEIGHT="22" CONTENT="banks" WC="0.62" CC="70640"/>
						<SP ID="P62_SP00128" HPOS="901" VPOS="634" WIDTH="10"/>
						<String ID="P62_ST00144" HPOS="911" VPOS="604" WIDTH="27" HEIGHT="23" CONTENT="of" WC="0.96" CC="00"/>
						<SP ID="P62_SP00129" HPOS="938" VPOS="634" WIDTH="9"/>
						<String ID="P62_ST00145" HPOS="947" VPOS="604" WIDTH="41" HEIGHT="23" CONTENT="the" WC="0.80" CC="060"/>
					</TextLine>
					<TextLine ID="P62_TL00017" HPOS="140" VPOS="633" WIDTH="847" HEIGHT="35">
						<String ID="P62_ST00146" HPOS="140" VPOS="637" WIDTH="68" HEIGHT="23" CONTENT="Lake" WC="0.85" CC="5000"/>
						<SP ID="P62_SP00130" HPOS="208" VPOS="660" WIDTH="15"/>
						<String ID="P62_ST00147" HPOS="223" VPOS="633" WIDTH="172" HEIGHT="35" CONTENT='Ceirionydd."' WC="0.65" CC="004443790007"/>
						<SP ID="P62_SP00131" HPOS="395" VPOS="668" WIDTH="36"/>
						<String ID="P62_ST00148" HPOS="431" VPOS="637" WIDTH="27" HEIGHT="23" CONTENT="In" WC="0.38" CC="47"/>
						<SP ID="P62_SP00132" HPOS="458" VPOS="668" WIDTH="15"/>
						<String ID="P62_ST00149" HPOS="473" VPOS="638" WIDTH="66" HEIGHT="22" CONTENT="these" WC="0.59" CC="07570"/>
						<SP ID="P62_SP00133" HPOS="539" VPOS="668" WIDTH="14"/>
						<String ID="P62_ST00150" HPOS="553" VPOS="641" WIDTH="73" HEIGHT="19" CONTENT="sweet" WC="0.86" CC="60000"/>
						<SP ID="P62_SP00134" HPOS="626" VPOS="668" WIDTH="13"/>
						<String ID="P62_ST00151" HPOS="639" VPOS="638" WIDTH="117" HEIGHT="23" CONTENT="monastic" WC="0.80" CC="03507000"/>
						<SP ID="P62_SP00135" HPOS="756" VPOS="668" WIDTH="13"/>
						<String ID="P62_ST00152" HPOS="769" VPOS="638" WIDTH="86" HEIGHT="23" CONTENT="shades" WC="0.76" CC="260005"/>
						<SP ID="P62_SP00136" HPOS="855" VPOS="668" WIDTH="12"/>
						<String ID="P62_ST00153" HPOS="867" VPOS="638" WIDTH="120" HEIGHT="23" CONTENT="Aneurim" WC="0.79" CC="0600007"/>
					</TextLine>
					<TextLine ID="P62_TL00018" HPOS="143" VPOS="671" WIDTH="844" HEIGHT="31">
						<String ID="P62_ST00154" HPOS="143" VPOS="671" WIDTH="130" HEIGHT="31" CONTENT="composed" WC="0.83" CC="00602500"/>
						<SP ID="P62_SP00137" HPOS="273" VPOS="702" WIDTH="13"/>
						<String ID="P62_ST00155" HPOS="286" VPOS="671" WIDTH="37" HEIGHT="22" CONTENT="his" WC="0.73" CC="016"/>
						<SP ID="P62_SP00138" HPOS="323" VPOS="702" WIDTH="12"/>
						<String ID="P62_ST00156" HPOS="335" VPOS="674" WIDTH="68" HEIGHT="27" CONTENT="great" WC="0.64" CC="93102"/>
						<SP ID="P62_SP00139" HPOS="403" VPOS="702" WIDTH="13"/>
						<String ID="P62_ST00157" HPOS="416" VPOS="679" WIDTH="77" HEIGHT="22" CONTENT="poem," WC="0.69" CC="05090"/>
						<SP ID="P62_SP00140" HPOS="493" VPOS="702" WIDTH="14"/>
						<String ID="P62_ST00158" HPOS="507" VPOS="672" WIDTH="41" HEIGHT="22" CONTENT="the" WC="0.86" CC="040"/>
						<SP ID="P62_SP00141" HPOS="548" VPOS="702" WIDTH="15"/>
						<String ID="P62_ST00159" HPOS="563" VPOS="671" WIDTH="123" HEIGHT="27" CONTENT="Gododin," WC="0.88" CC="00040050"/>
						<SP ID="P62_SP00142" HPOS="686" VPOS="702" WIDTH="14"/>
						<String ID="P62_ST00160" HPOS="700" VPOS="672" WIDTH="41" HEIGHT="22" CONTENT="the" WC="0.65" CC="370"/>
						<SP ID="P62_SP00143" HPOS="741" VPOS="702" WIDTH="19"/>
						<String ID="P62_ST00161" HPOS="760" VPOS="671" WIDTH="94" HEIGHT="31" CONTENT="subject" WC="0.67" CC="6354030"/>
						<SP ID="P62_SP00144" HPOS="854" VPOS="702" WIDTH="12"/>
						<String ID="P62_ST00162" HPOS="866" VPOS="671" WIDTH="28" HEIGHT="24" CONTENT="of" WC="0.85" CC="20"/>
						<SP ID="P62_SP00145" HPOS="894" VPOS="702" WIDTH="14"/>
						<String ID="P62_ST00163" HPOS="908" VPOS="672" WIDTH="79" HEIGHT="22" CONTENT="which" WC="0.86" CC="02300"/>
					</TextLine>
					<TextLine ID="P62_TL00019" HPOS="142" VPOS="700" WIDTH="846" HEIGHT="36">
						<String ID="P62_ST00164" HPOS="142" VPOS="705" WIDTH="20" HEIGHT="21" CONTENT="is" WC="0.80" CC="03"/>
						<SP ID="P62_SP00146" HPOS="162" VPOS="726" WIDTH="15"/>
						<String ID="P62_ST00165" HPOS="177" VPOS="705" WIDTH="41" HEIGHT="22" CONTENT="the" WC="1.00" CC="000"/>
						<SP ID="P62_SP00147" HPOS="218" VPOS="727" WIDTH="13"/>
						<String ID="P62_ST00166" HPOS="231" VPOS="704" WIDTH="76" HEIGHT="23" CONTENT="battle" WC="0.79" CC="500501"/>
						<SP ID="P62_SP00148" HPOS="307" VPOS="727" WIDTH="11"/>
						<String ID="P62_ST00167" HPOS="318" VPOS="700" WIDTH="26" HEIGHT="27" CONTENT="of" WC="0.50" CC="09"/>
						<SP ID="P62_SP00149" HPOS="344" VPOS="727" WIDTH="14"/>
						<String ID="P62_ST00168" HPOS="358" VPOS="704" WIDTH="133" HEIGHT="27" CONTENT="Cattraeth," WC="0.91" CC="0000500020"/>
						<SP ID="P62_SP00150" HPOS="491" VPOS="731" WIDTH="20"/>
						<String ID="P62_ST00169" HPOS="511" VPOS="706" WIDTH="24" HEIGHT="21" CONTENT="in" WC="0.93" CC="10"/>
						<SP ID="P62_SP00151" HPOS="535" VPOS="731" WIDTH="14"/>
						<String ID="P62_ST00170" HPOS="549" VPOS="705" WIDTH="78" HEIGHT="23" CONTENT="which" WC="0.99" CC="00000"/>
						<SP ID="P62_SP00152" HPOS="627" VPOS="731" WIDTH="16"/>
						<String ID="P62_ST00171" HPOS="643" VPOS="705" WIDTH="40" HEIGHT="23" CONTENT="the" WC="0.71" CC="260"/>
						<SP ID="P62_SP00153" HPOS="683" VPOS="731" WIDTH="14"/>
						<String ID="P62_ST00172" HPOS="697" VPOS="709" WIDTH="57" HEIGHT="26" CONTENT="poet" WC="0.68" CC="0309"/>
						<SP ID="P62_SP00154" HPOS="754" VPOS="735" WIDTH="15"/>
						<String ID="P62_ST00173" HPOS="769" VPOS="706" WIDTH="47" HEIGHT="22" CONTENT="had" WC="0.72" CC="080"/>
						<SP ID="P62_SP00155" HPOS="816" VPOS="735" WIDTH="18"/>
						<String ID="P62_ST00174" HPOS="834" VPOS="704" WIDTH="88" HEIGHT="32" CONTENT="fought" WC="0.55" CC="006945"/>
						<SP ID="P62_SP00156" HPOS="922" VPOS="736" WIDTH="18"/>
						<String ID="P62_ST00175" HPOS="940" VPOS="705" WIDTH="48" HEIGHT="23" CONTENT="and" WC="0.83" CC="050"/>
					</TextLine>
					<TextLine ID="P62_TL00020" HPOS="141" VPOS="737" WIDTH="847" HEIGHT="32">
						<String ID="P62_ST00176" HPOS="141" VPOS="737" WIDTH="64" HEIGHT="23" CONTENT="bled." WC="0.80" CC="90000"/>
						<SP ID="P62_SP00157" HPOS="205" VPOS="760" WIDTH="36"/>
						<String ID="P62_ST00177" HPOS="241" VPOS="738" WIDTH="11" HEIGHT="22" CONTENT="I" WC="0.75" CC="2"/>
						<SP ID="P62_SP00158" HPOS="252" VPOS="760" WIDTH="10"/>
						<String ID="P62_ST00178" HPOS="262" VPOS="738" WIDTH="95" HEIGHT="31" CONTENT="subjoin" WC="0.69" CC="6530130"/>
						<SP ID="P62_SP00159" HPOS="357" VPOS="769" WIDTH="11"/>
						<String ID="P62_ST00179" HPOS="368" VPOS="746" WIDTH="13" HEIGHT="14" CONTENT="a" WC="0.75" CC="2"/>
						<SP ID="P62_SP00160" HPOS="381" VPOS="769" WIDTH="11"/>
						<String ID="P62_ST00180" HPOS="392" VPOS="738" WIDTH="141" HEIGHT="22" CONTENT="translation" WC="0.70" CC="30900607006"/>
						<SP ID="P62_SP00161" HPOS="533" VPOS="769" WIDTH="13"/>
						<String ID="P62_ST00181" HPOS="546" VPOS="738" WIDTH="28" HEIGHT="23" CONTENT="of" WC="0.75" CC="40"/>
						<SP ID="P62_SP00162" HPOS="574" VPOS="769" WIDTH="9"/>
						<String ID="P62_ST00182" HPOS="583" VPOS="739" WIDTH="41" HEIGHT="23" CONTENT="the" WC="0.90" CC="030"/>
						<SP ID="P62_SP00163" HPOS="624" VPOS="769" WIDTH="14"/>
						<String ID="P62_ST00183" HPOS="638" VPOS="739" WIDTH="106" HEIGHT="30" CONTENT="opening" WC="0.72" CC="1002670"/>
						<SP ID="P62_SP00164" HPOS="744" VPOS="769" WIDTH="12"/>
						<String ID="P62_ST00184" HPOS="756" VPOS="739" WIDTH="70" HEIGHT="29" CONTENT="lines," WC="0.55" CC="326544"/>
						<SP ID="P62_SP00165" HPOS="826" VPOS="769" WIDTH="13"/>
						<String ID="P62_ST00185" HPOS="839" VPOS="740" WIDTH="72" HEIGHT="23" CONTENT="taken" WC="0.96" CC="02000"/>
						<SP ID="P62_SP00166" HPOS="911" VPOS="769" WIDTH="14"/>
						<String ID="P62_ST00186" HPOS="925" VPOS="739" WIDTH="63" HEIGHT="23" CONTENT="from" WC="0.63" CC="0752"/>
					</TextLine>
					<TextLine ID="P62_TL00021" HPOS="141" VPOS="771" WIDTH="397" HEIGHT="23">
						<String ID="P62_ST00187" HPOS="141" VPOS="771" WIDTH="40" HEIGHT="23" CONTENT="the" WC="1.00" CC="000"/>
						<SP ID="P62_SP00167" HPOS="181" VPOS="794" WIDTH="14"/>
						<String ID="P62_ST00188" HPOS="195" VPOS="775" WIDTH="14" HEIGHT="10" CONTENT='"' WC="1.00" CC="0"/>
						<SP ID="P62_SP00168" HPOS="209" VPOS="794" WIDTH="9"/>
						<String ID="P62_ST00189" HPOS="218" VPOS="771" WIDTH="131" HEIGHT="23" CONTENT="Cambrian" WC="0.83" CC="00152004"/>
						<SP ID="P62_SP00169" HPOS="349" VPOS="794" WIDTH="13"/>
						<String ID="P62_ST00190" HPOS="362" VPOS="771" WIDTH="100" HEIGHT="23" CONTENT="Wreath" WC="0.94" CC="000030"/>
						<SP ID="P62_SP00170" HPOS="462" VPOS="794" WIDTH="10"/>
						<String ID="P62_ST00191" HPOS="472" VPOS="780" WIDTH="6" HEIGHT="14" CONTENT=":" WC="0.55" CC="4"/>
						<SP ID="P62_SP00171" HPOS="478" VPOS="794" WIDTH="10"/>
						<String ID="P62_ST00192" HPOS="488" VPOS="771" WIDTH="13" HEIGHT="9" CONTENT='"' WC="1.00" CC="0"/>
						<String ID="P62_ST00193" HPOS="504" VPOS="786" WIDTH="34" HEIGHT="5" CONTENT="—" WC="0.20" CC="8"/>
					</TextLine>
				</TextBlock>
				<TextBlock ID="P62_TB00004" HPOS="311" VPOS="821" WIDTH="502" HEIGHT="399" STYLEREFS="TXT_1 PAR_LEFT">
					<TextLine ID="P62_TL00022" HPOS="312" VPOS="821" WIDTH="487" HEIGHT="26">
						<String ID="P62_ST00194" HPOS="312" VPOS="822" WIDTH="13" HEIGHT="10" CONTENT='"' WC="0.42" CC="5"/>
						<SP ID="P62_SP00172" HPOS="325" VPOS="832" WIDTH="10"/>
						<String ID="P62_ST00195" HPOS="335" VPOS="821" WIDTH="30" HEIGHT="20" CONTENT="Of" WC="0.98" CC="00"/>
						<SP ID="P62_SP00173" HPOS="365" VPOS="841" WIDTH="8"/>
						<String ID="P62_ST00196" HPOS="373" VPOS="828" WIDTH="57" HEIGHT="19" CONTENT="years" WC="0.49" CC="90707"/>
						<SP ID="P62_SP00174" HPOS="430" VPOS="847" WIDTH="9"/>
						<String ID="P62_ST00197" HPOS="439" VPOS="822" WIDTH="78" HEIGHT="25" CONTENT="though" WC="0.44" CC="044796"/>
						<SP ID="P62_SP00175" HPOS="517" VPOS="847" WIDTH="10"/>
						<String ID="P62_ST00198" HPOS="527" VPOS="822" WIDTH="58" HEIGHT="23" CONTENT="brief," WC="0.68" CC="600092"/>
						<SP ID="P62_SP00176" HPOS="585" VPOS="847" WIDTH="11"/>
						<String ID="P62_ST00199" HPOS="596" VPOS="823" WIDTH="35" HEIGHT="18" CONTENT="the" WC="0.66" CC="063"/>
						<SP ID="P62_SP00177" HPOS="631" VPOS="847" WIDTH="10"/>
						<String ID="P62_ST00200" HPOS="641" VPOS="823" WIDTH="93" HEIGHT="24" CONTENT="youthful" WC="0.67" CC="03607044"/>
						<SP ID="P62_SP00178" HPOS="734" VPOS="847" WIDTH="11"/>
						<String ID="P62_ST00201" HPOS="745" VPOS="824" WIDTH="54" HEIGHT="17" CONTENT="chief" WC="0.61" CC="47070"/>
					</TextLine>
					<TextLine ID="P62_TL00023" HPOS="332" VPOS="849" WIDTH="455" HEIGHT="25">
						<String ID="P62_ST00202" HPOS="332" VPOS="849" WIDTH="50" HEIGHT="18" CONTENT="Was" WC="0.93" CC="002"/>
						<SP ID="P62_SP00179" HPOS="382" VPOS="867" WIDTH="11"/>
						<String ID="P62_ST00203" HPOS="393" VPOS="849" WIDTH="73" HEIGHT="18" CONTENT="nerved" WC="0.42" CC="460959"/>
						<SP ID="P62_SP00180" HPOS="466" VPOS="867" WIDTH="10"/>
						<String ID="P62_ST00204" HPOS="476" VPOS="849" WIDTH="40" HEIGHT="19" CONTENT="and" WC="0.76" CC="070"/>
						<SP ID="P62_SP00181" HPOS="516" VPOS="868" WIDTH="10"/>
						<String ID="P62_ST00205" HPOS="526" VPOS="849" WIDTH="68" HEIGHT="19" CONTENT="armed" WC="0.70" CC="95000"/>
						<SP ID="P62_SP00182" HPOS="594" VPOS="868" WIDTH="10"/>
						<String ID="P62_ST00206" HPOS="604" VPOS="850" WIDTH="31" HEIGHT="18" CONTENT="for" WC="0.91" CC="020"/>
						<SP ID="P62_SP00183" HPOS="635" VPOS="868" WIDTH="9"/>
						<String ID="P62_ST00207" HPOS="644" VPOS="851" WIDTH="69" HEIGHT="23" CONTENT="manly" WC="0.49" CC="94730"/>
						<SP ID="P62_SP00184" HPOS="713" VPOS="874" WIDTH="10"/>
						<String ID="P62_ST00208" HPOS="723" VPOS="850" WIDTH="50" HEIGHT="19" CONTENT="deed" WC="0.58" CC="9016"/>
						<SP ID="P62_SP00185" HPOS="773" VPOS="874" WIDTH="9"/>
						<String ID="P62_ST00209" HPOS="782" VPOS="858" WIDTH="5" HEIGHT="15" CONTENT=";" WC="0.46" CC="5"/>
					</TextLine>
					<TextLine ID="P62_TL00024" HPOS="334" VPOS="875" WIDTH="448" HEIGHT="27">
						<String ID="P62_ST00210" HPOS="334" VPOS="875" WIDTH="47" HEIGHT="20" CONTENT="And" WC="0.82" CC="050"/>
						<SP ID="P62_SP00186" HPOS="381" VPOS="895" WIDTH="9"/>
						<String ID="P62_ST00211" HPOS="390" VPOS="876" WIDTH="33" HEIGHT="19" CONTENT="for" WC="0.53" CC="354"/>
						<SP ID="P62_SP00187" HPOS="423" VPOS="895" WIDTH="9"/>
						<String ID="P62_ST00212" HPOS="432" VPOS="875" WIDTH="35" HEIGHT="19" CONTENT="the" WC="0.62" CC="056"/>
						<SP ID="P62_SP00188" HPOS="467" VPOS="895" WIDTH="9"/>
						<String ID="P62_ST00213" HPOS="476" VPOS="876" WIDTH="55" HEIGHT="23" CONTENT="field," WC="0.76" CC="115500"/>
						<SP ID="P62_SP00189" HPOS="531" VPOS="899" WIDTH="11"/>
						<String ID="P62_ST00214" HPOS="542" VPOS="876" WIDTH="31" HEIGHT="19" CONTENT="his" WC="0.44" CC="609"/>
						<SP ID="P62_SP00190" HPOS="573" VPOS="899" WIDTH="10"/>
						<String ID="P62_ST00215" HPOS="583" VPOS="876" WIDTH="63" HEIGHT="19" CONTENT="broad" WC="0.63" CC="75500"/>
						<SP ID="P62_SP00191" HPOS="646" VPOS="899" WIDTH="9"/>
						<String ID="P62_ST00216" HPOS="655" VPOS="877" WIDTH="52" HEIGHT="25" CONTENT="light" WC="0.66" CC="25071"/>
						<SP ID="P62_SP00192" HPOS="707" VPOS="902" WIDTH="10"/>
						<String ID="P62_ST00217" HPOS="717" VPOS="877" WIDTH="65" HEIGHT="19" CONTENT="shield" WC="0.59" CC="561450"/>
					</TextLine>
					<TextLine ID="P62_TL00025" HPOS="334" VPOS="902" WIDTH="453" HEIGHT="26">
						<String ID="P62_ST00218" HPOS="334" VPOS="902" WIDTH="64" HEIGHT="26" CONTENT="Hung" WC="0.29" CC="5659"/>
						<SP ID="P62_SP00193" HPOS="398" VPOS="928" WIDTH="10"/>
						<String ID="P62_ST00219" HPOS="408" VPOS="908" WIDTH="26" HEIGHT="13" CONTENT="on" WC="0.35" CC="57"/>
						<SP ID="P62_SP00194" HPOS="434" VPOS="928" WIDTH="11"/>
						<String ID="P62_ST00220" HPOS="445" VPOS="902" WIDTH="31" HEIGHT="19" CONTENT="his" WC="0.33" CC="666"/>
						<SP ID="P62_SP00195" HPOS="476" VPOS="928" WIDTH="11"/>
						<String ID="P62_ST00221" HPOS="487" VPOS="903" WIDTH="78" HEIGHT="19" CONTENT="slender" WC="0.72" CC="5523020"/>
						<SP ID="P62_SP00196" HPOS="565" VPOS="928" WIDTH="10"/>
						<String ID="P62_ST00222" HPOS="575" VPOS="903" WIDTH="141" HEIGHT="20" CONTENT="thick-maned" WC="0.70" CC="07550040620"/>
						<SP ID="P62_SP00197" HPOS="716" VPOS="928" WIDTH="10"/>
						<String ID="P62_ST00223" HPOS="726" VPOS="904" WIDTH="61" HEIGHT="19" CONTENT="steed." WC="0.83" CC="600020"/>
					</TextLine>
					<TextLine ID="P62_TL00026" HPOS="334" VPOS="930" WIDTH="364" HEIGHT="24">
						<String ID="P62_ST00224" HPOS="334" VPOS="930" WIDTH="33" HEIGHT="18" CONTENT="Oh" WC="0.31" CC="66"/>
						<SP ID="P62_SP00198" HPOS="367" VPOS="948" WIDTH="11"/>
						<String ID="P62_ST00225" HPOS="378" VPOS="930" WIDTH="5" HEIGHT="18" CONTENT="!" WC="0.62" CC="3"/>
						<SP ID="P62_SP00199" HPOS="383" VPOS="948" WIDTH="17"/>
						<String ID="P62_ST00226" HPOS="400" VPOS="930" WIDTH="25" HEIGHT="18" CONTENT="he" WC="1.00" CC="00"/>
						<SP ID="P62_SP00200" HPOS="425" VPOS="948" WIDTH="11"/>
						<String ID="P62_ST00227" HPOS="436" VPOS="936" WIDTH="40" HEIGHT="12" CONTENT="was" WC="0.83" CC="031"/>
						<SP ID="P62_SP00201" HPOS="476" VPOS="948" WIDTH="11"/>
						<String ID="P62_ST00228" HPOS="487" VPOS="930" WIDTH="89" HEIGHT="24" CONTENT="graceful" WC="0.63" CC="90020970"/>
						<SP ID="P62_SP00202" HPOS="576" VPOS="954" WIDTH="10"/>
						<String ID="P62_ST00229" HPOS="586" VPOS="933" WIDTH="21" HEIGHT="16" CONTENT="to" WC="0.67" CC="06"/>
						<SP ID="P62_SP00203" HPOS="607" VPOS="954" WIDTH="10"/>
						<String ID="P62_ST00230" HPOS="617" VPOS="930" WIDTH="81" HEIGHT="23" CONTENT="behold," WC="0.72" CC="0074033"/>
					</TextLine>
					<TextLine ID="P62_TL00027" HPOS="331" VPOS="957" WIDTH="482" HEIGHT="26">
						<String ID="P62_ST00231" HPOS="331" VPOS="957" WIDTH="58" HEIGHT="18" CONTENT="With" WC="0.82" CC="0303"/>
						<SP ID="P62_SP00204" HPOS="389" VPOS="975" WIDTH="11"/>
						<String ID="P62_ST00232" HPOS="400" VPOS="957" WIDTH="69" HEIGHT="24" CONTENT="bright" WC="0.46" CC="058960"/>
						<SP ID="P62_SP00205" HPOS="469" VPOS="981" WIDTH="9"/>
						<String ID="P62_ST00233" HPOS="478" VPOS="957" WIDTH="48" HEIGHT="18" CONTENT="blue" WC="0.44" CC="7077"/>
						<SP ID="P62_SP00206" HPOS="526" VPOS="981" WIDTH="11"/>
						<String ID="P62_ST00234" HPOS="537" VPOS="957" WIDTH="64" HEIGHT="19" CONTENT="sword" WC="0.48" CC="59009"/>
						<SP ID="P62_SP00207" HPOS="601" VPOS="981" WIDTH="10"/>
						<String ID="P62_ST00235" HPOS="611" VPOS="957" WIDTH="39" HEIGHT="19" CONTENT="and" WC="0.68" CC="630"/>
						<SP ID="P62_SP00208" HPOS="650" VPOS="981" WIDTH="10"/>
						<String ID="P62_ST00236" HPOS="660" VPOS="963" WIDTH="59" HEIGHT="20" CONTENT="spurs" WC="0.69" CC="50306"/>
						<SP ID="P62_SP00209" HPOS="719" VPOS="983" WIDTH="11"/>
						<String ID="P62_ST00237" HPOS="730" VPOS="957" WIDTH="23" HEIGHT="19" CONTENT="of" WC="0.90" CC="10"/>
						<SP ID="P62_SP00210" HPOS="753" VPOS="983" WIDTH="7"/>
						<String ID="P62_ST00238" HPOS="760" VPOS="957" WIDTH="53" HEIGHT="26" CONTENT="gold," WC="0.87" CC="06000"/>
					</TextLine>
					<TextLine ID="P62_TL00028" HPOS="332" VPOS="983" WIDTH="405" HEIGHT="26">
						<String ID="P62_ST00239" HPOS="332" VPOS="984" WIDTH="19" HEIGHT="18" CONTENT="A" WC="1.00" CC="0"/>
						<SP ID="P62_SP00211" HPOS="351" VPOS="1002" WIDTH="9"/>
						<String ID="P62_ST00240" HPOS="360" VPOS="983" WIDTH="101" HEIGHT="25" CONTENT="princely," WC="0.67" CC="046760004"/>
						<SP ID="P62_SP00212" HPOS="461" VPOS="1008" WIDTH="11"/>
						<String ID="P62_ST00241" HPOS="472" VPOS="990" WIDTH="45" HEIGHT="18" CONTENT="gay," WC="0.89" CC="0004"/>
						<SP ID="P62_SP00213" HPOS="517" VPOS="1008" WIDTH="14"/>
						<String ID="P62_ST00242" HPOS="531" VPOS="985" WIDTH="38" HEIGHT="17" CONTENT="and" WC="0.36" CC="269"/>
						<SP ID="P62_SP00214" HPOS="569" VPOS="1008" WIDTH="11"/>
						<String ID="P62_ST00243" HPOS="580" VPOS="985" WIDTH="90" HEIGHT="18" CONTENT="ermined" WC="0.87" CC="0001600"/>
						<SP ID="P62_SP00215" HPOS="670" VPOS="1008" WIDTH="10"/>
						<String ID="P62_ST00244" HPOS="680" VPOS="985" WIDTH="57" HEIGHT="24" CONTENT="garb," WC="0.37" CC="90974"/>
					</TextLine>
					<TextLine ID="P62_TL00029" HPOS="334" VPOS="1010" WIDTH="415" HEIGHT="25">
						<String ID="P62_ST00245" HPOS="334" VPOS="1011" WIDTH="33" HEIGHT="18" CONTENT="An" WC="0.77" CC="04"/>
						<SP ID="P62_SP00216" HPOS="367" VPOS="1029" WIDTH="11"/>
						<String ID="P62_ST00246" HPOS="378" VPOS="1010" WIDTH="62" HEIGHT="19" CONTENT="ashen" WC="0.59" CC="46702"/>
						<SP ID="P62_SP00217" HPOS="440" VPOS="1029" WIDTH="11"/>
						<String ID="P62_ST00247" HPOS="451" VPOS="1017" WIDTH="58" HEIGHT="18" CONTENT="spear" WC="0.79" CC="50004"/>
						<SP ID="P62_SP00218" HPOS="509" VPOS="1035" WIDTH="9"/>
						<String ID="P62_ST00248" HPOS="518" VPOS="1011" WIDTH="48" HEIGHT="18" CONTENT="with" WC="0.73" CC="0037"/>
						<SP ID="P62_SP00219" HPOS="566" VPOS="1035" WIDTH="11"/>
						<String ID="P62_ST00249" HPOS="577" VPOS="1012" WIDTH="56" HEIGHT="23" CONTENT="point" WC="0.78" CC="01431"/>
						<SP ID="P62_SP00220" HPOS="633" VPOS="1035" WIDTH="11"/>
						<String ID="P62_ST00250" HPOS="644" VPOS="1012" WIDTH="38" HEIGHT="17" CONTENT="and" WC="0.81" CC="050"/>
						<SP ID="P62_SP00221" HPOS="682" VPOS="1035" WIDTH="11"/>
						<String ID="P62_ST00251" HPOS="693" VPOS="1012" WIDTH="56" HEIGHT="18" CONTENT="barb." WC="0.63" CC="06470"/>
					</TextLine>
					<TextLine ID="P62_TL00030" HPOS="333" VPOS="1036" WIDTH="323" HEIGHT="26">
						<String ID="P62_ST00252" HPOS="333" VPOS="1036" WIDTH="41" HEIGHT="20" CONTENT="'Tis" WC="0.73" CC="4060"/>
						<SP ID="P62_SP00222" HPOS="374" VPOS="1056" WIDTH="10"/>
						<String ID="P62_ST00253" HPOS="384" VPOS="1039" WIDTH="36" HEIGHT="17" CONTENT="not" WC="0.52" CC="850"/>
						<SP ID="P62_SP00223" HPOS="420" VPOS="1056" WIDTH="9"/>
						<String ID="P62_ST00254" HPOS="429" VPOS="1037" WIDTH="32" HEIGHT="19" CONTENT="for" WC="0.89" CC="003"/>
						<SP ID="P62_SP00224" HPOS="461" VPOS="1056" WIDTH="9"/>
						<String ID="P62_ST00255" HPOS="470" VPOS="1044" WIDTH="32" HEIGHT="12" CONTENT="me" WC="0.60" CC="70"/>
						<SP ID="P62_SP00225" HPOS="502" VPOS="1056" WIDTH="10"/>
						<String ID="P62_ST00256" HPOS="512" VPOS="1040" WIDTH="21" HEIGHT="16" CONTENT="to" WC="1.00" CC="00"/>
						<SP ID="P62_SP00226" HPOS="533" VPOS="1056" WIDTH="10"/>
						<String ID="P62_ST00257" HPOS="543" VPOS="1044" WIDTH="51" HEIGHT="18" CONTENT="envy" WC="0.70" CC="1090"/>
						<SP ID="P62_SP00227" HPOS="594" VPOS="1062" WIDTH="10"/>
						<String ID="P62_ST00258" HPOS="604" VPOS="1038" WIDTH="52" HEIGHT="22" CONTENT="thee," WC="0.56" CC="57054"/>
					</TextLine>
					<TextLine ID="P62_TL00031" HPOS="334" VPOS="1063" WIDTH="370" HEIGHT="26">
						<String ID="P62_ST00259" HPOS="334" VPOS="1064" WIDTH="17" HEIGHT="18" CONTENT="A" WC="1.00" CC="0"/>
						<SP ID="P62_SP00228" HPOS="351" VPOS="1082" WIDTH="11"/>
						<String ID="P62_ST00260" HPOS="362" VPOS="1063" WIDTH="79" HEIGHT="23" CONTENT="kinder," WC="0.79" CC="5000152"/>
						<SP ID="P62_SP00229" HPOS="441" VPOS="1086" WIDTH="12"/>
						<String ID="P62_ST00261" HPOS="453" VPOS="1064" WIDTH="70" HEIGHT="19" CONTENT="nobler" WC="0.66" CC="800704"/>
						<SP ID="P62_SP00230" HPOS="523" VPOS="1086" WIDTH="10"/>
						<String ID="P62_ST00262" HPOS="533" VPOS="1067" WIDTH="45" HEIGHT="22" CONTENT="part" WC="0.50" CC="0467"/>
						<SP ID="P62_SP00231" HPOS="578" VPOS="1089" WIDTH="10"/>
						<String ID="P62_ST00263" HPOS="588" VPOS="1065" WIDTH="24" HEIGHT="18" CONTENT="be" WC="1.00" CC="00"/>
						<SP ID="P62_SP00232" HPOS="612" VPOS="1089" WIDTH="10"/>
						<String ID="P62_ST00264" HPOS="622" VPOS="1065" WIDTH="55" HEIGHT="19" CONTENT="mine" WC="0.55" CC="8360"/>
						<String ID="P62_ST00265" HPOS="679" VPOS="1075" WIDTH="25" HEIGHT="3" CONTENT="—" WC="0.20" CC="8"/>
					</TextLine>
					<TextLine ID="P62_TL00032" HPOS="333" VPOS="1090" WIDTH="427" HEIGHT="27">
						<String ID="P62_ST00266" HPOS="333" VPOS="1090" WIDTH="29" HEIGHT="19" CONTENT="To" WC="0.79" CC="04"/>
						<SP ID="P62_SP00233" HPOS="362" VPOS="1109" WIDTH="10"/>
						<String ID="P62_ST00267" HPOS="372" VPOS="1090" WIDTH="44" HEIGHT="25" CONTENT="sing" WC="0.55" CC="4670"/>
						<SP ID="P62_SP00234" HPOS="416" VPOS="1115" WIDTH="10"/>
						<String ID="P62_ST00268" HPOS="426" VPOS="1090" WIDTH="36" HEIGHT="25" CONTENT="thy" WC="0.79" CC="060"/>
						<SP ID="P62_SP00235" HPOS="462" VPOS="1115" WIDTH="10"/>
						<String ID="P62_ST00269" HPOS="472" VPOS="1091" WIDTH="72" HEIGHT="25" CONTENT="praise," WC="0.81" CC="0210900"/>
						<SP ID="P62_SP00236" HPOS="544" VPOS="1116" WIDTH="11"/>
						<String ID="P62_ST00270" HPOS="555" VPOS="1091" WIDTH="33" HEIGHT="19" CONTENT="for" WC="0.56" CC="353"/>
						<SP ID="P62_SP00237" HPOS="588" VPOS="1116" WIDTH="8"/>
						<String ID="P62_ST00271" HPOS="596" VPOS="1091" WIDTH="54" HEIGHT="19" CONTENT="brief" WC="0.71" CC="72400"/>
						<SP ID="P62_SP00238" HPOS="650" VPOS="1116" WIDTH="8"/>
						<String ID="P62_ST00272" HPOS="658" VPOS="1092" WIDTH="36" HEIGHT="25" CONTENT="thy" WC="1.00" CC="000"/>
						<SP ID="P62_SP00239" HPOS="694" VPOS="1117" WIDTH="10"/>
						<String ID="P62_ST00273" HPOS="704" VPOS="1091" WIDTH="56" HEIGHT="26" CONTENT="days," WC="0.78" CC="04060"/>
					</TextLine>
					<TextLine ID="P62_TL00033" HPOS="333" VPOS="1117" WIDTH="441" HEIGHT="26">
						<String ID="P62_ST00274" HPOS="333" VPOS="1117" WIDTH="53" HEIGHT="19" CONTENT="Soon" WC="0.51" CC="6057"/>
						<SP ID="P62_SP00240" HPOS="386" VPOS="1136" WIDTH="11"/>
						<String ID="P62_ST00275" HPOS="397" VPOS="1117" WIDTH="67" HEIGHT="19" CONTENT="closed" WC="0.91" CC="100200"/>
						<SP ID="P62_SP00241" HPOS="464" VPOS="1136" WIDTH="9"/>
						<String ID="P62_ST00276" HPOS="473" VPOS="1117" WIDTH="44" HEIGHT="19" CONTENT="that" WC="0.76" CC="0702"/>
						<SP ID="P62_SP00242" HPOS="517" VPOS="1136" WIDTH="11"/>
						<String ID="P62_ST00277" HPOS="528" VPOS="1117" WIDTH="67" HEIGHT="26" CONTENT="bright" WC="0.50" CC="533059"/>
						<SP ID="P62_SP00243" HPOS="595" VPOS="1143" WIDTH="10"/>
						<String ID="P62_ST00278" HPOS="605" VPOS="1124" WIDTH="68" HEIGHT="13" CONTENT="career" WC="0.81" CC="601003"/>
						<SP ID="P62_SP00244" HPOS="673" VPOS="1143" WIDTH="9"/>
						<String ID="P62_ST00279" HPOS="682" VPOS="1118" WIDTH="22" HEIGHT="19" CONTENT="of" WC="0.81" CC="30"/>
						<SP ID="P62_SP00245" HPOS="704" VPOS="1143" WIDTH="6"/>
						<String ID="P62_ST00280" HPOS="710" VPOS="1118" WIDTH="64" HEIGHT="20" CONTENT="thine." WC="0.69" CC="061604"/>
					</TextLine>
					<TextLine ID="P62_TL00034" HPOS="333" VPOS="1144" WIDTH="398" HEIGHT="26">
						<String ID="P62_ST00281" HPOS="333" VPOS="1144" WIDTH="33" HEIGHT="18" CONTENT="Ah" WC="0.65" CC="06"/>
						<SP ID="P62_SP00246" HPOS="366" VPOS="1162" WIDTH="10"/>
						<String ID="P62_ST00282" HPOS="376" VPOS="1145" WIDTH="3" HEIGHT="17" CONTENT="!" WC="0.91" CC="0"/>
						<SP ID="P62_SP00247" HPOS="379" VPOS="1162" WIDTH="18"/>
						<String ID="P62_ST00283" HPOS="397" VPOS="1150" WIDTH="72" HEIGHT="12" CONTENT="sooner" WC="0.60" CC="603560"/>
						<SP ID="P62_SP00248" HPOS="469" VPOS="1162" WIDTH="9"/>
						<String ID="P62_ST00284" HPOS="478" VPOS="1151" WIDTH="67" HEIGHT="12" CONTENT="comes" WC="0.66" CC="53106"/>
						<SP ID="P62_SP00249" HPOS="545" VPOS="1163" WIDTH="10"/>
						<String ID="P62_ST00285" HPOS="555" VPOS="1145" WIDTH="37" HEIGHT="24" CONTENT="thy" WC="1.00" CC="000"/>
						<SP ID="P62_SP00250" HPOS="592" VPOS="1169" WIDTH="10"/>
						<String ID="P62_ST00286" HPOS="602" VPOS="1145" WIDTH="76" HEIGHT="25" CONTENT="bloody" WC="0.74" CC="705200"/>
						<SP ID="P62_SP00251" HPOS="678" VPOS="1170" WIDTH="9"/>
						<String ID="P62_ST00287" HPOS="687" VPOS="1145" WIDTH="44" HEIGHT="19" CONTENT="bier" WC="0.65" CC="7006"/>
					</TextLine>
					<TextLine ID="P62_TL00035" HPOS="331" VPOS="1171" WIDTH="379" HEIGHT="25">
						<String ID="P62_ST00288" HPOS="331" VPOS="1171" WIDTH="59" HEIGHT="18" CONTENT="Than" WC="0.49" CC="0667"/>
						<SP ID="P62_SP00252" HPOS="390" VPOS="1189" WIDTH="10"/>
						<String ID="P62_ST00289" HPOS="400" VPOS="1171" WIDTH="78" HEIGHT="25" CONTENT="nuptial" WC="0.73" CC="0700082"/>
						<SP ID="P62_SP00253" HPOS="478" VPOS="1196" WIDTH="10"/>
						<String ID="P62_ST00290" HPOS="488" VPOS="1171" WIDTH="44" HEIGHT="25" CONTENT="day," WC="0.75" CC="0801"/>
						<SP ID="P62_SP00254" HPOS="532" VPOS="1196" WIDTH="12"/>
						<String ID="P62_ST00291" HPOS="544" VPOS="1178" WIDTH="22" HEIGHT="12" CONTENT="or" WC="0.59" CC="43"/>
						<SP ID="P62_SP00255" HPOS="566" VPOS="1196" WIDTH="11"/>
						<String ID="P62_ST00292" HPOS="577" VPOS="1172" WIDTH="58" HEIGHT="18" CONTENT="festal" WC="0.83" CC="000054"/>
						<SP ID="P62_SP00256" HPOS="635" VPOS="1196" WIDTH="10"/>
						<String ID="P62_ST00293" HPOS="645" VPOS="1173" WIDTH="65" HEIGHT="18" CONTENT="cheer." WC="0.59" CC="770054"/>
					</TextLine>
					<TextLine ID="P62_TL00036" HPOS="332" VPOS="1198" WIDTH="400" HEIGHT="22">
						<String ID="P62_ST00294" HPOS="332" VPOS="1198" WIDTH="34" HEIGHT="19" CONTENT="On" WC="0.42" CC="64"/>
						<SP ID="P62_SP00257" HPOS="366" VPOS="1217" WIDTH="10"/>
						<String ID="P62_ST00295" HPOS="376" VPOS="1198" WIDTH="52" HEIGHT="21" CONTENT="thee," WC="0.70" CC="15601"/>
						<SP ID="P62_SP00258" HPOS="428" VPOS="1219" WIDTH="12"/>
						<String ID="P62_ST00296" HPOS="440" VPOS="1204" WIDTH="27" HEIGHT="13" CONTENT="on" WC="0.74" CC="04"/>
						<SP ID="P62_SP00259" HPOS="467" VPOS="1219" WIDTH="10"/>
						<String ID="P62_ST00297" HPOS="477" VPOS="1199" WIDTH="45" HEIGHT="18" CONTENT="thee" WC="0.78" CC="1700"/>
						<String ID="P62_ST00298" HPOS="528" VPOS="1213" WIDTH="4" HEIGHT="7" CONTENT="," WC="1.00" CC="0"/>
						<SP ID="P62_SP00260" HPOS="532" VPOS="1220" WIDTH="12"/>
						<String ID="P62_ST00299" HPOS="544" VPOS="1199" WIDTH="51" HEIGHT="18" CONTENT="shall" WC="0.50" CC="56076"/>
						<SP ID="P62_SP00261" HPOS="595" VPOS="1220" WIDTH="10"/>
						<String ID="P62_ST00300" HPOS="605" VPOS="1206" WIDTH="72" HEIGHT="12" CONTENT="ravens" WC="0.74" CC="260060"/>
						<SP ID="P62_SP00262" HPOS="677" VPOS="1220" WIDTH="11"/>
						<String ID="P62_ST00301" HPOS="688" VPOS="1199" WIDTH="44" HEIGHT="19" CONTENT="feed" WC="0.74" CC="5500"/>
					</TextLine>
				</TextBlock>
				<TextBlock ID="P62_TB00005" HPOS="332" VPOS="1224" WIDTH="377" HEIGHT="20" STYLEREFS="TXT_1 PAR_LEFT">
					<TextLine ID="P62_TL00037" HPOS="333" VPOS="1224" WIDTH="376" HEIGHT="20">
						<String ID="P62_ST00302" HPOS="333" VPOS="1224" WIDTH="41" HEIGHT="20" CONTENT="Ere" WC="0.79" CC="600"/>
						<SP ID="P62_SP00263" HPOS="374" VPOS="1244" WIDTH="10"/>
						<String ID="P62_ST00303" HPOS="384" VPOS="1224" WIDTH="50" HEIGHT="20" CONTENT="thou" WC="0.55" CC="6604"/>
						<SP ID="P62_SP00264" HPOS="434" VPOS="1244" WIDTH="11"/>
						<String ID="P62_ST00304" HPOS="445" VPOS="1225" WIDTH="79" HEIGHT="19" CONTENT="achieve" WC="0.61" CC="0277460"/>
						<SP ID="P62_SP00265" HPOS="524" VPOS="1244" WIDTH="10"/>
						<String ID="P62_ST00305" HPOS="534" VPOS="1225" WIDTH="33" HEIGHT="19" CONTENT="the" WC="0.75" CC="070"/>
						<SP ID="P62_SP00266" HPOS="567" VPOS="1244" WIDTH="10"/>
						<String ID="P62_ST00306" HPOS="577" VPOS="1226" WIDTH="68" HEIGHT="18" CONTENT="hero's" WC="0.49" CC="606637"/>
						<SP ID="P62_SP00267" HPOS="645" VPOS="1244" WIDTH="10"/>
						<String ID="P62_ST00307" HPOS="655" VPOS="1226" WIDTH="54" HEIGHT="18" CONTENT="deed." WC="0.93" CC="00003"/>
					</TextLine>
				</TextBlock>
				<TextBlock ID="P62_TB00006" HPOS="331" VPOS="1251" WIDTH="479" HEIGHT="74" STYLEREFS="TXT_1 PAR_LEFT">
					<TextLine ID="P62_TL00038" HPOS="331" VPOS="1251" WIDTH="436" HEIGHT="27">
						<String ID="P62_ST00308" HPOS="331" VPOS="1251" WIDTH="65" HEIGHT="19" CONTENT="Brave" WC="0.84" CC="32002"/>
						<SP ID="P62_SP00268" HPOS="396" VPOS="1270" WIDTH="11"/>
						<String ID="P62_ST00309" HPOS="407" VPOS="1251" WIDTH="83" HEIGHT="20" CONTENT="Owen's" WC="0.67" CC="100646"/>
						<SP ID="P62_SP00269" HPOS="490" VPOS="1271" WIDTH="12"/>
						<String ID="P62_ST00310" HPOS="502" VPOS="1252" WIDTH="48" HEIGHT="19" CONTENT="dear" WC="0.61" CC="0464"/>
						<SP ID="P62_SP00270" HPOS="550" VPOS="1271" WIDTH="9"/>
						<String ID="P62_ST00311" HPOS="559" VPOS="1253" WIDTH="39" HEIGHT="18" CONTENT="and" WC="0.65" CC="450"/>
						<SP ID="P62_SP00271" HPOS="598" VPOS="1271" WIDTH="10"/>
						<String ID="P62_ST00312" HPOS="608" VPOS="1253" WIDTH="77" HEIGHT="25" CONTENT="gallant" WC="0.85" CC="0402300"/>
						<SP ID="P62_SP00272" HPOS="685" VPOS="1278" WIDTH="9"/>
						<String ID="P62_ST00313" HPOS="694" VPOS="1253" WIDTH="73" HEIGHT="23" CONTENT="friend," WC="0.50" CC="9335750"/>
					</TextLine>
					<TextLine ID="P62_TL00039" HPOS="331" VPOS="1278" WIDTH="479" HEIGHT="27">
						<String ID="P62_ST00314" HPOS="331" VPOS="1278" WIDTH="43" HEIGHT="19" CONTENT="The" WC="1.00" CC="000"/>
						<SP ID="P62_SP00273" HPOS="374" VPOS="1297" WIDTH="10"/>
						<String ID="P62_ST00315" HPOS="384" VPOS="1278" WIDTH="60" HEIGHT="19" CONTENT="fierce" WC="0.62" CC="771040"/>
						<SP ID="P62_SP00274" HPOS="444" VPOS="1297" WIDTH="9"/>
						<String ID="P62_ST00316" HPOS="453" VPOS="1279" WIDTH="115" HEIGHT="25" CONTENT="prey-birds" WC="0.81" CC="0006000605"/>
						<SP ID="P62_SP00275" HPOS="568" VPOS="1304" WIDTH="10"/>
						<String ID="P62_ST00317" HPOS="578" VPOS="1279" WIDTH="37" HEIGHT="26" CONTENT="thy" WC="0.44" CC="079"/>
						<SP ID="P62_SP00276" HPOS="615" VPOS="1305" WIDTH="11"/>
						<String ID="P62_ST00318" HPOS="626" VPOS="1280" WIDTH="55" HEIGHT="19" CONTENT="steed" WC="0.78" CC="55000"/>
						<SP ID="P62_SP00277" HPOS="681" VPOS="1305" WIDTH="12"/>
						<String ID="P62_ST00319" HPOS="693" VPOS="1280" WIDTH="52" HEIGHT="20" CONTENT="shall" WC="0.70" CC="60034"/>
						<SP ID="P62_SP00278" HPOS="745" VPOS="1305" WIDTH="9"/>
						<String ID="P62_ST00320" HPOS="754" VPOS="1280" WIDTH="56" HEIGHT="24" CONTENT="lend," WC="0.79" CC="10170"/>
					</TextLine>
					<TextLine ID="P62_TL00040" HPOS="334" VPOS="1305" WIDTH="347" HEIGHT="20">
						<String ID="P62_ST00321" HPOS="334" VPOS="1305" WIDTH="39" HEIGHT="19" CONTENT="His" WC="0.33" CC="666"/>
						<SP ID="P62_SP00279" HPOS="373" VPOS="1324" WIDTH="11"/>
						<String ID="P62_ST00322" HPOS="384" VPOS="1305" WIDTH="63" HEIGHT="19" CONTENT="bones" WC="0.71" CC="00707"/>
						<SP ID="P62_SP00280" HPOS="447" VPOS="1324" WIDTH="10"/>
						<String ID="P62_ST00323" HPOS="457" VPOS="1306" WIDTH="59" HEIGHT="18" CONTENT="alone" WC="0.73" CC="70032"/>
						<SP ID="P62_SP00281" HPOS="516" VPOS="1324" WIDTH="10"/>
						<String ID="P62_ST00324" HPOS="526" VPOS="1306" WIDTH="76" HEIGHT="19" CONTENT="remain" WC="0.57" CC="409065"/>
						<SP ID="P62_SP00282" HPOS="602" VPOS="1325" WIDTH="11"/>
						<String ID="P62_ST00325" HPOS="613" VPOS="1310" WIDTH="21" HEIGHT="15" CONTENT="to" WC="1.00" CC="00"/>
						<SP ID="P62_SP00283" HPOS="634" VPOS="1325" WIDTH="10"/>
						<String ID="P62_ST00326" HPOS="644" VPOS="1307" WIDTH="37" HEIGHT="18" CONTENT="tell" WC="0.91" CC="3000"/>
					</TextLine>
				</TextBlock>
				<TextBlock ID="P62_TB00007" HPOS="331" VPOS="1331" WIDTH="390" HEIGHT="25" STYLEREFS="TXT_1 PAR_LEFT">
					<TextLine ID="P62_TL00041" HPOS="331" VPOS="1332" WIDTH="390" HEIGHT="24">
						<String ID="P62_ST00327" HPOS="331" VPOS="1332" WIDTH="64" HEIGHT="19" CONTENT="What" WC="0.50" CC="9630"/>
						<SP ID="P62_SP00284" HPOS="395" VPOS="1351" WIDTH="10"/>
						<String ID="P62_ST00328" HPOS="405" VPOS="1334" WIDTH="45" HEIGHT="22" CONTENT="spot" WC="0.70" CC="5060"/>
						<SP ID="P62_SP00285" HPOS="450" VPOS="1356" WIDTH="11"/>
						<String ID="P62_ST00329" HPOS="461" VPOS="1333" WIDTH="33" HEIGHT="19" CONTENT="the" WC="0.54" CC="174"/>
						<SP ID="P62_SP00286" HPOS="494" VPOS="1356" WIDTH="11"/>
						<String ID="P62_ST00330" HPOS="505" VPOS="1339" WIDTH="37" HEIGHT="12" CONTENT="son" WC="0.34" CC="757"/>
						<SP ID="P62_SP00287" HPOS="542" VPOS="1356" WIDTH="9"/>
						<String ID="P62_ST00331" HPOS="551" VPOS="1333" WIDTH="23" HEIGHT="19" CONTENT="of" WC="0.39" CC="65"/>
						<SP ID="P62_SP00288" HPOS="574" VPOS="1356" WIDTH="9"/>
						<String ID="P62_ST00332" HPOS="583" VPOS="1333" WIDTH="72" HEIGHT="20" CONTENT="Marco" WC="0.61" CC="40624"/>
						<SP ID="P62_SP00289" HPOS="655" VPOS="1356" WIDTH="10"/>
						<String ID="P62_ST00333" HPOS="665" VPOS="1333" WIDTH="56" HEIGHT="20" CONTENT='fell."' WC="0.68" CC="056006"/>
					</TextLine>
				</TextBlock>
				<TextBlock ID="P62_TB00008" HPOS="140" VPOS="1379" WIDTH="852" HEIGHT="103" STYLEREFS="TXT_1 PAR_LEFT">
					<TextLine ID="P62_TL00042" HPOS="192" VPOS="1379" WIDTH="800" HEIGHT="33">
						<String ID="P62_ST00334" HPOS="192" VPOS="1379" WIDTH="121" HEIGHT="23" CONTENT="Aneurim" WC="0.66" CC="9401600"/>
						<SP ID="P62_SP00290" HPOS="313" VPOS="1402" WIDTH="21"/>
						<String ID="P62_ST00335" HPOS="334" VPOS="1380" WIDTH="55" HEIGHT="23" CONTENT="died" WC="0.81" CC="0007"/>
						<SP ID="P62_SP00291" HPOS="389" VPOS="1403" WIDTH="22"/>
						<String ID="P62_ST00336" HPOS="411" VPOS="1381" WIDTH="23" HEIGHT="22" CONTENT="in" WC="0.70" CC="14"/>
						<SP ID="P62_SP00292" HPOS="434" VPOS="1403" WIDTH="23"/>
						<String ID="P62_ST00337" HPOS="457" VPOS="1381" WIDTH="41" HEIGHT="23" CONTENT="the" WC="0.75" CC="070"/>
						<SP ID="P62_SP00293" HPOS="498" VPOS="1404" WIDTH="19"/>
						<String ID="P62_ST00338" HPOS="517" VPOS="1388" WIDTH="64" HEIGHT="17" CONTENT="same" WC="0.75" CC="6300"/>
						<SP ID="P62_SP00294" HPOS="581" VPOS="1405" WIDTH="22"/>
						<String ID="P62_ST00339" HPOS="603" VPOS="1389" WIDTH="57" HEIGHT="23" CONTENT="year" WC="0.70" CC="0704"/>
						<SP ID="P62_SP00295" HPOS="660" VPOS="1412" WIDTH="23"/>
						<String ID="P62_ST00340" HPOS="683" VPOS="1390" WIDTH="26" HEIGHT="15" CONTENT="as" WC="0.64" CC="06"/>
						<SP ID="P62_SP00296" HPOS="709" VPOS="1412" WIDTH="23"/>
						<String ID="P62_ST00341" HPOS="732" VPOS="1382" WIDTH="116" HEIGHT="28" CONTENT="Taliesin," WC="0.75" CC="006020760"/>
						<SP ID="P62_SP00297" HPOS="848" VPOS="1412" WIDTH="22"/>
						<String ID="P62_ST00342" HPOS="870" VPOS="1383" WIDTH="58" HEIGHT="28" CONTENT="570," WC="0.87" CC="5000"/>
						<SP ID="P62_SP00298" HPOS="928" VPOS="1412" WIDTH="20"/>
						<String ID="P62_ST00343" HPOS="948" VPOS="1383" WIDTH="44" HEIGHT="23" CONTENT="but" WC="0.89" CC="020"/>
					</TextLine>
					<TextLine ID="P62_TL00043" HPOS="141" VPOS="1412" WIDTH="851" HEIGHT="36">
						<String ID="P62_ST00344" HPOS="141" VPOS="1412" WIDTH="47" HEIGHT="23" CONTENT="had" WC="0.79" CC="600"/>
						<SP ID="P62_SP00299" HPOS="188" VPOS="1435" WIDTH="22"/>
						<String ID="P62_ST00345" HPOS="210" VPOS="1416" WIDTH="43" HEIGHT="19" CONTENT="not" WC="0.83" CC="400"/>
						<SP ID="P62_SP00300" HPOS="253" VPOS="1435" WIDTH="20"/>
						<String ID="P62_ST00346" HPOS="273" VPOS="1421" WIDTH="27" HEIGHT="15" CONTENT="so" WC="0.90" CC="10"/>
						<SP ID="P62_SP00301" HPOS="300" VPOS="1436" WIDTH="21"/>
						<String ID="P62_ST00347" HPOS="321" VPOS="1414" WIDTH="113" HEIGHT="29" CONTENT="peaceful" WC="0.87" CC="80000100"/>
						<SP ID="P62_SP00302" HPOS="434" VPOS="1443" WIDTH="21"/>
						<String ID="P62_ST00348" HPOS="455" VPOS="1422" WIDTH="29" HEIGHT="15" CONTENT="an" WC="0.72" CC="05"/>
						<SP ID="P62_SP00303" HPOS="484" VPOS="1443" WIDTH="20"/>
						<String ID="P62_ST00349" HPOS="504" VPOS="1415" WIDTH="55" HEIGHT="23" CONTENT="end." WC="0.88" CC="0301"/>
						<SP ID="P62_SP00304" HPOS="559" VPOS="1443" WIDTH="39"/>
						<String ID="P62_ST00350" HPOS="598" VPOS="1415" WIDTH="40" HEIGHT="23" CONTENT="He" WC="0.88" CC="20"/>
						<SP ID="P62_SP00305" HPOS="638" VPOS="1443" WIDTH="13"/>
						<String ID="P62_ST00351" HPOS="651" VPOS="1424" WIDTH="48" HEIGHT="14" CONTENT="was" WC="0.67" CC="036"/>
						<SP ID="P62_SP00306" HPOS="699" VPOS="1443" WIDTH="14"/>
						<String ID="P62_ST00352" HPOS="713" VPOS="1416" WIDTH="131" HEIGHT="23" CONTENT="murdered" WC="0.83" CC="00204600"/>
						<SP ID="P62_SP00307" HPOS="844" VPOS="1443" WIDTH="13"/>
						<String ID="P62_ST00353" HPOS="857" VPOS="1417" WIDTH="31" HEIGHT="31" CONTENT="by" WC="1.00" CC="00"/>
						<SP ID="P62_SP00308" HPOS="888" VPOS="1448" WIDTH="14"/>
						<String ID="P62_ST00354" HPOS="902" VPOS="1425" WIDTH="14" HEIGHT="15" CONTENT="a" WC="1.00" CC="0"/>
						<SP ID="P62_SP00309" HPOS="916" VPOS="1448" WIDTH="13"/>
						<String ID="P62_ST00355" HPOS="929" VPOS="1417" WIDTH="63" HEIGHT="23" CONTENT="blow" WC="0.62" CC="4450"/>
					</TextLine>
					<TextLine ID="P62_TL00044" HPOS="141" VPOS="1444" WIDTH="851" HEIGHT="38">
						<String ID="P62_ST00356" HPOS="141" VPOS="1444" WIDTH="60" HEIGHT="23" CONTENT="from" WC="0.65" CC="9030"/>
						<SP ID="P62_SP00310" HPOS="201" VPOS="1467" WIDTH="17"/>
						<String ID="P62_ST00357" HPOS="218" VPOS="1454" WIDTH="28" HEIGHT="14" CONTENT="an" WC="0.70" CC="06"/>
						<SP ID="P62_SP00311" HPOS="246" VPOS="1468" WIDTH="14"/>
						<String ID="P62_ST00358" HPOS="260" VPOS="1454" WIDTH="45" HEIGHT="16" CONTENT="axe" WC="0.68" CC="090"/>
						<SP ID="P62_SP00312" HPOS="305" VPOS="1470" WIDTH="20"/>
						<String ID="P62_ST00359" HPOS="325" VPOS="1448" WIDTH="32" HEIGHT="31" CONTENT="by" WC="1.00" CC="00"/>
						<SP ID="P62_SP00313" HPOS="357" VPOS="1479" WIDTH="19"/>
						<String ID="P62_ST00360" HPOS="376" VPOS="1447" WIDTH="81" HEIGHT="32" CONTENT="Eidyn" WC="0.92" CC="03000"/>
						<SP ID="P62_SP00314" HPOS="457" VPOS="1479" WIDTH="20"/>
						<String ID="P62_ST00361" HPOS="477" VPOS="1456" WIDTH="42" HEIGHT="15" CONTENT="son" WC="0.76" CC="700"/>
						<SP ID="P62_SP00315" HPOS="519" VPOS="1479" WIDTH="20"/>
						<String ID="P62_ST00362" HPOS="539" VPOS="1448" WIDTH="27" HEIGHT="23" CONTENT="of" WC="0.50" CC="09"/>
						<SP ID="P62_SP00316" HPOS="566" VPOS="1479" WIDTH="16"/>
						<String ID="P62_ST00363" HPOS="582" VPOS="1449" WIDTH="114" HEIGHT="32" CONTENT="Einygan" WC="0.77" CC="0009005"/>
						<SP ID="P62_SP00317" HPOS="696" VPOS="1481" WIDTH="13"/>
						<String ID="P62_ST00364" HPOS="709" VPOS="1459" WIDTH="5" HEIGHT="18" CONTENT=";" WC="1.00" CC="0"/>
						<SP ID="P62_SP00318" HPOS="714" VPOS="1481" WIDTH="22"/>
						<String ID="P62_ST00365" HPOS="736" VPOS="1457" WIDTH="13" HEIGHT="15" CONTENT="a" WC="1.00" CC="0"/>
						<SP ID="P62_SP00319" HPOS="749" VPOS="1481" WIDTH="15"/>
						<String ID="P62_ST00366" HPOS="764" VPOS="1450" WIDTH="73" HEIGHT="23" CONTENT="crime" WC="0.73" CC="20460"/>
						<SP ID="P62_SP00320" HPOS="837" VPOS="1481" WIDTH="14"/>
						<String ID="P62_ST00367" HPOS="851" VPOS="1450" WIDTH="141" HEIGHT="32" CONTENT="deservedly" WC="0.94" CC="0060000000"/>
					</TextLine>
				</TextBlock>
				<TextBlock ID="P62_TB00009" HPOS="408" VPOS="1518" WIDTH="304" HEIGHT="27" STYLEREFS="TXT_1 PAR_CENTER">
					<TextLine ID="P62_TL00045" HPOS="409" VPOS="1518" WIDTH="303" HEIGHT="27">
						<String ID="P62_ST00368" HPOS="409" VPOS="1518" WIDTH="12" HEIGHT="14" CONTENT="*" WC="1.00" CC="0"/>
						<SP ID="P62_SP00321" HPOS="421" VPOS="1532" WIDTH="17"/>
						<String ID="P62_ST00369" HPOS="438" VPOS="1519" WIDTH="70" HEIGHT="19" CONTENT="Camb." WC="0.65" CC="45070"/>
						<SP ID="P62_SP00322" HPOS="508" VPOS="1538" WIDTH="12"/>
						<String ID="P62_ST00370" HPOS="520" VPOS="1520" WIDTH="50" HEIGHT="19" CONTENT="Brit." WC="0.52" CC="65460"/>
						<SP ID="P62_SP00323" HPOS="570" VPOS="1539" WIDTH="11"/>
						<String ID="P62_ST00371" HPOS="581" VPOS="1521" WIDTH="40" HEIGHT="18" CONTENT="vol." WC="0.60" CC="9122"/>
						<SP ID="P62_SP00324" HPOS="621" VPOS="1539" WIDTH="11"/>
						<String ID="P62_ST00372" HPOS="632" VPOS="1521" WIDTH="12" HEIGHT="18" CONTENT="i." WC="1.00" CC="00"/>
						<SP ID="P62_SP00325" HPOS="644" VPOS="1539" WIDTH="11"/>
						<String ID="P62_ST00373" HPOS="655" VPOS="1527" WIDTH="20" HEIGHT="18" CONTENT="p." WC="0.50" CC="81"/>
						<SP ID="P62_SP00326" HPOS="675" VPOS="1545" WIDTH="13"/>
						<String ID="P62_ST00374" HPOS="688" VPOS="1521" WIDTH="24" HEIGHT="19" CONTENT="93." WC="0.73" CC="304"/>
					</TextLine>
				</TextBlock>
			</PrintSpace>
		</Page>
	</Layout>
</alto>
