<?xml version="1.0" encoding="UTF-8"?>
<alto xmlns:xsi="http://www.w3.org/2001/XMLSchema-instance" xsi:noNamespaceSchemaLocation="http://www.bl.uk/schemas/alto/alto-1-4.xsd" xmlns:xlink="http://www.w3.org/1999/xlink">
	<Description>
		<MeasurementUnit>mm10</MeasurementUnit>
		<sourceImageInformation>
			<fileName>//head1/IN/2008-22/A0011651692/008549.jp2</fileName>
		</sourceImageInformation>
		<OCRProcessing ID="OCRPROCESSING_1">
			<preProcessingStep>
				<processingSoftware>
					<softwareCreator>CCS Content Conversion Specialists GmbH, Germany</softwareCreator>
					<softwareName>CCS docWORKS</softwareName>
					<softwareVersion>6.1-0.67</softwareVersion>
				</processingSoftware>
			</preProcessingStep>
			<ocrProcessingStep>
				<processingSoftware>
					<softwareCreator>ABBYY (BIT Software), Russia</softwareCreator>
					<softwareName>Finereader</softwareName>
				</processingSoftware>
			</ocrProcessingStep>
		</OCRProcessing>
	</Description>
	<Styles>
		<TextStyle ID="TXT_0" FONTSIZE="9" FONTFAMILY="Courier New"/>
		<TextStyle ID="TXT_1" FONTSIZE="10" FONTFAMILY="Courier New"/>
		<ParagraphStyle ID="PAR_CENTER" ALIGN="Center"/>
		<ParagraphStyle ID="PAR_RIGHT" ALIGN="Right"/>
		<ParagraphStyle ID="PAR_LEFT" ALIGN="Left"/>
	</Styles>
	<Layout>
		<Page ID="P159" PHYSICAL_IMG_NR="159" HEIGHT="1619" WIDTH="1023" PRINTED_IMG_NR="145" POSITION="Right" ACCURACY="76.73">
			<TopMargin ID="P159_TM00001" HPOS="0" VPOS="0" WIDTH="1022" HEIGHT="138">
				<TextBlock ID="P159_TB00001" HPOS="313" VPOS="115" WIDTH="350" HEIGHT="20" STYLEREFS="TXT_0 PAR_CENTER">
					<TextLine ID="P159_TL00001" HPOS="314" VPOS="116" WIDTH="349" HEIGHT="19">
						<String ID="P159_ST00001" HPOS="314" VPOS="116" WIDTH="136" HEIGHT="18" CONTENT="MONASTIC" WC="0.69" CC="00094901"/>
						<SP ID="P159_SP00001" HPOS="450" VPOS="134" WIDTH="15"/>
						<String ID="P159_ST00002" HPOS="465" VPOS="119" WIDTH="198" HEIGHT="16" CONTENT="INSTITUTIONS." WC="0.71" CC="7903006060040"/>
					</TextLine>
				</TextBlock>
				<TextBlock ID="P159_TB00002" HPOS="861" VPOS="114" WIDTH="48" HEIGHT="23" STYLEREFS="TXT_1 PAR_RIGHT">
					<TextLine ID="P159_TL00002" HPOS="861" VPOS="114" WIDTH="48" HEIGHT="23">
						<String ID="P159_ST00003" HPOS="861" VPOS="114" WIDTH="48" HEIGHT="23" CONTENT="145" WC="1.00" CC="000"/>
					</TextLine>
				</TextBlock>
			</TopMargin>
			<LeftMargin ID="P159_LM00001" HPOS="0" VPOS="138" WIDTH="63" HEIGHT="1441"/>
			<RightMargin ID="P159_RM00001" HPOS="912" VPOS="138" WIDTH="110" HEIGHT="1441"/>
			<BottomMargin ID="P159_BM00001" HPOS="0" VPOS="1579" WIDTH="1022" HEIGHT="39"/>
			<PrintSpace ID="P159_PS00001" HPOS="63" VPOS="138" WIDTH="849" HEIGHT="1441">
				<TextBlock ID="P159_TB00003" HPOS="63" VPOS="171" WIDTH="849" HEIGHT="768" STYLEREFS="TXT_0 PAR_LEFT">
					<TextLine ID="P159_TL00003" HPOS="64" VPOS="172" WIDTH="848" HEIGHT="36">
						<String ID="P159_ST00004" HPOS="64" VPOS="172" WIDTH="40" HEIGHT="24" CONTENT="list" WC="0.87" CC="2020"/>
						<SP ID="P159_SP00002" HPOS="104" VPOS="196" WIDTH="18"/>
						<String ID="P159_ST00005" HPOS="122" VPOS="172" WIDTH="41" HEIGHT="24" CONTENT="the" WC="0.78" CC="060"/>
						<SP ID="P159_SP00003" HPOS="163" VPOS="196" WIDTH="18"/>
						<String ID="P159_ST00006" HPOS="181" VPOS="174" WIDTH="131" HEIGHT="30" CONTENT="sympathy" WC="0.93" CC="50000000"/>
						<SP ID="P159_SP00004" HPOS="312" VPOS="204" WIDTH="13"/>
						<String ID="P159_ST00007" HPOS="325" VPOS="174" WIDTH="28" HEIGHT="23" CONTENT="of" WC="1.00" CC="00"/>
						<SP ID="P159_SP00005" HPOS="353" VPOS="204" WIDTH="8"/>
						<String ID="P159_ST00008" HPOS="361" VPOS="175" WIDTH="41" HEIGHT="23" CONTENT="the" WC="0.90" CC="010"/>
						<SP ID="P159_SP00006" HPOS="402" VPOS="204" WIDTH="20"/>
						<String ID="P159_ST00009" HPOS="422" VPOS="176" WIDTH="68" HEIGHT="31" CONTENT="king," WC="0.63" CC="02790"/>
						<SP ID="P159_SP00007" HPOS="490" VPOS="207" WIDTH="18"/>
						<String ID="P159_ST00010" HPOS="508" VPOS="177" WIDTH="43" HEIGHT="22" CONTENT="the" WC="0.76" CC="502"/>
						<SP ID="P159_SP00008" HPOS="551" VPOS="207" WIDTH="18"/>
						<String ID="P159_ST00011" HPOS="569" VPOS="185" WIDTH="89" HEIGHT="23" CONTENT="queen," WC="0.89" CC="001030"/>
						<SP ID="P159_SP00009" HPOS="658" VPOS="208" WIDTH="18"/>
						<String ID="P159_ST00012" HPOS="676" VPOS="179" WIDTH="46" HEIGHT="23" CONTENT="and" WC="1.00" CC="000"/>
						<SP ID="P159_SP00010" HPOS="722" VPOS="208" WIDTH="21"/>
						<String ID="P159_ST00013" HPOS="743" VPOS="179" WIDTH="29" HEIGHT="23" CONTENT="of" WC="0.38" CC="56"/>
						<SP ID="P159_SP00011" HPOS="772" VPOS="208" WIDTH="10"/>
						<String ID="P159_ST00014" HPOS="782" VPOS="180" WIDTH="40" HEIGHT="23" CONTENT="the" WC="0.63" CC="460"/>
						<SP ID="P159_SP00012" HPOS="822" VPOS="208" WIDTH="12"/>
						<String ID="P159_ST00015" HPOS="834" VPOS="180" WIDTH="78" HEIGHT="23" CONTENT="whole" WC="0.69" CC="05450"/>
					</TextLine>
					<TextLine ID="P159_TL00004" HPOS="65" VPOS="201" WIDTH="847" HEIGHT="39">
						<String ID="P159_ST00016" HPOS="65" VPOS="210" WIDTH="77" HEIGHT="20" CONTENT="court." WC="0.70" CC="107440"/>
						<SP ID="P159_SP00013" HPOS="142" VPOS="230" WIDTH="37"/>
						<String ID="P159_ST00017" HPOS="179" VPOS="207" WIDTH="92" HEIGHT="30" CONTENT="Bishop" WC="0.76" CC="602041"/>
						<SP ID="P159_SP00014" HPOS="271" VPOS="237" WIDTH="15"/>
						<String ID="P159_ST00018" HPOS="286" VPOS="201" WIDTH="84" HEIGHT="38" CONTENT="Roger" WC="0.49" CC="95701"/>
						<SP ID="P159_SP00015" HPOS="370" VPOS="239" WIDTH="13"/>
						<String ID="P159_ST00019" HPOS="383" VPOS="217" WIDTH="48" HEIGHT="15" CONTENT="was" WC="0.76" CC="033"/>
						<SP ID="P159_SP00016" HPOS="431" VPOS="239" WIDTH="13"/>
						<String ID="P159_ST00020" HPOS="444" VPOS="217" WIDTH="13" HEIGHT="15" CONTENT="a" WC="0.73" CC="2"/>
						<SP ID="P159_SP00017" HPOS="457" VPOS="239" WIDTH="14"/>
						<String ID="P159_ST00021" HPOS="471" VPOS="214" WIDTH="70" HEIGHT="26" CONTENT="great" WC="0.79" CC="04032"/>
						<SP ID="P159_SP00018" HPOS="541" VPOS="240" WIDTH="13"/>
						<String ID="P159_ST00022" HPOS="554" VPOS="210" WIDTH="91" HEIGHT="24" CONTENT="church" WC="0.53" CC="478007"/>
						<SP ID="P159_SP00019" HPOS="645" VPOS="240" WIDTH="19"/>
						<String ID="P159_ST00023" HPOS="664" VPOS="212" WIDTH="97" HEIGHT="23" CONTENT="builder" WC="0.78" CC="6400004"/>
						<SP ID="P159_SP00020" HPOS="761" VPOS="240" WIDTH="16"/>
						<String ID="P159_ST00024" HPOS="777" VPOS="214" WIDTH="47" HEIGHT="22" CONTENT="and" WC="0.75" CC="070"/>
						<SP ID="P159_SP00021" HPOS="824" VPOS="240" WIDTH="14"/>
						<String ID="P159_ST00025" HPOS="838" VPOS="214" WIDTH="47" HEIGHT="22" CONTENT="had" WC="0.76" CC="700"/>
						<SP ID="P159_SP00022" HPOS="885" VPOS="240" WIDTH="14"/>
						<String ID="P159_ST00026" HPOS="899" VPOS="221" WIDTH="13" HEIGHT="15" CONTENT="a" WC="1.00" CC="0"/>
					</TextLine>
					<TextLine ID="P159_TL00005" HPOS="64" VPOS="241" WIDTH="848" HEIGHT="36">
						<String ID="P159_ST00027" HPOS="64" VPOS="248" WIDTH="59" HEIGHT="22" CONTENT="very" WC="0.55" CC="8009"/>
						<SP ID="P159_SP00023" HPOS="123" VPOS="270" WIDTH="12"/>
						<String ID="P159_ST00028" HPOS="135" VPOS="241" WIDTH="48" HEIGHT="23" CONTENT="fine" WC="0.89" CC="0400"/>
						<SP ID="P159_SP00024" HPOS="183" VPOS="270" WIDTH="17"/>
						<String ID="P159_ST00029" HPOS="200" VPOS="244" WIDTH="69" HEIGHT="24" CONTENT="taste," WC="0.89" CC="006000"/>
						<SP ID="P159_SP00025" HPOS="269" VPOS="270" WIDTH="14"/>
						<String ID="P159_ST00030" HPOS="283" VPOS="243" WIDTH="55" HEIGHT="26" CONTENT="and," WC="0.87" CC="0500"/>
						<SP ID="P159_SP00026" HPOS="338" VPOS="270" WIDTH="14"/>
						<String ID="P159_ST00031" HPOS="352" VPOS="243" WIDTH="19" HEIGHT="22" CONTENT="it" WC="0.89" CC="20"/>
						<SP ID="P159_SP00027" HPOS="371" VPOS="270" WIDTH="18"/>
						<String ID="P159_ST00032" HPOS="389" VPOS="243" WIDTH="19" HEIGHT="22" CONTENT="is" WC="0.71" CC="05"/>
						<SP ID="P159_SP00028" HPOS="408" VPOS="270" WIDTH="13"/>
						<String ID="P159_ST00033" HPOS="421" VPOS="243" WIDTH="113" HEIGHT="31" CONTENT="thought," WC="0.82" CC="06050200"/>
						<SP ID="P159_SP00029" HPOS="534" VPOS="274" WIDTH="14"/>
						<String ID="P159_ST00034" HPOS="548" VPOS="252" WIDTH="62" HEIGHT="22" CONTENT="gave" WC="1.00" CC="0000"/>
						<SP ID="P159_SP00030" HPOS="610" VPOS="274" WIDTH="16"/>
						<String ID="P159_ST00035" HPOS="626" VPOS="249" WIDTH="24" HEIGHT="18" CONTENT="to" WC="0.70" CC="50"/>
						<SP ID="P159_SP00031" HPOS="650" VPOS="274" WIDTH="18"/>
						<String ID="P159_ST00036" HPOS="668" VPOS="245" WIDTH="40" HEIGHT="23" CONTENT="the" WC="0.57" CC="560"/>
						<SP ID="P159_SP00032" HPOS="708" VPOS="274" WIDTH="19"/>
						<String ID="P159_ST00037" HPOS="727" VPOS="254" WIDTH="53" HEIGHT="15" CONTENT="new" WC="0.56" CC="408"/>
						<SP ID="P159_SP00033" HPOS="780" VPOS="274" WIDTH="12"/>
						<String ID="P159_ST00038" HPOS="792" VPOS="247" WIDTH="82" HEIGHT="30" CONTENT="priory" WC="0.66" CC="030690"/>
						<SP ID="P159_SP00034" HPOS="874" VPOS="277" WIDTH="14"/>
						<String ID="P159_ST00039" HPOS="888" VPOS="250" WIDTH="24" HEIGHT="20" CONTENT="at" WC="0.87" CC="20"/>
					</TextLine>
					<TextLine ID="P159_TL00006" HPOS="64" VPOS="274" WIDTH="848" HEIGHT="32">
						<String ID="P159_ST00040" HPOS="64" VPOS="274" WIDTH="140" HEIGHT="32" CONTENT="Llanthony" WC="0.70" CC="310000579"/>
						<SP ID="P159_SP00035" HPOS="204" VPOS="306" WIDTH="22"/>
						<String ID="P159_ST00041" HPOS="226" VPOS="282" WIDTH="14" HEIGHT="16" CONTENT="a" WC="1.00" CC="0"/>
						<SP ID="P159_SP00036" HPOS="240" VPOS="306" WIDTH="20"/>
						<String ID="P159_ST00042" HPOS="260" VPOS="276" WIDTH="99" HEIGHT="30" CONTENT="helping" WC="0.87" CC="6000010"/>
						<SP ID="P159_SP00037" HPOS="359" VPOS="306" WIDTH="20"/>
						<String ID="P159_ST00043" HPOS="379" VPOS="276" WIDTH="72" HEIGHT="23" CONTENT="hand." WC="0.63" CC="69200"/>
						<SP ID="P159_SP00038" HPOS="451" VPOS="306" WIDTH="39"/>
						<String ID="P159_ST00044" HPOS="490" VPOS="277" WIDTH="28" HEIGHT="22" CONTENT="In" WC="0.84" CC="02"/>
						<SP ID="P159_SP00039" HPOS="518" VPOS="306" WIDTH="20"/>
						<String ID="P159_ST00045" HPOS="538" VPOS="278" WIDTH="41" HEIGHT="22" CONTENT="the" WC="0.90" CC="200"/>
						<SP ID="P159_SP00040" HPOS="579" VPOS="306" WIDTH="19"/>
						<String ID="P159_ST00046" HPOS="598" VPOS="279" WIDTH="151" HEIGHT="27" CONTENT="meanwhile," WC="0.90" CC="0000063000"/>
						<SP ID="P159_SP00041" HPOS="749" VPOS="306" WIDTH="15"/>
						<String ID="P159_ST00047" HPOS="764" VPOS="280" WIDTH="80" HEIGHT="23" CONTENT="Ernisi" WC="0.68" CC="005453"/>
						<SP ID="P159_SP00042" HPOS="844" VPOS="306" WIDTH="20"/>
						<String ID="P159_ST00048" HPOS="864" VPOS="288" WIDTH="48" HEIGHT="16" CONTENT="was" WC="0.77" CC="006"/>
					</TextLine>
					<TextLine ID="P159_TL00007" HPOS="64" VPOS="309" WIDTH="848" HEIGHT="35">
						<String ID="P159_ST00049" HPOS="64" VPOS="309" WIDTH="67" HEIGHT="31" CONTENT="quite" WC="0.61" CC="84060"/>
						<SP ID="P159_SP00043" HPOS="131" VPOS="340" WIDTH="9"/>
						<String ID="P159_ST00050" HPOS="140" VPOS="309" WIDTH="176" HEIGHT="23" CONTENT="overwhelmed" WC="0.81" CC="40049000200"/>
						<SP ID="P159_SP00044" HPOS="316" VPOS="340" WIDTH="10"/>
						<String ID="P159_ST00051" HPOS="326" VPOS="310" WIDTH="57" HEIGHT="22" CONTENT="with" WC="0.71" CC="0190"/>
						<SP ID="P159_SP00045" HPOS="383" VPOS="340" WIDTH="10"/>
						<String ID="P159_ST00052" HPOS="393" VPOS="310" WIDTH="125" HEIGHT="27" CONTENT="kindness;" WC="0.74" CC="015050315"/>
						<SP ID="P159_SP00046" HPOS="518" VPOS="340" WIDTH="11"/>
						<String ID="P159_ST00053" HPOS="529" VPOS="310" WIDTH="57" HEIGHT="32" CONTENT="gifts" WC="0.73" CC="00904"/>
						<SP ID="P159_SP00047" HPOS="586" VPOS="342" WIDTH="9"/>
						<String ID="P159_ST00054" HPOS="595" VPOS="320" WIDTH="63" HEIGHT="15" CONTENT="were" WC="0.96" CC="0010"/>
						<SP ID="P159_SP00048" HPOS="658" VPOS="342" WIDTH="11"/>
						<String ID="P159_ST00055" HPOS="669" VPOS="313" WIDTH="136" HEIGHT="31" CONTENT="constantly" WC="0.84" CC="0064005000"/>
						<SP ID="P159_SP00049" HPOS="805" VPOS="344" WIDTH="10"/>
						<String ID="P159_ST00056" HPOS="815" VPOS="315" WIDTH="97" HEIGHT="29" CONTENT="coming" WC="0.59" CC="630067"/>
					</TextLine>
					<TextLine ID="P159_TL00008" HPOS="65" VPOS="342" WIDTH="845" HEIGHT="33">
						<String ID="P159_ST00057" HPOS="65" VPOS="343" WIDTH="31" HEIGHT="27" CONTENT="in," WC="0.77" CC="060"/>
						<SP ID="P159_SP00050" HPOS="96" VPOS="370" WIDTH="19"/>
						<String ID="P159_ST00058" HPOS="115" VPOS="342" WIDTH="29" HEIGHT="23" CONTENT="of" WC="0.66" CC="51"/>
						<SP ID="P159_SP00051" HPOS="144" VPOS="370" WIDTH="15"/>
						<String ID="P159_ST00059" HPOS="159" VPOS="342" WIDTH="79" HEIGHT="24" CONTENT="which" WC="0.77" CC="07400"/>
						<SP ID="P159_SP00052" HPOS="238" VPOS="370" WIDTH="23"/>
						<String ID="P159_ST00060" HPOS="261" VPOS="343" WIDTH="41" HEIGHT="23" CONTENT="the" WC="0.77" CC="060"/>
						<SP ID="P159_SP00053" HPOS="302" VPOS="370" WIDTH="21"/>
						<String ID="P159_ST00061" HPOS="323" VPOS="343" WIDTH="97" HEIGHT="23" CONTENT="zealous" WC="0.73" CC="4305050"/>
						<SP ID="P159_SP00054" HPOS="420" VPOS="370" WIDTH="21"/>
						<String ID="P159_ST00062" HPOS="441" VPOS="344" WIDTH="136" HEIGHT="31" CONTENT="dispensers" WC="0.74" CC="0090026007"/>
						<SP ID="P159_SP00055" HPOS="577" VPOS="375" WIDTH="18"/>
						<String ID="P159_ST00063" HPOS="595" VPOS="345" WIDTH="80" HEIGHT="23" CONTENT="would" WC="0.69" CC="90050"/>
						<SP ID="P159_SP00056" HPOS="675" VPOS="375" WIDTH="22"/>
						<String ID="P159_ST00064" HPOS="697" VPOS="346" WIDTH="56" HEIGHT="23" CONTENT="take" WC="0.86" CC="5000"/>
						<SP ID="P159_SP00057" HPOS="753" VPOS="375" WIDTH="21"/>
						<String ID="P159_ST00065" HPOS="774" VPOS="354" WIDTH="30" HEIGHT="15" CONTENT="no" WC="0.71" CC="05"/>
						<SP ID="P159_SP00058" HPOS="804" VPOS="375" WIDTH="20"/>
						<String ID="P159_ST00066" HPOS="824" VPOS="348" WIDTH="86" HEIGHT="22" CONTENT="denial." WC="0.87" CC="0010230"/>
					</TextLine>
					<TextLine ID="P159_TL00009" HPOS="65" VPOS="376" WIDTH="845" HEIGHT="33">
						<String ID="P159_ST00067" HPOS="65" VPOS="376" WIDTH="27" HEIGHT="23" CONTENT="In" WC="0.69" CC="06"/>
						<SP ID="P159_SP00059" HPOS="92" VPOS="399" WIDTH="15"/>
						<String ID="P159_ST00068" HPOS="107" VPOS="377" WIDTH="54" HEIGHT="22" CONTENT="vain" WC="0.65" CC="8005"/>
						<SP ID="P159_SP00060" HPOS="161" VPOS="399" WIDTH="20"/>
						<String ID="P159_ST00069" HPOS="181" VPOS="376" WIDTH="80" HEIGHT="23" CONTENT="Ernisi" WC="0.81" CC="001063"/>
						<SP ID="P159_SP00061" HPOS="261" VPOS="399" WIDTH="19"/>
						<String ID="P159_ST00070" HPOS="280" VPOS="377" WIDTH="103" HEIGHT="31" CONTENT="pleaded" WC="1.00" CC="0000000"/>
						<SP ID="P159_SP00062" HPOS="383" VPOS="408" WIDTH="19"/>
						<String ID="P159_ST00071" HPOS="402" VPOS="378" WIDTH="54" HEIGHT="23" CONTENT="that" WC="0.91" CC="2000"/>
						<SP ID="P159_SP00063" HPOS="456" VPOS="408" WIDTH="17"/>
						<String ID="P159_ST00072" HPOS="473" VPOS="379" WIDTH="40" HEIGHT="22" CONTENT="the" WC="0.61" CC="740"/>
						<SP ID="P159_SP00064" HPOS="513" VPOS="408" WIDTH="18"/>
						<String ID="P159_ST00073" HPOS="531" VPOS="382" WIDTH="139" HEIGHT="27" CONTENT="monastery" WC="0.64" CC="904055700"/>
						<SP ID="P159_SP00065" HPOS="670" VPOS="409" WIDTH="13"/>
						<String ID="P159_ST00074" HPOS="683" VPOS="380" WIDTH="79" HEIGHT="22" CONTENT="would" WC="0.71" CC="06340"/>
						<SP ID="P159_SP00066" HPOS="762" VPOS="409" WIDTH="20"/>
						<String ID="P159_ST00075" HPOS="782" VPOS="380" WIDTH="29" HEIGHT="23" CONTENT="be" WC="1.00" CC="00"/>
						<SP ID="P159_SP00067" HPOS="811" VPOS="409" WIDTH="20"/>
						<String ID="P159_ST00076" HPOS="831" VPOS="381" WIDTH="79" HEIGHT="22" CONTENT="richer" WC="0.80" CC="023006"/>
					</TextLine>
					<TextLine ID="P159_TL00010" HPOS="65" VPOS="411" WIDTH="846" HEIGHT="28">
						<String ID="P159_ST00077" HPOS="65" VPOS="411" WIDTH="101" HEIGHT="22" CONTENT="without" WC="0.89" CC="0010220"/>
						<SP ID="P159_SP00068" HPOS="166" VPOS="433" WIDTH="12"/>
						<String ID="P159_ST00078" HPOS="178" VPOS="411" WIDTH="41" HEIGHT="23" CONTENT="the" WC="0.80" CC="050"/>
						<SP ID="P159_SP00069" HPOS="219" VPOS="434" WIDTH="17"/>
						<String ID="P159_ST00079" HPOS="236" VPOS="411" WIDTH="68" HEIGHT="23" CONTENT="lands" WC="0.76" CC="30206"/>
						<SP ID="P159_SP00070" HPOS="304" VPOS="434" WIDTH="19"/>
						<String ID="P159_ST00080" HPOS="323" VPOS="412" WIDTH="91" HEIGHT="23" CONTENT="offered" WC="1.00" CC="0000000"/>
						<SP ID="P159_SP00071" HPOS="414" VPOS="435" WIDTH="17"/>
						<String ID="P159_ST00081" HPOS="431" VPOS="413" WIDTH="57" HEIGHT="22" CONTENT="than" WC="0.99" CC="0000"/>
						<SP ID="P159_SP00072" HPOS="488" VPOS="435" WIDTH="15"/>
						<String ID="P159_ST00082" HPOS="503" VPOS="413" WIDTH="57" HEIGHT="22" CONTENT="with" WC="0.95" CC="0002"/>
						<SP ID="P159_SP00073" HPOS="560" VPOS="435" WIDTH="14"/>
						<String ID="P159_ST00083" HPOS="574" VPOS="413" WIDTH="65" HEIGHT="22" CONTENT="them" WC="0.64" CC="0571"/>
						<SP ID="P159_SP00074" HPOS="639" VPOS="435" WIDTH="11"/>
						<String ID="P159_ST00084" HPOS="650" VPOS="422" WIDTH="5" HEIGHT="17" CONTENT=";" WC="1.00" CC="0"/>
						<SP ID="P159_SP00075" HPOS="655" VPOS="439" WIDTH="19"/>
						<String ID="P159_ST00085" HPOS="674" VPOS="413" WIDTH="53" HEIGHT="23" CONTENT="that" WC="0.39" CC="5746"/>
						<SP ID="P159_SP00076" HPOS="727" VPOS="439" WIDTH="12"/>
						<String ID="P159_ST00086" HPOS="739" VPOS="414" WIDTH="18" HEIGHT="22" CONTENT="it" WC="0.72" CC="14"/>
						<SP ID="P159_SP00077" HPOS="757" VPOS="439" WIDTH="13"/>
						<String ID="P159_ST00087" HPOS="770" VPOS="421" WIDTH="47" HEIGHT="15" CONTENT="was" WC="0.38" CC="495"/>
						<SP ID="P159_SP00078" HPOS="817" VPOS="439" WIDTH="15"/>
						<String ID="P159_ST00088" HPOS="832" VPOS="414" WIDTH="79" HEIGHT="23" CONTENT="better" WC="0.80" CC="144001"/>
					</TextLine>
					<TextLine ID="P159_TL00011" HPOS="65" VPOS="445" WIDTH="845" HEIGHT="32">
						<String ID="P159_ST00089" HPOS="65" VPOS="448" WIDTH="25" HEIGHT="19" CONTENT="to" WC="1.00" CC="00"/>
						<SP ID="P159_SP00079" HPOS="90" VPOS="467" WIDTH="13"/>
						<String ID="P159_ST00090" HPOS="103" VPOS="445" WIDTH="68" HEIGHT="23" CONTENT="dwell" WC="0.97" CC="00001"/>
						<SP ID="P159_SP00080" HPOS="171" VPOS="468" WIDTH="14"/>
						<String ID="P159_ST00091" HPOS="185" VPOS="453" WIDTH="60" HEIGHT="22" CONTENT="poor" WC="1.00" CC="0000"/>
						<SP ID="P159_SP00081" HPOS="245" VPOS="475" WIDTH="13"/>
						<String ID="P159_ST00092" HPOS="258" VPOS="445" WIDTH="22" HEIGHT="23" CONTENT="in" WC="0.63" CC="25"/>
						<SP ID="P159_SP00082" HPOS="280" VPOS="475" WIDTH="15"/>
						<String ID="P159_ST00093" HPOS="295" VPOS="445" WIDTH="40" HEIGHT="23" CONTENT="the" WC="0.95" CC="010"/>
						<SP ID="P159_SP00083" HPOS="335" VPOS="475" WIDTH="15"/>
						<String ID="P159_ST00094" HPOS="350" VPOS="446" WIDTH="74" HEIGHT="23" CONTENT="house" WC="0.75" CC="00460"/>
						<SP ID="P159_SP00084" HPOS="424" VPOS="475" WIDTH="17"/>
						<String ID="P159_ST00095" HPOS="441" VPOS="445" WIDTH="27" HEIGHT="24" CONTENT="of" WC="0.91" CC="10"/>
						<SP ID="P159_SP00085" HPOS="468" VPOS="475" WIDTH="11"/>
						<String ID="P159_ST00096" HPOS="479" VPOS="445" WIDTH="64" HEIGHT="27" CONTENT="God," WC="0.91" CC="0300"/>
						<SP ID="P159_SP00086" HPOS="543" VPOS="475" WIDTH="13"/>
						<String ID="P159_ST00097" HPOS="556" VPOS="446" WIDTH="58" HEIGHT="23" CONTENT="than" WC="0.71" CC="0505"/>
						<SP ID="P159_SP00087" HPOS="614" VPOS="475" WIDTH="19"/>
						<String ID="P159_ST00098" HPOS="633" VPOS="447" WIDTH="30" HEIGHT="22" CONTENT="be" WC="0.76" CC="40"/>
						<SP ID="P159_SP00088" HPOS="663" VPOS="475" WIDTH="18"/>
						<String ID="P159_ST00099" HPOS="681" VPOS="447" WIDTH="131" HEIGHT="30" CONTENT="entangled" WC="0.86" CC="050000600"/>
						<SP ID="P159_SP00089" HPOS="812" VPOS="477" WIDTH="14"/>
						<String ID="P159_ST00100" HPOS="826" VPOS="448" WIDTH="23" HEIGHT="21" CONTENT="in" WC="1.00" CC="00"/>
						<SP ID="P159_SP00090" HPOS="849" VPOS="477" WIDTH="14"/>
						<String ID="P159_ST00101" HPOS="863" VPOS="447" WIDTH="47" HEIGHT="23" CONTENT="liti" SUBS_TYPE="HypPart1" SUBS_CONTENT="litigious" WC="0.73" CC="60600"/>
						<HYP CONTENT="-"/>
					</TextLine>
					<TextLine ID="P159_TL00012" HPOS="65" VPOS="478" WIDTH="845" HEIGHT="34">
						<String ID="P159_ST00102" HPOS="65" VPOS="478" WIDTH="70" HEIGHT="31" CONTENT="gious" SUBS_TYPE="HypPart2" SUBS_CONTENT="litigious" WC="0.72" CC="41106"/>
						<SP ID="P159_SP00091" HPOS="135" VPOS="509" WIDTH="13"/>
						<String ID="P159_ST00103" HPOS="148" VPOS="479" WIDTH="66" HEIGHT="23" CONTENT="suits." WC="0.71" CC="316042"/>
						<SP ID="P159_SP00092" HPOS="214" VPOS="509" WIDTH="26"/>
						<String ID="P159_ST00104" HPOS="240" VPOS="479" WIDTH="54" HEIGHT="23" CONTENT="The" WC="0.90" CC="020"/>
						<SP ID="P159_SP00093" HPOS="294" VPOS="509" WIDTH="11"/>
						<String ID="P159_ST00105" HPOS="305" VPOS="479" WIDTH="58" HEIGHT="30" CONTENT="king" WC="0.85" CC="0140"/>
						<SP ID="P159_SP00094" HPOS="363" VPOS="509" WIDTH="10"/>
						<String ID="P159_ST00106" HPOS="373" VPOS="480" WIDTH="45" HEIGHT="22" CONTENT="and" WC="0.77" CC="060"/>
						<SP ID="P159_SP00095" HPOS="418" VPOS="509" WIDTH="12"/>
						<String ID="P159_ST00107" HPOS="430" VPOS="487" WIDTH="78" HEIGHT="23" CONTENT="queen" WC="0.80" CC="02700"/>
						<SP ID="P159_SP00096" HPOS="508" VPOS="510" WIDTH="15"/>
						<String ID="P159_ST00108" HPOS="523" VPOS="480" WIDTH="90" HEIGHT="22" CONTENT="offered" WC="0.99" CC="0000000"/>
						<SP ID="P159_SP00097" HPOS="613" VPOS="510" WIDTH="15"/>
						<String ID="P159_ST00109" HPOS="628" VPOS="481" WIDTH="40" HEIGHT="21" CONTENT="the" WC="0.73" CC="070"/>
						<SP ID="P159_SP00098" HPOS="668" VPOS="510" WIDTH="14"/>
						<String ID="P159_ST00110" HPOS="682" VPOS="484" WIDTH="138" HEIGHT="27" CONTENT="monastery" WC="0.67" CC="016053740"/>
						<SP ID="P159_SP00099" HPOS="820" VPOS="511" WIDTH="14"/>
						<String ID="P159_ST00111" HPOS="834" VPOS="480" WIDTH="76" HEIGHT="32" CONTENT="freely" WC="0.92" CC="001030"/>
					</TextLine>
					<TextLine ID="P159_TL00013" HPOS="65" VPOS="512" WIDTH="846" HEIGHT="33">
						<String ID="P159_ST00112" HPOS="65" VPOS="512" WIDTH="40" HEIGHT="23" CONTENT="the" WC="0.77" CC="060"/>
						<SP ID="P159_SP00100" HPOS="105" VPOS="535" WIDTH="11"/>
						<String ID="P159_ST00113" HPOS="116" VPOS="513" WIDTH="76" HEIGHT="22" CONTENT="whole" WC="0.78" CC="07300"/>
						<SP ID="P159_SP00101" HPOS="192" VPOS="535" WIDTH="11"/>
						<String ID="P159_ST00114" HPOS="203" VPOS="518" WIDTH="104" HEIGHT="26" CONTENT="country" WC="0.59" CC="4466050"/>
						<SP ID="P159_SP00102" HPOS="307" VPOS="544" WIDTH="10"/>
						<String ID="P159_ST00115" HPOS="317" VPOS="513" WIDTH="28" HEIGHT="22" CONTENT="of" WC="1.00" CC="00"/>
						<SP ID="P159_SP00103" HPOS="345" VPOS="544" WIDTH="8"/>
						<String ID="P159_ST00116" HPOS="353" VPOS="513" WIDTH="112" HEIGHT="32" CONTENT="Bergely," WC="0.89" CC="00200600"/>
						<SP ID="P159_SP00104" HPOS="465" VPOS="545" WIDTH="12"/>
						<String ID="P159_ST00117" HPOS="477" VPOS="513" WIDTH="46" HEIGHT="23" CONTENT="and" WC="0.80" CC="220"/>
						<SP ID="P159_SP00105" HPOS="523" VPOS="545" WIDTH="12"/>
						<String ID="P159_ST00118" HPOS="535" VPOS="513" WIDTH="40" HEIGHT="23" CONTENT="the" WC="0.51" CC="860"/>
						<SP ID="P159_SP00106" HPOS="575" VPOS="545" WIDTH="14"/>
						<String ID="P159_ST00119" HPOS="589" VPOS="513" WIDTH="105" HEIGHT="23" CONTENT="arduous" WC="0.81" CC="0000444"/>
						<SP ID="P159_SP00107" HPOS="694" VPOS="545" WIDTH="10"/>
						<String ID="P159_ST00120" HPOS="704" VPOS="513" WIDTH="52" HEIGHT="23" CONTENT="task" WC="0.81" CC="0070"/>
						<SP ID="P159_SP00108" HPOS="756" VPOS="545" WIDTH="11"/>
						<String ID="P159_ST00121" HPOS="767" VPOS="513" WIDTH="28" HEIGHT="23" CONTENT="of" WC="0.53" CC="45"/>
						<SP ID="P159_SP00109" HPOS="795" VPOS="545" WIDTH="8"/>
						<String ID="P159_ST00122" HPOS="803" VPOS="515" WIDTH="108" HEIGHT="30" CONTENT="refusing" WC="0.62" CC="56009105"/>
					</TextLine>
					<TextLine ID="P159_TL00014" HPOS="65" VPOS="547" WIDTH="843" HEIGHT="32">
						<String ID="P159_ST00123" HPOS="65" VPOS="547" WIDTH="102" HEIGHT="22" CONTENT="without" WC="0.83" CC="9001000"/>
						<SP ID="P159_SP00110" HPOS="167" VPOS="569" WIDTH="18"/>
						<String ID="P159_ST00124" HPOS="185" VPOS="547" WIDTH="84" HEIGHT="31" CONTENT="giving" WC="0.68" CC="030069"/>
						<SP ID="P159_SP00111" HPOS="269" VPOS="578" WIDTH="22"/>
						<String ID="P159_ST00125" HPOS="291" VPOS="547" WIDTH="94" HEIGHT="23" CONTENT="offence" WC="0.97" CC="1000000"/>
						<SP ID="P159_SP00112" HPOS="385" VPOS="578" WIDTH="19"/>
						<String ID="P159_ST00126" HPOS="404" VPOS="555" WIDTH="48" HEIGHT="15" CONTENT="was" WC="0.72" CC="026"/>
						<SP ID="P159_SP00113" HPOS="452" VPOS="578" WIDTH="19"/>
						<String ID="P159_ST00127" HPOS="471" VPOS="547" WIDTH="128" HEIGHT="32" CONTENT="delicately" WC="0.95" CC="0001300000"/>
						<SP ID="P159_SP00114" HPOS="599" VPOS="579" WIDTH="17"/>
						<String ID="P159_ST00128" HPOS="616" VPOS="547" WIDTH="138" HEIGHT="31" CONTENT="performed" WC="0.61" CC="972002660"/>
						<SP ID="P159_SP00115" HPOS="754" VPOS="579" WIDTH="20"/>
						<String ID="P159_ST00129" HPOS="774" VPOS="548" WIDTH="31" HEIGHT="31" CONTENT="by" WC="1.00" CC="00"/>
						<SP ID="P159_SP00116" HPOS="805" VPOS="579" WIDTH="16"/>
						<String ID="P159_ST00130" HPOS="821" VPOS="547" WIDTH="87" HEIGHT="28" CONTENT="Ernisi," WC="0.77" CC="0050370"/>
					</TextLine>
					<TextLine ID="P159_TL00015" HPOS="66" VPOS="580" WIDTH="844" HEIGHT="32">
						<String ID="P159_ST00131" HPOS="66" VPOS="580" WIDTH="54" HEIGHT="23" CONTENT="who" WC="0.67" CC="054"/>
						<SP ID="P159_SP00117" HPOS="120" VPOS="603" WIDTH="18"/>
						<String ID="P159_ST00132" HPOS="138" VPOS="580" WIDTH="45" HEIGHT="23" CONTENT="had" WC="1.00" CC="000"/>
						<SP ID="P159_SP00118" HPOS="183" VPOS="603" WIDTH="20"/>
						<String ID="P159_ST00133" HPOS="203" VPOS="584" WIDTH="43" HEIGHT="19" CONTENT="not" WC="0.77" CC="600"/>
						<SP ID="P159_SP00119" HPOS="246" VPOS="603" WIDTH="18"/>
						<String ID="P159_ST00134" HPOS="264" VPOS="580" WIDTH="62" HEIGHT="23" CONTENT="lived" WC="0.86" CC="32000"/>
						<SP ID="P159_SP00120" HPOS="326" VPOS="603" WIDTH="19"/>
						<String ID="P159_ST00135" HPOS="345" VPOS="581" WIDTH="76" HEIGHT="23" CONTENT="about" WC="0.71" CC="07700"/>
						<SP ID="P159_SP00121" HPOS="421" VPOS="604" WIDTH="19"/>
						<String ID="P159_ST00136" HPOS="440" VPOS="585" WIDTH="70" HEIGHT="19" CONTENT="court" WC="0.78" CC="00126"/>
						<SP ID="P159_SP00122" HPOS="510" VPOS="604" WIDTH="20"/>
						<String ID="P159_ST00137" HPOS="530" VPOS="581" WIDTH="37" HEIGHT="23" CONTENT="for" WC="0.96" CC="010"/>
						<SP ID="P159_SP00123" HPOS="567" VPOS="604" WIDTH="17"/>
						<String ID="P159_ST00138" HPOS="584" VPOS="581" WIDTH="109" HEIGHT="31" CONTENT="nothing." WC="0.72" CC="42610700"/>
						<SP ID="P159_SP00124" HPOS="693" VPOS="612" WIDTH="37"/>
						<String ID="P159_ST00139" HPOS="730" VPOS="581" WIDTH="86" HEIGHT="26" CONTENT="Queen" WC="0.47" CC="50676"/>
						<SP ID="P159_SP00125" HPOS="816" VPOS="612" WIDTH="16"/>
						<String ID="P159_ST00140" HPOS="832" VPOS="581" WIDTH="78" HEIGHT="23" CONTENT="Maud" WC="1.00" CC="0000"/>
					</TextLine>
					<TextLine ID="P159_TL00016" HPOS="66" VPOS="613" WIDTH="846" HEIGHT="33">
						<String ID="P159_ST00141" HPOS="66" VPOS="614" WIDTH="85" HEIGHT="23" CONTENT="visited" WC="0.84" CC="0073000"/>
						<SP ID="P159_SP00126" HPOS="151" VPOS="637" WIDTH="13"/>
						<String ID="P159_ST00142" HPOS="164" VPOS="613" WIDTH="146" HEIGHT="33" CONTENT="Llanthony," WC="0.71" CC="0000371590"/>
						<SP ID="P159_SP00127" HPOS="310" VPOS="646" WIDTH="15"/>
						<String ID="P159_ST00143" HPOS="325" VPOS="615" WIDTH="55" HEIGHT="27" CONTENT="and," WC="0.78" CC="5201"/>
						<SP ID="P159_SP00128" HPOS="380" VPOS="646" WIDTH="13"/>
						<String ID="P159_ST00144" HPOS="393" VPOS="615" WIDTH="84" HEIGHT="23" CONTENT="struck" WC="0.60" CC="626610"/>
						<SP ID="P159_SP00129" HPOS="477" VPOS="646" WIDTH="14"/>
						<String ID="P159_ST00145" HPOS="491" VPOS="616" WIDTH="56" HEIGHT="22" CONTENT="with" WC="1.00" CC="0000"/>
						<SP ID="P159_SP00130" HPOS="547" VPOS="646" WIDTH="14"/>
						<String ID="P159_ST00146" HPOS="561" VPOS="616" WIDTH="40" HEIGHT="22" CONTENT="the" WC="1.00" CC="000"/>
						<SP ID="P159_SP00131" HPOS="601" VPOS="646" WIDTH="14"/>
						<String ID="P159_ST00147" HPOS="615" VPOS="615" WIDTH="107" HEIGHT="31" CONTENT="singular" WC="0.69" CC="25502502"/>
						<SP ID="P159_SP00132" HPOS="722" VPOS="646" WIDTH="13"/>
						<String ID="P159_ST00148" HPOS="735" VPOS="614" WIDTH="138" HEIGHT="24" CONTENT="self-denial" WC="0.86" CC="70000025000"/>
						<SP ID="P159_SP00133" HPOS="873" VPOS="646" WIDTH="13"/>
						<String ID="P159_ST00149" HPOS="886" VPOS="614" WIDTH="26" HEIGHT="24" CONTENT="of" WC="0.82" CC="30"/>
					</TextLine>
					<TextLine ID="P159_TL00017" HPOS="66" VPOS="647" WIDTH="843" HEIGHT="33">
						<String ID="P159_ST00150" HPOS="66" VPOS="647" WIDTH="116" HEIGHT="29" CONTENT="William," WC="0.92" CC="32000000"/>
						<SP ID="P159_SP00134" HPOS="182" VPOS="676" WIDTH="21"/>
						<String ID="P159_ST00151" HPOS="203" VPOS="648" WIDTH="69" HEIGHT="23" CONTENT="made" WC="1.00" CC="0000"/>
						<SP ID="P159_SP00135" HPOS="272" VPOS="676" WIDTH="14"/>
						<String ID="P159_ST00152" HPOS="286" VPOS="657" WIDTH="13" HEIGHT="14" CONTENT="a" WC="1.00" CC="0"/>
						<SP ID="P159_SP00136" HPOS="299" VPOS="676" WIDTH="13"/>
						<String ID="P159_ST00153" HPOS="312" VPOS="654" WIDTH="97" HEIGHT="25" CONTENT="request" WC="0.76" CC="0005460"/>
						<SP ID="P159_SP00137" HPOS="409" VPOS="679" WIDTH="18"/>
						<String ID="P159_ST00154" HPOS="427" VPOS="649" WIDTH="52" HEIGHT="23" CONTENT="that" WC="0.81" CC="0700"/>
						<SP ID="P159_SP00138" HPOS="479" VPOS="679" WIDTH="17"/>
						<String ID="P159_ST00155" HPOS="496" VPOS="657" WIDTH="14" HEIGHT="15" CONTENT="a" WC="1.00" CC="0"/>
						<SP ID="P159_SP00139" HPOS="510" VPOS="679" WIDTH="16"/>
						<String ID="P159_ST00156" HPOS="526" VPOS="657" WIDTH="87" HEIGHT="23" CONTENT="queen," WC="0.73" CC="040352"/>
						<SP ID="P159_SP00140" HPOS="613" VPOS="680" WIDTH="18"/>
						<String ID="P159_ST00157" HPOS="631" VPOS="649" WIDTH="47" HEIGHT="23" CONTENT="and" WC="0.82" CC="050"/>
						<SP ID="P159_SP00141" HPOS="678" VPOS="680" WIDTH="17"/>
						<String ID="P159_ST00158" HPOS="695" VPOS="657" WIDTH="32" HEIGHT="15" CONTENT="no" WC="0.45" CC="55"/>
						<SP ID="P159_SP00142" HPOS="727" VPOS="680" WIDTH="14"/>
						<String ID="P159_ST00159" HPOS="741" VPOS="657" WIDTH="91" HEIGHT="15" CONTENT="woman" WC="0.63" CC="04454"/>
						<SP ID="P159_SP00143" HPOS="832" VPOS="680" WIDTH="21"/>
						<String ID="P159_ST00160" HPOS="853" VPOS="649" WIDTH="56" HEIGHT="27" CONTENT="else," WC="0.86" CC="00600"/>
					</TextLine>
					<TextLine ID="P159_TL00018" HPOS="66" VPOS="682" WIDTH="843" HEIGHT="31">
						<String ID="P159_ST00161" HPOS="66" VPOS="682" WIDTH="78" HEIGHT="30" CONTENT="might" WC="0.61" CC="93006"/>
						<SP ID="P159_SP00144" HPOS="144" VPOS="712" WIDTH="17"/>
						<String ID="P159_ST00162" HPOS="161" VPOS="682" WIDTH="71" HEIGHT="23" CONTENT="make" WC="0.75" CC="9000"/>
						<SP ID="P159_SP00145" HPOS="232" VPOS="712" WIDTH="18"/>
						<String ID="P159_ST00163" HPOS="250" VPOS="685" WIDTH="25" HEIGHT="20" CONTENT="to" WC="1.00" CC="00"/>
						<SP ID="P159_SP00146" HPOS="275" VPOS="712" WIDTH="13"/>
						<String ID="P159_ST00164" HPOS="288" VPOS="690" WIDTH="14" HEIGHT="15" CONTENT="a" WC="1.00" CC="0"/>
						<SP ID="P159_SP00147" HPOS="302" VPOS="712" WIDTH="12"/>
						<String ID="P159_ST00165" HPOS="314" VPOS="683" WIDTH="95" HEIGHT="27" CONTENT="hermit," WC="0.78" CC="7250000"/>
						<String ID="P159_ST00166" HPOS="412" VPOS="697" WIDTH="33" HEIGHT="3" CONTENT="—" WC="0.20" CC="8"/>
						<String ID="P159_ST00167" HPOS="447" VPOS="682" WIDTH="49" HEIGHT="24" CONTENT="She" WC="0.99" CC="000"/>
						<SP ID="P159_SP00148" HPOS="496" VPOS="712" WIDTH="19"/>
						<String ID="P159_ST00168" HPOS="515" VPOS="690" WIDTH="61" HEIGHT="16" CONTENT="once" WC="0.92" CC="0300"/>
						<SP ID="P159_SP00149" HPOS="576" VPOS="712" WIDTH="19"/>
						<String ID="P159_ST00169" HPOS="595" VPOS="683" WIDTH="93" HEIGHT="23" CONTENT="desired" WC="0.80" CC="0052500"/>
						<SP ID="P159_SP00150" HPOS="688" VPOS="712" WIDTH="19"/>
						<String ID="P159_ST00170" HPOS="707" VPOS="683" WIDTH="31" HEIGHT="22" CONTENT="he" WC="0.67" CC="60"/>
						<SP ID="P159_SP00151" HPOS="738" VPOS="712" WIDTH="18"/>
						<String ID="P159_ST00171" HPOS="756" VPOS="683" WIDTH="81" HEIGHT="23" CONTENT="would" WC="0.96" CC="00100"/>
						<SP ID="P159_SP00152" HPOS="837" VPOS="712" WIDTH="16"/>
						<String ID="P159_ST00172" HPOS="853" VPOS="684" WIDTH="56" HEIGHT="29" CONTENT="give" WC="0.95" CC="0200"/>
					</TextLine>
					<TextLine ID="P159_TL00019" HPOS="66" VPOS="715" WIDTH="843" HEIGHT="31">
						<String ID="P159_ST00173" HPOS="66" VPOS="715" WIDTH="43" HEIGHT="23" CONTENT="her" WC="0.75" CC="070"/>
						<SP ID="P159_SP00153" HPOS="109" VPOS="738" WIDTH="12"/>
						<String ID="P159_ST00174" HPOS="121" VPOS="716" WIDTH="67" HEIGHT="23" CONTENT="leave" WC="0.83" CC="00070"/>
						<SP ID="P159_SP00154" HPOS="188" VPOS="739" WIDTH="13"/>
						<String ID="P159_ST00175" HPOS="201" VPOS="719" WIDTH="24" HEIGHT="20" CONTENT="to" WC="1.00" CC="00"/>
						<SP ID="P159_SP00155" HPOS="225" VPOS="739" WIDTH="14"/>
						<String ID="P159_ST00176" HPOS="239" VPOS="720" WIDTH="44" HEIGHT="26" CONTENT="put" WC="0.66" CC="063"/>
						<SP ID="P159_SP00156" HPOS="283" VPOS="746" WIDTH="13"/>
						<String ID="P159_ST00177" HPOS="296" VPOS="716" WIDTH="43" HEIGHT="23" CONTENT="her" WC="0.74" CC="007"/>
						<SP ID="P159_SP00157" HPOS="339" VPOS="746" WIDTH="13"/>
						<String ID="P159_ST00178" HPOS="352" VPOS="717" WIDTH="64" HEIGHT="22" CONTENT="hand" WC="0.81" CC="0340"/>
						<SP ID="P159_SP00158" HPOS="416" VPOS="746" WIDTH="13"/>
						<String ID="P159_ST00179" HPOS="429" VPOS="717" WIDTH="51" HEIGHT="23" CONTENT="into" WC="0.53" CC="2673"/>
						<SP ID="P159_SP00159" HPOS="480" VPOS="746" WIDTH="14"/>
						<String ID="P159_ST00180" HPOS="494" VPOS="717" WIDTH="36" HEIGHT="23" CONTENT="his" WC="0.83" CC="005"/>
						<SP ID="P159_SP00160" HPOS="530" VPOS="746" WIDTH="13"/>
						<String ID="P159_ST00181" HPOS="543" VPOS="718" WIDTH="84" HEIGHT="22" CONTENT="bosom" WC="0.71" CC="05530"/>
						<SP ID="P159_SP00161" HPOS="627" VPOS="746" WIDTH="9"/>
						<String ID="P159_ST00182" HPOS="636" VPOS="725" WIDTH="6" HEIGHT="15" CONTENT=":" WC="1.00" CC="0"/>
						<SP ID="P159_SP00162" HPOS="642" VPOS="746" WIDTH="18"/>
						<String ID="P159_ST00183" HPOS="660" VPOS="717" WIDTH="29" HEIGHT="22" CONTENT="he" WC="0.75" CC="50"/>
						<SP ID="P159_SP00163" HPOS="689" VPOS="746" WIDTH="13"/>
						<String ID="P159_ST00184" HPOS="702" VPOS="717" WIDTH="133" HEIGHT="23" CONTENT="submitted" WC="0.75" CC="530103260"/>
						<SP ID="P159_SP00164" HPOS="835" VPOS="746" WIDTH="9"/>
						<String ID="P159_ST00185" HPOS="844" VPOS="727" WIDTH="5" HEIGHT="16" CONTENT=";" WC="0.76" CC="2"/>
						<SP ID="P159_SP00165" HPOS="849" VPOS="746" WIDTH="19"/>
						<String ID="P159_ST00186" HPOS="868" VPOS="717" WIDTH="41" HEIGHT="23" CONTENT="the" WC="0.69" CC="620"/>
					</TextLine>
					<TextLine ID="P159_TL00020" HPOS="66" VPOS="749" WIDTH="844" HEIGHT="31">
						<String ID="P159_ST00187" HPOS="66" VPOS="749" WIDTH="65" HEIGHT="23" CONTENT="hand" WC="0.80" CC="0700"/>
						<SP ID="P159_SP00166" HPOS="131" VPOS="772" WIDTH="18"/>
						<String ID="P159_ST00188" HPOS="149" VPOS="750" WIDTH="120" HEIGHT="30" CONTENT="stealthily" WC="0.69" CC="9700004180"/>
						<SP ID="P159_SP00167" HPOS="269" VPOS="780" WIDTH="16"/>
						<String ID="P159_ST00189" HPOS="285" VPOS="751" WIDTH="125" HEIGHT="29" CONTENT="conveyed" WC="0.73" CC="05680000"/>
						<SP ID="P159_SP00168" HPOS="410" VPOS="780" WIDTH="14"/>
						<String ID="P159_ST00190" HPOS="424" VPOS="758" WIDTH="14" HEIGHT="15" CONTENT="a" WC="1.00" CC="0"/>
						<SP ID="P159_SP00169" HPOS="438" VPOS="780" WIDTH="12"/>
						<String ID="P159_ST00191" HPOS="450" VPOS="758" WIDTH="80" HEIGHT="22" CONTENT="purse," WC="0.75" CC="060701"/>
						<SP ID="P159_SP00170" HPOS="530" VPOS="780" WIDTH="21"/>
						<String ID="P159_ST00192" HPOS="551" VPOS="750" WIDTH="114" HEIGHT="23" CONTENT="intended" WC="0.78" CC="22408000"/>
						<SP ID="P159_SP00171" HPOS="665" VPOS="780" WIDTH="18"/>
						<String ID="P159_ST00193" HPOS="683" VPOS="749" WIDTH="39" HEIGHT="24" CONTENT="for" WC="0.74" CC="043"/>
						<SP ID="P159_SP00172" HPOS="722" VPOS="780" WIDTH="18"/>
						<String ID="P159_ST00194" HPOS="740" VPOS="751" WIDTH="36" HEIGHT="22" CONTENT="his" WC="0.55" CC="606"/>
						<SP ID="P159_SP00173" HPOS="776" VPOS="780" WIDTH="18"/>
						<String ID="P159_ST00195" HPOS="794" VPOS="758" WIDTH="55" HEIGHT="15" CONTENT="own" WC="0.61" CC="308"/>
						<SP ID="P159_SP00174" HPOS="849" VPOS="780" WIDTH="19"/>
						<String ID="P159_ST00196" HPOS="868" VPOS="758" WIDTH="42" HEIGHT="15" CONTENT="ne" SUBS_TYPE="HypPart1" SUBS_CONTENT="necessities" WC="0.82" CC="500"/>
						<HYP CONTENT="-"/>
					</TextLine>
					<TextLine ID="P159_TL00021" HPOS="66" VPOS="784" WIDTH="844" HEIGHT="30">
						<String ID="P159_ST00197" HPOS="66" VPOS="784" WIDTH="107" HEIGHT="22" CONTENT="cessities" SUBS_TYPE="HypPart2" SUBS_CONTENT="necessities" WC="0.64" CC="006624614"/>
						<SP ID="P159_SP00175" HPOS="173" VPOS="806" WIDTH="11"/>
						<String ID="P159_ST00198" HPOS="184" VPOS="793" WIDTH="5" HEIGHT="17" CONTENT=";" WC="1.00" CC="0"/>
						<SP ID="P159_SP00176" HPOS="189" VPOS="810" WIDTH="18"/>
						<String ID="P159_ST00199" HPOS="207" VPOS="784" WIDTH="45" HEIGHT="22" CONTENT="but" WC="0.90" CC="110"/>
						<SP ID="P159_SP00177" HPOS="252" VPOS="810" WIDTH="13"/>
						<String ID="P159_ST00200" HPOS="265" VPOS="784" WIDTH="105" HEIGHT="22" CONTENT="William" WC="0.73" CC="0056700"/>
						<SP ID="P159_SP00178" HPOS="370" VPOS="810" WIDTH="21"/>
						<String ID="P159_ST00201" HPOS="391" VPOS="784" WIDTH="47" HEIGHT="22" CONTENT="had" WC="0.61" CC="650"/>
						<SP ID="P159_SP00179" HPOS="438" VPOS="810" WIDTH="19"/>
						<String ID="P159_ST00202" HPOS="457" VPOS="792" WIDTH="27" HEIGHT="14" CONTENT="or" WC="0.40" CC="47"/>
						<SP ID="P159_SP00180" HPOS="484" VPOS="810" WIDTH="18"/>
						<String ID="P159_ST00203" HPOS="502" VPOS="784" WIDTH="70" HEIGHT="22" CONTENT="knew" WC="0.76" CC="0360"/>
						<SP ID="P159_SP00181" HPOS="572" VPOS="810" WIDTH="18"/>
						<String ID="P159_ST00204" HPOS="590" VPOS="784" WIDTH="29" HEIGHT="22" CONTENT="of" WC="0.71" CC="41"/>
						<SP ID="P159_SP00182" HPOS="619" VPOS="810" WIDTH="9"/>
						<String ID="P159_ST00205" HPOS="628" VPOS="791" WIDTH="72" HEIGHT="20" CONTENT="none," WC="0.77" CC="73000"/>
						<SP ID="P159_SP00183" HPOS="700" VPOS="811" WIDTH="18"/>
						<String ID="P159_ST00206" HPOS="718" VPOS="791" WIDTH="26" HEIGHT="15" CONTENT="so" WC="0.19" CC="69"/>
						<SP ID="P159_SP00184" HPOS="744" VPOS="811" WIDTH="20"/>
						<String ID="P159_ST00207" HPOS="764" VPOS="784" WIDTH="30" HEIGHT="22" CONTENT="he" WC="0.95" CC="10"/>
						<SP ID="P159_SP00185" HPOS="794" VPOS="811" WIDTH="19"/>
						<String ID="P159_ST00208" HPOS="813" VPOS="784" WIDTH="97" HEIGHT="30" CONTENT="applied" WC="0.99" CC="0000000"/>
					</TextLine>
					<TextLine ID="P159_TL00022" HPOS="67" VPOS="817" WIDTH="843" HEIGHT="31">
						<String ID="P159_ST00209" HPOS="67" VPOS="817" WIDTH="42" HEIGHT="22" CONTENT="the" WC="0.80" CC="050"/>
						<SP ID="P159_SP00186" HPOS="109" VPOS="839" WIDTH="12"/>
						<String ID="P159_ST00210" HPOS="121" VPOS="817" WIDTH="47" HEIGHT="31" CONTENT="gift" WC="0.67" CC="0335"/>
						<SP ID="P159_SP00187" HPOS="168" VPOS="848" WIDTH="13"/>
						<String ID="P159_ST00211" HPOS="181" VPOS="820" WIDTH="24" HEIGHT="19" CONTENT="to" WC="0.69" CC="06"/>
						<SP ID="P159_SP00188" HPOS="205" VPOS="848" WIDTH="19"/>
						<String ID="P159_ST00212" HPOS="224" VPOS="817" WIDTH="73" HEIGHT="22" CONTENT="adorn" WC="0.79" CC="40006"/>
						<SP ID="P159_SP00189" HPOS="297" VPOS="848" WIDTH="16"/>
						<String ID="P159_ST00213" HPOS="313" VPOS="817" WIDTH="36" HEIGHT="22" CONTENT="his" WC="0.51" CC="950"/>
						<SP ID="P159_SP00190" HPOS="349" VPOS="848" WIDTH="17"/>
						<String ID="P159_ST00214" HPOS="366" VPOS="817" WIDTH="100" HEIGHT="22" CONTENT="church." WC="0.73" CC="0565000"/>
						<SP ID="P159_SP00191" HPOS="466" VPOS="848" WIDTH="36"/>
						<String ID="P159_ST00215" HPOS="502" VPOS="817" WIDTH="53" HEIGHT="22" CONTENT="The" WC="0.99" CC="000"/>
						<SP ID="P159_SP00192" HPOS="555" VPOS="848" WIDTH="18"/>
						<String ID="P159_ST00216" HPOS="573" VPOS="821" WIDTH="57" HEIGHT="18" CONTENT="next" WC="0.86" CC="5000"/>
						<SP ID="P159_SP00193" HPOS="630" VPOS="848" WIDTH="13"/>
						<String ID="P159_ST00217" HPOS="643" VPOS="817" WIDTH="146" HEIGHT="22" CONTENT="memorable" WC="0.70" CC="049050060"/>
						<SP ID="P159_SP00194" HPOS="789" VPOS="848" WIDTH="17"/>
						<String ID="P159_ST00218" HPOS="806" VPOS="821" WIDTH="72" HEIGHT="19" CONTENT="event" WC="0.82" CC="20060"/>
						<SP ID="P159_SP00195" HPOS="878" VPOS="848" WIDTH="12"/>
						<String ID="P159_ST00219" HPOS="890" VPOS="818" WIDTH="20" HEIGHT="22" CONTENT="is" WC="0.52" CC="63"/>
					</TextLine>
					<TextLine ID="P159_TL00023" HPOS="69" VPOS="850" WIDTH="839" HEIGHT="29">
						<String ID="P159_ST00220" HPOS="69" VPOS="850" WIDTH="41" HEIGHT="23" CONTENT="the" WC="0.71" CC="440"/>
						<SP ID="P159_SP00196" HPOS="110" VPOS="873" WIDTH="19"/>
						<String ID="P159_ST00221" HPOS="129" VPOS="850" WIDTH="129" HEIGHT="22" CONTENT="admission" WC="0.86" CC="000014006"/>
						<SP ID="P159_SP00197" HPOS="258" VPOS="873" WIDTH="21"/>
						<String ID="P159_ST00222" HPOS="279" VPOS="850" WIDTH="27" HEIGHT="23" CONTENT="of" WC="1.00" CC="00"/>
						<SP ID="P159_SP00198" HPOS="306" VPOS="873" WIDTH="13"/>
						<String ID="P159_ST00223" HPOS="319" VPOS="854" WIDTH="48" HEIGHT="18" CONTENT="two" WC="1.00" CC="000"/>
						<SP ID="P159_SP00199" HPOS="367" VPOS="873" WIDTH="21"/>
						<String ID="P159_ST00224" HPOS="388" VPOS="859" WIDTH="52" HEIGHT="14" CONTENT="new" WC="0.42" CC="709"/>
						<SP ID="P159_SP00200" HPOS="440" VPOS="873" WIDTH="18"/>
						<String ID="P159_ST00225" HPOS="458" VPOS="851" WIDTH="126" HEIGHT="27" CONTENT="members," WC="0.82" CC="00006070"/>
						<SP ID="P159_SP00201" HPOS="584" VPOS="878" WIDTH="15"/>
						<String ID="P159_ST00226" HPOS="599" VPOS="850" WIDTH="94" HEIGHT="23" CONTENT="Walter" WC="0.88" CC="000105"/>
						<SP ID="P159_SP00202" HPOS="693" VPOS="878" WIDTH="19"/>
						<String ID="P159_ST00227" HPOS="712" VPOS="850" WIDTH="30" HEIGHT="23" CONTENT="de" WC="1.00" CC="00"/>
						<SP ID="P159_SP00203" HPOS="742" VPOS="878" WIDTH="13"/>
						<String ID="P159_ST00228" HPOS="755" VPOS="850" WIDTH="153" HEIGHT="29" CONTENT="Gloucester," WC="0.75" CC="30053045030"/>
					</TextLine>
					<TextLine ID="P159_TL00024" HPOS="70" VPOS="883" WIDTH="840" HEIGHT="32">
						<String ID="P159_ST00229" HPOS="70" VPOS="883" WIDTH="48" HEIGHT="23" CONTENT="earl" WC="0.79" CC="7000"/>
						<SP ID="P159_SP00204" HPOS="118" VPOS="906" WIDTH="19"/>
						<String ID="P159_ST00230" HPOS="137" VPOS="883" WIDTH="27" HEIGHT="23" CONTENT="of" WC="1.00" CC="00"/>
						<SP ID="P159_SP00205" HPOS="164" VPOS="906" WIDTH="20"/>
						<String ID="P159_ST00231" HPOS="184" VPOS="883" WIDTH="120" HEIGHT="23" CONTENT="Hereford" WC="0.73" CC="02503440"/>
						<SP ID="P159_SP00206" HPOS="304" VPOS="906" WIDTH="25"/>
						<String ID="P159_ST00232" HPOS="329" VPOS="884" WIDTH="47" HEIGHT="22" CONTENT="and" WC="0.83" CC="050"/>
						<SP ID="P159_SP00207" HPOS="376" VPOS="906" WIDTH="21"/>
						<String ID="P159_ST00233" HPOS="397" VPOS="884" WIDTH="124" HEIGHT="23" CONTENT="constable" WC="0.59" CC="075640750"/>
						<SP ID="P159_SP00208" HPOS="521" VPOS="907" WIDTH="22"/>
						<String ID="P159_ST00234" HPOS="543" VPOS="884" WIDTH="27" HEIGHT="23" CONTENT="of" WC="0.82" CC="30"/>
						<SP ID="P159_SP00209" HPOS="570" VPOS="907" WIDTH="16"/>
						<String ID="P159_ST00235" HPOS="586" VPOS="884" WIDTH="121" HEIGHT="31" CONTENT="England," WC="0.72" CC="06050702"/>
						<SP ID="P159_SP00210" HPOS="707" VPOS="915" WIDTH="20"/>
						<String ID="P159_ST00236" HPOS="727" VPOS="884" WIDTH="40" HEIGHT="22" CONTENT="the" WC="1.00" CC="000"/>
						<SP ID="P159_SP00211" HPOS="767" VPOS="915" WIDTH="21"/>
						<String ID="P159_ST00237" HPOS="788" VPOS="892" WIDTH="54" HEIGHT="19" CONTENT="one," WC="0.83" CC="0600"/>
						<SP ID="P159_SP00212" HPOS="842" VPOS="915" WIDTH="19"/>
						<String ID="P159_ST00238" HPOS="861" VPOS="885" WIDTH="49" HEIGHT="23" CONTENT="and" WC="0.89" CC="030"/>
					</TextLine>
					<TextLine ID="P159_TL00025" HPOS="70" VPOS="917" WIDTH="376" HEIGHT="22">
						<String ID="P159_ST00239" HPOS="70" VPOS="917" WIDTH="95" HEIGHT="22" CONTENT="Robert" WC="0.84" CC="005030"/>
						<SP ID="P159_SP00213" HPOS="165" VPOS="939" WIDTH="13"/>
						<String ID="P159_ST00240" HPOS="178" VPOS="917" WIDTH="30" HEIGHT="22" CONTENT="de" WC="1.00" CC="00"/>
						<SP ID="P159_SP00214" HPOS="208" VPOS="939" WIDTH="15"/>
						<String ID="P159_ST00241" HPOS="223" VPOS="917" WIDTH="79" HEIGHT="22" CONTENT="Betun" WC="0.65" CC="00655"/>
						<SP ID="P159_SP00215" HPOS="302" VPOS="939" WIDTH="15"/>
						<String ID="P159_ST00242" HPOS="317" VPOS="918" WIDTH="40" HEIGHT="21" CONTENT="the" WC="0.64" CC="640"/>
						<SP ID="P159_SP00216" HPOS="357" VPOS="939" WIDTH="13"/>
						<String ID="P159_ST00243" HPOS="370" VPOS="918" WIDTH="76" HEIGHT="21" CONTENT="other." WC="0.89" CC="002040"/>
					</TextLine>
				</TextBlock>
				<TextBlock ID="P159_TB00004" HPOS="64" VPOS="950" WIDTH="846" HEIGHT="604" STYLEREFS="TXT_0 PAR_LEFT">
					<TextLine ID="P159_TL00026" HPOS="120" VPOS="951" WIDTH="789" HEIGHT="29">
						<String ID="P159_ST00244" HPOS="120" VPOS="951" WIDTH="80" HEIGHT="23" CONTENT="There" WC="0.97" CC="00100"/>
						<SP ID="P159_SP00217" HPOS="200" VPOS="974" WIDTH="14"/>
						<String ID="P159_ST00245" HPOS="214" VPOS="952" WIDTH="19" HEIGHT="22" CONTENT="is" WC="0.29" CC="76"/>
						<SP ID="P159_SP00218" HPOS="233" VPOS="974" WIDTH="13"/>
						<String ID="P159_ST00246" HPOS="246" VPOS="959" WIDTH="29" HEIGHT="14" CONTENT="on" WC="1.00" CC="00"/>
						<SP ID="P159_SP00219" HPOS="275" VPOS="974" WIDTH="15"/>
						<String ID="P159_ST00247" HPOS="290" VPOS="952" WIDTH="84" HEIGHT="22" CONTENT="record" WC="0.80" CC="240040"/>
						<SP ID="P159_SP00220" HPOS="374" VPOS="974" WIDTH="15"/>
						<String ID="P159_ST00248" HPOS="389" VPOS="960" WIDTH="29" HEIGHT="14" CONTENT="an" WC="0.65" CC="06"/>
						<SP ID="P159_SP00221" HPOS="418" VPOS="974" WIDTH="14"/>
						<String ID="P159_ST00249" HPOS="432" VPOS="955" WIDTH="104" HEIGHT="20" CONTENT="account" WC="0.91" CC="0300100"/>
						<SP ID="P159_SP00222" HPOS="536" VPOS="975" WIDTH="13"/>
						<String ID="P159_ST00250" HPOS="549" VPOS="951" WIDTH="27" HEIGHT="24" CONTENT="of" WC="1.00" CC="00"/>
						<SP ID="P159_SP00223" HPOS="576" VPOS="975" WIDTH="9"/>
						<String ID="P159_ST00251" HPOS="585" VPOS="952" WIDTH="40" HEIGHT="22" CONTENT="the" WC="0.74" CC="700"/>
						<SP ID="P159_SP00224" HPOS="625" VPOS="975" WIDTH="13"/>
						<String ID="P159_ST00252" HPOS="638" VPOS="951" WIDTH="87" HEIGHT="23" CONTENT="arrival" WC="0.84" CC="5210000"/>
						<SP ID="P159_SP00225" HPOS="725" VPOS="975" WIDTH="14"/>
						<String ID="P159_ST00253" HPOS="739" VPOS="951" WIDTH="27" HEIGHT="23" CONTENT="of" WC="1.00" CC="00"/>
						<SP ID="P159_SP00226" HPOS="766" VPOS="975" WIDTH="11"/>
						<String ID="P159_ST00254" HPOS="777" VPOS="952" WIDTH="40" HEIGHT="22" CONTENT="the" WC="0.75" CC="070"/>
						<SP ID="P159_SP00227" HPOS="817" VPOS="975" WIDTH="13"/>
						<String ID="P159_ST00255" HPOS="830" VPOS="951" WIDTH="79" HEIGHT="29" CONTENT="latter," WC="0.71" CC="1006441"/>
					</TextLine>
					<TextLine ID="P159_TL00027" HPOS="67" VPOS="985" WIDTH="843" HEIGHT="31">
						<String ID="P159_ST00256" HPOS="67" VPOS="986" WIDTH="94" HEIGHT="22" CONTENT="written" WC="0.59" CC="9002626"/>
						<SP ID="P159_SP00228" HPOS="161" VPOS="1008" WIDTH="20"/>
						<String ID="P159_ST00257" HPOS="181" VPOS="985" WIDTH="31" HEIGHT="31" CONTENT="by" WC="0.65" CC="70"/>
						<SP ID="P159_SP00229" HPOS="212" VPOS="1016" WIDTH="21"/>
						<String ID="P159_ST00258" HPOS="233" VPOS="985" WIDTH="107" HEIGHT="22" CONTENT="William" WC="0.86" CC="0000009"/>
						<SP ID="P159_SP00230" HPOS="340" VPOS="1016" WIDTH="21"/>
						<String ID="P159_ST00259" HPOS="361" VPOS="986" WIDTH="30" HEIGHT="22" CONTENT="de" WC="1.00" CC="00"/>
						<SP ID="P159_SP00231" HPOS="391" VPOS="1016" WIDTH="22"/>
						<String ID="P159_ST00260" HPOS="413" VPOS="985" WIDTH="143" HEIGHT="31" CONTENT="Wycombe." WC="0.69" CC="00735530"/>
						<SP ID="P159_SP00232" HPOS="556" VPOS="1016" WIDTH="39"/>
						<String ID="P159_ST00261" HPOS="595" VPOS="988" WIDTH="13" HEIGHT="11" CONTENT='"' WC="0.66" CC="3"/>
						<SP ID="P159_SP00233" HPOS="608" VPOS="1016" WIDTH="12"/>
						<String ID="P159_ST00262" HPOS="620" VPOS="985" WIDTH="78" HEIGHT="22" CONTENT="When" WC="0.79" CC="0070"/>
						<SP ID="P159_SP00234" HPOS="698" VPOS="1016" WIDTH="23"/>
						<String ID="P159_ST00263" HPOS="721" VPOS="985" WIDTH="29" HEIGHT="23" CONTENT="he" WC="0.36" CC="66"/>
						<SP ID="P159_SP00235" HPOS="750" VPOS="1016" WIDTH="20"/>
						<String ID="P159_ST00264" HPOS="770" VPOS="986" WIDTH="94" HEIGHT="22" CONTENT="arrived" WC="0.64" CC="0351670"/>
						<SP ID="P159_SP00236" HPOS="864" VPOS="1016" WIDTH="22"/>
						<String ID="P159_ST00265" HPOS="886" VPOS="989" WIDTH="24" HEIGHT="20" CONTENT="at" WC="1.00" CC="00"/>
					</TextLine>
					<TextLine ID="P159_TL00028" HPOS="68" VPOS="1018" WIDTH="842" HEIGHT="31">
						<String ID="P159_ST00266" HPOS="68" VPOS="1020" WIDTH="40" HEIGHT="22" CONTENT="the" WC="0.63" CC="640"/>
						<SP ID="P159_SP00237" HPOS="108" VPOS="1042" WIDTH="13"/>
						<String ID="P159_ST00267" HPOS="121" VPOS="1019" WIDTH="52" HEIGHT="23" CONTENT="foot" WC="0.87" CC="5000"/>
						<SP ID="P159_SP00238" HPOS="173" VPOS="1042" WIDTH="13"/>
						<String ID="P159_ST00268" HPOS="186" VPOS="1018" WIDTH="28" HEIGHT="24" CONTENT="of" WC="0.98" CC="00"/>
						<SP ID="P159_SP00239" HPOS="214" VPOS="1042" WIDTH="11"/>
						<String ID="P159_ST00269" HPOS="225" VPOS="1019" WIDTH="39" HEIGHT="23" CONTENT="the" WC="0.72" CC="070"/>
						<SP ID="P159_SP00240" HPOS="264" VPOS="1042" WIDTH="14"/>
						<String ID="P159_ST00270" HPOS="278" VPOS="1019" WIDTH="124" HEIGHT="23" CONTENT="mountain" WC="0.83" CC="10050006"/>
						<SP ID="P159_SP00241" HPOS="402" VPOS="1042" WIDTH="16"/>
						<String ID="P159_ST00271" HPOS="418" VPOS="1020" WIDTH="56" HEIGHT="29" CONTENT="they" WC="0.37" CC="7709"/>
						<SP ID="P159_SP00242" HPOS="474" VPOS="1049" WIDTH="11"/>
						<String ID="P159_ST00272" HPOS="485" VPOS="1019" WIDTH="46" HEIGHT="23" CONTENT="call" WC="0.70" CC="0145"/>
						<SP ID="P159_SP00243" HPOS="531" VPOS="1049" WIDTH="12"/>
						<String ID="P159_ST00273" HPOS="543" VPOS="1019" WIDTH="113" HEIGHT="29" CONTENT="Hatteril," WC="0.86" CC="403000400"/>
						<SP ID="P159_SP00244" HPOS="656" VPOS="1049" WIDTH="14"/>
						<String ID="P159_ST00274" HPOS="670" VPOS="1019" WIDTH="68" HEIGHT="30" CONTENT="night" WC="0.61" CC="41290"/>
						<SP ID="P159_SP00245" HPOS="738" VPOS="1049" WIDTH="13"/>
						<String ID="P159_ST00275" HPOS="751" VPOS="1019" WIDTH="47" HEIGHT="22" CONTENT="had" WC="0.65" CC="630"/>
						<SP ID="P159_SP00246" HPOS="798" VPOS="1049" WIDTH="13"/>
						<String ID="P159_ST00276" HPOS="811" VPOS="1019" WIDTH="99" HEIGHT="30" CONTENT="already" WC="0.90" CC="0501000"/>
					</TextLine>
					<TextLine ID="P159_TL00029" HPOS="67" VPOS="1053" WIDTH="843" HEIGHT="30">
						<String ID="P159_ST00277" HPOS="67" VPOS="1053" WIDTH="56" HEIGHT="23" CONTENT="shut" WC="0.75" CC="4005"/>
						<SP ID="P159_SP00247" HPOS="123" VPOS="1076" WIDTH="14"/>
						<String ID="P159_ST00278" HPOS="137" VPOS="1054" WIDTH="23" HEIGHT="22" CONTENT="in" WC="1.00" CC="00"/>
						<SP ID="P159_SP00248" HPOS="160" VPOS="1076" WIDTH="18"/>
						<String ID="P159_ST00279" HPOS="178" VPOS="1054" WIDTH="41" HEIGHT="22" CONTENT="the" WC="0.87" CC="030"/>
						<SP ID="P159_SP00249" HPOS="219" VPOS="1076" WIDTH="13"/>
						<String ID="P159_ST00280" HPOS="232" VPOS="1053" WIDTH="47" HEIGHT="30" CONTENT="day" WC="1.00" CC="000"/>
						<SP ID="P159_SP00250" HPOS="279" VPOS="1083" WIDTH="11"/>
						<String ID="P159_ST00281" HPOS="290" VPOS="1062" WIDTH="5" HEIGHT="17" CONTENT=";" WC="0.98" CC="0"/>
						<SP ID="P159_SP00251" HPOS="295" VPOS="1083" WIDTH="19"/>
						<String ID="P159_ST00282" HPOS="314" VPOS="1060" WIDTH="14" HEIGHT="15" CONTENT="a" WC="1.00" CC="0"/>
						<SP ID="P159_SP00252" HPOS="328" VPOS="1083" WIDTH="13"/>
						<String ID="P159_ST00283" HPOS="341" VPOS="1054" WIDTH="87" HEIGHT="29" CONTENT="wintry" WC="0.55" CC="008359"/>
						<SP ID="P159_SP00253" HPOS="428" VPOS="1083" WIDTH="13"/>
						<String ID="P159_ST00284" HPOS="441" VPOS="1061" WIDTH="66" HEIGHT="15" CONTENT="snow" WC="0.56" CC="0349"/>
						<SP ID="P159_SP00254" HPOS="507" VPOS="1083" WIDTH="14"/>
						<String ID="P159_ST00285" HPOS="521" VPOS="1053" WIDTH="102" HEIGHT="23" CONTENT="covered" WC="0.89" CC="4000200"/>
						<SP ID="P159_SP00255" HPOS="623" VPOS="1083" WIDTH="13"/>
						<String ID="P159_ST00286" HPOS="636" VPOS="1053" WIDTH="41" HEIGHT="23" CONTENT="the" WC="0.75" CC="061"/>
						<SP ID="P159_SP00256" HPOS="677" VPOS="1083" WIDTH="17"/>
						<String ID="P159_ST00287" HPOS="694" VPOS="1053" WIDTH="79" HEIGHT="23" CONTENT="roads." WC="0.80" CC="000290"/>
						<SP ID="P159_SP00257" HPOS="773" VPOS="1083" WIDTH="38"/>
						<String ID="P159_ST00288" HPOS="811" VPOS="1053" WIDTH="67" HEIGHT="23" CONTENT="With" WC="0.80" CC="0052"/>
						<SP ID="P159_SP00258" HPOS="878" VPOS="1083" WIDTH="18"/>
						<String ID="P159_ST00289" HPOS="896" VPOS="1060" WIDTH="14" HEIGHT="17" CONTENT="a" WC="0.01" CC="9"/>
					</TextLine>
					<TextLine ID="P159_TL00030" HPOS="67" VPOS="1086" WIDTH="843" HEIGHT="31">
						<String ID="P159_ST00290" HPOS="67" VPOS="1087" WIDTH="53" HEIGHT="23" CONTENT="soul" WC="0.70" CC="5060"/>
						<SP ID="P159_SP00259" HPOS="120" VPOS="1110" WIDTH="17"/>
						<String ID="P159_ST00291" HPOS="137" VPOS="1087" WIDTH="105" HEIGHT="30" CONTENT="glowing" WC="1.00" CC="0000000"/>
						<SP ID="P159_SP00260" HPOS="242" VPOS="1117" WIDTH="14"/>
						<String ID="P159_ST00292" HPOS="256" VPOS="1087" WIDTH="55" HEIGHT="22" CONTENT="with" WC="1.00" CC="0000"/>
						<SP ID="P159_SP00261" HPOS="311" VPOS="1117" WIDTH="19"/>
						<String ID="P159_ST00293" HPOS="330" VPOS="1087" WIDTH="115" HEIGHT="30" CONTENT="religious" WC="0.91" CC="120000003"/>
						<SP ID="P159_SP00262" HPOS="445" VPOS="1117" WIDTH="12"/>
						<String ID="P159_ST00294" HPOS="457" VPOS="1087" WIDTH="95" HEIGHT="27" CONTENT="ardour," WC="0.80" CC="7004010"/>
						<SP ID="P159_SP00263" HPOS="552" VPOS="1117" WIDTH="15"/>
						<String ID="P159_ST00295" HPOS="567" VPOS="1088" WIDTH="30" HEIGHT="22" CONTENT="he" WC="0.65" CC="60"/>
						<SP ID="P159_SP00264" HPOS="597" VPOS="1117" WIDTH="16"/>
						<String ID="P159_ST00296" HPOS="613" VPOS="1087" WIDTH="81" HEIGHT="23" CONTENT="leaves" WC="0.90" CC="000006"/>
						<SP ID="P159_SP00265" HPOS="694" VPOS="1117" WIDTH="12"/>
						<String ID="P159_ST00297" HPOS="706" VPOS="1086" WIDTH="90" HEIGHT="24" CONTENT="behind" WC="0.71" CC="050360"/>
						<SP ID="P159_SP00266" HPOS="796" VPOS="1117" WIDTH="14"/>
						<String ID="P159_ST00298" HPOS="810" VPOS="1087" WIDTH="50" HEIGHT="22" CONTENT="him" WC="0.48" CC="248"/>
						<SP ID="P159_SP00267" HPOS="860" VPOS="1117" WIDTH="13"/>
						<String ID="P159_ST00299" HPOS="873" VPOS="1087" WIDTH="37" HEIGHT="23" CONTENT="his" WC="0.35" CC="666"/>
					</TextLine>
					<TextLine ID="P159_TL00031" HPOS="67" VPOS="1120" WIDTH="843" HEIGHT="31">
						<String ID="P159_ST00300" HPOS="67" VPOS="1121" WIDTH="157" HEIGHT="30" CONTENT="companions" WC="0.78" CC="0000063524"/>
						<SP ID="P159_SP00268" HPOS="224" VPOS="1151" WIDTH="17"/>
						<String ID="P159_ST00301" HPOS="241" VPOS="1121" WIDTH="48" HEIGHT="22" CONTENT="and" WC="0.87" CC="030"/>
						<SP ID="P159_SP00269" HPOS="289" VPOS="1151" WIDTH="18"/>
						<String ID="P159_ST00302" HPOS="307" VPOS="1121" WIDTH="89" HEIGHT="27" CONTENT="horses," WC="0.80" CC="0006070"/>
						<SP ID="P159_SP00270" HPOS="396" VPOS="1151" WIDTH="14"/>
						<String ID="P159_ST00303" HPOS="410" VPOS="1121" WIDTH="88" HEIGHT="22" CONTENT="unable" WC="0.77" CC="260040"/>
						<SP ID="P159_SP00271" HPOS="498" VPOS="1151" WIDTH="18"/>
						<String ID="P159_ST00304" HPOS="516" VPOS="1125" WIDTH="24" HEIGHT="18" CONTENT="to" WC="1.00" CC="00"/>
						<SP ID="P159_SP00272" HPOS="540" VPOS="1151" WIDTH="19"/>
						<String ID="P159_ST00305" HPOS="559" VPOS="1128" WIDTH="65" HEIGHT="16" CONTENT="cross" WC="0.65" CC="00673"/>
						<SP ID="P159_SP00273" HPOS="624" VPOS="1151" WIDTH="17"/>
						<String ID="P159_ST00306" HPOS="641" VPOS="1121" WIDTH="41" HEIGHT="22" CONTENT="the" WC="1.00" CC="000"/>
						<SP ID="P159_SP00274" HPOS="682" VPOS="1151" WIDTH="19"/>
						<String ID="P159_ST00307" HPOS="701" VPOS="1121" WIDTH="131" HEIGHT="22" CONTENT="mountain." WC="0.61" CC="957532000"/>
						<SP ID="P159_SP00275" HPOS="832" VPOS="1151" WIDTH="38"/>
						<String ID="P159_ST00308" HPOS="870" VPOS="1120" WIDTH="40" HEIGHT="23" CONTENT="He" WC="0.66" CC="60"/>
					</TextLine>
					<TextLine ID="P159_TL00032" HPOS="67" VPOS="1154" WIDTH="843" HEIGHT="30">
						<String ID="P159_ST00309" HPOS="67" VPOS="1154" WIDTH="77" HEIGHT="23" CONTENT="draws" WC="0.62" CC="10079"/>
						<SP ID="P159_SP00276" HPOS="144" VPOS="1177" WIDTH="18"/>
						<String ID="P159_ST00310" HPOS="162" VPOS="1154" WIDTH="36" HEIGHT="23" CONTENT="off" WC="1.00" CC="000"/>
						<SP ID="P159_SP00277" HPOS="198" VPOS="1177" WIDTH="14"/>
						<String ID="P159_ST00311" HPOS="212" VPOS="1154" WIDTH="36" HEIGHT="22" CONTENT="his" WC="0.62" CC="407"/>
						<SP ID="P159_SP00278" HPOS="248" VPOS="1177" WIDTH="13"/>
						<String ID="P159_ST00312" HPOS="261" VPOS="1154" WIDTH="70" HEIGHT="23" CONTENT="boots" WC="0.78" CC="04006"/>
						<SP ID="P159_SP00279" HPOS="331" VPOS="1177" WIDTH="17"/>
						<String ID="P159_ST00313" HPOS="348" VPOS="1154" WIDTH="48" HEIGHT="23" CONTENT="and" WC="0.85" CC="400"/>
						<SP ID="P159_SP00280" HPOS="396" VPOS="1177" WIDTH="17"/>
						<String ID="P159_ST00314" HPOS="413" VPOS="1155" WIDTH="124" HEIGHT="22" CONTENT="abandons" WC="0.67" CC="16050066"/>
						<SP ID="P159_SP00281" HPOS="537" VPOS="1177" WIDTH="17"/>
						<String ID="P159_ST00315" HPOS="554" VPOS="1155" WIDTH="74" HEIGHT="22" CONTENT="them." WC="0.82" CC="05300"/>
						<SP ID="P159_SP00282" HPOS="628" VPOS="1177" WIDTH="37"/>
						<String ID="P159_ST00316" HPOS="665" VPOS="1154" WIDTH="52" HEIGHT="22" CONTENT="The" WC="0.78" CC="060"/>
						<SP ID="P159_SP00283" HPOS="717" VPOS="1177" WIDTH="19"/>
						<String ID="P159_ST00317" HPOS="736" VPOS="1154" WIDTH="113" HEIGHT="30" CONTENT="pathway" WC="0.77" CC="0060009"/>
						<SP ID="P159_SP00284" HPOS="849" VPOS="1184" WIDTH="15"/>
						<String ID="P159_ST00318" HPOS="864" VPOS="1161" WIDTH="46" HEIGHT="15" CONTENT="was" WC="0.76" CC="007"/>
					</TextLine>
					<TextLine ID="P159_TL00033" HPOS="67" VPOS="1187" WIDTH="843" HEIGHT="32">
						<String ID="P159_ST00319" HPOS="67" VPOS="1196" WIDTH="102" HEIGHT="19" CONTENT="narrow," WC="0.89" CC="5010001"/>
						<SP ID="P159_SP00285" HPOS="169" VPOS="1215" WIDTH="23"/>
						<String ID="P159_ST00320" HPOS="192" VPOS="1188" WIDTH="115" HEIGHT="30" CONTENT="winding," WC="0.71" CC="00500690"/>
						<SP ID="P159_SP00286" HPOS="307" VPOS="1218" WIDTH="20"/>
						<String ID="P159_ST00321" HPOS="327" VPOS="1189" WIDTH="77" HEIGHT="30" CONTENT="rough" WC="0.56" CC="52607"/>
						<SP ID="P159_SP00287" HPOS="404" VPOS="1219" WIDTH="21"/>
						<String ID="P159_ST00322" HPOS="425" VPOS="1189" WIDTH="56" HEIGHT="22" CONTENT="with" WC="0.84" CC="0005"/>
						<SP ID="P159_SP00288" HPOS="481" VPOS="1219" WIDTH="23"/>
						<String ID="P159_ST00323" HPOS="504" VPOS="1188" WIDTH="79" HEIGHT="27" CONTENT="rocks," WC="0.77" CC="520050"/>
						<SP ID="P159_SP00289" HPOS="583" VPOS="1219" WIDTH="23"/>
						<String ID="P159_ST00324" HPOS="606" VPOS="1188" WIDTH="46" HEIGHT="23" CONTENT="and" WC="0.77" CC="060"/>
						<SP ID="P159_SP00290" HPOS="652" VPOS="1219" WIDTH="20"/>
						<String ID="P159_ST00325" HPOS="672" VPOS="1187" WIDTH="64" HEIGHT="23" CONTENT="filled" WC="0.76" CC="000770"/>
						<SP ID="P159_SP00291" HPOS="736" VPOS="1219" WIDTH="21"/>
						<String ID="P159_ST00326" HPOS="757" VPOS="1187" WIDTH="57" HEIGHT="22" CONTENT="with" WC="0.79" CC="4004"/>
						<SP ID="P159_SP00292" HPOS="814" VPOS="1219" WIDTH="22"/>
						<String ID="P159_ST00327" HPOS="836" VPOS="1195" WIDTH="74" HEIGHT="15" CONTENT="snow." WC="0.72" CC="58000"/>
					</TextLine>
					<TextLine ID="P159_TL00034" HPOS="68" VPOS="1220" WIDTH="842" HEIGHT="33">
						<String ID="P159_ST00328" HPOS="68" VPOS="1220" WIDTH="39" HEIGHT="25" CONTENT="He" WC="0.73" CC="50"/>
						<SP ID="P159_SP00293" HPOS="107" VPOS="1245" WIDTH="21"/>
						<String ID="P159_ST00329" HPOS="128" VPOS="1222" WIDTH="100" HEIGHT="23" CONTENT="ascends" WC="0.81" CC="1402004"/>
						<SP ID="P159_SP00294" HPOS="228" VPOS="1245" WIDTH="19"/>
						<String ID="P159_ST00330" HPOS="247" VPOS="1222" WIDTH="93" HEIGHT="30" CONTENT="slowly," WC="0.72" CC="4409000"/>
						<SP ID="P159_SP00295" HPOS="340" VPOS="1252" WIDTH="20"/>
						<String ID="P159_ST00331" HPOS="360" VPOS="1223" WIDTH="121" HEIGHT="30" CONTENT="sounding" WC="0.67" CC="70640080"/>
						<SP ID="P159_SP00296" HPOS="481" VPOS="1253" WIDTH="21"/>
						<String ID="P159_ST00332" HPOS="502" VPOS="1223" WIDTH="51" HEIGHT="22" CONTENT="the'" WC="0.80" CC="0700"/>
						<SP ID="P159_SP00297" HPOS="553" VPOS="1253" WIDTH="12"/>
						<String ID="P159_ST00333" HPOS="565" VPOS="1222" WIDTH="58" HEIGHT="23" CONTENT="road" WC="0.83" CC="6000"/>
						<SP ID="P159_SP00298" HPOS="623" VPOS="1253" WIDTH="20"/>
						<String ID="P159_ST00334" HPOS="643" VPOS="1222" WIDTH="55" HEIGHT="22" CONTENT="with" WC="0.58" CC="9500"/>
						<SP ID="P159_SP00299" HPOS="698" VPOS="1253" WIDTH="23"/>
						<String ID="P159_ST00335" HPOS="721" VPOS="1221" WIDTH="36" HEIGHT="21" CONTENT="his" WC="0.35" CC="648"/>
						<SP ID="P159_SP00300" HPOS="757" VPOS="1253" WIDTH="19"/>
						<String ID="P159_ST00336" HPOS="776" VPOS="1220" WIDTH="61" HEIGHT="22" CONTENT="staff." WC="0.72" CC="907000"/>
						<SP ID="P159_SP00301" HPOS="837" VPOS="1253" WIDTH="37"/>
						<String ID="P159_ST00337" HPOS="874" VPOS="1221" WIDTH="36" HEIGHT="22" CONTENT="As" WC="0.69" CC="06"/>
					</TextLine>
					<TextLine ID="P159_TL00035" HPOS="66" VPOS="1253" WIDTH="843" HEIGHT="33">
						<String ID="P159_ST00338" HPOS="66" VPOS="1255" WIDTH="64" HEIGHT="23" CONTENT="often" WC="0.72" CC="34302"/>
						<SP ID="P159_SP00302" HPOS="130" VPOS="1278" WIDTH="20"/>
						<String ID="P159_ST00339" HPOS="150" VPOS="1264" WIDTH="25" HEIGHT="15" CONTENT="as" WC="0.84" CC="03"/>
						<SP ID="P159_SP00303" HPOS="175" VPOS="1279" WIDTH="19"/>
						<String ID="P159_ST00340" HPOS="194" VPOS="1256" WIDTH="41" HEIGHT="23" CONTENT="the" WC="1.00" CC="000"/>
						<SP ID="P159_SP00304" HPOS="235" VPOS="1279" WIDTH="18"/>
						<String ID="P159_ST00341" HPOS="253" VPOS="1264" WIDTH="66" HEIGHT="14" CONTENT="snow" WC="0.38" CC="6529"/>
						<SP ID="P159_SP00305" HPOS="319" VPOS="1279" WIDTH="18"/>
						<String ID="P159_ST00342" HPOS="337" VPOS="1256" WIDTH="110" HEIGHT="23" CONTENT="deceives" WC="0.87" CC="00004005"/>
						<SP ID="P159_SP00306" HPOS="447" VPOS="1279" WIDTH="17"/>
						<String ID="P159_ST00343" HPOS="464" VPOS="1257" WIDTH="37" HEIGHT="21" CONTENT="his" WC="0.58" CC="236"/>
						<SP ID="P159_SP00307" HPOS="501" VPOS="1279" WIDTH="18"/>
						<String ID="P159_ST00344" HPOS="519" VPOS="1255" WIDTH="118" HEIGHT="31" CONTENT="footsteps" WC="0.67" CC="060503606"/>
						<SP ID="P159_SP00308" HPOS="637" VPOS="1286" WIDTH="19"/>
						<String ID="P159_ST00345" HPOS="656" VPOS="1255" WIDTH="29" HEIGHT="22" CONTENT="he" WC="0.89" CC="20"/>
						<SP ID="P159_SP00309" HPOS="685" VPOS="1286" WIDTH="19"/>
						<String ID="P159_ST00346" HPOS="704" VPOS="1254" WIDTH="53" HEIGHT="23" CONTENT="falls" WC="0.58" CC="00739"/>
						<SP ID="P159_SP00310" HPOS="757" VPOS="1286" WIDTH="18"/>
						<String ID="P159_ST00347" HPOS="775" VPOS="1258" WIDTH="42" HEIGHT="18" CONTENT="out" WC="0.70" CC="052"/>
						<SP ID="P159_SP00311" HPOS="817" VPOS="1286" WIDTH="14"/>
						<String ID="P159_ST00348" HPOS="831" VPOS="1253" WIDTH="27" HEIGHT="23" CONTENT="of" WC="0.69" CC="06"/>
						<SP ID="P159_SP00312" HPOS="858" VPOS="1286" WIDTH="10"/>
						<String ID="P159_ST00349" HPOS="868" VPOS="1254" WIDTH="41" HEIGHT="23" CONTENT="the" WC="0.67" CC="540"/>
					</TextLine>
					<TextLine ID="P159_TL00036" HPOS="65" VPOS="1288" WIDTH="845" HEIGHT="32">
						<String ID="P159_ST00350" HPOS="65" VPOS="1290" WIDTH="122" HEIGHT="30" CONTENT="pathway," WC="0.79" CC="09070000"/>
						<SP ID="P159_SP00313" HPOS="187" VPOS="1320" WIDTH="20"/>
						<String ID="P159_ST00351" HPOS="207" VPOS="1290" WIDTH="59" HEIGHT="23" CONTENT="from" WC="0.75" CC="0009"/>
						<SP ID="P159_SP00314" HPOS="266" VPOS="1320" WIDTH="19"/>
						<String ID="P159_ST00352" HPOS="285" VPOS="1297" WIDTH="75" HEIGHT="15" CONTENT="worse" WC="0.82" CC="01070"/>
						<SP ID="P159_SP00315" HPOS="360" VPOS="1320" WIDTH="19"/>
						<String ID="P159_ST00353" HPOS="379" VPOS="1293" WIDTH="24" HEIGHT="19" CONTENT="to" WC="1.00" CC="00"/>
						<SP ID="P159_SP00316" HPOS="403" VPOS="1320" WIDTH="14"/>
						<String ID="P159_ST00354" HPOS="417" VPOS="1297" WIDTH="82" HEIGHT="19" CONTENT="worse," WC="0.80" CC="004600"/>
						<SP ID="P159_SP00317" HPOS="499" VPOS="1320" WIDTH="19"/>
						<String ID="P159_ST00355" HPOS="518" VPOS="1290" WIDTH="88" HEIGHT="30" CONTENT="rolling" WC="0.70" CC="7004250"/>
						<SP ID="P159_SP00318" HPOS="606" VPOS="1320" WIDTH="19"/>
						<String ID="P159_ST00356" HPOS="625" VPOS="1297" WIDTH="58" HEIGHT="14" CONTENT="over" WC="0.84" CC="1004"/>
						<SP ID="P159_SP00319" HPOS="683" VPOS="1320" WIDTH="17"/>
						<String ID="P159_ST00357" HPOS="700" VPOS="1288" WIDTH="46" HEIGHT="22" CONTENT="and" WC="0.99" CC="000"/>
						<SP ID="P159_SP00320" HPOS="746" VPOS="1320" WIDTH="18"/>
						<String ID="P159_ST00358" HPOS="764" VPOS="1296" WIDTH="63" HEIGHT="17" CONTENT="over," WC="0.60" CC="64061"/>
						<SP ID="P159_SP00321" HPOS="827" VPOS="1320" WIDTH="21"/>
						<String ID="P159_ST00359" HPOS="848" VPOS="1288" WIDTH="62" HEIGHT="23" CONTENT="until" WC="0.69" CC="07042"/>
					</TextLine>
					<TextLine ID="P159_TL00037" HPOS="65" VPOS="1321" WIDTH="845" HEIGHT="33">
						<String ID="P159_ST00360" HPOS="65" VPOS="1325" WIDTH="106" HEIGHT="22" CONTENT="arrested" WC="0.71" CC="04007450"/>
						<SP ID="P159_SP00322" HPOS="171" VPOS="1347" WIDTH="15"/>
						<String ID="P159_ST00361" HPOS="186" VPOS="1324" WIDTH="32" HEIGHT="30" CONTENT="by" WC="1.00" CC="00"/>
						<SP ID="P159_SP00323" HPOS="218" VPOS="1354" WIDTH="11"/>
						<String ID="P159_ST00362" HPOS="229" VPOS="1323" WIDTH="40" HEIGHT="23" CONTENT="the" WC="0.85" CC="130"/>
						<SP ID="P159_SP00324" HPOS="269" VPOS="1354" WIDTH="13"/>
						<String ID="P159_ST00363" HPOS="282" VPOS="1327" WIDTH="65" HEIGHT="18" CONTENT="roots" WC="0.77" CC="04006"/>
						<SP ID="P159_SP00325" HPOS="347" VPOS="1354" WIDTH="13"/>
						<String ID="P159_ST00364" HPOS="360" VPOS="1323" WIDTH="28" HEIGHT="23" CONTENT="of" WC="0.69" CC="06"/>
						<SP ID="P159_SP00326" HPOS="388" VPOS="1354" WIDTH="11"/>
						<String ID="P159_ST00365" HPOS="399" VPOS="1323" WIDTH="39" HEIGHT="23" CONTENT="the" WC="0.77" CC="060"/>
						<SP ID="P159_SP00327" HPOS="438" VPOS="1354" WIDTH="13"/>
						<String ID="P159_ST00366" HPOS="451" VPOS="1327" WIDTH="71" HEIGHT="19" CONTENT="trees." WC="0.75" CC="060430"/>
						<SP ID="P159_SP00328" HPOS="522" VPOS="1354" WIDTH="30"/>
						<String ID="P159_ST00367" HPOS="552" VPOS="1323" WIDTH="71" HEIGHT="23" CONTENT="After" WC="0.84" CC="05001"/>
						<SP ID="P159_SP00329" HPOS="623" VPOS="1354" WIDTH="13"/>
						<String ID="P159_ST00368" HPOS="636" VPOS="1331" WIDTH="14" HEIGHT="14" CONTENT="a" WC="1.00" CC="0"/>
						<SP ID="P159_SP00330" HPOS="650" VPOS="1354" WIDTH="12"/>
						<String ID="P159_ST00369" HPOS="662" VPOS="1322" WIDTH="67" HEIGHT="22" CONTENT="short" WC="0.50" CC="94136"/>
						<SP ID="P159_SP00331" HPOS="729" VPOS="1354" WIDTH="12"/>
						<String ID="P159_ST00370" HPOS="741" VPOS="1322" WIDTH="67" HEIGHT="26" CONTENT="time," WC="0.72" CC="00067"/>
						<SP ID="P159_SP00332" HPOS="808" VPOS="1354" WIDTH="12"/>
						<String ID="P159_ST00371" HPOS="820" VPOS="1321" WIDTH="90" HEIGHT="32" CONTENT="having" WC="0.33" CC="599068"/>
					</TextLine>
					<TextLine ID="P159_TL00038" HPOS="65" VPOS="1355" WIDTH="844" HEIGHT="32">
						<String ID="P159_ST00372" HPOS="65" VPOS="1358" WIDTH="116" HEIGHT="29" CONTENT="regained" WC="0.91" CC="30030000"/>
						<SP ID="P159_SP00333" HPOS="181" VPOS="1387" WIDTH="15"/>
						<String ID="P159_ST00373" HPOS="196" VPOS="1358" WIDTH="34" HEIGHT="22" CONTENT="his" WC="1.00" CC="000"/>
						<SP ID="P159_SP00334" HPOS="230" VPOS="1387" WIDTH="15"/>
						<String ID="P159_ST00374" HPOS="245" VPOS="1357" WIDTH="91" HEIGHT="26" CONTENT="breath," WC="0.78" CC="7140300"/>
						<SP ID="P159_SP00335" HPOS="336" VPOS="1387" WIDTH="15"/>
						<String ID="P159_ST00375" HPOS="351" VPOS="1357" WIDTH="29" HEIGHT="22" CONTENT="he" WC="0.78" CC="40"/>
						<SP ID="P159_SP00336" HPOS="380" VPOS="1387" WIDTH="13"/>
						<String ID="P159_ST00376" HPOS="393" VPOS="1358" WIDTH="117" HEIGHT="22" CONTENT="stretches" WC="0.76" CC="110100366"/>
						<SP ID="P159_SP00337" HPOS="510" VPOS="1387" WIDTH="13"/>
						<String ID="P159_ST00377" HPOS="523" VPOS="1361" WIDTH="43" HEIGHT="18" CONTENT="out" WC="0.88" CC="030"/>
						<SP ID="P159_SP00338" HPOS="566" VPOS="1387" WIDTH="13"/>
						<String ID="P159_ST00378" HPOS="579" VPOS="1357" WIDTH="35" HEIGHT="21" CONTENT="his" WC="1.00" CC="000"/>
						<SP ID="P159_SP00339" HPOS="614" VPOS="1387" WIDTH="13"/>
						<String ID="P159_ST00379" HPOS="627" VPOS="1364" WIDTH="72" HEIGHT="19" CONTENT="arms," WC="0.87" CC="00060"/>
						<SP ID="P159_SP00340" HPOS="699" VPOS="1387" WIDTH="13"/>
						<String ID="P159_ST00380" HPOS="712" VPOS="1355" WIDTH="48" HEIGHT="22" CONTENT="like" WC="1.00" CC="0000"/>
						<SP ID="P159_SP00341" HPOS="760" VPOS="1387" WIDTH="12"/>
						<String ID="P159_ST00381" HPOS="772" VPOS="1363" WIDTH="46" HEIGHT="14" CONTENT="one" WC="0.33" CC="775"/>
						<SP ID="P159_SP00342" HPOS="818" VPOS="1387" WIDTH="12"/>
						<String ID="P159_ST00382" HPOS="830" VPOS="1356" WIDTH="79" HEIGHT="22" CONTENT="swim" SUBS_TYPE="HypPart1" SUBS_CONTENT="swimming," WC="0.59" CC="79030"/>
						<HYP CONTENT="-"/>
					</TextLine>
					<TextLine ID="P159_TL00039" HPOS="66" VPOS="1389" WIDTH="843" HEIGHT="32">
						<String ID="P159_ST00383" HPOS="66" VPOS="1391" WIDTH="75" HEIGHT="30" CONTENT="ming," SUBS_TYPE="HypPart2" SUBS_CONTENT="swimming," WC="0.75" CC="50700"/>
						<SP ID="P159_SP00343" HPOS="141" VPOS="1421" WIDTH="11"/>
						<String ID="P159_ST00384" HPOS="152" VPOS="1391" WIDTH="55" HEIGHT="26" CONTENT="and," WC="0.90" CC="0300"/>
						<SP ID="P159_SP00344" HPOS="207" VPOS="1421" WIDTH="11"/>
						<String ID="P159_ST00385" HPOS="218" VPOS="1390" WIDTH="103" HEIGHT="30" CONTENT="shaking" WC="0.33" CC="6797167"/>
						<SP ID="P159_SP00345" HPOS="321" VPOS="1421" WIDTH="13"/>
						<String ID="P159_ST00386" HPOS="334" VPOS="1391" WIDTH="36" HEIGHT="22" CONTENT="off" WC="0.94" CC="100"/>
						<SP ID="P159_SP00346" HPOS="370" VPOS="1421" WIDTH="10"/>
						<String ID="P159_ST00387" HPOS="380" VPOS="1391" WIDTH="40" HEIGHT="22" CONTENT="the" WC="0.86" CC="400"/>
						<SP ID="P159_SP00347" HPOS="420" VPOS="1421" WIDTH="14"/>
						<String ID="P159_ST00388" HPOS="434" VPOS="1398" WIDTH="62" HEIGHT="15" CONTENT="mass" WC="0.57" CC="0294"/>
						<SP ID="P159_SP00348" HPOS="496" VPOS="1421" WIDTH="12"/>
						<String ID="P159_ST00389" HPOS="508" VPOS="1390" WIDTH="29" HEIGHT="23" CONTENT="of" WC="0.72" CC="50"/>
						<SP ID="P159_SP00349" HPOS="537" VPOS="1421" WIDTH="9"/>
						<String ID="P159_ST00390" HPOS="546" VPOS="1397" WIDTH="75" HEIGHT="20" CONTENT="snow," WC="0.71" CC="46200"/>
						<SP ID="P159_SP00350" HPOS="621" VPOS="1421" WIDTH="12"/>
						<String ID="P159_ST00391" HPOS="633" VPOS="1397" WIDTH="83" HEIGHT="22" CONTENT="creeps" WC="0.78" CC="000705"/>
						<SP ID="P159_SP00351" HPOS="716" VPOS="1421" WIDTH="12"/>
						<String ID="P159_ST00392" HPOS="728" VPOS="1397" WIDTH="30" HEIGHT="13" CONTENT="on" WC="0.64" CC="07"/>
						<SP ID="P159_SP00352" HPOS="758" VPOS="1421" WIDTH="16"/>
						<String ID="P159_ST00393" HPOS="774" VPOS="1389" WIDTH="75" HEIGHT="22" CONTENT="hands" WC="0.41" CC="64593"/>
						<SP ID="P159_SP00353" HPOS="849" VPOS="1421" WIDTH="12"/>
						<String ID="P159_ST00394" HPOS="861" VPOS="1389" WIDTH="48" HEIGHT="23" CONTENT="and" WC="0.79" CC="042"/>
					</TextLine>
					<TextLine ID="P159_TL00040" HPOS="67" VPOS="1422" WIDTH="841" HEIGHT="32">
						<String ID="P159_ST00395" HPOS="67" VPOS="1424" WIDTH="75" HEIGHT="23" CONTENT="knees" WC="0.69" CC="08006"/>
						<SP ID="P159_SP00354" HPOS="142" VPOS="1447" WIDTH="17"/>
						<String ID="P159_ST00396" HPOS="159" VPOS="1424" WIDTH="60" HEIGHT="23" CONTENT="until" WC="0.96" CC="00001"/>
						<SP ID="P159_SP00355" HPOS="219" VPOS="1447" WIDTH="20"/>
						<String ID="P159_ST00397" HPOS="239" VPOS="1424" WIDTH="30" HEIGHT="22" CONTENT="he" WC="0.75" CC="40"/>
						<SP ID="P159_SP00356" HPOS="269" VPOS="1447" WIDTH="17"/>
						<String ID="P159_ST00398" HPOS="286" VPOS="1427" WIDTH="138" HEIGHT="19" CONTENT="surmounts" WC="0.64" CC="574000364"/>
						<SP ID="P159_SP00357" HPOS="424" VPOS="1447" WIDTH="17"/>
						<String ID="P159_ST00399" HPOS="441" VPOS="1424" WIDTH="41" HEIGHT="23" CONTENT="the" WC="0.72" CC="061"/>
						<SP ID="P159_SP00358" HPOS="482" VPOS="1447" WIDTH="17"/>
						<String ID="P159_ST00400" HPOS="499" VPOS="1424" WIDTH="85" HEIGHT="30" CONTENT="height" WC="0.62" CC="404724"/>
						<SP ID="P159_SP00359" HPOS="584" VPOS="1454" WIDTH="11"/>
						<String ID="P159_ST00401" HPOS="595" VPOS="1423" WIDTH="47" HEIGHT="23" CONTENT="and" WC="0.78" CC="060"/>
						<SP ID="P159_SP00360" HPOS="642" VPOS="1454" WIDTH="17"/>
						<String ID="P159_ST00402" HPOS="659" VPOS="1430" WIDTH="111" HEIGHT="16" CONTENT="recovers" WC="0.73" CC="03040066"/>
						<SP ID="P159_SP00361" HPOS="770" VPOS="1454" WIDTH="17"/>
						<String ID="P159_ST00403" HPOS="787" VPOS="1422" WIDTH="40" HEIGHT="22" CONTENT="the" WC="0.67" CC="270"/>
						<SP ID="P159_SP00362" HPOS="827" VPOS="1454" WIDTH="16"/>
						<String ID="P159_ST00404" HPOS="843" VPOS="1422" WIDTH="65" HEIGHT="23" CONTENT="road." WC="0.94" CC="11000"/>
					</TextLine>
					<TextLine ID="P159_TL00041" HPOS="67" VPOS="1456" WIDTH="841" HEIGHT="30">
						<String ID="P159_ST00405" HPOS="67" VPOS="1458" WIDTH="29" HEIGHT="22" CONTENT="In" WC="0.46" CC="45"/>
						<SP ID="P159_SP00363" HPOS="96" VPOS="1480" WIDTH="13"/>
						<String ID="P159_ST00406" HPOS="109" VPOS="1458" WIDTH="49" HEIGHT="22" CONTENT="this" WC="0.59" CC="0446"/>
						<SP ID="P159_SP00364" HPOS="158" VPOS="1480" WIDTH="17"/>
						<String ID="P159_ST00407" HPOS="175" VPOS="1464" WIDTH="106" HEIGHT="20" CONTENT="manner," WC="0.81" CC="6030030"/>
						<SP ID="P159_SP00365" HPOS="281" VPOS="1484" WIDTH="15"/>
						<String ID="P159_ST00408" HPOS="296" VPOS="1460" WIDTH="43" HEIGHT="20" CONTENT="not" WC="0.62" CC="324"/>
						<SP ID="P159_SP00366" HPOS="339" VPOS="1484" WIDTH="12"/>
						<String ID="P159_ST00409" HPOS="351" VPOS="1464" WIDTH="68" HEIGHT="20" CONTENT="once," WC="0.86" CC="01050"/>
						<SP ID="P159_SP00367" HPOS="419" VPOS="1484" WIDTH="15"/>
						<String ID="P159_ST00410" HPOS="434" VPOS="1458" WIDTH="44" HEIGHT="22" CONTENT="but" WC="0.94" CC="100"/>
						<SP ID="P159_SP00368" HPOS="478" VPOS="1484" WIDTH="17"/>
						<String ID="P159_ST00411" HPOS="495" VPOS="1457" WIDTH="72" HEIGHT="27" CONTENT="often," WC="0.81" CC="005320"/>
						<SP ID="P159_SP00369" HPOS="567" VPOS="1484" WIDTH="17"/>
						<String ID="P159_ST00412" HPOS="584" VPOS="1458" WIDTH="30" HEIGHT="22" CONTENT="he" WC="0.76" CC="40"/>
						<SP ID="P159_SP00370" HPOS="614" VPOS="1484" WIDTH="19"/>
						<String ID="P159_ST00413" HPOS="633" VPOS="1456" WIDTH="41" HEIGHT="23" CONTENT="fell" WC="0.90" CC="1002"/>
						<SP ID="P159_SP00371" HPOS="674" VPOS="1484" WIDTH="19"/>
						<String ID="P159_ST00414" HPOS="693" VPOS="1457" WIDTH="45" HEIGHT="22" CONTENT="and" WC="0.67" CC="530"/>
						<SP ID="P159_SP00372" HPOS="738" VPOS="1484" WIDTH="20"/>
						<String ID="P159_ST00415" HPOS="758" VPOS="1463" WIDTH="52" HEIGHT="15" CONTENT="rose" WC="0.40" CC="4990"/>
						<SP ID="P159_SP00373" HPOS="810" VPOS="1484" WIDTH="19"/>
						<String ID="P159_ST00416" HPOS="829" VPOS="1456" WIDTH="79" HEIGHT="30" CONTENT="again." WC="0.91" CC="100102"/>
					</TextLine>
					<TextLine ID="P159_TL00042" HPOS="67" VPOS="1490" WIDTH="841" HEIGHT="27">
						<String ID="P159_ST00417" HPOS="67" VPOS="1491" WIDTH="59" HEIGHT="23" CONTENT="And" WC="0.65" CC="900"/>
						<SP ID="P159_SP00374" HPOS="126" VPOS="1514" WIDTH="22"/>
						<String ID="P159_ST00418" HPOS="148" VPOS="1499" WIDTH="54" HEIGHT="14" CONTENT="now" WC="0.75" CC="420"/>
						<SP ID="P159_SP00375" HPOS="202" VPOS="1514" WIDTH="18"/>
						<String ID="P159_ST00419" HPOS="220" VPOS="1495" WIDTH="24" HEIGHT="18" CONTENT="at" WC="0.44" CC="64"/>
						<SP ID="P159_SP00376" HPOS="244" VPOS="1514" WIDTH="19"/>
						<String ID="P159_ST00420" HPOS="263" VPOS="1491" WIDTH="45" HEIGHT="22" CONTENT="last" WC="0.69" CC="0407"/>
						<SP ID="P159_SP00377" HPOS="308" VPOS="1514" WIDTH="21"/>
						<String ID="P159_ST00421" HPOS="329" VPOS="1491" WIDTH="29" HEIGHT="22" CONTENT="he" WC="0.78" CC="40"/>
						<SP ID="P159_SP00378" HPOS="358" VPOS="1514" WIDTH="22"/>
						<String ID="P159_ST00422" HPOS="380" VPOS="1491" WIDTH="87" HEIGHT="22" CONTENT="attains" WC="0.86" CC="0010503"/>
						<SP ID="P159_SP00379" HPOS="467" VPOS="1514" WIDTH="22"/>
						<String ID="P159_ST00423" HPOS="489" VPOS="1491" WIDTH="40" HEIGHT="22" CONTENT="the" WC="0.65" CC="550"/>
						<SP ID="P159_SP00380" HPOS="529" VPOS="1514" WIDTH="21"/>
						<String ID="P159_ST00424" HPOS="550" VPOS="1491" WIDTH="99" HEIGHT="22" CONTENT="summit" WC="0.60" CC="335721"/>
						<SP ID="P159_SP00381" HPOS="649" VPOS="1514" WIDTH="18"/>
						<String ID="P159_ST00425" HPOS="667" VPOS="1490" WIDTH="27" HEIGHT="23" CONTENT="of" WC="0.83" CC="30"/>
						<SP ID="P159_SP00382" HPOS="694" VPOS="1514" WIDTH="19"/>
						<String ID="P159_ST00426" HPOS="713" VPOS="1491" WIDTH="40" HEIGHT="21" CONTENT="the" WC="0.82" CC="500"/>
						<SP ID="P159_SP00383" HPOS="753" VPOS="1514" WIDTH="22"/>
						<String ID="P159_ST00427" HPOS="775" VPOS="1490" WIDTH="133" HEIGHT="27" CONTENT="mountain," WC="0.52" CC="955372350"/>
					</TextLine>
					<TextLine ID="P159_TL00043" HPOS="65" VPOS="1523" WIDTH="841" HEIGHT="31">
						<String ID="P159_ST00428" HPOS="65" VPOS="1525" WIDTH="82" HEIGHT="23" CONTENT="where" WC="0.61" CC="90270"/>
						<SP ID="P159_SP00384" HPOS="147" VPOS="1548" WIDTH="18"/>
						<String ID="P159_ST00429" HPOS="165" VPOS="1525" WIDTH="42" HEIGHT="23" CONTENT="the" WC="0.99" CC="000"/>
						<SP ID="P159_SP00385" HPOS="207" VPOS="1548" WIDTH="18"/>
						<String ID="P159_ST00430" HPOS="225" VPOS="1524" WIDTH="100" HEIGHT="30" CONTENT="upright" WC="0.66" CC="6000961"/>
						<SP ID="P159_SP00386" HPOS="325" VPOS="1554" WIDTH="18"/>
						<String ID="P159_ST00431" HPOS="343" VPOS="1524" WIDTH="63" HEIGHT="23" CONTENT="shaft" WC="0.75" CC="51004"/>
						<SP ID="P159_SP00387" HPOS="406" VPOS="1554" WIDTH="18"/>
						<String ID="P159_ST00432" HPOS="424" VPOS="1524" WIDTH="27" HEIGHT="23" CONTENT="of" WC="1.00" CC="00"/>
						<SP ID="P159_SP00388" HPOS="451" VPOS="1554" WIDTH="13"/>
						<String ID="P159_ST00433" HPOS="464" VPOS="1532" WIDTH="15" HEIGHT="14" CONTENT="a" WC="1.00" CC="0"/>
						<SP ID="P159_SP00389" HPOS="479" VPOS="1554" WIDTH="18"/>
						<String ID="P159_ST00434" HPOS="497" VPOS="1532" WIDTH="65" HEIGHT="15" CONTENT="cross" WC="0.65" CC="05064"/>
						<SP ID="P159_SP00390" HPOS="562" VPOS="1554" WIDTH="22"/>
						<String ID="P159_ST00435" HPOS="584" VPOS="1524" WIDTH="71" HEIGHT="23" CONTENT="offers" WC="0.83" CC="500004"/>
						<SP ID="P159_SP00391" HPOS="655" VPOS="1554" WIDTH="17"/>
						<String ID="P159_ST00436" HPOS="672" VPOS="1532" WIDTH="15" HEIGHT="14" CONTENT="a" WC="0.51" CC="4"/>
						<SP ID="P159_SP00392" HPOS="687" VPOS="1554" WIDTH="18"/>
						<String ID="P159_ST00437" HPOS="705" VPOS="1524" WIDTH="67" HEIGHT="30" CONTENT="place" WC="0.69" CC="04055"/>
						<SP ID="P159_SP00393" HPOS="772" VPOS="1554" WIDTH="18"/>
						<String ID="P159_ST00438" HPOS="790" VPOS="1523" WIDTH="28" HEIGHT="23" CONTENT="of" WC="0.81" CC="30"/>
						<SP ID="P159_SP00394" HPOS="818" VPOS="1554" WIDTH="15"/>
						<String ID="P159_ST00439" HPOS="833" VPOS="1523" WIDTH="73" HEIGHT="23" CONTENT='rest."' WC="0.74" CC="106043"/>
					</TextLine>
				</TextBlock>
				<TextBlock ID="P159_TB00005" HPOS="753" VPOS="1562" WIDTH="17" HEIGHT="17" STYLEREFS="TXT_1 PAR_RIGHT">
					<TextLine ID="P159_TL00044" HPOS="755" VPOS="1564" WIDTH="15" HEIGHT="15">
						<String ID="P159_ST00440" HPOS="755" VPOS="1564" WIDTH="15" HEIGHT="15" CONTENT="H" WC="0.80" CC="1"/>
					</TextLine>
				</TextBlock>
			</PrintSpace>
		</Page>
	</Layout>
</alto>
