<?xml version="1.0" encoding="UTF-8"?>
<alto xmlns:xsi="http://www.w3.org/2001/XMLSchema-instance" xsi:noNamespaceSchemaLocation="http://www.bl.uk/schemas/alto/alto-1-4.xsd" xmlns:xlink="http://www.w3.org/1999/xlink">
	<Description>
		<MeasurementUnit>mm10</MeasurementUnit>
		<sourceImageInformation>
			<fileName>//head1/IN/2008-22/A0011651692/008398.jp2</fileName>
		</sourceImageInformation>
		<OCRProcessing ID="OCRPROCESSING_1">
			<preProcessingStep>
				<processingSoftware>
					<softwareCreator>CCS Content Conversion Specialists GmbH, Germany</softwareCreator>
					<softwareName>CCS docWORKS</softwareName>
					<softwareVersion>6.1-0.67</softwareVersion>
				</processingSoftware>
			</preProcessingStep>
			<ocrProcessingStep>
				<processingSoftware>
					<softwareCreator>ABBYY (BIT Software), Russia</softwareCreator>
					<softwareName>Finereader</softwareName>
				</processingSoftware>
			</ocrProcessingStep>
		</OCRProcessing>
	</Description>
	<Styles/>
	<Layout>
		<Page ID="P10" PHYSICAL_IMG_NR="10" HEIGHT="441" WIDTH="1032" POSITION="Left">
			<TopMargin ID="P10_TM00001" HPOS="0" VPOS="0" WIDTH="1032" HEIGHT="0"/>
			<LeftMargin ID="P10_LM00001" HPOS="0" VPOS="0" WIDTH="0" HEIGHT="441"/>
			<RightMargin ID="P10_RM00001" HPOS="1032" VPOS="0" WIDTH="0" HEIGHT="441"/>
			<BottomMargin ID="P10_BM00001" HPOS="0" VPOS="441" WIDTH="1032" HEIGHT="0"/>
			<PrintSpace ID="P10_PS00001" HPOS="0" VPOS="0" WIDTH="1032" HEIGHT="441"/>
		</Page>
	</Layout>
</alto>
