<?xml version="1.0" encoding="UTF-8"?>
<alto xmlns:xsi="http://www.w3.org/2001/XMLSchema-instance" xsi:noNamespaceSchemaLocation="http://www.bl.uk/schemas/alto/alto-1-4.xsd" xmlns:xlink="http://www.w3.org/1999/xlink">
	<Description>
		<MeasurementUnit>mm10</MeasurementUnit>
		<sourceImageInformation>
			<fileName>//head1/IN/2008-22/A0011651692/008422.jp2</fileName>
		</sourceImageInformation>
		<OCRProcessing ID="OCRPROCESSING_1">
			<preProcessingStep>
				<processingSoftware>
					<softwareCreator>CCS Content Conversion Specialists GmbH, Germany</softwareCreator>
					<softwareName>CCS docWORKS</softwareName>
					<softwareVersion>6.1-0.67</softwareVersion>
				</processingSoftware>
			</preProcessingStep>
			<ocrProcessingStep>
				<processingSoftware>
					<softwareCreator>ABBYY (BIT Software), Russia</softwareCreator>
					<softwareName>Finereader</softwareName>
				</processingSoftware>
			</ocrProcessingStep>
		</OCRProcessing>
	</Description>
	<Styles>
		<TextStyle ID="TXT_0" FONTSIZE="10" FONTFAMILY="Courier New"/>
		<TextStyle ID="TXT_1" FONTSIZE="9" FONTFAMILY="Courier New"/>
		<ParagraphStyle ID="PAR_LEFT" ALIGN="Left"/>
		<ParagraphStyle ID="PAR_CENTER" ALIGN="Center"/>
		<ParagraphStyle ID="PAR_RIGHT" ALIGN="Right"/>
	</Styles>
	<Layout>
		<Page ID="P34" PHYSICAL_IMG_NR="34" HEIGHT="1619" WIDTH="1023" PRINTED_IMG_NR="20" POSITION="Left" ACCURACY="80.13">
			<TopMargin ID="P34_TM00001" HPOS="0" VPOS="0" WIDTH="1022" HEIGHT="117">
				<TextBlock ID="P34_TB00001" HPOS="76" VPOS="91" WIDTH="32" HEIGHT="22" STYLEREFS="TXT_0 PAR_LEFT">
					<TextLine ID="P34_TL00001" HPOS="76" VPOS="91" WIDTH="32" HEIGHT="22">
						<String ID="P34_ST00001" HPOS="76" VPOS="91" WIDTH="32" HEIGHT="22" CONTENT="20" WC="1.00" CC="00"/>
					</TextLine>
				</TextBlock>
				<TextBlock ID="P34_TB00002" HPOS="435" VPOS="101" WIDTH="124" HEIGHT="16" STYLEREFS="TXT_1 PAR_CENTER">
					<TextLine ID="P34_TL00002" HPOS="435" VPOS="102" WIDTH="124" HEIGHT="15">
						<String ID="P34_ST00002" HPOS="435" VPOS="102" WIDTH="124" HEIGHT="15" CONTENT="BARDISM." WC="0.68" CC="00603780"/>
					</TextLine>
				</TextBlock>
			</TopMargin>
			<LeftMargin ID="P34_LM00001" HPOS="0" VPOS="115" WIDTH="71" HEIGHT="1405"/>
			<RightMargin ID="P34_RM00001" HPOS="925" VPOS="115" WIDTH="97" HEIGHT="1405"/>
			<BottomMargin ID="P34_BM00001" HPOS="0" VPOS="1520" WIDTH="1022" HEIGHT="98"/>
			<PrintSpace ID="P34_PS00001" HPOS="71" VPOS="115" WIDTH="854" HEIGHT="1405">
				<TextBlock ID="P34_TB00003" HPOS="71" VPOS="155" WIDTH="854" HEIGHT="1281" STYLEREFS="TXT_1 PAR_LEFT">
					<TextLine ID="P34_TL00003" HPOS="78" VPOS="156" WIDTH="843" HEIGHT="32">
						<String ID="P34_ST00003" HPOS="78" VPOS="157" WIDTH="84" HEIGHT="24" CONTENT="Bards." WC="0.43" CC="656950"/>
						<SP ID="P34_SP00001" HPOS="162" VPOS="181" WIDTH="39"/>
						<String ID="P34_ST00004" HPOS="201" VPOS="159" WIDTH="70" HEIGHT="22" CONTENT="Then" WC="0.97" CC="0001"/>
						<SP ID="P34_SP00002" HPOS="271" VPOS="181" WIDTH="20"/>
						<String ID="P34_ST00005" HPOS="291" VPOS="159" WIDTH="41" HEIGHT="24" CONTENT="the" WC="0.75" CC="070"/>
						<SP ID="P34_SP00003" HPOS="332" VPOS="183" WIDTH="18"/>
						<String ID="P34_ST00006" HPOS="350" VPOS="160" WIDTH="148" HEIGHT="23" CONTENT="exhibitions" WC="0.54" CC="79704034067"/>
						<SP ID="P34_SP00004" HPOS="498" VPOS="183" WIDTH="18"/>
						<String ID="P34_ST00007" HPOS="516" VPOS="167" WIDTH="63" HEIGHT="15" CONTENT="were" WC="0.83" CC="0060"/>
						<SP ID="P34_SP00005" HPOS="579" VPOS="183" WIDTH="21"/>
						<String ID="P34_ST00008" HPOS="600" VPOS="157" WIDTH="77" HEIGHT="24" CONTENT="called" WC="0.91" CC="000220"/>
						<SP ID="P34_SP00006" HPOS="677" VPOS="183" WIDTH="21"/>
						<String ID="P34_ST00009" HPOS="698" VPOS="156" WIDTH="43" HEIGHT="24" CONTENT="for." WC="0.83" CC="0240"/>
						<SP ID="P34_SP00007" HPOS="741" VPOS="183" WIDTH="37"/>
						<String ID="P34_ST00010" HPOS="778" VPOS="156" WIDTH="57" HEIGHT="32" CONTENT="Any" WC="0.78" CC="060"/>
						<SP ID="P34_SP00008" HPOS="835" VPOS="188" WIDTH="22"/>
						<String ID="P34_ST00011" HPOS="857" VPOS="157" WIDTH="64" HEIGHT="23" CONTENT="Bard" WC="0.93" CC="0200"/>
					</TextLine>
					<TextLine ID="P34_TL00004" HPOS="77" VPOS="191" WIDTH="844" HEIGHT="34">
						<String ID="P34_ST00012" HPOS="77" VPOS="192" WIDTH="53" HEIGHT="22" CONTENT="who" WC="1.00" CC="000"/>
						<SP ID="P34_SP00009" HPOS="130" VPOS="214" WIDTH="15"/>
						<String ID="P34_ST00013" HPOS="145" VPOS="192" WIDTH="44" HEIGHT="22" CONTENT="had" WC="1.00" CC="000"/>
						<SP ID="P34_SP00010" HPOS="189" VPOS="214" WIDTH="15"/>
						<String ID="P34_ST00014" HPOS="204" VPOS="193" WIDTH="117" HEIGHT="32" CONTENT="anything" WC="0.88" CC="00900000"/>
						<SP ID="P34_SP00011" HPOS="321" VPOS="225" WIDTH="14"/>
						<String ID="P34_ST00015" HPOS="335" VPOS="195" WIDTH="77" HEIGHT="22" CONTENT="which" WC="0.75" CC="00074"/>
						<SP ID="P34_SP00012" HPOS="412" VPOS="225" WIDTH="15"/>
						<String ID="P34_ST00016" HPOS="427" VPOS="195" WIDTH="30" HEIGHT="22" CONTENT="he" WC="0.96" CC="00"/>
						<SP ID="P34_SP00013" HPOS="457" VPOS="225" WIDTH="13"/>
						<String ID="P34_ST00017" HPOS="470" VPOS="193" WIDTH="90" HEIGHT="23" CONTENT="wished" WC="0.95" CC="020000"/>
						<SP ID="P34_SP00014" HPOS="560" VPOS="225" WIDTH="14"/>
						<String ID="P34_ST00018" HPOS="574" VPOS="197" WIDTH="25" HEIGHT="18" CONTENT="to" WC="0.77" CC="04"/>
						<SP ID="P34_SP00015" HPOS="599" VPOS="225" WIDTH="12"/>
						<String ID="P34_ST00019" HPOS="611" VPOS="191" WIDTH="102" HEIGHT="27" CONTENT="exhibit," WC="0.78" CC="70207000"/>
						<SP ID="P34_SP00016" HPOS="713" VPOS="225" WIDTH="15"/>
						<String ID="P34_ST00020" HPOS="728" VPOS="191" WIDTH="123" HEIGHT="23" CONTENT="exhibited" WC="0.73" CC="097300300"/>
						<SP ID="P34_SP00017" HPOS="851" VPOS="225" WIDTH="15"/>
						<String ID="P34_ST00021" HPOS="866" VPOS="192" WIDTH="18" HEIGHT="22" CONTENT="it" WC="1.00" CC="00"/>
						<SP ID="P34_SP00018" HPOS="884" VPOS="225" WIDTH="12"/>
						<String ID="P34_ST00022" HPOS="896" VPOS="195" WIDTH="25" HEIGHT="19" CONTENT="to" WC="0.55" CC="35"/>
					</TextLine>
					<TextLine ID="P34_TL00005" HPOS="76" VPOS="224" WIDTH="849" HEIGHT="34">
						<String ID="P34_ST00023" HPOS="76" VPOS="225" WIDTH="41" HEIGHT="23" CONTENT="the" WC="0.85" CC="040"/>
						<SP ID="P34_SP00019" HPOS="117" VPOS="248" WIDTH="25"/>
						<String ID="P34_ST00024" HPOS="142" VPOS="225" WIDTH="74" HEIGHT="28" CONTENT="chair," WC="0.65" CC="068130"/>
						<SP ID="P34_SP00020" HPOS="216" VPOS="253" WIDTH="22"/>
						<String ID="P34_ST00025" HPOS="238" VPOS="227" WIDTH="107" HEIGHT="23" CONTENT="whether" WC="0.84" CC="0001009"/>
						<SP ID="P34_SP00021" HPOS="345" VPOS="253" WIDTH="19"/>
						<String ID="P34_ST00026" HPOS="364" VPOS="232" WIDTH="94" HEIGHT="26" CONTENT="poetry," WC="0.70" CC="0005490"/>
						<SP ID="P34_SP00022" HPOS="458" VPOS="258" WIDTH="20"/>
						<String ID="P34_ST00027" HPOS="478" VPOS="225" WIDTH="165" HEIGHT="33" CONTENT="genealogical" WC="0.72" CC="901000005095"/>
						<SP ID="P34_SP00023" HPOS="643" VPOS="258" WIDTH="21"/>
						<String ID="P34_ST00028" HPOS="664" VPOS="225" WIDTH="65" HEIGHT="28" CONTENT="rolls," WC="0.63" CC="445070"/>
						<SP ID="P34_SP00024" HPOS="729" VPOS="258" WIDTH="18"/>
						<String ID="P34_ST00029" HPOS="747" VPOS="232" WIDTH="28" HEIGHT="15" CONTENT="or" WC="0.78" CC="12"/>
						<SP ID="P34_SP00025" HPOS="775" VPOS="258" WIDTH="20"/>
						<String ID="P34_ST00030" HPOS="795" VPOS="225" WIDTH="84" HEIGHT="22" CONTENT="record" WC="0.70" CC="570040"/>
						<SP ID="P34_SP00026" HPOS="879" VPOS="258" WIDTH="19"/>
						<String ID="P34_ST00031" HPOS="898" VPOS="224" WIDTH="27" HEIGHT="23" CONTENT="of" WC="0.17" CC="69"/>
					</TextLine>
					<TextLine ID="P34_TL00006" HPOS="77" VPOS="258" WIDTH="844" HEIGHT="34">
						<String ID="P34_ST00032" HPOS="77" VPOS="259" WIDTH="150" HEIGHT="24" CONTENT="honourable" WC="0.76" CC="6062040400"/>
						<SP ID="P34_SP00027" HPOS="227" VPOS="283" WIDTH="21"/>
						<String ID="P34_ST00033" HPOS="248" VPOS="261" WIDTH="174" HEIGHT="26" CONTENT="achievement," WC="0.80" CC="050000720502"/>
						<SP ID="P34_SP00028" HPOS="422" VPOS="287" WIDTH="21"/>
						<String ID="P34_ST00034" HPOS="443" VPOS="269" WIDTH="26" HEIGHT="14" CONTENT="or" WC="1.00" CC="00"/>
						<SP ID="P34_SP00029" HPOS="469" VPOS="287" WIDTH="20"/>
						<String ID="P34_ST00035" HPOS="489" VPOS="261" WIDTH="178" HEIGHT="31" CONTENT="improvement" WC="0.77" CC="00010558040"/>
						<SP ID="P34_SP00030" HPOS="667" VPOS="292" WIDTH="12"/>
						<String ID="P34_ST00036" HPOS="679" VPOS="258" WIDTH="23" HEIGHT="23" CONTENT="in" WC="0.70" CC="05"/>
						<SP ID="P34_SP00031" HPOS="702" VPOS="292" WIDTH="15"/>
						<String ID="P34_ST00037" HPOS="717" VPOS="258" WIDTH="143" HEIGHT="32" CONTENT="knowledge" WC="0.89" CC="031040000"/>
						<SP ID="P34_SP00032" HPOS="860" VPOS="292" WIDTH="13"/>
						<String ID="P34_ST00038" HPOS="873" VPOS="258" WIDTH="48" HEIGHT="23" CONTENT="and" WC="0.75" CC="070"/>
					</TextLine>
					<TextLine ID="P34_TL00007" HPOS="77" VPOS="293" WIDTH="844" HEIGHT="31">
						<String ID="P34_ST00039" HPOS="77" VPOS="293" WIDTH="104" HEIGHT="23" CONTENT="science." WC="0.76" CC="41076000"/>
						<SP ID="P34_SP00033" HPOS="181" VPOS="316" WIDTH="38"/>
						<String ID="P34_ST00040" HPOS="219" VPOS="293" WIDTH="71" HEIGHT="24" CONTENT="After" WC="0.82" CC="01205"/>
						<SP ID="P34_SP00034" HPOS="290" VPOS="317" WIDTH="20"/>
						<String ID="P34_ST00041" HPOS="310" VPOS="295" WIDTH="40" HEIGHT="23" CONTENT="the" WC="0.60" CC="560"/>
						<SP ID="P34_SP00035" HPOS="350" VPOS="318" WIDTH="22"/>
						<String ID="P34_ST00042" HPOS="372" VPOS="295" WIDTH="142" HEIGHT="26" CONTENT="exhibitors," WC="0.64" CC="08427510250"/>
						<SP ID="P34_SP00036" HPOS="514" VPOS="321" WIDTH="22"/>
						<String ID="P34_ST00043" HPOS="536" VPOS="293" WIDTH="100" HEIGHT="31" CONTENT="hearing" WC="0.63" CC="5200439"/>
						<SP ID="P34_SP00037" HPOS="636" VPOS="324" WIDTH="22"/>
						<String ID="P34_ST00044" HPOS="658" VPOS="300" WIDTH="48" HEIGHT="15" CONTENT="was" WC="0.44" CC="906"/>
						<SP ID="P34_SP00038" HPOS="706" VPOS="324" WIDTH="18"/>
						<String ID="P34_ST00045" HPOS="724" VPOS="293" WIDTH="72" HEIGHT="31" CONTENT="given" WC="0.95" CC="00020"/>
						<SP ID="P34_SP00039" HPOS="796" VPOS="324" WIDTH="22"/>
						<String ID="P34_ST00046" HPOS="818" VPOS="296" WIDTH="24" HEIGHT="19" CONTENT="to" WC="0.79" CC="04"/>
						<SP ID="P34_SP00040" HPOS="842" VPOS="324" WIDTH="19"/>
						<String ID="P34_ST00047" HPOS="861" VPOS="293" WIDTH="60" HEIGHT="23" CONTENT="such" WC="0.75" CC="1025"/>
					</TextLine>
					<TextLine ID="P34_TL00008" HPOS="77" VPOS="325" WIDTH="845" HEIGHT="33">
						<String ID="P34_ST00048" HPOS="77" VPOS="327" WIDTH="83" HEIGHT="22" CONTENT="claims" WC="0.70" CC="700505"/>
						<SP ID="P34_SP00041" HPOS="160" VPOS="349" WIDTH="12"/>
						<String ID="P34_ST00049" HPOS="172" VPOS="327" WIDTH="48" HEIGHT="23" CONTENT="and" WC="0.92" CC="020"/>
						<SP ID="P34_SP00042" HPOS="220" VPOS="350" WIDTH="13"/>
						<String ID="P34_ST00050" HPOS="233" VPOS="328" WIDTH="97" HEIGHT="30" CONTENT="appeals" WC="0.90" CC="0001050"/>
						<SP ID="P34_SP00043" HPOS="330" VPOS="358" WIDTH="13"/>
						<String ID="P34_ST00051" HPOS="343" VPOS="336" WIDTH="26" HEIGHT="16" CONTENT="as" WC="0.75" CC="05"/>
						<SP ID="P34_SP00044" HPOS="369" VPOS="358" WIDTH="13"/>
						<String ID="P34_ST00052" HPOS="382" VPOS="336" WIDTH="61" HEIGHT="15" CONTENT="were" WC="0.85" CC="0006"/>
						<SP ID="P34_SP00045" HPOS="443" VPOS="358" WIDTH="14"/>
						<String ID="P34_ST00053" HPOS="457" VPOS="328" WIDTH="107" HEIGHT="30" CONTENT="brought" WC="0.80" CC="3603000"/>
						<SP ID="P34_SP00046" HPOS="564" VPOS="358" WIDTH="20"/>
						<String ID="P34_ST00054" HPOS="584" VPOS="326" WIDTH="102" HEIGHT="23" CONTENT="forward" WC="0.89" CC="0320010"/>
						<String ID="P34_ST00055" HPOS="695" VPOS="336" WIDTH="6" HEIGHT="17" CONTENT=";" WC="1.00" CC="0"/>
						<SP ID="P34_SP00047" HPOS="701" VPOS="358" WIDTH="21"/>
						<String ID="P34_ST00056" HPOS="722" VPOS="326" WIDTH="47" HEIGHT="23" CONTENT="and" WC="0.98" CC="000"/>
						<SP ID="P34_SP00048" HPOS="769" VPOS="358" WIDTH="21"/>
						<String ID="P34_ST00057" HPOS="790" VPOS="325" WIDTH="61" HEIGHT="24" CONTENT="after" WC="0.59" CC="54054"/>
						<SP ID="P34_SP00049" HPOS="851" VPOS="358" WIDTH="18"/>
						<String ID="P34_ST00058" HPOS="869" VPOS="327" WIDTH="53" HEIGHT="22" CONTENT="that" WC="0.58" CC="0096"/>
					</TextLine>
					<TextLine ID="P34_TL00009" HPOS="77" VPOS="360" WIDTH="845" HEIGHT="31">
						<String ID="P34_ST00059" HPOS="77" VPOS="361" WIDTH="126" HEIGHT="30" CONTENT="dialogues" WC="0.78" CC="011050027"/>
						<SP ID="P34_SP00050" HPOS="203" VPOS="391" WIDTH="18"/>
						<String ID="P34_ST00060" HPOS="221" VPOS="362" WIDTH="47" HEIGHT="22" CONTENT="and" WC="1.00" CC="000"/>
						<SP ID="P34_SP00051" HPOS="268" VPOS="391" WIDTH="20"/>
						<String ID="P34_ST00061" HPOS="288" VPOS="362" WIDTH="242" HEIGHT="29" CONTENT="chair-disputations" WC="0.75" CC="623020065610002060"/>
						<SP ID="P34_SP00052" HPOS="530" VPOS="391" WIDTH="20"/>
						<String ID="P34_ST00062" HPOS="550" VPOS="361" WIDTH="149" HEIGHT="30" CONTENT="concerning" WC="0.71" CC="0070604270"/>
						<SP ID="P34_SP00053" HPOS="699" VPOS="391" WIDTH="20"/>
						<String ID="P34_ST00063" HPOS="719" VPOS="365" WIDTH="85" HEIGHT="26" CONTENT="poetry" WC="0.77" CC="304060"/>
						<SP ID="P34_SP00054" HPOS="804" VPOS="391" WIDTH="21"/>
						<String ID="P34_ST00064" HPOS="825" VPOS="360" WIDTH="47" HEIGHT="23" CONTENT="and" WC="0.86" CC="040"/>
						<SP ID="P34_SP00055" HPOS="872" VPOS="391" WIDTH="19"/>
						<String ID="P34_ST00065" HPOS="891" VPOS="361" WIDTH="31" HEIGHT="22" CONTENT="its" WC="0.81" CC="103"/>
					</TextLine>
					<TextLine ID="P34_TL00010" HPOS="78" VPOS="394" WIDTH="845" HEIGHT="32">
						<String ID="P34_ST00066" HPOS="78" VPOS="399" WIDTH="192" HEIGHT="26" CONTENT="appurtenances" WC="0.71" CC="0006505804007"/>
						<String ID="P34_ST00067" HPOS="279" VPOS="405" WIDTH="6" HEIGHT="17" CONTENT=";" WC="1.00" CC="0"/>
						<SP ID="P34_SP00056" HPOS="285" VPOS="425" WIDTH="25"/>
						<String ID="P34_ST00068" HPOS="310" VPOS="396" WIDTH="46" HEIGHT="22" CONTENT="and" WC="0.89" CC="030"/>
						<SP ID="P34_SP00057" HPOS="356" VPOS="425" WIDTH="21"/>
						<String ID="P34_ST00069" HPOS="377" VPOS="395" WIDTH="140" HEIGHT="23" CONTENT="afterwards" WC="0.84" CC="0050000306"/>
						<SP ID="P34_SP00058" HPOS="517" VPOS="425" WIDTH="22"/>
						<String ID="P34_ST00070" HPOS="539" VPOS="395" WIDTH="58" HEIGHT="31" CONTENT="they" WC="0.98" CC="0000"/>
						<SP ID="P34_SP00059" HPOS="597" VPOS="426" WIDTH="22"/>
						<String ID="P34_ST00071" HPOS="619" VPOS="394" WIDTH="135" HEIGHT="31" CONTENT="proceeded" WC="0.79" CC="071530000"/>
						<SP ID="P34_SP00060" HPOS="754" VPOS="426" WIDTH="26"/>
						<String ID="P34_ST00072" HPOS="780" VPOS="397" WIDTH="24" HEIGHT="19" CONTENT="to" WC="0.70" CC="05"/>
						<SP ID="P34_SP00061" HPOS="804" VPOS="426" WIDTH="25"/>
						<String ID="P34_ST00073" HPOS="829" VPOS="394" WIDTH="56" HEIGHT="23" CONTENT="hold" WC="0.93" CC="2000"/>
						<SP ID="P34_SP00062" HPOS="885" VPOS="426" WIDTH="23"/>
						<String ID="P34_ST00074" HPOS="908" VPOS="402" WIDTH="15" HEIGHT="15" CONTENT="a" WC="1.00" CC="0"/>
					</TextLine>
					<TextLine ID="P34_TL00011" HPOS="77" VPOS="428" WIDTH="846" HEIGHT="32">
						<String ID="P34_ST00075" HPOS="77" VPOS="429" WIDTH="95" HEIGHT="23" CONTENT="council" WC="0.86" CC="0004210"/>
						<SP ID="P34_SP00063" HPOS="172" VPOS="452" WIDTH="11"/>
						<String ID="P34_ST00076" HPOS="183" VPOS="429" WIDTH="28" HEIGHT="23" CONTENT="of" WC="0.81" CC="30"/>
						<SP ID="P34_SP00064" HPOS="211" VPOS="452" WIDTH="3"/>
						<String ID="P34_ST00077" HPOS="214" VPOS="429" WIDTH="132" HEIGHT="31" CONTENT="judgment" WC="0.88" CC="04000040"/>
						<SP ID="P34_SP00065" HPOS="346" VPOS="460" WIDTH="10"/>
						<String ID="P34_ST00078" HPOS="356" VPOS="436" WIDTH="65" HEIGHT="23" CONTENT="upon" WC="0.93" CC="0002"/>
						<SP ID="P34_SP00066" HPOS="421" VPOS="460" WIDTH="11"/>
						<String ID="P34_ST00079" HPOS="432" VPOS="429" WIDTH="40" HEIGHT="23" CONTENT="the" WC="0.90" CC="020"/>
						<SP ID="P34_SP00067" HPOS="472" VPOS="460" WIDTH="11"/>
						<String ID="P34_ST00080" HPOS="483" VPOS="429" WIDTH="82" HEIGHT="23" CONTENT="merits" WC="0.92" CC="000005"/>
						<SP ID="P34_SP00068" HPOS="565" VPOS="460" WIDTH="9"/>
						<String ID="P34_ST00081" HPOS="574" VPOS="428" WIDTH="26" HEIGHT="24" CONTENT="of" WC="0.96" CC="00"/>
						<SP ID="P34_SP00069" HPOS="600" VPOS="460" WIDTH="8"/>
						<String ID="P34_ST00082" HPOS="608" VPOS="429" WIDTH="63" HEIGHT="22" CONTENT="what" WC="0.87" CC="0005"/>
						<SP ID="P34_SP00070" HPOS="671" VPOS="460" WIDTH="10"/>
						<String ID="P34_ST00083" HPOS="681" VPOS="428" WIDTH="47" HEIGHT="23" CONTENT="had" WC="1.00" CC="000"/>
						<SP ID="P34_SP00071" HPOS="728" VPOS="460" WIDTH="13"/>
						<String ID="P34_ST00084" HPOS="741" VPOS="428" WIDTH="61" HEIGHT="23" CONTENT="been" WC="0.96" CC="0000"/>
						<SP ID="P34_SP00072" HPOS="802" VPOS="460" WIDTH="15"/>
						<String ID="P34_ST00085" HPOS="817" VPOS="428" WIDTH="106" HEIGHT="30" CONTENT="brought" WC="0.67" CC="0204870"/>
					</TextLine>
					<TextLine ID="P34_TL00012" HPOS="77" VPOS="462" WIDTH="846" HEIGHT="30">
						<String ID="P34_ST00086" HPOS="77" VPOS="463" WIDTH="84" HEIGHT="22" CONTENT="before" WC="0.88" CC="104020"/>
						<SP ID="P34_SP00073" HPOS="161" VPOS="485" WIDTH="13"/>
						<String ID="P34_ST00087" HPOS="174" VPOS="463" WIDTH="40" HEIGHT="22" CONTENT="the" WC="0.81" CC="050"/>
						<SP ID="P34_SP00074" HPOS="214" VPOS="485" WIDTH="14"/>
						<String ID="P34_ST00088" HPOS="228" VPOS="463" WIDTH="68" HEIGHT="22" CONTENT="chair" WC="0.93" CC="00003"/>
						<SP ID="P34_SP00075" HPOS="296" VPOS="485" WIDTH="12"/>
						<String ID="P34_ST00089" HPOS="308" VPOS="463" WIDTH="48" HEIGHT="22" CONTENT="and" WC="0.88" CC="030"/>
						<SP ID="P34_SP00076" HPOS="356" VPOS="485" WIDTH="17"/>
						<String ID="P34_ST00090" HPOS="373" VPOS="463" WIDTH="41" HEIGHT="22" CONTENT="the" WC="0.93" CC="020"/>
						<SP ID="P34_SP00077" HPOS="414" VPOS="485" WIDTH="14"/>
						<String ID="P34_ST00091" HPOS="428" VPOS="463" WIDTH="112" HEIGHT="23" CONTENT="Gorsedd" WC="0.73" CC="6029000"/>
						<SP ID="P34_SP00078" HPOS="540" VPOS="486" WIDTH="10"/>
						<String ID="P34_ST00092" HPOS="550" VPOS="472" WIDTH="5" HEIGHT="17" CONTENT=";" WC="1.00" CC="0"/>
						<SP ID="P34_SP00079" HPOS="555" VPOS="489" WIDTH="19"/>
						<String ID="P34_ST00093" HPOS="574" VPOS="463" WIDTH="46" HEIGHT="22" CONTENT="and" WC="0.87" CC="300"/>
						<SP ID="P34_SP00080" HPOS="620" VPOS="489" WIDTH="22"/>
						<String ID="P34_ST00094" HPOS="642" VPOS="462" WIDTH="56" HEIGHT="23" CONTENT="then" WC="0.78" CC="5200"/>
						<SP ID="P34_SP00081" HPOS="698" VPOS="489" WIDTH="14"/>
						<String ID="P34_ST00095" HPOS="712" VPOS="462" WIDTH="149" HEIGHT="30" CONTENT="publication" WC="0.88" CC="00000050303"/>
						<SP ID="P34_SP00082" HPOS="861" VPOS="492" WIDTH="15"/>
						<String ID="P34_ST00096" HPOS="876" VPOS="469" WIDTH="47" HEIGHT="16" CONTENT="was" WC="0.76" CC="024"/>
					</TextLine>
					<TextLine ID="P34_TL00013" HPOS="76" VPOS="496" WIDTH="847" HEIGHT="32">
						<String ID="P34_ST00097" HPOS="76" VPOS="496" WIDTH="70" HEIGHT="23" CONTENT="made" WC="0.85" CC="5000"/>
						<SP ID="P34_SP00083" HPOS="146" VPOS="519" WIDTH="22"/>
						<String ID="P34_ST00098" HPOS="168" VPOS="496" WIDTH="26" HEIGHT="23" CONTENT="of" WC="0.38" CC="29"/>
						<SP ID="P34_SP00084" HPOS="194" VPOS="519" WIDTH="18"/>
						<String ID="P34_ST00099" HPOS="212" VPOS="497" WIDTH="42" HEIGHT="22" CONTENT="the" WC="0.78" CC="060"/>
						<SP ID="P34_SP00085" HPOS="254" VPOS="519" WIDTH="20"/>
						<String ID="P34_ST00100" HPOS="274" VPOS="497" WIDTH="108" HEIGHT="23" CONTENT="decision" WC="0.77" CC="00052441"/>
						<SP ID="P34_SP00086" HPOS="382" VPOS="520" WIDTH="20"/>
						<String ID="P34_ST00101" HPOS="402" VPOS="497" WIDTH="47" HEIGHT="22" CONTENT="and" WC="0.77" CC="060"/>
						<SP ID="P34_SP00087" HPOS="449" VPOS="520" WIDTH="21"/>
						<String ID="P34_ST00102" HPOS="470" VPOS="496" WIDTH="43" HEIGHT="23" CONTENT="the" WC="0.83" CC="050"/>
						<SP ID="P34_SP00088" HPOS="513" VPOS="520" WIDTH="17"/>
						<String ID="P34_ST00103" HPOS="530" VPOS="496" WIDTH="139" HEIGHT="32" CONTENT="judgment," WC="0.88" CC="000000730"/>
						<SP ID="P34_SP00089" HPOS="669" VPOS="528" WIDTH="19"/>
						<String ID="P34_ST00104" HPOS="688" VPOS="496" WIDTH="47" HEIGHT="22" CONTENT="and" WC="0.82" CC="050"/>
						<SP ID="P34_SP00090" HPOS="735" VPOS="528" WIDTH="19"/>
						<String ID="P34_ST00105" HPOS="754" VPOS="496" WIDTH="41" HEIGHT="22" CONTENT="the" WC="0.77" CC="060"/>
						<SP ID="P34_SP00091" HPOS="795" VPOS="528" WIDTH="19"/>
						<String ID="P34_ST00106" HPOS="814" VPOS="499" WIDTH="109" HEIGHT="27" CONTENT="presents" WC="0.73" CC="00040843"/>
					</TextLine>
					<TextLine ID="P34_TL00014" HPOS="77" VPOS="529" WIDTH="846" HEIGHT="32">
						<String ID="P34_ST00107" HPOS="77" VPOS="538" WIDTH="62" HEIGHT="15" CONTENT="were" WC="0.84" CC="0006"/>
						<SP ID="P34_SP00092" HPOS="139" VPOS="553" WIDTH="14"/>
						<String ID="P34_ST00108" HPOS="153" VPOS="530" WIDTH="95" HEIGHT="23" CONTENT="made.*" WC="0.90" CC="000500"/>
						<SP ID="P34_SP00093" HPOS="248" VPOS="553" WIDTH="37"/>
						<String ID="P34_ST00109" HPOS="285" VPOS="530" WIDTH="53" HEIGHT="23" CONTENT="The" WC="0.94" CC="010"/>
						<SP ID="P34_SP00094" HPOS="338" VPOS="553" WIDTH="22"/>
						<String ID="P34_ST00110" HPOS="360" VPOS="538" WIDTH="129" HEIGHT="23" CONTENT="ceremony" WC="0.76" CC="10500910"/>
						<SP ID="P34_SP00095" HPOS="489" VPOS="561" WIDTH="18"/>
						<String ID="P34_ST00111" HPOS="507" VPOS="530" WIDTH="116" HEIGHT="23" CONTENT="observed" WC="0.84" CC="32000600"/>
						<SP ID="P34_SP00096" HPOS="623" VPOS="561" WIDTH="19"/>
						<String ID="P34_ST00112" HPOS="642" VPOS="534" WIDTH="25" HEIGHT="19" CONTENT="at" WC="0.71" CC="05"/>
						<SP ID="P34_SP00097" HPOS="667" VPOS="561" WIDTH="18"/>
						<String ID="P34_ST00113" HPOS="685" VPOS="529" WIDTH="41" HEIGHT="23" CONTENT="the" WC="0.79" CC="060"/>
						<SP ID="P34_SP00098" HPOS="726" VPOS="561" WIDTH="19"/>
						<String ID="P34_ST00114" HPOS="745" VPOS="529" WIDTH="106" HEIGHT="31" CONTENT="opening" WC="0.88" CC="0007000"/>
						<SP ID="P34_SP00099" HPOS="851" VPOS="561" WIDTH="17"/>
						<String ID="P34_ST00115" HPOS="868" VPOS="529" WIDTH="28" HEIGHT="23" CONTENT="of" WC="0.70" CC="05"/>
						<SP ID="P34_SP00100" HPOS="896" VPOS="561" WIDTH="13"/>
						<String ID="P34_ST00116" HPOS="909" VPOS="537" WIDTH="14" HEIGHT="15" CONTENT="a" WC="1.00" CC="0"/>
					</TextLine>
					<TextLine ID="P34_TL00015" HPOS="77" VPOS="563" WIDTH="844" HEIGHT="32">
						<String ID="P34_ST00117" HPOS="77" VPOS="565" WIDTH="145" HEIGHT="22" CONTENT="convention" WC="0.62" CC="0549056004"/>
						<SP ID="P34_SP00101" HPOS="222" VPOS="587" WIDTH="15"/>
						<String ID="P34_ST00118" HPOS="237" VPOS="572" WIDTH="46" HEIGHT="15" CONTENT="was" WC="0.81" CC="005"/>
						<SP ID="P34_SP00102" HPOS="283" VPOS="587" WIDTH="13"/>
						<String ID="P34_ST00119" HPOS="296" VPOS="564" WIDTH="41" HEIGHT="23" CONTENT="the" WC="0.79" CC="060"/>
						<SP ID="P34_SP00103" HPOS="337" VPOS="587" WIDTH="12"/>
						<String ID="P34_ST00120" HPOS="349" VPOS="564" WIDTH="130" HEIGHT="31" CONTENT="sheathing" WC="0.83" CC="000026060"/>
						<SP ID="P34_SP00104" HPOS="479" VPOS="595" WIDTH="13"/>
						<String ID="P34_ST00121" HPOS="492" VPOS="564" WIDTH="50" HEIGHT="23" CONTENT="ofa" WC="1.00" CC="000"/>
						<SP ID="P34_SP00105" HPOS="542" VPOS="595" WIDTH="12"/>
						<String ID="P34_ST00122" HPOS="554" VPOS="564" WIDTH="77" HEIGHT="23" CONTENT="sword" WC="0.57" CC="59320"/>
						<SP ID="P34_SP00106" HPOS="631" VPOS="595" WIDTH="14"/>
						<String ID="P34_ST00123" HPOS="645" VPOS="572" WIDTH="31" HEIGHT="15" CONTENT="on" WC="0.52" CC="35"/>
						<SP ID="P34_SP00107" HPOS="676" VPOS="595" WIDTH="14"/>
						<String ID="P34_ST00124" HPOS="690" VPOS="564" WIDTH="41" HEIGHT="22" CONTENT="the" WC="0.84" CC="040"/>
						<SP ID="P34_SP00108" HPOS="731" VPOS="595" WIDTH="14"/>
						<String ID="P34_ST00125" HPOS="745" VPOS="563" WIDTH="91" HEIGHT="23" CONTENT="central" WC="0.83" CC="0730001"/>
						<SP ID="P34_SP00109" HPOS="836" VPOS="595" WIDTH="9"/>
						<String ID="P34_ST00126" HPOS="845" VPOS="567" WIDTH="76" HEIGHT="23" CONTENT="stone," WC="0.84" CC="402200"/>
					</TextLine>
					<TextLine ID="P34_TL00016" HPOS="77" VPOS="597" WIDTH="846" HEIGHT="32">
						<String ID="P34_ST00127" HPOS="77" VPOS="601" WIDTH="24" HEIGHT="20" CONTENT="at" WC="0.92" CC="01"/>
						<SP ID="P34_SP00110" HPOS="101" VPOS="621" WIDTH="14"/>
						<String ID="P34_ST00128" HPOS="115" VPOS="598" WIDTH="77" HEIGHT="23" CONTENT="which" WC="0.80" CC="04050"/>
						<SP ID="P34_SP00111" HPOS="192" VPOS="621" WIDTH="13"/>
						<String ID="P34_ST00129" HPOS="205" VPOS="598" WIDTH="32" HEIGHT="23" CONTENT="all" WC="0.81" CC="005"/>
						<SP ID="P34_SP00112" HPOS="237" VPOS="621" WIDTH="14"/>
						<String ID="P34_ST00130" HPOS="251" VPOS="598" WIDTH="40" HEIGHT="22" CONTENT="the" WC="0.70" CC="620"/>
						<SP ID="P34_SP00113" HPOS="291" VPOS="621" WIDTH="19"/>
						<String ID="P34_ST00131" HPOS="310" VPOS="598" WIDTH="123" HEIGHT="31" CONTENT="presiding" WC="0.76" CC="000720028"/>
						<SP ID="P34_SP00114" HPOS="433" VPOS="629" WIDTH="20"/>
						<String ID="P34_ST00132" HPOS="453" VPOS="598" WIDTH="75" HEIGHT="23" CONTENT="Bards" WC="0.73" CC="09003"/>
						<SP ID="P34_SP00115" HPOS="528" VPOS="629" WIDTH="19"/>
						<String ID="P34_ST00133" HPOS="547" VPOS="598" WIDTH="108" HEIGHT="27" CONTENT="assisted," WC="0.79" CC="016073001"/>
						<SP ID="P34_SP00116" HPOS="655" VPOS="629" WIDTH="13"/>
						<String ID="P34_ST00134" HPOS="668" VPOS="597" WIDTH="174" HEIGHT="30" CONTENT="accompanied" WC="0.86" CC="05026000000"/>
						<SP ID="P34_SP00117" HPOS="842" VPOS="629" WIDTH="20"/>
						<String ID="P34_ST00135" HPOS="862" VPOS="597" WIDTH="32" HEIGHT="31" CONTENT="by" WC="0.50" CC="09"/>
						<SP ID="P34_SP00118" HPOS="894" VPOS="629" WIDTH="14"/>
						<String ID="P34_ST00136" HPOS="908" VPOS="606" WIDTH="15" HEIGHT="14" CONTENT="a" WC="0.95" CC="0"/>
					</TextLine>
					<TextLine ID="P34_TL00017" HPOS="76" VPOS="631" WIDTH="845" HEIGHT="32">
						<String ID="P34_ST00137" HPOS="76" VPOS="632" WIDTH="68" HEIGHT="23" CONTENT="short" WC="0.59" CC="96030"/>
						<SP ID="P34_SP00119" HPOS="144" VPOS="655" WIDTH="23"/>
						<String ID="P34_ST00138" HPOS="167" VPOS="632" WIDTH="47" HEIGHT="23" CONTENT="and" WC="0.79" CC="060"/>
						<SP ID="P34_SP00120" HPOS="214" VPOS="655" WIDTH="20"/>
						<String ID="P34_ST00139" HPOS="234" VPOS="632" WIDTH="70" HEIGHT="31" CONTENT="pithy" WC="0.88" CC="02200"/>
						<SP ID="P34_SP00121" HPOS="304" VPOS="663" WIDTH="22"/>
						<String ID="P34_ST00140" HPOS="326" VPOS="632" WIDTH="106" HEIGHT="28" CONTENT="address," WC="0.84" CC="00700500"/>
						<SP ID="P34_SP00122" HPOS="432" VPOS="663" WIDTH="21"/>
						<String ID="P34_ST00141" HPOS="453" VPOS="632" WIDTH="134" HEIGHT="31" CONTENT="beginning" WC="0.93" CC="000200030"/>
						<SP ID="P34_SP00123" HPOS="587" VPOS="663" WIDTH="24"/>
						<String ID="P34_ST00142" HPOS="611" VPOS="631" WIDTH="46" HEIGHT="23" CONTENT="and" WC="1.00" CC="000"/>
						<SP ID="P34_SP00124" HPOS="657" VPOS="663" WIDTH="26"/>
						<String ID="P34_ST00143" HPOS="683" VPOS="632" WIDTH="91" HEIGHT="30" CONTENT="ending" WC="0.84" CC="060200"/>
						<SP ID="P34_SP00125" HPOS="774" VPOS="663" WIDTH="24"/>
						<String ID="P34_ST00144" HPOS="798" VPOS="631" WIDTH="57" HEIGHT="23" CONTENT="with" WC="0.57" CC="9070"/>
						<SP ID="P34_SP00126" HPOS="855" VPOS="663" WIDTH="25"/>
						<String ID="P34_ST00145" HPOS="880" VPOS="632" WIDTH="41" HEIGHT="22" CONTENT="the" WC="0.71" CC="070"/>
					</TextLine>
					<TextLine ID="P34_TL00018" HPOS="78" VPOS="664" WIDTH="843" HEIGHT="32">
						<String ID="P34_ST00146" HPOS="78" VPOS="665" WIDTH="89" HEIGHT="24" CONTENT="Bardic" WC="0.74" CC="905000"/>
						<SP ID="P34_SP00127" HPOS="167" VPOS="689" WIDTH="12"/>
						<String ID="P34_ST00147" HPOS="179" VPOS="669" WIDTH="84" HEIGHT="23" CONTENT="motto," WC="0.63" CC="403590"/>
						<SP ID="P34_SP00128" HPOS="263" VPOS="692" WIDTH="15"/>
						<String ID="P34_ST00148" HPOS="278" VPOS="669" WIDTH="15" HEIGHT="9" CONTENT='"' WC="0.97" CC="0"/>
						<SP ID="P34_SP00129" HPOS="293" VPOS="692" WIDTH="11"/>
						<String ID="P34_ST00149" HPOS="304" VPOS="665" WIDTH="78" HEIGHT="24" CONTENT="Truth" WC="0.89" CC="00005"/>
						<SP ID="P34_SP00130" HPOS="382" VPOS="692" WIDTH="14"/>
						<String ID="P34_ST00150" HPOS="396" VPOS="666" WIDTH="94" HEIGHT="30" CONTENT="against" WC="0.76" CC="0900060"/>
						<SP ID="P34_SP00131" HPOS="490" VPOS="696" WIDTH="13"/>
						<String ID="P34_ST00151" HPOS="503" VPOS="666" WIDTH="40" HEIGHT="23" CONTENT="the" WC="0.84" CC="040"/>
						<SP ID="P34_SP00132" HPOS="543" VPOS="696" WIDTH="14"/>
						<String ID="P34_ST00152" HPOS="557" VPOS="664" WIDTH="97" HEIGHT="25" CONTENT='world."' WC="0.79" CC="0454000"/>
						<SP ID="P34_SP00133" HPOS="654" VPOS="696" WIDTH="37"/>
						<String ID="P34_ST00153" HPOS="691" VPOS="665" WIDTH="54" HEIGHT="23" CONTENT="The" WC="1.00" CC="000"/>
						<SP ID="P34_SP00134" HPOS="745" VPOS="696" WIDTH="14"/>
						<String ID="P34_ST00154" HPOS="759" VPOS="665" WIDTH="106" HEIGHT="30" CONTENT="meeting" WC="0.87" CC="0001070"/>
						<SP ID="P34_SP00135" HPOS="865" VPOS="696" WIDTH="8"/>
						<String ID="P34_ST00155" HPOS="873" VPOS="673" WIDTH="48" HEIGHT="15" CONTENT="was" WC="0.77" CC="006"/>
					</TextLine>
					<TextLine ID="P34_TL00019" HPOS="77" VPOS="698" WIDTH="845" HEIGHT="32">
						<String ID="P34_ST00156" HPOS="77" VPOS="700" WIDTH="81" HEIGHT="22" CONTENT="closed" WC="0.79" CC="020450"/>
						<SP ID="P34_SP00136" HPOS="158" VPOS="722" WIDTH="20"/>
						<String ID="P34_ST00157" HPOS="178" VPOS="700" WIDTH="33" HEIGHT="28" CONTENT="by" WC="0.88" CC="20"/>
						<SP ID="P34_SP00137" HPOS="211" VPOS="728" WIDTH="13"/>
						<String ID="P34_ST00158" HPOS="224" VPOS="700" WIDTH="84" HEIGHT="30" CONTENT="taking" WC="0.80" CC="000550"/>
						<SP ID="P34_SP00138" HPOS="308" VPOS="730" WIDTH="19"/>
						<String ID="P34_ST00159" HPOS="327" VPOS="707" WIDTH="32" HEIGHT="22" CONTENT="up" WC="0.66" CC="60"/>
						<SP ID="P34_SP00139" HPOS="359" VPOS="730" WIDTH="19"/>
						<String ID="P34_ST00160" HPOS="378" VPOS="700" WIDTH="43" HEIGHT="22" CONTENT="but" WC="0.95" CC="010"/>
						<SP ID="P34_SP00140" HPOS="421" VPOS="730" WIDTH="18"/>
						<String ID="P34_ST00161" HPOS="439" VPOS="702" WIDTH="43" HEIGHT="20" CONTENT="not" WC="1.00" CC="000"/>
						<SP ID="P34_SP00141" HPOS="482" VPOS="730" WIDTH="18"/>
						<String ID="P34_ST00162" HPOS="500" VPOS="699" WIDTH="163" HEIGHT="31" CONTENT="unsheathing" WC="0.79" CC="06200000049"/>
						<SP ID="P34_SP00142" HPOS="663" VPOS="730" WIDTH="18"/>
						<String ID="P34_ST00163" HPOS="681" VPOS="699" WIDTH="41" HEIGHT="23" CONTENT="the" WC="0.77" CC="060"/>
						<SP ID="P34_SP00143" HPOS="722" VPOS="730" WIDTH="13"/>
						<String ID="P34_ST00164" HPOS="735" VPOS="699" WIDTH="87" HEIGHT="28" CONTENT="sword," WC="0.88" CC="002400"/>
						<SP ID="P34_SP00144" HPOS="822" VPOS="730" WIDTH="14"/>
						<String ID="P34_ST00165" HPOS="836" VPOS="698" WIDTH="57" HEIGHT="24" CONTENT="with" WC="0.86" CC="0500"/>
						<SP ID="P34_SP00145" HPOS="893" VPOS="730" WIDTH="14"/>
						<String ID="P34_ST00166" HPOS="907" VPOS="706" WIDTH="15" HEIGHT="16" CONTENT="a" WC="1.00" CC="0"/>
					</TextLine>
					<TextLine ID="P34_TL00020" HPOS="77" VPOS="733" WIDTH="844" HEIGHT="31">
						<String ID="P34_ST00167" HPOS="77" VPOS="733" WIDTH="47" HEIGHT="22" CONTENT="few" WC="0.80" CC="600"/>
						<SP ID="P34_SP00146" HPOS="124" VPOS="755" WIDTH="21"/>
						<String ID="P34_ST00168" HPOS="145" VPOS="733" WIDTH="154" HEIGHT="31" CONTENT="appropriate" WC="0.84" CC="00640040020"/>
						<SP ID="P34_SP00147" HPOS="299" VPOS="764" WIDTH="21"/>
						<String ID="P34_ST00169" HPOS="320" VPOS="733" WIDTH="85" HEIGHT="22" CONTENT="words." WC="0.91" CC="000050"/>
						<SP ID="P34_SP00148" HPOS="405" VPOS="764" WIDTH="38"/>
						<String ID="P34_ST00170" HPOS="443" VPOS="733" WIDTH="54" HEIGHT="22" CONTENT="The" WC="0.96" CC="001"/>
						<SP ID="P34_SP00149" HPOS="497" VPOS="764" WIDTH="25"/>
						<String ID="P34_ST00171" HPOS="522" VPOS="733" WIDTH="76" HEIGHT="22" CONTENT="Bards" WC="0.71" CC="60304"/>
						<SP ID="P34_SP00150" HPOS="598" VPOS="764" WIDTH="24"/>
						<String ID="P34_ST00172" HPOS="622" VPOS="737" WIDTH="25" HEIGHT="18" CONTENT="at" WC="0.78" CC="31"/>
						<SP ID="P34_SP00151" HPOS="647" VPOS="764" WIDTH="24"/>
						<String ID="P34_ST00173" HPOS="671" VPOS="733" WIDTH="68" HEIGHT="22" CONTENT="these" WC="0.62" CC="04067"/>
						<SP ID="P34_SP00152" HPOS="739" VPOS="764" WIDTH="22"/>
						<String ID="P34_ST00174" HPOS="761" VPOS="733" WIDTH="160" HEIGHT="22" CONTENT="conventions" WC="0.78" CC="00400500075"/>
					</TextLine>
					<TextLine ID="P34_TL00021" HPOS="77" VPOS="766" WIDTH="845" HEIGHT="32">
						<String ID="P34_ST00175" HPOS="77" VPOS="767" WIDTH="88" HEIGHT="31" CONTENT="always" WC="0.68" CC="039005"/>
						<SP ID="P34_SP00153" HPOS="165" VPOS="798" WIDTH="17"/>
						<String ID="P34_ST00176" HPOS="182" VPOS="766" WIDTH="121" HEIGHT="31" CONTENT="appeared" WC="0.85" CC="05050000"/>
						<SP ID="P34_SP00154" HPOS="303" VPOS="798" WIDTH="19"/>
						<String ID="P34_ST00177" HPOS="322" VPOS="766" WIDTH="152" HEIGHT="23" CONTENT="bare-footed" WC="0.94" CC="00203000000"/>
						<SP ID="P34_SP00155" HPOS="474" VPOS="798" WIDTH="16"/>
						<String ID="P34_ST00178" HPOS="490" VPOS="766" WIDTH="47" HEIGHT="23" CONTENT="and" WC="0.96" CC="010"/>
						<SP ID="P34_SP00156" HPOS="537" VPOS="798" WIDTH="21"/>
						<String ID="P34_ST00179" HPOS="558" VPOS="766" WIDTH="170" HEIGHT="27" CONTENT="bare-headed," WC="0.88" CC="004004050000"/>
						<SP ID="P34_SP00157" HPOS="728" VPOS="798" WIDTH="19"/>
						<String ID="P34_ST00180" HPOS="747" VPOS="766" WIDTH="24" HEIGHT="23" CONTENT="in" WC="0.89" CC="20"/>
						<SP ID="P34_SP00158" HPOS="771" VPOS="798" WIDTH="20"/>
						<String ID="P34_ST00181" HPOS="791" VPOS="766" WIDTH="62" HEIGHT="23" CONTENT="their" WC="0.69" CC="46004"/>
						<SP ID="P34_SP00159" HPOS="853" VPOS="798" WIDTH="15"/>
						<String ID="P34_ST00182" HPOS="868" VPOS="766" WIDTH="54" HEIGHT="23" CONTENT="uni" SUBS_TYPE="HypPart1" SUBS_CONTENT="unicoloured" WC="0.75" CC="0810"/>
						<HYP CONTENT="-"/>
					</TextLine>
					<TextLine ID="P34_TL00022" HPOS="78" VPOS="799" WIDTH="842" HEIGHT="33">
						<String ID="P34_ST00183" HPOS="78" VPOS="801" WIDTH="113" HEIGHT="22" CONTENT="coloured" SUBS_TYPE="HypPart2" SUBS_CONTENT="unicoloured" WC="0.63" CC="06258700"/>
						<SP ID="P34_SP00160" HPOS="191" VPOS="823" WIDTH="18"/>
						<String ID="P34_ST00184" HPOS="209" VPOS="801" WIDTH="79" HEIGHT="22" CONTENT="robes." WC="0.86" CC="010060"/>
						<SP ID="P34_SP00161" HPOS="288" VPOS="823" WIDTH="36"/>
						<String ID="P34_ST00185" HPOS="324" VPOS="800" WIDTH="48" HEIGHT="23" CONTENT="Isa" WC="1.00" CC="000"/>
						<SP ID="P34_SP00162" HPOS="372" VPOS="823" WIDTH="13"/>
						<String ID="P34_ST00186" HPOS="385" VPOS="800" WIDTH="64" HEIGHT="23" CONTENT="Bard" WC="0.86" CC="3010"/>
						<SP ID="P34_SP00163" HPOS="449" VPOS="823" WIDTH="15"/>
						<String ID="P34_ST00187" HPOS="464" VPOS="800" WIDTH="46" HEIGHT="23" CONTENT="had" WC="0.80" CC="500"/>
						<SP ID="P34_SP00164" HPOS="510" VPOS="823" WIDTH="14"/>
						<String ID="P34_ST00188" HPOS="524" VPOS="800" WIDTH="60" HEIGHT="23" CONTENT="been" WC="1.00" CC="0000"/>
						<SP ID="P34_SP00165" HPOS="584" VPOS="823" WIDTH="14"/>
						<String ID="P34_ST00189" HPOS="598" VPOS="800" WIDTH="128" HEIGHT="23" CONTENT="convicted" WC="0.98" CC="001000000"/>
						<SP ID="P34_SP00166" HPOS="726" VPOS="823" WIDTH="14"/>
						<String ID="P34_ST00190" HPOS="740" VPOS="799" WIDTH="28" HEIGHT="24" CONTENT="of" WC="0.83" CC="03"/>
						<SP ID="P34_SP00167" HPOS="768" VPOS="823" WIDTH="9"/>
						<String ID="P34_ST00191" HPOS="777" VPOS="808" WIDTH="47" HEIGHT="24" CONTENT="any" WC="0.67" CC="009"/>
						<SP ID="P34_SP00168" HPOS="824" VPOS="832" WIDTH="14"/>
						<String ID="P34_ST00192" HPOS="838" VPOS="801" WIDTH="82" HEIGHT="26" CONTENT="crime," WC="0.83" CC="720000"/>
					</TextLine>
					<TextLine ID="P34_TL00023" HPOS="78" VPOS="833" WIDTH="844" HEIGHT="33">
						<String ID="P34_ST00193" HPOS="78" VPOS="834" WIDTH="29" HEIGHT="22" CONTENT="he" WC="0.71" CC="50"/>
						<SP ID="P34_SP00169" HPOS="107" VPOS="856" WIDTH="23"/>
						<String ID="P34_ST00194" HPOS="130" VPOS="842" WIDTH="46" HEIGHT="15" CONTENT="was" WC="0.76" CC="024"/>
						<SP ID="P34_SP00170" HPOS="176" VPOS="857" WIDTH="24"/>
						<String ID="P34_ST00195" HPOS="200" VPOS="833" WIDTH="109" HEIGHT="32" CONTENT="publicly" WC="0.91" CC="02100300"/>
						<SP ID="P34_SP00171" HPOS="309" VPOS="865" WIDTH="22"/>
						<String ID="P34_ST00196" HPOS="331" VPOS="834" WIDTH="129" HEIGHT="32" CONTENT="degraded," WC="0.96" CC="000300000"/>
						<SP ID="P34_SP00172" HPOS="460" VPOS="866" WIDTH="22"/>
						<String ID="P34_ST00197" HPOS="482" VPOS="833" WIDTH="48" HEIGHT="24" CONTENT="and" WC="1.00" CC="000"/>
						<SP ID="P34_SP00173" HPOS="530" VPOS="866" WIDTH="25"/>
						<String ID="P34_ST00198" HPOS="555" VPOS="834" WIDTH="72" HEIGHT="23" CONTENT="could" WC="0.79" CC="02250"/>
						<SP ID="P34_SP00174" HPOS="627" VPOS="866" WIDTH="26"/>
						<String ID="P34_ST00199" HPOS="653" VPOS="842" WIDTH="74" HEIGHT="15" CONTENT="never" WC="0.90" CC="30001"/>
						<SP ID="P34_SP00175" HPOS="727" VPOS="866" WIDTH="22"/>
						<String ID="P34_ST00200" HPOS="749" VPOS="833" WIDTH="62" HEIGHT="23" CONTENT="after" WC="0.62" CC="50705"/>
						<SP ID="P34_SP00176" HPOS="811" VPOS="866" WIDTH="20"/>
						<String ID="P34_ST00201" HPOS="831" VPOS="833" WIDTH="31" HEIGHT="23" CONTENT="be" WC="1.00" CC="00"/>
						<SP ID="P34_SP00177" HPOS="862" VPOS="866" WIDTH="23"/>
						<String ID="P34_ST00202" HPOS="885" VPOS="842" WIDTH="37" HEIGHT="14" CONTENT="re" SUBS_TYPE="HypPart1" SUBS_CONTENT="readmitted." WC="0.89" CC="300"/>
						<HYP CONTENT="-"/>
					</TextLine>
					<TextLine ID="P34_TL00024" HPOS="78" VPOS="867" WIDTH="844" HEIGHT="32">
						<String ID="P34_ST00203" HPOS="78" VPOS="868" WIDTH="124" HEIGHT="23" CONTENT="admitted." SUBS_TYPE="HypPart2" SUBS_CONTENT="readmitted." WC="0.78" CC="207440000"/>
						<SP ID="P34_SP00178" HPOS="202" VPOS="891" WIDTH="37"/>
						<String ID="P34_ST00204" HPOS="239" VPOS="867" WIDTH="40" HEIGHT="24" CONTENT="On" WC="0.58" CC="16"/>
						<SP ID="P34_SP00179" HPOS="279" VPOS="891" WIDTH="13"/>
						<String ID="P34_ST00205" HPOS="292" VPOS="868" WIDTH="67" HEIGHT="23" CONTENT="these" WC="0.67" CC="06090"/>
						<SP ID="P34_SP00180" HPOS="359" VPOS="891" WIDTH="12"/>
						<String ID="P34_ST00206" HPOS="371" VPOS="867" WIDTH="93" HEIGHT="32" CONTENT="painful" WC="0.61" CC="9060065"/>
						<SP ID="P34_SP00181" HPOS="464" VPOS="899" WIDTH="13"/>
						<String ID="P34_ST00207" HPOS="477" VPOS="868" WIDTH="133" HEIGHT="27" CONTENT="occasions," WC="0.78" CC="0000560440"/>
						<SP ID="P34_SP00182" HPOS="610" VPOS="899" WIDTH="11"/>
						<String ID="P34_ST00208" HPOS="621" VPOS="868" WIDTH="78" HEIGHT="22" CONTENT="which" WC="0.85" CC="07000"/>
						<SP ID="P34_SP00183" HPOS="699" VPOS="899" WIDTH="14"/>
						<String ID="P34_ST00209" HPOS="713" VPOS="875" WIDTH="61" HEIGHT="15" CONTENT="were" WC="0.83" CC="0041"/>
						<SP ID="P34_SP00184" HPOS="774" VPOS="899" WIDTH="15"/>
						<String ID="P34_ST00210" HPOS="789" VPOS="875" WIDTH="57" HEIGHT="23" CONTENT="very" WC="0.62" CC="0329"/>
						<SP ID="P34_SP00185" HPOS="846" VPOS="899" WIDTH="15"/>
						<String ID="P34_ST00211" HPOS="861" VPOS="875" WIDTH="61" HEIGHT="19" CONTENT="rare," WC="0.83" CC="70100"/>
					</TextLine>
					<TextLine ID="P34_TL00025" HPOS="78" VPOS="901" WIDTH="845" HEIGHT="31">
						<String ID="P34_ST00212" HPOS="78" VPOS="902" WIDTH="39" HEIGHT="23" CONTENT="the" WC="0.56" CC="750"/>
						<SP ID="P34_SP00186" HPOS="117" VPOS="925" WIDTH="13"/>
						<String ID="P34_ST00213" HPOS="130" VPOS="902" WIDTH="147" HEIGHT="23" CONTENT="convention" WC="0.84" CC="0305000230"/>
						<SP ID="P34_SP00187" HPOS="277" VPOS="925" WIDTH="14"/>
						<String ID="P34_ST00214" HPOS="291" VPOS="901" WIDTH="81" HEIGHT="24" CONTENT="closed" WC="0.90" CC="010400"/>
						<SP ID="P34_SP00188" HPOS="372" VPOS="925" WIDTH="14"/>
						<String ID="P34_ST00215" HPOS="386" VPOS="902" WIDTH="31" HEIGHT="30" CONTENT="by" WC="1.00" CC="00"/>
						<SP ID="P34_SP00189" HPOS="417" VPOS="932" WIDTH="15"/>
						<String ID="P34_ST00216" HPOS="432" VPOS="902" WIDTH="40" HEIGHT="23" CONTENT="the" WC="0.71" CC="350"/>
						<SP ID="P34_SP00190" HPOS="472" VPOS="932" WIDTH="15"/>
						<String ID="P34_ST00217" HPOS="487" VPOS="901" WIDTH="76" HEIGHT="23" CONTENT="Bards" WC="0.76" CC="50005"/>
						<SP ID="P34_SP00191" HPOS="563" VPOS="932" WIDTH="13"/>
						<String ID="P34_ST00218" HPOS="576" VPOS="902" WIDTH="116" HEIGHT="30" CONTENT="covering" WC="0.76" CC="00075150"/>
						<SP ID="P34_SP00192" HPOS="692" VPOS="932" WIDTH="13"/>
						<String ID="P34_ST00219" HPOS="705" VPOS="901" WIDTH="64" HEIGHT="23" CONTENT="their" WC="0.88" CC="00006"/>
						<SP ID="P34_SP00193" HPOS="769" VPOS="932" WIDTH="10"/>
						<String ID="P34_ST00220" HPOS="779" VPOS="901" WIDTH="82" HEIGHT="28" CONTENT="heads," WC="0.86" CC="700010"/>
						<SP ID="P34_SP00194" HPOS="861" VPOS="932" WIDTH="14"/>
						<String ID="P34_ST00221" HPOS="875" VPOS="901" WIDTH="48" HEIGHT="23" CONTENT="and" WC="0.95" CC="010"/>
					</TextLine>
					<TextLine ID="P34_TL00026" HPOS="78" VPOS="935" WIDTH="845" HEIGHT="30">
						<String ID="P34_ST00222" HPOS="78" VPOS="943" WIDTH="45" HEIGHT="16" CONTENT="one" WC="0.77" CC="050"/>
						<SP ID="P34_SP00195" HPOS="123" VPOS="959" WIDTH="19"/>
						<String ID="P34_ST00223" HPOS="142" VPOS="935" WIDTH="28" HEIGHT="24" CONTENT="of" WC="0.35" CC="39"/>
						<SP ID="P34_SP00196" HPOS="170" VPOS="959" WIDTH="17"/>
						<String ID="P34_ST00224" HPOS="187" VPOS="936" WIDTH="65" HEIGHT="22" CONTENT="them" WC="0.78" CC="6001"/>
						<SP ID="P34_SP00197" HPOS="252" VPOS="959" WIDTH="21"/>
						<String ID="P34_ST00225" HPOS="273" VPOS="935" WIDTH="151" HEIGHT="23" CONTENT="unsheathed" WC="0.76" CC="3260300600"/>
						<SP ID="P34_SP00198" HPOS="424" VPOS="959" WIDTH="23"/>
						<String ID="P34_ST00226" HPOS="447" VPOS="935" WIDTH="40" HEIGHT="23" CONTENT="the" WC="0.61" CC="640"/>
						<SP ID="P34_SP00199" HPOS="487" VPOS="959" WIDTH="22"/>
						<String ID="P34_ST00227" HPOS="509" VPOS="935" WIDTH="86" HEIGHT="27" CONTENT="sword," WC="0.82" CC="500500"/>
						<SP ID="P34_SP00200" HPOS="595" VPOS="962" WIDTH="21"/>
						<String ID="P34_ST00228" HPOS="616" VPOS="935" WIDTH="55" HEIGHT="23" CONTENT="held" WC="0.91" CC="3000"/>
						<SP ID="P34_SP00201" HPOS="671" VPOS="962" WIDTH="23"/>
						<String ID="P34_ST00229" HPOS="694" VPOS="935" WIDTH="19" HEIGHT="23" CONTENT="it" WC="1.00" CC="00"/>
						<SP ID="P34_SP00202" HPOS="713" VPOS="962" WIDTH="21"/>
						<String ID="P34_ST00230" HPOS="734" VPOS="943" WIDTH="29" HEIGHT="15" CONTENT="on" WC="1.00" CC="00"/>
						<SP ID="P34_SP00203" HPOS="763" VPOS="962" WIDTH="24"/>
						<String ID="P34_ST00231" HPOS="787" VPOS="935" WIDTH="66" HEIGHT="30" CONTENT="high," WC="0.72" CC="24060"/>
						<SP ID="P34_SP00204" HPOS="853" VPOS="965" WIDTH="22"/>
						<String ID="P34_ST00232" HPOS="875" VPOS="936" WIDTH="48" HEIGHT="22" CONTENT="and" WC="0.60" CC="056"/>
					</TextLine>
					<TextLine ID="P34_TL00027" HPOS="78" VPOS="969" WIDTH="843" HEIGHT="31">
						<String ID="P34_ST00233" HPOS="78" VPOS="970" WIDTH="88" HEIGHT="30" CONTENT="having" WC="0.74" CC="710060"/>
						<SP ID="P34_SP00205" HPOS="166" VPOS="1000" WIDTH="13"/>
						<String ID="P34_ST00234" HPOS="179" VPOS="969" WIDTH="85" HEIGHT="23" CONTENT="named" WC="0.77" CC="40600"/>
						<SP ID="P34_SP00206" HPOS="264" VPOS="1000" WIDTH="15"/>
						<String ID="P34_ST00235" HPOS="279" VPOS="969" WIDTH="40" HEIGHT="23" CONTENT="the" WC="0.83" CC="320"/>
						<SP ID="P34_SP00207" HPOS="319" VPOS="1000" WIDTH="10"/>
						<String ID="P34_ST00236" HPOS="329" VPOS="969" WIDTH="78" HEIGHT="31" CONTENT="guilty" WC="0.90" CC="050000"/>
						<SP ID="P34_SP00208" HPOS="407" VPOS="1000" WIDTH="10"/>
						<String ID="P34_ST00237" HPOS="417" VPOS="976" WIDTH="86" HEIGHT="23" CONTENT="person" WC="0.78" CC="000705"/>
						<SP ID="P34_SP00209" HPOS="503" VPOS="1000" WIDTH="11"/>
						<String ID="P34_ST00238" HPOS="514" VPOS="969" WIDTH="72" HEIGHT="23" CONTENT="aloud" WC="0.94" CC="02000"/>
						<SP ID="P34_SP00210" HPOS="586" VPOS="1000" WIDTH="11"/>
						<String ID="P34_ST00239" HPOS="597" VPOS="969" WIDTH="67" HEIGHT="23" CONTENT="three" WC="0.78" CC="60040"/>
						<SP ID="P34_SP00211" HPOS="664" VPOS="1000" WIDTH="11"/>
						<String ID="P34_ST00240" HPOS="675" VPOS="969" WIDTH="77" HEIGHT="27" CONTENT="times," WC="0.99" CC="000000"/>
						<SP ID="P34_SP00212" HPOS="752" VPOS="1000" WIDTH="12"/>
						<String ID="P34_ST00241" HPOS="764" VPOS="969" WIDTH="157" HEIGHT="30" CONTENT="proclaimed," WC="0.85" CC="04040006000"/>
					</TextLine>
					<TextLine ID="P34_TL00028" HPOS="78" VPOS="1002" WIDTH="503" HEIGHT="31">
						<String ID="P34_ST00242" HPOS="78" VPOS="1006" WIDTH="14" HEIGHT="10" CONTENT='"' WC="0.80" CC="1"/>
						<SP ID="P34_SP00213" HPOS="92" VPOS="1016" WIDTH="11"/>
						<String ID="P34_ST00243" HPOS="103" VPOS="1003" WIDTH="53" HEIGHT="23" CONTENT="The" WC="0.92" CC="020"/>
						<SP ID="P34_SP00214" HPOS="156" VPOS="1026" WIDTH="14"/>
						<String ID="P34_ST00244" HPOS="170" VPOS="1003" WIDTH="78" HEIGHT="23" CONTENT="sword" WC="0.79" CC="20150"/>
						<SP ID="P34_SP00215" HPOS="248" VPOS="1026" WIDTH="14"/>
						<String ID="P34_ST00245" HPOS="262" VPOS="1003" WIDTH="19" HEIGHT="22" CONTENT="is" WC="0.86" CC="02"/>
						<SP ID="P34_SP00216" HPOS="281" VPOS="1026" WIDTH="13"/>
						<String ID="P34_ST00246" HPOS="294" VPOS="1003" WIDTH="81" HEIGHT="22" CONTENT="naked" WC="0.90" CC="40000"/>
						<SP ID="P34_SP00217" HPOS="375" VPOS="1026" WIDTH="13"/>
						<String ID="P34_ST00247" HPOS="388" VPOS="1003" WIDTH="95" HEIGHT="30" CONTENT="against" WC="0.81" CC="0000435"/>
						<SP ID="P34_SP00218" HPOS="483" VPOS="1033" WIDTH="13"/>
						<String ID="P34_ST00248" HPOS="496" VPOS="1002" WIDTH="85" HEIGHT="29" CONTENT='him."f' WC="0.80" CC="000227"/>
					</TextLine>
					<TextLine ID="P34_TL00029" HPOS="129" VPOS="1036" WIDTH="793" HEIGHT="30">
						<String ID="P34_ST00249" HPOS="129" VPOS="1037" WIDTH="35" HEIGHT="22" CONTENT="At" WC="0.51" CC="90"/>
						<SP ID="P34_SP00219" HPOS="164" VPOS="1059" WIDTH="13"/>
						<String ID="P34_ST00250" HPOS="177" VPOS="1037" WIDTH="39" HEIGHT="22" CONTENT="the" WC="0.68" CC="360"/>
						<SP ID="P34_SP00220" HPOS="216" VPOS="1059" WIDTH="8"/>
						<String ID="P34_ST00251" HPOS="224" VPOS="1043" WIDTH="65" HEIGHT="16" CONTENT="same" WC="0.87" CC="5000"/>
						<SP ID="P34_SP00221" HPOS="289" VPOS="1059" WIDTH="10"/>
						<String ID="P34_ST00252" HPOS="299" VPOS="1036" WIDTH="102" HEIGHT="30" CONTENT="periods," WC="0.83" CC="00150050"/>
						<SP ID="P34_SP00222" HPOS="401" VPOS="1066" WIDTH="11"/>
						<String ID="P34_ST00253" HPOS="412" VPOS="1039" WIDTH="25" HEIGHT="20" CONTENT="to" WC="0.75" CC="05"/>
						<SP ID="P34_SP00223" HPOS="437" VPOS="1066" WIDTH="13"/>
						<String ID="P34_ST00254" HPOS="450" VPOS="1037" WIDTH="48" HEIGHT="22" CONTENT="suit" WC="0.84" CC="4200"/>
						<SP ID="P34_SP00224" HPOS="498" VPOS="1066" WIDTH="13"/>
						<String ID="P34_ST00255" HPOS="511" VPOS="1037" WIDTH="41" HEIGHT="22" CONTENT="the" WC="0.93" CC="020"/>
						<SP ID="P34_SP00225" HPOS="552" VPOS="1066" WIDTH="10"/>
						<String ID="P34_ST00256" HPOS="562" VPOS="1036" WIDTH="83" HEIGHT="30" CONTENT="public" WC="0.83" CC="020070"/>
						<SP ID="P34_SP00226" HPOS="645" VPOS="1066" WIDTH="11"/>
						<String ID="P34_ST00257" HPOS="656" VPOS="1036" WIDTH="173" HEIGHT="28" CONTENT="convenience," WC="0.90" CC="002000040200"/>
						<SP ID="P34_SP00227" HPOS="829" VPOS="1066" WIDTH="10"/>
						<String ID="P34_ST00258" HPOS="839" VPOS="1039" WIDTH="83" HEIGHT="20" CONTENT="courts" WC="0.62" CC="400926"/>
					</TextLine>
					<TextLine ID="P34_TL00030" HPOS="77" VPOS="1065" WIDTH="846" HEIGHT="35">
						<String ID="P34_ST00259" HPOS="77" VPOS="1069" WIDTH="28" HEIGHT="23" CONTENT="of" WC="1.00" CC="00"/>
						<SP ID="P34_SP00228" HPOS="105" VPOS="1092" WIDTH="15"/>
						<String ID="P34_ST00260" HPOS="120" VPOS="1070" WIDTH="145" HEIGHT="30" CONTENT="judicature" WC="0.89" CC="1000010520"/>
						<SP ID="P34_SP00229" HPOS="265" VPOS="1100" WIDTH="22"/>
						<String ID="P34_ST00261" HPOS="287" VPOS="1077" WIDTH="62" HEIGHT="15" CONTENT="were" WC="0.98" CC="0000"/>
						<SP ID="P34_SP00230" HPOS="349" VPOS="1100" WIDTH="19"/>
						<String ID="P34_ST00262" HPOS="368" VPOS="1069" WIDTH="63" HEIGHT="23" CONTENT="held." WC="0.69" CC="70800"/>
						<SP ID="P34_SP00231" HPOS="431" VPOS="1100" WIDTH="45"/>
						<String ID="P34_ST00263" HPOS="476" VPOS="1069" WIDTH="53" HEIGHT="23" CONTENT="The" WC="0.85" CC="040"/>
						<SP ID="P34_SP00232" HPOS="529" VPOS="1100" WIDTH="23"/>
						<String ID="P34_ST00264" HPOS="552" VPOS="1065" WIDTH="164" HEIGHT="27" CONTENT="Arch-Druid" WC="0.80" CC="0003209120"/>
						<SP ID="P34_SP00233" HPOS="716" VPOS="1100" WIDTH="19"/>
						<String ID="P34_ST00265" HPOS="735" VPOS="1069" WIDTH="111" HEIGHT="30" CONTENT="presided" WC="0.82" CC="00760000"/>
						<SP ID="P34_SP00234" HPOS="846" VPOS="1100" WIDTH="11"/>
						<String ID="P34_ST00266" HPOS="857" VPOS="1078" WIDTH="5" HEIGHT="17" CONTENT=";" WC="0.24" CC="7"/>
						<SP ID="P34_SP00235" HPOS="862" VPOS="1100" WIDTH="23"/>
						<String ID="P34_ST00267" HPOS="885" VPOS="1069" WIDTH="38" HEIGHT="23" CONTENT="his" WC="0.57" CC="705"/>
					</TextLine>
					<TextLine ID="P34_TL00031" HPOS="72" VPOS="1103" WIDTH="850" HEIGHT="31">
						<String ID="P34_ST00268" HPOS="72" VPOS="1103" WIDTH="155" HEIGHT="31" CONTENT="jurisdiction" WC="0.70" CC="084090000092"/>
						<SP ID="P34_SP00236" HPOS="227" VPOS="1134" WIDTH="15"/>
						<String ID="P34_ST00269" HPOS="242" VPOS="1110" WIDTH="47" HEIGHT="15" CONTENT="was" WC="0.77" CC="006"/>
						<SP ID="P34_SP00237" HPOS="289" VPOS="1134" WIDTH="14"/>
						<String ID="P34_ST00270" HPOS="303" VPOS="1110" WIDTH="57" HEIGHT="24" CONTENT="very" WC="0.85" CC="0060"/>
						<SP ID="P34_SP00238" HPOS="360" VPOS="1134" WIDTH="14"/>
						<String ID="P34_ST00271" HPOS="374" VPOS="1103" WIDTH="135" HEIGHT="22" CONTENT="extensive:" WC="0.60" CC="0077145840"/>
						<SP ID="P34_SP00239" HPOS="509" VPOS="1134" WIDTH="15"/>
						<String ID="P34_ST00272" HPOS="524" VPOS="1103" WIDTH="84" HEIGHT="22" CONTENT="indeed" WC="0.83" CC="030600"/>
						<SP ID="P34_SP00240" HPOS="608" VPOS="1134" WIDTH="16"/>
						<String ID="P34_ST00273" HPOS="624" VPOS="1103" WIDTH="18" HEIGHT="22" CONTENT="it" WC="0.71" CC="50"/>
						<SP ID="P34_SP00241" HPOS="642" VPOS="1134" WIDTH="12"/>
						<String ID="P34_ST00274" HPOS="654" VPOS="1103" WIDTH="81" HEIGHT="22" CONTENT="would" WC="0.69" CC="04550"/>
						<SP ID="P34_SP00242" HPOS="735" VPOS="1134" WIDTH="13"/>
						<String ID="P34_ST00275" HPOS="748" VPOS="1103" WIDTH="30" HEIGHT="22" CONTENT="be" WC="1.00" CC="00"/>
						<SP ID="P34_SP00243" HPOS="778" VPOS="1134" WIDTH="18"/>
						<String ID="P34_ST00276" HPOS="796" VPOS="1103" WIDTH="89" HEIGHT="22" CONTENT="harder" WC="0.73" CC="406005"/>
						<SP ID="P34_SP00244" HPOS="885" VPOS="1134" WIDTH="12"/>
						<String ID="P34_ST00277" HPOS="897" VPOS="1107" WIDTH="25" HEIGHT="18" CONTENT="to" WC="0.38" CC="84"/>
					</TextLine>
					<TextLine ID="P34_TL00032" HPOS="77" VPOS="1136" WIDTH="846" HEIGHT="27">
						<String ID="P34_ST00278" HPOS="77" VPOS="1136" WIDTH="40" HEIGHT="23" CONTENT="tell" WC="0.85" CC="0500"/>
						<SP ID="P34_SP00245" HPOS="117" VPOS="1159" WIDTH="14"/>
						<String ID="P34_ST00279" HPOS="131" VPOS="1136" WIDTH="63" HEIGHT="23" CONTENT="what" WC="0.72" CC="0604"/>
						<SP ID="P34_SP00246" HPOS="194" VPOS="1159" WIDTH="13"/>
						<String ID="P34_ST00280" HPOS="207" VPOS="1137" WIDTH="19" HEIGHT="22" CONTENT="it" WC="0.98" CC="00"/>
						<SP ID="P34_SP00247" HPOS="226" VPOS="1159" WIDTH="12"/>
						<String ID="P34_ST00281" HPOS="238" VPOS="1136" WIDTH="39" HEIGHT="23" CONTENT="did" WC="0.97" CC="000"/>
						<SP ID="P34_SP00248" HPOS="277" VPOS="1159" WIDTH="15"/>
						<String ID="P34_ST00282" HPOS="292" VPOS="1140" WIDTH="49" HEIGHT="23" CONTENT="not," WC="0.73" CC="6102"/>
						<SP ID="P34_SP00249" HPOS="341" VPOS="1163" WIDTH="14"/>
						<String ID="P34_ST00283" HPOS="355" VPOS="1136" WIDTH="55" HEIGHT="23" CONTENT="than" WC="0.57" CC="0907"/>
						<SP ID="P34_SP00250" HPOS="410" VPOS="1163" WIDTH="16"/>
						<String ID="P34_ST00284" HPOS="426" VPOS="1136" WIDTH="64" HEIGHT="23" CONTENT="what" WC="0.95" CC="0200"/>
						<SP ID="P34_SP00251" HPOS="490" VPOS="1163" WIDTH="13"/>
						<String ID="P34_ST00285" HPOS="503" VPOS="1136" WIDTH="17" HEIGHT="23" CONTENT="it" WC="0.73" CC="50"/>
						<SP ID="P34_SP00252" HPOS="520" VPOS="1163" WIDTH="13"/>
						<String ID="P34_ST00286" HPOS="533" VPOS="1136" WIDTH="41" HEIGHT="23" CONTENT="did" WC="0.81" CC="050"/>
						<SP ID="P34_SP00253" HPOS="574" VPOS="1163" WIDTH="10"/>
						<String ID="P34_ST00287" HPOS="584" VPOS="1136" WIDTH="120" HEIGHT="23" CONTENT="embrace." WC="0.86" CC="09100000"/>
						<SP ID="P34_SP00254" HPOS="704" VPOS="1163" WIDTH="37"/>
						<String ID="P34_ST00288" HPOS="741" VPOS="1136" WIDTH="84" HEIGHT="24" CONTENT="Cæsar" WC="0.71" CC="00670"/>
						<SP ID="P34_SP00255" HPOS="825" VPOS="1163" WIDTH="9"/>
						<String ID="P34_ST00289" HPOS="834" VPOS="1137" WIDTH="89" HEIGHT="26" CONTENT="writes," WC="0.67" CC="0660252"/>
					</TextLine>
					<TextLine ID="P34_TL00033" HPOS="78" VPOS="1170" WIDTH="844" HEIGHT="31">
						<String ID="P34_ST00290" HPOS="78" VPOS="1174" WIDTH="13" HEIGHT="10" CONTENT='"' WC="1.00" CC="0"/>
						<SP ID="P34_SP00256" HPOS="91" VPOS="1184" WIDTH="12"/>
						<String ID="P34_ST00291" HPOS="103" VPOS="1170" WIDTH="26" HEIGHT="23" CONTENT="In" WC="0.60" CC="52"/>
						<SP ID="P34_SP00257" HPOS="129" VPOS="1193" WIDTH="14"/>
						<String ID="P34_ST00292" HPOS="143" VPOS="1170" WIDTH="85" HEIGHT="23" CONTENT="almost" WC="0.77" CC="000373"/>
						<SP ID="P34_SP00258" HPOS="228" VPOS="1193" WIDTH="16"/>
						<String ID="P34_ST00293" HPOS="244" VPOS="1170" WIDTH="29" HEIGHT="22" CONTENT="all" WC="0.89" CC="030"/>
						<SP ID="P34_SP00259" HPOS="273" VPOS="1193" WIDTH="15"/>
						<String ID="P34_ST00294" HPOS="288" VPOS="1170" WIDTH="182" HEIGHT="28" CONTENT="controversies," WC="0.82" CC="00351400130060"/>
						<SP ID="P34_SP00260" HPOS="470" VPOS="1198" WIDTH="12"/>
						<String ID="P34_ST00295" HPOS="482" VPOS="1170" WIDTH="109" HEIGHT="22" CONTENT="whether" WC="0.72" CC="9060200"/>
						<SP ID="P34_SP00261" HPOS="591" VPOS="1198" WIDTH="16"/>
						<String ID="P34_ST00296" HPOS="607" VPOS="1170" WIDTH="84" HEIGHT="30" CONTENT="public" WC="0.66" CC="087005"/>
						<SP ID="P34_SP00262" HPOS="691" VPOS="1200" WIDTH="18"/>
						<String ID="P34_ST00297" HPOS="709" VPOS="1178" WIDTH="28" HEIGHT="15" CONTENT="or" WC="0.98" CC="00"/>
						<SP ID="P34_SP00263" HPOS="737" VPOS="1200" WIDTH="19"/>
						<String ID="P34_ST00298" HPOS="756" VPOS="1170" WIDTH="103" HEIGHT="31" CONTENT="private," WC="0.87" CC="00400401"/>
						<SP ID="P34_SP00264" HPOS="859" VPOS="1201" WIDTH="22"/>
						<String ID="P34_ST00299" HPOS="881" VPOS="1170" WIDTH="41" HEIGHT="23" CONTENT="the" WC="0.82" CC="005"/>
					</TextLine>
					<TextLine ID="P34_TL00034" HPOS="77" VPOS="1203" WIDTH="845" HEIGHT="32">
						<String ID="P34_ST00300" HPOS="77" VPOS="1204" WIDTH="106" HEIGHT="23" CONTENT="decision" WC="0.80" CC="00405230"/>
						<SP ID="P34_SP00265" HPOS="183" VPOS="1227" WIDTH="17"/>
						<String ID="P34_ST00301" HPOS="200" VPOS="1204" WIDTH="19" HEIGHT="22" CONTENT="is" WC="0.50" CC="09"/>
						<SP ID="P34_SP00266" HPOS="219" VPOS="1227" WIDTH="21"/>
						<String ID="P34_ST00302" HPOS="240" VPOS="1203" WIDTH="42" HEIGHT="23" CONTENT="left" WC="0.86" CC="0022"/>
						<SP ID="P34_SP00267" HPOS="282" VPOS="1227" WIDTH="17"/>
						<String ID="P34_ST00303" HPOS="299" VPOS="1207" WIDTH="25" HEIGHT="19" CONTENT="to" WC="1.00" CC="00"/>
						<SP ID="P34_SP00268" HPOS="324" VPOS="1227" WIDTH="21"/>
						<String ID="P34_ST00304" HPOS="345" VPOS="1204" WIDTH="65" HEIGHT="22" CONTENT="them" WC="0.92" CC="0300"/>
						<SP ID="P34_SP00269" HPOS="410" VPOS="1227" WIDTH="12"/>
						<String ID="P34_ST00305" HPOS="422" VPOS="1212" WIDTH="6" HEIGHT="18" CONTENT=";" WC="1.00" CC="0"/>
						<SP ID="P34_SP00270" HPOS="428" VPOS="1230" WIDTH="26"/>
						<String ID="P34_ST00306" HPOS="454" VPOS="1204" WIDTH="47" HEIGHT="22" CONTENT="and" WC="0.77" CC="060"/>
						<SP ID="P34_SP00271" HPOS="501" VPOS="1230" WIDTH="20"/>
						<String ID="P34_ST00307" HPOS="521" VPOS="1203" WIDTH="21" HEIGHT="22" CONTENT="if" WC="0.98" CC="00"/>
						<SP ID="P34_SP00272" HPOS="542" VPOS="1230" WIDTH="19"/>
						<String ID="P34_ST00308" HPOS="561" VPOS="1212" WIDTH="47" HEIGHT="23" CONTENT="any" WC="1.00" CC="000"/>
						<SP ID="P34_SP00273" HPOS="608" VPOS="1235" WIDTH="21"/>
						<String ID="P34_ST00309" HPOS="629" VPOS="1203" WIDTH="74" HEIGHT="23" CONTENT="crime" WC="0.93" CC="03000"/>
						<SP ID="P34_SP00274" HPOS="703" VPOS="1235" WIDTH="24"/>
						<String ID="P34_ST00310" HPOS="727" VPOS="1204" WIDTH="20" HEIGHT="22" CONTENT="is" WC="0.49" CC="27"/>
						<SP ID="P34_SP00275" HPOS="747" VPOS="1235" WIDTH="25"/>
						<String ID="P34_ST00311" HPOS="772" VPOS="1204" WIDTH="150" HEIGHT="27" CONTENT="committed," WC="0.87" CC="0390000000"/>
					</TextLine>
					<TextLine ID="P34_TL00035" HPOS="76" VPOS="1237" WIDTH="845" HEIGHT="32">
						<String ID="P34_ST00312" HPOS="76" VPOS="1246" WIDTH="48" HEIGHT="23" CONTENT="any" WC="1.00" CC="000"/>
						<SP ID="P34_SP00276" HPOS="124" VPOS="1269" WIDTH="21"/>
						<String ID="P34_ST00313" HPOS="145" VPOS="1238" WIDTH="96" HEIGHT="22" CONTENT="murder" WC="0.86" CC="003004"/>
						<SP ID="P34_SP00277" HPOS="241" VPOS="1269" WIDTH="17"/>
						<String ID="P34_ST00314" HPOS="258" VPOS="1237" WIDTH="161" HEIGHT="31" CONTENT="perpetrated," WC="0.99" CC="000000000000"/>
						<SP ID="P34_SP00278" HPOS="419" VPOS="1269" WIDTH="25"/>
						<String ID="P34_ST00315" HPOS="444" VPOS="1237" WIDTH="21" HEIGHT="22" CONTENT="if" WC="1.00" CC="00"/>
						<SP ID="P34_SP00279" HPOS="465" VPOS="1269" WIDTH="22"/>
						<String ID="P34_ST00316" HPOS="487" VPOS="1245" WIDTH="47" HEIGHT="24" CONTENT="any" WC="0.47" CC="059"/>
						<SP ID="P34_SP00280" HPOS="534" VPOS="1269" WIDTH="18"/>
						<String ID="P34_ST00317" HPOS="552" VPOS="1237" WIDTH="96" HEIGHT="31" CONTENT="dispute" WC="0.88" CC="0130011"/>
						<SP ID="P34_SP00281" HPOS="648" VPOS="1269" WIDTH="21"/>
						<String ID="P34_ST00318" HPOS="669" VPOS="1238" WIDTH="62" HEIGHT="22" CONTENT="arise" WC="0.73" CC="06060"/>
						<SP ID="P34_SP00282" HPOS="731" VPOS="1269" WIDTH="21"/>
						<String ID="P34_ST00319" HPOS="752" VPOS="1238" WIDTH="117" HEIGHT="31" CONTENT="touching" WC="0.71" CC="01017660"/>
						<SP ID="P34_SP00283" HPOS="869" VPOS="1269" WIDTH="22"/>
						<String ID="P34_ST00320" HPOS="891" VPOS="1246" WIDTH="30" HEIGHT="15" CONTENT="an" WC="0.76" CC="04"/>
					</TextLine>
					<TextLine ID="P34_TL00036" HPOS="77" VPOS="1270" WIDTH="846" HEIGHT="32">
						<String ID="P34_ST00321" HPOS="77" VPOS="1272" WIDTH="158" HEIGHT="25" CONTENT="inheritance," WC="0.77" CC="057000506020"/>
						<SP ID="P34_SP00284" HPOS="235" VPOS="1297" WIDTH="19"/>
						<String ID="P34_ST00322" HPOS="254" VPOS="1279" WIDTH="27" HEIGHT="15" CONTENT="or" WC="0.90" CC="01"/>
						<SP ID="P34_SP00285" HPOS="281" VPOS="1297" WIDTH="18"/>
						<String ID="P34_ST00323" HPOS="299" VPOS="1271" WIDTH="40" HEIGHT="23" CONTENT="the" WC="0.63" CC="730"/>
						<SP ID="P34_SP00286" HPOS="339" VPOS="1297" WIDTH="15"/>
						<String ID="P34_ST00324" HPOS="354" VPOS="1271" WIDTH="63" HEIGHT="22" CONTENT="limit" WC="1.00" CC="00000"/>
						<SP ID="P34_SP00287" HPOS="417" VPOS="1297" WIDTH="16"/>
						<String ID="P34_ST00325" HPOS="433" VPOS="1270" WIDTH="28" HEIGHT="24" CONTENT="of" WC="0.64" CC="25"/>
						<SP ID="P34_SP00288" HPOS="461" VPOS="1297" WIDTH="14"/>
						<String ID="P34_ST00326" HPOS="475" VPOS="1279" WIDTH="30" HEIGHT="15" CONTENT="an" WC="1.00" CC="00"/>
						<SP ID="P34_SP00289" HPOS="505" VPOS="1297" WIDTH="19"/>
						<String ID="P34_ST00327" HPOS="524" VPOS="1271" WIDTH="124" HEIGHT="31" CONTENT="adjoining" WC="0.86" CC="000035020"/>
						<SP ID="P34_SP00290" HPOS="648" VPOS="1302" WIDTH="20"/>
						<String ID="P34_ST00328" HPOS="668" VPOS="1274" WIDTH="83" HEIGHT="24" CONTENT="estate," WC="0.85" CC="0510400"/>
						<SP ID="P34_SP00291" HPOS="751" VPOS="1302" WIDTH="16"/>
						<String ID="P34_ST00329" HPOS="767" VPOS="1272" WIDTH="24" HEIGHT="22" CONTENT="in" WC="0.79" CC="40"/>
						<SP ID="P34_SP00292" HPOS="791" VPOS="1302" WIDTH="20"/>
						<String ID="P34_ST00330" HPOS="811" VPOS="1271" WIDTH="31" HEIGHT="24" CONTENT="all" WC="0.58" CC="056"/>
						<SP ID="P34_SP00293" HPOS="842" VPOS="1302" WIDTH="20"/>
						<String ID="P34_ST00331" HPOS="862" VPOS="1272" WIDTH="61" HEIGHT="23" CONTENT="such" WC="0.50" CC="7506"/>
					</TextLine>
					<TextLine ID="P34_TL00037" HPOS="77" VPOS="1304" WIDTH="846" HEIGHT="32">
						<String ID="P34_ST00332" HPOS="77" VPOS="1313" WIDTH="66" HEIGHT="14" CONTENT="cases" WC="0.53" CC="70563"/>
						<SP ID="P34_SP00294" HPOS="143" VPOS="1327" WIDTH="13"/>
						<String ID="P34_ST00333" HPOS="156" VPOS="1306" WIDTH="55" HEIGHT="30" CONTENT="they" WC="1.00" CC="0000"/>
						<SP ID="P34_SP00295" HPOS="211" VPOS="1336" WIDTH="15"/>
						<String ID="P34_ST00334" HPOS="226" VPOS="1313" WIDTH="40" HEIGHT="15" CONTENT="are" WC="1.00" CC="000"/>
						<SP ID="P34_SP00296" HPOS="266" VPOS="1336" WIDTH="15"/>
						<String ID="P34_ST00335" HPOS="281" VPOS="1305" WIDTH="40" HEIGHT="22" CONTENT="the" WC="0.63" CC="640"/>
						<SP ID="P34_SP00297" HPOS="321" VPOS="1336" WIDTH="15"/>
						<String ID="P34_ST00336" HPOS="336" VPOS="1312" WIDTH="111" HEIGHT="23" CONTENT="supreme" WC="0.81" CC="3072000"/>
						<SP ID="P34_SP00298" HPOS="447" VPOS="1336" WIDTH="12"/>
						<String ID="P34_ST00337" HPOS="459" VPOS="1304" WIDTH="114" HEIGHT="31" CONTENT='judges."' WC="0.81" CC="06003301"/>
						<SP ID="P34_SP00299" HPOS="573" VPOS="1336" WIDTH="37"/>
						<String ID="P34_ST00338" HPOS="610" VPOS="1305" WIDTH="38" HEIGHT="23" CONTENT="To" WC="1.00" CC="00"/>
						<SP ID="P34_SP00300" HPOS="648" VPOS="1336" WIDTH="17"/>
						<String ID="P34_ST00339" HPOS="665" VPOS="1305" WIDTH="94" HEIGHT="30" CONTENT="qualify" WC="0.94" CC="0300000"/>
						<SP ID="P34_SP00301" HPOS="759" VPOS="1336" WIDTH="15"/>
						<String ID="P34_ST00340" HPOS="774" VPOS="1306" WIDTH="40" HEIGHT="23" CONTENT="the" WC="0.66" CC="360"/>
						<SP ID="P34_SP00302" HPOS="814" VPOS="1336" WIDTH="16"/>
						<String ID="P34_ST00341" HPOS="830" VPOS="1305" WIDTH="93" HEIGHT="23" CONTENT="Druids" WC="0.86" CC="000008"/>
					</TextLine>
					<TextLine ID="P34_TL00038" HPOS="76" VPOS="1338" WIDTH="847" HEIGHT="32">
						<String ID="P34_ST00342" HPOS="76" VPOS="1339" WIDTH="40" HEIGHT="22" CONTENT="for" WC="0.60" CC="604"/>
						<SP ID="P34_SP00303" HPOS="116" VPOS="1361" WIDTH="14"/>
						<String ID="P34_ST00343" HPOS="130" VPOS="1339" WIDTH="46" HEIGHT="22" CONTENT="this" WC="0.57" CC="3607"/>
						<SP ID="P34_SP00304" HPOS="176" VPOS="1361" WIDTH="23"/>
						<String ID="P34_ST00344" HPOS="199" VPOS="1339" WIDTH="44" HEIGHT="22" CONTENT="last" WC="0.79" CC="0044"/>
						<SP ID="P34_SP00305" HPOS="243" VPOS="1361" WIDTH="18"/>
						<String ID="P34_ST00345" HPOS="261" VPOS="1339" WIDTH="68" HEIGHT="29" CONTENT="duty," WC="0.86" CC="07000"/>
						<SP ID="P34_SP00306" HPOS="329" VPOS="1368" WIDTH="24"/>
						<String ID="P34_ST00346" HPOS="353" VPOS="1339" WIDTH="131" HEIGHT="30" CONTENT="surveying" WC="0.87" CC="005000500"/>
						<SP ID="P34_SP00307" HPOS="484" VPOS="1369" WIDTH="17"/>
						<String ID="P34_ST00347" HPOS="501" VPOS="1339" WIDTH="48" HEIGHT="22" CONTENT="and" WC="0.76" CC="070"/>
						<SP ID="P34_SP00308" HPOS="549" VPOS="1369" WIDTH="18"/>
						<String ID="P34_ST00348" HPOS="567" VPOS="1338" WIDTH="211" HEIGHT="32" CONTENT="land-measuring" WC="0.73" CC="50000900502039"/>
						<SP ID="P34_SP00309" HPOS="778" VPOS="1370" WIDTH="18"/>
						<String ID="P34_ST00349" HPOS="796" VPOS="1339" WIDTH="93" HEIGHT="24" CONTENT="formed" WC="0.73" CC="144060"/>
						<SP ID="P34_SP00310" HPOS="889" VPOS="1370" WIDTH="19"/>
						<String ID="P34_ST00350" HPOS="908" VPOS="1346" WIDTH="15" HEIGHT="16" CONTENT="a" WC="1.00" CC="0"/>
					</TextLine>
					<TextLine ID="P34_TL00039" HPOS="77" VPOS="1372" WIDTH="845" HEIGHT="30">
						<String ID="P34_ST00351" HPOS="77" VPOS="1373" WIDTH="96" HEIGHT="29" CONTENT="regular" WC="0.32" CC="1988666"/>
						<SP ID="P34_SP00311" HPOS="173" VPOS="1402" WIDTH="16"/>
						<String ID="P34_ST00352" HPOS="189" VPOS="1373" WIDTH="91" HEIGHT="22" CONTENT="branch" WC="0.82" CC="020800"/>
						<SP ID="P34_SP00312" HPOS="280" VPOS="1402" WIDTH="17"/>
						<String ID="P34_ST00353" HPOS="297" VPOS="1372" WIDTH="28" HEIGHT="23" CONTENT="of" WC="0.70" CC="06"/>
						<SP ID="P34_SP00313" HPOS="325" VPOS="1402" WIDTH="14"/>
						<String ID="P34_ST00354" HPOS="339" VPOS="1372" WIDTH="63" HEIGHT="23" CONTENT="their" WC="0.77" CC="02062"/>
						<SP ID="P34_SP00314" HPOS="402" VPOS="1402" WIDTH="16"/>
						<String ID="P34_ST00355" HPOS="418" VPOS="1372" WIDTH="135" HEIGHT="23" CONTENT="education." WC="0.86" CC="0045000400"/>
						<SP ID="P34_SP00315" HPOS="553" VPOS="1402" WIDTH="39"/>
						<String ID="P34_ST00356" HPOS="592" VPOS="1372" WIDTH="53" HEIGHT="23" CONTENT="The" WC="1.00" CC="000"/>
						<SP ID="P34_SP00316" HPOS="645" VPOS="1402" WIDTH="22"/>
						<String ID="P34_ST00357" HPOS="667" VPOS="1373" WIDTH="168" HEIGHT="28" CONTENT="Arch-Druid," WC="0.86" CC="04002024000"/>
						<SP ID="P34_SP00317" HPOS="835" VPOS="1402" WIDTH="17"/>
						<String ID="P34_ST00358" HPOS="852" VPOS="1373" WIDTH="70" HEIGHT="23" CONTENT="when" WC="0.88" CC="0004"/>
					</TextLine>
					<TextLine ID="P34_TL00040" HPOS="76" VPOS="1406" WIDTH="846" HEIGHT="30">
						<String ID="P34_ST00359" HPOS="76" VPOS="1407" WIDTH="123" HEIGHT="29" CONTENT="presiding" WC="0.83" CC="000700070"/>
						<SP ID="P34_SP00318" HPOS="199" VPOS="1436" WIDTH="10"/>
						<String ID="P34_ST00360" HPOS="209" VPOS="1407" WIDTH="23" HEIGHT="22" CONTENT="in" WC="0.83" CC="03"/>
						<SP ID="P34_SP00319" HPOS="232" VPOS="1436" WIDTH="12"/>
						<String ID="P34_ST00361" HPOS="244" VPOS="1406" WIDTH="36" HEIGHT="23" CONTENT="his" WC="0.87" CC="003"/>
						<SP ID="P34_SP00320" HPOS="280" VPOS="1436" WIDTH="10"/>
						<String ID="P34_ST00362" HPOS="290" VPOS="1409" WIDTH="81" HEIGHT="25" CONTENT="court," WC="0.76" CC="005620"/>
						<SP ID="P34_SP00321" HPOS="371" VPOS="1436" WIDTH="12"/>
						<String ID="P34_ST00363" HPOS="383" VPOS="1413" WIDTH="64" HEIGHT="16" CONTENT="wore" WC="0.94" CC="0200"/>
						<SP ID="P34_SP00322" HPOS="447" VPOS="1436" WIDTH="13"/>
						<String ID="P34_ST00364" HPOS="460" VPOS="1406" WIDTH="40" HEIGHT="23" CONTENT="the" WC="0.77" CC="060"/>
						<SP ID="P34_SP00323" HPOS="500" VPOS="1436" WIDTH="10"/>
						<String ID="P34_ST00365" HPOS="510" VPOS="1407" WIDTH="71" HEIGHT="22" CONTENT="robes" WC="0.86" CC="40200"/>
						<SP ID="P34_SP00324" HPOS="581" VPOS="1436" WIDTH="8"/>
						<String ID="P34_ST00366" HPOS="589" VPOS="1406" WIDTH="97" HEIGHT="30" CONTENT="already" WC="0.91" CC="0500000"/>
						<SP ID="P34_SP00325" HPOS="686" VPOS="1436" WIDTH="11"/>
						<String ID="P34_ST00367" HPOS="697" VPOS="1407" WIDTH="135" HEIGHT="22" CONTENT="described." WC="0.83" CC="0040407000"/>
						<SP ID="P34_SP00326" HPOS="832" VPOS="1436" WIDTH="37"/>
						<String ID="P34_ST00368" HPOS="869" VPOS="1407" WIDTH="53" HEIGHT="22" CONTENT="The" WC="0.89" CC="030"/>
					</TextLine>
				</TextBlock>
				<TextBlock ID="P34_TB00004" HPOS="116" VPOS="1494" WIDTH="295" HEIGHT="19" STYLEREFS="TXT_1 PAR_LEFT">
					<TextLine ID="P34_TL00041" HPOS="117" VPOS="1494" WIDTH="294" HEIGHT="19">
						<String ID="P34_ST00369" HPOS="117" VPOS="1495" WIDTH="11" HEIGHT="11" CONTENT="*" WC="1.00" CC="0"/>
						<SP ID="P34_SP00327" HPOS="128" VPOS="1506" WIDTH="11"/>
						<String ID="P34_ST00370" HPOS="139" VPOS="1494" WIDTH="60" HEIGHT="19" CONTENT="Arch." WC="0.52" CC="93550"/>
						<SP ID="P34_SP00328" HPOS="199" VPOS="1513" WIDTH="12"/>
						<String ID="P34_ST00371" HPOS="211" VPOS="1495" WIDTH="72" HEIGHT="18" CONTENT="Camb." WC="0.77" CC="00640"/>
						<SP ID="P34_SP00329" HPOS="283" VPOS="1513" WIDTH="11"/>
						<String ID="P34_ST00372" HPOS="294" VPOS="1495" WIDTH="49" HEIGHT="18" CONTENT="Jan." WC="0.63" CC="7070"/>
						<SP ID="P34_SP00330" HPOS="343" VPOS="1513" WIDTH="10"/>
						<String ID="P34_ST00373" HPOS="353" VPOS="1495" WIDTH="58" HEIGHT="18" CONTENT="1850." WC="0.64" CC="14640"/>
					</TextLine>
				</TextBlock>
				<TextBlock ID="P34_TB00005" HPOS="523" VPOS="1495" WIDTH="313" HEIGHT="25" STYLEREFS="TXT_1 PAR_RIGHT">
					<TextLine ID="P34_TL00042" HPOS="523" VPOS="1495" WIDTH="313" HEIGHT="25">
						<String ID="P34_ST00374" HPOS="523" VPOS="1496" WIDTH="14" HEIGHT="23" CONTENT="t" WC="0.30" CC="6"/>
						<SP ID="P34_SP00331" HPOS="537" VPOS="1519" WIDTH="10"/>
						<String ID="P34_ST00375" HPOS="547" VPOS="1495" WIDTH="120" HEIGHT="21" CONTENT="Williams's" WC="0.67" CC="0300407636"/>
						<SP ID="P34_SP00332" HPOS="667" VPOS="1519" WIDTH="11"/>
						<String ID="P34_ST00376" HPOS="678" VPOS="1495" WIDTH="83" HEIGHT="25" CONTENT="Cymry," WC="0.83" CC="080001"/>
						<SP ID="P34_SP00333" HPOS="761" VPOS="1520" WIDTH="11"/>
						<String ID="P34_ST00377" HPOS="772" VPOS="1502" WIDTH="20" HEIGHT="18" CONTENT="p." WC="0.63" CC="70"/>
						<SP ID="P34_SP00334" HPOS="792" VPOS="1520" WIDTH="13"/>
						<String ID="P34_ST00378" HPOS="805" VPOS="1495" WIDTH="31" HEIGHT="20" CONTENT="16." WC="0.96" CC="000"/>
					</TextLine>
				</TextBlock>
			</PrintSpace>
		</Page>
	</Layout>
</alto>
