<?xml version="1.0" encoding="UTF-8"?>
<alto xmlns:xsi="http://www.w3.org/2001/XMLSchema-instance" xsi:noNamespaceSchemaLocation="http://www.bl.uk/schemas/alto/alto-1-4.xsd" xmlns:xlink="http://www.w3.org/1999/xlink">
	<Description>
		<MeasurementUnit>mm10</MeasurementUnit>
		<sourceImageInformation>
			<fileName>//head1/IN/2008-08/A0011239203/000241.jp2</fileName>
		</sourceImageInformation>
		<OCRProcessing ID="OCRPROCESSING_1">
			<preProcessingStep>
				<processingSoftware>
					<softwareCreator>CCS Content Conversion Specialists GmbH, Germany</softwareCreator>
					<softwareName>CCS docWORKS</softwareName>
					<softwareVersion>6.1-0.67</softwareVersion>
				</processingSoftware>
			</preProcessingStep>
			<ocrProcessingStep>
				<processingSoftware>
					<softwareCreator>ABBYY (BIT Software), Russia</softwareCreator>
					<softwareName>Finereader</softwareName>
				</processingSoftware>
			</ocrProcessingStep>
		</OCRProcessing>
	</Description>
	<Styles>
		<TextStyle ID="TXT_0" FONTSIZE="9" FONTFAMILY="Courier New"/>
		<TextStyle ID="TXT_1" FONTSIZE="10" FONTFAMILY="Courier New"/>
		<ParagraphStyle ID="PAR_CENTER" ALIGN="Center"/>
		<ParagraphStyle ID="PAR_RIGHT" ALIGN="Right"/>
		<ParagraphStyle ID="PAR_LEFT" ALIGN="Left"/>
	</Styles>
	<Layout>
		<Page ID="P237" PHYSICAL_IMG_NR="237" HEIGHT="1673" WIDTH="1059" PRINTED_IMG_NR="17" POSITION="Right" ACCURACY="67.43">
			<TopMargin ID="P237_TM00001" HPOS="0" VPOS="0" WIDTH="1059" HEIGHT="76">
				<TextBlock ID="P237_TB00001" HPOS="193" VPOS="41" WIDTH="651" HEIGHT="35" STYLEREFS="TXT_0 PAR_CENTER">
					<TextLine ID="P237_TL00001" HPOS="193" VPOS="42" WIDTH="651" HEIGHT="34">
						<String ID="P237_ST00001" HPOS="193" VPOS="42" WIDTH="120" HEIGHT="28" CONTENT="Samuel" WC="0.56" CC="506806"/>
						<SP ID="P237_SP00001" HPOS="313" VPOS="70" WIDTH="19"/>
						<String ID="P237_ST00002" HPOS="332" VPOS="43" WIDTH="119" HEIGHT="33" CONTENT="Tinsley" WC="0.55" CC="7802507"/>
						<SP ID="P237_SP00002" HPOS="451" VPOS="76" WIDTH="18"/>
						<String ID="P237_ST00003" HPOS="469" VPOS="43" WIDTH="59" HEIGHT="27" CONTENT="and" WC="0.53" CC="076"/>
						<SP ID="P237_SP00003" HPOS="528" VPOS="76" WIDTH="20"/>
						<String ID="P237_ST00004" HPOS="548" VPOS="43" WIDTH="70" HEIGHT="27" CONTENT="Co.'s" WC="0.65" CC="70243"/>
						<SP ID="P237_SP00004" HPOS="618" VPOS="76" WIDTH="22"/>
						<String ID="P237_ST00005" HPOS="640" VPOS="43" WIDTH="204" HEIGHT="27" CONTENT="Publications." WC="0.55" CC="8788100034742"/>
					</TextLine>
				</TextBlock>
				<TextBlock ID="P237_TB00002" HPOS="921" VPOS="49" WIDTH="27" HEIGHT="25" STYLEREFS="TXT_1 PAR_RIGHT">
					<TextLine ID="P237_TL00002" HPOS="921" VPOS="49" WIDTH="27" HEIGHT="25">
						<String ID="P237_ST00006" HPOS="921" VPOS="49" WIDTH="27" HEIGHT="25" CONTENT="17" WC="1.00" CC="00"/>
					</TextLine>
				</TextBlock>
			</TopMargin>
			<LeftMargin ID="P237_LM00001" HPOS="0" VPOS="76" WIDTH="75" HEIGHT="1510"/>
			<RightMargin ID="P237_RM00001" HPOS="949" VPOS="76" WIDTH="110" HEIGHT="1510"/>
			<BottomMargin ID="P237_BM00001" HPOS="0" VPOS="1586" WIDTH="1059" HEIGHT="87"/>
			<PrintSpace ID="P237_PS00001" HPOS="75" VPOS="76" WIDTH="879" HEIGHT="1510">
				<TextBlock ID="P237_TB00003" HPOS="219" VPOS="171" WIDTH="595" HEIGHT="32" STYLEREFS="TXT_1 PAR_CENTER">
					<TextLine ID="P237_TL00003" HPOS="220" VPOS="171" WIDTH="594" HEIGHT="32">
						<String ID="P237_ST00007" HPOS="220" VPOS="171" WIDTH="181" HEIGHT="27" CONTENT="POPULAR" WC="0.73" CC="2460500"/>
						<SP ID="P237_SP00005" HPOS="401" VPOS="198" WIDTH="33"/>
						<String ID="P237_ST00008" HPOS="434" VPOS="172" WIDTH="89" HEIGHT="26" CONTENT="NEW" WC="0.83" CC="500"/>
						<SP ID="P237_SP00006" HPOS="523" VPOS="198" WIDTH="32"/>
						<String ID="P237_ST00009" HPOS="555" VPOS="172" WIDTH="161" HEIGHT="31" CONTENT="NOVELS," WC="0.81" CC="1003006"/>
						<SP ID="P237_SP00007" HPOS="716" VPOS="203" WIDTH="30"/>
						<String ID="P237_ST00010" HPOS="746" VPOS="173" WIDTH="68" HEIGHT="30" CONTENT="&amp;c." WC="0.45" CC="483"/>
					</TextLine>
				</TextBlock>
				<TextBlock ID="P237_TB00004" HPOS="281" VPOS="231" WIDTH="480" HEIGHT="17" STYLEREFS="TXT_0 PAR_CENTER">
					<TextLine ID="P237_TL00004" HPOS="282" VPOS="231" WIDTH="479" HEIGHT="17">
						<String ID="P237_ST00011" HPOS="282" VPOS="231" WIDTH="78" HEIGHT="16" CONTENT="EACH" WC="0.42" CC="8608"/>
						<SP ID="P237_SP00008" HPOS="360" VPOS="247" WIDTH="9"/>
						<String ID="P237_ST00012" HPOS="369" VPOS="231" WIDTH="150" HEIGHT="17" CONTENT="COMPLETE" WC="0.34" CC="04778878"/>
						<SP ID="P237_SP00009" HPOS="519" VPOS="248" WIDTH="11"/>
						<String ID="P237_ST00013" HPOS="530" VPOS="232" WIDTH="35" HEIGHT="16" CONTENT="IN" WC="0.21" CC="78"/>
						<SP ID="P237_SP00010" HPOS="565" VPOS="248" WIDTH="8"/>
						<String ID="P237_ST00014" HPOS="573" VPOS="232" WIDTH="56" HEIGHT="16" CONTENT="ONE" WC="0.57" CC="066"/>
						<SP ID="P237_SP00011" HPOS="629" VPOS="248" WIDTH="12"/>
						<String ID="P237_ST00015" HPOS="641" VPOS="233" WIDTH="120" HEIGHT="15" CONTENT="VOLUME." WC="0.71" CC="5020640"/>
					</TextLine>
				</TextBlock>
				<TextBlock ID="P237_TB00005" HPOS="78" VPOS="276" WIDTH="876" HEIGHT="553" STYLEREFS="TXT_1 PAR_LEFT">
					<TextLine ID="P237_TL00005" HPOS="283" VPOS="281" WIDTH="667" HEIGHT="35">
						<String ID="P237_ST00016" HPOS="283" VPOS="281" WIDTH="89" HEIGHT="26" CONTENT="AND" WC="0.78" CC="131"/>
						<SP ID="P237_SP00012" HPOS="372" VPOS="307" WIDTH="23"/>
						<String ID="P237_ST00017" HPOS="395" VPOS="281" WIDTH="112" HEIGHT="27" CONTENT="EVE'S" WC="0.77" CC="30160"/>
						<SP ID="P237_SP00013" HPOS="507" VPOS="308" WIDTH="15"/>
						<String ID="P237_ST00018" HPOS="522" VPOS="282" WIDTH="254" HEIGHT="34" CONTENT="COURTSHIP;" WC="0.76" CC="0005125070"/>
						<SP ID="P237_SP00014" HPOS="776" VPOS="316" WIDTH="22"/>
						<String ID="P237_ST00019" HPOS="798" VPOS="293" WIDTH="32" HEIGHT="17" CONTENT="or" WC="0.69" CC="14"/>
						<SP ID="P237_SP00015" HPOS="830" VPOS="316" WIDTH="13"/>
						<String ID="P237_ST00020" HPOS="843" VPOS="284" WIDTH="63" HEIGHT="26" CONTENT="how" WC="0.40" CC="754"/>
						<SP ID="P237_SP00016" HPOS="906" VPOS="316" WIDTH="13"/>
						<String ID="P237_ST00021" HPOS="919" VPOS="288" WIDTH="31" HEIGHT="22" CONTENT="to" WC="0.48" CC="28"/>
					</TextLine>
					<TextLine ID="P237_TL00006" HPOS="92" VPOS="309" WIDTH="811" HEIGHT="40">
						<String ID="P237_ST00022" HPOS="92" VPOS="309" WIDTH="74" HEIGHT="39" CONTENT="Ulll" WC="0.16" CC="8887" STYLEREFS="TXT_0"/>
						<SP ID="P237_SP00017" HPOS="166" VPOS="348" WIDTH="33"/>
						<String ID="P237_ST00023" HPOS="199" VPOS="317" WIDTH="77" HEIGHT="22" CONTENT="Write" WC="0.78" CC="13050" STYLEREFS="TXT_0"/>
						<SP ID="P237_SP00018" HPOS="276" VPOS="348" WIDTH="11"/>
						<String ID="P237_ST00024" HPOS="287" VPOS="325" WIDTH="15" HEIGHT="14" CONTENT="a" WC="0.62" CC="3" STYLEREFS="TXT_0"/>
						<SP ID="P237_SP00019" HPOS="302" VPOS="348" WIDTH="13"/>
						<String ID="P237_ST00025" HPOS="315" VPOS="318" WIDTH="85" HEIGHT="23" CONTENT="Novel." WC="0.72" CC="402062" STYLEREFS="TXT_0"/>
						<SP ID="P237_SP00020" HPOS="400" VPOS="348" WIDTH="34"/>
						<String ID="P237_ST00026" HPOS="434" VPOS="319" WIDTH="36" HEIGHT="27" CONTENT="By" WC="0.29" CC="67" STYLEREFS="TXT_0"/>
						<SP ID="P237_SP00021" HPOS="470" VPOS="348" WIDTH="11"/>
						<String ID="P237_ST00027" HPOS="481" VPOS="319" WIDTH="50" HEIGHT="28" CONTENT="Jay" WC="0.69" CC="043" STYLEREFS="TXT_0"/>
						<SP ID="P237_SP00022" HPOS="531" VPOS="348" WIDTH="13"/>
						<String ID="P237_ST00028" HPOS="544" VPOS="319" WIDTH="73" HEIGHT="22" CONTENT="Wye." WC="0.59" CC="0663" STYLEREFS="TXT_0"/>
						<SP ID="P237_SP00023" HPOS="617" VPOS="348" WIDTH="34"/>
						<String ID="P237_ST00029" HPOS="651" VPOS="321" WIDTH="85" HEIGHT="21" CONTENT="Crown" WC="0.49" CC="08367" STYLEREFS="TXT_0"/>
						<SP ID="P237_SP00024" HPOS="736" VPOS="348" WIDTH="12"/>
						<String ID="P237_ST00030" HPOS="748" VPOS="321" WIDTH="60" HEIGHT="28" CONTENT="8vo," WC="0.58" CC="6037" STYLEREFS="TXT_0"/>
						<SP ID="P237_SP00025" HPOS="808" VPOS="349" WIDTH="12"/>
						<String ID="P237_ST00031" HPOS="820" VPOS="327" WIDTH="33" HEIGHT="22" CONTENT="7s." WC="0.94" CC="100" STYLEREFS="TXT_0"/>
						<SP ID="P237_SP00026" HPOS="853" VPOS="349" WIDTH="13"/>
						<String ID="P237_ST00032" HPOS="866" VPOS="321" WIDTH="37" HEIGHT="22" CONTENT="6d." WC="0.83" CC="050" STYLEREFS="TXT_0"/>
					</TextLine>
					<TextLine ID="P237_TL00007" HPOS="85" VPOS="369" WIDTH="865" HEIGHT="37">
						<String ID="P237_ST00033" HPOS="85" VPOS="369" WIDTH="286" HEIGHT="29" CONTENT="ADVENTURES" WC="0.72" CC="0300721507"/>
						<SP ID="P237_SP00027" HPOS="371" VPOS="398" WIDTH="24"/>
						<String ID="P237_ST00034" HPOS="395" VPOS="371" WIDTH="52" HEIGHT="27" CONTENT="OF" WC="0.92" CC="01"/>
						<SP ID="P237_SP00028" HPOS="447" VPOS="398" WIDTH="27"/>
						<String ID="P237_ST00035" HPOS="474" VPOS="371" WIDTH="107" HEIGHT="27" CONTENT="MICK" WC="0.94" CC="0001"/>
						<SP ID="P237_SP00029" HPOS="581" VPOS="398" WIDTH="26"/>
						<String ID="P237_ST00036" HPOS="607" VPOS="372" WIDTH="241" HEIGHT="33" CONTENT="CALLIGHIN," WC="0.90" CC="0001004021"/>
						<SP ID="P237_SP00030" HPOS="848" VPOS="405" WIDTH="25"/>
						<String ID="P237_ST00037" HPOS="873" VPOS="375" WIDTH="77" HEIGHT="31" CONTENT="M.P," WC="0.59" CC="0087"/>
					</TextLine>
					<TextLine ID="P237_TL00008" HPOS="115" VPOS="408" WIDTH="836" HEIGHT="31">
						<String ID="P237_ST00038" HPOS="115" VPOS="408" WIDTH="67" HEIGHT="21" CONTENT="The." WC="0.67" CC="0641"/>
						<SP ID="P237_SP00031" HPOS="182" VPOS="429" WIDTH="33"/>
						<String ID="P237_ST00039" HPOS="215" VPOS="408" WIDTH="23" HEIGHT="21" CONTENT="A" WC="0.98" CC="0"/>
						<SP ID="P237_SP00032" HPOS="238" VPOS="429" WIDTH="20"/>
						<String ID="P237_ST00040" HPOS="258" VPOS="408" WIDTH="70" HEIGHT="28" CONTENT="Story" WC="0.57" CC="03637"/>
						<SP ID="P237_SP00033" HPOS="328" VPOS="436" WIDTH="19"/>
						<String ID="P237_ST00041" HPOS="347" VPOS="408" WIDTH="26" HEIGHT="21" CONTENT="of" WC="0.77" CC="04"/>
						<SP ID="P237_SP00034" HPOS="373" VPOS="436" WIDTH="18"/>
						<String ID="P237_ST00042" HPOS="391" VPOS="409" WIDTH="81" HEIGHT="21" CONTENT="Home" WC="0.64" CC="7070"/>
						<SP ID="P237_SP00035" HPOS="472" VPOS="436" WIDTH="19"/>
						<String ID="P237_ST00043" HPOS="491" VPOS="409" WIDTH="75" HEIGHT="27" CONTENT="Rule;" WC="0.81" CC="02410"/>
						<SP ID="P237_SP00036" HPOS="566" VPOS="436" WIDTH="26"/>
						<String ID="P237_ST00044" HPOS="592" VPOS="409" WIDTH="70" HEIGHT="22" CONTENT="THE" WC="0.87" CC="012"/>
						<SP ID="P237_SP00037" HPOS="662" VPOS="436" WIDTH="20"/>
						<String ID="P237_ST00045" HPOS="682" VPOS="410" WIDTH="46" HEIGHT="21" CONTENT="DE" WC="0.47" CC="46"/>
						<SP ID="P237_SP00038" HPOS="728" VPOS="436" WIDTH="19"/>
						<String ID="P237_ST00046" HPOS="747" VPOS="411" WIDTH="172" HEIGHT="28" CONTENT="BURGHOS," WC="0.71" CC="00400762"/>
						<SP ID="P237_SP00039" HPOS="919" VPOS="439" WIDTH="17"/>
						<String ID="P237_ST00047" HPOS="936" VPOS="419" WIDTH="15" HEIGHT="14" CONTENT="a" WC="0.48" CC="5"/>
					</TextLine>
					<TextLine ID="P237_TL00009" HPOS="118" VPOS="437" WIDTH="832" HEIGHT="33">
						<String ID="P237_ST00048" HPOS="118" VPOS="437" WIDTH="132" HEIGHT="22" CONTENT="Romance." WC="0.60" CC="32886002" STYLEREFS="TXT_0"/>
						<SP ID="P237_SP00040" HPOS="250" VPOS="459" WIDTH="34"/>
						<String ID="P237_ST00049" HPOS="284" VPOS="438" WIDTH="36" HEIGHT="29" CONTENT="By" WC="0.91" CC="01" STYLEREFS="TXT_0"/>
						<SP ID="P237_SP00041" HPOS="320" VPOS="467" WIDTH="11"/>
						<String ID="P237_ST00050" HPOS="331" VPOS="438" WIDTH="38" HEIGHT="22" CONTENT="W." WC="0.98" CC="00" STYLEREFS="TXT_0"/>
						<SP ID="P237_SP00042" HPOS="369" VPOS="467" WIDTH="24"/>
						<String ID="P237_ST00051" HPOS="393" VPOS="438" WIDTH="28" HEIGHT="21" CONTENT="R." WC="0.70" CC="50" STYLEREFS="TXT_0"/>
						<SP ID="P237_SP00043" HPOS="421" VPOS="467" WIDTH="23"/>
						<String ID="P237_ST00052" HPOS="444" VPOS="439" WIDTH="167" HEIGHT="23" CONTENT="Ancketill." WC="0.84" CC="0400005050" STYLEREFS="TXT_0"/>
						<SP ID="P237_SP00044" HPOS="611" VPOS="467" WIDTH="42"/>
						<String ID="P237_ST00053" HPOS="653" VPOS="441" WIDTH="29" HEIGHT="21" CONTENT="In" WC="0.72" CC="05" STYLEREFS="TXT_0"/>
						<SP ID="P237_SP00045" HPOS="682" VPOS="467" WIDTH="22"/>
						<String ID="P237_ST00054" HPOS="704" VPOS="448" WIDTH="45" HEIGHT="14" CONTENT="one" WC="0.82" CC="050" STYLEREFS="TXT_0"/>
						<SP ID="P237_SP00046" HPOS="749" VPOS="467" WIDTH="23"/>
						<String ID="P237_ST00055" HPOS="772" VPOS="441" WIDTH="109" HEIGHT="29" CONTENT="Volume," WC="0.90" CC="0000330" STYLEREFS="TXT_0"/>
						<SP ID="P237_SP00047" HPOS="881" VPOS="470" WIDTH="13"/>
						<String ID="P237_ST00056" HPOS="894" VPOS="442" WIDTH="56" HEIGHT="21" CONTENT="with" WC="0.60" CC="0167" STYLEREFS="TXT_0"/>
					</TextLine>
					<TextLine ID="P237_TL00010" HPOS="117" VPOS="468" WIDTH="457" HEIGHT="30">
						<String ID="P237_ST00057" HPOS="117" VPOS="468" WIDTH="167" HEIGHT="22" CONTENT="Illustrations." WC="0.54" CC="64057526420673" STYLEREFS="TXT_0"/>
						<SP ID="P237_SP00048" HPOS="284" VPOS="490" WIDTH="35"/>
						<String ID="P237_ST00058" HPOS="319" VPOS="469" WIDTH="84" HEIGHT="21" CONTENT="Crown" WC="0.69" CC="30027" STYLEREFS="TXT_0"/>
						<SP ID="P237_SP00049" HPOS="403" VPOS="490" WIDTH="14"/>
						<String ID="P237_ST00059" HPOS="417" VPOS="469" WIDTH="60" HEIGHT="29" CONTENT="8vo," WC="0.61" CC="3407" STYLEREFS="TXT_0"/>
						<SP ID="P237_SP00050" HPOS="477" VPOS="498" WIDTH="11"/>
						<String ID="P237_ST00060" HPOS="488" VPOS="475" WIDTH="34" HEIGHT="22" CONTENT="7s." WC="0.84" CC="004" STYLEREFS="TXT_0"/>
						<SP ID="P237_SP00051" HPOS="522" VPOS="498" WIDTH="13"/>
						<String ID="P237_ST00061" HPOS="535" VPOS="469" WIDTH="39" HEIGHT="22" CONTENT="6d." WC="0.81" CC="005" STYLEREFS="TXT_0"/>
					</TextLine>
					<TextLine ID="P237_TL00011" HPOS="84" VPOS="519" WIDTH="865" HEIGHT="38">
						<String ID="P237_ST00062" HPOS="84" VPOS="519" WIDTH="53" HEIGHT="28" CONTENT="AS" WC="0.75" CC="40"/>
						<SP ID="P237_SP00052" HPOS="137" VPOS="547" WIDTH="24"/>
						<String ID="P237_ST00063" HPOS="161" VPOS="520" WIDTH="88" HEIGHT="26" CONTENT="THE" WC="0.90" CC="020"/>
						<SP ID="P237_SP00053" HPOS="249" VPOS="547" WIDTH="19"/>
						<String ID="P237_ST00064" HPOS="268" VPOS="520" WIDTH="132" HEIGHT="27" CONTENT="FATES" WC="0.92" CC="03000"/>
						<SP ID="P237_SP00054" HPOS="400" VPOS="547" WIDTH="28"/>
						<String ID="P237_ST00065" HPOS="428" VPOS="520" WIDTH="154" HEIGHT="27" CONTENT="WOULD" WC="1.00" CC="00000"/>
						<SP ID="P237_SP00055" HPOS="582" VPOS="547" WIDTH="30"/>
						<String ID="P237_ST00066" HPOS="612" VPOS="521" WIDTH="116" HEIGHT="27" CONTENT="HAVE" WC="0.90" CC="4000"/>
						<SP ID="P237_SP00056" HPOS="728" VPOS="548" WIDTH="23"/>
						<String ID="P237_ST00067" HPOS="751" VPOS="523" WIDTH="47" HEIGHT="25" CONTENT="IT." WC="0.66" CC="324"/>
						<SP ID="P237_SP00057" HPOS="798" VPOS="548" WIDTH="55"/>
						<String ID="P237_ST00068" HPOS="853" VPOS="523" WIDTH="42" HEIGHT="34" CONTENT="By" WC="0.35" CC="57"/>
						<SP ID="P237_SP00058" HPOS="895" VPOS="557" WIDTH="21"/>
						<String ID="P237_ST00069" HPOS="916" VPOS="523" WIDTH="33" HEIGHT="26" CONTENT="G." WC="1.00" CC="00"/>
					</TextLine>
					<TextLine ID="P237_TL00012" HPOS="116" VPOS="557" WIDTH="661" HEIGHT="29">
						<String ID="P237_ST00070" HPOS="116" VPOS="557" WIDTH="163" HEIGHT="22" CONTENT="Beresford" WC="0.61" CC="803603345"/>
						<SP ID="P237_SP00059" HPOS="279" VPOS="579" WIDTH="17"/>
						<String ID="P237_ST00071" HPOS="296" VPOS="557" WIDTH="178" HEIGHT="22" CONTENT="Fitzgerald." WC="0.63" CC="24040464670"/>
						<SP ID="P237_SP00060" HPOS="474" VPOS="579" WIDTH="36"/>
						<String ID="P237_ST00072" HPOS="510" VPOS="558" WIDTH="85" HEIGHT="22" CONTENT="Crown" WC="0.84" CC="00042"/>
						<SP ID="P237_SP00061" HPOS="595" VPOS="580" WIDTH="11"/>
						<String ID="P237_ST00073" HPOS="606" VPOS="558" WIDTH="60" HEIGHT="28" CONTENT="8vo," WC="0.45" CC="7607"/>
						<SP ID="P237_SP00062" HPOS="666" VPOS="586" WIDTH="15"/>
						<String ID="P237_ST00074" HPOS="681" VPOS="565" WIDTH="46" HEIGHT="16" CONTENT="ios." WC="0.67" CC="1380"/>
						<SP ID="P237_SP00063" HPOS="727" VPOS="586" WIDTH="12"/>
						<String ID="P237_ST00075" HPOS="739" VPOS="558" WIDTH="38" HEIGHT="23" CONTENT="6d." WC="1.00" CC="000"/>
					</TextLine>
					<TextLine ID="P237_TL00013" HPOS="83" VPOS="594" WIDTH="866" HEIGHT="37">
						<String ID="P237_ST00076" HPOS="83" VPOS="594" WIDTH="58" HEIGHT="26" CONTENT="AT" WC="0.61" CC="52"/>
						<SP ID="P237_SP00064" HPOS="141" VPOS="620" WIDTH="27"/>
						<String ID="P237_ST00077" HPOS="168" VPOS="595" WIDTH="87" HEIGHT="25" CONTENT="THE" WC="0.73" CC="024"/>
						<SP ID="P237_SP00065" HPOS="255" VPOS="620" WIDTH="28"/>
						<String ID="P237_ST00078" HPOS="283" VPOS="594" WIDTH="230" HEIGHT="27" CONTENT="ELEVENTH" WC="0.81" CC="42003500"/>
						<SP ID="P237_SP00066" HPOS="513" VPOS="621" WIDTH="32"/>
						<String ID="P237_ST00079" HPOS="545" VPOS="596" WIDTH="120" HEIGHT="26" CONTENT="HOUR" WC="0.58" CC="4504"/>
						<SP ID="P237_SP00067" HPOS="665" VPOS="622" WIDTH="15"/>
						<String ID="P237_ST00080" HPOS="680" VPOS="606" WIDTH="5" HEIGHT="17" CONTENT=":" WC="0.62" CC="3"/>
						<SP ID="P237_SP00068" HPOS="685" VPOS="623" WIDTH="29"/>
						<String ID="P237_ST00081" HPOS="714" VPOS="606" WIDTH="17" HEIGHT="17" CONTENT="a" WC="0.43" CC="5"/>
						<SP ID="P237_SP00069" HPOS="731" VPOS="623" WIDTH="28"/>
						<String ID="P237_ST00082" HPOS="759" VPOS="597" WIDTH="93" HEIGHT="33" CONTENT="Story." WC="0.85" CC="001070"/>
						<SP ID="P237_SP00070" HPOS="852" VPOS="630" WIDTH="53"/>
						<String ID="P237_ST00083" HPOS="905" VPOS="598" WIDTH="44" HEIGHT="33" CONTENT="By" WC="0.34" CC="57"/>
					</TextLine>
					<TextLine ID="P237_TL00014" HPOS="115" VPOS="632" WIDTH="544" HEIGHT="28">
						<String ID="P237_ST00084" HPOS="115" VPOS="632" WIDTH="110" HEIGHT="21" CONTENT="Austyn" WC="0.78" CC="220052"/>
						<SP ID="P237_SP00071" HPOS="225" VPOS="653" WIDTH="19"/>
						<String ID="P237_ST00085" HPOS="244" VPOS="632" WIDTH="128" HEIGHT="21" CONTENT="Graham." WC="0.69" CC="0715600"/>
						<SP ID="P237_SP00072" HPOS="372" VPOS="653" WIDTH="34"/>
						<String ID="P237_ST00086" HPOS="406" VPOS="632" WIDTH="87" HEIGHT="21" CONTENT="Crown" WC="0.99" CC="00000"/>
						<SP ID="P237_SP00073" HPOS="493" VPOS="653" WIDTH="12"/>
						<String ID="P237_ST00087" HPOS="505" VPOS="632" WIDTH="59" HEIGHT="28" CONTENT="8vo," WC="0.50" CC="2537"/>
						<SP ID="P237_SP00074" HPOS="564" VPOS="660" WIDTH="13"/>
						<String ID="P237_ST00088" HPOS="577" VPOS="638" WIDTH="32" HEIGHT="22" CONTENT="7s." WC="0.92" CC="100"/>
						<SP ID="P237_SP00075" HPOS="609" VPOS="660" WIDTH="12"/>
						<String ID="P237_ST00089" HPOS="621" VPOS="633" WIDTH="38" HEIGHT="22" CONTENT="6d." WC="1.00" CC="000"/>
					</TextLine>
					<TextLine ID="P237_TL00015" HPOS="84" VPOS="673" WIDTH="863" HEIGHT="41">
						<String ID="P237_ST00090" HPOS="84" VPOS="673" WIDTH="202" HEIGHT="35" CONTENT="IPSlARON" WC="0.46" CC="58880335"/>
						<SP ID="P237_SP00076" HPOS="286" VPOS="708" WIDTH="23"/>
						<String ID="P237_ST00091" HPOS="309" VPOS="680" WIDTH="52" HEIGHT="26" CONTENT="OF" WC="1.00" CC="00"/>
						<SP ID="P237_SP00077" HPOS="361" VPOS="708" WIDTH="23"/>
						<String ID="P237_ST00092" HPOS="384" VPOS="680" WIDTH="249" HEIGHT="32" CONTENT="EPPENFELD," WC="0.77" CC="0180600050"/>
						<SP ID="P237_SP00078" HPOS="633" VPOS="712" WIDTH="17"/>
						<String ID="P237_ST00093" HPOS="650" VPOS="681" WIDTH="89" HEIGHT="27" CONTENT="The:" WC="0.59" CC="1715"/>
						<SP ID="P237_SP00079" HPOS="739" VPOS="712" WIDTH="21"/>
						<String ID="P237_ST00094" HPOS="760" VPOS="691" WIDTH="16" HEIGHT="17" CONTENT="a" WC="1.00" CC="0"/>
						<SP ID="P237_SP00080" HPOS="776" VPOS="712" WIDTH="16"/>
						<String ID="P237_ST00095" HPOS="792" VPOS="682" WIDTH="155" HEIGHT="32" CONTENT="Romance," WC="0.77" CC="32150004"/>
					</TextLine>
					<TextLine ID="P237_TL00016" HPOS="84" VPOS="707" WIDTH="862" HEIGHT="39">
						<String ID="P237_ST00096" HPOS="84" VPOS="707" WIDTH="73" HEIGHT="39" CONTENT="|B.E_,?1" WC="0.27" CC="88286787" STYLEREFS="TXT_0"/>
						<SP ID="P237_SP00081" HPOS="157" VPOS="746" WIDTH="42"/>
						<String ID="P237_ST00097" HPOS="199" VPOS="717" WIDTH="57" HEIGHT="22" CONTENT="with" WC="0.66" CC="4620" STYLEREFS="TXT_0"/>
						<SP ID="P237_SP00082" HPOS="256" VPOS="746" WIDTH="11"/>
						<String ID="P237_ST00098" HPOS="267" VPOS="717" WIDTH="94" HEIGHT="22" CONTENT="Verses." WC="0.86" CC="0000440" STYLEREFS="TXT_0"/>
						<SP ID="P237_SP00083" HPOS="361" VPOS="746" WIDTH="30"/>
						<String ID="P237_ST00099" HPOS="391" VPOS="717" WIDTH="37" HEIGHT="28" CONTENT="By" WC="0.65" CC="06" STYLEREFS="TXT_0"/>
						<SP ID="P237_SP00084" HPOS="428" VPOS="746" WIDTH="6"/>
						<String ID="P237_ST00100" HPOS="434" VPOS="717" WIDTH="74" HEIGHT="28" CONTENT="John" WC="0.94" CC="0100" STYLEREFS="TXT_0"/>
						<SP ID="P237_SP00085" HPOS="508" VPOS="746" WIDTH="12"/>
						<String ID="P237_ST00101" HPOS="520" VPOS="718" WIDTH="20" HEIGHT="28" CONTENT="J." WC="0.71" CC="50" STYLEREFS="TXT_0"/>
						<SP ID="P237_SP00086" HPOS="540" VPOS="746" WIDTH="15"/>
						<String ID="P237_ST00102" HPOS="555" VPOS="718" WIDTH="123" HEIGHT="22" CONTENT="Hayden." WC="0.56" CC="7358040" STYLEREFS="TXT_0"/>
						<SP ID="P237_SP00087" HPOS="678" VPOS="746" WIDTH="26"/>
						<String ID="P237_ST00103" HPOS="704" VPOS="719" WIDTH="85" HEIGHT="22" CONTENT="Crown" WC="0.78" CC="00370" STYLEREFS="TXT_0"/>
						<SP ID="P237_SP00088" HPOS="789" VPOS="746" WIDTH="9"/>
						<String ID="P237_ST00104" HPOS="798" VPOS="719" WIDTH="60" HEIGHT="27" CONTENT="8vo," WC="0.69" CC="4007" STYLEREFS="TXT_0"/>
						<SP ID="P237_SP00089" HPOS="858" VPOS="746" WIDTH="11"/>
						<String ID="P237_ST00105" HPOS="869" VPOS="724" WIDTH="31" HEIGHT="22" CONTENT="7s." WC="0.45" CC="762" STYLEREFS="TXT_0"/>
						<SP ID="P237_SP00090" HPOS="900" VPOS="746" WIDTH="9"/>
						<String ID="P237_ST00106" HPOS="909" VPOS="719" WIDTH="37" HEIGHT="26" CONTENT="6d." WC="0.79" CC="006" STYLEREFS="TXT_0"/>
					</TextLine>
					<TextLine ID="P237_TL00017" HPOS="83" VPOS="761" WIDTH="864" HEIGHT="35">
						<String ID="P237_ST00107" HPOS="83" VPOS="762" WIDTH="113" HEIGHT="28" CONTENT="BORN" WC="0.53" CC="8054"/>
						<SP ID="P237_SP00091" HPOS="196" VPOS="790" WIDTH="22"/>
						<String ID="P237_ST00108" HPOS="218" VPOS="761" WIDTH="54" HEIGHT="27" CONTENT="TO" WC="0.71" CC="31"/>
						<SP ID="P237_SP00092" HPOS="272" VPOS="790" WIDTH="23"/>
						<String ID="P237_ST00109" HPOS="295" VPOS="761" WIDTH="50" HEIGHT="25" CONTENT="BE" WC="1.00" CC="00"/>
						<SP ID="P237_SP00093" HPOS="345" VPOS="790" WIDTH="22"/>
						<String ID="P237_ST00110" HPOS="367" VPOS="761" WIDTH="28" HEIGHT="26" CONTENT="A" WC="0.48" CC="5"/>
						<SP ID="P237_SP00094" HPOS="395" VPOS="790" WIDTH="23"/>
						<String ID="P237_ST00111" HPOS="418" VPOS="761" WIDTH="120" HEIGHT="26" CONTENT="LADY." WC="0.69" CC="24330"/>
						<SP ID="P237_SP00095" HPOS="538" VPOS="790" WIDTH="42"/>
						<String ID="P237_ST00112" HPOS="580" VPOS="763" WIDTH="43" HEIGHT="33" CONTENT="By" WC="0.24" CC="77"/>
						<SP ID="P237_SP00096" HPOS="623" VPOS="796" WIDTH="15"/>
						<String ID="P237_ST00113" HPOS="638" VPOS="763" WIDTH="198" HEIGHT="27" CONTENT="Katherine" WC="0.63" CC="032524077"/>
						<SP ID="P237_SP00097" HPOS="836" VPOS="796" WIDTH="23"/>
						<String ID="P237_ST00114" HPOS="859" VPOS="764" WIDTH="88" HEIGHT="26" CONTENT="Hen-" WC="0.68" CC="5041"/>
					</TextLine>
					<TextLine ID="P237_TL00018" HPOS="113" VPOS="798" WIDTH="484" HEIGHT="28">
						<String ID="P237_ST00115" HPOS="113" VPOS="804" WIDTH="116" HEIGHT="18" CONTENT="derson." WC="0.60" CC="7070084" STYLEREFS="TXT_0"/>
						<SP ID="P237_SP00098" HPOS="229" VPOS="822" WIDTH="36"/>
						<String ID="P237_ST00116" HPOS="265" VPOS="798" WIDTH="85" HEIGHT="22" CONTENT="Crown" WC="0.81" CC="01025" STYLEREFS="TXT_0"/>
						<SP ID="P237_SP00099" HPOS="350" VPOS="822" WIDTH="13"/>
						<String ID="P237_ST00117" HPOS="363" VPOS="798" WIDTH="61" HEIGHT="28" CONTENT="8vo," WC="0.56" CC="3607" STYLEREFS="TXT_0"/>
						<SP ID="P237_SP00100" HPOS="424" VPOS="826" WIDTH="12"/>
						<String ID="P237_ST00118" HPOS="436" VPOS="798" WIDTH="65" HEIGHT="28" CONTENT="price" WC="0.70" CC="07700" STYLEREFS="TXT_0"/>
						<SP ID="P237_SP00101" HPOS="501" VPOS="826" WIDTH="11"/>
						<String ID="P237_ST00119" HPOS="512" VPOS="803" WIDTH="34" HEIGHT="22" CONTENT="7s." WC="0.86" CC="040" STYLEREFS="TXT_0"/>
						<SP ID="P237_SP00102" HPOS="546" VPOS="826" WIDTH="13"/>
						<String ID="P237_ST00120" HPOS="559" VPOS="798" WIDTH="38" HEIGHT="23" CONTENT="6d." WC="1.00" CC="000" STYLEREFS="TXT_0"/>
					</TextLine>
				</TextBlock>
				<TextBlock ID="P237_TB00006" HPOS="82" VPOS="839" WIDTH="866" HEIGHT="66" STYLEREFS="TXT_1 PAR_LEFT">
					<TextLine ID="P237_TL00019" HPOS="83" VPOS="839" WIDTH="865" HEIGHT="38">
						<String ID="P237_ST00121" HPOS="83" VPOS="840" WIDTH="142" HEIGHT="28" CONTENT="BREAD" WC="0.59" CC="85033"/>
						<SP ID="P237_SP00103" HPOS="225" VPOS="868" WIDTH="26"/>
						<String ID="P237_ST00122" HPOS="251" VPOS="839" WIDTH="111" HEIGHT="27" CONTENT="UPON" WC="0.68" CC="0623"/>
						<SP ID="P237_SP00104" HPOS="362" VPOS="868" WIDTH="29"/>
						<String ID="P237_ST00123" HPOS="391" VPOS="840" WIDTH="86" HEIGHT="26" CONTENT="THE" WC="0.67" CC="054"/>
						<SP ID="P237_SP00105" HPOS="477" VPOS="868" WIDTH="24"/>
						<String ID="P237_ST00124" HPOS="501" VPOS="840" WIDTH="193" HEIGHT="27" CONTENT="WATERS:" WC="0.78" CC="0020705"/>
						<SP ID="P237_SP00106" HPOS="694" VPOS="868" WIDTH="29"/>
						<String ID="P237_ST00125" HPOS="723" VPOS="850" WIDTH="16" HEIGHT="17" CONTENT="a" WC="1.00" CC="0"/>
						<SP ID="P237_SP00107" HPOS="739" VPOS="868" WIDTH="25"/>
						<String ID="P237_ST00126" HPOS="764" VPOS="841" WIDTH="98" HEIGHT="27" CONTENT="Novel." WC="0.77" CC="502005"/>
						<SP ID="P237_SP00108" HPOS="862" VPOS="868" WIDTH="43"/>
						<String ID="P237_ST00127" HPOS="905" VPOS="842" WIDTH="43" HEIGHT="35" CONTENT="By" WC="0.21" CC="87"/>
					</TextLine>
					<TextLine ID="P237_TL00020" HPOS="115" VPOS="877" WIDTH="525" HEIGHT="28">
						<String ID="P237_ST00128" HPOS="115" VPOS="879" WIDTH="94" HEIGHT="21" CONTENT="Marie" WC="0.70" CC="24403" STYLEREFS="TXT_0"/>
						<SP ID="P237_SP00109" HPOS="209" VPOS="900" WIDTH="16"/>
						<String ID="P237_ST00129" HPOS="225" VPOS="877" WIDTH="20" HEIGHT="28" CONTENT="J." WC="0.73" CC="40" STYLEREFS="TXT_0"/>
						<SP ID="P237_SP00110" HPOS="245" VPOS="905" WIDTH="20"/>
						<String ID="P237_ST00130" HPOS="265" VPOS="877" WIDTH="87" HEIGHT="22" CONTENT="Hyde." WC="0.63" CC="18701" STYLEREFS="TXT_0"/>
						<SP ID="P237_SP00111" HPOS="352" VPOS="905" WIDTH="34"/>
						<String ID="P237_ST00131" HPOS="386" VPOS="877" WIDTH="86" HEIGHT="22" CONTENT="Crown" WC="0.63" CC="40067" STYLEREFS="TXT_0"/>
						<SP ID="P237_SP00112" HPOS="472" VPOS="905" WIDTH="13"/>
						<String ID="P237_ST00132" HPOS="485" VPOS="877" WIDTH="59" HEIGHT="28" CONTENT="8vo," WC="0.63" CC="1507" STYLEREFS="TXT_0"/>
						<SP ID="P237_SP00113" HPOS="544" VPOS="905" WIDTH="13"/>
						<String ID="P237_ST00133" HPOS="557" VPOS="882" WIDTH="33" HEIGHT="22" CONTENT="7s." WC="0.97" CC="000" STYLEREFS="TXT_0"/>
						<SP ID="P237_SP00114" HPOS="590" VPOS="905" WIDTH="11"/>
						<String ID="P237_ST00134" HPOS="601" VPOS="877" WIDTH="39" HEIGHT="22" CONTENT="6d." WC="0.77" CC="051" STYLEREFS="TXT_0"/>
					</TextLine>
				</TextBlock>
				<TextBlock ID="P237_TB00007" HPOS="80" VPOS="911" WIDTH="867" HEIGHT="162" STYLEREFS="TXT_0 PAR_LEFT">
					<TextLine ID="P237_TL00021" HPOS="83" VPOS="912" WIDTH="864" HEIGHT="44">
						<String ID="P237_ST00135" HPOS="83" VPOS="923" WIDTH="130" HEIGHT="28" CONTENT="BRIDE" WC="0.53" CC="77061" STYLEREFS="TXT_1"/>
						<SP ID="P237_SP00115" HPOS="213" VPOS="951" WIDTH="25"/>
						<String ID="P237_ST00136" HPOS="238" VPOS="912" WIDTH="54" HEIGHT="36" CONTENT="OF*" WC="0.75" CC="007" STYLEREFS="TXT_1"/>
						<SP ID="P237_SP00116" HPOS="292" VPOS="951" WIDTH="22"/>
						<String ID="P237_ST00137" HPOS="314" VPOS="921" WIDTH="194" HEIGHT="32" CONTENT="ROERVIG," WC="0.83" CC="50050002" STYLEREFS="TXT_1"/>
						<SP ID="P237_SP00117" HPOS="508" VPOS="953" WIDTH="24"/>
						<String ID="P237_ST00138" HPOS="532" VPOS="922" WIDTH="77" HEIGHT="26" CONTENT="The." WC="0.65" CC="0706" STYLEREFS="TXT_1"/>
						<SP ID="P237_SP00118" HPOS="609" VPOS="953" WIDTH="54"/>
						<String ID="P237_ST00139" HPOS="663" VPOS="922" WIDTH="43" HEIGHT="34" CONTENT="By" WC="0.23" CC="78" STYLEREFS="TXT_1"/>
						<SP ID="P237_SP00119" HPOS="706" VPOS="956" WIDTH="22"/>
						<String ID="P237_ST00140" HPOS="728" VPOS="923" WIDTH="43" HEIGHT="25" CONTENT="W." WC="0.88" CC="02" STYLEREFS="TXT_1"/>
						<SP ID="P237_SP00120" HPOS="771" VPOS="956" WIDTH="24"/>
						<String ID="P237_ST00141" HPOS="795" VPOS="923" WIDTH="152" HEIGHT="27" CONTENT="Bergsoe." WC="0.80" CC="60000044" STYLEREFS="TXT_1"/>
					</TextLine>
					<TextLine ID="P237_TL00022" HPOS="114" VPOS="959" WIDTH="833" HEIGHT="30">
						<String ID="P237_ST00142" HPOS="114" VPOS="959" WIDTH="145" HEIGHT="23" CONTENT="Translated" WC="0.86" CC="0501004300"/>
						<SP ID="P237_SP00121" HPOS="259" VPOS="982" WIDTH="11"/>
						<String ID="P237_ST00143" HPOS="270" VPOS="959" WIDTH="63" HEIGHT="22" CONTENT="from" WC="0.96" CC="0100"/>
						<SP ID="P237_SP00122" HPOS="333" VPOS="982" WIDTH="11"/>
						<String ID="P237_ST00144" HPOS="344" VPOS="959" WIDTH="41" HEIGHT="22" CONTENT="the" WC="0.90" CC="110"/>
						<SP ID="P237_SP00123" HPOS="385" VPOS="982" WIDTH="13"/>
						<String ID="P237_ST00145" HPOS="398" VPOS="959" WIDTH="95" HEIGHT="21" CONTENT="Danish" WC="0.55" CC="467070"/>
						<SP ID="P237_SP00124" HPOS="493" VPOS="982" WIDTH="13"/>
						<String ID="P237_ST00146" HPOS="506" VPOS="959" WIDTH="30" HEIGHT="28" CONTENT="by" WC="0.65" CC="07"/>
						<SP ID="P237_SP00125" HPOS="536" VPOS="987" WIDTH="12"/>
						<String ID="P237_ST00147" HPOS="548" VPOS="959" WIDTH="75" HEIGHT="21" CONTENT="Nina" WC="0.51" CC="6164"/>
						<SP ID="P237_SP00126" HPOS="623" VPOS="987" WIDTH="12"/>
						<String ID="P237_ST00148" HPOS="635" VPOS="959" WIDTH="127" HEIGHT="23" CONTENT="Francis." WC="0.77" CC="46700000"/>
						<SP ID="P237_SP00127" HPOS="762" VPOS="987" WIDTH="33"/>
						<String ID="P237_ST00149" HPOS="795" VPOS="960" WIDTH="83" HEIGHT="22" CONTENT="Crown" WC="0.89" CC="00040"/>
						<SP ID="P237_SP00128" HPOS="878" VPOS="987" WIDTH="11"/>
						<String ID="P237_ST00150" HPOS="889" VPOS="961" WIDTH="58" HEIGHT="28" CONTENT="8vo.," WC="0.84" CC="20004"/>
					</TextLine>
					<TextLine ID="P237_TL00023" HPOS="115" VPOS="990" WIDTH="86" HEIGHT="28">
						<String ID="P237_ST00151" HPOS="115" VPOS="996" WIDTH="34" HEIGHT="22" CONTENT="7s." WC="0.89" CC="300"/>
						<SP ID="P237_SP00129" HPOS="149" VPOS="1018" WIDTH="14"/>
						<String ID="P237_ST00152" HPOS="163" VPOS="990" WIDTH="38" HEIGHT="22" CONTENT="6d." WC="0.99" CC="000"/>
					</TextLine>
					<TextLine ID="P237_TL00024" HPOS="110" VPOS="1029" WIDTH="836" HEIGHT="25">
						<String ID="P237_ST00153" HPOS="110" VPOS="1032" WIDTH="12" HEIGHT="8" CONTENT='"' WC="0.34" CC="6"/>
						<SP ID="P237_SP00130" HPOS="122" VPOS="1040" WIDTH="10"/>
						<String ID="P237_ST00154" HPOS="132" VPOS="1031" WIDTH="19" HEIGHT="18" CONTENT="A" WC="0.70" CC="2"/>
						<SP ID="P237_SP00131" HPOS="151" VPOS="1049" WIDTH="9"/>
						<String ID="P237_ST00155" HPOS="160" VPOS="1030" WIDTH="127" HEIGHT="23" CONTENT="charmingly" WC="0.66" CC="0171104564"/>
						<SP ID="P237_SP00132" HPOS="287" VPOS="1053" WIDTH="11"/>
						<String ID="P237_ST00156" HPOS="298" VPOS="1029" WIDTH="53" HEIGHT="19" CONTENT="fresh" WC="0.67" CC="24260"/>
						<SP ID="P237_SP00133" HPOS="351" VPOS="1053" WIDTH="11"/>
						<String ID="P237_ST00157" HPOS="362" VPOS="1029" WIDTH="41" HEIGHT="19" CONTENT="and" WC="0.94" CC="010"/>
						<SP ID="P237_SP00134" HPOS="403" VPOS="1053" WIDTH="10"/>
						<String ID="P237_ST00158" HPOS="413" VPOS="1029" WIDTH="72" HEIGHT="24" CONTENT="simple" WC="0.76" CC="206050"/>
						<SP ID="P237_SP00135" HPOS="485" VPOS="1053" WIDTH="15"/>
						<String ID="P237_ST00159" HPOS="500" VPOS="1029" WIDTH="45" HEIGHT="22" CONTENT="tale," WC="0.61" CC="38700"/>
						<SP ID="P237_SP00136" HPOS="545" VPOS="1053" WIDTH="12"/>
						<String ID="P237_ST00160" HPOS="557" VPOS="1029" WIDTH="66" HEIGHT="18" CONTENT="which" WC="0.71" CC="60115"/>
						<SP ID="P237_SP00137" HPOS="623" VPOS="1053" WIDTH="10"/>
						<String ID="P237_ST00161" HPOS="633" VPOS="1035" WIDTH="40" HEIGHT="13" CONTENT="was" WC="0.46" CC="383"/>
						<SP ID="P237_SP00138" HPOS="673" VPOS="1053" WIDTH="11"/>
						<String ID="P237_ST00162" HPOS="684" VPOS="1029" WIDTH="44" HEIGHT="19" CONTENT="well" WC="0.51" CC="3276"/>
						<SP ID="P237_SP00139" HPOS="728" VPOS="1053" WIDTH="11"/>
						<String ID="P237_ST00163" HPOS="739" VPOS="1030" WIDTH="64" HEIGHT="18" CONTENT="worth" WC="0.67" CC="30084"/>
						<SP ID="P237_SP00140" HPOS="803" VPOS="1053" WIDTH="17"/>
						<String ID="P237_ST00164" HPOS="820" VPOS="1031" WIDTH="126" HEIGHT="23" CONTENT="translating," WC="0.45" CC="566407825583"/>
					</TextLine>
					<TextLine ID="P237_TL00025" HPOS="81" VPOS="1054" WIDTH="504" HEIGHT="19">
						<String ID="P237_ST00165" HPOS="81" VPOS="1057" WIDTH="42" HEIGHT="16" CONTENT="and" WC="0.33" CC="765"/>
						<SP ID="P237_SP00141" HPOS="123" VPOS="1073" WIDTH="10"/>
						<String ID="P237_ST00166" HPOS="133" VPOS="1057" WIDTH="37" HEIGHT="16" CONTENT="has" WC="0.53" CC="814"/>
						<SP ID="P237_SP00142" HPOS="170" VPOS="1073" WIDTH="10"/>
						<String ID="P237_ST00167" HPOS="180" VPOS="1057" WIDTH="52" HEIGHT="16" CONTENT="been" WC="0.72" CC="0307"/>
						<SP ID="P237_SP00143" HPOS="232" VPOS="1073" WIDTH="12"/>
						<String ID="P237_ST00168" HPOS="244" VPOS="1055" WIDTH="111" HEIGHT="18" CONTENT="translated" WC="0.57" CC="0577367020"/>
						<SP ID="P237_SP00144" HPOS="355" VPOS="1073" WIDTH="11"/>
						<String ID="P237_ST00169" HPOS="366" VPOS="1054" WIDTH="68" HEIGHT="19" CONTENT='well."-' WC="0.43" CC="5076757"/>
						<String ID="P237_ST00170" HPOS="434" VPOS="1064" WIDTH="23" HEIGHT="3" CONTENT="—" WC="0.20" CC="8"/>
						<String ID="P237_ST00171" HPOS="458" VPOS="1054" WIDTH="127" HEIGHT="19" CONTENT="Athenæum." WC="0.54" CC="330706647"/>
					</TextLine>
				</TextBlock>
				<TextBlock ID="P237_TB00008" HPOS="79" VPOS="1079" WIDTH="870" HEIGHT="102" STYLEREFS="TXT_0 PAR_LEFT">
					<TextLine ID="P237_TL00026" HPOS="110" VPOS="1080" WIDTH="839" HEIGHT="24">
						<String ID="P237_ST00172" HPOS="110" VPOS="1083" WIDTH="11" HEIGHT="8" CONTENT='"' WC="0.35" CC="6"/>
						<SP ID="P237_SP00145" HPOS="121" VPOS="1091" WIDTH="10"/>
						<String ID="P237_ST00173" HPOS="131" VPOS="1081" WIDTH="67" HEIGHT="19" CONTENT="There" WC="0.79" CC="30150"/>
						<SP ID="P237_SP00146" HPOS="198" VPOS="1100" WIDTH="10"/>
						<String ID="P237_ST00174" HPOS="208" VPOS="1081" WIDTH="17" HEIGHT="18" CONTENT="is" WC="0.97" CC="00"/>
						<SP ID="P237_SP00147" HPOS="225" VPOS="1100" WIDTH="9"/>
						<String ID="P237_ST00175" HPOS="234" VPOS="1086" WIDTH="13" HEIGHT="13" CONTENT="a" WC="0.93" CC="0"/>
						<SP ID="P237_SP00148" HPOS="247" VPOS="1100" WIDTH="9"/>
						<String ID="P237_ST00176" HPOS="256" VPOS="1084" WIDTH="71" HEIGHT="19" CONTENT="strong" WC="0.74" CC="202152"/>
						<SP ID="P237_SP00149" HPOS="327" VPOS="1103" WIDTH="9"/>
						<String ID="P237_ST00177" HPOS="336" VPOS="1081" WIDTH="77" HEIGHT="16" CONTENT="human" WC="0.76" CC="00460"/>
						<SP ID="P237_SP00150" HPOS="413" VPOS="1103" WIDTH="12"/>
						<String ID="P237_ST00178" HPOS="425" VPOS="1080" WIDTH="81" HEIGHT="17" CONTENT="interest" WC="0.61" CC="15503860"/>
						<SP ID="P237_SP00151" HPOS="506" VPOS="1103" WIDTH="17"/>
						<String ID="P237_ST00179" HPOS="523" VPOS="1081" WIDTH="125" HEIGHT="22" CONTENT="throughout" WC="0.63" CC="2040188406"/>
						<SP ID="P237_SP00152" HPOS="648" VPOS="1103" WIDTH="10"/>
						<String ID="P237_ST00180" HPOS="658" VPOS="1080" WIDTH="34" HEIGHT="18" CONTENT="the" WC="0.79" CC="600"/>
						<SP ID="P237_SP00153" HPOS="692" VPOS="1103" WIDTH="15"/>
						<String ID="P237_ST00181" HPOS="707" VPOS="1083" WIDTH="62" HEIGHT="21" CONTENT="story," WC="0.69" CC="600244"/>
						<SP ID="P237_SP00154" HPOS="769" VPOS="1104" WIDTH="11"/>
						<String ID="P237_ST00182" HPOS="780" VPOS="1081" WIDTH="42" HEIGHT="18" CONTENT="and" WC="0.49" CC="662"/>
						<SP ID="P237_SP00155" HPOS="822" VPOS="1104" WIDTH="9"/>
						<String ID="P237_ST00183" HPOS="831" VPOS="1081" WIDTH="14" HEIGHT="18" CONTENT="it" WC="0.62" CC="34"/>
						<SP ID="P237_SP00156" HPOS="845" VPOS="1104" WIDTH="10"/>
						<String ID="P237_ST00184" HPOS="855" VPOS="1081" WIDTH="94" HEIGHT="18" CONTENT="abounds" WC="0.59" CC="0650536"/>
					</TextLine>
					<TextLine ID="P237_TL00027" HPOS="80" VPOS="1105" WIDTH="866" HEIGHT="24">
						<String ID="P237_ST00185" HPOS="80" VPOS="1107" WIDTH="51" HEIGHT="19" CONTENT="with" WC="0.44" CC="7770"/>
						<SP ID="P237_SP00157" HPOS="131" VPOS="1126" WIDTH="10"/>
						<String ID="P237_ST00186" HPOS="141" VPOS="1107" WIDTH="50" HEIGHT="18" CONTENT="little" WC="0.85" CC="030130"/>
						<SP ID="P237_SP00158" HPOS="191" VPOS="1126" WIDTH="10"/>
						<String ID="P237_ST00187" HPOS="201" VPOS="1106" WIDTH="95" HEIGHT="19" CONTENT="snatches" WC="0.69" CC="58000405"/>
						<SP ID="P237_SP00159" HPOS="296" VPOS="1126" WIDTH="10"/>
						<String ID="P237_ST00188" HPOS="306" VPOS="1105" WIDTH="22" HEIGHT="19" CONTENT="of" WC="0.70" CC="05"/>
						<SP ID="P237_SP00160" HPOS="328" VPOS="1126" WIDTH="8"/>
						<String ID="P237_ST00189" HPOS="336" VPOS="1105" WIDTH="130" HEIGHT="24" CONTENT="description," WC="0.67" CC="027002266270"/>
						<SP ID="P237_SP00161" HPOS="466" VPOS="1129" WIDTH="13"/>
						<String ID="P237_ST00190" HPOS="479" VPOS="1105" WIDTH="64" HEIGHT="18" CONTENT="which" WC="0.64" CC="74302"/>
						<SP ID="P237_SP00162" HPOS="543" VPOS="1129" WIDTH="11"/>
						<String ID="P237_ST00191" HPOS="554" VPOS="1111" WIDTH="34" HEIGHT="12" CONTENT="are" WC="0.25" CC="786"/>
						<SP ID="P237_SP00163" HPOS="588" VPOS="1129" WIDTH="10"/>
						<String ID="P237_ST00192" HPOS="598" VPOS="1105" WIDTH="37" HEIGHT="18" CONTENT="full" WC="0.47" CC="7706"/>
						<SP ID="P237_SP00164" HPOS="635" VPOS="1129" WIDTH="9"/>
						<String ID="P237_ST00193" HPOS="644" VPOS="1106" WIDTH="22" HEIGHT="18" CONTENT="of" WC="0.88" CC="02"/>
						<SP ID="P237_SP00165" HPOS="666" VPOS="1129" WIDTH="8"/>
						<String ID="P237_ST00194" HPOS="674" VPOS="1106" WIDTH="66" HEIGHT="23" CONTENT="poetic" WC="0.83" CC="031030"/>
						<SP ID="P237_SP00166" HPOS="740" VPOS="1129" WIDTH="10"/>
						<String ID="P237_ST00195" HPOS="750" VPOS="1112" WIDTH="60" HEIGHT="17" CONTENT="grace" WC="0.66" CC="73500"/>
						<SP ID="P237_SP00167" HPOS="810" VPOS="1129" WIDTH="9"/>
						<String ID="P237_ST00196" HPOS="819" VPOS="1107" WIDTH="40" HEIGHT="18" CONTENT="and" WC="0.64" CC="550"/>
						<SP ID="P237_SP00168" HPOS="859" VPOS="1129" WIDTH="12"/>
						<String ID="P237_ST00197" HPOS="871" VPOS="1107" WIDTH="75" HEIGHT="18" CONTENT="charm." WC="0.56" CC="407165"/>
					</TextLine>
					<TextLine ID="P237_TL00028" HPOS="80" VPOS="1131" WIDTH="869" HEIGHT="24">
						<String ID="P237_ST00198" HPOS="80" VPOS="1147" WIDTH="5" HEIGHT="5" CONTENT="." WC="1.00" CC="0"/>
						<SP ID="P237_SP00169" HPOS="85" VPOS="1152" WIDTH="17"/>
						<String ID="P237_ST00199" HPOS="102" VPOS="1147" WIDTH="4" HEIGHT="4" CONTENT="." WC="0.39" CC="6"/>
						<SP ID="P237_SP00170" HPOS="106" VPOS="1152" WIDTH="17"/>
						<String ID="P237_ST00200" HPOS="123" VPOS="1147" WIDTH="4" HEIGHT="4" CONTENT="." WC="1.00" CC="0"/>
						<SP ID="P237_SP00171" HPOS="127" VPOS="1152" WIDTH="17"/>
						<String ID="P237_ST00201" HPOS="144" VPOS="1132" WIDTH="46" HEIGHT="18" CONTENT="The" WC="0.84" CC="400"/>
						<SP ID="P237_SP00172" HPOS="190" VPOS="1152" WIDTH="11"/>
						<String ID="P237_ST00202" HPOS="201" VPOS="1131" WIDTH="109" HEIGHT="19" CONTENT="translator" WC="0.59" CC="7160628016"/>
						<SP ID="P237_SP00173" HPOS="310" VPOS="1152" WIDTH="10"/>
						<String ID="P237_ST00203" HPOS="320" VPOS="1131" WIDTH="37" HEIGHT="18" CONTENT="has" WC="0.60" CC="136"/>
						<SP ID="P237_SP00174" HPOS="357" VPOS="1152" WIDTH="10"/>
						<String ID="P237_ST00204" HPOS="367" VPOS="1131" WIDTH="52" HEIGHT="17" CONTENT="been" WC="0.44" CC="6555"/>
						<SP ID="P237_SP00175" HPOS="419" VPOS="1152" WIDTH="15"/>
						<String ID="P237_ST00205" HPOS="434" VPOS="1134" WIDTH="52" HEIGHT="14" CONTENT="most" WC="0.41" CC="8374"/>
						<SP ID="P237_SP00176" HPOS="486" VPOS="1152" WIDTH="10"/>
						<String ID="P237_ST00206" HPOS="496" VPOS="1131" WIDTH="111" HEIGHT="17" CONTENT="successful" WC="0.77" CC="0500164003"/>
						<SP ID="P237_SP00177" HPOS="607" VPOS="1152" WIDTH="14"/>
						<String ID="P237_ST00207" HPOS="621" VPOS="1131" WIDTH="19" HEIGHT="17" CONTENT="in" WC="0.70" CC="23"/>
						<SP ID="P237_SP00178" HPOS="640" VPOS="1152" WIDTH="16"/>
						<String ID="P237_ST00208" HPOS="656" VPOS="1132" WIDTH="117" HEIGHT="23" CONTENT="preserving" WC="0.60" CC="0047053773"/>
						<SP ID="P237_SP00179" HPOS="773" VPOS="1155" WIDTH="13"/>
						<String ID="P237_ST00209" HPOS="786" VPOS="1131" WIDTH="35" HEIGHT="19" CONTENT="the" WC="0.71" CC="620"/>
						<SP ID="P237_SP00180" HPOS="821" VPOS="1155" WIDTH="16"/>
						<String ID="P237_ST00210" HPOS="837" VPOS="1132" WIDTH="57" HEIGHT="23" CONTENT="spirit" WC="0.64" CC="400474"/>
						<SP ID="P237_SP00181" HPOS="894" VPOS="1155" WIDTH="13"/>
						<String ID="P237_ST00211" HPOS="907" VPOS="1132" WIDTH="42" HEIGHT="18" CONTENT="and" WC="0.46" CC="456"/>
					</TextLine>
					<TextLine ID="P237_TL00029" HPOS="81" VPOS="1155" WIDTH="586" HEIGHT="26">
						<String ID="P237_ST00212" HPOS="81" VPOS="1158" WIDTH="89" HEIGHT="23" CONTENT="genuine" WC="0.96" CC="2000000"/>
						<SP ID="P237_SP00182" HPOS="170" VPOS="1181" WIDTH="11"/>
						<String ID="P237_ST00213" HPOS="181" VPOS="1157" WIDTH="66" HEIGHT="18" CONTENT="Norse" WC="0.56" CC="60770"/>
						<SP ID="P237_SP00183" HPOS="247" VPOS="1181" WIDTH="9"/>
						<String ID="P237_ST00214" HPOS="256" VPOS="1157" WIDTH="79" HEIGHT="18" CONTENT="flavour" WC="0.46" CC="8860472"/>
						<SP ID="P237_SP00184" HPOS="335" VPOS="1181" WIDTH="9"/>
						<String ID="P237_ST00215" HPOS="344" VPOS="1156" WIDTH="23" HEIGHT="19" CONTENT="of" WC="0.71" CC="05"/>
						<SP ID="P237_SP00185" HPOS="367" VPOS="1181" WIDTH="12"/>
						<String ID="P237_ST00216" HPOS="379" VPOS="1156" WIDTH="34" HEIGHT="18" CONTENT="the" WC="0.77" CC="600"/>
						<SP ID="P237_SP00186" HPOS="413" VPOS="1181" WIDTH="9"/>
						<String ID="P237_ST00217" HPOS="422" VPOS="1155" WIDTH="107" HEIGHT="25" CONTENT='original."' WC="0.61" CC="0770641126"/>
						<String ID="P237_ST00218" HPOS="530" VPOS="1166" WIDTH="25" HEIGHT="3" CONTENT="—" WC="0.20" CC="8"/>
						<String ID="P237_ST00219" HPOS="557" VPOS="1156" WIDTH="110" HEIGHT="19" CONTENT="Scotsman." WC="0.28" CC="778756874"/>
					</TextLine>
				</TextBlock>
				<TextBlock ID="P237_TB00009" HPOS="79" VPOS="1188" WIDTH="866" HEIGHT="64" STYLEREFS="TXT_1 PAR_LEFT">
					<TextLine ID="P237_TL00030" HPOS="80" VPOS="1189" WIDTH="865" HEIGHT="35">
						<String ID="P237_ST00220" HPOS="80" VPOS="1190" WIDTH="170" HEIGHT="27" CONTENT="BRITISH" WC="0.73" CC="8400005"/>
						<SP ID="P237_SP00187" HPOS="250" VPOS="1217" WIDTH="53"/>
						<String ID="P237_ST00221" HPOS="303" VPOS="1189" WIDTH="260" HEIGHT="32" CONTENT="SUBALTERN," WC="0.75" CC="2080010425"/>
						<SP ID="P237_SP00188" HPOS="563" VPOS="1221" WIDTH="39"/>
						<String ID="P237_ST00222" HPOS="602" VPOS="1189" WIDTH="78" HEIGHT="26" CONTENT="The." WC="0.68" CC="1380"/>
						<SP ID="P237_SP00189" HPOS="680" VPOS="1221" WIDTH="59"/>
						<String ID="P237_ST00223" HPOS="739" VPOS="1190" WIDTH="45" HEIGHT="34" CONTENT="By" WC="0.39" CC="48"/>
						<SP ID="P237_SP00190" HPOS="784" VPOS="1224" WIDTH="32"/>
						<String ID="P237_ST00224" HPOS="816" VPOS="1199" WIDTH="34" HEIGHT="17" CONTENT="an" WC="0.69" CC="06"/>
						<SP ID="P237_SP00191" HPOS="850" VPOS="1224" WIDTH="35"/>
						<String ID="P237_ST00225" HPOS="885" VPOS="1190" WIDTH="60" HEIGHT="26" CONTENT="Ex-" WC="0.70" CC="413"/>
					</TextLine>
					<TextLine ID="P237_TL00031" HPOS="112" VPOS="1225" WIDTH="422" HEIGHT="27">
						<String ID="P237_ST00226" HPOS="112" VPOS="1228" WIDTH="173" HEIGHT="22" CONTENT="Subaltern." WC="0.73" CC="0003305525"/>
						<SP ID="P237_SP00192" HPOS="285" VPOS="1250" WIDTH="34"/>
						<String ID="P237_ST00227" HPOS="319" VPOS="1227" WIDTH="53" HEIGHT="21" CONTENT="One" WC="0.80" CC="050"/>
						<SP ID="P237_SP00193" HPOS="372" VPOS="1250" WIDTH="12"/>
						<String ID="P237_ST00228" HPOS="384" VPOS="1226" WIDTH="54" HEIGHT="26" CONTENT="vol," WC="0.58" CC="0087"/>
						<SP ID="P237_SP00194" HPOS="438" VPOS="1252" WIDTH="11"/>
						<String ID="P237_ST00229" HPOS="449" VPOS="1231" WIDTH="33" HEIGHT="21" CONTENT="7s." WC="0.97" CC="000"/>
						<SP ID="P237_SP00195" HPOS="482" VPOS="1252" WIDTH="14"/>
						<String ID="P237_ST00230" HPOS="496" VPOS="1225" WIDTH="38" HEIGHT="22" CONTENT="6d." WC="0.74" CC="034"/>
					</TextLine>
				</TextBlock>
				<TextBlock ID="P237_TB00010" HPOS="80" VPOS="1267" WIDTH="865" HEIGHT="66" STYLEREFS="TXT_1 PAR_LEFT">
					<TextLine ID="P237_TL00032" HPOS="81" VPOS="1268" WIDTH="864" HEIGHT="35">
						<String ID="P237_ST00231" HPOS="81" VPOS="1269" WIDTH="160" HEIGHT="27" CONTENT="BURIED" WC="0.66" CC="805501"/>
						<SP ID="P237_SP00196" HPOS="241" VPOS="1296" WIDTH="16"/>
						<String ID="P237_ST00232" HPOS="257" VPOS="1268" WIDTH="111" HEIGHT="32" CONTENT="PAST," WC="0.60" CC="83016"/>
						<SP ID="P237_SP00197" HPOS="368" VPOS="1300" WIDTH="15"/>
						<String ID="P237_ST00233" HPOS="383" VPOS="1268" WIDTH="72" HEIGHT="26" CONTENT="The" WC="0.66" CC="260"/>
						<SP ID="P237_SP00198" HPOS="455" VPOS="1300" WIDTH="15"/>
						<String ID="P237_ST00234" HPOS="470" VPOS="1277" WIDTH="5" HEIGHT="17" CONTENT=":" WC="1.00" CC="0"/>
						<SP ID="P237_SP00199" HPOS="475" VPOS="1300" WIDTH="24"/>
						<String ID="P237_ST00235" HPOS="499" VPOS="1277" WIDTH="16" HEIGHT="16" CONTENT="a" WC="0.70" CC="2"/>
						<SP ID="P237_SP00200" HPOS="515" VPOS="1300" WIDTH="17"/>
						<String ID="P237_ST00236" HPOS="532" VPOS="1268" WIDTH="100" HEIGHT="26" CONTENT="Novel." WC="0.81" CC="020710"/>
						<SP ID="P237_SP00201" HPOS="632" VPOS="1300" WIDTH="48"/>
						<String ID="P237_ST00237" HPOS="680" VPOS="1268" WIDTH="101" HEIGHT="27" CONTENT="Crown" WC="0.79" CC="13400"/>
						<SP ID="P237_SP00202" HPOS="781" VPOS="1300" WIDTH="16"/>
						<String ID="P237_ST00238" HPOS="797" VPOS="1269" WIDTH="60" HEIGHT="32" CONTENT="8vo," WC="0.48" CC="2547"/>
						<SP ID="P237_SP00203" HPOS="857" VPOS="1301" WIDTH="15"/>
						<String ID="P237_ST00239" HPOS="872" VPOS="1269" WIDTH="73" HEIGHT="34" CONTENT="price" WC="0.64" CC="44602"/>
					</TextLine>
					<TextLine ID="P237_TL00033" HPOS="110" VPOS="1307" WIDTH="83" HEIGHT="26">
						<String ID="P237_ST00240" HPOS="110" VPOS="1313" WIDTH="33" HEIGHT="20" CONTENT="7s." WC="0.98" CC="000" STYLEREFS="TXT_0"/>
						<SP ID="P237_SP00204" HPOS="143" VPOS="1333" WIDTH="13"/>
						<String ID="P237_ST00241" HPOS="156" VPOS="1307" WIDTH="37" HEIGHT="21" CONTENT="6d." WC="1.00" CC="000" STYLEREFS="TXT_0"/>
					</TextLine>
				</TextBlock>
				<TextBlock ID="P237_TB00011" HPOS="75" VPOS="1334" WIDTH="874" HEIGHT="96" STYLEREFS="TXT_0 PAR_LEFT">
					<TextLine ID="P237_TL00034" HPOS="106" VPOS="1335" WIDTH="842" HEIGHT="24">
						<String ID="P237_ST00242" HPOS="106" VPOS="1339" WIDTH="14" HEIGHT="7" CONTENT='"' WC="0.26" CC="7"/>
						<SP ID="P237_SP00205" HPOS="120" VPOS="1346" WIDTH="8"/>
						<String ID="P237_ST00243" HPOS="128" VPOS="1337" WIDTH="24" HEIGHT="18" CONTENT="In" WC="0.79" CC="04"/>
						<SP ID="P237_SP00206" HPOS="152" VPOS="1355" WIDTH="11"/>
						<String ID="P237_ST00244" HPOS="163" VPOS="1337" WIDTH="33" HEIGHT="18" CONTENT="the" WC="0.41" CC="771"/>
						<SP ID="P237_SP00207" HPOS="196" VPOS="1355" WIDTH="10"/>
						<String ID="P237_ST00245" HPOS="206" VPOS="1336" WIDTH="56" HEIGHT="18" CONTENT="short" WC="0.66" CC="50036"/>
						<SP ID="P237_SP00208" HPOS="262" VPOS="1355" WIDTH="10"/>
						<String ID="P237_ST00246" HPOS="272" VPOS="1340" WIDTH="62" HEIGHT="19" CONTENT="space" WC="0.71" CC="04810"/>
						<SP ID="P237_SP00209" HPOS="334" VPOS="1359" WIDTH="9"/>
						<String ID="P237_ST00247" HPOS="343" VPOS="1339" WIDTH="21" HEIGHT="14" CONTENT="at" WC="0.58" CC="80"/>
						<SP ID="P237_SP00210" HPOS="364" VPOS="1359" WIDTH="15"/>
						<String ID="P237_ST00248" HPOS="379" VPOS="1340" WIDTH="38" HEIGHT="13" CONTENT="our" WC="0.87" CC="003"/>
						<SP ID="P237_SP00211" HPOS="417" VPOS="1359" WIDTH="13"/>
						<String ID="P237_ST00249" HPOS="430" VPOS="1335" WIDTH="109" HEIGHT="17" CONTENT="command" WC="0.73" CC="0207250"/>
						<SP ID="P237_SP00212" HPOS="539" VPOS="1359" WIDTH="15"/>
						<String ID="P237_ST00250" HPOS="554" VPOS="1335" WIDTH="14" HEIGHT="17" CONTENT="it" WC="0.73" CC="13"/>
						<SP ID="P237_SP00213" HPOS="568" VPOS="1359" WIDTH="15"/>
						<String ID="P237_ST00251" HPOS="583" VPOS="1335" WIDTH="16" HEIGHT="17" CONTENT="is" WC="0.80" CC="03"/>
						<SP ID="P237_SP00214" HPOS="599" VPOS="1359" WIDTH="14"/>
						<String ID="P237_ST00252" HPOS="613" VPOS="1335" WIDTH="116" HEIGHT="23" CONTENT="impossible" WC="0.88" CC="0100004004"/>
						<SP ID="P237_SP00215" HPOS="729" VPOS="1359" WIDTH="15"/>
						<String ID="P237_ST00253" HPOS="744" VPOS="1337" WIDTH="21" HEIGHT="16" CONTENT="to" WC="0.55" CC="53"/>
						<SP ID="P237_SP00216" HPOS="765" VPOS="1359" WIDTH="14"/>
						<String ID="P237_ST00254" HPOS="779" VPOS="1335" WIDTH="27" HEIGHT="18" CONTENT="do" WC="0.57" CC="34"/>
						<SP ID="P237_SP00217" HPOS="806" VPOS="1359" WIDTH="13"/>
						<String ID="P237_ST00255" HPOS="819" VPOS="1335" WIDTH="38" HEIGHT="18" CONTENT="this" WC="0.60" CC="1707"/>
						<SP ID="P237_SP00218" HPOS="857" VPOS="1359" WIDTH="9"/>
						<String ID="P237_ST00256" HPOS="866" VPOS="1335" WIDTH="82" HEIGHT="19" CONTENT="volume" WC="0.64" CC="628310"/>
					</TextLine>
					<TextLine ID="P237_TL00035" HPOS="76" VPOS="1360" WIDTH="873" HEIGHT="26">
						<String ID="P237_ST00257" HPOS="76" VPOS="1363" WIDTH="78" HEIGHT="23" CONTENT="justice." WC="0.84" CC="50600000"/>
						<SP ID="P237_SP00219" HPOS="154" VPOS="1386" WIDTH="32"/>
						<String ID="P237_ST00258" HPOS="186" VPOS="1362" WIDTH="18" HEIGHT="18" CONTENT="It" WC="0.67" CC="06"/>
						<SP ID="P237_SP00220" HPOS="204" VPOS="1386" WIDTH="11"/>
						<String ID="P237_ST00259" HPOS="215" VPOS="1362" WIDTH="16" HEIGHT="17" CONTENT="is" WC="0.73" CC="50"/>
						<SP ID="P237_SP00221" HPOS="231" VPOS="1386" WIDTH="11"/>
						<String ID="P237_ST00260" HPOS="242" VPOS="1367" WIDTH="12" HEIGHT="12" CONTENT="a" WC="0.47" CC="5"/>
						<SP ID="P237_SP00222" HPOS="254" VPOS="1386" WIDTH="10"/>
						<String ID="P237_ST00261" HPOS="264" VPOS="1362" WIDTH="93" HEIGHT="23" CONTENT="pleasant" WC="0.52" CC="00857664"/>
						<SP ID="P237_SP00223" HPOS="357" VPOS="1386" WIDTH="9"/>
						<String ID="P237_ST00262" HPOS="366" VPOS="1361" WIDTH="80" HEIGHT="23" CONTENT="change" WC="0.80" CC="106300"/>
						<SP ID="P237_SP00224" HPOS="446" VPOS="1386" WIDTH="10"/>
						<String ID="P237_ST00263" HPOS="456" VPOS="1360" WIDTH="52" HEIGHT="18" CONTENT="from" WC="0.52" CC="4644"/>
						<SP ID="P237_SP00225" HPOS="508" VPOS="1386" WIDTH="11"/>
						<String ID="P237_ST00264" HPOS="519" VPOS="1360" WIDTH="33" HEIGHT="18" CONTENT="the" WC="0.65" CC="406"/>
						<SP ID="P237_SP00226" HPOS="552" VPOS="1386" WIDTH="11"/>
						<String ID="P237_ST00265" HPOS="563" VPOS="1360" WIDTH="174" HEIGHT="24" CONTENT="highly-coloured" WC="0.71" CC="631305300405070"/>
						<SP ID="P237_SP00227" HPOS="737" VPOS="1386" WIDTH="14"/>
						<String ID="P237_ST00266" HPOS="751" VPOS="1361" WIDTH="161" HEIGHT="18" CONTENT="sensationalism" WC="0.66" CC="30667015443040"/>
						<SP ID="P237_SP00228" HPOS="912" VPOS="1386" WIDTH="15"/>
						<String ID="P237_ST00267" HPOS="927" VPOS="1361" WIDTH="22" HEIGHT="18" CONTENT="of" WC="0.96" CC="00"/>
					</TextLine>
					<TextLine ID="P237_TL00036" HPOS="79" VPOS="1385" WIDTH="869" HEIGHT="26">
						<String ID="P237_ST00268" HPOS="79" VPOS="1388" WIDTH="34" HEIGHT="18" CONTENT="the" WC="0.84" CC="400"/>
						<SP ID="P237_SP00229" HPOS="113" VPOS="1406" WIDTH="10"/>
						<String ID="P237_ST00269" HPOS="123" VPOS="1390" WIDTH="81" HEIGHT="21" CONTENT="present" WC="0.71" CC="7200054"/>
						<SP ID="P237_SP00230" HPOS="204" VPOS="1411" WIDTH="14"/>
						<String ID="P237_ST00270" HPOS="218" VPOS="1388" WIDTH="46" HEIGHT="23" CONTENT="day," WC="0.77" CC="1070"/>
						<SP ID="P237_SP00231" HPOS="264" VPOS="1411" WIDTH="12"/>
						<String ID="P237_ST00271" HPOS="276" VPOS="1387" WIDTH="41" HEIGHT="18" CONTENT="and" WC="0.79" CC="150"/>
						<SP ID="P237_SP00232" HPOS="317" VPOS="1411" WIDTH="11"/>
						<String ID="P237_ST00272" HPOS="328" VPOS="1391" WIDTH="29" HEIGHT="13" CONTENT="we" WC="0.61" CC="70"/>
						<SP ID="P237_SP00233" HPOS="357" VPOS="1411" WIDTH="10"/>
						<String ID="P237_ST00273" HPOS="367" VPOS="1391" WIDTH="38" HEIGHT="13" CONTENT="can" WC="0.44" CC="186"/>
						<SP ID="P237_SP00234" HPOS="405" VPOS="1411" WIDTH="14"/>
						<String ID="P237_ST00274" HPOS="419" VPOS="1385" WIDTH="101" HEIGHT="23" CONTENT="faithfully" WC="0.66" CC="2860015305"/>
						<SP ID="P237_SP00235" HPOS="520" VPOS="1411" WIDTH="10"/>
						<String ID="P237_ST00275" HPOS="530" VPOS="1391" WIDTH="118" HEIGHT="17" CONTENT="pronounce" WC="0.57" CC="344548610"/>
						<SP ID="P237_SP00236" HPOS="648" VPOS="1411" WIDTH="9"/>
						<String ID="P237_ST00276" HPOS="657" VPOS="1386" WIDTH="15" HEIGHT="17" CONTENT="it" WC="0.51" CC="63"/>
						<SP ID="P237_SP00237" HPOS="672" VPOS="1411" WIDTH="16"/>
						<String ID="P237_ST00277" HPOS="688" VPOS="1386" WIDTH="33" HEIGHT="17" CONTENT="the" WC="0.78" CC="600"/>
						<SP ID="P237_SP00238" HPOS="721" VPOS="1411" WIDTH="10"/>
						<String ID="P237_ST00278" HPOS="731" VPOS="1386" WIDTH="44" HEIGHT="18" CONTENT="best" WC="0.63" CC="1066"/>
						<SP ID="P237_SP00239" HPOS="775" VPOS="1411" WIDTH="10"/>
						<String ID="P237_ST00279" HPOS="785" VPOS="1386" WIDTH="58" HEIGHT="18" CONTENT="novel" WC="0.57" CC="30565"/>
						<SP ID="P237_SP00240" HPOS="843" VPOS="1411" WIDTH="10"/>
						<String ID="P237_ST00280" HPOS="853" VPOS="1392" WIDTH="30" HEIGHT="12" CONTENT="we" WC="0.68" CC="60"/>
						<SP ID="P237_SP00241" HPOS="883" VPOS="1411" WIDTH="13"/>
						<String ID="P237_ST00281" HPOS="896" VPOS="1386" WIDTH="52" HEIGHT="19" CONTENT="have" WC="0.76" CC="0540"/>
					</TextLine>
					<TextLine ID="P237_TL00037" HPOS="77" VPOS="1411" WIDTH="513" HEIGHT="19">
						<String ID="P237_ST00282" HPOS="77" VPOS="1413" WIDTH="49" HEIGHT="17" CONTENT="read" WC="0.80" CC="7000"/>
						<SP ID="P237_SP00242" HPOS="126" VPOS="1430" WIDTH="11"/>
						<String ID="P237_ST00283" HPOS="137" VPOS="1413" WIDTH="30" HEIGHT="17" CONTENT="for" WC="0.71" CC="314"/>
						<SP ID="P237_SP00243" HPOS="167" VPOS="1430" WIDTH="9"/>
						<String ID="P237_ST00284" HPOS="176" VPOS="1418" WIDTH="57" HEIGHT="12" CONTENT="some" WC="0.50" CC="8830"/>
						<SP ID="P237_SP00244" HPOS="233" VPOS="1430" WIDTH="15"/>
						<String ID="P237_ST00285" HPOS="248" VPOS="1412" WIDTH="67" HEIGHT="18" CONTENT='time."' WC="0.44" CC="354676"/>
						<String ID="P237_ST00286" HPOS="317" VPOS="1422" WIDTH="26" HEIGHT="2" CONTENT="—" WC="0.20" CC="8"/>
						<String ID="P237_ST00287" HPOS="346" VPOS="1411" WIDTH="59" HEIGHT="18" CONTENT="Civil" WC="0.75" CC="00560"/>
						<SP ID="P237_SP00245" HPOS="405" VPOS="1430" WIDTH="7"/>
						<String ID="P237_ST00288" HPOS="412" VPOS="1412" WIDTH="83" HEIGHT="17" CONTENT="Service" WC="0.37" CC="8735387"/>
						<SP ID="P237_SP00246" HPOS="495" VPOS="1430" WIDTH="11"/>
						<String ID="P237_ST00289" HPOS="506" VPOS="1411" WIDTH="84" HEIGHT="18" CONTENT="Gazette." WC="0.48" CC="22573575"/>
					</TextLine>
				</TextBlock>
				<TextBlock ID="P237_TB00012" HPOS="77" VPOS="1446" WIDTH="866" HEIGHT="64" STYLEREFS="TXT_1 PAR_LEFT">
					<TextLine ID="P237_TL00038" HPOS="78" VPOS="1446" WIDTH="865" HEIGHT="36">
						<String ID="P237_ST00290" HPOS="78" VPOS="1448" WIDTH="208" HEIGHT="28" CONTENT="BUILDING" WC="0.77" CC="40003044"/>
						<SP ID="P237_SP00247" HPOS="286" VPOS="1476" WIDTH="28"/>
						<String ID="P237_ST00291" HPOS="314" VPOS="1447" WIDTH="112" HEIGHT="26" CONTENT="UPON" WC="0.67" CC="0804"/>
						<SP ID="P237_SP00248" HPOS="426" VPOS="1476" WIDTH="30"/>
						<String ID="P237_ST00292" HPOS="456" VPOS="1446" WIDTH="121" HEIGHT="27" CONTENT="SAND." WC="0.93" CC="00300"/>
						<SP ID="P237_SP00249" HPOS="577" VPOS="1476" WIDTH="63"/>
						<String ID="P237_ST00293" HPOS="640" VPOS="1447" WIDTH="44" HEIGHT="34" CONTENT="By" WC="0.33" CC="58"/>
						<SP ID="P237_SP00250" HPOS="684" VPOS="1481" WIDTH="27"/>
						<String ID="P237_ST00294" HPOS="711" VPOS="1447" WIDTH="183" HEIGHT="26" CONTENT="Elizabeth" WC="0.62" CC="711045085"/>
						<SP ID="P237_SP00251" HPOS="894" VPOS="1481" WIDTH="26"/>
						<String ID="P237_ST00295" HPOS="920" VPOS="1448" WIDTH="23" HEIGHT="34" CONTENT="J." WC="0.55" CC="62"/>
					</TextLine>
					<TextLine ID="P237_TL00039" HPOS="108" VPOS="1483" WIDTH="438" HEIGHT="27">
						<String ID="P237_ST00296" HPOS="108" VPOS="1487" WIDTH="132" HEIGHT="21" CONTENT="Lysaght." WC="0.88" CC="26010000" STYLEREFS="TXT_0"/>
						<SP ID="P237_SP00252" HPOS="240" VPOS="1508" WIDTH="36"/>
						<String ID="P237_ST00297" HPOS="276" VPOS="1485" WIDTH="86" HEIGHT="21" CONTENT="Crown" WC="0.86" CC="03201" STYLEREFS="TXT_0"/>
						<SP ID="P237_SP00253" HPOS="362" VPOS="1508" WIDTH="12"/>
						<String ID="P237_ST00298" HPOS="374" VPOS="1484" WIDTH="60" HEIGHT="26" CONTENT="8vo," WC="0.73" CC="0207" STYLEREFS="TXT_0"/>
						<SP ID="P237_SP00254" HPOS="434" VPOS="1510" WIDTH="13"/>
						<String ID="P237_ST00299" HPOS="447" VPOS="1490" WIDTH="47" HEIGHT="16" CONTENT="10s." WC="0.76" CC="6030" STYLEREFS="TXT_0"/>
						<SP ID="P237_SP00255" HPOS="494" VPOS="1510" WIDTH="14"/>
						<String ID="P237_ST00300" HPOS="508" VPOS="1483" WIDTH="38" HEIGHT="22" CONTENT="6d." WC="1.00" CC="000" STYLEREFS="TXT_0"/>
					</TextLine>
				</TextBlock>
				<TextBlock ID="P237_TB00013" HPOS="76" VPOS="1551" WIDTH="865" HEIGHT="35" STYLEREFS="TXT_0 PAR_CENTER">
					<TextLine ID="P237_TL00040" HPOS="77" VPOS="1552" WIDTH="864" HEIGHT="34">
						<String ID="P237_ST00301" HPOS="77" VPOS="1555" WIDTH="121" HEIGHT="28" CONTENT="Samuel" WC="0.64" CC="324801"/>
						<SP ID="P237_SP00256" HPOS="198" VPOS="1583" WIDTH="21"/>
						<String ID="P237_ST00302" HPOS="219" VPOS="1554" WIDTH="119" HEIGHT="32" CONTENT="Tinsley" WC="0.65" CC="7185000"/>
						<SP ID="P237_SP00257" HPOS="338" VPOS="1586" WIDTH="15"/>
						<String ID="P237_ST00303" HPOS="353" VPOS="1553" WIDTH="24" HEIGHT="26" CONTENT="&amp;" WC="0.52" CC="4"/>
						<SP ID="P237_SP00258" HPOS="377" VPOS="1586" WIDTH="20"/>
						<String ID="P237_ST00304" HPOS="397" VPOS="1552" WIDTH="55" HEIGHT="34" CONTENT="Co.," WC="0.58" CC="7044"/>
						<SP ID="P237_SP00259" HPOS="452" VPOS="1586" WIDTH="17"/>
						<String ID="P237_ST00305" HPOS="469" VPOS="1553" WIDTH="44" HEIGHT="32" CONTENT="10," WC="0.69" CC="044"/>
						<SP ID="P237_SP00260" HPOS="513" VPOS="1586" WIDTH="15"/>
						<String ID="P237_ST00306" HPOS="528" VPOS="1552" WIDTH="217" HEIGHT="34" CONTENT="Southampton" WC="0.51" CC="80466056607"/>
						<SP ID="P237_SP00261" HPOS="745" VPOS="1586" WIDTH="13"/>
						<String ID="P237_ST00307" HPOS="758" VPOS="1552" WIDTH="50" HEIGHT="34" CONTENT="St.," WC="0.69" CC="4402"/>
						<SP ID="P237_SP00262" HPOS="808" VPOS="1586" WIDTH="15"/>
						<String ID="P237_ST00308" HPOS="823" VPOS="1552" WIDTH="118" HEIGHT="28" CONTENT="Strand." WC="0.53" CC="8710870"/>
					</TextLine>
				</TextBlock>
			</PrintSpace>
		</Page>
	</Layout>
</alto>
