<?xml version="1.0" encoding="UTF-8"?>
<alto xmlns:xsi="http://www.w3.org/2001/XMLSchema-instance" xsi:noNamespaceSchemaLocation="http://www.bl.uk/schemas/alto/alto-1-4.xsd" xmlns:xlink="http://www.w3.org/1999/xlink">
	<Description>
		<MeasurementUnit>mm10</MeasurementUnit>
		<sourceImageInformation>
			<fileName>//head1/IN/2008-08/A0011239203/000029.jp2</fileName>
		</sourceImageInformation>
		<OCRProcessing ID="OCRPROCESSING_1">
			<preProcessingStep>
				<processingSoftware>
					<softwareCreator>CCS Content Conversion Specialists GmbH, Germany</softwareCreator>
					<softwareName>CCS docWORKS</softwareName>
					<softwareVersion>6.1-0.67</softwareVersion>
				</processingSoftware>
			</preProcessingStep>
			<ocrProcessingStep>
				<processingSoftware>
					<softwareCreator>ABBYY (BIT Software), Russia</softwareCreator>
					<softwareName>Finereader</softwareName>
				</processingSoftware>
			</ocrProcessingStep>
		</OCRProcessing>
	</Description>
	<Styles>
		<TextStyle ID="TXT_0" FONTSIZE="10" FONTFAMILY="Courier New"/>
		<TextStyle ID="TXT_1" FONTSIZE="9" FONTFAMILY="Courier New"/>
		<ParagraphStyle ID="PAR_RIGHT" ALIGN="Right"/>
		<ParagraphStyle ID="PAR_CENTER" ALIGN="Center"/>
		<ParagraphStyle ID="PAR_LEFT" ALIGN="Left"/>
	</Styles>
	<Layout>
		<Page ID="P25" PHYSICAL_IMG_NR="25" HEIGHT="1673" WIDTH="1059" PRINTED_IMG_NR="17" POSITION="Right" ACCURACY="66.23">
			<TopMargin ID="P25_TM00001" HPOS="0" VPOS="0" WIDTH="1059" HEIGHT="81">
				<TextBlock ID="P25_TB00001" HPOS="909" VPOS="52" WIDTH="35" HEIGHT="26" STYLEREFS="TXT_0 PAR_RIGHT">
					<TextLine ID="P25_TL00001" HPOS="909" VPOS="52" WIDTH="35" HEIGHT="26">
						<String ID="P25_ST00001" HPOS="909" VPOS="52" WIDTH="35" HEIGHT="26" CONTENT="17" WC="1.00" CC="00"/>
					</TextLine>
				</TextBlock>
				<TextBlock ID="P25_TB00002" HPOS="241" VPOS="60" WIDTH="540" HEIGHT="21" STYLEREFS="TXT_1 PAR_CENTER">
					<TextLine ID="P25_TL00002" HPOS="242" VPOS="61" WIDTH="539" HEIGHT="20">
						<String ID="P25_ST00002" HPOS="242" VPOS="62" WIDTH="67" HEIGHT="19" CONTENT="AVHY" WC="0.42" CC="8076"/>
						<SP ID="P25_SP00001" HPOS="309" VPOS="81" WIDTH="19"/>
						<String ID="P25_ST00003" HPOS="328" VPOS="61" WIDTH="117" HEIGHT="20" CONTENT="AVALTER" WC="0.51" CC="8582018"/>
						<SP ID="P25_SP00002" HPOS="445" VPOS="81" WIDTH="21"/>
						<String ID="P25_ST00004" HPOS="466" VPOS="62" WIDTH="60" HEIGHT="19" CONTENT="WAS" WC="0.25" CC="787"/>
						<SP ID="P25_SP00003" HPOS="526" VPOS="81" WIDTH="20"/>
						<String ID="P25_ST00005" HPOS="546" VPOS="62" WIDTH="36" HEIGHT="19" CONTENT="AT" WC="0.65" CC="70"/>
						<SP ID="P25_SP00004" HPOS="582" VPOS="81" WIDTH="20"/>
						<String ID="P25_ST00006" HPOS="602" VPOS="61" WIDTH="179" HEIGHT="20" CONTENT="BERWERTON." WC="0.65" CC="5083080080"/>
					</TextLine>
				</TextBlock>
			</TopMargin>
			<LeftMargin ID="P25_LM00001" HPOS="0" VPOS="80" WIDTH="76" HEIGHT="1479"/>
			<RightMargin ID="P25_RM00001" HPOS="944" VPOS="80" WIDTH="115" HEIGHT="1479"/>
			<BottomMargin ID="P25_BM00001" HPOS="0" VPOS="1559" WIDTH="1059" HEIGHT="114"/>
			<PrintSpace ID="P25_PS00001" HPOS="76" VPOS="80" WIDTH="868" HEIGHT="1479">
				<TextBlock ID="P25_TB00003" HPOS="76" VPOS="124" WIDTH="868" HEIGHT="162" STYLEREFS="TXT_1 PAR_LEFT">
					<TextLine ID="P25_TL00003" HPOS="78" VPOS="125" WIDTH="866" HEIGHT="37">
						<String ID="P25_ST00007" HPOS="78" VPOS="127" WIDTH="124" HEIGHT="35" CONTENT="pausing." WC="0.54" CC="81621760"/>
						<SP ID="P25_SP00005" HPOS="202" VPOS="162" WIDTH="41"/>
						<String ID="P25_ST00008" HPOS="243" VPOS="126" WIDTH="54" HEIGHT="27" CONTENT="She" WC="0.68" CC="350"/>
						<SP ID="P25_SP00006" HPOS="297" VPOS="162" WIDTH="19"/>
						<String ID="P25_ST00009" HPOS="316" VPOS="126" WIDTH="55" HEIGHT="27" CONTENT="had" WC="0.62" CC="704"/>
						<SP ID="P25_SP00007" HPOS="371" VPOS="162" WIDTH="18"/>
						<String ID="P25_ST00010" HPOS="389" VPOS="136" WIDTH="15" HEIGHT="17" CONTENT="a" WC="0.21" CC="7"/>
						<SP ID="P25_SP00008" HPOS="404" VPOS="162" WIDTH="19"/>
						<String ID="P25_ST00011" HPOS="423" VPOS="126" WIDTH="84" HEIGHT="34" CONTENT="quiet," WC="0.64" CC="651060"/>
						<SP ID="P25_SP00009" HPOS="507" VPOS="162" WIDTH="21"/>
						<String ID="P25_ST00012" HPOS="528" VPOS="126" WIDTH="69" HEIGHT="35" CONTENT="pale," WC="0.82" CC="12400"/>
						<SP ID="P25_SP00010" HPOS="597" VPOS="162" WIDTH="21"/>
						<String ID="P25_ST00013" HPOS="618" VPOS="126" WIDTH="80" HEIGHT="27" CONTENT="faded" WC="0.78" CC="00703"/>
						<SP ID="P25_SP00011" HPOS="698" VPOS="162" WIDTH="15"/>
						<String ID="P25_ST00014" HPOS="713" VPOS="126" WIDTH="67" HEIGHT="33" CONTENT="face," WC="0.79" CC="20007"/>
						<SP ID="P25_SP00012" HPOS="780" VPOS="162" WIDTH="16"/>
						<String ID="P25_ST00015" HPOS="796" VPOS="125" WIDTH="54" HEIGHT="27" CONTENT="and" WC="0.52" CC="068"/>
						<SP ID="P25_SP00013" HPOS="850" VPOS="162" WIDTH="12"/>
						<String ID="P25_ST00016" HPOS="862" VPOS="125" WIDTH="82" HEIGHT="26" CONTENT="beau" SUBS_TYPE="HypPart1" SUBS_CONTENT="beautiful" WC="0.69" CC="80600"/>
						<HYP CONTENT="-"/>
					</TextLine>
					<TextLine ID="P25_TL00004" HPOS="79" VPOS="169" WIDTH="865" HEIGHT="36">
						<String ID="P25_ST00017" HPOS="79" VPOS="171" WIDTH="65" HEIGHT="26" CONTENT="tiful" SUBS_TYPE="HypPart2" SUBS_CONTENT="beautiful" WC="0.64" CC="40155"/>
						<SP ID="P25_SP00014" HPOS="144" VPOS="197" WIDTH="18"/>
						<String ID="P25_ST00018" HPOS="162" VPOS="171" WIDTH="84" HEIGHT="26" CONTENT="white" WC="0.58" CC="84007"/>
						<SP ID="P25_SP00015" HPOS="246" VPOS="197" WIDTH="18"/>
						<String ID="P25_ST00019" HPOS="264" VPOS="171" WIDTH="68" HEIGHT="32" CONTENT="hair," WC="0.85" CC="30012"/>
						<SP ID="P25_SP00016" HPOS="332" VPOS="203" WIDTH="12"/>
						<String ID="P25_ST00020" HPOS="344" VPOS="170" WIDTH="104" HEIGHT="27" CONTENT="tucked" WC="0.55" CC="570607"/>
						<SP ID="P25_SP00017" HPOS="448" VPOS="203" WIDTH="12"/>
						<String ID="P25_ST00021" HPOS="460" VPOS="170" WIDTH="87" HEIGHT="27" CONTENT="under" WC="0.45" CC="76705"/>
						<SP ID="P25_SP00018" HPOS="547" VPOS="203" WIDTH="15"/>
						<String ID="P25_ST00022" HPOS="562" VPOS="179" WIDTH="16" HEIGHT="18" CONTENT="a" WC="1.00" CC="0"/>
						<SP ID="P25_SP00019" HPOS="578" VPOS="203" WIDTH="13"/>
						<String ID="P25_ST00023" HPOS="591" VPOS="170" WIDTH="61" HEIGHT="27" CONTENT="nice" WC="0.75" CC="5400"/>
						<SP ID="P25_SP00020" HPOS="652" VPOS="203" WIDTH="14"/>
						<String ID="P25_ST00024" HPOS="666" VPOS="170" WIDTH="76" HEIGHT="35" CONTENT="large" WC="0.56" CC="30737"/>
						<SP ID="P25_SP00021" HPOS="742" VPOS="205" WIDTH="13"/>
						<String ID="P25_ST00025" HPOS="755" VPOS="170" WIDTH="45" HEIGHT="26" CONTENT="old" WC="0.95" CC="001"/>
						<SP ID="P25_SP00022" HPOS="800" VPOS="205" WIDTH="14"/>
						<String ID="P25_ST00026" HPOS="814" VPOS="169" WIDTH="130" HEIGHT="26" CONTENT="woman's" WC="0.64" CC="0054705"/>
					</TextLine>
					<TextLine ID="P25_TL00005" HPOS="80" VPOS="213" WIDTH="864" HEIGHT="38">
						<String ID="P25_ST00027" HPOS="80" VPOS="225" WIDTH="58" HEIGHT="26" CONTENT="cap," WC="0.67" CC="0146"/>
						<SP ID="P25_SP00023" HPOS="138" VPOS="251" WIDTH="13"/>
						<String ID="P25_ST00028" HPOS="151" VPOS="216" WIDTH="58" HEIGHT="26" CONTENT="tied" WC="0.90" CC="0004"/>
						<SP ID="P25_SP00024" HPOS="209" VPOS="251" WIDTH="13"/>
						<String ID="P25_ST00029" HPOS="222" VPOS="225" WIDTH="37" HEIGHT="17" CONTENT="on" WC="0.38" CC="48"/>
						<SP ID="P25_SP00025" HPOS="259" VPOS="251" WIDTH="12"/>
						<String ID="P25_ST00030" HPOS="271" VPOS="215" WIDTH="69" HEIGHT="27" CONTENT="with" WC="0.45" CC="8165"/>
						<SP ID="P25_SP00026" HPOS="340" VPOS="251" WIDTH="14"/>
						<String ID="P25_ST00031" HPOS="354" VPOS="215" WIDTH="97" HEIGHT="27" CONTENT="ribbon" WC="0.46" CC="655607"/>
						<SP ID="P25_SP00027" HPOS="451" VPOS="251" WIDTH="17"/>
						<String ID="P25_ST00032" HPOS="468" VPOS="215" WIDTH="101" HEIGHT="34" CONTENT="strings" WC="0.52" CC="1254873"/>
						<SP ID="P25_SP00028" HPOS="569" VPOS="251" WIDTH="19"/>
						<String ID="P25_ST00033" HPOS="588" VPOS="214" WIDTH="30" HEIGHT="27" CONTENT="in" WC="0.57" CC="08"/>
						<SP ID="P25_SP00029" HPOS="618" VPOS="251" WIDTH="21"/>
						<String ID="P25_ST00034" HPOS="639" VPOS="224" WIDTH="15" HEIGHT="17" CONTENT="a" WC="0.42" CC="5"/>
						<SP ID="P25_SP00030" HPOS="654" VPOS="251" WIDTH="20"/>
						<String ID="P25_ST00035" HPOS="674" VPOS="214" WIDTH="61" HEIGHT="27" CONTENT="bow" WC="0.53" CC="805"/>
						<SP ID="P25_SP00031" HPOS="735" VPOS="251" WIDTH="21"/>
						<String ID="P25_ST00036" HPOS="756" VPOS="213" WIDTH="118" HEIGHT="27" CONTENT="beneath" WC="0.67" CC="4060406"/>
						<SP ID="P25_SP00032" HPOS="874" VPOS="251" WIDTH="20"/>
						<String ID="P25_ST00037" HPOS="894" VPOS="213" WIDTH="50" HEIGHT="26" CONTENT="her" WC="0.63" CC="505"/>
					</TextLine>
					<TextLine ID="P25_TL00006" HPOS="78" VPOS="261" WIDTH="74" HEIGHT="25">
						<String ID="P25_ST00038" HPOS="78" VPOS="261" WIDTH="74" HEIGHT="25" CONTENT="chin." WC="0.49" CC="87071"/>
					</TextLine>
				</TextBlock>
				<TextBlock ID="P25_TB00004" HPOS="78" VPOS="302" WIDTH="866" HEIGHT="566" STYLEREFS="TXT_1 PAR_LEFT">
					<TextLine ID="P25_TL00007" HPOS="120" VPOS="302" WIDTH="824" HEIGHT="33">
						<String ID="P25_ST00039" HPOS="120" VPOS="306" WIDTH="79" HEIGHT="26" CONTENT="Some" WC="0.71" CC="2260"/>
						<SP ID="P25_SP00033" HPOS="199" VPOS="332" WIDTH="21"/>
						<String ID="P25_ST00040" HPOS="220" VPOS="305" WIDTH="59" HEIGHT="26" CONTENT="said" WC="0.78" CC="0026"/>
						<SP ID="P25_SP00034" HPOS="279" VPOS="332" WIDTH="20"/>
						<String ID="P25_ST00041" HPOS="299" VPOS="304" WIDTH="60" HEIGHT="27" CONTENT="that" WC="0.54" CC="4643"/>
						<SP ID="P25_SP00035" HPOS="359" VPOS="332" WIDTH="28"/>
						<String ID="P25_ST00042" HPOS="387" VPOS="304" WIDTH="48" HEIGHT="26" CONTENT="she" WC="0.58" CC="570"/>
						<SP ID="P25_SP00036" HPOS="435" VPOS="332" WIDTH="26"/>
						<String ID="P25_ST00043" HPOS="461" VPOS="313" WIDTH="56" HEIGHT="17" CONTENT="was" WC="0.44" CC="825"/>
						<SP ID="P25_SP00037" HPOS="517" VPOS="332" WIDTH="27"/>
						<String ID="P25_ST00044" HPOS="544" VPOS="303" WIDTH="68" HEIGHT="32" CONTENT="cold," WC="0.78" CC="00360"/>
						<SP ID="P25_SP00038" HPOS="612" VPOS="335" WIDTH="24"/>
						<String ID="P25_ST00045" HPOS="636" VPOS="312" WIDTH="75" HEIGHT="18" CONTENT="some" WC="0.71" CC="8030"/>
						<SP ID="P25_SP00039" HPOS="711" VPOS="335" WIDTH="20"/>
						<String ID="P25_ST00046" HPOS="731" VPOS="302" WIDTH="62" HEIGHT="27" CONTENT="that" WC="0.43" CC="5735"/>
						<SP ID="P25_SP00040" HPOS="793" VPOS="335" WIDTH="24"/>
						<String ID="P25_ST00047" HPOS="817" VPOS="302" WIDTH="48" HEIGHT="27" CONTENT="she" WC="0.73" CC="250"/>
						<SP ID="P25_SP00041" HPOS="865" VPOS="335" WIDTH="22"/>
						<String ID="P25_ST00048" HPOS="887" VPOS="310" WIDTH="57" HEIGHT="17" CONTENT="Avas" WC="0.53" CC="8603"/>
					</TextLine>
					<TextLine ID="P25_TL00008" HPOS="80" VPOS="345" WIDTH="864" HEIGHT="40">
						<String ID="P25_ST00049" HPOS="80" VPOS="350" WIDTH="102" HEIGHT="35" CONTENT="stingy," WC="0.67" CC="5008035"/>
						<SP ID="P25_SP00042" HPOS="182" VPOS="385" WIDTH="26"/>
						<String ID="P25_ST00050" HPOS="208" VPOS="350" WIDTH="83" HEIGHT="25" CONTENT="while" WC="0.58" CC="87130"/>
						<SP ID="P25_SP00043" HPOS="291" VPOS="385" WIDTH="20"/>
						<String ID="P25_ST00051" HPOS="311" VPOS="349" WIDTH="91" HEIGHT="26" CONTENT="others" WC="0.58" CC="257063"/>
						<SP ID="P25_SP00044" HPOS="402" VPOS="385" WIDTH="18"/>
						<String ID="P25_ST00052" HPOS="420" VPOS="348" WIDTH="105" HEIGHT="34" CONTENT="alleged" WC="0.72" CC="2130307"/>
						<SP ID="P25_SP00045" HPOS="525" VPOS="385" WIDTH="18"/>
						<String ID="P25_ST00053" HPOS="543" VPOS="348" WIDTH="61" HEIGHT="26" CONTENT="that" WC="0.66" CC="2604"/>
						<SP ID="P25_SP00046" HPOS="604" VPOS="385" WIDTH="20"/>
						<String ID="P25_ST00054" HPOS="624" VPOS="347" WIDTH="49" HEIGHT="27" CONTENT="she" WC="0.59" CC="470"/>
						<SP ID="P25_SP00047" HPOS="673" VPOS="385" WIDTH="13"/>
						<String ID="P25_ST00055" HPOS="686" VPOS="356" WIDTH="56" HEIGHT="18" CONTENT="was" WC="0.50" CC="806"/>
						<SP ID="P25_SP00048" HPOS="742" VPOS="385" WIDTH="13"/>
						<String ID="P25_ST00056" HPOS="755" VPOS="346" WIDTH="93" HEIGHT="35" CONTENT="proud." WC="0.58" CC="800780"/>
						<SP ID="P25_SP00049" HPOS="848" VPOS="385" WIDTH="47"/>
						<String ID="P25_ST00057" HPOS="895" VPOS="345" WIDTH="49" HEIGHT="26" CONTENT="All" WC="0.47" CC="780"/>
					</TextLine>
					<TextLine ID="P25_TL00009" HPOS="79" VPOS="391" WIDTH="865" HEIGHT="33">
						<String ID="P25_ST00058" HPOS="79" VPOS="395" WIDTH="79" HEIGHT="26" CONTENT="these" WC="0.92" CC="00040"/>
						<SP ID="P25_SP00050" HPOS="158" VPOS="421" WIDTH="20"/>
						<String ID="P25_ST00059" HPOS="178" VPOS="394" WIDTH="170" HEIGHT="26" CONTENT="accusations" WC="0.73" CC="00267030061"/>
						<SP ID="P25_SP00051" HPOS="348" VPOS="421" WIDTH="21"/>
						<String ID="P25_ST00060" HPOS="369" VPOS="402" WIDTH="70" HEIGHT="17" CONTENT="were" WC="0.78" CC="8000"/>
						<SP ID="P25_SP00052" HPOS="439" VPOS="421" WIDTH="21"/>
						<String ID="P25_ST00061" HPOS="460" VPOS="392" WIDTH="81" HEIGHT="32" CONTENT="false;" WC="0.92" CC="004000"/>
						<SP ID="P25_SP00053" HPOS="541" VPOS="424" WIDTH="27"/>
						<String ID="P25_ST00062" HPOS="568" VPOS="392" WIDTH="48" HEIGHT="26" CONTENT="her" WC="0.67" CC="504"/>
						<SP ID="P25_SP00054" HPOS="616" VPOS="424" WIDTH="20"/>
						<String ID="P25_ST00063" HPOS="636" VPOS="391" WIDTH="142" HEIGHT="27" CONTENT="affections" WC="0.84" CC="1000050062"/>
						<SP ID="P25_SP00055" HPOS="778" VPOS="424" WIDTH="15"/>
						<String ID="P25_ST00064" HPOS="793" VPOS="399" WIDTH="70" HEIGHT="18" CONTENT="were" WC="0.83" CC="1050"/>
						<SP ID="P25_SP00056" HPOS="863" VPOS="424" WIDTH="20"/>
						<String ID="P25_ST00065" HPOS="883" VPOS="393" WIDTH="61" HEIGHT="23" CONTENT="true" WC="0.67" CC="0660"/>
					</TextLine>
					<TextLine ID="P25_TL00010" HPOS="82" VPOS="435" WIDTH="859" HEIGHT="38">
						<String ID="P25_ST00066" HPOS="82" VPOS="440" WIDTH="55" HEIGHT="25" CONTENT="and" WC="0.55" CC="263"/>
						<SP ID="P25_SP00057" HPOS="137" VPOS="465" WIDTH="13"/>
						<String ID="P25_ST00067" HPOS="150" VPOS="440" WIDTH="77" HEIGHT="33" CONTENT="deep," WC="0.87" CC="10040"/>
						<SP ID="P25_SP00058" HPOS="227" VPOS="473" WIDTH="9"/>
						<String ID="P25_ST00068" HPOS="236" VPOS="438" WIDTH="54" HEIGHT="26" CONTENT="and" WC="0.70" CC="071"/>
						<SP ID="P25_SP00059" HPOS="290" VPOS="473" WIDTH="9"/>
						<String ID="P25_ST00069" HPOS="299" VPOS="437" WIDTH="105" HEIGHT="35" CONTENT="though" WC="0.61" CC="080608"/>
						<SP ID="P25_SP00060" HPOS="404" VPOS="473" WIDTH="11"/>
						<String ID="P25_ST00070" HPOS="415" VPOS="437" WIDTH="47" HEIGHT="25" CONTENT="her" WC="0.57" CC="606"/>
						<SP ID="P25_SP00061" HPOS="462" VPOS="473" WIDTH="10"/>
						<String ID="P25_ST00071" HPOS="472" VPOS="436" WIDTH="59" HEIGHT="26" CONTENT="face" WC="0.87" CC="0220"/>
						<SP ID="P25_SP00062" HPOS="531" VPOS="473" WIDTH="11"/>
						<String ID="P25_ST00072" HPOS="542" VPOS="436" WIDTH="104" HEIGHT="26" CONTENT="seldom" WC="0.64" CC="302553"/>
						<SP ID="P25_SP00063" HPOS="646" VPOS="473" WIDTH="11"/>
						<String ID="P25_ST00073" HPOS="657" VPOS="435" WIDTH="130" HEIGHT="35" CONTENT="betrayed" WC="0.63" CC="80480007"/>
						<SP ID="P25_SP00064" HPOS="787" VPOS="473" WIDTH="11"/>
						<String ID="P25_ST00074" HPOS="798" VPOS="435" WIDTH="143" HEIGHT="30" CONTENT="emotions," WC="0.62" CC="031441854"/>
					</TextLine>
					<TextLine ID="P25_TL00011" HPOS="82" VPOS="479" WIDTH="858" HEIGHT="35">
						<String ID="P25_ST00075" HPOS="82" VPOS="484" WIDTH="79" HEIGHT="26" CONTENT="those" WC="0.68" CC="15071"/>
						<SP ID="P25_SP00065" HPOS="161" VPOS="510" WIDTH="13"/>
						<String ID="P25_ST00076" HPOS="174" VPOS="483" WIDTH="62" HEIGHT="26" CONTENT="Avho" WC="0.50" CC="8460"/>
						<SP ID="P25_SP00066" HPOS="236" VPOS="510" WIDTH="13"/>
						<String ID="P25_ST00077" HPOS="249" VPOS="483" WIDTH="84" HEIGHT="25" CONTENT="knew" WC="0.55" CC="3707"/>
						<SP ID="P25_SP00067" HPOS="333" VPOS="510" WIDTH="13"/>
						<String ID="P25_ST00078" HPOS="346" VPOS="482" WIDTH="49" HEIGHT="25" CONTENT="her" WC="0.71" CC="701"/>
						<SP ID="P25_SP00068" HPOS="395" VPOS="510" WIDTH="14"/>
						<String ID="P25_ST00079" HPOS="409" VPOS="480" WIDTH="80" HEIGHT="27" CONTENT="could" WC="0.76" CC="01017"/>
						<SP ID="P25_SP00069" HPOS="489" VPOS="510" WIDTH="20"/>
						<String ID="P25_ST00080" HPOS="509" VPOS="480" WIDTH="50" HEIGHT="27" CONTENT="tell" WC="0.80" CC="4003"/>
						<SP ID="P25_SP00070" HPOS="559" VPOS="510" WIDTH="13"/>
						<String ID="P25_ST00081" HPOS="572" VPOS="481" WIDTH="38" HEIGHT="33" CONTENT="by" WC="0.42" CC="83"/>
						<SP ID="P25_SP00071" HPOS="610" VPOS="514" WIDTH="11"/>
						<String ID="P25_ST00082" HPOS="621" VPOS="480" WIDTH="46" HEIGHT="27" CONTENT="the" WC="0.64" CC="460"/>
						<SP ID="P25_SP00072" HPOS="667" VPOS="514" WIDTH="14"/>
						<String ID="P25_ST00083" HPOS="681" VPOS="480" WIDTH="61" HEIGHT="34" CONTENT="ring" WC="0.48" CC="5284"/>
						<SP ID="P25_SP00073" HPOS="742" VPOS="514" WIDTH="14"/>
						<String ID="P25_ST00084" HPOS="756" VPOS="479" WIDTH="29" HEIGHT="27" CONTENT="of" WC="1.00" CC="00"/>
						<SP ID="P25_SP00074" HPOS="785" VPOS="514" WIDTH="16"/>
						<String ID="P25_ST00085" HPOS="801" VPOS="479" WIDTH="50" HEIGHT="26" CONTENT="her" WC="0.68" CC="504"/>
						<SP ID="P25_SP00075" HPOS="851" VPOS="514" WIDTH="12"/>
						<String ID="P25_ST00086" HPOS="863" VPOS="479" WIDTH="77" HEIGHT="26" CONTENT="voice" WC="0.92" CC="40000"/>
					</TextLine>
					<TextLine ID="P25_TL00012" HPOS="81" VPOS="523" WIDTH="862" HEIGHT="34">
						<String ID="P25_ST00087" HPOS="81" VPOS="529" WIDTH="57" HEIGHT="25" CONTENT="and" WC="0.21" CC="886"/>
						<SP ID="P25_SP00076" HPOS="138" VPOS="554" WIDTH="13"/>
						<String ID="P25_ST00088" HPOS="151" VPOS="528" WIDTH="47" HEIGHT="25" CONTENT="the" WC="0.74" CC="060"/>
						<SP ID="P25_SP00077" HPOS="198" VPOS="554" WIDTH="14"/>
						<String ID="P25_ST00089" HPOS="212" VPOS="529" WIDTH="158" HEIGHT="24" CONTENT="movement" WC="0.64" CC="51506063"/>
						<SP ID="P25_SP00078" HPOS="370" VPOS="554" WIDTH="13"/>
						<String ID="P25_ST00090" HPOS="383" VPOS="525" WIDTH="30" HEIGHT="26" CONTENT="of" WC="1.00" CC="00"/>
						<SP ID="P25_SP00079" HPOS="413" VPOS="554" WIDTH="17"/>
						<String ID="P25_ST00091" HPOS="430" VPOS="525" WIDTH="49" HEIGHT="26" CONTENT="her" WC="0.73" CC="700"/>
						<SP ID="P25_SP00080" HPOS="479" VPOS="554" WIDTH="13"/>
						<String ID="P25_ST00092" HPOS="492" VPOS="524" WIDTH="74" HEIGHT="27" CONTENT="hand" WC="0.38" CC="6475"/>
						<SP ID="P25_SP00081" HPOS="566" VPOS="554" WIDTH="19"/>
						<String ID="P25_ST00093" HPOS="585" VPOS="524" WIDTH="24" HEIGHT="26" CONTENT="if" WC="0.98" CC="00"/>
						<SP ID="P25_SP00082" HPOS="609" VPOS="554" WIDTH="17"/>
						<String ID="P25_ST00094" HPOS="626" VPOS="524" WIDTH="48" HEIGHT="27" CONTENT="she" WC="0.62" CC="550"/>
						<SP ID="P25_SP00083" HPOS="674" VPOS="554" WIDTH="18"/>
						<String ID="P25_ST00095" HPOS="692" VPOS="533" WIDTH="55" HEIGHT="17" CONTENT="Avas" WC="0.59" CC="8402"/>
						<SP ID="P25_SP00084" HPOS="747" VPOS="554" WIDTH="21"/>
						<String ID="P25_ST00096" HPOS="768" VPOS="523" WIDTH="175" HEIGHT="34" CONTENT="suppressing" WC="0.54" CC="57771045170"/>
					</TextLine>
					<TextLine ID="P25_TL00013" HPOS="83" VPOS="567" WIDTH="859" HEIGHT="39">
						<String ID="P25_ST00097" HPOS="83" VPOS="573" WIDTH="102" HEIGHT="33" CONTENT="feeling" WC="0.88" CC="0000080"/>
						<String ID="P25_ST00098" HPOS="195" VPOS="582" WIDTH="6" HEIGHT="22" CONTENT=";" WC="0.61" CC="3"/>
						<SP ID="P25_SP00085" HPOS="201" VPOS="606" WIDTH="20"/>
						<String ID="P25_ST00099" HPOS="221" VPOS="571" WIDTH="49" HEIGHT="26" CONTENT="her" WC="0.61" CC="704"/>
						<SP ID="P25_SP00086" HPOS="270" VPOS="606" WIDTH="19"/>
						<String ID="P25_ST00100" HPOS="289" VPOS="573" WIDTH="65" HEIGHT="23" CONTENT="tone" WC="0.85" CC="0050"/>
						<SP ID="P25_SP00087" HPOS="354" VPOS="606" WIDTH="18"/>
						<String ID="P25_ST00101" HPOS="372" VPOS="569" WIDTH="81" HEIGHT="26" CONTENT="when" WC="0.47" CC="7607"/>
						<SP ID="P25_SP00088" HPOS="453" VPOS="606" WIDTH="18"/>
						<String ID="P25_ST00102" HPOS="471" VPOS="568" WIDTH="49" HEIGHT="27" CONTENT="she" WC="0.79" CC="140"/>
						<SP ID="P25_SP00089" HPOS="520" VPOS="606" WIDTH="20"/>
						<String ID="P25_ST00103" HPOS="540" VPOS="568" WIDTH="84" HEIGHT="34" CONTENT="spoke" WC="0.62" CC="47060"/>
						<SP ID="P25_SP00090" HPOS="624" VPOS="606" WIDTH="19"/>
						<String ID="P25_ST00104" HPOS="643" VPOS="571" WIDTH="29" HEIGHT="23" CONTENT="to" WC="0.71" CC="50"/>
						<SP ID="P25_SP00091" HPOS="672" VPOS="606" WIDTH="19"/>
						<String ID="P25_ST00105" HPOS="691" VPOS="577" WIDTH="51" HEIGHT="17" CONTENT="one" WC="0.71" CC="080"/>
						<SP ID="P25_SP00092" HPOS="742" VPOS="606" WIDTH="14"/>
						<String ID="P25_ST00106" HPOS="756" VPOS="567" WIDTH="29" HEIGHT="27" CONTENT="of" WC="0.53" CC="36"/>
						<SP ID="P25_SP00093" HPOS="785" VPOS="606" WIDTH="17"/>
						<String ID="P25_ST00107" HPOS="802" VPOS="567" WIDTH="78" HEIGHT="26" CONTENT="those" WC="0.91" CC="10020"/>
						<SP ID="P25_SP00094" HPOS="880" VPOS="606" WIDTH="14"/>
						<String ID="P25_ST00108" HPOS="894" VPOS="567" WIDTH="48" HEIGHT="26" CONTENT="she" WC="0.60" CC="550"/>
					</TextLine>
					<TextLine ID="P25_TL00014" HPOS="82" VPOS="611" WIDTH="862" HEIGHT="35">
						<String ID="P25_ST00109" HPOS="82" VPOS="617" WIDTH="82" HEIGHT="26" CONTENT="loved" WC="0.86" CC="00006"/>
						<SP ID="P25_SP00095" HPOS="164" VPOS="643" WIDTH="20"/>
						<String ID="P25_ST00110" HPOS="184" VPOS="624" WIDTH="56" HEIGHT="17" CONTENT="was" WC="0.54" CC="705"/>
						<SP ID="P25_SP00096" HPOS="240" VPOS="643" WIDTH="18"/>
						<String ID="P25_ST00111" HPOS="258" VPOS="613" WIDTH="211" HEIGHT="27" CONTENT="unmistakable." WC="0.67" CC="6803050018503"/>
						<SP ID="P25_SP00097" HPOS="469" VPOS="643" WIDTH="40"/>
						<String ID="P25_ST00112" HPOS="509" VPOS="612" WIDTH="59" HEIGHT="27" CONTENT="Her" WC="0.48" CC="608"/>
						<SP ID="P25_SP00098" HPOS="568" VPOS="643" WIDTH="14"/>
						<String ID="P25_ST00113" HPOS="582" VPOS="612" WIDTH="147" HEIGHT="34" CONTENT="stinginess" WC="0.69" CC="0608028021"/>
						<SP ID="P25_SP00099" HPOS="729" VPOS="646" WIDTH="16"/>
						<String ID="P25_ST00114" HPOS="745" VPOS="611" WIDTH="108" HEIGHT="27" CONTENT="showed" WC="0.58" CC="460804"/>
						<SP ID="P25_SP00100" HPOS="853" VPOS="646" WIDTH="14"/>
						<String ID="P25_ST00115" HPOS="867" VPOS="611" WIDTH="77" HEIGHT="26" CONTENT="itself" WC="0.72" CC="061025"/>
					</TextLine>
					<TextLine ID="P25_TL00015" HPOS="83" VPOS="655" WIDTH="859" HEIGHT="39">
						<String ID="P25_ST00116" HPOS="83" VPOS="660" WIDTH="117" HEIGHT="34" CONTENT="entirely" WC="0.59" CC="06228066"/>
						<SP ID="P25_SP00101" HPOS="200" VPOS="694" WIDTH="18"/>
						<String ID="P25_ST00117" HPOS="218" VPOS="659" WIDTH="70" HEIGHT="26" CONTENT="with" WC="0.48" CC="8245"/>
						<SP ID="P25_SP00102" HPOS="288" VPOS="694" WIDTH="21"/>
						<String ID="P25_ST00118" HPOS="309" VPOS="657" WIDTH="95" HEIGHT="35" CONTENT="regard" WC="0.71" CC="400082"/>
						<SP ID="P25_SP00103" HPOS="404" VPOS="694" WIDTH="17"/>
						<String ID="P25_ST00119" HPOS="421" VPOS="661" WIDTH="29" HEIGHT="22" CONTENT="to" WC="1.00" CC="00"/>
						<SP ID="P25_SP00104" HPOS="450" VPOS="694" WIDTH="19"/>
						<String ID="P25_ST00120" HPOS="469" VPOS="656" WIDTH="49" HEIGHT="27" CONTENT="her" WC="0.60" CC="605"/>
						<SP ID="P25_SP00105" HPOS="518" VPOS="694" WIDTH="13"/>
						<String ID="P25_ST00121" HPOS="531" VPOS="665" WIDTH="61" HEIGHT="18" CONTENT="own" WC="0.43" CC="087"/>
						<SP ID="P25_SP00106" HPOS="592" VPOS="694" WIDTH="14"/>
						<String ID="P25_ST00122" HPOS="606" VPOS="656" WIDTH="126" HEIGHT="34" CONTENT="personal" WC="0.69" CC="60720800"/>
						<SP ID="P25_SP00107" HPOS="732" VPOS="694" WIDTH="14"/>
						<String ID="P25_ST00123" HPOS="746" VPOS="656" WIDTH="127" HEIGHT="26" CONTENT="comforts" WC="0.81" CC="00500107"/>
						<SP ID="P25_SP00108" HPOS="873" VPOS="694" WIDTH="14"/>
						<String ID="P25_ST00124" HPOS="887" VPOS="655" WIDTH="55" HEIGHT="25" CONTENT="and" WC="0.51" CC="184"/>
					</TextLine>
					<TextLine ID="P25_TL00016" HPOS="82" VPOS="699" WIDTH="858" HEIGHT="37">
						<String ID="P25_ST00125" HPOS="82" VPOS="705" WIDTH="123" HEIGHT="26" CONTENT="luxuries" WC="0.63" CC="44661006"/>
						<String ID="P25_ST00126" HPOS="214" VPOS="714" WIDTH="5" HEIGHT="22" CONTENT=";" WC="1.00" CC="0"/>
						<SP ID="P25_SP00109" HPOS="219" VPOS="736" WIDTH="14"/>
						<String ID="P25_ST00127" HPOS="233" VPOS="702" WIDTH="142" HEIGHT="34" CONTENT="certainly," WC="0.80" CC="0003225220"/>
						<SP ID="P25_SP00110" HPOS="375" VPOS="736" WIDTH="21"/>
						<String ID="P25_ST00128" HPOS="396" VPOS="701" WIDTH="171" HEIGHT="34" CONTENT="considering" WC="0.70" CC="03501704260"/>
						<SP ID="P25_SP00111" HPOS="567" VPOS="736" WIDTH="19"/>
						<String ID="P25_ST00129" HPOS="586" VPOS="700" WIDTH="49" HEIGHT="26" CONTENT="her" WC="0.69" CC="404"/>
						<SP ID="P25_SP00112" HPOS="635" VPOS="736" WIDTH="19"/>
						<String ID="P25_ST00130" HPOS="654" VPOS="708" WIDTH="103" HEIGHT="25" CONTENT="means," WC="0.67" CC="400770"/>
						<SP ID="P25_SP00113" HPOS="757" VPOS="736" WIDTH="13"/>
						<String ID="P25_ST00131" HPOS="770" VPOS="700" WIDTH="48" HEIGHT="26" CONTENT="she" WC="0.61" CC="550"/>
						<SP ID="P25_SP00114" HPOS="818" VPOS="736" WIDTH="14"/>
						<String ID="P25_ST00132" HPOS="832" VPOS="699" WIDTH="46" HEIGHT="26" CONTENT="did" WC="0.52" CC="607"/>
						<SP ID="P25_SP00115" HPOS="878" VPOS="736" WIDTH="14"/>
						<String ID="P25_ST00133" HPOS="892" VPOS="700" WIDTH="48" HEIGHT="24" CONTENT="not" WC="0.79" CC="005"/>
					</TextLine>
					<TextLine ID="P25_TL00017" HPOS="81" VPOS="743" WIDTH="858" HEIGHT="35">
						<String ID="P25_ST00134" HPOS="81" VPOS="749" WIDTH="82" HEIGHT="26" CONTENT="allow" WC="0.58" CC="70408"/>
						<SP ID="P25_SP00116" HPOS="163" VPOS="775" WIDTH="14"/>
						<String ID="P25_ST00135" HPOS="177" VPOS="746" WIDTH="103" HEIGHT="27" CONTENT="herself" WC="0.70" CC="1023057"/>
						<SP ID="P25_SP00117" HPOS="280" VPOS="775" WIDTH="12"/>
						<String ID="P25_ST00136" HPOS="292" VPOS="755" WIDTH="35" HEIGHT="17" CONTENT="an" WC="0.49" CC="27"/>
						<SP ID="P25_SP00118" HPOS="327" VPOS="775" WIDTH="14"/>
						<String ID="P25_ST00137" HPOS="341" VPOS="754" WIDTH="94" HEIGHT="18" CONTENT="excess" WC="0.91" CC="000050"/>
						<SP ID="P25_SP00119" HPOS="435" VPOS="775" WIDTH="14"/>
						<String ID="P25_ST00138" HPOS="449" VPOS="745" WIDTH="30" HEIGHT="26" CONTENT="of" WC="0.93" CC="01"/>
						<SP ID="P25_SP00120" HPOS="479" VPOS="775" WIDTH="10"/>
						<String ID="P25_ST00139" HPOS="489" VPOS="745" WIDTH="84" HEIGHT="32" CONTENT="these," WC="0.66" CC="260307"/>
						<SP ID="P25_SP00121" HPOS="573" VPOS="777" WIDTH="10"/>
						<String ID="P25_ST00140" HPOS="583" VPOS="745" WIDTH="51" HEIGHT="26" CONTENT="but" WC="0.41" CC="844"/>
						<SP ID="P25_SP00122" HPOS="634" VPOS="777" WIDTH="13"/>
						<String ID="P25_ST00141" HPOS="647" VPOS="744" WIDTH="49" HEIGHT="26" CONTENT="she" WC="0.78" CC="060"/>
						<SP ID="P25_SP00123" HPOS="696" VPOS="777" WIDTH="13"/>
						<String ID="P25_ST00142" HPOS="709" VPOS="744" WIDTH="103" HEIGHT="33" CONTENT="readily" WC="0.77" CC="2037100"/>
						<SP ID="P25_SP00124" HPOS="812" VPOS="777" WIDTH="14"/>
						<String ID="P25_ST00143" HPOS="826" VPOS="743" WIDTH="113" HEIGHT="35" CONTENT="granted" WC="0.63" CC="1064705"/>
					</TextLine>
					<TextLine ID="P25_TL00018" HPOS="80" VPOS="788" WIDTH="859" HEIGHT="31">
						<String ID="P25_ST00144" HPOS="80" VPOS="793" WIDTH="94" HEIGHT="26" CONTENT="others" WC="0.62" CC="848001"/>
						<SP ID="P25_SP00125" HPOS="174" VPOS="819" WIDTH="26"/>
						<String ID="P25_ST00145" HPOS="200" VPOS="791" WIDTH="123" HEIGHT="26" CONTENT="luxuries" WC="0.57" CC="56763004"/>
						<SP ID="P25_SP00126" HPOS="323" VPOS="819" WIDTH="27"/>
						<String ID="P25_ST00146" HPOS="350" VPOS="789" WIDTH="68" HEIGHT="27" CONTENT="with" WC="0.52" CC="6255"/>
						<SP ID="P25_SP00127" HPOS="418" VPOS="819" WIDTH="26"/>
						<String ID="P25_ST00147" HPOS="444" VPOS="788" WIDTH="92" HEIGHT="28" CONTENT="which" WC="0.50" CC="76027"/>
						<SP ID="P25_SP00128" HPOS="536" VPOS="819" WIDTH="26"/>
						<String ID="P25_ST00148" HPOS="562" VPOS="788" WIDTH="47" HEIGHT="27" CONTENT="she" WC="0.85" CC="040"/>
						<SP ID="P25_SP00129" HPOS="609" VPOS="819" WIDTH="27"/>
						<String ID="P25_ST00149" HPOS="636" VPOS="788" WIDTH="92" HEIGHT="27" CONTENT="Avould" WC="0.44" CC="881257"/>
						<SP ID="P25_SP00130" HPOS="728" VPOS="819" WIDTH="22"/>
						<String ID="P25_ST00150" HPOS="750" VPOS="788" WIDTH="69" HEIGHT="26" CONTENT="have" WC="0.83" CC="3120"/>
						<SP ID="P25_SP00131" HPOS="819" VPOS="819" WIDTH="24"/>
						<String ID="P25_ST00151" HPOS="843" VPOS="796" WIDTH="34" HEIGHT="17" CONTENT="on" WC="0.60" CC="07"/>
						<SP ID="P25_SP00132" HPOS="877" VPOS="819" WIDTH="27"/>
						<String ID="P25_ST00152" HPOS="904" VPOS="795" WIDTH="35" HEIGHT="18" CONTENT="no" WC="0.41" CC="56"/>
					</TextLine>
					<TextLine ID="P25_TL00019" HPOS="80" VPOS="833" WIDTH="383" HEIGHT="35">
						<String ID="P25_ST00153" HPOS="80" VPOS="839" WIDTH="119" HEIGHT="25" CONTENT="account" WC="0.58" CC="8000775"/>
						<SP ID="P25_SP00133" HPOS="199" VPOS="864" WIDTH="12"/>
						<String ID="P25_ST00154" HPOS="211" VPOS="834" WIDTH="132" HEIGHT="34" CONTENT="indulged" WC="0.63" CC="26570007"/>
						<SP ID="P25_SP00134" HPOS="343" VPOS="868" WIDTH="13"/>
						<String ID="P25_ST00155" HPOS="356" VPOS="833" WIDTH="107" HEIGHT="27" CONTENT="herself." WC="0.83" CC="60230000"/>
					</TextLine>
				</TextBlock>
				<TextBlock ID="P25_TB00005" HPOS="77" VPOS="875" WIDTH="861" HEIGHT="80" STYLEREFS="TXT_1 PAR_LEFT">
					<TextLine ID="P25_TL00020" HPOS="118" VPOS="876" WIDTH="820" HEIGHT="36">
						<String ID="P25_ST00156" HPOS="118" VPOS="882" WIDTH="64" HEIGHT="26" CONTENT="Ada" WC="0.35" CC="873"/>
						<SP ID="P25_SP00135" HPOS="182" VPOS="908" WIDTH="12"/>
						<String ID="P25_ST00157" HPOS="194" VPOS="881" WIDTH="55" HEIGHT="25" CONTENT="had" WC="0.49" CC="706"/>
						<SP ID="P25_SP00136" HPOS="249" VPOS="908" WIDTH="14"/>
						<String ID="P25_ST00158" HPOS="263" VPOS="888" WIDTH="36" HEIGHT="17" CONTENT="no" WC="0.65" CC="70"/>
						<SP ID="P25_SP00137" HPOS="299" VPOS="908" WIDTH="13"/>
						<String ID="P25_ST00159" HPOS="312" VPOS="888" WIDTH="97" HEIGHT="17" CONTENT="reason" WC="0.67" CC="205218"/>
						<SP ID="P25_SP00138" HPOS="409" VPOS="908" WIDTH="13"/>
						<String ID="P25_ST00160" HPOS="422" VPOS="882" WIDTH="28" HEIGHT="22" CONTENT="to" WC="1.00" CC="00"/>
						<SP ID="P25_SP00139" HPOS="450" VPOS="908" WIDTH="14"/>
						<String ID="P25_ST00161" HPOS="464" VPOS="877" WIDTH="138" HEIGHT="35" CONTENT="complain" WC="0.66" CC="00380077"/>
						<SP ID="P25_SP00140" HPOS="602" VPOS="912" WIDTH="14"/>
						<String ID="P25_ST00162" HPOS="616" VPOS="877" WIDTH="30" HEIGHT="27" CONTENT="of" WC="1.00" CC="00"/>
						<SP ID="P25_SP00141" HPOS="646" VPOS="912" WIDTH="17"/>
						<String ID="P25_ST00163" HPOS="663" VPOS="880" WIDTH="49" HEIGHT="24" CONTENT="not" WC="0.90" CC="002"/>
						<SP ID="P25_SP00142" HPOS="712" VPOS="912" WIDTH="12"/>
						<String ID="P25_ST00164" HPOS="724" VPOS="877" WIDTH="104" HEIGHT="34" CONTENT="having" WC="0.58" CC="760441"/>
						<SP ID="P25_SP00143" HPOS="828" VPOS="912" WIDTH="13"/>
						<String ID="P25_ST00165" HPOS="841" VPOS="876" WIDTH="36" HEIGHT="26" CONTENT="all" WC="0.94" CC="010"/>
						<SP ID="P25_SP00144" HPOS="877" VPOS="912" WIDTH="14"/>
						<String ID="P25_ST00166" HPOS="891" VPOS="876" WIDTH="47" HEIGHT="26" CONTENT="the" WC="0.62" CC="460"/>
					</TextLine>
					<TextLine ID="P25_TL00021" HPOS="78" VPOS="921" WIDTH="618" HEIGHT="34">
						<String ID="P25_ST00167" HPOS="78" VPOS="926" WIDTH="132" HEIGHT="27" CONTENT="comforts" WC="0.74" CC="81000306"/>
						<SP ID="P25_SP00145" HPOS="210" VPOS="953" WIDTH="14"/>
						<String ID="P25_ST00168" HPOS="224" VPOS="925" WIDTH="48" HEIGHT="25" CONTENT="her" WC="0.52" CC="706"/>
						<SP ID="P25_SP00146" HPOS="272" VPOS="953" WIDTH="13"/>
						<String ID="P25_ST00169" HPOS="285" VPOS="926" WIDTH="69" HEIGHT="23" CONTENT="aunt" WC="0.62" CC="0670"/>
						<SP ID="P25_SP00147" HPOS="354" VPOS="953" WIDTH="13"/>
						<String ID="P25_ST00170" HPOS="367" VPOS="922" WIDTH="80" HEIGHT="27" CONTENT="could" WC="0.57" CC="20747"/>
						<SP ID="P25_SP00148" HPOS="447" VPOS="953" WIDTH="13"/>
						<String ID="P25_ST00171" HPOS="460" VPOS="922" WIDTH="113" HEIGHT="33" CONTENT="provide" WC="0.74" CC="7120510"/>
						<SP ID="P25_SP00149" HPOS="573" VPOS="955" WIDTH="13"/>
						<String ID="P25_ST00172" HPOS="586" VPOS="922" WIDTH="41" HEIGHT="26" CONTENT="for" WC="1.00" CC="000"/>
						<SP ID="P25_SP00150" HPOS="627" VPOS="955" WIDTH="14"/>
						<String ID="P25_ST00173" HPOS="641" VPOS="921" WIDTH="55" HEIGHT="27" CONTENT="her." WC="0.83" CC="4010"/>
					</TextLine>
				</TextBlock>
				<TextBlock ID="P25_TB00006" HPOS="77" VPOS="963" WIDTH="861" HEIGHT="263" STYLEREFS="TXT_1 PAR_LEFT">
					<TextLine ID="P25_TL00022" HPOS="119" VPOS="964" WIDTH="819" HEIGHT="39">
						<String ID="P25_ST00174" HPOS="119" VPOS="973" WIDTH="14" HEIGHT="11" CONTENT='"' WC="0.99" CC="0"/>
						<SP ID="P25_SP00151" HPOS="133" VPOS="984" WIDTH="8"/>
						<String ID="P25_ST00175" HPOS="141" VPOS="970" WIDTH="36" HEIGHT="27" CONTENT="In" WC="0.58" CC="17"/>
						<SP ID="P25_SP00152" HPOS="177" VPOS="997" WIDTH="17"/>
						<String ID="P25_ST00176" HPOS="194" VPOS="970" WIDTH="78" HEIGHT="26" CONTENT="these" WC="0.76" CC="53030"/>
						<SP ID="P25_SP00153" HPOS="272" VPOS="997" WIDTH="20"/>
						<String ID="P25_ST00177" HPOS="292" VPOS="969" WIDTH="69" HEIGHT="34" CONTENT="days" WC="0.56" CC="6171"/>
						<SP ID="P25_SP00154" HPOS="361" VPOS="1003" WIDTH="20"/>
						<String ID="P25_ST00178" HPOS="381" VPOS="976" WIDTH="92" HEIGHT="26" CONTENT="young" WC="0.62" CC="30770"/>
						<SP ID="P25_SP00155" HPOS="473" VPOS="1003" WIDTH="13"/>
						<String ID="P25_ST00179" HPOS="486" VPOS="966" WIDTH="97" HEIGHT="35" CONTENT="people" WC="0.75" CC="700700"/>
						<SP ID="P25_SP00156" HPOS="583" VPOS="1003" WIDTH="14"/>
						<String ID="P25_ST00180" HPOS="597" VPOS="965" WIDTH="108" HEIGHT="35" CONTENT="require" WC="0.66" CC="4075050"/>
						<SP ID="P25_SP00157" HPOS="705" VPOS="1003" WIDTH="15"/>
						<String ID="P25_ST00181" HPOS="720" VPOS="975" WIDTH="29" HEIGHT="17" CONTENT="so" WC="0.76" CC="40"/>
						<SP ID="P25_SP00158" HPOS="749" VPOS="1003" WIDTH="13"/>
						<String ID="P25_ST00182" HPOS="762" VPOS="965" WIDTH="104" HEIGHT="32" CONTENT='much,"' WC="0.54" CC="380770"/>
						<SP ID="P25_SP00159" HPOS="866" VPOS="1003" WIDTH="15"/>
						<String ID="P25_ST00183" HPOS="881" VPOS="964" WIDTH="57" HEIGHT="27" CONTENT="said" WC="0.78" CC="0006"/>
					</TextLine>
					<TextLine ID="P25_TL00023" HPOS="80" VPOS="1009" WIDTH="858" HEIGHT="35">
						<String ID="P25_ST00184" HPOS="80" VPOS="1015" WIDTH="70" HEIGHT="27" CONTENT="Miss" WC="0.73" CC="0054"/>
						<SP ID="P25_SP00160" HPOS="150" VPOS="1042" WIDTH="19"/>
						<String ID="P25_ST00185" HPOS="169" VPOS="1014" WIDTH="162" HEIGHT="30" CONTENT="Lewisham," WC="0.69" CC="708063020"/>
						<SP ID="P25_SP00161" HPOS="331" VPOS="1044" WIDTH="18"/>
						<String ID="P25_ST00186" HPOS="349" VPOS="1020" WIDTH="30" HEIGHT="18" CONTENT="as" WC="0.95" CC="01"/>
						<SP ID="P25_SP00162" HPOS="379" VPOS="1044" WIDTH="20"/>
						<String ID="P25_ST00187" HPOS="399" VPOS="1012" WIDTH="49" HEIGHT="26" CONTENT="she" WC="0.71" CC="260"/>
						<SP ID="P25_SP00163" HPOS="448" VPOS="1044" WIDTH="16"/>
						<String ID="P25_ST00188" HPOS="464" VPOS="1010" WIDTH="113" HEIGHT="27" CONTENT="ordered" WC="0.71" CC="0440605"/>
						<SP ID="P25_SP00164" HPOS="577" VPOS="1044" WIDTH="18"/>
						<String ID="P25_ST00189" HPOS="595" VPOS="1010" WIDTH="48" HEIGHT="27" CONTENT="her" WC="0.61" CC="704"/>
						<SP ID="P25_SP00165" HPOS="643" VPOS="1044" WIDTH="19"/>
						<String ID="P25_ST00190" HPOS="662" VPOS="1010" WIDTH="67" HEIGHT="27" CONTENT="cook" WC="0.91" CC="0030"/>
						<SP ID="P25_SP00166" HPOS="729" VPOS="1044" WIDTH="21"/>
						<String ID="P25_ST00191" HPOS="750" VPOS="1013" WIDTH="27" HEIGHT="23" CONTENT="to" WC="0.94" CC="10"/>
						<SP ID="P25_SP00167" HPOS="777" VPOS="1044" WIDTH="19"/>
						<String ID="P25_ST00192" HPOS="796" VPOS="1009" WIDTH="67" HEIGHT="27" CONTENT="send" WC="0.62" CC="0077"/>
						<SP ID="P25_SP00168" HPOS="863" VPOS="1044" WIDTH="18"/>
						<String ID="P25_ST00193" HPOS="881" VPOS="1009" WIDTH="30" HEIGHT="26" CONTENT="in" WC="0.54" CC="17"/>
						<SP ID="P25_SP00169" HPOS="911" VPOS="1044" WIDTH="13"/>
						<String ID="P25_ST00194" HPOS="924" VPOS="1018" WIDTH="14" HEIGHT="17" CONTENT="a" WC="0.36" CC="6"/>
					</TextLine>
					<TextLine ID="P25_TL00024" HPOS="78" VPOS="1054" WIDTH="860" HEIGHT="37">
						<String ID="P25_ST00195" HPOS="78" VPOS="1060" WIDTH="51" HEIGHT="26" CONTENT="hot" WC="0.56" CC="805"/>
						<SP ID="P25_SP00170" HPOS="129" VPOS="1086" WIDTH="20"/>
						<String ID="P25_ST00196" HPOS="149" VPOS="1059" WIDTH="139" HEIGHT="26" CONTENT="luncheon" WC="0.71" CC="04704007"/>
						<SP ID="P25_SP00171" HPOS="288" VPOS="1086" WIDTH="21"/>
						<String ID="P25_ST00197" HPOS="309" VPOS="1065" WIDTH="84" HEIGHT="26" CONTENT="every" WC="0.75" CC="05024"/>
						<SP ID="P25_SP00172" HPOS="393" VPOS="1091" WIDTH="21"/>
						<String ID="P25_ST00198" HPOS="414" VPOS="1056" WIDTH="60" HEIGHT="34" CONTENT="day," WC="0.63" CC="8140"/>
						<SP ID="P25_SP00173" HPOS="474" VPOS="1091" WIDTH="23"/>
						<String ID="P25_ST00199" HPOS="497" VPOS="1055" WIDTH="105" HEIGHT="34" CONTENT="bought" WC="0.42" CC="817573"/>
						<SP ID="P25_SP00174" HPOS="602" VPOS="1091" WIDTH="22"/>
						<String ID="P25_ST00200" HPOS="624" VPOS="1055" WIDTH="47" HEIGHT="26" CONTENT="the" WC="0.55" CC="580"/>
						<SP ID="P25_SP00175" HPOS="671" VPOS="1091" WIDTH="25"/>
						<String ID="P25_ST00201" HPOS="696" VPOS="1054" WIDTH="97" HEIGHT="27" CONTENT="easiest" WC="0.89" CC="0100006"/>
						<SP ID="P25_SP00176" HPOS="793" VPOS="1091" WIDTH="22"/>
						<String ID="P25_ST00202" HPOS="815" VPOS="1054" WIDTH="30" HEIGHT="26" CONTENT="of" WC="1.00" CC="00"/>
						<SP ID="P25_SP00177" HPOS="845" VPOS="1091" WIDTH="24"/>
						<String ID="P25_ST00203" HPOS="869" VPOS="1062" WIDTH="69" HEIGHT="18" CONTENT="arm" SUBS_TYPE="HypPart1" SUBS_CONTENT="armchairs" WC="0.82" CC="0160"/>
						<HYP CONTENT="-"/>
					</TextLine>
					<TextLine ID="P25_TL00025" HPOS="78" VPOS="1098" WIDTH="860" HEIGHT="33">
						<String ID="P25_ST00204" HPOS="78" VPOS="1104" WIDTH="90" HEIGHT="27" CONTENT="chairs" SUBS_TYPE="HypPart2" SUBS_CONTENT="armchairs" WC="0.69" CC="870002"/>
						<SP ID="P25_SP00178" HPOS="168" VPOS="1131" WIDTH="15"/>
						<String ID="P25_ST00205" HPOS="183" VPOS="1103" WIDTH="54" HEIGHT="26" CONTENT="and" WC="0.51" CC="077"/>
						<SP ID="P25_SP00179" HPOS="237" VPOS="1131" WIDTH="14"/>
						<String ID="P25_ST00206" HPOS="251" VPOS="1102" WIDTH="115" HEIGHT="27" CONTENT="couches" WC="0.75" CC="0280501"/>
						<SP ID="P25_SP00180" HPOS="366" VPOS="1131" WIDTH="14"/>
						<String ID="P25_ST00207" HPOS="380" VPOS="1101" WIDTH="41" HEIGHT="25" CONTENT="for" WC="0.97" CC="000"/>
						<SP ID="P25_SP00181" HPOS="421" VPOS="1131" WIDTH="17"/>
						<String ID="P25_ST00208" HPOS="438" VPOS="1100" WIDTH="79" HEIGHT="26" CONTENT="Ada's" WC="0.37" CC="86374"/>
						<SP ID="P25_SP00182" HPOS="517" VPOS="1131" WIDTH="13"/>
						<String ID="P25_ST00209" HPOS="530" VPOS="1099" WIDTH="72" HEIGHT="26" CONTENT="little" WC="0.73" CC="204610"/>
						<SP ID="P25_SP00183" HPOS="602" VPOS="1131" WIDTH="14"/>
						<String ID="P25_ST00210" HPOS="616" VPOS="1099" WIDTH="120" HEIGHT="32" CONTENT="boudoir," WC="0.66" CC="80760013"/>
						<SP ID="P25_SP00184" HPOS="736" VPOS="1131" WIDTH="15"/>
						<String ID="P25_ST00211" HPOS="751" VPOS="1098" WIDTH="53" HEIGHT="26" CONTENT="and" WC="0.39" CC="476"/>
						<SP ID="P25_SP00185" HPOS="804" VPOS="1131" WIDTH="14"/>
						<String ID="P25_ST00212" HPOS="818" VPOS="1107" WIDTH="34" HEIGHT="17" CONTENT="an" WC="0.44" CC="37"/>
						<SP ID="P25_SP00186" HPOS="852" VPOS="1131" WIDTH="11"/>
						<String ID="P25_ST00213" HPOS="863" VPOS="1100" WIDTH="75" HEIGHT="24" CONTENT="extra" WC="0.61" CC="00467"/>
					</TextLine>
					<TextLine ID="P25_TL00026" HPOS="80" VPOS="1142" WIDTH="858" HEIGHT="37">
						<String ID="P25_ST00214" HPOS="80" VPOS="1147" WIDTH="147" HEIGHT="28" CONTENT="arm-chair" WC="0.77" CC="040007601"/>
						<SP ID="P25_SP00187" HPOS="227" VPOS="1175" WIDTH="19"/>
						<String ID="P25_ST00215" HPOS="246" VPOS="1147" WIDTH="42" HEIGHT="25" CONTENT="for" WC="0.90" CC="101"/>
						<SP ID="P25_SP00188" HPOS="288" VPOS="1175" WIDTH="15"/>
						<String ID="P25_ST00216" HPOS="303" VPOS="1146" WIDTH="47" HEIGHT="26" CONTENT="the" WC="0.80" CC="060"/>
						<SP ID="P25_SP00189" HPOS="350" VPOS="1175" WIDTH="17"/>
						<String ID="P25_ST00217" HPOS="367" VPOS="1144" WIDTH="218" HEIGHT="35" CONTENT="drawing-room," WC="0.71" CC="7338070200003"/>
						<SP ID="P25_SP00190" HPOS="585" VPOS="1179" WIDTH="21"/>
						<String ID="P25_ST00218" HPOS="606" VPOS="1143" WIDTH="90" HEIGHT="26" CONTENT="which" WC="0.56" CC="86005"/>
						<SP ID="P25_SP00191" HPOS="696" VPOS="1179" WIDTH="17"/>
						<String ID="P25_ST00219" HPOS="713" VPOS="1142" WIDTH="55" HEIGHT="27" CONTENT="had" WC="0.33" CC="837"/>
						<SP ID="P25_SP00192" HPOS="768" VPOS="1179" WIDTH="13"/>
						<String ID="P25_ST00220" HPOS="781" VPOS="1142" WIDTH="157" HEIGHT="34" CONTENT="previously" WC="0.72" CC="6100266202"/>
					</TextLine>
					<TextLine ID="P25_TL00027" HPOS="80" VPOS="1191" WIDTH="279" HEIGHT="35">
						<String ID="P25_ST00221" HPOS="80" VPOS="1191" WIDTH="143" HEIGHT="35" CONTENT="possessed" WC="0.66" CC="603205507"/>
						<SP ID="P25_SP00193" HPOS="223" VPOS="1226" WIDTH="14"/>
						<String ID="P25_ST00222" HPOS="237" VPOS="1191" WIDTH="51" HEIGHT="26" CONTENT="but" WC="0.39" CC="763"/>
						<SP ID="P25_SP00194" HPOS="288" VPOS="1226" WIDTH="13"/>
						<String ID="P25_ST00223" HPOS="301" VPOS="1198" WIDTH="58" HEIGHT="18" CONTENT="one." WC="0.66" CC="0805"/>
					</TextLine>
				</TextBlock>
				<TextBlock ID="P25_TB00007" HPOS="77" VPOS="1230" WIDTH="861" HEIGHT="329" STYLEREFS="TXT_1 PAR_LEFT">
					<TextLine ID="P25_TL00028" HPOS="118" VPOS="1230" WIDTH="820" HEIGHT="34">
						<String ID="P25_ST00224" HPOS="118" VPOS="1237" WIDTH="77" HEIGHT="26" CONTENT="Prior" WC="0.62" CC="70234"/>
						<SP ID="P25_SP00195" HPOS="195" VPOS="1263" WIDTH="19"/>
						<String ID="P25_ST00225" HPOS="214" VPOS="1239" WIDTH="29" HEIGHT="23" CONTENT="to" WC="0.84" CC="20"/>
						<SP ID="P25_SP00196" HPOS="243" VPOS="1263" WIDTH="19"/>
						<String ID="P25_ST00226" HPOS="262" VPOS="1235" WIDTH="85" HEIGHT="26" CONTENT="Ada's" WC="0.59" CC="84141"/>
						<SP ID="P25_SP00197" HPOS="347" VPOS="1263" WIDTH="20"/>
						<String ID="P25_ST00227" HPOS="367" VPOS="1234" WIDTH="108" HEIGHT="30" CONTENT="advent," WC="0.63" CC="4710740"/>
						<SP ID="P25_SP00198" HPOS="475" VPOS="1264" WIDTH="21"/>
						<String ID="P25_ST00228" HPOS="496" VPOS="1232" WIDTH="71" HEIGHT="26" CONTENT="Miss" WC="0.70" CC="0046"/>
						<SP ID="P25_SP00199" HPOS="567" VPOS="1264" WIDTH="19"/>
						<String ID="P25_ST00229" HPOS="586" VPOS="1231" WIDTH="152" HEIGHT="27" CONTENT="Lewisham" WC="0.42" CC="36645755"/>
						<SP ID="P25_SP00200" HPOS="738" VPOS="1264" WIDTH="17"/>
						<String ID="P25_ST00230" HPOS="755" VPOS="1230" WIDTH="54" HEIGHT="27" CONTENT="had" WC="0.29" CC="667"/>
						<SP ID="P25_SP00201" HPOS="809" VPOS="1264" WIDTH="18"/>
						<String ID="P25_ST00231" HPOS="827" VPOS="1230" WIDTH="54" HEIGHT="27" CONTENT="had" WC="0.41" CC="647"/>
						<SP ID="P25_SP00202" HPOS="881" VPOS="1264" WIDTH="16"/>
						<String ID="P25_ST00232" HPOS="897" VPOS="1230" WIDTH="41" HEIGHT="27" CONTENT="for" WC="0.50" CC="743"/>
					</TextLine>
					<TextLine ID="P25_TL00029" HPOS="79" VPOS="1274" WIDTH="859" HEIGHT="39">
						<String ID="P25_ST00233" HPOS="79" VPOS="1283" WIDTH="49" HEIGHT="25" CONTENT="her" WC="0.64" CC="703"/>
						<SP ID="P25_SP00203" HPOS="128" VPOS="1308" WIDTH="22"/>
						<String ID="P25_ST00234" HPOS="150" VPOS="1280" WIDTH="104" HEIGHT="27" CONTENT="middle" WC="0.65" CC="225730"/>
						<SP ID="P25_SP00204" HPOS="254" VPOS="1308" WIDTH="24"/>
						<String ID="P25_ST00235" HPOS="278" VPOS="1280" WIDTH="29" HEIGHT="26" CONTENT="of" WC="0.86" CC="02"/>
						<SP ID="P25_SP00205" HPOS="307" VPOS="1308" WIDTH="19"/>
						<String ID="P25_ST00236" HPOS="326" VPOS="1279" WIDTH="48" HEIGHT="26" CONTENT="the" WC="0.61" CC="550"/>
						<SP ID="P25_SP00206" HPOS="374" VPOS="1308" WIDTH="21"/>
						<String ID="P25_ST00237" HPOS="395" VPOS="1278" WIDTH="55" HEIGHT="35" CONTENT="day" WC="0.81" CC="310"/>
						<SP ID="P25_SP00207" HPOS="450" VPOS="1313" WIDTH="16"/>
						<String ID="P25_ST00238" HPOS="466" VPOS="1280" WIDTH="92" HEIGHT="32" CONTENT="repast" WC="0.61" CC="707035"/>
						<SP ID="P25_SP00208" HPOS="558" VPOS="1313" WIDTH="22"/>
						<String ID="P25_ST00239" HPOS="580" VPOS="1285" WIDTH="16" HEIGHT="17" CONTENT="a" WC="1.00" CC="0"/>
						<SP ID="P25_SP00209" HPOS="596" VPOS="1313" WIDTH="23"/>
						<String ID="P25_ST00240" HPOS="619" VPOS="1285" WIDTH="77" HEIGHT="25" CONTENT="scrap" WC="0.75" CC="10405"/>
						<SP ID="P25_SP00210" HPOS="696" VPOS="1313" WIDTH="21"/>
						<String ID="P25_ST00241" HPOS="717" VPOS="1275" WIDTH="29" HEIGHT="27" CONTENT="of" WC="0.97" CC="00"/>
						<SP ID="P25_SP00211" HPOS="746" VPOS="1313" WIDTH="23"/>
						<String ID="P25_ST00242" HPOS="769" VPOS="1274" WIDTH="169" HEIGHT="36" CONTENT="yesterday's" WC="0.64" CC="30450271571"/>
					</TextLine>
					<TextLine ID="P25_TL00030" HPOS="79" VPOS="1319" WIDTH="859" HEIGHT="39">
						<String ID="P25_ST00243" HPOS="79" VPOS="1329" WIDTH="118" HEIGHT="28" CONTENT="mutton," WC="0.55" CC="3724084"/>
						<SP ID="P25_SP00212" HPOS="197" VPOS="1357" WIDTH="27"/>
						<String ID="P25_ST00244" HPOS="224" VPOS="1334" WIDTH="15" HEIGHT="17" CONTENT="a" WC="1.00" CC="0"/>
						<SP ID="P25_SP00213" HPOS="239" VPOS="1357" WIDTH="23"/>
						<String ID="P25_ST00245" HPOS="262" VPOS="1324" WIDTH="44" HEIGHT="34" CONTENT="leg" WC="1.00" CC="000"/>
						<SP ID="P25_SP00214" HPOS="306" VPOS="1358" WIDTH="21"/>
						<String ID="P25_ST00246" HPOS="327" VPOS="1323" WIDTH="30" HEIGHT="26" CONTENT="of" WC="1.00" CC="00"/>
						<SP ID="P25_SP00215" HPOS="357" VPOS="1358" WIDTH="19"/>
						<String ID="P25_ST00247" HPOS="376" VPOS="1331" WIDTH="16" HEIGHT="17" CONTENT="a" WC="0.90" CC="0"/>
						<SP ID="P25_SP00216" HPOS="392" VPOS="1358" WIDTH="23"/>
						<String ID="P25_ST00248" HPOS="415" VPOS="1322" WIDTH="60" HEIGHT="26" CONTENT="cold" WC="0.81" CC="0007"/>
						<SP ID="P25_SP00217" HPOS="475" VPOS="1358" WIDTH="22"/>
						<String ID="P25_ST00249" HPOS="497" VPOS="1321" WIDTH="96" HEIGHT="31" CONTENT="rabbit," WC="0.61" CC="4078060"/>
						<SP ID="P25_SP00218" HPOS="593" VPOS="1358" WIDTH="22"/>
						<String ID="P25_ST00250" HPOS="615" VPOS="1329" WIDTH="29" HEIGHT="17" CONTENT="or" WC="0.83" CC="03"/>
						<SP ID="P25_SP00219" HPOS="644" VPOS="1358" WIDTH="21"/>
						<String ID="P25_ST00251" HPOS="665" VPOS="1329" WIDTH="53" HEIGHT="25" CONTENT="any" WC="0.56" CC="075"/>
						<SP ID="P25_SP00220" HPOS="718" VPOS="1358" WIDTH="22"/>
						<String ID="P25_ST00252" HPOS="740" VPOS="1319" WIDTH="198" HEIGHT="27" CONTENT="unconsidered" WC="0.79" CC="700004060006"/>
					</TextLine>
					<TextLine ID="P25_TL00031" HPOS="80" VPOS="1362" WIDTH="858" HEIGHT="34">
						<String ID="P25_ST00253" HPOS="80" VPOS="1371" WIDTH="71" HEIGHT="25" CONTENT="trifle" WC="0.58" CC="417550"/>
						<SP ID="P25_SP00221" HPOS="151" VPOS="1396" WIDTH="14"/>
						<String ID="P25_ST00254" HPOS="165" VPOS="1370" WIDTH="49" HEIGHT="26" CONTENT="her" WC="0.44" CC="484"/>
						<SP ID="P25_SP00222" HPOS="214" VPOS="1396" WIDTH="13"/>
						<String ID="P25_ST00255" HPOS="227" VPOS="1370" WIDTH="125" HEIGHT="25" CONTENT="servants" WC="0.76" CC="00400633"/>
						<SP ID="P25_SP00223" HPOS="352" VPOS="1396" WIDTH="14"/>
						<String ID="P25_ST00256" HPOS="366" VPOS="1366" WIDTH="93" HEIGHT="27" CONTENT="would" WC="0.66" CC="60603"/>
						<SP ID="P25_SP00224" HPOS="459" VPOS="1396" WIDTH="13"/>
						<String ID="P25_ST00257" HPOS="472" VPOS="1368" WIDTH="49" HEIGHT="23" CONTENT="not" WC="0.57" CC="705"/>
						<SP ID="P25_SP00225" HPOS="521" VPOS="1396" WIDTH="14"/>
						<String ID="P25_ST00258" HPOS="535" VPOS="1368" WIDTH="51" HEIGHT="28" CONTENT="eat," WC="0.50" CC="0577"/>
						<SP ID="P25_SP00226" HPOS="586" VPOS="1396" WIDTH="14"/>
						<String ID="P25_ST00259" HPOS="600" VPOS="1364" WIDTH="53" HEIGHT="26" CONTENT="and" WC="0.44" CC="357"/>
						<SP ID="P25_SP00227" HPOS="653" VPOS="1396" WIDTH="14"/>
						<String ID="P25_ST00260" HPOS="667" VPOS="1364" WIDTH="60" HEIGHT="26" CONTENT="that" WC="0.65" CC="3522"/>
						<SP ID="P25_SP00228" HPOS="727" VPOS="1396" WIDTH="11"/>
						<String ID="P25_ST00261" HPOS="738" VPOS="1373" WIDTH="54" HEIGHT="17" CONTENT="was" WC="0.52" CC="616"/>
						<SP ID="P25_SP00229" HPOS="792" VPOS="1396" WIDTH="10"/>
						<String ID="P25_ST00262" HPOS="802" VPOS="1366" WIDTH="45" HEIGHT="24" CONTENT="too" WC="0.76" CC="700"/>
						<SP ID="P25_SP00230" HPOS="847" VPOS="1396" WIDTH="10"/>
						<String ID="P25_ST00263" HPOS="857" VPOS="1362" WIDTH="81" HEIGHT="28" CONTENT="small" WC="0.68" CC="65201"/>
					</TextLine>
					<TextLine ID="P25_TL00032" HPOS="78" VPOS="1408" WIDTH="860" HEIGHT="42">
						<String ID="P25_ST00264" HPOS="78" VPOS="1418" WIDTH="30" HEIGHT="23" CONTENT="to" WC="0.70" CC="50"/>
						<SP ID="P25_SP00231" HPOS="108" VPOS="1441" WIDTH="14"/>
						<String ID="P25_ST00265" HPOS="122" VPOS="1415" WIDTH="61" HEIGHT="35" CONTENT="give" WC="1.00" CC="0000"/>
						<SP ID="P25_SP00232" HPOS="183" VPOS="1450" WIDTH="15"/>
						<String ID="P25_ST00266" HPOS="198" VPOS="1422" WIDTH="84" HEIGHT="25" CONTENT="away." WC="0.43" CC="47644"/>
						<SP ID="P25_SP00233" HPOS="282" VPOS="1450" WIDTH="39"/>
						<String ID="P25_ST00267" HPOS="321" VPOS="1412" WIDTH="88" HEIGHT="33" CONTENT="Many" WC="0.55" CC="0476"/>
						<SP ID="P25_SP00234" HPOS="409" VPOS="1450" WIDTH="14"/>
						<String ID="P25_ST00268" HPOS="423" VPOS="1410" WIDTH="54" HEIGHT="26" CONTENT="and" WC="0.58" CC="065"/>
						<SP ID="P25_SP00235" HPOS="477" VPOS="1450" WIDTH="13"/>
						<String ID="P25_ST00269" HPOS="490" VPOS="1418" WIDTH="83" HEIGHT="26" CONTENT="many" WC="0.60" CC="4370"/>
						<SP ID="P25_SP00236" HPOS="573" VPOS="1450" WIDTH="9"/>
						<String ID="P25_ST00270" HPOS="582" VPOS="1418" WIDTH="70" HEIGHT="17" CONTENT="were" WC="0.70" CC="8030"/>
						<SP ID="P25_SP00237" HPOS="652" VPOS="1450" WIDTH="14"/>
						<String ID="P25_ST00271" HPOS="666" VPOS="1408" WIDTH="47" HEIGHT="26" CONTENT="the" WC="0.46" CC="771"/>
						<SP ID="P25_SP00238" HPOS="713" VPOS="1450" WIDTH="14"/>
						<String ID="P25_ST00272" HPOS="727" VPOS="1408" WIDTH="67" HEIGHT="26" CONTENT="kind" WC="0.83" CC="0006"/>
						<SP ID="P25_SP00239" HPOS="794" VPOS="1450" WIDTH="13"/>
						<String ID="P25_ST00273" HPOS="807" VPOS="1415" WIDTH="131" HEIGHT="27" CONTENT="generous" WC="0.70" CC="00508270"/>
					</TextLine>
					<TextLine ID="P25_TL00033" HPOS="81" VPOS="1452" WIDTH="857" HEIGHT="36">
						<String ID="P25_ST00274" HPOS="81" VPOS="1460" WIDTH="82" HEIGHT="26" CONTENT="deeds" WC="0.74" CC="60032"/>
						<SP ID="P25_SP00240" HPOS="163" VPOS="1486" WIDTH="14"/>
						<String ID="P25_ST00275" HPOS="177" VPOS="1458" WIDTH="48" HEIGHT="26" CONTENT="she" WC="0.72" CC="250"/>
						<SP ID="P25_SP00241" HPOS="225" VPOS="1486" WIDTH="13"/>
						<String ID="P25_ST00276" HPOS="238" VPOS="1456" WIDTH="55" HEIGHT="28" CONTENT="had" WC="0.43" CC="763"/>
						<SP ID="P25_SP00242" HPOS="293" VPOS="1486" WIDTH="14"/>
						<String ID="P25_ST00277" HPOS="307" VPOS="1456" WIDTH="77" HEIGHT="32" CONTENT="done," WC="0.71" CC="70600"/>
						<SP ID="P25_SP00243" HPOS="384" VPOS="1488" WIDTH="13"/>
						<String ID="P25_ST00278" HPOS="397" VPOS="1456" WIDTH="103" HEIGHT="25" CONTENT="known" WC="0.37" CC="68078"/>
						<SP ID="P25_SP00244" HPOS="500" VPOS="1488" WIDTH="13"/>
						<String ID="P25_ST00279" HPOS="513" VPOS="1454" WIDTH="66" HEIGHT="34" CONTENT="only" WC="0.55" CC="1808"/>
						<SP ID="P25_SP00245" HPOS="579" VPOS="1488" WIDTH="18"/>
						<String ID="P25_ST00280" HPOS="597" VPOS="1456" WIDTH="27" HEIGHT="23" CONTENT="to" WC="1.00" CC="00"/>
						<SP ID="P25_SP00246" HPOS="624" VPOS="1488" WIDTH="18"/>
						<String ID="P25_ST00281" HPOS="642" VPOS="1452" WIDTH="103" HEIGHT="27" CONTENT="herself" WC="0.70" CC="6050530"/>
						<SP ID="P25_SP00247" HPOS="745" VPOS="1488" WIDTH="17"/>
						<String ID="P25_ST00282" HPOS="762" VPOS="1452" WIDTH="54" HEIGHT="26" CONTENT="and" WC="0.67" CC="045"/>
						<SP ID="P25_SP00248" HPOS="816" VPOS="1488" WIDTH="17"/>
						<String ID="P25_ST00283" HPOS="833" VPOS="1452" WIDTH="47" HEIGHT="26" CONTENT="the" WC="0.68" CC="350"/>
						<SP ID="P25_SP00249" HPOS="880" VPOS="1488" WIDTH="17"/>
						<String ID="P25_ST00284" HPOS="897" VPOS="1460" WIDTH="41" HEIGHT="18" CONTENT="re" SUBS_TYPE="HypPart1" SUBS_CONTENT="recipient" WC="1.00" CC="000"/>
						<HYP CONTENT="-"/>
					</TextLine>
					<TextLine ID="P25_TL00034" HPOS="79" VPOS="1495" WIDTH="859" HEIGHT="44">
						<String ID="P25_ST00285" HPOS="79" VPOS="1504" WIDTH="106" HEIGHT="35" CONTENT="cipient" SUBS_TYPE="HypPart2" SUBS_CONTENT="recipient" WC="0.60" CC="8270072"/>
						<SP ID="P25_SP00250" HPOS="185" VPOS="1539" WIDTH="14"/>
						<String ID="P25_ST00286" HPOS="199" VPOS="1502" WIDTH="28" HEIGHT="26" CONTENT="of" WC="0.82" CC="03"/>
						<SP ID="P25_SP00251" HPOS="227" VPOS="1539" WIDTH="18"/>
						<String ID="P25_ST00287" HPOS="245" VPOS="1501" WIDTH="47" HEIGHT="27" CONTENT="the" WC="0.76" CC="150"/>
						<SP ID="P25_SP00252" HPOS="292" VPOS="1539" WIDTH="13"/>
						<String ID="P25_ST00288" HPOS="305" VPOS="1501" WIDTH="163" HEIGHT="26" CONTENT="kindnesses" WC="0.67" CC="0466705001"/>
						<SP ID="P25_SP00253" HPOS="468" VPOS="1539" WIDTH="11"/>
						<String ID="P25_ST00289" HPOS="479" VPOS="1509" WIDTH="6" HEIGHT="22" CONTENT=";" WC="0.89" CC="1"/>
						<SP ID="P25_SP00254" HPOS="485" VPOS="1539" WIDTH="19"/>
						<String ID="P25_ST00290" HPOS="504" VPOS="1498" WIDTH="117" HEIGHT="35" CONTENT="perhaps" WC="0.59" CC="7055350"/>
						<SP ID="P25_SP00255" HPOS="621" VPOS="1539" WIDTH="15"/>
						<String ID="P25_ST00291" HPOS="636" VPOS="1497" WIDTH="48" HEIGHT="26" CONTENT="she" WC="0.49" CC="572"/>
						<SP ID="P25_SP00256" HPOS="684" VPOS="1539" WIDTH="12"/>
						<String ID="P25_ST00292" HPOS="696" VPOS="1506" WIDTH="55" HEIGHT="17" CONTENT="was" WC="0.52" CC="445"/>
						<SP ID="P25_SP00257" HPOS="751" VPOS="1539" WIDTH="14"/>
						<String ID="P25_ST00293" HPOS="765" VPOS="1499" WIDTH="49" HEIGHT="24" CONTENT="not" WC="0.56" CC="714"/>
						<SP ID="P25_SP00258" HPOS="814" VPOS="1539" WIDTH="13"/>
						<String ID="P25_ST00294" HPOS="827" VPOS="1496" WIDTH="74" HEIGHT="27" CONTENT="what" WC="0.27" CC="6786"/>
						<SP ID="P25_SP00259" HPOS="901" VPOS="1539" WIDTH="13"/>
						<String ID="P25_ST00295" HPOS="914" VPOS="1495" WIDTH="24" HEIGHT="27" CONTENT="is" WC="0.75" CC="04"/>
					</TextLine>
					<TextLine ID="P25_TL00035" HPOS="812" VPOS="1542" WIDTH="16" HEIGHT="17">
						<String ID="P25_ST00296" HPOS="812" VPOS="1542" WIDTH="16" HEIGHT="17" CONTENT="2" WC="0.17" CC="8"/>
					</TextLine>
				</TextBlock>
			</PrintSpace>
		</Page>
	</Layout>
</alto>
