<?xml version="1.0" encoding="UTF-8"?>
<alto xmlns:xsi="http://www.w3.org/2001/XMLSchema-instance" xsi:noNamespaceSchemaLocation="http://www.bl.uk/schemas/alto/alto-1-4.xsd" xmlns:xlink="http://www.w3.org/1999/xlink">
	<Description>
		<MeasurementUnit>mm10</MeasurementUnit>
		<sourceImageInformation>
			<fileName>//head1/IN/2008-08/A0011239203/000209.jp2</fileName>
		</sourceImageInformation>
		<OCRProcessing ID="OCRPROCESSING_1">
			<preProcessingStep>
				<processingSoftware>
					<softwareCreator>CCS Content Conversion Specialists GmbH, Germany</softwareCreator>
					<softwareName>CCS docWORKS</softwareName>
					<softwareVersion>6.1-0.67</softwareVersion>
				</processingSoftware>
			</preProcessingStep>
			<ocrProcessingStep>
				<processingSoftware>
					<softwareCreator>ABBYY (BIT Software), Russia</softwareCreator>
					<softwareName>Finereader</softwareName>
				</processingSoftware>
			</ocrProcessingStep>
		</OCRProcessing>
	</Description>
	<Styles>
		<TextStyle ID="TXT_0" FONTSIZE="10" FONTFAMILY="Courier New"/>
		<TextStyle ID="TXT_1" FONTSIZE="9" FONTFAMILY="Courier New"/>
		<ParagraphStyle ID="PAR_RIGHT" ALIGN="Right"/>
		<ParagraphStyle ID="PAR_LEFT" ALIGN="Left"/>
	</Styles>
	<Layout>
		<Page ID="P205" PHYSICAL_IMG_NR="205" HEIGHT="1673" WIDTH="1059" PRINTED_IMG_NR="197" POSITION="Right" ACCURACY="69.14">
			<TopMargin ID="P205_TM00001" HPOS="0" VPOS="0" WIDTH="1059" HEIGHT="107">
				<TextBlock ID="P205_TB00001" HPOS="862" VPOS="78" WIDTH="53" HEIGHT="27" STYLEREFS="TXT_0 PAR_RIGHT">
					<TextLine ID="P205_TL00001" HPOS="862" VPOS="78" WIDTH="53" HEIGHT="27">
						<String ID="P205_ST00001" HPOS="862" VPOS="78" WIDTH="53" HEIGHT="27" CONTENT="197" WC="1.00" CC="000"/>
					</TextLine>
				</TextBlock>
				<TextBlock ID="P205_TB00002" HPOS="391" VPOS="87" WIDTH="193" HEIGHT="19" STYLEREFS="TXT_1 PAR_LEFT">
					<TextLine ID="P205_TL00002" HPOS="391" VPOS="87" WIDTH="193" HEIGHT="19">
						<String ID="P205_ST00002" HPOS="391" VPOS="87" WIDTH="104" HEIGHT="19" CONTENT="VANITY" WC="0.73" CC="275000"/>
						<SP ID="P205_SP00001" HPOS="495" VPOS="106" WIDTH="20"/>
						<String ID="P205_ST00003" HPOS="515" VPOS="88" WIDTH="69" HEIGHT="18" CONTENT="FAIR." WC="0.61" CC="56080"/>
					</TextLine>
				</TextBlock>
			</TopMargin>
			<LeftMargin ID="P205_LM00001" HPOS="0" VPOS="107" WIDTH="49" HEIGHT="1444"/>
			<RightMargin ID="P205_RM00001" HPOS="933" VPOS="107" WIDTH="126" HEIGHT="1444"/>
			<BottomMargin ID="P205_BM00001" HPOS="0" VPOS="1551" WIDTH="1059" HEIGHT="122"/>
			<PrintSpace ID="P205_PS00001" HPOS="49" VPOS="107" WIDTH="884" HEIGHT="1444">
				<TextBlock ID="P205_TB00003" HPOS="49" VPOS="150" WIDTH="873" HEIGHT="474" STYLEREFS="TXT_1 PAR_LEFT">
					<TextLine ID="P205_TL00003" HPOS="50" VPOS="151" WIDTH="865" HEIGHT="34">
						<String ID="P205_ST00004" HPOS="50" VPOS="157" WIDTH="82" HEIGHT="27" CONTENT="game" WC="0.77" CC="8000"/>
						<SP ID="P205_SP00002" HPOS="132" VPOS="184" WIDTH="20"/>
						<String ID="P205_ST00005" HPOS="152" VPOS="152" WIDTH="29" HEIGHT="24" CONTENT="at" WC="1.00" CC="00"/>
						<SP ID="P205_SP00003" HPOS="181" VPOS="184" WIDTH="19"/>
						<String ID="P205_ST00006" HPOS="200" VPOS="151" WIDTH="64" HEIGHT="34" CONTENT="polo" WC="0.86" CC="2002"/>
						<SP ID="P205_SP00004" HPOS="264" VPOS="185" WIDTH="18"/>
						<String ID="P205_ST00007" HPOS="282" VPOS="152" WIDTH="124" HEIGHT="27" CONTENT="between" WC="0.64" CC="8008008"/>
						<SP ID="P205_SP00005" HPOS="406" VPOS="185" WIDTH="21"/>
						<String ID="P205_ST00008" HPOS="427" VPOS="152" WIDTH="48" HEIGHT="27" CONTENT="the" WC="0.80" CC="040"/>
						<SP ID="P205_SP00006" HPOS="475" VPOS="185" WIDTH="22"/>
						<String ID="P205_ST00009" HPOS="497" VPOS="152" WIDTH="102" HEIGHT="27" CONTENT="officers" WC="0.93" CC="00000031"/>
						<SP ID="P205_SP00007" HPOS="599" VPOS="185" WIDTH="22"/>
						<String ID="P205_ST00010" HPOS="621" VPOS="152" WIDTH="30" HEIGHT="27" CONTENT="of" WC="0.88" CC="02"/>
						<SP ID="P205_SP00008" HPOS="651" VPOS="185" WIDTH="19"/>
						<String ID="P205_ST00011" HPOS="670" VPOS="155" WIDTH="54" HEIGHT="24" CONTENT="two" WC="0.56" CC="182"/>
						<SP ID="P205_SP00009" HPOS="724" VPOS="185" WIDTH="23"/>
						<String ID="P205_ST00012" HPOS="747" VPOS="152" WIDTH="79" HEIGHT="27" CONTENT="crack" WC="0.87" CC="06000"/>
						<SP ID="P205_SP00010" HPOS="826" VPOS="185" WIDTH="20"/>
						<String ID="P205_ST00013" HPOS="846" VPOS="152" WIDTH="69" HEIGHT="33" CONTENT="regi" SUBS_TYPE="HypPart1" SUBS_CONTENT="regiments." WC="0.84" CC="20004"/>
						<HYP CONTENT="-"/>
					</TextLine>
					<TextLine ID="P205_TL00004" HPOS="56" VPOS="195" WIDTH="862" HEIGHT="28">
						<String ID="P205_ST00014" HPOS="56" VPOS="196" WIDTH="98" HEIGHT="25" CONTENT="ments." SUBS_TYPE="HypPart2" SUBS_CONTENT="regiments." WC="0.75" CC="007320"/>
						<SP ID="P205_SP00011" HPOS="154" VPOS="221" WIDTH="40"/>
						<String ID="P205_ST00015" HPOS="194" VPOS="195" WIDTH="56" HEIGHT="27" CONTENT="The" WC="0.83" CC="400"/>
						<SP ID="P205_SP00012" HPOS="250" VPOS="222" WIDTH="28"/>
						<String ID="P205_ST00016" HPOS="278" VPOS="196" WIDTH="170" HEIGHT="27" CONTENT="combatants" WC="0.71" CC="0008042650"/>
						<SP ID="P205_SP00013" HPOS="448" VPOS="223" WIDTH="23"/>
						<String ID="P205_ST00017" HPOS="471" VPOS="206" WIDTH="71" HEIGHT="17" CONTENT="were" WC="0.62" CC="7070"/>
						<SP ID="P205_SP00014" HPOS="542" VPOS="223" WIDTH="20"/>
						<String ID="P205_ST00018" HPOS="562" VPOS="196" WIDTH="132" HEIGHT="27" CONTENT="mounted" WC="0.59" CC="0767007"/>
						<SP ID="P205_SP00015" HPOS="694" VPOS="223" WIDTH="26"/>
						<String ID="P205_ST00019" HPOS="720" VPOS="206" WIDTH="36" HEIGHT="17" CONTENT="on" WC="0.60" CC="07"/>
						<SP ID="P205_SP00016" HPOS="756" VPOS="223" WIDTH="26"/>
						<String ID="P205_ST00020" HPOS="782" VPOS="196" WIDTH="136" HEIGHT="27" CONTENT="beautiful" WC="0.78" CC="700031043"/>
					</TextLine>
					<TextLine ID="P205_TL00005" HPOS="56" VPOS="238" WIDTH="861" HEIGHT="38">
						<String ID="P205_ST00021" HPOS="56" VPOS="238" WIDTH="144" HEIGHT="27" CONTENT="well-bred" WC="0.55" CC="701707707"/>
						<SP ID="P205_SP00017" HPOS="200" VPOS="265" WIDTH="21"/>
						<String ID="P205_ST00022" HPOS="221" VPOS="240" WIDTH="102" HEIGHT="34" CONTENT="ponies." WC="0.62" CC="6070065"/>
						<SP ID="P205_SP00018" HPOS="323" VPOS="274" WIDTH="40"/>
						<String ID="P205_ST00023" HPOS="363" VPOS="241" WIDTH="86" HEIGHT="27" CONTENT="These" WC="0.78" CC="36000"/>
						<SP ID="P205_SP00019" HPOS="449" VPOS="274" WIDTH="20"/>
						<String ID="P205_ST00024" HPOS="469" VPOS="241" WIDTH="73" HEIGHT="27" CONTENT="little" WC="0.94" CC="001020"/>
						<SP ID="P205_SP00020" HPOS="542" VPOS="274" WIDTH="24"/>
						<String ID="P205_ST00025" HPOS="566" VPOS="241" WIDTH="115" HEIGHT="27" CONTENT="animals" WC="0.71" CC="1520306"/>
						<SP ID="P205_SP00021" HPOS="681" VPOS="274" WIDTH="20"/>
						<String ID="P205_ST00026" HPOS="701" VPOS="244" WIDTH="46" HEIGHT="32" CONTENT="got" WC="0.93" CC="010"/>
						<SP ID="P205_SP00022" HPOS="747" VPOS="276" WIDTH="22"/>
						<String ID="P205_ST00027" HPOS="769" VPOS="240" WIDTH="71" HEIGHT="27" CONTENT="their" WC="0.79" CC="08020"/>
						<SP ID="P205_SP00023" HPOS="840" VPOS="276" WIDTH="18"/>
						<String ID="P205_ST00028" HPOS="858" VPOS="240" WIDTH="59" HEIGHT="34" CONTENT="legs" WC="0.85" CC="1004"/>
					</TextLine>
					<TextLine ID="P205_TL00006" HPOS="56" VPOS="281" WIDTH="862" HEIGHT="38">
						<String ID="P205_ST00029" HPOS="56" VPOS="281" WIDTH="49" HEIGHT="32" CONTENT="hit," WC="0.78" CC="1600"/>
						<SP ID="P205_SP00024" HPOS="105" VPOS="313" WIDTH="12"/>
						<String ID="P205_ST00030" HPOS="117" VPOS="290" WIDTH="70" HEIGHT="19" CONTENT="were" WC="0.87" CC="2020"/>
						<SP ID="P205_SP00025" HPOS="187" VPOS="313" WIDTH="15"/>
						<String ID="P205_ST00031" HPOS="202" VPOS="284" WIDTH="124" HEIGHT="34" CONTENT="severely" WC="0.83" CC="40001007"/>
						<SP ID="P205_SP00026" HPOS="326" VPOS="318" WIDTH="13"/>
						<String ID="P205_ST00032" HPOS="339" VPOS="285" WIDTH="120" HEIGHT="34" CONTENT="spurred," WC="0.58" CC="07646070"/>
						<SP ID="P205_SP00027" HPOS="459" VPOS="319" WIDTH="15"/>
						<String ID="P205_ST00033" HPOS="474" VPOS="285" WIDTH="55" HEIGHT="27" CONTENT="and" WC="0.48" CC="365"/>
						<SP ID="P205_SP00028" HPOS="529" VPOS="319" WIDTH="13"/>
						<String ID="P205_ST00034" HPOS="542" VPOS="285" WIDTH="54" HEIGHT="27" CONTENT="had" WC="0.29" CC="586"/>
						<SP ID="P205_SP00029" HPOS="596" VPOS="319" WIDTH="14"/>
						<String ID="P205_ST00035" HPOS="610" VPOS="285" WIDTH="71" HEIGHT="27" CONTENT="their" WC="0.90" CC="05000"/>
						<SP ID="P205_SP00030" HPOS="681" VPOS="319" WIDTH="13"/>
						<String ID="P205_ST00036" HPOS="694" VPOS="284" WIDTH="110" HEIGHT="27" CONTENT="mouths" WC="0.55" CC="405457"/>
						<SP ID="P205_SP00031" HPOS="804" VPOS="319" WIDTH="20"/>
						<String ID="P205_ST00037" HPOS="824" VPOS="284" WIDTH="94" HEIGHT="34" CONTENT="pulled" WC="0.47" CC="766406"/>
					</TextLine>
					<TextLine ID="P205_TL00007" HPOS="56" VPOS="326" WIDTH="862" HEIGHT="37">
						<String ID="P205_ST00038" HPOS="56" VPOS="326" WIDTH="86" HEIGHT="26" CONTENT="about" WC="0.73" CC="60113"/>
						<SP ID="P205_SP00032" HPOS="142" VPOS="352" WIDTH="18"/>
						<String ID="P205_ST00039" HPOS="160" VPOS="335" WIDTH="17" HEIGHT="17" CONTENT="a" WC="0.72" CC="2"/>
						<SP ID="P205_SP00033" HPOS="177" VPOS="352" WIDTH="20"/>
						<String ID="P205_ST00040" HPOS="197" VPOS="328" WIDTH="69" HEIGHT="34" CONTENT="good" WC="0.81" CC="0007"/>
						<SP ID="P205_SP00034" HPOS="266" VPOS="362" WIDTH="25"/>
						<String ID="P205_ST00041" HPOS="291" VPOS="328" WIDTH="67" HEIGHT="28" CONTENT="deal." WC="0.72" CC="60700"/>
						<SP ID="P205_SP00035" HPOS="358" VPOS="362" WIDTH="48"/>
						<String ID="P205_ST00042" HPOS="406" VPOS="329" WIDTH="57" HEIGHT="27" CONTENT="The" WC="0.85" CC="040"/>
						<SP ID="P205_SP00036" HPOS="463" VPOS="362" WIDTH="24"/>
						<String ID="P205_ST00043" HPOS="487" VPOS="329" WIDTH="207" HEIGHT="34" CONTENT="horsemanship" WC="0.68" CC="410301570606"/>
						<SP ID="P205_SP00037" HPOS="694" VPOS="363" WIDTH="20"/>
						<String ID="P205_ST00044" HPOS="714" VPOS="328" WIDTH="29" HEIGHT="27" CONTENT="of" WC="0.79" CC="04"/>
						<SP ID="P205_SP00038" HPOS="743" VPOS="363" WIDTH="20"/>
						<String ID="P205_ST00045" HPOS="763" VPOS="328" WIDTH="47" HEIGHT="27" CONTENT="the" WC="0.78" CC="150"/>
						<SP ID="P205_SP00039" HPOS="810" VPOS="363" WIDTH="24"/>
						<String ID="P205_ST00046" HPOS="834" VPOS="328" WIDTH="84" HEIGHT="26" CONTENT="riders" WC="0.78" CC="003053"/>
					</TextLine>
					<TextLine ID="P205_TL00008" HPOS="56" VPOS="370" WIDTH="863" HEIGHT="36">
						<String ID="P205_ST00047" HPOS="56" VPOS="370" WIDTH="100" HEIGHT="34" CONTENT="gained" WC="0.59" CC="870800"/>
						<SP ID="P205_SP00040" HPOS="156" VPOS="404" WIDTH="23"/>
						<String ID="P205_ST00048" HPOS="179" VPOS="371" WIDTH="49" HEIGHT="27" CONTENT="the" WC="0.73" CC="070"/>
						<SP ID="P205_SP00041" HPOS="228" VPOS="404" WIDTH="27"/>
						<String ID="P205_ST00049" HPOS="255" VPOS="372" WIDTH="166" HEIGHT="27" CONTENT="admiration" WC="0.71" CC="0540410307"/>
						<SP ID="P205_SP00042" HPOS="421" VPOS="404" WIDTH="20"/>
						<String ID="P205_ST00050" HPOS="441" VPOS="373" WIDTH="29" HEIGHT="26" CONTENT="of" WC="0.93" CC="01"/>
						<SP ID="P205_SP00043" HPOS="470" VPOS="404" WIDTH="23"/>
						<String ID="P205_ST00051" HPOS="493" VPOS="373" WIDTH="48" HEIGHT="27" CONTENT="the" WC="0.84" CC="400"/>
						<SP ID="P205_SP00044" HPOS="541" VPOS="404" WIDTH="27"/>
						<String ID="P205_ST00052" HPOS="568" VPOS="373" WIDTH="152" HEIGHT="27" CONTENT="assembled" WC="0.64" CC="135018207"/>
						<SP ID="P205_SP00045" HPOS="720" VPOS="404" WIDTH="20"/>
						<String ID="P205_ST00053" HPOS="740" VPOS="372" WIDTH="106" HEIGHT="34" CONTENT="throng," WC="0.78" CC="1022710"/>
						<SP ID="P205_SP00046" HPOS="846" VPOS="406" WIDTH="26"/>
						<String ID="P205_ST00054" HPOS="872" VPOS="372" WIDTH="47" HEIGHT="26" CONTENT="the" WC="0.79" CC="050"/>
					</TextLine>
					<TextLine ID="P205_TL00009" HPOS="57" VPOS="416" WIDTH="864" HEIGHT="34">
						<String ID="P205_ST00055" HPOS="57" VPOS="423" WIDTH="93" HEIGHT="26" CONTENT="gazers" WC="0.74" CC="082004"/>
						<SP ID="P205_SP00047" HPOS="150" VPOS="449" WIDTH="20"/>
						<String ID="P205_ST00056" HPOS="170" VPOS="416" WIDTH="55" HEIGHT="25" CONTENT="and" WC="0.47" CC="087"/>
						<SP ID="P205_SP00048" HPOS="225" VPOS="449" WIDTH="14"/>
						<String ID="P205_ST00057" HPOS="239" VPOS="417" WIDTH="129" HEIGHT="33" CONTENT="gazed-at" WC="0.69" CC="04107045"/>
						<SP ID="P205_SP00049" HPOS="368" VPOS="450" WIDTH="14"/>
						<String ID="P205_ST00058" HPOS="382" VPOS="426" WIDTH="72" HEIGHT="18" CONTENT="were" WC="0.80" CC="6000"/>
						<SP ID="P205_SP00050" HPOS="454" VPOS="450" WIDTH="21"/>
						<String ID="P205_ST00059" HPOS="475" VPOS="417" WIDTH="73" HEIGHT="27" CONTENT="alike" WC="0.87" CC="23000"/>
						<SP ID="P205_SP00051" HPOS="548" VPOS="450" WIDTH="20"/>
						<String ID="P205_ST00060" HPOS="568" VPOS="417" WIDTH="156" HEIGHT="32" CONTENT="interested," WC="0.71" CC="08504037020"/>
						<SP ID="P205_SP00052" HPOS="724" VPOS="450" WIDTH="15"/>
						<String ID="P205_ST00061" HPOS="739" VPOS="417" WIDTH="114" HEIGHT="32" CONTENT="excited," WC="0.76" CC="04004044"/>
						<SP ID="P205_SP00053" HPOS="853" VPOS="450" WIDTH="14"/>
						<String ID="P205_ST00062" HPOS="867" VPOS="416" WIDTH="54" HEIGHT="26" CONTENT="and" WC="0.55" CC="076"/>
					</TextLine>
					<TextLine ID="P205_TL00010" HPOS="58" VPOS="459" WIDTH="863" HEIGHT="35">
						<String ID="P205_ST00063" HPOS="58" VPOS="459" WIDTH="114" HEIGHT="26" CONTENT="amused" WC="0.61" CC="485004"/>
						<SP ID="P205_SP00054" HPOS="172" VPOS="485" WIDTH="11"/>
						<String ID="P205_ST00064" HPOS="183" VPOS="469" WIDTH="6" HEIGHT="23" CONTENT=";" WC="0.69" CC="3"/>
						<SP ID="P205_SP00055" HPOS="189" VPOS="492" WIDTH="20"/>
						<String ID="P205_ST00065" HPOS="209" VPOS="460" WIDTH="47" HEIGHT="26" CONTENT="the" WC="0.47" CC="438"/>
						<SP ID="P205_SP00056" HPOS="256" VPOS="492" WIDTH="15"/>
						<String ID="P205_ST00066" HPOS="271" VPOS="461" WIDTH="95" HEIGHT="33" CONTENT="ponies" WC="0.64" CC="706006"/>
						<SP ID="P205_SP00057" HPOS="366" VPOS="494" WIDTH="13"/>
						<String ID="P205_ST00067" HPOS="379" VPOS="461" WIDTH="58" HEIGHT="26" CONTENT="also" WC="0.96" CC="0010"/>
						<SP ID="P205_SP00058" HPOS="437" VPOS="494" WIDTH="14"/>
						<String ID="P205_ST00068" HPOS="451" VPOS="461" WIDTH="97" HEIGHT="27" CONTENT="shared" WC="0.63" CC="072505"/>
						<SP ID="P205_SP00059" HPOS="548" VPOS="494" WIDTH="13"/>
						<String ID="P205_ST00069" HPOS="561" VPOS="461" WIDTH="30" HEIGHT="26" CONTENT="in" WC="1.00" CC="00"/>
						<SP ID="P205_SP00060" HPOS="591" VPOS="494" WIDTH="20"/>
						<String ID="P205_ST00070" HPOS="611" VPOS="461" WIDTH="47" HEIGHT="27" CONTENT="the" WC="0.87" CC="030"/>
						<SP ID="P205_SP00061" HPOS="658" VPOS="494" WIDTH="22"/>
						<String ID="P205_ST00071" HPOS="680" VPOS="461" WIDTH="172" HEIGHT="31" CONTENT="excitement," WC="0.80" CC="06004000550"/>
						<SP ID="P205_SP00062" HPOS="852" VPOS="494" WIDTH="15"/>
						<String ID="P205_ST00072" HPOS="867" VPOS="460" WIDTH="54" HEIGHT="26" CONTENT="and" WC="0.56" CC="075"/>
					</TextLine>
					<TextLine ID="P205_TL00011" HPOS="58" VPOS="502" WIDTH="863" HEIGHT="37">
						<String ID="P205_ST00073" HPOS="58" VPOS="502" WIDTH="59" HEIGHT="26" CONTENT="also" WC="0.79" CC="8000"/>
						<SP ID="P205_SP00063" HPOS="117" VPOS="528" WIDTH="21"/>
						<String ID="P205_ST00074" HPOS="138" VPOS="503" WIDTH="29" HEIGHT="25" CONTENT="in" WC="0.43" CC="37"/>
						<SP ID="P205_SP00064" HPOS="167" VPOS="528" WIDTH="21"/>
						<String ID="P205_ST00075" HPOS="188" VPOS="504" WIDTH="46" HEIGHT="26" CONTENT="the" WC="0.50" CC="860"/>
						<SP ID="P205_SP00065" HPOS="234" VPOS="530" WIDTH="24"/>
						<String ID="P205_ST00076" HPOS="258" VPOS="505" WIDTH="173" HEIGHT="26" CONTENT="admiration." WC="0.78" CC="04011060081"/>
						<SP ID="P205_SP00066" HPOS="431" VPOS="531" WIDTH="41"/>
						<String ID="P205_ST00077" HPOS="472" VPOS="505" WIDTH="52" HEIGHT="27" CONTENT="We" WC="1.00" CC="00"/>
						<SP ID="P205_SP00067" HPOS="524" VPOS="532" WIDTH="13"/>
						<String ID="P205_ST00078" HPOS="537" VPOS="505" WIDTH="58" HEIGHT="26" CONTENT="will" WC="0.77" CC="3032"/>
						<SP ID="P205_SP00068" HPOS="595" VPOS="532" WIDTH="18"/>
						<String ID="P205_ST00079" HPOS="613" VPOS="505" WIDTH="70" HEIGHT="34" CONTENT="hope" WC="0.68" CC="6050"/>
						<SP ID="P205_SP00069" HPOS="683" VPOS="539" WIDTH="15"/>
						<String ID="P205_ST00080" HPOS="698" VPOS="505" WIDTH="23" HEIGHT="26" CONTENT="it" WC="0.78" CC="04"/>
						<SP ID="P205_SP00070" HPOS="721" VPOS="539" WIDTH="13"/>
						<String ID="P205_ST00081" HPOS="734" VPOS="505" WIDTH="94" HEIGHT="33" CONTENT="repaid" WC="0.55" CC="806066"/>
						<SP ID="P205_SP00071" HPOS="828" VPOS="539" WIDTH="17"/>
						<String ID="P205_ST00082" HPOS="845" VPOS="504" WIDTH="76" HEIGHT="26" CONTENT="them" WC="0.83" CC="0600"/>
					</TextLine>
					<TextLine ID="P205_TL00012" HPOS="62" VPOS="547" WIDTH="860" HEIGHT="35">
						<String ID="P205_ST00083" HPOS="62" VPOS="547" WIDTH="41" HEIGHT="25" CONTENT="for" WC="0.78" CC="303"/>
						<SP ID="P205_SP00072" HPOS="103" VPOS="572" WIDTH="13"/>
						<String ID="P205_ST00084" HPOS="116" VPOS="547" WIDTH="46" HEIGHT="26" CONTENT="the" WC="0.62" CC="460"/>
						<SP ID="P205_SP00073" HPOS="162" VPOS="573" WIDTH="15"/>
						<String ID="P205_ST00085" HPOS="177" VPOS="548" WIDTH="166" HEIGHT="34" CONTENT="unpleasant" WC="0.64" CC="6872023302"/>
						<SP ID="P205_SP00074" HPOS="343" VPOS="582" WIDTH="14"/>
						<String ID="P205_ST00086" HPOS="357" VPOS="549" WIDTH="147" HEIGHT="26" CONTENT="casualties" WC="0.69" CC="0505385201"/>
						<SP ID="P205_SP00075" HPOS="504" VPOS="582" WIDTH="14"/>
						<String ID="P205_ST00087" HPOS="518" VPOS="549" WIDTH="30" HEIGHT="26" CONTENT="of" WC="1.00" CC="00"/>
						<SP ID="P205_SP00076" HPOS="548" VPOS="582" WIDTH="16"/>
						<String ID="P205_ST00088" HPOS="564" VPOS="549" WIDTH="48" HEIGHT="27" CONTENT="the" WC="0.72" CC="250"/>
						<SP ID="P205_SP00077" HPOS="612" VPOS="582" WIDTH="14"/>
						<String ID="P205_ST00089" HPOS="626" VPOS="549" WIDTH="108" HEIGHT="26" CONTENT="combat" WC="0.76" CC="003703"/>
						<SP ID="P205_SP00078" HPOS="734" VPOS="582" WIDTH="13"/>
						<String ID="P205_ST00090" HPOS="747" VPOS="552" WIDTH="27" HEIGHT="23" CONTENT="to" WC="0.89" CC="02"/>
						<SP ID="P205_SP00079" HPOS="774" VPOS="582" WIDTH="14"/>
						<String ID="P205_ST00091" HPOS="788" VPOS="549" WIDTH="47" HEIGHT="25" CONTENT="the" WC="0.84" CC="220"/>
						<SP ID="P205_SP00080" HPOS="835" VPOS="582" WIDTH="14"/>
						<String ID="P205_ST00092" HPOS="849" VPOS="555" WIDTH="73" HEIGHT="19" CONTENT="same" WC="0.65" CC="3540"/>
					</TextLine>
					<TextLine ID="P205_TL00013" HPOS="62" VPOS="591" WIDTH="414" HEIGHT="33">
						<String ID="P205_ST00093" HPOS="62" VPOS="591" WIDTH="96" HEIGHT="33" CONTENT="degree" WC="0.86" CC="800000"/>
						<SP ID="P205_SP00081" HPOS="158" VPOS="624" WIDTH="14"/>
						<String ID="P205_ST00094" HPOS="172" VPOS="592" WIDTH="22" HEIGHT="26" CONTENT="it" WC="0.69" CC="14"/>
						<SP ID="P205_SP00082" HPOS="194" VPOS="624" WIDTH="14"/>
						<String ID="P205_ST00095" HPOS="208" VPOS="592" WIDTH="47" HEIGHT="26" CONTENT="did" WC="0.73" CC="106"/>
						<SP ID="P205_SP00083" HPOS="255" VPOS="624" WIDTH="15"/>
						<String ID="P205_ST00096" HPOS="270" VPOS="593" WIDTH="71" HEIGHT="26" CONTENT="their" WC="0.72" CC="07005"/>
						<SP ID="P205_SP00084" HPOS="341" VPOS="624" WIDTH="14"/>
						<String ID="P205_ST00097" HPOS="355" VPOS="596" WIDTH="121" HEIGHT="23" CONTENT="masters." WC="0.74" CC="06750010"/>
					</TextLine>
				</TextBlock>
				<TextBlock ID="P205_TB00004" HPOS="61" VPOS="635" WIDTH="867" HEIGHT="430" STYLEREFS="TXT_1 PAR_LEFT">
					<TextLine ID="P205_TL00014" HPOS="99" VPOS="635" WIDTH="826" HEIGHT="37">
						<String ID="P205_ST00098" HPOS="99" VPOS="635" WIDTH="93" HEIGHT="26" CONTENT="While" WC="0.77" CC="37000"/>
						<SP ID="P205_SP00085" HPOS="192" VPOS="661" WIDTH="14"/>
						<String ID="P205_ST00099" HPOS="206" VPOS="637" WIDTH="218" HEIGHT="34" CONTENT="contemplating" WC="0.68" CC="0060006133567"/>
						<SP ID="P205_SP00086" HPOS="424" VPOS="671" WIDTH="13"/>
						<String ID="P205_ST00100" HPOS="437" VPOS="638" WIDTH="48" HEIGHT="25" CONTENT="the" WC="0.55" CC="660"/>
						<SP ID="P205_SP00087" HPOS="485" VPOS="671" WIDTH="13"/>
						<String ID="P205_ST00101" HPOS="498" VPOS="646" WIDTH="78" HEIGHT="26" CONTENT="game" WC="0.59" CC="0258"/>
						<SP ID="P205_SP00088" HPOS="576" VPOS="672" WIDTH="15"/>
						<String ID="P205_ST00102" HPOS="591" VPOS="637" WIDTH="29" HEIGHT="26" CONTENT="of" WC="1.00" CC="00"/>
						<SP ID="P205_SP00089" HPOS="620" VPOS="672" WIDTH="11"/>
						<String ID="P205_ST00103" HPOS="631" VPOS="637" WIDTH="113" HEIGHT="34" CONTENT="hockey," WC="0.82" CC="7004000"/>
						<SP ID="P205_SP00090" HPOS="744" VPOS="672" WIDTH="14"/>
						<String ID="P205_ST00104" HPOS="758" VPOS="636" WIDTH="47" HEIGHT="26" CONTENT="the" WC="0.71" CC="250"/>
						<SP ID="P205_SP00091" HPOS="805" VPOS="672" WIDTH="14"/>
						<String ID="P205_ST00105" HPOS="819" VPOS="644" WIDTH="58" HEIGHT="17" CONTENT="ears" WC="0.71" CC="0072"/>
						<SP ID="P205_SP00092" HPOS="877" VPOS="672" WIDTH="18"/>
						<String ID="P205_ST00106" HPOS="895" VPOS="635" WIDTH="30" HEIGHT="26" CONTENT="of" WC="0.92" CC="10"/>
					</TextLine>
					<TextLine ID="P205_TL00015" HPOS="62" VPOS="678" WIDTH="861" HEIGHT="37">
						<String ID="P205_ST00107" HPOS="62" VPOS="678" WIDTH="47" HEIGHT="26" CONTENT="the" WC="0.67" CC="630"/>
						<SP ID="P205_SP00093" HPOS="109" VPOS="704" WIDTH="22"/>
						<String ID="P205_ST00108" HPOS="131" VPOS="680" WIDTH="200" HEIGHT="34" CONTENT="gady-dressed" WC="0.68" CC="058405300107"/>
						<SP ID="P205_SP00094" HPOS="331" VPOS="714" WIDTH="22"/>
						<String ID="P205_ST00109" HPOS="353" VPOS="681" WIDTH="149" HEIGHT="26" CONTENT="multitude" WC="0.66" CC="650300670"/>
						<SP ID="P205_SP00095" HPOS="502" VPOS="714" WIDTH="29"/>
						<String ID="P205_ST00110" HPOS="531" VPOS="682" WIDTH="88" HEIGHT="33" CONTENT="lining" WC="0.49" CC="218466"/>
						<SP ID="P205_SP00096" HPOS="619" VPOS="715" WIDTH="23"/>
						<String ID="P205_ST00111" HPOS="642" VPOS="682" WIDTH="29" HEIGHT="24" CONTENT="in" WC="0.69" CC="06"/>
						<SP ID="P205_SP00097" HPOS="671" VPOS="715" WIDTH="15"/>
						<String ID="P205_ST00112" HPOS="686" VPOS="681" WIDTH="80" HEIGHT="25" CONTENT="-close" WC="0.81" CC="600050"/>
						<SP ID="P205_SP00098" HPOS="766" VPOS="715" WIDTH="20"/>
						<String ID="P205_ST00113" HPOS="786" VPOS="688" WIDTH="70" HEIGHT="17" CONTENT="rows" WC="0.72" CC="7030"/>
						<SP ID="P205_SP00099" HPOS="856" VPOS="715" WIDTH="20"/>
						<String ID="P205_ST00114" HPOS="876" VPOS="678" WIDTH="47" HEIGHT="26" CONTENT="the" WC="0.55" CC="670"/>
					</TextLine>
					<TextLine ID="P205_TL00016" HPOS="62" VPOS="722" WIDTH="863" HEIGHT="36">
						<String ID="P205_ST00115" HPOS="62" VPOS="722" WIDTH="143" HEIGHT="36" CONTENT="boundary" WC="0.54" CC="80483308"/>
						<SP ID="P205_SP00100" HPOS="205" VPOS="758" WIDTH="14"/>
						<String ID="P205_ST00116" HPOS="219" VPOS="724" WIDTH="30" HEIGHT="25" CONTENT="of" WC="0.91" CC="10"/>
						<SP ID="P205_SP00101" HPOS="249" VPOS="758" WIDTH="17"/>
						<String ID="P205_ST00117" HPOS="266" VPOS="724" WIDTH="47" HEIGHT="26" CONTENT="the" WC="0.63" CC="370"/>
						<SP ID="P205_SP00102" HPOS="313" VPOS="758" WIDTH="14"/>
						<String ID="P205_ST00118" HPOS="327" VPOS="725" WIDTH="166" HEIGHT="26" CONTENT="battle-field" WC="0.73" CC="005530622034"/>
						<SP ID="P205_SP00103" HPOS="493" VPOS="758" WIDTH="13"/>
						<String ID="P205_ST00119" HPOS="506" VPOS="733" WIDTH="70" HEIGHT="18" CONTENT="were" WC="0.88" CC="1210"/>
						<SP ID="P205_SP00104" HPOS="576" VPOS="758" WIDTH="21"/>
						<String ID="P205_ST00120" HPOS="597" VPOS="724" WIDTH="115" HEIGHT="27" CONTENT="assailed" WC="0.66" CC="82070206"/>
						<SP ID="P205_SP00105" HPOS="712" VPOS="758" WIDTH="14"/>
						<String ID="P205_ST00121" HPOS="726" VPOS="725" WIDTH="35" HEIGHT="33" CONTENT="by" WC="0.83" CC="03"/>
						<SP ID="P205_SP00106" HPOS="761" VPOS="758" WIDTH="15"/>
						<String ID="P205_ST00122" HPOS="776" VPOS="724" WIDTH="48" HEIGHT="25" CONTENT="the" WC="0.66" CC="360"/>
						<SP ID="P205_SP00107" HPOS="824" VPOS="758" WIDTH="13"/>
						<String ID="P205_ST00123" HPOS="837" VPOS="722" WIDTH="88" HEIGHT="26" CONTENT="sound" WC="0.68" CC="00608"/>
					</TextLine>
					<TextLine ID="P205_TL00017" HPOS="62" VPOS="766" WIDTH="866" HEIGHT="37">
						<String ID="P205_ST00124" HPOS="62" VPOS="766" WIDTH="31" HEIGHT="26" CONTENT="of" WC="0.61" CC="70"/>
						<SP ID="P205_SP00108" HPOS="93" VPOS="792" WIDTH="19"/>
						<String ID="P205_ST00125" HPOS="112" VPOS="768" WIDTH="143" HEIGHT="34" CONTENT="perpetual" WC="0.61" CC="406704704"/>
						<SP ID="P205_SP00109" HPOS="255" VPOS="802" WIDTH="17"/>
						<String ID="P205_ST00126" HPOS="272" VPOS="769" WIDTH="87" HEIGHT="34" CONTENT="firing." WC="0.61" CC="0066680"/>
						<SP ID="P205_SP00110" HPOS="359" VPOS="803" WIDTH="40"/>
						<String ID="P205_ST00127" HPOS="399" VPOS="769" WIDTH="27" HEIGHT="26" CONTENT="It" WC="1.00" CC="00"/>
						<SP ID="P205_SP00111" HPOS="426" VPOS="803" WIDTH="22"/>
						<String ID="P205_ST00128" HPOS="448" VPOS="778" WIDTH="55" HEIGHT="17" CONTENT="was" WC="0.75" CC="601"/>
						<SP ID="P205_SP00112" HPOS="503" VPOS="803" WIDTH="23"/>
						<String ID="P205_ST00129" HPOS="526" VPOS="769" WIDTH="99" HEIGHT="26" CONTENT="caused" WC="0.67" CC="036207"/>
						<SP ID="P205_SP00113" HPOS="625" VPOS="803" WIDTH="19"/>
						<String ID="P205_ST00130" HPOS="644" VPOS="770" WIDTH="37" HEIGHT="33" CONTENT="by" WC="0.48" CC="82"/>
						<SP ID="P205_SP00114" HPOS="681" VPOS="803" WIDTH="13"/>
						<String ID="P205_ST00131" HPOS="694" VPOS="768" WIDTH="47" HEIGHT="26" CONTENT="the" WC="0.65" CC="550"/>
						<SP ID="P205_SP00115" HPOS="741" VPOS="803" WIDTH="20"/>
						<String ID="P205_ST00132" HPOS="761" VPOS="767" WIDTH="117" HEIGHT="35" CONTENT="practise" WC="0.88" CC="50102000"/>
						<SP ID="P205_SP00116" HPOS="878" VPOS="803" WIDTH="20"/>
						<String ID="P205_ST00133" HPOS="898" VPOS="766" WIDTH="30" HEIGHT="26" CONTENT="of" WC="0.73" CC="05"/>
					</TextLine>
					<TextLine ID="P205_TL00018" HPOS="65" VPOS="811" WIDTH="863" HEIGHT="36">
						<String ID="P205_ST00134" HPOS="65" VPOS="820" WIDTH="18" HEIGHT="16" CONTENT="a" WC="0.67" CC="3"/>
						<SP ID="P205_SP00117" HPOS="83" VPOS="836" WIDTH="18"/>
						<String ID="P205_ST00135" HPOS="101" VPOS="811" WIDTH="138" HEIGHT="27" CONTENT="favourite" WC="0.74" CC="540066000"/>
						<SP ID="P205_SP00118" HPOS="239" VPOS="838" WIDTH="20"/>
						<String ID="P205_ST00136" HPOS="259" VPOS="817" WIDTH="173" HEIGHT="22" CONTENT="amusement" WC="0.61" CC="087304064"/>
						<SP ID="P205_SP00119" HPOS="432" VPOS="839" WIDTH="19"/>
						<String ID="P205_ST00137" HPOS="451" VPOS="814" WIDTH="30" HEIGHT="25" CONTENT="iii" WC="0.51" CC="077"/>
						<SP ID="P205_SP00120" HPOS="481" VPOS="839" WIDTH="19"/>
						<String ID="P205_ST00138" HPOS="500" VPOS="822" WIDTH="87" HEIGHT="25" CONTENT="vogue" WC="0.83" CC="50120"/>
						<SP ID="P205_SP00121" HPOS="587" VPOS="847" WIDTH="27"/>
						<String ID="P205_ST00139" HPOS="614" VPOS="816" WIDTH="28" HEIGHT="23" CONTENT="at" WC="0.66" CC="06"/>
						<SP ID="P205_SP00122" HPOS="642" VPOS="847" WIDTH="20"/>
						<String ID="P205_ST00140" HPOS="662" VPOS="812" WIDTH="191" HEIGHT="35" CONTENT="Hurlingham." WC="0.57" CC="67500606750"/>
						<SP ID="P205_SP00123" HPOS="853" VPOS="847" WIDTH="40"/>
						<String ID="P205_ST00141" HPOS="893" VPOS="811" WIDTH="35" HEIGHT="25" CONTENT="In" WC="0.60" CC="07"/>
					</TextLine>
					<TextLine ID="P205_TL00019" HPOS="63" VPOS="855" WIDTH="862" HEIGHT="37">
						<String ID="P205_ST00142" HPOS="63" VPOS="855" WIDTH="117" HEIGHT="27" CONTENT="another" WC="0.66" CC="1700544"/>
						<SP ID="P205_SP00124" HPOS="180" VPOS="882" WIDTH="13"/>
						<String ID="P205_ST00143" HPOS="193" VPOS="859" WIDTH="62" HEIGHT="31" CONTENT="part" WC="0.82" CC="6000"/>
						<SP ID="P205_SP00125" HPOS="255" VPOS="890" WIDTH="14"/>
						<String ID="P205_ST00144" HPOS="269" VPOS="857" WIDTH="30" HEIGHT="25" CONTENT="of" WC="1.00" CC="00"/>
						<SP ID="P205_SP00126" HPOS="299" VPOS="890" WIDTH="11"/>
						<String ID="P205_ST00145" HPOS="310" VPOS="857" WIDTH="47" HEIGHT="26" CONTENT="the" WC="0.58" CC="470"/>
						<SP ID="P205_SP00127" HPOS="357" VPOS="890" WIDTH="13"/>
						<String ID="P205_ST00146" HPOS="370" VPOS="857" WIDTH="119" HEIGHT="35" CONTENT="grounds" WC="0.65" CC="0823062"/>
						<SP ID="P205_SP00128" HPOS="489" VPOS="892" WIDTH="15"/>
						<String ID="P205_ST00147" HPOS="504" VPOS="857" WIDTH="96" HEIGHT="35" CONTENT="people" WC="0.70" CC="600703"/>
						<SP ID="P205_SP00129" HPOS="600" VPOS="892" WIDTH="14"/>
						<String ID="P205_ST00148" HPOS="614" VPOS="865" WIDTH="71" HEIGHT="18" CONTENT="were" WC="0.59" CC="8070"/>
						<SP ID="P205_SP00130" HPOS="685" VPOS="892" WIDTH="12"/>
						<String ID="P205_ST00149" HPOS="697" VPOS="856" WIDTH="125" HEIGHT="35" CONTENT="pleasing" WC="0.56" CC="81075065"/>
						<SP ID="P205_SP00131" HPOS="822" VPOS="892" WIDTH="13"/>
						<String ID="P205_ST00150" HPOS="835" VPOS="855" WIDTH="90" HEIGHT="25" CONTENT="them" SUBS_TYPE="HypPart1" SUBS_CONTENT="themselves" WC="0.81" CC="08100"/>
						<HYP CONTENT="-"/>
					</TextLine>
					<TextLine ID="P205_TL00020" HPOS="63" VPOS="899" WIDTH="864" HEIGHT="37">
						<String ID="P205_ST00151" HPOS="63" VPOS="900" WIDTH="90" HEIGHT="26" CONTENT="selves" SUBS_TYPE="HypPart2" SUBS_CONTENT="themselves" WC="0.90" CC="500000"/>
						<SP ID="P205_SP00132" HPOS="153" VPOS="926" WIDTH="14"/>
						<String ID="P205_ST00152" HPOS="167" VPOS="901" WIDTH="38" HEIGHT="34" CONTENT="by" WC="0.58" CC="80"/>
						<SP ID="P205_SP00133" HPOS="205" VPOS="935" WIDTH="12"/>
						<String ID="P205_ST00153" HPOS="217" VPOS="901" WIDTH="129" HEIGHT="35" CONTENT="shooting" WC="0.55" CC="64034664"/>
						<SP ID="P205_SP00134" HPOS="346" VPOS="936" WIDTH="14"/>
						<String ID="P205_ST00154" HPOS="360" VPOS="905" WIDTH="28" HEIGHT="22" CONTENT="at" WC="0.71" CC="50"/>
						<SP ID="P205_SP00135" HPOS="388" VPOS="936" WIDTH="22"/>
						<String ID="P205_ST00155" HPOS="410" VPOS="905" WIDTH="72" HEIGHT="23" CONTENT="tame" WC="0.70" CC="0740"/>
						<SP ID="P205_SP00136" HPOS="482" VPOS="936" WIDTH="19"/>
						<String ID="P205_ST00156" HPOS="501" VPOS="902" WIDTH="121" HEIGHT="34" CONTENT="pigeons," WC="0.65" CC="74000762"/>
						<SP ID="P205_SP00137" HPOS="622" VPOS="936" WIDTH="14"/>
						<String ID="P205_ST00157" HPOS="636" VPOS="901" WIDTH="90" HEIGHT="26" CONTENT="which" WC="0.57" CC="67006"/>
						<SP ID="P205_SP00138" HPOS="726" VPOS="936" WIDTH="14"/>
						<String ID="P205_ST00158" HPOS="740" VPOS="908" WIDTH="71" HEIGHT="18" CONTENT="were" WC="0.73" CC="7020"/>
						<SP ID="P205_SP00139" HPOS="811" VPOS="936" WIDTH="15"/>
						<String ID="P205_ST00159" HPOS="826" VPOS="899" WIDTH="101" HEIGHT="35" CONTENT="caught" WC="0.65" CC="016075"/>
					</TextLine>
					<TextLine ID="P205_TL00021" HPOS="64" VPOS="943" WIDTH="864" HEIGHT="37">
						<String ID="P205_ST00160" HPOS="64" VPOS="944" WIDTH="56" HEIGHT="26" CONTENT="and" WC="0.26" CC="777"/>
						<SP ID="P205_SP00140" HPOS="120" VPOS="970" WIDTH="14"/>
						<String ID="P205_ST00161" HPOS="134" VPOS="948" WIDTH="50" HEIGHT="31" CONTENT="put" WC="0.25" CC="768"/>
						<SP ID="P205_SP00141" HPOS="184" VPOS="979" WIDTH="15"/>
						<String ID="P205_ST00162" HPOS="199" VPOS="945" WIDTH="29" HEIGHT="25" CONTENT="in" WC="0.51" CC="18"/>
						<SP ID="P205_SP00142" HPOS="228" VPOS="979" WIDTH="21"/>
						<String ID="P205_ST00163" HPOS="249" VPOS="948" WIDTH="82" HEIGHT="32" CONTENT="traps," WC="0.67" CC="401507"/>
						<SP ID="P205_SP00143" HPOS="331" VPOS="980" WIDTH="14"/>
						<String ID="P205_ST00164" HPOS="345" VPOS="949" WIDTH="48" HEIGHT="22" CONTENT="out" WC="0.57" CC="074"/>
						<SP ID="P205_SP00144" HPOS="393" VPOS="980" WIDTH="21"/>
						<String ID="P205_ST00165" HPOS="414" VPOS="946" WIDTH="29" HEIGHT="25" CONTENT="of" WC="1.00" CC="00"/>
						<SP ID="P205_SP00145" HPOS="443" VPOS="980" WIDTH="18"/>
						<String ID="P205_ST00166" HPOS="461" VPOS="946" WIDTH="91" HEIGHT="25" CONTENT="which" WC="0.45" CC="73087"/>
						<SP ID="P205_SP00146" HPOS="552" VPOS="980" WIDTH="18"/>
						<String ID="P205_ST00167" HPOS="570" VPOS="945" WIDTH="66" HEIGHT="35" CONTENT="they" WC="0.72" CC="5302"/>
						<SP ID="P205_SP00147" HPOS="636" VPOS="980" WIDTH="15"/>
						<String ID="P205_ST00168" HPOS="651" VPOS="953" WIDTH="70" HEIGHT="18" CONTENT="were" WC="0.70" CC="8030"/>
						<SP ID="P205_SP00148" HPOS="721" VPOS="980" WIDTH="20"/>
						<String ID="P205_ST00169" HPOS="741" VPOS="944" WIDTH="39" HEIGHT="26" CONTENT="let" WC="0.82" CC="005"/>
						<SP ID="P205_SP00149" HPOS="780" VPOS="980" WIDTH="22"/>
						<String ID="P205_ST00170" HPOS="802" VPOS="944" WIDTH="29" HEIGHT="25" CONTENT="in" WC="0.77" CC="04"/>
						<SP ID="P205_SP00150" HPOS="831" VPOS="980" WIDTH="20"/>
						<String ID="P205_ST00171" HPOS="851" VPOS="943" WIDTH="77" HEIGHT="26" CONTENT="order" WC="0.72" CC="20505"/>
					</TextLine>
					<TextLine ID="P205_TL00022" HPOS="64" VPOS="987" WIDTH="864" HEIGHT="37">
						<String ID="P205_ST00172" HPOS="64" VPOS="988" WIDTH="62" HEIGHT="30" CONTENT="that" WC="0.63" CC="8211"/>
						<SP ID="P205_SP00151" HPOS="126" VPOS="1018" WIDTH="17"/>
						<String ID="P205_ST00173" HPOS="143" VPOS="997" WIDTH="64" HEIGHT="18" CONTENT="men" WC="0.57" CC="507"/>
						<SP ID="P205_SP00152" HPOS="207" VPOS="1018" WIDTH="14"/>
						<String ID="P205_ST00174" HPOS="221" VPOS="989" WIDTH="89" HEIGHT="35" CONTENT="might" WC="0.73" CC="50070"/>
						<SP ID="P205_SP00153" HPOS="310" VPOS="1024" WIDTH="14"/>
						<String ID="P205_ST00175" HPOS="324" VPOS="989" WIDTH="78" HEIGHT="26" CONTENT="shoot" WC="0.81" CC="17000"/>
						<SP ID="P205_SP00154" HPOS="402" VPOS="1024" WIDTH="21"/>
						<String ID="P205_ST00176" HPOS="423" VPOS="992" WIDTH="30" HEIGHT="23" CONTENT="at" WC="0.65" CC="06"/>
						<SP ID="P205_SP00155" HPOS="453" VPOS="1024" WIDTH="21"/>
						<String ID="P205_ST00177" HPOS="474" VPOS="990" WIDTH="76" HEIGHT="25" CONTENT="them" WC="0.70" CC="0704"/>
						<SP ID="P205_SP00156" HPOS="550" VPOS="1024" WIDTH="24"/>
						<String ID="P205_ST00178" HPOS="574" VPOS="998" WIDTH="29" HEIGHT="17" CONTENT="as" WC="0.91" CC="10"/>
						<SP ID="P205_SP00157" HPOS="603" VPOS="1024" WIDTH="22"/>
						<String ID="P205_ST00179" HPOS="625" VPOS="990" WIDTH="66" HEIGHT="34" CONTENT="they" WC="0.71" CC="1702"/>
						<SP ID="P205_SP00158" HPOS="691" VPOS="1024" WIDTH="12"/>
						<String ID="P205_ST00180" HPOS="703" VPOS="997" WIDTH="60" HEIGHT="17" CONTENT="new" WC="0.66" CC="801"/>
						<SP ID="P205_SP00159" HPOS="763" VPOS="1024" WIDTH="15"/>
						<String ID="P205_ST00181" HPOS="778" VPOS="996" WIDTH="36" HEIGHT="26" CONTENT="up" WC="0.68" CC="06"/>
						<String ID="P205_ST00182" HPOS="825" VPOS="997" WIDTH="6" HEIGHT="23" CONTENT=";" WC="0.51" CC="4"/>
						<SP ID="P205_SP00160" HPOS="831" VPOS="1024" WIDTH="20"/>
						<String ID="P205_ST00183" HPOS="851" VPOS="987" WIDTH="77" HEIGHT="26" CONTENT="those" WC="0.70" CC="35050"/>
					</TextLine>
					<TextLine ID="P205_TL00023" HPOS="64" VPOS="1031" WIDTH="688" HEIGHT="34">
						<String ID="P205_ST00184" HPOS="64" VPOS="1040" WIDTH="64" HEIGHT="17" CONTENT="men" WC="0.52" CC="607"/>
						<SP ID="P205_SP00161" HPOS="128" VPOS="1057" WIDTH="14"/>
						<String ID="P205_ST00185" HPOS="142" VPOS="1031" WIDTH="61" HEIGHT="26" CONTENT="who" WC="0.53" CC="462"/>
						<SP ID="P205_SP00162" HPOS="203" VPOS="1057" WIDTH="14"/>
						<String ID="P205_ST00186" HPOS="217" VPOS="1031" WIDTH="63" HEIGHT="26" CONTENT="shot" WC="0.48" CC="5436"/>
						<SP ID="P205_SP00163" HPOS="280" VPOS="1057" WIDTH="14"/>
						<String ID="P205_ST00187" HPOS="294" VPOS="1035" WIDTH="71" HEIGHT="22" CONTENT="most" WC="0.76" CC="4004"/>
						<SP ID="P205_SP00164" HPOS="365" VPOS="1057" WIDTH="13"/>
						<String ID="P205_ST00188" HPOS="378" VPOS="1032" WIDTH="112" HEIGHT="26" CONTENT="became" WC="0.76" CC="800050"/>
						<SP ID="P205_SP00165" HPOS="490" VPOS="1058" WIDTH="14"/>
						<String ID="P205_ST00189" HPOS="504" VPOS="1032" WIDTH="77" HEIGHT="33" CONTENT="quite" WC="0.62" CC="76040"/>
						<SP ID="P205_SP00166" HPOS="581" VPOS="1065" WIDTH="13"/>
						<String ID="P205_ST00190" HPOS="594" VPOS="1031" WIDTH="158" HEIGHT="27" CONTENT="celebrated." WC="0.77" CC="00000843080"/>
					</TextLine>
				</TextBlock>
				<TextBlock ID="P205_TB00005" HPOS="64" VPOS="1074" WIDTH="865" HEIGHT="124" STYLEREFS="TXT_1 PAR_LEFT">
					<TextLine ID="P205_TL00024" HPOS="105" VPOS="1074" WIDTH="824" HEIGHT="28">
						<String ID="P205_ST00191" HPOS="105" VPOS="1075" WIDTH="57" HEIGHT="26" CONTENT="Our" WC="0.37" CC="773"/>
						<SP ID="P205_SP00167" HPOS="162" VPOS="1101" WIDTH="15"/>
						<String ID="P205_ST00192" HPOS="177" VPOS="1076" WIDTH="103" HEIGHT="25" CONTENT="friends" WC="0.78" CC="0020803"/>
						<SP ID="P205_SP00168" HPOS="280" VPOS="1101" WIDTH="15"/>
						<String ID="P205_ST00193" HPOS="295" VPOS="1085" WIDTH="71" HEIGHT="17" CONTENT="were" WC="0.70" CC="6050"/>
						<SP ID="P205_SP00169" HPOS="366" VPOS="1102" WIDTH="20"/>
						<String ID="P205_ST00194" HPOS="386" VPOS="1076" WIDTH="38" HEIGHT="26" CONTENT="all" WC="0.87" CC="003"/>
						<SP ID="P205_SP00170" HPOS="424" VPOS="1102" WIDTH="17"/>
						<String ID="P205_ST00195" HPOS="441" VPOS="1079" WIDTH="45" HEIGHT="23" CONTENT="too" WC="0.86" CC="400"/>
						<SP ID="P205_SP00171" HPOS="486" VPOS="1102" WIDTH="14"/>
						<String ID="P205_ST00196" HPOS="500" VPOS="1077" WIDTH="120" HEIGHT="25" CONTENT="humane" WC="0.53" CC="670282"/>
						<SP ID="P205_SP00172" HPOS="620" VPOS="1102" WIDTH="13"/>
						<String ID="P205_ST00197" HPOS="633" VPOS="1079" WIDTH="28" HEIGHT="22" CONTENT="to" WC="0.80" CC="03"/>
						<SP ID="P205_SP00173" HPOS="661" VPOS="1102" WIDTH="14"/>
						<String ID="P205_ST00198" HPOS="675" VPOS="1075" WIDTH="87" HEIGHT="26" CONTENT="desire" WC="0.67" CC="706050"/>
						<SP ID="P205_SP00174" HPOS="762" VPOS="1102" WIDTH="13"/>
						<String ID="P205_ST00199" HPOS="775" VPOS="1078" WIDTH="28" HEIGHT="23" CONTENT="to" WC="1.00" CC="00"/>
						<SP ID="P205_SP00175" HPOS="803" VPOS="1102" WIDTH="15"/>
						<String ID="P205_ST00200" HPOS="818" VPOS="1074" WIDTH="111" HEIGHT="26" CONTENT="witness" WC="0.65" CC="0254037"/>
					</TextLine>
					<TextLine ID="P205_TL00025" HPOS="65" VPOS="1118" WIDTH="864" HEIGHT="36">
						<String ID="P205_ST00201" HPOS="65" VPOS="1118" WIDTH="56" HEIGHT="28" CONTENT="this" WC="0.61" CC="7602"/>
						<SP ID="P205_SP00176" HPOS="121" VPOS="1146" WIDTH="21"/>
						<String ID="P205_ST00202" HPOS="142" VPOS="1120" WIDTH="135" HEIGHT="34" CONTENT="spectacle" WC="0.84" CC="470002000"/>
						<String ID="P205_ST00203" HPOS="281" VPOS="1136" WIDTH="35" HEIGHT="3" CONTENT="—" WC="0.20" CC="8"/>
						<String ID="P205_ST00204" HPOS="317" VPOS="1120" WIDTH="66" HEIGHT="26" CONTENT="both" WC="0.68" CC="0326"/>
						<SP ID="P205_SP00177" HPOS="383" VPOS="1154" WIDTH="25"/>
						<String ID="P205_ST00205" HPOS="408" VPOS="1120" WIDTH="42" HEIGHT="26" CONTENT="Sir" WC="0.86" CC="030"/>
						<SP ID="P205_SP00178" HPOS="450" VPOS="1154" WIDTH="23"/>
						<String ID="P205_ST00206" HPOS="473" VPOS="1121" WIDTH="94" HEIGHT="26" CONTENT="James" WC="0.57" CC="00676"/>
						<SP ID="P205_SP00179" HPOS="567" VPOS="1154" WIDTH="24"/>
						<String ID="P205_ST00207" HPOS="591" VPOS="1120" WIDTH="55" HEIGHT="26" CONTENT="and" WC="0.42" CC="474"/>
						<SP ID="P205_SP00180" HPOS="646" VPOS="1154" WIDTH="23"/>
						<String ID="P205_ST00208" HPOS="669" VPOS="1119" WIDTH="75" HEIGHT="27" CONTENT="John" WC="0.81" CC="0070"/>
						<SP ID="P205_SP00181" HPOS="744" VPOS="1154" WIDTH="24"/>
						<String ID="P205_ST00209" HPOS="768" VPOS="1118" WIDTH="161" HEIGHT="34" CONTENT="Selwynson" WC="0.66" CC="601557400"/>
					</TextLine>
					<TextLine ID="P205_TL00026" HPOS="65" VPOS="1164" WIDTH="354" HEIGHT="34">
						<String ID="P205_ST00210" HPOS="65" VPOS="1164" WIDTH="173" HEIGHT="26" CONTENT="condemned" WC="0.54" CC="818503805"/>
						<SP ID="P205_SP00182" HPOS="238" VPOS="1190" WIDTH="13"/>
						<String ID="P205_ST00211" HPOS="251" VPOS="1164" WIDTH="23" HEIGHT="26" CONTENT="it" WC="0.91" CC="10"/>
						<SP ID="P205_SP00183" HPOS="274" VPOS="1190" WIDTH="14"/>
						<String ID="P205_ST00212" HPOS="288" VPOS="1164" WIDTH="131" HEIGHT="34" CONTENT="severely." WC="0.73" CC="201080261"/>
					</TextLine>
				</TextBlock>
				<TextBlock ID="P205_TB00006" HPOS="65" VPOS="1204" WIDTH="868" HEIGHT="303" STYLEREFS="TXT_1 PAR_LEFT">
					<TextLine ID="P205_TL00027" HPOS="105" VPOS="1206" WIDTH="826" HEIGHT="37">
						<String ID="P205_ST00213" HPOS="105" VPOS="1207" WIDTH="93" HEIGHT="27" CONTENT="When" WC="0.50" CC="3708"/>
						<SP ID="P205_SP00184" HPOS="198" VPOS="1234" WIDTH="20"/>
						<String ID="P205_ST00214" HPOS="218" VPOS="1208" WIDTH="47" HEIGHT="26" CONTENT="the" WC="0.74" CC="250"/>
						<SP ID="P205_SP00185" HPOS="265" VPOS="1234" WIDTH="20"/>
						<String ID="P205_ST00215" HPOS="285" VPOS="1217" WIDTH="78" HEIGHT="26" CONTENT="game" WC="0.79" CC="0340"/>
						<SP ID="P205_SP00186" HPOS="363" VPOS="1243" WIDTH="21"/>
						<String ID="P205_ST00216" HPOS="384" VPOS="1212" WIDTH="28" HEIGHT="22" CONTENT="at" WC="0.73" CC="04"/>
						<SP ID="P205_SP00187" HPOS="412" VPOS="1243" WIDTH="13"/>
						<String ID="P205_ST00217" HPOS="425" VPOS="1208" WIDTH="63" HEIGHT="35" CONTENT="polo" WC="0.60" CC="7007"/>
						<SP ID="P205_SP00188" HPOS="488" VPOS="1243" WIDTH="17"/>
						<String ID="P205_ST00218" HPOS="505" VPOS="1217" WIDTH="53" HEIGHT="17" CONTENT="was" WC="0.72" CC="800"/>
						<SP ID="P205_SP00189" HPOS="558" VPOS="1243" WIDTH="14"/>
						<String ID="P205_ST00219" HPOS="572" VPOS="1207" WIDTH="95" HEIGHT="32" CONTENT="ended," WC="0.57" CC="077073"/>
						<SP ID="P205_SP00190" HPOS="667" VPOS="1243" WIDTH="13"/>
						<String ID="P205_ST00220" HPOS="680" VPOS="1207" WIDTH="47" HEIGHT="27" CONTENT="the" WC="0.83" CC="400"/>
						<SP ID="P205_SP00191" HPOS="727" VPOS="1243" WIDTH="14"/>
						<String ID="P205_ST00221" HPOS="741" VPOS="1209" WIDTH="80" HEIGHT="32" CONTENT="party" WC="0.44" CC="50677"/>
						<SP ID="P205_SP00192" HPOS="821" VPOS="1243" WIDTH="14"/>
						<String ID="P205_ST00222" HPOS="835" VPOS="1215" WIDTH="35" HEIGHT="17" CONTENT="on" WC="0.57" CC="16"/>
						<SP ID="P205_SP00193" HPOS="870" VPOS="1243" WIDTH="13"/>
						<String ID="P205_ST00223" HPOS="883" VPOS="1206" WIDTH="48" HEIGHT="25" CONTENT="the" WC="0.48" CC="267"/>
					</TextLine>
					<TextLine ID="P205_TL00028" HPOS="69" VPOS="1250" WIDTH="864" HEIGHT="36">
						<String ID="P205_ST00224" HPOS="69" VPOS="1251" WIDTH="67" HEIGHT="35" CONTENT="drag" WC="0.56" CC="6604"/>
						<SP ID="P205_SP00194" HPOS="136" VPOS="1286" WIDTH="25"/>
						<String ID="P205_ST00225" HPOS="161" VPOS="1252" WIDTH="154" HEIGHT="26" CONTENT="descended" WC="0.79" CC="100007503"/>
						<SP ID="P205_SP00195" HPOS="315" VPOS="1286" WIDTH="13"/>
						<String ID="P205_ST00226" HPOS="328" VPOS="1252" WIDTH="55" HEIGHT="26" CONTENT="and" WC="0.58" CC="084"/>
						<SP ID="P205_SP00196" HPOS="383" VPOS="1286" WIDTH="14"/>
						<String ID="P205_ST00227" HPOS="397" VPOS="1256" WIDTH="74" HEIGHT="22" CONTENT="went" WC="0.66" CC="2083"/>
						<SP ID="P205_SP00197" HPOS="471" VPOS="1286" WIDTH="20"/>
						<String ID="P205_ST00228" HPOS="491" VPOS="1256" WIDTH="28" HEIGHT="22" CONTENT="to" WC="1.00" CC="00"/>
						<SP ID="P205_SP00198" HPOS="519" VPOS="1286" WIDTH="14"/>
						<String ID="P205_ST00229" HPOS="533" VPOS="1256" WIDTH="51" HEIGHT="28" CONTENT="tea," WC="0.81" CC="5001"/>
						<SP ID="P205_SP00199" HPOS="584" VPOS="1286" WIDTH="14"/>
						<String ID="P205_ST00230" HPOS="598" VPOS="1251" WIDTH="91" HEIGHT="27" CONTENT="which" WC="0.63" CC="64105"/>
						<SP ID="P205_SP00200" HPOS="689" VPOS="1286" WIDTH="13"/>
						<String ID="P205_ST00231" HPOS="702" VPOS="1260" WIDTH="56" HEIGHT="17" CONTENT="was" WC="0.51" CC="724"/>
						<SP ID="P205_SP00201" HPOS="758" VPOS="1286" WIDTH="14"/>
						<String ID="P205_ST00232" HPOS="772" VPOS="1250" WIDTH="56" HEIGHT="26" CONTENT="laid" WC="0.71" CC="0505"/>
						<SP ID="P205_SP00202" HPOS="828" VPOS="1286" WIDTH="13"/>
						<String ID="P205_ST00233" HPOS="841" VPOS="1252" WIDTH="48" HEIGHT="24" CONTENT="out" WC="0.67" CC="134"/>
						<SP ID="P205_SP00203" HPOS="889" VPOS="1286" WIDTH="13"/>
						<String ID="P205_ST00234" HPOS="902" VPOS="1250" WIDTH="31" HEIGHT="24" CONTENT="in" WC="0.56" CC="17"/>
					</TextLine>
					<TextLine ID="P205_TL00029" HPOS="69" VPOS="1293" WIDTH="864" HEIGHT="38">
						<String ID="P205_ST00235" HPOS="69" VPOS="1296" WIDTH="48" HEIGHT="29" CONTENT="the" WC="0.31" CC="758"/>
						<SP ID="P205_SP00204" HPOS="117" VPOS="1325" WIDTH="8"/>
						<String ID="P205_ST00236" HPOS="125" VPOS="1300" WIDTH="95" HEIGHT="31" CONTENT="pretty" WC="0.52" CC="540638"/>
						<SP ID="P205_SP00205" HPOS="220" VPOS="1331" WIDTH="13"/>
						<String ID="P205_ST00237" HPOS="233" VPOS="1296" WIDTH="103" HEIGHT="35" CONTENT="garden" WC="0.69" CC="003708"/>
						<SP ID="P205_SP00206" HPOS="336" VPOS="1331" WIDTH="11"/>
						<String ID="P205_ST00238" HPOS="347" VPOS="1306" WIDTH="7" HEIGHT="23" CONTENT=";" WC="0.36" CC="6"/>
						<SP ID="P205_SP00207" HPOS="354" VPOS="1331" WIDTH="20"/>
						<String ID="P205_ST00239" HPOS="374" VPOS="1296" WIDTH="47" HEIGHT="27" CONTENT="the" WC="0.87" CC="210"/>
						<SP ID="P205_SP00208" HPOS="421" VPOS="1331" WIDTH="10"/>
						<String ID="P205_ST00240" HPOS="431" VPOS="1300" WIDTH="44" HEIGHT="23" CONTENT="tea" WC="0.82" CC="004"/>
						<SP ID="P205_SP00209" HPOS="475" VPOS="1331" WIDTH="12"/>
						<String ID="P205_ST00241" HPOS="487" VPOS="1297" WIDTH="47" HEIGHT="25" CONTENT="the" WC="0.73" CC="070"/>
						<SP ID="P205_SP00210" HPOS="534" VPOS="1331" WIDTH="11"/>
						<String ID="P205_ST00242" HPOS="545" VPOS="1296" WIDTH="185" HEIGHT="34" CONTENT="Hurlingham" WC="0.72" CC="7320080600"/>
						<SP ID="P205_SP00211" HPOS="730" VPOS="1331" WIDTH="11"/>
						<String ID="P205_ST00243" HPOS="741" VPOS="1295" WIDTH="70" HEIGHT="27" CONTENT="Club" WC="0.28" CC="6668"/>
						<SP ID="P205_SP00212" HPOS="811" VPOS="1331" WIDTH="10"/>
						<String ID="P205_ST00244" HPOS="821" VPOS="1293" WIDTH="112" HEIGHT="35" CONTENT="provide" WC="0.61" CC="5007670"/>
					</TextLine>
					<TextLine ID="P205_TL00030" HPOS="67" VPOS="1339" WIDTH="866" HEIGHT="35">
						<String ID="P205_ST00245" HPOS="67" VPOS="1339" WIDTH="41" HEIGHT="27" CONTENT="for" WC="0.63" CC="505"/>
						<SP ID="P205_SP00213" HPOS="108" VPOS="1366" WIDTH="14"/>
						<String ID="P205_ST00246" HPOS="122" VPOS="1340" WIDTH="72" HEIGHT="26" CONTENT="their" WC="0.78" CC="05014"/>
						<SP ID="P205_SP00214" HPOS="194" VPOS="1366" WIDTH="14"/>
						<String ID="P205_ST00247" HPOS="208" VPOS="1340" WIDTH="103" HEIGHT="26" CONTENT="friends" WC="0.68" CC="0600851"/>
						<SP ID="P205_SP00215" HPOS="311" VPOS="1366" WIDTH="15"/>
						<String ID="P205_ST00248" HPOS="326" VPOS="1341" WIDTH="23" HEIGHT="25" CONTENT="is" WC="0.98" CC="00"/>
						<SP ID="P205_SP00216" HPOS="349" VPOS="1366" WIDTH="16"/>
						<String ID="P205_ST00249" HPOS="365" VPOS="1341" WIDTH="28" HEIGHT="25" CONTENT="of" WC="0.99" CC="00"/>
						<SP ID="P205_SP00217" HPOS="393" VPOS="1366" WIDTH="11"/>
						<String ID="P205_ST00250" HPOS="404" VPOS="1341" WIDTH="48" HEIGHT="26" CONTENT="the" WC="0.73" CC="080"/>
						<SP ID="P205_SP00218" HPOS="452" VPOS="1367" WIDTH="14"/>
						<String ID="P205_ST00251" HPOS="466" VPOS="1350" WIDTH="67" HEIGHT="24" CONTENT="very" WC="0.93" CC="0011"/>
						<SP ID="P205_SP00219" HPOS="533" VPOS="1374" WIDTH="13"/>
						<String ID="P205_ST00252" HPOS="546" VPOS="1341" WIDTH="68" HEIGHT="31" CONTENT="best," WC="0.57" CC="72046"/>
						<SP ID="P205_SP00220" HPOS="614" VPOS="1374" WIDTH="11"/>
						<String ID="P205_ST00253" HPOS="625" VPOS="1339" WIDTH="55" HEIGHT="27" CONTENT="and" WC="0.55" CC="183"/>
						<SP ID="P205_SP00221" HPOS="680" VPOS="1374" WIDTH="11"/>
						<String ID="P205_ST00254" HPOS="691" VPOS="1348" WIDTH="28" HEIGHT="18" CONTENT="so" WC="0.80" CC="40"/>
						<SP ID="P205_SP00222" HPOS="719" VPOS="1374" WIDTH="11"/>
						<String ID="P205_ST00255" HPOS="730" VPOS="1348" WIDTH="44" HEIGHT="17" CONTENT="are" WC="0.88" CC="110"/>
						<SP ID="P205_SP00223" HPOS="774" VPOS="1374" WIDTH="11"/>
						<String ID="P205_ST00256" HPOS="785" VPOS="1339" WIDTH="48" HEIGHT="26" CONTENT="the" WC="0.61" CC="470"/>
						<SP ID="P205_SP00224" HPOS="833" VPOS="1374" WIDTH="11"/>
						<String ID="P205_ST00257" HPOS="844" VPOS="1346" WIDTH="89" HEIGHT="18" CONTENT="cream" WC="0.61" CC="03078"/>
					</TextLine>
					<TextLine ID="P205_TL00031" HPOS="65" VPOS="1381" WIDTH="868" HEIGHT="38">
						<String ID="P205_ST00258" HPOS="65" VPOS="1384" WIDTH="56" HEIGHT="27" CONTENT="and" WC="0.68" CC="800"/>
						<SP ID="P205_SP00225" HPOS="121" VPOS="1411" WIDTH="14"/>
						<String ID="P205_ST00259" HPOS="135" VPOS="1385" WIDTH="194" HEIGHT="26" CONTENT="strawberries." WC="0.66" CC="6260860803020"/>
						<SP ID="P205_SP00226" HPOS="329" VPOS="1411" WIDTH="42"/>
						<String ID="P205_ST00260" HPOS="371" VPOS="1384" WIDTH="57" HEIGHT="27" CONTENT="Our" WC="0.61" CC="460"/>
						<SP ID="P205_SP00227" HPOS="428" VPOS="1411" WIDTH="10"/>
						<String ID="P205_ST00261" HPOS="438" VPOS="1385" WIDTH="103" HEIGHT="26" CONTENT="friends" WC="0.72" CC="3060701"/>
						<SP ID="P205_SP00228" HPOS="541" VPOS="1411" WIDTH="13"/>
						<String ID="P205_ST00262" HPOS="554" VPOS="1383" WIDTH="176" HEIGHT="36" CONTENT="pronounced" WC="0.65" CC="8003463007"/>
						<SP ID="P205_SP00229" HPOS="730" VPOS="1419" WIDTH="14"/>
						<String ID="P205_ST00263" HPOS="744" VPOS="1383" WIDTH="37" HEIGHT="26" CONTENT="all" WC="0.72" CC="304"/>
						<SP ID="P205_SP00230" HPOS="781" VPOS="1419" WIDTH="13"/>
						<String ID="P205_ST00264" HPOS="794" VPOS="1382" WIDTH="76" HEIGHT="35" CONTENT="good," WC="0.84" CC="00080"/>
						<SP ID="P205_SP00231" HPOS="870" VPOS="1419" WIDTH="9"/>
						<String ID="P205_ST00265" HPOS="879" VPOS="1381" WIDTH="54" HEIGHT="26" CONTENT="and" WC="0.40" CC="268"/>
					</TextLine>
					<TextLine ID="P205_TL00032" HPOS="65" VPOS="1426" WIDTH="868" HEIGHT="38">
						<String ID="P205_ST00266" HPOS="65" VPOS="1428" WIDTH="104" HEIGHT="36" CONTENT="having" WC="0.58" CC="601673"/>
						<SP ID="P205_SP00232" HPOS="169" VPOS="1464" WIDTH="10"/>
						<String ID="P205_ST00267" HPOS="179" VPOS="1429" WIDTH="109" HEIGHT="35" CONTENT="regaled" WC="0.87" CC="3050000"/>
						<SP ID="P205_SP00233" HPOS="288" VPOS="1464" WIDTH="10"/>
						<String ID="P205_ST00268" HPOS="298" VPOS="1429" WIDTH="174" HEIGHT="31" CONTENT="themselves," WC="0.79" CC="07001040053"/>
						<SP ID="P205_SP00234" HPOS="472" VPOS="1464" WIDTH="13"/>
						<String ID="P205_ST00269" HPOS="485" VPOS="1428" WIDTH="144" HEIGHT="27" CONTENT="wandered" WC="0.57" CC="86440306"/>
						<SP ID="P205_SP00235" HPOS="629" VPOS="1464" WIDTH="11"/>
						<String ID="P205_ST00270" HPOS="640" VPOS="1428" WIDTH="84" HEIGHT="26" CONTENT="about" WC="0.57" CC="38072"/>
						<SP ID="P205_SP00236" HPOS="724" VPOS="1464" WIDTH="10"/>
						<String ID="P205_ST00271" HPOS="734" VPOS="1427" WIDTH="29" HEIGHT="25" CONTENT="in" WC="0.66" CC="06"/>
						<SP ID="P205_SP00237" HPOS="763" VPOS="1464" WIDTH="9"/>
						<String ID="P205_ST00272" HPOS="772" VPOS="1427" WIDTH="46" HEIGHT="26" CONTENT="the" WC="0.67" CC="431"/>
						<SP ID="P205_SP00238" HPOS="818" VPOS="1464" WIDTH="10"/>
						<String ID="P205_ST00273" HPOS="828" VPOS="1426" WIDTH="105" HEIGHT="26" CONTENT="charm" SUBS_TYPE="HypPart1" SUBS_CONTENT="charming" WC="0.80" CC="022402"/>
						<HYP CONTENT="-"/>
					</TextLine>
					<TextLine ID="P205_TL00033" HPOS="66" VPOS="1473" WIDTH="188" HEIGHT="34">
						<String ID="P205_ST00274" HPOS="66" VPOS="1473" WIDTH="48" HEIGHT="34" CONTENT="ing" SUBS_TYPE="HypPart2" SUBS_CONTENT="charming" WC="0.35" CC="567"/>
						<SP ID="P205_SP00239" HPOS="114" VPOS="1507" WIDTH="14"/>
						<String ID="P205_ST00275" HPOS="128" VPOS="1473" WIDTH="126" HEIGHT="34" CONTENT="grounds." WC="0.74" CC="06408010"/>
					</TextLine>
				</TextBlock>
				<TextBlock ID="P205_TB00007" HPOS="102" VPOS="1512" WIDTH="830" HEIGHT="39" STYLEREFS="TXT_1 PAR_RIGHT">
					<TextLine ID="P205_TL00034" HPOS="102" VPOS="1513" WIDTH="830" HEIGHT="38">
						<String ID="P205_ST00276" HPOS="102" VPOS="1517" WIDTH="78" HEIGHT="34" CONTENT="Lady" WC="0.29" CC="7658"/>
						<SP ID="P205_SP00240" HPOS="180" VPOS="1551" WIDTH="14"/>
						<String ID="P205_ST00277" HPOS="194" VPOS="1517" WIDTH="96" HEIGHT="26" CONTENT="Scarth" WC="0.60" CC="605506"/>
						<SP ID="P205_SP00241" HPOS="290" VPOS="1551" WIDTH="17"/>
						<String ID="P205_ST00278" HPOS="307" VPOS="1521" WIDTH="57" HEIGHT="22" CONTENT="met" WC="0.74" CC="402"/>
						<SP ID="P205_SP00242" HPOS="364" VPOS="1551" WIDTH="20"/>
						<String ID="P205_ST00279" HPOS="384" VPOS="1517" WIDTH="69" HEIGHT="26" CONTENT="with" WC="0.46" CC="5636"/>
						<SP ID="P205_SP00243" HPOS="453" VPOS="1551" WIDTH="23"/>
						<String ID="P205_ST00280" HPOS="476" VPOS="1525" WIDTH="84" HEIGHT="25" CONTENT="many" WC="0.69" CC="4062"/>
						<SP ID="P205_SP00244" HPOS="560" VPOS="1551" WIDTH="24"/>
						<String ID="P205_ST00281" HPOS="584" VPOS="1515" WIDTH="218" HEIGHT="35" CONTENT="acquaintances," WC="0.60" CC="80875034060036"/>
						<SP ID="P205_SP00245" HPOS="802" VPOS="1551" WIDTH="22"/>
						<String ID="P205_ST00282" HPOS="824" VPOS="1513" WIDTH="54" HEIGHT="27" CONTENT="and" WC="0.45" CC="555"/>
						<SP ID="P205_SP00246" HPOS="878" VPOS="1551" WIDTH="25"/>
						<String ID="P205_ST00283" HPOS="903" VPOS="1521" WIDTH="29" HEIGHT="17" CONTENT="so" WC="0.34" CC="48"/>
					</TextLine>
				</TextBlock>
			</PrintSpace>
		</Page>
	</Layout>
</alto>
