<?xml version="1.0" encoding="UTF-8"?>
<alto xmlns:xsi="http://www.w3.org/2001/XMLSchema-instance" xsi:noNamespaceSchemaLocation="http://www.bl.uk/schemas/alto/alto-1-4.xsd" xmlns:xlink="http://www.w3.org/1999/xlink">
	<Description>
		<MeasurementUnit>mm10</MeasurementUnit>
		<sourceImageInformation>
			<fileName>//head1/IN/2008-08/A0011239203/000185.jp2</fileName>
		</sourceImageInformation>
		<OCRProcessing ID="OCRPROCESSING_1">
			<preProcessingStep>
				<processingSoftware>
					<softwareCreator>CCS Content Conversion Specialists GmbH, Germany</softwareCreator>
					<softwareName>CCS docWORKS</softwareName>
					<softwareVersion>6.1-0.67</softwareVersion>
				</processingSoftware>
			</preProcessingStep>
			<ocrProcessingStep>
				<processingSoftware>
					<softwareCreator>ABBYY (BIT Software), Russia</softwareCreator>
					<softwareName>Finereader</softwareName>
				</processingSoftware>
			</ocrProcessingStep>
		</OCRProcessing>
	</Description>
	<Styles>
		<TextStyle ID="TXT_0" FONTSIZE="10" FONTFAMILY="Courier New"/>
		<TextStyle ID="TXT_1" FONTSIZE="9" FONTFAMILY="Courier New"/>
		<ParagraphStyle ID="PAR_RIGHT" ALIGN="Right"/>
		<ParagraphStyle ID="PAR_CENTER" ALIGN="Center"/>
		<ParagraphStyle ID="PAR_LEFT" ALIGN="Left"/>
	</Styles>
	<Layout>
		<Page ID="P181" PHYSICAL_IMG_NR="181" HEIGHT="1673" WIDTH="1059" PRINTED_IMG_NR="173" POSITION="Right" ACCURACY="63.85">
			<TopMargin ID="P181_TM00001" HPOS="0" VPOS="0" WIDTH="1059" HEIGHT="90">
				<TextBlock ID="P181_TB00001" HPOS="894" VPOS="58" WIDTH="52" HEIGHT="26" STYLEREFS="TXT_0 PAR_RIGHT">
					<TextLine ID="P181_TL00001" HPOS="894" VPOS="58" WIDTH="52" HEIGHT="26">
						<String ID="P181_ST00001" HPOS="894" VPOS="58" WIDTH="52" HEIGHT="26" CONTENT="173" WC="1.00" CC="000"/>
					</TextLine>
				</TextBlock>
				<TextBlock ID="P181_TB00002" HPOS="358" VPOS="66" WIDTH="309" HEIGHT="24" STYLEREFS="TXT_1 PAR_CENTER">
					<TextLine ID="P181_TL00002" HPOS="359" VPOS="66" WIDTH="308" HEIGHT="24">
						<String ID="P181_ST00002" HPOS="359" VPOS="68" WIDTH="18" HEIGHT="18" CONTENT="A" WC="0.17" CC="8"/>
						<SP ID="P181_SP00001" HPOS="377" VPOS="86" WIDTH="19"/>
						<String ID="P181_ST00003" HPOS="396" VPOS="67" WIDTH="142" HEIGHT="23" CONTENT="WEDDING," WC="0.45" CC="60884880"/>
						<SP ID="P181_SP00002" HPOS="538" VPOS="90" WIDTH="20"/>
						<String ID="P181_ST00004" HPOS="558" VPOS="66" WIDTH="36" HEIGHT="20" CONTENT="ON" WC="0.58" CC="08"/>
						<SP ID="P181_SP00003" HPOS="594" VPOS="90" WIDTH="21"/>
						<String ID="P181_ST00005" HPOS="615" VPOS="66" WIDTH="52" HEIGHT="20" CONTENT="DIT." WC="0.70" CC="7030"/>
					</TextLine>
				</TextBlock>
			</TopMargin>
			<LeftMargin ID="P181_LM00001" HPOS="0" VPOS="86" WIDTH="83" HEIGHT="1441"/>
			<RightMargin ID="P181_RM00001" HPOS="954" VPOS="86" WIDTH="105" HEIGHT="1441"/>
			<BottomMargin ID="P181_BM00001" HPOS="0" VPOS="1527" WIDTH="1059" HEIGHT="146"/>
			<PrintSpace ID="P181_PS00001" HPOS="83" VPOS="86" WIDTH="871" HEIGHT="1441">
				<TextBlock ID="P181_TB00003" HPOS="83" VPOS="129" WIDTH="861" HEIGHT="124" STYLEREFS="TXT_1 PAR_LEFT">
					<TextLine ID="P181_TL00003" HPOS="88" VPOS="131" WIDTH="856" HEIGHT="35">
						<String ID="P181_ST00006" HPOS="88" VPOS="132" WIDTH="13" HEIGHT="25" CONTENT="I" WC="1.00" CC="0"/>
						<SP ID="P181_SP00004" HPOS="101" VPOS="157" WIDTH="22"/>
						<String ID="P181_ST00007" HPOS="123" VPOS="131" WIDTH="83" HEIGHT="27" CONTENT="think" WC="0.45" CC="28375"/>
						<SP ID="P181_SP00005" HPOS="206" VPOS="158" WIDTH="22"/>
						<String ID="P181_ST00008" HPOS="228" VPOS="132" WIDTH="23" HEIGHT="26" CONTENT="it" WC="0.70" CC="06"/>
						<SP ID="P181_SP00006" HPOS="251" VPOS="158" WIDTH="19"/>
						<String ID="P181_ST00009" HPOS="270" VPOS="141" WIDTH="56" HEIGHT="17" CONTENT="was" WC="0.34" CC="837"/>
						<SP ID="P181_SP00007" HPOS="326" VPOS="158" WIDTH="24"/>
						<String ID="P181_ST00010" HPOS="350" VPOS="141" WIDTH="16" HEIGHT="17" CONTENT="a" WC="0.38" CC="6"/>
						<SP ID="P181_SP00008" HPOS="366" VPOS="158" WIDTH="25"/>
						<String ID="P181_ST00011" HPOS="391" VPOS="141" WIDTH="68" HEIGHT="24" CONTENT="very" WC="0.77" CC="3005"/>
						<SP ID="P181_SP00009" HPOS="459" VPOS="165" WIDTH="20"/>
						<String ID="P181_ST00012" HPOS="479" VPOS="132" WIDTH="69" HEIGHT="34" CONTENT="good" WC="0.65" CC="2308"/>
						<SP ID="P181_SP00010" HPOS="548" VPOS="166" WIDTH="22"/>
						<String ID="P181_ST00013" HPOS="570" VPOS="132" WIDTH="68" HEIGHT="31" CONTENT="idea," WC="0.73" CC="37020"/>
						<SP ID="P181_SP00011" HPOS="638" VPOS="166" WIDTH="14"/>
						<String ID="P181_ST00014" HPOS="652" VPOS="132" WIDTH="115" HEIGHT="25" CONTENT="because" WC="0.65" CC="8002706"/>
						<SP ID="P181_SP00012" HPOS="767" VPOS="166" WIDTH="14"/>
						<String ID="P181_ST00015" HPOS="781" VPOS="132" WIDTH="15" HEIGHT="25" CONTENT="I" WC="0.36" CC="6"/>
						<SP ID="P181_SP00013" HPOS="796" VPOS="166" WIDTH="12"/>
						<String ID="P181_ST00016" HPOS="808" VPOS="131" WIDTH="72" HEIGHT="34" CONTENT="hope" WC="0.50" CC="5363"/>
						<SP ID="P181_SP00014" HPOS="880" VPOS="166" WIDTH="17"/>
						<String ID="P181_ST00017" HPOS="897" VPOS="140" WIDTH="47" HEIGHT="25" CONTENT="my" WC="0.51" CC="36"/>
					</TextLine>
					<TextLine ID="P181_TL00004" HPOS="85" VPOS="175" WIDTH="858" HEIGHT="35">
						<String ID="P181_ST00018" HPOS="85" VPOS="176" WIDTH="90" HEIGHT="26" CONTENT="father" WC="0.61" CC="644601"/>
						<SP ID="P181_SP00015" HPOS="175" VPOS="202" WIDTH="20"/>
						<String ID="P181_ST00019" HPOS="195" VPOS="176" WIDTH="59" HEIGHT="26" CONTENT="will" WC="0.50" CC="8127"/>
						<SP ID="P181_SP00016" HPOS="254" VPOS="202" WIDTH="20"/>
						<String ID="P181_ST00020" HPOS="274" VPOS="176" WIDTH="63" HEIGHT="34" CONTENT="give" WC="0.79" CC="0800"/>
						<SP ID="P181_SP00017" HPOS="337" VPOS="210" WIDTH="21"/>
						<String ID="P181_ST00021" HPOS="358" VPOS="184" WIDTH="74" HEIGHT="18" CONTENT="some" WC="0.64" CC="3171"/>
						<SP ID="P181_SP00018" HPOS="432" VPOS="210" WIDTH="21"/>
						<String ID="P181_ST00022" HPOS="453" VPOS="175" WIDTH="106" HEIGHT="35" CONTENT="ground" WC="0.64" CC="000677"/>
						<SP ID="P181_SP00019" HPOS="559" VPOS="210" WIDTH="23"/>
						<String ID="P181_ST00023" HPOS="582" VPOS="175" WIDTH="41" HEIGHT="26" CONTENT="for" WC="0.81" CC="050"/>
						<SP ID="P181_SP00020" HPOS="623" VPOS="210" WIDTH="24"/>
						<String ID="P181_ST00024" HPOS="647" VPOS="175" WIDTH="23" HEIGHT="26" CONTENT="it" WC="0.65" CC="24"/>
						<SP ID="P181_SP00021" HPOS="670" VPOS="210" WIDTH="23"/>
						<String ID="P181_ST00025" HPOS="693" VPOS="184" WIDTH="74" HEIGHT="18" CONTENT="some" WC="0.87" CC="1030"/>
						<SP ID="P181_SP00022" HPOS="767" VPOS="210" WIDTH="22"/>
						<String ID="P181_ST00026" HPOS="789" VPOS="176" WIDTH="60" HEIGHT="33" CONTENT="day." WC="0.48" CC="6265"/>
						<SP ID="P181_SP00023" HPOS="849" VPOS="210" WIDTH="49"/>
						<String ID="P181_ST00027" HPOS="898" VPOS="176" WIDTH="45" HEIGHT="25" CONTENT="He" WC="0.59" CC="80"/>
					</TextLine>
					<TextLine ID="P181_TL00005" HPOS="87" VPOS="219" WIDTH="152" HEIGHT="34">
						<String ID="P181_ST00028" HPOS="87" VPOS="220" WIDTH="86" HEIGHT="33" CONTENT="ought" WC="0.42" CC="77463"/>
						<SP ID="P181_SP00024" HPOS="173" VPOS="253" WIDTH="13"/>
						<String ID="P181_ST00029" HPOS="186" VPOS="219" WIDTH="53" HEIGHT="28" CONTENT='to."' WC="0.80" CC="0016"/>
					</TextLine>
				</TextBlock>
				<TextBlock ID="P181_TB00004" HPOS="88" VPOS="262" WIDTH="856" HEIGHT="79" STYLEREFS="TXT_1 PAR_LEFT">
					<TextLine ID="P181_TL00006" HPOS="124" VPOS="264" WIDTH="820" HEIGHT="33">
						<String ID="P181_ST00030" HPOS="124" VPOS="266" WIDTH="13" HEIGHT="11" CONTENT='"' WC="0.32" CC="6"/>
						<SP ID="P181_SP00025" HPOS="137" VPOS="277" WIDTH="12"/>
						<String ID="P181_ST00031" HPOS="149" VPOS="264" WIDTH="52" HEIGHT="26" CONTENT="Mr." WC="0.71" CC="152"/>
						<SP ID="P181_SP00026" HPOS="201" VPOS="290" WIDTH="18"/>
						<String ID="P181_ST00032" HPOS="219" VPOS="264" WIDTH="95" HEIGHT="26" CONTENT="Moore" WC="0.84" CC="00140"/>
						<SP ID="P181_SP00027" HPOS="314" VPOS="290" WIDTH="14"/>
						<String ID="P181_ST00033" HPOS="328" VPOS="267" WIDTH="62" HEIGHT="24" CONTENT="sent" WC="0.65" CC="0076"/>
						<SP ID="P181_SP00028" HPOS="390" VPOS="291" WIDTH="20"/>
						<String ID="P181_ST00034" HPOS="410" VPOS="272" WIDTH="43" HEIGHT="18" CONTENT="me" WC="0.97" CC="00"/>
						<SP ID="P181_SP00029" HPOS="453" VPOS="291" WIDTH="14"/>
						<String ID="P181_ST00035" HPOS="467" VPOS="272" WIDTH="15" HEIGHT="18" CONTENT="a" WC="0.84" CC="1"/>
						<SP ID="P181_SP00030" HPOS="482" VPOS="291" WIDTH="14"/>
						<String ID="P181_ST00036" HPOS="496" VPOS="264" WIDTH="97" HEIGHT="26" CONTENT="sketch" WC="0.75" CC="030604"/>
						<SP ID="P181_SP00031" HPOS="593" VPOS="291" WIDTH="20"/>
						<String ID="P181_ST00037" HPOS="613" VPOS="264" WIDTH="30" HEIGHT="25" CONTENT="of" WC="1.00" CC="00"/>
						<SP ID="P181_SP00032" HPOS="643" VPOS="291" WIDTH="16"/>
						<String ID="P181_ST00038" HPOS="659" VPOS="264" WIDTH="28" HEIGHT="26" CONTENT="it." WC="0.59" CC="065"/>
						<SP ID="P181_SP00033" HPOS="687" VPOS="291" WIDTH="41"/>
						<String ID="P181_ST00039" HPOS="728" VPOS="264" WIDTH="14" HEIGHT="25" CONTENT="I" WC="0.50" CC="4"/>
						<SP ID="P181_SP00034" HPOS="742" VPOS="291" WIDTH="19"/>
						<String ID="P181_ST00040" HPOS="761" VPOS="271" WIDTH="117" HEIGHT="26" CONTENT="suppose" WC="0.69" CC="0582060"/>
						<SP ID="P181_SP00035" HPOS="878" VPOS="297" WIDTH="20"/>
						<String ID="P181_ST00041" HPOS="898" VPOS="264" WIDTH="46" HEIGHT="26" CONTENT="the" WC="0.67" CC="341"/>
					</TextLine>
					<TextLine ID="P181_TL00007" HPOS="89" VPOS="307" WIDTH="360" HEIGHT="34">
						<String ID="P181_ST00042" HPOS="89" VPOS="308" WIDTH="117" HEIGHT="33" CONTENT="original" WC="0.55" CC="88013805"/>
						<SP ID="P181_SP00036" HPOS="206" VPOS="341" WIDTH="14"/>
						<String ID="P181_ST00043" HPOS="220" VPOS="308" WIDTH="24" HEIGHT="26" CONTENT="is" WC="0.68" CC="32"/>
						<SP ID="P181_SP00037" HPOS="244" VPOS="341" WIDTH="14"/>
						<String ID="P181_ST00044" HPOS="258" VPOS="316" WIDTH="66" HEIGHT="25" CONTENT="very" WC="0.59" CC="2048"/>
						<SP ID="P181_SP00038" HPOS="324" VPOS="341" WIDTH="15"/>
						<String ID="P181_ST00045" HPOS="339" VPOS="308" WIDTH="67" HEIGHT="33" CONTENT="ugly" WC="0.55" CC="8125"/>
						<SP ID="P181_SP00039" HPOS="406" VPOS="341" WIDTH="13"/>
						<String ID="P181_ST00046" HPOS="419" VPOS="307" WIDTH="30" HEIGHT="27" CONTENT='?"' WC="0.83" CC="30"/>
					</TextLine>
				</TextBlock>
				<TextBlock ID="P181_TB00005" HPOS="86" VPOS="350" WIDTH="858" HEIGHT="115" STYLEREFS="TXT_1 PAR_LEFT">
					<TextLine ID="P181_TL00008" HPOS="126" VPOS="351" WIDTH="818" HEIGHT="35">
						<String ID="P181_ST00047" HPOS="126" VPOS="354" WIDTH="14" HEIGHT="11" CONTENT='"' WC="1.00" CC="0"/>
						<SP ID="P181_SP00040" HPOS="140" VPOS="365" WIDTH="9"/>
						<String ID="P181_ST00048" HPOS="149" VPOS="352" WIDTH="81" HEIGHT="32" CONTENT="Well," WC="0.79" CC="30070"/>
						<SP ID="P181_SP00041" HPOS="230" VPOS="384" WIDTH="21"/>
						<String ID="P181_ST00049" HPOS="251" VPOS="352" WIDTH="15" HEIGHT="26" CONTENT="I" WC="1.00" CC="0"/>
						<SP ID="P181_SP00042" HPOS="266" VPOS="384" WIDTH="20"/>
						<String ID="P181_ST00050" HPOS="286" VPOS="352" WIDTH="35" HEIGHT="26" CONTENT="do" WC="0.70" CC="60"/>
						<SP ID="P181_SP00043" HPOS="321" VPOS="384" WIDTH="13"/>
						<String ID="P181_ST00051" HPOS="334" VPOS="355" WIDTH="49" HEIGHT="23" CONTENT="not" WC="0.53" CC="615"/>
						<SP ID="P181_SP00044" HPOS="383" VPOS="384" WIDTH="21"/>
						<String ID="P181_ST00052" HPOS="404" VPOS="352" WIDTH="82" HEIGHT="26" CONTENT="know" WC="0.51" CC="2808"/>
						<String ID="P181_ST00053" HPOS="487" VPOS="368" WIDTH="37" HEIGHT="2" CONTENT="—" WC="0.20" CC="8"/>
						<String ID="P181_ST00054" HPOS="525" VPOS="355" WIDTH="49" HEIGHT="22" CONTENT="not" WC="0.73" CC="700"/>
						<SP ID="P181_SP00045" HPOS="574" VPOS="384" WIDTH="19"/>
						<String ID="P181_ST00055" HPOS="593" VPOS="360" WIDTH="74" HEIGHT="26" CONTENT="very," WC="0.91" CC="00040"/>
						<SP ID="P181_SP00046" HPOS="667" VPOS="386" WIDTH="17"/>
						<String ID="P181_ST00056" HPOS="684" VPOS="351" WIDTH="54" HEIGHT="26" CONTENT="and" WC="0.45" CC="186"/>
						<SP ID="P181_SP00047" HPOS="738" VPOS="386" WIDTH="13"/>
						<String ID="P181_ST00057" HPOS="751" VPOS="351" WIDTH="23" HEIGHT="26" CONTENT="it" WC="0.76" CC="30"/>
						<SP ID="P181_SP00048" HPOS="774" VPOS="386" WIDTH="12"/>
						<String ID="P181_ST00058" HPOS="786" VPOS="351" WIDTH="23" HEIGHT="26" CONTENT="is" WC="0.86" CC="20"/>
						<SP ID="P181_SP00049" HPOS="809" VPOS="386" WIDTH="16"/>
						<String ID="P181_ST00059" HPOS="825" VPOS="360" WIDTH="28" HEIGHT="18" CONTENT="so" WC="0.70" CC="32"/>
						<SP ID="P181_SP00050" HPOS="853" VPOS="386" WIDTH="15"/>
						<String ID="P181_ST00060" HPOS="868" VPOS="352" WIDTH="76" HEIGHT="26" CONTENT="clean" WC="0.60" CC="05067"/>
					</TextLine>
					<TextLine ID="P181_TL00009" HPOS="86" VPOS="395" WIDTH="856" HEIGHT="35">
						<String ID="P181_ST00061" HPOS="86" VPOS="397" WIDTH="56" HEIGHT="25" CONTENT="aud" WC="0.18" CC="887"/>
						<SP ID="P181_SP00051" HPOS="142" VPOS="422" WIDTH="13"/>
						<String ID="P181_ST00062" HPOS="155" VPOS="397" WIDTH="79" HEIGHT="26" CONTENT="fresh." WC="0.59" CC="480280"/>
						<SP ID="P181_SP00052" HPOS="234" VPOS="423" WIDTH="40"/>
						<String ID="P181_ST00063" HPOS="274" VPOS="396" WIDTH="77" HEIGHT="26" CONTENT="Shall" WC="0.42" CC="67553"/>
						<SP ID="P181_SP00053" HPOS="351" VPOS="423" WIDTH="21"/>
						<String ID="P181_ST00064" HPOS="372" VPOS="405" WIDTH="56" HEIGHT="24" CONTENT="you" WC="0.52" CC="706"/>
						<SP ID="P181_SP00054" HPOS="428" VPOS="429" WIDTH="21"/>
						<String ID="P181_ST00065" HPOS="449" VPOS="397" WIDTH="53" HEIGHT="25" CONTENT="and" WC="0.48" CC="365"/>
						<SP ID="P181_SP00055" HPOS="502" VPOS="429" WIDTH="16"/>
						<String ID="P181_ST00066" HPOS="518" VPOS="396" WIDTH="66" HEIGHT="25" CONTENT="Mrs." WC="0.83" CC="0330"/>
						<SP ID="P181_SP00056" HPOS="584" VPOS="429" WIDTH="17"/>
						<String ID="P181_ST00067" HPOS="601" VPOS="395" WIDTH="133" HEIGHT="35" CONTENT="Seymour" WC="0.62" CC="6055063"/>
						<SP ID="P181_SP00057" HPOS="734" VPOS="430" WIDTH="13"/>
						<String ID="P181_ST00068" HPOS="747" VPOS="404" WIDTH="75" HEIGHT="18" CONTENT="come" WC="0.83" CC="0060"/>
						<SP ID="P181_SP00058" HPOS="822" VPOS="430" WIDTH="14"/>
						<String ID="P181_ST00069" HPOS="836" VPOS="398" WIDTH="28" HEIGHT="23" CONTENT="to" WC="0.70" CC="50"/>
						<SP ID="P181_SP00059" HPOS="864" VPOS="430" WIDTH="15"/>
						<String ID="P181_ST00070" HPOS="879" VPOS="396" WIDTH="63" HEIGHT="26" CONTENT="Ber" SUBS_TYPE="HypPart1" SUBS_CONTENT="Berwerton" WC="0.62" CC="6035"/>
						<HYP CONTENT="-"/>
					</TextLine>
					<TextLine ID="P181_TL00010" HPOS="91" VPOS="440" WIDTH="220" HEIGHT="25">
						<String ID="P181_ST00071" HPOS="91" VPOS="444" WIDTH="103" HEIGHT="21" CONTENT="werton" SUBS_TYPE="HypPart2" SUBS_CONTENT="Berwerton" WC="0.58" CC="801437"/>
						<SP ID="P181_SP00060" HPOS="194" VPOS="465" WIDTH="14"/>
						<String ID="P181_ST00072" HPOS="208" VPOS="449" WIDTH="65" HEIGHT="16" CONTENT="soon" WC="0.90" CC="3000"/>
						<SP ID="P181_SP00061" HPOS="273" VPOS="465" WIDTH="13"/>
						<String ID="P181_ST00073" HPOS="286" VPOS="440" WIDTH="25" HEIGHT="25" CONTENT='?"' WC="0.61" CC="70"/>
					</TextLine>
				</TextBlock>
				<TextBlock ID="P181_TB00006" HPOS="91" VPOS="483" WIDTH="857" HEIGHT="298" STYLEREFS="TXT_1 PAR_LEFT">
					<TextLine ID="P181_TL00011" HPOS="129" VPOS="484" WIDTH="813" HEIGHT="34">
						<String ID="P181_ST00074" HPOS="129" VPOS="487" WIDTH="13" HEIGHT="10" CONTENT='"' WC="1.00" CC="0"/>
						<SP ID="P181_SP00062" HPOS="142" VPOS="497" WIDTH="9"/>
						<String ID="P181_ST00075" HPOS="151" VPOS="485" WIDTH="56" HEIGHT="26" CONTENT="Not" WC="0.44" CC="743"/>
						<SP ID="P181_SP00063" HPOS="207" VPOS="511" WIDTH="13"/>
						<String ID="P181_ST00076" HPOS="220" VPOS="484" WIDTH="199" HEIGHT="34" CONTENT="permanently." WC="0.60" CC="700045586360"/>
						<SP ID="P181_SP00064" HPOS="419" VPOS="518" WIDTH="39"/>
						<String ID="P181_ST00077" HPOS="458" VPOS="484" WIDTH="53" HEIGHT="26" CONTENT="We" WC="1.00" CC="00"/>
						<SP ID="P181_SP00065" HPOS="511" VPOS="518" WIDTH="14"/>
						<String ID="P181_ST00078" HPOS="525" VPOS="492" WIDTH="44" HEIGHT="18" CONTENT="are" WC="0.86" CC="030"/>
						<SP ID="P181_SP00066" HPOS="569" VPOS="518" WIDTH="14"/>
						<String ID="P181_ST00079" HPOS="583" VPOS="487" WIDTH="28" HEIGHT="22" CONTENT="to" WC="0.72" CC="05"/>
						<SP ID="P181_SP00067" HPOS="611" VPOS="518" WIDTH="9"/>
						<String ID="P181_ST00080" HPOS="620" VPOS="486" WIDTH="61" HEIGHT="32" CONTENT="stay" WC="0.55" CC="0466"/>
						<SP ID="P181_SP00068" HPOS="681" VPOS="518" WIDTH="9"/>
						<String ID="P181_ST00081" HPOS="690" VPOS="492" WIDTH="35" HEIGHT="17" CONTENT="on" WC="0.60" CC="07"/>
						<SP ID="P181_SP00069" HPOS="725" VPOS="518" WIDTH="13"/>
						<String ID="P181_ST00082" HPOS="738" VPOS="486" WIDTH="29" HEIGHT="23" CONTENT="at" WC="0.85" CC="02"/>
						<SP ID="P181_SP00070" HPOS="767" VPOS="518" WIDTH="14"/>
						<String ID="P181_ST00083" HPOS="781" VPOS="484" WIDTH="161" HEIGHT="27" CONTENT="Scarcalder." WC="0.49" CC="64277635063"/>
					</TextLine>
					<TextLine ID="P181_TL00012" HPOS="92" VPOS="528" WIDTH="854" HEIGHT="34">
						<String ID="P181_ST00084" HPOS="92" VPOS="529" WIDTH="15" HEIGHT="26" CONTENT="I" WC="1.00" CC="0"/>
						<SP ID="P181_SP00071" HPOS="107" VPOS="555" WIDTH="14"/>
						<String ID="P181_ST00085" HPOS="121" VPOS="538" WIDTH="53" HEIGHT="17" CONTENT="was" WC="0.38" CC="754"/>
						<SP ID="P181_SP00072" HPOS="174" VPOS="555" WIDTH="14"/>
						<String ID="P181_ST00086" HPOS="188" VPOS="531" WIDTH="29" HEIGHT="23" CONTENT="at" WC="0.42" CC="65"/>
						<SP ID="P181_SP00073" HPOS="217" VPOS="555" WIDTH="11"/>
						<String ID="P181_ST00087" HPOS="228" VPOS="529" WIDTH="80" HEIGHT="25" CONTENT="home" WC="0.80" CC="5200"/>
						<SP ID="P181_SP00074" HPOS="308" VPOS="555" WIDTH="14"/>
						<String ID="P181_ST00088" HPOS="322" VPOS="528" WIDTH="41" HEIGHT="26" CONTENT="for" WC="0.80" CC="023"/>
						<SP ID="P181_SP00075" HPOS="363" VPOS="555" WIDTH="14"/>
						<String ID="P181_ST00089" HPOS="377" VPOS="536" WIDTH="15" HEIGHT="17" CONTENT="a" WC="0.71" CC="2"/>
						<SP ID="P181_SP00076" HPOS="392" VPOS="555" WIDTH="14"/>
						<String ID="P181_ST00090" HPOS="406" VPOS="528" WIDTH="76" HEIGHT="26" CONTENT="short" WC="0.58" CC="57080"/>
						<SP ID="P181_SP00077" HPOS="482" VPOS="555" WIDTH="12"/>
						<String ID="P181_ST00091" HPOS="494" VPOS="528" WIDTH="68" HEIGHT="26" CONTENT="time" WC="0.84" CC="1040"/>
						<SP ID="P181_SP00078" HPOS="562" VPOS="555" WIDTH="14"/>
						<String ID="P181_ST00092" HPOS="576" VPOS="530" WIDTH="49" HEIGHT="23" CONTENT="not" WC="0.30" CC="766"/>
						<SP ID="P181_SP00079" HPOS="625" VPOS="555" WIDTH="12"/>
						<String ID="P181_ST00093" HPOS="637" VPOS="528" WIDTH="66" HEIGHT="34" CONTENT="long" WC="0.56" CC="3552"/>
						<SP ID="P181_SP00080" HPOS="703" VPOS="562" WIDTH="12"/>
						<String ID="P181_ST00094" HPOS="715" VPOS="536" WIDTH="57" HEIGHT="26" CONTENT="ago." WC="0.66" CC="0435"/>
						<SP ID="P181_SP00081" HPOS="772" VPOS="562" WIDTH="33"/>
						<String ID="P181_ST00095" HPOS="805" VPOS="528" WIDTH="14" HEIGHT="25" CONTENT="I" WC="0.45" CC="5"/>
						<SP ID="P181_SP00082" HPOS="819" VPOS="562" WIDTH="11"/>
						<String ID="P181_ST00096" HPOS="830" VPOS="536" WIDTH="79" HEIGHT="18" CONTENT="mean" WC="0.79" CC="0007"/>
						<SP ID="P181_SP00083" HPOS="909" VPOS="562" WIDTH="10"/>
						<String ID="P181_ST00097" HPOS="919" VPOS="531" WIDTH="27" HEIGHT="23" CONTENT="to" WC="0.77" CC="04"/>
					</TextLine>
					<TextLine ID="P181_TL00013" HPOS="92" VPOS="572" WIDTH="854" HEIGHT="35">
						<String ID="P181_ST00098" HPOS="92" VPOS="576" WIDTH="46" HEIGHT="31" CONTENT="try" WC="0.41" CC="754"/>
						<SP ID="P181_SP00084" HPOS="138" VPOS="607" WIDTH="13"/>
						<String ID="P181_ST00099" HPOS="151" VPOS="573" WIDTH="53" HEIGHT="26" CONTENT="and" WC="0.61" CC="505"/>
						<SP ID="P181_SP00085" HPOS="204" VPOS="607" WIDTH="13"/>
						<String ID="P181_ST00100" HPOS="217" VPOS="581" WIDTH="75" HEIGHT="17" CONTENT="come" WC="1.00" CC="0000"/>
						<SP ID="P181_SP00086" HPOS="292" VPOS="607" WIDTH="13"/>
						<String ID="P181_ST00101" HPOS="305" VPOS="572" WIDTH="41" HEIGHT="26" CONTENT="for" WC="0.74" CC="331"/>
						<SP ID="P181_SP00087" HPOS="346" VPOS="607" WIDTH="14"/>
						<String ID="P181_ST00102" HPOS="360" VPOS="572" WIDTH="46" HEIGHT="26" CONTENT="the" WC="0.57" CC="570"/>
						<SP ID="P181_SP00088" HPOS="406" VPOS="607" WIDTH="15"/>
						<String ID="P181_ST00103" HPOS="421" VPOS="572" WIDTH="118" HEIGHT="34" CONTENT="opening" WC="0.65" CC="0608170"/>
						<SP ID="P181_SP00089" HPOS="539" VPOS="607" WIDTH="15"/>
						<String ID="P181_ST00104" HPOS="554" VPOS="572" WIDTH="30" HEIGHT="25" CONTENT="of" WC="0.58" CC="08"/>
						<SP ID="P181_SP00090" HPOS="584" VPOS="607" WIDTH="11"/>
						<String ID="P181_ST00105" HPOS="595" VPOS="572" WIDTH="48" HEIGHT="25" CONTENT="the" WC="0.76" CC="070"/>
						<SP ID="P181_SP00091" HPOS="643" VPOS="607" WIDTH="11"/>
						<String ID="P181_ST00106" HPOS="654" VPOS="572" WIDTH="209" HEIGHT="34" CONTENT="reading-room." WC="0.76" CC="4007070010052"/>
						<SP ID="P181_SP00092" HPOS="863" VPOS="607" WIDTH="39"/>
						<String ID="P181_ST00107" HPOS="902" VPOS="572" WIDTH="44" HEIGHT="25" CONTENT="Do" WC="0.47" CC="55"/>
					</TextLine>
					<TextLine ID="P181_TL00014" HPOS="94" VPOS="615" WIDTH="852" HEIGHT="36">
						<String ID="P181_ST00108" HPOS="94" VPOS="626" WIDTH="52" HEIGHT="25" CONTENT="you" WC="0.69" CC="008"/>
						<SP ID="P181_SP00093" HPOS="146" VPOS="651" WIDTH="16"/>
						<String ID="P181_ST00109" HPOS="162" VPOS="617" WIDTH="79" HEIGHT="25" CONTENT="think" WC="0.64" CC="76040"/>
						<SP ID="P181_SP00094" HPOS="241" VPOS="651" WIDTH="15"/>
						<String ID="P181_ST00110" HPOS="256" VPOS="617" WIDTH="117" HEIGHT="25" CONTENT="Severne" WC="0.79" CC="6000080"/>
						<SP ID="P181_SP00095" HPOS="373" VPOS="651" WIDTH="14"/>
						<String ID="P181_ST00111" HPOS="387" VPOS="615" WIDTH="92" HEIGHT="26" CONTENT="would" WC="0.48" CC="83616"/>
						<SP ID="P181_SP00096" HPOS="479" VPOS="651" WIDTH="14"/>
						<String ID="P181_ST00112" HPOS="493" VPOS="624" WIDTH="75" HEIGHT="17" CONTENT="come" WC="0.81" CC="0070"/>
						<SP ID="P181_SP00097" HPOS="568" VPOS="651" WIDTH="15"/>
						<String ID="P181_ST00113" HPOS="583" VPOS="615" WIDTH="54" HEIGHT="26" CONTENT="and" WC="0.51" CC="067"/>
						<SP ID="P181_SP00098" HPOS="637" VPOS="651" WIDTH="13"/>
						<String ID="P181_ST00114" HPOS="650" VPOS="615" WIDTH="62" HEIGHT="35" CONTENT="give" WC="0.69" CC="7400"/>
						<SP ID="P181_SP00099" HPOS="712" VPOS="651" WIDTH="13"/>
						<String ID="P181_ST00115" HPOS="725" VPOS="624" WIDTH="33" HEIGHT="17" CONTENT="us" WC="0.23" CC="77"/>
						<SP ID="P181_SP00100" HPOS="758" VPOS="651" WIDTH="14"/>
						<String ID="P181_ST00116" HPOS="772" VPOS="624" WIDTH="35" HEIGHT="17" CONTENT="an" WC="0.59" CC="08"/>
						<SP ID="P181_SP00101" HPOS="807" VPOS="651" WIDTH="9"/>
						<String ID="P181_ST00117" HPOS="816" VPOS="615" WIDTH="109" HEIGHT="26" CONTENT="address" WC="0.65" CC="0643043"/>
						<SP ID="P181_SP00102" HPOS="925" VPOS="651" WIDTH="12"/>
						<String ID="P181_ST00118" HPOS="937" VPOS="618" WIDTH="9" HEIGHT="23" CONTENT="?" WC="0.18" CC="8"/>
					</TextLine>
					<TextLine ID="P181_TL00015" HPOS="95" VPOS="659" WIDTH="853" HEIGHT="35">
						<String ID="P181_ST00119" HPOS="95" VPOS="662" WIDTH="62" HEIGHT="25" CONTENT="You" WC="0.67" CC="107"/>
						<SP ID="P181_SP00103" HPOS="157" VPOS="687" WIDTH="13"/>
						<String ID="P181_ST00120" HPOS="170" VPOS="660" WIDTH="80" HEIGHT="27" CONTENT="could" WC="0.68" CC="00608"/>
						<SP ID="P181_SP00104" HPOS="250" VPOS="687" WIDTH="13"/>
						<String ID="P181_ST00121" HPOS="263" VPOS="660" WIDTH="76" HEIGHT="26" CONTENT="write" WC="0.79" CC="33030"/>
						<SP ID="P181_SP00105" HPOS="339" VPOS="687" WIDTH="15"/>
						<String ID="P181_ST00122" HPOS="354" VPOS="662" WIDTH="29" HEIGHT="24" CONTENT="to" WC="0.66" CC="60"/>
						<SP ID="P181_SP00106" HPOS="383" VPOS="687" WIDTH="15"/>
						<String ID="P181_ST00123" HPOS="398" VPOS="659" WIDTH="57" HEIGHT="26" CONTENT="him" WC="0.51" CC="706"/>
						<SP ID="P181_SP00107" HPOS="455" VPOS="687" WIDTH="15"/>
						<String ID="P181_ST00124" HPOS="470" VPOS="660" WIDTH="83" HEIGHT="25" CONTENT="about" WC="0.41" CC="58086"/>
						<SP ID="P181_SP00108" HPOS="553" VPOS="687" WIDTH="13"/>
						<String ID="P181_ST00125" HPOS="566" VPOS="660" WIDTH="30" HEIGHT="31" CONTENT="it," WC="0.97" CC="000"/>
						<SP ID="P181_SP00109" HPOS="596" VPOS="691" WIDTH="13"/>
						<String ID="P181_ST00126" HPOS="609" VPOS="668" WIDTH="56" HEIGHT="26" CONTENT="you" WC="0.61" CC="407"/>
						<SP ID="P181_SP00110" HPOS="665" VPOS="694" WIDTH="12"/>
						<String ID="P181_ST00127" HPOS="677" VPOS="659" WIDTH="82" HEIGHT="26" CONTENT="know" WC="0.62" CC="0806"/>
						<String ID="P181_ST00128" HPOS="770" VPOS="669" WIDTH="6" HEIGHT="23" CONTENT=";" WC="0.39" CC="6"/>
						<SP ID="P181_SP00111" HPOS="776" VPOS="694" WIDTH="20"/>
						<String ID="P181_ST00129" HPOS="796" VPOS="659" WIDTH="54" HEIGHT="26" CONTENT="and" WC="0.44" CC="078"/>
						<SP ID="P181_SP00112" HPOS="850" VPOS="694" WIDTH="14"/>
						<String ID="P181_ST00130" HPOS="864" VPOS="659" WIDTH="14" HEIGHT="25" CONTENT="I" WC="1.00" CC="0"/>
						<SP ID="P181_SP00113" HPOS="878" VPOS="694" WIDTH="14"/>
						<String ID="P181_ST00131" HPOS="892" VPOS="668" WIDTH="56" HEIGHT="26" CONTENT="say," WC="0.54" CC="4850"/>
					</TextLine>
					<TextLine ID="P181_TL00016" HPOS="96" VPOS="703" WIDTH="849" HEIGHT="36">
						<String ID="P181_ST00132" HPOS="96" VPOS="705" WIDTH="96" HEIGHT="34" CONTENT="Harry," WC="0.53" CC="760263"/>
						<SP ID="P181_SP00114" HPOS="192" VPOS="739" WIDTH="13"/>
						<String ID="P181_ST00133" HPOS="205" VPOS="713" WIDTH="55" HEIGHT="25" CONTENT="you" WC="0.52" CC="607"/>
						<SP ID="P181_SP00115" HPOS="260" VPOS="739" WIDTH="15"/>
						<String ID="P181_ST00134" HPOS="275" VPOS="704" WIDTH="57" HEIGHT="25" CONTENT="wdl" WC="0.55" CC="480"/>
						<SP ID="P181_SP00116" HPOS="332" VPOS="739" WIDTH="12"/>
						<String ID="P181_ST00135" HPOS="344" VPOS="703" WIDTH="65" HEIGHT="26" CONTENT="look" WC="0.73" CC="6004"/>
						<SP ID="P181_SP00117" HPOS="409" VPOS="739" WIDTH="13"/>
						<String ID="P181_ST00136" HPOS="422" VPOS="703" WIDTH="30" HEIGHT="25" CONTENT="in" WC="0.88" CC="02"/>
						<SP ID="P181_SP00118" HPOS="452" VPOS="739" WIDTH="14"/>
						<String ID="P181_ST00137" HPOS="466" VPOS="711" WIDTH="61" HEIGHT="17" CONTENT="now" WC="0.74" CC="700"/>
						<SP ID="P181_SP00119" HPOS="527" VPOS="739" WIDTH="15"/>
						<String ID="P181_ST00138" HPOS="542" VPOS="703" WIDTH="53" HEIGHT="25" CONTENT="and" WC="0.41" CC="385"/>
						<SP ID="P181_SP00120" HPOS="595" VPOS="739" WIDTH="14"/>
						<String ID="P181_ST00139" HPOS="609" VPOS="703" WIDTH="74" HEIGHT="26" CONTENT="then." WC="0.81" CC="71000"/>
						<SP ID="P181_SP00121" HPOS="683" VPOS="739" WIDTH="40"/>
						<String ID="P181_ST00140" HPOS="723" VPOS="703" WIDTH="85" HEIGHT="25" CONTENT="Don't" WC="0.49" CC="82707"/>
						<SP ID="P181_SP00122" HPOS="808" VPOS="739" WIDTH="19"/>
						<String ID="P181_ST00141" HPOS="827" VPOS="703" WIDTH="76" HEIGHT="26" CONTENT="leave" WC="0.80" CC="00810"/>
						<SP ID="P181_SP00123" HPOS="903" VPOS="739" WIDTH="21"/>
						<String ID="P181_ST00142" HPOS="924" VPOS="704" WIDTH="21" HEIGHT="25" CONTENT="it" WC="0.67" CC="14"/>
					</TextLine>
					<TextLine ID="P181_TL00017" HPOS="92" VPOS="747" WIDTH="290" HEIGHT="34">
						<String ID="P181_ST00143" HPOS="92" VPOS="749" WIDTH="40" HEIGHT="25" CONTENT="all" WC="0.68" CC="800"/>
						<SP ID="P181_SP00124" HPOS="132" VPOS="774" WIDTH="13"/>
						<String ID="P181_ST00144" HPOS="145" VPOS="751" WIDTH="28" HEIGHT="23" CONTENT="to" WC="0.88" CC="20"/>
						<SP ID="P181_SP00125" HPOS="173" VPOS="774" WIDTH="13"/>
						<String ID="P181_ST00145" HPOS="186" VPOS="749" WIDTH="47" HEIGHT="25" CONTENT="the" WC="0.71" CC="350"/>
						<SP ID="P181_SP00126" HPOS="233" VPOS="774" WIDTH="13"/>
						<String ID="P181_ST00146" HPOS="246" VPOS="747" WIDTH="136" HEIGHT="34" CONTENT='parsons."' WC="0.66" CC="873036000"/>
					</TextLine>
				</TextBlock>
				<TextBlock ID="P181_TB00007" HPOS="94" VPOS="789" WIDTH="851" HEIGHT="80" STYLEREFS="TXT_1 PAR_LEFT">
					<TextLine ID="P181_TL00018" HPOS="131" VPOS="790" WIDTH="814" HEIGHT="37">
						<String ID="P181_ST00147" HPOS="131" VPOS="792" WIDTH="112" HEIGHT="35" CONTENT="Harry's" WC="0.66" CC="8330700"/>
						<SP ID="P181_SP00127" HPOS="243" VPOS="827" WIDTH="13"/>
						<String ID="P181_ST00148" HPOS="256" VPOS="792" WIDTH="59" HEIGHT="26" CONTENT="face" WC="0.95" CC="1000"/>
						<SP ID="P181_SP00128" HPOS="315" VPOS="827" WIDTH="13"/>
						<String ID="P181_ST00149" HPOS="328" VPOS="791" WIDTH="162" HEIGHT="35" CONTENT="brightened" WC="0.58" CC="8700600837"/>
						<SP ID="P181_SP00129" HPOS="490" VPOS="827" WIDTH="14"/>
						<String ID="P181_ST00150" HPOS="504" VPOS="794" WIDTH="28" HEIGHT="22" CONTENT="at" WC="0.47" CC="64"/>
						<SP ID="P181_SP00130" HPOS="532" VPOS="827" WIDTH="14"/>
						<String ID="P181_ST00151" HPOS="546" VPOS="791" WIDTH="89" HEIGHT="34" CONTENT="Major" WC="0.71" CC="06610"/>
						<SP ID="P181_SP00131" HPOS="635" VPOS="827" WIDTH="14"/>
						<String ID="P181_ST00152" HPOS="649" VPOS="790" WIDTH="139" HEIGHT="26" CONTENT="Severne's" WC="0.53" CC="704878005"/>
						<SP ID="P181_SP00132" HPOS="788" VPOS="827" WIDTH="10"/>
						<String ID="P181_ST00153" HPOS="798" VPOS="800" WIDTH="87" HEIGHT="17" CONTENT="name." WC="0.63" CC="80323"/>
						<SP ID="P181_SP00133" HPOS="885" VPOS="827" WIDTH="34"/>
						<String ID="P181_ST00154" HPOS="919" VPOS="791" WIDTH="26" HEIGHT="26" CONTENT="It" WC="0.59" CC="16"/>
					</TextLine>
					<TextLine ID="P181_TL00019" HPOS="95" VPOS="835" WIDTH="579" HEIGHT="34">
						<String ID="P181_ST00155" HPOS="95" VPOS="837" WIDTH="91" HEIGHT="25" CONTENT="would" WC="0.39" CC="84646"/>
						<SP ID="P181_SP00134" HPOS="186" VPOS="862" WIDTH="14"/>
						<String ID="P181_ST00156" HPOS="200" VPOS="837" WIDTH="33" HEIGHT="25" CONTENT="be" WC="0.60" CC="70"/>
						<SP ID="P181_SP00135" HPOS="233" VPOS="862" WIDTH="11"/>
						<String ID="P181_ST00157" HPOS="244" VPOS="836" WIDTH="71" HEIGHT="33" CONTENT="jolly" WC="0.68" CC="30506"/>
						<SP ID="P181_SP00136" HPOS="315" VPOS="869" WIDTH="13"/>
						<String ID="P181_ST00158" HPOS="328" VPOS="836" WIDTH="23" HEIGHT="25" CONTENT="if" WC="1.00" CC="00"/>
						<SP ID="P181_SP00137" HPOS="351" VPOS="869" WIDTH="12"/>
						<String ID="P181_ST00159" HPOS="363" VPOS="836" WIDTH="119" HEIGHT="25" CONTENT="Severne" WC="0.83" CC="2000260"/>
						<SP ID="P181_SP00138" HPOS="482" VPOS="869" WIDTH="14"/>
						<String ID="P181_ST00160" HPOS="496" VPOS="835" WIDTH="80" HEIGHT="26" CONTENT="could" WC="0.51" CC="03747"/>
						<SP ID="P181_SP00139" HPOS="576" VPOS="869" WIDTH="15"/>
						<String ID="P181_ST00161" HPOS="591" VPOS="844" WIDTH="83" HEIGHT="17" CONTENT="come." WC="0.67" CC="07070"/>
					</TextLine>
				</TextBlock>
				<TextBlock ID="P181_TB00008" HPOS="91" VPOS="878" WIDTH="856" HEIGHT="79" STYLEREFS="TXT_1 PAR_LEFT">
					<TextLine ID="P181_TL00020" HPOS="131" VPOS="879" WIDTH="816" HEIGHT="36">
						<String ID="P181_ST00162" HPOS="131" VPOS="883" WIDTH="12" HEIGHT="11" CONTENT='"' WC="0.67" CC="3"/>
						<SP ID="P181_SP00140" HPOS="143" VPOS="894" WIDTH="13"/>
						<String ID="P181_ST00163" HPOS="156" VPOS="881" WIDTH="13" HEIGHT="25" CONTENT="I" WC="0.87" CC="1"/>
						<SP ID="P181_SP00141" HPOS="169" VPOS="906" WIDTH="15"/>
						<String ID="P181_ST00164" HPOS="184" VPOS="880" WIDTH="57" HEIGHT="26" CONTENT="will" WC="0.72" CC="8101"/>
						<SP ID="P181_SP00142" HPOS="241" VPOS="906" WIDTH="14"/>
						<String ID="P181_ST00165" HPOS="255" VPOS="889" WIDTH="41" HEIGHT="26" CONTENT="go," WC="0.52" CC="077"/>
						<SP ID="P181_SP00143" HPOS="296" VPOS="915" WIDTH="13"/>
						<String ID="P181_ST00166" HPOS="309" VPOS="880" WIDTH="24" HEIGHT="25" CONTENT="if" WC="1.00" CC="00"/>
						<SP ID="P181_SP00144" HPOS="333" VPOS="915" WIDTH="11"/>
						<String ID="P181_ST00167" HPOS="344" VPOS="888" WIDTH="56" HEIGHT="26" CONTENT="you" WC="0.66" CC="017"/>
						<SP ID="P181_SP00145" HPOS="400" VPOS="915" WIDTH="18"/>
						<String ID="P181_ST00168" HPOS="418" VPOS="879" WIDTH="64" HEIGHT="32" CONTENT="like," WC="0.77" CC="04006"/>
						<SP ID="P181_SP00146" HPOS="482" VPOS="915" WIDTH="15"/>
						<String ID="P181_ST00169" HPOS="497" VPOS="879" WIDTH="156" HEIGHT="26" CONTENT="sometimes" WC="0.76" CC="024034006"/>
						<String ID="P181_ST00170" HPOS="662" VPOS="889" WIDTH="6" HEIGHT="23" CONTENT=";" WC="0.36" CC="6"/>
						<SP ID="P181_SP00147" HPOS="668" VPOS="915" WIDTH="19"/>
						<String ID="P181_ST00171" HPOS="687" VPOS="879" WIDTH="50" HEIGHT="26" CONTENT="but" WC="0.34" CC="864"/>
						<SP ID="P181_SP00148" HPOS="737" VPOS="915" WIDTH="16"/>
						<String ID="P181_ST00172" HPOS="753" VPOS="879" WIDTH="14" HEIGHT="26" CONTENT="I" WC="0.55" CC="4"/>
						<SP ID="P181_SP00149" HPOS="767" VPOS="915" WIDTH="14"/>
						<String ID="P181_ST00173" HPOS="781" VPOS="879" WIDTH="99" HEIGHT="26" CONTENT="should" WC="0.60" CC="020748"/>
						<SP ID="P181_SP00150" HPOS="880" VPOS="915" WIDTH="20"/>
						<String ID="P181_ST00174" HPOS="900" VPOS="883" WIDTH="47" HEIGHT="23" CONTENT="not" WC="0.54" CC="256"/>
					</TextLine>
					<TextLine ID="P181_TL00021" HPOS="92" VPOS="923" WIDTH="235" HEIGHT="34">
						<String ID="P181_ST00175" HPOS="92" VPOS="926" WIDTH="35" HEIGHT="25" CONTENT="be" WC="0.57" CC="80"/>
						<SP ID="P181_SP00151" HPOS="127" VPOS="951" WIDTH="13"/>
						<String ID="P181_ST00176" HPOS="140" VPOS="925" WIDTH="83" HEIGHT="25" CONTENT="much" WC="0.58" CC="4605"/>
						<SP ID="P181_SP00152" HPOS="223" VPOS="951" WIDTH="14"/>
						<String ID="P181_ST00177" HPOS="237" VPOS="923" WIDTH="90" HEIGHT="34" CONTENT='good."' WC="0.69" CC="040706"/>
					</TextLine>
				</TextBlock>
				<TextBlock ID="P181_TB00009" HPOS="93" VPOS="966" WIDTH="859" HEIGHT="387" STYLEREFS="TXT_1 PAR_LEFT">
					<TextLine ID="P181_TL00022" HPOS="132" VPOS="967" WIDTH="818" HEIGHT="36">
						<String ID="P181_ST00178" HPOS="132" VPOS="971" WIDTH="13" HEIGHT="11" CONTENT='"' WC="0.67" CC="3"/>
						<SP ID="P181_SP00153" HPOS="145" VPOS="982" WIDTH="12"/>
						<String ID="P181_ST00179" HPOS="157" VPOS="969" WIDTH="43" HEIGHT="25" CONTENT="Oh" WC="0.94" CC="01"/>
						<SP ID="P181_SP00154" HPOS="200" VPOS="994" WIDTH="13"/>
						<String ID="P181_ST00180" HPOS="213" VPOS="977" WIDTH="56" HEIGHT="26" CONTENT="yes," WC="0.89" CC="0021"/>
						<SP ID="P181_SP00155" HPOS="269" VPOS="1003" WIDTH="10"/>
						<String ID="P181_ST00181" HPOS="279" VPOS="976" WIDTH="55" HEIGHT="26" CONTENT="you" WC="0.56" CC="606"/>
						<SP ID="P181_SP00156" HPOS="334" VPOS="1003" WIDTH="13"/>
						<String ID="P181_ST00182" HPOS="347" VPOS="967" WIDTH="100" HEIGHT="26" CONTENT="would." WC="0.50" CC="747431"/>
						<SP ID="P181_SP00157" HPOS="447" VPOS="1003" WIDTH="30"/>
						<String ID="P181_ST00183" HPOS="477" VPOS="967" WIDTH="63" HEIGHT="26" CONTENT="You" WC="0.69" CC="017"/>
						<SP ID="P181_SP00158" HPOS="540" VPOS="1003" WIDTH="14"/>
						<String ID="P181_ST00184" HPOS="554" VPOS="976" WIDTH="44" HEIGHT="17" CONTENT="are" WC="0.80" CC="050"/>
						<SP ID="P181_SP00159" HPOS="598" VPOS="1003" WIDTH="11"/>
						<String ID="P181_ST00185" HPOS="609" VPOS="967" WIDTH="58" HEIGHT="34" CONTENT="just" WC="0.35" CC="7468"/>
						<SP ID="P181_SP00160" HPOS="667" VPOS="1003" WIDTH="14"/>
						<String ID="P181_ST00186" HPOS="681" VPOS="967" WIDTH="46" HEIGHT="26" CONTENT="the" WC="0.58" CC="470"/>
						<SP ID="P181_SP00161" HPOS="727" VPOS="1003" WIDTH="14"/>
						<String ID="P181_ST00187" HPOS="741" VPOS="967" WIDTH="96" HEIGHT="26" CONTENT="fellow." WC="0.62" CC="0035375"/>
						<SP ID="P181_SP00162" HPOS="837" VPOS="1003" WIDTH="32"/>
						<String ID="P181_ST00188" HPOS="869" VPOS="968" WIDTH="81" HEIGHT="25" CONTENT="Show" WC="0.30" CC="8747"/>
					</TextLine>
					<TextLine ID="P181_TL00023" HPOS="94" VPOS="1010" WIDTH="858" HEIGHT="36">
						<String ID="P181_ST00189" HPOS="94" VPOS="1013" WIDTH="49" HEIGHT="26" CONTENT="the" WC="0.63" CC="262"/>
						<SP ID="P181_SP00163" HPOS="143" VPOS="1039" WIDTH="9"/>
						<String ID="P181_ST00190" HPOS="152" VPOS="1021" WIDTH="64" HEIGHT="17" CONTENT="men" WC="0.56" CC="507"/>
						<SP ID="P181_SP00164" HPOS="216" VPOS="1039" WIDTH="10"/>
						<String ID="P181_ST00191" HPOS="226" VPOS="1021" WIDTH="55" HEIGHT="25" CONTENT="you" WC="0.71" CC="206"/>
						<SP ID="P181_SP00165" HPOS="281" VPOS="1046" WIDTH="10"/>
						<String ID="P181_ST00192" HPOS="291" VPOS="1020" WIDTH="60" HEIGHT="17" CONTENT="care" WC="0.88" CC="0102"/>
						<SP ID="P181_SP00166" HPOS="351" VPOS="1046" WIDTH="10"/>
						<String ID="P181_ST00193" HPOS="361" VPOS="1012" WIDTH="41" HEIGHT="25" CONTENT="for" WC="0.63" CC="046"/>
						<SP ID="P181_SP00167" HPOS="402" VPOS="1046" WIDTH="9"/>
						<String ID="P181_ST00194" HPOS="411" VPOS="1010" WIDTH="82" HEIGHT="27" CONTENT="them." WC="0.69" CC="57002"/>
						<SP ID="P181_SP00168" HPOS="493" VPOS="1046" WIDTH="26"/>
						<String ID="P181_ST00195" HPOS="519" VPOS="1010" WIDTH="68" HEIGHT="27" CONTENT="Talk" WC="0.67" CC="0408"/>
						<SP ID="P181_SP00169" HPOS="587" VPOS="1046" WIDTH="12"/>
						<String ID="P181_ST00196" HPOS="599" VPOS="1020" WIDTH="64" HEIGHT="17" CONTENT="over" WC="0.73" CC="0604"/>
						<SP ID="P181_SP00170" HPOS="663" VPOS="1046" WIDTH="10"/>
						<String ID="P181_ST00197" HPOS="673" VPOS="1011" WIDTH="91" HEIGHT="34" CONTENT="things" WC="0.77" CC="052500"/>
						<SP ID="P181_SP00171" HPOS="764" VPOS="1046" WIDTH="9"/>
						<String ID="P181_ST00198" HPOS="773" VPOS="1011" WIDTH="30" HEIGHT="26" CONTENT="in" WC="0.50" CC="18"/>
						<SP ID="P181_SP00172" HPOS="803" VPOS="1046" WIDTH="11"/>
						<String ID="P181_ST00199" HPOS="814" VPOS="1011" WIDTH="45" HEIGHT="26" CONTENT="the" WC="0.65" CC="360"/>
						<SP ID="P181_SP00173" HPOS="859" VPOS="1046" WIDTH="6"/>
						<String ID="P181_ST00200" HPOS="865" VPOS="1021" WIDTH="87" HEIGHT="16" CONTENT="news" SUBS_TYPE="HypPart1" SUBS_CONTENT="newspapers" WC="0.50" CC="70655"/>
						<HYP CONTENT="-"/>
					</TextLine>
					<TextLine ID="P181_TL00024" HPOS="95" VPOS="1054" WIDTH="857" HEIGHT="38">
						<String ID="P181_ST00201" HPOS="95" VPOS="1065" WIDTH="97" HEIGHT="27" CONTENT="papers" SUBS_TYPE="HypPart2" SUBS_CONTENT="newspapers" WC="0.79" CC="606000"/>
						<SP ID="P181_SP00174" HPOS="192" VPOS="1092" WIDTH="14"/>
						<String ID="P181_ST00202" HPOS="206" VPOS="1056" WIDTH="68" HEIGHT="25" CONTENT="with" WC="0.53" CC="7065"/>
						<SP ID="P181_SP00175" HPOS="274" VPOS="1092" WIDTH="13"/>
						<String ID="P181_ST00203" HPOS="287" VPOS="1055" WIDTH="84" HEIGHT="32" CONTENT="them," WC="0.82" CC="11005"/>
						<SP ID="P181_SP00176" HPOS="371" VPOS="1092" WIDTH="13"/>
						<String ID="P181_ST00204" HPOS="384" VPOS="1055" WIDTH="55" HEIGHT="26" CONTENT="and" WC="0.79" CC="104"/>
						<SP ID="P181_SP00177" HPOS="439" VPOS="1092" WIDTH="14"/>
						<String ID="P181_ST00205" HPOS="453" VPOS="1054" WIDTH="84" HEIGHT="35" CONTENT="speak" WC="0.76" CC="06050"/>
						<SP ID="P181_SP00178" HPOS="537" VPOS="1092" WIDTH="13"/>
						<String ID="P181_ST00206" HPOS="550" VPOS="1058" WIDTH="48" HEIGHT="23" CONTENT="out" WC="0.58" CC="254"/>
						<SP ID="P181_SP00179" HPOS="598" VPOS="1092" WIDTH="14"/>
						<String ID="P181_ST00207" HPOS="612" VPOS="1064" WIDTH="69" HEIGHT="25" CONTENT="your" WC="0.60" CC="2076"/>
						<SP ID="P181_SP00180" HPOS="681" VPOS="1092" WIDTH="12"/>
						<String ID="P181_ST00208" HPOS="693" VPOS="1064" WIDTH="62" HEIGHT="17" CONTENT="own" WC="0.54" CC="067"/>
						<SP ID="P181_SP00181" HPOS="755" VPOS="1092" WIDTH="15"/>
						<String ID="P181_ST00209" HPOS="770" VPOS="1055" WIDTH="84" HEIGHT="26" CONTENT="views" WC="0.70" CC="16042"/>
						<SP ID="P181_SP00182" HPOS="854" VPOS="1092" WIDTH="15"/>
						<String ID="P181_ST00210" HPOS="869" VPOS="1056" WIDTH="83" HEIGHT="26" CONTENT="about" WC="0.44" CC="78065"/>
					</TextLine>
					<TextLine ID="P181_TL00025" HPOS="95" VPOS="1098" WIDTH="857" HEIGHT="35">
						<String ID="P181_ST00211" HPOS="95" VPOS="1102" WIDTH="96" HEIGHT="24" CONTENT="labour" WC="0.55" CC="378052"/>
						<SP ID="P181_SP00183" HPOS="191" VPOS="1126" WIDTH="19"/>
						<String ID="P181_ST00212" HPOS="210" VPOS="1099" WIDTH="56" HEIGHT="27" CONTENT="and" WC="0.47" CC="087"/>
						<SP ID="P181_SP00184" HPOS="266" VPOS="1126" WIDTH="18"/>
						<String ID="P181_ST00213" HPOS="284" VPOS="1099" WIDTH="71" HEIGHT="26" CONTENT="land." WC="0.52" CC="07870"/>
						<SP ID="P181_SP00185" HPOS="355" VPOS="1126" WIDTH="40"/>
						<String ID="P181_ST00214" HPOS="395" VPOS="1098" WIDTH="30" HEIGHT="26" CONTENT="If" WC="0.79" CC="40"/>
						<SP ID="P181_SP00186" HPOS="425" VPOS="1126" WIDTH="17"/>
						<String ID="P181_ST00215" HPOS="442" VPOS="1107" WIDTH="53" HEIGHT="25" CONTENT="you" WC="0.74" CC="114"/>
						<SP ID="P181_SP00187" HPOS="495" VPOS="1132" WIDTH="24"/>
						<String ID="P181_ST00216" HPOS="519" VPOS="1098" WIDTH="69" HEIGHT="27" CONTENT="have" WC="0.53" CC="6650"/>
						<SP ID="P181_SP00188" HPOS="588" VPOS="1132" WIDTH="18"/>
						<String ID="P181_ST00217" HPOS="606" VPOS="1101" WIDTH="48" HEIGHT="24" CONTENT="not" WC="0.56" CC="426"/>
						<SP ID="P181_SP00189" HPOS="654" VPOS="1132" WIDTH="20"/>
						<String ID="P181_ST00218" HPOS="674" VPOS="1102" WIDTH="46" HEIGHT="31" CONTENT="got" WC="0.67" CC="045"/>
						<SP ID="P181_SP00190" HPOS="720" VPOS="1133" WIDTH="17"/>
						<String ID="P181_ST00219" HPOS="737" VPOS="1108" WIDTH="61" HEIGHT="24" CONTENT="any," WC="0.65" CC="0760"/>
						<SP ID="P181_SP00191" HPOS="798" VPOS="1133" WIDTH="15"/>
						<String ID="P181_ST00220" HPOS="813" VPOS="1102" WIDTH="45" HEIGHT="31" CONTENT="get" WC="0.89" CC="003"/>
						<SP ID="P181_SP00192" HPOS="858" VPOS="1133" WIDTH="20"/>
						<String ID="P181_ST00221" HPOS="878" VPOS="1108" WIDTH="74" HEIGHT="18" CONTENT="some" WC="0.66" CC="6150"/>
					</TextLine>
					<TextLine ID="P181_TL00026" HPOS="97" VPOS="1142" WIDTH="855" HEIGHT="37">
						<String ID="P181_ST00222" HPOS="97" VPOS="1154" WIDTH="44" HEIGHT="25" CONTENT="up." WC="0.61" CC="613"/>
						<SP ID="P181_SP00193" HPOS="141" VPOS="1179" WIDTH="49"/>
						<String ID="P181_ST00223" HPOS="190" VPOS="1144" WIDTH="77" HEIGHT="34" CONTENT="They" WC="0.77" CC="2304"/>
						<SP ID="P181_SP00194" HPOS="267" VPOS="1179" WIDTH="21"/>
						<String ID="P181_ST00224" HPOS="288" VPOS="1152" WIDTH="64" HEIGHT="25" CONTENT="may" WC="0.66" CC="225"/>
						<SP ID="P181_SP00195" HPOS="352" VPOS="1179" WIDTH="27"/>
						<String ID="P181_ST00225" HPOS="379" VPOS="1142" WIDTH="89" HEIGHT="35" CONTENT="prefer" WC="0.82" CC="710000"/>
						<SP ID="P181_SP00196" HPOS="468" VPOS="1179" WIDTH="33"/>
						<String ID="P181_ST00226" HPOS="501" VPOS="1142" WIDTH="71" HEIGHT="26" CONTENT="their" WC="0.71" CC="07006"/>
						<SP ID="P181_SP00197" HPOS="572" VPOS="1179" WIDTH="23"/>
						<String ID="P181_ST00227" HPOS="595" VPOS="1151" WIDTH="62" HEIGHT="17" CONTENT="own" WC="0.23" CC="876"/>
						<SP ID="P181_SP00198" HPOS="657" VPOS="1179" WIDTH="31"/>
						<String ID="P181_ST00228" HPOS="688" VPOS="1143" WIDTH="89" HEIGHT="32" CONTENT="crude," WC="0.54" CC="087803"/>
						<SP ID="P181_SP00199" HPOS="777" VPOS="1179" WIDTH="27"/>
						<String ID="P181_ST00229" HPOS="804" VPOS="1143" WIDTH="148" HEIGHT="32" CONTENT="one-sided," WC="0.58" CC="0604428680"/>
					</TextLine>
					<TextLine ID="P181_TL00027" HPOS="97" VPOS="1186" WIDTH="855" HEIGHT="34">
						<String ID="P181_ST00230" HPOS="97" VPOS="1189" WIDTH="109" HEIGHT="26" CONTENT="notions" WC="0.64" CC="3271071"/>
						<SP ID="P181_SP00200" HPOS="206" VPOS="1215" WIDTH="11"/>
						<String ID="P181_ST00231" HPOS="217" VPOS="1198" WIDTH="6" HEIGHT="22" CONTENT=";" WC="0.48" CC="5"/>
						<SP ID="P181_SP00201" HPOS="223" VPOS="1220" WIDTH="14"/>
						<String ID="P181_ST00232" HPOS="237" VPOS="1187" WIDTH="54" HEIGHT="27" CONTENT="and" WC="0.48" CC="077"/>
						<SP ID="P181_SP00202" HPOS="291" VPOS="1220" WIDTH="14"/>
						<String ID="P181_ST00233" HPOS="305" VPOS="1187" WIDTH="29" HEIGHT="25" CONTENT="in" WC="0.58" CC="08"/>
						<SP ID="P181_SP00203" HPOS="334" VPOS="1220" WIDTH="13"/>
						<String ID="P181_ST00234" HPOS="347" VPOS="1186" WIDTH="107" HEIGHT="34" CONTENT="talking" WC="0.81" CC="0030170"/>
						<SP ID="P181_SP00204" HPOS="454" VPOS="1220" WIDTH="13"/>
						<String ID="P181_ST00235" HPOS="467" VPOS="1189" WIDTH="28" HEIGHT="23" CONTENT="to" WC="0.72" CC="50"/>
						<SP ID="P181_SP00205" HPOS="495" VPOS="1220" WIDTH="10"/>
						<String ID="P181_ST00236" HPOS="505" VPOS="1186" WIDTH="76" HEIGHT="26" CONTENT="them" WC="0.76" CC="4004"/>
						<SP ID="P181_SP00206" HPOS="581" VPOS="1220" WIDTH="11"/>
						<String ID="P181_ST00237" HPOS="592" VPOS="1186" WIDTH="66" HEIGHT="33" CONTENT="they" WC="0.87" CC="2002"/>
						<SP ID="P181_SP00207" HPOS="658" VPOS="1220" WIDTH="10"/>
						<String ID="P181_ST00238" HPOS="668" VPOS="1186" WIDTH="102" HEIGHT="34" CONTENT="always" WC="0.65" CC="047412"/>
						<SP ID="P181_SP00208" HPOS="770" VPOS="1220" WIDTH="11"/>
						<String ID="P181_ST00239" HPOS="781" VPOS="1196" WIDTH="76" HEIGHT="17" CONTENT="come" WC="0.91" CC="0300"/>
						<SP ID="P181_SP00209" HPOS="857" VPOS="1220" WIDTH="8"/>
						<String ID="P181_ST00240" HPOS="865" VPOS="1188" WIDTH="87" HEIGHT="26" CONTENT="round" WC="0.53" CC="23718"/>
					</TextLine>
					<TextLine ID="P181_TL00028" HPOS="95" VPOS="1230" WIDTH="857" HEIGHT="36">
						<String ID="P181_ST00241" HPOS="95" VPOS="1236" WIDTH="30" HEIGHT="23" CONTENT="to" WC="0.59" CC="80"/>
						<SP ID="P181_SP00210" HPOS="125" VPOS="1259" WIDTH="22"/>
						<String ID="P181_ST00242" HPOS="147" VPOS="1232" WIDTH="46" HEIGHT="26" CONTENT="the" WC="0.77" CC="060"/>
						<SP ID="P181_SP00211" HPOS="193" VPOS="1259" WIDTH="16"/>
						<String ID="P181_ST00243" HPOS="209" VPOS="1231" WIDTH="79" HEIGHT="35" CONTENT="point" WC="0.68" CC="63050"/>
						<SP ID="P181_SP00212" HPOS="288" VPOS="1266" WIDTH="18"/>
						<String ID="P181_ST00244" HPOS="306" VPOS="1230" WIDTH="66" HEIGHT="34" CONTENT="they" WC="0.64" CC="5700"/>
						<SP ID="P181_SP00213" HPOS="372" VPOS="1266" WIDTH="21"/>
						<String ID="P181_ST00245" HPOS="393" VPOS="1230" WIDTH="101" HEIGHT="26" CONTENT="started" WC="0.54" CC="5456306"/>
						<SP ID="P181_SP00214" HPOS="494" VPOS="1266" WIDTH="21"/>
						<String ID="P181_ST00246" HPOS="515" VPOS="1230" WIDTH="69" HEIGHT="26" CONTENT="from" WC="0.68" CC="5007"/>
						<String ID="P181_ST00247" HPOS="594" VPOS="1240" WIDTH="5" HEIGHT="21" CONTENT=";" WC="1.00" CC="0"/>
						<SP ID="P181_SP00215" HPOS="599" VPOS="1266" WIDTH="19"/>
						<String ID="P181_ST00248" HPOS="618" VPOS="1230" WIDTH="52" HEIGHT="26" CONTENT="hut" WC="0.31" CC="883"/>
						<SP ID="P181_SP00216" HPOS="670" VPOS="1266" WIDTH="18"/>
						<String ID="P181_ST00249" HPOS="688" VPOS="1230" WIDTH="85" HEIGHT="26" CONTENT="wider" WC="0.49" CC="86603"/>
						<SP ID="P181_SP00217" HPOS="773" VPOS="1266" WIDTH="19"/>
						<String ID="P181_ST00250" HPOS="792" VPOS="1230" WIDTH="82" HEIGHT="27" CONTENT="views" WC="0.76" CC="00074"/>
						<SP ID="P181_SP00218" HPOS="874" VPOS="1266" WIDTH="21"/>
						<String ID="P181_ST00251" HPOS="895" VPOS="1231" WIDTH="57" HEIGHT="26" CONTENT="will" WC="0.47" CC="7336"/>
					</TextLine>
					<TextLine ID="P181_TL00029" HPOS="97" VPOS="1274" WIDTH="855" HEIGHT="35">
						<String ID="P181_ST00252" HPOS="97" VPOS="1277" WIDTH="76" HEIGHT="25" CONTENT="work" WC="0.57" CC="4542"/>
						<SP ID="P181_SP00219" HPOS="173" VPOS="1302" WIDTH="22"/>
						<String ID="P181_ST00253" HPOS="195" VPOS="1276" WIDTH="60" HEIGHT="26" CONTENT="into" WC="0.32" CC="5866"/>
						<SP ID="P181_SP00220" HPOS="255" VPOS="1302" WIDTH="20"/>
						<String ID="P181_ST00254" HPOS="275" VPOS="1275" WIDTH="76" HEIGHT="26" CONTENT="them" WC="0.82" CC="3201"/>
						<SP ID="P181_SP00221" HPOS="351" VPOS="1302" WIDTH="22"/>
						<String ID="P181_ST00255" HPOS="373" VPOS="1274" WIDTH="38" HEIGHT="34" CONTENT="by" WC="0.25" CC="86"/>
						<SP ID="P181_SP00222" HPOS="411" VPOS="1308" WIDTH="20"/>
						<String ID="P181_ST00256" HPOS="431" VPOS="1274" WIDTH="115" HEIGHT="34" CONTENT="degrees." WC="0.59" CC="70750065"/>
						<SP ID="P181_SP00223" HPOS="546" VPOS="1308" WIDTH="41"/>
						<String ID="P181_ST00257" HPOS="587" VPOS="1274" WIDTH="75" HEIGHT="34" CONTENT="They" WC="0.65" CC="6304"/>
						<SP ID="P181_SP00224" HPOS="662" VPOS="1308" WIDTH="19"/>
						<String ID="P181_ST00258" HPOS="681" VPOS="1274" WIDTH="71" HEIGHT="26" CONTENT="have" WC="0.65" CC="7600"/>
						<SP ID="P181_SP00225" HPOS="752" VPOS="1308" WIDTH="13"/>
						<String ID="P181_ST00259" HPOS="765" VPOS="1277" WIDTH="28" HEIGHT="23" CONTENT="to" WC="0.74" CC="50"/>
						<SP ID="P181_SP00226" HPOS="793" VPOS="1308" WIDTH="15"/>
						<String ID="P181_ST00260" HPOS="808" VPOS="1275" WIDTH="32" HEIGHT="25" CONTENT="be" WC="0.47" CC="64"/>
						<SP ID="P181_SP00227" HPOS="840" VPOS="1308" WIDTH="15"/>
						<String ID="P181_ST00261" HPOS="855" VPOS="1275" WIDTH="97" HEIGHT="34" CONTENT="taught" WC="0.44" CC="446762"/>
					</TextLine>
					<TextLine ID="P181_TL00030" HPOS="98" VPOS="1317" WIDTH="837" HEIGHT="36">
						<String ID="P181_ST00262" HPOS="98" VPOS="1330" WIDTH="68" HEIGHT="23" CONTENT="very" WC="0.70" CC="2036"/>
						<SP ID="P181_SP00228" HPOS="166" VPOS="1353" WIDTH="13"/>
						<String ID="P181_ST00263" HPOS="179" VPOS="1319" WIDTH="150" HEIGHT="34" CONTENT="gradually," WC="0.73" CC="0106180062"/>
						<SP ID="P181_SP00229" HPOS="329" VPOS="1353" WIDTH="14"/>
						<String ID="P181_ST00264" HPOS="343" VPOS="1318" WIDTH="54" HEIGHT="26" CONTENT="and" WC="0.48" CC="257"/>
						<SP ID="P181_SP00230" HPOS="397" VPOS="1353" WIDTH="14"/>
						<String ID="P181_ST00265" HPOS="411" VPOS="1326" WIDTH="49" HEIGHT="17" CONTENT="can" WC="0.67" CC="018"/>
						<SP ID="P181_SP00231" HPOS="460" VPOS="1353" WIDTH="15"/>
						<String ID="P181_ST00266" HPOS="475" VPOS="1318" WIDTH="65" HEIGHT="34" CONTENT="only" WC="0.45" CC="1766"/>
						<SP ID="P181_SP00232" HPOS="540" VPOS="1353" WIDTH="14"/>
						<String ID="P181_ST00267" HPOS="554" VPOS="1317" WIDTH="75" HEIGHT="26" CONTENT="learn" WC="0.84" CC="00007"/>
						<SP ID="P181_SP00233" HPOS="629" VPOS="1353" WIDTH="14"/>
						<String ID="P181_ST00268" HPOS="643" VPOS="1321" WIDTH="28" HEIGHT="23" CONTENT="to" WC="0.98" CC="00"/>
						<SP ID="P181_SP00234" HPOS="671" VPOS="1353" WIDTH="15"/>
						<String ID="P181_ST00269" HPOS="686" VPOS="1326" WIDTH="44" HEIGHT="18" CONTENT="see" WC="0.88" CC="120"/>
						<SP ID="P181_SP00235" HPOS="730" VPOS="1353" WIDTH="8"/>
						<String ID="P181_ST00270" HPOS="738" VPOS="1327" WIDTH="67" HEIGHT="25" CONTENT="very" WC="0.85" CC="0014"/>
						<SP ID="P181_SP00236" HPOS="805" VPOS="1353" WIDTH="10"/>
						<String ID="P181_ST00271" HPOS="815" VPOS="1319" WIDTH="120" HEIGHT="33" CONTENT='slowly."' WC="0.59" CC="53280425"/>
					</TextLine>
				</TextBlock>
				<TextBlock ID="P181_TB00010" HPOS="97" VPOS="1361" WIDTH="854" HEIGHT="79" STYLEREFS="TXT_1 PAR_LEFT">
					<TextLine ID="P181_TL00031" HPOS="135" VPOS="1362" WIDTH="816" HEIGHT="36">
						<String ID="P181_ST00272" HPOS="135" VPOS="1368" WIDTH="13" HEIGHT="10" CONTENT='"' WC="1.00" CC="0"/>
						<SP ID="P181_SP00237" HPOS="148" VPOS="1378" WIDTH="10"/>
						<String ID="P181_ST00273" HPOS="158" VPOS="1364" WIDTH="122" HEIGHT="34" CONTENT="Suppose" WC="0.52" CC="6777040"/>
						<SP ID="P181_SP00238" HPOS="280" VPOS="1398" WIDTH="15"/>
						<String ID="P181_ST00274" HPOS="295" VPOS="1363" WIDTH="14" HEIGHT="26" CONTENT="I" WC="0.39" CC="6"/>
						<SP ID="P181_SP00239" HPOS="309" VPOS="1398" WIDTH="15"/>
						<String ID="P181_ST00275" HPOS="324" VPOS="1362" WIDTH="79" HEIGHT="27" CONTENT="teach" WC="0.68" CC="10318"/>
						<SP ID="P181_SP00240" HPOS="403" VPOS="1398" WIDTH="13"/>
						<String ID="P181_ST00276" HPOS="416" VPOS="1362" WIDTH="77" HEIGHT="26" CONTENT="them" WC="0.35" CC="2778"/>
						<SP ID="P181_SP00241" HPOS="493" VPOS="1398" WIDTH="13"/>
						<String ID="P181_ST00277" HPOS="506" VPOS="1364" WIDTH="27" HEIGHT="23" CONTENT="to" WC="0.93" CC="00"/>
						<SP ID="P181_SP00242" HPOS="533" VPOS="1398" WIDTH="15"/>
						<String ID="P181_ST00278" HPOS="548" VPOS="1370" WIDTH="44" HEIGHT="18" CONTENT="see" WC="0.88" CC="300"/>
						<SP ID="P181_SP00243" HPOS="592" VPOS="1398" WIDTH="13"/>
						<String ID="P181_ST00279" HPOS="605" VPOS="1371" WIDTH="93" HEIGHT="25" CONTENT="wrong" WC="0.55" CC="85080"/>
						<SP ID="P181_SP00244" HPOS="698" VPOS="1398" WIDTH="11"/>
						<String ID="P181_ST00280" HPOS="709" VPOS="1363" WIDTH="8" HEIGHT="25" CONTENT="?" WC="0.32" CC="6"/>
						<SP ID="P181_SP00245" HPOS="717" VPOS="1398" WIDTH="40"/>
						<String ID="P181_ST00281" HPOS="757" VPOS="1363" WIDTH="118" HEIGHT="30" CONTENT="Besides," WC="0.61" CC="68406050"/>
						<SP ID="P181_SP00246" HPOS="875" VPOS="1398" WIDTH="16"/>
						<String ID="P181_ST00282" HPOS="891" VPOS="1363" WIDTH="13" HEIGHT="25" CONTENT="I" WC="0.30" CC="6"/>
						<SP ID="P181_SP00247" HPOS="904" VPOS="1398" WIDTH="15"/>
						<String ID="P181_ST00283" HPOS="919" VPOS="1363" WIDTH="32" HEIGHT="26" CONTENT="do" WC="0.17" CC="88"/>
					</TextLine>
					<TextLine ID="P181_TL00032" HPOS="97" VPOS="1405" WIDTH="402" HEIGHT="35">
						<String ID="P181_ST00284" HPOS="97" VPOS="1412" WIDTH="50" HEIGHT="23" CONTENT="not" WC="0.52" CC="806"/>
						<SP ID="P181_SP00248" HPOS="147" VPOS="1435" WIDTH="13"/>
						<String ID="P181_ST00285" HPOS="160" VPOS="1418" WIDTH="44" HEIGHT="17" CONTENT="see" WC="0.82" CC="500"/>
						<SP ID="P181_SP00249" HPOS="204" VPOS="1435" WIDTH="13"/>
						<String ID="P181_ST00286" HPOS="217" VPOS="1416" WIDTH="67" HEIGHT="24" CONTENT="very" WC="0.78" CC="1032"/>
						<SP ID="P181_SP00250" HPOS="284" VPOS="1440" WIDTH="14"/>
						<String ID="P181_ST00287" HPOS="298" VPOS="1406" WIDTH="63" HEIGHT="27" CONTENT="well" WC="0.68" CC="3054"/>
						<SP ID="P181_SP00251" HPOS="361" VPOS="1440" WIDTH="14"/>
						<String ID="P181_ST00288" HPOS="375" VPOS="1405" WIDTH="124" HEIGHT="35" CONTENT='myself."' WC="0.68" CC="46504220"/>
					</TextLine>
				</TextBlock>
				<TextBlock ID="P181_TB00011" HPOS="99" VPOS="1448" WIDTH="855" HEIGHT="79" STYLEREFS="TXT_1 PAR_LEFT">
					<TextLine ID="P181_TL00033" HPOS="137" VPOS="1449" WIDTH="817" HEIGHT="35">
						<String ID="P181_ST00289" HPOS="137" VPOS="1456" WIDTH="13" HEIGHT="9" CONTENT='"' WC="0.71" CC="2"/>
						<SP ID="P181_SP00252" HPOS="150" VPOS="1465" WIDTH="10"/>
						<String ID="P181_ST00290" HPOS="160" VPOS="1453" WIDTH="25" HEIGHT="25" CONTENT="It" WC="0.75" CC="05"/>
						<SP ID="P181_SP00253" HPOS="185" VPOS="1478" WIDTH="27"/>
						<String ID="P181_ST00291" HPOS="212" VPOS="1452" WIDTH="20" HEIGHT="26" CONTENT="is" WC="0.21" CC="87"/>
						<SP ID="P181_SP00254" HPOS="232" VPOS="1478" WIDTH="23"/>
						<String ID="P181_ST00292" HPOS="255" VPOS="1452" WIDTH="89" HEIGHT="26" CONTENT="better" WC="0.56" CC="806505"/>
						<SP ID="P181_SP00255" HPOS="344" VPOS="1478" WIDTH="20"/>
						<String ID="P181_ST00293" HPOS="364" VPOS="1458" WIDTH="55" HEIGHT="26" CONTENT="you" WC="0.72" CC="205"/>
						<SP ID="P181_SP00256" HPOS="419" VPOS="1484" WIDTH="14"/>
						<String ID="P181_ST00294" HPOS="433" VPOS="1449" WIDTH="98" HEIGHT="26" CONTENT="should" WC="0.55" CC="072626"/>
						<SP ID="P181_SP00257" HPOS="531" VPOS="1484" WIDTH="14"/>
						<String ID="P181_ST00295" HPOS="545" VPOS="1452" WIDTH="54" HEIGHT="24" CONTENT="not." WC="0.50" CC="6075"/>
						<SP ID="P181_SP00258" HPOS="599" VPOS="1484" WIDTH="33"/>
						<String ID="P181_ST00296" HPOS="632" VPOS="1450" WIDTH="113" HEIGHT="34" CONTENT="Always" WC="0.58" CC="813351"/>
						<SP ID="P181_SP00259" HPOS="745" VPOS="1484" WIDTH="14"/>
						<String ID="P181_ST00297" HPOS="759" VPOS="1450" WIDTH="71" HEIGHT="25" CONTENT="stick" WC="0.84" CC="02103"/>
						<SP ID="P181_SP00260" HPOS="830" VPOS="1484" WIDTH="15"/>
						<String ID="P181_ST00298" HPOS="845" VPOS="1453" WIDTH="27" HEIGHT="22" CONTENT="to" WC="0.79" CC="40"/>
						<SP ID="P181_SP00261" HPOS="872" VPOS="1484" WIDTH="13"/>
						<String ID="P181_ST00299" HPOS="885" VPOS="1458" WIDTH="69" HEIGHT="25" CONTENT="your" WC="0.60" CC="5107"/>
					</TextLine>
					<TextLine ID="P181_TL00034" HPOS="99" VPOS="1493" WIDTH="855" HEIGHT="34">
						<String ID="P181_ST00300" HPOS="99" VPOS="1495" WIDTH="211" HEIGHT="32" CONTENT="Conservatism," WC="0.57" CC="8280076503157"/>
						<SP ID="P181_SP00262" HPOS="310" VPOS="1527" WIDTH="13"/>
						<String ID="P181_ST00301" HPOS="323" VPOS="1494" WIDTH="180" HEIGHT="33" CONTENT="interpreting" WC="0.67" CC="060028315280"/>
						<SP ID="P181_SP00263" HPOS="503" VPOS="1527" WIDTH="13"/>
						<String ID="P181_ST00302" HPOS="516" VPOS="1494" WIDTH="23" HEIGHT="25" CONTENT="it" WC="0.50" CC="36"/>
						<SP ID="P181_SP00264" HPOS="539" VPOS="1527" WIDTH="13"/>
						<String ID="P181_ST00303" HPOS="552" VPOS="1502" WIDTH="16" HEIGHT="17" CONTENT="a" WC="0.26" CC="7"/>
						<SP ID="P181_SP00265" HPOS="568" VPOS="1527" WIDTH="12"/>
						<String ID="P181_ST00304" HPOS="580" VPOS="1493" WIDTH="73" HEIGHT="27" CONTENT="little" WC="0.72" CC="073500"/>
						<SP ID="P181_SP00266" HPOS="653" VPOS="1527" WIDTH="21"/>
						<String ID="P181_ST00305" HPOS="674" VPOS="1502" WIDTH="73" HEIGHT="18" CONTENT="more" WC="0.81" CC="4300"/>
						<SP ID="P181_SP00267" HPOS="747" VPOS="1527" WIDTH="21"/>
						<String ID="P181_ST00306" HPOS="768" VPOS="1494" WIDTH="99" HEIGHT="33" CONTENT="widely" WC="0.52" CC="738027"/>
						<SP ID="P181_SP00268" HPOS="867" VPOS="1527" WIDTH="20"/>
						<String ID="P181_ST00307" HPOS="887" VPOS="1494" WIDTH="67" HEIGHT="26" CONTENT="than" WC="0.38" CC="0888"/>
					</TextLine>
				</TextBlock>
			</PrintSpace>
		</Page>
	</Layout>
</alto>
