<?xml version="1.0" encoding="UTF-8"?>
<alto xmlns:xsi="http://www.w3.org/2001/XMLSchema-instance" xsi:noNamespaceSchemaLocation="http://www.bl.uk/schemas/alto/alto-1-4.xsd" xmlns:xlink="http://www.w3.org/1999/xlink">
	<Description>
		<MeasurementUnit>mm10</MeasurementUnit>
		<sourceImageInformation>
			<fileName>//head1/IN/2008-08/A0011239203/000206.jp2</fileName>
		</sourceImageInformation>
		<OCRProcessing ID="OCRPROCESSING_1">
			<preProcessingStep>
				<processingSoftware>
					<softwareCreator>CCS Content Conversion Specialists GmbH, Germany</softwareCreator>
					<softwareName>CCS docWORKS</softwareName>
					<softwareVersion>6.1-0.67</softwareVersion>
				</processingSoftware>
			</preProcessingStep>
			<ocrProcessingStep>
				<processingSoftware>
					<softwareCreator>ABBYY (BIT Software), Russia</softwareCreator>
					<softwareName>Finereader</softwareName>
				</processingSoftware>
			</ocrProcessingStep>
		</OCRProcessing>
	</Description>
	<Styles>
		<TextStyle ID="TXT_0" FONTSIZE="10" FONTFAMILY="Courier New"/>
		<TextStyle ID="TXT_1" FONTSIZE="9" FONTFAMILY="Courier New"/>
		<ParagraphStyle ID="PAR_LEFT" ALIGN="Left"/>
		<ParagraphStyle ID="PAR_CENTER" ALIGN="Center"/>
	</Styles>
	<Layout>
		<Page ID="P202" PHYSICAL_IMG_NR="202" HEIGHT="1673" WIDTH="1059" PRINTED_IMG_NR="194" POSITION="Left" ACCURACY="69.68">
			<TopMargin ID="P202_TM00001" HPOS="0" VPOS="0" WIDTH="1059" HEIGHT="87">
				<TextBlock ID="P202_TB00001" HPOS="104" VPOS="60" WIDTH="54" HEIGHT="25" STYLEREFS="TXT_0 PAR_LEFT">
					<TextLine ID="P202_TL00001" HPOS="104" VPOS="60" WIDTH="54" HEIGHT="25">
						<String ID="P202_ST00001" HPOS="104" VPOS="60" WIDTH="54" HEIGHT="25" CONTENT="194" WC="1.00" CC="000"/>
					</TextLine>
				</TextBlock>
				<TextBlock ID="P202_TB00002" HPOS="399" VPOS="64" WIDTH="247" HEIGHT="20" STYLEREFS="TXT_1 PAR_CENTER">
					<TextLine ID="P202_TL00002" HPOS="400" VPOS="64" WIDTH="246" HEIGHT="20">
						<String ID="P202_ST00002" HPOS="400" VPOS="66" WIDTH="116" HEIGHT="18" CONTENT="WALTER" WC="0.49" CC="383078"/>
						<SP ID="P202_SP00001" HPOS="516" VPOS="84" WIDTH="22"/>
						<String ID="P202_ST00003" HPOS="538" VPOS="64" WIDTH="108" HEIGHT="20" CONTENT="FORBES." WC="0.59" CC="4086511"/>
					</TextLine>
				</TextBlock>
			</TopMargin>
			<LeftMargin ID="P202_LM00001" HPOS="0" VPOS="87" WIDTH="95" HEIGHT="1435"/>
			<RightMargin ID="P202_RM00001" HPOS="962" VPOS="87" WIDTH="97" HEIGHT="1435"/>
			<BottomMargin ID="P202_BM00001" HPOS="0" VPOS="1522" WIDTH="1059" HEIGHT="151"/>
			<PrintSpace ID="P202_PS00001" HPOS="95" VPOS="87" WIDTH="867" HEIGHT="1435">
				<TextBlock ID="P202_TB00003" HPOS="100" VPOS="125" WIDTH="862" HEIGHT="425" STYLEREFS="TXT_1 PAR_LEFT">
					<TextLine ID="P202_TL00003" HPOS="104" VPOS="125" WIDTH="858" HEIGHT="41">
						<String ID="P202_ST00004" HPOS="104" VPOS="140" WIDTH="66" HEIGHT="26" CONTENT="very" WC="0.60" CC="2282"/>
						<SP ID="P202_SP00002" HPOS="170" VPOS="166" WIDTH="20"/>
						<String ID="P202_ST00005" HPOS="190" VPOS="131" WIDTH="89" HEIGHT="32" CONTENT="much," WC="0.69" CC="24070"/>
						<SP ID="P202_SP00003" HPOS="279" VPOS="166" WIDTH="21"/>
						<String ID="P202_ST00006" HPOS="300" VPOS="132" WIDTH="23" HEIGHT="25" CONTENT="is" WC="0.82" CC="03"/>
						<SP ID="P202_SP00004" HPOS="323" VPOS="166" WIDTH="33"/>
						<String ID="P202_ST00007" HPOS="356" VPOS="131" WIDTH="86" HEIGHT="33" CONTENT="really" WC="0.51" CC="437614"/>
						<SP ID="P202_SP00005" HPOS="442" VPOS="166" WIDTH="25"/>
						<String ID="P202_ST00008" HPOS="467" VPOS="129" WIDTH="99" HEIGHT="35" CONTENT="bright," WC="0.75" CC="8000620"/>
						<SP ID="P202_SP00006" HPOS="566" VPOS="166" WIDTH="24"/>
						<String ID="P202_ST00009" HPOS="590" VPOS="128" WIDTH="55" HEIGHT="27" CONTENT="and" WC="0.72" CC="026"/>
						<SP ID="P202_SP00007" HPOS="645" VPOS="166" WIDTH="23"/>
						<String ID="P202_ST00010" HPOS="668" VPOS="127" WIDTH="58" HEIGHT="32" CONTENT="fair," WC="0.66" CC="30804"/>
						<SP ID="P202_SP00008" HPOS="726" VPOS="166" WIDTH="27"/>
						<String ID="P202_ST00011" HPOS="753" VPOS="126" WIDTH="54" HEIGHT="27" CONTENT="and" WC="0.57" CC="084"/>
						<SP ID="P202_SP00009" HPOS="807" VPOS="166" WIDTH="23"/>
						<String ID="P202_ST00012" HPOS="830" VPOS="125" WIDTH="132" HEIGHT="35" CONTENT="pleasant." WC="0.66" CC="700351750"/>
					</TextLine>
					<TextLine ID="P202_TL00004" HPOS="106" VPOS="167" WIDTH="856" HEIGHT="37">
						<String ID="P202_ST00013" HPOS="106" VPOS="175" WIDTH="76" HEIGHT="26" CONTENT="Then" WC="0.59" CC="1607"/>
						<SP ID="P202_SP00010" HPOS="182" VPOS="201" WIDTH="14"/>
						<String ID="P202_ST00014" HPOS="196" VPOS="184" WIDTH="89" HEIGHT="17" CONTENT="comes" WC="0.89" CC="00302"/>
						<SP ID="P202_SP00011" HPOS="285" VPOS="201" WIDTH="20"/>
						<String ID="P202_ST00015" HPOS="305" VPOS="175" WIDTH="47" HEIGHT="25" CONTENT="the" WC="0.67" CC="180"/>
						<SP ID="P202_SP00012" HPOS="352" VPOS="201" WIDTH="20"/>
						<String ID="P202_ST00016" HPOS="372" VPOS="177" WIDTH="117" HEIGHT="23" CONTENT="stratum" WC="0.64" CC="3501572"/>
						<SP ID="P202_SP00013" HPOS="489" VPOS="201" WIDTH="21"/>
						<String ID="P202_ST00017" HPOS="510" VPOS="173" WIDTH="89" HEIGHT="26" CONTENT="where" WC="0.62" CC="68030"/>
						<SP ID="P202_SP00014" HPOS="599" VPOS="201" WIDTH="23"/>
						<String ID="P202_ST00018" HPOS="622" VPOS="171" WIDTH="84" HEIGHT="27" CONTENT="much" WC="0.53" CC="6605"/>
						<SP ID="P202_SP00015" HPOS="706" VPOS="201" WIDTH="19"/>
						<String ID="P202_ST00019" HPOS="725" VPOS="171" WIDTH="62" HEIGHT="26" CONTENT="that" WC="0.67" CC="3602"/>
						<SP ID="P202_SP00016" HPOS="787" VPOS="201" WIDTH="19"/>
						<String ID="P202_ST00020" HPOS="806" VPOS="170" WIDTH="24" HEIGHT="25" CONTENT="is" WC="0.83" CC="03"/>
						<SP ID="P202_SP00017" HPOS="830" VPOS="201" WIDTH="19"/>
						<String ID="P202_ST00021" HPOS="849" VPOS="167" WIDTH="71" HEIGHT="37" CONTENT="good" WC="0.92" CC="0003"/>
						<SP ID="P202_SP00018" HPOS="920" VPOS="204" WIDTH="20"/>
						<String ID="P202_ST00022" HPOS="940" VPOS="167" WIDTH="22" HEIGHT="26" CONTENT="is" WC="0.91" CC="01"/>
					</TextLine>
					<TextLine ID="P202_TL00005" HPOS="104" VPOS="212" WIDTH="858" HEIGHT="41">
						<String ID="P202_ST00023" HPOS="104" VPOS="219" WIDTH="156" HEIGHT="34" CONTENT="intimately" WC="0.72" CC="3760021023"/>
						<SP ID="P202_SP00019" HPOS="260" VPOS="253" WIDTH="14"/>
						<String ID="P202_ST00024" HPOS="274" VPOS="217" WIDTH="91" HEIGHT="26" CONTENT="mixed" WC="0.81" CC="00306"/>
						<SP ID="P202_SP00020" HPOS="365" VPOS="253" WIDTH="13"/>
						<String ID="P202_ST00025" HPOS="378" VPOS="217" WIDTH="68" HEIGHT="26" CONTENT="with" WC="0.46" CC="8057"/>
						<SP ID="P202_SP00021" HPOS="446" VPOS="253" WIDTH="20"/>
						<String ID="P202_ST00026" HPOS="466" VPOS="216" WIDTH="60" HEIGHT="32" CONTENT="bad," WC="0.53" CC="8063"/>
						<SP ID="P202_SP00022" HPOS="526" VPOS="253" WIDTH="14"/>
						<String ID="P202_ST00027" HPOS="540" VPOS="216" WIDTH="54" HEIGHT="26" CONTENT="and" WC="0.39" CC="566"/>
						<SP ID="P202_SP00023" HPOS="594" VPOS="253" WIDTH="21"/>
						<String ID="P202_ST00028" HPOS="615" VPOS="215" WIDTH="83" HEIGHT="26" CONTENT="much" WC="0.55" CC="2807"/>
						<SP ID="P202_SP00024" HPOS="698" VPOS="253" WIDTH="19"/>
						<String ID="P202_ST00029" HPOS="717" VPOS="215" WIDTH="62" HEIGHT="25" CONTENT="that" WC="0.61" CC="2525"/>
						<SP ID="P202_SP00025" HPOS="779" VPOS="253" WIDTH="18"/>
						<String ID="P202_ST00030" HPOS="797" VPOS="214" WIDTH="24" HEIGHT="25" CONTENT="is" WC="0.99" CC="00"/>
						<SP ID="P202_SP00026" HPOS="821" VPOS="253" WIDTH="18"/>
						<String ID="P202_ST00031" HPOS="839" VPOS="212" WIDTH="54" HEIGHT="27" CONTENT="bad" WC="0.48" CC="807"/>
						<SP ID="P202_SP00027" HPOS="893" VPOS="253" WIDTH="21"/>
						<String ID="P202_ST00032" HPOS="914" VPOS="212" WIDTH="48" HEIGHT="26" CONTENT="has" WC="0.50" CC="860"/>
					</TextLine>
					<TextLine ID="P202_TL00006" HPOS="104" VPOS="256" WIDTH="858" HEIGHT="41">
						<String ID="P202_ST00033" HPOS="104" VPOS="262" WIDTH="147" HEIGHT="35" CONTENT="minglings" WC="0.68" CC="518001802"/>
						<SP ID="P202_SP00028" HPOS="251" VPOS="297" WIDTH="14"/>
						<String ID="P202_ST00034" HPOS="265" VPOS="262" WIDTH="30" HEIGHT="25" CONTENT="of" WC="1.00" CC="00"/>
						<SP ID="P202_SP00029" HPOS="295" VPOS="297" WIDTH="10"/>
						<String ID="P202_ST00035" HPOS="305" VPOS="261" WIDTH="68" HEIGHT="35" CONTENT="good" WC="0.83" CC="1005"/>
						<SP ID="P202_SP00030" HPOS="373" VPOS="297" WIDTH="11"/>
						<String ID="P202_ST00036" HPOS="384" VPOS="271" WIDTH="6" HEIGHT="22" CONTENT=";" WC="0.64" CC="3"/>
						<SP ID="P202_SP00031" HPOS="390" VPOS="297" WIDTH="21"/>
						<String ID="P202_ST00037" HPOS="411" VPOS="260" WIDTH="60" HEIGHT="32" CONTENT="and," WC="0.43" CC="5754"/>
						<SP ID="P202_SP00032" HPOS="471" VPOS="297" WIDTH="14"/>
						<String ID="P202_ST00038" HPOS="485" VPOS="260" WIDTH="104" HEIGHT="34" CONTENT="though" WC="0.64" CC="370504"/>
						<SP ID="P202_SP00033" HPOS="589" VPOS="297" WIDTH="10"/>
						<String ID="P202_ST00039" HPOS="599" VPOS="259" WIDTH="117" HEIGHT="34" CONTENT="through" WC="0.69" CC="0550702"/>
						<SP ID="P202_SP00034" HPOS="716" VPOS="297" WIDTH="14"/>
						<String ID="P202_ST00040" HPOS="730" VPOS="258" WIDTH="47" HEIGHT="26" CONTENT="the" WC="0.66" CC="270"/>
						<SP ID="P202_SP00035" HPOS="777" VPOS="297" WIDTH="11"/>
						<String ID="P202_ST00041" HPOS="788" VPOS="257" WIDTH="88" HEIGHT="26" CONTENT="whole" WC="0.73" CC="66000"/>
						<SP ID="P202_SP00036" HPOS="876" VPOS="297" WIDTH="10"/>
						<String ID="P202_ST00042" HPOS="886" VPOS="256" WIDTH="76" HEIGHT="26" CONTENT="there" WC="0.90" CC="04000"/>
					</TextLine>
					<TextLine ID="P202_TL00007" HPOS="102" VPOS="300" WIDTH="859" HEIGHT="40">
						<String ID="P202_ST00043" HPOS="102" VPOS="315" WIDTH="66" HEIGHT="25" CONTENT="may" WC="0.31" CC="856"/>
						<SP ID="P202_SP00037" HPOS="168" VPOS="340" WIDTH="12"/>
						<String ID="P202_ST00044" HPOS="180" VPOS="306" WIDTH="33" HEIGHT="25" CONTENT="be" WC="0.67" CC="60"/>
						<SP ID="P202_SP00038" HPOS="213" VPOS="340" WIDTH="14"/>
						<String ID="P202_ST00045" HPOS="227" VPOS="315" WIDTH="35" HEIGHT="16" CONTENT="an" WC="0.85" CC="02"/>
						<SP ID="P202_SP00039" HPOS="262" VPOS="340" WIDTH="13"/>
						<String ID="P202_ST00046" HPOS="275" VPOS="305" WIDTH="203" HEIGHT="31" CONTENT="undercurrent," WC="0.66" CC="4860006710800"/>
						<SP ID="P202_SP00040" HPOS="478" VPOS="340" WIDTH="14"/>
						<String ID="P202_ST00047" HPOS="492" VPOS="307" WIDTH="49" HEIGHT="22" CONTENT="not" WC="0.61" CC="703"/>
						<SP ID="P202_SP00041" HPOS="541" VPOS="340" WIDTH="14"/>
						<String ID="P202_ST00048" HPOS="555" VPOS="306" WIDTH="44" HEIGHT="23" CONTENT="too" WC="1.00" CC="000"/>
						<SP ID="P202_SP00042" HPOS="599" VPOS="340" WIDTH="14"/>
						<String ID="P202_ST00049" HPOS="613" VPOS="302" WIDTH="133" HEIGHT="35" CONTENT="palpably" WC="0.62" CC="70060743"/>
						<SP ID="P202_SP00043" HPOS="746" VPOS="340" WIDTH="13"/>
						<String ID="P202_ST00050" HPOS="759" VPOS="301" WIDTH="99" HEIGHT="27" CONTENT="visible" WC="0.81" CC="0040710"/>
						<SP ID="P202_SP00044" HPOS="858" VPOS="340" WIDTH="13"/>
						<String ID="P202_ST00051" HPOS="871" VPOS="305" WIDTH="29" HEIGHT="22" CONTENT="to" WC="0.83" CC="21"/>
						<SP ID="P202_SP00045" HPOS="900" VPOS="340" WIDTH="14"/>
						<String ID="P202_ST00052" HPOS="914" VPOS="300" WIDTH="47" HEIGHT="27" CONTENT="the" WC="0.91" CC="020"/>
					</TextLine>
					<TextLine ID="P202_TL00008" HPOS="102" VPOS="345" WIDTH="858" HEIGHT="36">
						<String ID="P202_ST00053" HPOS="102" VPOS="349" WIDTH="93" HEIGHT="27" CONTENT="casual" WC="0.71" CC="004516"/>
						<SP ID="P202_SP00046" HPOS="195" VPOS="376" WIDTH="12"/>
						<String ID="P202_ST00054" HPOS="207" VPOS="349" WIDTH="133" HEIGHT="32" CONTENT="observer," WC="0.81" CC="380011010"/>
						<SP ID="P202_SP00047" HPOS="340" VPOS="381" WIDTH="13"/>
						<String ID="P202_ST00055" HPOS="353" VPOS="348" WIDTH="30" HEIGHT="26" CONTENT="of" WC="1.00" CC="00"/>
						<SP ID="P202_SP00048" HPOS="383" VPOS="381" WIDTH="10"/>
						<String ID="P202_ST00056" HPOS="393" VPOS="348" WIDTH="77" HEIGHT="26" CONTENT="those" WC="0.82" CC="35000"/>
						<SP ID="P202_SP00049" HPOS="470" VPOS="381" WIDTH="14"/>
						<String ID="P202_ST00057" HPOS="484" VPOS="348" WIDTH="54" HEIGHT="26" CONTENT="bad" WC="0.63" CC="046"/>
						<SP ID="P202_SP00050" HPOS="538" VPOS="381" WIDTH="13"/>
						<String ID="P202_ST00058" HPOS="551" VPOS="347" WIDTH="94" HEIGHT="34" CONTENT="things" WC="0.60" CC="573700"/>
						<SP ID="P202_SP00051" HPOS="645" VPOS="381" WIDTH="15"/>
						<String ID="P202_ST00059" HPOS="660" VPOS="347" WIDTH="37" HEIGHT="26" CONTENT="St." WC="0.72" CC="250"/>
						<SP ID="P202_SP00052" HPOS="697" VPOS="381" WIDTH="16"/>
						<String ID="P202_ST00060" HPOS="713" VPOS="346" WIDTH="69" HEIGHT="26" CONTENT="Paul" WC="0.48" CC="8074"/>
						<SP ID="P202_SP00053" HPOS="782" VPOS="381" WIDTH="14"/>
						<String ID="P202_ST00061" HPOS="796" VPOS="345" WIDTH="63" HEIGHT="27" CONTENT="tells" WC="0.81" CC="40030"/>
						<SP ID="P202_SP00054" HPOS="859" VPOS="381" WIDTH="14"/>
						<String ID="P202_ST00062" HPOS="873" VPOS="353" WIDTH="33" HEIGHT="18" CONTENT="us" WC="0.52" CC="53"/>
						<SP ID="P202_SP00055" HPOS="906" VPOS="381" WIDTH="14"/>
						<String ID="P202_ST00063" HPOS="920" VPOS="353" WIDTH="40" HEIGHT="18" CONTENT="we" WC="0.84" CC="30"/>
					</TextLine>
					<TextLine ID="P202_TL00009" HPOS="102" VPOS="389" WIDTH="858" HEIGHT="37">
						<String ID="P202_ST00064" HPOS="102" VPOS="392" WIDTH="55" HEIGHT="27" CONTENT="had" WC="0.75" CC="600"/>
						<SP ID="P202_SP00056" HPOS="157" VPOS="419" WIDTH="19"/>
						<String ID="P202_ST00065" HPOS="176" VPOS="393" WIDTH="88" HEIGHT="26" CONTENT="better" WC="0.55" CC="804705"/>
						<SP ID="P202_SP00057" HPOS="264" VPOS="419" WIDTH="21"/>
						<String ID="P202_ST00066" HPOS="285" VPOS="395" WIDTH="50" HEIGHT="31" CONTENT="put" WC="0.37" CC="674"/>
						<SP ID="P202_SP00058" HPOS="335" VPOS="426" WIDTH="20"/>
						<String ID="P202_ST00067" HPOS="355" VPOS="400" WIDTH="74" HEIGHT="25" CONTENT="away" WC="0.60" CC="0807"/>
						<SP ID="P202_SP00059" HPOS="429" VPOS="426" WIDTH="16"/>
						<String ID="P202_ST00068" HPOS="445" VPOS="392" WIDTH="71" HEIGHT="25" CONTENT="from" WC="0.67" CC="3404"/>
						<SP ID="P202_SP00060" HPOS="516" VPOS="426" WIDTH="21"/>
						<String ID="P202_ST00069" HPOS="537" VPOS="400" WIDTH="40" HEIGHT="23" CONTENT="us," WC="0.66" CC="531"/>
						<SP ID="P202_SP00061" HPOS="577" VPOS="426" WIDTH="21"/>
						<String ID="P202_ST00070" HPOS="598" VPOS="400" WIDTH="29" HEIGHT="17" CONTENT="as" WC="0.77" CC="04"/>
						<SP ID="P202_SP00062" HPOS="627" VPOS="426" WIDTH="21"/>
						<String ID="P202_ST00071" HPOS="648" VPOS="390" WIDTH="208" HEIGHT="35" CONTENT="evil-speaking," WC="0.81" CC="02300010050740"/>
						<SP ID="P202_SP00063" HPOS="856" VPOS="426" WIDTH="19"/>
						<String ID="P202_ST00072" HPOS="875" VPOS="389" WIDTH="85" HEIGHT="35" CONTENT="lying," WC="0.78" CC="040700"/>
					</TextLine>
					<TextLine ID="P202_TL00010" HPOS="102" VPOS="433" WIDTH="858" HEIGHT="37">
						<String ID="P202_ST00073" HPOS="102" VPOS="440" WIDTH="50" HEIGHT="28" CONTENT="etc," WC="0.73" CC="3501"/>
						<SP ID="P202_SP00064" HPOS="152" VPOS="468" WIDTH="16"/>
						<String ID="P202_ST00074" HPOS="168" VPOS="436" WIDTH="115" HEIGHT="34" CONTENT="perhaps" WC="0.64" CC="7034071"/>
						<SP ID="P202_SP00065" HPOS="283" VPOS="470" WIDTH="14"/>
						<String ID="P202_ST00075" HPOS="297" VPOS="444" WIDTH="74" HEIGHT="18" CONTENT="some" WC="0.64" CC="3360"/>
						<SP ID="P202_SP00066" HPOS="371" VPOS="470" WIDTH="13"/>
						<String ID="P202_ST00076" HPOS="384" VPOS="436" WIDTH="30" HEIGHT="25" CONTENT="of" WC="0.82" CC="30"/>
						<SP ID="P202_SP00067" HPOS="414" VPOS="470" WIDTH="20"/>
						<String ID="P202_ST00077" HPOS="434" VPOS="444" WIDTH="32" HEIGHT="17" CONTENT="us" WC="0.26" CC="77"/>
						<SP ID="P202_SP00068" HPOS="466" VPOS="470" WIDTH="13"/>
						<String ID="P202_ST00078" HPOS="479" VPOS="435" WIDTH="71" HEIGHT="26" CONTENT="have" WC="0.76" CC="7020"/>
						<SP ID="P202_SP00069" HPOS="550" VPOS="470" WIDTH="13"/>
						<String ID="P202_ST00079" HPOS="563" VPOS="435" WIDTH="92" HEIGHT="26" CONTENT="rather" WC="0.77" CC="320502"/>
						<SP ID="P202_SP00070" HPOS="655" VPOS="470" WIDTH="21"/>
						<String ID="P202_ST00080" HPOS="676" VPOS="438" WIDTH="141" HEIGHT="31" CONTENT="outgrown" WC="0.73" CC="01201077"/>
						<SP ID="P202_SP00071" HPOS="817" VPOS="470" WIDTH="21"/>
						<String ID="P202_ST00081" HPOS="838" VPOS="433" WIDTH="122" HEIGHT="27" CONTENT="conside" SUBS_TYPE="HypPart1" SUBS_CONTENT="consideration" WC="0.78" CC="00601603"/>
						<HYP CONTENT="-"/>
					</TextLine>
					<TextLine ID="P202_TL00011" HPOS="101" VPOS="478" WIDTH="857" HEIGHT="36">
						<String ID="P202_ST00082" HPOS="101" VPOS="480" WIDTH="89" HEIGHT="26" CONTENT="ration" SUBS_TYPE="HypPart2" SUBS_CONTENT="consideration" WC="0.72" CC="305007"/>
						<SP ID="P202_SP00072" HPOS="190" VPOS="506" WIDTH="12"/>
						<String ID="P202_ST00083" HPOS="202" VPOS="480" WIDTH="41" HEIGHT="26" CONTENT="for" WC="0.72" CC="017"/>
						<SP ID="P202_SP00073" HPOS="243" VPOS="506" WIDTH="13"/>
						<String ID="P202_ST00084" HPOS="256" VPOS="480" WIDTH="47" HEIGHT="26" CONTENT="the" WC="0.67" CC="045"/>
						<SP ID="P202_SP00074" HPOS="303" VPOS="506" WIDTH="17"/>
						<String ID="P202_ST00085" HPOS="320" VPOS="480" WIDTH="94" HEIGHT="26" CONTENT="advice" WC="0.84" CC="063000"/>
						<SP ID="P202_SP00075" HPOS="414" VPOS="506" WIDTH="14"/>
						<String ID="P202_ST00086" HPOS="428" VPOS="480" WIDTH="29" HEIGHT="25" CONTENT="of" WC="0.87" CC="20"/>
						<SP ID="P202_SP00076" HPOS="457" VPOS="506" WIDTH="21"/>
						<String ID="P202_ST00087" HPOS="478" VPOS="480" WIDTH="37" HEIGHT="26" CONTENT="St." WC="0.72" CC="610"/>
						<SP ID="P202_SP00077" HPOS="515" VPOS="506" WIDTH="15"/>
						<String ID="P202_ST00088" HPOS="530" VPOS="480" WIDTH="69" HEIGHT="25" CONTENT="Paul" WC="0.56" CC="8062"/>
						<SP ID="P202_SP00078" HPOS="599" VPOS="506" WIDTH="13"/>
						<String ID="P202_ST00089" HPOS="612" VPOS="480" WIDTH="30" HEIGHT="25" CONTENT="in" WC="0.28" CC="76"/>
						<SP ID="P202_SP00079" HPOS="642" VPOS="506" WIDTH="13"/>
						<String ID="P202_ST00090" HPOS="655" VPOS="487" WIDTH="73" HEIGHT="18" CONTENT="more" WC="0.80" CC="6010"/>
						<SP ID="P202_SP00080" HPOS="728" VPOS="506" WIDTH="15"/>
						<String ID="P202_ST00091" HPOS="743" VPOS="478" WIDTH="92" HEIGHT="36" CONTENT="things" WC="0.58" CC="284720"/>
						<SP ID="P202_SP00081" HPOS="835" VPOS="514" WIDTH="13"/>
						<String ID="P202_ST00092" HPOS="848" VPOS="478" WIDTH="68" HEIGHT="26" CONTENT="than" WC="0.62" CC="0526"/>
						<SP ID="P202_SP00082" HPOS="916" VPOS="514" WIDTH="14"/>
						<String ID="P202_ST00093" HPOS="930" VPOS="478" WIDTH="28" HEIGHT="25" CONTENT="in" WC="0.51" CC="26"/>
					</TextLine>
					<TextLine ID="P202_TL00012" HPOS="102" VPOS="524" WIDTH="83" HEIGHT="26">
						<String ID="P202_ST00094" HPOS="102" VPOS="524" WIDTH="83" HEIGHT="26" CONTENT="these." WC="0.74" CC="380002"/>
					</TextLine>
				</TextBlock>
				<TextBlock ID="P202_TB00004" HPOS="97" VPOS="566" WIDTH="860" HEIGHT="290" STYLEREFS="TXT_1 PAR_LEFT">
					<TextLine ID="P202_TL00013" HPOS="137" VPOS="566" WIDTH="820" HEIGHT="36">
						<String ID="P202_ST00095" HPOS="137" VPOS="568" WIDTH="28" HEIGHT="25" CONTENT="A" WC="0.19" CC="8"/>
						<SP ID="P202_SP00083" HPOS="165" VPOS="593" WIDTH="12"/>
						<String ID="P202_ST00096" HPOS="177" VPOS="567" WIDTH="157" HEIGHT="35" CONTENT="gentleman" WC="0.82" CC="403000106"/>
						<SP ID="P202_SP00084" HPOS="334" VPOS="602" WIDTH="20"/>
						<String ID="P202_ST00097" HPOS="354" VPOS="567" WIDTH="107" HEIGHT="35" CONTENT="coming" WC="0.83" CC="010080"/>
						<SP ID="P202_SP00085" HPOS="461" VPOS="602" WIDTH="21"/>
						<String ID="P202_ST00098" HPOS="482" VPOS="569" WIDTH="48" HEIGHT="24" CONTENT="out" WC="0.79" CC="041"/>
						<SP ID="P202_SP00086" HPOS="530" VPOS="602" WIDTH="14"/>
						<String ID="P202_ST00099" HPOS="544" VPOS="567" WIDTH="29" HEIGHT="26" CONTENT="of" WC="1.00" CC="00"/>
						<SP ID="P202_SP00087" HPOS="573" VPOS="602" WIDTH="18"/>
						<String ID="P202_ST00100" HPOS="591" VPOS="575" WIDTH="15" HEIGHT="18" CONTENT="a" WC="1.00" CC="0"/>
						<SP ID="P202_SP00088" HPOS="606" VPOS="602" WIDTH="19"/>
						<String ID="P202_ST00101" HPOS="625" VPOS="567" WIDTH="73" HEIGHT="35" CONTENT="large" WC="0.88" CC="50000"/>
						<SP ID="P202_SP00089" HPOS="698" VPOS="602" WIDTH="19"/>
						<String ID="P202_ST00102" HPOS="717" VPOS="566" WIDTH="163" HEIGHT="36" CONTENT="publisher's" WC="0.63" CC="80801050654"/>
						<SP ID="P202_SP00090" HPOS="880" VPOS="602" WIDTH="18"/>
						<String ID="P202_ST00103" HPOS="898" VPOS="574" WIDTH="59" HEIGHT="26" CONTENT="pre" SUBS_TYPE="HypPart1" SUBS_CONTENT="premises" WC="0.80" CC="2500"/>
						<HYP CONTENT="-"/>
					</TextLine>
					<TextLine ID="P202_TL00014" HPOS="101" VPOS="610" WIDTH="856" HEIGHT="36">
						<String ID="P202_ST00104" HPOS="101" VPOS="612" WIDTH="82" HEIGHT="26" CONTENT="mises" SUBS_TYPE="HypPart2" SUBS_CONTENT="premises" WC="0.67" CC="70404"/>
						<SP ID="P202_SP00091" HPOS="183" VPOS="638" WIDTH="25"/>
						<String ID="P202_ST00105" HPOS="208" VPOS="612" WIDTH="30" HEIGHT="25" CONTENT="in" WC="0.61" CC="07"/>
						<SP ID="P202_SP00092" HPOS="238" VPOS="638" WIDTH="26"/>
						<String ID="P202_ST00106" HPOS="264" VPOS="611" WIDTH="151" HEIGHT="35" CONTENT="Piccadilly" WC="0.79" CC="7100132003"/>
						<SP ID="P202_SP00093" HPOS="415" VPOS="646" WIDTH="25"/>
						<String ID="P202_ST00107" HPOS="440" VPOS="620" WIDTH="56" HEIGHT="17" CONTENT="was" WC="0.60" CC="821"/>
						<SP ID="P202_SP00094" HPOS="496" VPOS="646" WIDTH="24"/>
						<String ID="P202_ST00108" HPOS="520" VPOS="611" WIDTH="120" HEIGHT="26" CONTENT="arrested" WC="0.84" CC="01003007"/>
						<SP ID="P202_SP00095" HPOS="640" VPOS="646" WIDTH="27"/>
						<String ID="P202_ST00109" HPOS="667" VPOS="613" WIDTH="28" HEIGHT="24" CONTENT="at" WC="0.76" CC="04"/>
						<SP ID="P202_SP00096" HPOS="695" VPOS="646" WIDTH="28"/>
						<String ID="P202_ST00110" HPOS="723" VPOS="611" WIDTH="48" HEIGHT="26" CONTENT="the" WC="0.52" CC="670"/>
						<SP ID="P202_SP00097" HPOS="771" VPOS="646" WIDTH="22"/>
						<String ID="P202_ST00111" HPOS="793" VPOS="610" WIDTH="73" HEIGHT="36" CONTENT="sight" WC="0.88" CC="00050"/>
						<SP ID="P202_SP00098" HPOS="866" VPOS="646" WIDTH="23"/>
						<String ID="P202_ST00112" HPOS="889" VPOS="610" WIDTH="30" HEIGHT="25" CONTENT="of" WC="0.98" CC="00"/>
						<SP ID="P202_SP00099" HPOS="919" VPOS="646" WIDTH="23"/>
						<String ID="P202_ST00113" HPOS="942" VPOS="619" WIDTH="15" HEIGHT="17" CONTENT="a" WC="0.63" CC="3"/>
					</TextLine>
					<TextLine ID="P202_TL00015" HPOS="102" VPOS="654" WIDTH="853" HEIGHT="36">
						<String ID="P202_ST00114" HPOS="102" VPOS="656" WIDTH="117" HEIGHT="34" CONTENT="carriage" WC="0.89" CC="00530000"/>
						<SP ID="P202_SP00100" HPOS="219" VPOS="690" WIDTH="14"/>
						<String ID="P202_ST00115" HPOS="233" VPOS="656" WIDTH="93" HEIGHT="26" CONTENT="drawn" WC="0.69" CC="00077"/>
						<SP ID="P202_SP00101" HPOS="326" VPOS="690" WIDTH="13"/>
						<String ID="P202_ST00116" HPOS="339" VPOS="664" WIDTH="42" HEIGHT="26" CONTENT="up." WC="0.61" CC="533"/>
						<SP ID="P202_SP00102" HPOS="381" VPOS="690" WIDTH="9"/>
						<String ID="P202_ST00117" HPOS="390" VPOS="658" WIDTH="28" HEIGHT="23" CONTENT="at" WC="1.00" CC="00"/>
						<SP ID="P202_SP00103" HPOS="418" VPOS="690" WIDTH="14"/>
						<String ID="P202_ST00118" HPOS="432" VPOS="665" WIDTH="16" HEIGHT="16" CONTENT="a" WC="0.15" CC="8"/>
						<SP ID="P202_SP00104" HPOS="448" VPOS="690" WIDTH="19"/>
						<String ID="P202_ST00119" HPOS="467" VPOS="655" WIDTH="66" HEIGHT="26" CONTENT="door" WC="0.96" CC="1000"/>
						<SP ID="P202_SP00105" HPOS="533" VPOS="690" WIDTH="21"/>
						<String ID="P202_ST00120" HPOS="554" VPOS="659" WIDTH="55" HEIGHT="23" CONTENT="two" WC="0.73" CC="070"/>
						<SP ID="P202_SP00106" HPOS="609" VPOS="690" WIDTH="19"/>
						<String ID="P202_ST00121" HPOS="628" VPOS="656" WIDTH="130" HEIGHT="26" CONTENT="numbers" WC="0.69" CC="6038030"/>
						<SP ID="P202_SP00107" HPOS="758" VPOS="690" WIDTH="13"/>
						<String ID="P202_ST00122" HPOS="771" VPOS="655" WIDTH="84" HEIGHT="26" CONTENT="lower" WC="0.67" CC="30805"/>
						<SP ID="P202_SP00108" HPOS="855" VPOS="690" WIDTH="14"/>
						<String ID="P202_ST00123" HPOS="869" VPOS="654" WIDTH="86" HEIGHT="26" CONTENT="down." WC="0.65" CC="50830"/>
					</TextLine>
					<TextLine ID="P202_TL00016" HPOS="102" VPOS="699" WIDTH="853" HEIGHT="35">
						<String ID="P202_ST00124" HPOS="102" VPOS="700" WIDTH="28" HEIGHT="26" CONTENT="It" WC="1.00" CC="00"/>
						<SP ID="P202_SP00109" HPOS="130" VPOS="726" WIDTH="14"/>
						<String ID="P202_ST00125" HPOS="144" VPOS="700" WIDTH="107" HEIGHT="26" CONTENT="seemed" WC="0.78" CC="400206"/>
						<SP ID="P202_SP00110" HPOS="251" VPOS="726" WIDTH="10"/>
						<String ID="P202_ST00126" HPOS="261" VPOS="700" WIDTH="40" HEIGHT="26" CONTENT="for" WC="0.96" CC="001"/>
						<SP ID="P202_SP00111" HPOS="301" VPOS="726" WIDTH="14"/>
						<String ID="P202_ST00127" HPOS="315" VPOS="708" WIDTH="15" HEIGHT="18" CONTENT="a" WC="0.66" CC="3"/>
						<SP ID="P202_SP00112" HPOS="330" VPOS="726" WIDTH="14"/>
						<String ID="P202_ST00128" HPOS="344" VPOS="702" WIDTH="123" HEIGHT="24" CONTENT="moment" WC="0.80" CC="001054"/>
						<SP ID="P202_SP00113" HPOS="467" VPOS="726" WIDTH="13"/>
						<String ID="P202_ST00129" HPOS="480" VPOS="708" WIDTH="29" HEIGHT="18" CONTENT="as" WC="0.91" CC="10"/>
						<SP ID="P202_SP00114" HPOS="509" VPOS="726" WIDTH="13"/>
						<String ID="P202_ST00130" HPOS="522" VPOS="700" WIDTH="25" HEIGHT="25" CONTENT="if" WC="0.88" CC="20"/>
						<SP ID="P202_SP00115" HPOS="547" VPOS="726" WIDTH="11"/>
						<String ID="P202_ST00131" HPOS="558" VPOS="699" WIDTH="35" HEIGHT="27" CONTENT="he" WC="0.77" CC="40"/>
						<SP ID="P202_SP00116" HPOS="593" VPOS="726" WIDTH="19"/>
						<String ID="P202_ST00132" HPOS="612" VPOS="700" WIDTH="104" HEIGHT="26" CONTENT="wished" WC="0.69" CC="800206"/>
						<SP ID="P202_SP00117" HPOS="716" VPOS="726" WIDTH="13"/>
						<String ID="P202_ST00133" HPOS="729" VPOS="702" WIDTH="29" HEIGHT="24" CONTENT="to" WC="0.59" CC="43"/>
						<SP ID="P202_SP00118" HPOS="758" VPOS="726" WIDTH="14"/>
						<String ID="P202_ST00134" HPOS="772" VPOS="699" WIDTH="81" HEIGHT="26" CONTENT="avoid" WC="0.73" CC="00704"/>
						<SP ID="P202_SP00119" HPOS="853" VPOS="726" WIDTH="12"/>
						<String ID="P202_ST00135" HPOS="865" VPOS="707" WIDTH="90" HEIGHT="27" CONTENT="recog" SUBS_TYPE="HypPart1" SUBS_CONTENT="recognition" WC="0.84" CC="401020"/>
						<HYP CONTENT="-"/>
					</TextLine>
					<TextLine ID="P202_TL00017" HPOS="99" VPOS="743" WIDTH="857" HEIGHT="35">
						<String ID="P202_ST00136" HPOS="99" VPOS="743" WIDTH="89" HEIGHT="27" CONTENT="nition" SUBS_TYPE="HypPart2" SUBS_CONTENT="recognition" WC="0.55" CC="542427"/>
						<SP ID="P202_SP00120" HPOS="188" VPOS="770" WIDTH="13"/>
						<String ID="P202_ST00137" HPOS="201" VPOS="744" WIDTH="37" HEIGHT="34" CONTENT="by" WC="0.50" CC="81"/>
						<SP ID="P202_SP00121" HPOS="238" VPOS="778" WIDTH="13"/>
						<String ID="P202_ST00138" HPOS="251" VPOS="743" WIDTH="47" HEIGHT="27" CONTENT="the" WC="0.66" CC="360"/>
						<SP ID="P202_SP00122" HPOS="298" VPOS="778" WIDTH="14"/>
						<String ID="P202_ST00139" HPOS="312" VPOS="746" WIDTH="149" HEIGHT="32" CONTENT="occupants" WC="0.71" CC="004560711"/>
						<SP ID="P202_SP00123" HPOS="461" VPOS="778" WIDTH="14"/>
						<String ID="P202_ST00140" HPOS="475" VPOS="744" WIDTH="30" HEIGHT="25" CONTENT="of" WC="0.83" CC="30"/>
						<SP ID="P202_SP00124" HPOS="505" VPOS="778" WIDTH="17"/>
						<String ID="P202_ST00141" HPOS="522" VPOS="743" WIDTH="47" HEIGHT="26" CONTENT="the" WC="0.67" CC="360"/>
						<SP ID="P202_SP00125" HPOS="569" VPOS="778" WIDTH="21"/>
						<String ID="P202_ST00142" HPOS="590" VPOS="744" WIDTH="125" HEIGHT="34" CONTENT="carriage," WC="0.89" CC="003330000"/>
						<SP ID="P202_SP00126" HPOS="715" VPOS="778" WIDTH="15"/>
						<String ID="P202_ST00143" HPOS="730" VPOS="744" WIDTH="51" HEIGHT="25" CONTENT="but" WC="0.46" CC="843"/>
						<SP ID="P202_SP00127" HPOS="781" VPOS="778" WIDTH="19"/>
						<String ID="P202_ST00144" HPOS="800" VPOS="743" WIDTH="156" HEIGHT="35" CONTENT="perceiving" WC="0.75" CC="7040030045"/>
					</TextLine>
					<TextLine ID="P202_TL00018" HPOS="97" VPOS="787" WIDTH="860" HEIGHT="34">
						<String ID="P202_ST00145" HPOS="97" VPOS="787" WIDTH="113" HEIGHT="26" CONTENT="himself" WC="0.80" CC="7140000"/>
						<SP ID="P202_SP00128" HPOS="210" VPOS="813" WIDTH="10"/>
						<String ID="P202_ST00146" HPOS="220" VPOS="787" WIDTH="115" HEIGHT="32" CONTENT="noticed," WC="0.72" CC="60300065"/>
						<SP ID="P202_SP00129" HPOS="335" VPOS="819" WIDTH="11"/>
						<String ID="P202_ST00147" HPOS="346" VPOS="787" WIDTH="34" HEIGHT="26" CONTENT="he" WC="0.88" CC="20"/>
						<SP ID="P202_SP00130" HPOS="380" VPOS="819" WIDTH="15"/>
						<String ID="P202_ST00148" HPOS="395" VPOS="795" WIDTH="74" HEIGHT="18" CONTENT="came" WC="0.89" CC="0400"/>
						<SP ID="P202_SP00131" HPOS="469" VPOS="819" WIDTH="15"/>
						<String ID="P202_ST00149" HPOS="484" VPOS="795" WIDTH="38" HEIGHT="26" CONTENT="up" WC="0.70" CC="05"/>
						<SP ID="P202_SP00132" HPOS="522" VPOS="821" WIDTH="11"/>
						<String ID="P202_ST00150" HPOS="533" VPOS="787" WIDTH="54" HEIGHT="26" CONTENT="and" WC="0.51" CC="086"/>
						<SP ID="P202_SP00133" HPOS="587" VPOS="821" WIDTH="14"/>
						<String ID="P202_ST00151" HPOS="601" VPOS="787" WIDTH="86" HEIGHT="26" CONTENT="shook" WC="0.88" CC="50000"/>
						<SP ID="P202_SP00134" HPOS="687" VPOS="821" WIDTH="13"/>
						<String ID="P202_ST00152" HPOS="700" VPOS="787" WIDTH="88" HEIGHT="26" CONTENT="hands" WC="0.53" CC="60843"/>
						<SP ID="P202_SP00135" HPOS="788" VPOS="821" WIDTH="10"/>
						<String ID="P202_ST00153" HPOS="798" VPOS="787" WIDTH="67" HEIGHT="26" CONTENT="with" WC="0.58" CC="7026"/>
						<SP ID="P202_SP00136" HPOS="865" VPOS="821" WIDTH="14"/>
						<String ID="P202_ST00154" HPOS="879" VPOS="787" WIDTH="78" HEIGHT="34" CONTENT="Lady" WC="0.42" CC="4377"/>
					</TextLine>
					<TextLine ID="P202_TL00019" HPOS="98" VPOS="831" WIDTH="103" HEIGHT="25">
						<String ID="P202_ST00155" HPOS="98" VPOS="831" WIDTH="103" HEIGHT="25" CONTENT="Scarth." WC="0.68" CC="7001840"/>
					</TextLine>
				</TextBlock>
				<TextBlock ID="P202_TB00005" HPOS="95" VPOS="874" WIDTH="857" HEIGHT="75" STYLEREFS="TXT_1 PAR_LEFT">
					<TextLine ID="P202_TL00020" HPOS="134" VPOS="874" WIDTH="818" HEIGHT="35">
						<String ID="P202_ST00156" HPOS="134" VPOS="878" WIDTH="14" HEIGHT="10" CONTENT='"' WC="0.73" CC="2"/>
						<SP ID="P202_SP00137" HPOS="148" VPOS="888" WIDTH="11"/>
						<String ID="P202_ST00157" HPOS="159" VPOS="874" WIDTH="35" HEIGHT="26" CONTENT="So" WC="0.70" CC="60"/>
						<SP ID="P202_SP00138" HPOS="194" VPOS="900" WIDTH="13"/>
						<String ID="P202_ST00158" HPOS="207" VPOS="883" WIDTH="55" HEIGHT="26" CONTENT="you" WC="0.65" CC="207"/>
						<SP ID="P202_SP00139" HPOS="262" VPOS="909" WIDTH="19"/>
						<String ID="P202_ST00159" HPOS="281" VPOS="884" WIDTH="44" HEIGHT="16" CONTENT="are" WC="0.77" CC="041"/>
						<SP ID="P202_SP00140" HPOS="325" VPOS="909" WIDTH="21"/>
						<String ID="P202_ST00160" HPOS="346" VPOS="874" WIDTH="29" HEIGHT="26" CONTENT="in" WC="0.64" CC="07"/>
						<SP ID="P202_SP00141" HPOS="375" VPOS="909" WIDTH="21"/>
						<String ID="P202_ST00161" HPOS="396" VPOS="874" WIDTH="122" HEIGHT="32" CONTENT="London," WC="0.58" CC="6052076"/>
						<SP ID="P202_SP00142" HPOS="518" VPOS="909" WIDTH="16"/>
						<String ID="P202_ST00162" HPOS="534" VPOS="874" WIDTH="54" HEIGHT="26" CONTENT="and" WC="0.63" CC="073"/>
						<SP ID="P202_SP00143" HPOS="588" VPOS="909" WIDTH="21"/>
						<String ID="P202_ST00163" HPOS="609" VPOS="874" WIDTH="70" HEIGHT="26" CONTENT="have" WC="0.83" CC="6000"/>
						<SP ID="P202_SP00144" HPOS="679" VPOS="909" WIDTH="20"/>
						<String ID="P202_ST00164" HPOS="699" VPOS="877" WIDTH="49" HEIGHT="23" CONTENT="not" WC="0.46" CC="726"/>
						<SP ID="P202_SP00145" HPOS="748" VPOS="909" WIDTH="20"/>
						<String ID="P202_ST00165" HPOS="768" VPOS="874" WIDTH="69" HEIGHT="26" CONTENT="been" WC="0.58" CC="8008"/>
						<SP ID="P202_SP00146" HPOS="837" VPOS="909" WIDTH="21"/>
						<String ID="P202_ST00166" HPOS="858" VPOS="877" WIDTH="28" HEIGHT="23" CONTENT="to" WC="0.66" CC="51"/>
						<SP ID="P202_SP00147" HPOS="886" VPOS="909" WIDTH="24"/>
						<String ID="P202_ST00167" HPOS="910" VPOS="882" WIDTH="42" HEIGHT="18" CONTENT="see" WC="0.88" CC="300"/>
					</TextLine>
					<TextLine ID="P202_TL00021" HPOS="96" VPOS="918" WIDTH="208" HEIGHT="31">
						<String ID="P202_ST00168" HPOS="96" VPOS="918" WIDTH="67" HEIGHT="31" CONTENT='me,"' WC="0.79" CC="8000"/>
						<SP ID="P202_SP00148" HPOS="163" VPOS="949" WIDTH="14"/>
						<String ID="P202_ST00169" HPOS="177" VPOS="918" WIDTH="47" HEIGHT="26" CONTENT="she" WC="0.66" CC="460"/>
						<SP ID="P202_SP00149" HPOS="224" VPOS="949" WIDTH="15"/>
						<String ID="P202_ST00170" HPOS="239" VPOS="918" WIDTH="65" HEIGHT="26" CONTENT="said." WC="0.74" CC="62200"/>
					</TextLine>
				</TextBlock>
				<TextBlock ID="P202_TB00006" HPOS="95" VPOS="961" WIDTH="859" HEIGHT="78" STYLEREFS="TXT_1 PAR_LEFT">
					<TextLine ID="P202_TL00022" HPOS="134" VPOS="961" WIDTH="820" HEIGHT="36">
						<String ID="P202_ST00171" HPOS="134" VPOS="966" WIDTH="13" HEIGHT="9" CONTENT='"' WC="0.23" CC="7"/>
						<SP ID="P202_SP00150" HPOS="147" VPOS="975" WIDTH="9"/>
						<String ID="P202_ST00172" HPOS="156" VPOS="962" WIDTH="52" HEIGHT="26" CONTENT="We" WC="0.93" CC="10"/>
						<SP ID="P202_SP00151" HPOS="208" VPOS="988" WIDTH="14"/>
						<String ID="P202_ST00173" HPOS="222" VPOS="962" WIDTH="64" HEIGHT="34" CONTENT="only" WC="0.91" CC="0020"/>
						<SP ID="P202_SP00152" HPOS="286" VPOS="996" WIDTH="11"/>
						<String ID="P202_ST00174" HPOS="297" VPOS="971" WIDTH="75" HEIGHT="17" CONTENT="came" WC="0.84" CC="0330"/>
						<SP ID="P202_SP00153" HPOS="372" VPOS="996" WIDTH="13"/>
						<String ID="P202_ST00175" HPOS="385" VPOS="971" WIDTH="38" HEIGHT="26" CONTENT="up" WC="0.41" CC="83"/>
						<SP ID="P202_SP00154" HPOS="423" VPOS="997" WIDTH="14"/>
						<String ID="P202_ST00176" HPOS="437" VPOS="965" WIDTH="54" HEIGHT="23" CONTENT="two" WC="0.72" CC="080"/>
						<SP ID="P202_SP00155" HPOS="491" VPOS="997" WIDTH="14"/>
						<String ID="P202_ST00177" HPOS="505" VPOS="962" WIDTH="67" HEIGHT="35" CONTENT="days" WC="0.67" CC="4025"/>
						<SP ID="P202_SP00156" HPOS="572" VPOS="997" WIDTH="14"/>
						<String ID="P202_ST00178" HPOS="586" VPOS="971" WIDTH="56" HEIGHT="26" CONTENT="ago." WC="0.86" CC="0500"/>
						<SP ID="P202_SP00157" HPOS="642" VPOS="997" WIDTH="40"/>
						<String ID="P202_ST00179" HPOS="682" VPOS="962" WIDTH="15" HEIGHT="26" CONTENT="I" WC="0.83" CC="1"/>
						<SP ID="P202_SP00158" HPOS="697" VPOS="997" WIDTH="13"/>
						<String ID="P202_ST00180" HPOS="710" VPOS="965" WIDTH="94" HEIGHT="23" CONTENT="meant" WC="0.85" CC="00070"/>
						<SP ID="P202_SP00159" HPOS="804" VPOS="997" WIDTH="12"/>
						<String ID="P202_ST00181" HPOS="816" VPOS="965" WIDTH="29" HEIGHT="23" CONTENT="to" WC="0.82" CC="30"/>
						<SP ID="P202_SP00160" HPOS="845" VPOS="997" WIDTH="14"/>
						<String ID="P202_ST00182" HPOS="859" VPOS="961" WIDTH="52" HEIGHT="27" CONTENT="call" WC="0.86" CC="0005"/>
						<SP ID="P202_SP00161" HPOS="911" VPOS="997" WIDTH="9"/>
						<String ID="P202_ST00183" HPOS="920" VPOS="971" WIDTH="34" HEIGHT="17" CONTENT="on" WC="0.51" CC="26"/>
					</TextLine>
					<TextLine ID="P202_TL00023" HPOS="96" VPOS="1005" WIDTH="247" HEIGHT="34">
						<String ID="P202_ST00184" HPOS="96" VPOS="1015" WIDTH="56" HEIGHT="24" CONTENT="you" WC="0.54" CC="706"/>
						<SP ID="P202_SP00162" HPOS="152" VPOS="1039" WIDTH="12"/>
						<String ID="P202_ST00185" HPOS="164" VPOS="1005" WIDTH="179" HEIGHT="28" CONTENT='to-morrow."' WC="0.74" CC="00174200802"/>
					</TextLine>
				</TextBlock>
				<TextBlock ID="P202_TB00007" HPOS="96" VPOS="1049" WIDTH="857" HEIGHT="77" STYLEREFS="TXT_1 PAR_LEFT">
					<TextLine ID="P202_TL00024" HPOS="135" VPOS="1049" WIDTH="818" HEIGHT="35">
						<String ID="P202_ST00186" HPOS="135" VPOS="1053" WIDTH="14" HEIGHT="9" CONTENT='"' WC="1.00" CC="0"/>
						<SP ID="P202_SP00163" HPOS="149" VPOS="1062" WIDTH="12"/>
						<String ID="P202_ST00187" HPOS="161" VPOS="1049" WIDTH="13" HEIGHT="26" CONTENT="I" WC="0.92" CC="0"/>
						<SP ID="P202_SP00164" HPOS="174" VPOS="1075" WIDTH="15"/>
						<String ID="P202_ST00188" HPOS="189" VPOS="1049" WIDTH="71" HEIGHT="27" CONTENT="shall" WC="0.77" CC="52002"/>
						<SP ID="P202_SP00165" HPOS="260" VPOS="1076" WIDTH="13"/>
						<String ID="P202_ST00189" HPOS="273" VPOS="1049" WIDTH="69" HEIGHT="27" CONTENT="have" WC="0.84" CC="0600"/>
						<SP ID="P202_SP00166" HPOS="342" VPOS="1076" WIDTH="20"/>
						<String ID="P202_ST00190" HPOS="362" VPOS="1052" WIDTH="28" HEIGHT="23" CONTENT="to" WC="0.79" CC="21"/>
						<SP ID="P202_SP00167" HPOS="390" VPOS="1076" WIDTH="20"/>
						<String ID="P202_ST00191" HPOS="410" VPOS="1058" WIDTH="79" HEIGHT="18" CONTENT="move" WC="1.00" CC="0000"/>
						<SP ID="P202_SP00168" HPOS="489" VPOS="1076" WIDTH="22"/>
						<String ID="P202_ST00192" HPOS="511" VPOS="1058" WIDTH="35" HEIGHT="18" CONTENT="on" WC="0.63" CC="07"/>
						<SP ID="P202_SP00169" HPOS="546" VPOS="1076" WIDTH="20"/>
						<String ID="P202_ST00193" HPOS="566" VPOS="1049" WIDTH="122" HEIGHT="35" CONTENT="directly." WC="0.57" CC="767007440"/>
						<SP ID="P202_SP00170" HPOS="688" VPOS="1084" WIDTH="41"/>
						<String ID="P202_ST00194" HPOS="729" VPOS="1049" WIDTH="53" HEIGHT="28" CONTENT="Get" WC="0.71" CC="601"/>
						<SP ID="P202_SP00171" HPOS="782" VPOS="1084" WIDTH="13"/>
						<String ID="P202_ST00195" HPOS="795" VPOS="1049" WIDTH="31" HEIGHT="27" CONTENT="in" WC="0.46" CC="28"/>
						<SP ID="P202_SP00172" HPOS="826" VPOS="1084" WIDTH="13"/>
						<String ID="P202_ST00196" HPOS="839" VPOS="1049" WIDTH="54" HEIGHT="27" CONTENT="and" WC="0.88" CC="003"/>
						<SP ID="P202_SP00173" HPOS="893" VPOS="1084" WIDTH="13"/>
						<String ID="P202_ST00197" HPOS="906" VPOS="1049" WIDTH="47" HEIGHT="27" CONTENT="tell" WC="0.90" CC="0210"/>
					</TextLine>
					<TextLine ID="P202_TL00025" HPOS="97" VPOS="1093" WIDTH="520" HEIGHT="33">
						<String ID="P202_ST00198" HPOS="97" VPOS="1102" WIDTH="44" HEIGHT="17" CONTENT="me" WC="0.59" CC="80"/>
						<SP ID="P202_SP00174" HPOS="141" VPOS="1119" WIDTH="14"/>
						<String ID="P202_ST00199" HPOS="155" VPOS="1093" WIDTH="167" HEIGHT="33" CONTENT="everything." WC="0.78" CC="00003342801"/>
						<SP ID="P202_SP00175" HPOS="322" VPOS="1126" WIDTH="40"/>
						<String ID="P202_ST00200" HPOS="362" VPOS="1093" WIDTH="72" HEIGHT="26" CONTENT="Who" WC="0.91" CC="020"/>
						<SP ID="P202_SP00176" HPOS="434" VPOS="1126" WIDTH="13"/>
						<String ID="P202_ST00201" HPOS="447" VPOS="1102" WIDTH="44" HEIGHT="18" CONTENT="are" WC="0.81" CC="230"/>
						<SP ID="P202_SP00177" HPOS="491" VPOS="1126" WIDTH="15"/>
						<String ID="P202_ST00202" HPOS="506" VPOS="1096" WIDTH="6" HEIGHT="10" CONTENT="'" WC="0.59" CC="4"/>
						<SP ID="P202_SP00178" HPOS="512" VPOS="1126" WIDTH="10"/>
						<String ID="P202_ST00203" HPOS="522" VPOS="1102" WIDTH="40" HEIGHT="18" CONTENT="we" WC="0.59" CC="80"/>
						<String ID="P202_ST00204" HPOS="571" VPOS="1093" WIDTH="8" HEIGHT="12" CONTENT="'" WC="0.24" CC="7"/>
						<SP ID="P202_SP00179" HPOS="579" VPOS="1126" WIDTH="14"/>
						<String ID="P202_ST00205" HPOS="593" VPOS="1093" WIDTH="24" HEIGHT="27" CONTENT='?"' WC="0.68" CC="50"/>
					</TextLine>
				</TextBlock>
				<TextBlock ID="P202_TB00008" HPOS="98" VPOS="1136" WIDTH="856" HEIGHT="122" STYLEREFS="TXT_1 PAR_LEFT">
					<TextLine ID="P202_TL00026" HPOS="135" VPOS="1137" WIDTH="819" HEIGHT="35">
						<String ID="P202_ST00206" HPOS="135" VPOS="1137" WIDTH="106" HEIGHT="25" CONTENT="Walter" WC="0.71" CC="130308"/>
						<SP ID="P202_SP00180" HPOS="241" VPOS="1162" WIDTH="12"/>
						<String ID="P202_ST00207" HPOS="253" VPOS="1139" WIDTH="47" HEIGHT="32" CONTENT="got" WC="0.95" CC="000"/>
						<SP ID="P202_SP00181" HPOS="300" VPOS="1171" WIDTH="12"/>
						<String ID="P202_ST00208" HPOS="312" VPOS="1137" WIDTH="58" HEIGHT="25" CONTENT="into" WC="0.79" CC="0800"/>
						<SP ID="P202_SP00182" HPOS="370" VPOS="1171" WIDTH="14"/>
						<String ID="P202_ST00209" HPOS="384" VPOS="1137" WIDTH="47" HEIGHT="26" CONTENT="the" WC="0.71" CC="071"/>
						<SP ID="P202_SP00183" HPOS="431" VPOS="1171" WIDTH="14"/>
						<String ID="P202_ST00210" HPOS="445" VPOS="1137" WIDTH="126" HEIGHT="34" CONTENT="carriage," WC="0.80" CC="030462000"/>
						<SP ID="P202_SP00184" HPOS="571" VPOS="1171" WIDTH="13"/>
						<String ID="P202_ST00211" HPOS="584" VPOS="1138" WIDTH="54" HEIGHT="26" CONTENT="and" WC="0.56" CC="264"/>
						<SP ID="P202_SP00185" HPOS="638" VPOS="1171" WIDTH="10"/>
						<String ID="P202_ST00212" HPOS="648" VPOS="1137" WIDTH="145" HEIGHT="35" CONTENT="explained" WC="0.49" CC="667044806"/>
						<SP ID="P202_SP00186" HPOS="793" VPOS="1172" WIDTH="10"/>
						<String ID="P202_ST00213" HPOS="803" VPOS="1138" WIDTH="61" HEIGHT="27" CONTENT="that" WC="0.53" CC="5516"/>
						<SP ID="P202_SP00187" HPOS="864" VPOS="1172" WIDTH="13"/>
						<String ID="P202_ST00214" HPOS="877" VPOS="1137" WIDTH="77" HEIGHT="28" CONTENT='"we"' WC="0.74" CC="0505"/>
					</TextLine>
					<TextLine ID="P202_TL00027" HPOS="99" VPOS="1180" WIDTH="855" HEIGHT="37">
						<String ID="P202_ST00215" HPOS="99" VPOS="1183" WIDTH="93" HEIGHT="23" CONTENT="meant" WC="0.62" CC="80081"/>
						<SP ID="P202_SP00188" HPOS="192" VPOS="1206" WIDTH="14"/>
						<String ID="P202_ST00216" HPOS="206" VPOS="1180" WIDTH="43" HEIGHT="26" CONTENT="his" WC="0.79" CC="600"/>
						<SP ID="P202_SP00189" HPOS="249" VPOS="1206" WIDTH="13"/>
						<String ID="P202_ST00217" HPOS="262" VPOS="1180" WIDTH="88" HEIGHT="32" CONTENT="uncle," WC="0.82" CC="530002"/>
						<SP ID="P202_SP00190" HPOS="350" VPOS="1212" WIDTH="9"/>
						<String ID="P202_ST00218" HPOS="359" VPOS="1181" WIDTH="101" HEIGHT="32" CONTENT="cousin," WC="0.81" CC="0020280"/>
						<SP ID="P202_SP00191" HPOS="460" VPOS="1213" WIDTH="12"/>
						<String ID="P202_ST00219" HPOS="472" VPOS="1181" WIDTH="112" HEIGHT="32" CONTENT="mother," WC="0.83" CC="0045010"/>
						<SP ID="P202_SP00192" HPOS="584" VPOS="1213" WIDTH="11"/>
						<String ID="P202_ST00220" HPOS="595" VPOS="1182" WIDTH="54" HEIGHT="25" CONTENT="and" WC="0.49" CC="086"/>
						<SP ID="P202_SP00193" HPOS="649" VPOS="1213" WIDTH="13"/>
						<String ID="P202_ST00221" HPOS="662" VPOS="1181" WIDTH="127" HEIGHT="34" CONTENT="himself;" WC="0.72" CC="71020540"/>
						<SP ID="P202_SP00194" HPOS="789" VPOS="1215" WIDTH="20"/>
						<String ID="P202_ST00222" HPOS="809" VPOS="1182" WIDTH="67" HEIGHT="35" CONTENT="they" WC="0.76" CC="1304"/>
						<SP ID="P202_SP00195" HPOS="876" VPOS="1217" WIDTH="9"/>
						<String ID="P202_ST00223" HPOS="885" VPOS="1191" WIDTH="69" HEIGHT="18" CONTENT="were" WC="0.79" CC="5002"/>
					</TextLine>
					<TextLine ID="P202_TL00028" HPOS="98" VPOS="1224" WIDTH="529" HEIGHT="34">
						<String ID="P202_ST00224" HPOS="98" VPOS="1225" WIDTH="110" HEIGHT="33" CONTENT="staying" WC="0.66" CC="6211280"/>
						<SP ID="P202_SP00196" HPOS="208" VPOS="1258" WIDTH="10"/>
						<String ID="P202_ST00225" HPOS="218" VPOS="1227" WIDTH="28" HEIGHT="23" CONTENT="at" WC="0.66" CC="33"/>
						<SP ID="P202_SP00197" HPOS="246" VPOS="1258" WIDTH="13"/>
						<String ID="P202_ST00226" HPOS="259" VPOS="1232" WIDTH="35" HEIGHT="17" CONTENT="an" WC="0.70" CC="05"/>
						<SP ID="P202_SP00198" HPOS="294" VPOS="1258" WIDTH="13"/>
						<String ID="P202_ST00227" HPOS="307" VPOS="1224" WIDTH="76" HEIGHT="26" CONTENT="hotel" WC="0.78" CC="62001"/>
						<SP ID="P202_SP00199" HPOS="383" VPOS="1258" WIDTH="12"/>
						<String ID="P202_ST00228" HPOS="395" VPOS="1225" WIDTH="30" HEIGHT="25" CONTENT="in" WC="0.40" CC="38"/>
						<SP ID="P202_SP00200" HPOS="425" VPOS="1258" WIDTH="14"/>
						<String ID="P202_ST00229" HPOS="439" VPOS="1225" WIDTH="79" HEIGHT="26" CONTENT="Bond" WC="0.69" CC="7004"/>
						<SP ID="P202_SP00201" HPOS="518" VPOS="1258" WIDTH="14"/>
						<String ID="P202_ST00230" HPOS="532" VPOS="1225" WIDTH="95" HEIGHT="27" CONTENT="Street." WC="0.72" CC="5350040"/>
					</TextLine>
				</TextBlock>
				<TextBlock ID="P202_TB00009" HPOS="102" VPOS="1268" WIDTH="851" HEIGHT="79" STYLEREFS="TXT_1 PAR_LEFT">
					<TextLine ID="P202_TL00029" HPOS="136" VPOS="1268" WIDTH="817" HEIGHT="35">
						<String ID="P202_ST00231" HPOS="136" VPOS="1270" WIDTH="13" HEIGHT="12" CONTENT='"' WC="0.71" CC="2"/>
						<SP ID="P202_SP00202" HPOS="149" VPOS="1282" WIDTH="11"/>
						<String ID="P202_ST00232" HPOS="160" VPOS="1268" WIDTH="62" HEIGHT="25" CONTENT="You" WC="0.59" CC="217"/>
						<SP ID="P202_SP00203" HPOS="222" VPOS="1293" WIDTH="13"/>
						<String ID="P202_ST00233" HPOS="235" VPOS="1268" WIDTH="70" HEIGHT="26" CONTENT="have" WC="0.73" CC="8020"/>
						<SP ID="P202_SP00204" HPOS="305" VPOS="1294" WIDTH="20"/>
						<String ID="P202_ST00234" HPOS="325" VPOS="1268" WIDTH="87" HEIGHT="34" CONTENT="really" WC="0.76" CC="405003"/>
						<SP ID="P202_SP00205" HPOS="412" VPOS="1302" WIDTH="12"/>
						<String ID="P202_ST00235" HPOS="424" VPOS="1271" WIDTH="47" HEIGHT="32" CONTENT="got" WC="0.85" CC="004"/>
						<SP ID="P202_SP00206" HPOS="471" VPOS="1303" WIDTH="12"/>
						<String ID="P202_ST00236" HPOS="483" VPOS="1277" WIDTH="69" HEIGHT="26" CONTENT="your" WC="0.52" CC="3087"/>
						<SP ID="P202_SP00207" HPOS="552" VPOS="1303" WIDTH="14"/>
						<String ID="P202_ST00237" HPOS="566" VPOS="1278" WIDTH="72" HEIGHT="25" CONTENT="poor," WC="0.77" CC="60040"/>
						<SP ID="P202_SP00208" HPOS="638" VPOS="1303" WIDTH="15"/>
						<String ID="P202_ST00238" HPOS="653" VPOS="1270" WIDTH="52" HEIGHT="32" CONTENT="old," WC="0.74" CC="0450"/>
						<SP ID="P202_SP00209" HPOS="705" VPOS="1303" WIDTH="21"/>
						<String ID="P202_ST00239" HPOS="726" VPOS="1270" WIDTH="82" HEIGHT="27" CONTENT="uncle" WC="0.72" CC="67000"/>
						<SP ID="P202_SP00210" HPOS="808" VPOS="1303" WIDTH="22"/>
						<String ID="P202_ST00240" HPOS="830" VPOS="1273" WIDTH="29" HEIGHT="24" CONTENT="to" WC="0.69" CC="23"/>
						<SP ID="P202_SP00211" HPOS="859" VPOS="1303" WIDTH="20"/>
						<String ID="P202_ST00241" HPOS="879" VPOS="1280" WIDTH="74" HEIGHT="17" CONTENT="come" WC="0.58" CC="0088"/>
					</TextLine>
					<TextLine ID="P202_TL00030" HPOS="102" VPOS="1311" WIDTH="612" HEIGHT="36">
						<String ID="P202_ST00242" HPOS="102" VPOS="1320" WIDTH="39" HEIGHT="26" CONTENT="up" WC="0.18" CC="88"/>
						<SP ID="P202_SP00212" HPOS="141" VPOS="1346" WIDTH="9"/>
						<String ID="P202_ST00243" HPOS="150" VPOS="1313" WIDTH="9" HEIGHT="24" CONTENT="?" WC="0.40" CC="5"/>
						<String ID="P202_ST00244" HPOS="160" VPOS="1327" WIDTH="36" HEIGHT="4" CONTENT="—" WC="0.20" CC="8"/>
						<String ID="P202_ST00245" HPOS="197" VPOS="1311" WIDTH="60" HEIGHT="26" CONTENT="that" WC="0.91" CC="0200"/>
						<SP ID="P202_SP00213" HPOS="257" VPOS="1346" WIDTH="11"/>
						<String ID="P202_ST00246" HPOS="268" VPOS="1314" WIDTH="74" HEIGHT="23" CONTENT="must" WC="0.52" CC="6750"/>
						<SP ID="P202_SP00214" HPOS="342" VPOS="1346" WIDTH="14"/>
						<String ID="P202_ST00247" HPOS="356" VPOS="1312" WIDTH="37" HEIGHT="25" CONTENT="tie" WC="0.64" CC="280"/>
						<SP ID="P202_SP00215" HPOS="393" VPOS="1346" WIDTH="13"/>
						<String ID="P202_ST00248" HPOS="406" VPOS="1320" WIDTH="55" HEIGHT="26" CONTENT="you" WC="0.71" CC="026"/>
						<SP ID="P202_SP00216" HPOS="461" VPOS="1346" WIDTH="15"/>
						<String ID="P202_ST00249" HPOS="476" VPOS="1313" WIDTH="37" HEIGHT="25" CONTENT="all" WC="0.92" CC="001"/>
						<SP ID="P202_SP00217" HPOS="513" VPOS="1346" WIDTH="14"/>
						<String ID="P202_ST00250" HPOS="527" VPOS="1322" WIDTH="67" HEIGHT="25" CONTENT="very" WC="0.95" CC="0000"/>
						<SP ID="P202_SP00218" HPOS="594" VPOS="1347" WIDTH="13"/>
						<String ID="P202_ST00251" HPOS="607" VPOS="1314" WIDTH="107" HEIGHT="26" CONTENT='much."' WC="0.79" CC="600500"/>
					</TextLine>
				</TextBlock>
				<TextBlock ID="P202_TB00010" HPOS="116" VPOS="1355" WIDTH="838" HEIGHT="72" STYLEREFS="TXT_1 PAR_LEFT">
					<TextLine ID="P202_TL00031" HPOS="137" VPOS="1355" WIDTH="817" HEIGHT="36">
						<String ID="P202_ST00252" HPOS="137" VPOS="1358" WIDTH="13" HEIGHT="10" CONTENT='"' WC="0.60" CC="3"/>
						<SP ID="P202_SP00219" HPOS="150" VPOS="1368" WIDTH="9"/>
						<String ID="P202_ST00253" HPOS="159" VPOS="1355" WIDTH="57" HEIGHT="26" CONTENT="Not" WC="0.52" CC="805"/>
						<SP ID="P202_SP00220" HPOS="216" VPOS="1381" WIDTH="13"/>
						<String ID="P202_ST00254" HPOS="229" VPOS="1364" WIDTH="72" HEIGHT="17" CONTENT="more" WC="0.80" CC="7000"/>
						<SP ID="P202_SP00221" HPOS="301" VPOS="1381" WIDTH="15"/>
						<String ID="P202_ST00255" HPOS="316" VPOS="1355" WIDTH="67" HEIGHT="26" CONTENT="than" WC="0.46" CC="5708"/>
						<SP ID="P202_SP00222" HPOS="383" VPOS="1381" WIDTH="10"/>
						<String ID="P202_ST00256" HPOS="393" VPOS="1364" WIDTH="41" HEIGHT="17" CONTENT="we" WC="0.68" CC="60"/>
						<SP ID="P202_SP00223" HPOS="434" VPOS="1381" WIDTH="12"/>
						<String ID="P202_ST00257" HPOS="446" VPOS="1356" WIDTH="57" HEIGHT="26" CONTENT="like" WC="0.88" CC="3100"/>
						<SP ID="P202_SP00224" HPOS="503" VPOS="1382" WIDTH="13"/>
						<String ID="P202_ST00258" HPOS="516" VPOS="1359" WIDTH="28" HEIGHT="23" CONTENT="to" WC="0.68" CC="60"/>
						<SP ID="P202_SP00225" HPOS="544" VPOS="1382" WIDTH="14"/>
						<String ID="P202_ST00259" HPOS="558" VPOS="1357" WIDTH="33" HEIGHT="26" CONTENT="be" WC="0.58" CC="80"/>
						<SP ID="P202_SP00226" HPOS="591" VPOS="1383" WIDTH="14"/>
						<String ID="P202_ST00260" HPOS="605" VPOS="1357" WIDTH="57" HEIGHT="26" CONTENT="tied" WC="0.77" CC="1006"/>
						<SP ID="P202_SP00227" HPOS="662" VPOS="1383" WIDTH="11"/>
						<String ID="P202_ST00261" HPOS="673" VPOS="1368" WIDTH="6" HEIGHT="23" CONTENT=";" WC="0.89" CC="1"/>
						<SP ID="P202_SP00228" HPOS="679" VPOS="1391" WIDTH="20"/>
						<String ID="P202_ST00262" HPOS="699" VPOS="1358" WIDTH="33" HEIGHT="27" CONTENT="he" WC="0.85" CC="20"/>
						<SP ID="P202_SP00229" HPOS="732" VPOS="1391" WIDTH="14"/>
						<String ID="P202_ST00263" HPOS="746" VPOS="1358" WIDTH="24" HEIGHT="26" CONTENT="is" WC="0.67" CC="60"/>
						<SP ID="P202_SP00230" HPOS="770" VPOS="1391" WIDTH="10"/>
						<String ID="P202_ST00264" HPOS="780" VPOS="1361" WIDTH="49" HEIGHT="24" CONTENT="not" WC="0.56" CC="623"/>
						<SP ID="P202_SP00231" HPOS="829" VPOS="1391" WIDTH="13"/>
						<String ID="P202_ST00265" HPOS="842" VPOS="1367" WIDTH="29" HEIGHT="18" CONTENT="so" WC="1.00" CC="00"/>
						<SP ID="P202_SP00232" HPOS="871" VPOS="1391" WIDTH="15"/>
						<String ID="P202_ST00266" HPOS="886" VPOS="1358" WIDTH="68" HEIGHT="32" CONTENT="well," WC="0.60" CC="50670"/>
					</TextLine>
					<TextLine ID="P202_TL00032" HPOS="118" VPOS="1398" WIDTH="653" HEIGHT="29">
						<String ID="P202_ST00267" HPOS="118" VPOS="1398" WIDTH="37" HEIGHT="27" CONTENT="nd" WC="0.24" CC="77"/>
						<SP ID="P202_SP00233" HPOS="155" VPOS="1425" WIDTH="14"/>
						<String ID="P202_ST00268" HPOS="169" VPOS="1408" WIDTH="40" HEIGHT="17" CONTENT="we" WC="0.60" CC="70"/>
						<SP ID="P202_SP00234" HPOS="209" VPOS="1425" WIDTH="13"/>
						<String ID="P202_ST00269" HPOS="222" VPOS="1398" WIDTH="108" HEIGHT="27" CONTENT="wanted" WC="0.54" CC="806507"/>
						<SP ID="P202_SP00235" HPOS="330" VPOS="1425" WIDTH="14"/>
						<String ID="P202_ST00270" HPOS="344" VPOS="1398" WIDTH="57" HEIGHT="27" CONTENT="him" WC="0.54" CC="625"/>
						<SP ID="P202_SP00236" HPOS="401" VPOS="1425" WIDTH="13"/>
						<String ID="P202_ST00271" HPOS="414" VPOS="1403" WIDTH="29" HEIGHT="22" CONTENT="to" WC="0.71" CC="04"/>
						<SP ID="P202_SP00237" HPOS="443" VPOS="1425" WIDTH="13"/>
						<String ID="P202_ST00272" HPOS="456" VPOS="1408" WIDTH="44" HEIGHT="18" CONTENT="see" WC="0.80" CC="500"/>
						<SP ID="P202_SP00238" HPOS="500" VPOS="1426" WIDTH="14"/>
						<String ID="P202_ST00273" HPOS="514" VPOS="1400" WIDTH="114" HEIGHT="27" CONTENT="London" WC="0.41" CC="888406"/>
						<SP ID="P202_SP00239" HPOS="628" VPOS="1427" WIDTH="15"/>
						<String ID="P202_ST00274" HPOS="643" VPOS="1401" WIDTH="128" HEIGHT="26" CONTENT='doctors."' WC="0.74" CC="600613022"/>
					</TextLine>
				</TextBlock>
				<TextBlock ID="P202_TB00011" HPOS="104" VPOS="1441" WIDTH="851" HEIGHT="81" STYLEREFS="TXT_1 PAR_LEFT">
					<TextLine ID="P202_TL00033" HPOS="139" VPOS="1441" WIDTH="816" HEIGHT="41">
						<String ID="P202_ST00275" HPOS="139" VPOS="1442" WIDTH="74" HEIGHT="27" CONTENT="Here" WC="0.84" CC="6000"/>
						<SP ID="P202_SP00240" HPOS="213" VPOS="1469" WIDTH="7"/>
						<String ID="P202_ST00276" HPOS="220" VPOS="1441" WIDTH="48" HEIGHT="28" CONTENT="the" WC="0.78" CC="150"/>
						<SP ID="P202_SP00241" HPOS="268" VPOS="1469" WIDTH="7"/>
						<String ID="P202_ST00277" HPOS="275" VPOS="1442" WIDTH="129" HEIGHT="32" CONTENT="footman," WC="0.77" CC="03024070"/>
						<SP ID="P202_SP00242" HPOS="404" VPOS="1474" WIDTH="10"/>
						<String ID="P202_ST00278" HPOS="414" VPOS="1443" WIDTH="61" HEIGHT="26" CONTENT="who" WC="0.49" CC="842"/>
						<SP ID="P202_SP00243" HPOS="475" VPOS="1474" WIDTH="14"/>
						<String ID="P202_ST00279" HPOS="489" VPOS="1443" WIDTH="55" HEIGHT="26" CONTENT="had" WC="0.60" CC="407"/>
						<SP ID="P202_SP00244" HPOS="544" VPOS="1474" WIDTH="10"/>
						<String ID="P202_ST00280" HPOS="554" VPOS="1444" WIDTH="68" HEIGHT="27" CONTENT="been" WC="0.76" CC="7002"/>
						<SP ID="P202_SP00245" HPOS="622" VPOS="1474" WIDTH="9"/>
						<String ID="P202_ST00281" HPOS="631" VPOS="1445" WIDTH="113" HEIGHT="35" CONTENT="waiting" WC="0.65" CC="7002680"/>
						<SP ID="P202_SP00246" HPOS="744" VPOS="1480" WIDTH="8"/>
						<String ID="P202_ST00282" HPOS="752" VPOS="1446" WIDTH="41" HEIGHT="26" CONTENT="for" WC="0.80" CC="005"/>
						<SP ID="P202_SP00247" HPOS="793" VPOS="1480" WIDTH="8"/>
						<String ID="P202_ST00283" HPOS="801" VPOS="1447" WIDTH="154" HEIGHT="35" CONTENT="something" WC="0.69" CC="104065070"/>
					</TextLine>
					<TextLine ID="P202_TL00034" HPOS="105" VPOS="1485" WIDTH="792" HEIGHT="37">
						<String ID="P202_ST00284" HPOS="105" VPOS="1486" WIDTH="28" HEIGHT="27" CONTENT="in" WC="0.30" CC="58"/>
						<SP ID="P202_SP00248" HPOS="133" VPOS="1513" WIDTH="12"/>
						<String ID="P202_ST00285" HPOS="145" VPOS="1486" WIDTH="46" HEIGHT="27" CONTENT="the" WC="0.82" CC="050"/>
						<SP ID="P202_SP00249" HPOS="191" VPOS="1513" WIDTH="15"/>
						<String ID="P202_ST00286" HPOS="206" VPOS="1485" WIDTH="73" HEIGHT="36" CONTENT="shop," WC="0.62" CC="23084"/>
						<SP ID="P202_SP00250" HPOS="279" VPOS="1521" WIDTH="12"/>
						<String ID="P202_ST00287" HPOS="291" VPOS="1486" WIDTH="139" HEIGHT="34" CONTENT="appeared," WC="0.68" CC="077000067"/>
						<SP ID="P202_SP00251" HPOS="430" VPOS="1521" WIDTH="12"/>
						<String ID="P202_ST00288" HPOS="442" VPOS="1487" WIDTH="53" HEIGHT="26" CONTENT="and" WC="0.54" CC="067"/>
						<SP ID="P202_SP00252" HPOS="495" VPOS="1521" WIDTH="15"/>
						<String ID="P202_ST00289" HPOS="510" VPOS="1488" WIDTH="78" HEIGHT="26" CONTENT="stood" WC="0.60" CC="61226"/>
						<SP ID="P202_SP00253" HPOS="588" VPOS="1521" WIDTH="14"/>
						<String ID="P202_ST00290" HPOS="602" VPOS="1491" WIDTH="146" HEIGHT="31" CONTENT="expectant" WC="0.67" CC="008006175"/>
						<SP ID="P202_SP00254" HPOS="748" VPOS="1522" WIDTH="11"/>
						<String ID="P202_ST00291" HPOS="759" VPOS="1490" WIDTH="29" HEIGHT="26" CONTENT="of" WC="1.00" CC="00"/>
						<SP ID="P202_SP00255" HPOS="788" VPOS="1522" WIDTH="10"/>
						<String ID="P202_ST00292" HPOS="798" VPOS="1491" WIDTH="99" HEIGHT="27" CONTENT="orders." WC="0.82" CC="0340211"/>
					</TextLine>
				</TextBlock>
			</PrintSpace>
		</Page>
	</Layout>
</alto>
