<?xml version="1.0" encoding="UTF-8"?>
<alto xmlns:xsi="http://www.w3.org/2001/XMLSchema-instance" xsi:noNamespaceSchemaLocation="http://www.bl.uk/schemas/alto/alto-1-4.xsd" xmlns:xlink="http://www.w3.org/1999/xlink">
	<Description>
		<MeasurementUnit>mm10</MeasurementUnit>
		<sourceImageInformation>
			<fileName>//head1/IN/2008-08/A0011239203/000216.jp2</fileName>
		</sourceImageInformation>
		<OCRProcessing ID="OCRPROCESSING_1">
			<preProcessingStep>
				<processingSoftware>
					<softwareCreator>CCS Content Conversion Specialists GmbH, Germany</softwareCreator>
					<softwareName>CCS docWORKS</softwareName>
					<softwareVersion>6.1-0.67</softwareVersion>
				</processingSoftware>
			</preProcessingStep>
			<ocrProcessingStep>
				<processingSoftware>
					<softwareCreator>ABBYY (BIT Software), Russia</softwareCreator>
					<softwareName>Finereader</softwareName>
				</processingSoftware>
			</ocrProcessingStep>
		</OCRProcessing>
	</Description>
	<Styles>
		<TextStyle ID="TXT_0" FONTSIZE="10" FONTFAMILY="Courier New"/>
		<TextStyle ID="TXT_1" FONTSIZE="9" FONTFAMILY="Courier New"/>
		<ParagraphStyle ID="PAR_LEFT" ALIGN="Left"/>
		<ParagraphStyle ID="PAR_CENTER" ALIGN="Center"/>
		<ParagraphStyle ID="PAR_RIGHT" ALIGN="Right"/>
	</Styles>
	<Layout>
		<Page ID="P212" PHYSICAL_IMG_NR="212" HEIGHT="1673" WIDTH="1059" PRINTED_IMG_NR="204" POSITION="Left" ACCURACY="67.66">
			<TopMargin ID="P212_TM00001" HPOS="0" VPOS="0" WIDTH="1059" HEIGHT="109">
				<TextBlock ID="P212_TB00001" HPOS="122" VPOS="82" WIDTH="55" HEIGHT="25" STYLEREFS="TXT_0 PAR_LEFT">
					<TextLine ID="P212_TL00001" HPOS="122" VPOS="82" WIDTH="55" HEIGHT="25">
						<String ID="P212_ST00001" HPOS="122" VPOS="82" WIDTH="55" HEIGHT="25" CONTENT="204" WC="1.00" CC="000"/>
					</TextLine>
				</TextBlock>
				<TextBlock ID="P212_TB00002" HPOS="430" VPOS="88" WIDTH="247" HEIGHT="20" STYLEREFS="TXT_1 PAR_CENTER">
					<TextLine ID="P212_TL00002" HPOS="431" VPOS="89" WIDTH="246" HEIGHT="19">
						<String ID="P212_ST00002" HPOS="431" VPOS="90" WIDTH="116" HEIGHT="18" CONTENT="WALTER" WC="0.43" CC="488408"/>
						<SP ID="P212_SP00001" HPOS="547" VPOS="108" WIDTH="20"/>
						<String ID="P212_ST00003" HPOS="567" VPOS="89" WIDTH="110" HEIGHT="19" CONTENT="FORBES." WC="0.61" CC="5456130"/>
					</TextLine>
				</TextBlock>
			</TopMargin>
			<LeftMargin ID="P212_LM00001" HPOS="0" VPOS="109" WIDTH="121" HEIGHT="1437"/>
			<RightMargin ID="P212_RM00001" HPOS="993" VPOS="109" WIDTH="66" HEIGHT="1437"/>
			<BottomMargin ID="P212_BM00001" HPOS="0" VPOS="1546" WIDTH="1059" HEIGHT="127"/>
			<PrintSpace ID="P212_PS00001" HPOS="121" VPOS="109" WIDTH="872" HEIGHT="1437">
				<TextBlock ID="P212_TB00003" HPOS="121" VPOS="149" WIDTH="864" HEIGHT="819" STYLEREFS="TXT_1 PAR_LEFT">
					<TextLine ID="P212_TL00003" HPOS="122" VPOS="150" WIDTH="857" HEIGHT="38">
						<String ID="P212_ST00004" HPOS="122" VPOS="154" WIDTH="62" HEIGHT="26" CONTENT="how" WC="0.56" CC="606"/>
						<SP ID="P212_SP00002" HPOS="184" VPOS="180" WIDTH="9"/>
						<String ID="P212_ST00005" HPOS="193" VPOS="155" WIDTH="78" HEIGHT="26" CONTENT="Aunt" WC="0.46" CC="4574"/>
						<SP ID="P212_SP00003" HPOS="271" VPOS="181" WIDTH="13"/>
						<String ID="P212_ST00006" HPOS="284" VPOS="156" WIDTH="70" HEIGHT="25" CONTENT="Jane" WC="0.63" CC="2470"/>
						<SP ID="P212_SP00004" HPOS="354" VPOS="181" WIDTH="14"/>
						<String ID="P212_ST00007" HPOS="368" VPOS="163" WIDTH="63" HEIGHT="22" CONTENT="was," WC="0.68" CC="7130"/>
						<SP ID="P212_SP00005" HPOS="431" VPOS="185" WIDTH="17"/>
						<String ID="P212_ST00008" HPOS="448" VPOS="155" WIDTH="60" HEIGHT="25" CONTENT="that" WC="0.92" CC="3000"/>
						<SP ID="P212_SP00006" HPOS="508" VPOS="185" WIDTH="14"/>
						<String ID="P212_ST00009" HPOS="522" VPOS="154" WIDTH="118" HEIGHT="34" CONTENT="evening" WC="0.71" CC="0007561"/>
						<SP ID="P212_SP00007" HPOS="640" VPOS="188" WIDTH="12"/>
						<String ID="P212_ST00010" HPOS="652" VPOS="162" WIDTH="30" HEIGHT="17" CONTENT="or" WC="0.71" CC="05"/>
						<SP ID="P212_SP00008" HPOS="682" VPOS="188" WIDTH="14"/>
						<String ID="P212_ST00011" HPOS="696" VPOS="156" WIDTH="54" HEIGHT="22" CONTENT="not." WC="0.90" CC="0003"/>
						<SP ID="P212_SP00009" HPOS="750" VPOS="188" WIDTH="40"/>
						<String ID="P212_ST00012" HPOS="790" VPOS="150" WIDTH="121" HEIGHT="35" CONTENT="Leaving" WC="0.52" CC="7051468"/>
						<SP ID="P212_SP00010" HPOS="911" VPOS="188" WIDTH="20"/>
						<String ID="P212_ST00013" HPOS="931" VPOS="150" WIDTH="48" HEIGHT="26" CONTENT="the" WC="0.41" CC="277"/>
					</TextLine>
					<TextLine ID="P212_TL00004" HPOS="122" VPOS="194" WIDTH="858" HEIGHT="39">
						<String ID="P212_ST00014" HPOS="122" VPOS="201" WIDTH="99" HEIGHT="23" CONTENT="matter" WC="0.64" CC="744500"/>
						<SP ID="P212_SP00011" HPOS="221" VPOS="224" WIDTH="26"/>
						<String ID="P212_ST00015" HPOS="247" VPOS="199" WIDTH="57" HEIGHT="26" CONTENT="still" WC="0.74" CC="25050"/>
						<SP ID="P212_SP00012" HPOS="304" VPOS="225" WIDTH="22"/>
						<String ID="P212_ST00016" HPOS="326" VPOS="207" WIDTH="76" HEIGHT="26" CONTENT="open," WC="0.54" CC="07077"/>
						<SP ID="P212_SP00013" HPOS="402" VPOS="233" WIDTH="23"/>
						<String ID="P212_ST00017" HPOS="425" VPOS="199" WIDTH="34" HEIGHT="25" CONTENT="he" WC="0.67" CC="60"/>
						<SP ID="P212_SP00014" HPOS="459" VPOS="233" WIDTH="20"/>
						<String ID="P212_ST00018" HPOS="479" VPOS="198" WIDTH="112" HEIGHT="26" CONTENT="entered" WC="0.70" CC="0830304"/>
						<SP ID="P212_SP00015" HPOS="591" VPOS="233" WIDTH="18"/>
						<String ID="P212_ST00019" HPOS="609" VPOS="197" WIDTH="43" HEIGHT="26" CONTENT="his" WC="0.65" CC="703"/>
						<SP ID="P212_SP00016" HPOS="652" VPOS="233" WIDTH="20"/>
						<String ID="P212_ST00020" HPOS="672" VPOS="197" WIDTH="111" HEIGHT="33" CONTENT="library," WC="0.65" CC="07040662"/>
						<SP ID="P212_SP00017" HPOS="783" VPOS="233" WIDTH="20"/>
						<String ID="P212_ST00021" HPOS="803" VPOS="195" WIDTH="55" HEIGHT="27" CONTENT="and" WC="0.44" CC="187"/>
						<SP ID="P212_SP00018" HPOS="858" VPOS="233" WIDTH="22"/>
						<String ID="P212_ST00022" HPOS="880" VPOS="194" WIDTH="100" HEIGHT="27" CONTENT="looked" WC="0.79" CC="304003"/>
					</TextLine>
					<TextLine ID="P212_TL00005" HPOS="122" VPOS="238" WIDTH="859" HEIGHT="39">
						<String ID="P212_ST00023" HPOS="122" VPOS="241" WIDTH="123" HEIGHT="36" CONTENT="lovingly" WC="0.77" CC="00238004"/>
						<SP ID="P212_SP00019" HPOS="245" VPOS="277" WIDTH="26"/>
						<String ID="P212_ST00024" HPOS="271" VPOS="243" WIDTH="79" HEIGHT="34" CONTENT="along" WC="0.96" CC="00100"/>
						<SP ID="P212_SP00020" HPOS="350" VPOS="277" WIDTH="21"/>
						<String ID="P212_ST00025" HPOS="371" VPOS="242" WIDTH="47" HEIGHT="26" CONTENT="the" WC="0.97" CC="000"/>
						<SP ID="P212_SP00021" HPOS="418" VPOS="277" WIDTH="23"/>
						<String ID="P212_ST00026" HPOS="441" VPOS="241" WIDTH="113" HEIGHT="31" CONTENT="shelves," WC="0.71" CC="06064050"/>
						<SP ID="P212_SP00022" HPOS="554" VPOS="277" WIDTH="30"/>
						<String ID="P212_ST00027" HPOS="584" VPOS="249" WIDTH="66" HEIGHT="17" CONTENT="once" WC="0.82" CC="0700"/>
						<SP ID="P212_SP00023" HPOS="650" VPOS="277" WIDTH="24"/>
						<String ID="P212_ST00028" HPOS="674" VPOS="249" WIDTH="29" HEIGHT="17" CONTENT="so" WC="0.60" CC="25"/>
						<SP ID="P212_SP00024" HPOS="703" VPOS="277" WIDTH="24"/>
						<String ID="P212_ST00029" HPOS="727" VPOS="239" WIDTH="63" HEIGHT="27" CONTENT="well" WC="0.61" CC="7025"/>
						<SP ID="P212_SP00025" HPOS="790" VPOS="277" WIDTH="21"/>
						<String ID="P212_ST00030" HPOS="811" VPOS="238" WIDTH="75" HEIGHT="27" CONTENT="filled" WC="0.71" CC="006603"/>
						<SP ID="P212_SP00026" HPOS="886" VPOS="277" WIDTH="25"/>
						<String ID="P212_ST00031" HPOS="911" VPOS="238" WIDTH="70" HEIGHT="27" CONTENT="with" WC="0.48" CC="8047"/>
					</TextLine>
					<TextLine ID="P212_TL00006" HPOS="124" VPOS="283" WIDTH="858" HEIGHT="37">
						<String ID="P212_ST00032" HPOS="124" VPOS="285" WIDTH="119" HEIGHT="35" CONTENT="friendly" WC="0.66" CC="00007846"/>
						<SP ID="P212_SP00027" HPOS="243" VPOS="320" WIDTH="12"/>
						<String ID="P212_ST00033" HPOS="255" VPOS="286" WIDTH="131" HEIGHT="30" CONTENT="volumes," WC="0.72" CC="37015004"/>
						<SP ID="P212_SP00028" HPOS="386" VPOS="320" WIDTH="15"/>
						<String ID="P212_ST00034" HPOS="401" VPOS="286" WIDTH="50" HEIGHT="25" CONTENT="but" WC="0.60" CC="830"/>
						<SP ID="P212_SP00029" HPOS="451" VPOS="320" WIDTH="13"/>
						<String ID="P212_ST00035" HPOS="464" VPOS="294" WIDTH="62" HEIGHT="16" CONTENT="now" WC="0.52" CC="608"/>
						<SP ID="P212_SP00030" HPOS="526" VPOS="320" WIDTH="14"/>
						<String ID="P212_ST00036" HPOS="540" VPOS="285" WIDTH="68" HEIGHT="25" CONTENT="with" WC="0.56" CC="7540"/>
						<SP ID="P212_SP00031" HPOS="608" VPOS="320" WIDTH="14"/>
						<String ID="P212_ST00037" HPOS="622" VPOS="294" WIDTH="84" HEIGHT="24" CONTENT="many" WC="0.51" CC="1484"/>
						<SP ID="P212_SP00032" HPOS="706" VPOS="320" WIDTH="13"/>
						<String ID="P212_ST00038" HPOS="719" VPOS="293" WIDTH="65" HEIGHT="26" CONTENT="gaps" WC="0.67" CC="0074"/>
						<SP ID="P212_SP00033" HPOS="784" VPOS="320" WIDTH="15"/>
						<String ID="P212_ST00039" HPOS="799" VPOS="283" WIDTH="30" HEIGHT="26" CONTENT="in" WC="0.38" CC="47"/>
						<SP ID="P212_SP00034" HPOS="829" VPOS="320" WIDTH="16"/>
						<String ID="P212_ST00040" HPOS="845" VPOS="283" WIDTH="47" HEIGHT="26" CONTENT="the" WC="0.73" CC="080"/>
						<SP ID="P212_SP00035" HPOS="892" VPOS="320" WIDTH="19"/>
						<String ID="P212_ST00041" HPOS="911" VPOS="291" WIDTH="71" HEIGHT="18" CONTENT="rows" WC="0.68" CC="6130"/>
					</TextLine>
					<TextLine ID="P212_TL00007" HPOS="122" VPOS="327" WIDTH="860" HEIGHT="37">
						<String ID="P212_ST00042" HPOS="122" VPOS="329" WIDTH="33" HEIGHT="25" CONTENT="of" WC="0.57" CC="80"/>
						<SP ID="P212_SP00036" HPOS="155" VPOS="354" WIDTH="18"/>
						<String ID="P212_ST00043" HPOS="173" VPOS="329" WIDTH="91" HEIGHT="32" CONTENT="books," WC="0.71" CC="800062"/>
						<SP ID="P212_SP00037" HPOS="264" VPOS="361" WIDTH="21"/>
						<String ID="P212_ST00044" HPOS="285" VPOS="329" WIDTH="89" HEIGHT="35" CONTENT="owing" WC="0.51" CC="37282"/>
						<SP ID="P212_SP00038" HPOS="374" VPOS="364" WIDTH="20"/>
						<String ID="P212_ST00045" HPOS="394" VPOS="332" WIDTH="28" HEIGHT="22" CONTENT="to" WC="0.83" CC="30"/>
						<SP ID="P212_SP00039" HPOS="422" VPOS="364" WIDTH="20"/>
						<String ID="P212_ST00046" HPOS="442" VPOS="338" WIDTH="84" HEIGHT="25" CONTENT="many" WC="0.65" CC="6105"/>
						<SP ID="P212_SP00040" HPOS="526" VPOS="364" WIDTH="13"/>
						<String ID="P212_ST00047" HPOS="539" VPOS="329" WIDTH="102" HEIGHT="34" CONTENT="having" WC="0.61" CC="870070"/>
						<SP ID="P212_SP00041" HPOS="641" VPOS="364" WIDTH="13"/>
						<String ID="P212_ST00048" HPOS="654" VPOS="328" WIDTH="70" HEIGHT="26" CONTENT="been" WC="0.62" CC="8006"/>
						<SP ID="P212_SP00042" HPOS="724" VPOS="364" WIDTH="20"/>
						<String ID="P212_ST00049" HPOS="744" VPOS="327" WIDTH="84" HEIGHT="27" CONTENT="taken" WC="0.80" CC="20007"/>
						<SP ID="P212_SP00043" HPOS="828" VPOS="364" WIDTH="19"/>
						<String ID="P212_ST00050" HPOS="847" VPOS="330" WIDTH="29" HEIGHT="23" CONTENT="to" WC="0.90" CC="10"/>
						<SP ID="P212_SP00044" HPOS="876" VPOS="364" WIDTH="22"/>
						<String ID="P212_ST00051" HPOS="898" VPOS="327" WIDTH="84" HEIGHT="26" CONTENT="Cum" SUBS_TYPE="HypPart1" SUBS_CONTENT="Cumberland." WC="0.60" CC="6620"/>
						<HYP CONTENT="-"/>
					</TextLine>
					<TextLine ID="P212_TL00008" HPOS="125" VPOS="371" WIDTH="858" HEIGHT="36">
						<String ID="P212_ST00052" HPOS="125" VPOS="373" WIDTH="119" HEIGHT="26" CONTENT="berland." SUBS_TYPE="HypPart2" SUBS_CONTENT="Cumberland." WC="0.60" CC="80808060"/>
						<SP ID="P212_SP00045" HPOS="244" VPOS="399" WIDTH="53"/>
						<String ID="P212_ST00053" HPOS="297" VPOS="373" WIDTH="85" HEIGHT="26" CONTENT="These" WC="0.72" CC="56010"/>
						<SP ID="P212_SP00046" HPOS="382" VPOS="399" WIDTH="33"/>
						<String ID="P212_ST00054" HPOS="415" VPOS="381" WIDTH="66" HEIGHT="26" CONTENT="gaps" WC="0.78" CC="0044"/>
						<SP ID="P212_SP00047" HPOS="481" VPOS="407" WIDTH="36"/>
						<String ID="P212_ST00055" HPOS="517" VPOS="372" WIDTH="88" HEIGHT="27" CONTENT="vexed" WC="0.72" CC="10407"/>
						<SP ID="P212_SP00048" HPOS="605" VPOS="407" WIDTH="36"/>
						<String ID="P212_ST00056" HPOS="641" VPOS="371" WIDTH="112" HEIGHT="28" CONTENT="Walter." WC="0.74" CC="3133014"/>
						<SP ID="P212_SP00049" HPOS="753" VPOS="407" WIDTH="53"/>
						<String ID="P212_ST00057" HPOS="806" VPOS="371" WIDTH="72" HEIGHT="27" CONTENT="Soon" WC="0.65" CC="5008"/>
						<SP ID="P212_SP00050" HPOS="878" VPOS="407" WIDTH="35"/>
						<String ID="P212_ST00058" HPOS="913" VPOS="371" WIDTH="70" HEIGHT="27" CONTENT="after" WC="0.97" CC="00100"/>
					</TextLine>
					<TextLine ID="P212_TL00009" HPOS="126" VPOS="415" WIDTH="855" HEIGHT="36">
						<String ID="P212_ST00059" HPOS="126" VPOS="417" WIDTH="147" HEIGHT="34" CONTENT="reviewing" WC="0.66" CC="800008073"/>
						<SP ID="P212_SP00051" HPOS="273" VPOS="451" WIDTH="20"/>
						<String ID="P212_ST00060" HPOS="293" VPOS="417" WIDTH="47" HEIGHT="26" CONTENT="the" WC="0.70" CC="260"/>
						<SP ID="P212_SP00052" HPOS="340" VPOS="451" WIDTH="20"/>
						<String ID="P212_ST00061" HPOS="360" VPOS="417" WIDTH="92" HEIGHT="31" CONTENT="books," WC="0.90" CC="500000"/>
						<SP ID="P212_SP00053" HPOS="452" VPOS="451" WIDTH="20"/>
						<String ID="P212_ST00062" HPOS="472" VPOS="416" WIDTH="35" HEIGHT="27" CONTENT="he" WC="0.67" CC="60"/>
						<SP ID="P212_SP00054" HPOS="507" VPOS="451" WIDTH="18"/>
						<String ID="P212_ST00063" HPOS="525" VPOS="416" WIDTH="87" HEIGHT="27" CONTENT="found" WC="0.51" CC="50277"/>
						<SP ID="P212_SP00055" HPOS="612" VPOS="451" WIDTH="16"/>
						<String ID="P212_ST00064" HPOS="628" VPOS="416" WIDTH="113" HEIGHT="27" CONTENT="himself" WC="0.84" CC="5010030"/>
						<SP ID="P212_SP00056" HPOS="741" VPOS="451" WIDTH="17"/>
						<String ID="P212_ST00065" HPOS="758" VPOS="415" WIDTH="121" HEIGHT="34" CONTENT="walking" WC="0.60" CC="7050182"/>
						<SP ID="P212_SP00057" HPOS="879" VPOS="451" WIDTH="21"/>
						<String ID="P212_ST00066" HPOS="900" VPOS="415" WIDTH="81" HEIGHT="27" CONTENT="down" WC="0.35" CC="6287"/>
					</TextLine>
					<TextLine ID="P212_TL00010" HPOS="127" VPOS="460" WIDTH="854" HEIGHT="35">
						<String ID="P212_ST00067" HPOS="127" VPOS="460" WIDTH="48" HEIGHT="27" CONTENT="the" WC="0.87" CC="030"/>
						<SP ID="P212_SP00058" HPOS="175" VPOS="487" WIDTH="19"/>
						<String ID="P212_ST00068" HPOS="194" VPOS="460" WIDTH="63" HEIGHT="27" CONTENT="lane" WC="0.69" CC="4260"/>
						<SP ID="P212_SP00059" HPOS="257" VPOS="487" WIDTH="22"/>
						<String ID="P212_ST00069" HPOS="279" VPOS="460" WIDTH="118" HEIGHT="27" CONTENT="towards" WC="0.64" CC="3060870"/>
						<SP ID="P212_SP00060" HPOS="397" VPOS="487" WIDTH="28"/>
						<String ID="P212_ST00070" HPOS="425" VPOS="460" WIDTH="70" HEIGHT="27" CONTENT="Miss" WC="0.50" CC="0746"/>
						<SP ID="P212_SP00061" HPOS="495" VPOS="487" WIDTH="22"/>
						<String ID="P212_ST00071" HPOS="517" VPOS="460" WIDTH="178" HEIGHT="27" CONTENT="Lewisham's" WC="0.61" CC="7071270172"/>
						<SP ID="P212_SP00062" HPOS="695" VPOS="487" WIDTH="25"/>
						<String ID="P212_ST00072" HPOS="720" VPOS="460" WIDTH="102" HEIGHT="35" CONTENT="garden" WC="0.76" CC="050007"/>
						<SP ID="P212_SP00063" HPOS="822" VPOS="495" WIDTH="23"/>
						<String ID="P212_ST00073" HPOS="845" VPOS="462" WIDTH="136" HEIGHT="29" CONTENT="entrance," WC="0.65" CC="073650107"/>
					</TextLine>
					<TextLine ID="P212_TL00011" HPOS="127" VPOS="503" WIDTH="856" HEIGHT="36">
						<String ID="P212_ST00074" HPOS="127" VPOS="503" WIDTH="59" HEIGHT="27" CONTENT="still" WC="0.79" CC="52020"/>
						<SP ID="P212_SP00064" HPOS="186" VPOS="530" WIDTH="19"/>
						<String ID="P212_ST00075" HPOS="205" VPOS="504" WIDTH="151" HEIGHT="27" CONTENT="undecided" WC="0.69" CC="862000603"/>
						<SP ID="P212_SP00065" HPOS="356" VPOS="531" WIDTH="20"/>
						<String ID="P212_ST00076" HPOS="376" VPOS="504" WIDTH="24" HEIGHT="26" CONTENT="if" WC="0.91" CC="10"/>
						<SP ID="P212_SP00066" HPOS="400" VPOS="531" WIDTH="17"/>
						<String ID="P212_ST00077" HPOS="417" VPOS="504" WIDTH="34" HEIGHT="27" CONTENT="he" WC="0.63" CC="70"/>
						<SP ID="P212_SP00067" HPOS="451" VPOS="531" WIDTH="15"/>
						<String ID="P212_ST00078" HPOS="466" VPOS="504" WIDTH="92" HEIGHT="27" CONTENT="would" WC="0.60" CC="80234"/>
						<SP ID="P212_SP00068" HPOS="558" VPOS="531" WIDTH="14"/>
						<String ID="P212_ST00079" HPOS="572" VPOS="513" WIDTH="32" HEIGHT="26" CONTENT="go" WC="1.00" CC="00"/>
						<SP ID="P212_SP00069" HPOS="604" VPOS="539" WIDTH="15"/>
						<String ID="P212_ST00080" HPOS="619" VPOS="508" WIDTH="27" HEIGHT="22" CONTENT="to" WC="0.83" CC="30"/>
						<SP ID="P212_SP00070" HPOS="646" VPOS="539" WIDTH="20"/>
						<String ID="P212_ST00081" HPOS="666" VPOS="504" WIDTH="50" HEIGHT="27" CONTENT="her" WC="0.82" CC="500"/>
						<SP ID="P212_SP00071" HPOS="716" VPOS="539" WIDTH="19"/>
						<String ID="P212_ST00082" HPOS="735" VPOS="503" WIDTH="94" HEIGHT="27" CONTENT="house." WC="0.75" CC="707000"/>
						<SP ID="P212_SP00072" HPOS="829" VPOS="539" WIDTH="40"/>
						<String ID="P212_ST00083" HPOS="869" VPOS="504" WIDTH="114" HEIGHT="34" CONTENT="Having" WC="0.67" CC="720170"/>
					</TextLine>
					<TextLine ID="P212_TL00012" HPOS="127" VPOS="548" WIDTH="856" HEIGHT="34">
						<String ID="P212_ST00084" HPOS="127" VPOS="548" WIDTH="115" HEIGHT="26" CONTENT="reached" WC="0.75" CC="8000601"/>
						<SP ID="P212_SP00073" HPOS="242" VPOS="574" WIDTH="12"/>
						<String ID="P212_ST00085" HPOS="254" VPOS="548" WIDTH="47" HEIGHT="26" CONTENT="the" WC="0.76" CC="070"/>
						<SP ID="P212_SP00074" HPOS="301" VPOS="574" WIDTH="11"/>
						<String ID="P212_ST00086" HPOS="312" VPOS="548" WIDTH="105" HEIGHT="32" CONTENT="wicket," WC="0.66" CC="6402054"/>
						<SP ID="P212_SP00075" HPOS="417" VPOS="580" WIDTH="11"/>
						<String ID="P212_ST00087" HPOS="428" VPOS="548" WIDTH="35" HEIGHT="27" CONTENT="he" WC="0.61" CC="70"/>
						<SP ID="P212_SP00076" HPOS="463" VPOS="580" WIDTH="10"/>
						<String ID="P212_ST00088" HPOS="473" VPOS="548" WIDTH="111" HEIGHT="34" CONTENT="paused," WC="0.55" CC="4675071"/>
						<SP ID="P212_SP00077" HPOS="584" VPOS="582" WIDTH="11"/>
						<String ID="P212_ST00089" HPOS="595" VPOS="548" WIDTH="75" HEIGHT="27" CONTENT="leant" WC="0.71" CC="10174"/>
						<SP ID="P212_SP00078" HPOS="670" VPOS="582" WIDTH="14"/>
						<String ID="P212_ST00090" HPOS="684" VPOS="557" WIDTH="64" HEIGHT="17" CONTENT="over" WC="0.96" CC="0001"/>
						<SP ID="P212_SP00079" HPOS="748" VPOS="582" WIDTH="13"/>
						<String ID="P212_ST00091" HPOS="761" VPOS="548" WIDTH="22" HEIGHT="26" CONTENT="it" WC="0.70" CC="06"/>
						<SP ID="P212_SP00080" HPOS="783" VPOS="582" WIDTH="10"/>
						<String ID="P212_ST00092" HPOS="793" VPOS="548" WIDTH="41" HEIGHT="26" CONTENT="for" WC="0.94" CC="001"/>
						<SP ID="P212_SP00081" HPOS="834" VPOS="582" WIDTH="14"/>
						<String ID="P212_ST00093" HPOS="848" VPOS="557" WIDTH="15" HEIGHT="17" CONTENT="a" WC="0.95" CC="0"/>
						<SP ID="P212_SP00082" HPOS="863" VPOS="582" WIDTH="13"/>
						<String ID="P212_ST00094" HPOS="876" VPOS="548" WIDTH="107" HEIGHT="27" CONTENT="minute" WC="0.71" CC="018420"/>
					</TextLine>
					<TextLine ID="P212_TL00013" HPOS="127" VPOS="592" WIDTH="856" HEIGHT="35">
						<String ID="P212_ST00095" HPOS="127" VPOS="600" WIDTH="30" HEIGHT="18" CONTENT="or" WC="0.70" CC="14"/>
						<SP ID="P212_SP00083" HPOS="157" VPOS="618" WIDTH="13"/>
						<String ID="P212_ST00096" HPOS="170" VPOS="595" WIDTH="61" HEIGHT="28" CONTENT="two," WC="0.70" CC="5410"/>
						<SP ID="P212_SP00084" HPOS="231" VPOS="623" WIDTH="11"/>
						<String ID="P212_ST00097" HPOS="242" VPOS="592" WIDTH="67" HEIGHT="26" CONTENT="then" WC="0.71" CC="0307"/>
						<SP ID="P212_SP00085" HPOS="309" VPOS="623" WIDTH="14"/>
						<String ID="P212_ST00098" HPOS="323" VPOS="592" WIDTH="116" HEIGHT="27" CONTENT="entered." WC="0.71" CC="06207050"/>
						<SP ID="P212_SP00086" HPOS="439" VPOS="623" WIDTH="28"/>
						<String ID="P212_ST00099" HPOS="467" VPOS="592" WIDTH="44" HEIGHT="27" CONTENT="He" WC="0.63" CC="70"/>
						<SP ID="P212_SP00087" HPOS="511" VPOS="623" WIDTH="14"/>
						<String ID="P212_ST00100" HPOS="525" VPOS="592" WIDTH="105" HEIGHT="34" CONTENT="paused" WC="0.66" CC="506006"/>
						<SP ID="P212_SP00088" HPOS="630" VPOS="626" WIDTH="13"/>
						<String ID="P212_ST00101" HPOS="643" VPOS="592" WIDTH="81" HEIGHT="35" CONTENT="again" WC="0.59" CC="56007"/>
						<SP ID="P212_SP00089" HPOS="724" VPOS="627" WIDTH="13"/>
						<String ID="P212_ST00102" HPOS="737" VPOS="601" WIDTH="99" HEIGHT="25" CONTENT="among" WC="0.76" CC="04070"/>
						<SP ID="P212_SP00090" HPOS="836" VPOS="627" WIDTH="14"/>
						<String ID="P212_ST00103" HPOS="850" VPOS="592" WIDTH="46" HEIGHT="26" CONTENT="the" WC="0.76" CC="070"/>
						<SP ID="P212_SP00091" HPOS="896" VPOS="627" WIDTH="14"/>
						<String ID="P212_ST00104" HPOS="910" VPOS="600" WIDTH="73" HEIGHT="19" CONTENT="roses" WC="0.75" CC="70005"/>
					</TextLine>
					<TextLine ID="P212_TL00014" HPOS="127" VPOS="636" WIDTH="856" HEIGHT="35">
						<String ID="P212_ST00105" HPOS="127" VPOS="636" WIDTH="34" HEIGHT="26" CONTENT="he" WC="0.61" CC="70"/>
						<SP ID="P212_SP00092" HPOS="161" VPOS="662" WIDTH="21"/>
						<String ID="P212_ST00106" HPOS="182" VPOS="636" WIDTH="53" HEIGHT="26" CONTENT="and" WC="0.49" CC="077"/>
						<SP ID="P212_SP00093" HPOS="235" VPOS="662" WIDTH="14"/>
						<String ID="P212_ST00107" HPOS="249" VPOS="636" WIDTH="61" HEIGHT="27" CONTENT="Ada" WC="0.32" CC="766"/>
						<SP ID="P212_SP00094" HPOS="310" VPOS="663" WIDTH="20"/>
						<String ID="P212_ST00108" HPOS="330" VPOS="636" WIDTH="54" HEIGHT="26" CONTENT="had" WC="0.29" CC="676"/>
						<SP ID="P212_SP00095" HPOS="384" VPOS="663" WIDTH="18"/>
						<String ID="P212_ST00109" HPOS="402" VPOS="645" WIDTH="67" HEIGHT="18" CONTENT="once" WC="0.72" CC="4600"/>
						<SP ID="P212_SP00096" HPOS="469" VPOS="663" WIDTH="19"/>
						<String ID="P212_ST00110" HPOS="488" VPOS="636" WIDTH="106" HEIGHT="35" CONTENT="pruned" WC="0.56" CC="703707"/>
						<SP ID="P212_SP00097" HPOS="594" VPOS="671" WIDTH="21"/>
						<String ID="P212_ST00111" HPOS="615" VPOS="636" WIDTH="125" HEIGHT="34" CONTENT="together" WC="0.64" CC="53314702"/>
						<String ID="P212_ST00112" HPOS="748" VPOS="647" WIDTH="6" HEIGHT="22" CONTENT=";" WC="0.55" CC="4"/>
						<SP ID="P212_SP00098" HPOS="754" VPOS="671" WIDTH="19"/>
						<String ID="P212_ST00113" HPOS="773" VPOS="636" WIDTH="57" HEIGHT="27" CONTENT="hke" WC="0.66" CC="810"/>
						<SP ID="P212_SP00099" HPOS="830" VPOS="671" WIDTH="20"/>
						<String ID="P212_ST00114" HPOS="850" VPOS="636" WIDTH="43" HEIGHT="26" CONTENT="his" WC="0.75" CC="700"/>
						<SP ID="P212_SP00100" HPOS="893" VPOS="671" WIDTH="20"/>
						<String ID="P212_ST00115" HPOS="913" VPOS="645" WIDTH="70" HEIGHT="24" CONTENT="owd," WC="0.44" CC="0687"/>
					</TextLine>
					<TextLine ID="P212_TL00015" HPOS="127" VPOS="680" WIDTH="856" HEIGHT="34">
						<String ID="P212_ST00116" HPOS="127" VPOS="680" WIDTH="67" HEIGHT="33" CONTENT="they" WC="0.76" CC="0305"/>
						<SP ID="P212_SP00101" HPOS="194" VPOS="713" WIDTH="14"/>
						<String ID="P212_ST00117" HPOS="208" VPOS="680" WIDTH="57" HEIGHT="26" CONTENT="told" WC="0.53" CC="6074"/>
						<SP ID="P212_SP00102" HPOS="265" VPOS="713" WIDTH="14"/>
						<String ID="P212_ST00118" HPOS="279" VPOS="680" WIDTH="60" HEIGHT="26" CONTENT="that" WC="0.40" CC="6456"/>
						<SP ID="P212_SP00103" HPOS="339" VPOS="713" WIDTH="14"/>
						<String ID="P212_ST00119" HPOS="353" VPOS="680" WIDTH="46" HEIGHT="27" CONTENT="the" WC="0.66" CC="504"/>
						<SP ID="P212_SP00104" HPOS="399" VPOS="713" WIDTH="18"/>
						<String ID="P212_ST00120" HPOS="417" VPOS="680" WIDTH="75" HEIGHT="27" CONTENT="hand" WC="0.42" CC="7088"/>
						<SP ID="P212_SP00105" HPOS="492" VPOS="713" WIDTH="19"/>
						<String ID="P212_ST00121" HPOS="511" VPOS="680" WIDTH="62" HEIGHT="27" CONTENT="that" WC="0.51" CC="6723"/>
						<SP ID="P212_SP00106" HPOS="573" VPOS="713" WIDTH="16"/>
						<String ID="P212_ST00122" HPOS="589" VPOS="680" WIDTH="92" HEIGHT="27" CONTENT="would" WC="0.34" CC="85747"/>
						<SP ID="P212_SP00107" HPOS="681" VPOS="713" WIDTH="17"/>
						<String ID="P212_ST00123" HPOS="698" VPOS="680" WIDTH="71" HEIGHT="27" CONTENT="have" WC="0.65" CC="6700"/>
						<SP ID="P212_SP00108" HPOS="769" VPOS="713" WIDTH="17"/>
						<String ID="P212_ST00124" HPOS="786" VPOS="680" WIDTH="107" HEIGHT="34" CONTENT="pruned" WC="0.52" CC="616806"/>
						<SP ID="P212_SP00109" HPOS="893" VPOS="714" WIDTH="13"/>
						<String ID="P212_ST00125" HPOS="906" VPOS="680" WIDTH="77" HEIGHT="27" CONTENT="them" WC="0.54" CC="3707"/>
					</TextLine>
					<TextLine ID="P212_TL00016" HPOS="127" VPOS="724" WIDTH="856" HEIGHT="35">
						<String ID="P212_ST00126" HPOS="127" VPOS="727" WIDTH="28" HEIGHT="22" CONTENT="at" WC="0.37" CC="74"/>
						<SP ID="P212_SP00110" HPOS="155" VPOS="749" WIDTH="11"/>
						<String ID="P212_ST00127" HPOS="166" VPOS="724" WIDTH="47" HEIGHT="26" CONTENT="the" WC="0.72" CC="170"/>
						<SP ID="P212_SP00111" HPOS="213" VPOS="750" WIDTH="9"/>
						<String ID="P212_ST00128" HPOS="222" VPOS="724" WIDTH="71" HEIGHT="34" CONTENT="right" WC="0.53" CC="55075"/>
						<SP ID="P212_SP00112" HPOS="293" VPOS="758" WIDTH="10"/>
						<String ID="P212_ST00129" HPOS="303" VPOS="733" WIDTH="94" HEIGHT="17" CONTENT="season" WC="0.86" CC="000008"/>
						<SP ID="P212_SP00113" HPOS="397" VPOS="758" WIDTH="10"/>
						<String ID="P212_ST00130" HPOS="407" VPOS="724" WIDTH="53" HEIGHT="26" CONTENT="had" WC="0.39" CC="637"/>
						<SP ID="P212_SP00114" HPOS="460" VPOS="758" WIDTH="10"/>
						<String ID="P212_ST00131" HPOS="470" VPOS="724" WIDTH="70" HEIGHT="26" CONTENT="been" WC="0.75" CC="8001"/>
						<SP ID="P212_SP00115" HPOS="540" VPOS="758" WIDTH="11"/>
						<String ID="P212_ST00132" HPOS="551" VPOS="733" WIDTH="85" HEIGHT="25" CONTENT="away." WC="0.63" CC="06352"/>
						<SP ID="P212_SP00116" HPOS="636" VPOS="758" WIDTH="31"/>
						<String ID="P212_ST00133" HPOS="667" VPOS="724" WIDTH="26" HEIGHT="26" CONTENT="A" WC="0.23" CC="7"/>
						<SP ID="P212_SP00117" HPOS="693" VPOS="758" WIDTH="10"/>
						<String ID="P212_ST00134" HPOS="703" VPOS="724" WIDTH="153" HEIGHT="35" CONTENT="gardener's" WC="0.78" CC="0007060600"/>
						<SP ID="P212_SP00118" HPOS="856" VPOS="759" WIDTH="8"/>
						<String ID="P212_ST00135" HPOS="864" VPOS="724" WIDTH="119" HEIGHT="34" CONTENT="impulse" WC="0.71" CC="2067020"/>
					</TextLine>
					<TextLine ID="P212_TL00017" HPOS="127" VPOS="768" WIDTH="858" HEIGHT="34">
						<String ID="P212_ST00136" HPOS="127" VPOS="768" WIDTH="45" HEIGHT="25" CONTENT="led" WC="0.66" CC="207"/>
						<SP ID="P212_SP00119" HPOS="172" VPOS="793" WIDTH="20"/>
						<String ID="P212_ST00137" HPOS="192" VPOS="768" WIDTH="57" HEIGHT="25" CONTENT="him" WC="0.76" CC="700"/>
						<SP ID="P212_SP00120" HPOS="249" VPOS="793" WIDTH="21"/>
						<String ID="P212_ST00138" HPOS="270" VPOS="771" WIDTH="28" HEIGHT="23" CONTENT="to" WC="0.86" CC="20"/>
						<SP ID="P212_SP00121" HPOS="298" VPOS="794" WIDTH="18"/>
						<String ID="P212_ST00139" HPOS="316" VPOS="769" WIDTH="64" HEIGHT="25" CONTENT="take" WC="0.83" CC="3200"/>
						<SP ID="P212_SP00122" HPOS="380" VPOS="794" WIDTH="21"/>
						<String ID="P212_ST00140" HPOS="401" VPOS="771" WIDTH="48" HEIGHT="23" CONTENT="out" WC="0.64" CC="064"/>
						<SP ID="P212_SP00123" HPOS="449" VPOS="794" WIDTH="19"/>
						<String ID="P212_ST00141" HPOS="468" VPOS="768" WIDTH="42" HEIGHT="26" CONTENT="his" WC="0.62" CC="308"/>
						<SP ID="P212_SP00124" HPOS="510" VPOS="794" WIDTH="24"/>
						<String ID="P212_ST00142" HPOS="534" VPOS="769" WIDTH="76" HEIGHT="25" CONTENT="knife" WC="0.87" CC="04200"/>
						<SP ID="P212_SP00125" HPOS="610" VPOS="794" WIDTH="20"/>
						<String ID="P212_ST00143" HPOS="630" VPOS="768" WIDTH="52" HEIGHT="26" CONTENT="and" WC="0.56" CC="066"/>
						<SP ID="P212_SP00126" HPOS="682" VPOS="794" WIDTH="22"/>
						<String ID="P212_ST00144" HPOS="704" VPOS="771" WIDTH="47" HEIGHT="23" CONTENT="cut" WC="0.85" CC="030"/>
						<SP ID="P212_SP00127" HPOS="751" VPOS="794" WIDTH="27"/>
						<String ID="P212_ST00145" HPOS="778" VPOS="777" WIDTH="78" HEIGHT="25" CONTENT="away" WC="0.58" CC="0555"/>
						<SP ID="P212_SP00128" HPOS="856" VPOS="802" WIDTH="22"/>
						<String ID="P212_ST00146" HPOS="878" VPOS="776" WIDTH="52" HEIGHT="18" CONTENT="one" WC="0.79" CC="060"/>
						<SP ID="P212_SP00129" HPOS="930" VPOS="802" WIDTH="26"/>
						<String ID="P212_ST00147" HPOS="956" VPOS="776" WIDTH="29" HEIGHT="18" CONTENT="or" WC="0.71" CC="05"/>
					</TextLine>
					<TextLine ID="P212_TL00018" HPOS="127" VPOS="812" WIDTH="856" HEIGHT="34">
						<String ID="P212_ST00148" HPOS="127" VPOS="814" WIDTH="56" HEIGHT="23" CONTENT="two" WC="0.49" CC="572"/>
						<SP ID="P212_SP00130" HPOS="183" VPOS="837" WIDTH="20"/>
						<String ID="P212_ST00149" HPOS="203" VPOS="813" WIDTH="29" HEIGHT="24" CONTENT="of" WC="1.00" CC="00"/>
						<SP ID="P212_SP00131" HPOS="232" VPOS="837" WIDTH="17"/>
						<String ID="P212_ST00150" HPOS="249" VPOS="812" WIDTH="46" HEIGHT="26" CONTENT="the" WC="0.64" CC="540"/>
						<SP ID="P212_SP00132" HPOS="295" VPOS="838" WIDTH="20"/>
						<String ID="P212_ST00151" HPOS="315" VPOS="812" WIDTH="64" HEIGHT="34" CONTENT="long" WC="0.73" CC="0072"/>
						<SP ID="P212_SP00133" HPOS="379" VPOS="846" WIDTH="21"/>
						<String ID="P212_ST00152" HPOS="400" VPOS="812" WIDTH="92" HEIGHT="26" CONTENT="shoots" WC="0.76" CC="270030"/>
						<SP ID="P212_SP00134" HPOS="492" VPOS="846" WIDTH="19"/>
						<String ID="P212_ST00153" HPOS="511" VPOS="812" WIDTH="121" HEIGHT="34" CONTENT="growing" WC="0.72" CC="0207180"/>
						<SP ID="P212_SP00135" HPOS="632" VPOS="846" WIDTH="20"/>
						<String ID="P212_ST00154" HPOS="652" VPOS="813" WIDTH="69" HEIGHT="25" CONTENT="from" WC="0.96" CC="1000"/>
						<SP ID="P212_SP00136" HPOS="721" VPOS="846" WIDTH="20"/>
						<String ID="P212_ST00155" HPOS="741" VPOS="812" WIDTH="49" HEIGHT="26" CONTENT="the" WC="0.75" CC="051"/>
						<SP ID="P212_SP00137" HPOS="790" VPOS="846" WIDTH="13"/>
						<String ID="P212_ST00156" HPOS="803" VPOS="815" WIDTH="73" HEIGHT="23" CONTENT="roots" WC="0.79" CC="20025"/>
						<SP ID="P212_SP00138" HPOS="876" VPOS="846" WIDTH="14"/>
						<String ID="P212_ST00157" HPOS="890" VPOS="813" WIDTH="30" HEIGHT="25" CONTENT="of" WC="0.92" CC="01"/>
						<SP ID="P212_SP00139" HPOS="920" VPOS="846" WIDTH="17"/>
						<String ID="P212_ST00158" HPOS="937" VPOS="812" WIDTH="46" HEIGHT="26" CONTENT="the" WC="0.60" CC="470"/>
					</TextLine>
					<TextLine ID="P212_TL00019" HPOS="128" VPOS="855" WIDTH="857" HEIGHT="35">
						<String ID="P212_ST00159" HPOS="128" VPOS="863" WIDTH="59" HEIGHT="18" CONTENT="rose" WC="0.67" CC="6060"/>
						<SP ID="P212_SP00140" HPOS="187" VPOS="881" WIDTH="13"/>
						<String ID="P212_ST00160" HPOS="200" VPOS="855" WIDTH="98" HEIGHT="26" CONTENT="stocks." WC="0.71" CC="1210255"/>
						<SP ID="P212_SP00141" HPOS="298" VPOS="881" WIDTH="40"/>
						<String ID="P212_ST00161" HPOS="338" VPOS="856" WIDTH="39" HEIGHT="25" CONTENT="As" WC="0.69" CC="60"/>
						<SP ID="P212_SP00142" HPOS="377" VPOS="881" WIDTH="15"/>
						<String ID="P212_ST00162" HPOS="392" VPOS="855" WIDTH="34" HEIGHT="26" CONTENT="he" WC="0.63" CC="70"/>
						<SP ID="P212_SP00143" HPOS="426" VPOS="881" WIDTH="11"/>
						<String ID="P212_ST00163" HPOS="437" VPOS="864" WIDTH="55" HEIGHT="17" CONTENT="was" WC="0.88" CC="101"/>
						<SP ID="P212_SP00144" HPOS="492" VPOS="881" WIDTH="14"/>
						<String ID="P212_ST00164" HPOS="506" VPOS="864" WIDTH="28" HEIGHT="17" CONTENT="so" WC="0.75" CC="40"/>
						<SP ID="P212_SP00145" HPOS="534" VPOS="881" WIDTH="21"/>
						<String ID="P212_ST00165" HPOS="555" VPOS="856" WIDTH="152" HEIGHT="34" CONTENT="employed," WC="0.67" CC="077004062"/>
						<SP ID="P212_SP00146" HPOS="707" VPOS="890" WIDTH="13"/>
						<String ID="P212_ST00166" HPOS="720" VPOS="856" WIDTH="34" HEIGHT="26" CONTENT="he" WC="0.61" CC="70"/>
						<SP ID="P212_SP00147" HPOS="754" VPOS="890" WIDTH="18"/>
						<String ID="P212_ST00167" HPOS="772" VPOS="856" WIDTH="84" HEIGHT="26" CONTENT="heard" WC="0.68" CC="70008"/>
						<SP ID="P212_SP00148" HPOS="856" VPOS="890" WIDTH="14"/>
						<String ID="P212_ST00168" HPOS="870" VPOS="865" WIDTH="15" HEIGHT="17" CONTENT="a" WC="1.00" CC="0"/>
						<SP ID="P212_SP00149" HPOS="885" VPOS="890" WIDTH="14"/>
						<String ID="P212_ST00169" HPOS="899" VPOS="856" WIDTH="86" HEIGHT="25" CONTENT="man's" WC="0.32" CC="46877"/>
					</TextLine>
					<TextLine ID="P212_TL00020" HPOS="127" VPOS="899" WIDTH="858" HEIGHT="35">
						<String ID="P212_ST00170" HPOS="127" VPOS="901" WIDTH="62" HEIGHT="32" CONTENT="step" WC="0.64" CC="5007"/>
						<SP ID="P212_SP00150" HPOS="189" VPOS="933" WIDTH="23"/>
						<String ID="P212_ST00171" HPOS="212" VPOS="899" WIDTH="108" HEIGHT="35" CONTENT="coming" WC="0.85" CC="000170"/>
						<SP ID="P212_SP00151" HPOS="320" VPOS="934" WIDTH="23"/>
						<String ID="P212_ST00172" HPOS="343" VPOS="899" WIDTH="80" HEIGHT="26" CONTENT="down" WC="0.36" CC="6278"/>
						<SP ID="P212_SP00152" HPOS="423" VPOS="934" WIDTH="22"/>
						<String ID="P212_ST00173" HPOS="445" VPOS="899" WIDTH="47" HEIGHT="26" CONTENT="the" WC="0.74" CC="330"/>
						<SP ID="P212_SP00153" HPOS="492" VPOS="934" WIDTH="20"/>
						<String ID="P212_ST00174" HPOS="512" VPOS="899" WIDTH="80" HEIGHT="27" CONTENT="walk." WC="0.67" CC="80160"/>
						<SP ID="P212_SP00154" HPOS="592" VPOS="934" WIDTH="40"/>
						<String ID="P212_ST00175" HPOS="632" VPOS="900" WIDTH="28" HEIGHT="25" CONTENT="It" WC="0.57" CC="43"/>
						<SP ID="P212_SP00155" HPOS="660" VPOS="934" WIDTH="20"/>
						<String ID="P212_ST00176" HPOS="680" VPOS="908" WIDTH="55" HEIGHT="18" CONTENT="was" WC="0.51" CC="860"/>
						<SP ID="P212_SP00156" HPOS="735" VPOS="934" WIDTH="22"/>
						<String ID="P212_ST00177" HPOS="757" VPOS="900" WIDTH="45" HEIGHT="26" CONTENT="old" WC="0.57" CC="407"/>
						<SP ID="P212_SP00157" HPOS="802" VPOS="934" WIDTH="20"/>
						<String ID="P212_ST00178" HPOS="822" VPOS="900" WIDTH="163" HEIGHT="34" CONTENT="Thompson." WC="0.76" CC="045083000"/>
					</TextLine>
					<TextLine ID="P212_TL00021" HPOS="130" VPOS="943" WIDTH="445" HEIGHT="25">
						<String ID="P212_ST00179" HPOS="130" VPOS="943" WIDTH="44" HEIGHT="25" CONTENT="He" WC="0.59" CC="80"/>
						<SP ID="P212_SP00158" HPOS="174" VPOS="968" WIDTH="15"/>
						<String ID="P212_ST00180" HPOS="189" VPOS="943" WIDTH="102" HEIGHT="25" CONTENT="started" WC="0.67" CC="0504308"/>
						<SP ID="P212_SP00159" HPOS="291" VPOS="968" WIDTH="13"/>
						<String ID="P212_ST00181" HPOS="304" VPOS="951" WIDTH="28" HEIGHT="17" CONTENT="as" WC="0.82" CC="11"/>
						<SP ID="P212_SP00160" HPOS="332" VPOS="968" WIDTH="14"/>
						<String ID="P212_ST00182" HPOS="346" VPOS="943" WIDTH="35" HEIGHT="25" CONTENT="he" WC="0.60" CC="70"/>
						<SP ID="P212_SP00161" HPOS="381" VPOS="968" WIDTH="14"/>
						<String ID="P212_ST00183" HPOS="395" VPOS="952" WIDTH="55" HEIGHT="16" CONTENT="saw" WC="0.48" CC="266"/>
						<SP ID="P212_SP00162" HPOS="450" VPOS="968" WIDTH="14"/>
						<String ID="P212_ST00184" HPOS="464" VPOS="943" WIDTH="111" HEIGHT="25" CONTENT="Walter." WC="0.66" CC="2248050"/>
					</TextLine>
				</TextBlock>
				<TextBlock ID="P212_TB00004" HPOS="129" VPOS="987" WIDTH="857" HEIGHT="77" STYLEREFS="TXT_1 PAR_LEFT">
					<TextLine ID="P212_TL00022" HPOS="166" VPOS="987" WIDTH="820" HEIGHT="35">
						<String ID="P212_ST00185" HPOS="166" VPOS="989" WIDTH="13" HEIGHT="11" CONTENT='"' WC="1.00" CC="0"/>
						<SP ID="P212_SP00163" HPOS="179" VPOS="1000" WIDTH="9"/>
						<String ID="P212_ST00186" HPOS="188" VPOS="987" WIDTH="82" HEIGHT="34" CONTENT="Why," WC="0.79" CC="0340"/>
						<SP ID="P212_SP00164" HPOS="270" VPOS="1021" WIDTH="21"/>
						<String ID="P212_ST00187" HPOS="291" VPOS="987" WIDTH="51" HEIGHT="26" CONTENT="Mr." WC="0.72" CC="340"/>
						<SP ID="P212_SP00165" HPOS="342" VPOS="1021" WIDTH="21"/>
						<String ID="P212_ST00188" HPOS="363" VPOS="987" WIDTH="107" HEIGHT="32" CONTENT="Forbes," WC="0.61" CC="6207027"/>
						<SP ID="P212_SP00166" HPOS="470" VPOS="1021" WIDTH="14"/>
						<String ID="P212_ST00189" HPOS="484" VPOS="988" WIDTH="43" HEIGHT="31" CONTENT="sir," WC="0.69" CC="1036"/>
						<SP ID="P212_SP00167" HPOS="527" VPOS="1021" WIDTH="15"/>
						<String ID="P212_ST00190" HPOS="542" VPOS="988" WIDTH="15" HEIGHT="25" CONTENT="I" WC="0.42" CC="5"/>
						<SP ID="P212_SP00168" HPOS="557" VPOS="1021" WIDTH="14"/>
						<String ID="P212_ST00191" HPOS="571" VPOS="988" WIDTH="48" HEIGHT="25" CONTENT="did" WC="0.72" CC="008"/>
						<SP ID="P212_SP00169" HPOS="619" VPOS="1021" WIDTH="16"/>
						<String ID="P212_ST00192" HPOS="635" VPOS="990" WIDTH="50" HEIGHT="23" CONTENT="not" WC="0.70" CC="602"/>
						<SP ID="P212_SP00170" HPOS="685" VPOS="1021" WIDTH="19"/>
						<String ID="P212_ST00193" HPOS="704" VPOS="988" WIDTH="81" HEIGHT="26" CONTENT="know" WC="0.63" CC="0806"/>
						<SP ID="P212_SP00171" HPOS="785" VPOS="1021" WIDTH="15"/>
						<String ID="P212_ST00194" HPOS="800" VPOS="996" WIDTH="29" HEIGHT="18" CONTENT="as" WC="1.00" CC="00"/>
						<SP ID="P212_SP00172" HPOS="829" VPOS="1021" WIDTH="13"/>
						<String ID="P212_ST00195" HPOS="842" VPOS="997" WIDTH="55" HEIGHT="25" CONTENT="you" WC="0.59" CC="408"/>
						<SP ID="P212_SP00173" HPOS="897" VPOS="1022" WIDTH="20"/>
						<String ID="P212_ST00196" HPOS="917" VPOS="996" WIDTH="69" HEIGHT="18" CONTENT="were" WC="0.73" CC="8010"/>
					</TextLine>
					<TextLine ID="P212_TL00023" HPOS="129" VPOS="1030" WIDTH="153" HEIGHT="34">
						<String ID="P212_ST00197" HPOS="129" VPOS="1030" WIDTH="153" HEIGHT="34" CONTENT='expected."' WC="0.68" CC="7270030701"/>
					</TextLine>
				</TextBlock>
				<TextBlock ID="P212_TB00005" HPOS="132" VPOS="1074" WIDTH="855" HEIGHT="70" STYLEREFS="TXT_1 PAR_LEFT">
					<TextLine ID="P212_TL00024" HPOS="169" VPOS="1074" WIDTH="818" HEIGHT="37">
						<String ID="P212_ST00198" HPOS="169" VPOS="1078" WIDTH="13" HEIGHT="9" CONTENT='"' WC="0.95" CC="0"/>
						<SP ID="P212_SP00174" HPOS="182" VPOS="1087" WIDTH="8"/>
						<String ID="P212_ST00199" HPOS="190" VPOS="1074" WIDTH="15" HEIGHT="26" CONTENT="I" WC="0.77" CC="2"/>
						<SP ID="P212_SP00175" HPOS="205" VPOS="1100" WIDTH="14"/>
						<String ID="P212_ST00200" HPOS="219" VPOS="1083" WIDTH="74" HEIGHT="17" CONTENT="came" WC="0.68" CC="0750"/>
						<SP ID="P212_SP00176" HPOS="293" VPOS="1100" WIDTH="14"/>
						<String ID="P212_ST00201" HPOS="307" VPOS="1075" WIDTH="208" HEIGHT="34" CONTENT="unexpectedly." WC="0.62" CC="7702500405753"/>
						<SP ID="P212_SP00177" HPOS="515" VPOS="1109" WIDTH="38"/>
						<String ID="P212_ST00202" HPOS="553" VPOS="1076" WIDTH="72" HEIGHT="25" CONTENT="How" WC="0.61" CC="704"/>
						<SP ID="P212_SP00178" HPOS="625" VPOS="1109" WIDTH="14"/>
						<String ID="P212_ST00203" HPOS="639" VPOS="1075" WIDTH="34" HEIGHT="26" CONTENT="do" WC="0.64" CC="70"/>
						<SP ID="P212_SP00179" HPOS="673" VPOS="1109" WIDTH="13"/>
						<String ID="P212_ST00204" HPOS="686" VPOS="1084" WIDTH="55" HEIGHT="26" CONTENT="you" WC="0.67" CC="306"/>
						<SP ID="P212_SP00180" HPOS="741" VPOS="1110" WIDTH="15"/>
						<String ID="P212_ST00205" HPOS="756" VPOS="1076" WIDTH="40" HEIGHT="31" CONTENT="do," WC="0.70" CC="620"/>
						<SP ID="P212_SP00181" HPOS="796" VPOS="1110" WIDTH="16"/>
						<String ID="P212_ST00206" HPOS="812" VPOS="1076" WIDTH="156" HEIGHT="35" CONTENT="Thompson" WC="0.52" CC="46136518"/>
						<SP ID="P212_SP00182" HPOS="968" VPOS="1111" WIDTH="10"/>
						<String ID="P212_ST00207" HPOS="978" VPOS="1078" WIDTH="9" HEIGHT="24" CONTENT="?" WC="0.28" CC="7"/>
					</TextLine>
					<TextLine ID="P212_TL00025" HPOS="133" VPOS="1118" WIDTH="396" HEIGHT="26">
						<String ID="P212_ST00208" HPOS="133" VPOS="1118" WIDTH="72" HEIGHT="26" CONTENT="How" WC="0.49" CC="608"/>
						<SP ID="P212_SP00183" HPOS="205" VPOS="1144" WIDTH="13"/>
						<String ID="P212_ST00209" HPOS="218" VPOS="1118" WIDTH="23" HEIGHT="26" CONTENT="is" WC="0.83" CC="03"/>
						<SP ID="P212_SP00184" HPOS="241" VPOS="1144" WIDTH="14"/>
						<String ID="P212_ST00210" HPOS="255" VPOS="1119" WIDTH="70" HEIGHT="25" CONTENT="Miss" WC="0.70" CC="0531"/>
						<SP ID="P212_SP00185" HPOS="325" VPOS="1144" WIDTH="14"/>
						<String ID="P212_ST00211" HPOS="339" VPOS="1119" WIDTH="152" HEIGHT="25" CONTENT="Lewisham" WC="0.64" CC="70700525"/>
						<SP ID="P212_SP00186" HPOS="491" VPOS="1144" WIDTH="12"/>
						<String ID="P212_ST00212" HPOS="503" VPOS="1119" WIDTH="26" HEIGHT="25" CONTENT='?"' WC="0.52" CC="35"/>
					</TextLine>
				</TextBlock>
				<TextBlock ID="P212_TB00006" HPOS="129" VPOS="1162" WIDTH="864" HEIGHT="252" STYLEREFS="TXT_1 PAR_LEFT">
					<TextLine ID="P212_TL00026" HPOS="169" VPOS="1162" WIDTH="821" HEIGHT="35">
						<String ID="P212_ST00213" HPOS="169" VPOS="1165" WIDTH="14" HEIGHT="10" CONTENT='"' WC="0.87" CC="1"/>
						<SP ID="P212_SP00187" HPOS="183" VPOS="1175" WIDTH="10"/>
						<String ID="P212_ST00214" HPOS="193" VPOS="1162" WIDTH="53" HEIGHT="26" CONTENT="She" WC="0.58" CC="731"/>
						<SP ID="P212_SP00188" HPOS="246" VPOS="1188" WIDTH="25"/>
						<String ID="P212_ST00215" HPOS="271" VPOS="1162" WIDTH="23" HEIGHT="26" CONTENT="is" WC="0.64" CC="07"/>
						<SP ID="P212_SP00189" HPOS="294" VPOS="1188" WIDTH="23"/>
						<String ID="P212_ST00216" HPOS="317" VPOS="1163" WIDTH="97" HEIGHT="31" CONTENT="better," WC="0.68" CC="8084000"/>
						<SP ID="P212_SP00190" HPOS="414" VPOS="1194" WIDTH="21"/>
						<String ID="P212_ST00217" HPOS="435" VPOS="1163" WIDTH="87" HEIGHT="25" CONTENT="thank" WC="0.49" CC="57056"/>
						<SP ID="P212_SP00191" HPOS="522" VPOS="1194" WIDTH="23"/>
						<String ID="P212_ST00218" HPOS="545" VPOS="1172" WIDTH="63" HEIGHT="25" CONTENT="you," WC="0.58" CC="5432"/>
						<SP ID="P212_SP00192" HPOS="608" VPOS="1197" WIDTH="23"/>
						<String ID="P212_ST00219" HPOS="631" VPOS="1163" WIDTH="43" HEIGHT="26" CONTENT="sir." WC="0.82" CC="0132"/>
						<SP ID="P212_SP00193" HPOS="674" VPOS="1197" WIDTH="41"/>
						<String ID="P212_ST00220" HPOS="715" VPOS="1163" WIDTH="53" HEIGHT="27" CONTENT="She" WC="0.56" CC="660"/>
						<SP ID="P212_SP00194" HPOS="768" VPOS="1197" WIDTH="24"/>
						<String ID="P212_ST00221" HPOS="792" VPOS="1164" WIDTH="65" HEIGHT="26" CONTENT="took" WC="0.88" CC="2020"/>
						<SP ID="P212_SP00195" HPOS="857" VPOS="1197" WIDTH="27"/>
						<String ID="P212_ST00222" HPOS="884" VPOS="1173" WIDTH="16" HEIGHT="17" CONTENT="a" WC="0.83" CC="1"/>
						<SP ID="P212_SP00196" HPOS="900" VPOS="1197" WIDTH="25"/>
						<String ID="P212_ST00223" HPOS="925" VPOS="1167" WIDTH="65" HEIGHT="23" CONTENT="turn" WC="0.59" CC="0618"/>
					</TextLine>
					<TextLine ID="P212_TL00027" HPOS="130" VPOS="1206" WIDTH="861" HEIGHT="37">
						<String ID="P212_ST00224" HPOS="130" VPOS="1206" WIDTH="152" HEIGHT="34" CONTENT="yesterday." WC="0.64" CC="7012085440"/>
						<SP ID="P212_SP00197" HPOS="282" VPOS="1240" WIDTH="39"/>
						<String ID="P212_ST00225" HPOS="321" VPOS="1207" WIDTH="51" HEIGHT="25" CONTENT="Mr." WC="0.77" CC="203"/>
						<SP ID="P212_SP00198" HPOS="372" VPOS="1240" WIDTH="20"/>
						<String ID="P212_ST00226" HPOS="392" VPOS="1207" WIDTH="97" HEIGHT="25" CONTENT="John's" WC="0.72" CC="106800"/>
						<SP ID="P212_SP00199" HPOS="489" VPOS="1240" WIDTH="20"/>
						<String ID="P212_ST00227" HPOS="509" VPOS="1207" WIDTH="108" HEIGHT="35" CONTENT="coming" WC="0.72" CC="001185"/>
						<SP ID="P212_SP00200" HPOS="617" VPOS="1242" WIDTH="18"/>
						<String ID="P212_ST00228" HPOS="635" VPOS="1208" WIDTH="107" HEIGHT="25" CONTENT="seemed" WC="0.67" CC="500707"/>
						<SP ID="P212_SP00201" HPOS="742" VPOS="1242" WIDTH="15"/>
						<String ID="P212_ST00229" HPOS="757" VPOS="1210" WIDTH="27" HEIGHT="23" CONTENT="to" WC="0.82" CC="12"/>
						<SP ID="P212_SP00202" HPOS="784" VPOS="1242" WIDTH="15"/>
						<String ID="P212_ST00230" HPOS="799" VPOS="1208" WIDTH="34" HEIGHT="26" CONTENT="do" WC="0.67" CC="60"/>
						<SP ID="P212_SP00203" HPOS="833" VPOS="1242" WIDTH="20"/>
						<String ID="P212_ST00231" HPOS="853" VPOS="1208" WIDTH="48" HEIGHT="26" CONTENT="her" WC="0.57" CC="704"/>
						<SP ID="P212_SP00204" HPOS="901" VPOS="1242" WIDTH="20"/>
						<String ID="P212_ST00232" HPOS="921" VPOS="1208" WIDTH="70" HEIGHT="35" CONTENT="good" WC="0.83" CC="0006"/>
					</TextLine>
					<TextLine ID="P212_TL00028" HPOS="133" VPOS="1249" WIDTH="858" HEIGHT="36">
						<String ID="P212_ST00233" HPOS="133" VPOS="1249" WIDTH="54" HEIGHT="26" CONTENT="and" WC="0.56" CC="705"/>
						<SP ID="P212_SP00205" HPOS="187" VPOS="1275" WIDTH="12"/>
						<String ID="P212_ST00234" HPOS="199" VPOS="1249" WIDTH="61" HEIGHT="35" CONTENT="give" WC="1.00" CC="0000"/>
						<SP ID="P212_SP00206" HPOS="260" VPOS="1284" WIDTH="14"/>
						<String ID="P212_ST00235" HPOS="274" VPOS="1250" WIDTH="48" HEIGHT="26" CONTENT="her" WC="0.64" CC="604"/>
						<SP ID="P212_SP00207" HPOS="322" VPOS="1284" WIDTH="13"/>
						<String ID="P212_ST00236" HPOS="335" VPOS="1249" WIDTH="79" HEIGHT="27" CONTENT="heart" WC="0.68" CC="60242"/>
						<SP ID="P212_SP00208" HPOS="414" VPOS="1284" WIDTH="12"/>
						<String ID="P212_ST00237" HPOS="426" VPOS="1250" WIDTH="63" HEIGHT="27" CONTENT="like." WC="1.00" CC="00000"/>
						<SP ID="P212_SP00209" HPOS="489" VPOS="1284" WIDTH="41"/>
						<String ID="P212_ST00238" HPOS="530" VPOS="1251" WIDTH="28" HEIGHT="26" CONTENT="If" WC="0.97" CC="00"/>
						<SP ID="P212_SP00210" HPOS="558" VPOS="1284" WIDTH="11"/>
						<String ID="P212_ST00239" HPOS="569" VPOS="1260" WIDTH="55" HEIGHT="25" CONTENT="you" WC="0.59" CC="217"/>
						<SP ID="P212_SP00211" HPOS="624" VPOS="1285" WIDTH="14"/>
						<String ID="P212_ST00240" HPOS="638" VPOS="1251" WIDTH="80" HEIGHT="26" CONTENT="could" WC="0.71" CC="00733"/>
						<SP ID="P212_SP00212" HPOS="718" VPOS="1285" WIDTH="15"/>
						<String ID="P212_ST00241" HPOS="733" VPOS="1260" WIDTH="75" HEIGHT="18" CONTENT="come" WC="1.00" CC="0000"/>
						<SP ID="P212_SP00213" HPOS="808" VPOS="1285" WIDTH="19"/>
						<String ID="P212_ST00242" HPOS="827" VPOS="1255" WIDTH="164" HEIGHT="28" CONTENT="to-morrow," WC="0.79" CC="0000034074"/>
					</TextLine>
					<TextLine ID="P212_TL00029" HPOS="132" VPOS="1293" WIDTH="860" HEIGHT="37">
						<String ID="P212_ST00243" HPOS="132" VPOS="1293" WIDTH="44" HEIGHT="32" CONTENT="sir," WC="0.60" CC="5044"/>
						<SP ID="P212_SP00214" HPOS="176" VPOS="1325" WIDTH="23"/>
						<String ID="P212_ST00244" HPOS="199" VPOS="1293" WIDTH="14" HEIGHT="26" CONTENT="I" WC="0.18" CC="8"/>
						<SP ID="P212_SP00215" HPOS="213" VPOS="1325" WIDTH="14"/>
						<String ID="P212_ST00245" HPOS="227" VPOS="1293" WIDTH="81" HEIGHT="26" CONTENT="think" WC="0.49" CC="68083"/>
						<SP ID="P212_SP00216" HPOS="308" VPOS="1325" WIDTH="21"/>
						<String ID="P212_ST00246" HPOS="329" VPOS="1294" WIDTH="74" HEIGHT="26" CONTENT="she'd" WC="0.54" CC="47406"/>
						<SP ID="P212_SP00217" HPOS="403" VPOS="1325" WIDTH="20"/>
						<String ID="P212_ST00247" HPOS="423" VPOS="1303" WIDTH="67" HEIGHT="25" CONTENT="very" WC="0.74" CC="4032"/>
						<SP ID="P212_SP00218" HPOS="490" VPOS="1328" WIDTH="19"/>
						<String ID="P212_ST00248" HPOS="509" VPOS="1294" WIDTH="88" HEIGHT="35" CONTENT="likely" WC="0.83" CC="000036"/>
						<SP ID="P212_SP00219" HPOS="597" VPOS="1329" WIDTH="20"/>
						<String ID="P212_ST00249" HPOS="617" VPOS="1304" WIDTH="45" HEIGHT="17" CONTENT="see" WC="0.90" CC="300"/>
						<SP ID="P212_SP00220" HPOS="662" VPOS="1329" WIDTH="19"/>
						<String ID="P212_ST00250" HPOS="681" VPOS="1304" WIDTH="63" HEIGHT="26" CONTENT="you." WC="0.64" CC="5160"/>
						<SP ID="P212_SP00221" HPOS="744" VPOS="1330" WIDTH="40"/>
						<String ID="P212_ST00251" HPOS="784" VPOS="1296" WIDTH="71" HEIGHT="26" CONTENT="Miss" WC="0.51" CC="0764"/>
						<SP ID="P212_SP00222" HPOS="855" VPOS="1330" WIDTH="19"/>
						<String ID="P212_ST00252" HPOS="874" VPOS="1296" WIDTH="75" HEIGHT="27" CONTENT="Kate" WC="0.74" CC="7100"/>
						<SP ID="P212_SP00223" HPOS="949" VPOS="1330" WIDTH="18"/>
						<String ID="P212_ST00253" HPOS="967" VPOS="1297" WIDTH="25" HEIGHT="25" CONTENT="is" WC="1.00" CC="00"/>
					</TextLine>
					<TextLine ID="P212_TL00030" HPOS="134" VPOS="1337" WIDTH="859" HEIGHT="38">
						<String ID="P212_ST00254" HPOS="134" VPOS="1337" WIDTH="96" HEIGHT="33" CONTENT="sitting" WC="0.73" CC="6054010"/>
						<SP ID="P212_SP00224" HPOS="230" VPOS="1370" WIDTH="25"/>
						<String ID="P212_ST00255" HPOS="255" VPOS="1340" WIDTH="48" HEIGHT="23" CONTENT="out" WC="0.54" CC="175"/>
						<SP ID="P212_SP00225" HPOS="303" VPOS="1370" WIDTH="23"/>
						<String ID="P212_ST00256" HPOS="326" VPOS="1337" WIDTH="37" HEIGHT="34" CONTENT="by" WC="0.32" CC="85"/>
						<SP ID="P212_SP00226" HPOS="363" VPOS="1371" WIDTH="26"/>
						<String ID="P212_ST00257" HPOS="389" VPOS="1338" WIDTH="47" HEIGHT="26" CONTENT="the" WC="0.57" CC="570"/>
						<SP ID="P212_SP00227" HPOS="436" VPOS="1371" WIDTH="27"/>
						<String ID="P212_ST00258" HPOS="463" VPOS="1338" WIDTH="211" HEIGHT="35" CONTENT="drawing-room" WC="0.63" CC="502828404222"/>
						<SP ID="P212_SP00228" HPOS="674" VPOS="1373" WIDTH="27"/>
						<String ID="P212_ST00259" HPOS="701" VPOS="1340" WIDTH="123" HEIGHT="26" CONTENT="window." WC="0.55" CC="7572350"/>
						<SP ID="P212_SP00229" HPOS="824" VPOS="1373" WIDTH="41"/>
						<String ID="P212_ST00260" HPOS="865" VPOS="1340" WIDTH="128" HEIGHT="35" CONTENT="Perhaps," WC="0.48" CC="60655745"/>
					</TextLine>
					<TextLine ID="P212_TL00031" HPOS="132" VPOS="1380" WIDTH="471" HEIGHT="34">
						<String ID="P212_ST00261" HPOS="132" VPOS="1381" WIDTH="48" HEIGHT="25" CONTENT="she" WC="0.71" CC="250"/>
						<SP ID="P212_SP00230" HPOS="180" VPOS="1406" WIDTH="14"/>
						<String ID="P212_ST00262" HPOS="194" VPOS="1380" WIDTH="89" HEIGHT="26" CONTENT="would" WC="0.70" CC="60602"/>
						<SP ID="P212_SP00231" HPOS="283" VPOS="1406" WIDTH="14"/>
						<String ID="P212_ST00263" HPOS="297" VPOS="1381" WIDTH="56" HEIGHT="26" CONTENT="like" WC="0.99" CC="0000"/>
						<SP ID="P212_SP00232" HPOS="353" VPOS="1407" WIDTH="14"/>
						<String ID="P212_ST00264" HPOS="367" VPOS="1384" WIDTH="28" HEIGHT="23" CONTENT="to" WC="0.83" CC="03"/>
						<SP ID="P212_SP00233" HPOS="395" VPOS="1407" WIDTH="15"/>
						<String ID="P212_ST00265" HPOS="410" VPOS="1390" WIDTH="43" HEIGHT="17" CONTENT="see" WC="1.00" CC="000"/>
						<SP ID="P212_SP00234" HPOS="453" VPOS="1407" WIDTH="14"/>
						<String ID="P212_ST00266" HPOS="467" VPOS="1390" WIDTH="63" HEIGHT="24" CONTENT="you," WC="0.93" CC="2000"/>
						<SP ID="P212_SP00235" HPOS="530" VPOS="1414" WIDTH="14"/>
						<String ID="P212_ST00267" HPOS="544" VPOS="1381" WIDTH="59" HEIGHT="28" CONTENT='sir."' WC="0.84" CC="10402"/>
					</TextLine>
				</TextBlock>
				<TextBlock ID="P212_TB00007" HPOS="133" VPOS="1424" WIDTH="860" HEIGHT="77" STYLEREFS="TXT_1 PAR_LEFT">
					<TextLine ID="P212_TL00032" HPOS="171" VPOS="1424" WIDTH="822" HEIGHT="39">
						<String ID="P212_ST00268" HPOS="171" VPOS="1426" WIDTH="12" HEIGHT="11" CONTENT='"' WC="0.91" CC="0"/>
						<SP ID="P212_SP00236" HPOS="183" VPOS="1437" WIDTH="11"/>
						<String ID="P212_ST00269" HPOS="194" VPOS="1424" WIDTH="13" HEIGHT="25" CONTENT="I" WC="1.00" CC="0"/>
						<SP ID="P212_SP00237" HPOS="207" VPOS="1449" WIDTH="21"/>
						<String ID="P212_ST00270" HPOS="228" VPOS="1424" WIDTH="58" HEIGHT="25" CONTENT="will" WC="0.56" CC="7404"/>
						<SP ID="P212_SP00238" HPOS="286" VPOS="1449" WIDTH="18"/>
						<String ID="P212_ST00271" HPOS="304" VPOS="1427" WIDTH="50" HEIGHT="23" CONTENT="not" WC="0.47" CC="536"/>
						<SP ID="P212_SP00239" HPOS="354" VPOS="1450" WIDTH="16"/>
						<String ID="P212_ST00272" HPOS="370" VPOS="1425" WIDTH="105" HEIGHT="26" CONTENT="disturb" WC="0.43" CC="5275738"/>
						<SP ID="P212_SP00240" HPOS="475" VPOS="1451" WIDTH="15"/>
						<String ID="P212_ST00273" HPOS="490" VPOS="1426" WIDTH="48" HEIGHT="25" CONTENT="her" WC="0.65" CC="603"/>
						<SP ID="P212_SP00241" HPOS="538" VPOS="1451" WIDTH="14"/>
						<String ID="P212_ST00274" HPOS="552" VPOS="1435" WIDTH="67" HEIGHT="18" CONTENT="now." WC="0.59" CC="8043"/>
						<SP ID="P212_SP00242" HPOS="619" VPOS="1453" WIDTH="40"/>
						<String ID="P212_ST00275" HPOS="659" VPOS="1426" WIDTH="15" HEIGHT="26" CONTENT="I" WC="0.35" CC="6"/>
						<SP ID="P212_SP00243" HPOS="674" VPOS="1453" WIDTH="14"/>
						<String ID="P212_ST00276" HPOS="688" VPOS="1436" WIDTH="56" HEIGHT="17" CONTENT="was" WC="0.59" CC="803"/>
						<SP ID="P212_SP00244" HPOS="744" VPOS="1453" WIDTH="11"/>
						<String ID="P212_ST00277" HPOS="755" VPOS="1427" WIDTH="59" HEIGHT="34" CONTENT="just" WC="0.92" CC="0110"/>
						<SP ID="P212_SP00245" HPOS="814" VPOS="1461" WIDTH="15"/>
						<String ID="P212_ST00278" HPOS="829" VPOS="1428" WIDTH="107" HEIGHT="35" CONTENT="coming" WC="0.70" CC="005370"/>
						<SP ID="P212_SP00246" HPOS="936" VPOS="1463" WIDTH="20"/>
						<String ID="P212_ST00279" HPOS="956" VPOS="1437" WIDTH="37" HEIGHT="26" CONTENT="up" WC="0.18" CC="87"/>
					</TextLine>
					<TextLine ID="P212_TL00033" HPOS="133" VPOS="1468" WIDTH="860" HEIGHT="33">
						<String ID="P212_ST00280" HPOS="133" VPOS="1471" WIDTH="29" HEIGHT="22" CONTENT="to" WC="0.93" CC="01"/>
						<SP ID="P212_SP00247" HPOS="162" VPOS="1493" WIDTH="14"/>
						<String ID="P212_ST00281" HPOS="176" VPOS="1468" WIDTH="49" HEIGHT="25" CONTENT="ask" WC="0.77" CC="051"/>
						<SP ID="P212_SP00248" HPOS="225" VPOS="1493" WIDTH="13"/>
						<String ID="P212_ST00282" HPOS="238" VPOS="1476" WIDTH="55" HEIGHT="25" CONTENT="you" WC="0.56" CC="335"/>
						<SP ID="P212_SP00249" HPOS="293" VPOS="1501" WIDTH="13"/>
						<String ID="P212_ST00283" HPOS="306" VPOS="1469" WIDTH="82" HEIGHT="25" CONTENT="about" WC="0.42" CC="47267"/>
						<SP ID="P212_SP00250" HPOS="388" VPOS="1501" WIDTH="15"/>
						<String ID="P212_ST00284" HPOS="403" VPOS="1469" WIDTH="70" HEIGHT="26" CONTENT="Miss" WC="0.90" CC="0040"/>
						<SP ID="P212_SP00251" HPOS="473" VPOS="1501" WIDTH="13"/>
						<String ID="P212_ST00285" HPOS="486" VPOS="1470" WIDTH="161" HEIGHT="27" CONTENT="Lewisham." WC="0.62" CC="706542060"/>
						<SP ID="P212_SP00252" HPOS="647" VPOS="1501" WIDTH="39"/>
						<String ID="P212_ST00286" HPOS="686" VPOS="1470" WIDTH="45" HEIGHT="26" CONTENT="I'll" WC="0.47" CC="4088"/>
						<SP ID="P212_SP00253" HPOS="731" VPOS="1501" WIDTH="15"/>
						<String ID="P212_ST00287" HPOS="746" VPOS="1471" WIDTH="53" HEIGHT="26" CONTENT="call" WC="0.81" CC="0007"/>
						<SP ID="P212_SP00254" HPOS="799" VPOS="1501" WIDTH="13"/>
						<String ID="P212_ST00288" HPOS="812" VPOS="1473" WIDTH="181" HEIGHT="25" CONTENT='to-morrow."' WC="0.60" CC="40070880806"/>
					</TextLine>
				</TextBlock>
				<TextBlock ID="P212_TB00008" HPOS="171" VPOS="1511" WIDTH="822" HEIGHT="35" STYLEREFS="TXT_1 PAR_RIGHT">
					<TextLine ID="P212_TL00034" HPOS="172" VPOS="1511" WIDTH="821" HEIGHT="35">
						<String ID="P212_ST00289" HPOS="172" VPOS="1511" WIDTH="105" HEIGHT="25" CONTENT="&#34;Don't" WC="0.61" CC="077800"/>
						<SP ID="P212_SP00255" HPOS="277" VPOS="1536" WIDTH="22"/>
						<String ID="P212_ST00290" HPOS="299" VPOS="1512" WIDTH="60" HEIGHT="34" CONTENT="ring" WC="0.59" CC="5504"/>
						<SP ID="P212_SP00256" HPOS="359" VPOS="1546" WIDTH="22"/>
						<String ID="P212_ST00291" HPOS="381" VPOS="1512" WIDTH="47" HEIGHT="26" CONTENT="the" WC="0.76" CC="510"/>
						<SP ID="P212_SP00257" HPOS="428" VPOS="1546" WIDTH="21"/>
						<String ID="P212_ST00292" HPOS="449" VPOS="1513" WIDTH="142" HEIGHT="32" CONTENT="door-bell," WC="0.62" CC="7517080007"/>
						<SP ID="P212_SP00258" HPOS="591" VPOS="1546" WIDTH="20"/>
						<String ID="P212_ST00293" HPOS="611" VPOS="1513" WIDTH="98" HEIGHT="33" CONTENT="please," WC="0.73" CC="7410005"/>
						<SP ID="P212_SP00259" HPOS="709" VPOS="1546" WIDTH="16"/>
						<String ID="P212_ST00294" HPOS="725" VPOS="1514" WIDTH="43" HEIGHT="27" CONTENT="sir." WC="0.77" CC="0160"/>
						<SP ID="P212_SP00260" HPOS="768" VPOS="1546" WIDTH="40"/>
						<String ID="P212_ST00295" HPOS="808" VPOS="1514" WIDTH="29" HEIGHT="26" CONTENT="If" WC="1.00" CC="00"/>
						<SP ID="P212_SP00261" HPOS="837" VPOS="1546" WIDTH="18"/>
						<String ID="P212_ST00296" HPOS="855" VPOS="1514" WIDTH="14" HEIGHT="27" CONTENT="I" WC="0.71" CC="2"/>
						<SP ID="P212_SP00262" HPOS="869" VPOS="1546" WIDTH="20"/>
						<String ID="P212_ST00297" HPOS="889" VPOS="1515" WIDTH="35" HEIGHT="27" CONTENT="do" WC="1.00" CC="00"/>
						<SP ID="P212_SP00263" HPOS="924" VPOS="1546" WIDTH="21"/>
						<String ID="P212_ST00298" HPOS="945" VPOS="1520" WIDTH="48" HEIGHT="22" CONTENT="not" WC="0.33" CC="766"/>
					</TextLine>
				</TextBlock>
			</PrintSpace>
		</Page>
	</Layout>
</alto>
