<?xml version="1.0" encoding="UTF-8"?>
<alto xmlns:xsi="http://www.w3.org/2001/XMLSchema-instance" xsi:noNamespaceSchemaLocation="http://www.bl.uk/schemas/alto/alto-1-4.xsd" xmlns:xlink="http://www.w3.org/1999/xlink">
	<Description>
		<MeasurementUnit>mm10</MeasurementUnit>
		<sourceImageInformation>
			<fileName>//head1/IN/2008-08/A0011239203/000035.jp2</fileName>
		</sourceImageInformation>
		<OCRProcessing ID="OCRPROCESSING_1">
			<preProcessingStep>
				<processingSoftware>
					<softwareCreator>CCS Content Conversion Specialists GmbH, Germany</softwareCreator>
					<softwareName>CCS docWORKS</softwareName>
					<softwareVersion>6.1-0.67</softwareVersion>
				</processingSoftware>
			</preProcessingStep>
			<ocrProcessingStep>
				<processingSoftware>
					<softwareCreator>ABBYY (BIT Software), Russia</softwareCreator>
					<softwareName>Finereader</softwareName>
				</processingSoftware>
			</ocrProcessingStep>
		</OCRProcessing>
	</Description>
	<Styles>
		<TextStyle ID="TXT_0" FONTSIZE="10" FONTFAMILY="Courier New"/>
		<TextStyle ID="TXT_1" FONTSIZE="9" FONTFAMILY="Courier New"/>
		<ParagraphStyle ID="PAR_RIGHT" ALIGN="Right"/>
		<ParagraphStyle ID="PAR_LEFT" ALIGN="Left"/>
	</Styles>
	<Layout>
		<Page ID="P31" PHYSICAL_IMG_NR="31" HEIGHT="1673" WIDTH="1059" PRINTED_IMG_NR="23" POSITION="Right" ACCURACY="67.97">
			<TopMargin ID="P31_TM00001" HPOS="0" VPOS="0" WIDTH="1059" HEIGHT="101">
				<TextBlock ID="P31_TB00001" HPOS="893" VPOS="74" WIDTH="35" HEIGHT="25" STYLEREFS="TXT_0 PAR_RIGHT">
					<TextLine ID="P31_TL00001" HPOS="893" VPOS="74" WIDTH="35" HEIGHT="25">
						<String ID="P31_ST00001" HPOS="893" VPOS="74" WIDTH="35" HEIGHT="25" CONTENT="23" WC="1.00" CC="00"/>
					</TextLine>
				</TextBlock>
				<TextBlock ID="P31_TB00002" HPOS="361" VPOS="82" WIDTH="272" HEIGHT="18" STYLEREFS="TXT_1 PAR_LEFT">
					<TextLine ID="P31_TL00002" HPOS="361" VPOS="82" WIDTH="272" HEIGHT="18">
						<String ID="P31_ST00002" HPOS="361" VPOS="82" WIDTH="115" HEIGHT="18" CONTENT="MOTHER" WC="0.51" CC="718408"/>
						<SP ID="P31_SP00001" HPOS="476" VPOS="100" WIDTH="19"/>
						<String ID="P31_ST00003" HPOS="495" VPOS="82" WIDTH="59" HEIGHT="18" CONTENT="AND" WC="0.30" CC="884"/>
						<SP ID="P31_SP00002" HPOS="554" VPOS="100" WIDTH="22"/>
						<String ID="P31_ST00004" HPOS="576" VPOS="82" WIDTH="57" HEIGHT="18" CONTENT="SON." WC="0.49" CC="7281"/>
					</TextLine>
				</TextBlock>
			</TopMargin>
			<LeftMargin ID="P31_LM00001" HPOS="0" VPOS="101" WIDTH="66" HEIGHT="1451"/>
			<RightMargin ID="P31_RM00001" HPOS="945" VPOS="101" WIDTH="114" HEIGHT="1451"/>
			<BottomMargin ID="P31_BM00001" HPOS="0" VPOS="1552" WIDTH="1059" HEIGHT="121"/>
			<PrintSpace ID="P31_PS00001" HPOS="66" VPOS="101" WIDTH="879" HEIGHT="1451">
				<TextBlock ID="P31_TB00003" HPOS="66" VPOS="147" WIDTH="865" HEIGHT="123" STYLEREFS="TXT_1 PAR_LEFT">
					<TextLine ID="P31_TL00003" HPOS="67" VPOS="148" WIDTH="863" HEIGHT="33">
						<String ID="P31_ST00005" HPOS="67" VPOS="148" WIDTH="113" HEIGHT="26" CONTENT="entered" WC="0.50" CC="8770506"/>
						<SP ID="P31_SP00003" HPOS="180" VPOS="174" WIDTH="10"/>
						<String ID="P31_ST00006" HPOS="190" VPOS="148" WIDTH="48" HEIGHT="26" CONTENT="the" WC="0.81" CC="050"/>
						<SP ID="P31_SP00004" HPOS="238" VPOS="174" WIDTH="8"/>
						<String ID="P31_ST00007" HPOS="246" VPOS="157" WIDTH="83" HEIGHT="24" CONTENT="room," WC="0.90" CC="40000"/>
						<SP ID="P31_SP00005" HPOS="329" VPOS="181" WIDTH="9"/>
						<String ID="P31_ST00008" HPOS="338" VPOS="148" WIDTH="34" HEIGHT="27" CONTENT="he" WC="0.64" CC="70"/>
						<SP ID="P31_SP00006" HPOS="372" VPOS="181" WIDTH="9"/>
						<String ID="P31_ST00009" HPOS="381" VPOS="148" WIDTH="56" HEIGHT="27" CONTENT="laid" WC="0.80" CC="0007"/>
						<SP ID="P31_SP00007" HPOS="437" VPOS="181" WIDTH="11"/>
						<String ID="P31_ST00010" HPOS="448" VPOS="158" WIDTH="16" HEIGHT="17" CONTENT="a" WC="0.33" CC="6"/>
						<SP ID="P31_SP00008" HPOS="464" VPOS="181" WIDTH="9"/>
						<String ID="P31_ST00011" HPOS="473" VPOS="148" WIDTH="74" HEIGHT="27" CONTENT="hand" WC="0.30" CC="8487"/>
						<SP ID="P31_SP00009" HPOS="547" VPOS="181" WIDTH="9"/>
						<String ID="P31_ST00012" HPOS="556" VPOS="158" WIDTH="35" HEIGHT="17" CONTENT="on" WC="1.00" CC="00"/>
						<SP ID="P31_SP00010" HPOS="591" VPOS="181" WIDTH="11"/>
						<String ID="P31_ST00013" HPOS="602" VPOS="148" WIDTH="42" HEIGHT="27" CONTENT="his" WC="0.52" CC="706"/>
						<SP ID="P31_SP00011" HPOS="644" VPOS="181" WIDTH="11"/>
						<String ID="P31_ST00014" HPOS="655" VPOS="148" WIDTH="128" HEIGHT="27" CONTENT="mother's" WC="0.71" CC="00170606"/>
						<SP ID="P31_SP00012" HPOS="783" VPOS="181" WIDTH="12"/>
						<String ID="P31_ST00015" HPOS="795" VPOS="148" WIDTH="135" HEIGHT="30" CONTENT="shoulder," WC="0.68" CC="460701052"/>
					</TextLine>
					<TextLine ID="P31_TL00004" HPOS="70" VPOS="192" WIDTH="861" HEIGHT="36">
						<String ID="P31_ST00016" HPOS="70" VPOS="192" WIDTH="54" HEIGHT="26" CONTENT="and" WC="0.31" CC="577"/>
						<SP ID="P31_SP00013" HPOS="124" VPOS="218" WIDTH="21"/>
						<String ID="P31_ST00017" HPOS="145" VPOS="192" WIDTH="127" HEIGHT="35" CONTENT="stooping" WC="0.73" CC="05007080"/>
						<SP ID="P31_SP00014" HPOS="272" VPOS="227" WIDTH="20"/>
						<String ID="P31_ST00018" HPOS="292" VPOS="192" WIDTH="88" HEIGHT="33" CONTENT="down," WC="0.55" CC="72163"/>
						<SP ID="P31_SP00015" HPOS="380" VPOS="227" WIDTH="18"/>
						<String ID="P31_ST00019" HPOS="398" VPOS="192" WIDTH="94" HEIGHT="27" CONTENT="kissed" WC="0.82" CC="000307"/>
						<SP ID="P31_SP00016" HPOS="492" VPOS="227" WIDTH="18"/>
						<String ID="P31_ST00020" HPOS="510" VPOS="193" WIDTH="56" HEIGHT="33" CONTENT="her," WC="0.59" CC="4056"/>
						<SP ID="P31_SP00017" HPOS="566" VPOS="227" WIDTH="19"/>
						<String ID="P31_ST00021" HPOS="585" VPOS="192" WIDTH="104" HEIGHT="36" CONTENT="saying," WC="0.79" CC="1070400"/>
						<SP ID="P31_SP00018" HPOS="689" VPOS="228" WIDTH="20"/>
						<String ID="P31_ST00022" HPOS="709" VPOS="192" WIDTH="31" HEIGHT="27" CONTENT="in" WC="0.78" CC="40"/>
						<SP ID="P31_SP00019" HPOS="740" VPOS="228" WIDTH="13"/>
						<String ID="P31_ST00023" HPOS="753" VPOS="201" WIDTH="16" HEIGHT="18" CONTENT="a" WC="1.00" CC="0"/>
						<SP ID="P31_SP00020" HPOS="769" VPOS="228" WIDTH="12"/>
						<String ID="P31_ST00024" HPOS="781" VPOS="192" WIDTH="76" HEIGHT="27" CONTENT="voice" WC="0.95" CC="20000"/>
						<SP ID="P31_SP00021" HPOS="857" VPOS="228" WIDTH="14"/>
						<String ID="P31_ST00025" HPOS="871" VPOS="192" WIDTH="60" HEIGHT="26" CONTENT="that" WC="0.43" CC="5646"/>
					</TextLine>
					<TextLine ID="P31_TL00005" HPOS="69" VPOS="236" WIDTH="369" HEIGHT="34">
						<String ID="P31_ST00026" HPOS="69" VPOS="236" WIDTH="132" HEIGHT="34" CONTENT="betrayed" WC="0.60" CC="80324803"/>
						<SP ID="P31_SP00022" HPOS="201" VPOS="270" WIDTH="14"/>
						<String ID="P31_ST00027" HPOS="215" VPOS="245" WIDTH="74" HEIGHT="18" CONTENT="some" WC="1.00" CC="0000"/>
						<SP ID="P31_SP00023" HPOS="289" VPOS="270" WIDTH="15"/>
						<String ID="P31_ST00028" HPOS="304" VPOS="237" WIDTH="119" HEIGHT="27" CONTENT="emotion" WC="0.61" CC="0455118"/>
						<String ID="P31_ST00029" HPOS="432" VPOS="247" WIDTH="6" HEIGHT="17" CONTENT=":" WC="0.53" CC="4"/>
					</TextLine>
				</TextBlock>
				<TextBlock ID="P31_TB00004" HPOS="71" VPOS="279" WIDTH="863" HEIGHT="213" STYLEREFS="TXT_1 PAR_LEFT">
					<TextLine ID="P31_TL00006" HPOS="110" VPOS="280" WIDTH="824" HEIGHT="36">
						<String ID="P31_ST00030" HPOS="110" VPOS="283" WIDTH="13" HEIGHT="10" CONTENT='"' WC="0.60" CC="3"/>
						<SP ID="P31_SP00024" HPOS="123" VPOS="293" WIDTH="12"/>
						<String ID="P31_ST00031" HPOS="135" VPOS="280" WIDTH="90" HEIGHT="27" CONTENT="Leave" WC="0.72" CC="74020"/>
						<SP ID="P31_SP00025" HPOS="225" VPOS="307" WIDTH="20"/>
						<String ID="P31_ST00032" HPOS="245" VPOS="280" WIDTH="56" HEIGHT="28" CONTENT="this" WC="0.65" CC="3702"/>
						<SP ID="P31_SP00026" HPOS="301" VPOS="308" WIDTH="21"/>
						<String ID="P31_ST00033" HPOS="322" VPOS="281" WIDTH="105" HEIGHT="35" CONTENT="fig-tree" WC="0.84" CC="22301300"/>
						<SP ID="P31_SP00027" HPOS="427" VPOS="316" WIDTH="20"/>
						<String ID="P31_ST00034" HPOS="447" VPOS="281" WIDTH="79" HEIGHT="27" CONTENT="alone" WC="0.74" CC="04170"/>
						<SP ID="P31_SP00028" HPOS="526" VPOS="316" WIDTH="16"/>
						<String ID="P31_ST00035" HPOS="542" VPOS="281" WIDTH="40" HEIGHT="27" CONTENT="for" WC="0.67" CC="405"/>
						<SP ID="P31_SP00029" HPOS="582" VPOS="316" WIDTH="14"/>
						<String ID="P31_ST00036" HPOS="596" VPOS="291" WIDTH="16" HEIGHT="17" CONTENT="a" WC="0.68" CC="3"/>
						<SP ID="P31_SP00030" HPOS="612" VPOS="316" WIDTH="12"/>
						<String ID="P31_ST00037" HPOS="624" VPOS="281" WIDTH="48" HEIGHT="32" CONTENT="bit," WC="0.57" CC="8340"/>
						<SP ID="P31_SP00031" HPOS="672" VPOS="316" WIDTH="14"/>
						<String ID="P31_ST00038" HPOS="686" VPOS="281" WIDTH="107" HEIGHT="27" CONTENT="mother" WC="0.64" CC="602705"/>
						<String ID="P31_ST00039" HPOS="802" VPOS="291" WIDTH="6" HEIGHT="22" CONTENT=";" WC="1.00" CC="0"/>
						<SP ID="P31_SP00032" HPOS="808" VPOS="316" WIDTH="13"/>
						<String ID="P31_ST00040" HPOS="821" VPOS="289" WIDTH="42" HEIGHT="18" CONTENT="we" WC="0.76" CC="40"/>
						<SP ID="P31_SP00033" HPOS="863" VPOS="316" WIDTH="12"/>
						<String ID="P31_ST00041" HPOS="875" VPOS="280" WIDTH="59" HEIGHT="26" CONTENT="will" WC="0.73" CC="6004"/>
					</TextLine>
					<TextLine ID="P31_TL00007" HPOS="72" VPOS="324" WIDTH="862" HEIGHT="28">
						<String ID="P31_ST00042" HPOS="72" VPOS="333" WIDTH="46" HEIGHT="18" CONTENT="see" WC="0.84" CC="400"/>
						<SP ID="P31_SP00034" HPOS="118" VPOS="351" WIDTH="13"/>
						<String ID="P31_ST00043" HPOS="131" VPOS="325" WIDTH="75" HEIGHT="26" CONTENT="what" WC="0.63" CC="6600"/>
						<SP ID="P31_SP00035" HPOS="206" VPOS="351" WIDTH="21"/>
						<String ID="P31_ST00044" HPOS="227" VPOS="325" WIDTH="166" HEIGHT="27" CONTENT="cultivation" WC="0.69" CC="07035034016"/>
						<SP ID="P31_SP00036" HPOS="393" VPOS="352" WIDTH="18"/>
						<String ID="P31_ST00045" HPOS="411" VPOS="326" WIDTH="59" HEIGHT="26" CONTENT="will" WC="0.48" CC="8074"/>
						<SP ID="P31_SP00037" HPOS="470" VPOS="352" WIDTH="13"/>
						<String ID="P31_ST00046" HPOS="483" VPOS="327" WIDTH="34" HEIGHT="25" CONTENT="do" WC="0.60" CC="70"/>
						<SP ID="P31_SP00038" HPOS="517" VPOS="352" WIDTH="15"/>
						<String ID="P31_ST00047" HPOS="532" VPOS="326" WIDTH="40" HEIGHT="26" CONTENT="for" WC="0.64" CC="224"/>
						<SP ID="P31_SP00039" HPOS="572" VPOS="352" WIDTH="15"/>
						<String ID="P31_ST00048" HPOS="587" VPOS="326" WIDTH="30" HEIGHT="26" CONTENT="it." WC="0.91" CC="020"/>
						<SP ID="P31_SP00040" HPOS="617" VPOS="352" WIDTH="41"/>
						<String ID="P31_ST00049" HPOS="658" VPOS="326" WIDTH="62" HEIGHT="26" CONTENT="You" WC="0.59" CC="434"/>
						<SP ID="P31_SP00041" HPOS="720" VPOS="352" WIDTH="13"/>
						<String ID="P31_ST00050" HPOS="733" VPOS="328" WIDTH="75" HEIGHT="24" CONTENT="must" WC="0.56" CC="2266"/>
						<SP ID="P31_SP00042" HPOS="808" VPOS="352" WIDTH="12"/>
						<String ID="P31_ST00051" HPOS="820" VPOS="324" WIDTH="78" HEIGHT="27" CONTENT="leave" WC="0.91" CC="00021"/>
						<SP ID="P31_SP00043" HPOS="898" VPOS="352" WIDTH="14"/>
						<String ID="P31_ST00052" HPOS="912" VPOS="324" WIDTH="22" HEIGHT="25" CONTENT="it" WC="0.82" CC="03"/>
					</TextLine>
					<TextLine ID="P31_TL00008" HPOS="73" VPOS="368" WIDTH="861" HEIGHT="37">
						<String ID="P31_ST00053" HPOS="73" VPOS="369" WIDTH="56" HEIGHT="27" CONTENT="free" WC="0.78" CC="6000"/>
						<String ID="P31_ST00054" HPOS="139" VPOS="380" WIDTH="6" HEIGHT="22" CONTENT=";" WC="0.89" CC="1"/>
						<SP ID="P31_SP00044" HPOS="145" VPOS="402" WIDTH="20"/>
						<String ID="P31_ST00055" HPOS="165" VPOS="378" WIDTH="16" HEIGHT="18" CONTENT="a" WC="0.87" CC="1"/>
						<SP ID="P31_SP00045" HPOS="181" VPOS="402" WIDTH="13"/>
						<String ID="P31_ST00056" HPOS="194" VPOS="369" WIDTH="107" HEIGHT="35" CONTENT="fig-tree" WC="0.86" CC="00003600"/>
						<SP ID="P31_SP00046" HPOS="301" VPOS="404" WIDTH="15"/>
						<String ID="P31_ST00057" HPOS="316" VPOS="369" WIDTH="83" HEIGHT="27" CONTENT="Avon's" WC="0.46" CC="830728"/>
						<SP ID="P31_SP00047" HPOS="399" VPOS="404" WIDTH="12"/>
						<String ID="P31_ST00058" HPOS="411" VPOS="370" WIDTH="65" HEIGHT="26" CONTENT="bear" WC="0.48" CC="8065"/>
						<SP ID="P31_SP00048" HPOS="476" VPOS="404" WIDTH="12"/>
						<String ID="P31_ST00059" HPOS="488" VPOS="370" WIDTH="68" HEIGHT="26" CONTENT="fruit" WC="0.66" CC="01545"/>
						<SP ID="P31_SP00049" HPOS="556" VPOS="404" WIDTH="13"/>
						<String ID="P31_ST00060" HPOS="569" VPOS="371" WIDTH="23" HEIGHT="25" CONTENT="if" WC="1.00" CC="00"/>
						<SP ID="P31_SP00050" HPOS="592" VPOS="404" WIDTH="11"/>
						<String ID="P31_ST00061" HPOS="603" VPOS="370" WIDTH="93" HEIGHT="27" CONTENT="nailed" WC="0.62" CC="720704"/>
						<SP ID="P31_SP00051" HPOS="696" VPOS="404" WIDTH="12"/>
						<String ID="P31_ST00062" HPOS="708" VPOS="379" WIDTH="38" HEIGHT="26" CONTENT="up" WC="0.31" CC="75"/>
						<SP ID="P31_SP00052" HPOS="746" VPOS="405" WIDTH="13"/>
						<String ID="P31_ST00063" HPOS="759" VPOS="369" WIDTH="73" HEIGHT="35" CONTENT="tight" WC="0.67" CC="31065"/>
						<SP ID="P31_SP00053" HPOS="832" VPOS="405" WIDTH="14"/>
						<String ID="P31_ST00064" HPOS="846" VPOS="373" WIDTH="28" HEIGHT="22" CONTENT="to" WC="0.82" CC="03"/>
						<SP ID="P31_SP00054" HPOS="874" VPOS="405" WIDTH="13"/>
						<String ID="P31_ST00065" HPOS="887" VPOS="368" WIDTH="47" HEIGHT="26" CONTENT="the" WC="0.68" CC="170"/>
					</TextLine>
					<TextLine ID="P31_TL00009" HPOS="73" VPOS="412" WIDTH="861" HEIGHT="37">
						<String ID="P31_ST00066" HPOS="73" VPOS="413" WIDTH="73" HEIGHT="33" CONTENT="Avail," WC="0.51" CC="870607"/>
						<SP ID="P31_SP00055" HPOS="146" VPOS="446" WIDTH="14"/>
						<String ID="P31_ST00067" HPOS="160" VPOS="413" WIDTH="55" HEIGHT="27" CONTENT="and" WC="0.49" CC="266"/>
						<SP ID="P31_SP00056" HPOS="215" VPOS="446" WIDTH="13"/>
						<String ID="P31_ST00068" HPOS="228" VPOS="413" WIDTH="108" HEIGHT="35" CONTENT="pruned" WC="0.47" CC="818706"/>
						<SP ID="P31_SP00057" HPOS="336" VPOS="448" WIDTH="14"/>
						<String ID="P31_ST00069" HPOS="350" VPOS="414" WIDTH="58" HEIGHT="26" CONTENT="into" WC="0.54" CC="0763"/>
						<SP ID="P31_SP00058" HPOS="408" VPOS="448" WIDTH="15"/>
						<String ID="P31_ST00070" HPOS="423" VPOS="424" WIDTH="16" HEIGHT="16" CONTENT="a" WC="0.75" CC="2"/>
						<SP ID="P31_SP00059" HPOS="439" VPOS="448" WIDTH="14"/>
						<String ID="P31_ST00071" HPOS="453" VPOS="414" WIDTH="84" HEIGHT="35" CONTENT="shape" WC="0.48" CC="05387"/>
						<SP ID="P31_SP00060" HPOS="537" VPOS="449" WIDTH="20"/>
						<String ID="P31_ST00072" HPOS="557" VPOS="414" WIDTH="23" HEIGHT="26" CONTENT="it" WC="0.98" CC="00"/>
						<SP ID="P31_SP00061" HPOS="580" VPOS="449" WIDTH="14"/>
						<String ID="P31_ST00073" HPOS="594" VPOS="414" WIDTH="64" HEIGHT="26" CONTENT="does" WC="0.70" CC="6005"/>
						<SP ID="P31_SP00062" HPOS="658" VPOS="449" WIDTH="13"/>
						<String ID="P31_ST00074" HPOS="671" VPOS="418" WIDTH="48" HEIGHT="22" CONTENT="not" WC="0.42" CC="645"/>
						<SP ID="P31_SP00063" HPOS="719" VPOS="449" WIDTH="13"/>
						<String ID="P31_ST00075" HPOS="732" VPOS="414" WIDTH="64" HEIGHT="26" CONTENT="like." WC="0.69" CC="45005"/>
						<SP ID="P31_SP00064" HPOS="796" VPOS="449" WIDTH="39"/>
						<String ID="P31_ST00076" HPOS="835" VPOS="413" WIDTH="15" HEIGHT="26" CONTENT="I" WC="0.39" CC="6"/>
						<SP ID="P31_SP00065" HPOS="850" VPOS="449" WIDTH="14"/>
						<String ID="P31_ST00077" HPOS="864" VPOS="412" WIDTH="70" HEIGHT="27" CONTENT="shall" WC="0.48" CC="47552"/>
					</TextLine>
					<TextLine ID="P31_TL00010" HPOS="73" VPOS="457" WIDTH="564" HEIGHT="35">
						<String ID="P31_ST00078" HPOS="73" VPOS="461" WIDTH="50" HEIGHT="23" CONTENT="not" WC="0.42" CC="845"/>
						<SP ID="P31_SP00066" HPOS="123" VPOS="484" WIDTH="12"/>
						<String ID="P31_ST00079" HPOS="135" VPOS="466" WIDTH="34" HEIGHT="26" CONTENT="go" WC="1.00" CC="00"/>
						<SP ID="P31_SP00067" HPOS="169" VPOS="492" WIDTH="14"/>
						<String ID="P31_ST00080" HPOS="183" VPOS="461" WIDTH="28" HEIGHT="23" CONTENT="to" WC="1.00" CC="00"/>
						<SP ID="P31_SP00068" HPOS="211" VPOS="492" WIDTH="13"/>
						<String ID="P31_ST00081" HPOS="224" VPOS="457" WIDTH="56" HEIGHT="27" CONTENT="live" WC="0.96" CC="0100"/>
						<SP ID="P31_SP00069" HPOS="280" VPOS="492" WIDTH="14"/>
						<String ID="P31_ST00082" HPOS="294" VPOS="458" WIDTH="29" HEIGHT="26" CONTENT="in" WC="0.61" CC="07"/>
						<SP ID="P31_SP00070" HPOS="323" VPOS="492" WIDTH="14"/>
						<String ID="P31_ST00083" HPOS="337" VPOS="458" WIDTH="46" HEIGHT="26" CONTENT="the" WC="0.57" CC="471"/>
						<SP ID="P31_SP00071" HPOS="383" VPOS="492" WIDTH="14"/>
						<String ID="P31_ST00084" HPOS="397" VPOS="462" WIDTH="89" HEIGHT="30" CONTENT="garret" WC="0.88" CC="020400"/>
						<SP ID="P31_SP00072" HPOS="486" VPOS="492" WIDTH="10"/>
						<String ID="P31_ST00085" HPOS="496" VPOS="459" WIDTH="59" HEIGHT="33" CONTENT="just" WC="0.70" CC="3404"/>
						<SP ID="P31_SP00073" HPOS="555" VPOS="492" WIDTH="13"/>
						<String ID="P31_ST00086" HPOS="568" VPOS="459" WIDTH="69" HEIGHT="33" CONTENT='yet."' WC="0.91" CC="20100"/>
					</TextLine>
				</TextBlock>
				<TextBlock ID="P31_TB00005" HPOS="74" VPOS="500" WIDTH="865" HEIGHT="521" STYLEREFS="TXT_1 PAR_LEFT">
					<TextLine ID="P31_TL00011" HPOS="112" VPOS="501" WIDTH="824" HEIGHT="36">
						<String ID="P31_ST00087" HPOS="112" VPOS="502" WIDTH="67" HEIGHT="27" CONTENT="Mrs." WC="0.65" CC="7410"/>
						<SP ID="P31_SP00074" HPOS="179" VPOS="529" WIDTH="21"/>
						<String ID="P31_ST00088" HPOS="200" VPOS="501" WIDTH="134" HEIGHT="36" CONTENT="Seymour" WC="0.70" CC="0063055"/>
						<SP ID="P31_SP00075" HPOS="334" VPOS="537" WIDTH="18"/>
						<String ID="P31_ST00089" HPOS="352" VPOS="502" WIDTH="47" HEIGHT="27" CONTENT="did" WC="0.57" CC="344"/>
						<SP ID="P31_SP00076" HPOS="399" VPOS="537" WIDTH="21"/>
						<String ID="P31_ST00090" HPOS="420" VPOS="507" WIDTH="50" HEIGHT="22" CONTENT="not" WC="0.59" CC="803"/>
						<SP ID="P31_SP00077" HPOS="470" VPOS="537" WIDTH="17"/>
						<String ID="P31_ST00091" HPOS="487" VPOS="503" WIDTH="170" HEIGHT="26" CONTENT="understand" WC="0.43" CC="6670357585"/>
						<SP ID="P31_SP00078" HPOS="657" VPOS="537" WIDTH="18"/>
						<String ID="P31_ST00092" HPOS="675" VPOS="503" WIDTH="48" HEIGHT="26" CONTENT="her" WC="0.73" CC="601"/>
						<SP ID="P31_SP00079" HPOS="723" VPOS="537" WIDTH="19"/>
						<String ID="P31_ST00093" HPOS="742" VPOS="511" WIDTH="57" HEIGHT="23" CONTENT="son," WC="0.69" CC="3071"/>
						<SP ID="P31_SP00080" HPOS="799" VPOS="537" WIDTH="19"/>
						<String ID="P31_ST00094" HPOS="818" VPOS="501" WIDTH="50" HEIGHT="27" CONTENT="but" WC="0.57" CC="632"/>
						<SP ID="P31_SP00081" HPOS="868" VPOS="537" WIDTH="20"/>
						<String ID="P31_ST00095" HPOS="888" VPOS="501" WIDTH="48" HEIGHT="26" CONTENT="she" WC="0.76" CC="070"/>
					</TextLine>
					<TextLine ID="P31_TL00012" HPOS="76" VPOS="545" WIDTH="861" HEIGHT="36">
						<String ID="P31_ST00096" HPOS="76" VPOS="545" WIDTH="82" HEIGHT="27" CONTENT="loved" WC="0.68" CC="60207"/>
						<SP ID="P31_SP00082" HPOS="158" VPOS="572" WIDTH="19"/>
						<String ID="P31_ST00097" HPOS="177" VPOS="546" WIDTH="59" HEIGHT="26" CONTENT="him" WC="0.54" CC="805"/>
						<String ID="P31_ST00098" HPOS="245" VPOS="556" WIDTH="7" HEIGHT="23" CONTENT=";" WC="0.45" CC="5"/>
						<SP ID="P31_SP00083" HPOS="252" VPOS="579" WIDTH="32"/>
						<String ID="P31_ST00099" HPOS="284" VPOS="546" WIDTH="54" HEIGHT="26" CONTENT="and" WC="0.56" CC="075"/>
						<SP ID="P31_SP00084" HPOS="338" VPOS="579" WIDTH="27"/>
						<String ID="P31_ST00100" HPOS="365" VPOS="546" WIDTH="77" HEIGHT="27" CONTENT="there" WC="0.90" CC="04000"/>
						<SP ID="P31_SP00085" HPOS="442" VPOS="579" WIDTH="26"/>
						<String ID="P31_ST00101" HPOS="468" VPOS="547" WIDTH="24" HEIGHT="26" CONTENT="is" WC="0.97" CC="00"/>
						<SP ID="P31_SP00086" HPOS="492" VPOS="579" WIDTH="23"/>
						<String ID="P31_ST00102" HPOS="515" VPOS="556" WIDTH="16" HEIGHT="17" CONTENT="a" WC="1.00" CC="0"/>
						<SP ID="P31_SP00087" HPOS="531" VPOS="579" WIDTH="26"/>
						<String ID="P31_ST00103" HPOS="557" VPOS="547" WIDTH="196" HEIGHT="34" CONTENT="reciprocation" WC="0.72" CC="8000043334007"/>
						<SP ID="P31_SP00088" HPOS="753" VPOS="581" WIDTH="27"/>
						<String ID="P31_ST00104" HPOS="780" VPOS="546" WIDTH="28" HEIGHT="27" CONTENT="of" WC="0.67" CC="06"/>
						<SP ID="P31_SP00089" HPOS="808" VPOS="581" WIDTH="27"/>
						<String ID="P31_ST00105" HPOS="835" VPOS="545" WIDTH="102" HEIGHT="36" CONTENT="feeling" WC="0.72" CC="3004072"/>
					</TextLine>
					<TextLine ID="P31_TL00013" HPOS="76" VPOS="590" WIDTH="861" HEIGHT="36">
						<String ID="P31_ST00106" HPOS="76" VPOS="590" WIDTH="126" HEIGHT="27" CONTENT="between" WC="0.67" CC="8005007"/>
						<SP ID="P31_SP00090" HPOS="202" VPOS="617" WIDTH="32"/>
						<String ID="P31_ST00107" HPOS="234" VPOS="590" WIDTH="78" HEIGHT="27" CONTENT="those" WC="0.56" CC="65270"/>
						<SP ID="P31_SP00091" HPOS="312" VPOS="617" WIDTH="33"/>
						<String ID="P31_ST00108" HPOS="345" VPOS="590" WIDTH="61" HEIGHT="27" CONTENT="who" WC="0.42" CC="843"/>
						<SP ID="P31_SP00092" HPOS="406" VPOS="617" WIDTH="32"/>
						<String ID="P31_ST00109" HPOS="438" VPOS="591" WIDTH="70" HEIGHT="26" CONTENT="love." WC="0.89" CC="50000"/>
						<SP ID="P31_SP00093" HPOS="508" VPOS="617" WIDTH="38"/>
						<String ID="P31_ST00110" HPOS="546" VPOS="595" WIDTH="4" HEIGHT="3" CONTENT="'" WC="0.43" CC="5"/>
						<SP ID="P31_SP00094" HPOS="550" VPOS="617" WIDTH="11"/>
						<String ID="P31_ST00111" HPOS="561" VPOS="591" WIDTH="55" HEIGHT="26" CONTENT="She" WC="0.59" CC="470"/>
						<SP ID="P31_SP00095" HPOS="616" VPOS="617" WIDTH="27"/>
						<String ID="P31_ST00112" HPOS="643" VPOS="591" WIDTH="143" HEIGHT="35" CONTENT="perceived" WC="0.77" CC="706000005"/>
						<SP ID="P31_SP00096" HPOS="786" VPOS="626" WIDTH="30"/>
						<String ID="P31_ST00113" HPOS="816" VPOS="590" WIDTH="62" HEIGHT="27" CONTENT="that" WC="0.50" CC="5670"/>
						<SP ID="P31_SP00097" HPOS="878" VPOS="626" WIDTH="24"/>
						<String ID="P31_ST00114" HPOS="902" VPOS="590" WIDTH="35" HEIGHT="27" CONTENT="he" WC="0.73" CC="50"/>
					</TextLine>
					<TextLine ID="P31_TL00014" HPOS="77" VPOS="634" WIDTH="860" HEIGHT="35">
						<String ID="P31_ST00115" HPOS="77" VPOS="643" WIDTH="57" HEIGHT="18" CONTENT="was" WC="0.57" CC="804"/>
						<SP ID="P31_SP00098" HPOS="134" VPOS="661" WIDTH="17"/>
						<String ID="P31_ST00116" HPOS="151" VPOS="634" WIDTH="99" HEIGHT="27" CONTENT="moved" WC="0.61" CC="40706"/>
						<String ID="P31_ST00117" HPOS="261" VPOS="645" WIDTH="5" HEIGHT="21" CONTENT=";" WC="1.00" CC="0"/>
						<SP ID="P31_SP00099" HPOS="266" VPOS="666" WIDTH="20"/>
						<String ID="P31_ST00118" HPOS="286" VPOS="634" WIDTH="68" HEIGHT="27" CONTENT="with" WC="0.65" CC="8005"/>
						<SP ID="P31_SP00100" HPOS="354" VPOS="666" WIDTH="13"/>
						<String ID="P31_ST00119" HPOS="367" VPOS="635" WIDTH="82" HEIGHT="26" CONTENT="moist" WC="0.74" CC="50034"/>
						<SP ID="P31_SP00101" HPOS="449" VPOS="666" WIDTH="15"/>
						<String ID="P31_ST00120" HPOS="464" VPOS="644" WIDTH="63" HEIGHT="25" CONTENT="eyes" WC="0.80" CC="0502"/>
						<SP ID="P31_SP00102" HPOS="527" VPOS="669" WIDTH="19"/>
						<String ID="P31_ST00121" HPOS="546" VPOS="636" WIDTH="47" HEIGHT="25" CONTENT="she" WC="0.73" CC="080"/>
						<SP ID="P31_SP00103" HPOS="593" VPOS="669" WIDTH="15"/>
						<String ID="P31_ST00122" HPOS="608" VPOS="635" WIDTH="145" HEIGHT="32" CONTENT="ansAvered," WC="0.63" CC="4638508000"/>
						<SP ID="P31_SP00104" HPOS="753" VPOS="669" WIDTH="15"/>
						<String ID="P31_ST00123" HPOS="768" VPOS="637" WIDTH="13" HEIGHT="11" CONTENT='"' WC="1.00" CC="0"/>
						<SP ID="P31_SP00105" HPOS="781" VPOS="669" WIDTH="10"/>
						<String ID="P31_ST00124" HPOS="791" VPOS="634" WIDTH="61" HEIGHT="27" CONTENT="God" WC="0.64" CC="514"/>
						<SP ID="P31_SP00106" HPOS="852" VPOS="669" WIDTH="13"/>
						<String ID="P31_ST00125" HPOS="865" VPOS="634" WIDTH="72" HEIGHT="27" CONTENT="bless" WC="0.74" CC="07004"/>
					</TextLine>
					<TextLine ID="P31_TL00015" HPOS="74" VPOS="678" WIDTH="865" HEIGHT="36">
						<String ID="P31_ST00126" HPOS="74" VPOS="687" WIDTH="65" HEIGHT="26" CONTENT="you," WC="0.59" CC="7017"/>
						<SP ID="P31_SP00107" HPOS="139" VPOS="713" WIDTH="19"/>
						<String ID="P31_ST00127" HPOS="158" VPOS="687" WIDTH="48" HEIGHT="25" CONTENT="my" WC="0.53" CC="71"/>
						<SP ID="P31_SP00108" HPOS="206" VPOS="713" WIDTH="22"/>
						<String ID="P31_ST00128" HPOS="228" VPOS="678" WIDTH="55" HEIGHT="34" CONTENT="boy" WC="0.80" CC="014"/>
						<String ID="P31_ST00129" HPOS="292" VPOS="679" WIDTH="19" HEIGHT="25" CONTENT='!"' WC="0.89" CC="20"/>
						<SP ID="P31_SP00109" HPOS="311" VPOS="713" WIDTH="20"/>
						<String ID="P31_ST00130" HPOS="331" VPOS="678" WIDTH="112" HEIGHT="36" CONTENT="looking" WC="0.81" CC="0004710"/>
						<SP ID="P31_SP00110" HPOS="443" VPOS="714" WIDTH="20"/>
						<String ID="P31_ST00131" HPOS="463" VPOS="679" WIDTH="58" HEIGHT="26" CONTENT="into" WC="0.79" CC="0800"/>
						<SP ID="P31_SP00111" HPOS="521" VPOS="714" WIDTH="16"/>
						<String ID="P31_ST00132" HPOS="537" VPOS="679" WIDTH="50" HEIGHT="26" CONTENT="her" WC="0.47" CC="708"/>
						<SP ID="P31_SP00112" HPOS="587" VPOS="714" WIDTH="20"/>
						<String ID="P31_ST00133" HPOS="607" VPOS="679" WIDTH="51" HEIGHT="26" CONTENT="tall" WC="0.90" CC="0004"/>
						<SP ID="P31_SP00113" HPOS="658" VPOS="714" WIDTH="19"/>
						<String ID="P31_ST00134" HPOS="677" VPOS="679" WIDTH="70" HEIGHT="26" CONTENT="son's" WC="0.55" CC="53706"/>
						<SP ID="P31_SP00114" HPOS="747" VPOS="714" WIDTH="17"/>
						<String ID="P31_ST00135" HPOS="764" VPOS="679" WIDTH="57" HEIGHT="26" CONTENT="face" WC="0.65" CC="6250"/>
						<SP ID="P31_SP00115" HPOS="821" VPOS="714" WIDTH="14"/>
						<String ID="P31_ST00136" HPOS="835" VPOS="678" WIDTH="67" HEIGHT="26" CONTENT="with" WC="0.58" CC="4056"/>
						<SP ID="P31_SP00116" HPOS="902" VPOS="714" WIDTH="21"/>
						<String ID="P31_ST00137" HPOS="923" VPOS="687" WIDTH="16" HEIGHT="16" CONTENT="a" WC="0.28" CC="7"/>
					</TextLine>
					<TextLine ID="P31_TL00016" HPOS="78" VPOS="722" WIDTH="861" HEIGHT="36">
						<String ID="P31_ST00138" HPOS="78" VPOS="722" WIDTH="78" HEIGHT="27" CONTENT="smile" WC="0.58" CC="26470"/>
						<SP ID="P31_SP00117" HPOS="156" VPOS="749" WIDTH="21"/>
						<String ID="P31_ST00139" HPOS="177" VPOS="722" WIDTH="29" HEIGHT="26" CONTENT="in" WC="0.58" CC="08"/>
						<SP ID="P31_SP00118" HPOS="206" VPOS="749" WIDTH="18"/>
						<String ID="P31_ST00140" HPOS="224" VPOS="722" WIDTH="92" HEIGHT="27" CONTENT="which" WC="0.51" CC="77017"/>
						<SP ID="P31_SP00119" HPOS="316" VPOS="749" WIDTH="13"/>
						<String ID="P31_ST00141" HPOS="329" VPOS="723" WIDTH="77" HEIGHT="34" CONTENT="pride" WC="0.62" CC="52172"/>
						<SP ID="P31_SP00120" HPOS="406" VPOS="757" WIDTH="15"/>
						<String ID="P31_ST00142" HPOS="421" VPOS="723" WIDTH="53" HEIGHT="26" CONTENT="and" WC="0.64" CC="037"/>
						<SP ID="P31_SP00121" HPOS="474" VPOS="757" WIDTH="13"/>
						<String ID="P31_ST00143" HPOS="487" VPOS="723" WIDTH="62" HEIGHT="26" CONTENT="love" WC="1.00" CC="0000"/>
						<SP ID="P31_SP00122" HPOS="549" VPOS="757" WIDTH="17"/>
						<String ID="P31_ST00144" HPOS="566" VPOS="733" WIDTH="71" HEIGHT="17" CONTENT="were" WC="0.95" CC="2000"/>
						<SP ID="P31_SP00123" HPOS="637" VPOS="757" WIDTH="13"/>
						<String ID="P31_ST00145" HPOS="650" VPOS="723" WIDTH="127" HEIGHT="35" CONTENT="mingled." WC="0.70" CC="50803070"/>
						<SP ID="P31_SP00124" HPOS="777" VPOS="758" WIDTH="40"/>
						<String ID="P31_ST00146" HPOS="817" VPOS="723" WIDTH="50" HEIGHT="26" CONTENT="Let" WC="0.71" CC="106"/>
						<SP ID="P31_SP00125" HPOS="867" VPOS="758" WIDTH="13"/>
						<String ID="P31_ST00147" HPOS="880" VPOS="722" WIDTH="59" HEIGHT="26" CONTENT="him" WC="0.70" CC="701"/>
					</TextLine>
					<TextLine ID="P31_TL00017" HPOS="76" VPOS="766" WIDTH="863" HEIGHT="36">
						<String ID="P31_ST00148" HPOS="76" VPOS="766" WIDTH="35" HEIGHT="27" CONTENT="do" WC="0.42" CC="82"/>
						<SP ID="P31_SP00126" HPOS="111" VPOS="793" WIDTH="15"/>
						<String ID="P31_ST00149" HPOS="126" VPOS="766" WIDTH="74" HEIGHT="27" CONTENT="what" WC="0.54" CC="8450"/>
						<SP ID="P31_SP00127" HPOS="200" VPOS="793" WIDTH="14"/>
						<String ID="P31_ST00150" HPOS="214" VPOS="766" WIDTH="35" HEIGHT="27" CONTENT="he" WC="0.75" CC="50"/>
						<SP ID="P31_SP00128" HPOS="249" VPOS="793" WIDTH="14"/>
						<String ID="P31_ST00151" HPOS="263" VPOS="767" WIDTH="100" HEIGHT="32" CONTENT="would," WC="0.60" CC="803316"/>
						<SP ID="P31_SP00129" HPOS="363" VPOS="799" WIDTH="11"/>
						<String ID="P31_ST00152" HPOS="374" VPOS="767" WIDTH="76" HEIGHT="27" CONTENT="there" WC="0.68" CC="27050"/>
						<SP ID="P31_SP00130" HPOS="450" VPOS="799" WIDTH="11"/>
						<String ID="P31_ST00153" HPOS="461" VPOS="777" WIDTH="71" HEIGHT="17" CONTENT="were" WC="0.70" CC="8040"/>
						<SP ID="P31_SP00131" HPOS="532" VPOS="799" WIDTH="11"/>
						<String ID="P31_ST00154" HPOS="543" VPOS="772" WIDTH="48" HEIGHT="22" CONTENT="not" WC="0.59" CC="605"/>
						<SP ID="P31_SP00132" HPOS="591" VPOS="799" WIDTH="11"/>
						<String ID="P31_ST00155" HPOS="602" VPOS="777" WIDTH="83" HEIGHT="25" CONTENT="many" WC="0.54" CC="0574"/>
						<SP ID="P31_SP00133" HPOS="685" VPOS="802" WIDTH="10"/>
						<String ID="P31_ST00156" HPOS="695" VPOS="767" WIDTH="56" HEIGHT="27" CONTENT="like" WC="0.71" CC="8200"/>
						<SP ID="P31_SP00134" HPOS="751" VPOS="802" WIDTH="8"/>
						<String ID="P31_ST00157" HPOS="759" VPOS="767" WIDTH="65" HEIGHT="27" CONTENT="him." WC="0.82" CC="7000"/>
						<SP ID="P31_SP00135" HPOS="824" VPOS="802" WIDTH="39"/>
						<String ID="P31_ST00158" HPOS="863" VPOS="766" WIDTH="76" HEIGHT="34" CONTENT="Why" WC="0.80" CC="050"/>
					</TextLine>
					<TextLine ID="P31_TL00018" HPOS="77" VPOS="810" WIDTH="862" HEIGHT="37">
						<String ID="P31_ST00159" HPOS="77" VPOS="810" WIDTH="100" HEIGHT="28" CONTENT="should" WC="0.40" CC="770677"/>
						<SP ID="P31_SP00136" HPOS="177" VPOS="838" WIDTH="13"/>
						<String ID="P31_ST00160" HPOS="190" VPOS="811" WIDTH="49" HEIGHT="26" CONTENT="she" WC="0.53" CC="580"/>
						<SP ID="P31_SP00137" HPOS="239" VPOS="838" WIDTH="14"/>
						<String ID="P31_ST00161" HPOS="253" VPOS="811" WIDTH="34" HEIGHT="26" CONTENT="be" WC="0.67" CC="60"/>
						<SP ID="P31_SP00138" HPOS="287" VPOS="838" WIDTH="18"/>
						<String ID="P31_ST00162" HPOS="305" VPOS="811" WIDTH="29" HEIGHT="26" CONTENT="in" WC="0.50" CC="18"/>
						<SP ID="P31_SP00139" HPOS="334" VPOS="838" WIDTH="18"/>
						<String ID="P31_ST00163" HPOS="352" VPOS="821" WIDTH="16" HEIGHT="17" CONTENT="a" WC="0.64" CC="3"/>
						<SP ID="P31_SP00140" HPOS="368" VPOS="838" WIDTH="19"/>
						<String ID="P31_ST00164" HPOS="387" VPOS="811" WIDTH="86" HEIGHT="36" CONTENT="hurry" WC="0.41" CC="56647"/>
						<SP ID="P31_SP00141" HPOS="473" VPOS="847" WIDTH="19"/>
						<String ID="P31_ST00165" HPOS="492" VPOS="812" WIDTH="41" HEIGHT="26" CONTENT="for" WC="0.80" CC="104"/>
						<SP ID="P31_SP00142" HPOS="533" VPOS="847" WIDTH="20"/>
						<String ID="P31_ST00166" HPOS="553" VPOS="812" WIDTH="58" HEIGHT="26" CONTENT="him" WC="0.87" CC="300"/>
						<SP ID="P31_SP00143" HPOS="611" VPOS="847" WIDTH="19"/>
						<String ID="P31_ST00167" HPOS="630" VPOS="815" WIDTH="29" HEIGHT="23" CONTENT="to" WC="0.74" CC="22"/>
						<SP ID="P31_SP00144" HPOS="659" VPOS="847" WIDTH="16"/>
						<String ID="P31_ST00168" HPOS="675" VPOS="821" WIDTH="98" HEIGHT="25" CONTENT="marry," WC="0.63" CC="307730"/>
						<SP ID="P31_SP00145" HPOS="773" VPOS="847" WIDTH="18"/>
						<String ID="P31_ST00169" HPOS="791" VPOS="811" WIDTH="23" HEIGHT="27" CONTENT="if" WC="0.80" CC="04"/>
						<SP ID="P31_SP00146" HPOS="814" VPOS="847" WIDTH="17"/>
						<String ID="P31_ST00170" HPOS="831" VPOS="811" WIDTH="35" HEIGHT="27" CONTENT="he" WC="0.76" CC="40"/>
						<SP ID="P31_SP00147" HPOS="866" VPOS="847" WIDTH="17"/>
						<String ID="P31_ST00171" HPOS="883" VPOS="819" WIDTH="56" HEIGHT="18" CONTENT="was" WC="0.92" CC="200"/>
					</TextLine>
					<TextLine ID="P31_TL00019" HPOS="74" VPOS="854" WIDTH="865" HEIGHT="37">
						<String ID="P31_ST00172" HPOS="74" VPOS="858" WIDTH="117" HEIGHT="24" CONTENT="content" WC="0.50" CC="8077073"/>
						<SP ID="P31_SP00148" HPOS="191" VPOS="882" WIDTH="9"/>
						<String ID="P31_ST00173" HPOS="200" VPOS="859" WIDTH="28" HEIGHT="22" CONTENT="to" WC="1.00" CC="00"/>
						<SP ID="P31_SP00149" HPOS="228" VPOS="882" WIDTH="11"/>
						<String ID="P31_ST00174" HPOS="239" VPOS="855" WIDTH="66" HEIGHT="26" CONTENT="Avait" WC="0.68" CC="80213"/>
						<SP ID="P31_SP00150" HPOS="305" VPOS="882" WIDTH="11"/>
						<String ID="P31_ST00175" HPOS="316" VPOS="857" WIDTH="8" HEIGHT="24" CONTENT="?" WC="0.58" CC="4"/>
						<SP ID="P31_SP00151" HPOS="324" VPOS="882" WIDTH="20"/>
						<String ID="P31_ST00176" HPOS="344" VPOS="855" WIDTH="57" HEIGHT="27" CONTENT="The" WC="0.68" CC="170"/>
						<SP ID="P31_SP00152" HPOS="401" VPOS="882" WIDTH="12"/>
						<String ID="P31_ST00177" HPOS="413" VPOS="856" WIDTH="67" HEIGHT="26" CONTENT="time" WC="0.80" CC="6001"/>
						<SP ID="P31_SP00153" HPOS="480" VPOS="882" WIDTH="8"/>
						<String ID="P31_ST00178" HPOS="488" VPOS="856" WIDTH="61" HEIGHT="26" CONTENT="that" WC="0.59" CC="0653"/>
						<SP ID="P31_SP00154" HPOS="549" VPOS="882" WIDTH="10"/>
						<String ID="P31_ST00179" HPOS="559" VPOS="857" WIDTH="55" HEIGHT="25" CONTENT="had" WC="0.47" CC="707"/>
						<SP ID="P31_SP00155" HPOS="614" VPOS="882" WIDTH="14"/>
						<String ID="P31_ST00180" HPOS="628" VPOS="856" WIDTH="97" HEIGHT="35" CONTENT="passed" WC="0.58" CC="750605"/>
						<SP ID="P31_SP00156" HPOS="725" VPOS="891" WIDTH="11"/>
						<String ID="P31_ST00181" HPOS="736" VPOS="856" WIDTH="74" HEIGHT="26" CONTENT="since" WC="0.71" CC="51700"/>
						<SP ID="P31_SP00157" HPOS="810" VPOS="891" WIDTH="10"/>
						<String ID="P31_ST00182" HPOS="820" VPOS="855" WIDTH="34" HEIGHT="27" CONTENT="he" WC="0.66" CC="60"/>
						<SP ID="P31_SP00158" HPOS="854" VPOS="891" WIDTH="10"/>
						<String ID="P31_ST00183" HPOS="864" VPOS="854" WIDTH="75" HEIGHT="27" CONTENT="lived" WC="0.82" CC="02005"/>
					</TextLine>
					<TextLine ID="P31_TL00020" HPOS="78" VPOS="899" WIDTH="861" HEIGHT="36">
						<String ID="P31_ST00184" HPOS="78" VPOS="899" WIDTH="69" HEIGHT="27" CONTENT="with" WC="0.41" CC="8068"/>
						<SP ID="P31_SP00159" HPOS="147" VPOS="926" WIDTH="9"/>
						<String ID="P31_ST00185" HPOS="156" VPOS="899" WIDTH="49" HEIGHT="27" CONTENT="her" WC="0.52" CC="706"/>
						<SP ID="P31_SP00160" HPOS="205" VPOS="926" WIDTH="9"/>
						<String ID="P31_ST00186" HPOS="214" VPOS="900" WIDTH="55" HEIGHT="26" CONTENT="had" WC="0.54" CC="715"/>
						<SP ID="P31_SP00161" HPOS="269" VPOS="926" WIDTH="10"/>
						<String ID="P31_ST00187" HPOS="279" VPOS="900" WIDTH="70" HEIGHT="26" CONTENT="been" WC="0.82" CC="7000"/>
						<SP ID="P31_SP00162" HPOS="349" VPOS="926" WIDTH="10"/>
						<String ID="P31_ST00188" HPOS="359" VPOS="904" WIDTH="84" HEIGHT="22" CONTENT="sweet" WC="0.80" CC="18000"/>
						<SP ID="P31_SP00163" HPOS="443" VPOS="926" WIDTH="11"/>
						<String ID="P31_ST00189" HPOS="454" VPOS="904" WIDTH="28" HEIGHT="22" CONTENT="to" WC="0.66" CC="60"/>
						<SP ID="P31_SP00164" HPOS="482" VPOS="926" WIDTH="8"/>
						<String ID="P31_ST00190" HPOS="490" VPOS="901" WIDTH="56" HEIGHT="32" CONTENT="her," WC="0.56" CC="6055"/>
						<SP ID="P31_SP00165" HPOS="546" VPOS="933" WIDTH="13"/>
						<String ID="P31_ST00191" HPOS="559" VPOS="904" WIDTH="112" HEIGHT="23" CONTENT="sweeter" WC="0.66" CC="5800603"/>
						<SP ID="P31_SP00166" HPOS="671" VPOS="933" WIDTH="10"/>
						<String ID="P31_ST00192" HPOS="681" VPOS="900" WIDTH="118" HEIGHT="35" CONTENT="perhaps" WC="0.57" CC="7036470"/>
						<SP ID="P31_SP00167" HPOS="799" VPOS="935" WIDTH="9"/>
						<String ID="P31_ST00193" HPOS="808" VPOS="900" WIDTH="68" HEIGHT="26" CONTENT="than" WC="0.48" CC="4807"/>
						<SP ID="P31_SP00168" HPOS="876" VPOS="935" WIDTH="9"/>
						<String ID="P31_ST00194" HPOS="885" VPOS="908" WIDTH="54" HEIGHT="25" CONTENT="any" WC="0.57" CC="066"/>
					</TextLine>
					<TextLine ID="P31_TL00021" HPOS="77" VPOS="943" WIDTH="862" HEIGHT="33">
						<String ID="P31_ST00195" HPOS="77" VPOS="943" WIDTH="75" HEIGHT="30" CONTENT="time," WC="0.76" CC="80200"/>
						<SP ID="P31_SP00169" HPOS="152" VPOS="973" WIDTH="16"/>
						<String ID="P31_ST00196" HPOS="168" VPOS="946" WIDTH="97" HEIGHT="30" CONTENT="except" WC="0.74" CC="010076"/>
						<SP ID="P31_SP00170" HPOS="265" VPOS="976" WIDTH="14"/>
						<String ID="P31_ST00197" HPOS="279" VPOS="943" WIDTH="48" HEIGHT="26" CONTENT="the" WC="0.77" CC="060"/>
						<SP ID="P31_SP00171" HPOS="327" VPOS="976" WIDTH="18"/>
						<String ID="P31_ST00198" HPOS="345" VPOS="943" WIDTH="60" HEIGHT="26" CONTENT="first" WC="0.67" CC="00654"/>
						<SP ID="P31_SP00172" HPOS="405" VPOS="976" WIDTH="16"/>
						<String ID="P31_ST00199" HPOS="421" VPOS="943" WIDTH="53" HEIGHT="27" CONTENT="few" WC="0.65" CC="208"/>
						<SP ID="P31_SP00173" HPOS="474" VPOS="976" WIDTH="20"/>
						<String ID="P31_ST00200" HPOS="494" VPOS="943" WIDTH="112" HEIGHT="27" CONTENT="months" WC="0.66" CC="008551"/>
						<SP ID="P31_SP00174" HPOS="606" VPOS="976" WIDTH="20"/>
						<String ID="P31_ST00201" HPOS="626" VPOS="943" WIDTH="30" HEIGHT="27" CONTENT="of" WC="1.00" CC="00"/>
						<SP ID="P31_SP00175" HPOS="656" VPOS="976" WIDTH="17"/>
						<String ID="P31_ST00202" HPOS="673" VPOS="943" WIDTH="49" HEIGHT="27" CONTENT="her" WC="0.81" CC="500"/>
						<SP ID="P31_SP00176" HPOS="722" VPOS="976" WIDTH="19"/>
						<String ID="P31_ST00203" HPOS="741" VPOS="943" WIDTH="110" HEIGHT="26" CONTENT="earliest" WC="0.74" CC="00077031"/>
						<SP ID="P31_SP00177" HPOS="851" VPOS="976" WIDTH="18"/>
						<String ID="P31_ST00204" HPOS="869" VPOS="951" WIDTH="70" HEIGHT="16" CONTENT="mar" SUBS_TYPE="HypPart1" SUBS_CONTENT="marriage." WC="0.68" CC="4340"/>
						<HYP CONTENT="-"/>
					</TextLine>
					<TextLine ID="P31_TL00022" HPOS="78" VPOS="987" WIDTH="829" HEIGHT="34">
						<String ID="P31_ST00205" HPOS="78" VPOS="987" WIDTH="80" HEIGHT="34" CONTENT="riage." SUBS_TYPE="HypPart2" SUBS_CONTENT="marriage." WC="0.87" CC="700000"/>
						<SP ID="P31_SP00178" HPOS="158" VPOS="1021" WIDTH="40"/>
						<String ID="P31_ST00206" HPOS="198" VPOS="987" WIDTH="107" HEIGHT="26" CONTENT="Walter" WC="0.93" CC="010002"/>
						<SP ID="P31_SP00179" HPOS="305" VPOS="1021" WIDTH="14"/>
						<String ID="P31_ST00207" HPOS="319" VPOS="987" WIDTH="55" HEIGHT="26" CONTENT="had" WC="0.56" CC="607"/>
						<SP ID="P31_SP00180" HPOS="374" VPOS="1021" WIDTH="13"/>
						<String ID="P31_ST00208" HPOS="387" VPOS="987" WIDTH="70" HEIGHT="26" CONTENT="been" WC="0.63" CC="7007"/>
						<SP ID="P31_SP00181" HPOS="457" VPOS="1021" WIDTH="14"/>
						<String ID="P31_ST00209" HPOS="471" VPOS="996" WIDTH="15" HEIGHT="18" CONTENT="a" WC="0.51" CC="4"/>
						<SP ID="P31_SP00182" HPOS="486" VPOS="1021" WIDTH="14"/>
						<String ID="P31_ST00210" HPOS="500" VPOS="996" WIDTH="49" HEIGHT="18" CONTENT="son" WC="0.52" CC="617"/>
						<SP ID="P31_SP00183" HPOS="549" VPOS="1021" WIDTH="16"/>
						<String ID="P31_ST00211" HPOS="565" VPOS="987" WIDTH="54" HEIGHT="27" CONTENT="and" WC="0.50" CC="077"/>
						<SP ID="P31_SP00184" HPOS="619" VPOS="1021" WIDTH="13"/>
						<String ID="P31_ST00212" HPOS="632" VPOS="996" WIDTH="16" HEIGHT="18" CONTENT="a" WC="0.92" CC="0"/>
						<SP ID="P31_SP00185" HPOS="648" VPOS="1021" WIDTH="14"/>
						<String ID="P31_ST00213" HPOS="662" VPOS="987" WIDTH="133" HEIGHT="34" CONTENT="daughter" WC="0.68" CC="70066003"/>
						<SP ID="P31_SP00186" HPOS="795" VPOS="1021" WIDTH="13"/>
						<String ID="P31_ST00214" HPOS="808" VPOS="987" WIDTH="29" HEIGHT="25" CONTENT="in" WC="0.62" CC="07"/>
						<SP ID="P31_SP00187" HPOS="837" VPOS="1021" WIDTH="14"/>
						<String ID="P31_ST00215" HPOS="851" VPOS="994" WIDTH="56" HEIGHT="18" CONTENT="one." WC="0.80" CC="0800"/>
					</TextLine>
				</TextBlock>
				<TextBlock ID="P31_TB00006" HPOS="77" VPOS="1029" WIDTH="864" HEIGHT="123" STYLEREFS="TXT_1 PAR_LEFT">
					<TextLine ID="P31_TL00023" HPOS="117" VPOS="1030" WIDTH="824" HEIGHT="34">
						<String ID="P31_ST00216" HPOS="117" VPOS="1033" WIDTH="13" HEIGHT="10" CONTENT='"' WC="0.73" CC="2"/>
						<SP ID="P31_SP00188" HPOS="130" VPOS="1043" WIDTH="12"/>
						<String ID="P31_ST00217" HPOS="142" VPOS="1031" WIDTH="14" HEIGHT="25" CONTENT="I" WC="0.75" CC="2"/>
						<SP ID="P31_SP00189" HPOS="156" VPOS="1056" WIDTH="22"/>
						<String ID="P31_ST00218" HPOS="178" VPOS="1030" WIDTH="58" HEIGHT="26" CONTENT="Avill" WC="0.50" CC="81068"/>
						<SP ID="P31_SP00190" HPOS="236" VPOS="1056" WIDTH="21"/>
						<String ID="P31_ST00219" HPOS="257" VPOS="1030" WIDTH="50" HEIGHT="26" CONTENT="tell" WC="0.69" CC="4080"/>
						<SP ID="P31_SP00191" HPOS="307" VPOS="1056" WIDTH="14"/>
						<String ID="P31_ST00220" HPOS="321" VPOS="1039" WIDTH="55" HEIGHT="25" CONTENT="you" WC="0.70" CC="107"/>
						<SP ID="P31_SP00192" HPOS="376" VPOS="1064" WIDTH="13"/>
						<String ID="P31_ST00221" HPOS="389" VPOS="1040" WIDTH="16" HEIGHT="17" CONTENT="a" WC="0.87" CC="1"/>
						<SP ID="P31_SP00193" HPOS="405" VPOS="1064" WIDTH="14"/>
						<String ID="P31_ST00222" HPOS="419" VPOS="1035" WIDTH="92" HEIGHT="28" CONTENT="secret," WC="0.79" CC="1036030"/>
						<SP ID="P31_SP00194" HPOS="511" VPOS="1064" WIDTH="15"/>
						<String ID="P31_ST00223" HPOS="526" VPOS="1031" WIDTH="113" HEIGHT="28" CONTENT="mother." WC="0.83" CC="2032002"/>
						<SP ID="P31_SP00195" HPOS="639" VPOS="1064" WIDTH="41"/>
						<String ID="P31_ST00224" HPOS="680" VPOS="1031" WIDTH="14" HEIGHT="26" CONTENT="I" WC="0.87" CC="1"/>
						<SP ID="P31_SP00196" HPOS="694" VPOS="1064" WIDTH="14"/>
						<String ID="P31_ST00225" HPOS="708" VPOS="1031" WIDTH="70" HEIGHT="26" CONTENT="have" WC="0.71" CC="6202"/>
						<SP ID="P31_SP00197" HPOS="778" VPOS="1064" WIDTH="14"/>
						<String ID="P31_ST00226" HPOS="792" VPOS="1032" WIDTH="60" HEIGHT="25" CONTENT="sent" WC="0.62" CC="1084"/>
						<SP ID="P31_SP00198" HPOS="852" VPOS="1064" WIDTH="15"/>
						<String ID="P31_ST00227" HPOS="867" VPOS="1038" WIDTH="74" HEIGHT="18" CONTENT="some" WC="0.98" CC="0000"/>
					</TextLine>
					<TextLine ID="P31_TL00024" HPOS="79" VPOS="1073" WIDTH="862" HEIGHT="36">
						<String ID="P31_ST00228" HPOS="79" VPOS="1075" WIDTH="77" HEIGHT="26" CONTENT="short" WC="0.54" CC="65064"/>
						<SP ID="P31_SP00199" HPOS="156" VPOS="1101" WIDTH="19"/>
						<String ID="P31_ST00229" HPOS="175" VPOS="1083" WIDTH="98" HEIGHT="25" CONTENT="papers" WC="0.57" CC="837041"/>
						<SP ID="P31_SP00200" HPOS="273" VPOS="1108" WIDTH="21"/>
						<String ID="P31_ST00230" HPOS="294" VPOS="1077" WIDTH="28" HEIGHT="23" CONTENT="to" WC="1.00" CC="00"/>
						<SP ID="P31_SP00201" HPOS="322" VPOS="1108" WIDTH="20"/>
						<String ID="P31_ST00231" HPOS="342" VPOS="1075" WIDTH="162" HEIGHT="34" CONTENT="magazines," WC="0.74" CC="3100708030"/>
						<SP ID="P31_SP00202" HPOS="504" VPOS="1109" WIDTH="21"/>
						<String ID="P31_ST00232" HPOS="525" VPOS="1075" WIDTH="54" HEIGHT="26" CONTENT="and" WC="0.55" CC="067"/>
						<SP ID="P31_SP00203" HPOS="579" VPOS="1109" WIDTH="19"/>
						<String ID="P31_ST00233" HPOS="598" VPOS="1084" WIDTH="50" HEIGHT="17" CONTENT="one" WC="0.73" CC="070"/>
						<SP ID="P31_SP00204" HPOS="648" VPOS="1109" WIDTH="21"/>
						<String ID="P31_ST00234" HPOS="669" VPOS="1084" WIDTH="28" HEIGHT="17" CONTENT="or" WC="0.67" CC="06"/>
						<SP ID="P31_SP00205" HPOS="697" VPOS="1109" WIDTH="21"/>
						<String ID="P31_ST00235" HPOS="718" VPOS="1077" WIDTH="54" HEIGHT="23" CONTENT="two" WC="0.82" CC="230"/>
						<SP ID="P31_SP00206" HPOS="772" VPOS="1109" WIDTH="18"/>
						<String ID="P31_ST00236" HPOS="790" VPOS="1082" WIDTH="71" HEIGHT="18" CONTENT="were" WC="0.46" CC="8067"/>
						<SP ID="P31_SP00207" HPOS="861" VPOS="1109" WIDTH="17"/>
						<String ID="P31_ST00237" HPOS="878" VPOS="1073" WIDTH="63" HEIGHT="27" CONTENT="well" WC="0.71" CC="6004"/>
					</TextLine>
					<TextLine ID="P31_TL00025" HPOS="79" VPOS="1119" WIDTH="340" HEIGHT="33">
						<String ID="P31_ST00238" HPOS="79" VPOS="1119" WIDTH="126" HEIGHT="26" CONTENT="received" WC="0.81" CC="40003007"/>
						<SP ID="P31_SP00208" HPOS="205" VPOS="1145" WIDTH="13"/>
						<String ID="P31_ST00239" HPOS="218" VPOS="1119" WIDTH="55" HEIGHT="25" CONTENT="and" WC="0.49" CC="077"/>
						<SP ID="P31_SP00209" HPOS="273" VPOS="1145" WIDTH="13"/>
						<String ID="P31_ST00240" HPOS="286" VPOS="1119" WIDTH="133" HEIGHT="33" CONTENT='printed."' WC="0.63" CC="460850025"/>
					</TextLine>
				</TextBlock>
				<TextBlock ID="P31_TB00007" HPOS="76" VPOS="1160" WIDTH="867" HEIGHT="214" STYLEREFS="TXT_1 PAR_LEFT">
					<TextLine ID="P31_TL00026" HPOS="117" VPOS="1161" WIDTH="825" HEIGHT="36">
						<String ID="P31_ST00241" HPOS="117" VPOS="1166" WIDTH="14" HEIGHT="9" CONTENT='"' WC="0.63" CC="3"/>
						<SP ID="P31_SP00210" HPOS="131" VPOS="1175" WIDTH="9"/>
						<String ID="P31_ST00242" HPOS="140" VPOS="1164" WIDTH="77" HEIGHT="33" CONTENT="Why" WC="0.53" CC="066"/>
						<SP ID="P31_SP00211" HPOS="217" VPOS="1197" WIDTH="14"/>
						<String ID="P31_ST00243" HPOS="231" VPOS="1163" WIDTH="47" HEIGHT="26" CONTENT="did" WC="0.62" CC="504"/>
						<SP ID="P31_SP00212" HPOS="278" VPOS="1197" WIDTH="13"/>
						<String ID="P31_ST00244" HPOS="291" VPOS="1172" WIDTH="55" HEIGHT="25" CONTENT="you" WC="0.64" CC="405"/>
						<SP ID="P31_SP00213" HPOS="346" VPOS="1197" WIDTH="17"/>
						<String ID="P31_ST00245" HPOS="363" VPOS="1167" WIDTH="48" HEIGHT="22" CONTENT="not" WC="0.50" CC="805"/>
						<SP ID="P31_SP00214" HPOS="411" VPOS="1197" WIDTH="14"/>
						<String ID="P31_ST00246" HPOS="425" VPOS="1164" WIDTH="50" HEIGHT="26" CONTENT="tell" WC="0.82" CC="2004"/>
						<SP ID="P31_SP00215" HPOS="475" VPOS="1197" WIDTH="14"/>
						<String ID="P31_ST00247" HPOS="489" VPOS="1173" WIDTH="43" HEIGHT="17" CONTENT="me" WC="1.00" CC="00"/>
						<SP ID="P31_SP00216" HPOS="532" VPOS="1197" WIDTH="11"/>
						<String ID="P31_ST00248" HPOS="543" VPOS="1174" WIDTH="6" HEIGHT="23" CONTENT=";" WC="0.40" CC="5"/>
						<SP ID="P31_SP00217" HPOS="549" VPOS="1197" WIDTH="15"/>
						<String ID="P31_ST00249" HPOS="564" VPOS="1164" WIDTH="14" HEIGHT="26" CONTENT="I" WC="0.80" CC="1"/>
						<SP ID="P31_SP00218" HPOS="578" VPOS="1197" WIDTH="14"/>
						<String ID="P31_ST00250" HPOS="592" VPOS="1164" WIDTH="82" HEIGHT="26" CONTENT="could" WC="0.72" CC="08005"/>
						<SP ID="P31_SP00219" HPOS="674" VPOS="1197" WIDTH="12"/>
						<String ID="P31_ST00251" HPOS="686" VPOS="1164" WIDTH="72" HEIGHT="25" CONTENT="have" WC="0.71" CC="6400"/>
						<SP ID="P31_SP00220" HPOS="758" VPOS="1197" WIDTH="14"/>
						<String ID="P31_ST00252" HPOS="772" VPOS="1163" WIDTH="58" HEIGHT="26" CONTENT="said" WC="0.78" CC="0008"/>
						<SP ID="P31_SP00221" HPOS="830" VPOS="1197" WIDTH="14"/>
						<String ID="P31_ST00253" HPOS="844" VPOS="1171" WIDTH="15" HEIGHT="17" CONTENT="a" WC="0.62" CC="3"/>
						<SP ID="P31_SP00222" HPOS="859" VPOS="1197" WIDTH="8"/>
						<String ID="P31_ST00254" HPOS="867" VPOS="1161" WIDTH="75" HEIGHT="26" CONTENT="word" WC="0.51" CC="6066"/>
					</TextLine>
					<TextLine ID="P31_TL00027" HPOS="79" VPOS="1206" WIDTH="864" HEIGHT="36">
						<String ID="P31_ST00255" HPOS="79" VPOS="1211" WIDTH="29" HEIGHT="23" CONTENT="to" WC="0.59" CC="80"/>
						<SP ID="P31_SP00223" HPOS="108" VPOS="1234" WIDTH="20"/>
						<String ID="P31_ST00256" HPOS="128" VPOS="1208" WIDTH="78" HEIGHT="34" CONTENT="Lady" WC="0.56" CC="7117"/>
						<SP ID="P31_SP00224" HPOS="206" VPOS="1242" WIDTH="19"/>
						<String ID="P31_ST00257" HPOS="225" VPOS="1208" WIDTH="153" HEIGHT="25" CONTENT="Dashforth" WC="0.65" CC="810602047"/>
						<SP ID="P31_SP00225" HPOS="378" VPOS="1242" WIDTH="18"/>
						<String ID="P31_ST00258" HPOS="396" VPOS="1208" WIDTH="54" HEIGHT="26" CONTENT="and" WC="0.50" CC="184"/>
						<SP ID="P31_SP00226" HPOS="450" VPOS="1242" WIDTH="18"/>
						<String ID="P31_ST00259" HPOS="468" VPOS="1208" WIDTH="103" HEIGHT="27" CONTENT="several" WC="0.80" CC="0520203"/>
						<SP ID="P31_SP00227" HPOS="571" VPOS="1242" WIDTH="21"/>
						<String ID="P31_ST00260" HPOS="592" VPOS="1208" WIDTH="97" HEIGHT="32" CONTENT="others," WC="0.71" CC="0230077"/>
						<SP ID="P31_SP00228" HPOS="689" VPOS="1242" WIDTH="14"/>
						<String ID="P31_ST00261" HPOS="703" VPOS="1208" WIDTH="55" HEIGHT="25" CONTENT="and" WC="0.57" CC="075"/>
						<SP ID="P31_SP00229" HPOS="758" VPOS="1242" WIDTH="14"/>
						<String ID="P31_ST00262" HPOS="772" VPOS="1207" WIDTH="66" HEIGHT="34" CONTENT="they" WC="0.59" CC="6701"/>
						<SP ID="P31_SP00230" HPOS="838" VPOS="1242" WIDTH="13"/>
						<String ID="P31_ST00263" HPOS="851" VPOS="1206" WIDTH="92" HEIGHT="26" CONTENT="would" WC="0.53" CC="30657"/>
					</TextLine>
					<TextLine ID="P31_TL00028" HPOS="77" VPOS="1251" WIDTH="866" HEIGHT="36">
						<String ID="P31_ST00264" HPOS="77" VPOS="1255" WIDTH="50" HEIGHT="32" CONTENT="get" WC="0.61" CC="803"/>
						<SP ID="P31_SP00231" HPOS="127" VPOS="1287" WIDTH="13"/>
						<String ID="P31_ST00265" HPOS="140" VPOS="1252" WIDTH="98" HEIGHT="34" CONTENT="people" WC="0.70" CC="700720"/>
						<SP ID="P31_SP00232" HPOS="238" VPOS="1287" WIDTH="13"/>
						<String ID="P31_ST00266" HPOS="251" VPOS="1254" WIDTH="29" HEIGHT="24" CONTENT="to" WC="0.66" CC="32"/>
						<SP ID="P31_SP00233" HPOS="280" VPOS="1287" WIDTH="15"/>
						<String ID="P31_ST00267" HPOS="295" VPOS="1252" WIDTH="56" HEIGHT="34" CONTENT="buy" WC="0.64" CC="505"/>
						<SP ID="P31_SP00234" HPOS="351" VPOS="1287" WIDTH="14"/>
						<String ID="P31_ST00268" HPOS="365" VPOS="1252" WIDTH="47" HEIGHT="26" CONTENT="the" WC="0.63" CC="540"/>
						<SP ID="P31_SP00235" HPOS="412" VPOS="1287" WIDTH="14"/>
						<String ID="P31_ST00269" HPOS="426" VPOS="1252" WIDTH="162" HEIGHT="35" CONTENT="magazines," WC="0.71" CC="4071006007"/>
						<SP ID="P31_SP00236" HPOS="588" VPOS="1287" WIDTH="14"/>
						<String ID="P31_ST00270" HPOS="602" VPOS="1252" WIDTH="55" HEIGHT="26" CONTENT="and" WC="0.57" CC="075"/>
						<SP ID="P31_SP00237" HPOS="657" VPOS="1287" WIDTH="13"/>
						<String ID="P31_ST00271" HPOS="670" VPOS="1261" WIDTH="55" HEIGHT="25" CONTENT="you" WC="0.56" CC="606"/>
						<SP ID="P31_SP00238" HPOS="725" VPOS="1287" WIDTH="16"/>
						<String ID="P31_ST00272" HPOS="741" VPOS="1251" WIDTH="90" HEIGHT="27" CONTENT="would" WC="0.70" CC="02623"/>
						<SP ID="P31_SP00239" HPOS="831" VPOS="1287" WIDTH="13"/>
						<String ID="P31_ST00273" HPOS="844" VPOS="1251" WIDTH="70" HEIGHT="25" CONTENT="have" WC="0.76" CC="7010"/>
						<SP ID="P31_SP00240" HPOS="914" VPOS="1287" WIDTH="14"/>
						<String ID="P31_ST00274" HPOS="928" VPOS="1258" WIDTH="15" HEIGHT="17" CONTENT="a" WC="0.69" CC="3"/>
					</TextLine>
					<TextLine ID="P31_TL00029" HPOS="78" VPOS="1293" WIDTH="865" HEIGHT="36">
						<String ID="P31_ST00275" HPOS="78" VPOS="1305" WIDTH="81" HEIGHT="18" CONTENT="name" WC="0.59" CC="6440"/>
						<SP ID="P31_SP00241" HPOS="159" VPOS="1323" WIDTH="8"/>
						<String ID="P31_ST00276" HPOS="167" VPOS="1300" WIDTH="29" HEIGHT="22" CONTENT="at" WC="0.84" CC="03"/>
						<SP ID="P31_SP00242" HPOS="196" VPOS="1323" WIDTH="11"/>
						<String ID="P31_ST00277" HPOS="207" VPOS="1304" WIDTH="74" HEIGHT="23" CONTENT="once," WC="0.87" CC="06000"/>
						<SP ID="P31_SP00243" HPOS="281" VPOS="1327" WIDTH="10"/>
						<String ID="P31_ST00278" HPOS="291" VPOS="1296" WIDTH="54" HEIGHT="26" CONTENT="and" WC="0.61" CC="083"/>
						<SP ID="P31_SP00244" HPOS="345" VPOS="1327" WIDTH="10"/>
						<String ID="P31_ST00279" HPOS="355" VPOS="1299" WIDTH="27" HEIGHT="23" CONTENT="to" WC="0.76" CC="40"/>
						<SP ID="P31_SP00245" HPOS="382" VPOS="1327" WIDTH="12"/>
						<String ID="P31_ST00280" HPOS="394" VPOS="1305" WIDTH="34" HEIGHT="17" CONTENT="an" WC="0.28" CC="68"/>
						<SP ID="P31_SP00246" HPOS="428" VPOS="1327" WIDTH="9"/>
						<String ID="P31_ST00281" HPOS="437" VPOS="1296" WIDTH="98" HEIGHT="26" CONTENT="author" WC="0.60" CC="068044"/>
						<SP ID="P31_SP00247" HPOS="535" VPOS="1327" WIDTH="10"/>
						<String ID="P31_ST00282" HPOS="545" VPOS="1305" WIDTH="16" HEIGHT="17" CONTENT="a" WC="1.00" CC="0"/>
						<SP ID="P31_SP00248" HPOS="561" VPOS="1327" WIDTH="10"/>
						<String ID="P31_ST00283" HPOS="571" VPOS="1305" WIDTH="80" HEIGHT="18" CONTENT="name" WC="0.70" CC="5600"/>
						<SP ID="P31_SP00249" HPOS="651" VPOS="1327" WIDTH="8"/>
						<String ID="P31_ST00284" HPOS="659" VPOS="1296" WIDTH="23" HEIGHT="26" CONTENT="is" WC="0.98" CC="00"/>
						<SP ID="P31_SP00250" HPOS="682" VPOS="1327" WIDTH="12"/>
						<String ID="P31_ST00285" HPOS="694" VPOS="1295" WIDTH="168" HEIGHT="34" CONTENT="everything." WC="0.81" CC="00003460600"/>
						<SP ID="P31_SP00251" HPOS="862" VPOS="1329" WIDTH="22"/>
						<String ID="P31_ST00286" HPOS="884" VPOS="1293" WIDTH="59" HEIGHT="27" CONTENT="Tell" WC="0.77" CC="7001"/>
					</TextLine>
					<TextLine ID="P31_TL00030" HPOS="78" VPOS="1338" WIDTH="865" HEIGHT="36">
						<String ID="P31_ST00287" HPOS="78" VPOS="1350" WIDTH="45" HEIGHT="18" CONTENT="me" WC="0.58" CC="80"/>
						<SP ID="P31_SP00252" HPOS="123" VPOS="1368" WIDTH="14"/>
						<String ID="P31_ST00288" HPOS="137" VPOS="1349" WIDTH="69" HEIGHT="23" CONTENT="now," WC="0.35" CC="8367"/>
						<SP ID="P31_SP00253" HPOS="206" VPOS="1372" WIDTH="15"/>
						<String ID="P31_ST00289" HPOS="221" VPOS="1340" WIDTH="55" HEIGHT="26" CONTENT="and" WC="0.59" CC="083"/>
						<SP ID="P31_SP00254" HPOS="276" VPOS="1372" WIDTH="14"/>
						<String ID="P31_ST00290" HPOS="290" VPOS="1340" WIDTH="14" HEIGHT="26" CONTENT="I" WC="0.81" CC="1"/>
						<SP ID="P31_SP00255" HPOS="304" VPOS="1372" WIDTH="14"/>
						<String ID="P31_ST00291" HPOS="318" VPOS="1340" WIDTH="59" HEIGHT="26" CONTENT="Avill" WC="0.44" CC="80468"/>
						<SP ID="P31_SP00256" HPOS="377" VPOS="1372" WIDTH="10"/>
						<String ID="P31_ST00292" HPOS="387" VPOS="1340" WIDTH="78" HEIGHT="27" CONTENT="write" WC="0.66" CC="87100"/>
						<SP ID="P31_SP00257" HPOS="465" VPOS="1372" WIDTH="12"/>
						<String ID="P31_ST00293" HPOS="477" VPOS="1344" WIDTH="28" HEIGHT="23" CONTENT="to" WC="0.69" CC="41"/>
						<SP ID="P31_SP00258" HPOS="505" VPOS="1372" WIDTH="11"/>
						<String ID="P31_ST00294" HPOS="516" VPOS="1340" WIDTH="76" HEIGHT="34" CONTENT="Lady" WC="0.66" CC="3214"/>
						<SP ID="P31_SP00259" HPOS="592" VPOS="1374" WIDTH="11"/>
						<String ID="P31_ST00295" HPOS="603" VPOS="1340" WIDTH="151" HEIGHT="26" CONTENT="Dashforth" WC="0.62" CC="862600306"/>
						<SP ID="P31_SP00260" HPOS="754" VPOS="1374" WIDTH="11"/>
						<String ID="P31_ST00296" HPOS="765" VPOS="1338" WIDTH="178" HEIGHT="27" CONTENT='to-morrow."' WC="0.83" CC="00031600060"/>
					</TextLine>
				</TextBlock>
				<TextBlock ID="P31_TB00008" HPOS="76" VPOS="1383" WIDTH="869" HEIGHT="169" STYLEREFS="TXT_1 PAR_LEFT">
					<TextLine ID="P31_TL00031" HPOS="115" VPOS="1384" WIDTH="829" HEIGHT="34">
						<String ID="P31_ST00297" HPOS="115" VPOS="1388" WIDTH="14" HEIGHT="11" CONTENT='"' WC="0.76" CC="2"/>
						<SP ID="P31_SP00261" HPOS="129" VPOS="1399" WIDTH="11"/>
						<String ID="P31_ST00298" HPOS="140" VPOS="1385" WIDTH="58" HEIGHT="26" CONTENT="Not" WC="0.65" CC="801"/>
						<SP ID="P31_SP00262" HPOS="198" VPOS="1411" WIDTH="14"/>
						<String ID="P31_ST00299" HPOS="212" VPOS="1394" WIDTH="37" HEIGHT="23" CONTENT="so," WC="0.68" CC="207"/>
						<SP ID="P31_SP00263" HPOS="249" VPOS="1417" WIDTH="13"/>
						<String ID="P31_ST00300" HPOS="262" VPOS="1384" WIDTH="74" HEIGHT="27" CONTENT="little" WC="0.85" CC="010430"/>
						<SP ID="P31_SP00264" HPOS="336" VPOS="1417" WIDTH="15"/>
						<String ID="P31_ST00301" HPOS="351" VPOS="1394" WIDTH="107" HEIGHT="17" CONTENT="woman" WC="0.56" CC="51248"/>
						<SP ID="P31_SP00265" HPOS="458" VPOS="1417" WIDTH="11"/>
						<String ID="P31_ST00302" HPOS="469" VPOS="1396" WIDTH="5" HEIGHT="22" CONTENT=";" WC="1.00" CC="0"/>
						<SP ID="P31_SP00266" HPOS="474" VPOS="1418" WIDTH="19"/>
						<String ID="P31_ST00303" HPOS="493" VPOS="1385" WIDTH="13" HEIGHT="26" CONTENT="I" WC="0.70" CC="2"/>
						<SP ID="P31_SP00267" HPOS="506" VPOS="1418" WIDTH="15"/>
						<String ID="P31_ST00304" HPOS="521" VPOS="1388" WIDTH="74" HEIGHT="23" CONTENT="must" WC="0.64" CC="4306"/>
						<SP ID="P31_SP00268" HPOS="595" VPOS="1418" WIDTH="13"/>
						<String ID="P31_ST00305" HPOS="608" VPOS="1384" WIDTH="53" HEIGHT="27" CONTENT="rise" WC="0.80" CC="7000"/>
						<SP ID="P31_SP00269" HPOS="661" VPOS="1418" WIDTH="14"/>
						<String ID="P31_ST00306" HPOS="675" VPOS="1394" WIDTH="29" HEIGHT="17" CONTENT="or" WC="0.69" CC="41"/>
						<SP ID="P31_SP00270" HPOS="704" VPOS="1418" WIDTH="13"/>
						<String ID="P31_ST00307" HPOS="717" VPOS="1384" WIDTH="50" HEIGHT="26" CONTENT="fall" WC="0.84" CC="0410"/>
						<SP ID="P31_SP00271" HPOS="767" VPOS="1418" WIDTH="13"/>
						<String ID="P31_ST00308" HPOS="780" VPOS="1384" WIDTH="37" HEIGHT="34" CONTENT="by" WC="0.45" CC="82"/>
						<SP ID="P31_SP00272" HPOS="817" VPOS="1418" WIDTH="8"/>
						<String ID="P31_ST00309" HPOS="825" VPOS="1392" WIDTH="48" HEIGHT="26" CONTENT="my" WC="0.36" CC="74"/>
						<SP ID="P31_SP00273" HPOS="873" VPOS="1418" WIDTH="8"/>
						<String ID="P31_ST00310" HPOS="881" VPOS="1391" WIDTH="63" HEIGHT="17" CONTENT="own" WC="0.68" CC="018"/>
					</TextLine>
					<TextLine ID="P31_TL00032" HPOS="78" VPOS="1426" WIDTH="866" HEIGHT="39">
						<String ID="P31_ST00311" HPOS="78" VPOS="1432" WIDTH="102" HEIGHT="31" CONTENT="merits," WC="0.85" CC="7020000"/>
						<SP ID="P31_SP00274" HPOS="180" VPOS="1463" WIDTH="25"/>
						<String ID="P31_ST00312" HPOS="205" VPOS="1431" WIDTH="37" HEIGHT="34" CONTENT="by" WC="0.50" CC="54"/>
						<SP ID="P31_SP00275" HPOS="242" VPOS="1465" WIDTH="22"/>
						<String ID="P31_ST00313" HPOS="264" VPOS="1430" WIDTH="47" HEIGHT="26" CONTENT="the" WC="0.79" CC="060"/>
						<SP ID="P31_SP00276" HPOS="311" VPOS="1465" WIDTH="22"/>
						<String ID="P31_ST00314" HPOS="333" VPOS="1439" WIDTH="125" HEIGHT="17" CONTENT="measure" WC="0.83" CC="3005010"/>
						<SP ID="P31_SP00277" HPOS="458" VPOS="1465" WIDTH="26"/>
						<String ID="P31_ST00315" HPOS="484" VPOS="1430" WIDTH="31" HEIGHT="26" CONTENT="of" WC="1.00" CC="00"/>
						<SP ID="P31_SP00278" HPOS="515" VPOS="1465" WIDTH="20"/>
						<String ID="P31_ST00316" HPOS="535" VPOS="1429" WIDTH="179" HEIGHT="35" CONTENT="approbation" WC="0.71" CC="07600800008"/>
						<SP ID="P31_SP00279" HPOS="714" VPOS="1465" WIDTH="22"/>
						<String ID="P31_ST00317" HPOS="736" VPOS="1431" WIDTH="6" HEIGHT="10" CONTENT="'" WC="0.54" CC="4"/>
						<SP ID="P31_SP00280" HPOS="742" VPOS="1465" WIDTH="12"/>
						<String ID="P31_ST00318" HPOS="754" VPOS="1437" WIDTH="51" HEIGHT="18" CONTENT="vox" WC="0.71" CC="017"/>
						<SP ID="P31_SP00281" HPOS="805" VPOS="1465" WIDTH="18"/>
						<String ID="P31_ST00319" HPOS="823" VPOS="1426" WIDTH="104" HEIGHT="36" CONTENT="popidi" WC="0.47" CC="617672"/>
						<String ID="P31_ST00320" HPOS="937" VPOS="1427" WIDTH="7" HEIGHT="9" CONTENT="'" WC="1.00" CC="0"/>
					</TextLine>
					<TextLine ID="P31_TL00033" HPOS="79" VPOS="1473" WIDTH="866" HEIGHT="37">
						<String ID="P31_ST00321" HPOS="79" VPOS="1475" WIDTH="182" HEIGHT="35" CONTENT="untampered" WC="0.61" CC="6350460408"/>
						<SP ID="P31_SP00282" HPOS="261" VPOS="1510" WIDTH="19"/>
						<String ID="P31_ST00322" HPOS="280" VPOS="1474" WIDTH="75" HEIGHT="32" CONTENT="with," WC="0.71" CC="20065"/>
						<SP ID="P31_SP00283" HPOS="355" VPOS="1510" WIDTH="21"/>
						<String ID="P31_ST00323" HPOS="376" VPOS="1474" WIDTH="58" HEIGHT="26" CONTENT="will" WC="0.48" CC="7058"/>
						<SP ID="P31_SP00284" HPOS="434" VPOS="1510" WIDTH="23"/>
						<String ID="P31_ST00324" HPOS="457" VPOS="1474" WIDTH="97" HEIGHT="26" CONTENT="accord" WC="0.82" CC="000126"/>
						<SP ID="P31_SP00285" HPOS="554" VPOS="1510" WIDTH="24"/>
						<String ID="P31_ST00325" HPOS="578" VPOS="1478" WIDTH="29" HEIGHT="22" CONTENT="to" WC="1.00" CC="00"/>
						<SP ID="P31_SP00286" HPOS="607" VPOS="1510" WIDTH="26"/>
						<String ID="P31_ST00326" HPOS="633" VPOS="1483" WIDTH="51" HEIGHT="23" CONTENT="me," WC="0.80" CC="500"/>
						<SP ID="P31_SP00287" HPOS="684" VPOS="1510" WIDTH="21"/>
						<String ID="P31_ST00327" HPOS="705" VPOS="1475" WIDTH="49" HEIGHT="25" CONTENT="not" WC="0.77" CC="303"/>
						<SP ID="P31_SP00288" HPOS="754" VPOS="1510" WIDTH="19"/>
						<String ID="P31_ST00328" HPOS="773" VPOS="1473" WIDTH="122" HEIGHT="31" CONTENT="because," WC="0.67" CC="80005307"/>
						<SP ID="P31_SP00289" HPOS="895" VPOS="1510" WIDTH="20"/>
						<String ID="P31_ST00329" HPOS="915" VPOS="1480" WIDTH="30" HEIGHT="18" CONTENT="as" WC="0.66" CC="15"/>
					</TextLine>
					<TextLine ID="P31_TL00034" HPOS="76" VPOS="1517" WIDTH="869" HEIGHT="35">
						<String ID="P31_ST00330" HPOS="76" VPOS="1529" WIDTH="40" HEIGHT="18" CONTENT="an" WC="0.19" CC="87"/>
						<SP ID="P31_SP00290" HPOS="116" VPOS="1547" WIDTH="13"/>
						<String ID="P31_ST00331" HPOS="129" VPOS="1524" WIDTH="44" HEIGHT="23" CONTENT="act" WC="0.91" CC="002"/>
						<SP ID="P31_SP00291" HPOS="173" VPOS="1547" WIDTH="14"/>
						<String ID="P31_ST00332" HPOS="187" VPOS="1520" WIDTH="30" HEIGHT="26" CONTENT="of" WC="0.84" CC="30"/>
						<SP ID="P31_SP00292" HPOS="217" VPOS="1547" WIDTH="11"/>
						<String ID="P31_ST00333" HPOS="228" VPOS="1519" WIDTH="153" HEIGHT="33" CONTENT="friendship" WC="0.62" CC="0000854557"/>
						<SP ID="P31_SP00293" HPOS="381" VPOS="1552" WIDTH="14"/>
						<String ID="P31_ST00334" HPOS="395" VPOS="1522" WIDTH="28" HEIGHT="23" CONTENT="to" WC="0.84" CC="30"/>
						<SP ID="P31_SP00294" HPOS="423" VPOS="1552" WIDTH="15"/>
						<String ID="P31_ST00335" HPOS="438" VPOS="1528" WIDTH="62" HEIGHT="24" CONTENT="you," WC="0.55" CC="4067"/>
						<SP ID="P31_SP00295" HPOS="500" VPOS="1552" WIDTH="14"/>
						<String ID="P31_ST00336" HPOS="514" VPOS="1518" WIDTH="77" HEIGHT="34" CONTENT="Lady" WC="0.62" CC="7052"/>
						<SP ID="P31_SP00296" HPOS="591" VPOS="1552" WIDTH="12"/>
						<String ID="P31_ST00337" HPOS="603" VPOS="1517" WIDTH="151" HEIGHT="28" CONTENT="Dashforth" WC="0.57" CC="707700527"/>
						<SP ID="P31_SP00297" HPOS="754" VPOS="1552" WIDTH="10"/>
						<String ID="P31_ST00338" HPOS="764" VPOS="1517" WIDTH="57" HEIGHT="26" CONTENT="will" WC="0.96" CC="1000"/>
						<SP ID="P31_SP00298" HPOS="821" VPOS="1552" WIDTH="10"/>
						<String ID="P31_ST00339" HPOS="831" VPOS="1519" WIDTH="114" HEIGHT="24" CONTENT="consent" WC="0.68" CC="0080077"/>
					</TextLine>
				</TextBlock>
			</PrintSpace>
		</Page>
	</Layout>
</alto>
