<?xml version="1.0" encoding="UTF-8"?>
<alto xmlns:xsi="http://www.w3.org/2001/XMLSchema-instance" xsi:noNamespaceSchemaLocation="http://www.bl.uk/schemas/alto/alto-1-4.xsd" xmlns:xlink="http://www.w3.org/1999/xlink">
	<Description>
		<MeasurementUnit>mm10</MeasurementUnit>
		<sourceImageInformation>
			<fileName>//head1/IN/2008-08/A0011239203/000074.jp2</fileName>
		</sourceImageInformation>
		<OCRProcessing ID="OCRPROCESSING_1">
			<preProcessingStep>
				<processingSoftware>
					<softwareCreator>CCS Content Conversion Specialists GmbH, Germany</softwareCreator>
					<softwareName>CCS docWORKS</softwareName>
					<softwareVersion>6.1-0.67</softwareVersion>
				</processingSoftware>
			</preProcessingStep>
			<ocrProcessingStep>
				<processingSoftware>
					<softwareCreator>ABBYY (BIT Software), Russia</softwareCreator>
					<softwareName>Finereader</softwareName>
				</processingSoftware>
			</ocrProcessingStep>
		</OCRProcessing>
	</Description>
	<Styles>
		<TextStyle ID="TXT_0" FONTSIZE="10" FONTFAMILY="Courier New"/>
		<TextStyle ID="TXT_1" FONTSIZE="9" FONTFAMILY="Courier New"/>
		<ParagraphStyle ID="PAR_LEFT" ALIGN="Left"/>
		<ParagraphStyle ID="PAR_RIGHT" ALIGN="Right"/>
		<ParagraphStyle ID="PAR_CENTER" ALIGN="Center"/>
	</Styles>
	<Layout>
		<Page ID="P70" PHYSICAL_IMG_NR="70" HEIGHT="1673" WIDTH="1059" PRINTED_IMG_NR="62" POSITION="Left" ACCURACY="63.13">
			<TopMargin ID="P70_TM00001" HPOS="0" VPOS="0" WIDTH="1059" HEIGHT="110">
				<TextBlock ID="P70_TB00001" HPOS="136" VPOS="83" WIDTH="34" HEIGHT="25" STYLEREFS="TXT_0 PAR_LEFT">
					<TextLine ID="P70_TL00001" HPOS="136" VPOS="83" WIDTH="34" HEIGHT="25">
						<String ID="P70_ST00001" HPOS="136" VPOS="83" WIDTH="34" HEIGHT="25" CONTENT="62" WC="1.00" CC="00"/>
					</TextLine>
				</TextBlock>
				<TextBlock ID="P70_TB00002" HPOS="447" VPOS="92" WIDTH="247" HEIGHT="18" STYLEREFS="TXT_1 PAR_RIGHT">
					<TextLine ID="P70_TL00002" HPOS="447" VPOS="92" WIDTH="247" HEIGHT="18">
						<String ID="P70_ST00002" HPOS="447" VPOS="92" WIDTH="116" HEIGHT="18" CONTENT="WALTER" WC="0.47" CC="845038"/>
						<SP ID="P70_SP00001" HPOS="563" VPOS="110" WIDTH="20"/>
						<String ID="P70_ST00003" HPOS="583" VPOS="93" WIDTH="111" HEIGHT="17" CONTENT="FOEBES." WC="0.37" CC="6885581"/>
					</TextLine>
				</TextBlock>
			</TopMargin>
			<LeftMargin ID="P70_LM00001" HPOS="0" VPOS="110" WIDTH="132" HEIGHT="1442"/>
			<RightMargin ID="P70_RM00001" HPOS="998" VPOS="110" WIDTH="61" HEIGHT="1442"/>
			<BottomMargin ID="P70_BM00001" HPOS="0" VPOS="1552" WIDTH="1059" HEIGHT="121"/>
			<PrintSpace ID="P70_PS00001" HPOS="132" VPOS="110" WIDTH="866" HEIGHT="1442">
				<TextBlock ID="P70_TB00003" HPOS="137" VPOS="154" WIDTH="861" HEIGHT="36" STYLEREFS="TXT_1 PAR_CENTER">
					<TextLine ID="P70_TL00003" HPOS="137" VPOS="155" WIDTH="861" HEIGHT="35">
						<String ID="P70_ST00004" HPOS="137" VPOS="166" WIDTH="16" HEIGHT="17" CONTENT="a" WC="0.60" CC="3"/>
						<SP ID="P70_SP00002" HPOS="153" VPOS="183" WIDTH="20"/>
						<String ID="P70_ST00005" HPOS="173" VPOS="157" WIDTH="131" HEIGHT="27" CONTENT="six-sided" WC="0.55" CC="635080707"/>
						<SP ID="P70_SP00003" HPOS="304" VPOS="184" WIDTH="19"/>
						<String ID="P70_ST00006" HPOS="323" VPOS="158" WIDTH="48" HEIGHT="26" CONTENT="hat" WC="0.66" CC="702"/>
						<SP ID="P70_SP00004" HPOS="371" VPOS="184" WIDTH="15"/>
						<String ID="P70_ST00007" HPOS="386" VPOS="168" WIDTH="35" HEIGHT="16" CONTENT="on" WC="0.62" CC="07"/>
						<SP ID="P70_SP00005" HPOS="421" VPOS="184" WIDTH="11"/>
						<String ID="P70_ST00008" HPOS="432" VPOS="159" WIDTH="9" HEIGHT="25" CONTENT="?" WC="0.53" CC="4"/>
						<SP ID="P70_SP00006" HPOS="441" VPOS="184" WIDTH="42"/>
						<String ID="P70_ST00009" HPOS="483" VPOS="158" WIDTH="54" HEIGHT="26" CONTENT="She" WC="0.47" CC="870"/>
						<SP ID="P70_SP00007" HPOS="537" VPOS="184" WIDTH="19"/>
						<String ID="P70_ST00010" HPOS="556" VPOS="157" WIDTH="23" HEIGHT="26" CONTENT="is" WC="0.73" CC="05"/>
						<SP ID="P70_SP00008" HPOS="579" VPOS="184" WIDTH="20"/>
						<String ID="P70_ST00011" HPOS="599" VPOS="166" WIDTH="69" HEIGHT="24" CONTENT="gone" WC="0.56" CC="7370"/>
						<SP ID="P70_SP00009" HPOS="668" VPOS="190" WIDTH="20"/>
						<String ID="P70_ST00012" HPOS="688" VPOS="157" WIDTH="103" HEIGHT="26" CONTENT="behind" WC="0.49" CC="707087"/>
						<SP ID="P70_SP00010" HPOS="791" VPOS="190" WIDTH="14"/>
						<String ID="P70_ST00013" HPOS="805" VPOS="157" WIDTH="79" HEIGHT="25" CONTENT="those" WC="0.71" CC="47020"/>
						<SP ID="P70_SP00011" HPOS="884" VPOS="190" WIDTH="14"/>
						<String ID="P70_ST00014" HPOS="898" VPOS="155" WIDTH="100" HEIGHT="25" CONTENT="shrubs" WC="0.40" CC="280788"/>
					</TextLine>
				</TextBlock>
				<TextBlock ID="P70_TB00004" HPOS="137" VPOS="200" WIDTH="83" HEIGHT="26" STYLEREFS="TXT_1 PAR_LEFT">
					<TextLine ID="P70_TL00004" HPOS="137" VPOS="201" WIDTH="83" HEIGHT="25">
						<String ID="P70_ST00015" HPOS="137" VPOS="201" WIDTH="83" HEIGHT="25" CONTENT='now."' WC="0.59" CC="70803"/>
					</TextLine>
				</TextBlock>
				<TextBlock ID="P70_TB00005" HPOS="137" VPOS="242" WIDTH="858" HEIGHT="72" STYLEREFS="TXT_1 PAR_LEFT">
					<TextLine ID="P70_TL00005" HPOS="174" VPOS="242" WIDTH="821" HEIGHT="36">
						<String ID="P70_ST00016" HPOS="174" VPOS="245" WIDTH="105" HEIGHT="27" CONTENT="Walter" WC="0.49" CC="777008"/>
						<SP ID="P70_SP00012" HPOS="279" VPOS="272" WIDTH="20"/>
						<String ID="P70_ST00017" HPOS="299" VPOS="245" WIDTH="50" HEIGHT="27" CONTENT="felt" WC="0.70" CC="5006"/>
						<SP ID="P70_SP00013" HPOS="349" VPOS="272" WIDTH="21"/>
						<String ID="P70_ST00018" HPOS="370" VPOS="255" WIDTH="60" HEIGHT="17" CONTENT="sure" WC="0.55" CC="5750"/>
						<SP ID="P70_SP00014" HPOS="430" VPOS="272" WIDTH="14"/>
						<String ID="P70_ST00019" HPOS="444" VPOS="245" WIDTH="61" HEIGHT="26" CONTENT="that" WC="0.54" CC="4714"/>
						<SP ID="P70_SP00015" HPOS="505" VPOS="272" WIDTH="13"/>
						<String ID="P70_ST00020" HPOS="518" VPOS="245" WIDTH="47" HEIGHT="26" CONTENT="the" WC="0.67" CC="630"/>
						<SP ID="P70_SP00016" HPOS="565" VPOS="272" WIDTH="15"/>
						<String ID="P70_ST00021" HPOS="580" VPOS="245" WIDTH="66" HEIGHT="33" CONTENT="lady" WC="0.60" CC="0356"/>
						<SP ID="P70_SP00017" HPOS="646" VPOS="278" WIDTH="13"/>
						<String ID="P70_ST00022" HPOS="659" VPOS="253" WIDTH="57" HEIGHT="17" CONTENT="was" WC="0.50" CC="707"/>
						<SP ID="P70_SP00018" HPOS="716" VPOS="278" WIDTH="15"/>
						<String ID="P70_ST00023" HPOS="731" VPOS="243" WIDTH="104" HEIGHT="26" CONTENT="Maude" WC="0.67" CC="20760"/>
						<SP ID="P70_SP00019" HPOS="835" VPOS="278" WIDTH="16"/>
						<String ID="P70_ST00024" HPOS="851" VPOS="242" WIDTH="130" HEIGHT="26" CONTENT="Gresford" WC="0.64" CC="80030087"/>
						<String ID="P70_ST00025" HPOS="990" VPOS="252" WIDTH="5" HEIGHT="23" CONTENT=";" WC="0.61" CC="3"/>
					</TextLine>
					<TextLine ID="P70_TL00006" HPOS="137" VPOS="289" WIDTH="201" HEIGHT="25">
						<String ID="P70_ST00026" HPOS="137" VPOS="289" WIDTH="35" HEIGHT="25" CONTENT="he" WC="0.63" CC="70"/>
						<SP ID="P70_SP00020" HPOS="172" VPOS="314" WIDTH="13"/>
						<String ID="P70_ST00027" HPOS="185" VPOS="289" WIDTH="139" HEIGHT="25" CONTENT="answered" WC="0.68" CC="01370505"/>
						<String ID="P70_ST00028" HPOS="333" VPOS="300" WIDTH="5" HEIGHT="14" CONTENT=":" WC="0.81" CC="1"/>
					</TextLine>
				</TextBlock>
				<TextBlock ID="P70_TB00006" HPOS="135" VPOS="330" WIDTH="862" HEIGHT="122" STYLEREFS="TXT_1 PAR_LEFT">
					<TextLine ID="P70_TL00007" HPOS="174" VPOS="330" WIDTH="823" HEIGHT="35">
						<String ID="P70_ST00029" HPOS="174" VPOS="337" WIDTH="12" HEIGHT="8" CONTENT='"' WC="0.46" CC="5"/>
						<SP ID="P70_SP00021" HPOS="186" VPOS="345" WIDTH="11"/>
						<String ID="P70_ST00030" HPOS="197" VPOS="333" WIDTH="14" HEIGHT="25" CONTENT="I" WC="0.54" CC="4"/>
						<SP ID="P70_SP00022" HPOS="211" VPOS="358" WIDTH="17"/>
						<String ID="P70_ST00031" HPOS="228" VPOS="333" WIDTH="33" HEIGHT="25" CONTENT="do" WC="0.65" CC="70"/>
						<SP ID="P70_SP00023" HPOS="261" VPOS="358" WIDTH="20"/>
						<String ID="P70_ST00032" HPOS="281" VPOS="336" WIDTH="48" HEIGHT="22" CONTENT="not" WC="0.68" CC="801"/>
						<SP ID="P70_SP00024" HPOS="329" VPOS="358" WIDTH="20"/>
						<String ID="P70_ST00033" HPOS="349" VPOS="333" WIDTH="81" HEIGHT="25" CONTENT="know" WC="0.66" CC="0508"/>
						<String ID="P70_ST00034" HPOS="439" VPOS="343" WIDTH="6" HEIGHT="22" CONTENT=";" WC="0.59" CC="4"/>
						<SP ID="P70_SP00025" HPOS="445" VPOS="365" WIDTH="21"/>
						<String ID="P70_ST00035" HPOS="466" VPOS="333" WIDTH="14" HEIGHT="24" CONTENT="I" WC="1.00" CC="0"/>
						<SP ID="P70_SP00026" HPOS="480" VPOS="365" WIDTH="18"/>
						<String ID="P70_ST00036" HPOS="498" VPOS="332" WIDTH="71" HEIGHT="25" CONTENT="have" WC="0.70" CC="7400"/>
						<SP ID="P70_SP00027" HPOS="569" VPOS="365" WIDTH="17"/>
						<String ID="P70_ST00037" HPOS="586" VPOS="331" WIDTH="98" HEIGHT="34" CONTENT="hardly" WC="0.66" CC="335105"/>
						<SP ID="P70_SP00028" HPOS="684" VPOS="365" WIDTH="15"/>
						<String ID="P70_ST00038" HPOS="699" VPOS="339" WIDTH="64" HEIGHT="18" CONTENT="seen" WC="0.69" CC="4008"/>
						<SP ID="P70_SP00029" HPOS="763" VPOS="365" WIDTH="16"/>
						<String ID="P70_ST00039" HPOS="779" VPOS="330" WIDTH="37" HEIGHT="26" CONTENT="all" WC="0.61" CC="325"/>
						<SP ID="P70_SP00030" HPOS="816" VPOS="365" WIDTH="14"/>
						<String ID="P70_ST00040" HPOS="830" VPOS="339" WIDTH="49" HEIGHT="17" CONTENT="our" WC="0.64" CC="073"/>
						<SP ID="P70_SP00031" HPOS="879" VPOS="365" WIDTH="13"/>
						<String ID="P70_ST00041" HPOS="892" VPOS="330" WIDTH="105" HEIGHT="26" CONTENT="friends" WC="0.65" CC="2600870"/>
					</TextLine>
					<TextLine ID="P70_TL00008" HPOS="136" VPOS="374" WIDTH="861" HEIGHT="36">
						<String ID="P70_ST00042" HPOS="136" VPOS="380" WIDTH="53" HEIGHT="29" CONTENT="yet." WC="0.71" CC="7040"/>
						<SP ID="P70_SP00032" HPOS="189" VPOS="409" WIDTH="41"/>
						<String ID="P70_ST00043" HPOS="230" VPOS="377" WIDTH="14" HEIGHT="24" CONTENT="I" WC="1.00" CC="0"/>
						<SP ID="P70_SP00033" HPOS="244" VPOS="409" WIDTH="21"/>
						<String ID="P70_ST00044" HPOS="265" VPOS="376" WIDTH="123" HEIGHT="34" CONTENT="perceive" WC="0.86" CC="50000320"/>
						<SP ID="P70_SP00034" HPOS="388" VPOS="410" WIDTH="18"/>
						<String ID="P70_ST00045" HPOS="406" VPOS="384" WIDTH="48" HEIGHT="17" CONTENT="our" WC="0.46" CC="374"/>
						<SP ID="P70_SP00035" HPOS="454" VPOS="410" WIDTH="21"/>
						<String ID="P70_ST00046" HPOS="475" VPOS="378" WIDTH="88" HEIGHT="23" CONTENT="rector" WC="0.70" CC="800404"/>
						<SP ID="P70_SP00036" HPOS="563" VPOS="410" WIDTH="23"/>
						<String ID="P70_ST00047" HPOS="586" VPOS="375" WIDTH="85" HEIGHT="31" CONTENT="there," WC="0.59" CC="360707"/>
						<SP ID="P70_SP00037" HPOS="671" VPOS="410" WIDTH="22"/>
						<String ID="P70_ST00048" HPOS="693" VPOS="375" WIDTH="15" HEIGHT="25" CONTENT="I" WC="0.79" CC="2"/>
						<SP ID="P70_SP00038" HPOS="708" VPOS="410" WIDTH="20"/>
						<String ID="P70_ST00049" HPOS="728" VPOS="374" WIDTH="83" HEIGHT="26" CONTENT="think" WC="0.60" CC="08370"/>
						<SP ID="P70_SP00039" HPOS="811" VPOS="410" WIDTH="19"/>
						<String ID="P70_ST00050" HPOS="830" VPOS="383" WIDTH="55" HEIGHT="26" CONTENT="you" WC="0.53" CC="607"/>
						<SP ID="P70_SP00040" HPOS="885" VPOS="410" WIDTH="20"/>
						<String ID="P70_ST00051" HPOS="905" VPOS="375" WIDTH="92" HEIGHT="25" CONTENT="would" WC="0.47" CC="12768"/>
					</TextLine>
					<TextLine ID="P70_TL00009" HPOS="135" VPOS="418" WIDTH="721" HEIGHT="34">
						<String ID="P70_ST00052" HPOS="135" VPOS="420" WIDTH="56" HEIGHT="25" CONTENT="like" WC="0.82" CC="4020"/>
						<SP ID="P70_SP00041" HPOS="191" VPOS="445" WIDTH="15"/>
						<String ID="P70_ST00053" HPOS="206" VPOS="423" WIDTH="27" HEIGHT="22" CONTENT="to" WC="0.90" CC="10"/>
						<SP ID="P70_SP00042" HPOS="233" VPOS="445" WIDTH="14"/>
						<String ID="P70_ST00054" HPOS="247" VPOS="420" WIDTH="81" HEIGHT="25" CONTENT="know" WC="0.42" CC="6708"/>
						<SP ID="P70_SP00043" HPOS="328" VPOS="445" WIDTH="14"/>
						<String ID="P70_ST00055" HPOS="342" VPOS="419" WIDTH="64" HEIGHT="25" CONTENT="him." WC="0.64" CC="7033"/>
						<SP ID="P70_SP00044" HPOS="406" VPOS="445" WIDTH="40"/>
						<String ID="P70_ST00056" HPOS="446" VPOS="419" WIDTH="68" HEIGHT="33" CONTENT="May" WC="0.83" CC="022"/>
						<SP ID="P70_SP00045" HPOS="514" VPOS="452" WIDTH="15"/>
						<String ID="P70_ST00057" HPOS="529" VPOS="419" WIDTH="13" HEIGHT="25" CONTENT="I" WC="1.00" CC="0"/>
						<SP ID="P70_SP00046" HPOS="542" VPOS="452" WIDTH="14"/>
						<String ID="P70_ST00058" HPOS="556" VPOS="418" WIDTH="80" HEIGHT="34" CONTENT="bring" WC="0.49" CC="88080"/>
						<SP ID="P70_SP00047" HPOS="636" VPOS="452" WIDTH="13"/>
						<String ID="P70_ST00059" HPOS="649" VPOS="418" WIDTH="59" HEIGHT="26" CONTENT="him" WC="0.77" CC="600"/>
						<SP ID="P70_SP00048" HPOS="708" VPOS="452" WIDTH="13"/>
						<String ID="P70_ST00060" HPOS="721" VPOS="422" WIDTH="29" HEIGHT="22" CONTENT="to" WC="0.92" CC="10"/>
						<SP ID="P70_SP00049" HPOS="750" VPOS="452" WIDTH="13"/>
						<String ID="P70_ST00061" HPOS="763" VPOS="427" WIDTH="56" HEIGHT="25" CONTENT="you" WC="0.52" CC="508"/>
						<SP ID="P70_SP00050" HPOS="819" VPOS="452" WIDTH="12"/>
						<String ID="P70_ST00062" HPOS="831" VPOS="418" WIDTH="25" HEIGHT="26" CONTENT='?"' WC="0.59" CC="61"/>
					</TextLine>
				</TextBlock>
				<TextBlock ID="P70_TB00007" HPOS="135" VPOS="462" WIDTH="861" HEIGHT="465" STYLEREFS="TXT_1 PAR_LEFT">
					<TextLine ID="P70_TL00010" HPOS="174" VPOS="462" WIDTH="822" HEIGHT="35">
						<String ID="P70_ST00063" HPOS="174" VPOS="463" WIDTH="75" HEIGHT="34" CONTENT="Lady" WC="0.41" CC="2884"/>
						<SP ID="P70_SP00051" HPOS="249" VPOS="497" WIDTH="20"/>
						<String ID="P70_ST00064" HPOS="269" VPOS="462" WIDTH="151" HEIGHT="26" CONTENT="Dashforth" WC="0.71" CC="614600006"/>
						<SP ID="P70_SP00052" HPOS="420" VPOS="497" WIDTH="20"/>
						<String ID="P70_ST00065" HPOS="440" VPOS="462" WIDTH="58" HEIGHT="26" CONTENT="said" WC="0.68" CC="5007"/>
						<SP ID="P70_SP00053" HPOS="498" VPOS="497" WIDTH="15"/>
						<String ID="P70_ST00066" HPOS="513" VPOS="462" WIDTH="46" HEIGHT="26" CONTENT="she" WC="0.49" CC="770"/>
						<SP ID="P70_SP00054" HPOS="559" VPOS="497" WIDTH="21"/>
						<String ID="P70_ST00067" HPOS="580" VPOS="462" WIDTH="98" HEIGHT="26" CONTENT="should" WC="0.57" CC="060657"/>
						<SP ID="P70_SP00055" HPOS="678" VPOS="497" WIDTH="15"/>
						<String ID="P70_ST00068" HPOS="693" VPOS="462" WIDTH="83" HEIGHT="26" CONTENT="much" WC="0.59" CC="1707"/>
						<SP ID="P70_SP00056" HPOS="776" VPOS="497" WIDTH="16"/>
						<String ID="P70_ST00069" HPOS="792" VPOS="463" WIDTH="57" HEIGHT="26" CONTENT="like" WC="1.00" CC="0000"/>
						<SP ID="P70_SP00057" HPOS="849" VPOS="497" WIDTH="19"/>
						<String ID="P70_ST00070" HPOS="868" VPOS="466" WIDTH="29" HEIGHT="23" CONTENT="to" WC="0.78" CC="40"/>
						<SP ID="P70_SP00058" HPOS="897" VPOS="497" WIDTH="19"/>
						<String ID="P70_ST00071" HPOS="916" VPOS="464" WIDTH="80" HEIGHT="26" CONTENT="make" WC="0.60" CC="0554"/>
					</TextLine>
					<TextLine ID="P70_TL00011" HPOS="136" VPOS="506" WIDTH="860" HEIGHT="35">
						<String ID="P70_ST00072" HPOS="136" VPOS="507" WIDTH="196" HEIGHT="34" CONTENT="acquaintance" WC="0.50" CC="208840778760"/>
						<SP ID="P70_SP00059" HPOS="332" VPOS="541" WIDTH="20"/>
						<String ID="P70_ST00073" HPOS="352" VPOS="507" WIDTH="67" HEIGHT="25" CONTENT="with" WC="0.64" CC="5007"/>
						<SP ID="P70_SP00060" HPOS="419" VPOS="541" WIDTH="20"/>
						<String ID="P70_ST00074" HPOS="439" VPOS="506" WIDTH="47" HEIGHT="26" CONTENT="the" WC="0.67" CC="270"/>
						<SP ID="P70_SP00061" HPOS="486" VPOS="541" WIDTH="16"/>
						<String ID="P70_ST00075" HPOS="502" VPOS="509" WIDTH="87" HEIGHT="23" CONTENT="rector" WC="0.83" CC="600201"/>
						<SP ID="P70_SP00062" HPOS="589" VPOS="541" WIDTH="20"/>
						<String ID="P70_ST00076" HPOS="609" VPOS="506" WIDTH="142" HEIGHT="34" CONTENT="presently" WC="0.57" CC="670507712"/>
						<String ID="P70_ST00077" HPOS="762" VPOS="517" WIDTH="6" HEIGHT="22" CONTENT=";" WC="1.00" CC="0"/>
						<SP ID="P70_SP00063" HPOS="768" VPOS="541" WIDTH="23"/>
						<String ID="P70_ST00078" HPOS="791" VPOS="507" WIDTH="47" HEIGHT="26" CONTENT="she" WC="0.84" CC="310"/>
						<SP ID="P70_SP00064" HPOS="838" VPOS="541" WIDTH="20"/>
						<String ID="P70_ST00079" HPOS="858" VPOS="516" WIDTH="56" HEIGHT="17" CONTENT="was" WC="0.70" CC="701"/>
						<SP ID="P70_SP00065" HPOS="914" VPOS="541" WIDTH="21"/>
						<String ID="P70_ST00080" HPOS="935" VPOS="516" WIDTH="61" HEIGHT="17" CONTENT="now" WC="0.48" CC="807"/>
					</TextLine>
					<TextLine ID="P70_TL00012" HPOS="136" VPOS="549" WIDTH="860" HEIGHT="37">
						<String ID="P70_ST00081" HPOS="136" VPOS="551" WIDTH="81" HEIGHT="35" CONTENT="going" WC="0.65" CC="80080"/>
						<SP ID="P70_SP00066" HPOS="217" VPOS="586" WIDTH="21"/>
						<String ID="P70_ST00082" HPOS="238" VPOS="554" WIDTH="28" HEIGHT="22" CONTENT="to" WC="1.00" CC="00"/>
						<SP ID="P70_SP00067" HPOS="266" VPOS="586" WIDTH="22"/>
						<String ID="P70_ST00083" HPOS="288" VPOS="550" WIDTH="64" HEIGHT="26" CONTENT="take" WC="0.72" CC="0037"/>
						<SP ID="P70_SP00068" HPOS="352" VPOS="586" WIDTH="24"/>
						<String ID="P70_ST00084" HPOS="376" VPOS="560" WIDTH="15" HEIGHT="16" CONTENT="a" WC="1.00" CC="0"/>
						<SP ID="P70_SP00069" HPOS="391" VPOS="586" WIDTH="20"/>
						<String ID="P70_ST00085" HPOS="411" VPOS="554" WIDTH="76" HEIGHT="31" CONTENT="great" WC="0.66" CC="70080"/>
						<SP ID="P70_SP00070" HPOS="487" VPOS="586" WIDTH="21"/>
						<String ID="P70_ST00086" HPOS="508" VPOS="549" WIDTH="108" HEIGHT="35" CONTENT="liberty." WC="0.86" CC="00006040"/>
						<SP ID="P70_SP00071" HPOS="616" VPOS="586" WIDTH="41"/>
						<String ID="P70_ST00087" HPOS="657" VPOS="550" WIDTH="54" HEIGHT="26" CONTENT="She" WC="0.52" CC="760"/>
						<SP ID="P70_SP00072" HPOS="711" VPOS="586" WIDTH="19"/>
						<String ID="P70_ST00088" HPOS="730" VPOS="551" WIDTH="51" HEIGHT="26" CONTENT="felt" WC="0.83" CC="0006"/>
						<SP ID="P70_SP00073" HPOS="781" VPOS="586" WIDTH="23"/>
						<String ID="P70_ST00089" HPOS="804" VPOS="560" WIDTH="62" HEIGHT="18" CONTENT="sure" WC="0.85" CC="0140"/>
						<SP ID="P70_SP00074" HPOS="866" VPOS="586" WIDTH="23"/>
						<String ID="P70_ST00090" HPOS="889" VPOS="552" WIDTH="107" HEIGHT="26" CONTENT="Walter" WC="0.45" CC="343568"/>
					</TextLine>
					<TextLine ID="P70_TL00013" HPOS="137" VPOS="594" WIDTH="859" HEIGHT="37">
						<String ID="P70_ST00091" HPOS="137" VPOS="595" WIDTH="90" HEIGHT="25" CONTENT="would" WC="0.22" CC="87777"/>
						<SP ID="P70_SP00075" HPOS="227" VPOS="620" WIDTH="12"/>
						<String ID="P70_ST00092" HPOS="239" VPOS="604" WIDTH="97" HEIGHT="16" CONTENT="excuse" WC="0.73" CC="070530"/>
						<SP ID="P70_SP00076" HPOS="336" VPOS="620" WIDTH="11"/>
						<String ID="P70_ST00093" HPOS="347" VPOS="594" WIDTH="54" HEIGHT="32" CONTENT="her," WC="0.63" CC="6035"/>
						<SP ID="P70_SP00077" HPOS="401" VPOS="626" WIDTH="12"/>
						<String ID="P70_ST00094" HPOS="413" VPOS="604" WIDTH="29" HEIGHT="16" CONTENT="as" WC="0.38" CC="65"/>
						<SP ID="P70_SP00078" HPOS="442" VPOS="626" WIDTH="14"/>
						<String ID="P70_ST00095" HPOS="456" VPOS="603" WIDTH="35" HEIGHT="17" CONTENT="an" WC="0.42" CC="47"/>
						<SP ID="P70_SP00079" HPOS="491" VPOS="626" WIDTH="15"/>
						<String ID="P70_ST00096" HPOS="506" VPOS="594" WIDTH="44" HEIGHT="26" CONTENT="old" WC="0.61" CC="207"/>
						<SP ID="P70_SP00080" HPOS="550" VPOS="626" WIDTH="11"/>
						<String ID="P70_ST00097" HPOS="561" VPOS="594" WIDTH="89" HEIGHT="26" CONTENT="friend" WC="0.67" CC="050067"/>
						<SP ID="P70_SP00081" HPOS="650" VPOS="626" WIDTH="12"/>
						<String ID="P70_ST00098" HPOS="662" VPOS="594" WIDTH="29" HEIGHT="26" CONTENT="of" WC="0.77" CC="04"/>
						<SP ID="P70_SP00082" HPOS="691" VPOS="626" WIDTH="11"/>
						<String ID="P70_ST00099" HPOS="702" VPOS="595" WIDTH="43" HEIGHT="26" CONTENT="his" WC="0.57" CC="605"/>
						<SP ID="P70_SP00083" HPOS="745" VPOS="626" WIDTH="8"/>
						<String ID="P70_ST00100" HPOS="753" VPOS="595" WIDTH="136" HEIGHT="32" CONTENT="mother's," WC="0.68" CC="635505020"/>
						<SP ID="P70_SP00084" HPOS="889" VPOS="627" WIDTH="11"/>
						<String ID="P70_ST00101" HPOS="900" VPOS="597" WIDTH="96" HEIGHT="34" CONTENT="saying" WC="0.45" CC="426388"/>
					</TextLine>
					<TextLine ID="P70_TL00014" HPOS="136" VPOS="638" WIDTH="860" HEIGHT="38">
						<String ID="P70_ST00102" HPOS="136" VPOS="648" WIDTH="17" HEIGHT="17" CONTENT="a" WC="0.17" CC="8"/>
						<SP ID="P70_SP00085" HPOS="153" VPOS="665" WIDTH="13"/>
						<String ID="P70_ST00103" HPOS="166" VPOS="639" WIDTH="54" HEIGHT="26" CONTENT="few" WC="0.74" CC="007"/>
						<SP ID="P70_SP00086" HPOS="220" VPOS="665" WIDTH="18"/>
						<String ID="P70_ST00104" HPOS="238" VPOS="639" WIDTH="88" HEIGHT="26" CONTENT="words" WC="0.79" CC="60003"/>
						<SP ID="P70_SP00087" HPOS="326" VPOS="665" WIDTH="19"/>
						<String ID="P70_ST00105" HPOS="345" VPOS="642" WIDTH="28" HEIGHT="23" CONTENT="to" WC="0.58" CC="07"/>
						<SP ID="P70_SP00088" HPOS="373" VPOS="665" WIDTH="20"/>
						<String ID="P70_ST00106" HPOS="393" VPOS="638" WIDTH="57" HEIGHT="26" CONTENT="him" WC="0.62" CC="406"/>
						<SP ID="P70_SP00089" HPOS="450" VPOS="665" WIDTH="20"/>
						<String ID="P70_ST00107" HPOS="470" VPOS="648" WIDTH="75" HEIGHT="25" CONTENT="upon" WC="0.41" CC="7708"/>
						<SP ID="P70_SP00090" HPOS="545" VPOS="673" WIDTH="20"/>
						<String ID="P70_ST00108" HPOS="565" VPOS="638" WIDTH="47" HEIGHT="27" CONTENT="the" WC="0.71" CC="530"/>
						<SP ID="P70_SP00091" HPOS="612" VPOS="673" WIDTH="21"/>
						<String ID="P70_ST00109" HPOS="633" VPOS="639" WIDTH="177" HEIGHT="35" CONTENT="advisability" WC="0.50" CC="476328877020"/>
						<SP ID="P70_SP00092" HPOS="810" VPOS="674" WIDTH="21"/>
						<String ID="P70_ST00110" HPOS="831" VPOS="640" WIDTH="30" HEIGHT="26" CONTENT="of" WC="1.00" CC="00"/>
						<SP ID="P70_SP00093" HPOS="861" VPOS="674" WIDTH="18"/>
						<String ID="P70_ST00111" HPOS="879" VPOS="640" WIDTH="117" HEIGHT="36" CONTENT="forming" SUBS_TYPE="HypPart1" SUBS_CONTENT="formingdefinite" WC="0.47" CC="24561777"/>
						<HYP CONTENT="-"/>
					</TextLine>
					<TextLine ID="P70_TL00015" HPOS="137" VPOS="682" WIDTH="859" HEIGHT="36">
						<String ID="P70_ST00112" HPOS="137" VPOS="683" WIDTH="111" HEIGHT="26" CONTENT="definite" SUBS_TYPE="HypPart2" SUBS_CONTENT="formingdefinite" WC="0.70" CC="80008330"/>
						<SP ID="P70_SP00094" HPOS="248" VPOS="709" WIDTH="13"/>
						<String ID="P70_ST00113" HPOS="261" VPOS="682" WIDTH="79" HEIGHT="35" CONTENT="plans" WC="0.45" CC="80575"/>
						<SP ID="P70_SP00095" HPOS="340" VPOS="717" WIDTH="15"/>
						<String ID="P70_ST00114" HPOS="355" VPOS="682" WIDTH="29" HEIGHT="27" CONTENT="of" WC="0.84" CC="30"/>
						<SP ID="P70_SP00096" HPOS="384" VPOS="717" WIDTH="10"/>
						<String ID="P70_ST00115" HPOS="394" VPOS="682" WIDTH="55" HEIGHT="27" CONTENT="life." WC="0.88" CC="05000"/>
						<SP ID="P70_SP00097" HPOS="449" VPOS="717" WIDTH="39"/>
						<String ID="P70_ST00116" HPOS="488" VPOS="682" WIDTH="56" HEIGHT="27" CONTENT="The" WC="0.84" CC="130"/>
						<SP ID="P70_SP00098" HPOS="544" VPOS="717" WIDTH="13"/>
						<String ID="P70_ST00117" HPOS="557" VPOS="682" WIDTH="106" HEIGHT="35" CONTENT="judge's" WC="0.72" CC="2177002"/>
						<SP ID="P70_SP00099" HPOS="663" VPOS="717" WIDTH="14"/>
						<String ID="P70_ST00118" HPOS="677" VPOS="683" WIDTH="112" HEIGHT="35" CONTENT="opinion" WC="0.79" CC="0706100"/>
						<SP ID="P70_SP00100" HPOS="789" VPOS="718" WIDTH="11"/>
						<String ID="P70_ST00119" HPOS="800" VPOS="684" WIDTH="65" HEIGHT="34" CONTENT="(and" WC="0.56" CC="0564"/>
						<SP ID="P70_SP00101" HPOS="865" VPOS="718" WIDTH="10"/>
						<String ID="P70_ST00120" HPOS="875" VPOS="685" WIDTH="48" HEIGHT="26" CONTENT="her" WC="0.71" CC="503"/>
						<SP ID="P70_SP00102" HPOS="923" VPOS="718" WIDTH="11"/>
						<String ID="P70_ST00121" HPOS="934" VPOS="694" WIDTH="62" HEIGHT="17" CONTENT="own" WC="0.65" CC="063"/>
					</TextLine>
					<TextLine ID="P70_TL00016" HPOS="138" VPOS="726" WIDTH="858" HEIGHT="36">
						<String ID="P70_ST00122" HPOS="138" VPOS="726" WIDTH="138" HEIGHT="27" CONTENT="coincided" WC="0.78" CC="000200808"/>
						<SP ID="P70_SP00103" HPOS="276" VPOS="753" WIDTH="22"/>
						<String ID="P70_ST00123" HPOS="298" VPOS="726" WIDTH="67" HEIGHT="26" CONTENT="with" WC="0.29" CC="8468"/>
						<SP ID="P70_SP00104" HPOS="365" VPOS="753" WIDTH="23"/>
						<String ID="P70_ST00124" HPOS="388" VPOS="726" WIDTH="54" HEIGHT="34" CONTENT="his)" WC="0.50" CC="8344"/>
						<SP ID="P70_SP00105" HPOS="442" VPOS="760" WIDTH="25"/>
						<String ID="P70_ST00125" HPOS="467" VPOS="735" WIDTH="56" HEIGHT="17" CONTENT="was" WC="0.49" CC="815"/>
						<SP ID="P70_SP00106" HPOS="523" VPOS="760" WIDTH="22"/>
						<String ID="P70_ST00126" HPOS="545" VPOS="726" WIDTH="61" HEIGHT="27" CONTENT="that" WC="0.61" CC="1751"/>
						<SP ID="P70_SP00107" HPOS="606" VPOS="760" WIDTH="23"/>
						<String ID="P70_ST00127" HPOS="629" VPOS="726" WIDTH="37" HEIGHT="27" CONTENT="all" WC="0.74" CC="123"/>
						<SP ID="P70_SP00108" HPOS="666" VPOS="760" WIDTH="21"/>
						<String ID="P70_ST00128" HPOS="687" VPOS="736" WIDTH="93" HEIGHT="26" CONTENT="young" WC="0.50" CC="30784"/>
						<SP ID="P70_SP00109" HPOS="780" VPOS="762" WIDTH="26"/>
						<String ID="P70_ST00129" HPOS="806" VPOS="736" WIDTH="64" HEIGHT="18" CONTENT="men" WC="0.57" CC="506"/>
						<SP ID="P70_SP00110" HPOS="870" VPOS="762" WIDTH="27"/>
						<String ID="P70_ST00130" HPOS="897" VPOS="729" WIDTH="99" HEIGHT="25" CONTENT="should" WC="0.58" CC="440617"/>
					</TextLine>
					<TextLine ID="P70_TL00017" HPOS="137" VPOS="770" WIDTH="858" HEIGHT="35">
						<String ID="P70_ST00131" HPOS="137" VPOS="771" WIDTH="91" HEIGHT="26" CONTENT="follow" WC="0.71" CC="070107"/>
						<SP ID="P70_SP00111" HPOS="228" VPOS="797" WIDTH="17"/>
						<String ID="P70_ST00132" HPOS="245" VPOS="779" WIDTH="74" HEIGHT="18" CONTENT="some" WC="0.97" CC="1000"/>
						<SP ID="P70_SP00112" HPOS="319" VPOS="797" WIDTH="17"/>
						<String ID="P70_ST00133" HPOS="336" VPOS="770" WIDTH="160" HEIGHT="34" CONTENT="profession," WC="0.67" CC="38004031580"/>
						<SP ID="P70_SP00113" HPOS="496" VPOS="804" WIDTH="19"/>
						<String ID="P70_ST00134" HPOS="515" VPOS="773" WIDTH="12" HEIGHT="10" CONTENT='"' WC="1.00" CC="0"/>
						<SP ID="P70_SP00114" HPOS="527" VPOS="804" WIDTH="10"/>
						<String ID="P70_ST00135" HPOS="537" VPOS="771" WIDTH="54" HEIGHT="26" CONTENT="and" WC="0.49" CC="078"/>
						<SP ID="P70_SP00115" HPOS="591" VPOS="804" WIDTH="17"/>
						<String ID="P70_ST00136" HPOS="608" VPOS="771" WIDTH="29" HEIGHT="26" CONTENT="in" WC="0.57" CC="08"/>
						<SP ID="P70_SP00116" HPOS="637" VPOS="804" WIDTH="18"/>
						<String ID="P70_ST00137" HPOS="655" VPOS="780" WIDTH="69" HEIGHT="25" CONTENT="your" WC="0.69" CC="0074"/>
						<SP ID="P70_SP00117" HPOS="724" VPOS="805" WIDTH="14"/>
						<String ID="P70_ST00138" HPOS="738" VPOS="781" WIDTH="68" HEIGHT="23" CONTENT="case," WC="0.89" CC="00005"/>
						<SP ID="P70_SP00118" HPOS="806" VPOS="805" WIDTH="14"/>
						<String ID="P70_ST00139" HPOS="820" VPOS="772" WIDTH="52" HEIGHT="26" CONTENT="Mr." WC="0.60" CC="451"/>
						<SP ID="P70_SP00119" HPOS="872" VPOS="805" WIDTH="15"/>
						<String ID="P70_ST00140" HPOS="887" VPOS="773" WIDTH="108" HEIGHT="32" CONTENT="Forbes," WC="0.62" CC="6248040"/>
					</TextLine>
					<TextLine ID="P70_TL00018" HPOS="136" VPOS="814" WIDTH="859" HEIGHT="38">
						<String ID="P70_ST00141" HPOS="136" VPOS="815" WIDTH="22" HEIGHT="26" CONTENT="it" WC="0.69" CC="06"/>
						<SP ID="P70_SP00120" HPOS="158" VPOS="841" WIDTH="14"/>
						<String ID="P70_ST00142" HPOS="172" VPOS="824" WIDTH="86" HEIGHT="17" CONTENT="seems" WC="0.80" CC="20007"/>
						<SP ID="P70_SP00121" HPOS="258" VPOS="841" WIDTH="14"/>
						<String ID="P70_ST00143" HPOS="272" VPOS="814" WIDTH="177" HEIGHT="34" CONTENT="particularly" WC="0.52" CC="578502440817"/>
						<SP ID="P70_SP00122" HPOS="449" VPOS="848" WIDTH="14"/>
						<String ID="P70_ST00144" HPOS="463" VPOS="814" WIDTH="140" HEIGHT="33" CONTENT="desirable," WC="0.71" CC="8001800307"/>
						<SP ID="P70_SP00123" HPOS="603" VPOS="848" WIDTH="14"/>
						<String ID="P70_ST00145" HPOS="617" VPOS="815" WIDTH="54" HEIGHT="26" CONTENT="and" WC="0.52" CC="167"/>
						<SP ID="P70_SP00124" HPOS="671" VPOS="848" WIDTH="14"/>
						<String ID="P70_ST00146" HPOS="685" VPOS="816" WIDTH="22" HEIGHT="25" CONTENT="it" WC="0.56" CC="35"/>
						<SP ID="P70_SP00125" HPOS="707" VPOS="848" WIDTH="13"/>
						<String ID="P70_ST00147" HPOS="720" VPOS="816" WIDTH="22" HEIGHT="26" CONTENT="is" WC="0.57" CC="26"/>
						<SP ID="P70_SP00126" HPOS="742" VPOS="848" WIDTH="16"/>
						<String ID="P70_ST00148" HPOS="758" VPOS="825" WIDTH="16" HEIGHT="16" CONTENT="a" WC="0.45" CC="5"/>
						<SP ID="P70_SP00127" HPOS="774" VPOS="848" WIDTH="13"/>
						<String ID="P70_ST00149" HPOS="787" VPOS="816" WIDTH="106" HEIGHT="36" CONTENT="subject" WC="0.57" CC="4772006"/>
						<SP ID="P70_SP00128" HPOS="893" VPOS="852" WIDTH="14"/>
						<String ID="P70_ST00150" HPOS="907" VPOS="818" WIDTH="30" HEIGHT="25" CONTENT="of" WC="1.00" CC="00"/>
						<SP ID="P70_SP00129" HPOS="937" VPOS="852" WIDTH="17"/>
						<String ID="P70_ST00151" HPOS="954" VPOS="826" WIDTH="41" HEIGHT="18" CONTENT="re" SUBS_TYPE="HypPart1" SUBS_CONTENT="regret" WC="0.63" CC="505"/>
						<HYP CONTENT="-"/>
					</TextLine>
					<TextLine ID="P70_TL00019" HPOS="135" VPOS="858" WIDTH="860" HEIGHT="37">
						<String ID="P70_ST00152" HPOS="135" VPOS="862" WIDTH="59" HEIGHT="31" CONTENT="gret" SUBS_TYPE="HypPart2" SUBS_CONTENT="regret" WC="0.90" CC="0004"/>
						<SP ID="P70_SP00130" HPOS="194" VPOS="893" WIDTH="15"/>
						<String ID="P70_ST00153" HPOS="209" VPOS="860" WIDTH="29" HEIGHT="24" CONTENT="to" WC="0.72" CC="50"/>
						<SP ID="P70_SP00131" HPOS="238" VPOS="893" WIDTH="16"/>
						<String ID="P70_ST00154" HPOS="254" VPOS="858" WIDTH="37" HEIGHT="26" CONTENT="all" WC="0.73" CC="034"/>
						<SP ID="P70_SP00132" HPOS="291" VPOS="893" WIDTH="20"/>
						<String ID="P70_ST00155" HPOS="311" VPOS="866" WIDTH="68" HEIGHT="26" CONTENT="your" WC="0.42" CC="3388"/>
						<SP ID="P70_SP00133" HPOS="379" VPOS="893" WIDTH="20"/>
						<String ID="P70_ST00156" HPOS="399" VPOS="858" WIDTH="104" HEIGHT="27" CONTENT="friends" WC="0.67" CC="0300288"/>
						<SP ID="P70_SP00134" HPOS="503" VPOS="893" WIDTH="20"/>
						<String ID="P70_ST00157" HPOS="523" VPOS="862" WIDTH="28" HEIGHT="22" CONTENT="to" WC="0.79" CC="30"/>
						<SP ID="P70_SP00135" HPOS="551" VPOS="893" WIDTH="17"/>
						<String ID="P70_ST00158" HPOS="568" VPOS="868" WIDTH="44" HEIGHT="17" CONTENT="see" WC="0.73" CC="080"/>
						<SP ID="P70_SP00136" HPOS="612" VPOS="893" WIDTH="19"/>
						<String ID="P70_ST00159" HPOS="631" VPOS="868" WIDTH="56" HEIGHT="24" CONTENT="you" WC="0.55" CC="246"/>
						<SP ID="P70_SP00137" HPOS="687" VPOS="893" WIDTH="14"/>
						<String ID="P70_ST00160" HPOS="701" VPOS="859" WIDTH="96" HEIGHT="36" CONTENT="hiding" WC="0.34" CC="665687"/>
						<SP ID="P70_SP00138" HPOS="797" VPOS="895" WIDTH="12"/>
						<String ID="P70_ST00161" HPOS="809" VPOS="869" WIDTH="70" HEIGHT="26" CONTENT="your" WC="0.56" CC="5065"/>
						<SP ID="P70_SP00139" HPOS="879" VPOS="895" WIDTH="13"/>
						<String ID="P70_ST00162" HPOS="892" VPOS="862" WIDTH="103" HEIGHT="26" CONTENT="talents" WC="0.53" CC="8030875"/>
					</TextLine>
					<TextLine ID="P70_TL00020" HPOS="136" VPOS="902" WIDTH="279" HEIGHT="25">
						<String ID="P70_ST00163" HPOS="136" VPOS="902" WIDTH="117" HEIGHT="25" CONTENT="beneath" WC="0.53" CC="8050647"/>
						<SP ID="P70_SP00140" HPOS="253" VPOS="927" WIDTH="14"/>
						<String ID="P70_ST00164" HPOS="267" VPOS="911" WIDTH="16" HEIGHT="16" CONTENT="a" WC="0.38" CC="6"/>
						<SP ID="P70_SP00141" HPOS="283" VPOS="927" WIDTH="13"/>
						<String ID="P70_ST00165" HPOS="296" VPOS="902" WIDTH="119" HEIGHT="25" CONTENT='bushel."' WC="0.56" CC="83370703"/>
					</TextLine>
				</TextBlock>
				<TextBlock ID="P70_TB00008" HPOS="134" VPOS="944" WIDTH="860" HEIGHT="255" STYLEREFS="TXT_1 PAR_LEFT">
					<TextLine ID="P70_TL00021" HPOS="174" VPOS="945" WIDTH="820" HEIGHT="35">
						<String ID="P70_ST00166" HPOS="174" VPOS="946" WIDTH="70" HEIGHT="26" CONTENT="Poor" WC="0.61" CC="6404"/>
						<SP ID="P70_SP00142" HPOS="244" VPOS="972" WIDTH="13"/>
						<String ID="P70_ST00167" HPOS="257" VPOS="945" WIDTH="106" HEIGHT="27" CONTENT="Walter" WC="0.69" CC="300617"/>
						<SP ID="P70_SP00143" HPOS="363" VPOS="972" WIDTH="12"/>
						<String ID="P70_ST00168" HPOS="375" VPOS="948" WIDTH="4" HEIGHT="23" CONTENT="!" WC="0.72" CC="2"/>
						<SP ID="P70_SP00144" HPOS="379" VPOS="972" WIDTH="20"/>
						<String ID="P70_ST00169" HPOS="399" VPOS="946" WIDTH="34" HEIGHT="26" CONTENT="he" WC="0.58" CC="80"/>
						<SP ID="P70_SP00145" HPOS="433" VPOS="972" WIDTH="14"/>
						<String ID="P70_ST00170" HPOS="447" VPOS="955" WIDTH="56" HEIGHT="18" CONTENT="was" WC="0.50" CC="760"/>
						<SP ID="P70_SP00146" HPOS="503" VPOS="973" WIDTH="20"/>
						<String ID="P70_ST00171" HPOS="523" VPOS="947" WIDTH="30" HEIGHT="25" CONTENT="in" WC="0.53" CC="27"/>
						<SP ID="P70_SP00147" HPOS="553" VPOS="973" WIDTH="19"/>
						<String ID="P70_ST00172" HPOS="572" VPOS="947" WIDTH="41" HEIGHT="26" CONTENT="for" WC="0.97" CC="000"/>
						<SP ID="P70_SP00148" HPOS="613" VPOS="973" WIDTH="19"/>
						<String ID="P70_ST00173" HPOS="632" VPOS="948" WIDTH="22" HEIGHT="26" CONTENT="it" WC="0.88" CC="02"/>
						<String ID="P70_ST00174" HPOS="665" VPOS="958" WIDTH="6" HEIGHT="22" CONTENT=";" WC="0.56" CC="4"/>
						<SP ID="P70_SP00149" HPOS="671" VPOS="980" WIDTH="21"/>
						<String ID="P70_ST00175" HPOS="692" VPOS="948" WIDTH="34" HEIGHT="26" CONTENT="he" WC="0.21" CC="78"/>
						<SP ID="P70_SP00150" HPOS="726" VPOS="980" WIDTH="13"/>
						<String ID="P70_ST00176" HPOS="739" VPOS="948" WIDTH="99" HEIGHT="27" CONTENT="looked" WC="0.71" CC="102606"/>
						<SP ID="P70_SP00151" HPOS="838" VPOS="980" WIDTH="18"/>
						<String ID="P70_ST00177" HPOS="856" VPOS="950" WIDTH="84" HEIGHT="26" CONTENT="about" WC="0.61" CC="08055"/>
						<SP ID="P70_SP00152" HPOS="940" VPOS="980" WIDTH="14"/>
						<String ID="P70_ST00178" HPOS="954" VPOS="951" WIDTH="40" HEIGHT="26" CONTENT="for" WC="0.77" CC="006"/>
					</TextLine>
					<TextLine ID="P70_TL00022" HPOS="134" VPOS="990" WIDTH="858" HEIGHT="35">
						<String ID="P70_ST00179" HPOS="134" VPOS="999" WIDTH="95" HEIGHT="17" CONTENT="means" WC="0.60" CC="60273"/>
						<SP ID="P70_SP00153" HPOS="229" VPOS="1016" WIDTH="15"/>
						<String ID="P70_ST00180" HPOS="244" VPOS="990" WIDTH="28" HEIGHT="26" CONTENT="of" WC="0.92" CC="10"/>
						<SP ID="P70_SP00154" HPOS="272" VPOS="1016" WIDTH="18"/>
						<String ID="P70_ST00181" HPOS="290" VPOS="999" WIDTH="103" HEIGHT="25" CONTENT="escape," WC="0.54" CC="0785603"/>
						<SP ID="P70_SP00155" HPOS="393" VPOS="1024" WIDTH="14"/>
						<String ID="P70_ST00182" HPOS="407" VPOS="990" WIDTH="53" HEIGHT="26" CONTENT="and" WC="0.43" CC="177"/>
						<SP ID="P70_SP00156" HPOS="460" VPOS="1024" WIDTH="22"/>
						<String ID="P70_ST00183" HPOS="482" VPOS="992" WIDTH="152" HEIGHT="33" CONTENT="attempted" WC="0.73" CC="202008208"/>
						<SP ID="P70_SP00157" HPOS="634" VPOS="1025" WIDTH="20"/>
						<String ID="P70_ST00184" HPOS="654" VPOS="1001" WIDTH="35" HEIGHT="17" CONTENT="no" WC="0.47" CC="82"/>
						<SP ID="P70_SP00158" HPOS="689" VPOS="1025" WIDTH="19"/>
						<String ID="P70_ST00185" HPOS="708" VPOS="992" WIDTH="122" HEIGHT="33" CONTENT="defence," WC="0.80" CC="80000007"/>
						<SP ID="P70_SP00159" HPOS="830" VPOS="1025" WIDTH="18"/>
						<String ID="P70_ST00186" HPOS="848" VPOS="994" WIDTH="82" HEIGHT="26" CONTENT="while" WC="0.64" CC="85040"/>
						<SP ID="P70_SP00160" HPOS="930" VPOS="1025" WIDTH="15"/>
						<String ID="P70_ST00187" HPOS="945" VPOS="995" WIDTH="47" HEIGHT="26" CONTENT="the" WC="0.64" CC="550"/>
					</TextLine>
					<TextLine ID="P70_TL00023" HPOS="134" VPOS="1034" WIDTH="856" HEIGHT="37">
						<String ID="P70_ST00188" HPOS="134" VPOS="1034" WIDTH="66" HEIGHT="34" CONTENT="lady" WC="0.40" CC="5556"/>
						<SP ID="P70_SP00161" HPOS="200" VPOS="1068" WIDTH="14"/>
						<String ID="P70_ST00189" HPOS="214" VPOS="1034" WIDTH="156" HEIGHT="34" CONTENT="harangued" WC="0.52" CC="668240707"/>
						<SP ID="P70_SP00162" HPOS="370" VPOS="1068" WIDTH="13"/>
						<String ID="P70_ST00190" HPOS="383" VPOS="1043" WIDTH="16" HEIGHT="17" CONTENT="a" WC="1.00" CC="0"/>
						<SP ID="P70_SP00163" HPOS="399" VPOS="1068" WIDTH="12"/>
						<String ID="P70_ST00191" HPOS="411" VPOS="1034" WIDTH="74" HEIGHT="27" CONTENT="little" WC="0.79" CC="050050"/>
						<SP ID="P70_SP00164" HPOS="485" VPOS="1068" WIDTH="14"/>
						<String ID="P70_ST00192" HPOS="499" VPOS="1035" WIDTH="100" HEIGHT="34" CONTENT="longer." WC="0.65" CC="0156055"/>
						<SP ID="P70_SP00165" HPOS="599" VPOS="1069" WIDTH="37"/>
						<String ID="P70_ST00193" HPOS="636" VPOS="1036" WIDTH="144" HEIGHT="35" CONTENT="Presently" WC="0.60" CC="880005435"/>
						<SP ID="P70_SP00166" HPOS="780" VPOS="1071" WIDTH="10"/>
						<String ID="P70_ST00194" HPOS="790" VPOS="1037" WIDTH="34" HEIGHT="26" CONTENT="he" WC="0.60" CC="70"/>
						<SP ID="P70_SP00167" HPOS="824" VPOS="1071" WIDTH="14"/>
						<String ID="P70_ST00195" HPOS="838" VPOS="1046" WIDTH="55" HEIGHT="17" CONTENT="saw" WC="0.62" CC="136"/>
						<SP ID="P70_SP00168" HPOS="893" VPOS="1071" WIDTH="15"/>
						<String ID="P70_ST00196" HPOS="908" VPOS="1038" WIDTH="82" HEIGHT="32" CONTENT="Kate," WC="0.75" CC="82010"/>
					</TextLine>
					<TextLine ID="P70_TL00024" HPOS="136" VPOS="1077" WIDTH="856" HEIGHT="39">
						<String ID="P70_ST00197" HPOS="136" VPOS="1078" WIDTH="54" HEIGHT="26" CONTENT="and" WC="0.39" CC="845"/>
						<SP ID="P70_SP00169" HPOS="190" VPOS="1104" WIDTH="14"/>
						<String ID="P70_ST00198" HPOS="204" VPOS="1077" WIDTH="57" HEIGHT="26" CONTENT="said" WC="0.52" CC="1357"/>
						<SP ID="P70_SP00170" HPOS="261" VPOS="1104" WIDTH="14"/>
						<String ID="P70_ST00199" HPOS="275" VPOS="1078" WIDTH="34" HEIGHT="26" CONTENT="he" WC="0.91" CC="10"/>
						<SP ID="P70_SP00171" HPOS="309" VPOS="1104" WIDTH="14"/>
						<String ID="P70_ST00200" HPOS="323" VPOS="1078" WIDTH="92" HEIGHT="26" CONTENT="would" WC="0.50" CC="74507"/>
						<SP ID="P70_SP00172" HPOS="415" VPOS="1104" WIDTH="12"/>
						<String ID="P70_ST00201" HPOS="427" VPOS="1087" WIDTH="33" HEIGHT="25" CONTENT="go" WC="0.83" CC="30"/>
						<SP ID="P70_SP00173" HPOS="460" VPOS="1112" WIDTH="16"/>
						<String ID="P70_ST00202" HPOS="476" VPOS="1079" WIDTH="54" HEIGHT="25" CONTENT="and" WC="0.57" CC="084"/>
						<SP ID="P70_SP00174" HPOS="530" VPOS="1112" WIDTH="13"/>
						<String ID="P70_ST00203" HPOS="543" VPOS="1079" WIDTH="75" HEIGHT="27" CONTENT="fetch" WC="0.80" CC="00504"/>
						<SP ID="P70_SP00175" HPOS="618" VPOS="1112" WIDTH="13"/>
						<String ID="P70_ST00204" HPOS="631" VPOS="1079" WIDTH="55" HEIGHT="33" CONTENT="her," WC="0.60" CC="7043"/>
						<SP ID="P70_SP00176" HPOS="686" VPOS="1112" WIDTH="14"/>
						<String ID="P70_ST00205" HPOS="700" VPOS="1080" WIDTH="25" HEIGHT="26" CONTENT="if" WC="0.87" CC="20"/>
						<SP ID="P70_SP00177" HPOS="725" VPOS="1112" WIDTH="19"/>
						<String ID="P70_ST00206" HPOS="744" VPOS="1081" WIDTH="77" HEIGHT="35" CONTENT="Lady" WC="0.57" CC="7062"/>
						<SP ID="P70_SP00178" HPOS="821" VPOS="1116" WIDTH="20"/>
						<String ID="P70_ST00207" HPOS="841" VPOS="1082" WIDTH="151" HEIGHT="26" CONTENT="Dashforth" WC="0.45" CC="864707805"/>
					</TextLine>
					<TextLine ID="P70_TL00025" HPOS="135" VPOS="1122" WIDTH="856" HEIGHT="31">
						<String ID="P70_ST00208" HPOS="135" VPOS="1122" WIDTH="91" HEIGHT="25" CONTENT="would" WC="0.35" CC="87708"/>
						<SP ID="P70_SP00179" HPOS="226" VPOS="1147" WIDTH="14"/>
						<String ID="P70_ST00209" HPOS="240" VPOS="1125" WIDTH="54" HEIGHT="22" CONTENT="rest" WC="0.73" CC="0064"/>
						<SP ID="P70_SP00180" HPOS="294" VPOS="1147" WIDTH="14"/>
						<String ID="P70_ST00210" HPOS="308" VPOS="1131" WIDTH="15" HEIGHT="16" CONTENT="a" WC="0.59" CC="4"/>
						<SP ID="P70_SP00181" HPOS="323" VPOS="1147" WIDTH="13"/>
						<String ID="P70_ST00211" HPOS="336" VPOS="1122" WIDTH="73" HEIGHT="26" CONTENT="little" WC="0.73" CC="415050"/>
						<SP ID="P70_SP00182" HPOS="409" VPOS="1148" WIDTH="14"/>
						<String ID="P70_ST00212" HPOS="423" VPOS="1131" WIDTH="35" HEIGHT="17" CONTENT="on" WC="0.48" CC="27"/>
						<SP ID="P70_SP00183" HPOS="458" VPOS="1148" WIDTH="15"/>
						<String ID="P70_ST00213" HPOS="473" VPOS="1131" WIDTH="15" HEIGHT="17" CONTENT="a" WC="0.55" CC="4"/>
						<SP ID="P70_SP00184" HPOS="488" VPOS="1148" WIDTH="15"/>
						<String ID="P70_ST00214" HPOS="503" VPOS="1126" WIDTH="57" HEIGHT="22" CONTENT="seat" WC="0.82" CC="2004"/>
						<SP ID="P70_SP00185" HPOS="560" VPOS="1148" WIDTH="14"/>
						<String ID="P70_ST00215" HPOS="574" VPOS="1132" WIDTH="67" HEIGHT="17" CONTENT="near" WC="0.37" CC="8078"/>
						<SP ID="P70_SP00186" HPOS="641" VPOS="1149" WIDTH="13"/>
						<String ID="P70_ST00216" HPOS="654" VPOS="1127" WIDTH="28" HEIGHT="23" CONTENT="at" WC="0.39" CC="65"/>
						<SP ID="P70_SP00187" HPOS="682" VPOS="1150" WIDTH="14"/>
						<String ID="P70_ST00217" HPOS="696" VPOS="1124" WIDTH="79" HEIGHT="27" CONTENT="hand." WC="0.57" CC="72360"/>
						<SP ID="P70_SP00188" HPOS="775" VPOS="1151" WIDTH="41"/>
						<String ID="P70_ST00218" HPOS="816" VPOS="1126" WIDTH="44" HEIGHT="26" CONTENT="He" WC="0.64" CC="70"/>
						<SP ID="P70_SP00189" HPOS="860" VPOS="1152" WIDTH="14"/>
						<String ID="P70_ST00219" HPOS="874" VPOS="1126" WIDTH="117" HEIGHT="27" CONTENT="brought" WC="0.50" CC="8703870"/>
					</TextLine>
					<TextLine ID="P70_TL00026" HPOS="135" VPOS="1165" WIDTH="612" HEIGHT="34">
						<String ID="P70_ST00220" HPOS="135" VPOS="1166" WIDTH="73" HEIGHT="25" CONTENT="Kate" WC="0.57" CC="7720"/>
						<SP ID="P70_SP00190" HPOS="208" VPOS="1191" WIDTH="14"/>
						<String ID="P70_ST00221" HPOS="222" VPOS="1168" WIDTH="28" HEIGHT="23" CONTENT="to" WC="0.72" CC="50"/>
						<SP ID="P70_SP00191" HPOS="250" VPOS="1191" WIDTH="13"/>
						<String ID="P70_ST00222" HPOS="263" VPOS="1165" WIDTH="55" HEIGHT="32" CONTENT="her," WC="0.76" CC="7020"/>
						<SP ID="P70_SP00192" HPOS="318" VPOS="1197" WIDTH="14"/>
						<String ID="P70_ST00223" HPOS="332" VPOS="1166" WIDTH="127" HEIGHT="33" CONTENT="bringing" WC="0.65" CC="81063052"/>
						<SP ID="P70_SP00193" HPOS="459" VPOS="1199" WIDTH="12"/>
						<String ID="P70_ST00224" HPOS="471" VPOS="1175" WIDTH="38" HEIGHT="24" CONTENT="up" WC="0.17" CC="88"/>
						<SP ID="P70_SP00194" HPOS="509" VPOS="1199" WIDTH="14"/>
						<String ID="P70_ST00225" HPOS="523" VPOS="1167" WIDTH="47" HEIGHT="26" CONTENT="the" WC="0.78" CC="420"/>
						<SP ID="P70_SP00195" HPOS="570" VPOS="1199" WIDTH="13"/>
						<String ID="P70_ST00226" HPOS="583" VPOS="1171" WIDTH="88" HEIGHT="23" CONTENT="rector" WC="0.65" CC="703306"/>
						<SP ID="P70_SP00196" HPOS="671" VPOS="1199" WIDTH="14"/>
						<String ID="P70_ST00227" HPOS="685" VPOS="1168" WIDTH="62" HEIGHT="27" CONTENT="also." WC="0.55" CC="66504"/>
					</TextLine>
				</TextBlock>
				<TextBlock ID="P70_TB00009" HPOS="132" VPOS="1209" WIDTH="858" HEIGHT="164" STYLEREFS="TXT_1 PAR_LEFT">
					<TextLine ID="P70_TL00027" HPOS="172" VPOS="1209" WIDTH="818" HEIGHT="35">
						<String ID="P70_ST00228" HPOS="172" VPOS="1209" WIDTH="70" HEIGHT="25" CONTENT="Now" WC="0.42" CC="717"/>
						<SP ID="P70_SP00197" HPOS="242" VPOS="1234" WIDTH="26"/>
						<String ID="P70_ST00229" HPOS="268" VPOS="1209" WIDTH="69" HEIGHT="25" CONTENT="from" WC="0.65" CC="0805"/>
						<SP ID="P70_SP00198" HPOS="337" VPOS="1234" WIDTH="26"/>
						<String ID="P70_ST00230" HPOS="363" VPOS="1218" WIDTH="97" HEIGHT="26" CONTENT="among" WC="0.68" CC="30083"/>
						<SP ID="P70_SP00199" HPOS="460" VPOS="1244" WIDTH="22"/>
						<String ID="P70_ST00231" HPOS="482" VPOS="1218" WIDTH="75" HEIGHT="19" CONTENT="some" WC="0.80" CC="1060"/>
						<SP ID="P70_SP00200" HPOS="557" VPOS="1244" WIDTH="22"/>
						<String ID="P70_ST00232" HPOS="579" VPOS="1211" WIDTH="108" HEIGHT="33" CONTENT="bushes," WC="0.61" CC="7336005"/>
						<SP ID="P70_SP00201" HPOS="687" VPOS="1244" WIDTH="18"/>
						<String ID="P70_ST00233" HPOS="705" VPOS="1221" WIDTH="16" HEIGHT="18" CONTENT="a" WC="1.00" CC="0"/>
						<SP ID="P70_SP00202" HPOS="721" VPOS="1244" WIDTH="21"/>
						<String ID="P70_ST00234" HPOS="742" VPOS="1213" WIDTH="85" HEIGHT="26" CONTENT="strain" WC="0.73" CC="040407"/>
						<SP ID="P70_SP00203" HPOS="827" VPOS="1244" WIDTH="23"/>
						<String ID="P70_ST00235" HPOS="850" VPOS="1213" WIDTH="30" HEIGHT="26" CONTENT="of" WC="0.67" CC="06"/>
						<SP ID="P70_SP00204" HPOS="880" VPOS="1244" WIDTH="22"/>
						<String ID="P70_ST00236" HPOS="902" VPOS="1215" WIDTH="88" HEIGHT="25" CONTENT="music" WC="0.70" CC="71103"/>
					</TextLine>
					<TextLine ID="P70_TL00028" HPOS="134" VPOS="1253" WIDTH="856" HEIGHT="39">
						<String ID="P70_ST00237" HPOS="134" VPOS="1261" WIDTH="92" HEIGHT="24" CONTENT="arose;" WC="0.63" CC="540605"/>
						<SP ID="P70_SP00205" HPOS="226" VPOS="1285" WIDTH="21"/>
						<String ID="P70_ST00238" HPOS="247" VPOS="1253" WIDTH="21" HEIGHT="25" CONTENT="it" WC="0.66" CC="05"/>
						<SP ID="P70_SP00206" HPOS="268" VPOS="1285" WIDTH="20"/>
						<String ID="P70_ST00239" HPOS="288" VPOS="1261" WIDTH="56" HEIGHT="17" CONTENT="was" WC="0.61" CC="712"/>
						<SP ID="P70_SP00207" HPOS="344" VPOS="1285" WIDTH="20"/>
						<String ID="P70_ST00240" HPOS="364" VPOS="1253" WIDTH="46" HEIGHT="26" CONTENT="the" WC="0.56" CC="480"/>
						<SP ID="P70_SP00208" HPOS="410" VPOS="1285" WIDTH="22"/>
						<String ID="P70_ST00241" HPOS="432" VPOS="1254" WIDTH="72" HEIGHT="25" CONTENT="baud" WC="0.35" CC="8177"/>
						<SP ID="P70_SP00209" HPOS="504" VPOS="1285" WIDTH="23"/>
						<String ID="P70_ST00242" HPOS="527" VPOS="1255" WIDTH="70" HEIGHT="25" CONTENT="from" WC="0.46" CC="3818"/>
						<SP ID="P70_SP00210" HPOS="597" VPOS="1285" WIDTH="23"/>
						<String ID="P70_ST00243" HPOS="620" VPOS="1255" WIDTH="47" HEIGHT="27" CONTENT="the" WC="0.77" CC="330"/>
						<SP ID="P70_SP00211" HPOS="667" VPOS="1285" WIDTH="26"/>
						<String ID="P70_ST00244" HPOS="693" VPOS="1260" WIDTH="66" HEIGHT="23" CONTENT="next" WC="0.56" CC="7054"/>
						<SP ID="P70_SP00212" HPOS="759" VPOS="1285" WIDTH="23"/>
						<String ID="P70_ST00245" HPOS="782" VPOS="1257" WIDTH="114" HEIGHT="35" CONTENT="village;" WC="0.74" CC="20135601"/>
						<SP ID="P70_SP00213" HPOS="896" VPOS="1292" WIDTH="27"/>
						<String ID="P70_ST00246" HPOS="923" VPOS="1258" WIDTH="67" HEIGHT="34" CONTENT="they" WC="0.62" CC="4703"/>
					</TextLine>
					<TextLine ID="P70_TL00029" HPOS="133" VPOS="1296" WIDTH="857" HEIGHT="36">
						<String ID="P70_ST00247" HPOS="133" VPOS="1296" WIDTH="99" HEIGHT="34" CONTENT="played" WC="0.54" CC="732608"/>
						<SP ID="P70_SP00214" HPOS="232" VPOS="1330" WIDTH="27"/>
						<String ID="P70_ST00248" HPOS="259" VPOS="1305" WIDTH="66" HEIGHT="25" CONTENT="very" WC="0.55" CC="1087"/>
						<SP ID="P70_SP00215" HPOS="325" VPOS="1330" WIDTH="26"/>
						<String ID="P70_ST00249" HPOS="351" VPOS="1297" WIDTH="157" HEIGHT="35" CONTENT="creditably." WC="0.56" CC="08060088744"/>
						<SP ID="P70_SP00216" HPOS="508" VPOS="1332" WIDTH="52"/>
						<String ID="P70_ST00250" HPOS="560" VPOS="1299" WIDTH="57" HEIGHT="26" CONTENT="The" WC="0.77" CC="150"/>
						<SP ID="P70_SP00217" HPOS="617" VPOS="1332" WIDTH="30"/>
						<String ID="P70_ST00251" HPOS="647" VPOS="1300" WIDTH="68" HEIGHT="25" CONTENT="buzz" WC="0.52" CC="8450"/>
						<SP ID="P70_SP00218" HPOS="715" VPOS="1332" WIDTH="26"/>
						<String ID="P70_ST00252" HPOS="741" VPOS="1300" WIDTH="30" HEIGHT="26" CONTENT="of" WC="0.88" CC="02"/>
						<SP ID="P70_SP00219" HPOS="771" VPOS="1332" WIDTH="30"/>
						<String ID="P70_ST00253" HPOS="801" VPOS="1302" WIDTH="189" HEIGHT="26" CONTENT="conversation" WC="0.69" CC="000707437007"/>
					</TextLine>
					<TextLine ID="P70_TL00030" HPOS="133" VPOS="1340" WIDTH="691" HEIGHT="33">
						<String ID="P70_ST00254" HPOS="133" VPOS="1340" WIDTH="106" HEIGHT="26" CONTENT="hushed" WC="0.34" CC="788707"/>
						<SP ID="P70_SP00220" HPOS="239" VPOS="1366" WIDTH="15"/>
						<String ID="P70_ST00255" HPOS="254" VPOS="1340" WIDTH="40" HEIGHT="26" CONTENT="for" WC="0.81" CC="005"/>
						<SP ID="P70_SP00221" HPOS="294" VPOS="1366" WIDTH="13"/>
						<String ID="P70_ST00256" HPOS="307" VPOS="1349" WIDTH="15" HEIGHT="17" CONTENT="a" WC="0.36" CC="6"/>
						<SP ID="P70_SP00222" HPOS="322" VPOS="1366" WIDTH="14"/>
						<String ID="P70_ST00257" HPOS="336" VPOS="1344" WIDTH="121" HEIGHT="22" CONTENT="moment" WC="0.79" CC="010055"/>
						<SP ID="P70_SP00223" HPOS="457" VPOS="1366" WIDTH="14"/>
						<String ID="P70_ST00258" HPOS="471" VPOS="1350" WIDTH="28" HEIGHT="17" CONTENT="or" WC="0.27" CC="58"/>
						<SP ID="P70_SP00224" HPOS="499" VPOS="1367" WIDTH="14"/>
						<String ID="P70_ST00259" HPOS="513" VPOS="1346" WIDTH="61" HEIGHT="27" CONTENT="two," WC="0.39" CC="6737"/>
						<SP ID="P70_SP00225" HPOS="574" VPOS="1373" WIDTH="14"/>
						<String ID="P70_ST00260" HPOS="588" VPOS="1343" WIDTH="68" HEIGHT="26" CONTENT="then" WC="0.71" CC="0407"/>
						<SP ID="P70_SP00226" HPOS="656" VPOS="1373" WIDTH="13"/>
						<String ID="P70_ST00261" HPOS="669" VPOS="1344" WIDTH="155" HEIGHT="27" CONTENT="continued." WC="0.67" CC="0084354060"/>
					</TextLine>
				</TextBlock>
				<TextBlock ID="P70_TB00010" HPOS="170" VPOS="1383" WIDTH="345" HEIGHT="28" STYLEREFS="TXT_1 PAR_LEFT">
					<TextLine ID="P70_TL00031" HPOS="170" VPOS="1383" WIDTH="345" HEIGHT="28">
						<String ID="P70_ST00262" HPOS="170" VPOS="1383" WIDTH="74" HEIGHT="27" CONTENT="John" WC="0.54" CC="0458"/>
						<SP ID="P70_SP00227" HPOS="244" VPOS="1410" WIDTH="13"/>
						<String ID="P70_ST00263" HPOS="257" VPOS="1384" WIDTH="53" HEIGHT="26" CONTENT="had" WC="0.50" CC="806"/>
						<SP ID="P70_SP00228" HPOS="310" VPOS="1410" WIDTH="15"/>
						<String ID="P70_ST00264" HPOS="325" VPOS="1385" WIDTH="110" HEIGHT="25" CONTENT="secured" WC="0.61" CC="5007508"/>
						<SP ID="P70_SP00229" HPOS="435" VPOS="1410" WIDTH="14"/>
						<String ID="P70_ST00265" HPOS="449" VPOS="1385" WIDTH="66" HEIGHT="26" CONTENT="Ada." WC="0.42" CC="7833"/>
					</TextLine>
				</TextBlock>
				<TextBlock ID="P70_TB00011" HPOS="134" VPOS="1427" WIDTH="854" HEIGHT="69" STYLEREFS="TXT_1 PAR_LEFT">
					<TextLine ID="P70_TL00032" HPOS="171" VPOS="1427" WIDTH="817" HEIGHT="41">
						<String ID="P70_ST00266" HPOS="171" VPOS="1427" WIDTH="95" HEIGHT="27" CONTENT='"Who' WC="0.52" CC="0458"/>
						<SP ID="P70_SP00230" HPOS="266" VPOS="1454" WIDTH="27"/>
						<String ID="P70_ST00267" HPOS="293" VPOS="1436" WIDTH="56" HEIGHT="18" CONTENT="was" WC="0.60" CC="821"/>
						<SP ID="P70_SP00231" HPOS="349" VPOS="1454" WIDTH="25"/>
						<String ID="P70_ST00268" HPOS="374" VPOS="1427" WIDTH="61" HEIGHT="27" CONTENT="that;" WC="0.61" CC="16037"/>
						<SP ID="P70_SP00232" HPOS="435" VPOS="1454" WIDTH="25"/>
						<String ID="P70_ST00269" HPOS="460" VPOS="1428" WIDTH="40" HEIGHT="26" CONTENT="fat" WC="0.28" CC="686"/>
						<SP ID="P70_SP00233" HPOS="500" VPOS="1454" WIDTH="27"/>
						<String ID="P70_ST00270" HPOS="527" VPOS="1429" WIDTH="92" HEIGHT="27" CONTENT="fellow" WC="0.82" CC="000027"/>
						<SP ID="P70_SP00234" HPOS="619" VPOS="1456" WIDTH="25"/>
						<String ID="P70_ST00271" HPOS="644" VPOS="1439" WIDTH="56" HEIGHT="26" CONTENT="you" WC="0.52" CC="616"/>
						<SP ID="P70_SP00235" HPOS="700" VPOS="1465" WIDTH="23"/>
						<String ID="P70_ST00272" HPOS="723" VPOS="1440" WIDTH="69" HEIGHT="18" CONTENT="were" WC="0.58" CC="7043"/>
						<SP ID="P70_SP00236" HPOS="792" VPOS="1465" WIDTH="27"/>
						<String ID="P70_ST00273" HPOS="819" VPOS="1432" WIDTH="108" HEIGHT="36" CONTENT="talking" WC="0.64" CC="0610187"/>
						<SP ID="P70_SP00237" HPOS="927" VPOS="1468" WIDTH="26"/>
						<String ID="P70_ST00274" HPOS="953" VPOS="1438" WIDTH="35" HEIGHT="29" CONTENT="to," WC="0.87" CC="021"/>
					</TextLine>
					<TextLine ID="P70_TL00033" HPOS="134" VPOS="1471" WIDTH="95" HEIGHT="25">
						<String ID="P70_ST00275" HPOS="134" VPOS="1471" WIDTH="60" HEIGHT="25" CONTENT="Ada" WC="0.33" CC="685"/>
						<SP ID="P70_SP00238" HPOS="194" VPOS="1496" WIDTH="12"/>
						<String ID="P70_ST00276" HPOS="206" VPOS="1471" WIDTH="23" HEIGHT="25" CONTENT='?"' WC="0.83" CC="12"/>
					</TextLine>
				</TextBlock>
				<TextBlock ID="P70_TB00012" HPOS="170" VPOS="1515" WIDTH="820" HEIGHT="37" STYLEREFS="TXT_1 PAR_CENTER">
					<TextLine ID="P70_TL00034" HPOS="170" VPOS="1515" WIDTH="820" HEIGHT="37">
						<String ID="P70_ST00277" HPOS="170" VPOS="1520" WIDTH="11" HEIGHT="8" CONTENT='"' WC="0.52" CC="4"/>
						<SP ID="P70_SP00239" HPOS="181" VPOS="1528" WIDTH="10"/>
						<String ID="P70_ST00278" HPOS="191" VPOS="1516" WIDTH="52" HEIGHT="27" CONTENT="Mr." WC="0.77" CC="600"/>
						<SP ID="P70_SP00240" HPOS="243" VPOS="1543" WIDTH="15"/>
						<String ID="P70_ST00279" HPOS="258" VPOS="1515" WIDTH="120" HEIGHT="36" CONTENT="Morgan." WC="0.47" CC="7371780"/>
						<SP ID="P70_SP00241" HPOS="378" VPOS="1551" WIDTH="33"/>
						<String ID="P70_ST00280" HPOS="411" VPOS="1516" WIDTH="82" HEIGHT="33" CONTENT="John," WC="0.48" CC="26880"/>
						<SP ID="P70_SP00242" HPOS="493" VPOS="1551" WIDTH="15"/>
						<String ID="P70_ST00281" HPOS="508" VPOS="1526" WIDTH="54" HEIGHT="25" CONTENT="you" WC="0.50" CC="572"/>
						<SP ID="P70_SP00243" HPOS="562" VPOS="1551" WIDTH="14"/>
						<String ID="P70_ST00282" HPOS="576" VPOS="1526" WIDTH="70" HEIGHT="18" CONTENT="were" WC="0.72" CC="8020"/>
						<SP ID="P70_SP00244" HPOS="646" VPOS="1551" WIDTH="16"/>
						<String ID="P70_ST00283" HPOS="662" VPOS="1519" WIDTH="73" HEIGHT="33" CONTENT="right" WC="0.56" CC="20765"/>
						<String ID="P70_ST00284" HPOS="743" VPOS="1530" WIDTH="6" HEIGHT="16" CONTENT=":" WC="0.50" CC="4"/>
						<SP ID="P70_SP00245" HPOS="749" VPOS="1552" WIDTH="14"/>
						<String ID="P70_ST00285" HPOS="763" VPOS="1519" WIDTH="78" HEIGHT="28" CONTENT="Aunt" WC="0.26" CC="8686"/>
						<SP ID="P70_SP00246" HPOS="841" VPOS="1552" WIDTH="13"/>
						<String ID="P70_ST00286" HPOS="854" VPOS="1520" WIDTH="73" HEIGHT="28" CONTENT="Jane" WC="0.89" CC="0040"/>
						<SP ID="P70_SP00247" HPOS="927" VPOS="1552" WIDTH="14"/>
						<String ID="P70_ST00287" HPOS="941" VPOS="1523" WIDTH="49" HEIGHT="27" CONTENT="has" WC="0.73" CC="700"/>
					</TextLine>
				</TextBlock>
			</PrintSpace>
		</Page>
	</Layout>
</alto>
