<?xml version="1.0" encoding="UTF-8"?>
<alto xmlns:xsi="http://www.w3.org/2001/XMLSchema-instance" xsi:noNamespaceSchemaLocation="http://www.bl.uk/schemas/alto/alto-1-4.xsd" xmlns:xlink="http://www.w3.org/1999/xlink">
	<Description>
		<MeasurementUnit>mm10</MeasurementUnit>
		<sourceImageInformation>
			<fileName>//head1/IN/2008-08/A0011239203/000083.jp2</fileName>
		</sourceImageInformation>
		<OCRProcessing ID="OCRPROCESSING_1">
			<preProcessingStep>
				<processingSoftware>
					<softwareCreator>CCS Content Conversion Specialists GmbH, Germany</softwareCreator>
					<softwareName>CCS docWORKS</softwareName>
					<softwareVersion>6.1-0.67</softwareVersion>
				</processingSoftware>
			</preProcessingStep>
			<ocrProcessingStep>
				<processingSoftware>
					<softwareCreator>ABBYY (BIT Software), Russia</softwareCreator>
					<softwareName>Finereader</softwareName>
				</processingSoftware>
			</ocrProcessingStep>
		</OCRProcessing>
	</Description>
	<Styles>
		<TextStyle ID="TXT_0" FONTSIZE="10" FONTFAMILY="Courier New"/>
		<TextStyle ID="TXT_1" FONTSIZE="9" FONTFAMILY="Courier New"/>
		<ParagraphStyle ID="PAR_RIGHT" ALIGN="Right"/>
		<ParagraphStyle ID="PAR_LEFT" ALIGN="Left"/>
	</Styles>
	<Layout>
		<Page ID="P79" PHYSICAL_IMG_NR="79" HEIGHT="1673" WIDTH="1059" PRINTED_IMG_NR="71" POSITION="Right" ACCURACY="65.51">
			<TopMargin ID="P79_TM00001" HPOS="0" VPOS="0" WIDTH="1059" HEIGHT="110">
				<TextBlock ID="P79_TB00001" HPOS="895" VPOS="80" WIDTH="32" HEIGHT="28" STYLEREFS="TXT_0 PAR_RIGHT">
					<TextLine ID="P79_TL00001" HPOS="895" VPOS="80" WIDTH="32" HEIGHT="28">
						<String ID="P79_ST00001" HPOS="895" VPOS="80" WIDTH="32" HEIGHT="28" CONTENT="71" WC="1.00" CC="00"/>
					</TextLine>
				</TextBlock>
				<TextBlock ID="P79_TB00002" HPOS="332" VPOS="88" WIDTH="332" HEIGHT="19" STYLEREFS="TXT_1 PAR_LEFT">
					<TextLine ID="P79_TL00002" HPOS="332" VPOS="89" WIDTH="332" HEIGHT="18">
						<String ID="P79_ST00002" HPOS="332" VPOS="89" WIDTH="39" HEIGHT="18" CONTENT="AN" WC="0.24" CC="78"/>
						<SP ID="P79_SP00001" HPOS="371" VPOS="107" WIDTH="20"/>
						<String ID="P79_ST00003" HPOS="391" VPOS="89" WIDTH="144" HEIGHT="18" CONTENT="ISRAELITE" WC="0.62" CC="068814003"/>
						<SP ID="P79_SP00002" HPOS="535" VPOS="107" WIDTH="20"/>
						<String ID="P79_ST00004" HPOS="555" VPOS="89" WIDTH="109" HEIGHT="18" CONTENT="INDEED." WC="0.56" CC="0785071"/>
					</TextLine>
				</TextBlock>
			</TopMargin>
			<LeftMargin ID="P79_LM00001" HPOS="0" VPOS="110" WIDTH="71" HEIGHT="1446"/>
			<RightMargin ID="P79_RM00001" HPOS="937" VPOS="110" WIDTH="122" HEIGHT="1446"/>
			<BottomMargin ID="P79_BM00001" HPOS="0" VPOS="1556" WIDTH="1059" HEIGHT="117"/>
			<PrintSpace ID="P79_PS00001" HPOS="71" VPOS="110" WIDTH="866" HEIGHT="1446">
				<TextBlock ID="P79_TB00003" HPOS="71" VPOS="150" WIDTH="861" HEIGHT="257" STYLEREFS="TXT_1 PAR_LEFT">
					<TextLine ID="P79_TL00003" HPOS="72" VPOS="151" WIDTH="859" HEIGHT="33">
						<String ID="P79_ST00005" HPOS="72" VPOS="151" WIDTH="88" HEIGHT="26" CONTENT="desire" WC="0.74" CC="705020"/>
						<SP ID="P79_SP00003" HPOS="160" VPOS="177" WIDTH="21"/>
						<String ID="P79_ST00006" HPOS="181" VPOS="153" WIDTH="29" HEIGHT="24" CONTENT="to" WC="1.00" CC="00"/>
						<SP ID="P79_SP00004" HPOS="210" VPOS="177" WIDTH="18"/>
						<String ID="P79_ST00007" HPOS="228" VPOS="152" WIDTH="105" HEIGHT="25" CONTENT="remain" WC="0.47" CC="506737"/>
						<SP ID="P79_SP00005" HPOS="333" VPOS="177" WIDTH="22"/>
						<String ID="P79_ST00008" HPOS="355" VPOS="152" WIDTH="29" HEIGHT="25" CONTENT="in" WC="0.61" CC="07"/>
						<SP ID="P79_SP00006" HPOS="384" VPOS="177" WIDTH="24"/>
						<String ID="P79_ST00009" HPOS="408" VPOS="152" WIDTH="131" HEIGHT="26" CONTENT="Brussels." WC="0.78" CC="640110410"/>
						<SP ID="P79_SP00007" HPOS="539" VPOS="178" WIDTH="41"/>
						<String ID="P79_ST00010" HPOS="580" VPOS="153" WIDTH="45" HEIGHT="26" CONTENT="He" WC="0.66" CC="60"/>
						<SP ID="P79_SP00008" HPOS="625" VPOS="179" WIDTH="17"/>
						<String ID="P79_ST00011" HPOS="642" VPOS="152" WIDTH="50" HEIGHT="26" CONTENT="felt" WC="0.62" CC="5026"/>
						<SP ID="P79_SP00009" HPOS="692" VPOS="179" WIDTH="19"/>
						<String ID="P79_ST00012" HPOS="711" VPOS="152" WIDTH="59" HEIGHT="26" CONTENT="that" WC="0.68" CC="4700"/>
						<SP ID="P79_SP00010" HPOS="770" VPOS="179" WIDTH="21"/>
						<String ID="P79_ST00013" HPOS="791" VPOS="152" WIDTH="53" HEIGHT="32" CONTENT="his." WC="0.58" CC="4037"/>
						<SP ID="P79_SP00011" HPOS="844" VPOS="184" WIDTH="13"/>
						<String ID="P79_ST00014" HPOS="857" VPOS="152" WIDTH="74" HEIGHT="26" CONTENT="little" WC="0.46" CC="407775"/>
					</TextLine>
					<TextLine ID="P79_TL00004" HPOS="73" VPOS="196" WIDTH="856" HEIGHT="35">
						<String ID="P79_ST00015" HPOS="73" VPOS="196" WIDTH="128" HEIGHT="26" CONTENT="mother's" WC="0.58" CC="80570505"/>
						<SP ID="P79_SP00012" HPOS="201" VPOS="222" WIDTH="16"/>
						<String ID="P79_ST00016" HPOS="217" VPOS="196" WIDTH="110" HEIGHT="35" CONTENT="bearing" WC="0.63" CC="1055570"/>
						<SP ID="P79_SP00013" HPOS="327" VPOS="231" WIDTH="13"/>
						<String ID="P79_ST00017" HPOS="340" VPOS="196" WIDTH="54" HEIGHT="26" CONTENT="and" WC="0.51" CC="176"/>
						<SP ID="P79_SP00014" HPOS="394" VPOS="231" WIDTH="14"/>
						<String ID="P79_ST00018" HPOS="408" VPOS="197" WIDTH="133" HEIGHT="34" CONTENT="language" WC="0.71" CC="50730600"/>
						<SP ID="P79_SP00015" HPOS="541" VPOS="231" WIDTH="12"/>
						<String ID="P79_ST00019" HPOS="553" VPOS="197" WIDTH="91" HEIGHT="26" CONTENT="would" WC="0.71" CC="20307"/>
						<SP ID="P79_SP00016" HPOS="644" VPOS="231" WIDTH="13"/>
						<String ID="P79_ST00020" HPOS="657" VPOS="196" WIDTH="153" HEIGHT="35" CONTENT="insensibly" WC="0.61" CC="0650730706"/>
						<SP ID="P79_SP00017" HPOS="810" VPOS="231" WIDTH="18"/>
						<String ID="P79_ST00021" HPOS="828" VPOS="196" WIDTH="101" HEIGHT="34" CONTENT="change" WC="0.76" CC="042700"/>
					</TextLine>
					<TextLine ID="P79_TL00005" HPOS="73" VPOS="234" WIDTH="859" HEIGHT="41">
						<String ID="P79_ST00022" HPOS="73" VPOS="240" WIDTH="29" HEIGHT="25" CONTENT="in" WC="0.98" CC="00"/>
						<SP ID="P79_SP00018" HPOS="102" VPOS="265" WIDTH="15"/>
						<String ID="P79_ST00023" HPOS="117" VPOS="240" WIDTH="48" HEIGHT="26" CONTENT="the" WC="0.72" CC="080"/>
						<SP ID="P79_SP00019" HPOS="165" VPOS="266" WIDTH="13"/>
						<String ID="P79_ST00024" HPOS="178" VPOS="249" WIDTH="128" HEIGHT="26" CONTENT="presence" WC="0.74" CC="76000700"/>
						<SP ID="P79_SP00020" HPOS="306" VPOS="275" WIDTH="15"/>
						<String ID="P79_ST00025" HPOS="321" VPOS="241" WIDTH="29" HEIGHT="26" CONTENT="of" WC="0.92" CC="01"/>
						<SP ID="P79_SP00021" HPOS="350" VPOS="275" WIDTH="11"/>
						<String ID="P79_ST00026" HPOS="361" VPOS="241" WIDTH="55" HEIGHT="26" CONTENT="this" WC="0.75" CC="0504"/>
						<SP ID="P79_SP00022" HPOS="416" VPOS="275" WIDTH="14"/>
						<String ID="P79_ST00027" HPOS="430" VPOS="241" WIDTH="156" HEIGHT="26" CONTENT="influential" WC="0.56" CC="08663285005"/>
						<SP ID="P79_SP00023" HPOS="586" VPOS="275" WIDTH="12"/>
						<String ID="P79_ST00028" HPOS="598" VPOS="241" WIDTH="92" HEIGHT="26" CONTENT="leader" WC="0.81" CC="004006"/>
						<SP ID="P79_SP00024" HPOS="690" VPOS="275" WIDTH="14"/>
						<String ID="P79_ST00029" HPOS="704" VPOS="242" WIDTH="30" HEIGHT="25" CONTENT="of" WC="0.94" CC="10"/>
						<SP ID="P79_SP00025" HPOS="734" VPOS="275" WIDTH="14"/>
						<String ID="P79_ST00030" HPOS="748" VPOS="240" WIDTH="117" HEIGHT="35" CONTENT="thought" WC="0.52" CC="4706751"/>
						<SP ID="P79_SP00026" HPOS="865" VPOS="275" WIDTH="13"/>
						<String ID="P79_ST00031" HPOS="878" VPOS="234" WIDTH="54" HEIGHT="31" CONTENT="and" WC="0.32" CC="468"/>
					</TextLine>
					<TextLine ID="P79_TL00006" HPOS="73" VPOS="284" WIDTH="859" HEIGHT="36">
						<String ID="P79_ST00032" HPOS="73" VPOS="285" WIDTH="77" HEIGHT="34" CONTENT="giver" WC="0.80" CC="04104"/>
						<SP ID="P79_SP00027" HPOS="150" VPOS="319" WIDTH="18"/>
						<String ID="P79_ST00033" HPOS="168" VPOS="285" WIDTH="30" HEIGHT="25" CONTENT="of" WC="1.00" CC="00"/>
						<SP ID="P79_SP00028" HPOS="198" VPOS="319" WIDTH="26"/>
						<String ID="P79_ST00034" HPOS="224" VPOS="288" WIDTH="64" HEIGHT="23" CONTENT="tone" WC="0.76" CC="0180"/>
						<SP ID="P79_SP00029" HPOS="288" VPOS="319" WIDTH="20"/>
						<String ID="P79_ST00035" HPOS="308" VPOS="288" WIDTH="29" HEIGHT="23" CONTENT="to" WC="1.00" CC="00"/>
						<SP ID="P79_SP00030" HPOS="337" VPOS="319" WIDTH="19"/>
						<String ID="P79_ST00036" HPOS="356" VPOS="285" WIDTH="48" HEIGHT="26" CONTENT="the" WC="0.82" CC="050"/>
						<SP ID="P79_SP00031" HPOS="404" VPOS="319" WIDTH="20"/>
						<String ID="P79_ST00037" HPOS="424" VPOS="288" WIDTH="48" HEIGHT="29" CONTENT="set," WC="0.66" CC="3054"/>
						<SP ID="P79_SP00032" HPOS="472" VPOS="319" WIDTH="14"/>
						<String ID="P79_ST00038" HPOS="486" VPOS="294" WIDTH="29" HEIGHT="18" CONTENT="or" WC="0.91" CC="10"/>
						<SP ID="P79_SP00033" HPOS="515" VPOS="319" WIDTH="23"/>
						<String ID="P79_ST00039" HPOS="538" VPOS="286" WIDTH="64" HEIGHT="30" CONTENT="side," WC="0.70" CC="42402"/>
						<SP ID="P79_SP00034" HPOS="602" VPOS="319" WIDTH="24"/>
						<String ID="P79_ST00040" HPOS="626" VPOS="295" WIDTH="30" HEIGHT="17" CONTENT="or" WC="0.66" CC="06"/>
						<SP ID="P79_SP00035" HPOS="656" VPOS="319" WIDTH="20"/>
						<String ID="P79_ST00041" HPOS="676" VPOS="288" WIDTH="87" HEIGHT="32" CONTENT="party," WC="0.39" CC="657447"/>
						<SP ID="P79_SP00036" HPOS="763" VPOS="320" WIDTH="24"/>
						<String ID="P79_ST00042" HPOS="787" VPOS="293" WIDTH="30" HEIGHT="17" CONTENT="or" WC="0.37" CC="66"/>
						<SP ID="P79_SP00037" HPOS="817" VPOS="320" WIDTH="23"/>
						<String ID="P79_ST00043" HPOS="840" VPOS="284" WIDTH="92" HEIGHT="26" CONTENT="school" WC="0.65" CC="506215"/>
					</TextLine>
					<TextLine ID="P79_TL00007" HPOS="74" VPOS="329" WIDTH="858" HEIGHT="34">
						<String ID="P79_ST00044" HPOS="74" VPOS="337" WIDTH="99" HEIGHT="26" CONTENT="among" WC="0.70" CC="07070"/>
						<SP ID="P79_SP00038" HPOS="173" VPOS="363" WIDTH="10"/>
						<String ID="P79_ST00045" HPOS="183" VPOS="329" WIDTH="91" HEIGHT="26" CONTENT="which" WC="0.56" CC="87105"/>
						<SP ID="P79_SP00039" HPOS="274" VPOS="363" WIDTH="13"/>
						<String ID="P79_ST00046" HPOS="287" VPOS="330" WIDTH="43" HEIGHT="25" CONTENT="his" WC="0.70" CC="710"/>
						<SP ID="P79_SP00040" HPOS="330" VPOS="363" WIDTH="13"/>
						<String ID="P79_ST00047" HPOS="343" VPOS="330" WIDTH="107" HEIGHT="26" CONTENT="mother" WC="0.71" CC="105702"/>
						<SP ID="P79_SP00041" HPOS="450" VPOS="363" WIDTH="14"/>
						<String ID="P79_ST00048" HPOS="464" VPOS="330" WIDTH="54" HEIGHT="26" CONTENT="and" WC="0.50" CC="274"/>
						<SP ID="P79_SP00042" HPOS="518" VPOS="363" WIDTH="13"/>
						<String ID="P79_ST00049" HPOS="531" VPOS="330" WIDTH="48" HEIGHT="26" CONTENT="her" WC="0.75" CC="700"/>
						<SP ID="P79_SP00043" HPOS="579" VPOS="363" WIDTH="13"/>
						<String ID="P79_ST00050" HPOS="592" VPOS="330" WIDTH="55" HEIGHT="26" CONTENT="late" WC="0.80" CC="2050"/>
						<SP ID="P79_SP00044" HPOS="647" VPOS="363" WIDTH="16"/>
						<String ID="P79_ST00051" HPOS="663" VPOS="330" WIDTH="126" HEIGHT="26" CONTENT="husband" WC="0.46" CC="6420687"/>
						<SP ID="P79_SP00045" HPOS="789" VPOS="363" WIDTH="13"/>
						<String ID="P79_ST00052" HPOS="802" VPOS="329" WIDTH="55" HEIGHT="25" CONTENT="had" WC="0.64" CC="117"/>
						<SP ID="P79_SP00046" HPOS="857" VPOS="363" WIDTH="12"/>
						<String ID="P79_ST00053" HPOS="869" VPOS="336" WIDTH="63" HEIGHT="27" CONTENT="pro" SUBS_TYPE="HypPart1" SUBS_CONTENT="professed" WC="0.58" CC="8800"/>
						<HYP CONTENT="-"/>
					</TextLine>
					<TextLine ID="P79_TL00008" HPOS="75" VPOS="373" WIDTH="417" HEIGHT="34">
						<String ID="P79_ST00054" HPOS="75" VPOS="373" WIDTH="91" HEIGHT="26" CONTENT="fessed" SUBS_TYPE="HypPart2" SUBS_CONTENT="professed" WC="0.82" CC="003007"/>
						<SP ID="P79_SP00047" HPOS="166" VPOS="399" WIDTH="14"/>
						<String ID="P79_ST00055" HPOS="180" VPOS="376" WIDTH="28" HEIGHT="23" CONTENT="to" WC="1.00" CC="00"/>
						<SP ID="P79_SP00048" HPOS="208" VPOS="399" WIDTH="14"/>
						<String ID="P79_ST00056" HPOS="222" VPOS="382" WIDTH="83" HEIGHT="25" CONTENT="range" WC="0.57" CC="62840"/>
						<SP ID="P79_SP00049" HPOS="305" VPOS="407" WIDTH="14"/>
						<String ID="P79_ST00057" HPOS="319" VPOS="374" WIDTH="173" HEIGHT="26" CONTENT="themselves." WC="0.73" CC="07008026040"/>
					</TextLine>
				</TextBlock>
				<TextBlock ID="P79_TB00004" HPOS="75" VPOS="417" WIDTH="862" HEIGHT="423" STYLEREFS="TXT_1 PAR_LEFT">
					<TextLine ID="P79_TL00009" HPOS="112" VPOS="418" WIDTH="821" HEIGHT="35">
						<String ID="P79_ST00058" HPOS="112" VPOS="418" WIDTH="69" HEIGHT="26" CONTENT="Mrs." WC="0.81" CC="0510"/>
						<SP ID="P79_SP00050" HPOS="181" VPOS="444" WIDTH="16"/>
						<String ID="P79_ST00059" HPOS="197" VPOS="418" WIDTH="133" HEIGHT="34" CONTENT="Seymour" WC="0.74" CC="4030081"/>
						<SP ID="P79_SP00051" HPOS="330" VPOS="452" WIDTH="19"/>
						<String ID="P79_ST00060" HPOS="349" VPOS="419" WIDTH="133" HEIGHT="34" CONTENT="sincerely" WC="0.64" CC="506104076"/>
						<SP ID="P79_SP00052" HPOS="482" VPOS="453" WIDTH="14"/>
						<String ID="P79_ST00061" HPOS="496" VPOS="419" WIDTH="123" HEIGHT="26" CONTENT="believed" WC="0.83" CC="50500002"/>
						<SP ID="P79_SP00053" HPOS="619" VPOS="453" WIDTH="14"/>
						<String ID="P79_ST00062" HPOS="633" VPOS="419" WIDTH="61" HEIGHT="26" CONTENT="that" WC="0.68" CC="0606"/>
						<SP ID="P79_SP00054" HPOS="694" VPOS="453" WIDTH="10"/>
						<String ID="P79_ST00063" HPOS="704" VPOS="419" WIDTH="49" HEIGHT="26" CONTENT="her" WC="0.57" CC="704"/>
						<SP ID="P79_SP00055" HPOS="753" VPOS="453" WIDTH="13"/>
						<String ID="P79_ST00064" HPOS="766" VPOS="421" WIDTH="81" HEIGHT="31" CONTENT="party" WC="0.53" CC="70861"/>
						<SP ID="P79_SP00056" HPOS="847" VPOS="453" WIDTH="13"/>
						<String ID="P79_ST00065" HPOS="860" VPOS="426" WIDTH="73" HEIGHT="18" CONTENT="were" WC="0.51" CC="5058"/>
					</TextLine>
					<TextLine ID="P79_TL00010" HPOS="76" VPOS="462" WIDTH="856" HEIGHT="35">
						<String ID="P79_ST00066" HPOS="76" VPOS="464" WIDTH="13" HEIGHT="10" CONTENT='"' WC="0.59" CC="4"/>
						<SP ID="P79_SP00057" HPOS="89" VPOS="474" WIDTH="11"/>
						<String ID="P79_ST00067" HPOS="100" VPOS="463" WIDTH="128" HEIGHT="34" CONTENT="stepping" WC="0.52" CC="33077483"/>
						<SP ID="P79_SP00058" HPOS="228" VPOS="497" WIDTH="19"/>
						<String ID="P79_ST00068" HPOS="247" VPOS="463" WIDTH="182" HEIGHT="26" CONTENT="heavenward" WC="0.68" CC="3050071085"/>
						<SP ID="P79_SP00059" HPOS="429" VPOS="497" WIDTH="11"/>
						<String ID="P79_ST00069" HPOS="440" VPOS="463" WIDTH="12" HEIGHT="11" CONTENT='"' WC="1.00" CC="0"/>
						<SP ID="P79_SP00060" HPOS="452" VPOS="497" WIDTH="14"/>
						<String ID="P79_ST00070" HPOS="466" VPOS="463" WIDTH="68" HEIGHT="26" CONTENT="with" WC="0.56" CC="4354"/>
						<SP ID="P79_SP00061" HPOS="534" VPOS="497" WIDTH="21"/>
						<String ID="P79_ST00071" HPOS="555" VPOS="463" WIDTH="91" HEIGHT="26" CONTENT="rather" WC="0.62" CC="415802"/>
						<SP ID="P79_SP00062" HPOS="646" VPOS="497" WIDTH="21"/>
						<String ID="P79_ST00072" HPOS="667" VPOS="472" WIDTH="73" HEIGHT="17" CONTENT="more" WC="0.97" CC="0000"/>
						<SP ID="P79_SP00063" HPOS="740" VPOS="497" WIDTH="22"/>
						<String ID="P79_ST00073" HPOS="762" VPOS="463" WIDTH="81" HEIGHT="33" CONTENT="speed" WC="0.69" CC="15008"/>
						<SP ID="P79_SP00064" HPOS="843" VPOS="497" WIDTH="20"/>
						<String ID="P79_ST00074" HPOS="863" VPOS="462" WIDTH="69" HEIGHT="26" CONTENT="than" WC="0.48" CC="5347"/>
					</TextLine>
					<TextLine ID="P79_TL00011" HPOS="76" VPOS="506" WIDTH="856" HEIGHT="36">
						<String ID="P79_ST00075" HPOS="76" VPOS="515" WIDTH="55" HEIGHT="25" CONTENT="any" WC="0.43" CC="573"/>
						<SP ID="P79_SP00065" HPOS="131" VPOS="540" WIDTH="14"/>
						<String ID="P79_ST00076" HPOS="145" VPOS="506" WIDTH="77" HEIGHT="27" CONTENT="other" WC="0.66" CC="43701"/>
						<SP ID="P79_SP00066" HPOS="222" VPOS="540" WIDTH="13"/>
						<String ID="P79_ST00077" HPOS="235" VPOS="509" WIDTH="81" HEIGHT="31" CONTENT="party" WC="0.37" CC="66656"/>
						<SP ID="P79_SP00067" HPOS="316" VPOS="540" WIDTH="19"/>
						<String ID="P79_ST00078" HPOS="335" VPOS="507" WIDTH="133" HEIGHT="34" CONTENT="similarly" WC="0.64" CC="140006676"/>
						<SP ID="P79_SP00068" HPOS="468" VPOS="541" WIDTH="14"/>
						<String ID="P79_ST00079" HPOS="482" VPOS="507" WIDTH="127" HEIGHT="35" CONTENT="engaged." WC="0.63" CC="06607080"/>
						<SP ID="P79_SP00069" HPOS="609" VPOS="542" WIDTH="40"/>
						<String ID="P79_ST00080" HPOS="649" VPOS="507" WIDTH="53" HEIGHT="26" CONTENT="She" WC="0.77" CC="150"/>
						<SP ID="P79_SP00070" HPOS="702" VPOS="542" WIDTH="14"/>
						<String ID="P79_ST00081" HPOS="716" VPOS="516" WIDTH="55" HEIGHT="17" CONTENT="was" WC="0.37" CC="737"/>
						<SP ID="P79_SP00071" HPOS="771" VPOS="542" WIDTH="17"/>
						<String ID="P79_ST00082" HPOS="788" VPOS="509" WIDTH="47" HEIGHT="23" CONTENT="not" WC="0.58" CC="704"/>
						<SP ID="P79_SP00072" HPOS="835" VPOS="542" WIDTH="14"/>
						<String ID="P79_ST00083" HPOS="849" VPOS="509" WIDTH="28" HEIGHT="23" CONTENT="to" WC="0.96" CC="00"/>
						<SP ID="P79_SP00073" HPOS="877" VPOS="542" WIDTH="20"/>
						<String ID="P79_ST00084" HPOS="897" VPOS="506" WIDTH="35" HEIGHT="26" CONTENT="be" WC="0.20" CC="87"/>
					</TextLine>
					<TextLine ID="P79_TL00012" HPOS="75" VPOS="550" WIDTH="855" HEIGHT="35">
						<String ID="P79_ST00085" HPOS="75" VPOS="550" WIDTH="116" HEIGHT="32" CONTENT="blamed," WC="0.55" CC="8456060"/>
						<SP ID="P79_SP00074" HPOS="191" VPOS="582" WIDTH="15"/>
						<String ID="P79_ST00086" HPOS="206" VPOS="560" WIDTH="29" HEIGHT="17" CONTENT="or" WC="0.90" CC="02"/>
						<SP ID="P79_SP00075" HPOS="235" VPOS="582" WIDTH="14"/>
						<String ID="P79_ST00087" HPOS="249" VPOS="551" WIDTH="86" HEIGHT="26" CONTENT="called" WC="0.55" CC="057607"/>
						<SP ID="P79_SP00076" HPOS="335" VPOS="582" WIDTH="14"/>
						<String ID="P79_ST00088" HPOS="349" VPOS="560" WIDTH="15" HEIGHT="17" CONTENT="a" WC="0.20" CC="7"/>
						<SP ID="P79_SP00077" HPOS="364" VPOS="582" WIDTH="13"/>
						<String ID="P79_ST00089" HPOS="377" VPOS="551" WIDTH="149" HEIGHT="34" CONTENT="hypocrite," WC="0.57" CC="7675433300"/>
						<SP ID="P79_SP00078" HPOS="526" VPOS="585" WIDTH="20"/>
						<String ID="P79_ST00090" HPOS="546" VPOS="551" WIDTH="114" HEIGHT="27" CONTENT="because" WC="0.77" CC="8003120"/>
						<SP ID="P79_SP00079" HPOS="660" VPOS="585" WIDTH="15"/>
						<String ID="P79_ST00091" HPOS="675" VPOS="551" WIDTH="48" HEIGHT="26" CONTENT="she" WC="0.84" CC="040"/>
						<SP ID="P79_SP00080" HPOS="723" VPOS="585" WIDTH="22"/>
						<String ID="P79_ST00092" HPOS="745" VPOS="551" WIDTH="49" HEIGHT="26" CONTENT="felt" WC="0.88" CC="0004"/>
						<SP ID="P79_SP00081" HPOS="794" VPOS="585" WIDTH="21"/>
						<String ID="P79_ST00093" HPOS="815" VPOS="551" WIDTH="47" HEIGHT="25" CONTENT="the" WC="0.91" CC="020"/>
						<SP ID="P79_SP00082" HPOS="862" VPOS="585" WIDTH="22"/>
						<String ID="P79_ST00094" HPOS="884" VPOS="550" WIDTH="46" HEIGHT="26" CONTENT="ad" SUBS_TYPE="HypPart1" SUBS_CONTENT="advantage" WC="0.73" CC="213"/>
						<HYP CONTENT="-"/>
					</TextLine>
					<TextLine ID="P79_TL00013" HPOS="77" VPOS="594" WIDTH="860" HEIGHT="36">
						<String ID="P79_ST00095" HPOS="77" VPOS="597" WIDTH="116" HEIGHT="32" CONTENT="vantage" SUBS_TYPE="HypPart2" SUBS_CONTENT="advantage" WC="0.71" CC="0473300"/>
						<SP ID="P79_SP00083" HPOS="193" VPOS="629" WIDTH="14"/>
						<String ID="P79_ST00096" HPOS="207" VPOS="595" WIDTH="30" HEIGHT="26" CONTENT="of" WC="0.48" CC="45"/>
						<SP ID="P79_SP00084" HPOS="237" VPOS="629" WIDTH="9"/>
						<String ID="P79_ST00097" HPOS="246" VPOS="595" WIDTH="142" HEIGHT="35" CONTENT="marching" WC="0.67" CC="33107081"/>
						<SP ID="P79_SP00085" HPOS="388" VPOS="630" WIDTH="12"/>
						<String ID="P79_ST00098" HPOS="400" VPOS="595" WIDTH="30" HEIGHT="26" CONTENT="in" WC="0.33" CC="57"/>
						<SP ID="P79_SP00086" HPOS="430" VPOS="630" WIDTH="13"/>
						<String ID="P79_ST00099" HPOS="443" VPOS="595" WIDTH="67" HEIGHT="26" CONTENT="such" WC="0.64" CC="0607"/>
						<SP ID="P79_SP00087" HPOS="510" VPOS="630" WIDTH="23"/>
						<String ID="P79_ST00100" HPOS="533" VPOS="595" WIDTH="70" HEIGHT="35" CONTENT="good" WC="0.76" CC="0107"/>
						<SP ID="P79_SP00088" HPOS="603" VPOS="630" WIDTH="22"/>
						<String ID="P79_ST00101" HPOS="625" VPOS="604" WIDTH="136" HEIGHT="25" CONTENT="company" WC="0.72" CC="0007083"/>
						<SP ID="P79_SP00089" HPOS="761" VPOS="630" WIDTH="18"/>
						<String ID="P79_ST00102" HPOS="779" VPOS="603" WIDTH="29" HEIGHT="18" CONTENT="as" WC="0.67" CC="06"/>
						<SP ID="P79_SP00090" HPOS="808" VPOS="630" WIDTH="22"/>
						<String ID="P79_ST00103" HPOS="830" VPOS="594" WIDTH="61" HEIGHT="26" CONTENT="that" WC="0.67" CC="5106"/>
						<SP ID="P79_SP00091" HPOS="891" VPOS="630" WIDTH="14"/>
						<String ID="P79_ST00104" HPOS="905" VPOS="594" WIDTH="32" HEIGHT="26" CONTENT="of" WC="0.88" CC="20"/>
					</TextLine>
					<TextLine ID="P79_TL00014" HPOS="76" VPOS="638" WIDTH="856" HEIGHT="34">
						<String ID="P79_ST00105" HPOS="76" VPOS="638" WIDTH="47" HEIGHT="26" CONTENT="the" WC="0.80" CC="050"/>
						<SP ID="P79_SP00092" HPOS="123" VPOS="664" WIDTH="15"/>
						<String ID="P79_ST00106" HPOS="138" VPOS="639" WIDTH="124" HEIGHT="26" CONTENT="Duchess" WC="0.71" CC="7701030"/>
						<SP ID="P79_SP00093" HPOS="262" VPOS="665" WIDTH="21"/>
						<String ID="P79_ST00107" HPOS="283" VPOS="639" WIDTH="28" HEIGHT="26" CONTENT="of" WC="0.83" CC="03"/>
						<SP ID="P79_SP00094" HPOS="311" VPOS="665" WIDTH="21"/>
						<String ID="P79_ST00108" HPOS="332" VPOS="639" WIDTH="26" HEIGHT="26" CONTENT="D" WC="0.17" CC="8"/>
						<SP ID="P79_SP00095" HPOS="358" VPOS="665" WIDTH="90"/>
						<String ID="P79_ST00109" HPOS="448" VPOS="640" WIDTH="54" HEIGHT="25" CONTENT="and" WC="0.47" CC="077"/>
						<SP ID="P79_SP00096" HPOS="502" VPOS="665" WIDTH="24"/>
						<String ID="P79_ST00110" HPOS="526" VPOS="640" WIDTH="133" HEIGHT="26" CONTENT="Countess" WC="0.70" CC="30346012"/>
						<SP ID="P79_SP00097" HPOS="659" VPOS="666" WIDTH="23"/>
						<String ID="P79_ST00111" HPOS="682" VPOS="640" WIDTH="29" HEIGHT="25" CONTENT="of" WC="1.00" CC="00"/>
						<SP ID="P79_SP00098" HPOS="711" VPOS="666" WIDTH="22"/>
						<String ID="P79_ST00112" HPOS="733" VPOS="639" WIDTH="20" HEIGHT="26" CONTENT="C" WC="0.46" CC="5"/>
						<SP ID="P79_SP00099" HPOS="753" VPOS="666" WIDTH="77"/>
						<String ID="P79_ST00113" HPOS="830" VPOS="661" WIDTH="5" HEIGHT="9" CONTENT="," WC="1.00" CC="0"/>
						<SP ID="P79_SP00100" HPOS="835" VPOS="670" WIDTH="21"/>
						<String ID="P79_ST00114" HPOS="856" VPOS="638" WIDTH="76" HEIGHT="34" CONTENT="Lady" WC="0.44" CC="4674"/>
					</TextLine>
					<TextLine ID="P79_TL00015" HPOS="77" VPOS="682" WIDTH="856" HEIGHT="35">
						<String ID="P79_ST00115" HPOS="77" VPOS="682" WIDTH="32" HEIGHT="27" CONTENT="M" WC="0.63" CC="3"/>
						<SP ID="P79_SP00101" HPOS="109" VPOS="709" WIDTH="88"/>
						<String ID="P79_ST00116" HPOS="197" VPOS="683" WIDTH="53" HEIGHT="25" CONTENT="and" WC="0.53" CC="076"/>
						<SP ID="P79_SP00102" HPOS="250" VPOS="709" WIDTH="22"/>
						<String ID="P79_ST00117" HPOS="272" VPOS="692" WIDTH="47" HEIGHT="25" CONTENT="my" WC="0.93" CC="01"/>
						<SP ID="P79_SP00103" HPOS="319" VPOS="717" WIDTH="15"/>
						<String ID="P79_ST00118" HPOS="334" VPOS="684" WIDTH="70" HEIGHT="25" CONTENT="Lord" WC="0.70" CC="5050"/>
						<SP ID="P79_SP00104" HPOS="404" VPOS="717" WIDTH="22"/>
						<String ID="P79_ST00119" HPOS="426" VPOS="684" WIDTH="34" HEIGHT="25" CONTENT="H." WC="0.60" CC="70"/>
						<SP ID="P79_SP00105" HPOS="460" VPOS="717" WIDTH="78"/>
						<String ID="P79_ST00120" HPOS="538" VPOS="706" WIDTH="5" HEIGHT="11" CONTENT="," WC="0.91" CC="0"/>
						<SP ID="P79_SP00106" HPOS="543" VPOS="717" WIDTH="15"/>
						<String ID="P79_ST00121" HPOS="558" VPOS="684" WIDTH="54" HEIGHT="25" CONTENT="and" WC="0.29" CC="776"/>
						<SP ID="P79_SP00107" HPOS="612" VPOS="717" WIDTH="20"/>
						<String ID="P79_ST00122" HPOS="632" VPOS="692" WIDTH="56" HEIGHT="17" CONTENT="was" WC="0.54" CC="741"/>
						<SP ID="P79_SP00108" HPOS="688" VPOS="717" WIDTH="22"/>
						<String ID="P79_ST00123" HPOS="710" VPOS="683" WIDTH="86" HEIGHT="34" CONTENT="proud" WC="0.45" CC="83176"/>
						<SP ID="P79_SP00109" HPOS="796" VPOS="717" WIDTH="23"/>
						<String ID="P79_ST00124" HPOS="819" VPOS="685" WIDTH="28" HEIGHT="23" CONTENT="to" WC="1.00" CC="00"/>
						<SP ID="P79_SP00110" HPOS="847" VPOS="717" WIDTH="25"/>
						<String ID="P79_ST00125" HPOS="872" VPOS="691" WIDTH="61" HEIGHT="17" CONTENT="own" WC="0.57" CC="056"/>
					</TextLine>
					<TextLine ID="P79_TL00016" HPOS="76" VPOS="726" WIDTH="857" HEIGHT="35">
						<String ID="P79_ST00126" HPOS="76" VPOS="735" WIDTH="29" HEIGHT="17" CONTENT="as" WC="0.46" CC="46"/>
						<SP ID="P79_SP00111" HPOS="105" VPOS="752" WIDTH="21"/>
						<String ID="P79_ST00127" HPOS="126" VPOS="735" WIDTH="14" HEIGHT="17" CONTENT="a" WC="0.69" CC="3"/>
						<SP ID="P79_SP00112" HPOS="140" VPOS="752" WIDTH="21"/>
						<String ID="P79_ST00128" HPOS="161" VPOS="727" WIDTH="64" HEIGHT="25" CONTENT="dear" WC="0.68" CC="8004"/>
						<SP ID="P79_SP00113" HPOS="225" VPOS="752" WIDTH="20"/>
						<String ID="P79_ST00129" HPOS="245" VPOS="727" WIDTH="126" HEIGHT="34" CONTENT="personal" WC="0.78" CC="60000730"/>
						<SP ID="P79_SP00114" HPOS="371" VPOS="761" WIDTH="17"/>
						<String ID="P79_ST00130" HPOS="388" VPOS="728" WIDTH="89" HEIGHT="25" CONTENT="friend" WC="0.64" CC="030087"/>
						<SP ID="P79_SP00115" HPOS="477" VPOS="761" WIDTH="15"/>
						<String ID="P79_ST00131" HPOS="492" VPOS="736" WIDTH="50" HEIGHT="18" CONTENT="one" WC="0.81" CC="050"/>
						<SP ID="P79_SP00116" HPOS="542" VPOS="761" WIDTH="20"/>
						<String ID="P79_ST00132" HPOS="562" VPOS="728" WIDTH="91" HEIGHT="26" CONTENT="whom" WC="0.52" CC="7334"/>
						<SP ID="P79_SP00117" HPOS="653" VPOS="761" WIDTH="13"/>
						<String ID="P79_ST00133" HPOS="666" VPOS="728" WIDTH="85" HEIGHT="25" CONTENT="ladies" WC="0.66" CC="057006"/>
						<SP ID="P79_SP00118" HPOS="751" VPOS="761" WIDTH="14"/>
						<String ID="P79_ST00134" HPOS="765" VPOS="726" WIDTH="30" HEIGHT="26" CONTENT="of" WC="0.79" CC="04"/>
						<SP ID="P79_SP00119" HPOS="795" VPOS="761" WIDTH="18"/>
						<String ID="P79_ST00135" HPOS="813" VPOS="726" WIDTH="69" HEIGHT="26" CONTENT="rank" WC="0.58" CC="7080"/>
						<SP ID="P79_SP00120" HPOS="882" VPOS="761" WIDTH="21"/>
						<String ID="P79_ST00136" HPOS="903" VPOS="734" WIDTH="30" HEIGHT="17" CONTENT="so" WC="0.96" CC="00"/>
					</TextLine>
					<TextLine ID="P79_TL00017" HPOS="75" VPOS="770" WIDTH="857" HEIGHT="36">
						<String ID="P79_ST00137" HPOS="75" VPOS="770" WIDTH="96" HEIGHT="26" CONTENT="bowed" WC="0.54" CC="80805"/>
						<SP ID="P79_SP00121" HPOS="171" VPOS="796" WIDTH="15"/>
						<String ID="P79_ST00138" HPOS="186" VPOS="771" WIDTH="80" HEIGHT="25" CONTENT="down" WC="0.17" CC="7788"/>
						<SP ID="P79_SP00122" HPOS="266" VPOS="796" WIDTH="14"/>
						<String ID="P79_ST00139" HPOS="280" VPOS="773" WIDTH="27" HEIGHT="24" CONTENT="to" WC="0.51" CC="36"/>
						<SP ID="P79_SP00123" HPOS="307" VPOS="797" WIDTH="15"/>
						<String ID="P79_ST00140" HPOS="322" VPOS="771" WIDTH="54" HEIGHT="26" CONTENT="and" WC="0.57" CC="605"/>
						<SP ID="P79_SP00124" HPOS="376" VPOS="797" WIDTH="13"/>
						<String ID="P79_ST00141" HPOS="389" VPOS="772" WIDTH="98" HEIGHT="26" CONTENT="adored" WC="0.76" CC="072004"/>
						<SP ID="P79_SP00125" HPOS="487" VPOS="798" WIDTH="15"/>
						<String ID="P79_ST00142" HPOS="502" VPOS="780" WIDTH="29" HEIGHT="18" CONTENT="as" WC="0.67" CC="14"/>
						<SP ID="P79_SP00126" HPOS="531" VPOS="798" WIDTH="17"/>
						<String ID="P79_ST00143" HPOS="548" VPOS="772" WIDTH="68" HEIGHT="34" CONTENT="they" WC="0.51" CC="3708"/>
						<SP ID="P79_SP00127" HPOS="616" VPOS="806" WIDTH="10"/>
						<String ID="P79_ST00144" HPOS="626" VPOS="772" WIDTH="48" HEIGHT="25" CONTENT="did" WC="0.83" CC="004"/>
						<SP ID="P79_SP00128" HPOS="674" VPOS="806" WIDTH="11"/>
						<String ID="P79_ST00145" HPOS="685" VPOS="772" WIDTH="89" HEIGHT="33" CONTENT="Major" WC="0.62" CC="02681"/>
						<SP ID="P79_SP00129" HPOS="774" VPOS="806" WIDTH="8"/>
						<String ID="P79_ST00146" HPOS="782" VPOS="770" WIDTH="150" HEIGHT="34" CONTENT="Montague" WC="0.68" CC="00852530"/>
					</TextLine>
					<TextLine ID="P79_TL00018" HPOS="77" VPOS="814" WIDTH="248" HEIGHT="26">
						<String ID="P79_ST00147" HPOS="77" VPOS="814" WIDTH="109" HEIGHT="26" CONTENT="Samuel" WC="0.44" CC="877117"/>
						<SP ID="P79_SP00130" HPOS="186" VPOS="840" WIDTH="15"/>
						<String ID="P79_ST00148" HPOS="201" VPOS="815" WIDTH="124" HEIGHT="25" CONTENT="Severne." WC="0.38" CC="87788800"/>
					</TextLine>
				</TextBlock>
				<TextBlock ID="P79_TB00005" HPOS="74" VPOS="858" WIDTH="859" HEIGHT="210" STYLEREFS="TXT_1 PAR_LEFT">
					<TextLine ID="P79_TL00019" HPOS="113" VPOS="859" WIDTH="818" HEIGHT="35">
						<String ID="P79_ST00149" HPOS="113" VPOS="859" WIDTH="65" HEIGHT="25" CONTENT="Mrs." WC="0.71" CC="0460"/>
						<SP ID="P79_SP00131" HPOS="178" VPOS="884" WIDTH="17"/>
						<String ID="P79_ST00150" HPOS="195" VPOS="859" WIDTH="132" HEIGHT="35" CONTENT="Seymour" WC="0.62" CC="7045008"/>
						<SP ID="P79_SP00132" HPOS="327" VPOS="894" WIDTH="22"/>
						<String ID="P79_ST00151" HPOS="349" VPOS="859" WIDTH="45" HEIGHT="26" CONTENT="did" WC="0.44" CC="708"/>
						<SP ID="P79_SP00133" HPOS="394" VPOS="894" WIDTH="21"/>
						<String ID="P79_ST00152" HPOS="415" VPOS="863" WIDTH="49" HEIGHT="23" CONTENT="not" WC="0.58" CC="623"/>
						<SP ID="P79_SP00134" HPOS="464" VPOS="894" WIDTH="14"/>
						<String ID="P79_ST00153" HPOS="478" VPOS="860" WIDTH="92" HEIGHT="26" CONTENT="inarch" WC="0.36" CC="786807"/>
						<SP ID="P79_SP00135" HPOS="570" VPOS="894" WIDTH="15"/>
						<String ID="P79_ST00154" HPOS="585" VPOS="860" WIDTH="29" HEIGHT="25" CONTENT="in" WC="1.00" CC="00"/>
						<SP ID="P79_SP00136" HPOS="614" VPOS="894" WIDTH="13"/>
						<String ID="P79_ST00155" HPOS="627" VPOS="860" WIDTH="48" HEIGHT="26" CONTENT="the" WC="0.47" CC="455"/>
						<SP ID="P79_SP00137" HPOS="675" VPOS="894" WIDTH="14"/>
						<String ID="P79_ST00156" HPOS="689" VPOS="859" WIDTH="142" HEIGHT="26" CONTENT="fore-front" WC="0.69" CC="0680204080"/>
						<SP ID="P79_SP00138" HPOS="831" VPOS="894" WIDTH="14"/>
						<String ID="P79_ST00157" HPOS="845" VPOS="859" WIDTH="28" HEIGHT="26" CONTENT="of" WC="0.61" CC="16"/>
						<SP ID="P79_SP00139" HPOS="873" VPOS="894" WIDTH="12"/>
						<String ID="P79_ST00158" HPOS="885" VPOS="859" WIDTH="46" HEIGHT="26" CONTENT="the" WC="0.57" CC="660"/>
					</TextLine>
					<TextLine ID="P79_TL00020" HPOS="76" VPOS="903" WIDTH="854" HEIGHT="35">
						<String ID="P79_ST00159" HPOS="76" VPOS="903" WIDTH="140" HEIGHT="35" CONTENT="vanguard" WC="0.43" CC="78707607"/>
						<SP ID="P79_SP00140" HPOS="216" VPOS="938" WIDTH="25"/>
						<String ID="P79_ST00160" HPOS="241" VPOS="903" WIDTH="30" HEIGHT="26" CONTENT="of" WC="0.91" CC="01"/>
						<SP ID="P79_SP00141" HPOS="271" VPOS="938" WIDTH="17"/>
						<String ID="P79_ST00161" HPOS="288" VPOS="904" WIDTH="49" HEIGHT="25" CONTENT="her" WC="0.76" CC="600"/>
						<SP ID="P79_SP00142" HPOS="337" VPOS="938" WIDTH="23"/>
						<String ID="P79_ST00162" HPOS="360" VPOS="906" WIDTH="87" HEIGHT="32" CONTENT="party," WC="0.53" CC="556640"/>
						<SP ID="P79_SP00143" HPOS="447" VPOS="938" WIDTH="13"/>
						<String ID="P79_ST00163" HPOS="460" VPOS="904" WIDTH="51" HEIGHT="26" CONTENT="but" WC="0.36" CC="863"/>
						<SP ID="P79_SP00144" HPOS="511" VPOS="938" WIDTH="23"/>
						<String ID="P79_ST00164" HPOS="534" VPOS="904" WIDTH="30" HEIGHT="25" CONTENT="in" WC="0.54" CC="17"/>
						<SP ID="P79_SP00145" HPOS="564" VPOS="938" WIDTH="19"/>
						<String ID="P79_ST00165" HPOS="583" VPOS="904" WIDTH="48" HEIGHT="26" CONTENT="the" WC="0.62" CC="560"/>
						<SP ID="P79_SP00146" HPOS="631" VPOS="938" WIDTH="13"/>
						<String ID="P79_ST00166" HPOS="644" VPOS="904" WIDTH="153" HEIGHT="33" CONTENT="rearguard." WC="0.66" CC="3024407370"/>
						<SP ID="P79_SP00147" HPOS="797" VPOS="938" WIDTH="40"/>
						<String ID="P79_ST00167" HPOS="837" VPOS="903" WIDTH="93" HEIGHT="31" CONTENT="There," WC="0.84" CC="240002"/>
					</TextLine>
					<TextLine ID="P79_TL00021" HPOS="74" VPOS="947" WIDTH="856" HEIGHT="35">
						<String ID="P79_ST00168" HPOS="74" VPOS="955" WIDTH="76" HEIGHT="23" CONTENT="even," WC="0.78" CC="00064"/>
						<SP ID="P79_SP00148" HPOS="150" VPOS="978" WIDTH="12"/>
						<String ID="P79_ST00169" HPOS="162" VPOS="947" WIDTH="48" HEIGHT="26" CONTENT="she" WC="0.76" CC="070"/>
						<SP ID="P79_SP00149" HPOS="210" VPOS="978" WIDTH="14"/>
						<String ID="P79_ST00170" HPOS="224" VPOS="948" WIDTH="103" HEIGHT="34" CONTENT="paused" WC="0.43" CC="767408"/>
						<SP ID="P79_SP00150" HPOS="327" VPOS="982" WIDTH="9"/>
						<String ID="P79_ST00171" HPOS="336" VPOS="957" WIDTH="15" HEIGHT="16" CONTENT="a" WC="0.52" CC="4"/>
						<SP ID="P79_SP00151" HPOS="351" VPOS="982" WIDTH="9"/>
						<String ID="P79_ST00172" HPOS="360" VPOS="948" WIDTH="74" HEIGHT="26" CONTENT="little" WC="0.66" CC="406305"/>
						<SP ID="P79_SP00152" HPOS="434" VPOS="982" WIDTH="14"/>
						<String ID="P79_ST00173" HPOS="448" VPOS="957" WIDTH="60" HEIGHT="17" CONTENT="now" WC="0.42" CC="735"/>
						<SP ID="P79_SP00153" HPOS="508" VPOS="982" WIDTH="11"/>
						<String ID="P79_ST00174" HPOS="519" VPOS="949" WIDTH="53" HEIGHT="25" CONTENT="and" WC="0.62" CC="064"/>
						<SP ID="P79_SP00154" HPOS="572" VPOS="982" WIDTH="9"/>
						<String ID="P79_ST00175" HPOS="581" VPOS="948" WIDTH="73" HEIGHT="31" CONTENT="then," WC="0.49" CC="67083"/>
						<SP ID="P79_SP00155" HPOS="654" VPOS="982" WIDTH="12"/>
						<String ID="P79_ST00176" HPOS="666" VPOS="948" WIDTH="54" HEIGHT="26" CONTENT="and" WC="0.44" CC="475"/>
						<SP ID="P79_SP00156" HPOS="720" VPOS="982" WIDTH="12"/>
						<String ID="P79_ST00177" HPOS="732" VPOS="948" WIDTH="25" HEIGHT="25" CONTENT="if" WC="0.64" CC="70"/>
						<SP ID="P79_SP00157" HPOS="757" VPOS="982" WIDTH="12"/>
						<String ID="P79_ST00178" HPOS="769" VPOS="948" WIDTH="45" HEIGHT="25" CONTENT="the" WC="0.61" CC="380"/>
						<SP ID="P79_SP00158" HPOS="814" VPOS="982" WIDTH="10"/>
						<String ID="P79_ST00179" HPOS="824" VPOS="947" WIDTH="106" HEIGHT="26" CONTENT="leaders" WC="0.82" CC="0006015"/>
					</TextLine>
					<TextLine ID="P79_TL00022" HPOS="75" VPOS="991" WIDTH="858" HEIGHT="35">
						<String ID="P79_ST00180" HPOS="75" VPOS="1000" WIDTH="71" HEIGHT="17" CONTENT="were" WC="0.65" CC="8050"/>
						<SP ID="P79_SP00159" HPOS="146" VPOS="1017" WIDTH="15"/>
						<String ID="P79_ST00181" HPOS="161" VPOS="994" WIDTH="47" HEIGHT="23" CONTENT="not" WC="0.60" CC="605"/>
						<SP ID="P79_SP00160" HPOS="208" VPOS="1017" WIDTH="14"/>
						<String ID="P79_ST00182" HPOS="222" VPOS="991" WIDTH="86" HEIGHT="35" CONTENT="likely" WC="0.93" CC="200001"/>
						<SP ID="P79_SP00161" HPOS="308" VPOS="1026" WIDTH="14"/>
						<String ID="P79_ST00183" HPOS="322" VPOS="994" WIDTH="28" HEIGHT="23" CONTENT="to" WC="0.81" CC="30"/>
						<SP ID="P79_SP00162" HPOS="350" VPOS="1026" WIDTH="15"/>
						<String ID="P79_ST00184" HPOS="365" VPOS="1000" WIDTH="43" HEIGHT="18" CONTENT="see" WC="0.75" CC="601"/>
						<SP ID="P79_SP00163" HPOS="408" VPOS="1026" WIDTH="14"/>
						<String ID="P79_ST00185" HPOS="422" VPOS="992" WIDTH="54" HEIGHT="31" CONTENT="her," WC="0.70" CC="4060"/>
						<SP ID="P79_SP00164" HPOS="476" VPOS="1026" WIDTH="10"/>
						<String ID="P79_ST00186" HPOS="486" VPOS="992" WIDTH="130" HEIGHT="34" CONTENT="indulged" WC="0.71" CC="02650402"/>
						<SP ID="P79_SP00165" HPOS="616" VPOS="1026" WIDTH="12"/>
						<String ID="P79_ST00187" HPOS="628" VPOS="992" WIDTH="30" HEIGHT="25" CONTENT="in" WC="0.59" CC="08"/>
						<SP ID="P79_SP00166" HPOS="658" VPOS="1026" WIDTH="11"/>
						<String ID="P79_ST00188" HPOS="669" VPOS="994" WIDTH="183" HEIGHT="23" CONTENT="amusements" WC="0.73" CC="5250020802"/>
						<SP ID="P79_SP00167" HPOS="852" VPOS="1026" WIDTH="14"/>
						<String ID="P79_ST00189" HPOS="866" VPOS="991" WIDTH="67" HEIGHT="34" CONTENT="they" WC="0.53" CC="4508"/>
					</TextLine>
					<TextLine ID="P79_TL00023" HPOS="76" VPOS="1035" WIDTH="699" HEIGHT="33">
						<String ID="P79_ST00190" HPOS="76" VPOS="1035" WIDTH="92" HEIGHT="26" CONTENT="would" WC="0.43" CC="84707"/>
						<SP ID="P79_SP00168" HPOS="168" VPOS="1061" WIDTH="13"/>
						<String ID="P79_ST00191" HPOS="181" VPOS="1035" WIDTH="70" HEIGHT="26" CONTENT="have" WC="0.71" CC="5600"/>
						<SP ID="P79_SP00169" HPOS="251" VPOS="1061" WIDTH="15"/>
						<String ID="P79_ST00192" HPOS="266" VPOS="1036" WIDTH="112" HEIGHT="26" CONTENT="deemed" WC="0.68" CC="700407"/>
						<SP ID="P79_SP00170" HPOS="378" VPOS="1062" WIDTH="14"/>
						<String ID="P79_ST00193" HPOS="392" VPOS="1036" WIDTH="181" HEIGHT="26" CONTENT="inconsistent" WC="0.58" CC="080073856073"/>
						<SP ID="P79_SP00171" HPOS="573" VPOS="1062" WIDTH="13"/>
						<String ID="P79_ST00194" HPOS="586" VPOS="1036" WIDTH="54" HEIGHT="26" CONTENT="and" WC="0.33" CC="675"/>
						<SP ID="P79_SP00172" HPOS="640" VPOS="1062" WIDTH="13"/>
						<String ID="P79_ST00195" HPOS="653" VPOS="1035" WIDTH="122" HEIGHT="33" CONTENT="worldly." WC="0.65" CC="33053470"/>
					</TextLine>
				</TextBlock>
				<TextBlock ID="P79_TB00006" HPOS="75" VPOS="1078" WIDTH="858" HEIGHT="478" STYLEREFS="TXT_1 PAR_LEFT">
					<TextLine ID="P79_TL00024" HPOS="114" VPOS="1079" WIDTH="819" HEIGHT="35">
						<String ID="P79_ST00196" HPOS="114" VPOS="1080" WIDTH="35" HEIGHT="25" CONTENT="In" WC="0.65" CC="07"/>
						<SP ID="P79_SP00173" HPOS="149" VPOS="1105" WIDTH="20"/>
						<String ID="P79_ST00197" HPOS="169" VPOS="1080" WIDTH="127" HEIGHT="34" CONTENT="ordinary" WC="0.67" CC="04603055"/>
						<SP ID="P79_SP00174" HPOS="296" VPOS="1114" WIDTH="14"/>
						<String ID="P79_ST00198" HPOS="310" VPOS="1080" WIDTH="102" HEIGHT="34" CONTENT="society" WC="0.77" CC="2101046"/>
						<SP ID="P79_SP00175" HPOS="412" VPOS="1114" WIDTH="14"/>
						<String ID="P79_ST00199" HPOS="426" VPOS="1080" WIDTH="48" HEIGHT="26" CONTENT="she" WC="0.64" CC="270"/>
						<SP ID="P79_SP00176" HPOS="474" VPOS="1114" WIDTH="14"/>
						<String ID="P79_ST00200" HPOS="488" VPOS="1089" WIDTH="82" HEIGHT="17" CONTENT="never" WC="0.62" CC="56105"/>
						<SP ID="P79_SP00177" HPOS="570" VPOS="1114" WIDTH="13"/>
						<String ID="P79_ST00201" HPOS="583" VPOS="1081" WIDTH="67" HEIGHT="25" CONTENT="used" WC="0.50" CC="7307"/>
						<SP ID="P79_SP00178" HPOS="650" VPOS="1114" WIDTH="14"/>
						<String ID="P79_ST00202" HPOS="664" VPOS="1080" WIDTH="77" HEIGHT="26" CONTENT="those" WC="0.87" CC="05000"/>
						<SP ID="P79_SP00179" HPOS="741" VPOS="1114" WIDTH="14"/>
						<String ID="P79_ST00203" HPOS="755" VPOS="1082" WIDTH="78" HEIGHT="23" CONTENT="turns" WC="0.58" CC="66700"/>
						<SP ID="P79_SP00180" HPOS="833" VPOS="1114" WIDTH="14"/>
						<String ID="P79_ST00204" HPOS="847" VPOS="1079" WIDTH="29" HEIGHT="25" CONTENT="of" WC="0.94" CC="10"/>
						<SP ID="P79_SP00181" HPOS="876" VPOS="1114" WIDTH="11"/>
						<String ID="P79_ST00205" HPOS="887" VPOS="1087" WIDTH="46" HEIGHT="17" CONTENT="ex" SUBS_TYPE="HypPart1" SUBS_CONTENT="expression" WC="0.88" CC="003"/>
						<HYP CONTENT="-"/>
					</TextLine>
					<TextLine ID="P79_TL00025" HPOS="75" VPOS="1124" WIDTH="857" HEIGHT="36">
						<String ID="P79_ST00206" HPOS="75" VPOS="1125" WIDTH="125" HEIGHT="34" CONTENT="pression" SUBS_TYPE="HypPart2" SUBS_CONTENT="expression" WC="0.78" CC="80001007"/>
						<SP ID="P79_SP00182" HPOS="200" VPOS="1159" WIDTH="27"/>
						<String ID="P79_ST00207" HPOS="227" VPOS="1125" WIDTH="54" HEIGHT="25" CONTENT="and" WC="0.63" CC="082"/>
						<SP ID="P79_SP00183" HPOS="281" VPOS="1159" WIDTH="25"/>
						<String ID="P79_ST00208" HPOS="306" VPOS="1125" WIDTH="166" HEIGHT="26" CONTENT="indefinable" WC="0.78" CC="07501170000"/>
						<SP ID="P79_SP00184" HPOS="472" VPOS="1159" WIDTH="26"/>
						<String ID="P79_ST00209" HPOS="498" VPOS="1125" WIDTH="74" HEIGHT="35" CONTENT="signs" WC="0.76" CC="10081"/>
						<SP ID="P79_SP00185" HPOS="572" VPOS="1160" WIDTH="23"/>
						<String ID="P79_ST00210" HPOS="595" VPOS="1125" WIDTH="37" HEIGHT="34" CONTENT="by" WC="0.33" CC="66"/>
						<SP ID="P79_SP00186" HPOS="632" VPOS="1160" WIDTH="23"/>
						<String ID="P79_ST00211" HPOS="655" VPOS="1124" WIDTH="92" HEIGHT="27" CONTENT="which" WC="0.68" CC="71006"/>
						<SP ID="P79_SP00187" HPOS="747" VPOS="1160" WIDTH="20"/>
						<String ID="P79_ST00212" HPOS="767" VPOS="1133" WIDTH="16" HEIGHT="17" CONTENT="a" WC="1.00" CC="0"/>
						<SP ID="P79_SP00188" HPOS="783" VPOS="1160" WIDTH="23"/>
						<String ID="P79_ST00213" HPOS="806" VPOS="1124" WIDTH="126" HEIGHT="35" CONTENT="vigorous" WC="0.70" CC="22006075"/>
					</TextLine>
					<TextLine ID="P79_TL00026" HPOS="75" VPOS="1167" WIDTH="856" HEIGHT="37">
						<String ID="P79_ST00214" HPOS="75" VPOS="1171" WIDTH="110" HEIGHT="32" CONTENT="stepper" WC="0.73" CC="0307800"/>
						<SP ID="P79_SP00189" HPOS="185" VPOS="1203" WIDTH="22"/>
						<String ID="P79_ST00215" HPOS="207" VPOS="1169" WIDTH="24" HEIGHT="26" CONTENT="is" WC="0.63" CC="60"/>
						<SP ID="P79_SP00190" HPOS="231" VPOS="1203" WIDTH="24"/>
						<String ID="P79_ST00216" HPOS="255" VPOS="1169" WIDTH="102" HEIGHT="34" CONTENT="always" WC="0.82" CC="000252"/>
						<SP ID="P79_SP00191" HPOS="357" VPOS="1203" WIDTH="23"/>
						<String ID="P79_ST00217" HPOS="380" VPOS="1172" WIDTH="28" HEIGHT="23" CONTENT="to" WC="0.71" CC="50"/>
						<SP ID="P79_SP00192" HPOS="408" VPOS="1203" WIDTH="24"/>
						<String ID="P79_ST00218" HPOS="432" VPOS="1170" WIDTH="32" HEIGHT="25" CONTENT="be" WC="0.58" CC="80"/>
						<SP ID="P79_SP00193" HPOS="464" VPOS="1203" WIDTH="23"/>
						<String ID="P79_ST00219" HPOS="487" VPOS="1170" WIDTH="157" HEIGHT="34" CONTENT="recognised" WC="0.69" CC="2002771205"/>
						<String ID="P79_ST00220" HPOS="654" VPOS="1179" WIDTH="6" HEIGHT="23" CONTENT=";" WC="0.43" CC="5"/>
						<SP ID="P79_SP00194" HPOS="660" VPOS="1204" WIDTH="29"/>
						<String ID="P79_ST00221" HPOS="689" VPOS="1169" WIDTH="51" HEIGHT="26" CONTENT="but" WC="0.27" CC="875"/>
						<SP ID="P79_SP00195" HPOS="740" VPOS="1204" WIDTH="21"/>
						<String ID="P79_ST00222" HPOS="761" VPOS="1176" WIDTH="68" HEIGHT="24" CONTENT="now," WC="0.61" CC="3145"/>
						<SP ID="P79_SP00196" HPOS="829" VPOS="1204" WIDTH="22"/>
						<String ID="P79_ST00223" HPOS="851" VPOS="1167" WIDTH="80" HEIGHT="26" CONTENT="when" WC="0.63" CC="5008"/>
					</TextLine>
					<TextLine ID="P79_TL00027" HPOS="76" VPOS="1211" WIDTH="856" HEIGHT="36">
						<String ID="P79_ST00224" HPOS="76" VPOS="1213" WIDTH="162" HEIGHT="34" CONTENT="conversing" WC="0.77" CC="0070074110"/>
						<SP ID="P79_SP00197" HPOS="238" VPOS="1247" WIDTH="13"/>
						<String ID="P79_ST00225" HPOS="251" VPOS="1213" WIDTH="69" HEIGHT="26" CONTENT="with" WC="0.53" CC="5508"/>
						<SP ID="P79_SP00198" HPOS="320" VPOS="1247" WIDTH="13"/>
						<String ID="P79_ST00226" HPOS="333" VPOS="1214" WIDTH="90" HEIGHT="33" CONTENT="Major" WC="0.86" CC="02300"/>
						<SP ID="P79_SP00199" HPOS="423" VPOS="1247" WIDTH="14"/>
						<String ID="P79_ST00227" HPOS="437" VPOS="1214" WIDTH="125" HEIGHT="31" CONTENT="Severne," WC="0.71" CC="60004730"/>
						<SP ID="P79_SP00200" HPOS="562" VPOS="1247" WIDTH="20"/>
						<String ID="P79_ST00228" HPOS="582" VPOS="1214" WIDTH="22" HEIGHT="26" CONTENT="it" WC="1.00" CC="00"/>
						<SP ID="P79_SP00201" HPOS="604" VPOS="1247" WIDTH="15"/>
						<String ID="P79_ST00229" HPOS="619" VPOS="1222" WIDTH="55" HEIGHT="18" CONTENT="was" WC="0.65" CC="604"/>
						<SP ID="P79_SP00202" HPOS="674" VPOS="1247" WIDTH="13"/>
						<String ID="P79_ST00230" HPOS="687" VPOS="1212" WIDTH="129" HEIGHT="35" CONTENT="probable" WC="0.68" CC="83085000"/>
						<SP ID="P79_SP00203" HPOS="816" VPOS="1247" WIDTH="14"/>
						<String ID="P79_ST00231" HPOS="830" VPOS="1211" WIDTH="102" HEIGHT="36" CONTENT="signifi" SUBS_TYPE="HypPart1" SUBS_CONTENT="significant" WC="0.77" CC="53070001"/>
						<HYP CONTENT="-"/>
					</TextLine>
					<TextLine ID="P79_TL00028" HPOS="77" VPOS="1256" WIDTH="856" HEIGHT="36">
						<String ID="P79_ST00232" HPOS="77" VPOS="1261" WIDTH="63" HEIGHT="23" CONTENT="cant" SUBS_TYPE="HypPart2" SUBS_CONTENT="significant" WC="0.50" CC="0577"/>
						<SP ID="P79_SP00204" HPOS="140" VPOS="1284" WIDTH="14"/>
						<String ID="P79_ST00233" HPOS="154" VPOS="1260" WIDTH="84" HEIGHT="23" CONTENT="terms" WC="0.67" CC="81510"/>
						<SP ID="P79_SP00205" HPOS="238" VPOS="1284" WIDTH="15"/>
						<String ID="P79_ST00234" HPOS="253" VPOS="1257" WIDTH="91" HEIGHT="26" CONTENT="would" WC="0.69" CC="80007"/>
						<SP ID="P79_SP00206" HPOS="344" VPOS="1284" WIDTH="14"/>
						<String ID="P79_ST00235" HPOS="358" VPOS="1258" WIDTH="33" HEIGHT="25" CONTENT="be" WC="0.57" CC="80"/>
						<SP ID="P79_SP00207" HPOS="391" VPOS="1284" WIDTH="11"/>
						<String ID="P79_ST00236" HPOS="402" VPOS="1258" WIDTH="143" HEIGHT="34" CONTENT="employed" WC="0.73" CC="00702505"/>
						<SP ID="P79_SP00208" HPOS="545" VPOS="1292" WIDTH="10"/>
						<String ID="P79_ST00237" HPOS="555" VPOS="1258" WIDTH="92" HEIGHT="26" CONTENT="rather" WC="0.74" CC="026402"/>
						<SP ID="P79_SP00209" HPOS="647" VPOS="1292" WIDTH="11"/>
						<String ID="P79_ST00238" HPOS="658" VPOS="1257" WIDTH="93" HEIGHT="34" CONTENT="freely," WC="0.74" CC="0800521"/>
						<SP ID="P79_SP00210" HPOS="751" VPOS="1292" WIDTH="12"/>
						<String ID="P79_ST00239" HPOS="763" VPOS="1257" WIDTH="53" HEIGHT="26" CONTENT="aud" WC="0.28" CC="687"/>
						<SP ID="P79_SP00211" HPOS="816" VPOS="1292" WIDTH="10"/>
						<String ID="P79_ST00240" HPOS="826" VPOS="1256" WIDTH="107" HEIGHT="25" CONTENT="Walter" WC="0.62" CC="750008"/>
					</TextLine>
					<TextLine ID="P79_TL00029" HPOS="76" VPOS="1300" WIDTH="857" HEIGHT="33">
						<String ID="P79_ST00241" HPOS="76" VPOS="1302" WIDTH="50" HEIGHT="26" CONTENT="felt" WC="0.65" CC="8320"/>
						<SP ID="P79_SP00212" HPOS="126" VPOS="1328" WIDTH="22"/>
						<String ID="P79_ST00242" HPOS="148" VPOS="1302" WIDTH="23" HEIGHT="26" CONTENT="it" WC="1.00" CC="00"/>
						<SP ID="P79_SP00213" HPOS="171" VPOS="1328" WIDTH="19"/>
						<String ID="P79_ST00243" HPOS="190" VPOS="1310" WIDTH="56" HEIGHT="18" CONTENT="was" WC="0.71" CC="530"/>
						<SP ID="P79_SP00214" HPOS="246" VPOS="1328" WIDTH="21"/>
						<String ID="P79_ST00244" HPOS="267" VPOS="1304" WIDTH="49" HEIGHT="23" CONTENT="not" WC="0.69" CC="602"/>
						<SP ID="P79_SP00215" HPOS="316" VPOS="1328" WIDTH="21"/>
						<String ID="P79_ST00245" HPOS="337" VPOS="1302" WIDTH="29" HEIGHT="25" CONTENT="in" WC="0.63" CC="07"/>
						<SP ID="P79_SP00216" HPOS="366" VPOS="1328" WIDTH="22"/>
						<String ID="P79_ST00246" HPOS="388" VPOS="1302" WIDTH="59" HEIGHT="25" CONTENT="him" WC="0.82" CC="500"/>
						<SP ID="P79_SP00217" HPOS="447" VPOS="1328" WIDTH="20"/>
						<String ID="P79_ST00247" HPOS="467" VPOS="1304" WIDTH="27" HEIGHT="24" CONTENT="to" WC="0.65" CC="60"/>
						<SP ID="P79_SP00218" HPOS="494" VPOS="1328" WIDTH="21"/>
						<String ID="P79_ST00248" HPOS="515" VPOS="1302" WIDTH="115" HEIGHT="26" CONTENT="restrain" WC="0.67" CC="00250458"/>
						<SP ID="P79_SP00219" HPOS="630" VPOS="1328" WIDTH="13"/>
						<String ID="P79_ST00249" HPOS="643" VPOS="1311" WIDTH="15" HEIGHT="17" CONTENT="a" WC="0.93" CC="0"/>
						<SP ID="P79_SP00220" HPOS="658" VPOS="1328" WIDTH="15"/>
						<String ID="P79_ST00250" HPOS="673" VPOS="1301" WIDTH="85" HEIGHT="32" CONTENT="smile," WC="0.79" CC="420500"/>
						<SP ID="P79_SP00221" HPOS="758" VPOS="1333" WIDTH="14"/>
						<String ID="P79_ST00251" HPOS="772" VPOS="1310" WIDTH="30" HEIGHT="17" CONTENT="or" WC="0.82" CC="02"/>
						<SP ID="P79_SP00222" HPOS="802" VPOS="1333" WIDTH="16"/>
						<String ID="P79_ST00252" HPOS="818" VPOS="1300" WIDTH="54" HEIGHT="26" CONTENT="feel" WC="0.87" CC="5000"/>
						<SP ID="P79_SP00223" HPOS="872" VPOS="1333" WIDTH="13"/>
						<String ID="P79_ST00253" HPOS="885" VPOS="1300" WIDTH="48" HEIGHT="25" CONTENT="the" WC="0.35" CC="566"/>
					</TextLine>
					<TextLine ID="P79_TL00030" HPOS="76" VPOS="1345" WIDTH="857" HEIGHT="34">
						<String ID="P79_ST00254" HPOS="76" VPOS="1355" WIDTH="107" HEIGHT="18" CONTENT="reverse" WC="0.73" CC="8010800"/>
						<SP ID="P79_SP00224" HPOS="183" VPOS="1373" WIDTH="22"/>
						<String ID="P79_ST00255" HPOS="205" VPOS="1346" WIDTH="30" HEIGHT="26" CONTENT="of" WC="1.00" CC="00"/>
						<SP ID="P79_SP00225" HPOS="235" VPOS="1373" WIDTH="18"/>
						<String ID="P79_ST00256" HPOS="253" VPOS="1346" WIDTH="105" HEIGHT="31" CONTENT="edified," WC="0.81" CC="00100067"/>
						<SP ID="P79_SP00226" HPOS="358" VPOS="1377" WIDTH="12"/>
						<String ID="P79_ST00257" HPOS="370" VPOS="1346" WIDTH="79" HEIGHT="26" CONTENT="when" WC="0.38" CC="8708"/>
						<SP ID="P79_SP00227" HPOS="449" VPOS="1377" WIDTH="21"/>
						<String ID="P79_ST00258" HPOS="470" VPOS="1346" WIDTH="43" HEIGHT="26" CONTENT="his" WC="0.73" CC="800"/>
						<SP ID="P79_SP00228" HPOS="513" VPOS="1377" WIDTH="13"/>
						<String ID="P79_ST00259" HPOS="526" VPOS="1346" WIDTH="106" HEIGHT="26" CONTENT="mother" WC="0.67" CC="004608"/>
						<SP ID="P79_SP00229" HPOS="632" VPOS="1377" WIDTH="14"/>
						<String ID="P79_ST00260" HPOS="646" VPOS="1346" WIDTH="78" HEIGHT="25" CONTENT="made" WC="0.64" CC="0770"/>
						<SP ID="P79_SP00230" HPOS="724" VPOS="1377" WIDTH="13"/>
						<String ID="P79_ST00261" HPOS="737" VPOS="1354" WIDTH="37" HEIGHT="25" CONTENT="up" WC="0.29" CC="76"/>
						<SP ID="P79_SP00231" HPOS="774" VPOS="1379" WIDTH="14"/>
						<String ID="P79_ST00262" HPOS="788" VPOS="1345" WIDTH="48" HEIGHT="25" CONTENT="her" WC="0.89" CC="300"/>
						<SP ID="P79_SP00232" HPOS="836" VPOS="1379" WIDTH="14"/>
						<String ID="P79_ST00263" HPOS="850" VPOS="1352" WIDTH="83" HEIGHT="18" CONTENT="coun" SUBS_TYPE="HypPart1" SUBS_CONTENT="countenance" WC="0.64" CC="02770"/>
						<HYP CONTENT="-"/>
					</TextLine>
					<TextLine ID="P79_TL00031" HPOS="76" VPOS="1387" WIDTH="857" HEIGHT="37">
						<String ID="P79_ST00264" HPOS="76" VPOS="1394" WIDTH="115" HEIGHT="23" CONTENT="tenance" SUBS_TYPE="HypPart2" SUBS_CONTENT="countenance" WC="0.68" CC="0085800"/>
						<SP ID="P79_SP00233" HPOS="191" VPOS="1417" WIDTH="26"/>
						<String ID="P79_ST00265" HPOS="217" VPOS="1394" WIDTH="28" HEIGHT="22" CONTENT="to" WC="0.89" CC="01"/>
						<SP ID="P79_SP00234" HPOS="245" VPOS="1417" WIDTH="27"/>
						<String ID="P79_ST00266" HPOS="272" VPOS="1390" WIDTH="117" HEIGHT="34" CONTENT="respond" WC="0.56" CC="6077207"/>
						<SP ID="P79_SP00235" HPOS="389" VPOS="1424" WIDTH="26"/>
						<String ID="P79_ST00267" HPOS="415" VPOS="1393" WIDTH="28" HEIGHT="23" CONTENT="to" WC="0.70" CC="32"/>
						<SP ID="P79_SP00236" HPOS="443" VPOS="1424" WIDTH="29"/>
						<String ID="P79_ST00268" HPOS="472" VPOS="1390" WIDTH="79" HEIGHT="34" CONTENT="pious" WC="0.63" CC="60083"/>
						<SP ID="P79_SP00237" HPOS="551" VPOS="1424" WIDTH="33"/>
						<String ID="P79_ST00269" HPOS="584" VPOS="1389" WIDTH="196" HEIGHT="31" CONTENT="conversation," WC="0.70" CC="0083050440063"/>
						<SP ID="P79_SP00238" HPOS="780" VPOS="1424" WIDTH="33"/>
						<String ID="P79_ST00270" HPOS="813" VPOS="1388" WIDTH="53" HEIGHT="25" CONTENT="and" WC="0.49" CC="087"/>
						<SP ID="P79_SP00239" HPOS="866" VPOS="1424" WIDTH="31"/>
						<String ID="P79_ST00271" HPOS="897" VPOS="1387" WIDTH="36" HEIGHT="26" CONTENT="he" WC="0.29" CC="58"/>
					</TextLine>
					<TextLine ID="P79_TL00032" HPOS="77" VPOS="1433" WIDTH="856" HEIGHT="36">
						<String ID="P79_ST00272" HPOS="77" VPOS="1435" WIDTH="123" HEIGHT="26" CONTENT="resolved" WC="0.62" CC="80703307"/>
						<SP ID="P79_SP00240" HPOS="200" VPOS="1461" WIDTH="15"/>
						<String ID="P79_ST00273" HPOS="215" VPOS="1435" WIDTH="106" HEIGHT="34" CONTENT="against" WC="0.54" CC="5040786"/>
						<SP ID="P79_SP00241" HPOS="321" VPOS="1469" WIDTH="14"/>
						<String ID="P79_ST00274" HPOS="335" VPOS="1434" WIDTH="146" HEIGHT="34" CONTENT="travelling" WC="0.71" CC="4304000266"/>
						<SP ID="P79_SP00242" HPOS="481" VPOS="1469" WIDTH="13"/>
						<String ID="P79_ST00275" HPOS="494" VPOS="1435" WIDTH="30" HEIGHT="25" CONTENT="in" WC="0.25" CC="67"/>
						<SP ID="P79_SP00243" HPOS="524" VPOS="1469" WIDTH="13"/>
						<String ID="P79_ST00276" HPOS="537" VPOS="1434" WIDTH="46" HEIGHT="26" CONTENT="the" WC="0.55" CC="750"/>
						<SP ID="P79_SP00244" HPOS="583" VPOS="1469" WIDTH="16"/>
						<String ID="P79_ST00277" HPOS="599" VPOS="1434" WIDTH="103" HEIGHT="34" CONTENT="society" WC="0.68" CC="4501054"/>
						<SP ID="P79_SP00245" HPOS="702" VPOS="1469" WIDTH="13"/>
						<String ID="P79_ST00278" HPOS="715" VPOS="1433" WIDTH="29" HEIGHT="26" CONTENT="of" WC="0.94" CC="01"/>
						<SP ID="P79_SP00246" HPOS="744" VPOS="1469" WIDTH="11"/>
						<String ID="P79_ST00279" HPOS="755" VPOS="1435" WIDTH="55" HEIGHT="24" CONTENT="two" WC="0.65" CC="630"/>
						<SP ID="P79_SP00247" HPOS="810" VPOS="1469" WIDTH="14"/>
						<String ID="P79_ST00280" HPOS="824" VPOS="1440" WIDTH="109" HEIGHT="26" CONTENT="sympa" SUBS_TYPE="HypPart1" SUBS_CONTENT="sympathetic" WC="0.60" CC="460750"/>
						<HYP CONTENT="-"/>
					</TextLine>
					<TextLine ID="P79_TL00033" HPOS="78" VPOS="1477" WIDTH="854" HEIGHT="36">
						<String ID="P79_ST00281" HPOS="78" VPOS="1478" WIDTH="86" HEIGHT="27" CONTENT="thetic" SUBS_TYPE="HypPart2" SUBS_CONTENT="sympathetic" WC="0.67" CC="074033"/>
						<SP ID="P79_SP00248" HPOS="164" VPOS="1505" WIDTH="14"/>
						<String ID="P79_ST00282" HPOS="178" VPOS="1481" WIDTH="132" HEIGHT="32" CONTENT="steppers," WC="0.70" CC="000760407"/>
						<SP ID="P79_SP00249" HPOS="310" VPOS="1513" WIDTH="14"/>
						<String ID="P79_ST00283" HPOS="324" VPOS="1478" WIDTH="173" HEIGHT="34" CONTENT="considering" WC="0.70" CC="00800602383"/>
						<SP ID="P79_SP00250" HPOS="497" VPOS="1513" WIDTH="13"/>
						<String ID="P79_ST00284" HPOS="510" VPOS="1480" WIDTH="14" HEIGHT="10" CONTENT='"' WC="0.71" CC="2"/>
						<SP ID="P79_SP00251" HPOS="524" VPOS="1513" WIDTH="10"/>
						<String ID="P79_ST00285" HPOS="534" VPOS="1478" WIDTH="70" HEIGHT="26" CONTENT="faith" WC="0.58" CC="60057"/>
						<SP ID="P79_SP00252" HPOS="604" VPOS="1513" WIDTH="12"/>
						<String ID="P79_ST00286" HPOS="616" VPOS="1478" WIDTH="53" HEIGHT="26" CONTENT="and" WC="0.43" CC="267"/>
						<SP ID="P79_SP00253" HPOS="669" VPOS="1513" WIDTH="14"/>
						<String ID="P79_ST00287" HPOS="683" VPOS="1485" WIDTH="111" HEIGHT="27" CONTENT="prayers" WC="0.67" CC="7624010"/>
						<SP ID="P79_SP00254" HPOS="794" VPOS="1513" WIDTH="14"/>
						<String ID="P79_ST00288" HPOS="808" VPOS="1477" WIDTH="124" HEIGHT="32" CONTENT="amongst" WC="0.71" CC="4008061"/>
					</TextLine>
					<TextLine ID="P79_TL00034" HPOS="77" VPOS="1518" WIDTH="856" HEIGHT="38">
						<String ID="P79_ST00289" HPOS="77" VPOS="1522" WIDTH="46" HEIGHT="26" CONTENT="the" WC="0.71" CC="080"/>
						<SP ID="P79_SP00255" HPOS="123" VPOS="1548" WIDTH="30"/>
						<String ID="P79_ST00290" HPOS="153" VPOS="1523" WIDTH="133" HEIGHT="33" CONTENT="privatest" WC="0.72" CC="700072024"/>
						<SP ID="P79_SP00256" HPOS="286" VPOS="1556" WIDTH="23"/>
						<String ID="P79_ST00291" HPOS="309" VPOS="1523" WIDTH="30" HEIGHT="25" CONTENT="of" WC="0.96" CC="00"/>
						<SP ID="P79_SP00257" HPOS="339" VPOS="1556" WIDTH="21"/>
						<String ID="P79_ST00292" HPOS="360" VPOS="1522" WIDTH="83" HEIGHT="26" CONTENT="men's" WC="0.80" CC="00702"/>
						<SP ID="P79_SP00258" HPOS="443" VPOS="1556" WIDTH="24"/>
						<String ID="P79_ST00293" HPOS="467" VPOS="1522" WIDTH="113" HEIGHT="27" CONTENT='affairs."' WC="0.64" CC="005467304"/>
						<SP ID="P79_SP00259" HPOS="580" VPOS="1556" WIDTH="39"/>
						<String ID="P79_ST00294" HPOS="619" VPOS="1522" WIDTH="67" HEIGHT="25" CONTENT="Also" WC="0.59" CC="7422"/>
						<SP ID="P79_SP00260" HPOS="686" VPOS="1556" WIDTH="22"/>
						<String ID="P79_ST00295" HPOS="708" VPOS="1530" WIDTH="15" HEIGHT="16" CONTENT="a" WC="0.14" CC="8"/>
						<SP ID="P79_SP00261" HPOS="723" VPOS="1556" WIDTH="22"/>
						<String ID="P79_ST00296" HPOS="745" VPOS="1520" WIDTH="112" HEIGHT="35" CONTENT="longing" WC="0.60" CC="3080743"/>
						<SP ID="P79_SP00262" HPOS="857" VPOS="1556" WIDTH="22"/>
						<String ID="P79_ST00297" HPOS="879" VPOS="1518" WIDTH="54" HEIGHT="27" CONTENT="had" WC="0.46" CC="438"/>
					</TextLine>
				</TextBlock>
			</PrintSpace>
		</Page>
	</Layout>
</alto>
