<?xml version="1.0" encoding="UTF-8"?>
<alto xmlns:xsi="http://www.w3.org/2001/XMLSchema-instance" xsi:noNamespaceSchemaLocation="http://www.bl.uk/schemas/alto/alto-1-4.xsd" xmlns:xlink="http://www.w3.org/1999/xlink">
	<Description>
		<MeasurementUnit>mm10</MeasurementUnit>
		<sourceImageInformation>
			<fileName>//head1/IN/2008-08/A0011239203/000243.jp2</fileName>
		</sourceImageInformation>
		<OCRProcessing ID="OCRPROCESSING_1">
			<preProcessingStep>
				<processingSoftware>
					<softwareCreator>CCS Content Conversion Specialists GmbH, Germany</softwareCreator>
					<softwareName>CCS docWORKS</softwareName>
					<softwareVersion>6.1-0.67</softwareVersion>
				</processingSoftware>
			</preProcessingStep>
			<ocrProcessingStep>
				<processingSoftware>
					<softwareCreator>ABBYY (BIT Software), Russia</softwareCreator>
					<softwareName>Finereader</softwareName>
				</processingSoftware>
			</ocrProcessingStep>
		</OCRProcessing>
	</Description>
	<Styles>
		<TextStyle ID="TXT_0" FONTSIZE="10" FONTFAMILY="Courier New"/>
		<TextStyle ID="TXT_1" FONTSIZE="9" FONTFAMILY="Courier New"/>
		<TextStyle ID="TXT_2" FONTSIZE="11" FONTFAMILY="Courier New"/>
		<ParagraphStyle ID="PAR_CENTER" ALIGN="Center"/>
		<ParagraphStyle ID="PAR_RIGHT" ALIGN="Right"/>
		<ParagraphStyle ID="PAR_LEFT" ALIGN="Left"/>
	</Styles>
	<Layout>
		<Page ID="P239" PHYSICAL_IMG_NR="239" HEIGHT="1673" WIDTH="1059" PRINTED_IMG_NR="19" POSITION="Right" ACCURACY="71.84">
			<TopMargin ID="P239_TM00001" HPOS="0" VPOS="0" WIDTH="1059" HEIGHT="77">
				<TextBlock ID="P239_TB00001" HPOS="191" VPOS="42" WIDTH="652" HEIGHT="35" STYLEREFS="TXT_0 PAR_CENTER">
					<TextLine ID="P239_TL00001" HPOS="191" VPOS="43" WIDTH="652" HEIGHT="34">
						<String ID="P239_ST00001" HPOS="191" VPOS="43" WIDTH="120" HEIGHT="28" CONTENT="Samuel" WC="0.78" CC="500600"/>
						<SP ID="P239_SP00001" HPOS="311" VPOS="71" WIDTH="19"/>
						<String ID="P239_ST00002" HPOS="330" VPOS="44" WIDTH="118" HEIGHT="33" CONTENT="Tinsley" WC="0.73" CC="4070402"/>
						<SP ID="P239_SP00002" HPOS="448" VPOS="77" WIDTH="19"/>
						<String ID="P239_ST00003" HPOS="467" VPOS="44" WIDTH="60" HEIGHT="27" CONTENT="and" WC="0.49" CC="086"/>
						<SP ID="P239_SP00003" HPOS="527" VPOS="77" WIDTH="21"/>
						<String ID="P239_ST00004" HPOS="548" VPOS="44" WIDTH="71" HEIGHT="27" CONTENT="Co.'s" WC="0.69" CC="21342"/>
						<SP ID="P239_SP00004" HPOS="619" VPOS="77" WIDTH="19"/>
						<String ID="P239_ST00005" HPOS="638" VPOS="43" WIDTH="205" HEIGHT="28" CONTENT="Publications." WC="0.71" CC="7760000200730"/>
					</TextLine>
				</TextBlock>
				<TextBlock ID="P239_TB00002" HPOS="919" VPOS="49" WIDTH="30" HEIGHT="23" STYLEREFS="TXT_0 PAR_RIGHT">
					<TextLine ID="P239_TL00002" HPOS="919" VPOS="49" WIDTH="30" HEIGHT="23">
						<String ID="P239_ST00006" HPOS="919" VPOS="49" WIDTH="30" HEIGHT="23" CONTENT="19" WC="1.00" CC="00"/>
					</TextLine>
				</TextBlock>
			</TopMargin>
			<LeftMargin ID="P239_LM00001" HPOS="0" VPOS="74" WIDTH="90" HEIGHT="1524"/>
			<RightMargin ID="P239_RM00001" HPOS="969" VPOS="74" WIDTH="90" HEIGHT="1524"/>
			<BottomMargin ID="P239_BM00001" HPOS="0" VPOS="1598" WIDTH="1059" HEIGHT="75"/>
			<PrintSpace ID="P239_PS00001" HPOS="90" VPOS="74" WIDTH="888" HEIGHT="1528">
				<TextBlock ID="P239_TB00003" HPOS="87" VPOS="117" WIDTH="891" HEIGHT="1485" STYLEREFS="TXT_1 PAR_LEFT">
					<TextLine ID="P239_TL00003" HPOS="99" VPOS="117" WIDTH="856" HEIGHT="49">
						<String ID="P239_ST00007" HPOS="99" VPOS="117" WIDTH="67" HEIGHT="49" CONTENT="jj!j|" WC="0.12" CC="88888" STYLEREFS="TXT_0"/>
						<SP ID="P239_SP00005" HPOS="166" VPOS="166" WIDTH="12"/>
						<String ID="P239_ST00008" HPOS="178" VPOS="123" WIDTH="75" HEIGHT="25" CONTENT="AIR" WC="0.64" CC="505" STYLEREFS="TXT_0"/>
						<SP ID="P239_SP00006" HPOS="253" VPOS="166" WIDTH="21"/>
						<String ID="P239_ST00009" HPOS="274" VPOS="124" WIDTH="107" HEIGHT="26" CONTENT="MAID" WC="0.74" CC="8100" STYLEREFS="TXT_0"/>
						<SP ID="P239_SP00007" HPOS="381" VPOS="166" WIDTH="24"/>
						<String ID="P239_ST00010" HPOS="405" VPOS="125" WIDTH="52" HEIGHT="26" CONTENT="OF" WC="0.52" CC="54" STYLEREFS="TXT_0"/>
						<SP ID="P239_SP00008" HPOS="457" VPOS="166" WIDTH="21"/>
						<String ID="P239_ST00011" HPOS="478" VPOS="124" WIDTH="210" HEIGHT="31" CONTENT="TAUNTON," WC="0.84" CC="01060400" STYLEREFS="TXT_0"/>
						<SP ID="P239_SP00009" HPOS="688" VPOS="166" WIDTH="17"/>
						<String ID="P239_ST00012" HPOS="705" VPOS="124" WIDTH="69" HEIGHT="24" CONTENT="The" WC="0.63" CC="081" STYLEREFS="TXT_0"/>
						<SP ID="P239_SP00010" HPOS="774" VPOS="166" WIDTH="16"/>
						<String ID="P239_ST00013" HPOS="790" VPOS="132" WIDTH="3" HEIGHT="17" CONTENT=":" WC="1.00" CC="0" STYLEREFS="TXT_0"/>
						<SP ID="P239_SP00011" HPOS="793" VPOS="166" WIDTH="16"/>
						<String ID="P239_ST00014" HPOS="809" VPOS="132" WIDTH="15" HEIGHT="16" CONTENT="a" WC="0.63" CC="3" STYLEREFS="TXT_0"/>
						<SP ID="P239_SP00012" HPOS="824" VPOS="166" WIDTH="16"/>
						<String ID="P239_ST00015" HPOS="840" VPOS="123" WIDTH="68" HEIGHT="25" CONTENT="Tale" WC="0.49" CC="7317" STYLEREFS="TXT_0"/>
						<SP ID="P239_SP00013" HPOS="908" VPOS="166" WIDTH="15"/>
						<String ID="P239_ST00016" HPOS="923" VPOS="122" WIDTH="32" HEIGHT="26" CONTENT="of" WC="1.00" CC="00" STYLEREFS="TXT_0"/>
					</TextLine>
					<TextLine ID="P239_TL00004" HPOS="99" VPOS="159" WIDTH="851" HEIGHT="30">
						<String ID="P239_ST00017" HPOS="99" VPOS="171" WIDTH="73" HEIGHT="13" CONTENT="_____!" WC="0.55" CC="166326" STYLEREFS="TXT_0"/>
						<SP ID="P239_SP00014" HPOS="172" VPOS="184" WIDTH="37"/>
						<String ID="P239_ST00018" HPOS="209" VPOS="160" WIDTH="40" HEIGHT="21" CONTENT="the" WC="0.38" CC="683" STYLEREFS="TXT_0"/>
						<SP ID="P239_SP00015" HPOS="249" VPOS="184" WIDTH="17"/>
						<String ID="P239_ST00019" HPOS="266" VPOS="162" WIDTH="76" HEIGHT="27" CONTENT="Siege." WC="0.38" CC="847880" STYLEREFS="TXT_0"/>
						<SP ID="P239_SP00016" HPOS="342" VPOS="189" WIDTH="20"/>
						<String ID="P239_ST00020" HPOS="362" VPOS="162" WIDTH="36" HEIGHT="22" CONTENT="Bv" WC="0.63" CC="07" STYLEREFS="TXT_0"/>
						<SP ID="P239_SP00017" HPOS="398" VPOS="189" WIDTH="10"/>
						<String ID="P239_ST00021" HPOS="408" VPOS="162" WIDTH="154" HEIGHT="21" CONTENT="Elizabeth" WC="0.77" CC="064000502" STYLEREFS="TXT_0"/>
						<SP ID="P239_SP00018" HPOS="562" VPOS="189" WIDTH="13"/>
						<String ID="P239_ST00022" HPOS="575" VPOS="161" WIDTH="34" HEIGHT="21" CONTENT="M." WC="0.85" CC="02" STYLEREFS="TXT_0"/>
						<SP ID="P239_SP00019" HPOS="609" VPOS="189" WIDTH="10"/>
						<String ID="P239_ST00023" HPOS="619" VPOS="161" WIDTH="116" HEIGHT="21" CONTENT="Alford." WC="0.69" CC="0150670" STYLEREFS="TXT_0"/>
						<SP ID="P239_SP00020" HPOS="735" VPOS="189" WIDTH="21"/>
						<String ID="P239_ST00024" HPOS="756" VPOS="161" WIDTH="83" HEIGHT="20" CONTENT="Crown" WC="0.46" CC="34386" STYLEREFS="TXT_0"/>
						<SP ID="P239_SP00021" HPOS="839" VPOS="189" WIDTH="12"/>
						<String ID="P239_ST00025" HPOS="851" VPOS="160" WIDTH="57" HEIGHT="26" CONTENT="Svo," WC="0.52" CC="0557" STYLEREFS="TXT_0"/>
						<SP ID="P239_SP00022" HPOS="908" VPOS="189" WIDTH="9"/>
						<String ID="P239_ST00026" HPOS="917" VPOS="159" WIDTH="33" HEIGHT="21" CONTENT="6s." WC="0.59" CC="047" STYLEREFS="TXT_0"/>
					</TextLine>
					<TextLine ID="P239_TL00005" HPOS="92" VPOS="196" WIDTH="861" HEIGHT="36">
						<String ID="P239_ST00027" HPOS="92" VPOS="197" WIDTH="244" HEIGHT="27" CONTENT="FERNVALE:" WC="0.83" CC="015403000" STYLEREFS="TXT_0"/>
						<SP ID="P239_SP00023" HPOS="336" VPOS="224" WIDTH="35"/>
						<String ID="P239_ST00028" HPOS="371" VPOS="198" WIDTH="87" HEIGHT="27" CONTENT="Some" WC="0.93" CC="0020" STYLEREFS="TXT_0"/>
						<SP ID="P239_SP00024" HPOS="458" VPOS="225" WIDTH="29"/>
						<String ID="P239_ST00029" HPOS="487" VPOS="199" WIDTH="90" HEIGHT="33" CONTENT="Pages" WC="0.68" CC="70800" STYLEREFS="TXT_0"/>
						<SP ID="P239_SP00025" HPOS="577" VPOS="232" WIDTH="27"/>
						<String ID="P239_ST00030" HPOS="604" VPOS="198" WIDTH="32" HEIGHT="26" CONTENT="of" WC="0.78" CC="40" STYLEREFS="TXT_0"/>
						<SP ID="P239_SP00026" HPOS="636" VPOS="232" WIDTH="24"/>
						<String ID="P239_ST00031" HPOS="660" VPOS="198" WIDTH="99" HEIGHT="26" CONTENT="Elsie's" WC="0.80" CC="0505020" STYLEREFS="TXT_0"/>
						<SP ID="P239_SP00027" HPOS="759" VPOS="232" WIDTH="27"/>
						<String ID="P239_ST00032" HPOS="786" VPOS="197" WIDTH="70" HEIGHT="27" CONTENT="Life." WC="0.77" CC="04600" STYLEREFS="TXT_0"/>
						<SP ID="P239_SP00028" HPOS="856" VPOS="232" WIDTH="53"/>
						<String ID="P239_ST00033" HPOS="909" VPOS="196" WIDTH="44" HEIGHT="34" CONTENT="By" WC="0.60" CC="07" STYLEREFS="TXT_0"/>
					</TextLine>
					<TextLine ID="P239_TL00006" HPOS="123" VPOS="235" WIDTH="560" HEIGHT="28">
						<String ID="P239_ST00034" HPOS="123" VPOS="235" WIDTH="100" HEIGHT="21" CONTENT="Harry" WC="0.47" CC="64545" STYLEREFS="TXT_0"/>
						<SP ID="P239_SP00029" HPOS="223" VPOS="256" WIDTH="15"/>
						<String ID="P239_ST00035" HPOS="238" VPOS="235" WIDTH="164" HEIGHT="22" CONTENT="Buchanan." WC="0.82" CC="000606020" STYLEREFS="TXT_0"/>
						<SP ID="P239_SP00030" HPOS="402" VPOS="257" WIDTH="34"/>
						<String ID="P239_ST00036" HPOS="436" VPOS="236" WIDTH="84" HEIGHT="21" CONTENT="Crown" WC="0.79" CC="10036" STYLEREFS="TXT_0"/>
						<SP ID="P239_SP00031" HPOS="520" VPOS="257" WIDTH="13"/>
						<String ID="P239_ST00037" HPOS="533" VPOS="236" WIDTH="52" HEIGHT="27" CONTENT="Svo," WC="0.84" CC="4010" STYLEREFS="TXT_0"/>
						<SP ID="P239_SP00032" HPOS="585" VPOS="263" WIDTH="12"/>
						<String ID="P239_ST00038" HPOS="597" VPOS="241" WIDTH="33" HEIGHT="21" CONTENT="7s." WC="1.00" CC="000" STYLEREFS="TXT_0"/>
						<SP ID="P239_SP00033" HPOS="630" VPOS="263" WIDTH="12"/>
						<String ID="P239_ST00039" HPOS="642" VPOS="235" WIDTH="41" HEIGHT="22" CONTENT="6d." WC="1.00" CC="000" STYLEREFS="TXT_0"/>
					</TextLine>
					<TextLine ID="P239_TL00007" HPOS="93" VPOS="264" WIDTH="862" HEIGHT="36">
						<String ID="P239_ST00040" HPOS="93" VPOS="264" WIDTH="222" HEIGHT="27" CONTENT="FLORENCE" WC="0.77" CC="00700404" STYLEREFS="TXT_0"/>
						<SP ID="P239_SP00034" HPOS="315" VPOS="291" WIDTH="12"/>
						<String ID="P239_ST00041" HPOS="327" VPOS="275" WIDTH="5" HEIGHT="23" CONTENT=";" WC="1.00" CC="0" STYLEREFS="TXT_0"/>
						<SP ID="P239_SP00035" HPOS="332" VPOS="298" WIDTH="16"/>
						<String ID="P239_ST00042" HPOS="348" VPOS="275" WIDTH="31" HEIGHT="16" CONTENT="or" WC="0.91" CC="10" STYLEREFS="TXT_0"/>
						<SP ID="P239_SP00036" HPOS="379" VPOS="298" WIDTH="15"/>
						<String ID="P239_ST00043" HPOS="394" VPOS="266" WIDTH="92" HEIGHT="34" CONTENT="Loyal" WC="0.75" CC="00730" STYLEREFS="TXT_0"/>
						<SP ID="P239_SP00037" HPOS="486" VPOS="300" WIDTH="16"/>
						<String ID="P239_ST00044" HPOS="502" VPOS="266" WIDTH="103" HEIGHT="34" CONTENT="Quand" WC="0.60" CC="75150" STYLEREFS="TXT_0"/>
						<SP ID="P239_SP00038" HPOS="605" VPOS="300" WIDTH="17"/>
						<String ID="P239_ST00045" HPOS="622" VPOS="266" WIDTH="101" HEIGHT="25" CONTENT="Meme." WC="0.99" CC="00000" STYLEREFS="TXT_0"/>
						<SP ID="P239_SP00039" HPOS="723" VPOS="300" WIDTH="28"/>
						<String ID="P239_ST00046" HPOS="751" VPOS="265" WIDTH="43" HEIGHT="34" CONTENT="By" WC="0.36" CC="56" STYLEREFS="TXT_0"/>
						<SP ID="P239_SP00040" HPOS="794" VPOS="300" WIDTH="11"/>
						<String ID="P239_ST00047" HPOS="805" VPOS="265" WIDTH="150" HEIGHT="25" CONTENT="FRANCES" WC="0.72" CC="0523007" STYLEREFS="TXT_0"/>
					</TextLine>
					<TextLine ID="P239_TL00008" HPOS="122" VPOS="301" WIDTH="655" HEIGHT="30">
						<String ID="P239_ST00048" HPOS="122" VPOS="301" WIDTH="178" HEIGHT="23" CONTENT="Armstrong." WC="0.68" CC="0820040653" STYLEREFS="TXT_0"/>
						<SP ID="P239_SP00041" HPOS="300" VPOS="324" WIDTH="34"/>
						<String ID="P239_ST00049" HPOS="334" VPOS="302" WIDTH="86" HEIGHT="22" CONTENT="Crown" WC="0.87" CC="00006" STYLEREFS="TXT_0"/>
						<SP ID="P239_SP00042" HPOS="420" VPOS="324" WIDTH="11"/>
						<String ID="P239_ST00050" HPOS="431" VPOS="303" WIDTH="53" HEIGHT="27" CONTENT="8vo," WC="0.78" CC="2600" STYLEREFS="TXT_0"/>
						<SP ID="P239_SP00043" HPOS="484" VPOS="330" WIDTH="13"/>
						<String ID="P239_ST00051" HPOS="497" VPOS="309" WIDTH="10" HEIGHT="22" CONTENT="5" WC="1.00" CC="0" STYLEREFS="TXT_0"/>
						<SP ID="P239_SP00044" HPOS="507" VPOS="331" WIDTH="5"/>
						<String ID="P239_ST00052" HPOS="512" VPOS="310" WIDTH="24" HEIGHT="21" CONTENT="s," WC="0.48" CC="27" STYLEREFS="TXT_0"/>
						<SP ID="P239_SP00045" HPOS="536" VPOS="331" WIDTH="13"/>
						<String ID="P239_ST00053" HPOS="549" VPOS="303" WIDTH="70" HEIGHT="22" CONTENT="cloth." WC="0.74" CC="050360" STYLEREFS="TXT_0"/>
						<SP ID="P239_SP00046" HPOS="619" VPOS="331" WIDTH="36"/>
						<String ID="P239_ST00054" HPOS="655" VPOS="303" WIDTH="57" HEIGHT="21" CONTENT="Post" WC="0.75" CC="0072" STYLEREFS="TXT_0"/>
						<SP ID="P239_SP00047" HPOS="712" VPOS="331" WIDTH="11"/>
						<String ID="P239_ST00055" HPOS="723" VPOS="302" WIDTH="54" HEIGHT="21" CONTENT="free." WC="0.84" CC="60001" STYLEREFS="TXT_0"/>
					</TextLine>
					<TextLine ID="P239_TL00009" HPOS="121" VPOS="329" WIDTH="833" HEIGHT="27">
						<String ID="P239_ST00056" HPOS="121" VPOS="334" WIDTH="12" HEIGHT="6" CONTENT='"' WC="0.29" CC="7"/>
						<SP ID="P239_SP00048" HPOS="133" VPOS="340" WIDTH="7"/>
						<String ID="P239_ST00057" HPOS="140" VPOS="332" WIDTH="20" HEIGHT="19" CONTENT="A" WC="0.15" CC="8"/>
						<SP ID="P239_SP00049" HPOS="160" VPOS="351" WIDTH="8"/>
						<String ID="P239_ST00058" HPOS="168" VPOS="337" WIDTH="46" HEIGHT="18" CONTENT="very" WC="0.49" CC="7066"/>
						<SP ID="P239_SP00050" HPOS="214" VPOS="355" WIDTH="8"/>
						<String ID="P239_ST00059" HPOS="222" VPOS="332" WIDTH="108" HEIGHT="24" CONTENT="charming" WC="0.70" CC="03703007"/>
						<SP ID="P239_SP00051" HPOS="330" VPOS="356" WIDTH="9"/>
						<String ID="P239_ST00060" HPOS="339" VPOS="333" WIDTH="45" HEIGHT="18" CONTENT="love" WC="0.71" CC="0550"/>
						<SP ID="P239_SP00052" HPOS="384" VPOS="356" WIDTH="9"/>
						<String ID="P239_ST00061" HPOS="393" VPOS="336" WIDTH="61" HEIGHT="20" CONTENT="story," WC="0.78" CC="700050"/>
						<SP ID="P239_SP00053" HPOS="454" VPOS="356" WIDTH="16"/>
						<String ID="P239_ST00062" HPOS="470" VPOS="334" WIDTH="111" HEIGHT="22" CONTENT="eminently" WC="0.63" CC="500806706"/>
						<SP ID="P239_SP00054" HPOS="581" VPOS="356" WIDTH="14"/>
						<String ID="P239_ST00063" HPOS="595" VPOS="339" WIDTH="50" HEIGHT="17" CONTENT="pure" WC="0.75" CC="0720"/>
						<SP ID="P239_SP00055" HPOS="645" VPOS="356" WIDTH="14"/>
						<String ID="P239_ST00064" HPOS="659" VPOS="333" WIDTH="41" HEIGHT="18" CONTENT="and" WC="0.61" CC="235"/>
						<SP ID="P239_SP00056" HPOS="700" VPOS="356" WIDTH="13"/>
						<String ID="P239_ST00065" HPOS="713" VPOS="332" WIDTH="98" HEIGHT="24" CONTENT="lady-like" WC="0.64" CC="442505620"/>
						<SP ID="P239_SP00057" HPOS="811" VPOS="356" WIDTH="13"/>
						<String ID="P239_ST00066" HPOS="824" VPOS="331" WIDTH="21" HEIGHT="18" CONTENT="in" WC="0.74" CC="05"/>
						<SP ID="P239_SP00058" HPOS="845" VPOS="356" WIDTH="15"/>
						<String ID="P239_ST00067" HPOS="860" VPOS="329" WIDTH="67" HEIGHT="20" CONTENT='tone."' WC="0.93" CC="000004"/>
						<String ID="P239_ST00068" HPOS="928" VPOS="340" WIDTH="26" HEIGHT="3" CONTENT="—" WC="0.20" CC="8"/>
					</TextLine>
					<TextLine ID="P239_TL00010" HPOS="95" VPOS="357" WIDTH="248" HEIGHT="19">
						<String ID="P239_ST00069" HPOS="95" VPOS="357" WIDTH="60" HEIGHT="19" CONTENT="Civil" WC="0.38" CC="26777"/>
						<SP ID="P239_SP00059" HPOS="155" VPOS="376" WIDTH="9"/>
						<String ID="P239_ST00070" HPOS="164" VPOS="357" WIDTH="81" HEIGHT="18" CONTENT="Service" WC="0.42" CC="2747657"/>
						<SP ID="P239_SP00060" HPOS="245" VPOS="376" WIDTH="9"/>
						<String ID="P239_ST00071" HPOS="254" VPOS="358" WIDTH="89" HEIGHT="18" CONTENT="Review." WC="0.37" CC="8780657"/>
					</TextLine>
					<TextLine ID="P239_TL00011" HPOS="95" VPOS="388" WIDTH="861" HEIGHT="37">
						<String ID="P239_ST00072" HPOS="95" VPOS="389" WIDTH="83" HEIGHT="27" CONTENT="FOR" WC="0.78" CC="015"/>
						<SP ID="P239_SP00061" HPOS="178" VPOS="416" WIDTH="11"/>
						<String ID="P239_ST00073" HPOS="189" VPOS="389" WIDTH="93" HEIGHT="28" CONTENT="TWO" WC="0.96" CC="100"/>
						<SP ID="P239_SP00062" HPOS="282" VPOS="417" WIDTH="10"/>
						<String ID="P239_ST00074" HPOS="292" VPOS="390" WIDTH="145" HEIGHT="28" CONTENT="YEARS." WC="0.88" CC="200400"/>
						<SP ID="P239_SP00063" HPOS="437" VPOS="418" WIDTH="29"/>
						<String ID="P239_ST00075" HPOS="466" VPOS="392" WIDTH="43" HEIGHT="33" CONTENT="By" WC="0.51" CC="27"/>
						<SP ID="P239_SP00064" HPOS="509" VPOS="425" WIDTH="13"/>
						<String ID="P239_ST00076" HPOS="522" VPOS="392" WIDTH="125" HEIGHT="25" CONTENT="VECTIS." WC="1.00" CC="0000000"/>
						<SP ID="P239_SP00065" HPOS="647" VPOS="425" WIDTH="24"/>
						<String ID="P239_ST00077" HPOS="671" VPOS="390" WIDTH="100" HEIGHT="27" CONTENT="Crown" WC="0.94" CC="00200"/>
						<SP ID="P239_SP00066" HPOS="771" VPOS="425" WIDTH="15"/>
						<String ID="P239_ST00078" HPOS="786" VPOS="390" WIDTH="60" HEIGHT="31" CONTENT="8vo," WC="0.80" CC="4300"/>
						<SP ID="P239_SP00067" HPOS="846" VPOS="425" WIDTH="16"/>
						<String ID="P239_ST00079" HPOS="862" VPOS="395" WIDTH="37" HEIGHT="28" CONTENT="7s." WC="0.87" CC="300"/>
						<SP ID="P239_SP00068" HPOS="899" VPOS="425" WIDTH="11"/>
						<String ID="P239_ST00080" HPOS="910" VPOS="388" WIDTH="46" HEIGHT="26" CONTENT="66." WC="0.24" CC="786"/>
					</TextLine>
					<TextLine ID="P239_TL00012" HPOS="96" VPOS="426" WIDTH="860" HEIGHT="35">
						<String ID="P239_ST00081" HPOS="96" VPOS="427" WIDTH="282" HEIGHT="27" CONTENT="FRIEDEMANN" WC="0.92" CC="0300000002"/>
						<SP ID="P239_SP00069" HPOS="378" VPOS="454" WIDTH="31"/>
						<String ID="P239_ST00082" HPOS="409" VPOS="428" WIDTH="113" HEIGHT="28" CONTENT="BACH" WC="0.74" CC="7002"/>
						<SP ID="P239_SP00070" HPOS="522" VPOS="456" WIDTH="15"/>
						<String ID="P239_ST00083" HPOS="537" VPOS="438" WIDTH="5" HEIGHT="23" CONTENT=";" WC="1.00" CC="0"/>
						<SP ID="P239_SP00071" HPOS="542" VPOS="461" WIDTH="28"/>
						<String ID="P239_ST00084" HPOS="570" VPOS="438" WIDTH="38" HEIGHT="22" CONTENT="or," WC="1.00" CC="000"/>
						<SP ID="P239_SP00072" HPOS="608" VPOS="461" WIDTH="27"/>
						<String ID="P239_ST00085" HPOS="635" VPOS="428" WIDTH="48" HEIGHT="26" CONTENT="the" WC="0.82" CC="050"/>
						<SP ID="P239_SP00073" HPOS="683" VPOS="461" WIDTH="24"/>
						<String ID="P239_ST00086" HPOS="707" VPOS="428" WIDTH="139" HEIGHT="26" CONTENT="Fortunes" WC="0.80" CC="04106300"/>
						<SP ID="P239_SP00074" HPOS="846" VPOS="461" WIDTH="21"/>
						<String ID="P239_ST00087" HPOS="867" VPOS="426" WIDTH="32" HEIGHT="26" CONTENT="of" WC="0.57" CC="25"/>
						<SP ID="P239_SP00075" HPOS="899" VPOS="461" WIDTH="20"/>
						<String ID="P239_ST00088" HPOS="919" VPOS="434" WIDTH="37" HEIGHT="17" CONTENT="an" WC="0.78" CC="12"/>
					</TextLine>
					<TextLine ID="P239_TL00013" HPOS="127" VPOS="464" WIDTH="826" HEIGHT="30">
						<String ID="P239_ST00089" HPOS="127" VPOS="464" WIDTH="106" HEIGHT="22" CONTENT="Idealist." WC="0.88" CC="000504000"/>
						<SP ID="P239_SP00076" HPOS="233" VPOS="486" WIDTH="33"/>
						<String ID="P239_ST00090" HPOS="266" VPOS="465" WIDTH="114" HEIGHT="29" CONTENT="Adapted" WC="0.91" CC="0000600"/>
						<SP ID="P239_SP00077" HPOS="380" VPOS="494" WIDTH="11"/>
						<String ID="P239_ST00091" HPOS="391" VPOS="466" WIDTH="61" HEIGHT="22" CONTENT="from" WC="0.76" CC="2015"/>
						<SP ID="P239_SP00078" HPOS="452" VPOS="494" WIDTH="12"/>
						<String ID="P239_ST00092" HPOS="464" VPOS="467" WIDTH="40" HEIGHT="21" CONTENT="the" WC="0.77" CC="240"/>
						<SP ID="P239_SP00079" HPOS="504" VPOS="494" WIDTH="13"/>
						<String ID="P239_ST00093" HPOS="517" VPOS="466" WIDTH="107" HEIGHT="22" CONTENT="German" WC="0.73" CC="002047"/>
						<SP ID="P239_SP00080" HPOS="624" VPOS="494" WIDTH="9"/>
						<String ID="P239_ST00094" HPOS="633" VPOS="465" WIDTH="26" HEIGHT="22" CONTENT="of" WC="0.79" CC="04"/>
						<SP ID="P239_SP00081" HPOS="659" VPOS="494" WIDTH="9"/>
						<String ID="P239_ST00095" HPOS="668" VPOS="466" WIDTH="27" HEIGHT="21" CONTENT="A." WC="1.00" CC="00"/>
						<SP ID="P239_SP00082" HPOS="695" VPOS="494" WIDTH="19"/>
						<String ID="P239_ST00096" HPOS="714" VPOS="465" WIDTH="29" HEIGHT="22" CONTENT="E." WC="0.75" CC="13"/>
						<SP ID="P239_SP00083" HPOS="743" VPOS="494" WIDTH="18"/>
						<String ID="P239_ST00097" HPOS="761" VPOS="465" WIDTH="192" HEIGHT="21" CONTENT="Brachvogel." WC="0.68" CC="35504400730"/>
					</TextLine>
					<TextLine ID="P239_TL00014" HPOS="126" VPOS="494" WIDTH="830" HEIGHT="31">
						<String ID="P239_ST00098" HPOS="126" VPOS="494" WIDTH="36" HEIGHT="28" CONTENT="By" WC="0.57" CC="61"/>
						<SP ID="P239_SP00084" HPOS="162" VPOS="522" WIDTH="11"/>
						<String ID="P239_ST00099" HPOS="173" VPOS="494" WIDTH="41" HEIGHT="22" CONTENT="the" WC="0.99" CC="000"/>
						<SP ID="P239_SP00085" HPOS="214" VPOS="522" WIDTH="10"/>
						<String ID="P239_ST00100" HPOS="224" VPOS="495" WIDTH="58" HEIGHT="22" CONTENT="Rev." WC="0.86" CC="0032"/>
						<SP ID="P239_SP00086" HPOS="282" VPOS="522" WIDTH="12"/>
						<String ID="P239_ST00101" HPOS="294" VPOS="496" WIDTH="21" HEIGHT="27" CONTENT="J." WC="0.71" CC="05"/>
						<SP ID="P239_SP00087" HPOS="315" VPOS="523" WIDTH="13"/>
						<String ID="P239_ST00102" HPOS="328" VPOS="496" WIDTH="131" HEIGHT="29" CONTENT="Walker," WC="0.83" CC="0001260"/>
						<SP ID="P239_SP00088" HPOS="459" VPOS="525" WIDTH="13"/>
						<String ID="P239_ST00103" HPOS="472" VPOS="497" WIDTH="86" HEIGHT="21" CONTENT="B.C.L." WC="0.92" CC="400000"/>
						<SP ID="P239_SP00089" HPOS="558" VPOS="525" WIDTH="22"/>
						<String ID="P239_ST00104" HPOS="580" VPOS="495" WIDTH="141" HEIGHT="26" CONTENT="Dedicated," WC="0.73" CC="5362072000"/>
						<SP ID="P239_SP00090" HPOS="721" VPOS="525" WIDTH="14"/>
						<String ID="P239_ST00105" HPOS="735" VPOS="494" WIDTH="56" HEIGHT="22" CONTENT="with" WC="0.60" CC="5135"/>
						<SP ID="P239_SP00091" HPOS="791" VPOS="525" WIDTH="12"/>
						<String ID="P239_ST00106" HPOS="803" VPOS="494" WIDTH="153" HEIGHT="28" CONTENT="permission," WC="0.79" CC="00026004360"/>
					</TextLine>
					<TextLine ID="P239_TL00015" HPOS="127" VPOS="524" WIDTH="829" HEIGHT="25">
						<String ID="P239_ST00107" HPOS="127" VPOS="529" WIDTH="24" HEIGHT="17" CONTENT="to" WC="0.65" CC="32"/>
						<SP ID="P239_SP00092" HPOS="151" VPOS="546" WIDTH="22"/>
						<String ID="P239_ST00108" HPOS="173" VPOS="525" WIDTH="98" HEIGHT="22" CONTENT="H.R.H." WC="0.92" CC="000400"/>
						<SP ID="P239_SP00093" HPOS="271" VPOS="547" WIDTH="22"/>
						<String ID="P239_ST00109" HPOS="293" VPOS="526" WIDTH="42" HEIGHT="23" CONTENT="the" WC="0.75" CC="250"/>
						<SP ID="P239_SP00094" HPOS="335" VPOS="549" WIDTH="21"/>
						<String ID="P239_ST00110" HPOS="356" VPOS="527" WIDTH="132" HEIGHT="22" CONTENT="Princess" WC="0.61" CC="68046500"/>
						<SP ID="P239_SP00095" HPOS="488" VPOS="549" WIDTH="18"/>
						<String ID="P239_ST00111" HPOS="506" VPOS="527" WIDTH="152" HEIGHT="22" CONTENT="Christian" WC="0.78" CC="000002664"/>
						<SP ID="P239_SP00096" HPOS="658" VPOS="549" WIDTH="18"/>
						<String ID="P239_ST00112" HPOS="676" VPOS="526" WIDTH="26" HEIGHT="21" CONTENT="of" WC="0.71" CC="05"/>
						<SP ID="P239_SP00097" HPOS="702" VPOS="549" WIDTH="15"/>
						<String ID="P239_ST00113" HPOS="717" VPOS="524" WIDTH="239" HEIGHT="23" CONTENT="Schleswig-Hol-" WC="0.67" CC="00724004760075"/>
					</TextLine>
					<TextLine ID="P239_TL00016" HPOS="128" VPOS="556" WIDTH="451" HEIGHT="29">
						<String ID="P239_ST00114" HPOS="128" VPOS="560" WIDTH="87" HEIGHT="17" CONTENT="STEIN." WC="0.83" CC="010350"/>
						<SP ID="P239_SP00098" HPOS="215" VPOS="577" WIDTH="35"/>
						<String ID="P239_ST00115" HPOS="250" VPOS="561" WIDTH="9" HEIGHT="16" CONTENT="1" WC="0.57" CC="4"/>
						<SP ID="P239_SP00099" HPOS="259" VPOS="577" WIDTH="13"/>
						<String ID="P239_ST00116" HPOS="272" VPOS="556" WIDTH="55" HEIGHT="27" CONTENT="vol.," WC="0.86" CC="21002"/>
						<SP ID="P239_SP00100" HPOS="327" VPOS="583" WIDTH="12"/>
						<String ID="P239_ST00117" HPOS="339" VPOS="564" WIDTH="81" HEIGHT="14" CONTENT="crown" WC="0.90" CC="00050"/>
						<SP ID="P239_SP00101" HPOS="420" VPOS="583" WIDTH="12"/>
						<String ID="P239_ST00118" HPOS="432" VPOS="557" WIDTH="53" HEIGHT="28" CONTENT="8vo," WC="0.81" CC="1024"/>
						<SP ID="P239_SP00102" HPOS="485" VPOS="585" WIDTH="13"/>
						<String ID="P239_ST00119" HPOS="498" VPOS="562" WIDTH="33" HEIGHT="22" CONTENT="7s." WC="1.00" CC="000"/>
						<SP ID="P239_SP00103" HPOS="531" VPOS="585" WIDTH="10"/>
						<String ID="P239_ST00120" HPOS="541" VPOS="556" WIDTH="38" HEIGHT="23" CONTENT="6d." WC="0.87" CC="030"/>
					</TextLine>
					<TextLine ID="P239_TL00017" HPOS="98" VPOS="591" WIDTH="861" HEIGHT="36">
						<String ID="P239_ST00121" HPOS="98" VPOS="593" WIDTH="113" HEIGHT="26" CONTENT="FROM" WC="0.87" CC="0400" STYLEREFS="TXT_2"/>
						<SP ID="P239_SP00104" HPOS="211" VPOS="619" WIDTH="16"/>
						<String ID="P239_ST00122" HPOS="227" VPOS="594" WIDTH="30" HEIGHT="26" CONTENT="A" WC="0.88" CC="1" STYLEREFS="TXT_2"/>
						<SP ID="P239_SP00105" HPOS="257" VPOS="620" WIDTH="15"/>
						<String ID="P239_ST00123" HPOS="272" VPOS="594" WIDTH="81" HEIGHT="26" CONTENT="BED" WC="0.78" CC="600" STYLEREFS="TXT_2"/>
						<SP ID="P239_SP00106" HPOS="353" VPOS="620" WIDTH="16"/>
						<String ID="P239_ST00124" HPOS="369" VPOS="594" WIDTH="52" HEIGHT="27" CONTENT="OF" WC="1.00" CC="00" STYLEREFS="TXT_2"/>
						<SP ID="P239_SP00107" HPOS="421" VPOS="621" WIDTH="16"/>
						<String ID="P239_ST00125" HPOS="437" VPOS="594" WIDTH="137" HEIGHT="27" CONTENT="ROSES." WC="0.87" CC="400200" STYLEREFS="TXT_2"/>
						<SP ID="P239_SP00108" HPOS="574" VPOS="621" WIDTH="41"/>
						<String ID="P239_ST00126" HPOS="615" VPOS="594" WIDTH="43" HEIGHT="33" CONTENT="By" WC="0.34" CC="48" STYLEREFS="TXT_2"/>
						<SP ID="P239_SP00109" HPOS="658" VPOS="627" WIDTH="11"/>
						<String ID="P239_ST00127" HPOS="669" VPOS="593" WIDTH="177" HEIGHT="27" CONTENT="Cuthbert" WC="0.88" CC="00116000" STYLEREFS="TXT_2"/>
						<SP ID="P239_SP00110" HPOS="846" VPOS="627" WIDTH="14"/>
						<String ID="P239_ST00128" HPOS="860" VPOS="591" WIDTH="99" HEIGHT="26" CONTENT="Hope." WC="0.67" CC="04505" STYLEREFS="TXT_2"/>
					</TextLine>
					<TextLine ID="P239_TL00018" HPOS="129" VPOS="630" WIDTH="244" HEIGHT="29">
						<String ID="P239_ST00129" HPOS="129" VPOS="630" WIDTH="86" HEIGHT="22" CONTENT="Crown" WC="0.77" CC="00145"/>
						<SP ID="P239_SP00111" HPOS="215" VPOS="652" WIDTH="12"/>
						<String ID="P239_ST00130" HPOS="227" VPOS="631" WIDTH="52" HEIGHT="28" CONTENT="8vo," WC="0.99" CC="0000"/>
						<SP ID="P239_SP00112" HPOS="279" VPOS="659" WIDTH="13"/>
						<String ID="P239_ST00131" HPOS="292" VPOS="637" WIDTH="33" HEIGHT="22" CONTENT="7s." WC="0.83" CC="400"/>
						<SP ID="P239_SP00113" HPOS="325" VPOS="659" WIDTH="10"/>
						<String ID="P239_ST00132" HPOS="335" VPOS="632" WIDTH="38" HEIGHT="22" CONTENT="6d." WC="0.97" CC="000"/>
					</TextLine>
					<TextLine ID="P239_TL00019" HPOS="105" VPOS="664" WIDTH="854" HEIGHT="51">
						<String ID="P239_ST00133" HPOS="105" VPOS="664" WIDTH="250" HEIGHT="51" CONTENT="PfjlREGORS," WC="0.59" CC="88884000300"/>
						<SP ID="P239_SP00114" HPOS="355" VPOS="715" WIDTH="15"/>
						<String ID="P239_ST00134" HPOS="370" VPOS="673" WIDTH="72" HEIGHT="26" CONTENT="The" WC="0.77" CC="060"/>
						<SP ID="P239_SP00115" HPOS="442" VPOS="715" WIDTH="14"/>
						<String ID="P239_ST00135" HPOS="456" VPOS="682" WIDTH="5" HEIGHT="17" CONTENT=":" WC="0.92" CC="0"/>
						<SP ID="P239_SP00116" HPOS="461" VPOS="715" WIDTH="22"/>
						<String ID="P239_ST00136" HPOS="483" VPOS="682" WIDTH="15" HEIGHT="17" CONTENT="a" WC="0.48" CC="5"/>
						<SP ID="P239_SP00117" HPOS="498" VPOS="715" WIDTH="22"/>
						<String ID="P239_ST00137" HPOS="520" VPOS="672" WIDTH="120" HEIGHT="27" CONTENT="Cornish" WC="0.82" CC="0002207"/>
						<SP ID="P239_SP00118" HPOS="640" VPOS="715" WIDTH="25"/>
						<String ID="P239_ST00138" HPOS="665" VPOS="671" WIDTH="94" HEIGHT="34" CONTENT="Story." WC="0.86" CC="000070"/>
						<SP ID="P239_SP00119" HPOS="759" VPOS="715" WIDTH="53"/>
						<String ID="P239_ST00139" HPOS="812" VPOS="671" WIDTH="44" HEIGHT="33" CONTENT="By" WC="0.35" CC="66"/>
						<SP ID="P239_SP00120" HPOS="856" VPOS="715" WIDTH="19"/>
						<String ID="P239_ST00140" HPOS="875" VPOS="670" WIDTH="84" HEIGHT="34" CONTENT="Jane" WC="0.69" CC="0470"/>
					</TextLine>
					<TextLine ID="P239_TL00020" HPOS="105" VPOS="709" WIDTH="602" HEIGHT="27">
						<String ID="P239_ST00141" HPOS="105" VPOS="711" WIDTH="67" HEIGHT="24" CONTENT="__gj" WC="0.55" CC="0088"/>
						<SP ID="P239_SP00121" HPOS="172" VPOS="735" WIDTH="44"/>
						<String ID="P239_ST00142" HPOS="216" VPOS="710" WIDTH="28" HEIGHT="20" CONTENT="H." WC="0.88" CC="20"/>
						<SP ID="P239_SP00122" HPOS="244" VPOS="735" WIDTH="21"/>
						<String ID="P239_ST00143" HPOS="265" VPOS="710" WIDTH="156" HEIGHT="22" CONTENT="SPETTIGUE." WC="0.75" CC="0503050225"/>
						<SP ID="P239_SP00123" HPOS="421" VPOS="735" WIDTH="36"/>
						<String ID="P239_ST00144" HPOS="457" VPOS="710" WIDTH="85" HEIGHT="22" CONTENT="Crown" WC="0.39" CC="08687"/>
						<SP ID="P239_SP00124" HPOS="542" VPOS="735" WIDTH="12"/>
						<String ID="P239_ST00145" HPOS="554" VPOS="710" WIDTH="59" HEIGHT="26" CONTENT="Svo," WC="0.49" CC="2717"/>
						<SP ID="P239_SP00125" HPOS="613" VPOS="736" WIDTH="12"/>
						<String ID="P239_ST00146" HPOS="625" VPOS="715" WIDTH="32" HEIGHT="21" CONTENT="7s." WC="0.55" CC="570"/>
						<SP ID="P239_SP00126" HPOS="657" VPOS="736" WIDTH="13"/>
						<String ID="P239_ST00147" HPOS="670" VPOS="709" WIDTH="37" HEIGHT="21" CONTENT="6d." WC="1.00" CC="000"/>
					</TextLine>
					<TextLine ID="P239_TL00021" HPOS="103" VPOS="760" WIDTH="859" HEIGHT="44">
						<String ID="P239_ST00148" HPOS="103" VPOS="760" WIDTH="334" HEIGHT="44" CONTENT="IfjWjjlARRINGTON" WC="0.64" CC="0888880164002000"/>
						<SP ID="P239_SP00127" HPOS="437" VPOS="804" WIDTH="12"/>
						<String ID="P239_ST00149" HPOS="449" VPOS="775" WIDTH="6" HEIGHT="23" CONTENT=";" WC="0.89" CC="1"/>
						<SP ID="P239_SP00128" HPOS="455" VPOS="804" WIDTH="15"/>
						<String ID="P239_ST00150" HPOS="470" VPOS="774" WIDTH="38" HEIGHT="22" CONTENT="or," WC="0.87" CC="003"/>
						<SP ID="P239_SP00129" HPOS="508" VPOS="804" WIDTH="15"/>
						<String ID="P239_ST00151" HPOS="523" VPOS="765" WIDTH="48" HEIGHT="26" CONTENT="the" WC="0.90" CC="020"/>
						<SP ID="P239_SP00130" HPOS="571" VPOS="804" WIDTH="16"/>
						<String ID="P239_ST00152" HPOS="587" VPOS="765" WIDTH="104" HEIGHT="25" CONTENT="Exiled" WC="0.76" CC="026400"/>
						<SP ID="P239_SP00131" HPOS="691" VPOS="804" WIDTH="17"/>
						<String ID="P239_ST00153" HPOS="708" VPOS="762" WIDTH="132" HEIGHT="34" CONTENT="Royalist" WC="0.72" CC="53105501"/>
						<String ID="P239_ST00154" HPOS="854" VPOS="770" WIDTH="5" HEIGHT="17" CONTENT=":" WC="0.49" CC="5"/>
						<SP ID="P239_SP00132" HPOS="859" VPOS="804" WIDTH="14"/>
						<String ID="P239_ST00155" HPOS="873" VPOS="770" WIDTH="17" HEIGHT="17" CONTENT="a" WC="0.41" CC="5"/>
						<SP ID="P239_SP00133" HPOS="890" VPOS="804" WIDTH="14"/>
						<String ID="P239_ST00156" HPOS="904" VPOS="760" WIDTH="58" HEIGHT="26" CONTENT="tale" WC="0.77" CC="1700"/>
					</TextLine>
					<TextLine ID="P239_TL00022" HPOS="104" VPOS="791" WIDTH="857" HEIGHT="40">
						<String ID="P239_ST00157" HPOS="104" VPOS="791" WIDTH="79" HEIGHT="40" CONTENT="|_H_|" WC="0.34" CC="73867"/>
						<SP ID="P239_SP00134" HPOS="183" VPOS="831" WIDTH="35"/>
						<String ID="P239_ST00158" HPOS="218" VPOS="803" WIDTH="26" HEIGHT="22" CONTENT="of" WC="0.90" CC="10"/>
						<SP ID="P239_SP00135" HPOS="244" VPOS="831" WIDTH="26"/>
						<String ID="P239_ST00159" HPOS="270" VPOS="804" WIDTH="41" HEIGHT="21" CONTENT="the" WC="0.63" CC="640"/>
						<SP ID="P239_SP00136" HPOS="311" VPOS="831" WIDTH="29"/>
						<String ID="P239_ST00160" HPOS="340" VPOS="804" WIDTH="94" HEIGHT="27" CONTENT="Hague." WC="0.48" CC="678701"/>
						<SP ID="P239_SP00137" HPOS="434" VPOS="831" WIDTH="50"/>
						<String ID="P239_ST00161" HPOS="484" VPOS="803" WIDTH="36" HEIGHT="28" CONTENT="By" WC="0.33" CC="57"/>
						<SP ID="P239_SP00138" HPOS="520" VPOS="831" WIDTH="23"/>
						<String ID="P239_ST00162" HPOS="543" VPOS="803" WIDTH="162" HEIGHT="21" CONTENT="Frederick" WC="0.73" CC="042004407"/>
						<SP ID="P239_SP00139" HPOS="705" VPOS="831" WIDTH="23"/>
						<String ID="P239_ST00163" HPOS="728" VPOS="800" WIDTH="127" HEIGHT="22" CONTENT="Spencer" WC="0.68" CC="0705026"/>
						<SP ID="P239_SP00140" HPOS="855" VPOS="831" WIDTH="27"/>
						<String ID="P239_ST00164" HPOS="882" VPOS="798" WIDTH="79" HEIGHT="22" CONTENT="Bird." WC="0.69" CC="20660"/>
					</TextLine>
					<TextLine ID="P239_TL00023" HPOS="133" VPOS="838" WIDTH="328" HEIGHT="28">
						<String ID="P239_ST00165" HPOS="133" VPOS="841" WIDTH="86" HEIGHT="21" CONTENT="Crown" WC="0.79" CC="01035"/>
						<SP ID="P239_SP00141" HPOS="219" VPOS="862" WIDTH="13"/>
						<String ID="P239_ST00166" HPOS="232" VPOS="839" WIDTH="59" HEIGHT="26" CONTENT="8vo," WC="0.70" CC="4007"/>
						<SP ID="P239_SP00142" HPOS="291" VPOS="865" WIDTH="13"/>
						<String ID="P239_ST00167" HPOS="304" VPOS="838" WIDTH="64" HEIGHT="28" CONTENT="price" WC="0.87" CC="00031"/>
						<SP ID="P239_SP00143" HPOS="368" VPOS="866" WIDTH="14"/>
						<String ID="P239_ST00168" HPOS="382" VPOS="844" WIDTH="32" HEIGHT="20" CONTENT="7s." WC="0.76" CC="033"/>
						<SP ID="P239_SP00144" HPOS="414" VPOS="866" WIDTH="10"/>
						<String ID="P239_ST00169" HPOS="424" VPOS="838" WIDTH="37" HEIGHT="21" CONTENT="6d." WC="0.81" CC="005"/>
					</TextLine>
					<TextLine ID="P239_TL00024" HPOS="104" VPOS="863" WIDTH="857" HEIGHT="34">
						<String ID="P239_ST00170" HPOS="104" VPOS="870" WIDTH="143" HEIGHT="27" CONTENT="HOUSE" WC="0.89" CC="50000" STYLEREFS="TXT_2"/>
						<SP ID="P239_SP00145" HPOS="247" VPOS="897" WIDTH="21"/>
						<String ID="P239_ST00171" HPOS="268" VPOS="870" WIDTH="53" HEIGHT="26" CONTENT="OF" WC="1.00" CC="00" STYLEREFS="TXT_2"/>
						<SP ID="P239_SP00146" HPOS="321" VPOS="897" WIDTH="20"/>
						<String ID="P239_ST00172" HPOS="341" VPOS="867" WIDTH="336" HEIGHT="30" CONTENT="ACHENDAROCH," WC="0.76" CC="004061053051" STYLEREFS="TXT_2"/>
						<SP ID="P239_SP00147" HPOS="677" VPOS="897" WIDTH="14"/>
						<String ID="P239_ST00173" HPOS="691" VPOS="867" WIDTH="72" HEIGHT="25" CONTENT="The" WC="0.78" CC="150" STYLEREFS="TXT_2"/>
						<SP ID="P239_SP00148" HPOS="763" VPOS="897" WIDTH="15"/>
						<String ID="P239_ST00174" HPOS="778" VPOS="875" WIDTH="4" HEIGHT="16" CONTENT=":" WC="0.92" CC="0" STYLEREFS="TXT_2"/>
						<SP ID="P239_SP00149" HPOS="782" VPOS="897" WIDTH="21"/>
						<String ID="P239_ST00175" HPOS="803" VPOS="873" WIDTH="37" HEIGHT="22" CONTENT="or," WC="0.76" CC="501" STYLEREFS="TXT_2"/>
						<SP ID="P239_SP00150" HPOS="840" VPOS="897" WIDTH="13"/>
						<String ID="P239_ST00176" HPOS="853" VPOS="872" WIDTH="35" HEIGHT="18" CONTENT="an" WC="0.58" CC="17" STYLEREFS="TXT_2"/>
						<SP ID="P239_SP00151" HPOS="888" VPOS="897" WIDTH="16"/>
						<String ID="P239_ST00177" HPOS="904" VPOS="863" WIDTH="57" HEIGHT="27" CONTENT="Old" WC="0.74" CC="070" STYLEREFS="TXT_2"/>
					</TextLine>
					<TextLine ID="P239_TL00025" HPOS="133" VPOS="900" WIDTH="833" HEIGHT="34">
						<String ID="P239_ST00178" HPOS="133" VPOS="907" WIDTH="88" HEIGHT="22" CONTENT="Maid's" WC="0.54" CC="664505"/>
						<SP ID="P239_SP00152" HPOS="221" VPOS="929" WIDTH="13"/>
						<String ID="P239_ST00179" HPOS="234" VPOS="906" WIDTH="153" HEIGHT="28" CONTENT="Love-Story." WC="0.80" CC="01500000553"/>
						<SP ID="P239_SP00153" HPOS="387" VPOS="934" WIDTH="35"/>
						<String ID="P239_ST00180" HPOS="422" VPOS="906" WIDTH="37" HEIGHT="28" CONTENT="By" WC="0.28" CC="77"/>
						<SP ID="P239_SP00154" HPOS="459" VPOS="934" WIDTH="12"/>
						<String ID="P239_ST00181" HPOS="471" VPOS="906" WIDTH="34" HEIGHT="21" CONTENT="M." WC="0.90" CC="10"/>
						<SP ID="P239_SP00155" HPOS="505" VPOS="934" WIDTH="15"/>
						<String ID="P239_ST00182" HPOS="520" VPOS="905" WIDTH="88" HEIGHT="21" CONTENT="Emily" WC="0.74" CC="60006"/>
						<SP ID="P239_SP00156" HPOS="608" VPOS="934" WIDTH="19"/>
						<String ID="P239_ST00183" HPOS="627" VPOS="904" WIDTH="141" HEIGHT="22" CONTENT="Cameron." WC="0.77" CC="00302084"/>
						<SP ID="P239_SP00157" HPOS="768" VPOS="934" WIDTH="34"/>
						<String ID="P239_ST00184" HPOS="802" VPOS="902" WIDTH="85" HEIGHT="22" CONTENT="Crown" WC="0.78" CC="03024"/>
						<SP ID="P239_SP00158" HPOS="887" VPOS="934" WIDTH="18"/>
						<String ID="P239_ST00185" HPOS="905" VPOS="900" WIDTH="61" HEIGHT="27" CONTENT="8vo.," WC="0.63" CC="60047"/>
					</TextLine>
					<TextLine ID="P239_TL00026" HPOS="133" VPOS="937" WIDTH="84" HEIGHT="28">
						<String ID="P239_ST00186" HPOS="133" VPOS="943" WIDTH="33" HEIGHT="22" CONTENT="7s." WC="0.81" CC="320"/>
						<SP ID="P239_SP00159" HPOS="166" VPOS="965" WIDTH="13"/>
						<String ID="P239_ST00187" HPOS="179" VPOS="937" WIDTH="38" HEIGHT="22" CONTENT="6d." WC="0.74" CC="034"/>
					</TextLine>
					<TextLine ID="P239_TL00027" HPOS="112" VPOS="969" WIDTH="853" HEIGHT="47">
						<String ID="P239_ST00188" HPOS="112" VPOS="969" WIDTH="279" HEIGHT="47" CONTENT="|Jj||NSIDIOUS" WC="0.63" CC="8877830020000"/>
						<SP ID="P239_SP00160" HPOS="391" VPOS="1016" WIDTH="19"/>
						<String ID="P239_ST00189" HPOS="410" VPOS="976" WIDTH="137" HEIGHT="32" CONTENT="THIEF," WC="0.83" CC="060011"/>
						<SP ID="P239_SP00161" HPOS="547" VPOS="1016" WIDTH="22"/>
						<String ID="P239_ST00190" HPOS="569" VPOS="975" WIDTH="88" HEIGHT="27" CONTENT="The:" WC="0.65" CC="0850"/>
						<SP ID="P239_SP00162" HPOS="657" VPOS="1016" WIDTH="22"/>
						<String ID="P239_ST00191" HPOS="679" VPOS="984" WIDTH="15" HEIGHT="16" CONTENT="a" WC="0.32" CC="6"/>
						<SP ID="P239_SP00163" HPOS="694" VPOS="1016" WIDTH="12"/>
						<String ID="P239_ST00192" HPOS="706" VPOS="974" WIDTH="69" HEIGHT="26" CONTENT="Tale" WC="0.85" CC="0320"/>
						<SP ID="P239_SP00164" HPOS="775" VPOS="1016" WIDTH="10"/>
						<String ID="P239_ST00193" HPOS="785" VPOS="973" WIDTH="42" HEIGHT="25" CONTENT="for" WC="0.85" CC="030"/>
						<SP ID="P239_SP00165" HPOS="827" VPOS="1016" WIDTH="10"/>
						<String ID="P239_ST00194" HPOS="837" VPOS="969" WIDTH="128" HEIGHT="28" CONTENT="Humble" WC="0.64" CC="465050"/>
					</TextLine>
					<TextLine ID="P239_TL00028" HPOS="113" VPOS="1002" WIDTH="852" HEIGHT="43">
						<String ID="P239_ST00195" HPOS="113" VPOS="1002" WIDTH="73" HEIGHT="43" CONTENT="ES.Oll" WC="0.30" CC="880887"/>
						<SP ID="P239_SP00166" HPOS="186" VPOS="1045" WIDTH="38"/>
						<String ID="P239_ST00196" HPOS="224" VPOS="1016" WIDTH="78" HEIGHT="21" CONTENT="Folks." WC="0.74" CC="070070"/>
						<SP ID="P239_SP00167" HPOS="302" VPOS="1045" WIDTH="46"/>
						<String ID="P239_ST00197" HPOS="348" VPOS="1015" WIDTH="35" HEIGHT="27" CONTENT="By" WC="0.46" CC="28"/>
						<SP ID="P239_SP00168" HPOS="383" VPOS="1045" WIDTH="29"/>
						<String ID="P239_ST00198" HPOS="412" VPOS="1015" WIDTH="52" HEIGHT="20" CONTENT="One" WC="0.70" CC="260"/>
						<SP ID="P239_SP00169" HPOS="464" VPOS="1045" WIDTH="27"/>
						<String ID="P239_ST00199" HPOS="491" VPOS="1013" WIDTH="25" HEIGHT="22" CONTENT="of" WC="0.44" CC="73"/>
						<SP ID="P239_SP00170" HPOS="516" VPOS="1045" WIDTH="26"/>
						<String ID="P239_ST00200" HPOS="542" VPOS="1013" WIDTH="164" HEIGHT="22" CONTENT="Themselves." WC="0.55" CC="35425657080"/>
						<SP ID="P239_SP00171" HPOS="706" VPOS="1045" WIDTH="45"/>
						<String ID="P239_ST00201" HPOS="751" VPOS="1011" WIDTH="84" HEIGHT="21" CONTENT="Crown" WC="0.50" CC="04784"/>
						<SP ID="P239_SP00172" HPOS="835" VPOS="1045" WIDTH="23"/>
						<String ID="P239_ST00202" HPOS="858" VPOS="1009" WIDTH="51" HEIGHT="26" CONTENT="Svo," WC="0.59" CC="2760"/>
						<SP ID="P239_SP00173" HPOS="909" VPOS="1045" WIDTH="25"/>
						<String ID="P239_ST00203" HPOS="934" VPOS="1013" WIDTH="31" HEIGHT="22" CONTENT="5s." WC="0.59" CC="371"/>
					</TextLine>
					<TextLine ID="P239_TL00029" HPOS="105" VPOS="1051" WIDTH="215" HEIGHT="26">
						<String ID="P239_ST00204" HPOS="105" VPOS="1054" WIDTH="96" HEIGHT="23" CONTENT="Second" WC="0.78" CC="000560"/>
						<SP ID="P239_SP00174" HPOS="201" VPOS="1077" WIDTH="14"/>
						<String ID="P239_ST00205" HPOS="215" VPOS="1051" WIDTH="105" HEIGHT="22" CONTENT="Edition." WC="0.83" CC="00600060"/>
					</TextLine>
					<TextLine ID="P239_TL00030" HPOS="107" VPOS="1074" WIDTH="859" HEIGHT="37">
						<String ID="P239_ST00206" HPOS="107" VPOS="1085" WIDTH="44" HEIGHT="26" CONTENT="IN" WC="1.00" CC="00"/>
						<SP ID="P239_SP00175" HPOS="151" VPOS="1111" WIDTH="22"/>
						<String ID="P239_ST00207" HPOS="173" VPOS="1081" WIDTH="152" HEIGHT="29" CONTENT="TROPIC" WC="0.69" CC="421430"/>
						<SP ID="P239_SP00176" HPOS="325" VPOS="1111" WIDTH="23"/>
						<String ID="P239_ST00208" HPOS="348" VPOS="1080" WIDTH="102" HEIGHT="27" CONTENT="SEAS" WC="0.91" CC="0030"/>
						<SP ID="P239_SP00177" HPOS="450" VPOS="1111" WIDTH="14"/>
						<String ID="P239_ST00209" HPOS="464" VPOS="1090" WIDTH="5" HEIGHT="16" CONTENT=":" WC="0.95" CC="0"/>
						<SP ID="P239_SP00178" HPOS="469" VPOS="1111" WIDTH="20"/>
						<String ID="P239_ST00210" HPOS="489" VPOS="1088" WIDTH="16" HEIGHT="17" CONTENT="a" WC="0.50" CC="4"/>
						<SP ID="P239_SP00179" HPOS="505" VPOS="1111" WIDTH="19"/>
						<String ID="P239_ST00211" HPOS="524" VPOS="1079" WIDTH="71" HEIGHT="26" CONTENT="Tale" WC="0.98" CC="0000"/>
						<SP ID="P239_SP00180" HPOS="595" VPOS="1111" WIDTH="21"/>
						<String ID="P239_ST00212" HPOS="616" VPOS="1078" WIDTH="32" HEIGHT="26" CONTENT="of" WC="0.78" CC="04"/>
						<SP ID="P239_SP00181" HPOS="648" VPOS="1111" WIDTH="16"/>
						<String ID="P239_ST00213" HPOS="664" VPOS="1077" WIDTH="49" HEIGHT="26" CONTENT="the" WC="0.80" CC="050"/>
						<SP ID="P239_SP00182" HPOS="713" VPOS="1111" WIDTH="22"/>
						<String ID="P239_ST00214" HPOS="735" VPOS="1074" WIDTH="122" HEIGHT="36" CONTENT="Spanish" WC="0.85" CC="0010107"/>
						<SP ID="P239_SP00183" HPOS="857" VPOS="1111" WIDTH="21"/>
						<String ID="P239_ST00215" HPOS="878" VPOS="1074" WIDTH="88" HEIGHT="25" CONTENT="Main." WC="0.76" CC="01027"/>
					</TextLine>
					<TextLine ID="P239_TL00031" HPOS="137" VPOS="1111" WIDTH="830" HEIGHT="38">
						<String ID="P239_ST00216" HPOS="137" VPOS="1122" WIDTH="36" HEIGHT="27" CONTENT="By" WC="0.75" CC="40"/>
						<SP ID="P239_SP00184" HPOS="173" VPOS="1149" WIDTH="11"/>
						<String ID="P239_ST00217" HPOS="184" VPOS="1121" WIDTH="39" HEIGHT="22" CONTENT="W." WC="0.83" CC="03"/>
						<SP ID="P239_SP00185" HPOS="223" VPOS="1149" WIDTH="14"/>
						<String ID="P239_ST00218" HPOS="237" VPOS="1119" WIDTH="80" HEIGHT="21" CONTENT="West" WC="0.97" CC="0100"/>
						<SP ID="P239_SP00186" HPOS="317" VPOS="1149" WIDTH="2"/>
						<String ID="P239_ST00219" HPOS="319" VPOS="1123" WIDTH="57" HEIGHT="17" CONTENT="all." WC="0.74" CC="2430"/>
						<SP ID="P239_SP00187" HPOS="376" VPOS="1149" WIDTH="32"/>
						<String ID="P239_ST00220" HPOS="408" VPOS="1117" WIDTH="94" HEIGHT="22" CONTENT="Author" WC="0.58" CC="066542"/>
						<SP ID="P239_SP00188" HPOS="502" VPOS="1149" WIDTH="9"/>
						<String ID="P239_ST00221" HPOS="511" VPOS="1117" WIDTH="26" HEIGHT="21" CONTENT="of" WC="1.00" CC="00"/>
						<SP ID="P239_SP00189" HPOS="537" VPOS="1149" WIDTH="9"/>
						<String ID="P239_ST00222" HPOS="546" VPOS="1116" WIDTH="12" HEIGHT="10" CONTENT='"' WC="1.00" CC="0"/>
						<SP ID="P239_SP00190" HPOS="558" VPOS="1149" WIDTH="11"/>
						<String ID="P239_ST00223" HPOS="569" VPOS="1116" WIDTH="72" HEIGHT="21" CONTENT="Tales" WC="0.97" CC="00000"/>
						<SP ID="P239_SP00191" HPOS="641" VPOS="1149" WIDTH="11"/>
						<String ID="P239_ST00224" HPOS="652" VPOS="1114" WIDTH="50" HEIGHT="22" CONTENT="and" WC="0.39" CC="466"/>
						<SP ID="P239_SP00192" HPOS="702" VPOS="1149" WIDTH="13"/>
						<String ID="P239_ST00225" HPOS="715" VPOS="1113" WIDTH="109" HEIGHT="28" CONTENT="Legends" WC="0.59" CC="1554407"/>
						<SP ID="P239_SP00193" HPOS="824" VPOS="1149" WIDTH="10"/>
						<String ID="P239_ST00226" HPOS="834" VPOS="1111" WIDTH="28" HEIGHT="22" CONTENT="of" WC="0.86" CC="20"/>
						<SP ID="P239_SP00194" HPOS="862" VPOS="1149" WIDTH="8"/>
						<String ID="P239_ST00227" HPOS="870" VPOS="1111" WIDTH="97" HEIGHT="26" CONTENT="Saxony" WC="0.76" CC="006303"/>
					</TextLine>
					<TextLine ID="P239_TL00032" HPOS="137" VPOS="1146" WIDTH="465" HEIGHT="27">
						<String ID="P239_ST00228" HPOS="137" VPOS="1152" WIDTH="48" HEIGHT="21" CONTENT="and" WC="0.49" CC="761"/>
						<SP ID="P239_SP00195" HPOS="185" VPOS="1173" WIDTH="14"/>
						<String ID="P239_ST00229" HPOS="199" VPOS="1149" WIDTH="117" HEIGHT="24" CONTENT='Lusatia."' WC="0.60" CC="432572252"/>
						<SP ID="P239_SP00196" HPOS="316" VPOS="1173" WIDTH="33"/>
						<String ID="P239_ST00230" HPOS="349" VPOS="1149" WIDTH="84" HEIGHT="21" CONTENT="Crown" WC="0.74" CC="00156"/>
						<SP ID="P239_SP00197" HPOS="433" VPOS="1173" WIDTH="14"/>
						<String ID="P239_ST00231" HPOS="447" VPOS="1148" WIDTH="60" HEIGHT="25" CONTENT="8vo," WC="0.69" CC="2107"/>
						<SP ID="P239_SP00198" HPOS="507" VPOS="1173" WIDTH="13"/>
						<String ID="P239_ST00232" HPOS="520" VPOS="1152" WIDTH="33" HEIGHT="21" CONTENT="7s." WC="0.83" CC="103"/>
						<SP ID="P239_SP00199" HPOS="553" VPOS="1173" WIDTH="12"/>
						<String ID="P239_ST00233" HPOS="565" VPOS="1146" WIDTH="37" HEIGHT="22" CONTENT="6d." WC="0.81" CC="050"/>
					</TextLine>
					<TextLine ID="P239_TL00033" HPOS="109" VPOS="1171" WIDTH="858" HEIGHT="38">
						<String ID="P239_ST00234" HPOS="109" VPOS="1183" WIDTH="43" HEIGHT="26" CONTENT="IN" WC="0.65" CC="07"/>
						<SP ID="P239_SP00200" HPOS="152" VPOS="1209" WIDTH="23"/>
						<String ID="P239_ST00235" HPOS="175" VPOS="1181" WIDTH="87" HEIGHT="27" CONTENT="THE" WC="0.68" CC="170"/>
						<SP ID="P239_SP00201" HPOS="262" VPOS="1209" WIDTH="22"/>
						<String ID="P239_ST00236" HPOS="284" VPOS="1178" WIDTH="150" HEIGHT="28" CONTENT="SPRING" WC="0.67" CC="074052"/>
						<SP ID="P239_SP00202" HPOS="434" VPOS="1209" WIDTH="21"/>
						<String ID="P239_ST00237" HPOS="455" VPOS="1178" WIDTH="53" HEIGHT="26" CONTENT="OF" WC="1.00" CC="00"/>
						<SP ID="P239_SP00203" HPOS="508" VPOS="1209" WIDTH="21"/>
						<String ID="P239_ST00238" HPOS="529" VPOS="1177" WIDTH="60" HEIGHT="25" CONTENT="MY" WC="0.88" CC="02"/>
						<SP ID="P239_SP00204" HPOS="589" VPOS="1209" WIDTH="22"/>
						<String ID="P239_ST00239" HPOS="611" VPOS="1175" WIDTH="94" HEIGHT="26" CONTENT="LIFE" WC="1.00" CC="0000"/>
						<SP ID="P239_SP00205" HPOS="705" VPOS="1209" WIDTH="13"/>
						<String ID="P239_ST00240" HPOS="718" VPOS="1185" WIDTH="6" HEIGHT="16" CONTENT=":" WC="1.00" CC="0"/>
						<SP ID="P239_SP00206" HPOS="724" VPOS="1209" WIDTH="20"/>
						<String ID="P239_ST00241" HPOS="744" VPOS="1183" WIDTH="16" HEIGHT="16" CONTENT="a" WC="0.47" CC="5"/>
						<SP ID="P239_SP00207" HPOS="760" VPOS="1209" WIDTH="15"/>
						<String ID="P239_ST00242" HPOS="775" VPOS="1173" WIDTH="78" HEIGHT="25" CONTENT="Love" WC="1.00" CC="0000"/>
						<SP ID="P239_SP00208" HPOS="853" VPOS="1209" WIDTH="20"/>
						<String ID="P239_ST00243" HPOS="873" VPOS="1171" WIDTH="94" HEIGHT="33" CONTENT="Story." WC="0.73" CC="030084"/>
					</TextLine>
					<TextLine ID="P239_TL00034" HPOS="140" VPOS="1207" WIDTH="831" HEIGHT="40">
						<String ID="P239_ST00244" HPOS="140" VPOS="1220" WIDTH="36" HEIGHT="27" CONTENT="By" WC="0.63" CC="07"/>
						<SP ID="P239_SP00209" HPOS="176" VPOS="1247" WIDTH="12"/>
						<String ID="P239_ST00245" HPOS="188" VPOS="1219" WIDTH="39" HEIGHT="21" CONTENT="the" WC="0.85" CC="040"/>
						<SP ID="P239_SP00210" HPOS="227" VPOS="1247" WIDTH="18"/>
						<String ID="P239_ST00246" HPOS="245" VPOS="1217" WIDTH="111" HEIGHT="23" CONTENT="Princess" WC="0.69" CC="74430004"/>
						<SP ID="P239_SP00211" HPOS="356" VPOS="1247" WIDTH="18"/>
						<String ID="P239_ST00247" HPOS="374" VPOS="1216" WIDTH="75" HEIGHT="21" CONTENT="OLGA" WC="0.80" CC="0403"/>
						<SP ID="P239_SP00212" HPOS="449" VPOS="1247" WIDTH="17"/>
						<String ID="P239_ST00248" HPOS="466" VPOS="1215" WIDTH="203" HEIGHT="21" CONTENT="CANTACUZENE." WC="0.77" CC="045030008500"/>
						<SP ID="P239_SP00213" HPOS="669" VPOS="1247" WIDTH="33"/>
						<String ID="P239_ST00249" HPOS="702" VPOS="1209" WIDTH="143" HEIGHT="24" CONTENT="Translated" WC="0.69" CC="0326407006"/>
						<SP ID="P239_SP00214" HPOS="845" VPOS="1247" WIDTH="15"/>
						<String ID="P239_ST00250" HPOS="860" VPOS="1208" WIDTH="60" HEIGHT="21" CONTENT="from" WC="0.76" CC="7200"/>
						<SP ID="P239_SP00215" HPOS="920" VPOS="1247" WIDTH="9"/>
						<String ID="P239_ST00251" HPOS="929" VPOS="1207" WIDTH="42" HEIGHT="22" CONTENT="the" WC="1.00" CC="000"/>
					</TextLine>
					<TextLine ID="P239_TL00035" HPOS="140" VPOS="1237" WIDTH="830" HEIGHT="39">
						<String ID="P239_ST00252" HPOS="140" VPOS="1249" WIDTH="95" HEIGHT="23" CONTENT="French" WC="0.79" CC="400620"/>
						<SP ID="P239_SP00216" HPOS="235" VPOS="1272" WIDTH="20"/>
						<String ID="P239_ST00253" HPOS="255" VPOS="1249" WIDTH="33" HEIGHT="27" CONTENT="by" WC="0.70" CC="13"/>
						<SP ID="P239_SP00217" HPOS="288" VPOS="1276" WIDTH="23"/>
						<String ID="P239_ST00254" HPOS="311" VPOS="1246" WIDTH="115" HEIGHT="22" CONTENT="Madame" WC="0.58" CC="270860"/>
						<SP ID="P239_SP00218" HPOS="426" VPOS="1276" WIDTH="26"/>
						<String ID="P239_ST00255" HPOS="452" VPOS="1245" WIDTH="97" HEIGHT="28" CONTENT="Klaus," WC="0.87" CC="051000"/>
						<SP ID="P239_SP00219" HPOS="549" VPOS="1276" WIDTH="26"/>
						<String ID="P239_ST00256" HPOS="575" VPOS="1244" WIDTH="55" HEIGHT="21" CONTENT="with" WC="0.51" CC="3365"/>
						<SP ID="P239_SP00220" HPOS="630" VPOS="1276" WIDTH="28"/>
						<String ID="P239_ST00257" HPOS="658" VPOS="1243" WIDTH="40" HEIGHT="21" CONTENT="the" WC="0.73" CC="610"/>
						<SP ID="P239_SP00221" HPOS="698" VPOS="1276" WIDTH="23"/>
						<String ID="P239_ST00258" HPOS="721" VPOS="1240" WIDTH="103" HEIGHT="22" CONTENT="author's" WC="0.60" CC="88440500"/>
						<SP ID="P239_SP00222" HPOS="824" VPOS="1276" WIDTH="24"/>
						<String ID="P239_ST00259" HPOS="848" VPOS="1237" WIDTH="122" HEIGHT="30" CONTENT="approval." WC="0.77" CC="105003701"/>
					</TextLine>
					<TextLine ID="P239_TL00036" HPOS="141" VPOS="1277" WIDTH="252" HEIGHT="29">
						<String ID="P239_ST00260" HPOS="141" VPOS="1280" WIDTH="85" HEIGHT="22" CONTENT="Crown" WC="0.77" CC="02044"/>
						<SP ID="P239_SP00223" HPOS="226" VPOS="1302" WIDTH="12"/>
						<String ID="P239_ST00261" HPOS="238" VPOS="1278" WIDTH="59" HEIGHT="28" CONTENT="8vo," WC="0.59" CC="1707"/>
						<SP ID="P239_SP00224" HPOS="297" VPOS="1306" WIDTH="14"/>
						<String ID="P239_ST00262" HPOS="311" VPOS="1284" WIDTH="32" HEIGHT="20" CONTENT="7s." WC="0.88" CC="300"/>
						<SP ID="P239_SP00225" HPOS="343" VPOS="1306" WIDTH="12"/>
						<String ID="P239_ST00263" HPOS="355" VPOS="1277" WIDTH="38" HEIGHT="21" CONTENT="6d." WC="1.00" CC="000"/>
					</TextLine>
					<TextLine ID="P239_TL00037" HPOS="111" VPOS="1299" WIDTH="860" HEIGHT="39">
						<String ID="P239_ST00264" HPOS="111" VPOS="1308" WIDTH="233" HEIGHT="30" CONTENT="INTRICATE" WC="0.82" CC="060620000" STYLEREFS="TXT_2"/>
						<SP ID="P239_SP00226" HPOS="344" VPOS="1338" WIDTH="31"/>
						<String ID="P239_ST00265" HPOS="375" VPOS="1306" WIDTH="143" HEIGHT="27" CONTENT="PATHS." WC="0.75" CC="801400" STYLEREFS="TXT_2"/>
						<SP ID="P239_SP00227" HPOS="518" VPOS="1338" WIDTH="51"/>
						<String ID="P239_ST00266" HPOS="569" VPOS="1305" WIDTH="43" HEIGHT="33" CONTENT="By" WC="0.25" CC="77" STYLEREFS="TXT_2"/>
						<SP ID="P239_SP00228" HPOS="612" VPOS="1338" WIDTH="25"/>
						<String ID="P239_ST00267" HPOS="637" VPOS="1303" WIDTH="30" HEIGHT="27" CONTENT="C." WC="1.00" CC="00" STYLEREFS="TXT_2"/>
						<SP ID="P239_SP00229" HPOS="667" VPOS="1338" WIDTH="24"/>
						<String ID="P239_ST00268" HPOS="691" VPOS="1303" WIDTH="30" HEIGHT="25" CONTENT="L." WC="0.85" CC="11" STYLEREFS="TXT_2"/>
						<SP ID="P239_SP00230" HPOS="721" VPOS="1338" WIDTH="24"/>
						<String ID="P239_ST00269" HPOS="745" VPOS="1302" WIDTH="23" HEIGHT="34" CONTENT="J." WC="0.69" CC="06" STYLEREFS="TXT_2"/>
						<SP ID="P239_SP00231" HPOS="768" VPOS="1338" WIDTH="24"/>
						<String ID="P239_ST00270" HPOS="792" VPOS="1301" WIDTH="27" HEIGHT="27" CONTENT="S." WC="1.00" CC="00" STYLEREFS="TXT_2"/>
						<SP ID="P239_SP00232" HPOS="819" VPOS="1338" WIDTH="50"/>
						<String ID="P239_ST00271" HPOS="869" VPOS="1299" WIDTH="102" HEIGHT="26" CONTENT="Crown" WC="0.69" CC="32008" STYLEREFS="TXT_2"/>
					</TextLine>
					<TextLine ID="P239_TL00038" HPOS="141" VPOS="1347" WIDTH="145" HEIGHT="28">
						<String ID="P239_ST00272" HPOS="141" VPOS="1348" WIDTH="53" HEIGHT="27" CONTENT="8vo," WC="0.85" CC="5000"/>
						<SP ID="P239_SP00233" HPOS="194" VPOS="1375" WIDTH="14"/>
						<String ID="P239_ST00273" HPOS="208" VPOS="1353" WIDTH="31" HEIGHT="21" CONTENT="7s." WC="0.69" CC="072"/>
						<SP ID="P239_SP00234" HPOS="239" VPOS="1375" WIDTH="10"/>
						<String ID="P239_ST00274" HPOS="249" VPOS="1347" WIDTH="37" HEIGHT="21" CONTENT="6d." WC="0.76" CC="024"/>
					</TextLine>
					<TextLine ID="P239_TL00039" HPOS="118" VPOS="1378" WIDTH="854" HEIGHT="53">
						<String ID="P239_ST00275" HPOS="118" VPOS="1381" WIDTH="168" HEIGHT="50" CONTENT="Hf|0HN" WC="0.29" CC="868773" STYLEREFS="TXT_2"/>
						<SP ID="P239_SP00235" HPOS="286" VPOS="1431" WIDTH="31"/>
						<String ID="P239_ST00276" HPOS="317" VPOS="1385" WIDTH="142" HEIGHT="28" CONTENT="FENN'S" WC="0.90" CC="000230" STYLEREFS="TXT_2"/>
						<SP ID="P239_SP00236" HPOS="459" VPOS="1431" WIDTH="32"/>
						<String ID="P239_ST00277" HPOS="491" VPOS="1383" WIDTH="114" HEIGHT="28" CONTENT="WIFE." WC="0.94" CC="00002" STYLEREFS="TXT_2"/>
						<SP ID="P239_SP00237" HPOS="605" VPOS="1431" WIDTH="41"/>
						<String ID="P239_ST00278" HPOS="646" VPOS="1383" WIDTH="43" HEIGHT="33" CONTENT="By" WC="0.44" CC="55" STYLEREFS="TXT_2"/>
						<SP ID="P239_SP00238" HPOS="689" VPOS="1431" WIDTH="28"/>
						<String ID="P239_ST00279" HPOS="717" VPOS="1381" WIDTH="111" HEIGHT="26" CONTENT="Maria" WC="0.74" CC="04305" STYLEREFS="TXT_2"/>
						<SP ID="P239_SP00239" HPOS="828" VPOS="1431" WIDTH="33"/>
						<String ID="P239_ST00280" HPOS="861" VPOS="1378" WIDTH="111" HEIGHT="26" CONTENT="Lewis." WC="0.78" CC="063200" STYLEREFS="TXT_2"/>
					</TextLine>
					<TextLine ID="P239_TL00040" HPOS="118" VPOS="1415" WIDTH="352" HEIGHT="39">
						<String ID="P239_ST00281" HPOS="118" VPOS="1415" WIDTH="68" HEIGHT="39" CONTENT="gUJj" WC="0.15" CC="8888"/>
						<SP ID="P239_SP00240" HPOS="186" VPOS="1454" WIDTH="42"/>
						<String ID="P239_ST00282" HPOS="228" VPOS="1427" WIDTH="85" HEIGHT="21" CONTENT="Crown" WC="0.43" CC="30886"/>
						<SP ID="P239_SP00241" HPOS="313" VPOS="1454" WIDTH="13"/>
						<String ID="P239_ST00283" HPOS="326" VPOS="1427" WIDTH="52" HEIGHT="21" CONTENT="Svo," WC="0.48" CC="8830"/>
						<SP ID="P239_SP00242" HPOS="378" VPOS="1454" WIDTH="14"/>
						<String ID="P239_ST00284" HPOS="392" VPOS="1429" WIDTH="31" HEIGHT="21" CONTENT="7s." WC="0.79" CC="410"/>
						<SP ID="P239_SP00243" HPOS="423" VPOS="1454" WIDTH="10"/>
						<String ID="P239_ST00285" HPOS="433" VPOS="1422" WIDTH="37" HEIGHT="22" CONTENT="6d." WC="0.55" CC="353"/>
					</TextLine>
					<TextLine ID="P239_TL00041" HPOS="118" VPOS="1462" WIDTH="854" HEIGHT="39">
						<String ID="P239_ST00286" HPOS="118" VPOS="1467" WIDTH="167" HEIGHT="34" CONTENT="IHADY" WC="0.50" CC="88042" STYLEREFS="TXT_2"/>
						<SP ID="P239_SP00244" HPOS="285" VPOS="1501" WIDTH="45"/>
						<String ID="P239_ST00287" HPOS="330" VPOS="1470" WIDTH="203" HEIGHT="30" CONTENT="BLANCHE," WC="0.81" CC="21083000" STYLEREFS="TXT_2"/>
						<SP ID="P239_SP00245" HPOS="533" VPOS="1501" WIDTH="34"/>
						<String ID="P239_ST00288" HPOS="567" VPOS="1469" WIDTH="79" HEIGHT="25" CONTENT="The." WC="0.79" CC="0700" STYLEREFS="TXT_2"/>
						<SP ID="P239_SP00246" HPOS="646" VPOS="1501" WIDTH="50"/>
						<String ID="P239_ST00289" HPOS="696" VPOS="1467" WIDTH="44" HEIGHT="33" CONTENT="By" WC="0.36" CC="65" STYLEREFS="TXT_2"/>
						<SP ID="P239_SP00247" HPOS="740" VPOS="1501" WIDTH="22"/>
						<String ID="P239_ST00290" HPOS="762" VPOS="1466" WIDTH="138" HEIGHT="25" CONTENT="Harold" WC="0.50" CC="765027" STYLEREFS="TXT_2"/>
						<SP ID="P239_SP00248" HPOS="900" VPOS="1501" WIDTH="23"/>
						<String ID="P239_ST00291" HPOS="923" VPOS="1462" WIDTH="49" HEIGHT="27" CONTENT="St." WC="0.85" CC="030" STYLEREFS="TXT_2"/>
					</TextLine>
					<TextLine ID="P239_TL00042" HPOS="118" VPOS="1499" WIDTH="475" HEIGHT="38">
						<String ID="P239_ST00292" HPOS="118" VPOS="1499" WIDTH="69" HEIGHT="38" CONTENT="B.lBfl" WC="0.27" CC="828877"/>
						<SP ID="P239_SP00249" HPOS="187" VPOS="1537" WIDTH="42"/>
						<String ID="P239_ST00293" HPOS="229" VPOS="1514" WIDTH="90" HEIGHT="20" CONTENT="Clair." WC="0.51" CC="528660"/>
						<SP ID="P239_SP00250" HPOS="319" VPOS="1537" WIDTH="35"/>
						<String ID="P239_ST00294" HPOS="354" VPOS="1510" WIDTH="86" HEIGHT="22" CONTENT="Crown" WC="0.84" CC="02050"/>
						<SP ID="P239_SP00251" HPOS="440" VPOS="1537" WIDTH="11"/>
						<String ID="P239_ST00295" HPOS="451" VPOS="1508" WIDTH="52" HEIGHT="27" CONTENT="8vo," WC="0.72" CC="0721"/>
						<SP ID="P239_SP00252" HPOS="503" VPOS="1537" WIDTH="12"/>
						<String ID="P239_ST00296" HPOS="515" VPOS="1512" WIDTH="33" HEIGHT="22" CONTENT="7s." WC="0.83" CC="004"/>
						<SP ID="P239_SP00253" HPOS="548" VPOS="1537" WIDTH="8"/>
						<String ID="P239_ST00297" HPOS="556" VPOS="1505" WIDTH="37" HEIGHT="23" CONTENT="6d." WC="0.86" CC="040"/>
					</TextLine>
					<TextLine ID="P239_TL00043" HPOS="111" VPOS="1555" WIDTH="865" HEIGHT="44">
						<String ID="P239_ST00298" HPOS="111" VPOS="1569" WIDTH="120" HEIGHT="30" CONTENT="Samuel" WC="0.56" CC="754701"/>
						<SP ID="P239_SP00254" HPOS="231" VPOS="1599" WIDTH="19"/>
						<String ID="P239_ST00299" HPOS="250" VPOS="1566" WIDTH="119" HEIGHT="33" CONTENT="Tinsley" WC="0.69" CC="4083500"/>
						<SP ID="P239_SP00255" HPOS="369" VPOS="1599" WIDTH="19"/>
						<String ID="P239_ST00300" HPOS="388" VPOS="1565" WIDTH="25" HEIGHT="26" CONTENT="&amp;" WC="0.77" CC="2"/>
						<SP ID="P239_SP00256" HPOS="413" VPOS="1599" WIDTH="18"/>
						<String ID="P239_ST00301" HPOS="431" VPOS="1564" WIDTH="55" HEIGHT="29" CONTENT="Co," WC="0.45" CC="627"/>
						<SP ID="P239_SP00257" HPOS="486" VPOS="1599" WIDTH="16"/>
						<String ID="P239_ST00302" HPOS="502" VPOS="1562" WIDTH="45" HEIGHT="33" CONTENT="10," WC="0.81" CC="005"/>
						<SP ID="P239_SP00258" HPOS="547" VPOS="1599" WIDTH="14"/>
						<String ID="P239_ST00303" HPOS="561" VPOS="1560" WIDTH="215" HEIGHT="33" CONTENT="Southampton" WC="0.55" CC="30738433328"/>
						<SP ID="P239_SP00259" HPOS="776" VPOS="1599" WIDTH="18"/>
						<String ID="P239_ST00304" HPOS="794" VPOS="1558" WIDTH="50" HEIGHT="32" CONTENT="St," WC="0.55" CC="057"/>
						<SP ID="P239_SP00260" HPOS="844" VPOS="1599" WIDTH="12"/>
						<String ID="P239_ST00305" HPOS="856" VPOS="1555" WIDTH="120" HEIGHT="29" CONTENT="Strand." WC="0.55" CC="6720770"/>
					</TextLine>
				</TextBlock>
			</PrintSpace>
		</Page>
	</Layout>
</alto>
