<?xml version="1.0" encoding="UTF-8"?>
<alto xmlns:xsi="http://www.w3.org/2001/XMLSchema-instance" xsi:noNamespaceSchemaLocation="http://www.bl.uk/schemas/alto/alto-1-4.xsd" xmlns:xlink="http://www.w3.org/1999/xlink">
	<Description>
		<MeasurementUnit>mm10</MeasurementUnit>
		<sourceImageInformation>
			<fileName>//head1/IN/2007-46/A0010904365.2/000580.jp2</fileName>
		</sourceImageInformation>
		<OCRProcessing ID="OCRPROCESSING_1">
			<preProcessingStep>
				<processingSoftware>
					<softwareCreator>CCS Content Conversion Specialists GmbH, Germany</softwareCreator>
					<softwareName>CCS docWORKS</softwareName>
					<softwareVersion>6.1-0.62</softwareVersion>
				</processingSoftware>
			</preProcessingStep>
			<ocrProcessingStep>
				<processingSoftware>
					<softwareCreator>ABBYY (BIT Software), Russia</softwareCreator>
					<softwareName>Finereader</softwareName>
				</processingSoftware>
			</ocrProcessingStep>
		</OCRProcessing>
	</Description>
	<Styles>
		<TextStyle ID="TXT_0" FONTSIZE="10" FONTFAMILY="Courier New"/>
		<ParagraphStyle ID="PAR_LEFT" ALIGN="Left"/>
		<ParagraphStyle ID="PAR_CENTER" ALIGN="Center"/>
	</Styles>
	<Layout>
		<Page ID="P246" PHYSICAL_IMG_NR="246" HEIGHT="1667" WIDTH="979" PRINTED_IMG_NR="232" POSITION="Left" ACCURACY="68.49">
			<TopMargin ID="P246_TM00001" HPOS="0" VPOS="0" WIDTH="978" HEIGHT="114">
				<TextBlock ID="P246_TB00001" HPOS="117" VPOS="86" WIDTH="54" HEIGHT="26" STYLEREFS="TXT_0 PAR_LEFT">
					<TextLine ID="P246_TL00001" HPOS="117" VPOS="86" WIDTH="54" HEIGHT="26">
						<String ID="P246_ST00001" HPOS="117" VPOS="86" WIDTH="54" HEIGHT="26" CONTENT="232" WC="1.00" CC="000"/>
					</TextLine>
				</TextBlock>
				<TextBlock ID="P246_TB00002" HPOS="370" VPOS="91" WIDTH="266" HEIGHT="21" STYLEREFS="TXT_0 PAR_CENTER">
					<TextLine ID="P246_TL00002" HPOS="371" VPOS="92" WIDTH="265" HEIGHT="20">
						<String ID="P246_ST00002" HPOS="371" VPOS="93" WIDTH="58" HEIGHT="19" CONTENT="ALL" WC="0.50" CC="905"/>
						<SP ID="P246_SP00001" HPOS="429" VPOS="112" WIDTH="20"/>
						<String ID="P246_ST00003" HPOS="449" VPOS="93" WIDTH="58" HEIGHT="19" CONTENT="FOR" WC="0.54" CC="607"/>
						<SP ID="P246_SP00002" HPOS="507" VPOS="112" WIDTH="21"/>
						<String ID="P246_ST00004" HPOS="528" VPOS="92" WIDTH="108" HEIGHT="20" CONTENT="GREED." WC="0.75" CC="602600"/>
					</TextLine>
				</TextBlock>
			</TopMargin>
			<LeftMargin ID="P246_LM00001" HPOS="0" VPOS="114" WIDTH="117" HEIGHT="1355"/>
			<RightMargin ID="P246_RM00001" HPOS="897" VPOS="114" WIDTH="81" HEIGHT="1355"/>
			<BottomMargin ID="P246_BM00001" HPOS="0" VPOS="1469" WIDTH="978" HEIGHT="198"/>
			<PrintSpace ID="P246_PS00001" HPOS="117" VPOS="114" WIDTH="780" HEIGHT="1355">
				<TextBlock ID="P246_TB00003" HPOS="118" VPOS="175" WIDTH="775" HEIGHT="111" STYLEREFS="TXT_0 PAR_LEFT">
					<TextLine ID="P246_TL00003" HPOS="119" VPOS="176" WIDTH="774" HEIGHT="44">
						<String ID="P246_ST00005" HPOS="119" VPOS="192" WIDTH="78" HEIGHT="28" CONTENT="man," WC="0.82" CC="0070"/>
						<SP ID="P246_SP00003" HPOS="197" VPOS="220" WIDTH="32"/>
						<String ID="P246_ST00006" HPOS="229" VPOS="180" WIDTH="78" HEIGHT="31" CONTENT="with" WC="0.60" CC="0447"/>
						<SP ID="P246_SP00004" HPOS="307" VPOS="220" WIDTH="29"/>
						<String ID="P246_ST00007" HPOS="336" VPOS="190" WIDTH="18" HEIGHT="19" CONTENT="a" WC="1.00" CC="0"/>
						<SP ID="P246_SP00005" HPOS="354" VPOS="220" WIDTH="29"/>
						<String ID="P246_ST00008" HPOS="383" VPOS="182" WIDTH="123" HEIGHT="37" CONTENT="gesture" WC="0.68" CC="0070770"/>
						<SP ID="P246_SP00006" HPOS="506" VPOS="220" WIDTH="32"/>
						<String ID="P246_ST00009" HPOS="538" VPOS="178" WIDTH="33" HEIGHT="30" CONTENT="of" WC="0.87" CC="02"/>
						<SP ID="P246_SP00007" HPOS="571" VPOS="220" WIDTH="26"/>
						<String ID="P246_ST00010" HPOS="597" VPOS="176" WIDTH="196" HEIGHT="41" CONTENT="impatience." WC="0.90" CC="40000006000"/>
						<SP ID="P246_SP00008" HPOS="793" VPOS="220" WIDTH="53"/>
						<String ID="P246_ST00011" HPOS="846" VPOS="176" WIDTH="19" HEIGHT="17" CONTENT='"' WC="0.71" CC="2"/>
						<SP ID="P246_SP00009" HPOS="865" VPOS="220" WIDTH="12"/>
						<String ID="P246_ST00012" HPOS="877" VPOS="176" WIDTH="16" HEIGHT="29" CONTENT="I" WC="0.59" CC="4"/>
					</TextLine>
					<TextLine ID="P246_TL00004" HPOS="119" VPOS="248" WIDTH="402" HEIGHT="38">
						<String ID="P246_ST00013" HPOS="119" VPOS="251" WIDTH="77" HEIGHT="30" CONTENT="have" WC="0.64" CC="6070"/>
						<SP ID="P246_SP00010" HPOS="196" VPOS="281" WIDTH="17"/>
						<String ID="P246_ST00014" HPOS="213" VPOS="249" WIDTH="66" HEIGHT="31" CONTENT="said" WC="0.61" CC="6053"/>
						<SP ID="P246_SP00011" HPOS="279" VPOS="281" WIDTH="15"/>
						<String ID="P246_ST00015" HPOS="294" VPOS="259" WIDTH="32" HEIGHT="20" CONTENT="so" WC="0.60" CC="61"/>
						<SP ID="P246_SP00012" HPOS="326" VPOS="281" WIDTH="16"/>
						<String ID="P246_ST00016" HPOS="342" VPOS="248" WIDTH="41" HEIGHT="30" CONTENT="all" WC="0.98" CC="000"/>
						<SP ID="P246_SP00013" HPOS="383" VPOS="281" WIDTH="15"/>
						<String ID="P246_ST00017" HPOS="398" VPOS="248" WIDTH="123" HEIGHT="38" CONTENT='along."' WC="0.72" CC="0506014"/>
					</TextLine>
				</TextBlock>
				<TextBlock ID="P246_TB00004" HPOS="165" VPOS="315" WIDTH="619" HEIGHT="42" STYLEREFS="TXT_0 PAR_LEFT">
					<TextLine ID="P246_TL00005" HPOS="166" VPOS="315" WIDTH="618" HEIGHT="42">
						<String ID="P246_ST00018" HPOS="166" VPOS="322" WIDTH="18" HEIGHT="14" CONTENT='"' WC="0.57" CC="4"/>
						<SP ID="P246_SP00014" HPOS="184" VPOS="336" WIDTH="14"/>
						<String ID="P246_ST00019" HPOS="198" VPOS="320" WIDTH="87" HEIGHT="29" CONTENT="Then" WC="0.63" CC="0707"/>
						<SP ID="P246_SP00015" HPOS="285" VPOS="349" WIDTH="15"/>
						<String ID="P246_ST00020" HPOS="300" VPOS="320" WIDTH="68" HEIGHT="30" CONTENT="who" WC="0.75" CC="070"/>
						<SP ID="P246_SP00016" HPOS="368" VPOS="350" WIDTH="13"/>
						<String ID="P246_ST00021" HPOS="381" VPOS="329" WIDTH="63" HEIGHT="19" CONTENT="was" WC="0.59" CC="057"/>
						<SP ID="P246_SP00017" HPOS="444" VPOS="350" WIDTH="14"/>
						<String ID="P246_ST00022" HPOS="458" VPOS="328" WIDTH="80" HEIGHT="29" CONTENT="your" WC="0.81" CC="0070"/>
						<SP ID="P246_SP00018" HPOS="538" VPOS="357" WIDTH="14"/>
						<String ID="P246_ST00023" HPOS="552" VPOS="315" WIDTH="182" HEIGHT="41" CONTENT="accomplice" WC="0.82" CC="7204000020"/>
						<SP ID="P246_SP00019" HPOS="734" VPOS="357" WIDTH="14"/>
						<String ID="P246_ST00024" HPOS="748" VPOS="316" WIDTH="36" HEIGHT="30" CONTENT='?"' WC="0.72" CC="05"/>
					</TextLine>
				</TextBlock>
				<TextBlock ID="P246_TB00005" HPOS="121" VPOS="385" WIDTH="773" HEIGHT="252" STYLEREFS="TXT_0 PAR_LEFT">
					<TextLine ID="P246_TL00006" HPOS="166" VPOS="386" WIDTH="728" HEIGHT="39">
						<String ID="P246_ST00025" HPOS="166" VPOS="392" WIDTH="18" HEIGHT="14" CONTENT='"' WC="0.45" CC="5"/>
						<SP ID="P246_SP00020" HPOS="184" VPOS="406" WIDTH="13"/>
						<String ID="P246_ST00026" HPOS="197" VPOS="390" WIDTH="16" HEIGHT="29" CONTENT="I" WC="0.77" CC="2"/>
						<SP ID="P246_SP00021" HPOS="213" VPOS="419" WIDTH="23"/>
						<String ID="P246_ST00027" HPOS="236" VPOS="389" WIDTH="65" HEIGHT="30" CONTENT="will" WC="0.90" CC="0102"/>
						<SP ID="P246_SP00022" HPOS="301" VPOS="419" WIDTH="26"/>
						<String ID="P246_ST00028" HPOS="327" VPOS="391" WIDTH="54" HEIGHT="28" CONTENT="not" WC="0.57" CC="651"/>
						<SP ID="P246_SP00023" HPOS="381" VPOS="419" WIDTH="25"/>
						<String ID="P246_ST00029" HPOS="406" VPOS="398" WIDTH="116" HEIGHT="20" CONTENT="answer" WC="0.61" CC="076026"/>
						<SP ID="P246_SP00024" HPOS="522" VPOS="419" WIDTH="24"/>
						<String ID="P246_ST00030" HPOS="546" VPOS="387" WIDTH="99" HEIGHT="38" CONTENT='that,"' WC="0.60" CC="270643"/>
						<SP ID="P246_SP00025" HPOS="645" VPOS="425" WIDTH="18"/>
						<String ID="P246_ST00031" HPOS="663" VPOS="386" WIDTH="157" HEIGHT="30" CONTENT="mumbled" WC="0.71" CC="0704601"/>
						<SP ID="P246_SP00026" HPOS="820" VPOS="425" WIDTH="23"/>
						<String ID="P246_ST00032" HPOS="843" VPOS="386" WIDTH="51" HEIGHT="29" CONTENT="the" WC="0.75" CC="070"/>
					</TextLine>
					<TextLine ID="P246_TL00007" HPOS="122" VPOS="455" WIDTH="772" HEIGHT="42">
						<String ID="P246_ST00033" HPOS="122" VPOS="460" WIDTH="196" HEIGHT="29" CONTENT="woodcutter." WC="0.72" CC="03310707050"/>
						<SP ID="P246_SP00027" HPOS="318" VPOS="489" WIDTH="43"/>
						<String ID="P246_ST00034" HPOS="361" VPOS="460" WIDTH="17" HEIGHT="15" CONTENT='"' WC="0.70" CC="2"/>
						<SP ID="P246_SP00028" HPOS="378" VPOS="489" WIDTH="13"/>
						<String ID="P246_ST00035" HPOS="391" VPOS="458" WIDTH="16" HEIGHT="29" CONTENT="I" WC="1.00" CC="0"/>
						<SP ID="P246_SP00029" HPOS="407" VPOS="489" WIDTH="16"/>
						<String ID="P246_ST00036" HPOS="423" VPOS="457" WIDTH="163" HEIGHT="30" CONTENT="murdered" WC="0.59" CC="37090604"/>
						<SP ID="P246_SP00030" HPOS="586" VPOS="489" WIDTH="14"/>
						<String ID="P246_ST00037" HPOS="600" VPOS="467" WIDTH="55" HEIGHT="30" CONTENT="my" WC="1.00" CC="00"/>
						<SP ID="P246_SP00031" HPOS="655" VPOS="497" WIDTH="14"/>
						<String ID="P246_ST00038" HPOS="669" VPOS="458" WIDTH="121" HEIGHT="28" CONTENT="master." WC="0.84" CC="0070030"/>
						<SP ID="P246_SP00032" HPOS="790" VPOS="497" WIDTH="47"/>
						<String ID="P246_ST00039" HPOS="837" VPOS="455" WIDTH="57" HEIGHT="30" CONTENT="Let" WC="0.62" CC="505"/>
					</TextLine>
					<TextLine ID="P246_TL00008" HPOS="122" VPOS="527" WIDTH="772" HEIGHT="41">
						<String ID="P246_ST00040" HPOS="122" VPOS="540" WIDTH="47" HEIGHT="18" CONTENT="me" WC="1.00" CC="00"/>
						<SP ID="P246_SP00033" HPOS="169" VPOS="558" WIDTH="16"/>
						<String ID="P246_ST00041" HPOS="185" VPOS="539" WIDTH="39" HEIGHT="29" CONTENT="go" WC="1.00" CC="00"/>
						<SP ID="P246_SP00034" HPOS="224" VPOS="568" WIDTH="15"/>
						<String ID="P246_ST00042" HPOS="239" VPOS="530" WIDTH="32" HEIGHT="27" CONTENT="to" WC="1.00" CC="00"/>
						<SP ID="P246_SP00035" HPOS="271" VPOS="568" WIDTH="15"/>
						<String ID="P246_ST00043" HPOS="286" VPOS="539" WIDTH="54" HEIGHT="29" CONTENT="my" WC="0.53" CC="90"/>
						<SP ID="P246_SP00036" HPOS="340" VPOS="568" WIDTH="16"/>
						<String ID="P246_ST00044" HPOS="356" VPOS="528" WIDTH="89" HEIGHT="29" CONTENT="doom" WC="1.00" CC="0000"/>
						<SP ID="P246_SP00037" HPOS="445" VPOS="568" WIDTH="20"/>
						<String ID="P246_ST00045" HPOS="465" VPOS="527" WIDTH="34" HEIGHT="30" CONTENT="in" WC="0.53" CC="17"/>
						<SP ID="P246_SP00038" HPOS="499" VPOS="568" WIDTH="19"/>
						<String ID="P246_ST00046" HPOS="518" VPOS="537" WIDTH="99" HEIGHT="30" CONTENT="peace." WC="0.93" CC="000300"/>
						<SP ID="P246_SP00039" HPOS="617" VPOS="568" WIDTH="48"/>
						<String ID="P246_ST00047" HPOS="665" VPOS="527" WIDTH="58" HEIGHT="29" CONTENT="Let" WC="0.61" CC="406"/>
						<SP ID="P246_SP00040" HPOS="723" VPOS="568" WIDTH="20"/>
						<String ID="P246_ST00048" HPOS="743" VPOS="536" WIDTH="49" HEIGHT="20" CONTENT="me" WC="0.52" CC="45"/>
						<SP ID="P246_SP00041" HPOS="792" VPOS="568" WIDTH="16"/>
						<String ID="P246_ST00049" HPOS="808" VPOS="536" WIDTH="39" HEIGHT="29" CONTENT="go" WC="1.00" CC="00"/>
						<SP ID="P246_SP00042" HPOS="847" VPOS="568" WIDTH="16"/>
						<String ID="P246_ST00050" HPOS="863" VPOS="528" WIDTH="31" HEIGHT="28" CONTENT="to" WC="1.00" CC="00"/>
					</TextLine>
					<TextLine ID="P246_TL00009" HPOS="122" VPOS="598" WIDTH="276" HEIGHT="39">
						<String ID="P246_ST00051" HPOS="122" VPOS="610" WIDTH="53" HEIGHT="27" CONTENT="my" WC="1.00" CC="00"/>
						<SP ID="P246_SP00043" HPOS="175" VPOS="637" WIDTH="16"/>
						<String ID="P246_ST00052" HPOS="191" VPOS="598" WIDTH="158" HEIGHT="39" CONTENT="expiation" WC="0.74" CC="000500556"/>
						<String ID="P246_ST00053" HPOS="362" VPOS="598" WIDTH="5" HEIGHT="30" CONTENT="!" WC="0.71" CC="2"/>
						<SP ID="P246_SP00044" HPOS="367" VPOS="637" WIDTH="14"/>
						<String ID="P246_ST00054" HPOS="381" VPOS="598" WIDTH="17" HEIGHT="15" CONTENT='"' WC="0.40" CC="5"/>
					</TextLine>
				</TextBlock>
				<TextBlock ID="P246_TB00006" HPOS="121" VPOS="665" WIDTH="776" HEIGHT="804" STYLEREFS="TXT_0 PAR_LEFT">
					<TextLine ID="P246_TL00010" HPOS="168" VPOS="666" WIDTH="727" HEIGHT="41">
						<String ID="P246_ST00055" HPOS="168" VPOS="670" WIDTH="17" HEIGHT="15" CONTENT='"' WC="0.30" CC="6"/>
						<SP ID="P246_SP00045" HPOS="185" VPOS="685" WIDTH="14"/>
						<String ID="P246_ST00056" HPOS="199" VPOS="668" WIDTH="130" HEIGHT="39" CONTENT="Prosper" WC="0.59" CC="6506035"/>
						<SP ID="P246_SP00046" HPOS="329" VPOS="707" WIDTH="30"/>
						<String ID="P246_ST00057" HPOS="359" VPOS="668" WIDTH="101" HEIGHT="29" CONTENT="Morel" WC="0.89" CC="00202"/>
						<String ID="P246_ST00058" HPOS="474" VPOS="668" WIDTH="6" HEIGHT="29" CONTENT="!" WC="0.93" CC="0"/>
						<SP ID="P246_SP00047" HPOS="480" VPOS="707" WIDTH="15"/>
						<String ID="P246_ST00059" HPOS="495" VPOS="668" WIDTH="17" HEIGHT="15" CONTENT='"' WC="0.42" CC="5"/>
						<SP ID="P246_SP00048" HPOS="512" VPOS="707" WIDTH="33"/>
						<String ID="P246_ST00060" HPOS="545" VPOS="667" WIDTH="152" HEIGHT="40" CONTENT="suddenly" WC="0.55" CC="76350750"/>
						<SP ID="P246_SP00049" HPOS="697" VPOS="707" WIDTH="27"/>
						<String ID="P246_ST00061" HPOS="724" VPOS="666" WIDTH="171" HEIGHT="30" CONTENT="exclaimed" WC="0.82" CC="000205007"/>
					</TextLine>
					<TextLine ID="P246_TL00011" HPOS="122" VPOS="736" WIDTH="772" HEIGHT="40">
						<String ID="P246_ST00062" HPOS="122" VPOS="738" WIDTH="52" HEIGHT="29" CONTENT="the" WC="0.74" CC="070"/>
						<SP ID="P246_SP00050" HPOS="174" VPOS="767" WIDTH="25"/>
						<String ID="P246_ST00063" HPOS="199" VPOS="737" WIDTH="89" HEIGHT="39" CONTENT="Cure," WC="0.49" CC="67704"/>
						<SP ID="P246_SP00051" HPOS="288" VPOS="776" WIDTH="25"/>
						<String ID="P246_ST00064" HPOS="313" VPOS="737" WIDTH="33" HEIGHT="30" CONTENT="in" WC="0.37" CC="57"/>
						<SP ID="P246_SP00052" HPOS="346" VPOS="776" WIDTH="24"/>
						<String ID="P246_ST00065" HPOS="370" VPOS="748" WIDTH="17" HEIGHT="19" CONTENT="a" WC="1.00" CC="0"/>
						<SP ID="P246_SP00053" HPOS="387" VPOS="776" WIDTH="21"/>
						<String ID="P246_ST00066" HPOS="408" VPOS="737" WIDTH="82" HEIGHT="38" CONTENT="loud," WC="0.65" CC="00772"/>
						<SP ID="P246_SP00054" HPOS="490" VPOS="776" WIDTH="27"/>
						<String ID="P246_ST00067" HPOS="517" VPOS="737" WIDTH="116" HEIGHT="30" CONTENT="solemn" WC="0.72" CC="620007"/>
						<SP ID="P246_SP00055" HPOS="633" VPOS="776" WIDTH="25"/>
						<String ID="P246_ST00068" HPOS="658" VPOS="740" WIDTH="80" HEIGHT="35" CONTENT="tone," WC="0.73" CC="02703"/>
						<SP ID="P246_SP00056" HPOS="738" VPOS="776" WIDTH="19"/>
						<String ID="P246_ST00069" HPOS="757" VPOS="737" WIDTH="60" HEIGHT="29" CONTENT="ancl" WC="0.47" CC="6508"/>
						<SP ID="P246_SP00057" HPOS="817" VPOS="776" WIDTH="24"/>
						<String ID="P246_ST00070" HPOS="841" VPOS="736" WIDTH="53" HEIGHT="31" CONTENT="the" WC="0.48" CC="770"/>
					</TextLine>
					<TextLine ID="P246_TL00012" HPOS="122" VPOS="806" WIDTH="773" HEIGHT="40">
						<String ID="P246_ST00071" HPOS="122" VPOS="806" WIDTH="136" HEIGHT="40" CONTENT="prisoner" WC="0.65" CC="06060707"/>
						<SP ID="P246_SP00058" HPOS="258" VPOS="846" WIDTH="25"/>
						<String ID="P246_ST00072" HPOS="283" VPOS="817" WIDTH="67" HEIGHT="19" CONTENT="rose" WC="0.58" CC="5370"/>
						<SP ID="P246_SP00059" HPOS="350" VPOS="846" WIDTH="26"/>
						<String ID="P246_ST00073" HPOS="376" VPOS="809" WIDTH="31" HEIGHT="26" CONTENT="to" WC="1.00" CC="00"/>
						<SP ID="P246_SP00060" HPOS="407" VPOS="846" WIDTH="23"/>
						<String ID="P246_ST00074" HPOS="430" VPOS="806" WIDTH="48" HEIGHT="29" CONTENT="his" WC="0.38" CC="746"/>
						<SP ID="P246_SP00061" HPOS="478" VPOS="846" WIDTH="22"/>
						<String ID="P246_ST00075" HPOS="500" VPOS="806" WIDTH="62" HEIGHT="30" CONTENT="feet" WC="0.88" CC="0004"/>
						<SP ID="P246_SP00062" HPOS="562" VPOS="846" WIDTH="22"/>
						<String ID="P246_ST00076" HPOS="584" VPOS="806" WIDTH="231" HEIGHT="40" CONTENT="mechanically," WC="0.83" CC="0007072000103"/>
						<SP ID="P246_SP00063" HPOS="815" VPOS="846" WIDTH="18"/>
						<String ID="P246_ST00077" HPOS="833" VPOS="806" WIDTH="62" HEIGHT="30" CONTENT="and" WC="0.57" CC="075"/>
					</TextLine>
					<TextLine ID="P246_TL00013" HPOS="124" VPOS="875" WIDTH="768" HEIGHT="31">
						<String ID="P246_ST00078" HPOS="124" VPOS="877" WIDTH="87" HEIGHT="29" CONTENT="stood" WC="0.65" CC="70450"/>
						<SP ID="P246_SP00064" HPOS="211" VPOS="906" WIDTH="34"/>
						<String ID="P246_ST00079" HPOS="245" VPOS="876" WIDTH="66" HEIGHT="29" CONTENT="stiff" WC="0.65" CC="63311"/>
						<SP ID="P246_SP00065" HPOS="311" VPOS="906" WIDTH="37"/>
						<String ID="P246_ST00080" HPOS="348" VPOS="886" WIDTH="32" HEIGHT="19" CONTENT="as" WC="0.65" CC="07"/>
						<SP ID="P246_SP00066" HPOS="380" VPOS="906" WIDTH="37"/>
						<String ID="P246_ST00081" HPOS="417" VPOS="886" WIDTH="17" HEIGHT="19" CONTENT="a" WC="1.00" CC="0"/>
						<SP ID="P246_SP00067" HPOS="434" VPOS="906" WIDTH="37"/>
						<String ID="P246_ST00082" HPOS="471" VPOS="875" WIDTH="111" HEIGHT="30" CONTENT="soldier" WC="0.60" CC="7107505"/>
						<SP ID="P246_SP00068" HPOS="582" VPOS="906" WIDTH="36"/>
						<String ID="P246_ST00083" HPOS="618" VPOS="878" WIDTH="31" HEIGHT="27" CONTENT="at" WC="0.63" CC="07"/>
						<SP ID="P246_SP00069" HPOS="649" VPOS="906" WIDTH="33"/>
						<String ID="P246_ST00084" HPOS="682" VPOS="878" WIDTH="17" HEIGHT="14" CONTENT='"' WC="0.53" CC="4"/>
						<SP ID="P246_SP00070" HPOS="699" VPOS="906" WIDTH="11"/>
						<String ID="P246_ST00085" HPOS="710" VPOS="875" WIDTH="182" HEIGHT="30" CONTENT='attention."' WC="0.58" CC="06807450604"/>
					</TextLine>
					<TextLine ID="P246_TL00014" HPOS="126" VPOS="944" WIDTH="769" HEIGHT="40">
						<String ID="P246_ST00086" HPOS="126" VPOS="948" WIDTH="17" HEIGHT="14" CONTENT='"' WC="0.36" CC="6"/>
						<SP ID="P246_SP00071" HPOS="143" VPOS="962" WIDTH="14"/>
						<String ID="P246_ST00087" HPOS="157" VPOS="945" WIDTH="131" HEIGHT="39" CONTENT="Prosper" WC="0.58" CC="6656003"/>
						<SP ID="P246_SP00072" HPOS="288" VPOS="984" WIDTH="28"/>
						<String ID="P246_ST00088" HPOS="316" VPOS="944" WIDTH="101" HEIGHT="30" CONTENT="Morel" WC="0.83" CC="03400"/>
						<String ID="P246_ST00089" HPOS="431" VPOS="945" WIDTH="6" HEIGHT="30" CONTENT="!" WC="0.65" CC="3"/>
						<SP ID="P246_SP00073" HPOS="437" VPOS="984" WIDTH="15"/>
						<String ID="P246_ST00090" HPOS="452" VPOS="945" WIDTH="17" HEIGHT="15" CONTENT='"' WC="0.50" CC="4"/>
						<SP ID="P246_SP00074" HPOS="469" VPOS="984" WIDTH="26"/>
						<String ID="P246_ST00091" HPOS="495" VPOS="945" WIDTH="39" HEIGHT="29" CONTENT="he" WC="0.62" CC="70"/>
						<SP ID="P246_SP00075" HPOS="534" VPOS="984" WIDTH="29"/>
						<String ID="P246_ST00092" HPOS="563" VPOS="945" WIDTH="152" HEIGHT="39" CONTENT="repeated," WC="0.85" CC="520000030"/>
						<SP ID="P246_SP00076" HPOS="715" VPOS="984" WIDTH="36"/>
						<String ID="P246_ST00093" HPOS="751" VPOS="947" WIDTH="18" HEIGHT="14" CONTENT='"' WC="0.55" CC="4"/>
						<SP ID="P246_SP00077" HPOS="769" VPOS="984" WIDTH="13"/>
						<String ID="P246_ST00094" HPOS="782" VPOS="945" WIDTH="17" HEIGHT="29" CONTENT="I" WC="0.78" CC="2"/>
						<SP ID="P246_SP00078" HPOS="799" VPOS="984" WIDTH="31"/>
						<String ID="P246_ST00095" HPOS="830" VPOS="945" WIDTH="65" HEIGHT="30" CONTENT="told" WC="0.78" CC="0008"/>
					</TextLine>
					<TextLine ID="P246_TL00015" HPOS="124" VPOS="1014" WIDTH="771" HEIGHT="40">
						<String ID="P246_ST00096" HPOS="124" VPOS="1025" WIDTH="61" HEIGHT="29" CONTENT="you" WC="0.69" CC="027"/>
						<SP ID="P246_SP00079" HPOS="185" VPOS="1054" WIDTH="34"/>
						<String ID="P246_ST00097" HPOS="219" VPOS="1016" WIDTH="32" HEIGHT="28" CONTENT="to" WC="0.77" CC="40"/>
						<SP ID="P246_SP00080" HPOS="251" VPOS="1054" WIDTH="30"/>
						<String ID="P246_ST00098" HPOS="281" VPOS="1014" WIDTH="129" HEIGHT="30" CONTENT="distrust" WC="0.51" CC="60605773"/>
						<SP ID="P246_SP00081" HPOS="410" VPOS="1054" WIDTH="29"/>
						<String ID="P246_ST00099" HPOS="439" VPOS="1025" WIDTH="78" HEIGHT="29" CONTENT="your" WC="0.62" CC="0086"/>
						<SP ID="P246_SP00082" HPOS="517" VPOS="1054" WIDTH="31"/>
						<String ID="P246_ST00100" HPOS="548" VPOS="1025" WIDTH="68" HEIGHT="19" CONTENT="own" WC="0.75" CC="007"/>
						<SP ID="P246_SP00083" HPOS="616" VPOS="1054" WIDTH="28"/>
						<String ID="P246_ST00101" HPOS="644" VPOS="1014" WIDTH="97" HEIGHT="39" CONTENT="heart," WC="0.73" CC="700511"/>
						<SP ID="P246_SP00084" HPOS="741" VPOS="1054" WIDTH="33"/>
						<String ID="P246_ST00102" HPOS="774" VPOS="1015" WIDTH="60" HEIGHT="29" CONTENT="and" WC="0.63" CC="073"/>
						<SP ID="P246_SP00085" HPOS="834" VPOS="1054" WIDTH="29"/>
						<String ID="P246_ST00103" HPOS="863" VPOS="1017" WIDTH="32" HEIGHT="27" CONTENT="to" WC="0.63" CC="60"/>
					</TextLine>
					<TextLine ID="P246_TL00016" HPOS="126" VPOS="1083" WIDTH="768" HEIGHT="40">
						<String ID="P246_ST00104" HPOS="126" VPOS="1084" WIDTH="120" HEIGHT="30" CONTENT="beware" WC="0.80" CC="700013"/>
						<SP ID="P246_SP00086" HPOS="246" VPOS="1114" WIDTH="16"/>
						<String ID="P246_ST00105" HPOS="262" VPOS="1083" WIDTH="33" HEIGHT="31" CONTENT="of" WC="0.78" CC="40"/>
						<SP ID="P246_SP00087" HPOS="295" VPOS="1114" WIDTH="16"/>
						<String ID="P246_ST00106" HPOS="311" VPOS="1094" WIDTH="133" HEIGHT="29" CONTENT="revenge" WC="0.74" CC="4060700"/>
						<SP ID="P246_SP00088" HPOS="444" VPOS="1123" WIDTH="13"/>
						<String ID="P246_ST00107" HPOS="457" VPOS="1093" WIDTH="7" HEIGHT="30" CONTENT=";" WC="0.94" CC="0"/>
						<SP ID="P246_SP00089" HPOS="464" VPOS="1123" WIDTH="24"/>
						<String ID="P246_ST00108" HPOS="488" VPOS="1083" WIDTH="56" HEIGHT="31" CONTENT="but" WC="0.44" CC="772"/>
						<SP ID="P246_SP00090" HPOS="544" VPOS="1123" WIDTH="18"/>
						<String ID="P246_ST00109" HPOS="562" VPOS="1084" WIDTH="54" HEIGHT="30" CONTENT="the" WC="0.59" CC="182"/>
						<SP ID="P246_SP00091" HPOS="616" VPOS="1123" WIDTH="14"/>
						<String ID="P246_ST00110" HPOS="630" VPOS="1084" WIDTH="89" HEIGHT="30" CONTENT="truth" WC="0.49" CC="04757"/>
						<SP ID="P246_SP00092" HPOS="719" VPOS="1123" WIDTH="14"/>
						<String ID="P246_ST00111" HPOS="733" VPOS="1087" WIDTH="83" HEIGHT="27" CONTENT="must" WC="0.45" CC="0767"/>
						<SP ID="P246_SP00093" HPOS="816" VPOS="1123" WIDTH="16"/>
						<String ID="P246_ST00112" HPOS="832" VPOS="1087" WIDTH="62" HEIGHT="28" CONTENT="out." WC="0.74" CC="0630"/>
					</TextLine>
					<TextLine ID="P246_TL00017" HPOS="124" VPOS="1152" WIDTH="773" HEIGHT="41">
						<String ID="P246_ST00113" HPOS="124" VPOS="1152" WIDTH="72" HEIGHT="30" CONTENT="You" WC="0.53" CC="417"/>
						<SP ID="P246_SP00094" HPOS="196" VPOS="1182" WIDTH="14"/>
						<String ID="P246_ST00114" HPOS="210" VPOS="1155" WIDTH="84" HEIGHT="27" CONTENT="must" WC="0.57" CC="0772"/>
						<SP ID="P246_SP00095" HPOS="294" VPOS="1182" WIDTH="16"/>
						<String ID="P246_ST00115" HPOS="310" VPOS="1153" WIDTH="102" HEIGHT="40" CONTENT="speak," WC="0.77" CC="500070"/>
						<SP ID="P246_SP00096" HPOS="412" VPOS="1193" WIDTH="18"/>
						<String ID="P246_ST00116" HPOS="430" VPOS="1153" WIDTH="47" HEIGHT="29" CONTENT="for" WC="0.57" CC="335"/>
						<SP ID="P246_SP00097" HPOS="477" VPOS="1193" WIDTH="21"/>
						<String ID="P246_ST00117" HPOS="498" VPOS="1164" WIDTH="79" HEIGHT="29" CONTENT="your" WC="0.81" CC="0070"/>
						<SP ID="P246_SP00098" HPOS="577" VPOS="1193" WIDTH="23"/>
						<String ID="P246_ST00118" HPOS="600" VPOS="1153" WIDTH="112" HEIGHT="30" CONTENT="silence" WC="0.69" CC="6150700"/>
						<SP ID="P246_SP00099" HPOS="712" VPOS="1193" WIDTH="15"/>
						<String ID="P246_ST00119" HPOS="727" VPOS="1153" WIDTH="65" HEIGHT="31" CONTENT="will" WC="0.65" CC="0444"/>
						<SP ID="P246_SP00100" HPOS="792" VPOS="1193" WIDTH="16"/>
						<String ID="P246_ST00120" HPOS="808" VPOS="1164" WIDTH="89" HEIGHT="20" CONTENT="cause" WC="0.72" CC="00760"/>
					</TextLine>
					<TextLine ID="P246_TL00018" HPOS="124" VPOS="1222" WIDTH="773" HEIGHT="32">
						<String ID="P246_ST00121" HPOS="124" VPOS="1233" WIDTH="17" HEIGHT="19" CONTENT="a" WC="1.00" CC="0"/>
						<SP ID="P246_SP00101" HPOS="141" VPOS="1252" WIDTH="24"/>
						<String ID="P246_ST00122" HPOS="165" VPOS="1223" WIDTH="110" HEIGHT="29" CONTENT="second" WC="0.59" CC="605470"/>
						<SP ID="P246_SP00102" HPOS="275" VPOS="1252" WIDTH="30"/>
						<String ID="P246_ST00123" HPOS="305" VPOS="1223" WIDTH="123" HEIGHT="29" CONTENT="murder" WC="0.79" CC="070500"/>
						<SP ID="P246_SP00103" HPOS="428" VPOS="1252" WIDTH="29"/>
						<String ID="P246_ST00124" HPOS="457" VPOS="1226" WIDTH="32" HEIGHT="26" CONTENT="to" WC="0.54" CC="62"/>
						<SP ID="P246_SP00104" HPOS="489" VPOS="1252" WIDTH="26"/>
						<String ID="P246_ST00125" HPOS="515" VPOS="1222" WIDTH="39" HEIGHT="31" CONTENT="be" WC="0.63" CC="70"/>
						<SP ID="P246_SP00105" HPOS="554" VPOS="1253" WIDTH="24"/>
						<String ID="P246_ST00126" HPOS="578" VPOS="1222" WIDTH="207" HEIGHT="31" CONTENT='committed."' WC="0.75" CC="03003650025"/>
						<String ID="P246_ST00127" HPOS="788" VPOS="1243" WIDTH="43" HEIGHT="3" CONTENT="—" WC="0.20" CC="8"/>
						<String ID="P246_ST00128" HPOS="832" VPOS="1224" WIDTH="65" HEIGHT="30" CONTENT="The" WC="0.75" CC="070"/>
					</TextLine>
					<TextLine ID="P246_TL00019" HPOS="124" VPOS="1292" WIDTH="773" HEIGHT="32">
						<String ID="P246_ST00129" HPOS="124" VPOS="1292" WIDTH="116" HEIGHT="29" CONTENT="Breton" WC="0.67" CC="660007"/>
						<SP ID="P246_SP00106" HPOS="240" VPOS="1321" WIDTH="30"/>
						<String ID="P246_ST00130" HPOS="270" VPOS="1292" WIDTH="97" HEIGHT="30" CONTENT="shook" WC="0.48" CC="57038"/>
						<SP ID="P246_SP00107" HPOS="367" VPOS="1322" WIDTH="26"/>
						<String ID="P246_ST00131" HPOS="393" VPOS="1292" WIDTH="60" HEIGHT="29" CONTENT="and" WC="0.58" CC="075"/>
						<SP ID="P246_SP00108" HPOS="453" VPOS="1322" WIDTH="30"/>
						<String ID="P246_ST00132" HPOS="483" VPOS="1292" WIDTH="119" HEIGHT="30" CONTENT="shrunk" WC="0.51" CC="770770"/>
						<SP ID="P246_SP00109" HPOS="602" VPOS="1322" WIDTH="28"/>
						<String ID="P246_ST00133" HPOS="630" VPOS="1292" WIDTH="66" HEIGHT="30" CONTENT="into" WC="0.84" CC="0600"/>
						<SP ID="P246_SP00110" HPOS="696" VPOS="1322" WIDTH="25"/>
						<String ID="P246_ST00134" HPOS="721" VPOS="1292" WIDTH="132" HEIGHT="32" CONTENT="himself." WC="0.54" CC="75060673"/>
						<String ID="P246_ST00135" HPOS="855" VPOS="1313" WIDTH="42" HEIGHT="3" CONTENT="—" WC="0.20" CC="8"/>
					</TextLine>
					<TextLine ID="P246_TL00020" HPOS="128" VPOS="1361" WIDTH="769" HEIGHT="42">
						<String ID="P246_ST00136" HPOS="128" VPOS="1363" WIDTH="18" HEIGHT="14" CONTENT='"' WC="0.48" CC="5"/>
						<SP ID="P246_SP00111" HPOS="146" VPOS="1377" WIDTH="13"/>
						<String ID="P246_ST00137" HPOS="159" VPOS="1361" WIDTH="131" HEIGHT="40" CONTENT="Prosper" WC="0.66" CC="7406005"/>
						<SP ID="P246_SP00112" HPOS="290" VPOS="1401" WIDTH="23"/>
						<String ID="P246_ST00138" HPOS="313" VPOS="1362" WIDTH="100" HEIGHT="30" CONTENT="Morel" WC="0.72" CC="05520"/>
						<String ID="P246_ST00139" HPOS="427" VPOS="1362" WIDTH="6" HEIGHT="30" CONTENT="!" WC="1.00" CC="0"/>
						<SP ID="P246_SP00113" HPOS="433" VPOS="1401" WIDTH="24"/>
						<String ID="P246_ST00140" HPOS="457" VPOS="1372" WIDTH="32" HEIGHT="20" CONTENT="as" WC="0.63" CC="07"/>
						<SP ID="P246_SP00114" HPOS="489" VPOS="1401" WIDTH="24"/>
						<String ID="P246_ST00141" HPOS="513" VPOS="1372" WIDTH="64" HEIGHT="31" CONTENT="you" WC="0.76" CC="007"/>
						<SP ID="P246_SP00115" HPOS="577" VPOS="1403" WIDTH="21"/>
						<String ID="P246_ST00142" HPOS="598" VPOS="1362" WIDTH="79" HEIGHT="40" CONTENT="hope" WC="0.80" CC="7000"/>
						<SP ID="P246_SP00116" HPOS="677" VPOS="1403" WIDTH="16"/>
						<String ID="P246_ST00143" HPOS="693" VPOS="1364" WIDTH="31" HEIGHT="28" CONTENT="at" WC="0.72" CC="05"/>
						<SP ID="P246_SP00117" HPOS="724" VPOS="1403" WIDTH="14"/>
						<String ID="P246_ST00144" HPOS="738" VPOS="1373" WIDTH="79" HEIGHT="30" CONTENT="your" WC="0.82" CC="0070"/>
						<SP ID="P246_SP00118" HPOS="817" VPOS="1403" WIDTH="22"/>
						<String ID="P246_ST00145" HPOS="839" VPOS="1363" WIDTH="58" HEIGHT="30" CONTENT="last" WC="0.68" CC="0075"/>
					</TextLine>
					<TextLine ID="P246_TL00021" HPOS="124" VPOS="1430" WIDTH="773" HEIGHT="39">
						<String ID="P246_ST00146" HPOS="124" VPOS="1430" WIDTH="78" HEIGHT="29" CONTENT="hour" WC="0.67" CC="7060"/>
						<SP ID="P246_SP00119" HPOS="202" VPOS="1459" WIDTH="24"/>
						<String ID="P246_ST00147" HPOS="226" VPOS="1430" WIDTH="47" HEIGHT="30" CONTENT="for" WC="0.78" CC="042"/>
						<SP ID="P246_SP00120" HPOS="273" VPOS="1460" WIDTH="23"/>
						<String ID="P246_ST00148" HPOS="296" VPOS="1430" WIDTH="190" HEIGHT="39" CONTENT="forgiveness" WC="0.69" CC="00500706067"/>
						<SP ID="P246_SP00121" HPOS="486" VPOS="1469" WIDTH="20"/>
						<String ID="P246_ST00149" HPOS="506" VPOS="1431" WIDTH="79" HEIGHT="30" CONTENT="from" WC="0.81" CC="0600"/>
						<SP ID="P246_SP00122" HPOS="585" VPOS="1469" WIDTH="23"/>
						<String ID="P246_ST00150" HPOS="608" VPOS="1431" WIDTH="108" HEIGHT="38" CONTENT='Him,"' WC="0.66" CC="70045"/>
						<String ID="P246_ST00151" HPOS="720" VPOS="1451" WIDTH="41" HEIGHT="3" CONTENT="—" WC="0.20" CC="8"/>
						<String ID="P246_ST00152" HPOS="763" VPOS="1433" WIDTH="61" HEIGHT="31" CONTENT="and" WC="0.56" CC="066"/>
						<SP ID="P246_SP00123" HPOS="824" VPOS="1469" WIDTH="21"/>
						<String ID="P246_ST00153" HPOS="845" VPOS="1434" WIDTH="52" HEIGHT="30" CONTENT="the" WC="0.49" CC="770"/>
					</TextLine>
				</TextBlock>
			</PrintSpace>
		</Page>
	</Layout>
</alto>
