<?xml version="1.0" encoding="UTF-8"?>
<alto xmlns:xsi="http://www.w3.org/2001/XMLSchema-instance" xsi:noNamespaceSchemaLocation="http://www.bl.uk/schemas/alto/alto-1-4.xsd" xmlns:xlink="http://www.w3.org/1999/xlink">
	<Description>
		<MeasurementUnit>mm10</MeasurementUnit>
		<sourceImageInformation>
			<fileName>//head1/IN/2007-46/A0010904365.2/000432.jp2</fileName>
		</sourceImageInformation>
		<OCRProcessing ID="OCRPROCESSING_1">
			<preProcessingStep>
				<processingSoftware>
					<softwareCreator>CCS Content Conversion Specialists GmbH, Germany</softwareCreator>
					<softwareName>CCS docWORKS</softwareName>
					<softwareVersion>6.1-0.62</softwareVersion>
				</processingSoftware>
			</preProcessingStep>
			<ocrProcessingStep>
				<processingSoftware>
					<softwareCreator>ABBYY (BIT Software), Russia</softwareCreator>
					<softwareName>Finereader</softwareName>
				</processingSoftware>
			</ocrProcessingStep>
		</OCRProcessing>
	</Description>
	<Styles>
		<TextStyle ID="TXT_0" FONTSIZE="10" FONTFAMILY="Courier New"/>
		<ParagraphStyle ID="PAR_LEFT" ALIGN="Left"/>
		<ParagraphStyle ID="PAR_CENTER" ALIGN="Center"/>
	</Styles>
	<Layout>
		<Page ID="P98" PHYSICAL_IMG_NR="98" HEIGHT="1667" WIDTH="979" PRINTED_IMG_NR="84" POSITION="Left" ACCURACY="69.60">
			<TopMargin ID="P98_TM00001" HPOS="0" VPOS="0" WIDTH="978" HEIGHT="135">
				<TextBlock ID="P98_TB00001" HPOS="124" VPOS="107" WIDTH="34" HEIGHT="26" STYLEREFS="TXT_0 PAR_LEFT">
					<TextLine ID="P98_TL00001" HPOS="124" VPOS="107" WIDTH="34" HEIGHT="26">
						<String ID="P98_ST00001" HPOS="124" VPOS="107" WIDTH="34" HEIGHT="26" CONTENT="84" WC="1.00" CC="00"/>
					</TextLine>
				</TextBlock>
				<TextBlock ID="P98_TB00002" HPOS="375" VPOS="109" WIDTH="263" HEIGHT="25" STYLEREFS="TXT_0 PAR_CENTER">
					<TextLine ID="P98_TL00002" HPOS="376" VPOS="110" WIDTH="262" HEIGHT="24">
						<String ID="P98_ST00002" HPOS="376" VPOS="113" WIDTH="57" HEIGHT="21" CONTENT="ALL" WC="0.85" CC="004"/>
						<SP ID="P98_SP00001" HPOS="433" VPOS="134" WIDTH="20"/>
						<String ID="P98_ST00003" HPOS="453" VPOS="113" WIDTH="57" HEIGHT="21" CONTENT="FOR" WC="0.80" CC="500"/>
						<SP ID="P98_SP00002" HPOS="510" VPOS="134" WIDTH="20"/>
						<String ID="P98_ST00004" HPOS="530" VPOS="110" WIDTH="108" HEIGHT="24" CONTENT="GREED." WC="0.70" CC="002634"/>
					</TextLine>
				</TextBlock>
			</TopMargin>
			<LeftMargin ID="P98_LM00001" HPOS="0" VPOS="135" WIDTH="121" HEIGHT="1351"/>
			<RightMargin ID="P98_RM00001" HPOS="894" VPOS="135" WIDTH="84" HEIGHT="1351"/>
			<BottomMargin ID="P98_BM00001" HPOS="0" VPOS="1486" WIDTH="978" HEIGHT="181"/>
			<PrintSpace ID="P98_PS00001" HPOS="121" VPOS="135" WIDTH="773" HEIGHT="1351">
				<TextBlock ID="P98_TB00003" HPOS="121" VPOS="194" WIDTH="773" HEIGHT="451" STYLEREFS="TXT_0 PAR_LEFT">
					<TextLine ID="P98_TL00003" HPOS="124" VPOS="195" WIDTH="770" HEIGHT="37">
						<String ID="P98_ST00005" HPOS="124" VPOS="212" WIDTH="69" HEIGHT="20" CONTENT="own" WC="0.69" CC="107"/>
						<SP ID="P98_SP00003" HPOS="193" VPOS="232" WIDTH="29"/>
						<String ID="P98_ST00006" HPOS="222" VPOS="211" WIDTH="120" HEIGHT="20" CONTENT="sermon" WC="0.61" CC="606036"/>
						<SP ID="P98_SP00004" HPOS="342" VPOS="232" WIDTH="29"/>
						<String ID="P98_ST00007" HPOS="371" VPOS="200" WIDTH="34" HEIGHT="30" CONTENT="of" WC="1.00" CC="00"/>
						<SP ID="P98_SP00005" HPOS="405" VPOS="232" WIDTH="29"/>
						<String ID="P98_ST00008" HPOS="434" VPOS="199" WIDTH="53" HEIGHT="31" CONTENT="the" WC="0.75" CC="070"/>
						<SP ID="P98_SP00006" HPOS="487" VPOS="232" WIDTH="31"/>
						<String ID="P98_ST00009" HPOS="518" VPOS="199" WIDTH="76" HEIGHT="29" CONTENT="Fete" WC="0.79" CC="7000"/>
						<SP ID="P98_SP00007" HPOS="594" VPOS="232" WIDTH="31"/>
						<String ID="P98_ST00010" HPOS="625" VPOS="197" WIDTH="53" HEIGHT="30" CONTENT="des" WC="0.48" CC="807"/>
						<SP ID="P98_SP00008" HPOS="678" VPOS="232" WIDTH="30"/>
						<String ID="P98_ST00011" HPOS="708" VPOS="197" WIDTH="100" HEIGHT="30" CONTENT="Morts" WC="0.68" CC="03507"/>
						<SP ID="P98_SP00009" HPOS="808" VPOS="232" WIDTH="30"/>
						<String ID="P98_ST00012" HPOS="838" VPOS="195" WIDTH="56" HEIGHT="30" CONTENT="has" WC="0.40" CC="728"/>
					</TextLine>
					<TextLine ID="P98_TL00004" HPOS="123" VPOS="266" WIDTH="771" HEIGHT="44">
						<String ID="P98_ST00013" HPOS="123" VPOS="270" WIDTH="141" HEIGHT="40" CONTENT="supplied" WC="0.80" CC="76002000"/>
						<SP ID="P98_SP00010" HPOS="264" VPOS="310" WIDTH="19"/>
						<String ID="P98_ST00014" HPOS="283" VPOS="270" WIDTH="53" HEIGHT="30" CONTENT="the" WC="0.62" CC="470"/>
						<SP ID="P98_SP00011" HPOS="336" VPOS="310" WIDTH="22"/>
						<String ID="P98_ST00015" HPOS="358" VPOS="279" WIDTH="56" HEIGHT="20" CONTENT="one" WC="0.59" CC="570"/>
						<SP ID="P98_SP00012" HPOS="414" VPOS="310" WIDTH="20"/>
						<String ID="P98_ST00016" HPOS="434" VPOS="268" WIDTH="168" HEIGHT="40" CONTENT="particular" WC="0.58" CC="6045507506"/>
						<SP ID="P98_SP00013" HPOS="602" VPOS="310" WIDTH="20"/>
						<String ID="P98_ST00017" HPOS="622" VPOS="267" WIDTH="100" HEIGHT="40" CONTENT="image" WC="0.96" CC="00001"/>
						<SP ID="P98_SP00014" HPOS="722" VPOS="310" WIDTH="21"/>
						<String ID="P98_ST00018" HPOS="743" VPOS="269" WIDTH="32" HEIGHT="28" CONTENT="to" WC="0.64" CC="15"/>
						<SP ID="P98_SP00015" HPOS="775" VPOS="310" WIDTH="16"/>
						<String ID="P98_ST00019" HPOS="791" VPOS="266" WIDTH="103" HEIGHT="31" CONTENT="which" WC="0.39" CC="97507"/>
					</TextLine>
					<TextLine ID="P98_TL00005" HPOS="122" VPOS="335" WIDTH="771" HEIGHT="41">
						<String ID="P98_ST00020" HPOS="122" VPOS="341" WIDTH="53" HEIGHT="29" CONTENT="the" WC="0.61" CC="460"/>
						<SP ID="P98_SP00016" HPOS="175" VPOS="370" WIDTH="31"/>
						<String ID="P98_ST00021" HPOS="206" VPOS="340" WIDTH="138" HEIGHT="30" CONTENT="diseased" WC="0.80" CC="00700430"/>
						<SP ID="P98_SP00017" HPOS="344" VPOS="370" WIDTH="28"/>
						<String ID="P98_ST00022" HPOS="372" VPOS="338" WIDTH="89" HEIGHT="30" CONTENT="brain" WC="0.50" CC="76037"/>
						<SP ID="P98_SP00018" HPOS="461" VPOS="370" WIDTH="29"/>
						<String ID="P98_ST00023" HPOS="490" VPOS="338" WIDTH="56" HEIGHT="30" CONTENT="has" WC="0.55" CC="705"/>
						<SP ID="P98_SP00019" HPOS="546" VPOS="370" WIDTH="30"/>
						<String ID="P98_ST00024" HPOS="576" VPOS="337" WIDTH="94" HEIGHT="39" CONTENT="clung" WC="0.60" CC="50770"/>
						<SP ID="P98_SP00020" HPOS="670" VPOS="376" WIDTH="31"/>
						<String ID="P98_ST00025" HPOS="701" VPOS="347" WIDTH="72" HEIGHT="20" CONTENT="ever" WC="0.87" CC="0005"/>
						<SP ID="P98_SP00021" HPOS="773" VPOS="376" WIDTH="28"/>
						<String ID="P98_ST00026" HPOS="801" VPOS="335" WIDTH="92" HEIGHT="31" CONTENT="since." WC="0.68" CC="707004"/>
					</TextLine>
					<TextLine ID="P98_TL00006" HPOS="123" VPOS="406" WIDTH="771" HEIGHT="40">
						<String ID="P98_ST00027" HPOS="123" VPOS="409" WIDTH="83" HEIGHT="30" CONTENT="Such" WC="0.34" CC="6656"/>
						<SP ID="P98_SP00022" HPOS="206" VPOS="439" WIDTH="19"/>
						<String ID="P98_ST00028" HPOS="225" VPOS="418" WIDTH="83" HEIGHT="20" CONTENT="cases" WC="0.71" CC="00608"/>
						<SP ID="P98_SP00023" HPOS="308" VPOS="439" WIDTH="14"/>
						<String ID="P98_ST00029" HPOS="322" VPOS="418" WIDTH="51" HEIGHT="19" CONTENT="are" WC="0.91" CC="020"/>
						<SP ID="P98_SP00024" HPOS="373" VPOS="439" WIDTH="24"/>
						<String ID="P98_ST00030" HPOS="397" VPOS="407" WIDTH="46" HEIGHT="29" CONTENT="far" WC="0.54" CC="904"/>
						<SP ID="P98_SP00025" HPOS="443" VPOS="439" WIDTH="26"/>
						<String ID="P98_ST00031" HPOS="469" VPOS="417" WIDTH="84" HEIGHT="19" CONTENT="more" WC="0.75" CC="0350"/>
						<SP ID="P98_SP00026" HPOS="553" VPOS="439" WIDTH="15"/>
						<String ID="P98_ST00032" HPOS="568" VPOS="406" WIDTH="145" HEIGHT="40" CONTENT="frequent" WC="0.64" CC="33067070"/>
						<SP ID="P98_SP00027" HPOS="713" VPOS="446" WIDTH="21"/>
						<String ID="P98_ST00033" HPOS="734" VPOS="406" WIDTH="76" HEIGHT="29" CONTENT="than" WC="0.49" CC="5607"/>
						<SP ID="P98_SP00028" HPOS="810" VPOS="446" WIDTH="22"/>
						<String ID="P98_ST00034" HPOS="832" VPOS="415" WIDTH="62" HEIGHT="30" CONTENT="you" WC="0.44" CC="915"/>
					</TextLine>
					<TextLine ID="P98_TL00007" HPOS="123" VPOS="474" WIDTH="771" HEIGHT="43">
						<String ID="P98_ST00035" HPOS="123" VPOS="478" WIDTH="90" HEIGHT="39" CONTENT="fancy" WC="0.74" CC="01740"/>
						<String ID="P98_ST00036" HPOS="225" VPOS="486" WIDTH="6" HEIGHT="30" CONTENT=";" WC="1.00" CC="0"/>
						<SP ID="P98_SP00029" HPOS="231" VPOS="517" WIDTH="24"/>
						<String ID="P98_ST00037" HPOS="255" VPOS="477" WIDTH="96" HEIGHT="29" CONTENT="above" WC="0.79" CC="27000"/>
						<SP ID="P98_SP00030" HPOS="351" VPOS="517" WIDTH="25"/>
						<String ID="P98_ST00038" HPOS="376" VPOS="475" WIDTH="49" HEIGHT="41" CONTENT="all," WC="0.81" CC="4003"/>
						<SP ID="P98_SP00031" HPOS="425" VPOS="517" WIDTH="22"/>
						<String ID="P98_ST00039" HPOS="447" VPOS="475" WIDTH="78" HEIGHT="31" CONTENT="with" WC="0.81" CC="0007"/>
						<SP ID="P98_SP00032" HPOS="525" VPOS="517" WIDTH="21"/>
						<String ID="P98_ST00040" HPOS="546" VPOS="475" WIDTH="75" HEIGHT="30" CONTENT="such" WC="0.41" CC="6727"/>
						<SP ID="P98_SP00033" HPOS="621" VPOS="517" WIDTH="21"/>
						<String ID="P98_ST00041" HPOS="642" VPOS="484" WIDTH="85" HEIGHT="21" CONTENT="races" WC="0.72" CC="50026"/>
						<SP ID="P98_SP00034" HPOS="727" VPOS="517" WIDTH="25"/>
						<String ID="P98_ST00042" HPOS="752" VPOS="484" WIDTH="32" HEIGHT="20" CONTENT="as" WC="0.64" CC="07"/>
						<SP ID="P98_SP00035" HPOS="784" VPOS="517" WIDTH="23"/>
						<String ID="P98_ST00043" HPOS="807" VPOS="474" WIDTH="87" HEIGHT="30" CONTENT="those" WC="0.61" CC="47060"/>
					</TextLine>
					<TextLine ID="P98_TL00008" HPOS="123" VPOS="544" WIDTH="771" HEIGHT="41">
						<String ID="P98_ST00044" HPOS="123" VPOS="546" WIDTH="217" HEIGHT="39" CONTENT="Bas-Bretons," WC="0.58" CC="706465100763"/>
						<String ID="P98_ST00045" HPOS="344" VPOS="563" WIDTH="42" HEIGHT="4" CONTENT="—" WC="0.20" CC="8"/>
						<String ID="P98_ST00046" HPOS="388" VPOS="545" WIDTH="132" HEIGHT="40" CONTENT="gloomy," WC="0.97" CC="0000002"/>
						<SP ID="P98_SP00036" HPOS="520" VPOS="585" WIDTH="32"/>
						<String ID="P98_ST00047" HPOS="552" VPOS="545" WIDTH="60" HEIGHT="29" CONTENT="and" WC="0.67" CC="054"/>
						<SP ID="P98_SP00037" HPOS="612" VPOS="585" WIDTH="32"/>
						<String ID="P98_ST00048" HPOS="644" VPOS="544" WIDTH="97" HEIGHT="41" CONTENT="easily" WC="0.81" CC="407000"/>
						<SP ID="P98_SP00038" HPOS="741" VPOS="585" WIDTH="28"/>
						<String ID="P98_ST00049" HPOS="769" VPOS="544" WIDTH="50" HEIGHT="30" CONTENT="led" WC="0.67" CC="404"/>
						<SP ID="P98_SP00039" HPOS="819" VPOS="585" WIDTH="29"/>
						<String ID="P98_ST00050" HPOS="848" VPOS="547" WIDTH="46" HEIGHT="27" CONTENT="to" SUBS_TYPE="HypPart1" SUBS_CONTENT="towards" WC="0.87" CC="003"/>
						<HYP CONTENT="-"/>
					</TextLine>
					<TextLine ID="P98_TL00009" HPOS="123" VPOS="615" WIDTH="328" HEIGHT="30">
						<String ID="P98_ST00051" HPOS="123" VPOS="616" WIDTH="99" HEIGHT="29" CONTENT="wards" SUBS_TYPE="HypPart2" SUBS_CONTENT="towards" WC="0.60" CC="00666"/>
						<SP ID="P98_SP00040" HPOS="222" VPOS="645" WIDTH="16"/>
						<String ID="P98_ST00052" HPOS="238" VPOS="616" WIDTH="84" HEIGHT="29" CONTENT="fixed" WC="0.94" CC="11000"/>
						<SP ID="P98_SP00041" HPOS="322" VPOS="645" WIDTH="15"/>
						<String ID="P98_ST00053" HPOS="337" VPOS="615" WIDTH="114" HEIGHT="29" CONTENT='ideas."' WC="0.77" CC="0300515"/>
					</TextLine>
				</TextBlock>
				<TextBlock ID="P98_TB00004" HPOS="122" VPOS="683" WIDTH="772" HEIGHT="237" STYLEREFS="TXT_0 PAR_LEFT">
					<TextLine ID="P98_TL00010" HPOS="168" VPOS="683" WIDTH="726" HEIGHT="40">
						<String ID="P98_ST00054" HPOS="168" VPOS="686" WIDTH="18" HEIGHT="15" CONTENT='"' WC="0.54" CC="4"/>
						<SP ID="P98_SP00042" HPOS="186" VPOS="701" WIDTH="14"/>
						<String ID="P98_ST00055" HPOS="200" VPOS="685" WIDTH="129" HEIGHT="38" CONTENT='Eaoul,"' WC="0.67" CC="7007033"/>
						<SP ID="P98_SP00043" HPOS="329" VPOS="723" WIDTH="19"/>
						<String ID="P98_ST00056" HPOS="348" VPOS="684" WIDTH="65" HEIGHT="30" CONTENT="said" WC="0.77" CC="6011"/>
						<SP ID="P98_SP00044" HPOS="413" VPOS="723" WIDTH="19"/>
						<String ID="P98_ST00057" HPOS="432" VPOS="684" WIDTH="50" HEIGHT="31" CONTENT="the" WC="0.59" CC="470"/>
						<SP ID="P98_SP00045" HPOS="482" VPOS="723" WIDTH="17"/>
						<String ID="P98_ST00058" HPOS="499" VPOS="683" WIDTH="90" HEIGHT="39" CONTENT="Cure," WC="0.65" CC="67003"/>
						<SP ID="P98_SP00046" HPOS="589" VPOS="723" WIDTH="19"/>
						<String ID="P98_ST00059" HPOS="608" VPOS="684" WIDTH="79" HEIGHT="30" CONTENT="after" WC="0.75" CC="80003"/>
						<SP ID="P98_SP00047" HPOS="687" VPOS="723" WIDTH="16"/>
						<String ID="P98_ST00060" HPOS="703" VPOS="694" WIDTH="17" HEIGHT="19" CONTENT="a" WC="1.00" CC="0"/>
						<SP ID="P98_SP00048" HPOS="720" VPOS="723" WIDTH="16"/>
						<String ID="P98_ST00061" HPOS="736" VPOS="683" WIDTH="60" HEIGHT="32" CONTENT="few" WC="1.00" CC="000"/>
						<SP ID="P98_SP00049" HPOS="796" VPOS="723" WIDTH="15"/>
						<String ID="P98_ST00062" HPOS="811" VPOS="686" WIDTH="83" HEIGHT="37" CONTENT="steps" WC="0.65" CC="70028"/>
					</TextLine>
					<TextLine ID="P98_TL00011" HPOS="123" VPOS="753" WIDTH="771" HEIGHT="41">
						<String ID="P98_ST00063" HPOS="123" VPOS="754" WIDTH="93" HEIGHT="29" CONTENT="taken" WC="0.78" CC="50005"/>
						<SP ID="P98_SP00050" HPOS="216" VPOS="783" WIDTH="15"/>
						<String ID="P98_ST00064" HPOS="231" VPOS="754" WIDTH="64" HEIGHT="29" CONTENT="side" WC="0.63" CC="7070"/>
						<SP ID="P98_SP00051" HPOS="295" VPOS="783" WIDTH="22"/>
						<String ID="P98_ST00065" HPOS="317" VPOS="754" WIDTH="43" HEIGHT="40" CONTENT="by" WC="0.65" CC="70"/>
						<SP ID="P98_SP00052" HPOS="360" VPOS="794" WIDTH="16"/>
						<String ID="P98_ST00066" HPOS="376" VPOS="753" WIDTH="64" HEIGHT="30" CONTENT="side" WC="0.67" CC="7050"/>
						<SP ID="P98_SP00053" HPOS="440" VPOS="794" WIDTH="26"/>
						<String ID="P98_ST00067" HPOS="466" VPOS="753" WIDTH="33" HEIGHT="30" CONTENT="in" WC="0.63" CC="07"/>
						<SP ID="P98_SP00054" HPOS="499" VPOS="794" WIDTH="25"/>
						<String ID="P98_ST00068" HPOS="524" VPOS="754" WIDTH="120" HEIGHT="39" CONTENT="silence," WC="0.72" CC="82007004"/>
						<SP ID="P98_SP00055" HPOS="644" VPOS="794" WIDTH="18"/>
						<String ID="P98_ST00069" HPOS="662" VPOS="755" WIDTH="18" HEIGHT="15" CONTENT='"' WC="0.55" CC="4"/>
						<SP ID="P98_SP00056" HPOS="680" VPOS="794" WIDTH="13"/>
						<String ID="P98_ST00070" HPOS="693" VPOS="754" WIDTH="51" HEIGHT="29" CONTENT="old" WC="0.91" CC="200"/>
						<SP ID="P98_SP00057" HPOS="744" VPOS="794" WIDTH="18"/>
						<String ID="P98_ST00071" HPOS="762" VPOS="754" WIDTH="132" HEIGHT="39" CONTENT="Prosper" WC="0.70" CC="6407002"/>
					</TextLine>
					<TextLine ID="P98_TL00012" HPOS="123" VPOS="822" WIDTH="770" HEIGHT="41">
						<String ID="P98_ST00072" HPOS="123" VPOS="822" WIDTH="26" HEIGHT="30" CONTENT="is" WC="0.66" CC="06"/>
						<SP ID="P98_SP00058" HPOS="149" VPOS="852" WIDTH="15"/>
						<String ID="P98_ST00073" HPOS="164" VPOS="833" WIDTH="39" HEIGHT="19" CONTENT="no" WC="0.65" CC="60"/>
						<SP ID="P98_SP00059" HPOS="203" VPOS="852" WIDTH="15"/>
						<String ID="P98_ST00074" HPOS="218" VPOS="833" WIDTH="82" HEIGHT="19" CONTENT="more" WC="0.88" CC="0040"/>
						<SP ID="P98_SP00060" HPOS="300" VPOS="852" WIDTH="16"/>
						<String ID="P98_ST00075" HPOS="316" VPOS="823" WIDTH="71" HEIGHT="29" CONTENT="mad" WC="0.94" CC="001"/>
						<SP ID="P98_SP00061" HPOS="387" VPOS="852" WIDTH="19"/>
						<String ID="P98_ST00076" HPOS="406" VPOS="822" WIDTH="76" HEIGHT="31" CONTENT="than" WC="0.62" CC="0707"/>
						<SP ID="P98_SP00062" HPOS="482" VPOS="853" WIDTH="19"/>
						<String ID="P98_ST00077" HPOS="501" VPOS="833" WIDTH="63" HEIGHT="30" CONTENT="you" WC="0.77" CC="006"/>
						<SP ID="P98_SP00063" HPOS="564" VPOS="863" WIDTH="16"/>
						<String ID="P98_ST00078" HPOS="580" VPOS="833" WIDTH="33" HEIGHT="20" CONTENT="or" WC="0.59" CC="43"/>
						<SP ID="P98_SP00064" HPOS="613" VPOS="863" WIDTH="16"/>
						<String ID="P98_ST00079" HPOS="629" VPOS="823" WIDTH="25" HEIGHT="29" CONTENT="I." WC="0.83" CC="30"/>
						<SP ID="P98_SP00065" HPOS="654" VPOS="863" WIDTH="47"/>
						<String ID="P98_ST00080" HPOS="701" VPOS="823" WIDTH="79" HEIGHT="30" CONTENT="That" WC="0.70" CC="0704"/>
						<SP ID="P98_SP00066" HPOS="780" VPOS="863" WIDTH="16"/>
						<String ID="P98_ST00081" HPOS="796" VPOS="822" WIDTH="26" HEIGHT="30" CONTENT="is" WC="0.66" CC="06"/>
						<SP ID="P98_SP00067" HPOS="822" VPOS="863" WIDTH="18"/>
						<String ID="P98_ST00082" HPOS="840" VPOS="833" WIDTH="53" HEIGHT="30" CONTENT="my" WC="1.00" CC="00"/>
					</TextLine>
					<TextLine ID="P98_TL00013" HPOS="123" VPOS="891" WIDTH="203" HEIGHT="29">
						<String ID="P98_ST00083" HPOS="123" VPOS="891" WIDTH="203" HEIGHT="29" CONTENT='conviction."' WC="0.71" CC="045005050606"/>
					</TextLine>
				</TextBlock>
				<TextBlock ID="P98_TB00005" HPOS="124" VPOS="959" WIDTH="770" HEIGHT="385" STYLEREFS="TXT_0 PAR_LEFT">
					<TextLine ID="P98_TL00014" HPOS="166" VPOS="959" WIDTH="727" HEIGHT="41">
						<String ID="P98_ST00084" HPOS="166" VPOS="960" WIDTH="114" HEIGHT="39" CONTENT="Young" WC="0.43" CC="85742"/>
						<SP ID="P98_SP00068" HPOS="280" VPOS="999" WIDTH="20"/>
						<String ID="P98_ST00085" HPOS="300" VPOS="959" WIDTH="145" HEIGHT="31" CONTENT="Morville" WC="0.69" CC="05503450"/>
						<SP ID="P98_SP00069" HPOS="445" VPOS="999" WIDTH="20"/>
						<String ID="P98_ST00086" HPOS="465" VPOS="961" WIDTH="166" HEIGHT="39" CONTENT="expressed" WC="0.81" CC="000405600"/>
						<SP ID="P98_SP00070" HPOS="631" VPOS="1000" WIDTH="22"/>
						<String ID="P98_ST00087" HPOS="653" VPOS="960" WIDTH="48" HEIGHT="31" CONTENT="his" WC="0.37" CC="746"/>
						<SP ID="P98_SP00071" HPOS="701" VPOS="1000" WIDTH="16"/>
						<String ID="P98_ST00088" HPOS="717" VPOS="960" WIDTH="98" HEIGHT="31" CONTENT="entire" WC="0.78" CC="050070"/>
						<SP ID="P98_SP00072" HPOS="815" VPOS="1000" WIDTH="17"/>
						<String ID="P98_ST00089" HPOS="832" VPOS="961" WIDTH="61" HEIGHT="31" CONTENT="dis" SUBS_TYPE="HypPart1" SUBS_CONTENT="dissent" WC="0.38" CC="8473"/>
						<HYP CONTENT="-"/>
					</TextLine>
					<TextLine ID="P98_TL00015" HPOS="124" VPOS="1030" WIDTH="770" HEIGHT="41">
						<String ID="P98_ST00090" HPOS="124" VPOS="1033" WIDTH="68" HEIGHT="26" CONTENT="sent" SUBS_TYPE="HypPart2" SUBS_CONTENT="dissent" WC="0.47" CC="6770"/>
						<SP ID="P98_SP00073" HPOS="192" VPOS="1059" WIDTH="14"/>
						<String ID="P98_ST00091" HPOS="206" VPOS="1030" WIDTH="78" HEIGHT="29" CONTENT="from" WC="0.70" CC="3340"/>
						<SP ID="P98_SP00074" HPOS="284" VPOS="1059" WIDTH="15"/>
						<String ID="P98_ST00092" HPOS="299" VPOS="1030" WIDTH="52" HEIGHT="29" CONTENT="the" WC="0.56" CC="570"/>
						<SP ID="P98_SP00075" HPOS="351" VPOS="1059" WIDTH="11"/>
						<String ID="P98_ST00093" HPOS="362" VPOS="1030" WIDTH="107" HEIGHT="30" CONTENT="Cure's" WC="0.71" CC="360006"/>
						<SP ID="P98_SP00076" HPOS="469" VPOS="1060" WIDTH="16"/>
						<String ID="P98_ST00094" HPOS="485" VPOS="1030" WIDTH="132" HEIGHT="40" CONTENT="opinion," WC="0.72" CC="00170163"/>
						<SP ID="P98_SP00077" HPOS="617" VPOS="1070" WIDTH="19"/>
						<String ID="P98_ST00095" HPOS="636" VPOS="1031" WIDTH="60" HEIGHT="29" CONTENT="and" WC="0.49" CC="077"/>
						<SP ID="P98_SP00078" HPOS="696" VPOS="1070" WIDTH="15"/>
						<String ID="P98_ST00096" HPOS="711" VPOS="1031" WIDTH="75" HEIGHT="40" CONTENT="they" WC="0.64" CC="6700"/>
						<SP ID="P98_SP00079" HPOS="786" VPOS="1071" WIDTH="16"/>
						<String ID="P98_ST00097" HPOS="802" VPOS="1031" WIDTH="92" HEIGHT="39" CONTENT="again" WC="0.82" CC="02006"/>
					</TextLine>
					<TextLine ID="P98_TL00016" HPOS="124" VPOS="1099" WIDTH="770" HEIGHT="42">
						<String ID="P98_ST00098" HPOS="124" VPOS="1099" WIDTH="120" HEIGHT="30" CONTENT="walked" WC="0.82" CC="054000"/>
						<SP ID="P98_SP00080" HPOS="244" VPOS="1129" WIDTH="30"/>
						<String ID="P98_ST00099" HPOS="274" VPOS="1109" WIDTH="39" HEIGHT="20" CONTENT="on" WC="0.63" CC="07"/>
						<SP ID="P98_SP00081" HPOS="313" VPOS="1129" WIDTH="31"/>
						<String ID="P98_ST00100" HPOS="344" VPOS="1099" WIDTH="143" HEIGHT="39" CONTENT="together" WC="0.79" CC="02200703"/>
						<SP ID="P98_SP00082" HPOS="487" VPOS="1138" WIDTH="33"/>
						<String ID="P98_ST00101" HPOS="520" VPOS="1099" WIDTH="34" HEIGHT="30" CONTENT="in" WC="0.64" CC="07"/>
						<SP ID="P98_SP00083" HPOS="554" VPOS="1138" WIDTH="31"/>
						<String ID="P98_ST00102" HPOS="585" VPOS="1099" WIDTH="112" HEIGHT="31" CONTENT="silence" WC="0.76" CC="7300600"/>
						<SP ID="P98_SP00084" HPOS="697" VPOS="1138" WIDTH="33"/>
						<String ID="P98_ST00103" HPOS="730" VPOS="1100" WIDTH="50" HEIGHT="30" CONTENT="till" WC="0.83" CC="0420"/>
						<SP ID="P98_SP00085" HPOS="780" VPOS="1138" WIDTH="38"/>
						<String ID="P98_ST00104" HPOS="818" VPOS="1101" WIDTH="76" HEIGHT="40" CONTENT="they" WC="0.82" CC="0700"/>
					</TextLine>
					<TextLine ID="P98_TL00017" HPOS="126" VPOS="1167" WIDTH="768" HEIGHT="42">
						<String ID="P98_ST00105" HPOS="126" VPOS="1167" WIDTH="129" HEIGHT="30" CONTENT="reached" WC="0.67" CC="6080700"/>
						<SP ID="P98_SP00086" HPOS="255" VPOS="1197" WIDTH="26"/>
						<String ID="P98_ST00106" HPOS="281" VPOS="1167" WIDTH="52" HEIGHT="30" CONTENT="the" WC="0.75" CC="070"/>
						<SP ID="P98_SP00087" HPOS="333" VPOS="1197" WIDTH="16"/>
						<String ID="P98_ST00107" HPOS="349" VPOS="1170" WIDTH="67" HEIGHT="36" CONTENT="part" WC="0.74" CC="0054"/>
						<SP ID="P98_SP00088" HPOS="416" VPOS="1206" WIDTH="16"/>
						<String ID="P98_ST00108" HPOS="432" VPOS="1167" WIDTH="33" HEIGHT="30" CONTENT="of" WC="0.97" CC="00"/>
						<SP ID="P98_SP00089" HPOS="465" VPOS="1206" WIDTH="20"/>
						<String ID="P98_ST00109" HPOS="485" VPOS="1168" WIDTH="53" HEIGHT="29" CONTENT="the" WC="0.75" CC="070"/>
						<SP ID="P98_SP00090" HPOS="538" VPOS="1206" WIDTH="17"/>
						<String ID="P98_ST00110" HPOS="555" VPOS="1170" WIDTH="94" HEIGHT="28" CONTENT="street" WC="0.73" CC="607010"/>
						<SP ID="P98_SP00091" HPOS="649" VPOS="1206" WIDTH="20"/>
						<String ID="P98_ST00111" HPOS="669" VPOS="1168" WIDTH="67" HEIGHT="41" CONTENT="just" WC="0.71" CC="0740"/>
						<SP ID="P98_SP00092" HPOS="736" VPOS="1209" WIDTH="21"/>
						<String ID="P98_ST00112" HPOS="757" VPOS="1169" WIDTH="137" HEIGHT="40" CONTENT="opposite" WC="0.75" CC="58006000"/>
					</TextLine>
					<TextLine ID="P98_TL00018" HPOS="125" VPOS="1235" WIDTH="768" HEIGHT="43">
						<String ID="P98_ST00113" HPOS="125" VPOS="1235" WIDTH="45" HEIGHT="30" CONTENT="La" WC="0.71" CC="50"/>
						<SP ID="P98_SP00093" HPOS="170" VPOS="1265" WIDTH="22"/>
						<String ID="P98_ST00114" HPOS="192" VPOS="1235" WIDTH="121" HEIGHT="30" CONTENT="Maison" WC="0.79" CC="000506"/>
						<SP ID="P98_SP00094" HPOS="313" VPOS="1265" WIDTH="21"/>
						<String ID="P98_ST00115" HPOS="334" VPOS="1235" WIDTH="139" HEIGHT="31" CONTENT="Prevost." WC="0.66" CC="66004720"/>
						<SP ID="P98_SP00095" HPOS="473" VPOS="1266" WIDTH="58"/>
						<String ID="P98_ST00116" HPOS="531" VPOS="1238" WIDTH="17" HEIGHT="15" CONTENT='"' WC="0.55" CC="4"/>
						<SP ID="P98_SP00096" HPOS="548" VPOS="1266" WIDTH="15"/>
						<String ID="P98_ST00117" HPOS="563" VPOS="1236" WIDTH="172" HEIGHT="42" CONTENT="Good-bye," WC="0.76" CC="820007002"/>
						<SP ID="P98_SP00097" HPOS="735" VPOS="1278" WIDTH="24"/>
						<String ID="P98_ST00118" HPOS="759" VPOS="1239" WIDTH="134" HEIGHT="39" CONTENT='Eaoul,"' WC="0.56" CC="7627024"/>
					</TextLine>
					<TextLine ID="P98_TL00019" HPOS="126" VPOS="1305" WIDTH="768" HEIGHT="39">
						<String ID="P98_ST00119" HPOS="126" VPOS="1305" WIDTH="66" HEIGHT="30" CONTENT="said" WC="0.82" CC="7000"/>
						<SP ID="P98_SP00098" HPOS="192" VPOS="1335" WIDTH="18"/>
						<String ID="P98_ST00120" HPOS="210" VPOS="1305" WIDTH="51" HEIGHT="30" CONTENT="the" WC="0.75" CC="070"/>
						<SP ID="P98_SP00099" HPOS="261" VPOS="1335" WIDTH="25"/>
						<String ID="P98_ST00121" HPOS="286" VPOS="1305" WIDTH="88" HEIGHT="39" CONTENT="Cure," WC="0.58" CC="53704"/>
						<SP ID="P98_SP00100" HPOS="374" VPOS="1344" WIDTH="20"/>
						<String ID="P98_ST00122" HPOS="394" VPOS="1305" WIDTH="77" HEIGHT="31" CONTENT="with" WC="0.57" CC="9007"/>
						<SP ID="P98_SP00101" HPOS="471" VPOS="1344" WIDTH="23"/>
						<String ID="P98_ST00123" HPOS="494" VPOS="1316" WIDTH="18" HEIGHT="19" CONTENT="a" WC="0.55" CC="4"/>
						<SP ID="P98_SP00102" HPOS="512" VPOS="1344" WIDTH="22"/>
						<String ID="P98_ST00124" HPOS="534" VPOS="1306" WIDTH="97" HEIGHT="38" CONTENT="slight" WC="0.69" CC="600074"/>
						<SP ID="P98_SP00103" HPOS="631" VPOS="1344" WIDTH="20"/>
						<String ID="P98_ST00125" HPOS="651" VPOS="1307" WIDTH="95" HEIGHT="31" CONTENT="touch" WC="0.52" CC="05737"/>
						<SP ID="P98_SP00104" HPOS="746" VPOS="1344" WIDTH="23"/>
						<String ID="P98_ST00126" HPOS="769" VPOS="1308" WIDTH="33" HEIGHT="30" CONTENT="of" WC="1.00" CC="00"/>
						<SP ID="P98_SP00105" HPOS="802" VPOS="1344" WIDTH="25"/>
						<String ID="P98_ST00127" HPOS="827" VPOS="1310" WIDTH="67" HEIGHT="29" CONTENT="sad-" WC="0.56" CC="7630"/>
					</TextLine>
				</TextBlock>
				<TextBlock ID="P98_TB00006" HPOS="124" VPOS="1373" WIDTH="770" HEIGHT="113" STYLEREFS="TXT_0 PAR_LEFT">
					<TextLine ID="P98_TL00020" HPOS="124" VPOS="1373" WIDTH="770" HEIGHT="45">
						<String ID="P98_ST00128" HPOS="124" VPOS="1384" WIDTH="79" HEIGHT="20" CONTENT="ness." WC="0.55" CC="73550"/>
						<SP ID="P98_SP00106" HPOS="203" VPOS="1404" WIDTH="49"/>
						<String ID="P98_ST00129" HPOS="252" VPOS="1375" WIDTH="18" HEIGHT="16" CONTENT='"' WC="0.53" CC="4"/>
						<SP ID="P98_SP00107" HPOS="270" VPOS="1404" WIDTH="13"/>
						<String ID="P98_ST00130" HPOS="283" VPOS="1374" WIDTH="17" HEIGHT="30" CONTENT="I" WC="1.00" CC="0"/>
						<SP ID="P98_SP00108" HPOS="300" VPOS="1404" WIDTH="21"/>
						<String ID="P98_ST00131" HPOS="321" VPOS="1384" WIDTH="47" HEIGHT="20" CONTENT="am" WC="1.00" CC="00"/>
						<SP ID="P98_SP00109" HPOS="368" VPOS="1404" WIDTH="20"/>
						<String ID="P98_ST00132" HPOS="388" VPOS="1374" WIDTH="94" HEIGHT="40" CONTENT="going" WC="0.77" CC="00370"/>
						<SP ID="P98_SP00110" HPOS="482" VPOS="1414" WIDTH="21"/>
						<String ID="P98_ST00133" HPOS="503" VPOS="1373" WIDTH="33" HEIGHT="31" CONTENT="in" WC="0.47" CC="37"/>
						<SP ID="P98_SP00111" HPOS="536" VPOS="1414" WIDTH="21"/>
						<String ID="P98_ST00134" HPOS="557" VPOS="1375" WIDTH="96" HEIGHT="31" CONTENT="there." WC="0.77" CC="170400"/>
						<SP ID="P98_SP00112" HPOS="653" VPOS="1414" WIDTH="58"/>
						<String ID="P98_ST00135" HPOS="711" VPOS="1377" WIDTH="165" HEIGHT="41" CONTENT="Good-bye" WC="0.72" CC="80050700"/>
						<SP ID="P98_SP00113" HPOS="876" VPOS="1418" WIDTH="14"/>
						<String ID="P98_ST00136" HPOS="890" VPOS="1388" WIDTH="4" HEIGHT="29" CONTENT=";" WC="1.00" CC="0"/>
					</TextLine>
					<TextLine ID="P98_TL00021" HPOS="127" VPOS="1445" WIDTH="767" HEIGHT="41">
						<String ID="P98_ST00137" HPOS="127" VPOS="1445" WIDTH="15" HEIGHT="29" CONTENT="I" WC="0.29" CC="7"/>
						<SP ID="P98_SP00114" HPOS="142" VPOS="1474" WIDTH="14"/>
						<String ID="P98_ST00138" HPOS="156" VPOS="1445" WIDTH="77" HEIGHT="29" CONTENT="have" WC="0.94" CC="2000"/>
						<SP ID="P98_SP00115" HPOS="233" VPOS="1474" WIDTH="17"/>
						<String ID="P98_ST00139" HPOS="250" VPOS="1455" WIDTH="71" HEIGHT="19" CONTENT="seen" WC="0.65" CC="6007"/>
						<SP ID="P98_SP00116" HPOS="321" VPOS="1474" WIDTH="16"/>
						<String ID="P98_ST00140" HPOS="337" VPOS="1445" WIDTH="57" HEIGHT="29" CONTENT="but" WC="0.29" CC="775"/>
						<SP ID="P98_SP00117" HPOS="394" VPOS="1474" WIDTH="10"/>
						<String ID="P98_ST00141" HPOS="404" VPOS="1445" WIDTH="81" HEIGHT="29" CONTENT="little" WC="0.78" CC="030630"/>
						<SP ID="P98_SP00118" HPOS="485" VPOS="1474" WIDTH="17"/>
						<String ID="P98_ST00142" HPOS="502" VPOS="1445" WIDTH="33" HEIGHT="30" CONTENT="of" WC="1.00" CC="00"/>
						<SP ID="P98_SP00119" HPOS="535" VPOS="1475" WIDTH="12"/>
						<String ID="P98_ST00143" HPOS="547" VPOS="1456" WIDTH="62" HEIGHT="30" CONTENT="you" WC="0.72" CC="007"/>
						<SP ID="P98_SP00120" HPOS="609" VPOS="1486" WIDTH="16"/>
						<String ID="P98_ST00144" HPOS="625" VPOS="1446" WIDTH="83" HEIGHT="31" CONTENT="since" WC="0.67" CC="71700"/>
						<SP ID="P98_SP00121" HPOS="708" VPOS="1486" WIDTH="15"/>
						<String ID="P98_ST00145" HPOS="723" VPOS="1458" WIDTH="63" HEIGHT="28" CONTENT="you" WC="0.44" CC="906"/>
						<SP ID="P98_SP00122" HPOS="786" VPOS="1486" WIDTH="16"/>
						<String ID="P98_ST00146" HPOS="802" VPOS="1458" WIDTH="92" HEIGHT="20" CONTENT="came." WC="0.88" CC="00060"/>
					</TextLine>
				</TextBlock>
			</PrintSpace>
		</Page>
	</Layout>
</alto>
