<?xml version="1.0" encoding="UTF-8"?>
<alto xmlns:xsi="http://www.w3.org/2001/XMLSchema-instance" xsi:noNamespaceSchemaLocation="http://www.bl.uk/schemas/alto/alto-1-4.xsd" xmlns:xlink="http://www.w3.org/1999/xlink">
	<Description>
		<MeasurementUnit>mm10</MeasurementUnit>
		<sourceImageInformation>
			<fileName>//head1/IN/2007-46/A0010904365.2/000528.jp2</fileName>
		</sourceImageInformation>
		<OCRProcessing ID="OCRPROCESSING_1">
			<preProcessingStep>
				<processingSoftware>
					<softwareCreator>CCS Content Conversion Specialists GmbH, Germany</softwareCreator>
					<softwareName>CCS docWORKS</softwareName>
					<softwareVersion>6.1-0.62</softwareVersion>
				</processingSoftware>
			</preProcessingStep>
			<ocrProcessingStep>
				<processingSoftware>
					<softwareCreator>ABBYY (BIT Software), Russia</softwareCreator>
					<softwareName>Finereader</softwareName>
				</processingSoftware>
			</ocrProcessingStep>
		</OCRProcessing>
	</Description>
	<Styles>
		<TextStyle ID="TXT_0" FONTSIZE="10" FONTFAMILY="Courier New"/>
		<TextStyle ID="TXT_1" FONTSIZE="9" FONTFAMILY="Courier New"/>
		<ParagraphStyle ID="PAR_LEFT" ALIGN="Left"/>
		<ParagraphStyle ID="PAR_CENTER" ALIGN="Center"/>
	</Styles>
	<Layout>
		<Page ID="P194" PHYSICAL_IMG_NR="194" HEIGHT="1667" WIDTH="979" PRINTED_IMG_NR="180" POSITION="Left" ACCURACY="68.12">
			<TopMargin ID="P194_TM00001" HPOS="0" VPOS="0" WIDTH="978" HEIGHT="131">
				<TextBlock ID="P194_TB00001" HPOS="129" VPOS="103" WIDTH="51" HEIGHT="26" STYLEREFS="TXT_0 PAR_LEFT">
					<TextLine ID="P194_TL00001" HPOS="129" VPOS="103" WIDTH="51" HEIGHT="26">
						<String ID="P194_ST00001" HPOS="129" VPOS="103" WIDTH="51" HEIGHT="26" CONTENT="180" WC="1.00" CC="000"/>
					</TextLine>
				</TextBlock>
				<TextBlock ID="P194_TB00002" HPOS="377" VPOS="110" WIDTH="263" HEIGHT="21" STYLEREFS="TXT_1 PAR_CENTER">
					<TextLine ID="P194_TL00002" HPOS="377" VPOS="110" WIDTH="263" HEIGHT="21">
						<String ID="P194_ST00002" HPOS="377" VPOS="112" WIDTH="59" HEIGHT="19" CONTENT="ALL" WC="1.00" CC="000"/>
						<SP ID="P194_SP00001" HPOS="436" VPOS="131" WIDTH="19"/>
						<String ID="P194_ST00003" HPOS="455" VPOS="111" WIDTH="59" HEIGHT="20" CONTENT="FOR" WC="0.60" CC="407"/>
						<SP ID="P194_SP00002" HPOS="514" VPOS="131" WIDTH="18"/>
						<String ID="P194_ST00004" HPOS="532" VPOS="110" WIDTH="108" HEIGHT="21" CONTENT="GREED." WC="0.72" CC="560020"/>
					</TextLine>
				</TextBlock>
			</TopMargin>
			<LeftMargin ID="P194_LM00001" HPOS="0" VPOS="131" WIDTH="121" HEIGHT="1362"/>
			<RightMargin ID="P194_RM00001" HPOS="896" VPOS="131" WIDTH="82" HEIGHT="1362"/>
			<BottomMargin ID="P194_BM00001" HPOS="0" VPOS="1493" WIDTH="978" HEIGHT="174"/>
			<PrintSpace ID="P194_PS00001" HPOS="121" VPOS="131" WIDTH="775" HEIGHT="1362">
				<TextBlock ID="P194_TB00003" HPOS="122" VPOS="195" WIDTH="774" HEIGHT="877" STYLEREFS="TXT_1 PAR_LEFT">
					<TextLine ID="P194_TL00003" HPOS="127" VPOS="196" WIDTH="769" HEIGHT="43">
						<String ID="P194_ST00005" HPOS="127" VPOS="199" WIDTH="128" HEIGHT="40" CONTENT="tionary," WC="0.69" CC="13470700"/>
						<SP ID="P194_SP00003" HPOS="255" VPOS="239" WIDTH="16"/>
						<String ID="P194_ST00006" HPOS="271" VPOS="199" WIDTH="77" HEIGHT="30" CONTENT="from" WC="0.80" CC="4400"/>
						<SP ID="P194_SP00004" HPOS="348" VPOS="239" WIDTH="11"/>
						<String ID="P194_ST00007" HPOS="359" VPOS="199" WIDTH="53" HEIGHT="30" CONTENT="the" WC="0.70" CC="170"/>
						<SP ID="P194_SP00005" HPOS="412" VPOS="239" WIDTH="13"/>
						<String ID="P194_ST00008" HPOS="425" VPOS="199" WIDTH="81" HEIGHT="39" CONTENT="Juge" WC="0.59" CC="6602"/>
						<SP ID="P194_SP00006" HPOS="506" VPOS="239" WIDTH="16"/>
						<String ID="P194_ST00009" HPOS="522" VPOS="199" WIDTH="28" HEIGHT="28" CONTENT="d'" WC="0.62" CC="70"/>
						<String ID="P194_ST00010" HPOS="555" VPOS="196" WIDTH="191" HEIGHT="31" CONTENT="Instruction" WC="0.54" CC="26607800656"/>
						<SP ID="P194_SP00007" HPOS="746" VPOS="239" WIDTH="13"/>
						<String ID="P194_ST00011" HPOS="759" VPOS="196" WIDTH="91" HEIGHT="30" CONTENT="down" WC="0.64" CC="7007"/>
						<SP ID="P194_SP00008" HPOS="850" VPOS="239" WIDTH="15"/>
						<String ID="P194_ST00012" HPOS="865" VPOS="198" WIDTH="31" HEIGHT="28" CONTENT="to" WC="0.57" CC="53"/>
					</TextLine>
					<TextLine ID="P194_TL00004" HPOS="126" VPOS="265" WIDTH="770" HEIGHT="43">
						<String ID="P194_ST00013" HPOS="126" VPOS="269" WIDTH="51" HEIGHT="29" CONTENT="the" WC="0.75" CC="070"/>
						<SP ID="P194_SP00009" HPOS="177" VPOS="298" WIDTH="12"/>
						<String ID="P194_ST00014" HPOS="189" VPOS="269" WIDTH="100" HEIGHT="29" CONTENT="Garde" WC="0.56" CC="70760"/>
						<SP ID="P194_SP00010" HPOS="289" VPOS="298" WIDTH="12"/>
						<String ID="P194_ST00015" HPOS="301" VPOS="269" WIDTH="191" HEIGHT="39" CONTENT="Champetre," WC="0.76" CC="4700001704"/>
						<SP ID="P194_SP00011" HPOS="492" VPOS="308" WIDTH="16"/>
						<String ID="P194_ST00016" HPOS="508" VPOS="267" WIDTH="73" HEIGHT="31" CONTENT="took" WC="0.65" CC="0138"/>
						<SP ID="P194_SP00012" HPOS="581" VPOS="308" WIDTH="12"/>
						<String ID="P194_ST00017" HPOS="593" VPOS="266" WIDTH="100" HEIGHT="31" CONTENT="Eaoul" WC="0.57" CC="65180"/>
						<SP ID="P194_SP00013" HPOS="693" VPOS="308" WIDTH="11"/>
						<String ID="P194_ST00018" HPOS="704" VPOS="266" WIDTH="36" HEIGHT="30" CONTENT="de" WC="0.55" CC="90"/>
						<SP ID="P194_SP00014" HPOS="740" VPOS="308" WIDTH="11"/>
						<String ID="P194_ST00019" HPOS="751" VPOS="265" WIDTH="145" HEIGHT="31" CONTENT="Morville" WC="0.65" CC="20655403"/>
					</TextLine>
					<TextLine ID="P194_TL00005" HPOS="124" VPOS="335" WIDTH="772" HEIGHT="41">
						<String ID="P194_ST00020" HPOS="124" VPOS="338" WIDTH="46" HEIGHT="30" CONTENT="for" WC="0.71" CC="026"/>
						<SP ID="P194_SP00015" HPOS="170" VPOS="368" WIDTH="22"/>
						<String ID="P194_ST00021" HPOS="192" VPOS="338" WIDTH="40" HEIGHT="30" CONTENT="its" WC="0.72" CC="026"/>
						<SP ID="P194_SP00016" HPOS="232" VPOS="368" WIDTH="22"/>
						<String ID="P194_ST00022" HPOS="254" VPOS="338" WIDTH="78" HEIGHT="31" CONTENT="butt." WC="0.71" CC="77000"/>
						<SP ID="P194_SP00017" HPOS="332" VPOS="369" WIDTH="48"/>
						<String ID="P194_ST00023" HPOS="380" VPOS="338" WIDTH="39" HEIGHT="30" CONTENT="In" WC="0.58" CC="16"/>
						<SP ID="P194_SP00018" HPOS="419" VPOS="369" WIDTH="21"/>
						<String ID="P194_ST00024" HPOS="440" VPOS="338" WIDTH="53" HEIGHT="30" CONTENT="the" WC="0.46" CC="365"/>
						<SP ID="P194_SP00019" HPOS="493" VPOS="369" WIDTH="22"/>
						<String ID="P194_ST00025" HPOS="515" VPOS="337" WIDTH="68" HEIGHT="30" CONTENT="first" WC="0.72" CC="00363"/>
						<SP ID="P194_SP00020" HPOS="583" VPOS="369" WIDTH="22"/>
						<String ID="P194_ST00026" HPOS="605" VPOS="337" WIDTH="95" HEIGHT="39" CONTENT="place," WC="0.87" CC="000403"/>
						<SP ID="P194_SP00021" HPOS="700" VPOS="376" WIDTH="23"/>
						<String ID="P194_ST00027" HPOS="723" VPOS="337" WIDTH="39" HEIGHT="29" CONTENT="he" WC="0.55" CC="71"/>
						<SP ID="P194_SP00022" HPOS="762" VPOS="376" WIDTH="15"/>
						<String ID="P194_ST00028" HPOS="777" VPOS="346" WIDTH="63" HEIGHT="20" CONTENT="was" WC="0.78" CC="006"/>
						<SP ID="P194_SP00023" HPOS="840" VPOS="376" WIDTH="23"/>
						<String ID="P194_ST00029" HPOS="863" VPOS="335" WIDTH="33" HEIGHT="30" CONTENT="in" WC="0.63" CC="07"/>
					</TextLine>
					<TextLine ID="P194_TL00006" HPOS="123" VPOS="406" WIDTH="772" HEIGHT="42">
						<String ID="P194_ST00030" HPOS="123" VPOS="408" WIDTH="110" HEIGHT="40" CONTENT="reality" WC="0.63" CC="0593600"/>
						<SP ID="P194_SP00024" HPOS="233" VPOS="448" WIDTH="29"/>
						<String ID="P194_ST00031" HPOS="262" VPOS="418" WIDTH="83" HEIGHT="19" CONTENT="more" WC="0.74" CC="0540"/>
						<SP ID="P194_SP00025" HPOS="345" VPOS="448" WIDTH="30"/>
						<String ID="P194_ST00032" HPOS="375" VPOS="407" WIDTH="184" HEIGHT="39" CONTENT="interesting" WC="0.58" CC="40076070579"/>
						<SP ID="P194_SP00026" HPOS="559" VPOS="448" WIDTH="37"/>
						<String ID="P194_ST00033" HPOS="596" VPOS="406" WIDTH="77" HEIGHT="30" CONTENT="than" WC="0.69" CC="0705"/>
						<SP ID="P194_SP00027" HPOS="673" VPOS="448" WIDTH="36"/>
						<String ID="P194_ST00034" HPOS="709" VPOS="406" WIDTH="53" HEIGHT="30" CONTENT="the" WC="0.75" CC="070"/>
						<SP ID="P194_SP00028" HPOS="762" VPOS="448" WIDTH="31"/>
						<String ID="P194_ST00035" HPOS="793" VPOS="406" WIDTH="102" HEIGHT="30" CONTENT="wood" SUBS_TYPE="HypPart1" SUBS_CONTENT="woodcutter" WC="0.86" CC="00060"/>
						<HYP CONTENT="-"/>
					</TextLine>
					<TextLine ID="P194_TL00007" HPOS="124" VPOS="475" WIDTH="771" HEIGHT="41">
						<String ID="P194_ST00036" HPOS="124" VPOS="480" WIDTH="99" HEIGHT="26" CONTENT="cutter" SUBS_TYPE="HypPart2" SUBS_CONTENT="woodcutter" WC="0.41" CC="753764"/>
						<SP ID="P194_SP00029" HPOS="223" VPOS="506" WIDTH="10"/>
						<String ID="P194_ST00037" HPOS="233" VPOS="486" WIDTH="7" HEIGHT="30" CONTENT=";" WC="0.47" CC="5"/>
						<SP ID="P194_SP00030" HPOS="240" VPOS="516" WIDTH="25"/>
						<String ID="P194_ST00038" HPOS="265" VPOS="476" WIDTH="60" HEIGHT="30" CONTENT="and" WC="0.59" CC="065"/>
						<SP ID="P194_SP00031" HPOS="325" VPOS="516" WIDTH="22"/>
						<String ID="P194_ST00039" HPOS="347" VPOS="475" WIDTH="33" HEIGHT="31" CONTENT="in" WC="0.64" CC="07"/>
						<SP ID="P194_SP00032" HPOS="380" VPOS="516" WIDTH="21"/>
						<String ID="P194_ST00040" HPOS="401" VPOS="476" WIDTH="53" HEIGHT="30" CONTENT="the" WC="0.62" CC="370"/>
						<SP ID="P194_SP00033" HPOS="454" VPOS="516" WIDTH="22"/>
						<String ID="P194_ST00041" HPOS="476" VPOS="478" WIDTH="86" HEIGHT="36" CONTENT="next," WC="0.79" CC="70003"/>
						<SP ID="P194_SP00034" HPOS="562" VPOS="516" WIDTH="18"/>
						<String ID="P194_ST00042" HPOS="580" VPOS="486" WIDTH="40" HEIGHT="19" CONTENT="no" WC="0.49" CC="54"/>
						<SP ID="P194_SP00035" HPOS="620" VPOS="516" WIDTH="23"/>
						<String ID="P194_ST00043" HPOS="643" VPOS="475" WIDTH="121" HEIGHT="30" CONTENT="intense" WC="0.71" CC="0600660"/>
						<SP ID="P194_SP00036" HPOS="764" VPOS="516" WIDTH="15"/>
						<String ID="P194_ST00044" HPOS="779" VPOS="475" WIDTH="116" HEIGHT="40" CONTENT="feeling" WC="0.77" CC="0312160"/>
					</TextLine>
					<TextLine ID="P194_TL00008" HPOS="124" VPOS="545" WIDTH="771" HEIGHT="40">
						<String ID="P194_ST00045" HPOS="124" VPOS="546" WIDTH="118" HEIGHT="30" CONTENT="divides" WC="0.45" CC="6074737"/>
						<SP ID="P194_SP00037" HPOS="242" VPOS="576" WIDTH="23"/>
						<String ID="P194_ST00046" HPOS="265" VPOS="546" WIDTH="91" HEIGHT="30" CONTENT="itself." WC="0.78" CC="2061400"/>
						<SP ID="P194_SP00038" HPOS="356" VPOS="576" WIDTH="56"/>
						<String ID="P194_ST00047" HPOS="412" VPOS="546" WIDTH="31" HEIGHT="29" CONTENT="It" WC="1.00" CC="00"/>
						<SP ID="P194_SP00039" HPOS="443" VPOS="576" WIDTH="25"/>
						<String ID="P194_ST00048" HPOS="468" VPOS="546" WIDTH="124" HEIGHT="29" CONTENT="chooses" WC="0.63" CC="0704707"/>
						<SP ID="P194_SP00040" HPOS="592" VPOS="576" WIDTH="27"/>
						<String ID="P194_ST00049" HPOS="619" VPOS="545" WIDTH="186" HEIGHT="40" CONTENT="arbitrarily," WC="0.65" CC="087007055502"/>
						<SP ID="P194_SP00041" HPOS="805" VPOS="585" WIDTH="29"/>
						<String ID="P194_ST00050" HPOS="834" VPOS="547" WIDTH="61" HEIGHT="28" CONTENT="and" WC="0.67" CC="072"/>
					</TextLine>
					<TextLine ID="P194_TL00009" HPOS="122" VPOS="614" WIDTH="771" HEIGHT="39">
						<String ID="P194_ST00051" HPOS="122" VPOS="616" WIDTH="95" HEIGHT="37" CONTENT="there," WC="0.56" CC="476700"/>
						<SP ID="P194_SP00042" HPOS="217" VPOS="653" WIDTH="18"/>
						<String ID="P194_ST00052" HPOS="235" VPOS="616" WIDTH="101" HEIGHT="30" CONTENT="where" WC="0.69" CC="07061"/>
						<SP ID="P194_SP00043" HPOS="336" VPOS="653" WIDTH="16"/>
						<String ID="P194_ST00053" HPOS="352" VPOS="615" WIDTH="25" HEIGHT="30" CONTENT="it" WC="0.59" CC="43"/>
						<SP ID="P194_SP00044" HPOS="377" VPOS="653" WIDTH="21"/>
						<String ID="P194_ST00054" HPOS="398" VPOS="615" WIDTH="55" HEIGHT="30" CONTENT="has" WC="0.56" CC="732"/>
						<SP ID="P194_SP00045" HPOS="453" VPOS="653" WIDTH="15"/>
						<String ID="P194_ST00055" HPOS="468" VPOS="615" WIDTH="124" HEIGHT="30" CONTENT="become" WC="0.85" CC="700100"/>
						<SP ID="P194_SP00046" HPOS="592" VPOS="653" WIDTH="21"/>
						<String ID="P194_ST00056" HPOS="613" VPOS="614" WIDTH="93" HEIGHT="39" CONTENT="fixed," WC="0.85" CC="000260"/>
						<SP ID="P194_SP00047" HPOS="706" VPOS="653" WIDTH="19"/>
						<String ID="P194_ST00057" HPOS="725" VPOS="614" WIDTH="25" HEIGHT="31" CONTENT="it" WC="1.00" CC="00"/>
						<SP ID="P194_SP00048" HPOS="750" VPOS="653" WIDTH="16"/>
						<String ID="P194_ST00058" HPOS="766" VPOS="625" WIDTH="127" HEIGHT="20" CONTENT="concen" SUBS_TYPE="HypPart1" SUBS_CONTENT="concentrates" WC="0.70" CC="0274060"/>
						<HYP CONTENT="-"/>
					</TextLine>
					<TextLine ID="P194_TL00010" HPOS="122" VPOS="685" WIDTH="769" HEIGHT="39">
						<String ID="P194_ST00059" HPOS="122" VPOS="687" WIDTH="94" HEIGHT="27" CONTENT="trates" SUBS_TYPE="HypPart2" SUBS_CONTENT="concentrates" WC="0.44" CC="770567"/>
						<SP ID="P194_SP00049" HPOS="216" VPOS="714" WIDTH="16"/>
						<String ID="P194_ST00060" HPOS="232" VPOS="685" WIDTH="40" HEIGHT="29" CONTENT="all" WC="0.78" CC="006"/>
						<SP ID="P194_SP00050" HPOS="272" VPOS="714" WIDTH="22"/>
						<String ID="P194_ST00061" HPOS="294" VPOS="685" WIDTH="41" HEIGHT="29" CONTENT="its" WC="0.80" CC="005"/>
						<SP ID="P194_SP00051" HPOS="335" VPOS="714" WIDTH="15"/>
						<String ID="P194_ST00062" HPOS="350" VPOS="695" WIDTH="125" HEIGHT="29" CONTENT="energy." WC="0.72" CC="0705600"/>
						<SP ID="P194_SP00052" HPOS="475" VPOS="724" WIDTH="48"/>
						<String ID="P194_ST00063" HPOS="523" VPOS="685" WIDTH="100" HEIGHT="29" CONTENT="Eaoul" WC="0.73" CC="70060"/>
						<SP ID="P194_SP00053" HPOS="623" VPOS="724" WIDTH="16"/>
						<String ID="P194_ST00064" HPOS="639" VPOS="695" WIDTH="72" HEIGHT="28" CONTENT="was," WC="0.72" CC="0073"/>
						<SP ID="P194_SP00054" HPOS="711" VPOS="724" WIDTH="18"/>
						<String ID="P194_ST00065" HPOS="729" VPOS="685" WIDTH="162" HEIGHT="39" CONTENT="therefore," WC="0.78" CC="0505000703"/>
					</TextLine>
					<TextLine ID="P194_TL00011" HPOS="122" VPOS="753" WIDTH="770" HEIGHT="40">
						<String ID="P194_ST00066" HPOS="122" VPOS="753" WIDTH="52" HEIGHT="30" CONTENT="the" WC="0.48" CC="870"/>
						<SP ID="P194_SP00055" HPOS="174" VPOS="783" WIDTH="15"/>
						<String ID="P194_ST00067" HPOS="189" VPOS="756" WIDTH="53" HEIGHT="37" CONTENT="pet" WC="0.93" CC="001"/>
						<SP ID="P194_SP00056" HPOS="242" VPOS="793" WIDTH="14"/>
						<String ID="P194_ST00068" HPOS="256" VPOS="753" WIDTH="115" HEIGHT="38" CONTENT="victim," WC="0.85" CC="7000101"/>
						<SP ID="P194_SP00057" HPOS="371" VPOS="793" WIDTH="19"/>
						<String ID="P194_ST00069" HPOS="390" VPOS="753" WIDTH="52" HEIGHT="30" CONTENT="the" WC="0.66" CC="072"/>
						<SP ID="P194_SP00058" HPOS="442" VPOS="793" WIDTH="16"/>
						<String ID="P194_ST00070" HPOS="458" VPOS="753" WIDTH="153" HEIGHT="31" CONTENT="favourite" WC="0.57" CC="906385012"/>
						<SP ID="P194_SP00059" HPOS="611" VPOS="793" WIDTH="17"/>
						<String ID="P194_ST00071" HPOS="628" VPOS="754" WIDTH="33" HEIGHT="30" CONTENT="of" WC="1.00" CC="00"/>
						<SP ID="P194_SP00060" HPOS="661" VPOS="793" WIDTH="12"/>
						<String ID="P194_ST00072" HPOS="673" VPOS="754" WIDTH="63" HEIGHT="30" CONTENT="this" WC="0.46" CC="2765"/>
						<SP ID="P194_SP00061" HPOS="736" VPOS="793" WIDTH="16"/>
						<String ID="P194_ST00073" HPOS="752" VPOS="755" WIDTH="140" HEIGHT="29" CONTENT="dreadful" WC="0.51" CC="77202574"/>
					</TextLine>
					<TextLine ID="P194_TL00012" HPOS="122" VPOS="823" WIDTH="770" HEIGHT="38">
						<String ID="P194_ST00074" HPOS="122" VPOS="834" WIDTH="77" HEIGHT="27" CONTENT="race," WC="0.80" CC="60003"/>
						<SP ID="P194_SP00062" HPOS="199" VPOS="861" WIDTH="17"/>
						<String ID="P194_ST00075" HPOS="216" VPOS="823" WIDTH="60" HEIGHT="30" CONTENT="and" WC="0.66" CC="171"/>
						<SP ID="P194_SP00063" HPOS="276" VPOS="861" WIDTH="14"/>
						<String ID="P194_ST00076" HPOS="290" VPOS="823" WIDTH="40" HEIGHT="30" CONTENT="he" WC="0.48" CC="72"/>
						<SP ID="P194_SP00064" HPOS="330" VPOS="861" WIDTH="16"/>
						<String ID="P194_ST00077" HPOS="346" VPOS="834" WIDTH="33" HEIGHT="19" CONTENT="or" WC="0.76" CC="04"/>
						<SP ID="P194_SP00065" HPOS="379" VPOS="861" WIDTH="15"/>
						<String ID="P194_ST00078" HPOS="394" VPOS="823" WIDTH="54" HEIGHT="30" CONTENT="she" WC="0.61" CC="470"/>
						<SP ID="P194_SP00066" HPOS="448" VPOS="861" WIDTH="15"/>
						<String ID="P194_ST00079" HPOS="463" VPOS="834" WIDTH="62" HEIGHT="20" CONTENT="was" WC="0.77" CC="006"/>
						<SP ID="P194_SP00067" HPOS="525" VPOS="861" WIDTH="15"/>
						<String ID="P194_ST00080" HPOS="540" VPOS="823" WIDTH="58" HEIGHT="31" CONTENT="but" WC="0.36" CC="783"/>
						<SP ID="P194_SP00068" HPOS="598" VPOS="861" WIDTH="15"/>
						<String ID="P194_ST00081" HPOS="613" VPOS="823" WIDTH="35" HEIGHT="30" CONTENT="ill" WC="0.60" CC="145"/>
						<SP ID="P194_SP00069" HPOS="648" VPOS="861" WIDTH="15"/>
						<String ID="P194_ST00082" HPOS="663" VPOS="824" WIDTH="142" HEIGHT="32" CONTENT="received" WC="0.84" CC="00000705"/>
						<SP ID="P194_SP00070" HPOS="805" VPOS="861" WIDTH="18"/>
						<String ID="P194_ST00083" HPOS="823" VPOS="826" WIDTH="69" HEIGHT="30" CONTENT="who" WC="0.60" CC="064"/>
					</TextLine>
					<TextLine ID="P194_TL00013" HPOS="122" VPOS="892" WIDTH="771" HEIGHT="42">
						<String ID="P194_ST00084" HPOS="122" VPOS="893" WIDTH="150" HEIGHT="29" CONTENT="ventured" WC="0.49" CC="66747700"/>
						<SP ID="P194_SP00071" HPOS="272" VPOS="922" WIDTH="23"/>
						<String ID="P194_ST00085" HPOS="295" VPOS="894" WIDTH="32" HEIGHT="28" CONTENT="to" WC="0.72" CC="50"/>
						<SP ID="P194_SP00072" HPOS="327" VPOS="922" WIDTH="27"/>
						<String ID="P194_ST00086" HPOS="354" VPOS="892" WIDTH="68" HEIGHT="30" CONTENT="hint" WC="0.55" CC="7073"/>
						<SP ID="P194_SP00073" HPOS="422" VPOS="922" WIDTH="25"/>
						<String ID="P194_ST00087" HPOS="447" VPOS="895" WIDTH="31" HEIGHT="27" CONTENT="at" WC="0.40" CC="56"/>
						<SP ID="P194_SP00074" HPOS="478" VPOS="922" WIDTH="25"/>
						<String ID="P194_ST00088" HPOS="503" VPOS="893" WIDTH="54" HEIGHT="29" CONTENT="the" WC="0.36" CC="575"/>
						<SP ID="P194_SP00075" HPOS="557" VPOS="922" WIDTH="26"/>
						<String ID="P194_ST00089" HPOS="583" VPOS="893" WIDTH="178" HEIGHT="41" CONTENT="possibility" WC="0.69" CC="42460403600"/>
						<SP ID="P194_SP00076" HPOS="761" VPOS="934" WIDTH="27"/>
						<String ID="P194_ST00090" HPOS="788" VPOS="894" WIDTH="34" HEIGHT="30" CONTENT="of" WC="1.00" CC="00"/>
						<SP ID="P194_SP00077" HPOS="822" VPOS="934" WIDTH="22"/>
						<String ID="P194_ST00091" HPOS="844" VPOS="895" WIDTH="49" HEIGHT="30" CONTENT="his" WC="0.42" CC="709"/>
					</TextLine>
					<TextLine ID="P194_TL00014" HPOS="122" VPOS="961" WIDTH="770" HEIGHT="44">
						<String ID="P194_ST00092" HPOS="122" VPOS="961" WIDTH="164" HEIGHT="31" CONTENT="innocence" WC="0.61" CC="047423740"/>
						<SP ID="P194_SP00078" HPOS="286" VPOS="992" WIDTH="15"/>
						<String ID="P194_ST00093" HPOS="301" VPOS="961" WIDTH="34" HEIGHT="30" CONTENT="in" WC="0.48" CC="27"/>
						<SP ID="P194_SP00079" HPOS="335" VPOS="992" WIDTH="14"/>
						<String ID="P194_ST00094" HPOS="349" VPOS="962" WIDTH="53" HEIGHT="30" CONTENT="the" WC="0.60" CC="074"/>
						<SP ID="P194_SP00080" HPOS="402" VPOS="992" WIDTH="15"/>
						<String ID="P194_ST00095" HPOS="417" VPOS="972" WIDTH="144" HEIGHT="30" CONTENT="presence" WC="0.60" CC="06066731"/>
						<SP ID="P194_SP00081" HPOS="561" VPOS="1002" WIDTH="13"/>
						<String ID="P194_ST00096" HPOS="574" VPOS="963" WIDTH="34" HEIGHT="30" CONTENT="of" WC="0.89" CC="20"/>
						<SP ID="P194_SP00082" HPOS="608" VPOS="1002" WIDTH="11"/>
						<String ID="P194_ST00097" HPOS="619" VPOS="973" WIDTH="61" HEIGHT="31" CONTENT="any" WC="0.81" CC="050"/>
						<SP ID="P194_SP00083" HPOS="680" VPOS="1004" WIDTH="13"/>
						<String ID="P194_ST00098" HPOS="693" VPOS="974" WIDTH="57" HEIGHT="20" CONTENT="one" WC="0.76" CC="070"/>
						<SP ID="P194_SP00084" HPOS="750" VPOS="1004" WIDTH="15"/>
						<String ID="P194_ST00099" HPOS="765" VPOS="964" WIDTH="127" HEIGHT="41" CONTENT="belong" SUBS_TYPE="HypPart1" SUBS_CONTENT="belonging" WC="0.74" CC="7400500"/>
						<HYP CONTENT="-"/>
					</TextLine>
					<TextLine ID="P194_TL00015" HPOS="122" VPOS="1035" WIDTH="240" HEIGHT="37">
						<String ID="P194_ST00100" HPOS="122" VPOS="1035" WIDTH="54" HEIGHT="37" CONTENT="ing" SUBS_TYPE="HypPart2" SUBS_CONTENT="belonging" WC="0.56" CC="480"/>
						<SP ID="P194_SP00085" HPOS="176" VPOS="1072" WIDTH="15"/>
						<String ID="P194_ST00101" HPOS="191" VPOS="1038" WIDTH="31" HEIGHT="27" CONTENT="to" WC="0.83" CC="03"/>
						<SP ID="P194_SP00086" HPOS="222" VPOS="1072" WIDTH="16"/>
						<String ID="P194_ST00102" HPOS="238" VPOS="1035" WIDTH="28" HEIGHT="30" CONTENT="la" WC="0.76" CC="40"/>
						<SP ID="P194_SP00087" HPOS="266" VPOS="1072" WIDTH="16"/>
						<String ID="P194_ST00103" HPOS="282" VPOS="1035" WIDTH="80" HEIGHT="30" CONTENT="robe." WC="0.74" CC="50700"/>
					</TextLine>
				</TextBlock>
				<TextBlock ID="P194_TB00004" HPOS="121" VPOS="1104" WIDTH="771" HEIGHT="389" STYLEREFS="TXT_1 PAR_LEFT">
					<TextLine ID="P194_TL00016" HPOS="165" VPOS="1104" WIDTH="727" HEIGHT="44">
						<String ID="P194_ST00104" HPOS="165" VPOS="1104" WIDTH="64" HEIGHT="30" CONTENT="The" WC="0.75" CC="070"/>
						<SP ID="P194_SP00088" HPOS="229" VPOS="1134" WIDTH="23"/>
						<String ID="P194_ST00105" HPOS="252" VPOS="1105" WIDTH="207" HEIGHT="40" CONTENT="townspeople" WC="0.74" CC="04088005010"/>
						<SP ID="P194_SP00089" HPOS="459" VPOS="1145" WIDTH="22"/>
						<String ID="P194_ST00106" HPOS="481" VPOS="1105" WIDTH="34" HEIGHT="31" CONTENT="of" WC="0.85" CC="20"/>
						<SP ID="P194_SP00090" HPOS="515" VPOS="1145" WIDTH="19"/>
						<String ID="P194_ST00107" HPOS="534" VPOS="1106" WIDTH="29" HEIGHT="29" CONTENT="D" WC="0.25" CC="7"/>
						<SP ID="P194_SP00091" HPOS="563" VPOS="1145" WIDTH="102"/>
						<String ID="P194_ST00108" HPOS="665" VPOS="1108" WIDTH="153" HEIGHT="40" CONTENT="however," WC="0.69" CC="70017053"/>
						<SP ID="P194_SP00092" HPOS="818" VPOS="1148" WIDTH="17"/>
						<String ID="P194_ST00109" HPOS="835" VPOS="1109" WIDTH="57" HEIGHT="31" CONTENT="im" SUBS_TYPE="HypPart1" SUBS_CONTENT="imperfectly" WC="0.71" CC="223"/>
						<HYP CONTENT="-"/>
					</TextLine>
					<TextLine ID="P194_TL00017" HPOS="122" VPOS="1174" WIDTH="769" HEIGHT="44">
						<String ID="P194_ST00110" HPOS="122" VPOS="1174" WIDTH="151" HEIGHT="41" CONTENT="perfectly" SUBS_TYPE="HypPart2" SUBS_CONTENT="imperfectly" WC="0.76" CC="005056310"/>
						<SP ID="P194_SP00093" HPOS="273" VPOS="1215" WIDTH="22"/>
						<String ID="P194_ST00111" HPOS="295" VPOS="1174" WIDTH="152" HEIGHT="31" CONTENT="informed" WC="0.67" CC="07806102"/>
						<SP ID="P194_SP00094" HPOS="447" VPOS="1215" WIDTH="22"/>
						<String ID="P194_ST00112" HPOS="469" VPOS="1186" WIDTH="32" HEIGHT="19" CONTENT="as" WC="0.71" CC="05"/>
						<SP ID="P194_SP00095" HPOS="501" VPOS="1215" WIDTH="22"/>
						<String ID="P194_ST00113" HPOS="523" VPOS="1176" WIDTH="76" HEIGHT="41" CONTENT="they" WC="0.75" CC="2700"/>
						<SP ID="P194_SP00096" HPOS="599" VPOS="1217" WIDTH="22"/>
						<String ID="P194_ST00114" HPOS="621" VPOS="1187" WIDTH="70" HEIGHT="21" CONTENT="now" WC="0.75" CC="700"/>
						<SP ID="P194_SP00097" HPOS="691" VPOS="1217" WIDTH="15"/>
						<String ID="P194_ST00115" HPOS="706" VPOS="1188" WIDTH="89" HEIGHT="30" CONTENT="were," WC="0.88" CC="00303"/>
						<SP ID="P194_SP00098" HPOS="795" VPOS="1218" WIDTH="28"/>
						<String ID="P194_ST00116" HPOS="823" VPOS="1189" WIDTH="68" HEIGHT="20" CONTENT="con" SUBS_TYPE="HypPart1" SUBS_CONTENT="continued" WC="0.81" CC="0060"/>
						<HYP CONTENT="-"/>
					</TextLine>
					<TextLine ID="P194_TL00018" HPOS="122" VPOS="1243" WIDTH="769" HEIGHT="45">
						<String ID="P194_ST00117" HPOS="122" VPOS="1243" WIDTH="108" HEIGHT="31" CONTENT="tinued" SUBS_TYPE="HypPart2" SUBS_CONTENT="continued" WC="0.36" CC="655757"/>
						<SP ID="P194_SP00099" HPOS="230" VPOS="1274" WIDTH="22"/>
						<String ID="P194_ST00118" HPOS="252" VPOS="1248" WIDTH="31" HEIGHT="27" CONTENT="to" WC="0.57" CC="25"/>
						<SP ID="P194_SP00100" HPOS="283" VPOS="1275" WIDTH="16"/>
						<String ID="P194_ST00119" HPOS="299" VPOS="1244" WIDTH="116" HEIGHT="31" CONTENT="behave" WC="0.63" CC="706070"/>
						<SP ID="P194_SP00101" HPOS="415" VPOS="1275" WIDTH="24"/>
						<String ID="P194_ST00120" HPOS="439" VPOS="1245" WIDTH="33" HEIGHT="30" CONTENT="in" WC="0.49" CC="27"/>
						<SP ID="P194_SP00102" HPOS="472" VPOS="1275" WIDTH="22"/>
						<String ID="P194_ST00121" HPOS="494" VPOS="1256" WIDTH="18" HEIGHT="19" CONTENT="a" WC="1.00" CC="0"/>
						<SP ID="P194_SP00103" HPOS="512" VPOS="1275" WIDTH="19"/>
						<String ID="P194_ST00122" HPOS="531" VPOS="1250" WIDTH="55" HEIGHT="26" CONTENT="not" WC="0.78" CC="600"/>
						<SP ID="P194_SP00104" HPOS="586" VPOS="1276" WIDTH="20"/>
						<String ID="P194_ST00123" HPOS="606" VPOS="1248" WIDTH="111" HEIGHT="40" CONTENT="totally" WC="0.81" CC="0560000"/>
						<SP ID="P194_SP00105" HPOS="717" VPOS="1288" WIDTH="16"/>
						<String ID="P194_ST00124" HPOS="733" VPOS="1248" WIDTH="158" HEIGHT="32" CONTENT="discredit" SUBS_TYPE="HypPart1" SUBS_CONTENT="discreditable" WC="0.63" CC="6073603070"/>
						<HYP CONTENT="-"/>
					</TextLine>
					<TextLine ID="P194_TL00019" HPOS="121" VPOS="1312" WIDTH="771" HEIGHT="44">
						<String ID="P194_ST00125" HPOS="121" VPOS="1312" WIDTH="67" HEIGHT="30" CONTENT="able" SUBS_TYPE="HypPart2" SUBS_CONTENT="discreditable" WC="0.69" CC="6500"/>
						<SP ID="P194_SP00106" HPOS="188" VPOS="1342" WIDTH="23"/>
						<String ID="P194_ST00126" HPOS="211" VPOS="1324" WIDTH="134" HEIGHT="19" CONTENT="manner." WC="0.82" CC="0052030"/>
						<SP ID="P194_SP00107" HPOS="345" VPOS="1343" WIDTH="51"/>
						<String ID="P194_ST00127" HPOS="396" VPOS="1314" WIDTH="98" HEIGHT="31" CONTENT="There" WC="0.76" CC="07040"/>
						<SP ID="P194_SP00108" HPOS="494" VPOS="1345" WIDTH="22"/>
						<String ID="P194_ST00128" HPOS="516" VPOS="1326" WIDTH="81" HEIGHT="20" CONTENT="were" WC="0.88" CC="0040"/>
						<SP ID="P194_SP00109" HPOS="597" VPOS="1346" WIDTH="22"/>
						<String ID="P194_ST00129" HPOS="619" VPOS="1317" WIDTH="115" HEIGHT="39" CONTENT="parties" WC="0.72" CC="0060507"/>
						<SP ID="P194_SP00110" HPOS="734" VPOS="1356" WIDTH="25"/>
						<String ID="P194_ST00130" HPOS="759" VPOS="1318" WIDTH="48" HEIGHT="30" CONTENT="for" WC="0.81" CC="005"/>
						<SP ID="P194_SP00111" HPOS="807" VPOS="1356" WIDTH="25"/>
						<String ID="P194_ST00131" HPOS="832" VPOS="1320" WIDTH="60" HEIGHT="29" CONTENT="and" WC="0.76" CC="070"/>
					</TextLine>
					<TextLine ID="P194_TL00020" HPOS="122" VPOS="1381" WIDTH="770" HEIGHT="47">
						<String ID="P194_ST00132" HPOS="122" VPOS="1381" WIDTH="120" HEIGHT="40" CONTENT="against" WC="0.62" CC="9000772"/>
						<SP ID="P194_SP00112" HPOS="242" VPOS="1421" WIDTH="14"/>
						<String ID="P194_ST00133" HPOS="256" VPOS="1383" WIDTH="53" HEIGHT="30" CONTENT="the" WC="0.81" CC="050"/>
						<SP ID="P194_SP00113" HPOS="309" VPOS="1421" WIDTH="16"/>
						<String ID="P194_ST00134" HPOS="325" VPOS="1385" WIDTH="128" HEIGHT="29" CONTENT="accused" WC="0.55" CC="0357615"/>
						<String ID="P194_ST00135" HPOS="464" VPOS="1394" WIDTH="7" HEIGHT="29" CONTENT=";" WC="1.00" CC="0"/>
						<SP ID="P194_SP00114" HPOS="471" VPOS="1423" WIDTH="29"/>
						<String ID="P194_ST00136" HPOS="500" VPOS="1386" WIDTH="69" HEIGHT="38" CONTENT="and," WC="0.59" CC="0780"/>
						<SP ID="P194_SP00115" HPOS="569" VPOS="1424" WIDTH="19"/>
						<String ID="P194_ST00137" HPOS="588" VPOS="1386" WIDTH="169" HEIGHT="42" CONTENT="supposing" WC="0.47" CC="588017275"/>
						<SP ID="P194_SP00116" HPOS="757" VPOS="1428" WIDTH="22"/>
						<String ID="P194_ST00138" HPOS="779" VPOS="1388" WIDTH="66" HEIGHT="31" CONTENT="him" WC="0.52" CC="760"/>
						<SP ID="P194_SP00117" HPOS="845" VPOS="1428" WIDTH="15"/>
						<String ID="P194_ST00139" HPOS="860" VPOS="1391" WIDTH="32" HEIGHT="28" CONTENT="to" WC="0.77" CC="30"/>
					</TextLine>
					<TextLine ID="P194_TL00021" HPOS="121" VPOS="1451" WIDTH="771" HEIGHT="42">
						<String ID="P194_ST00140" HPOS="121" VPOS="1451" WIDTH="38" HEIGHT="29" CONTENT="be" WC="0.58" CC="70"/>
						<SP ID="P194_SP00118" HPOS="159" VPOS="1480" WIDTH="14"/>
						<String ID="P194_ST00141" HPOS="173" VPOS="1452" WIDTH="115" HEIGHT="39" CONTENT="proved" WC="0.60" CC="044706"/>
						<SP ID="P194_SP00119" HPOS="288" VPOS="1491" WIDTH="16"/>
						<String ID="P194_ST00142" HPOS="304" VPOS="1452" WIDTH="172" HEIGHT="41" CONTENT="absolutely" WC="0.54" CC="9766570020"/>
						<SP ID="P194_SP00120" HPOS="476" VPOS="1493" WIDTH="16"/>
						<String ID="P194_ST00143" HPOS="492" VPOS="1453" WIDTH="153" HEIGHT="40" CONTENT="innocent," WC="0.58" CC="076550740"/>
						<SP ID="P194_SP00121" HPOS="645" VPOS="1493" WIDTH="18"/>
						<String ID="P194_ST00144" HPOS="663" VPOS="1456" WIDTH="64" HEIGHT="31" CONTENT="free" WC="0.80" CC="1104"/>
						<SP ID="P194_SP00122" HPOS="727" VPOS="1493" WIDTH="23"/>
						<String ID="P194_ST00145" HPOS="750" VPOS="1458" WIDTH="79" HEIGHT="30" CONTENT="from" WC="0.94" CC="1100"/>
						<SP ID="P194_SP00123" HPOS="829" VPOS="1493" WIDTH="22"/>
						<String ID="P194_ST00146" HPOS="851" VPOS="1458" WIDTH="41" HEIGHT="31" CONTENT="all" WC="0.80" CC="005"/>
					</TextLine>
				</TextBlock>
			</PrintSpace>
		</Page>
	</Layout>
</alto>
