<?xml version="1.0" encoding="UTF-8"?>
<alto xmlns:xsi="http://www.w3.org/2001/XMLSchema-instance" xsi:noNamespaceSchemaLocation="http://www.bl.uk/schemas/alto/alto-1-4.xsd" xmlns:xlink="http://www.w3.org/1999/xlink">
	<Description>
		<MeasurementUnit>mm10</MeasurementUnit>
		<sourceImageInformation>
			<fileName>//head1/IN/2007-46/A0010904365.2/000368.jp2</fileName>
		</sourceImageInformation>
		<OCRProcessing ID="OCRPROCESSING_1">
			<preProcessingStep>
				<processingSoftware>
					<softwareCreator>CCS Content Conversion Specialists GmbH, Germany</softwareCreator>
					<softwareName>CCS docWORKS</softwareName>
					<softwareVersion>6.1-0.62</softwareVersion>
				</processingSoftware>
			</preProcessingStep>
			<ocrProcessingStep>
				<processingSoftware>
					<softwareCreator>ABBYY (BIT Software), Russia</softwareCreator>
					<softwareName>Finereader</softwareName>
				</processingSoftware>
			</ocrProcessingStep>
		</OCRProcessing>
	</Description>
	<Styles>
		<TextStyle ID="TXT_0" FONTSIZE="10" FONTFAMILY="Courier New"/>
		<ParagraphStyle ID="PAR_LEFT" ALIGN="Left"/>
		<ParagraphStyle ID="PAR_CENTER" ALIGN="Center"/>
	</Styles>
	<Layout>
		<Page ID="P34" PHYSICAL_IMG_NR="34" HEIGHT="1667" WIDTH="979" PRINTED_IMG_NR="20" POSITION="Left" ACCURACY="71.53">
			<TopMargin ID="P34_TM00001" HPOS="0" VPOS="0" WIDTH="978" HEIGHT="128">
				<TextBlock ID="P34_TB00001" HPOS="112" VPOS="95" WIDTH="35" HEIGHT="29" STYLEREFS="TXT_0 PAR_LEFT">
					<TextLine ID="P34_TL00001" HPOS="112" VPOS="95" WIDTH="35" HEIGHT="29">
						<String ID="P34_ST00001" HPOS="112" VPOS="95" WIDTH="35" HEIGHT="29" CONTENT="20" WC="1.00" CC="00"/>
					</TextLine>
				</TextBlock>
				<TextBlock ID="P34_TB00002" HPOS="364" VPOS="107" WIDTH="264" HEIGHT="21" STYLEREFS="TXT_0 PAR_CENTER">
					<TextLine ID="P34_TL00002" HPOS="364" VPOS="108" WIDTH="264" HEIGHT="20">
						<String ID="P34_ST00002" HPOS="364" VPOS="108" WIDTH="58" HEIGHT="20" CONTENT="ALL" WC="0.67" CC="045"/>
						<SP ID="P34_SP00001" HPOS="422" VPOS="128" WIDTH="20"/>
						<String ID="P34_ST00003" HPOS="442" VPOS="108" WIDTH="58" HEIGHT="20" CONTENT="FOR" WC="0.92" CC="200"/>
						<SP ID="P34_SP00002" HPOS="500" VPOS="128" WIDTH="19"/>
						<String ID="P34_ST00004" HPOS="519" VPOS="108" WIDTH="109" HEIGHT="20" CONTENT="GREED." WC="0.65" CC="503570"/>
					</TextLine>
				</TextBlock>
			</TopMargin>
			<LeftMargin ID="P34_LM00001" HPOS="0" VPOS="126" WIDTH="110" HEIGHT="857"/>
			<RightMargin ID="P34_RM00001" HPOS="889" VPOS="126" WIDTH="89" HEIGHT="857"/>
			<BottomMargin ID="P34_BM00001" HPOS="0" VPOS="983" WIDTH="978" HEIGHT="684"/>
			<PrintSpace ID="P34_PS00001" HPOS="110" VPOS="126" WIDTH="779" HEIGHT="857">
				<TextBlock ID="P34_TB00003" HPOS="110" VPOS="187" WIDTH="776" HEIGHT="321" STYLEREFS="TXT_0 PAR_LEFT">
					<TextLine ID="P34_TL00003" HPOS="112" VPOS="187" WIDTH="774" HEIGHT="44">
						<String ID="P34_ST00005" HPOS="112" VPOS="193" WIDTH="60" HEIGHT="30" CONTENT="and" WC="0.54" CC="076"/>
						<SP ID="P34_SP00003" HPOS="172" VPOS="223" WIDTH="15"/>
						<String ID="P34_ST00006" HPOS="187" VPOS="195" WIDTH="32" HEIGHT="28" CONTENT="to" WC="1.00" CC="00"/>
						<SP ID="P34_SP00004" HPOS="219" VPOS="223" WIDTH="15"/>
						<String ID="P34_ST00007" HPOS="234" VPOS="194" WIDTH="83" HEIGHT="30" CONTENT="what" WC="0.66" CC="0705"/>
						<SP ID="P34_SP00005" HPOS="317" VPOS="224" WIDTH="15"/>
						<String ID="P34_ST00008" HPOS="332" VPOS="204" WIDTH="62" HEIGHT="20" CONTENT="was" WC="0.82" CC="005"/>
						<SP ID="P34_SP00006" HPOS="394" VPOS="224" WIDTH="15"/>
						<String ID="P34_ST00009" HPOS="409" VPOS="204" WIDTH="99" HEIGHT="21" CONTENT="worse" WC="0.69" CC="04460"/>
						<SP ID="P34_SP00007" HPOS="508" VPOS="225" WIDTH="23"/>
						<String ID="P34_ST00010" HPOS="531" VPOS="193" WIDTH="74" HEIGHT="38" CONTENT="still," WC="0.76" CC="600403"/>
						<SP ID="P34_SP00008" HPOS="605" VPOS="231" WIDTH="19"/>
						<String ID="P34_ST00011" HPOS="624" VPOS="192" WIDTH="53" HEIGHT="31" CONTENT="the" WC="0.66" CC="270"/>
						<SP ID="P34_SP00009" HPOS="677" VPOS="231" WIDTH="23"/>
						<String ID="P34_ST00012" HPOS="700" VPOS="187" WIDTH="186" HEIGHT="40" CONTENT="knowledge" WC="0.69" CC="060900720"/>
					</TextLine>
					<TextLine ID="P34_TL00004" HPOS="111" VPOS="256" WIDTH="775" HEIGHT="46">
						<String ID="P34_ST00013" HPOS="111" VPOS="262" WIDTH="67" HEIGHT="29" CONTENT="that" WC="0.66" CC="0705"/>
						<SP ID="P34_SP00010" HPOS="178" VPOS="291" WIDTH="16"/>
						<String ID="P34_ST00014" HPOS="194" VPOS="262" WIDTH="45" HEIGHT="29" CONTENT="far" WC="0.77" CC="006"/>
						<SP ID="P34_SP00011" HPOS="239" VPOS="291" WIDTH="15"/>
						<String ID="P34_ST00015" HPOS="254" VPOS="262" WIDTH="78" HEIGHT="30" CONTENT="from" WC="0.88" CC="2200"/>
						<SP ID="P34_SP00012" HPOS="332" VPOS="292" WIDTH="16"/>
						<String ID="P34_ST00016" HPOS="348" VPOS="262" WIDTH="148" HEIGHT="40" CONTENT="bringing" WC="0.57" CC="63580280"/>
						<SP ID="P34_SP00013" HPOS="496" VPOS="302" WIDTH="15"/>
						<String ID="P34_ST00017" HPOS="511" VPOS="261" WIDTH="166" HEIGHT="40" CONTENT="happiness" WC="0.63" CC="700055058"/>
						<SP ID="P34_SP00014" HPOS="677" VPOS="302" WIDTH="23"/>
						<String ID="P34_ST00018" HPOS="700" VPOS="262" WIDTH="34" HEIGHT="28" CONTENT="to" WC="0.75" CC="05"/>
						<SP ID="P34_SP00015" HPOS="734" VPOS="302" WIDTH="16"/>
						<String ID="P34_ST00019" HPOS="750" VPOS="257" WIDTH="66" HEIGHT="31" CONTENT="him" WC="0.55" CC="723"/>
						<SP ID="P34_SP00016" HPOS="816" VPOS="302" WIDTH="16"/>
						<String ID="P34_ST00020" HPOS="832" VPOS="256" WIDTH="54" HEIGHT="30" CONTENT="sbe" WC="0.54" CC="670"/>
					</TextLine>
					<TextLine ID="P34_TL00005" HPOS="111" VPOS="325" WIDTH="775" HEIGHT="47">
						<String ID="P34_ST00021" HPOS="111" VPOS="331" WIDTH="68" HEIGHT="31" CONTENT="best" WC="0.51" CC="6065"/>
						<SP ID="P34_SP00017" HPOS="179" VPOS="362" WIDTH="23"/>
						<String ID="P34_ST00022" HPOS="202" VPOS="332" WIDTH="98" HEIGHT="39" CONTENT="loved," WC="0.78" CC="017013"/>
						<SP ID="P34_SP00018" HPOS="300" VPOS="371" WIDTH="31"/>
						<String ID="P34_ST00023" HPOS="331" VPOS="333" WIDTH="62" HEIGHT="37" CONTENT="she," WC="0.59" CC="5703"/>
						<SP ID="P34_SP00019" HPOS="393" VPOS="371" WIDTH="27"/>
						<String ID="P34_ST00024" HPOS="420" VPOS="331" WIDTH="44" HEIGHT="41" CONTENT="by" WC="0.64" CC="70"/>
						<SP ID="P34_SP00020" HPOS="464" VPOS="372" WIDTH="23"/>
						<String ID="P34_ST00025" HPOS="487" VPOS="331" WIDTH="56" HEIGHT="30" CONTENT="her" WC="0.58" CC="705"/>
						<SP ID="P34_SP00021" HPOS="543" VPOS="372" WIDTH="25"/>
						<String ID="P34_ST00026" HPOS="568" VPOS="340" WIDTH="70" HEIGHT="21" CONTENT="own" WC="0.75" CC="007"/>
						<SP ID="P34_SP00022" HPOS="638" VPOS="372" WIDTH="25"/>
						<String ID="P34_ST00027" HPOS="663" VPOS="325" WIDTH="223" HEIGHT="34" CONTENT="uncertainties" WC="0.61" CC="6701570174008"/>
					</TextLine>
					<TextLine ID="P34_TL00006" HPOS="111" VPOS="396" WIDTH="774" HEIGHT="43">
						<String ID="P34_ST00028" HPOS="111" VPOS="401" WIDTH="60" HEIGHT="28" CONTENT="and" WC="0.62" CC="074"/>
						<SP ID="P34_SP00023" HPOS="171" VPOS="429" WIDTH="29"/>
						<String ID="P34_ST00029" HPOS="200" VPOS="401" WIDTH="119" HEIGHT="38" CONTENT="alarms," WC="0.76" CC="0006064"/>
						<SP ID="P34_SP00024" HPOS="319" VPOS="439" WIDTH="32"/>
						<String ID="P34_ST00030" HPOS="351" VPOS="400" WIDTH="136" HEIGHT="39" CONTENT="brought" WC="0.38" CC="6637773"/>
						<SP ID="P34_SP00025" HPOS="487" VPOS="439" WIDTH="30"/>
						<String ID="P34_ST00031" HPOS="517" VPOS="399" WIDTH="65" HEIGHT="29" CONTENT="him" WC="0.67" CC="720"/>
						<SP ID="P34_SP00026" HPOS="582" VPOS="439" WIDTH="35"/>
						<String ID="P34_ST00032" HPOS="617" VPOS="396" WIDTH="163" HEIGHT="42" CONTENT="perpetual" WC="0.88" CC="004000500"/>
						<SP ID="P34_SP00027" HPOS="780" VPOS="439" WIDTH="37"/>
						<String ID="P34_ST00033" HPOS="817" VPOS="406" WIDTH="68" HEIGHT="29" CONTENT="per" SUBS_TYPE="HypPart1" SUBS_CONTENT="perplexity" WC="0.87" CC="0031"/>
						<HYP CONTENT="-"/>
					</TextLine>
					<TextLine ID="P34_TL00007" HPOS="110" VPOS="469" WIDTH="293" HEIGHT="39">
						<String ID="P34_ST00034" HPOS="110" VPOS="469" WIDTH="121" HEIGHT="39" CONTENT="plexity" SUBS_TYPE="HypPart2" SUBS_CONTENT="perplexity" WC="0.86" CC="0009000"/>
						<SP ID="P34_SP00028" HPOS="231" VPOS="508" WIDTH="16"/>
						<String ID="P34_ST00035" HPOS="247" VPOS="470" WIDTH="60" HEIGHT="29" CONTENT="and" WC="0.60" CC="074"/>
						<SP ID="P34_SP00029" HPOS="307" VPOS="508" WIDTH="14"/>
						<String ID="P34_ST00036" HPOS="321" VPOS="469" WIDTH="82" HEIGHT="39" CONTENT="pain." WC="0.86" CC="00060"/>
					</TextLine>
				</TextBlock>
				<TextBlock ID="P34_TB00004" HPOS="110" VPOS="535" WIDTH="779" HEIGHT="448" STYLEREFS="TXT_0 PAR_LEFT">
					<TextLine ID="P34_TL00008" HPOS="152" VPOS="536" WIDTH="737" HEIGHT="41">
						<String ID="P34_ST00037" HPOS="152" VPOS="538" WIDTH="65" HEIGHT="30" CONTENT="But" WC="0.26" CC="777"/>
						<SP ID="P34_SP00030" HPOS="217" VPOS="568" WIDTH="22"/>
						<String ID="P34_ST00038" HPOS="239" VPOS="538" WIDTH="33" HEIGHT="29" CONTENT="in" WC="0.69" CC="06"/>
						<SP ID="P34_SP00031" HPOS="272" VPOS="568" WIDTH="22"/>
						<String ID="P34_ST00039" HPOS="294" VPOS="538" WIDTH="62" HEIGHT="30" CONTENT="this" WC="0.64" CC="0707"/>
						<SP ID="P34_SP00032" HPOS="356" VPOS="568" WIDTH="23"/>
						<String ID="P34_ST00040" HPOS="379" VPOS="538" WIDTH="80" HEIGHT="30" CONTENT="little" WC="0.90" CC="104000"/>
						<SP ID="P34_SP00033" HPOS="459" VPOS="568" WIDTH="16"/>
						<String ID="P34_ST00041" HPOS="475" VPOS="537" WIDTH="256" HEIGHT="40" CONTENT="out-of-the-way" WC="0.84" CC="27040000700000"/>
						<SP ID="P34_SP00034" HPOS="731" VPOS="577" WIDTH="16"/>
						<String ID="P34_ST00042" HPOS="747" VPOS="539" WIDTH="86" HEIGHT="28" CONTENT="town" WC="0.64" CC="6007"/>
						<SP ID="P34_SP00035" HPOS="833" VPOS="577" WIDTH="22"/>
						<String ID="P34_ST00043" HPOS="855" VPOS="536" WIDTH="34" HEIGHT="30" CONTENT="of" WC="0.96" CC="00"/>
					</TextLine>
					<TextLine ID="P34_TL00009" HPOS="110" VPOS="606" WIDTH="774" HEIGHT="40">
						<String ID="P34_ST00044" HPOS="110" VPOS="608" WIDTH="29" HEIGHT="29" CONTENT="D" WC="1.00" CC="0"/>
						<SP ID="P34_SP00036" HPOS="139" VPOS="637" WIDTH="89"/>
						<String ID="P34_ST00045" HPOS="228" VPOS="631" WIDTH="6" HEIGHT="15" CONTENT="," WC="0.68" CC="3"/>
						<SP ID="P34_SP00037" HPOS="234" VPOS="646" WIDTH="19"/>
						<String ID="P34_ST00046" HPOS="253" VPOS="610" WIDTH="107" HEIGHT="28" CONTENT="events" WC="0.54" CC="060677"/>
						<SP ID="P34_SP00038" HPOS="360" VPOS="646" WIDTH="19"/>
						<String ID="P34_ST00047" HPOS="379" VPOS="617" WIDTH="81" HEIGHT="21" CONTENT="were" WC="0.87" CC="0050"/>
						<SP ID="P34_SP00039" HPOS="460" VPOS="646" WIDTH="22"/>
						<String ID="P34_ST00048" HPOS="482" VPOS="607" WIDTH="34" HEIGHT="30" CONTENT="in" WC="0.63" CC="07"/>
						<SP ID="P34_SP00040" HPOS="516" VPOS="646" WIDTH="23"/>
						<String ID="P34_ST00049" HPOS="539" VPOS="610" WIDTH="80" HEIGHT="27" CONTENT="store" WC="0.62" CC="66230"/>
						<SP ID="P34_SP00041" HPOS="619" VPOS="646" WIDTH="23"/>
						<String ID="P34_ST00050" HPOS="642" VPOS="606" WIDTH="104" HEIGHT="32" CONTENT="which" WC="0.54" CC="08608"/>
						<SP ID="P34_SP00042" HPOS="746" VPOS="646" WIDTH="22"/>
						<String ID="P34_ST00051" HPOS="768" VPOS="606" WIDTH="116" HEIGHT="31" CONTENT="threat" SUBS_TYPE="HypPart1" SUBS_CONTENT="threatened" WC="0.78" CC="0700034"/>
						<HYP CONTENT="-"/>
					</TextLine>
					<TextLine ID="P34_TL00010" HPOS="111" VPOS="676" WIDTH="774" HEIGHT="40">
						<String ID="P34_ST00052" HPOS="111" VPOS="677" WIDTH="77" HEIGHT="29" CONTENT="ened" SUBS_TYPE="HypPart2" SUBS_CONTENT="threatened" WC="0.71" CC="0703"/>
						<SP ID="P34_SP00043" HPOS="188" VPOS="706" WIDTH="29"/>
						<String ID="P34_ST00053" HPOS="217" VPOS="679" WIDTH="32" HEIGHT="27" CONTENT="to" WC="0.73" CC="50"/>
						<SP ID="P34_SP00044" HPOS="249" VPOS="706" WIDTH="30"/>
						<String ID="P34_ST00054" HPOS="279" VPOS="677" WIDTH="82" HEIGHT="29" CONTENT="force" WC="0.87" CC="00600"/>
						<SP ID="P34_SP00045" HPOS="361" VPOS="706" WIDTH="30"/>
						<String ID="P34_ST00055" HPOS="391" VPOS="677" WIDTH="53" HEIGHT="29" CONTENT="the" WC="0.59" CC="470"/>
						<SP ID="P34_SP00046" HPOS="444" VPOS="706" WIDTH="30"/>
						<String ID="P34_ST00056" HPOS="474" VPOS="687" WIDTH="134" HEIGHT="29" CONTENT="persons," WC="0.68" CC="00460562"/>
						<SP ID="P34_SP00047" HPOS="608" VPOS="716" WIDTH="19"/>
						<String ID="P34_ST00057" HPOS="627" VPOS="687" WIDTH="47" HEIGHT="20" CONTENT="we" WC="0.50" CC="90"/>
						<SP ID="P34_SP00048" HPOS="674" VPOS="716" WIDTH="27"/>
						<String ID="P34_ST00058" HPOS="701" VPOS="677" WIDTH="79" HEIGHT="29" CONTENT="have" WC="0.72" CC="7030"/>
						<SP ID="P34_SP00049" HPOS="780" VPOS="716" WIDTH="27"/>
						<String ID="P34_ST00059" HPOS="807" VPOS="676" WIDTH="78" HEIGHT="30" CONTENT="been" WC="0.63" CC="7007"/>
					</TextLine>
					<TextLine ID="P34_TL00011" HPOS="111" VPOS="746" WIDTH="773" HEIGHT="41">
						<String ID="P34_ST00060" HPOS="111" VPOS="746" WIDTH="185" HEIGHT="41" CONTENT="attempting" WC="0.84" CC="0300000560"/>
						<SP ID="P34_SP00050" HPOS="296" VPOS="787" WIDTH="18"/>
						<String ID="P34_ST00061" HPOS="314" VPOS="748" WIDTH="32" HEIGHT="28" CONTENT="to" WC="0.92" CC="01"/>
						<SP ID="P34_SP00051" HPOS="346" VPOS="787" WIDTH="17"/>
						<String ID="P34_ST00062" HPOS="363" VPOS="746" WIDTH="146" HEIGHT="40" CONTENT="describe," WC="0.69" CC="006532703"/>
						<SP ID="P34_SP00052" HPOS="509" VPOS="787" WIDTH="20"/>
						<String ID="P34_ST00063" HPOS="529" VPOS="748" WIDTH="55" HEIGHT="29" CONTENT="out" WC="0.62" CC="163"/>
						<SP ID="P34_SP00053" HPOS="584" VPOS="787" WIDTH="15"/>
						<String ID="P34_ST00064" HPOS="599" VPOS="746" WIDTH="35" HEIGHT="30" CONTENT="of" WC="1.00" CC="00"/>
						<SP ID="P34_SP00054" HPOS="634" VPOS="787" WIDTH="18"/>
						<String ID="P34_ST00065" HPOS="652" VPOS="747" WIDTH="83" HEIGHT="29" CONTENT="then" WC="0.66" CC="4801"/>
						<SP ID="P34_SP00055" HPOS="735" VPOS="787" WIDTH="16"/>
						<String ID="P34_ST00066" HPOS="751" VPOS="757" WIDTH="133" HEIGHT="20" CONTENT="conven" SUBS_TYPE="HypPart1" SUBS_CONTENT="conventional" WC="0.70" CC="0255051"/>
						<HYP CONTENT="-"/>
					</TextLine>
					<TextLine ID="P34_TL00012" HPOS="111" VPOS="815" WIDTH="774" HEIGHT="40">
						<String ID="P34_ST00067" HPOS="111" VPOS="815" WIDTH="95" HEIGHT="31" CONTENT="tional" SUBS_TYPE="HypPart2" SUBS_CONTENT="conventional" WC="0.76" CC="060700"/>
						<SP ID="P34_SP00056" HPOS="206" VPOS="846" WIDTH="22"/>
						<String ID="P34_ST00068" HPOS="228" VPOS="818" WIDTH="84" HEIGHT="37" CONTENT="parts" WC="0.82" CC="00206"/>
						<SP ID="P34_SP00057" HPOS="312" VPOS="855" WIDTH="23"/>
						<String ID="P34_ST00069" HPOS="335" VPOS="815" WIDTH="65" HEIGHT="32" CONTENT="into" WC="0.61" CC="0814"/>
						<SP ID="P34_SP00058" HPOS="400" VPOS="855" WIDTH="22"/>
						<String ID="P34_ST00070" HPOS="422" VPOS="816" WIDTH="53" HEIGHT="31" CONTENT="the" WC="0.75" CC="070"/>
						<SP ID="P34_SP00059" HPOS="475" VPOS="855" WIDTH="23"/>
						<String ID="P34_ST00071" HPOS="498" VPOS="816" WIDTH="65" HEIGHT="31" CONTENT="real" WC="0.85" CC="5000"/>
						<SP ID="P34_SP00060" HPOS="563" VPOS="855" WIDTH="23"/>
						<String ID="P34_ST00072" HPOS="586" VPOS="816" WIDTH="172" HEIGHT="31" CONTENT="characters" WC="0.78" CC="0703000016"/>
						<SP ID="P34_SP00061" HPOS="758" VPOS="855" WIDTH="24"/>
						<String ID="P34_ST00073" HPOS="782" VPOS="815" WIDTH="103" HEIGHT="33" CONTENT="which" WC="0.67" CC="07017"/>
					</TextLine>
					<TextLine ID="P34_TL00013" HPOS="111" VPOS="885" WIDTH="773" HEIGHT="41">
						<String ID="P34_ST00074" HPOS="111" VPOS="885" WIDTH="61" HEIGHT="29" CONTENT="had" WC="0.64" CC="703"/>
						<SP ID="P34_SP00062" HPOS="172" VPOS="914" WIDTH="22"/>
						<String ID="P34_ST00075" HPOS="194" VPOS="885" WIDTH="78" HEIGHT="29" CONTENT="been" WC="0.63" CC="7007"/>
						<SP ID="P34_SP00063" HPOS="272" VPOS="914" WIDTH="15"/>
						<String ID="P34_ST00076" HPOS="287" VPOS="885" WIDTH="113" HEIGHT="30" CONTENT="alloted" WC="0.87" CC="0001006"/>
						<SP ID="P34_SP00064" HPOS="400" VPOS="915" WIDTH="21"/>
						<String ID="P34_ST00077" HPOS="421" VPOS="888" WIDTH="32" HEIGHT="27" CONTENT="to" WC="0.91" CC="01"/>
						<SP ID="P34_SP00065" HPOS="453" VPOS="915" WIDTH="23"/>
						<String ID="P34_ST00078" HPOS="476" VPOS="886" WIDTH="86" HEIGHT="30" CONTENT="them" WC="0.81" CC="0700"/>
						<SP ID="P34_SP00066" HPOS="562" VPOS="916" WIDTH="22"/>
						<String ID="P34_ST00079" HPOS="584" VPOS="886" WIDTH="34" HEIGHT="30" CONTENT="in" WC="0.63" CC="07"/>
						<SP ID="P34_SP00067" HPOS="618" VPOS="916" WIDTH="21"/>
						<String ID="P34_ST00080" HPOS="639" VPOS="886" WIDTH="54" HEIGHT="30" CONTENT="the" WC="0.75" CC="070"/>
						<SP ID="P34_SP00068" HPOS="693" VPOS="916" WIDTH="20"/>
						<String ID="P34_ST00081" HPOS="713" VPOS="896" WIDTH="95" HEIGHT="30" CONTENT="grave" WC="0.63" CC="55070"/>
						<SP ID="P34_SP00069" HPOS="808" VPOS="926" WIDTH="15"/>
						<String ID="P34_ST00082" HPOS="823" VPOS="886" WIDTH="61" HEIGHT="30" CONTENT="and" WC="0.54" CC="075"/>
					</TextLine>
					<TextLine ID="P34_TL00014" HPOS="112" VPOS="953" WIDTH="358" HEIGHT="30">
						<String ID="P34_ST00083" HPOS="112" VPOS="953" WIDTH="116" HEIGHT="30" CONTENT="serious" WC="0.73" CC="4000075"/>
						<SP ID="P34_SP00070" HPOS="228" VPOS="983" WIDTH="16"/>
						<String ID="P34_ST00084" HPOS="244" VPOS="954" WIDTH="104" HEIGHT="29" CONTENT="drama" WC="0.94" CC="30000"/>
						<SP ID="P34_SP00071" HPOS="348" VPOS="983" WIDTH="16"/>
						<String ID="P34_ST00085" HPOS="364" VPOS="954" WIDTH="34" HEIGHT="29" CONTENT="of" WC="0.71" CC="50"/>
						<SP ID="P34_SP00072" HPOS="398" VPOS="983" WIDTH="11"/>
						<String ID="P34_ST00086" HPOS="409" VPOS="954" WIDTH="61" HEIGHT="29" CONTENT="Use." WC="0.70" CC="7400"/>
					</TextLine>
				</TextBlock>
			</PrintSpace>
		</Page>
	</Layout>
</alto>
