<?xml version="1.0" encoding="UTF-8"?>
<alto xmlns:xsi="http://www.w3.org/2001/XMLSchema-instance" xsi:noNamespaceSchemaLocation="http://www.bl.uk/schemas/alto/alto-1-4.xsd" xmlns:xlink="http://www.w3.org/1999/xlink">
	<Description>
		<MeasurementUnit>mm10</MeasurementUnit>
		<sourceImageInformation>
			<fileName>//head1/IN/2007-46/A0010904365.2/000374.jp2</fileName>
		</sourceImageInformation>
		<OCRProcessing ID="OCRPROCESSING_1">
			<preProcessingStep>
				<processingSoftware>
					<softwareCreator>CCS Content Conversion Specialists GmbH, Germany</softwareCreator>
					<softwareName>CCS docWORKS</softwareName>
					<softwareVersion>6.1-0.62</softwareVersion>
				</processingSoftware>
			</preProcessingStep>
			<ocrProcessingStep>
				<processingSoftware>
					<softwareCreator>ABBYY (BIT Software), Russia</softwareCreator>
					<softwareName>Finereader</softwareName>
				</processingSoftware>
			</ocrProcessingStep>
		</OCRProcessing>
	</Description>
	<Styles>
		<TextStyle ID="TXT_0" FONTSIZE="10" FONTFAMILY="Courier New"/>
		<TextStyle ID="TXT_1" FONTSIZE="9" FONTFAMILY="Courier New"/>
		<ParagraphStyle ID="PAR_LEFT" ALIGN="Left"/>
		<ParagraphStyle ID="PAR_RIGHT" ALIGN="Right"/>
	</Styles>
	<Layout>
		<Page ID="P40" PHYSICAL_IMG_NR="40" HEIGHT="1667" WIDTH="979" PRINTED_IMG_NR="26" POSITION="Left" ACCURACY="67.61">
			<TopMargin ID="P40_TM00001" HPOS="0" VPOS="0" WIDTH="978" HEIGHT="129">
				<TextBlock ID="P40_TB00001" HPOS="143" VPOS="99" WIDTH="36" HEIGHT="28" STYLEREFS="TXT_0 PAR_LEFT">
					<TextLine ID="P40_TL00001" HPOS="143" VPOS="99" WIDTH="36" HEIGHT="28">
						<String ID="P40_ST00001" HPOS="143" VPOS="99" WIDTH="36" HEIGHT="28" CONTENT="26" WC="1.00" CC="00"/>
					</TextLine>
				</TextBlock>
				<TextBlock ID="P40_TB00002" HPOS="395" VPOS="105" WIDTH="265" HEIGHT="24" STYLEREFS="TXT_1 PAR_RIGHT">
					<TextLine ID="P40_TL00002" HPOS="396" VPOS="106" WIDTH="264" HEIGHT="23">
						<String ID="P40_ST00002" HPOS="396" VPOS="108" WIDTH="59" HEIGHT="21" CONTENT="ALL" WC="0.57" CC="075"/>
						<SP ID="P40_SP00001" HPOS="455" VPOS="129" WIDTH="20"/>
						<String ID="P40_ST00003" HPOS="475" VPOS="108" WIDTH="58" HEIGHT="21" CONTENT="FOR" WC="0.73" CC="430"/>
						<SP ID="P40_SP00002" HPOS="533" VPOS="129" WIDTH="19"/>
						<String ID="P40_ST00004" HPOS="552" VPOS="106" WIDTH="108" HEIGHT="23" CONTENT="GREED." WC="0.46" CC="694234"/>
					</TextLine>
				</TextBlock>
			</TopMargin>
			<LeftMargin ID="P40_LM00001" HPOS="0" VPOS="128" WIDTH="143" HEIGHT="1355"/>
			<RightMargin ID="P40_RM00001" HPOS="918" VPOS="128" WIDTH="60" HEIGHT="1355"/>
			<BottomMargin ID="P40_BM00001" HPOS="0" VPOS="1483" WIDTH="978" HEIGHT="184"/>
			<PrintSpace ID="P40_PS00001" HPOS="143" VPOS="128" WIDTH="775" HEIGHT="1355">
				<TextBlock ID="P40_TB00003" HPOS="143" VPOS="189" WIDTH="775" HEIGHT="1294" STYLEREFS="TXT_1 PAR_LEFT">
					<TextLine ID="P40_TL00003" HPOS="143" VPOS="189" WIDTH="770" HEIGHT="42">
						<String ID="P40_ST00005" HPOS="143" VPOS="195" WIDTH="55" HEIGHT="29" CONTENT="her" WC="0.52" CC="706"/>
						<SP ID="P40_SP00003" HPOS="198" VPOS="224" WIDTH="15"/>
						<String ID="P40_ST00006" HPOS="213" VPOS="195" WIDTH="52" HEIGHT="29" CONTENT="life" WC="1.00" CC="0000"/>
						<SP ID="P40_SP00004" HPOS="265" VPOS="224" WIDTH="16"/>
						<String ID="P40_ST00007" HPOS="281" VPOS="195" WIDTH="78" HEIGHT="30" CONTENT="been" WC="0.58" CC="7026"/>
						<SP ID="P40_SP00005" HPOS="359" VPOS="225" WIDTH="19"/>
						<String ID="P40_ST00008" HPOS="378" VPOS="195" WIDTH="53" HEIGHT="30" CONTENT="the" WC="0.62" CC="460"/>
						<SP ID="P40_SP00006" HPOS="431" VPOS="225" WIDTH="15"/>
						<String ID="P40_ST00009" HPOS="446" VPOS="195" WIDTH="138" HEIGHT="30" CONTENT="mistress" WC="0.63" CC="03535056"/>
						<SP ID="P40_SP00007" HPOS="584" VPOS="225" WIDTH="23"/>
						<String ID="P40_ST00010" HPOS="607" VPOS="193" WIDTH="34" HEIGHT="30" CONTENT="of" WC="0.91" CC="10"/>
						<SP ID="P40_SP00008" HPOS="641" VPOS="225" WIDTH="18"/>
						<String ID="P40_ST00011" HPOS="659" VPOS="203" WIDTH="18" HEIGHT="19" CONTENT="a" WC="0.61" CC="3"/>
						<SP ID="P40_SP00009" HPOS="677" VPOS="225" WIDTH="22"/>
						<String ID="P40_ST00012" HPOS="699" VPOS="191" WIDTH="85" HEIGHT="40" CONTENT="large" WC="0.85" CC="15000"/>
						<SP ID="P40_SP00010" HPOS="784" VPOS="231" WIDTH="22"/>
						<String ID="P40_ST00013" HPOS="806" VPOS="189" WIDTH="107" HEIGHT="39" CONTENT="house," WC="0.45" CC="747624"/>
					</TextLine>
					<TextLine ID="P40_TL00004" HPOS="144" VPOS="260" WIDTH="770" HEIGHT="44">
						<String ID="P40_ST00014" HPOS="144" VPOS="265" WIDTH="60" HEIGHT="29" CONTENT="and" WC="0.77" CC="060"/>
						<SP ID="P40_SP00011" HPOS="204" VPOS="294" WIDTH="14"/>
						<String ID="P40_ST00015" HPOS="218" VPOS="264" WIDTH="128" HEIGHT="40" CONTENT="reigned" WC="0.73" CC="2000709"/>
						<SP ID="P40_SP00012" HPOS="346" VPOS="304" WIDTH="23"/>
						<String ID="P40_ST00016" HPOS="369" VPOS="275" WIDTH="72" HEIGHT="19" CONTENT="over" WC="0.67" CC="0606"/>
						<SP ID="P40_SP00013" HPOS="441" VPOS="304" WIDTH="16"/>
						<String ID="P40_ST00017" HPOS="457" VPOS="275" WIDTH="17" HEIGHT="19" CONTENT="a" WC="1.00" CC="0"/>
						<SP ID="P40_SP00014" HPOS="474" VPOS="304" WIDTH="14"/>
						<String ID="P40_ST00018" HPOS="488" VPOS="272" WIDTH="167" HEIGHT="22" CONTENT="numerous" WC="0.61" CC="76003076"/>
						<SP ID="P40_SP00015" HPOS="655" VPOS="304" WIDTH="16"/>
						<String ID="P40_ST00019" HPOS="671" VPOS="260" WIDTH="243" HEIGHT="32" CONTENT="establishment." WC="0.73" CC="06307006700600"/>
					</TextLine>
					<TextLine ID="P40_TL00005" HPOS="143" VPOS="328" WIDTH="772" HEIGHT="44">
						<String ID="P40_ST00020" HPOS="143" VPOS="333" WIDTH="142" HEIGHT="39" CONTENT="Nothing" WC="0.60" CC="7507060"/>
						<SP ID="P40_SP00016" HPOS="285" VPOS="372" WIDTH="43"/>
						<String ID="P40_ST00021" HPOS="328" VPOS="344" WIDTH="63" HEIGHT="20" CONTENT="was" WC="0.77" CC="006"/>
						<SP ID="P40_SP00017" HPOS="391" VPOS="372" WIDTH="43"/>
						<String ID="P40_ST00022" HPOS="434" VPOS="333" WIDTH="124" HEIGHT="39" CONTENT="beyond" WC="0.71" CC="700270"/>
						<SP ID="P40_SP00018" HPOS="558" VPOS="372" WIDTH="37"/>
						<String ID="P40_ST00023" HPOS="595" VPOS="342" WIDTH="33" HEIGHT="19" CONTENT="or" WC="0.51" CC="45"/>
						<SP ID="P40_SP00019" HPOS="628" VPOS="372" WIDTH="36"/>
						<String ID="P40_ST00024" HPOS="664" VPOS="329" WIDTH="135" HEIGHT="31" CONTENT="beneath" WC="0.63" CC="7070037"/>
						<SP ID="P40_SP00020" HPOS="799" VPOS="372" WIDTH="43"/>
						<String ID="P40_ST00025" HPOS="842" VPOS="328" WIDTH="73" HEIGHT="39" CONTENT="her;" WC="0.58" CC="7053"/>
					</TextLine>
					<TextLine ID="P40_TL00006" HPOS="143" VPOS="399" WIDTH="771" HEIGHT="42">
						<String ID="P40_ST00026" HPOS="143" VPOS="402" WIDTH="139" HEIGHT="39" CONTENT="nothing," WC="0.63" CC="81150803"/>
						<SP ID="P40_SP00021" HPOS="282" VPOS="441" WIDTH="29"/>
						<String ID="P40_ST00027" HPOS="311" VPOS="401" WIDTH="33" HEIGHT="30" CONTENT="in" WC="0.65" CC="15"/>
						<SP ID="P40_SP00022" HPOS="344" VPOS="441" WIDTH="30"/>
						<String ID="P40_ST00028" HPOS="374" VPOS="402" WIDTH="70" HEIGHT="38" CONTENT="fact," WC="0.82" CC="00404"/>
						<SP ID="P40_SP00023" HPOS="444" VPOS="441" WIDTH="33"/>
						<String ID="P40_ST00029" HPOS="477" VPOS="403" WIDTH="54" HEIGHT="28" CONTENT="out" WC="0.57" CC="173"/>
						<SP ID="P40_SP00024" HPOS="531" VPOS="441" WIDTH="30"/>
						<String ID="P40_ST00030" HPOS="561" VPOS="400" WIDTH="35" HEIGHT="30" CONTENT="of" WC="1.00" CC="00"/>
						<SP ID="P40_SP00025" HPOS="596" VPOS="441" WIDTH="25"/>
						<String ID="P40_ST00031" HPOS="621" VPOS="399" WIDTH="55" HEIGHT="30" CONTENT="her" WC="0.53" CC="706"/>
						<SP ID="P40_SP00026" HPOS="676" VPOS="441" WIDTH="31"/>
						<String ID="P40_ST00032" HPOS="707" VPOS="402" WIDTH="207" HEIGHT="36" CONTENT="competency." WC="0.80" CC="22000607300"/>
					</TextLine>
					<TextLine ID="P40_TL00007" HPOS="144" VPOS="463" WIDTH="773" HEIGHT="39">
						<String ID="P40_ST00033" HPOS="144" VPOS="466" WIDTH="60" HEIGHT="30" CONTENT="She" WC="0.53" CC="670"/>
						<SP ID="P40_SP00027" HPOS="204" VPOS="496" WIDTH="30"/>
						<String ID="P40_ST00034" HPOS="234" VPOS="465" WIDTH="93" HEIGHT="32" CONTENT="dived" WC="0.78" CC="30700"/>
						<SP ID="P40_SP00028" HPOS="327" VPOS="497" WIDTH="30"/>
						<String ID="P40_ST00035" HPOS="357" VPOS="466" WIDTH="90" HEIGHT="31" CONTENT="down" WC="0.47" CC="9407"/>
						<SP ID="P40_SP00029" HPOS="447" VPOS="497" WIDTH="36"/>
						<String ID="P40_ST00036" HPOS="483" VPOS="465" WIDTH="66" HEIGHT="30" CONTENT="into" WC="0.72" CC="0730"/>
						<SP ID="P40_SP00030" HPOS="549" VPOS="497" WIDTH="37"/>
						<String ID="P40_ST00037" HPOS="586" VPOS="465" WIDTH="54" HEIGHT="29" CONTENT="the" WC="0.57" CC="570"/>
						<SP ID="P40_SP00031" HPOS="640" VPOS="497" WIDTH="29"/>
						<String ID="P40_ST00038" HPOS="669" VPOS="463" WIDTH="154" HEIGHT="39" CONTENT="kitchens," WC="0.55" CC="707070674"/>
						<SP ID="P40_SP00032" HPOS="823" VPOS="502" WIDTH="33"/>
						<String ID="P40_ST00039" HPOS="856" VPOS="463" WIDTH="61" HEIGHT="30" CONTENT="and" WC="0.79" CC="060"/>
					</TextLine>
					<TextLine ID="P40_TL00008" HPOS="144" VPOS="533" WIDTH="772" HEIGHT="43">
						<String ID="P40_ST00040" HPOS="144" VPOS="536" WIDTH="105" HEIGHT="29" CONTENT="soared" WC="0.78" CC="520301"/>
						<SP ID="P40_SP00033" HPOS="249" VPOS="565" WIDTH="29"/>
						<String ID="P40_ST00041" HPOS="278" VPOS="546" WIDTH="43" HEIGHT="30" CONTENT="up" WC="0.82" CC="30"/>
						<SP ID="P40_SP00034" HPOS="321" VPOS="576" WIDTH="29"/>
						<String ID="P40_ST00042" HPOS="350" VPOS="535" WIDTH="65" HEIGHT="30" CONTENT="into" WC="0.65" CC="0670"/>
						<SP ID="P40_SP00035" HPOS="415" VPOS="576" WIDTH="31"/>
						<String ID="P40_ST00043" HPOS="446" VPOS="536" WIDTH="52" HEIGHT="29" CONTENT="the" WC="0.71" CC="070"/>
						<SP ID="P40_SP00036" HPOS="498" VPOS="576" WIDTH="32"/>
						<String ID="P40_ST00044" HPOS="530" VPOS="534" WIDTH="98" HEIGHT="39" CONTENT="attics," WC="0.82" CC="0001460"/>
						<SP ID="P40_SP00037" HPOS="628" VPOS="576" WIDTH="34"/>
						<String ID="P40_ST00045" HPOS="662" VPOS="533" WIDTH="254" HEIGHT="42" CONTENT="authoritatively" WC="0.70" CC="470766020006030"/>
					</TextLine>
					<TextLine ID="P40_TL00009" HPOS="144" VPOS="604" WIDTH="771" HEIGHT="41">
						<String ID="P40_ST00046" HPOS="144" VPOS="605" WIDTH="162" HEIGHT="40" CONTENT="decreeing" WC="0.73" CC="600620070"/>
						<SP ID="P40_SP00038" HPOS="306" VPOS="645" WIDTH="15"/>
						<String ID="P40_ST00047" HPOS="321" VPOS="605" WIDTH="84" HEIGHT="31" CONTENT="what" WC="0.81" CC="0700"/>
						<SP ID="P40_SP00039" HPOS="405" VPOS="645" WIDTH="14"/>
						<String ID="P40_ST00048" HPOS="419" VPOS="615" WIDTH="63" HEIGHT="21" CONTENT="was" WC="0.77" CC="006"/>
						<SP ID="P40_SP00040" HPOS="482" VPOS="645" WIDTH="22"/>
						<String ID="P40_ST00049" HPOS="504" VPOS="604" WIDTH="149" HEIGHT="41" CONTENT="requisite" WC="0.68" CC="500727500"/>
						<SP ID="P40_SP00041" HPOS="653" VPOS="645" WIDTH="22"/>
						<String ID="P40_ST00050" HPOS="675" VPOS="604" WIDTH="48" HEIGHT="31" CONTENT="for" WC="0.58" CC="632"/>
						<SP ID="P40_SP00042" HPOS="723" VPOS="645" WIDTH="23"/>
						<String ID="P40_ST00051" HPOS="746" VPOS="604" WIDTH="75" HEIGHT="31" CONTENT="each" WC="0.68" CC="0057"/>
						<SP ID="P40_SP00043" HPOS="821" VPOS="645" WIDTH="14"/>
						<String ID="P40_ST00052" HPOS="835" VPOS="604" WIDTH="80" HEIGHT="31" CONTENT="indi" SUBS_TYPE="HypPart1" SUBS_CONTENT="individual" WC="0.64" CC="70450"/>
						<HYP CONTENT="-"/>
					</TextLine>
					<TextLine ID="P40_TL00010" HPOS="143" VPOS="675" WIDTH="774" HEIGHT="40">
						<String ID="P40_ST00053" HPOS="143" VPOS="675" WIDTH="106" HEIGHT="30" CONTENT="vidual" SUBS_TYPE="HypPart2" SUBS_CONTENT="individual" WC="0.67" CC="605700"/>
						<SP ID="P40_SP00044" HPOS="249" VPOS="705" WIDTH="16"/>
						<String ID="P40_ST00054" HPOS="265" VPOS="678" WIDTH="124" HEIGHT="28" CONTENT="servant" WC="0.57" CC="6057072"/>
						<SP ID="P40_SP00045" HPOS="389" VPOS="706" WIDTH="20"/>
						<String ID="P40_ST00055" HPOS="409" VPOS="686" WIDTH="33" HEIGHT="19" CONTENT="as" WC="0.75" CC="04"/>
						<SP ID="P40_SP00046" HPOS="442" VPOS="706" WIDTH="15"/>
						<String ID="P40_ST00056" HPOS="457" VPOS="675" WIDTH="73" HEIGHT="40" CONTENT="long" WC="0.75" CC="2070"/>
						<SP ID="P40_SP00047" HPOS="530" VPOS="715" WIDTH="16"/>
						<String ID="P40_ST00057" HPOS="546" VPOS="686" WIDTH="33" HEIGHT="19" CONTENT="as" WC="0.64" CC="07"/>
						<SP ID="P40_SP00048" HPOS="579" VPOS="715" WIDTH="21"/>
						<String ID="P40_ST00058" HPOS="600" VPOS="675" WIDTH="40" HEIGHT="30" CONTENT="he" WC="0.42" CC="73"/>
						<SP ID="P40_SP00049" HPOS="640" VPOS="715" WIDTH="17"/>
						<String ID="P40_ST00059" HPOS="657" VPOS="686" WIDTH="33" HEIGHT="19" CONTENT="or" WC="0.81" CC="03"/>
						<SP ID="P40_SP00050" HPOS="690" VPOS="715" WIDTH="15"/>
						<String ID="P40_ST00060" HPOS="705" VPOS="675" WIDTH="54" HEIGHT="30" CONTENT="she" WC="0.50" CC="770"/>
						<SP ID="P40_SP00051" HPOS="759" VPOS="715" WIDTH="15"/>
						<String ID="P40_ST00061" HPOS="774" VPOS="686" WIDTH="64" HEIGHT="20" CONTENT="was" WC="0.77" CC="006"/>
						<SP ID="P40_SP00052" HPOS="838" VPOS="715" WIDTH="18"/>
						<String ID="P40_ST00062" HPOS="856" VPOS="676" WIDTH="17" HEIGHT="16" CONTENT='"' WC="0.53" CC="4"/>
						<SP ID="P40_SP00053" HPOS="873" VPOS="715" WIDTH="11"/>
						<String ID="P40_ST00063" HPOS="884" VPOS="675" WIDTH="33" HEIGHT="30" CONTENT="in" WC="0.47" CC="37"/>
					</TextLine>
					<TextLine ID="P40_TL00011" HPOS="143" VPOS="744" WIDTH="774" HEIGHT="31">
						<String ID="P40_ST00064" HPOS="143" VPOS="744" WIDTH="53" HEIGHT="30" CONTENT="tbe" WC="0.60" CC="470"/>
						<SP ID="P40_SP00054" HPOS="196" VPOS="774" WIDTH="31"/>
						<String ID="P40_ST00065" HPOS="227" VPOS="744" WIDTH="135" HEIGHT="30" CONTENT="exercise" WC="0.85" CC="00050060"/>
						<SP ID="P40_SP00055" HPOS="362" VPOS="774" WIDTH="30"/>
						<String ID="P40_ST00066" HPOS="392" VPOS="744" WIDTH="34" HEIGHT="30" CONTENT="of" WC="0.79" CC="40"/>
						<SP ID="P40_SP00056" HPOS="426" VPOS="774" WIDTH="33"/>
						<String ID="P40_ST00067" HPOS="459" VPOS="744" WIDTH="82" HEIGHT="30" CONTENT="their" WC="0.58" CC="17047"/>
						<SP ID="P40_SP00057" HPOS="541" VPOS="774" WIDTH="29"/>
						<String ID="P40_ST00068" HPOS="570" VPOS="744" WIDTH="157" HEIGHT="30" CONTENT="functions" WC="0.61" CC="067510077"/>
						<String ID="P40_ST00069" HPOS="738" VPOS="745" WIDTH="18" HEIGHT="14" CONTENT='"' WC="0.70" CC="2"/>
						<SP ID="P40_SP00058" HPOS="756" VPOS="774" WIDTH="32"/>
						<String ID="P40_ST00070" HPOS="788" VPOS="744" WIDTH="47" HEIGHT="30" CONTENT="for" WC="0.87" CC="003"/>
						<SP ID="P40_SP00059" HPOS="835" VPOS="774" WIDTH="29"/>
						<String ID="P40_ST00071" HPOS="864" VPOS="745" WIDTH="53" HEIGHT="30" CONTENT="the" WC="0.70" CC="071"/>
					</TextLine>
					<TextLine ID="P40_TL00012" HPOS="144" VPOS="814" WIDTH="773" HEIGHT="40">
						<String ID="P40_ST00072" HPOS="144" VPOS="815" WIDTH="138" HEIGHT="30" CONTENT="master's" WC="0.82" CC="00600106"/>
						<SP ID="P40_SP00060" HPOS="282" VPOS="845" WIDTH="15"/>
						<String ID="P40_ST00073" HPOS="297" VPOS="814" WIDTH="124" HEIGHT="40" CONTENT="benefit," WC="0.73" CC="70701102"/>
						<SP ID="P40_SP00061" HPOS="421" VPOS="854" WIDTH="14"/>
						<String ID="P40_ST00074" HPOS="435" VPOS="815" WIDTH="61" HEIGHT="30" CONTENT="and" WC="0.68" CC="072"/>
						<SP ID="P40_SP00062" HPOS="496" VPOS="854" WIDTH="14"/>
						<String ID="P40_ST00075" HPOS="510" VPOS="814" WIDTH="71" HEIGHT="32" CONTENT="how" WC="0.73" CC="700"/>
						<SP ID="P40_SP00063" HPOS="581" VPOS="854" WIDTH="11"/>
						<String ID="P40_ST00076" HPOS="592" VPOS="814" WIDTH="82" HEIGHT="31" CONTENT="little" WC="0.90" CC="020300"/>
						<SP ID="P40_SP00064" HPOS="674" VPOS="854" WIDTH="11"/>
						<String ID="P40_ST00077" HPOS="685" VPOS="824" WIDTH="63" HEIGHT="22" CONTENT="was" WC="0.77" CC="006"/>
						<SP ID="P40_SP00065" HPOS="748" VPOS="854" WIDTH="17"/>
						<String ID="P40_ST00078" HPOS="765" VPOS="814" WIDTH="152" HEIGHT="31" CONTENT="sufficient" WC="0.50" CC="8783360082"/>
					</TextLine>
					<TextLine ID="P40_TL00013" HPOS="144" VPOS="885" WIDTH="773" HEIGHT="42">
						<String ID="P40_ST00079" HPOS="144" VPOS="885" WIDTH="47" HEIGHT="31" CONTENT="for" WC="0.82" CC="005"/>
						<SP ID="P40_SP00066" HPOS="191" VPOS="916" WIDTH="22"/>
						<String ID="P40_ST00080" HPOS="213" VPOS="885" WIDTH="85" HEIGHT="31" CONTENT="them" WC="0.76" CC="2700"/>
						<SP ID="P40_SP00067" HPOS="298" VPOS="916" WIDTH="15"/>
						<String ID="P40_ST00081" HPOS="313" VPOS="886" WIDTH="91" HEIGHT="31" CONTENT="when" WC="0.37" CC="9806"/>
						<SP ID="P40_SP00068" HPOS="404" VPOS="917" WIDTH="22"/>
						<String ID="P40_ST00082" HPOS="426" VPOS="886" WIDTH="76" HEIGHT="41" CONTENT="they" WC="0.63" CC="7700"/>
						<SP ID="P40_SP00069" HPOS="502" VPOS="927" WIDTH="14"/>
						<String ID="P40_ST00083" HPOS="516" VPOS="896" WIDTH="82" HEIGHT="22" CONTENT="were" WC="0.67" CC="9030"/>
						<SP ID="P40_SP00070" HPOS="598" VPOS="927" WIDTH="23"/>
						<String ID="P40_ST00084" HPOS="621" VPOS="885" WIDTH="168" HEIGHT="41" CONTENT="consigned" WC="0.73" CC="007720700"/>
						<SP ID="P40_SP00071" HPOS="789" VPOS="927" WIDTH="21"/>
						<String ID="P40_ST00085" HPOS="810" VPOS="889" WIDTH="32" HEIGHT="28" CONTENT="to" WC="0.67" CC="15"/>
						<SP ID="P40_SP00072" HPOS="842" VPOS="927" WIDTH="22"/>
						<String ID="P40_ST00086" HPOS="864" VPOS="886" WIDTH="53" HEIGHT="31" CONTENT="the" WC="0.76" CC="060"/>
					</TextLine>
					<TextLine ID="P40_TL00014" HPOS="144" VPOS="955" WIDTH="773" HEIGHT="40">
						<String ID="P40_ST00087" HPOS="144" VPOS="955" WIDTH="127" HEIGHT="40" CONTENT="privacy" WC="0.73" CC="0657000"/>
						<SP ID="P40_SP00073" HPOS="271" VPOS="995" WIDTH="38"/>
						<String ID="P40_ST00088" HPOS="309" VPOS="955" WIDTH="34" HEIGHT="30" CONTENT="of" WC="0.82" CC="30"/>
						<SP ID="P40_SP00074" HPOS="343" VPOS="995" WIDTH="32"/>
						<String ID="P40_ST00089" HPOS="375" VPOS="956" WIDTH="82" HEIGHT="29" CONTENT="then" WC="0.81" CC="0700"/>
						<SP ID="P40_SP00075" HPOS="457" VPOS="995" WIDTH="37"/>
						<String ID="P40_ST00090" HPOS="494" VPOS="966" WIDTH="69" HEIGHT="21" CONTENT="own" WC="0.69" CC="107"/>
						<SP ID="P40_SP00076" HPOS="563" VPOS="995" WIDTH="38"/>
						<String ID="P40_ST00091" HPOS="601" VPOS="966" WIDTH="109" HEIGHT="20" CONTENT="rooms." WC="0.77" CC="005080"/>
						<SP ID="P40_SP00077" HPOS="710" VPOS="995" WIDTH="48"/>
						<String ID="P40_ST00092" HPOS="758" VPOS="956" WIDTH="60" HEIGHT="30" CONTENT="She" WC="0.53" CC="670"/>
						<SP ID="P40_SP00078" HPOS="818" VPOS="995" WIDTH="36"/>
						<String ID="P40_ST00093" HPOS="854" VPOS="967" WIDTH="63" HEIGHT="20" CONTENT="was" WC="0.59" CC="056"/>
					</TextLine>
					<TextLine ID="P40_TL00015" HPOS="144" VPOS="1024" WIDTH="770" HEIGHT="42">
						<String ID="P40_ST00094" HPOS="144" VPOS="1024" WIDTH="138" HEIGHT="31" CONTENT="brilliant" WC="0.75" CC="703021070"/>
						<SP ID="P40_SP00079" HPOS="282" VPOS="1055" WIDTH="16"/>
						<String ID="P40_ST00095" HPOS="298" VPOS="1035" WIDTH="40" HEIGHT="20" CONTENT="on" WC="0.41" CC="47"/>
						<SP ID="P40_SP00080" HPOS="338" VPOS="1055" WIDTH="15"/>
						<String ID="P40_ST00096" HPOS="353" VPOS="1025" WIDTH="53" HEIGHT="30" CONTENT="the" WC="0.56" CC="470"/>
						<SP ID="P40_SP00081" HPOS="406" VPOS="1055" WIDTH="24"/>
						<String ID="P40_ST00097" HPOS="430" VPOS="1024" WIDTH="120" HEIGHT="42" CONTENT="subject" WC="0.65" CC="6772000"/>
						<SP ID="P40_SP00082" HPOS="550" VPOS="1066" WIDTH="15"/>
						<String ID="P40_ST00098" HPOS="565" VPOS="1025" WIDTH="35" HEIGHT="30" CONTENT="of" WC="1.00" CC="00"/>
						<SP ID="P40_SP00083" HPOS="600" VPOS="1066" WIDTH="19"/>
						<String ID="P40_ST00099" HPOS="619" VPOS="1025" WIDTH="146" HEIGHT="40" CONTENT="pantries," WC="0.60" CC="007643084"/>
						<SP ID="P40_SP00084" HPOS="765" VPOS="1066" WIDTH="25"/>
						<String ID="P40_ST00100" HPOS="790" VPOS="1026" WIDTH="124" HEIGHT="39" CONTENT="larders," WC="0.74" CC="00360063"/>
					</TextLine>
					<TextLine ID="P40_TL00016" HPOS="144" VPOS="1095" WIDTH="773" HEIGHT="42">
						<String ID="P40_ST00101" HPOS="144" VPOS="1095" WIDTH="61" HEIGHT="29" CONTENT="and" WC="0.62" CC="073"/>
						<SP ID="P40_SP00085" HPOS="205" VPOS="1124" WIDTH="23"/>
						<String ID="P40_ST00102" HPOS="228" VPOS="1095" WIDTH="215" HEIGHT="38" CONTENT="store-closets," WC="0.71" CC="32030400560084"/>
						<SP ID="P40_SP00086" HPOS="443" VPOS="1133" WIDTH="18"/>
						<String ID="P40_ST00103" HPOS="461" VPOS="1095" WIDTH="61" HEIGHT="30" CONTENT="and" WC="0.69" CC="071"/>
						<SP ID="P40_SP00087" HPOS="522" VPOS="1133" WIDTH="23"/>
						<String ID="P40_ST00104" HPOS="545" VPOS="1095" WIDTH="48" HEIGHT="30" CONTENT="hit" WC="0.54" CC="642"/>
						<SP ID="P40_SP00088" HPOS="593" VPOS="1133" WIDTH="25"/>
						<String ID="P40_ST00105" HPOS="618" VPOS="1106" WIDTH="84" HEIGHT="29" CONTENT="upon" WC="0.62" CC="6007"/>
						<SP ID="P40_SP00089" HPOS="702" VPOS="1135" WIDTH="23"/>
						<String ID="P40_ST00106" HPOS="725" VPOS="1095" WIDTH="42" HEIGHT="30" CONTENT="all" WC="1.00" CC="000"/>
						<SP ID="P40_SP00090" HPOS="767" VPOS="1135" WIDTH="23"/>
						<String ID="P40_ST00107" HPOS="790" VPOS="1096" WIDTH="54" HEIGHT="30" CONTENT="the" WC="0.75" CC="070"/>
						<SP ID="P40_SP00091" HPOS="844" VPOS="1135" WIDTH="16"/>
						<String ID="P40_ST00108" HPOS="860" VPOS="1096" WIDTH="57" HEIGHT="41" CONTENT="dry" WC="0.55" CC="660"/>
					</TextLine>
					<TextLine ID="P40_TL00017" HPOS="145" VPOS="1163" WIDTH="771" HEIGHT="43">
						<String ID="P40_ST00109" HPOS="145" VPOS="1173" WIDTH="122" HEIGHT="21" CONTENT="corners" WC="0.60" CC="0457036"/>
						<SP ID="P40_SP00092" HPOS="267" VPOS="1194" WIDTH="21"/>
						<String ID="P40_ST00110" HPOS="288" VPOS="1163" WIDTH="34" HEIGHT="31" CONTENT="in" WC="0.48" CC="27"/>
						<SP ID="P40_SP00093" HPOS="322" VPOS="1194" WIDTH="21"/>
						<String ID="P40_ST00111" HPOS="343" VPOS="1163" WIDTH="104" HEIGHT="31" CONTENT="which" WC="0.39" CC="97408"/>
						<SP ID="P40_SP00094" HPOS="447" VPOS="1194" WIDTH="21"/>
						<String ID="P40_ST00112" HPOS="468" VPOS="1164" WIDTH="26" HEIGHT="30" CONTENT="it" WC="0.62" CC="34"/>
						<SP ID="P40_SP00095" HPOS="494" VPOS="1194" WIDTH="22"/>
						<String ID="P40_ST00113" HPOS="516" VPOS="1175" WIDTH="63" HEIGHT="20" CONTENT="was" WC="0.79" CC="006"/>
						<SP ID="P40_SP00096" HPOS="579" VPOS="1195" WIDTH="22"/>
						<String ID="P40_ST00114" HPOS="601" VPOS="1165" WIDTH="69" HEIGHT="30" CONTENT="best" WC="0.46" CC="7067"/>
						<SP ID="P40_SP00097" HPOS="670" VPOS="1195" WIDTH="22"/>
						<String ID="P40_ST00115" HPOS="692" VPOS="1167" WIDTH="32" HEIGHT="29" CONTENT="to" WC="1.00" CC="00"/>
						<SP ID="P40_SP00098" HPOS="724" VPOS="1196" WIDTH="22"/>
						<String ID="P40_ST00116" HPOS="746" VPOS="1165" WIDTH="79" HEIGHT="40" CONTENT="keep" WC="0.96" CC="0010"/>
						<SP ID="P40_SP00099" HPOS="825" VPOS="1205" WIDTH="23"/>
						<String ID="P40_ST00117" HPOS="848" VPOS="1177" WIDTH="68" HEIGHT="29" CONTENT="pro" SUBS_TYPE="HypPart1" SUBS_CONTENT="provisions" WC="0.79" CC="0610"/>
						<HYP CONTENT="-"/>
					</TextLine>
					<TextLine ID="P40_TL00018" HPOS="144" VPOS="1233" WIDTH="774" HEIGHT="40">
						<String ID="P40_ST00118" HPOS="144" VPOS="1233" WIDTH="116" HEIGHT="30" CONTENT="visions" SUBS_TYPE="HypPart2" SUBS_CONTENT="provisions" WC="0.53" CC="7351076"/>
						<SP ID="P40_SP00100" HPOS="260" VPOS="1263" WIDTH="22"/>
						<String ID="P40_ST00119" HPOS="282" VPOS="1233" WIDTH="61" HEIGHT="30" CONTENT="and" WC="0.66" CC="072"/>
						<SP ID="P40_SP00101" HPOS="343" VPOS="1263" WIDTH="21"/>
						<String ID="P40_ST00120" HPOS="364" VPOS="1233" WIDTH="85" HEIGHT="30" CONTENT="linen" WC="0.65" CC="00727"/>
						<String ID="P40_ST00121" HPOS="459" VPOS="1243" WIDTH="7" HEIGHT="30" CONTENT=";" WC="0.71" CC="2"/>
						<SP ID="P40_SP00102" HPOS="466" VPOS="1273" WIDTH="33"/>
						<String ID="P40_ST00122" HPOS="499" VPOS="1234" WIDTH="62" HEIGHT="30" CONTENT="and" WC="0.75" CC="070"/>
						<SP ID="P40_SP00103" HPOS="561" VPOS="1273" WIDTH="21"/>
						<String ID="P40_ST00123" HPOS="582" VPOS="1234" WIDTH="34" HEIGHT="30" CONTENT="in" WC="0.64" CC="07"/>
						<SP ID="P40_SP00104" HPOS="616" VPOS="1273" WIDTH="21"/>
						<String ID="P40_ST00124" HPOS="637" VPOS="1235" WIDTH="53" HEIGHT="31" CONTENT="thc" WC="0.40" CC="277"/>
						<SP ID="P40_SP00105" HPOS="690" VPOS="1273" WIDTH="17"/>
						<String ID="P40_ST00125" HPOS="707" VPOS="1236" WIDTH="211" HEIGHT="30" CONTENT="wash-houses" WC="0.58" CC="00670707808"/>
					</TextLine>
					<TextLine ID="P40_TL00019" HPOS="144" VPOS="1302" WIDTH="773" HEIGHT="42">
						<String ID="P40_ST00126" HPOS="144" VPOS="1302" WIDTH="138" HEIGHT="30" CONTENT="absolute" WC="0.60" CC="07745700"/>
						<SP ID="P40_SP00106" HPOS="282" VPOS="1332" WIDTH="31"/>
						<String ID="P40_ST00127" HPOS="313" VPOS="1303" WIDTH="182" HEIGHT="40" CONTENT="inspnation" WC="0.60" CC="0870900507"/>
						<SP ID="P40_SP00107" HPOS="495" VPOS="1343" WIDTH="30"/>
						<String ID="P40_ST00128" HPOS="525" VPOS="1304" WIDTH="114" HEIGHT="30" CONTENT="visited" WC="0.70" CC="7065001"/>
						<SP ID="P40_SP00108" HPOS="639" VPOS="1343" WIDTH="29"/>
						<String ID="P40_ST00129" HPOS="668" VPOS="1305" WIDTH="65" HEIGHT="39" CONTENT="her," WC="0.63" CC="6044"/>
						<SP ID="P40_SP00109" HPOS="733" VPOS="1344" WIDTH="33"/>
						<String ID="P40_ST00130" HPOS="766" VPOS="1306" WIDTH="62" HEIGHT="30" CONTENT="and" WC="0.57" CC="075"/>
						<SP ID="P40_SP00110" HPOS="828" VPOS="1344" WIDTH="37"/>
						<String ID="P40_ST00131" HPOS="865" VPOS="1306" WIDTH="52" HEIGHT="31" CONTENT="she" WC="0.52" CC="670"/>
					</TextLine>
					<TextLine ID="P40_TL00020" HPOS="146" VPOS="1371" WIDTH="772" HEIGHT="41">
						<String ID="P40_ST00132" HPOS="146" VPOS="1371" WIDTH="186" HEIGHT="30" CONTENT="overturned" WC="0.63" CC="3700770703"/>
						<SP ID="P40_SP00111" HPOS="332" VPOS="1401" WIDTH="25"/>
						<String ID="P40_ST00133" HPOS="357" VPOS="1371" WIDTH="41" HEIGHT="30" CONTENT="aU" WC="0.63" CC="07"/>
						<SP ID="P40_SP00112" HPOS="398" VPOS="1401" WIDTH="33"/>
						<String ID="P40_ST00134" HPOS="431" VPOS="1371" WIDTH="53" HEIGHT="31" CONTENT="the" WC="0.75" CC="070"/>
						<SP ID="P40_SP00113" HPOS="484" VPOS="1402" WIDTH="26"/>
						<String ID="P40_ST00135" HPOS="510" VPOS="1373" WIDTH="88" HEIGHT="39" CONTENT="plans" WC="0.72" CC="00075"/>
						<SP ID="P40_SP00114" HPOS="598" VPOS="1412" WIDTH="26"/>
						<String ID="P40_ST00136" HPOS="624" VPOS="1374" WIDTH="104" HEIGHT="31" CONTENT="which" WC="0.58" CC="07607"/>
						<SP ID="P40_SP00115" HPOS="728" VPOS="1412" WIDTH="25"/>
						<String ID="P40_ST00137" HPOS="753" VPOS="1375" WIDTH="63" HEIGHT="30" CONTENT="had" WC="0.59" CC="704"/>
						<SP ID="P40_SP00116" HPOS="816" VPOS="1412" WIDTH="24"/>
						<String ID="P40_ST00138" HPOS="840" VPOS="1376" WIDTH="78" HEIGHT="30" CONTENT="been" WC="0.58" CC="7017"/>
					</TextLine>
					<TextLine ID="P40_TL00021" HPOS="146" VPOS="1441" WIDTH="772" HEIGHT="42">
						<String ID="P40_ST00139" HPOS="146" VPOS="1441" WIDTH="130" HEIGHT="39" CONTENT="adopted" WC="0.75" CC="0400605"/>
						<SP ID="P40_SP00117" HPOS="276" VPOS="1480" WIDTH="22"/>
						<String ID="P40_ST00140" HPOS="298" VPOS="1441" WIDTH="47" HEIGHT="29" CONTENT="for" WC="0.86" CC="004"/>
						<SP ID="P40_SP00118" HPOS="345" VPOS="1480" WIDTH="21"/>
						<String ID="P40_ST00141" HPOS="366" VPOS="1441" WIDTH="128" HEIGHT="40" CONTENT="heating" WC="0.58" CC="8042670"/>
						<SP ID="P40_SP00119" HPOS="494" VPOS="1481" WIDTH="22"/>
						<String ID="P40_ST00142" HPOS="516" VPOS="1443" WIDTH="53" HEIGHT="30" CONTENT="the" WC="0.75" CC="070"/>
						<SP ID="P40_SP00120" HPOS="569" VPOS="1481" WIDTH="17"/>
						<String ID="P40_ST00143" HPOS="586" VPOS="1443" WIDTH="149" HEIGHT="40" CONTENT="caldrons," WC="0.66" CC="000830783"/>
						<SP ID="P40_SP00121" HPOS="735" VPOS="1483" WIDTH="19"/>
						<String ID="P40_ST00144" HPOS="754" VPOS="1445" WIDTH="164" HEIGHT="32" CONTENT="substitut-" WC="0.50" CC="6776501742"/>
					</TextLine>
				</TextBlock>
			</PrintSpace>
		</Page>
	</Layout>
</alto>
