<?xml version="1.0" encoding="UTF-8"?>
<alto xmlns:xsi="http://www.w3.org/2001/XMLSchema-instance" xsi:noNamespaceSchemaLocation="http://www.bl.uk/schemas/alto/alto-1-4.xsd" xmlns:xlink="http://www.w3.org/1999/xlink">
	<Description>
		<MeasurementUnit>mm10</MeasurementUnit>
		<sourceImageInformation>
			<fileName>//head1/IN/2007-46/A0010904365.2/000453.jp2</fileName>
		</sourceImageInformation>
		<OCRProcessing ID="OCRPROCESSING_1">
			<preProcessingStep>
				<processingSoftware>
					<softwareCreator>CCS Content Conversion Specialists GmbH, Germany</softwareCreator>
					<softwareName>CCS docWORKS</softwareName>
					<softwareVersion>6.1-0.62</softwareVersion>
				</processingSoftware>
			</preProcessingStep>
			<ocrProcessingStep>
				<processingSoftware>
					<softwareCreator>ABBYY (BIT Software), Russia</softwareCreator>
					<softwareName>Finereader</softwareName>
				</processingSoftware>
			</ocrProcessingStep>
		</OCRProcessing>
	</Description>
	<Styles>
		<TextStyle ID="TXT_0" FONTSIZE="9" FONTFAMILY="Courier New"/>
		<TextStyle ID="TXT_1" FONTSIZE="10" FONTFAMILY="Courier New"/>
		<ParagraphStyle ID="PAR_CENTER" ALIGN="Center"/>
		<ParagraphStyle ID="PAR_RIGHT" ALIGN="Right"/>
		<ParagraphStyle ID="PAR_LEFT" ALIGN="Left"/>
	</Styles>
	<Layout>
		<Page ID="P119" PHYSICAL_IMG_NR="119" HEIGHT="1667" WIDTH="979" PRINTED_IMG_NR="105" POSITION="Right" ACCURACY="72.35">
			<TopMargin ID="P119_TM00001" HPOS="0" VPOS="0" WIDTH="978" HEIGHT="99">
				<TextBlock ID="P119_TB00001" HPOS="368" VPOS="70" WIDTH="256" HEIGHT="28" STYLEREFS="TXT_0 PAR_CENTER">
					<TextLine ID="P119_TL00001" HPOS="369" VPOS="71" WIDTH="255" HEIGHT="27">
						<String ID="P119_ST00001" HPOS="369" VPOS="78" WIDTH="43" HEIGHT="20" CONTENT="ST." WC="0.75" CC="060"/>
						<SP ID="P119_SP00001" HPOS="412" VPOS="98" WIDTH="14"/>
						<String ID="P119_ST00002" HPOS="426" VPOS="71" WIDTH="111" HEIGHT="27" CONTENT="mark's" WC="0.81" CC="000621"/>
						<SP ID="P119_SP00002" HPOS="537" VPOS="98" WIDTH="19"/>
						<String ID="P119_ST00003" HPOS="556" VPOS="77" WIDTH="68" HEIGHT="21" CONTENT="day." WC="0.70" CC="7040"/>
						<SP ID="P119_SP00003" HPOS="624" VPOS="98" WIDTH="0"/>
					</TextLine>
				</TextBlock>
				<TextBlock ID="P119_TB00002" HPOS="827" VPOS="71" WIDTH="52" HEIGHT="26" STYLEREFS="TXT_1 PAR_RIGHT">
					<TextLine ID="P119_TL00002" HPOS="827" VPOS="71" WIDTH="52" HEIGHT="26">
						<String ID="P119_ST00004" HPOS="827" VPOS="71" WIDTH="52" HEIGHT="26" CONTENT="105" WC="1.00" CC="000"/>
					</TextLine>
				</TextBlock>
			</TopMargin>
			<LeftMargin ID="P119_LM00001" HPOS="0" VPOS="99" WIDTH="115" HEIGHT="1336"/>
			<RightMargin ID="P119_RM00001" HPOS="886" VPOS="99" WIDTH="92" HEIGHT="1336"/>
			<BottomMargin ID="P119_BM00001" HPOS="0" VPOS="1435" WIDTH="978" HEIGHT="232"/>
			<PrintSpace ID="P119_PS00001" HPOS="115" VPOS="99" WIDTH="771" HEIGHT="1336">
				<TextBlock ID="P119_TB00003" HPOS="115" VPOS="162" WIDTH="768" HEIGHT="721" STYLEREFS="TXT_0 PAR_LEFT">
					<TextLine ID="P119_TL00003" HPOS="118" VPOS="162" WIDTH="762" HEIGHT="42">
						<String ID="P119_ST00005" HPOS="118" VPOS="162" WIDTH="97" HEIGHT="31" CONTENT='"that' WC="0.70" CC="60701"/>
						<SP ID="P119_SP00004" HPOS="215" VPOS="193" WIDTH="26"/>
						<String ID="P119_ST00006" HPOS="241" VPOS="163" WIDTH="34" HEIGHT="30" CONTENT="in" WC="0.48" CC="27"/>
						<SP ID="P119_SP00005" HPOS="275" VPOS="193" WIDTH="25"/>
						<String ID="P119_ST00007" HPOS="300" VPOS="174" WIDTH="17" HEIGHT="19" CONTENT="a" WC="1.00" CC="0"/>
						<SP ID="P119_SP00006" HPOS="317" VPOS="193" WIDTH="26"/>
						<String ID="P119_ST00008" HPOS="343" VPOS="167" WIDTH="88" HEIGHT="37" CONTENT="great" WC="0.83" CC="53000"/>
						<SP ID="P119_SP00007" HPOS="431" VPOS="204" WIDTH="25"/>
						<String ID="P119_ST00009" HPOS="456" VPOS="166" WIDTH="102" HEIGHT="28" CONTENT="centre" WC="0.80" CC="207020"/>
						<SP ID="P119_SP00008" HPOS="558" VPOS="204" WIDTH="29"/>
						<String ID="P119_ST00010" HPOS="587" VPOS="164" WIDTH="62" HEIGHT="30" CONTENT="like" WC="0.73" CC="2520"/>
						<SP ID="P119_SP00009" HPOS="649" VPOS="204" WIDTH="27"/>
						<String ID="P119_ST00011" HPOS="676" VPOS="164" WIDTH="95" HEIGHT="40" CONTENT="Paris," WC="0.60" CC="705073"/>
						<SP ID="P119_SP00010" HPOS="771" VPOS="204" WIDTH="18"/>
						<String ID="P119_ST00012" HPOS="789" VPOS="164" WIDTH="91" HEIGHT="30" CONTENT="crime" WC="0.73" CC="05600"/>
					</TextLine>
					<TextLine ID="P119_TL00004" HPOS="116" VPOS="231" WIDTH="764" HEIGHT="43">
						<String ID="P119_ST00013" HPOS="116" VPOS="231" WIDTH="87" HEIGHT="30" CONTENT="itself" WC="0.80" CC="406000"/>
						<SP ID="P119_SP00011" HPOS="203" VPOS="261" WIDTH="25"/>
						<String ID="P119_ST00014" HPOS="228" VPOS="243" WIDTH="72" HEIGHT="31" CONTENT="may" WC="1.00" CC="000"/>
						<SP ID="P119_SP00012" HPOS="300" VPOS="274" WIDTH="24"/>
						<String ID="P119_ST00015" HPOS="324" VPOS="244" WIDTH="70" HEIGHT="29" CONTENT="pass" WC="0.51" CC="5066"/>
						<SP ID="P119_SP00013" HPOS="394" VPOS="274" WIDTH="24"/>
						<String ID="P119_ST00016" HPOS="418" VPOS="233" WIDTH="173" HEIGHT="40" CONTENT="unnoticed," WC="0.64" CC="6670130064"/>
						<SP ID="P119_SP00014" HPOS="591" VPOS="274" WIDTH="27"/>
						<String ID="P119_ST00017" HPOS="618" VPOS="234" WIDTH="57" HEIGHT="30" CONTENT="but" WC="0.41" CC="763"/>
						<SP ID="P119_SP00015" HPOS="675" VPOS="274" WIDTH="26"/>
						<String ID="P119_ST00018" HPOS="701" VPOS="234" WIDTH="17" HEIGHT="29" CONTENT="I" WC="1.00" CC="0"/>
						<SP ID="P119_SP00016" HPOS="718" VPOS="274" WIDTH="27"/>
						<String ID="P119_ST00019" HPOS="745" VPOS="244" WIDTH="48" HEIGHT="19" CONTENT="am" WC="1.00" CC="00"/>
						<SP ID="P119_SP00017" HPOS="793" VPOS="274" WIDTH="24"/>
						<String ID="P119_ST00020" HPOS="817" VPOS="233" WIDTH="63" HEIGHT="30" CONTENT="old" SUBS_TYPE="HypPart1" SUBS_CONTENT="oldfashioned" WC="0.96" CC="0100"/>
						<HYP CONTENT="-"/>
					</TextLine>
					<TextLine ID="P119_TL00005" HPOS="116" VPOS="301" WIDTH="762" HEIGHT="41">
						<String ID="P119_ST00021" HPOS="116" VPOS="301" WIDTH="160" HEIGHT="30" CONTENT="fashioned" SUBS_TYPE="HypPart2" SUBS_CONTENT="oldfashioned" WC="0.72" CC="005711701"/>
						<SP ID="P119_SP00018" HPOS="276" VPOS="331" WIDTH="15"/>
						<String ID="P119_ST00022" HPOS="291" VPOS="304" WIDTH="123" HEIGHT="38" CONTENT="enough" WC="0.57" CC="064707"/>
						<SP ID="P119_SP00019" HPOS="414" VPOS="342" WIDTH="21"/>
						<String ID="P119_ST00023" HPOS="435" VPOS="306" WIDTH="32" HEIGHT="27" CONTENT="to" WC="0.88" CC="11"/>
						<SP ID="P119_SP00020" HPOS="467" VPOS="342" WIDTH="14"/>
						<String ID="P119_ST00024" HPOS="481" VPOS="304" WIDTH="100" HEIGHT="38" CONTENT="prefer" WC="0.71" CC="060405"/>
						<SP ID="P119_SP00021" HPOS="581" VPOS="342" WIDTH="22"/>
						<String ID="P119_ST00025" HPOS="603" VPOS="303" WIDTH="168" HEIGHT="39" CONTENT="provincial" WC="0.73" CC="0407065200"/>
						<SP ID="P119_SP00022" HPOS="771" VPOS="342" WIDTH="14"/>
						<String ID="P119_ST00026" HPOS="785" VPOS="313" WIDTH="93" HEIGHT="29" CONTENT="ways," WC="0.78" CC="00064"/>
					</TextLine>
					<TextLine ID="P119_TL00006" HPOS="116" VPOS="370" WIDTH="765" HEIGHT="41">
						<String ID="P119_ST00027" HPOS="116" VPOS="370" WIDTH="61" HEIGHT="29" CONTENT="and" WC="0.77" CC="060"/>
						<SP ID="P119_SP00023" HPOS="177" VPOS="399" WIDTH="22"/>
						<String ID="P119_ST00028" HPOS="199" VPOS="373" WIDTH="56" HEIGHT="27" CONTENT="not" WC="0.73" CC="700"/>
						<SP ID="P119_SP00024" HPOS="255" VPOS="400" WIDTH="23"/>
						<String ID="P119_ST00029" HPOS="278" VPOS="374" WIDTH="32" HEIGHT="27" CONTENT="to" WC="0.67" CC="32"/>
						<SP ID="P119_SP00025" HPOS="310" VPOS="401" WIDTH="16"/>
						<String ID="P119_ST00030" HPOS="326" VPOS="371" WIDTH="122" HEIGHT="40" CONTENT="quarrel" WC="0.81" CC="0700500"/>
						<SP ID="P119_SP00026" HPOS="448" VPOS="411" WIDTH="15"/>
						<String ID="P119_ST00031" HPOS="463" VPOS="371" WIDTH="77" HEIGHT="32" CONTENT="with" WC="0.73" CC="0307"/>
						<SP ID="P119_SP00027" HPOS="540" VPOS="411" WIDTH="14"/>
						<String ID="P119_ST00032" HPOS="554" VPOS="371" WIDTH="83" HEIGHT="32" CONTENT="what" WC="0.72" CC="0703"/>
						<SP ID="P119_SP00028" HPOS="637" VPOS="411" WIDTH="22"/>
						<String ID="P119_ST00033" HPOS="659" VPOS="371" WIDTH="76" HEIGHT="30" CONTENT="after" WC="0.88" CC="00005"/>
						<SP ID="P119_SP00029" HPOS="735" VPOS="411" WIDTH="18"/>
						<String ID="P119_ST00034" HPOS="753" VPOS="371" WIDTH="42" HEIGHT="30" CONTENT="all" WC="0.97" CC="000"/>
						<SP ID="P119_SP00030" HPOS="795" VPOS="411" WIDTH="15"/>
						<String ID="P119_ST00035" HPOS="810" VPOS="371" WIDTH="71" HEIGHT="40" CONTENT="only" WC="0.71" CC="1730"/>
					</TextLine>
					<TextLine ID="P119_TL00007" HPOS="116" VPOS="440" WIDTH="766" HEIGHT="40">
						<String ID="P119_ST00036" HPOS="116" VPOS="449" WIDTH="110" HEIGHT="29" CONTENT="proves" WC="0.63" CC="064704"/>
						<SP ID="P119_SP00031" HPOS="226" VPOS="478" WIDTH="36"/>
						<String ID="P119_ST00037" HPOS="262" VPOS="450" WIDTH="40" HEIGHT="19" CONTENT="an" WC="0.64" CC="07"/>
						<SP ID="P119_SP00032" HPOS="302" VPOS="478" WIDTH="35"/>
						<String ID="P119_ST00038" HPOS="337" VPOS="442" WIDTH="136" HEIGHT="27" CONTENT="extreme" WC="0.73" CC="4805000"/>
						<SP ID="P119_SP00033" HPOS="473" VPOS="478" WIDTH="36"/>
						<String ID="P119_ST00039" HPOS="509" VPOS="440" WIDTH="225" HEIGHT="40" CONTENT="susceptibility" WC="0.73" CC="66230024610300"/>
						<SP ID="P119_SP00034" HPOS="734" VPOS="480" WIDTH="29"/>
						<String ID="P119_ST00040" HPOS="763" VPOS="442" WIDTH="32" HEIGHT="27" CONTENT="to" WC="0.80" CC="04"/>
						<SP ID="P119_SP00035" HPOS="795" VPOS="480" WIDTH="33"/>
						<String ID="P119_ST00041" HPOS="828" VPOS="440" WIDTH="54" HEIGHT="29" CONTENT="the" WC="0.75" CC="070"/>
					</TextLine>
					<TextLine ID="P119_TL00008" HPOS="117" VPOS="508" WIDTH="763" HEIGHT="41">
						<String ID="P119_ST00042" HPOS="117" VPOS="510" WIDTH="78" HEIGHT="28" CONTENT="state" WC="0.89" CC="50000"/>
						<SP ID="P119_SP00036" HPOS="195" VPOS="538" WIDTH="27"/>
						<String ID="P119_ST00043" HPOS="222" VPOS="508" WIDTH="34" HEIGHT="30" CONTENT="of" WC="0.68" CC="14"/>
						<SP ID="P119_SP00037" HPOS="256" VPOS="538" WIDTH="21"/>
						<String ID="P119_ST00044" HPOS="277" VPOS="508" WIDTH="105" HEIGHT="39" CONTENT="public" WC="0.52" CC="077336"/>
						<SP ID="P119_SP00038" HPOS="382" VPOS="547" WIDTH="30"/>
						<String ID="P119_ST00045" HPOS="412" VPOS="508" WIDTH="143" HEIGHT="41" CONTENT="morality" WC="0.83" CC="04701000"/>
						<String ID="P119_ST00046" HPOS="568" VPOS="518" WIDTH="6" HEIGHT="29" CONTENT=";" WC="1.00" CC="0"/>
						<String ID="P119_ST00047" HPOS="586" VPOS="509" WIDTH="18" HEIGHT="16" CONTENT='"' WC="0.48" CC="5"/>
						<SP ID="P119_SP00039" HPOS="604" VPOS="549" WIDTH="39"/>
						<String ID="P119_ST00048" HPOS="643" VPOS="509" WIDTH="60" HEIGHT="29" CONTENT="and" WC="0.70" CC="071"/>
						<SP ID="P119_SP00040" HPOS="703" VPOS="549" WIDTH="29"/>
						<String ID="P119_ST00049" HPOS="732" VPOS="508" WIDTH="75" HEIGHT="30" CONTENT="then" WC="0.63" CC="0707"/>
						<SP ID="P119_SP00041" HPOS="807" VPOS="549" WIDTH="25"/>
						<String ID="P119_ST00050" HPOS="832" VPOS="508" WIDTH="48" HEIGHT="39" CONTENT="he," WC="0.61" CC="704"/>
					</TextLine>
					<TextLine ID="P119_TL00009" HPOS="116" VPOS="577" WIDTH="767" HEIGHT="40">
						<String ID="P119_ST00051" HPOS="116" VPOS="580" WIDTH="60" HEIGHT="37" CONTENT="too," WC="0.84" CC="3002"/>
						<SP ID="P119_SP00042" HPOS="176" VPOS="617" WIDTH="25"/>
						<String ID="P119_ST00052" HPOS="201" VPOS="578" WIDTH="152" HEIGHT="29" CONTENT="launched" WC="0.63" CC="00672705"/>
						<SP ID="P119_SP00043" HPOS="353" VPOS="617" WIDTH="30"/>
						<String ID="P119_ST00053" HPOS="383" VPOS="580" WIDTH="53" HEIGHT="27" CONTENT="out" WC="0.57" CC="470"/>
						<SP ID="P119_SP00044" HPOS="436" VPOS="617" WIDTH="26"/>
						<String ID="P119_ST00054" HPOS="462" VPOS="577" WIDTH="64" HEIGHT="30" CONTENT="into" WC="0.71" CC="3700"/>
						<SP ID="P119_SP00045" HPOS="526" VPOS="617" WIDTH="24"/>
						<String ID="P119_ST00055" HPOS="550" VPOS="588" WIDTH="17" HEIGHT="19" CONTENT="a" WC="1.00" CC="0"/>
						<SP ID="P119_SP00046" HPOS="567" VPOS="617" WIDTH="21"/>
						<String ID="P119_ST00056" HPOS="588" VPOS="577" WIDTH="98" HEIGHT="30" CONTENT="tirade" WC="0.95" CC="030000"/>
						<SP ID="P119_SP00047" HPOS="686" VPOS="617" WIDTH="27"/>
						<String ID="P119_ST00057" HPOS="713" VPOS="578" WIDTH="92" HEIGHT="29" CONTENT="about" WC="0.62" CC="07370"/>
						<SP ID="P119_SP00048" HPOS="805" VPOS="617" WIDTH="25"/>
						<String ID="P119_ST00058" HPOS="830" VPOS="578" WIDTH="53" HEIGHT="29" CONTENT="the" WC="0.75" CC="070"/>
					</TextLine>
					<TextLine ID="P119_TL00010" HPOS="117" VPOS="646" WIDTH="765" HEIGHT="41">
						<String ID="P119_ST00059" HPOS="117" VPOS="647" WIDTH="51" HEIGHT="30" CONTENT="old" WC="0.80" CC="005"/>
						<SP ID="P119_SP00049" HPOS="168" VPOS="677" WIDTH="23"/>
						<String ID="P119_ST00060" HPOS="191" VPOS="647" WIDTH="120" HEIGHT="30" CONTENT="French" WC="0.55" CC="750607"/>
						<SP ID="P119_SP00050" HPOS="311" VPOS="677" WIDTH="26"/>
						<String ID="P119_ST00061" HPOS="337" VPOS="657" WIDTH="83" HEIGHT="30" CONTENT="ways" WC="0.90" CC="0004"/>
						<SP ID="P119_SP00051" HPOS="420" VPOS="687" WIDTH="32"/>
						<String ID="P119_ST00062" HPOS="452" VPOS="647" WIDTH="60" HEIGHT="29" CONTENT="and" WC="0.76" CC="070"/>
						<SP ID="P119_SP00052" HPOS="512" VPOS="687" WIDTH="26"/>
						<String ID="P119_ST00063" HPOS="538" VPOS="649" WIDTH="141" HEIGHT="36" CONTENT="customs," WC="0.70" CC="26300064"/>
						<SP ID="P119_SP00053" HPOS="679" VPOS="687" WIDTH="27"/>
						<String ID="P119_ST00064" HPOS="706" VPOS="647" WIDTH="60" HEIGHT="29" CONTENT="and" WC="0.75" CC="070"/>
						<SP ID="P119_SP00054" HPOS="766" VPOS="687" WIDTH="23"/>
						<String ID="P119_ST00065" HPOS="789" VPOS="646" WIDTH="93" HEIGHT="31" CONTENT="tradi" SUBS_TYPE="HypPart1" SUBS_CONTENT="tradition," WC="0.87" CC="060000"/>
						<HYP CONTENT="-"/>
					</TextLine>
					<TextLine ID="P119_TL00011" HPOS="115" VPOS="715" WIDTH="768" HEIGHT="40">
						<String ID="P119_ST00066" HPOS="115" VPOS="716" WIDTH="75" HEIGHT="38" CONTENT="tion," SUBS_TYPE="HypPart2" SUBS_CONTENT="tradition," WC="0.71" CC="02074"/>
						<SP ID="P119_SP00055" HPOS="190" VPOS="754" WIDTH="45"/>
						<String ID="P119_ST00067" HPOS="235" VPOS="716" WIDTH="61" HEIGHT="29" CONTENT="and" WC="0.63" CC="064"/>
						<SP ID="P119_SP00056" HPOS="296" VPOS="754" WIDTH="41"/>
						<String ID="P119_ST00068" HPOS="337" VPOS="716" WIDTH="84" HEIGHT="30" CONTENT="drew" WC="0.81" CC="0600"/>
						<SP ID="P119_SP00057" HPOS="421" VPOS="754" WIDTH="37"/>
						<String ID="P119_ST00069" HPOS="458" VPOS="716" WIDTH="79" HEIGHT="29" CONTENT="from" WC="1.00" CC="0000"/>
						<SP ID="P119_SP00058" HPOS="537" VPOS="754" WIDTH="36"/>
						<String ID="P119_ST00070" HPOS="573" VPOS="715" WIDTH="25" HEIGHT="30" CONTENT="it" WC="0.66" CC="05"/>
						<SP ID="P119_SP00059" HPOS="598" VPOS="754" WIDTH="37"/>
						<String ID="P119_ST00071" HPOS="635" VPOS="716" WIDTH="40" HEIGHT="29" CONTENT="all" WC="0.78" CC="600"/>
						<SP ID="P119_SP00060" HPOS="675" VPOS="754" WIDTH="37"/>
						<String ID="P119_ST00072" HPOS="712" VPOS="716" WIDTH="51" HEIGHT="29" CONTENT="the" WC="0.75" CC="070"/>
						<SP ID="P119_SP00061" HPOS="763" VPOS="754" WIDTH="37"/>
						<String ID="P119_ST00073" HPOS="800" VPOS="715" WIDTH="83" HEIGHT="40" CONTENT="plain" WC="0.70" CC="04046"/>
					</TextLine>
					<TextLine ID="P119_TL00012" HPOS="116" VPOS="783" WIDTH="767" HEIGHT="40">
						<String ID="P119_ST00074" HPOS="116" VPOS="784" WIDTH="154" HEIGHT="29" CONTENT="inference" WC="0.59" CC="167322740"/>
						<SP ID="P119_SP00062" HPOS="270" VPOS="813" WIDTH="30"/>
						<String ID="P119_ST00075" HPOS="300" VPOS="784" WIDTH="69" HEIGHT="29" CONTENT="that" WC="0.75" CC="0702"/>
						<SP ID="P119_SP00063" HPOS="369" VPOS="813" WIDTH="25"/>
						<String ID="P119_ST00076" HPOS="394" VPOS="784" WIDTH="93" HEIGHT="29" CONTENT="crime" WC="0.82" CC="04400"/>
						<SP ID="P119_SP00064" HPOS="487" VPOS="813" WIDTH="26"/>
						<String ID="P119_ST00077" HPOS="513" VPOS="794" WIDTH="62" HEIGHT="20" CONTENT="was" WC="0.77" CC="006"/>
						<SP ID="P119_SP00065" HPOS="575" VPOS="814" WIDTH="26"/>
						<String ID="P119_ST00078" HPOS="601" VPOS="784" WIDTH="52" HEIGHT="29" CONTENT="the" WC="0.75" CC="070"/>
						<SP ID="P119_SP00066" HPOS="653" VPOS="814" WIDTH="27"/>
						<String ID="P119_ST00079" HPOS="680" VPOS="784" WIDTH="84" HEIGHT="39" CONTENT="daily" WC="0.88" CC="00500"/>
						<SP ID="P119_SP00067" HPOS="764" VPOS="823" WIDTH="25"/>
						<String ID="P119_ST00080" HPOS="789" VPOS="783" WIDTH="94" HEIGHT="30" CONTENT="bread" WC="0.77" CC="71003"/>
					</TextLine>
					<TextLine ID="P119_TL00013" HPOS="116" VPOS="853" WIDTH="280" HEIGHT="30">
						<String ID="P119_ST00081" HPOS="116" VPOS="853" WIDTH="33" HEIGHT="30" CONTENT="of" WC="0.50" CC="09"/>
						<SP ID="P119_SP00068" HPOS="149" VPOS="883" WIDTH="12"/>
						<String ID="P119_ST00082" HPOS="161" VPOS="854" WIDTH="54" HEIGHT="29" CONTENT="the" WC="0.52" CC="670"/>
						<SP ID="P119_SP00069" HPOS="215" VPOS="883" WIDTH="16"/>
						<String ID="P119_ST00083" HPOS="231" VPOS="853" WIDTH="165" HEIGHT="30" CONTENT="Parisians." WC="0.65" CC="7050520742"/>
					</TextLine>
				</TextBlock>
				<TextBlock ID="P119_TB00004" HPOS="115" VPOS="921" WIDTH="771" HEIGHT="514" STYLEREFS="TXT_0 PAR_LEFT">
					<TextLine ID="P119_TL00014" HPOS="161" VPOS="921" WIDTH="717" HEIGHT="41">
						<String ID="P119_ST00084" HPOS="161" VPOS="923" WIDTH="18" HEIGHT="16" CONTENT='"' WC="0.34" CC="6"/>
						<SP ID="P119_SP00070" HPOS="179" VPOS="939" WIDTH="13"/>
						<String ID="P119_ST00085" HPOS="192" VPOS="922" WIDTH="101" HEIGHT="30" CONTENT="Crime" WC="0.71" CC="66100"/>
						<SP ID="P119_SP00071" HPOS="293" VPOS="952" WIDTH="13"/>
						<String ID="P119_ST00086" HPOS="306" VPOS="922" WIDTH="6" HEIGHT="30" CONTENT="!" WC="1.00" CC="0"/>
						<SP ID="P119_SP00072" HPOS="312" VPOS="952" WIDTH="32"/>
						<String ID="P119_ST00087" HPOS="344" VPOS="933" WIDTH="53" HEIGHT="29" CONTENT="my" WC="1.00" CC="00"/>
						<SP ID="P119_SP00073" HPOS="397" VPOS="962" WIDTH="22"/>
						<String ID="P119_ST00088" HPOS="419" VPOS="922" WIDTH="71" HEIGHT="29" CONTENT="dear" WC="0.84" CC="0006"/>
						<SP ID="P119_SP00074" HPOS="490" VPOS="962" WIDTH="16"/>
						<String ID="P119_ST00089" HPOS="506" VPOS="921" WIDTH="73" HEIGHT="39" CONTENT='sir,"' WC="0.46" CC="64635"/>
						<SP ID="P119_SP00075" HPOS="579" VPOS="962" WIDTH="19"/>
						<String ID="P119_ST00090" HPOS="598" VPOS="922" WIDTH="136" HEIGHT="29" CONTENT="retorted" WC="0.86" CC="20006001"/>
						<SP ID="P119_SP00076" HPOS="734" VPOS="962" WIDTH="22"/>
						<String ID="P119_ST00091" HPOS="756" VPOS="921" WIDTH="122" HEIGHT="39" CONTENT="Felicie," WC="0.75" CC="70002604"/>
					</TextLine>
					<TextLine ID="P119_TL00015" HPOS="116" VPOS="990" WIDTH="766" HEIGHT="41">
						<String ID="P119_ST00092" HPOS="116" VPOS="991" WIDTH="77" HEIGHT="31" CONTENT="with" WC="0.67" CC="0507"/>
						<SP ID="P119_SP00077" HPOS="193" VPOS="1022" WIDTH="33"/>
						<String ID="P119_ST00093" HPOS="226" VPOS="991" WIDTH="67" HEIGHT="30" CONTENT="that" WC="0.68" CC="0705"/>
						<SP ID="P119_SP00078" HPOS="293" VPOS="1022" WIDTH="34"/>
						<String ID="P119_ST00094" HPOS="327" VPOS="991" WIDTH="137" HEIGHT="40" CONTENT="peculiar" WC="0.70" CC="00073605"/>
						<SP ID="P119_SP00079" HPOS="464" VPOS="1031" WIDTH="33"/>
						<String ID="P119_ST00095" HPOS="497" VPOS="990" WIDTH="136" HEIGHT="27" CONTENT="mixture" WC="0.27" CC="9770897"/>
						<SP ID="P119_SP00080" HPOS="633" VPOS="1031" WIDTH="31"/>
						<String ID="P119_ST00096" HPOS="664" VPOS="990" WIDTH="33" HEIGHT="30" CONTENT="of" WC="1.00" CC="00"/>
						<SP ID="P119_SP00081" HPOS="697" VPOS="1031" WIDTH="32"/>
						<String ID="P119_ST00097" HPOS="729" VPOS="992" WIDTH="153" HEIGHT="37" CONTENT="contempt" WC="0.91" CC="00700000"/>
					</TextLine>
					<TextLine ID="P119_TL00016" HPOS="116" VPOS="1059" WIDTH="762" HEIGHT="37">
						<String ID="P119_ST00098" HPOS="116" VPOS="1060" WIDTH="61" HEIGHT="30" CONTENT="and" WC="0.44" CC="456"/>
						<SP ID="P119_SP00082" HPOS="177" VPOS="1090" WIDTH="23"/>
						<String ID="P119_ST00099" HPOS="200" VPOS="1060" WIDTH="235" HEIGHT="30" CONTENT="condescension" WC="0.63" CC="0474014075327"/>
						<SP ID="P119_SP00083" HPOS="435" VPOS="1090" WIDTH="23"/>
						<String ID="P119_ST00100" HPOS="458" VPOS="1060" WIDTH="54" HEIGHT="30" CONTENT="she" WC="0.51" CC="670"/>
						<SP ID="P119_SP00084" HPOS="512" VPOS="1090" WIDTH="24"/>
						<String ID="P119_ST00101" HPOS="536" VPOS="1059" WIDTH="171" HEIGHT="31" CONTENT="sometimes" WC="0.71" CC="630063005"/>
						<SP ID="P119_SP00085" HPOS="707" VPOS="1090" WIDTH="24"/>
						<String ID="P119_ST00102" HPOS="731" VPOS="1059" WIDTH="147" HEIGHT="37" CONTENT="assumed," WC="0.68" CC="04460062"/>
					</TextLine>
					<TextLine ID="P119_TL00017" HPOS="120" VPOS="1126" WIDTH="763" HEIGHT="44">
						<String ID="P119_ST00103" HPOS="120" VPOS="1130" WIDTH="85" HEIGHT="30" CONTENT='"but' WC="0.44" CC="5772"/>
						<SP ID="P119_SP00086" HPOS="205" VPOS="1160" WIDTH="21"/>
						<String ID="P119_ST00104" HPOS="226" VPOS="1130" WIDTH="86" HEIGHT="30" CONTENT="there" WC="0.71" CC="47020"/>
						<SP ID="P119_SP00087" HPOS="312" VPOS="1160" WIDTH="22"/>
						<String ID="P119_ST00105" HPOS="334" VPOS="1129" WIDTH="27" HEIGHT="31" CONTENT="is" WC="0.68" CC="06"/>
						<SP ID="P119_SP00088" HPOS="361" VPOS="1160" WIDTH="21"/>
						<String ID="P119_ST00106" HPOS="382" VPOS="1140" WIDTH="40" HEIGHT="20" CONTENT="no" WC="0.35" CC="75"/>
						<SP ID="P119_SP00089" HPOS="422" VPOS="1160" WIDTH="23"/>
						<String ID="P119_ST00107" HPOS="445" VPOS="1129" WIDTH="141" HEIGHT="41" CONTENT="question" WC="0.44" CC="97063457"/>
						<SP ID="P119_SP00090" HPOS="586" VPOS="1170" WIDTH="22"/>
						<String ID="P119_ST00108" HPOS="608" VPOS="1129" WIDTH="33" HEIGHT="30" CONTENT="of" WC="0.84" CC="30"/>
						<SP ID="P119_SP00091" HPOS="641" VPOS="1170" WIDTH="23"/>
						<String ID="P119_ST00109" HPOS="664" VPOS="1127" WIDTH="92" HEIGHT="31" CONTENT="crime" WC="0.73" CC="24500"/>
						<SP ID="P119_SP00092" HPOS="756" VPOS="1170" WIDTH="26"/>
						<String ID="P119_ST00110" HPOS="782" VPOS="1127" WIDTH="34" HEIGHT="30" CONTENT="in" WC="0.53" CC="17"/>
						<SP ID="P119_SP00093" HPOS="816" VPOS="1170" WIDTH="25"/>
						<String ID="P119_ST00111" HPOS="841" VPOS="1126" WIDTH="42" HEIGHT="30" CONTENT="all" WC="1.00" CC="000"/>
					</TextLine>
					<TextLine ID="P119_TL00018" HPOS="116" VPOS="1196" WIDTH="766" HEIGHT="42">
						<String ID="P119_ST00112" HPOS="116" VPOS="1198" WIDTH="80" HEIGHT="40" CONTENT="this;" WC="0.47" CC="07566"/>
						<SP ID="P119_SP00094" HPOS="196" VPOS="1238" WIDTH="24"/>
						<String ID="P119_ST00113" HPOS="220" VPOS="1198" WIDTH="25" HEIGHT="30" CONTENT="it" WC="0.87" CC="10"/>
						<SP ID="P119_SP00095" HPOS="245" VPOS="1238" WIDTH="22"/>
						<String ID="P119_ST00114" HPOS="267" VPOS="1198" WIDTH="26" HEIGHT="30" CONTENT="is" WC="0.57" CC="16"/>
						<SP ID="P119_SP00096" HPOS="293" VPOS="1238" WIDTH="22"/>
						<String ID="P119_ST00115" HPOS="315" VPOS="1209" WIDTH="18" HEIGHT="19" CONTENT="a" WC="1.00" CC="0"/>
						<SP ID="P119_SP00097" HPOS="333" VPOS="1238" WIDTH="19"/>
						<String ID="P119_ST00116" HPOS="352" VPOS="1198" WIDTH="141" HEIGHT="40" CONTENT="question" WC="0.71" CC="07000446"/>
						<SP ID="P119_SP00098" HPOS="493" VPOS="1238" WIDTH="23"/>
						<String ID="P119_ST00117" HPOS="516" VPOS="1198" WIDTH="72" HEIGHT="40" CONTENT="only" WC="0.81" CC="0700"/>
						<SP ID="P119_SP00099" HPOS="588" VPOS="1238" WIDTH="19"/>
						<String ID="P119_ST00118" HPOS="607" VPOS="1198" WIDTH="33" HEIGHT="29" CONTENT="of" WC="0.73" CC="50"/>
						<SP ID="P119_SP00100" HPOS="640" VPOS="1238" WIDTH="19"/>
						<String ID="P119_ST00119" HPOS="659" VPOS="1196" WIDTH="144" HEIGHT="41" CONTENT="insanity," WC="0.48" CC="466775403"/>
						<SP ID="P119_SP00101" HPOS="803" VPOS="1238" WIDTH="19"/>
						<String ID="P119_ST00120" HPOS="822" VPOS="1196" WIDTH="60" HEIGHT="30" CONTENT="and" WC="0.52" CC="067"/>
					</TextLine>
					<TextLine ID="P119_TL00019" HPOS="116" VPOS="1265" WIDTH="765" HEIGHT="43">
						<String ID="P119_ST00121" HPOS="116" VPOS="1267" WIDTH="54" HEIGHT="31" CONTENT="the" WC="0.66" CC="270"/>
						<SP ID="P119_SP00102" HPOS="170" VPOS="1298" WIDTH="23"/>
						<String ID="P119_ST00122" HPOS="193" VPOS="1277" WIDTH="73" HEIGHT="30" CONTENT="poor" WC="0.77" CC="0044"/>
						<SP ID="P119_SP00103" HPOS="266" VPOS="1307" WIDTH="25"/>
						<String ID="P119_ST00123" HPOS="291" VPOS="1268" WIDTH="51" HEIGHT="29" CONTENT="old" WC="1.00" CC="000"/>
						<SP ID="P119_SP00104" HPOS="342" VPOS="1307" WIDTH="22"/>
						<String ID="P119_ST00124" HPOS="364" VPOS="1278" WIDTH="72" HEIGHT="20" CONTENT="man" WC="0.75" CC="007"/>
						<SP ID="P119_SP00105" HPOS="436" VPOS="1307" WIDTH="23"/>
						<String ID="P119_ST00125" HPOS="459" VPOS="1278" WIDTH="43" HEIGHT="29" CONTENT="up" WC="0.65" CC="70"/>
						<SP ID="P119_SP00106" HPOS="502" VPOS="1307" WIDTH="24"/>
						<String ID="P119_ST00126" HPOS="526" VPOS="1267" WIDTH="118" HEIGHT="41" CONTENT="yonder" WC="0.70" CC="007405"/>
						<SP ID="P119_SP00107" HPOS="644" VPOS="1308" WIDTH="19"/>
						<String ID="P119_ST00127" HPOS="663" VPOS="1265" WIDTH="65" HEIGHT="32" CONTENT="will" WC="0.79" CC="0305"/>
						<SP ID="P119_SP00108" HPOS="728" VPOS="1308" WIDTH="23"/>
						<String ID="P119_ST00128" HPOS="751" VPOS="1265" WIDTH="38" HEIGHT="29" CONTENT="be" WC="0.68" CC="60"/>
						<SP ID="P119_SP00109" HPOS="789" VPOS="1308" WIDTH="24"/>
						<String ID="P119_ST00129" HPOS="813" VPOS="1275" WIDTH="68" HEIGHT="28" CONTENT="pro" SUBS_TYPE="HypPart1" SUBS_CONTENT="probably" WC="0.83" CC="0600"/>
						<HYP CONTENT="-"/>
					</TextLine>
					<TextLine ID="P119_TL00020" HPOS="116" VPOS="1333" WIDTH="770" HEIGHT="44">
						<String ID="P119_ST00130" HPOS="116" VPOS="1336" WIDTH="94" HEIGHT="41" CONTENT="bably" SUBS_TYPE="HypPart2" SUBS_CONTENT="probably" WC="0.62" CC="70740"/>
						<SP ID="P119_SP00110" HPOS="210" VPOS="1377" WIDTH="24"/>
						<String ID="P119_ST00131" HPOS="234" VPOS="1336" WIDTH="131" HEIGHT="31" CONTENT="worried" WC="0.74" CC="0035305"/>
						<SP ID="P119_SP00111" HPOS="365" VPOS="1377" WIDTH="25"/>
						<String ID="P119_ST00132" HPOS="390" VPOS="1339" WIDTH="32" HEIGHT="28" CONTENT="to" WC="0.93" CC="10"/>
						<SP ID="P119_SP00112" HPOS="422" VPOS="1377" WIDTH="25"/>
						<String ID="P119_ST00133" HPOS="447" VPOS="1336" WIDTH="94" HEIGHT="31" CONTENT="death" WC="0.76" CC="40007"/>
						<SP ID="P119_SP00113" HPOS="541" VPOS="1377" WIDTH="24"/>
						<String ID="P119_ST00134" HPOS="565" VPOS="1336" WIDTH="43" HEIGHT="40" CONTENT="by" WC="0.63" CC="70"/>
						<SP ID="P119_SP00114" HPOS="608" VPOS="1377" WIDTH="24"/>
						<String ID="P119_ST00135" HPOS="632" VPOS="1335" WIDTH="53" HEIGHT="30" CONTENT="the" WC="0.63" CC="370"/>
						<SP ID="P119_SP00115" HPOS="685" VPOS="1377" WIDTH="26"/>
						<String ID="P119_ST00136" HPOS="711" VPOS="1333" WIDTH="117" HEIGHT="41" CONTENT="gossips" WC="0.71" CC="0156006"/>
						<SP ID="P119_SP00116" HPOS="828" VPOS="1377" WIDTH="25"/>
						<String ID="P119_ST00137" HPOS="853" VPOS="1334" WIDTH="33" HEIGHT="30" CONTENT="of" WC="0.64" CC="51"/>
					</TextLine>
					<TextLine ID="P119_TL00021" HPOS="117" VPOS="1406" WIDTH="147" HEIGHT="29">
						<String ID="P119_ST00138" HPOS="117" VPOS="1406" WIDTH="29" HEIGHT="29" CONTENT="D" WC="0.28" CC="7"/>
						<SP ID="P119_SP00117" HPOS="146" VPOS="1435" WIDTH="90"/>
						<String ID="P119_ST00139" HPOS="236" VPOS="1406" WIDTH="28" HEIGHT="29" CONTENT='."' WC="0.91" CC="10"/>
					</TextLine>
				</TextBlock>
			</PrintSpace>
		</Page>
	</Layout>
</alto>
