<?xml version="1.0" encoding="UTF-8"?>
<alto xmlns:xsi="http://www.w3.org/2001/XMLSchema-instance" xsi:noNamespaceSchemaLocation="http://www.bl.uk/schemas/alto/alto-1-4.xsd" xmlns:xlink="http://www.w3.org/1999/xlink">
	<Description>
		<MeasurementUnit>mm10</MeasurementUnit>
		<sourceImageInformation>
			<fileName>//head1/IN/2007-46/A0010904365.2/000505.jp2</fileName>
		</sourceImageInformation>
		<OCRProcessing ID="OCRPROCESSING_1">
			<preProcessingStep>
				<processingSoftware>
					<softwareCreator>CCS Content Conversion Specialists GmbH, Germany</softwareCreator>
					<softwareName>CCS docWORKS</softwareName>
					<softwareVersion>6.1-0.62</softwareVersion>
				</processingSoftware>
			</preProcessingStep>
			<ocrProcessingStep>
				<processingSoftware>
					<softwareCreator>ABBYY (BIT Software), Russia</softwareCreator>
					<softwareName>Finereader</softwareName>
				</processingSoftware>
			</ocrProcessingStep>
		</OCRProcessing>
	</Description>
	<Styles>
		<TextStyle ID="TXT_0" FONTSIZE="9" FONTFAMILY="Courier New"/>
		<TextStyle ID="TXT_1" FONTSIZE="10" FONTFAMILY="Courier New"/>
		<ParagraphStyle ID="PAR_CENTER" ALIGN="Center"/>
		<ParagraphStyle ID="PAR_RIGHT" ALIGN="Right"/>
		<ParagraphStyle ID="PAR_LEFT" ALIGN="Left"/>
	</Styles>
	<Layout>
		<Page ID="P171" PHYSICAL_IMG_NR="171" HEIGHT="1667" WIDTH="979" PRINTED_IMG_NR="157" POSITION="Right" ACCURACY="70.66">
			<TopMargin ID="P171_TM00001" HPOS="0" VPOS="0" WIDTH="978" HEIGHT="116">
				<TextBlock ID="P171_TB00001" HPOS="323" VPOS="87" WIDTH="321" HEIGHT="29" STYLEREFS="TXT_0 PAR_CENTER">
					<TextLine ID="P171_TL00001" HPOS="324" VPOS="88" WIDTH="320" HEIGHT="28">
						<String ID="P171_ST00001" HPOS="324" VPOS="88" WIDTH="171" HEIGHT="28" CONTENT="yevette's" WC="0.61" CC="704765003"/>
						<SP ID="P171_SP00001" HPOS="495" VPOS="116" WIDTH="20"/>
						<String ID="P171_ST00002" HPOS="515" VPOS="96" WIDTH="129" HEIGHT="20" CONTENT="SORROW." WC="0.46" CC="5068790"/>
						<SP ID="P171_SP00002" HPOS="644" VPOS="116" WIDTH="0"/>
					</TextLine>
				</TextBlock>
				<TextBlock ID="P171_TB00002" HPOS="807" VPOS="87" WIDTH="52" HEIGHT="26" STYLEREFS="TXT_1 PAR_RIGHT">
					<TextLine ID="P171_TL00002" HPOS="807" VPOS="87" WIDTH="52" HEIGHT="26">
						<String ID="P171_ST00003" HPOS="807" VPOS="87" WIDTH="52" HEIGHT="26" CONTENT="157" WC="1.00" CC="000"/>
					</TextLine>
				</TextBlock>
			</TopMargin>
			<LeftMargin ID="P171_LM00001" HPOS="0" VPOS="115" WIDTH="97" HEIGHT="1347">
				<TextBlock ID="P171_TB00003" HPOS="5" VPOS="1382" WIDTH="9" HEIGHT="10" STYLEREFS="TXT_1 PAR_LEFT">
					<TextLine ID="P171_TL00003" HPOS="6" VPOS="1384" WIDTH="8" HEIGHT="8">
						<String ID="P171_ST00004" HPOS="6" VPOS="1384" WIDTH="8" HEIGHT="8" CONTENT="r*" WC="0.16" CC="96"/>
					</TextLine>
				</TextBlock>
			</LeftMargin>
			<RightMargin ID="P171_RM00001" HPOS="864" VPOS="115" WIDTH="114" HEIGHT="1347"/>
			<BottomMargin ID="P171_BM00001" HPOS="0" VPOS="1462" WIDTH="978" HEIGHT="205"/>
			<PrintSpace ID="P171_PS00001" HPOS="97" VPOS="115" WIDTH="767" HEIGHT="1347">
				<TextBlock ID="P171_TB00004" HPOS="97" VPOS="178" WIDTH="766" HEIGHT="1073" STYLEREFS="TXT_0 PAR_LEFT">
					<TextLine ID="P171_TL00004" HPOS="97" VPOS="179" WIDTH="764" HEIGHT="43">
						<String ID="P171_ST00005" HPOS="97" VPOS="179" WIDTH="156" HEIGHT="40" CONTENT="brigadier" WC="0.73" CC="750000505"/>
						<SP ID="P171_SP00003" HPOS="253" VPOS="219" WIDTH="20"/>
						<String ID="P171_ST00006" HPOS="273" VPOS="181" WIDTH="61" HEIGHT="30" CONTENT="had" WC="0.55" CC="705"/>
						<SP ID="P171_SP00004" HPOS="334" VPOS="219" WIDTH="15"/>
						<String ID="P171_ST00007" HPOS="349" VPOS="182" WIDTH="107" HEIGHT="40" CONTENT="stayed" WC="0.77" CC="650001"/>
						<SP ID="P171_SP00005" HPOS="456" VPOS="222" WIDTH="21"/>
						<String ID="P171_ST00008" HPOS="477" VPOS="192" WIDTH="81" HEIGHT="20" CONTENT="more" WC="0.93" CC="0020"/>
						<SP ID="P171_SP00006" HPOS="558" VPOS="222" WIDTH="22"/>
						<String ID="P171_ST00009" HPOS="580" VPOS="182" WIDTH="75" HEIGHT="30" CONTENT="than" WC="0.48" CC="5707"/>
						<SP ID="P171_SP00007" HPOS="655" VPOS="222" WIDTH="15"/>
						<String ID="P171_ST00010" HPOS="670" VPOS="192" WIDTH="38" HEIGHT="19" CONTENT="an" WC="0.65" CC="07"/>
						<SP ID="P171_SP00008" HPOS="708" VPOS="222" WIDTH="21"/>
						<String ID="P171_ST00011" HPOS="729" VPOS="181" WIDTH="78" HEIGHT="30" CONTENT="hour" WC="0.68" CC="7050"/>
						<SP ID="P171_SP00009" HPOS="807" VPOS="222" WIDTH="21"/>
						<String ID="P171_ST00012" HPOS="828" VPOS="181" WIDTH="33" HEIGHT="30" CONTENT="in" WC="0.63" CC="07"/>
					</TextLine>
					<TextLine ID="P171_TL00005" HPOS="99" VPOS="249" WIDTH="762" HEIGHT="42">
						<String ID="P171_ST00013" HPOS="99" VPOS="249" WIDTH="45" HEIGHT="30" CONTENT="La" WC="0.83" CC="30"/>
						<SP ID="P171_SP00010" HPOS="144" VPOS="279" WIDTH="30"/>
						<String ID="P171_ST00014" HPOS="174" VPOS="249" WIDTH="121" HEIGHT="31" CONTENT="Maison" WC="0.69" CC="003707"/>
						<SP ID="P171_SP00011" HPOS="295" VPOS="280" WIDTH="34"/>
						<String ID="P171_ST00015" HPOS="329" VPOS="251" WIDTH="128" HEIGHT="29" CONTENT="Prevost" WC="0.64" CC="6307070"/>
						<String ID="P171_ST00016" HPOS="472" VPOS="252" WIDTH="6" HEIGHT="29" CONTENT="!" WC="1.00" CC="0"/>
						<SP ID="P171_SP00012" HPOS="478" VPOS="281" WIDTH="45"/>
						<String ID="P171_ST00017" HPOS="523" VPOS="251" WIDTH="79" HEIGHT="40" CONTENT="Nay," WC="1.00" CC="0000"/>
						<SP ID="P171_SP00013" HPOS="602" VPOS="291" WIDTH="31"/>
						<String ID="P171_ST00018" HPOS="633" VPOS="252" WIDTH="67" HEIGHT="28" CONTENT="that" WC="0.62" CC="7700"/>
						<SP ID="P171_SP00014" HPOS="700" VPOS="291" WIDTH="29"/>
						<String ID="P171_ST00019" HPOS="729" VPOS="251" WIDTH="38" HEIGHT="29" CONTENT="he" WC="0.63" CC="70"/>
						<SP ID="P171_SP00015" HPOS="767" VPOS="291" WIDTH="34"/>
						<String ID="P171_ST00020" HPOS="801" VPOS="251" WIDTH="60" HEIGHT="29" CONTENT="had" WC="0.75" CC="700"/>
					</TextLine>
					<TextLine ID="P171_TL00006" HPOS="100" VPOS="319" WIDTH="762" HEIGHT="39">
						<String ID="P171_ST00021" HPOS="100" VPOS="319" WIDTH="135" HEIGHT="39" CONTENT="actually" WC="0.76" CC="70070300"/>
						<SP ID="P171_SP00016" HPOS="235" VPOS="358" WIDTH="33"/>
						<String ID="P171_ST00022" HPOS="268" VPOS="319" WIDTH="194" HEIGHT="30" CONTENT="breakfasted" WC="0.77" CC="75006005000"/>
						<SP ID="P171_SP00017" HPOS="462" VPOS="358" WIDTH="36"/>
						<String ID="P171_ST00023" HPOS="498" VPOS="319" WIDTH="76" HEIGHT="31" CONTENT="with" WC="0.79" CC="0007"/>
						<SP ID="P171_SP00018" HPOS="574" VPOS="358" WIDTH="36"/>
						<String ID="P171_ST00024" HPOS="610" VPOS="320" WIDTH="138" HEIGHT="29" CONTENT="Madame" WC="0.91" CC="005000"/>
						<SP ID="P171_SP00019" HPOS="748" VPOS="358" WIDTH="37"/>
						<String ID="P171_ST00025" HPOS="785" VPOS="319" WIDTH="77" HEIGHT="31" CONTENT="Jean" WC="0.76" CC="2007"/>
					</TextLine>
					<TextLine ID="P171_TL00007" HPOS="100" VPOS="387" WIDTH="760" HEIGHT="40">
						<String ID="P171_ST00026" HPOS="100" VPOS="387" WIDTH="34" HEIGHT="30" CONTENT="in" WC="0.39" CC="47"/>
						<SP ID="P171_SP00020" HPOS="134" VPOS="417" WIDTH="21"/>
						<String ID="P171_ST00027" HPOS="155" VPOS="388" WIDTH="56" HEIGHT="29" CONTENT="her" WC="0.63" CC="703"/>
						<SP ID="P171_SP00021" HPOS="211" VPOS="417" WIDTH="21"/>
						<String ID="P171_ST00028" HPOS="232" VPOS="387" WIDTH="135" HEIGHT="40" CONTENT="kitchen," WC="0.57" CC="95037070"/>
						<String ID="P171_ST00029" HPOS="371" VPOS="407" WIDTH="41" HEIGHT="3" CONTENT="—" WC="0.20" CC="8"/>
						<String ID="P171_ST00030" HPOS="413" VPOS="388" WIDTH="25" HEIGHT="30" CONTENT="it" WC="0.70" CC="32"/>
						<SP ID="P171_SP00022" HPOS="438" VPOS="427" WIDTH="22"/>
						<String ID="P171_ST00031" HPOS="460" VPOS="399" WIDTH="62" HEIGHT="20" CONTENT="was" WC="0.78" CC="006"/>
						<SP ID="P171_SP00023" HPOS="522" VPOS="427" WIDTH="21"/>
						<String ID="P171_ST00032" HPOS="543" VPOS="389" WIDTH="55" HEIGHT="29" CONTENT="her" WC="0.75" CC="700"/>
						<SP ID="P171_SP00024" HPOS="598" VPOS="427" WIDTH="23"/>
						<String ID="P171_ST00033" HPOS="621" VPOS="390" WIDTH="108" HEIGHT="28" CONTENT="second" WC="0.73" CC="601070"/>
						<SP ID="P171_SP00025" HPOS="729" VPOS="427" WIDTH="26"/>
						<String ID="P171_ST00034" HPOS="755" VPOS="389" WIDTH="105" HEIGHT="29" CONTENT="break" SUBS_TYPE="HypPart1" SUBS_CONTENT="breakfast" WC="0.91" CC="050000"/>
						<HYP CONTENT="-"/>
					</TextLine>
					<TextLine ID="P171_TL00008" HPOS="101" VPOS="457" WIDTH="761" HEIGHT="40">
						<String ID="P171_ST00035" HPOS="101" VPOS="457" WIDTH="68" HEIGHT="38" CONTENT="fast," SUBS_TYPE="HypPart2" SUBS_CONTENT="breakfast" WC="0.65" CC="50443"/>
						<String ID="P171_ST00036" HPOS="174" VPOS="475" WIDTH="42" HEIGHT="4" CONTENT="—" WC="0.20" CC="8"/>
						<String ID="P171_ST00037" HPOS="217" VPOS="457" WIDTH="61" HEIGHT="29" CONTENT="and" WC="0.75" CC="070"/>
						<SP ID="P171_SP00026" HPOS="278" VPOS="495" WIDTH="23"/>
						<String ID="P171_ST00038" HPOS="301" VPOS="457" WIDTH="67" HEIGHT="29" CONTENT="that" WC="0.42" CC="7716"/>
						<SP ID="P171_SP00027" HPOS="368" VPOS="495" WIDTH="24"/>
						<String ID="P171_ST00039" HPOS="392" VPOS="457" WIDTH="53" HEIGHT="30" CONTENT="she" WC="0.51" CC="770"/>
						<SP ID="P171_SP00028" HPOS="445" VPOS="495" WIDTH="23"/>
						<String ID="P171_ST00040" HPOS="468" VPOS="457" WIDTH="61" HEIGHT="30" CONTENT="had" WC="0.60" CC="704"/>
						<SP ID="P171_SP00029" HPOS="529" VPOS="495" WIDTH="25"/>
						<String ID="P171_ST00041" HPOS="554" VPOS="457" WIDTH="133" HEIGHT="40" CONTENT="brought" WC="0.54" CC="6717071"/>
						<SP ID="P171_SP00030" HPOS="687" VPOS="497" WIDTH="23"/>
						<String ID="P171_ST00042" HPOS="710" VPOS="457" WIDTH="77" HEIGHT="30" CONTENT="from" WC="0.81" CC="3300"/>
						<SP ID="P171_SP00031" HPOS="787" VPOS="497" WIDTH="22"/>
						<String ID="P171_ST00043" HPOS="809" VPOS="457" WIDTH="53" HEIGHT="30" CONTENT="the" WC="0.74" CC="070"/>
					</TextLine>
					<TextLine ID="P171_TL00009" HPOS="102" VPOS="525" WIDTH="760" HEIGHT="42">
						<String ID="P171_ST00044" HPOS="102" VPOS="525" WIDTH="100" HEIGHT="40" CONTENT="cellar," WC="0.77" CC="0052043"/>
						<SP ID="P171_SP00032" HPOS="202" VPOS="565" WIDTH="25"/>
						<String ID="P171_ST00045" HPOS="227" VPOS="526" WIDTH="60" HEIGHT="30" CONTENT="and" WC="0.66" CC="063"/>
						<SP ID="P171_SP00033" HPOS="287" VPOS="565" WIDTH="29"/>
						<String ID="P171_ST00046" HPOS="316" VPOS="527" WIDTH="129" HEIGHT="29" CONTENT="devoted" WC="0.80" CC="4050300"/>
						<SP ID="P171_SP00034" HPOS="445" VPOS="565" WIDTH="29"/>
						<String ID="P171_ST00047" HPOS="474" VPOS="529" WIDTH="31" HEIGHT="27" CONTENT="to" WC="0.44" CC="73"/>
						<SP ID="P171_SP00035" HPOS="505" VPOS="565" WIDTH="30"/>
						<String ID="P171_ST00048" HPOS="535" VPOS="527" WIDTH="53" HEIGHT="29" CONTENT="the" WC="0.75" CC="070"/>
						<SP ID="P171_SP00036" HPOS="588" VPOS="565" WIDTH="29"/>
						<String ID="P171_ST00049" HPOS="617" VPOS="526" WIDTH="128" HEIGHT="40" CONTENT="especial" WC="0.81" CC="03004501"/>
						<SP ID="P171_SP00037" HPOS="745" VPOS="566" WIDTH="25"/>
						<String ID="P171_ST00050" HPOS="770" VPOS="537" WIDTH="92" HEIGHT="30" CONTENT="usage" WC="0.72" CC="67000"/>
					</TextLine>
					<TextLine ID="P171_TL00010" HPOS="102" VPOS="594" WIDTH="761" HEIGHT="39">
						<String ID="P171_ST00051" HPOS="102" VPOS="594" WIDTH="35" HEIGHT="29" CONTENT="of" WC="0.86" CC="20"/>
						<SP ID="P171_SP00038" HPOS="137" VPOS="623" WIDTH="22"/>
						<String ID="P171_ST00052" HPOS="159" VPOS="594" WIDTH="159" HEIGHT="29" CONTENT="Monsieur" WC="0.58" CC="00765076"/>
						<SP ID="P171_SP00039" HPOS="318" VPOS="623" WIDTH="25"/>
						<String ID="P171_ST00053" HPOS="343" VPOS="594" WIDTH="134" HEIGHT="39" CONTENT="Fredeii," WC="0.68" CC="76000703"/>
						<SP ID="P171_SP00040" HPOS="477" VPOS="633" WIDTH="26"/>
						<String ID="P171_ST00054" HPOS="503" VPOS="606" WIDTH="17" HEIGHT="18" CONTENT="a" WC="1.00" CC="0"/>
						<SP ID="P171_SP00041" HPOS="520" VPOS="633" WIDTH="21"/>
						<String ID="P171_ST00055" HPOS="541" VPOS="595" WIDTH="96" HEIGHT="29" CONTENT="bottle" WC="0.77" CC="732000"/>
						<SP ID="P171_SP00042" HPOS="637" VPOS="633" WIDTH="27"/>
						<String ID="P171_ST00056" HPOS="664" VPOS="595" WIDTH="33" HEIGHT="29" CONTENT="of" WC="1.00" CC="00"/>
						<SP ID="P171_SP00043" HPOS="697" VPOS="633" WIDTH="18"/>
						<String ID="P171_ST00057" HPOS="715" VPOS="606" WIDTH="81" HEIGHT="18" CONTENT="some" WC="0.83" CC="6000"/>
						<SP ID="P171_SP00044" HPOS="796" VPOS="633" WIDTH="18"/>
						<String ID="P171_ST00058" HPOS="814" VPOS="595" WIDTH="49" HEIGHT="30" CONTENT="old" WC="0.66" CC="423"/>
					</TextLine>
					<TextLine ID="P171_TL00011" HPOS="103" VPOS="663" WIDTH="760" HEIGHT="40">
						<String ID="P171_ST00059" HPOS="103" VPOS="663" WIDTH="175" HEIGHT="40" CONTENT="Burgundy" WC="0.55" CC="67706700"/>
						<SP ID="P171_SP00045" HPOS="278" VPOS="703" WIDTH="28"/>
						<String ID="P171_ST00060" HPOS="306" VPOS="663" WIDTH="43" HEIGHT="40" CONTENT="by" WC="0.66" CC="60"/>
						<SP ID="P171_SP00046" HPOS="349" VPOS="703" WIDTH="29"/>
						<String ID="P171_ST00061" HPOS="378" VPOS="663" WIDTH="101" HEIGHT="31" CONTENT="which" WC="0.48" CC="07647"/>
						<SP ID="P171_SP00047" HPOS="479" VPOS="703" WIDTH="32"/>
						<String ID="P171_ST00062" HPOS="511" VPOS="663" WIDTH="55" HEIGHT="30" CONTENT="her" WC="0.62" CC="703"/>
						<SP ID="P171_SP00048" HPOS="566" VPOS="703" WIDTH="29"/>
						<String ID="P171_ST00063" HPOS="595" VPOS="663" WIDTH="125" HEIGHT="30" CONTENT="defunct" WC="0.61" CC="3046750"/>
						<SP ID="P171_SP00049" HPOS="720" VPOS="703" WIDTH="34"/>
						<String ID="P171_ST00064" HPOS="754" VPOS="667" WIDTH="109" HEIGHT="27" CONTENT="master" WC="0.87" CC="005001"/>
					</TextLine>
					<TextLine ID="P171_TL00012" HPOS="103" VPOS="731" WIDTH="760" HEIGHT="41">
						<String ID="P171_ST00065" HPOS="103" VPOS="734" WIDTH="47" HEIGHT="27" CONTENT="set" WC="0.77" CC="501"/>
						<SP ID="P171_SP00050" HPOS="150" VPOS="761" WIDTH="20"/>
						<String ID="P171_ST00066" HPOS="170" VPOS="731" WIDTH="231" HEIGHT="41" CONTENT="extraordinary" WC="0.71" CC="0004534527040"/>
						<SP ID="P171_SP00051" HPOS="401" VPOS="772" WIDTH="21"/>
						<String ID="P171_ST00067" HPOS="422" VPOS="734" WIDTH="89" HEIGHT="27" CONTENT="store." WC="0.85" CC="300202"/>
						<SP ID="P171_SP00052" HPOS="511" VPOS="772" WIDTH="45"/>
						<String ID="P171_ST00068" HPOS="556" VPOS="732" WIDTH="81" HEIGHT="30" CONTENT="How" WC="0.76" CC="700"/>
						<SP ID="P171_SP00053" HPOS="637" VPOS="772" WIDTH="20"/>
						<String ID="P171_ST00069" HPOS="657" VPOS="732" WIDTH="53" HEIGHT="29" CONTENT="did" WC="0.64" CC="460"/>
						<SP ID="P171_SP00054" HPOS="710" VPOS="772" WIDTH="18"/>
						<String ID="P171_ST00070" HPOS="728" VPOS="732" WIDTH="62" HEIGHT="29" CONTENT="this" WC="0.66" CC="0705"/>
						<SP ID="P171_SP00055" HPOS="790" VPOS="772" WIDTH="22"/>
						<String ID="P171_ST00071" HPOS="812" VPOS="735" WIDTH="51" HEIGHT="37" CONTENT="get" WC="1.00" CC="000"/>
					</TextLine>
					<TextLine ID="P171_TL00013" HPOS="103" VPOS="800" WIDTH="760" HEIGHT="40">
						<String ID="P171_ST00072" HPOS="103" VPOS="800" WIDTH="137" HEIGHT="31" CONTENT="known?" WC="0.52" CC="074970"/>
						<SP ID="P171_SP00056" HPOS="240" VPOS="831" WIDTH="44"/>
						<String ID="P171_ST00073" HPOS="284" VPOS="800" WIDTH="92" HEIGHT="39" CONTENT="Well," WC="0.93" CC="00003"/>
						<SP ID="P171_SP00057" HPOS="376" VPOS="839" WIDTH="29"/>
						<String ID="P171_ST00074" HPOS="405" VPOS="800" WIDTH="85" HEIGHT="30" CONTENT="there" WC="0.71" CC="07160"/>
						<SP ID="P171_SP00058" HPOS="490" VPOS="839" WIDTH="30"/>
						<String ID="P171_ST00075" HPOS="520" VPOS="810" WIDTH="50" HEIGHT="20" CONTENT="are" WC="0.77" CC="060"/>
						<SP ID="P171_SP00059" HPOS="570" VPOS="839" WIDTH="29"/>
						<String ID="P171_ST00076" HPOS="599" VPOS="800" WIDTH="157" HEIGHT="40" CONTENT="assuredly" WC="0.60" CC="066540570"/>
						<SP ID="P171_SP00060" HPOS="756" VPOS="840" WIDTH="25"/>
						<String ID="P171_ST00077" HPOS="781" VPOS="800" WIDTH="82" HEIGHT="39" CONTENT="genii" WC="0.85" CC="00700"/>
					</TextLine>
					<TextLine ID="P171_TL00014" HPOS="102" VPOS="869" WIDTH="761" HEIGHT="40">
						<String ID="P171_ST00078" HPOS="102" VPOS="870" WIDTH="69" HEIGHT="30" CONTENT="who" WC="0.23" CC="975"/>
						<SP ID="P171_SP00061" HPOS="171" VPOS="900" WIDTH="30"/>
						<String ID="P171_ST00079" HPOS="201" VPOS="869" WIDTH="118" HEIGHT="40" CONTENT="preside" WC="0.69" CC="0606350"/>
						<SP ID="P171_SP00062" HPOS="319" VPOS="909" WIDTH="27"/>
						<String ID="P171_ST00080" HPOS="346" VPOS="880" WIDTH="72" HEIGHT="19" CONTENT="over" WC="0.71" CC="0604"/>
						<SP ID="P171_SP00063" HPOS="418" VPOS="909" WIDTH="29"/>
						<String ID="P171_ST00081" HPOS="447" VPOS="869" WIDTH="52" HEIGHT="30" CONTENT="the" WC="0.60" CC="470"/>
						<SP ID="P171_SP00064" HPOS="499" VPOS="909" WIDTH="26"/>
						<String ID="P171_ST00082" HPOS="525" VPOS="869" WIDTH="142" HEIGHT="40" CONTENT="longings" WC="0.65" CC="00706707"/>
						<SP ID="P171_SP00065" HPOS="667" VPOS="909" WIDTH="26"/>
						<String ID="P171_ST00083" HPOS="693" VPOS="869" WIDTH="33" HEIGHT="30" CONTENT="of" WC="1.00" CC="00"/>
						<SP ID="P171_SP00066" HPOS="726" VPOS="909" WIDTH="25"/>
						<String ID="P171_ST00084" HPOS="751" VPOS="870" WIDTH="112" HEIGHT="29" CONTENT="human" WC="0.58" CC="76007"/>
					</TextLine>
					<TextLine ID="P171_TL00015" HPOS="103" VPOS="937" WIDTH="760" HEIGHT="41">
						<String ID="P171_ST00085" HPOS="103" VPOS="937" WIDTH="165" HEIGHT="41" CONTENT="curiosity;" WC="0.75" CC="0700063304"/>
						<SP ID="P171_SP00067" HPOS="268" VPOS="978" WIDTH="31"/>
						<String ID="P171_ST00086" HPOS="299" VPOS="938" WIDTH="59" HEIGHT="29" CONTENT="and" WC="0.75" CC="070"/>
						<SP ID="P171_SP00068" HPOS="358" VPOS="978" WIDTH="26"/>
						<String ID="P171_ST00087" HPOS="384" VPOS="937" WIDTH="33" HEIGHT="30" CONTENT="in" WC="0.58" CC="07"/>
						<SP ID="P171_SP00069" HPOS="417" VPOS="978" WIDTH="24"/>
						<String ID="P171_ST00088" HPOS="441" VPOS="937" WIDTH="62" HEIGHT="30" CONTENT="this" WC="0.59" CC="0716"/>
						<SP ID="P171_SP00070" HPOS="503" VPOS="978" WIDTH="26"/>
						<String ID="P171_ST00089" HPOS="529" VPOS="948" WIDTH="66" HEIGHT="19" CONTENT="case" WC="0.84" CC="0060"/>
						<SP ID="P171_SP00071" HPOS="595" VPOS="978" WIDTH="26"/>
						<String ID="P171_ST00090" HPOS="621" VPOS="938" WIDTH="52" HEIGHT="29" CONTENT="the" WC="0.75" CC="070"/>
						<SP ID="P171_SP00072" HPOS="673" VPOS="978" WIDTH="28"/>
						<String ID="P171_ST00091" HPOS="701" VPOS="937" WIDTH="162" HEIGHT="40" CONTENT="particular" WC="0.72" CC="0053056006"/>
					</TextLine>
					<TextLine ID="P171_TL00016" HPOS="105" VPOS="1006" WIDTH="758" HEIGHT="41">
						<String ID="P171_ST00092" HPOS="105" VPOS="1007" WIDTH="109" HEIGHT="40" CONTENT="genius" WC="0.62" CC="005276"/>
						<SP ID="P171_SP00073" HPOS="214" VPOS="1047" WIDTH="26"/>
						<String ID="P171_ST00093" HPOS="240" VPOS="1017" WIDTH="61" HEIGHT="20" CONTENT="was" WC="0.76" CC="007"/>
						<SP ID="P171_SP00074" HPOS="301" VPOS="1047" WIDTH="28"/>
						<String ID="P171_ST00094" HPOS="329" VPOS="1007" WIDTH="149" HEIGHT="39" CONTENT="supposed" WC="0.74" CC="67000600"/>
						<SP ID="P171_SP00075" HPOS="478" VPOS="1047" WIDTH="29"/>
						<String ID="P171_ST00095" HPOS="507" VPOS="1009" WIDTH="31" HEIGHT="27" CONTENT="to" WC="0.89" CC="20"/>
						<SP ID="P171_SP00076" HPOS="538" VPOS="1047" WIDTH="27"/>
						<String ID="P171_ST00096" HPOS="565" VPOS="1006" WIDTH="37" HEIGHT="30" CONTENT="be" WC="0.71" CC="50"/>
						<SP ID="P171_SP00077" HPOS="602" VPOS="1047" WIDTH="29"/>
						<String ID="P171_ST00097" HPOS="631" VPOS="1006" WIDTH="153" HEIGHT="39" CONTENT="Nicholas," WC="0.66" CC="704703061"/>
						<SP ID="P171_SP00078" HPOS="784" VPOS="1047" WIDTH="28"/>
						<String ID="P171_ST00098" HPOS="812" VPOS="1007" WIDTH="51" HEIGHT="30" CONTENT="the" WC="0.59" CC="470"/>
					</TextLine>
					<TextLine ID="P171_TL00017" HPOS="108" VPOS="1075" WIDTH="755" HEIGHT="39">
						<String ID="P171_ST00099" HPOS="108" VPOS="1078" WIDTH="18" HEIGHT="14" CONTENT='"' WC="0.67" CC="3"/>
						<SP ID="P171_SP00079" HPOS="126" VPOS="1092" WIDTH="14"/>
						<String ID="P171_ST00100" HPOS="140" VPOS="1076" WIDTH="141" HEIGHT="30" CONTENT="out-door" WC="0.78" CC="37000401"/>
						<SP ID="P171_SP00080" HPOS="281" VPOS="1106" WIDTH="25"/>
						<String ID="P171_ST00101" HPOS="306" VPOS="1075" WIDTH="101" HEIGHT="39" CONTENT='man,"' WC="0.67" CC="00745"/>
						<SP ID="P171_SP00081" HPOS="407" VPOS="1114" WIDTH="25"/>
						<String ID="P171_ST00102" HPOS="432" VPOS="1075" WIDTH="68" HEIGHT="31" CONTENT="who" WC="0.71" CC="071"/>
						<SP ID="P171_SP00082" HPOS="500" VPOS="1114" WIDTH="26"/>
						<String ID="P171_ST00103" HPOS="526" VPOS="1075" WIDTH="61" HEIGHT="29" CONTENT="had" WC="0.75" CC="700"/>
						<SP ID="P171_SP00083" HPOS="587" VPOS="1114" WIDTH="25"/>
						<String ID="P171_ST00104" HPOS="612" VPOS="1085" WIDTH="71" HEIGHT="19" CONTENT="seen" WC="0.64" CC="6007"/>
						<SP ID="P171_SP00084" HPOS="683" VPOS="1114" WIDTH="25"/>
						<String ID="P171_ST00105" HPOS="708" VPOS="1075" WIDTH="51" HEIGHT="29" CONTENT="the" WC="0.75" CC="070"/>
						<SP ID="P171_SP00085" HPOS="759" VPOS="1114" WIDTH="27"/>
						<String ID="P171_ST00106" HPOS="786" VPOS="1075" WIDTH="77" HEIGHT="30" CONTENT="wine" WC="0.81" CC="0070"/>
					</TextLine>
					<TextLine ID="P171_TL00018" HPOS="105" VPOS="1143" WIDTH="758" HEIGHT="41">
						<String ID="P171_ST00107" HPOS="105" VPOS="1144" WIDTH="135" HEIGHT="40" CONTENT="brought" WC="0.60" CC="7207072"/>
						<SP ID="P171_SP00086" HPOS="240" VPOS="1184" WIDTH="25"/>
						<String ID="P171_ST00108" HPOS="265" VPOS="1154" WIDTH="41" HEIGHT="29" CONTENT="up" WC="0.63" CC="70"/>
						<SP ID="P171_SP00087" HPOS="306" VPOS="1184" WIDTH="27"/>
						<String ID="P171_ST00109" HPOS="333" VPOS="1143" WIDTH="78" HEIGHT="30" CONTENT="from" WC="0.79" CC="2203"/>
						<SP ID="P171_SP00088" HPOS="411" VPOS="1184" WIDTH="24"/>
						<String ID="P171_ST00110" HPOS="435" VPOS="1143" WIDTH="53" HEIGHT="30" CONTENT="the" WC="0.70" CC="071"/>
						<SP ID="P171_SP00089" HPOS="488" VPOS="1184" WIDTH="27"/>
						<String ID="P171_ST00111" HPOS="515" VPOS="1143" WIDTH="98" HEIGHT="39" CONTENT="cellar," WC="0.80" CC="0031053"/>
						<SP ID="P171_SP00090" HPOS="613" VPOS="1184" WIDTH="29"/>
						<String ID="P171_ST00112" HPOS="642" VPOS="1144" WIDTH="60" HEIGHT="29" CONTENT="and" WC="0.57" CC="075"/>
						<SP ID="P171_SP00091" HPOS="702" VPOS="1184" WIDTH="28"/>
						<String ID="P171_ST00113" HPOS="730" VPOS="1147" WIDTH="53" HEIGHT="26" CONTENT="not" WC="0.58" CC="750"/>
						<SP ID="P171_SP00092" HPOS="783" VPOS="1184" WIDTH="29"/>
						<String ID="P171_ST00114" HPOS="812" VPOS="1146" WIDTH="51" HEIGHT="37" CONTENT="got" WC="0.90" CC="020"/>
					</TextLine>
					<TextLine ID="P171_TL00019" HPOS="108" VPOS="1213" WIDTH="392" HEIGHT="38">
						<String ID="P171_ST00115" HPOS="108" VPOS="1224" WIDTH="55" HEIGHT="20" CONTENT="one" WC="0.55" CC="670"/>
						<SP ID="P171_SP00093" HPOS="163" VPOS="1244" WIDTH="16"/>
						<String ID="P171_ST00116" HPOS="179" VPOS="1213" WIDTH="74" HEIGHT="38" CONTENT="drop" WC="0.79" CC="0800"/>
						<SP ID="P171_SP00094" HPOS="253" VPOS="1251" WIDTH="16"/>
						<String ID="P171_ST00117" HPOS="269" VPOS="1213" WIDTH="34" HEIGHT="29" CONTENT="of" WC="0.95" CC="00"/>
						<SP ID="P171_SP00095" HPOS="303" VPOS="1251" WIDTH="11"/>
						<String ID="P171_ST00118" HPOS="314" VPOS="1213" WIDTH="26" HEIGHT="29" CONTENT="it" WC="0.81" CC="03"/>
						<SP ID="P171_SP00096" HPOS="340" VPOS="1251" WIDTH="13"/>
						<String ID="P171_ST00119" HPOS="353" VPOS="1216" WIDTH="32" HEIGHT="26" CONTENT="to" WC="1.00" CC="00"/>
						<SP ID="P171_SP00097" HPOS="385" VPOS="1251" WIDTH="16"/>
						<String ID="P171_ST00120" HPOS="401" VPOS="1213" WIDTH="99" HEIGHT="29" CONTENT="drink." WC="0.69" CC="064700"/>
					</TextLine>
				</TextBlock>
				<TextBlock ID="P171_TB00005" HPOS="104" VPOS="1281" WIDTH="760" HEIGHT="181" STYLEREFS="TXT_0 PAR_LEFT">
					<TextLine ID="P171_TL00020" HPOS="149" VPOS="1281" WIDTH="713" HEIGHT="43">
						<String ID="P171_ST00121" HPOS="149" VPOS="1282" WIDTH="181" HEIGHT="42" CONTENT="Disjointed," WC="0.64" CC="73703174022"/>
						<SP ID="P171_SP00098" HPOS="330" VPOS="1324" WIDTH="29"/>
						<String ID="P171_ST00122" HPOS="359" VPOS="1282" WIDTH="125" HEIGHT="40" CONTENT="garbled" WC="0.89" CC="0040002"/>
						<SP ID="P171_SP00099" HPOS="484" VPOS="1324" WIDTH="27"/>
						<String ID="P171_ST00123" HPOS="511" VPOS="1281" WIDTH="165" HEIGHT="39" CONTENT="evidences," WC="0.74" CC="0600070063"/>
						<SP ID="P171_SP00100" HPOS="676" VPOS="1324" WIDTH="29"/>
						<String ID="P171_ST00124" HPOS="705" VPOS="1281" WIDTH="157" HEIGHT="40" CONTENT="therefore," WC="0.80" CC="0706002011"/>
					</TextLine>
					<TextLine ID="P171_TL00021" HPOS="107" VPOS="1350" WIDTH="757" HEIGHT="42">
						<String ID="P171_ST00125" HPOS="107" VPOS="1353" WIDTH="61" HEIGHT="39" CONTENT="did," WC="0.77" CC="4004"/>
						<SP ID="P171_SP00101" HPOS="168" VPOS="1392" WIDTH="34"/>
						<String ID="P171_ST00126" HPOS="202" VPOS="1362" WIDTH="31" HEIGHT="20" CONTENT="as" WC="0.65" CC="06"/>
						<SP ID="P171_SP00102" HPOS="233" VPOS="1392" WIDTH="30"/>
						<String ID="P171_ST00127" HPOS="263" VPOS="1351" WIDTH="16" HEIGHT="29" CONTENT="I" WC="0.97" CC="0"/>
						<SP ID="P171_SP00103" HPOS="279" VPOS="1392" WIDTH="35"/>
						<String ID="P171_ST00128" HPOS="314" VPOS="1351" WIDTH="77" HEIGHT="29" CONTENT="have" WC="0.63" CC="7070"/>
						<SP ID="P171_SP00104" HPOS="391" VPOS="1392" WIDTH="31"/>
						<String ID="P171_ST00129" HPOS="422" VPOS="1351" WIDTH="72" HEIGHT="39" CONTENT="said," WC="0.72" CC="60033"/>
						<SP ID="P171_SP00105" HPOS="494" VPOS="1392" WIDTH="33"/>
						<String ID="P171_ST00130" HPOS="527" VPOS="1350" WIDTH="68" HEIGHT="30" CONTENT="leak" WC="1.00" CC="0000"/>
						<SP ID="P171_SP00106" HPOS="595" VPOS="1392" WIDTH="30"/>
						<String ID="P171_ST00131" HPOS="625" VPOS="1352" WIDTH="61" HEIGHT="37" CONTENT="out," WC="0.73" CC="0703"/>
						<SP ID="P171_SP00107" HPOS="686" VPOS="1392" WIDTH="32"/>
						<String ID="P171_ST00132" HPOS="718" VPOS="1351" WIDTH="59" HEIGHT="28" CONTENT="and" WC="0.76" CC="070"/>
						<SP ID="P171_SP00108" HPOS="777" VPOS="1392" WIDTH="36"/>
						<String ID="P171_ST00133" HPOS="813" VPOS="1351" WIDTH="51" HEIGHT="29" CONTENT="the" WC="0.75" CC="070"/>
					</TextLine>
					<TextLine ID="P171_TL00022" HPOS="105" VPOS="1419" WIDTH="759" HEIGHT="43">
						<String ID="P171_ST00134" HPOS="105" VPOS="1422" WIDTH="105" HEIGHT="40" CONTENT="public" WC="0.66" CC="077005"/>
						<SP ID="P171_SP00109" HPOS="210" VPOS="1462" WIDTH="23"/>
						<String ID="P171_ST00135" HPOS="233" VPOS="1421" WIDTH="97" HEIGHT="30" CONTENT="ended" WC="0.87" CC="06000"/>
						<SP ID="P171_SP00110" HPOS="330" VPOS="1462" WIDTH="21"/>
						<String ID="P171_ST00136" HPOS="351" VPOS="1420" WIDTH="43" HEIGHT="40" CONTENT="by" WC="0.63" CC="70"/>
						<SP ID="P171_SP00111" HPOS="394" VPOS="1462" WIDTH="16"/>
						<String ID="P171_ST00137" HPOS="410" VPOS="1419" WIDTH="156" HEIGHT="40" CONTENT="obtaining" WC="0.51" CC="677026570"/>
						<SP ID="P171_SP00112" HPOS="566" VPOS="1462" WIDTH="23"/>
						<String ID="P171_ST00138" HPOS="589" VPOS="1429" WIDTH="81" HEIGHT="20" CONTENT="some" WC="0.68" CC="7500"/>
						<SP ID="P171_SP00113" HPOS="670" VPOS="1462" WIDTH="17"/>
						<String ID="P171_ST00139" HPOS="687" VPOS="1419" WIDTH="59" HEIGHT="32" CONTENT="few" WC="0.92" CC="200"/>
						<SP ID="P171_SP00114" HPOS="746" VPOS="1462" WIDTH="20"/>
						<String ID="P171_ST00140" HPOS="766" VPOS="1430" WIDTH="98" HEIGHT="30" CONTENT="scraps" WC="0.53" CC="755090"/>
					</TextLine>
				</TextBlock>
			</PrintSpace>
		</Page>
	</Layout>
</alto>
