<?xml version="1.0" encoding="UTF-8"?>
<alto xmlns:xsi="http://www.w3.org/2001/XMLSchema-instance" xsi:noNamespaceSchemaLocation="http://www.bl.uk/schemas/alto/alto-1-4.xsd" xmlns:xlink="http://www.w3.org/1999/xlink">
	<Description>
		<MeasurementUnit>mm10</MeasurementUnit>
		<sourceImageInformation>
			<fileName>//head1/IN/2007-46/A0010904365.2/000534.jp2</fileName>
		</sourceImageInformation>
		<OCRProcessing ID="OCRPROCESSING_1">
			<preProcessingStep>
				<processingSoftware>
					<softwareCreator>CCS Content Conversion Specialists GmbH, Germany</softwareCreator>
					<softwareName>CCS docWORKS</softwareName>
					<softwareVersion>6.1-0.62</softwareVersion>
				</processingSoftware>
			</preProcessingStep>
			<ocrProcessingStep>
				<processingSoftware>
					<softwareCreator>ABBYY (BIT Software), Russia</softwareCreator>
					<softwareName>Finereader</softwareName>
				</processingSoftware>
			</ocrProcessingStep>
		</OCRProcessing>
	</Description>
	<Styles>
		<TextStyle ID="TXT_0" FONTSIZE="10" FONTFAMILY="Courier New"/>
		<ParagraphStyle ID="PAR_LEFT" ALIGN="Left"/>
		<ParagraphStyle ID="PAR_CENTER" ALIGN="Center"/>
	</Styles>
	<Layout>
		<Page ID="P200" PHYSICAL_IMG_NR="200" HEIGHT="1667" WIDTH="979" PRINTED_IMG_NR="186" POSITION="Left" ACCURACY="68.61">
			<TopMargin ID="P200_TM00001" HPOS="0" VPOS="0" WIDTH="978" HEIGHT="124">
				<TextBlock ID="P200_TB00001" HPOS="114" VPOS="96" WIDTH="52" HEIGHT="26" STYLEREFS="TXT_0 PAR_LEFT">
					<TextLine ID="P200_TL00001" HPOS="114" VPOS="96" WIDTH="52" HEIGHT="26">
						<String ID="P200_ST00001" HPOS="114" VPOS="96" WIDTH="52" HEIGHT="26" CONTENT="186" WC="1.00" CC="000"/>
					</TextLine>
				</TextBlock>
				<TextBlock ID="P200_TB00002" HPOS="364" VPOS="103" WIDTH="262" HEIGHT="21" STYLEREFS="TXT_0 PAR_CENTER">
					<TextLine ID="P200_TL00002" HPOS="364" VPOS="103" WIDTH="262" HEIGHT="21">
						<String ID="P200_ST00002" HPOS="364" VPOS="105" WIDTH="58" HEIGHT="19" CONTENT="ALL" WC="0.80" CC="005"/>
						<SP ID="P200_SP00001" HPOS="422" VPOS="124" WIDTH="21"/>
						<String ID="P200_ST00003" HPOS="443" VPOS="105" WIDTH="57" HEIGHT="19" CONTENT="FOR" WC="0.62" CC="406"/>
						<SP ID="P200_SP00002" HPOS="500" VPOS="124" WIDTH="20"/>
						<String ID="P200_ST00004" HPOS="520" VPOS="103" WIDTH="106" HEIGHT="21" CONTENT="GREED." WC="0.64" CC="564310"/>
					</TextLine>
				</TextBlock>
			</TopMargin>
			<LeftMargin ID="P200_LM00001" HPOS="0" VPOS="124" WIDTH="108" HEIGHT="1344"/>
			<RightMargin ID="P200_RM00001" HPOS="883" VPOS="124" WIDTH="95" HEIGHT="1344"/>
			<BottomMargin ID="P200_BM00001" HPOS="0" VPOS="1468" WIDTH="978" HEIGHT="199"/>
			<PrintSpace ID="P200_PS00001" HPOS="108" VPOS="124" WIDTH="775" HEIGHT="1344">
				<TextBlock ID="P200_TB00003" HPOS="110" VPOS="186" WIDTH="773" HEIGHT="453" STYLEREFS="TXT_0 PAR_LEFT">
					<TextLine ID="P200_TL00003" HPOS="113" VPOS="186" WIDTH="770" HEIGHT="45">
						<String ID="P200_ST00005" HPOS="113" VPOS="192" WIDTH="92" HEIGHT="39" CONTENT="posed" WC="0.69" CC="00608"/>
						<SP ID="P200_SP00003" HPOS="205" VPOS="231" WIDTH="16"/>
						<String ID="P200_ST00006" HPOS="221" VPOS="203" WIDTH="32" HEIGHT="18" CONTENT="as" WC="0.20" CC="87"/>
						<SP ID="P200_SP00004" HPOS="253" VPOS="231" WIDTH="16"/>
						<String ID="P200_ST00007" HPOS="269" VPOS="192" WIDTH="38" HEIGHT="30" CONTENT="he" WC="0.35" CC="75"/>
						<SP ID="P200_SP00005" HPOS="307" VPOS="231" WIDTH="15"/>
						<String ID="P200_ST00008" HPOS="322" VPOS="203" WIDTH="62" HEIGHT="20" CONTENT="was" WC="0.77" CC="006"/>
						<SP ID="P200_SP00006" HPOS="384" VPOS="231" WIDTH="16"/>
						<String ID="P200_ST00009" HPOS="400" VPOS="194" WIDTH="30" HEIGHT="27" CONTENT="at" WC="1.00" CC="00"/>
						<SP ID="P200_SP00007" HPOS="430" VPOS="231" WIDTH="17"/>
						<String ID="P200_ST00010" HPOS="447" VPOS="202" WIDTH="60" HEIGHT="29" CONTENT="any" WC="0.79" CC="060"/>
						<SP ID="P200_SP00008" HPOS="507" VPOS="231" WIDTH="12"/>
						<String ID="P200_ST00011" HPOS="519" VPOS="191" WIDTH="136" HEIGHT="29" CONTENT="moment" WC="0.86" CC="000061"/>
						<SP ID="P200_SP00009" HPOS="655" VPOS="231" WIDTH="15"/>
						<String ID="P200_ST00012" HPOS="670" VPOS="191" WIDTH="31" HEIGHT="28" CONTENT="to" WC="0.77" CC="40"/>
						<SP ID="P200_SP00010" HPOS="701" VPOS="231" WIDTH="16"/>
						<String ID="P200_ST00013" HPOS="717" VPOS="187" WIDTH="39" HEIGHT="31" CONTENT="be" WC="0.63" CC="70"/>
						<SP ID="P200_SP00011" HPOS="756" VPOS="231" WIDTH="15"/>
						<String ID="P200_ST00014" HPOS="771" VPOS="186" WIDTH="112" HEIGHT="31" CONTENT="turned" WC="0.35" CC="777266"/>
					</TextLine>
					<TextLine ID="P200_TL00004" HPOS="113" VPOS="256" WIDTH="770" HEIGHT="45">
						<String ID="P200_ST00015" HPOS="113" VPOS="259" WIDTH="99" HEIGHT="42" CONTENT="adrift," WC="0.51" CC="6266057"/>
						<SP ID="P200_SP00012" HPOS="212" VPOS="301" WIDTH="26"/>
						<String ID="P200_ST00016" HPOS="238" VPOS="263" WIDTH="59" HEIGHT="28" CONTENT="and" WC="0.48" CC="078"/>
						<SP ID="P200_SP00013" HPOS="297" VPOS="301" WIDTH="25"/>
						<String ID="P200_ST00017" HPOS="322" VPOS="262" WIDTH="48" HEIGHT="29" CONTENT="die" WC="0.75" CC="250"/>
						<SP ID="P200_SP00014" HPOS="370" VPOS="301" WIDTH="24"/>
						<String ID="P200_ST00018" HPOS="394" VPOS="261" WIDTH="33" HEIGHT="30" CONTENT="of" WC="0.54" CC="09"/>
						<SP ID="P200_SP00015" HPOS="427" VPOS="301" WIDTH="22"/>
						<String ID="P200_ST00019" HPOS="449" VPOS="261" WIDTH="122" HEIGHT="38" CONTENT="hunger" WC="0.55" CC="760506"/>
						<SP ID="P200_SP00016" HPOS="571" VPOS="301" WIDTH="23"/>
						<String ID="P200_ST00020" HPOS="594" VPOS="269" WIDTH="40" HEIGHT="19" CONTENT="on" WC="0.50" CC="27"/>
						<SP ID="P200_SP00017" HPOS="634" VPOS="301" WIDTH="21"/>
						<String ID="P200_ST00021" HPOS="655" VPOS="258" WIDTH="54" HEIGHT="30" CONTENT="the" WC="0.62" CC="470"/>
						<SP ID="P200_SP00018" HPOS="709" VPOS="301" WIDTH="23"/>
						<String ID="P200_ST00022" HPOS="732" VPOS="256" WIDTH="151" HEIGHT="30" CONTENT="roadside." WC="0.74" CC="500470600"/>
					</TextLine>
					<TextLine ID="P200_TL00005" HPOS="110" VPOS="325" WIDTH="769" HEIGHT="37">
						<String ID="P200_ST00023" HPOS="110" VPOS="331" WIDTH="74" HEIGHT="30" CONTENT="This" WC="0.55" CC="0647"/>
						<SP ID="P200_SP00019" HPOS="184" VPOS="361" WIDTH="22"/>
						<String ID="P200_ST00024" HPOS="206" VPOS="332" WIDTH="60" HEIGHT="30" CONTENT="had" WC="0.24" CC="668"/>
						<SP ID="P200_SP00020" HPOS="266" VPOS="362" WIDTH="18"/>
						<String ID="P200_ST00025" HPOS="284" VPOS="331" WIDTH="108" HEIGHT="31" CONTENT="driven" WC="0.48" CC="474707"/>
						<SP ID="P200_SP00021" HPOS="392" VPOS="362" WIDTH="20"/>
						<String ID="P200_ST00026" HPOS="412" VPOS="330" WIDTH="64" HEIGHT="30" CONTENT="him" WC="0.61" CC="650"/>
						<SP ID="P200_SP00022" HPOS="476" VPOS="362" WIDTH="22"/>
						<String ID="P200_ST00027" HPOS="498" VPOS="333" WIDTH="32" HEIGHT="26" CONTENT="to" WC="0.61" CC="70"/>
						<SP ID="P200_SP00023" HPOS="530" VPOS="362" WIDTH="22"/>
						<String ID="P200_ST00028" HPOS="552" VPOS="328" WIDTH="124" HEIGHT="31" CONTENT="commit" WC="0.92" CC="010030"/>
						<SP ID="P200_SP00024" HPOS="676" VPOS="362" WIDTH="21"/>
						<String ID="P200_ST00029" HPOS="697" VPOS="327" WIDTH="54" HEIGHT="30" CONTENT="the" WC="0.70" CC="170"/>
						<SP ID="P200_SP00025" HPOS="751" VPOS="362" WIDTH="24"/>
						<String ID="P200_ST00030" HPOS="775" VPOS="325" WIDTH="104" HEIGHT="31" CONTENT="crime." WC="0.74" CC="546000"/>
					</TextLine>
					<TextLine ID="P200_TL00006" HPOS="112" VPOS="396" WIDTH="771" HEIGHT="40">
						<String ID="P200_ST00031" HPOS="112" VPOS="401" WIDTH="73" HEIGHT="30" CONTENT="This" WC="0.47" CC="7607"/>
						<SP ID="P200_SP00026" HPOS="185" VPOS="431" WIDTH="30"/>
						<String ID="P200_ST00032" HPOS="215" VPOS="402" WIDTH="16" HEIGHT="16" CONTENT='"' WC="0.50" CC="4"/>
						<SP ID="P200_SP00027" HPOS="231" VPOS="431" WIDTH="13"/>
						<String ID="P200_ST00033" HPOS="244" VPOS="402" WIDTH="60" HEIGHT="29" CONTENT="and" WC="0.71" CC="080"/>
						<SP ID="P200_SP00028" HPOS="304" VPOS="431" WIDTH="26"/>
						<String ID="P200_ST00034" HPOS="330" VPOS="402" WIDTH="52" HEIGHT="29" CONTENT="the" WC="0.76" CC="070"/>
						<SP ID="P200_SP00029" HPOS="382" VPOS="431" WIDTH="25"/>
						<String ID="P200_ST00035" HPOS="407" VPOS="400" WIDTH="139" HEIGHT="30" CONTENT="counsels" WC="0.63" CC="00866007"/>
						<SP ID="P200_SP00030" HPOS="546" VPOS="431" WIDTH="27"/>
						<String ID="P200_ST00036" HPOS="573" VPOS="399" WIDTH="34" HEIGHT="30" CONTENT="of" WC="1.00" CC="00"/>
						<SP ID="P200_SP00031" HPOS="607" VPOS="431" WIDTH="20"/>
						<String ID="P200_ST00037" HPOS="627" VPOS="398" WIDTH="53" HEIGHT="30" CONTENT="the" WC="0.64" CC="370"/>
						<SP ID="P200_SP00032" HPOS="680" VPOS="431" WIDTH="25"/>
						<String ID="P200_ST00038" HPOS="705" VPOS="396" WIDTH="178" HEIGHT="40" CONTENT='Tempter,"' WC="0.65" CC="600970330"/>
					</TextLine>
					<TextLine ID="P200_TL00007" HPOS="110" VPOS="466" WIDTH="772" HEIGHT="35">
						<String ID="P200_ST00039" HPOS="110" VPOS="471" WIDTH="38" HEIGHT="30" CONTENT="he" WC="0.66" CC="60"/>
						<SP ID="P200_SP00033" HPOS="148" VPOS="501" WIDTH="25"/>
						<String ID="P200_ST00040" HPOS="173" VPOS="472" WIDTH="106" HEIGHT="29" CONTENT="added." WC="0.63" CC="751070"/>
						<SP ID="P200_SP00034" HPOS="279" VPOS="501" WIDTH="46"/>
						<String ID="P200_ST00041" HPOS="325" VPOS="470" WIDTH="73" HEIGHT="30" CONTENT="And" WC="0.44" CC="079"/>
						<SP ID="P200_SP00035" HPOS="398" VPOS="501" WIDTH="27"/>
						<String ID="P200_ST00042" HPOS="425" VPOS="470" WIDTH="89" HEIGHT="30" CONTENT="when" WC="0.73" CC="0604"/>
						<SP ID="P200_SP00036" HPOS="514" VPOS="501" WIDTH="27"/>
						<String ID="P200_ST00043" HPOS="541" VPOS="469" WIDTH="38" HEIGHT="29" CONTENT="he" WC="0.71" CC="50"/>
						<SP ID="P200_SP00037" HPOS="579" VPOS="501" WIDTH="27"/>
						<String ID="P200_ST00044" HPOS="606" VPOS="479" WIDTH="63" HEIGHT="20" CONTENT="was" WC="0.78" CC="006"/>
						<SP ID="P200_SP00038" HPOS="669" VPOS="501" WIDTH="25"/>
						<String ID="P200_ST00045" HPOS="694" VPOS="467" WIDTH="95" HEIGHT="30" CONTENT="asked" WC="0.79" CC="07003"/>
						<SP ID="P200_SP00039" HPOS="789" VPOS="501" WIDTH="23"/>
						<String ID="P200_ST00046" HPOS="812" VPOS="466" WIDTH="70" HEIGHT="30" CONTENT="who" WC="0.71" CC="071"/>
					</TextLine>
					<TextLine ID="P200_TL00008" HPOS="110" VPOS="535" WIDTH="769" HEIGHT="44">
						<String ID="P200_ST00047" HPOS="110" VPOS="540" WIDTH="53" HEIGHT="30" CONTENT="the" WC="0.50" CC="670"/>
						<SP ID="P200_SP00040" HPOS="163" VPOS="570" WIDTH="29"/>
						<String ID="P200_ST00048" HPOS="192" VPOS="542" WIDTH="17" HEIGHT="15" CONTENT='"' WC="0.54" CC="4"/>
						<SP ID="P200_SP00041" HPOS="209" VPOS="570" WIDTH="13"/>
						<String ID="P200_ST00049" HPOS="222" VPOS="543" WIDTH="131" HEIGHT="36" CONTENT="tempter" WC="0.74" CC="1009005"/>
						<SP ID="P200_SP00042" HPOS="353" VPOS="579" WIDTH="13"/>
						<String ID="P200_ST00050" HPOS="366" VPOS="540" WIDTH="18" HEIGHT="15" CONTENT='"' WC="0.64" CC="3"/>
						<SP ID="P200_SP00043" HPOS="384" VPOS="579" WIDTH="24"/>
						<String ID="P200_ST00051" HPOS="408" VPOS="549" WIDTH="71" HEIGHT="28" CONTENT="was," WC="0.75" CC="0063"/>
						<SP ID="P200_SP00044" HPOS="479" VPOS="579" WIDTH="18"/>
						<String ID="P200_ST00052" HPOS="497" VPOS="538" WIDTH="39" HEIGHT="29" CONTENT="he" WC="0.67" CC="60"/>
						<SP ID="P200_SP00045" HPOS="536" VPOS="579" WIDTH="21"/>
						<String ID="P200_ST00053" HPOS="557" VPOS="537" WIDTH="174" HEIGHT="41" CONTENT="invariably" WC="0.73" CC="3560020700"/>
						<SP ID="P200_SP00046" HPOS="731" VPOS="579" WIDTH="20"/>
						<String ID="P200_ST00054" HPOS="751" VPOS="535" WIDTH="128" HEIGHT="41" CONTENT="replied," WC="0.80" CC="40001053"/>
					</TextLine>
					<TextLine ID="P200_TL00009" HPOS="114" VPOS="607" WIDTH="616" HEIGHT="32">
						<String ID="P200_ST00055" HPOS="114" VPOS="612" WIDTH="18" HEIGHT="14" CONTENT='"' WC="0.54" CC="4"/>
						<SP ID="P200_SP00047" HPOS="132" VPOS="626" WIDTH="11"/>
						<String ID="P200_ST00056" HPOS="143" VPOS="611" WIDTH="63" HEIGHT="28" CONTENT="The" WC="0.73" CC="070"/>
						<SP ID="P200_SP00048" HPOS="206" VPOS="639" WIDTH="17"/>
						<String ID="P200_ST00057" HPOS="223" VPOS="610" WIDTH="82" HEIGHT="29" CONTENT="devil" WC="0.80" CC="00720"/>
						<SP ID="P200_SP00049" HPOS="305" VPOS="639" WIDTH="15"/>
						<String ID="P200_ST00058" HPOS="320" VPOS="610" WIDTH="33" HEIGHT="29" CONTENT="in" WC="0.65" CC="07"/>
						<SP ID="P200_SP00050" HPOS="353" VPOS="639" WIDTH="15"/>
						<String ID="P200_ST00059" HPOS="368" VPOS="609" WIDTH="53" HEIGHT="30" CONTENT="the" WC="0.55" CC="670"/>
						<SP ID="P200_SP00051" HPOS="421" VPOS="639" WIDTH="15"/>
						<String ID="P200_ST00060" HPOS="436" VPOS="608" WIDTH="79" HEIGHT="30" CONTENT="form" WC="0.68" CC="8030"/>
						<SP ID="P200_SP00052" HPOS="515" VPOS="639" WIDTH="16"/>
						<String ID="P200_ST00061" HPOS="531" VPOS="607" WIDTH="33" HEIGHT="31" CONTENT="of" WC="0.78" CC="40"/>
						<SP ID="P200_SP00053" HPOS="564" VPOS="639" WIDTH="12"/>
						<String ID="P200_ST00062" HPOS="576" VPOS="618" WIDTH="18" HEIGHT="19" CONTENT="a" WC="1.00" CC="0"/>
						<SP ID="P200_SP00054" HPOS="594" VPOS="639" WIDTH="14"/>
						<String ID="P200_ST00063" HPOS="608" VPOS="617" WIDTH="71" HEIGHT="20" CONTENT="man" WC="0.75" CC="007"/>
						<SP ID="P200_SP00055" HPOS="679" VPOS="639" WIDTH="13"/>
						<String ID="P200_ST00064" HPOS="692" VPOS="607" WIDTH="6" HEIGHT="30" CONTENT="!" WC="0.68" CC="3"/>
						<SP ID="P200_SP00056" HPOS="698" VPOS="639" WIDTH="14"/>
						<String ID="P200_ST00065" HPOS="712" VPOS="607" WIDTH="18" HEIGHT="16" CONTENT='"' WC="0.46" CC="5"/>
					</TextLine>
				</TextBlock>
				<TextBlock ID="P200_TB00004" HPOS="108" VPOS="675" WIDTH="773" HEIGHT="793" STYLEREFS="TXT_0 PAR_LEFT">
					<TextLine ID="P200_TL00010" HPOS="152" VPOS="676" WIDTH="729" HEIGHT="41">
						<String ID="P200_ST00066" HPOS="152" VPOS="680" WIDTH="84" HEIGHT="30" CONTENT="Wbo" WC="0.74" CC="070"/>
						<SP ID="P200_SP00057" HPOS="236" VPOS="710" WIDTH="30"/>
						<String ID="P200_ST00067" HPOS="266" VPOS="678" WIDTH="63" HEIGHT="31" CONTENT="this" WC="0.46" CC="6706"/>
						<SP ID="P200_SP00058" HPOS="329" VPOS="710" WIDTH="36"/>
						<String ID="P200_ST00068" HPOS="365" VPOS="680" WIDTH="18" HEIGHT="15" CONTENT='"' WC="0.70" CC="2"/>
						<SP ID="P200_SP00059" HPOS="383" VPOS="710" WIDTH="12"/>
						<String ID="P200_ST00069" HPOS="395" VPOS="689" WIDTH="71" HEIGHT="19" CONTENT="man" WC="0.83" CC="005"/>
						<String ID="P200_ST00070" HPOS="477" VPOS="678" WIDTH="17" HEIGHT="15" CONTENT='"' WC="0.81" CC="1"/>
						<SP ID="P200_SP00060" HPOS="494" VPOS="710" WIDTH="35"/>
						<String ID="P200_ST00071" HPOS="529" VPOS="688" WIDTH="62" HEIGHT="20" CONTENT="was" WC="0.78" CC="006"/>
						<SP ID="P200_SP00061" HPOS="591" VPOS="710" WIDTH="30"/>
						<String ID="P200_ST00072" HPOS="621" VPOS="678" WIDTH="38" HEIGHT="29" CONTENT="he" WC="0.68" CC="60"/>
						<SP ID="P200_SP00062" HPOS="659" VPOS="710" WIDTH="39"/>
						<String ID="P200_ST00073" HPOS="698" VPOS="676" WIDTH="183" HEIGHT="41" CONTENT="stubbornly" WC="0.63" CC="6074704600"/>
					</TextLine>
					<TextLine ID="P200_TL00011" HPOS="113" VPOS="745" WIDTH="766" HEIGHT="43">
						<String ID="P200_ST00074" HPOS="113" VPOS="749" WIDTH="123" HEIGHT="29" CONTENT="refused" WC="0.46" CC="7157608"/>
						<SP ID="P200_SP00063" HPOS="236" VPOS="778" WIDTH="29"/>
						<String ID="P200_ST00075" HPOS="265" VPOS="750" WIDTH="31" HEIGHT="27" CONTENT="to" WC="0.91" CC="10"/>
						<SP ID="P200_SP00064" HPOS="296" VPOS="778" WIDTH="24"/>
						<String ID="P200_ST00076" HPOS="320" VPOS="758" WIDTH="62" HEIGHT="30" CONTENT="say," WC="0.67" CC="7500"/>
						<SP ID="P200_SP00065" HPOS="382" VPOS="788" WIDTH="24"/>
						<String ID="P200_ST00077" HPOS="406" VPOS="747" WIDTH="60" HEIGHT="30" CONTENT="and" WC="0.73" CC="071"/>
						<SP ID="P200_SP00066" HPOS="466" VPOS="788" WIDTH="23"/>
						<String ID="P200_ST00078" HPOS="489" VPOS="746" WIDTH="91" HEIGHT="31" CONTENT="when" WC="0.69" CC="0704"/>
						<SP ID="P200_SP00067" HPOS="580" VPOS="788" WIDTH="25"/>
						<String ID="P200_ST00079" HPOS="605" VPOS="745" WIDTH="110" HEIGHT="32" CONTENT="driven" WC="0.57" CC="351707"/>
						<SP ID="P200_SP00068" HPOS="715" VPOS="788" WIDTH="28"/>
						<String ID="P200_ST00080" HPOS="743" VPOS="748" WIDTH="52" HEIGHT="28" CONTENT="too" WC="1.00" CC="000"/>
						<SP ID="P200_SP00069" HPOS="795" VPOS="788" WIDTH="30"/>
						<String ID="P200_ST00081" HPOS="825" VPOS="746" WIDTH="54" HEIGHT="39" CONTENT="far," WC="0.81" CC="0034"/>
					</TextLine>
					<TextLine ID="P200_TL00012" HPOS="110" VPOS="815" WIDTH="771" HEIGHT="40">
						<String ID="P200_ST00082" HPOS="110" VPOS="817" WIDTH="101" HEIGHT="30" CONTENT="would" WC="0.67" CC="02760"/>
						<SP ID="P200_SP00070" HPOS="211" VPOS="847" WIDTH="31"/>
						<String ID="P200_ST00083" HPOS="242" VPOS="816" WIDTH="39" HEIGHT="30" CONTENT="sit" WC="0.67" CC="630"/>
						<SP ID="P200_SP00071" HPOS="281" VPOS="847" WIDTH="29"/>
						<String ID="P200_ST00084" HPOS="310" VPOS="816" WIDTH="90" HEIGHT="30" CONTENT="down" WC="0.56" CC="8107"/>
						<SP ID="P200_SP00072" HPOS="400" VPOS="847" WIDTH="30"/>
						<String ID="P200_ST00085" HPOS="430" VPOS="816" WIDTH="60" HEIGHT="29" CONTENT="and" WC="0.44" CC="079"/>
						<SP ID="P200_SP00073" HPOS="490" VPOS="847" WIDTH="30"/>
						<String ID="P200_ST00086" HPOS="520" VPOS="826" WIDTH="111" HEIGHT="29" CONTENT="oppose" WC="0.65" CC="008560"/>
						<SP ID="P200_SP00074" HPOS="631" VPOS="855" WIDTH="31"/>
						<String ID="P200_ST00087" HPOS="662" VPOS="815" WIDTH="113" HEIGHT="30" CONTENT="silence" WC="0.67" CC="7530700"/>
						<SP ID="P200_SP00075" HPOS="775" VPOS="855" WIDTH="33"/>
						<String ID="P200_ST00088" HPOS="808" VPOS="816" WIDTH="73" HEIGHT="39" CONTENT="only" WC="0.82" CC="2400"/>
					</TextLine>
					<TextLine ID="P200_TL00013" HPOS="109" VPOS="885" WIDTH="770" HEIGHT="41">
						<String ID="P200_ST00089" HPOS="109" VPOS="889" WIDTH="31" HEIGHT="26" CONTENT="to" WC="1.00" CC="00"/>
						<SP ID="P200_SP00076" HPOS="140" VPOS="915" WIDTH="23"/>
						<String ID="P200_ST00090" HPOS="163" VPOS="886" WIDTH="41" HEIGHT="29" CONTENT="all" WC="1.00" CC="000"/>
						<SP ID="P200_SP00077" HPOS="204" VPOS="915" WIDTH="22"/>
						<String ID="P200_ST00091" HPOS="226" VPOS="885" WIDTH="166" HEIGHT="41" CONTENT="questions." WC="0.70" CC="0705030670"/>
						<SP ID="P200_SP00078" HPOS="392" VPOS="926" WIDTH="58"/>
						<String ID="P200_ST00092" HPOS="450" VPOS="885" WIDTH="111" HEIGHT="30" CONTENT='"Take' WC="0.76" CC="56000"/>
						<SP ID="P200_SP00079" HPOS="561" VPOS="926" WIDTH="26"/>
						<String ID="P200_ST00093" HPOS="587" VPOS="885" WIDTH="66" HEIGHT="30" CONTENT="him" WC="0.56" CC="750"/>
						<SP ID="P200_SP00080" HPOS="653" VPOS="926" WIDTH="22"/>
						<String ID="P200_ST00094" HPOS="675" VPOS="885" WIDTH="81" HEIGHT="30" CONTENT="back" WC="0.56" CC="7540"/>
						<SP ID="P200_SP00081" HPOS="756" VPOS="926" WIDTH="21"/>
						<String ID="P200_ST00095" HPOS="777" VPOS="888" WIDTH="32" HEIGHT="27" CONTENT="to" WC="0.81" CC="03"/>
						<SP ID="P200_SP00082" HPOS="809" VPOS="926" WIDTH="20"/>
						<String ID="P200_ST00096" HPOS="829" VPOS="885" WIDTH="50" HEIGHT="30" CONTENT="his" WC="0.50" CC="707"/>
					</TextLine>
					<TextLine ID="P200_TL00014" HPOS="110" VPOS="954" WIDTH="770" HEIGHT="40">
						<String ID="P200_ST00097" HPOS="110" VPOS="955" WIDTH="56" HEIGHT="30" CONTENT="cell" WC="0.87" CC="1030"/>
						<SP ID="P200_SP00083" HPOS="166" VPOS="985" WIDTH="29"/>
						<String ID="P200_ST00098" HPOS="195" VPOS="955" WIDTH="60" HEIGHT="30" CONTENT="and" WC="0.77" CC="060"/>
						<SP ID="P200_SP00084" HPOS="255" VPOS="985" WIDTH="29"/>
						<String ID="P200_ST00099" HPOS="284" VPOS="954" WIDTH="69" HEIGHT="30" CONTENT="lock" WC="0.96" CC="1000"/>
						<SP ID="P200_SP00085" HPOS="353" VPOS="985" WIDTH="29"/>
						<String ID="P200_ST00100" HPOS="382" VPOS="954" WIDTH="65" HEIGHT="30" CONTENT="him" WC="0.68" CC="630"/>
						<SP ID="P200_SP00086" HPOS="447" VPOS="985" WIDTH="29"/>
						<String ID="P200_ST00101" HPOS="476" VPOS="965" WIDTH="42" HEIGHT="29" CONTENT="up" WC="0.61" CC="70"/>
						<SP ID="P200_SP00087" HPOS="518" VPOS="994" WIDTH="27"/>
						<String ID="P200_ST00102" HPOS="545" VPOS="954" WIDTH="48" HEIGHT="30" CONTENT="till" WC="0.73" CC="2007"/>
						<SP ID="P200_SP00088" HPOS="593" VPOS="994" WIDTH="30"/>
						<String ID="P200_ST00103" HPOS="623" VPOS="955" WIDTH="39" HEIGHT="30" CONTENT="he" WC="0.65" CC="70"/>
						<SP ID="P200_SP00089" HPOS="662" VPOS="994" WIDTH="31"/>
						<String ID="P200_ST00104" HPOS="693" VPOS="954" WIDTH="125" HEIGHT="31" CONTENT="chooses" WC="0.61" CC="0750606"/>
						<SP ID="P200_SP00090" HPOS="818" VPOS="994" WIDTH="30"/>
						<String ID="P200_ST00105" HPOS="848" VPOS="957" WIDTH="32" HEIGHT="27" CONTENT="to" WC="0.94" CC="10"/>
					</TextLine>
					<TextLine ID="P200_TL00015" HPOS="110" VPOS="1023" WIDTH="771" HEIGHT="41">
						<String ID="P200_ST00106" HPOS="110" VPOS="1024" WIDTH="94" HEIGHT="40" CONTENT="speak" WC="0.86" CC="70000"/>
						<String ID="P200_ST00107" HPOS="216" VPOS="1034" WIDTH="7" HEIGHT="29" CONTENT=";" WC="1.00" CC="0"/>
						<SP ID="P200_SP00091" HPOS="223" VPOS="1064" WIDTH="39"/>
						<String ID="P200_ST00108" HPOS="262" VPOS="1024" WIDTH="16" HEIGHT="30" CONTENT="I" WC="0.57" CC="4"/>
						<SP ID="P200_SP00092" HPOS="278" VPOS="1064" WIDTH="31"/>
						<String ID="P200_ST00109" HPOS="309" VPOS="1034" WIDTH="55" HEIGHT="20" CONTENT="can" WC="0.65" CC="306"/>
						<SP ID="P200_SP00093" HPOS="364" VPOS="1064" WIDTH="29"/>
						<String ID="P200_ST00110" HPOS="393" VPOS="1023" WIDTH="74" HEIGHT="31" CONTENT="wait" WC="0.82" CC="0033"/>
						<SP ID="P200_SP00094" HPOS="467" VPOS="1064" WIDTH="32"/>
						<String ID="P200_ST00111" HPOS="499" VPOS="1024" WIDTH="47" HEIGHT="30" CONTENT="for" WC="0.79" CC="006"/>
						<SP ID="P200_SP00095" HPOS="546" VPOS="1064" WIDTH="29"/>
						<String ID="P200_ST00112" HPOS="575" VPOS="1034" WIDTH="72" HEIGHT="20" CONTENT="ever" WC="0.66" CC="0706"/>
						<String ID="P200_ST00113" HPOS="662" VPOS="1024" WIDTH="6" HEIGHT="30" CONTENT="!" WC="0.62" CC="3"/>
						<String ID="P200_ST00114" HPOS="681" VPOS="1024" WIDTH="18" HEIGHT="15" CONTENT='"' WC="0.50" CC="4"/>
						<SP ID="P200_SP00096" HPOS="699" VPOS="1064" WIDTH="35"/>
						<String ID="P200_ST00115" HPOS="734" VPOS="1034" WIDTH="63" HEIGHT="20" CONTENT="was" WC="0.76" CC="007"/>
						<SP ID="P200_SP00097" HPOS="797" VPOS="1064" WIDTH="30"/>
						<String ID="P200_ST00116" HPOS="827" VPOS="1024" WIDTH="54" HEIGHT="30" CONTENT="the" WC="0.66" CC="360"/>
					</TextLine>
					<TextLine ID="P200_TL00016" HPOS="110" VPOS="1093" WIDTH="771" HEIGHT="40">
						<String ID="P200_ST00117" HPOS="110" VPOS="1094" WIDTH="107" HEIGHT="39" CONTENT="Juge's" WC="0.66" CC="570007"/>
						<SP ID="P200_SP00098" HPOS="217" VPOS="1133" WIDTH="16"/>
						<String ID="P200_ST00118" HPOS="233" VPOS="1093" WIDTH="61" HEIGHT="31" CONTENT="sole" WC="0.83" CC="6000"/>
						<SP ID="P200_SP00099" HPOS="294" VPOS="1133" WIDTH="19"/>
						<String ID="P200_ST00119" HPOS="313" VPOS="1104" WIDTH="139" HEIGHT="20" CONTENT="resource" WC="0.55" CC="60757431"/>
						<SP ID="P200_SP00100" HPOS="452" VPOS="1133" WIDTH="15"/>
						<String ID="P200_ST00120" HPOS="467" VPOS="1103" WIDTH="6" HEIGHT="29" CONTENT=";" WC="1.00" CC="0"/>
						<SP ID="P200_SP00101" HPOS="473" VPOS="1133" WIDTH="23"/>
						<String ID="P200_ST00121" HPOS="496" VPOS="1093" WIDTH="58" HEIGHT="31" CONTENT="but" WC="0.24" CC="777"/>
						<SP ID="P200_SP00102" HPOS="554" VPOS="1133" WIDTH="14"/>
						<String ID="P200_ST00122" HPOS="568" VPOS="1096" WIDTH="33" HEIGHT="28" CONTENT="to" WC="1.00" CC="00"/>
						<SP ID="P200_SP00103" HPOS="601" VPOS="1133" WIDTH="15"/>
						<String ID="P200_ST00123" HPOS="616" VPOS="1093" WIDTH="64" HEIGHT="31" CONTENT="this" WC="0.39" CC="4567"/>
						<SP ID="P200_SP00104" HPOS="680" VPOS="1133" WIDTH="15"/>
						<String ID="P200_ST00124" HPOS="695" VPOS="1094" WIDTH="54" HEIGHT="30" CONTENT="the" WC="0.57" CC="272"/>
						<SP ID="P200_SP00105" HPOS="749" VPOS="1133" WIDTH="15"/>
						<String ID="P200_ST00125" HPOS="764" VPOS="1093" WIDTH="117" HEIGHT="31" CONTENT="Breton" WC="0.81" CC="730000"/>
					</TextLine>
					<TextLine ID="P200_TL00017" HPOS="110" VPOS="1162" WIDTH="771" HEIGHT="41">
						<String ID="P200_ST00126" HPOS="110" VPOS="1163" WIDTH="114" HEIGHT="40" CONTENT="always" WC="0.71" CC="030707"/>
						<SP ID="P200_SP00106" HPOS="224" VPOS="1203" WIDTH="29"/>
						<String ID="P200_ST00127" HPOS="253" VPOS="1162" WIDTH="124" HEIGHT="41" CONTENT="yielded" WC="0.72" CC="0020709"/>
						<String ID="P200_ST00128" HPOS="389" VPOS="1172" WIDTH="6" HEIGHT="28" CONTENT=";" WC="1.00" CC="0"/>
						<String ID="P200_ST00129" HPOS="397" VPOS="1181" WIDTH="43" HEIGHT="3" CONTENT="—" WC="0.20" CC="8"/>
						<String ID="P200_ST00130" HPOS="441" VPOS="1162" WIDTH="52" HEIGHT="30" CONTENT="the" WC="0.60" CC="460"/>
						<SP ID="P200_SP00107" HPOS="493" VPOS="1203" WIDTH="31"/>
						<String ID="P200_ST00131" HPOS="524" VPOS="1162" WIDTH="106" HEIGHT="30" CONTENT="notion" WC="0.60" CC="507306"/>
						<SP ID="P200_SP00108" HPOS="630" VPOS="1203" WIDTH="31"/>
						<String ID="P200_ST00132" HPOS="661" VPOS="1163" WIDTH="34" HEIGHT="29" CONTENT="of" WC="0.92" CC="10"/>
						<SP ID="P200_SP00109" HPOS="695" VPOS="1203" WIDTH="26"/>
						<String ID="P200_ST00133" HPOS="721" VPOS="1163" WIDTH="160" HEIGHT="40" CONTENT="perpetual" WC="0.68" CC="905002703"/>
					</TextLine>
					<TextLine ID="P200_TL00018" HPOS="110" VPOS="1231" WIDTH="770" HEIGHT="41">
						<String ID="P200_ST00134" HPOS="110" VPOS="1232" WIDTH="61" HEIGHT="30" CONTENT="and" WC="0.60" CC="064"/>
						<SP ID="P200_SP00110" HPOS="171" VPOS="1262" WIDTH="22"/>
						<String ID="P200_ST00135" HPOS="193" VPOS="1231" WIDTH="127" HEIGHT="41" CONTENT="solitary" WC="0.69" CC="70660030"/>
						<SP ID="P200_SP00111" HPOS="320" VPOS="1272" WIDTH="22"/>
						<String ID="P200_ST00136" HPOS="342" VPOS="1231" WIDTH="214" HEIGHT="40" CONTENT="confinement," WC="0.67" CC="007447000753"/>
						<SP ID="P200_SP00112" HPOS="556" VPOS="1272" WIDTH="18"/>
						<String ID="P200_ST00137" HPOS="574" VPOS="1231" WIDTH="77" HEIGHT="32" CONTENT="with" WC="0.76" CC="0404"/>
						<SP ID="P200_SP00113" HPOS="651" VPOS="1272" WIDTH="22"/>
						<String ID="P200_ST00138" HPOS="673" VPOS="1243" WIDTH="39" HEIGHT="20" CONTENT="no" WC="0.61" CC="70"/>
						<SP ID="P200_SP00114" HPOS="712" VPOS="1272" WIDTH="27"/>
						<String ID="P200_ST00139" HPOS="739" VPOS="1233" WIDTH="141" HEIGHT="30" CONTENT='"chance' WC="0.57" CC="4570740"/>
					</TextLine>
					<TextLine ID="P200_TL00019" HPOS="111" VPOS="1301" WIDTH="770" HEIGHT="41">
						<String ID="P200_ST00140" HPOS="111" VPOS="1301" WIDTH="33" HEIGHT="29" CONTENT="of" WC="1.00" CC="00"/>
						<SP ID="P200_SP00115" HPOS="144" VPOS="1330" WIDTH="23"/>
						<String ID="P200_ST00141" HPOS="167" VPOS="1301" WIDTH="188" HEIGHT="40" CONTENT='expiation,"' WC="0.86" CC="00030000604"/>
						<SP ID="P200_SP00116" HPOS="355" VPOS="1341" WIDTH="25"/>
						<String ID="P200_ST00142" HPOS="380" VPOS="1312" WIDTH="33" HEIGHT="19" CONTENT="as" WC="0.65" CC="07"/>
						<SP ID="P200_SP00117" HPOS="413" VPOS="1341" WIDTH="24"/>
						<String ID="P200_ST00143" HPOS="437" VPOS="1301" WIDTH="40" HEIGHT="30" CONTENT="he" WC="0.64" CC="70"/>
						<SP ID="P200_SP00118" HPOS="477" VPOS="1341" WIDTH="26"/>
						<String ID="P200_ST00144" HPOS="503" VPOS="1302" WIDTH="119" HEIGHT="29" CONTENT="termed" WC="0.80" CC="003007"/>
						<SP ID="P200_SP00119" HPOS="622" VPOS="1341" WIDTH="24"/>
						<String ID="P200_ST00145" HPOS="646" VPOS="1301" WIDTH="33" HEIGHT="40" CONTENT="it," WC="0.61" CC="163"/>
						<SP ID="P200_SP00120" HPOS="679" VPOS="1341" WIDTH="24"/>
						<String ID="P200_ST00146" HPOS="703" VPOS="1302" WIDTH="97" HEIGHT="40" CONTENT="being" WC="0.72" CC="70060"/>
						<SP ID="P200_SP00121" HPOS="800" VPOS="1342" WIDTH="23"/>
						<String ID="P200_ST00147" HPOS="823" VPOS="1302" WIDTH="58" HEIGHT="30" CONTENT="full" WC="0.82" CC="0700"/>
					</TextLine>
					<TextLine ID="P200_TL00020" HPOS="112" VPOS="1370" WIDTH="769" HEIGHT="42">
						<String ID="P200_ST00148" HPOS="112" VPOS="1370" WIDTH="33" HEIGHT="31" CONTENT="of" WC="1.00" CC="00"/>
						<SP ID="P200_SP00122" HPOS="145" VPOS="1401" WIDTH="22"/>
						<String ID="P200_ST00149" HPOS="167" VPOS="1370" WIDTH="167" HEIGHT="31" CONTENT="invincible" WC="0.63" CC="4763700700"/>
						<SP ID="P200_SP00123" HPOS="334" VPOS="1401" WIDTH="26"/>
						<String ID="P200_ST00150" HPOS="360" VPOS="1373" WIDTH="98" HEIGHT="28" CONTENT="terror" WC="0.73" CC="003524"/>
						<SP ID="P200_SP00124" HPOS="458" VPOS="1401" WIDTH="28"/>
						<String ID="P200_ST00151" HPOS="486" VPOS="1373" WIDTH="32" HEIGHT="28" CONTENT="to" WC="0.81" CC="30"/>
						<SP ID="P200_SP00125" HPOS="518" VPOS="1401" WIDTH="29"/>
						<String ID="P200_ST00152" HPOS="547" VPOS="1370" WIDTH="49" HEIGHT="31" CONTENT="his" WC="0.43" CC="736"/>
						<SP ID="P200_SP00126" HPOS="596" VPOS="1401" WIDTH="23"/>
						<String ID="P200_ST00153" HPOS="619" VPOS="1371" WIDTH="132" HEIGHT="41" CONTENT="gloomy," WC="0.80" CC="0000093"/>
						<SP ID="P200_SP00127" HPOS="751" VPOS="1412" WIDTH="25"/>
						<String ID="P200_ST00154" HPOS="776" VPOS="1382" WIDTH="105" HEIGHT="30" CONTENT="super" SUBS_TYPE="HypPart1" SUBS_CONTENT="superstitious" WC="0.52" CC="677070"/>
						<HYP CONTENT="-"/>
					</TextLine>
					<TextLine ID="P200_TL00021" HPOS="113" VPOS="1440" WIDTH="253" HEIGHT="28">
						<String ID="P200_ST00155" HPOS="113" VPOS="1440" WIDTH="121" HEIGHT="28" CONTENT="stitious" SUBS_TYPE="HypPart2" SUBS_CONTENT="superstitious" WC="0.61" CC="61602066"/>
						<SP ID="P200_SP00128" HPOS="234" VPOS="1468" WIDTH="14"/>
						<String ID="P200_ST00156" HPOS="248" VPOS="1442" WIDTH="118" HEIGHT="26" CONTENT="nature." WC="0.70" CC="7007500"/>
					</TextLine>
				</TextBlock>
			</PrintSpace>
		</Page>
	</Layout>
</alto>
