<?xml version="1.0" encoding="UTF-8"?>
<alto xmlns:xsi="http://www.w3.org/2001/XMLSchema-instance" xsi:noNamespaceSchemaLocation="http://www.bl.uk/schemas/alto/alto-1-4.xsd" xmlns:xlink="http://www.w3.org/1999/xlink">
	<Description>
		<MeasurementUnit>mm10</MeasurementUnit>
		<sourceImageInformation>
			<fileName>//head1/IN/2007-46/A0010904365.2/000526.jp2</fileName>
		</sourceImageInformation>
		<OCRProcessing ID="OCRPROCESSING_1">
			<preProcessingStep>
				<processingSoftware>
					<softwareCreator>CCS Content Conversion Specialists GmbH, Germany</softwareCreator>
					<softwareName>CCS docWORKS</softwareName>
					<softwareVersion>6.1-0.62</softwareVersion>
				</processingSoftware>
			</preProcessingStep>
			<ocrProcessingStep>
				<processingSoftware>
					<softwareCreator>ABBYY (BIT Software), Russia</softwareCreator>
					<softwareName>Finereader</softwareName>
				</processingSoftware>
			</ocrProcessingStep>
		</OCRProcessing>
	</Description>
	<Styles>
		<TextStyle ID="TXT_0" FONTSIZE="10" FONTFAMILY="Courier New"/>
		<TextStyle ID="TXT_1" FONTSIZE="9" FONTFAMILY="Courier New"/>
		<ParagraphStyle ID="PAR_LEFT" ALIGN="Left"/>
		<ParagraphStyle ID="PAR_CENTER" ALIGN="Center"/>
	</Styles>
	<Layout>
		<Page ID="P192" PHYSICAL_IMG_NR="192" HEIGHT="1667" WIDTH="979" PRINTED_IMG_NR="178" POSITION="Left" ACCURACY="69.44">
			<TopMargin ID="P192_TM00001" HPOS="0" VPOS="0" WIDTH="978" HEIGHT="128">
				<TextBlock ID="P192_TB00001" HPOS="118" VPOS="100" WIDTH="51" HEIGHT="27" STYLEREFS="TXT_0 PAR_LEFT">
					<TextLine ID="P192_TL00001" HPOS="118" VPOS="100" WIDTH="51" HEIGHT="27">
						<String ID="P192_ST00001" HPOS="118" VPOS="100" WIDTH="51" HEIGHT="27" CONTENT="178" WC="1.00" CC="000"/>
					</TextLine>
				</TextBlock>
				<TextBlock ID="P192_TB00002" HPOS="366" VPOS="101" WIDTH="269" HEIGHT="26" STYLEREFS="TXT_1 PAR_CENTER">
					<TextLine ID="P192_TL00002" HPOS="367" VPOS="102" WIDTH="268" HEIGHT="25">
						<String ID="P192_ST00002" HPOS="367" VPOS="106" WIDTH="58" HEIGHT="21" CONTENT="ALL" WC="0.80" CC="032"/>
						<SP ID="P192_SP00001" HPOS="425" VPOS="127" WIDTH="20"/>
						<String ID="P192_ST00003" HPOS="445" VPOS="104" WIDTH="58" HEIGHT="21" CONTENT="FOR" WC="0.80" CC="006"/>
						<SP ID="P192_SP00002" HPOS="503" VPOS="127" WIDTH="20"/>
						<String ID="P192_ST00004" HPOS="523" VPOS="102" WIDTH="112" HEIGHT="22" CONTENT="GREED." WC="0.80" CC="500050"/>
					</TextLine>
				</TextBlock>
			</TopMargin>
			<LeftMargin ID="P192_LM00001" HPOS="0" VPOS="128" WIDTH="115" HEIGHT="1356"/>
			<RightMargin ID="P192_RM00001" HPOS="898" VPOS="128" WIDTH="80" HEIGHT="1356"/>
			<BottomMargin ID="P192_BM00001" HPOS="0" VPOS="1484" WIDTH="978" HEIGHT="183"/>
			<PrintSpace ID="P192_PS00001" HPOS="115" VPOS="128" WIDTH="783" HEIGHT="1356">
				<TextBlock ID="P192_TB00003" HPOS="115" VPOS="185" WIDTH="779" HEIGHT="383" STYLEREFS="TXT_1 PAR_LEFT">
					<TextLine ID="P192_TL00003" HPOS="117" VPOS="185" WIDTH="776" HEIGHT="44">
						<String ID="P192_ST00005" HPOS="117" VPOS="194" WIDTH="165" HEIGHT="31" CONTENT="servatism." WC="0.71" CC="6056020501"/>
						<SP ID="P192_SP00003" HPOS="282" VPOS="225" WIDTH="55"/>
						<String ID="P192_ST00006" HPOS="337" VPOS="193" WIDTH="97" HEIGHT="30" CONTENT="There" WC="0.66" CC="07260"/>
						<SP ID="P192_SP00004" HPOS="434" VPOS="225" WIDTH="30"/>
						<String ID="P192_ST00007" HPOS="464" VPOS="190" WIDTH="26" HEIGHT="31" CONTENT="is" WC="0.48" CC="36"/>
						<SP ID="P192_SP00005" HPOS="490" VPOS="225" WIDTH="24"/>
						<String ID="P192_ST00008" HPOS="514" VPOS="189" WIDTH="135" HEIGHT="40" CONTENT="scarcely" WC="0.87" CC="60030000"/>
						<SP ID="P192_SP00006" HPOS="649" VPOS="229" WIDTH="25"/>
						<String ID="P192_ST00009" HPOS="674" VPOS="186" WIDTH="155" HEIGHT="40" CONTENT="anything" WC="0.66" CC="07007560"/>
						<SP ID="P192_SP00007" HPOS="829" VPOS="229" WIDTH="31"/>
						<String ID="P192_ST00010" HPOS="860" VPOS="185" WIDTH="33" HEIGHT="30" CONTENT="in" WC="0.47" CC="54"/>
					</TextLine>
					<TextLine ID="P192_TL00004" HPOS="116" VPOS="256" WIDTH="776" HEIGHT="48">
						<String ID="P192_ST00011" HPOS="116" VPOS="265" WIDTH="51" HEIGHT="30" CONTENT="the" WC="0.58" CC="570"/>
						<SP ID="P192_SP00008" HPOS="167" VPOS="295" WIDTH="30"/>
						<String ID="P192_ST00012" HPOS="197" VPOS="274" WIDTH="68" HEIGHT="30" CONTENT="way" WC="0.67" CC="900"/>
						<SP ID="P192_SP00009" HPOS="265" VPOS="304" WIDTH="23"/>
						<String ID="P192_ST00013" HPOS="288" VPOS="262" WIDTH="33" HEIGHT="31" CONTENT="of" WC="1.00" CC="00"/>
						<SP ID="P192_SP00010" HPOS="321" VPOS="304" WIDTH="30"/>
						<String ID="P192_ST00014" HPOS="351" VPOS="261" WIDTH="143" HEIGHT="42" CONTENT="injustice" WC="0.69" CC="060770220"/>
						<SP ID="P192_SP00011" HPOS="494" VPOS="304" WIDTH="35"/>
						<String ID="P192_ST00015" HPOS="529" VPOS="270" WIDTH="34" HEIGHT="20" CONTENT="or" WC="0.63" CC="07"/>
						<SP ID="P192_SP00012" HPOS="563" VPOS="304" WIDTH="28"/>
						<String ID="P192_ST00016" HPOS="591" VPOS="257" WIDTH="120" HEIGHT="41" CONTENT="cruelty" WC="0.71" CC="6570000"/>
						<SP ID="P192_SP00013" HPOS="711" VPOS="304" WIDTH="24"/>
						<String ID="P192_ST00017" HPOS="735" VPOS="260" WIDTH="31" HEIGHT="26" CONTENT="at" WC="0.91" CC="01"/>
						<SP ID="P192_SP00014" HPOS="766" VPOS="304" WIDTH="24"/>
						<String ID="P192_ST00018" HPOS="790" VPOS="256" WIDTH="102" HEIGHT="31" CONTENT="which" WC="0.43" CC="95507"/>
					</TextLine>
					<TextLine ID="P192_TL00005" HPOS="116" VPOS="326" WIDTH="777" HEIGHT="41">
						<String ID="P192_ST00019" HPOS="116" VPOS="334" WIDTH="52" HEIGHT="29" CONTENT="the" WC="0.75" CC="070"/>
						<SP ID="P192_SP00015" HPOS="168" VPOS="363" WIDTH="24"/>
						<String ID="P192_ST00020" HPOS="192" VPOS="332" WIDTH="170" HEIGHT="31" CONTENT="individual" WC="0.73" CC="0740700700"/>
						<SP ID="P192_SP00016" HPOS="362" VPOS="363" WIDTH="24"/>
						<String ID="P192_ST00021" HPOS="386" VPOS="331" WIDTH="33" HEIGHT="30" CONTENT="in" WC="0.42" CC="47"/>
						<SP ID="P192_SP00017" HPOS="419" VPOS="363" WIDTH="24"/>
						<String ID="P192_ST00022" HPOS="443" VPOS="331" WIDTH="116" HEIGHT="29" CONTENT="France" WC="0.75" CC="700700"/>
						<SP ID="P192_SP00018" HPOS="559" VPOS="363" WIDTH="31"/>
						<String ID="P192_ST00023" HPOS="590" VPOS="328" WIDTH="65" HEIGHT="31" CONTENT="will" WC="0.36" CC="9455"/>
						<SP ID="P192_SP00019" HPOS="655" VPOS="363" WIDTH="35"/>
						<String ID="P192_ST00024" HPOS="690" VPOS="329" WIDTH="67" HEIGHT="37" CONTENT="stop" WC="0.83" CC="6000"/>
						<SP ID="P192_SP00020" HPOS="757" VPOS="366" WIDTH="26"/>
						<String ID="P192_ST00025" HPOS="783" VPOS="326" WIDTH="26" HEIGHT="30" CONTENT="if" WC="0.63" CC="51"/>
						<SP ID="P192_SP00021" HPOS="809" VPOS="366" WIDTH="20"/>
						<String ID="P192_ST00026" HPOS="829" VPOS="336" WIDTH="64" HEIGHT="31" CONTENT="you" WC="0.79" CC="006"/>
					</TextLine>
					<TextLine ID="P192_TL00006" HPOS="117" VPOS="395" WIDTH="777" HEIGHT="47">
						<String ID="P192_ST00027" HPOS="117" VPOS="402" WIDTH="106" HEIGHT="40" CONTENT="appeal" WC="0.91" CC="000500"/>
						<SP ID="P192_SP00022" HPOS="223" VPOS="442" WIDTH="14"/>
						<String ID="P192_ST00028" HPOS="237" VPOS="405" WIDTH="32" HEIGHT="27" CONTENT="to" WC="0.85" CC="11"/>
						<SP ID="P192_SP00023" HPOS="269" VPOS="442" WIDTH="15"/>
						<String ID="P192_ST00029" HPOS="284" VPOS="400" WIDTH="65" HEIGHT="30" CONTENT="him" WC="0.63" CC="730"/>
						<SP ID="P192_SP00024" HPOS="349" VPOS="442" WIDTH="14"/>
						<String ID="P192_ST00030" HPOS="363" VPOS="400" WIDTH="33" HEIGHT="30" CONTENT="in" WC="0.63" CC="07"/>
						<SP ID="P192_SP00025" HPOS="396" VPOS="442" WIDTH="14"/>
						<String ID="P192_ST00031" HPOS="410" VPOS="400" WIDTH="54" HEIGHT="30" CONTENT="the" WC="0.77" CC="060"/>
						<SP ID="P192_SP00026" HPOS="464" VPOS="442" WIDTH="20"/>
						<String ID="P192_ST00032" HPOS="484" VPOS="409" WIDTH="88" HEIGHT="19" CONTENT="name" WC="0.68" CC="7050"/>
						<SP ID="P192_SP00027" HPOS="572" VPOS="442" WIDTH="17"/>
						<String ID="P192_ST00033" HPOS="589" VPOS="397" WIDTH="33" HEIGHT="31" CONTENT="of" WC="1.00" CC="00"/>
						<SP ID="P192_SP00028" HPOS="622" VPOS="442" WIDTH="15"/>
						<String ID="P192_ST00034" HPOS="637" VPOS="398" WIDTH="18" HEIGHT="16" CONTENT='"' WC="0.34" CC="6"/>
						<SP ID="P192_SP00029" HPOS="655" VPOS="442" WIDTH="12"/>
						<String ID="P192_ST00035" HPOS="667" VPOS="395" WIDTH="148" HEIGHT="41" CONTENT='society,"' WC="0.71" CC="704207030"/>
						<SP ID="P192_SP00030" HPOS="815" VPOS="442" WIDTH="17"/>
						<String ID="P192_ST00036" HPOS="832" VPOS="395" WIDTH="62" HEIGHT="30" CONTENT="and" WC="0.66" CC="072"/>
					</TextLine>
					<TextLine ID="P192_TL00007" HPOS="117" VPOS="466" WIDTH="777" HEIGHT="42">
						<String ID="P192_ST00037" HPOS="117" VPOS="471" WIDTH="119" HEIGHT="30" CONTENT="remind" WC="0.67" CC="800172"/>
						<SP ID="P192_SP00031" HPOS="236" VPOS="501" WIDTH="24"/>
						<String ID="P192_ST00038" HPOS="260" VPOS="471" WIDTH="65" HEIGHT="29" CONTENT="him" WC="0.57" CC="750"/>
						<SP ID="P192_SP00032" HPOS="325" VPOS="501" WIDTH="26"/>
						<String ID="P192_ST00039" HPOS="351" VPOS="470" WIDTH="33" HEIGHT="29" CONTENT="of" WC="0.94" CC="10"/>
						<SP ID="P192_SP00033" HPOS="384" VPOS="501" WIDTH="29"/>
						<String ID="P192_ST00040" HPOS="413" VPOS="469" WIDTH="49" HEIGHT="30" CONTENT="his" WC="0.42" CC="727"/>
						<SP ID="P192_SP00034" HPOS="462" VPOS="501" WIDTH="30"/>
						<String ID="P192_ST00041" HPOS="492" VPOS="466" WIDTH="170" HEIGHT="42" CONTENT="protective" WC="0.72" CC="0740040470"/>
						<SP ID="P192_SP00035" HPOS="662" VPOS="508" WIDTH="27"/>
						<String ID="P192_ST00042" HPOS="689" VPOS="466" WIDTH="101" HEIGHT="30" CONTENT="duties" WC="0.56" CC="373406"/>
						<SP ID="P192_SP00036" HPOS="790" VPOS="508" WIDTH="28"/>
						<String ID="P192_ST00043" HPOS="818" VPOS="476" WIDTH="32" HEIGHT="18" CONTENT="as" WC="0.67" CC="06"/>
						<SP ID="P192_SP00037" HPOS="850" VPOS="508" WIDTH="27"/>
						<String ID="P192_ST00044" HPOS="877" VPOS="476" WIDTH="17" HEIGHT="18" CONTENT="a" WC="1.00" CC="0"/>
					</TextLine>
					<TextLine ID="P192_TL00008" HPOS="119" VPOS="539" WIDTH="226" HEIGHT="29">
						<String ID="P192_ST00045" HPOS="119" VPOS="540" WIDTH="133" HEIGHT="28" CONTENT="member" WC="0.75" CC="000725"/>
						<SP ID="P192_SP00038" HPOS="252" VPOS="568" WIDTH="16"/>
						<String ID="P192_ST00046" HPOS="268" VPOS="540" WIDTH="33" HEIGHT="28" CONTENT="of" WC="0.76" CC="31"/>
						<SP ID="P192_SP00039" HPOS="301" VPOS="568" WIDTH="12"/>
						<String ID="P192_ST00047" HPOS="313" VPOS="539" WIDTH="32" HEIGHT="29" CONTENT="it." WC="0.64" CC="550"/>
					</TextLine>
				</TextBlock>
				<TextBlock ID="P192_TB00004" HPOS="120" VPOS="604" WIDTH="778" HEIGHT="880" STYLEREFS="TXT_1 PAR_LEFT">
					<TextLine ID="P192_TL00009" HPOS="161" VPOS="604" WIDTH="734" HEIGHT="44">
						<String ID="P192_ST00048" HPOS="161" VPOS="609" WIDTH="74" HEIGHT="30" CONTENT="And" WC="0.72" CC="071"/>
						<SP ID="P192_SP00040" HPOS="235" VPOS="639" WIDTH="14"/>
						<String ID="P192_ST00049" HPOS="249" VPOS="610" WIDTH="53" HEIGHT="29" CONTENT="the" WC="0.75" CC="070"/>
						<SP ID="P192_SP00041" HPOS="302" VPOS="639" WIDTH="16"/>
						<String ID="P192_ST00050" HPOS="318" VPOS="608" WIDTH="100" HEIGHT="40" CONTENT="origin" WC="0.69" CC="075006"/>
						<SP ID="P192_SP00042" HPOS="418" VPOS="648" WIDTH="16"/>
						<String ID="P192_ST00051" HPOS="434" VPOS="608" WIDTH="33" HEIGHT="29" CONTENT="of" WC="0.82" CC="12"/>
						<SP ID="P192_SP00043" HPOS="467" VPOS="648" WIDTH="19"/>
						<String ID="P192_ST00052" HPOS="486" VPOS="607" WIDTH="41" HEIGHT="30" CONTENT="all" WC="0.79" CC="033"/>
						<SP ID="P192_SP00044" HPOS="527" VPOS="648" WIDTH="22"/>
						<String ID="P192_ST00053" HPOS="549" VPOS="606" WIDTH="63" HEIGHT="31" CONTENT="this" WC="0.51" CC="0756"/>
						<SP ID="P192_SP00045" HPOS="612" VPOS="648" WIDTH="23"/>
						<String ID="P192_ST00054" HPOS="635" VPOS="605" WIDTH="139" HEIGHT="41" CONTENT="ferocity," WC="0.85" CC="004500004"/>
						<String ID="P192_ST00055" HPOS="778" VPOS="624" WIDTH="42" HEIGHT="2" CONTENT="—" WC="0.20" CC="8"/>
						<String ID="P192_ST00056" HPOS="822" VPOS="615" WIDTH="31" HEIGHT="19" CONTENT="as" WC="0.64" CC="07"/>
						<SP ID="P192_SP00046" HPOS="853" VPOS="648" WIDTH="16"/>
						<String ID="P192_ST00057" HPOS="869" VPOS="604" WIDTH="26" HEIGHT="30" CONTENT="it" WC="0.56" CC="35"/>
					</TextLine>
					<TextLine ID="P192_TL00010" HPOS="120" VPOS="675" WIDTH="772" HEIGHT="43">
						<String ID="P192_ST00058" HPOS="120" VPOS="678" WIDTH="25" HEIGHT="30" CONTENT="is" WC="0.67" CC="06"/>
						<SP ID="P192_SP00047" HPOS="145" VPOS="708" WIDTH="28"/>
						<String ID="P192_ST00059" HPOS="173" VPOS="678" WIDTH="33" HEIGHT="30" CONTENT="of" WC="0.87" CC="20"/>
						<SP ID="P192_SP00048" HPOS="206" VPOS="708" WIDTH="29"/>
						<String ID="P192_ST00060" HPOS="235" VPOS="678" WIDTH="106" HEIGHT="40" CONTENT="nearly" WC="0.47" CC="734609"/>
						<SP ID="P192_SP00049" HPOS="341" VPOS="718" WIDTH="23"/>
						<String ID="P192_ST00061" HPOS="364" VPOS="677" WIDTH="40" HEIGHT="30" CONTENT="all" WC="0.93" CC="020"/>
						<SP ID="P192_SP00050" HPOS="404" VPOS="718" WIDTH="34"/>
						<String ID="P192_ST00062" HPOS="438" VPOS="676" WIDTH="127" HEIGHT="41" CONTENT="cruelty," WC="0.77" CC="70700003"/>
						<String ID="P192_ST00063" HPOS="570" VPOS="695" WIDTH="41" HEIGHT="3" CONTENT="—" WC="0.20" CC="8"/>
						<String ID="P192_ST00064" HPOS="613" VPOS="676" WIDTH="26" HEIGHT="29" CONTENT="is" WC="0.66" CC="32"/>
						<SP ID="P192_SP00051" HPOS="639" VPOS="718" WIDTH="35"/>
						<String ID="P192_ST00065" HPOS="674" VPOS="675" WIDTH="112" HEIGHT="40" CONTENT="simply" WC="0.81" CC="640000"/>
						<SP ID="P192_SP00052" HPOS="786" VPOS="718" WIDTH="34"/>
						<String ID="P192_ST00066" HPOS="820" VPOS="675" WIDTH="72" HEIGHT="29" CONTENT="fear." WC="0.80" CC="00090"/>
					</TextLine>
					<TextLine ID="P192_TL00011" HPOS="121" VPOS="745" WIDTH="770" HEIGHT="42">
						<String ID="P192_ST00067" HPOS="121" VPOS="748" WIDTH="42" HEIGHT="29" CONTENT="To" WC="0.64" CC="51"/>
						<SP ID="P192_SP00053" HPOS="163" VPOS="777" WIDTH="24"/>
						<String ID="P192_ST00068" HPOS="187" VPOS="748" WIDTH="38" HEIGHT="29" CONTENT="be" WC="0.63" CC="70"/>
						<SP ID="P192_SP00054" HPOS="225" VPOS="777" WIDTH="24"/>
						<String ID="P192_ST00069" HPOS="249" VPOS="748" WIDTH="162" HEIGHT="39" CONTENT="governed," WC="0.74" CC="007057003"/>
						<SP ID="P192_SP00055" HPOS="411" VPOS="787" WIDTH="30"/>
						<String ID="P192_ST00070" HPOS="441" VPOS="746" WIDTH="157" HEIGHT="39" CONTENT="defended," WC="0.68" CC="600144083"/>
						<SP ID="P192_SP00056" HPOS="598" VPOS="787" WIDTH="27"/>
						<String ID="P192_ST00071" HPOS="625" VPOS="746" WIDTH="61" HEIGHT="29" CONTENT="and" WC="0.51" CC="571"/>
						<SP ID="P192_SP00057" HPOS="686" VPOS="787" WIDTH="23"/>
						<String ID="P192_ST00072" HPOS="709" VPOS="745" WIDTH="28" HEIGHT="30" CONTENT="if" WC="0.88" CC="02"/>
						<SP ID="P192_SP00058" HPOS="737" VPOS="787" WIDTH="27"/>
						<String ID="P192_ST00073" HPOS="764" VPOS="745" WIDTH="127" HEIGHT="38" CONTENT="needed," WC="0.71" CC="4003082"/>
					</TextLine>
					<TextLine ID="P192_TL00012" HPOS="121" VPOS="814" WIDTH="774" HEIGHT="42">
						<String ID="P192_ST00074" HPOS="121" VPOS="817" WIDTH="138" HEIGHT="39" CONTENT="avenged" WC="0.68" CC="5707002"/>
						<String ID="P192_ST00075" HPOS="273" VPOS="816" WIDTH="6" HEIGHT="30" CONTENT="!" WC="0.49" CC="5"/>
						<SP ID="P192_SP00059" HPOS="279" VPOS="856" WIDTH="46"/>
						<String ID="P192_ST00076" HPOS="325" VPOS="819" WIDTH="31" HEIGHT="27" CONTENT="to" WC="1.00" CC="00"/>
						<SP ID="P192_SP00060" HPOS="356" VPOS="856" WIDTH="37"/>
						<String ID="P192_ST00077" HPOS="393" VPOS="815" WIDTH="37" HEIGHT="30" CONTENT="be" WC="0.60" CC="70"/>
						<SP ID="P192_SP00061" HPOS="430" VPOS="856" WIDTH="38"/>
						<String ID="P192_ST00078" HPOS="468" VPOS="815" WIDTH="32" HEIGHT="29" CONTENT="in" WC="0.69" CC="41"/>
						<SP ID="P192_SP00062" HPOS="500" VPOS="856" WIDTH="37"/>
						<String ID="P192_ST00079" HPOS="537" VPOS="825" WIDTH="93" HEIGHT="30" CONTENT="every" WC="0.69" CC="26060"/>
						<SP ID="P192_SP00063" HPOS="630" VPOS="856" WIDTH="37"/>
						<String ID="P192_ST00080" HPOS="667" VPOS="814" WIDTH="133" HEIGHT="40" CONTENT="possible" WC="0.83" CC="00570000"/>
						<SP ID="P192_SP00064" HPOS="800" VPOS="856" WIDTH="35"/>
						<String ID="P192_ST00081" HPOS="835" VPOS="815" WIDTH="60" HEIGHT="29" CONTENT="and" WC="0.74" CC="061"/>
					</TextLine>
					<TextLine ID="P192_TL00013" HPOS="121" VPOS="884" WIDTH="774" HEIGHT="41">
						<String ID="P192_ST00082" HPOS="121" VPOS="886" WIDTH="183" HEIGHT="39" CONTENT="imaginable" WC="0.81" CC="2000030750"/>
						<SP ID="P192_SP00065" HPOS="304" VPOS="925" WIDTH="29"/>
						<String ID="P192_ST00083" HPOS="333" VPOS="895" WIDTH="69" HEIGHT="30" CONTENT="way" WC="1.00" CC="000"/>
						<SP ID="P192_SP00066" HPOS="402" VPOS="925" WIDTH="33"/>
						<String ID="P192_ST00084" HPOS="435" VPOS="884" WIDTH="122" HEIGHT="30" CONTENT='"taken' WC="0.55" CC="604906"/>
						<SP ID="P192_SP00067" HPOS="557" VPOS="925" WIDTH="37"/>
						<String ID="P192_ST00085" HPOS="594" VPOS="895" WIDTH="67" HEIGHT="19" CONTENT="care" WC="0.76" CC="4050"/>
						<SP ID="P192_SP00068" HPOS="661" VPOS="925" WIDTH="31"/>
						<String ID="P192_ST00086" HPOS="692" VPOS="884" WIDTH="61" HEIGHT="40" CONTENT='of,"' WC="0.71" CC="4033"/>
						<SP ID="P192_SP00069" HPOS="753" VPOS="925" WIDTH="32"/>
						<String ID="P192_ST00087" HPOS="785" VPOS="884" WIDTH="27" HEIGHT="30" CONTENT="is" WC="0.66" CC="06"/>
						<SP ID="P192_SP00070" HPOS="812" VPOS="925" WIDTH="30"/>
						<String ID="P192_ST00088" HPOS="842" VPOS="886" WIDTH="53" HEIGHT="28" CONTENT="the" WC="0.58" CC="570"/>
					</TextLine>
					<TextLine ID="P192_TL00014" HPOS="122" VPOS="954" WIDTH="773" HEIGHT="31">
						<String ID="P192_ST00089" HPOS="122" VPOS="955" WIDTH="116" HEIGHT="30" CONTENT="eternal" WC="0.69" CC="5007602"/>
						<SP ID="P192_SP00071" HPOS="238" VPOS="985" WIDTH="28"/>
						<String ID="P192_ST00090" HPOS="266" VPOS="955" WIDTH="79" HEIGHT="30" CONTENT="ideal" WC="0.53" CC="58090"/>
						<SP ID="P192_SP00072" HPOS="345" VPOS="985" WIDTH="31"/>
						<String ID="P192_ST00091" HPOS="376" VPOS="954" WIDTH="33" HEIGHT="30" CONTENT="of" WC="1.00" CC="00"/>
						<SP ID="P192_SP00073" HPOS="409" VPOS="985" WIDTH="26"/>
						<String ID="P192_ST00092" HPOS="435" VPOS="964" WIDTH="17" HEIGHT="20" CONTENT="a" WC="1.00" CC="0"/>
						<SP ID="P192_SP00074" HPOS="452" VPOS="985" WIDTH="29"/>
						<String ID="P192_ST00093" HPOS="481" VPOS="954" WIDTH="192" HEIGHT="30" CONTENT="Frenchman" WC="0.54" CC="750507076"/>
						<SP ID="P192_SP00075" HPOS="673" VPOS="985" WIDTH="14"/>
						<String ID="P192_ST00094" HPOS="687" VPOS="954" WIDTH="6" HEIGHT="30" CONTENT="!" WC="0.83" CC="1"/>
						<SP ID="P192_SP00076" HPOS="693" VPOS="985" WIDTH="52"/>
						<String ID="P192_ST00095" HPOS="745" VPOS="954" WIDTH="74" HEIGHT="30" CONTENT="And" WC="0.58" CC="065"/>
						<SP ID="P192_SP00077" HPOS="819" VPOS="985" WIDTH="24"/>
						<String ID="P192_ST00096" HPOS="843" VPOS="954" WIDTH="52" HEIGHT="31" CONTENT="the" WC="0.60" CC="172"/>
					</TextLine>
					<TextLine ID="P192_TL00015" HPOS="122" VPOS="1024" WIDTH="774" HEIGHT="40">
						<String ID="P192_ST00097" HPOS="122" VPOS="1028" WIDTH="78" HEIGHT="26" CONTENT="most" WC="0.71" CC="0253"/>
						<SP ID="P192_SP00078" HPOS="200" VPOS="1054" WIDTH="33"/>
						<String ID="P192_ST00098" HPOS="233" VPOS="1024" WIDTH="115" HEIGHT="40" CONTENT="perfect" WC="0.77" CC="0072005"/>
						<SP ID="P192_SP00079" HPOS="348" VPOS="1064" WIDTH="35"/>
						<String ID="P192_ST00099" HPOS="383" VPOS="1024" WIDTH="82" HEIGHT="30" CONTENT="lamb" WC="0.81" CC="0007"/>
						<SP ID="P192_SP00080" HPOS="465" VPOS="1064" WIDTH="30"/>
						<String ID="P192_ST00100" HPOS="495" VPOS="1024" WIDTH="33" HEIGHT="29" CONTENT="of" WC="1.00" CC="00"/>
						<SP ID="P192_SP00081" HPOS="528" VPOS="1064" WIDTH="26"/>
						<String ID="P192_ST00101" HPOS="554" VPOS="1034" WIDTH="17" HEIGHT="19" CONTENT="a" WC="1.00" CC="0"/>
						<SP ID="P192_SP00082" HPOS="571" VPOS="1064" WIDTH="30"/>
						<String ID="P192_ST00102" HPOS="601" VPOS="1026" WIDTH="103" HEIGHT="27" CONTENT="cotton" WC="0.84" CC="200007"/>
						<SP ID="P192_SP00083" HPOS="704" VPOS="1064" WIDTH="30"/>
						<String ID="P192_ST00103" HPOS="734" VPOS="1024" WIDTH="162" HEIGHT="40" CONTENT="night-cap" WC="0.75" CC="707700000"/>
					</TextLine>
					<TextLine ID="P192_TL00016" HPOS="122" VPOS="1092" WIDTH="774" HEIGHT="41">
						<String ID="P192_ST00104" HPOS="122" VPOS="1094" WIDTH="113" HEIGHT="39" CONTENT="maker," WC="0.83" CC="000054"/>
						<SP ID="P192_SP00084" HPOS="235" VPOS="1133" WIDTH="17"/>
						<String ID="P192_ST00105" HPOS="252" VPOS="1094" WIDTH="102" HEIGHT="29" CONTENT="whose" WC="0.71" CC="07060"/>
						<SP ID="P192_SP00085" HPOS="354" VPOS="1133" WIDTH="16"/>
						<String ID="P192_ST00106" HPOS="370" VPOS="1093" WIDTH="70" HEIGHT="30" CONTENT="wife" WC="0.85" CC="0500"/>
						<SP ID="P192_SP00086" HPOS="440" VPOS="1133" WIDTH="23"/>
						<String ID="P192_ST00107" HPOS="463" VPOS="1093" WIDTH="84" HEIGHT="30" CONTENT="leads" WC="0.77" CC="00046"/>
						<SP ID="P192_SP00087" HPOS="547" VPOS="1133" WIDTH="25"/>
						<String ID="P192_ST00108" HPOS="572" VPOS="1092" WIDTH="65" HEIGHT="31" CONTENT="him" WC="0.69" CC="710"/>
						<SP ID="P192_SP00088" HPOS="637" VPOS="1133" WIDTH="26"/>
						<String ID="P192_ST00109" HPOS="663" VPOS="1094" WIDTH="53" HEIGHT="29" CONTENT="the" WC="0.56" CC="570"/>
						<SP ID="P192_SP00089" HPOS="716" VPOS="1133" WIDTH="27"/>
						<String ID="P192_ST00110" HPOS="743" VPOS="1094" WIDTH="53" HEIGHT="29" CONTENT="life" WC="0.64" CC="0382"/>
						<SP ID="P192_SP00090" HPOS="796" VPOS="1133" WIDTH="28"/>
						<String ID="P192_ST00111" HPOS="824" VPOS="1095" WIDTH="33" HEIGHT="28" CONTENT="of" WC="0.64" CC="07"/>
						<SP ID="P192_SP00091" HPOS="857" VPOS="1133" WIDTH="23"/>
						<String ID="P192_ST00112" HPOS="880" VPOS="1106" WIDTH="16" HEIGHT="17" CONTENT="a" WC="1.00" CC="0"/>
					</TextLine>
					<TextLine ID="P192_TL00017" HPOS="123" VPOS="1162" WIDTH="773" HEIGHT="43">
						<String ID="P192_ST00113" HPOS="123" VPOS="1164" WIDTH="68" HEIGHT="39" CONTENT="dog," WC="0.89" CC="0003"/>
						<SP ID="P192_SP00092" HPOS="191" VPOS="1203" WIDTH="18"/>
						<String ID="P192_ST00114" HPOS="209" VPOS="1162" WIDTH="64" HEIGHT="31" CONTENT="will" WC="0.65" CC="0364"/>
						<SP ID="P192_SP00093" HPOS="273" VPOS="1203" WIDTH="15"/>
						<String ID="P192_ST00115" HPOS="288" VPOS="1165" WIDTH="73" HEIGHT="28" CONTENT="turn" WC="0.39" CC="3784"/>
						<SP ID="P192_SP00094" HPOS="361" VPOS="1203" WIDTH="21"/>
						<String ID="P192_ST00116" HPOS="382" VPOS="1162" WIDTH="66" HEIGHT="30" CONTENT="into" WC="0.67" CC="1740"/>
						<SP ID="P192_SP00095" HPOS="448" VPOS="1203" WIDTH="16"/>
						<String ID="P192_ST00117" HPOS="464" VPOS="1173" WIDTH="17" HEIGHT="19" CONTENT="a" WC="1.00" CC="0"/>
						<SP ID="P192_SP00096" HPOS="481" VPOS="1203" WIDTH="16"/>
						<String ID="P192_ST00118" HPOS="497" VPOS="1173" WIDTH="76" HEIGHT="30" CONTENT="very" WC="0.84" CC="2030"/>
						<SP ID="P192_SP00097" HPOS="573" VPOS="1203" WIDTH="15"/>
						<String ID="P192_ST00119" HPOS="588" VPOS="1163" WIDTH="112" HEIGHT="40" CONTENT="hyæna" WC="0.74" CC="30270"/>
						<SP ID="P192_SP00098" HPOS="700" VPOS="1203" WIDTH="15"/>
						<String ID="P192_ST00120" HPOS="715" VPOS="1163" WIDTH="27" HEIGHT="30" CONTENT="if" WC="0.42" CC="28"/>
						<SP ID="P192_SP00099" HPOS="742" VPOS="1203" WIDTH="20"/>
						<String ID="P192_ST00121" HPOS="762" VPOS="1174" WIDTH="63" HEIGHT="31" CONTENT="you" WC="0.73" CC="007"/>
						<SP ID="P192_SP00100" HPOS="825" VPOS="1205" WIDTH="15"/>
						<String ID="P192_ST00122" HPOS="840" VPOS="1168" WIDTH="56" HEIGHT="36" CONTENT="put" WC="0.66" CC="072"/>
					</TextLine>
					<TextLine ID="P192_TL00018" HPOS="123" VPOS="1232" WIDTH="772" HEIGHT="33">
						<String ID="P192_ST00123" HPOS="123" VPOS="1232" WIDTH="65" HEIGHT="30" CONTENT="into" WC="0.67" CC="0704"/>
						<SP ID="P192_SP00101" HPOS="188" VPOS="1262" WIDTH="15"/>
						<String ID="P192_ST00124" HPOS="203" VPOS="1232" WIDTH="48" HEIGHT="29" CONTENT="his" WC="0.40" CC="737"/>
						<SP ID="P192_SP00102" HPOS="251" VPOS="1262" WIDTH="15"/>
						<String ID="P192_ST00125" HPOS="266" VPOS="1233" WIDTH="98" HEIGHT="28" CONTENT="hands" WC="0.43" CC="77606"/>
						<SP ID="P192_SP00103" HPOS="364" VPOS="1262" WIDTH="15"/>
						<String ID="P192_ST00126" HPOS="379" VPOS="1233" WIDTH="53" HEIGHT="29" CONTENT="the" WC="0.60" CC="470"/>
						<SP ID="P192_SP00104" HPOS="432" VPOS="1262" WIDTH="16"/>
						<String ID="P192_ST00127" HPOS="448" VPOS="1232" WIDTH="61" HEIGHT="30" CONTENT="fate" WC="0.53" CC="7055"/>
						<SP ID="P192_SP00105" HPOS="509" VPOS="1262" WIDTH="16"/>
						<String ID="P192_ST00128" HPOS="525" VPOS="1233" WIDTH="34" HEIGHT="29" CONTENT="of" WC="0.64" CC="07"/>
						<SP ID="P192_SP00106" HPOS="559" VPOS="1262" WIDTH="21"/>
						<String ID="P192_ST00129" HPOS="580" VPOS="1244" WIDTH="56" HEIGHT="19" CONTENT="one" WC="0.72" CC="061"/>
						<SP ID="P192_SP00107" HPOS="636" VPOS="1263" WIDTH="16"/>
						<String ID="P192_ST00130" HPOS="652" VPOS="1234" WIDTH="34" HEIGHT="29" CONTENT="of" WC="1.00" CC="00"/>
						<SP ID="P192_SP00108" HPOS="686" VPOS="1263" WIDTH="20"/>
						<String ID="P192_ST00131" HPOS="706" VPOS="1234" WIDTH="49" HEIGHT="30" CONTENT="his" WC="0.52" CC="706"/>
						<SP ID="P192_SP00109" HPOS="755" VPOS="1264" WIDTH="26"/>
						<String ID="P192_ST00132" HPOS="781" VPOS="1234" WIDTH="114" HEIGHT="31" CONTENT="fellow" SUBS_TYPE="HypPart1" SUBS_CONTENT="fellowcreatures" WC="0.96" CC="0000100"/>
						<HYP CONTENT="-"/>
					</TextLine>
					<TextLine ID="P192_TL00019" HPOS="124" VPOS="1302" WIDTH="774" HEIGHT="42">
						<String ID="P192_ST00133" HPOS="124" VPOS="1306" WIDTH="152" HEIGHT="26" CONTENT="creatures" SUBS_TYPE="HypPart2" SUBS_CONTENT="fellowcreatures" WC="0.60" CC="461007526"/>
						<SP ID="P192_SP00110" HPOS="276" VPOS="1332" WIDTH="16"/>
						<String ID="P192_ST00134" HPOS="292" VPOS="1303" WIDTH="160" HEIGHT="38" CONTENT="suspected" WC="0.77" CC="676000000"/>
						<SP ID="P192_SP00111" HPOS="452" VPOS="1341" WIDTH="16"/>
						<String ID="P192_ST00135" HPOS="468" VPOS="1302" WIDTH="33" HEIGHT="30" CONTENT="of" WC="1.00" CC="00"/>
						<SP ID="P192_SP00112" HPOS="501" VPOS="1341" WIDTH="13"/>
						<String ID="P192_ST00136" HPOS="514" VPOS="1302" WIDTH="91" HEIGHT="31" CONTENT="crime" WC="0.84" CC="16000"/>
						<SP ID="P192_SP00113" HPOS="605" VPOS="1341" WIDTH="16"/>
						<String ID="P192_ST00137" HPOS="621" VPOS="1303" WIDTH="121" HEIGHT="40" CONTENT="against" WC="0.56" CC="0503767"/>
						<SP ID="P192_SP00114" HPOS="742" VPOS="1343" WIDTH="15"/>
						<String ID="P192_ST00138" HPOS="757" VPOS="1315" WIDTH="92" HEIGHT="29" CONTENT="purse" WC="0.60" CC="04870"/>
						<SP ID="P192_SP00115" HPOS="849" VPOS="1344" WIDTH="16"/>
						<String ID="P192_ST00139" HPOS="865" VPOS="1316" WIDTH="33" HEIGHT="19" CONTENT="or" WC="0.37" CC="57"/>
					</TextLine>
					<TextLine ID="P192_TL00020" HPOS="124" VPOS="1371" WIDTH="774" HEIGHT="44">
						<String ID="P192_ST00140" HPOS="124" VPOS="1382" WIDTH="117" HEIGHT="28" CONTENT="person." WC="0.65" CC="0096070"/>
						<SP ID="P192_SP00116" HPOS="241" VPOS="1410" WIDTH="61"/>
						<String ID="P192_ST00141" HPOS="302" VPOS="1371" WIDTH="97" HEIGHT="30" CONTENT="There" WC="0.58" CC="76060"/>
						<SP ID="P192_SP00117" HPOS="399" VPOS="1410" WIDTH="27"/>
						<String ID="P192_ST00142" HPOS="426" VPOS="1382" WIDTH="50" HEIGHT="19" CONTENT="are" WC="0.78" CC="060"/>
						<SP ID="P192_SP00118" HPOS="476" VPOS="1410" WIDTH="24"/>
						<String ID="P192_ST00143" HPOS="500" VPOS="1382" WIDTH="39" HEIGHT="19" CONTENT="no" WC="0.42" CC="73"/>
						<SP ID="P192_SP00119" HPOS="539" VPOS="1410" WIDTH="31"/>
						<String ID="P192_ST00144" HPOS="570" VPOS="1372" WIDTH="141" HEIGHT="31" CONTENT="merciful" WC="0.75" CC="00750060"/>
						<SP ID="P192_SP00120" HPOS="711" VPOS="1410" WIDTH="26"/>
						<String ID="P192_ST00145" HPOS="737" VPOS="1374" WIDTH="103" HEIGHT="41" CONTENT="jurors" WC="0.45" CC="059376"/>
						<SP ID="P192_SP00121" HPOS="840" VPOS="1415" WIDTH="27"/>
						<String ID="P192_ST00146" HPOS="867" VPOS="1374" WIDTH="31" HEIGHT="30" CONTENT="in" WC="0.60" CC="07"/>
					</TextLine>
					<TextLine ID="P192_TL00021" HPOS="126" VPOS="1440" WIDTH="772" HEIGHT="44">
						<String ID="P192_ST00147" HPOS="126" VPOS="1440" WIDTH="123" HEIGHT="39" CONTENT="France," WC="0.67" CC="7506003"/>
						<SP ID="P192_SP00122" HPOS="249" VPOS="1479" WIDTH="15"/>
						<String ID="P192_ST00148" HPOS="264" VPOS="1450" WIDTH="32" HEIGHT="20" CONTENT="as" WC="0.67" CC="06"/>
						<SP ID="P192_SP00123" HPOS="296" VPOS="1479" WIDTH="14"/>
						<String ID="P192_ST00149" HPOS="310" VPOS="1440" WIDTH="87" HEIGHT="30" CONTENT="there" WC="0.58" CC="07561"/>
						<SP ID="P192_SP00124" HPOS="397" VPOS="1479" WIDTH="16"/>
						<String ID="P192_ST00150" HPOS="413" VPOS="1450" WIDTH="50" HEIGHT="21" CONTENT="are" WC="0.77" CC="060"/>
						<SP ID="P192_SP00125" HPOS="463" VPOS="1479" WIDTH="15"/>
						<String ID="P192_ST00151" HPOS="478" VPOS="1441" WIDTH="67" HEIGHT="38" CONTENT="few," WC="0.87" CC="2002"/>
						<String ID="P192_ST00152" HPOS="550" VPOS="1460" WIDTH="42" HEIGHT="3" CONTENT="—" WC="0.20" CC="8"/>
						<String ID="P192_ST00153" HPOS="593" VPOS="1442" WIDTH="27" HEIGHT="29" CONTENT="if" WC="0.72" CC="05"/>
						<SP ID="P192_SP00126" HPOS="620" VPOS="1479" WIDTH="12"/>
						<String ID="P192_ST00154" HPOS="632" VPOS="1453" WIDTH="70" HEIGHT="29" CONTENT="any," WC="0.79" CC="0602"/>
						<String ID="P192_ST00155" HPOS="706" VPOS="1461" WIDTH="42" HEIGHT="4" CONTENT="—" WC="0.20" CC="8"/>
						<String ID="P192_ST00156" HPOS="749" VPOS="1444" WIDTH="149" HEIGHT="40" CONTENT="perfectly" WC="0.87" CC="006003000"/>
					</TextLine>
				</TextBlock>
			</PrintSpace>
		</Page>
	</Layout>
</alto>
