<?xml version="1.0" encoding="UTF-8"?>
<alto xmlns:xsi="http://www.w3.org/2001/XMLSchema-instance" xsi:noNamespaceSchemaLocation="http://www.bl.uk/schemas/alto/alto-1-4.xsd" xmlns:xlink="http://www.w3.org/1999/xlink">
	<Description>
		<MeasurementUnit>mm10</MeasurementUnit>
		<sourceImageInformation>
			<fileName>//head1/IN/2007-46/A0010904365.2/000434.jp2</fileName>
		</sourceImageInformation>
		<OCRProcessing ID="OCRPROCESSING_1">
			<preProcessingStep>
				<processingSoftware>
					<softwareCreator>CCS Content Conversion Specialists GmbH, Germany</softwareCreator>
					<softwareName>CCS docWORKS</softwareName>
					<softwareVersion>6.1-0.62</softwareVersion>
				</processingSoftware>
			</preProcessingStep>
			<ocrProcessingStep>
				<processingSoftware>
					<softwareCreator>ABBYY (BIT Software), Russia</softwareCreator>
					<softwareName>Finereader</softwareName>
				</processingSoftware>
			</ocrProcessingStep>
		</OCRProcessing>
	</Description>
	<Styles>
		<TextStyle ID="TXT_0" FONTSIZE="10" FONTFAMILY="Courier New"/>
		<ParagraphStyle ID="PAR_LEFT" ALIGN="Left"/>
		<ParagraphStyle ID="PAR_CENTER" ALIGN="Center"/>
	</Styles>
	<Layout>
		<Page ID="P100" PHYSICAL_IMG_NR="100" HEIGHT="1667" WIDTH="979" PRINTED_IMG_NR="86" POSITION="Left" ACCURACY="68.75">
			<TopMargin ID="P100_TM00001" HPOS="0" VPOS="0" WIDTH="978" HEIGHT="116">
				<TextBlock ID="P100_TB00001" HPOS="115" VPOS="87" WIDTH="35" HEIGHT="26" STYLEREFS="TXT_0 PAR_LEFT">
					<TextLine ID="P100_TL00001" HPOS="115" VPOS="87" WIDTH="35" HEIGHT="26">
						<String ID="P100_ST00001" HPOS="115" VPOS="87" WIDTH="35" HEIGHT="26" CONTENT="86" WC="1.00" CC="00"/>
					</TextLine>
				</TextBlock>
				<TextBlock ID="P100_TB00002" HPOS="365" VPOS="93" WIDTH="264" HEIGHT="23" STYLEREFS="TXT_0 PAR_CENTER">
					<TextLine ID="P100_TL00002" HPOS="366" VPOS="94" WIDTH="263" HEIGHT="22">
						<String ID="P100_ST00002" HPOS="366" VPOS="97" WIDTH="59" HEIGHT="19" CONTENT="ALL" WC="0.85" CC="040"/>
						<SP ID="P100_SP00001" HPOS="425" VPOS="116" WIDTH="19"/>
						<String ID="P100_ST00003" HPOS="444" VPOS="95" WIDTH="58" HEIGHT="21" CONTENT="FOR" WC="0.56" CC="326"/>
						<SP ID="P100_SP00002" HPOS="502" VPOS="116" WIDTH="20"/>
						<String ID="P100_ST00004" HPOS="522" VPOS="94" WIDTH="107" HEIGHT="22" CONTENT="GREED." WC="0.60" CC="770350"/>
					</TextLine>
				</TextBlock>
			</TopMargin>
			<LeftMargin ID="P100_LM00001" HPOS="0" VPOS="115" WIDTH="104" HEIGHT="1348"/>
			<RightMargin ID="P100_RM00001" HPOS="884" VPOS="115" WIDTH="94" HEIGHT="1348"/>
			<BottomMargin ID="P100_BM00001" HPOS="0" VPOS="1463" WIDTH="978" HEIGHT="204"/>
			<PrintSpace ID="P100_PS00001" HPOS="104" VPOS="115" WIDTH="780" HEIGHT="1348">
				<TextBlock ID="P100_TB00003" HPOS="113" VPOS="180" WIDTH="771" HEIGHT="245" STYLEREFS="TXT_0 PAR_LEFT">
					<TextLine ID="P100_TL00003" HPOS="114" VPOS="180" WIDTH="770" HEIGHT="33">
						<String ID="P100_ST00005" HPOS="114" VPOS="182" WIDTH="163" HEIGHT="31" CONTENT="bitterness" WC="0.60" CC="7400076167"/>
						<SP ID="P100_SP00003" HPOS="277" VPOS="213" WIDTH="16"/>
						<String ID="P100_ST00006" HPOS="293" VPOS="183" WIDTH="33" HEIGHT="29" CONTENT="in" WC="0.56" CC="26"/>
						<SP ID="P100_SP00004" HPOS="326" VPOS="213" WIDTH="14"/>
						<String ID="P100_ST00007" HPOS="340" VPOS="183" WIDTH="53" HEIGHT="30" CONTENT="the" WC="0.62" CC="370"/>
						<SP ID="P100_SP00005" HPOS="393" VPOS="213" WIDTH="15"/>
						<String ID="P100_ST00008" HPOS="408" VPOS="183" WIDTH="72" HEIGHT="30" CONTENT="look" WC="1.00" CC="0000"/>
						<SP ID="P100_SP00006" HPOS="480" VPOS="213" WIDTH="14"/>
						<String ID="P100_ST00009" HPOS="494" VPOS="182" WIDTH="77" HEIGHT="31" CONTENT="with" WC="0.72" CC="0307"/>
						<SP ID="P100_SP00007" HPOS="571" VPOS="213" WIDTH="15"/>
						<String ID="P100_ST00010" HPOS="586" VPOS="180" WIDTH="102" HEIGHT="32" CONTENT="which" WC="0.62" CC="07037"/>
						<SP ID="P100_SP00008" HPOS="688" VPOS="213" WIDTH="22"/>
						<String ID="P100_ST00011" HPOS="710" VPOS="182" WIDTH="39" HEIGHT="29" CONTENT="he" WC="0.35" CC="75"/>
						<SP ID="P100_SP00009" HPOS="749" VPOS="213" WIDTH="19"/>
						<String ID="P100_ST00012" HPOS="768" VPOS="190" WIDTH="116" HEIGHT="21" CONTENT="accom" SUBS_TYPE="HypPart1" SUBS_CONTENT="accompanied" WC="0.92" CC="020002"/>
						<HYP CONTENT="-"/>
					</TextLine>
					<TextLine ID="P100_TL00004" HPOS="114" VPOS="246" WIDTH="770" HEIGHT="42">
						<String ID="P100_ST00013" HPOS="114" VPOS="248" WIDTH="110" HEIGHT="40" CONTENT="panied" SUBS_TYPE="HypPart2" SUBS_CONTENT="accompanied" WC="0.70" CC="006505"/>
						<SP ID="P100_SP00010" HPOS="224" VPOS="288" WIDTH="34"/>
						<String ID="P100_ST00014" HPOS="258" VPOS="249" WIDTH="52" HEIGHT="29" CONTENT="the" WC="0.77" CC="060"/>
						<SP ID="P100_SP00011" HPOS="310" VPOS="288" WIDTH="27"/>
						<String ID="P100_ST00015" HPOS="337" VPOS="249" WIDTH="108" HEIGHT="39" CONTENT="words," WC="0.59" CC="025563"/>
						<SP ID="P100_SP00012" HPOS="445" VPOS="288" WIDTH="27"/>
						<String ID="P100_ST00016" HPOS="472" VPOS="248" WIDTH="61" HEIGHT="30" CONTENT="and" WC="0.44" CC="376"/>
						<SP ID="P100_SP00013" HPOS="533" VPOS="288" WIDTH="33"/>
						<String ID="P100_ST00017" HPOS="566" VPOS="247" WIDTH="172" HEIGHT="41" CONTENT="altogether" WC="0.89" CC="0000000604"/>
						<SP ID="P100_SP00014" HPOS="738" VPOS="288" WIDTH="27"/>
						<String ID="P100_ST00018" HPOS="765" VPOS="258" WIDTH="39" HEIGHT="19" CONTENT="an" WC="0.69" CC="06"/>
						<SP ID="P100_SP00015" HPOS="804" VPOS="288" WIDTH="35"/>
						<String ID="P100_ST00019" HPOS="839" VPOS="246" WIDTH="45" HEIGHT="30" CONTENT="air" WC="1.00" CC="000"/>
					</TextLine>
					<TextLine ID="P100_TL00005" HPOS="114" VPOS="316" WIDTH="770" HEIGHT="32">
						<String ID="P100_ST00020" HPOS="114" VPOS="318" WIDTH="93" HEIGHT="30" CONTENT="about" WC="0.61" CC="07074"/>
						<SP ID="P100_SP00016" HPOS="207" VPOS="348" WIDTH="20"/>
						<String ID="P100_ST00021" HPOS="227" VPOS="317" WIDTH="65" HEIGHT="31" CONTENT="him" WC="0.76" CC="700"/>
						<SP ID="P100_SP00017" HPOS="292" VPOS="348" WIDTH="21"/>
						<String ID="P100_ST00022" HPOS="313" VPOS="318" WIDTH="68" HEIGHT="30" CONTENT="that" WC="0.67" CC="2702"/>
						<SP ID="P100_SP00018" HPOS="381" VPOS="348" WIDTH="20"/>
						<String ID="P100_ST00023" HPOS="401" VPOS="318" WIDTH="53" HEIGHT="30" CONTENT="the" WC="0.75" CC="070"/>
						<SP ID="P100_SP00019" HPOS="454" VPOS="348" WIDTH="17"/>
						<String ID="P100_ST00024" HPOS="471" VPOS="317" WIDTH="81" HEIGHT="31" CONTENT="Cure" WC="0.64" CC="6700"/>
						<SP ID="P100_SP00020" HPOS="552" VPOS="348" WIDTH="16"/>
						<String ID="P100_ST00025" HPOS="568" VPOS="316" WIDTH="90" HEIGHT="31" CONTENT="could" WC="0.74" CC="00741"/>
						<SP ID="P100_SP00021" HPOS="658" VPOS="348" WIDTH="22"/>
						<String ID="P100_ST00026" HPOS="680" VPOS="319" WIDTH="55" HEIGHT="27" CONTENT="not" WC="0.68" CC="603"/>
						<SP ID="P100_SP00022" HPOS="735" VPOS="348" WIDTH="20"/>
						<String ID="P100_ST00027" HPOS="755" VPOS="318" WIDTH="129" HEIGHT="28" CONTENT="account" WC="0.75" CC="0200770"/>
					</TextLine>
					<TextLine ID="P100_TL00006" HPOS="113" VPOS="386" WIDTH="424" HEIGHT="39">
						<String ID="P100_ST00028" HPOS="113" VPOS="387" WIDTH="55" HEIGHT="38" CONTENT="for," WC="0.89" CC="0040"/>
						<SP ID="P100_SP00023" HPOS="168" VPOS="425" WIDTH="15"/>
						<String ID="P100_ST00029" HPOS="183" VPOS="387" WIDTH="61" HEIGHT="30" CONTENT="and" WC="0.48" CC="069"/>
						<SP ID="P100_SP00024" HPOS="244" VPOS="425" WIDTH="14"/>
						<String ID="P100_ST00030" HPOS="258" VPOS="387" WIDTH="68" HEIGHT="30" CONTENT="that" WC="0.64" CC="0706"/>
						<SP ID="P100_SP00025" HPOS="326" VPOS="425" WIDTH="14"/>
						<String ID="P100_ST00031" HPOS="340" VPOS="387" WIDTH="39" HEIGHT="29" CONTENT="he" WC="0.62" CC="70"/>
						<SP ID="P100_SP00026" HPOS="379" VPOS="425" WIDTH="17"/>
						<String ID="P100_ST00032" HPOS="396" VPOS="386" WIDTH="141" HEIGHT="30" CONTENT="disliked." WC="0.67" CC="957000070"/>
					</TextLine>
				</TextBlock>
				<TextBlock ID="P100_TB00004" HPOS="104" VPOS="454" WIDTH="778" HEIGHT="865" STYLEREFS="TXT_0 PAR_LEFT">
					<TextLine ID="P100_TL00007" HPOS="156" VPOS="454" WIDTH="725" HEIGHT="43">
						<String ID="P100_ST00033" HPOS="156" VPOS="457" WIDTH="87" HEIGHT="40" CONTENT="They" WC="0.81" CC="0700"/>
						<SP ID="P100_SP00027" HPOS="243" VPOS="497" WIDTH="23"/>
						<String ID="P100_ST00034" HPOS="266" VPOS="456" WIDTH="166" HEIGHT="41" CONTENT="separated," WC="0.73" CC="6060500043"/>
						<SP ID="P100_SP00028" HPOS="432" VPOS="497" WIDTH="24"/>
						<String ID="P100_ST00035" HPOS="456" VPOS="456" WIDTH="60" HEIGHT="30" CONTENT="and" WC="0.50" CC="077"/>
						<SP ID="P100_SP00029" HPOS="516" VPOS="497" WIDTH="31"/>
						<String ID="P100_ST00036" HPOS="547" VPOS="454" WIDTH="160" HEIGHT="32" CONTENT="Monsieur" WC="0.61" CC="00760277"/>
						<SP ID="P100_SP00030" HPOS="707" VPOS="497" WIDTH="30"/>
						<String ID="P100_ST00037" HPOS="737" VPOS="455" WIDTH="29" HEIGHT="31" CONTENT="le" WC="1.00" CC="00"/>
						<SP ID="P100_SP00031" HPOS="766" VPOS="497" WIDTH="25"/>
						<String ID="P100_ST00038" HPOS="791" VPOS="454" WIDTH="90" HEIGHT="40" CONTENT="Cure," WC="0.52" CC="65704"/>
					</TextLine>
					<TextLine ID="P100_TL00008" HPOS="113" VPOS="525" WIDTH="769" HEIGHT="41">
						<String ID="P100_ST00039" HPOS="113" VPOS="526" WIDTH="136" HEIGHT="40" CONTENT="crossing" WC="0.56" CC="26076570"/>
						<SP ID="P100_SP00032" HPOS="249" VPOS="566" WIDTH="28"/>
						<String ID="P100_ST00040" HPOS="277" VPOS="536" WIDTH="72" HEIGHT="20" CONTENT="over" WC="0.85" CC="0005"/>
						<SP ID="P100_SP00033" HPOS="349" VPOS="566" WIDTH="25"/>
						<String ID="P100_ST00041" HPOS="374" VPOS="528" WIDTH="32" HEIGHT="28" CONTENT="to" WC="0.88" CC="02"/>
						<SP ID="P100_SP00034" HPOS="406" VPOS="566" WIDTH="26"/>
						<String ID="P100_ST00042" HPOS="432" VPOS="525" WIDTH="45" HEIGHT="30" CONTENT="La" WC="0.68" CC="60"/>
						<SP ID="P100_SP00035" HPOS="477" VPOS="566" WIDTH="26"/>
						<String ID="P100_ST00043" HPOS="503" VPOS="525" WIDTH="122" HEIGHT="30" CONTENT="Maison" WC="0.64" CC="200647"/>
						<SP ID="P100_SP00036" HPOS="625" VPOS="566" WIDTH="24"/>
						<String ID="P100_ST00044" HPOS="649" VPOS="525" WIDTH="141" HEIGHT="39" CONTENT="Prevost," WC="0.70" CC="66000703"/>
						<SP ID="P100_SP00037" HPOS="790" VPOS="566" WIDTH="27"/>
						<String ID="P100_ST00045" HPOS="817" VPOS="525" WIDTH="65" HEIGHT="30" CONTENT="told" WC="0.69" CC="0057"/>
					</TextLine>
					<TextLine ID="P100_TL00009" HPOS="112" VPOS="595" WIDTH="766" HEIGHT="40">
						<String ID="P100_ST00046" HPOS="112" VPOS="597" WIDTH="141" HEIGHT="29" CONTENT="Madame" WC="1.00" CC="000000"/>
						<SP ID="P100_SP00038" HPOS="253" VPOS="626" WIDTH="21"/>
						<String ID="P100_ST00047" HPOS="274" VPOS="596" WIDTH="86" HEIGHT="38" CONTENT="Jean," WC="0.59" CC="90073"/>
						<SP ID="P100_SP00039" HPOS="360" VPOS="634" WIDTH="25"/>
						<String ID="P100_ST00048" HPOS="385" VPOS="596" WIDTH="91" HEIGHT="30" CONTENT="when" WC="0.63" CC="0707"/>
						<SP ID="P100_SP00040" HPOS="476" VPOS="634" WIDTH="23"/>
						<String ID="P100_ST00049" HPOS="499" VPOS="596" WIDTH="54" HEIGHT="29" CONTENT="she" WC="0.50" CC="770"/>
						<SP ID="P100_SP00041" HPOS="553" VPOS="634" WIDTH="22"/>
						<String ID="P100_ST00050" HPOS="575" VPOS="595" WIDTH="119" HEIGHT="40" CONTENT="opened" WC="0.70" CC="200707"/>
						<SP ID="P100_SP00042" HPOS="694" VPOS="635" WIDTH="24"/>
						<String ID="P100_ST00051" HPOS="718" VPOS="595" WIDTH="52" HEIGHT="29" CONTENT="the" WC="0.54" CC="670"/>
						<SP ID="P100_SP00043" HPOS="770" VPOS="635" WIDTH="26"/>
						<String ID="P100_ST00052" HPOS="796" VPOS="595" WIDTH="82" HEIGHT="40" CONTENT="door," WC="0.47" CC="85363"/>
					</TextLine>
					<TextLine ID="P100_TL00010" HPOS="111" VPOS="664" WIDTH="769" HEIGHT="41">
						<String ID="P100_ST00053" HPOS="111" VPOS="667" WIDTH="67" HEIGHT="29" CONTENT="that" WC="0.78" CC="1700"/>
						<SP ID="P100_SP00044" HPOS="178" VPOS="696" WIDTH="26"/>
						<String ID="P100_ST00054" HPOS="204" VPOS="666" WIDTH="25" HEIGHT="30" CONTENT="it" WC="0.86" CC="02"/>
						<SP ID="P100_SP00045" HPOS="229" VPOS="696" WIDTH="15"/>
						<String ID="P100_ST00055" HPOS="244" VPOS="676" WIDTH="61" HEIGHT="20" CONTENT="was" WC="0.80" CC="006"/>
						<SP ID="P100_SP00046" HPOS="305" VPOS="696" WIDTH="22"/>
						<String ID="P100_ST00056" HPOS="327" VPOS="664" WIDTH="171" HEIGHT="41" CONTENT="absolutely" WC="0.73" CC="0760471000"/>
						<SP ID="P100_SP00047" HPOS="498" VPOS="705" WIDTH="22"/>
						<String ID="P100_ST00057" HPOS="520" VPOS="674" WIDTH="161" HEIGHT="31" CONTENT="necessary" WC="0.74" CC="500057040"/>
						<SP ID="P100_SP00048" HPOS="681" VPOS="705" WIDTH="22"/>
						<String ID="P100_ST00058" HPOS="703" VPOS="664" WIDTH="39" HEIGHT="30" CONTENT="he" WC="0.63" CC="70"/>
						<SP ID="P100_SP00049" HPOS="742" VPOS="705" WIDTH="27"/>
						<String ID="P100_ST00059" HPOS="769" VPOS="664" WIDTH="111" HEIGHT="30" CONTENT="should" WC="0.50" CC="475605"/>
					</TextLine>
					<TextLine ID="P100_TL00011" HPOS="111" VPOS="734" WIDTH="768" HEIGHT="32">
						<String ID="P100_ST00060" HPOS="111" VPOS="746" WIDTH="49" HEIGHT="20" CONTENT="see" WC="0.65" CC="603"/>
						<SP ID="P100_SP00050" HPOS="160" VPOS="766" WIDTH="16"/>
						<String ID="P100_ST00061" HPOS="176" VPOS="735" WIDTH="158" HEIGHT="30" CONTENT="Monsieur" WC="0.63" CC="02874060"/>
						<SP ID="P100_SP00051" HPOS="334" VPOS="766" WIDTH="15"/>
						<String ID="P100_ST00062" HPOS="349" VPOS="735" WIDTH="143" HEIGHT="29" CONTENT="Eichard." WC="0.66" CC="60171370"/>
						<SP ID="P100_SP00052" HPOS="492" VPOS="766" WIDTH="36"/>
						<String ID="P100_ST00063" HPOS="528" VPOS="734" WIDTH="69" HEIGHT="30" CONTENT='"Of' WC="0.84" CC="400"/>
						<SP ID="P100_SP00053" HPOS="597" VPOS="766" WIDTH="11"/>
						<String ID="P100_ST00064" HPOS="608" VPOS="744" WIDTH="106" HEIGHT="20" CONTENT="course" WC="0.60" CC="307660"/>
						<SP ID="P100_SP00054" HPOS="714" VPOS="766" WIDTH="16"/>
						<String ID="P100_ST00065" HPOS="730" VPOS="734" WIDTH="38" HEIGHT="29" CONTENT="he" WC="0.65" CC="70"/>
						<SP ID="P100_SP00055" HPOS="768" VPOS="766" WIDTH="17"/>
						<String ID="P100_ST00066" HPOS="785" VPOS="734" WIDTH="94" HEIGHT="30" CONTENT="won't" WC="0.85" CC="00600"/>
					</TextLine>
					<TextLine ID="P100_TL00012" HPOS="111" VPOS="804" WIDTH="767" HEIGHT="41">
						<String ID="P100_ST00067" HPOS="111" VPOS="806" WIDTH="98" HEIGHT="39" CONTENT="object" WC="0.65" CC="570501"/>
						<SP ID="P100_SP00056" HPOS="209" VPOS="845" WIDTH="33"/>
						<String ID="P100_ST00068" HPOS="242" VPOS="807" WIDTH="31" HEIGHT="27" CONTENT="to" WC="0.83" CC="20"/>
						<SP ID="P100_SP00057" HPOS="273" VPOS="845" WIDTH="31"/>
						<String ID="P100_ST00069" HPOS="304" VPOS="804" WIDTH="155" HEIGHT="40" CONTENT="receiving" WC="0.65" CC="555010570"/>
						<SP ID="P100_SP00058" HPOS="459" VPOS="845" WIDTH="33"/>
						<String ID="P100_ST00070" HPOS="492" VPOS="815" WIDTH="71" HEIGHT="30" CONTENT="you," WC="0.82" CC="0070"/>
						<SP ID="P100_SP00059" HPOS="563" VPOS="845" WIDTH="29"/>
						<String ID="P100_ST00071" HPOS="592" VPOS="804" WIDTH="57" HEIGHT="30" CONTENT="but" WC="0.28" CC="776"/>
						<SP ID="P100_SP00060" HPOS="649" VPOS="845" WIDTH="31"/>
						<String ID="P100_ST00072" HPOS="680" VPOS="804" WIDTH="39" HEIGHT="30" CONTENT="he" WC="0.66" CC="60"/>
						<SP ID="P100_SP00061" HPOS="719" VPOS="845" WIDTH="28"/>
						<String ID="P100_ST00073" HPOS="747" VPOS="804" WIDTH="27" HEIGHT="30" CONTENT="is" WC="0.68" CC="06"/>
						<SP ID="P100_SP00062" HPOS="774" VPOS="845" WIDTH="27"/>
						<String ID="P100_ST00074" HPOS="801" VPOS="815" WIDTH="77" HEIGHT="30" CONTENT="very" WC="0.83" CC="0060"/>
					</TextLine>
					<TextLine ID="P100_TL00013" HPOS="110" VPOS="873" WIDTH="766" HEIGHT="41">
						<String ID="P100_ST00075" HPOS="110" VPOS="884" WIDTH="130" HEIGHT="20" CONTENT="nervous" WC="0.57" CC="4070376"/>
						<SP ID="P100_SP00063" HPOS="240" VPOS="904" WIDTH="30"/>
						<String ID="P100_ST00076" HPOS="270" VPOS="874" WIDTH="60" HEIGHT="29" CONTENT="and" WC="0.67" CC="045"/>
						<SP ID="P100_SP00064" HPOS="330" VPOS="904" WIDTH="25"/>
						<String ID="P100_ST00077" HPOS="355" VPOS="873" WIDTH="87" HEIGHT="31" CONTENT="weak" WC="1.00" CC="0000"/>
						<SP ID="P100_SP00065" HPOS="442" VPOS="904" WIDTH="28"/>
						<String ID="P100_ST00078" HPOS="470" VPOS="873" WIDTH="139" HEIGHT="41" CONTENT='to-day,"' WC="0.71" CC="40056014"/>
						<SP ID="P100_SP00066" HPOS="609" VPOS="914" WIDTH="32"/>
						<String ID="P100_ST00079" HPOS="641" VPOS="884" WIDTH="62" HEIGHT="20" CONTENT="was" WC="0.67" CC="036"/>
						<SP ID="P100_SP00067" HPOS="703" VPOS="914" WIDTH="31"/>
						<String ID="P100_ST00080" HPOS="734" VPOS="873" WIDTH="142" HEIGHT="31" CONTENT="Madame" WC="0.83" CC="009000"/>
					</TextLine>
					<TextLine ID="P100_TL00014" HPOS="109" VPOS="944" WIDTH="765" HEIGHT="39">
						<String ID="P100_ST00081" HPOS="109" VPOS="944" WIDTH="102" HEIGHT="29" CONTENT="Jean's" WC="0.79" CC="000606"/>
						<SP ID="P100_SP00068" HPOS="211" VPOS="973" WIDTH="20"/>
						<String ID="P100_ST00082" HPOS="231" VPOS="944" WIDTH="96" HEIGHT="39" CONTENT="reply," WC="0.89" CC="600000"/>
						<SP ID="P100_SP00069" HPOS="327" VPOS="983" WIDTH="26"/>
						<String ID="P100_ST00083" HPOS="353" VPOS="954" WIDTH="32" HEIGHT="19" CONTENT="as" WC="0.66" CC="06"/>
						<SP ID="P100_SP00070" HPOS="385" VPOS="983" WIDTH="23"/>
						<String ID="P100_ST00084" HPOS="408" VPOS="944" WIDTH="53" HEIGHT="29" CONTENT="she" WC="0.39" CC="673"/>
						<SP ID="P100_SP00071" HPOS="461" VPOS="983" WIDTH="22"/>
						<String ID="P100_ST00085" HPOS="483" VPOS="944" WIDTH="132" HEIGHT="29" CONTENT="ushered" WC="0.47" CC="7670608"/>
						<SP ID="P100_SP00072" HPOS="615" VPOS="983" WIDTH="22"/>
						<String ID="P100_ST00086" HPOS="637" VPOS="944" WIDTH="54" HEIGHT="29" CONTENT="the" WC="0.53" CC="670"/>
						<SP ID="P100_SP00073" HPOS="691" VPOS="983" WIDTH="22"/>
						<String ID="P100_ST00087" HPOS="713" VPOS="944" WIDTH="80" HEIGHT="30" CONTENT="Cure" WC="0.46" CC="6770"/>
						<SP ID="P100_SP00074" HPOS="793" VPOS="983" WIDTH="16"/>
						<String ID="P100_ST00088" HPOS="809" VPOS="944" WIDTH="65" HEIGHT="30" CONTENT="into" WC="0.61" CC="3750"/>
					</TextLine>
					<TextLine ID="P100_TL00015" HPOS="108" VPOS="1012" WIDTH="767" HEIGHT="41">
						<String ID="P100_ST00089" HPOS="108" VPOS="1013" WIDTH="54" HEIGHT="29" CONTENT="her" WC="0.59" CC="704"/>
						<SP ID="P100_SP00075" HPOS="162" VPOS="1042" WIDTH="34"/>
						<String ID="P100_ST00090" HPOS="196" VPOS="1013" WIDTH="138" HEIGHT="30" CONTENT="master's" WC="0.78" CC="00400506"/>
						<SP ID="P100_SP00076" HPOS="334" VPOS="1043" WIDTH="34"/>
						<String ID="P100_ST00091" HPOS="368" VPOS="1023" WIDTH="91" HEIGHT="20" CONTENT="room." WC="0.78" CC="40500"/>
						<SP ID="P100_SP00077" HPOS="459" VPOS="1043" WIDTH="64"/>
						<String ID="P100_ST00092" HPOS="523" VPOS="1012" WIDTH="102" HEIGHT="31" CONTENT="Weak" WC="1.00" CC="0000"/>
						<SP ID="P100_SP00078" HPOS="625" VPOS="1043" WIDTH="32"/>
						<String ID="P100_ST00093" HPOS="657" VPOS="1014" WIDTH="124" HEIGHT="39" CONTENT="enough" WC="0.47" CC="064757"/>
						<SP ID="P100_SP00079" HPOS="781" VPOS="1053" WIDTH="33"/>
						<String ID="P100_ST00094" HPOS="814" VPOS="1015" WIDTH="61" HEIGHT="29" CONTENT="and" WC="0.72" CC="062"/>
					</TextLine>
					<TextLine ID="P100_TL00016" HPOS="108" VPOS="1082" WIDTH="766" HEIGHT="41">
						<String ID="P100_ST00095" HPOS="108" VPOS="1093" WIDTH="131" HEIGHT="19" CONTENT="nervous" WC="0.61" CC="3400476"/>
						<SP ID="P100_SP00080" HPOS="239" VPOS="1112" WIDTH="24"/>
						<String ID="P100_ST00096" HPOS="263" VPOS="1083" WIDTH="123" HEIGHT="38" CONTENT="enough" WC="0.69" CC="013706"/>
						<SP ID="P100_SP00081" HPOS="386" VPOS="1121" WIDTH="28"/>
						<String ID="P100_ST00097" HPOS="414" VPOS="1083" WIDTH="39" HEIGHT="29" CONTENT="he" WC="0.63" CC="70"/>
						<SP ID="P100_SP00082" HPOS="453" VPOS="1121" WIDTH="25"/>
						<String ID="P100_ST00098" HPOS="478" VPOS="1082" WIDTH="119" HEIGHT="39" CONTENT="looked," WC="0.84" CC="0010053"/>
						<SP ID="P100_SP00083" HPOS="597" VPOS="1121" WIDTH="26"/>
						<String ID="P100_ST00099" HPOS="623" VPOS="1085" WIDTH="31" HEIGHT="28" CONTENT="to" WC="0.66" CC="51"/>
						<SP ID="P100_SP00084" HPOS="654" VPOS="1121" WIDTH="24"/>
						<String ID="P100_ST00100" HPOS="678" VPOS="1083" WIDTH="39" HEIGHT="31" CONTENT="be" WC="0.63" CC="70"/>
						<SP ID="P100_SP00085" HPOS="717" VPOS="1121" WIDTH="27"/>
						<String ID="P100_ST00101" HPOS="744" VPOS="1094" WIDTH="79" HEIGHT="29" CONTENT="sure," WC="0.52" CC="66703"/>
						<SP ID="P100_SP00086" HPOS="823" VPOS="1123" WIDTH="18"/>
						<String ID="P100_ST00102" HPOS="841" VPOS="1095" WIDTH="33" HEIGHT="20" CONTENT="as" WC="0.69" CC="06"/>
					</TextLine>
					<TextLine ID="P100_TL00017" HPOS="106" VPOS="1150" WIDTH="769" HEIGHT="43">
						<String ID="P100_ST00103" HPOS="106" VPOS="1151" WIDTH="38" HEIGHT="30" CONTENT="he" WC="0.63" CC="70"/>
						<SP ID="P100_SP00087" HPOS="144" VPOS="1181" WIDTH="21"/>
						<String ID="P100_ST00104" HPOS="165" VPOS="1161" WIDTH="67" HEIGHT="20" CONTENT="rose" WC="0.64" CC="4341"/>
						<SP ID="P100_SP00088" HPOS="232" VPOS="1181" WIDTH="15"/>
						<String ID="P100_ST00105" HPOS="247" VPOS="1150" WIDTH="77" HEIGHT="31" CONTENT="from" WC="0.83" CC="0600"/>
						<SP ID="P100_SP00089" HPOS="324" VPOS="1181" WIDTH="18"/>
						<String ID="P100_ST00106" HPOS="342" VPOS="1150" WIDTH="48" HEIGHT="31" CONTENT="his" WC="0.64" CC="603"/>
						<SP ID="P100_SP00090" HPOS="390" VPOS="1181" WIDTH="15"/>
						<String ID="P100_ST00107" HPOS="405" VPOS="1150" WIDTH="120" HEIGHT="31" CONTENT="fireside" WC="0.79" CC="00007540"/>
						<SP ID="P100_SP00091" HPOS="525" VPOS="1181" WIDTH="23"/>
						<String ID="P100_ST00108" HPOS="548" VPOS="1155" WIDTH="32" HEIGHT="27" CONTENT="to" WC="0.94" CC="10"/>
						<SP ID="P100_SP00092" HPOS="580" VPOS="1182" WIDTH="15"/>
						<String ID="P100_ST00109" HPOS="595" VPOS="1155" WIDTH="87" HEIGHT="36" CONTENT="greet" WC="0.76" CC="06005"/>
						<SP ID="P100_SP00093" HPOS="682" VPOS="1191" WIDTH="20"/>
						<String ID="P100_ST00110" HPOS="702" VPOS="1153" WIDTH="53" HEIGHT="30" CONTENT="the" WC="0.63" CC="370"/>
						<SP ID="P100_SP00094" HPOS="755" VPOS="1191" WIDTH="15"/>
						<String ID="P100_ST00111" HPOS="770" VPOS="1154" WIDTH="105" HEIGHT="39" CONTENT="parish" WC="0.55" CC="805076"/>
					</TextLine>
					<TextLine ID="P100_TL00018" HPOS="106" VPOS="1220" WIDTH="768" HEIGHT="43">
						<String ID="P100_ST00112" HPOS="106" VPOS="1220" WIDTH="104" HEIGHT="39" CONTENT="priest," WC="0.58" CC="9650600"/>
						<SP ID="P100_SP00095" HPOS="210" VPOS="1259" WIDTH="17"/>
						<String ID="P100_ST00113" HPOS="227" VPOS="1221" WIDTH="60" HEIGHT="29" CONTENT="and" WC="0.45" CC="079"/>
						<SP ID="P100_SP00096" HPOS="287" VPOS="1259" WIDTH="16"/>
						<String ID="P100_ST00114" HPOS="303" VPOS="1220" WIDTH="73" HEIGHT="30" CONTENT="offer" WC="0.91" CC="00004"/>
						<SP ID="P100_SP00097" HPOS="376" VPOS="1259" WIDTH="14"/>
						<String ID="P100_ST00115" HPOS="390" VPOS="1221" WIDTH="64" HEIGHT="29" CONTENT="him" WC="0.76" CC="700"/>
						<SP ID="P100_SP00098" HPOS="454" VPOS="1259" WIDTH="17"/>
						<String ID="P100_ST00116" HPOS="471" VPOS="1221" WIDTH="53" HEIGHT="30" CONTENT="the" WC="0.75" CC="070"/>
						<SP ID="P100_SP00099" HPOS="524" VPOS="1259" WIDTH="16"/>
						<String ID="P100_ST00117" HPOS="540" VPOS="1224" WIDTH="64" HEIGHT="28" CONTENT="seat" WC="0.72" CC="6004"/>
						<SP ID="P100_SP00100" HPOS="604" VPOS="1259" WIDTH="15"/>
						<String ID="P100_ST00118" HPOS="619" VPOS="1221" WIDTH="33" HEIGHT="31" CONTENT="in" WC="0.33" CC="57"/>
						<SP ID="P100_SP00101" HPOS="652" VPOS="1259" WIDTH="15"/>
						<String ID="P100_ST00119" HPOS="667" VPOS="1222" WIDTH="52" HEIGHT="31" CONTENT="the" WC="0.90" CC="030"/>
						<SP ID="P100_SP00102" HPOS="719" VPOS="1259" WIDTH="17"/>
						<String ID="P100_ST00120" HPOS="736" VPOS="1223" WIDTH="138" HEIGHT="40" CONTENT="opposite" WC="0.73" CC="09007005"/>
					</TextLine>
					<TextLine ID="P100_TL00019" HPOS="105" VPOS="1300" WIDTH="113" HEIGHT="19">
						<String ID="P100_ST00121" HPOS="105" VPOS="1300" WIDTH="113" HEIGHT="19" CONTENT="corner." WC="0.83" CC="0064010"/>
					</TextLine>
				</TextBlock>
				<TextBlock ID="P100_TB00005" HPOS="104" VPOS="1358" WIDTH="768" HEIGHT="105" STYLEREFS="TXT_0 PAR_LEFT">
					<TextLine ID="P100_TL00020" HPOS="151" VPOS="1359" WIDTH="721" HEIGHT="41">
						<String ID="P100_ST00122" HPOS="151" VPOS="1359" WIDTH="88" HEIGHT="38" CONTENT='"No,' WC="0.73" CC="4060"/>
						<SP ID="P100_SP00103" HPOS="239" VPOS="1397" WIDTH="29"/>
						<String ID="P100_ST00123" HPOS="268" VPOS="1359" WIDTH="97" HEIGHT="30" CONTENT="thank" WC="0.71" CC="07070"/>
						<SP ID="P100_SP00104" HPOS="365" VPOS="1397" WIDTH="28"/>
						<String ID="P100_ST00124" HPOS="393" VPOS="1359" WIDTH="93" HEIGHT="41" CONTENT='you,"' WC="0.79" CC="00720"/>
						<SP ID="P100_SP00105" HPOS="486" VPOS="1400" WIDTH="28"/>
						<String ID="P100_ST00125" HPOS="514" VPOS="1359" WIDTH="66" HEIGHT="31" CONTENT="said" WC="0.71" CC="7012"/>
						<SP ID="P100_SP00106" HPOS="580" VPOS="1400" WIDTH="28"/>
						<String ID="P100_ST00126" HPOS="608" VPOS="1361" WIDTH="53" HEIGHT="31" CONTENT="the" WC="0.53" CC="670"/>
						<SP ID="P100_SP00107" HPOS="661" VPOS="1400" WIDTH="25"/>
						<String ID="P100_ST00127" HPOS="686" VPOS="1362" WIDTH="90" HEIGHT="31" CONTENT="Cure." WC="0.58" CC="67600"/>
						<SP ID="P100_SP00108" HPOS="776" VPOS="1400" WIDTH="50"/>
						<String ID="P100_ST00128" HPOS="826" VPOS="1364" WIDTH="46" HEIGHT="30" CONTENT='"I' WC="0.78" CC="40"/>
					</TextLine>
					<TextLine ID="P100_TL00021" HPOS="106" VPOS="1427" WIDTH="766" HEIGHT="36">
						<String ID="P100_ST00129" HPOS="106" VPOS="1428" WIDTH="108" HEIGHT="30" CONTENT="should" WC="0.41" CC="975705"/>
						<SP ID="P100_SP00109" HPOS="214" VPOS="1458" WIDTH="24"/>
						<String ID="P100_ST00130" HPOS="238" VPOS="1427" WIDTH="78" HEIGHT="31" CONTENT="faint" WC="0.59" CC="00676"/>
						<SP ID="P100_SP00110" HPOS="316" VPOS="1458" WIDTH="19"/>
						<String ID="P100_ST00131" HPOS="335" VPOS="1428" WIDTH="78" HEIGHT="30" CONTENT="from" WC="0.77" CC="3310"/>
						<SP ID="P100_SP00111" HPOS="413" VPOS="1458" WIDTH="22"/>
						<String ID="P100_ST00132" HPOS="435" VPOS="1429" WIDTH="52" HEIGHT="29" CONTENT="the" WC="0.75" CC="070"/>
						<SP ID="P100_SP00112" HPOS="487" VPOS="1458" WIDTH="23"/>
						<String ID="P100_ST00133" HPOS="510" VPOS="1429" WIDTH="80" HEIGHT="30" CONTENT="heat." WC="0.83" CC="60010"/>
						<SP ID="P100_SP00113" HPOS="590" VPOS="1459" WIDTH="46"/>
						<String ID="P100_ST00134" HPOS="636" VPOS="1431" WIDTH="89" HEIGHT="30" CONTENT="Your" WC="0.46" CC="7076"/>
						<SP ID="P100_SP00114" HPOS="725" VPOS="1461" WIDTH="20"/>
						<String ID="P100_ST00135" HPOS="745" VPOS="1443" WIDTH="85" HEIGHT="20" CONTENT="room" WC="0.81" CC="5100"/>
						<SP ID="P100_SP00115" HPOS="830" VPOS="1463" WIDTH="16"/>
						<String ID="P100_ST00136" HPOS="846" VPOS="1433" WIDTH="26" HEIGHT="30" CONTENT="is" WC="0.66" CC="06"/>
					</TextLine>
				</TextBlock>
			</PrintSpace>
		</Page>
	</Layout>
</alto>
